arm,model,language,skills,job,benchmark,route,status,correct,tokens,speedup,compiler
llr8w2-qwen38-c,qwen38,c,0,610669,ext_war_unit,score,incorrect,0,400501,0.0,gcc
llr8w2-qwen38-c,qwen38,c,0,610669,tsvc_2_s1244,score,incorrect,0,469654,0.0,gcc
llr8w2-qwen38-c,qwen38,c,0,610669,argmax_with_index,score,ok,1,862106,21.0261934202733,gcc
llr8w2-qwen38-c,qwen38,c,0,610669,ext_war_unit,score,ok,1,846831,5.25862190146739,gcc
llr8w2-qwen38-c,qwen38,c,0,610669,ext_war_unit,submit,ok,1,898751,5.164480882647999,gcc
llr8w2-qwen38-c,qwen38,c,0,610669,argmax_with_index,submit,ok,1,921153,20.591957343908284,gcc
llr8w2-qwen38-c,qwen38,c,0,610669,tsvc_2_s2275,score,ok,1,2769113,124.81991903839253,gcc
llr8w2-qwen38-c,qwen38,c,0,610669,tsvc_2_s2275,submit,ok,1,2858485,119.83420235354079,gcc
llr8w2-qwen38-c,qwen38,c,0,610669,tsvc_2_s1244,score,ok,1,1354167,1.3449578853321202,gcc
llr8w2-qwen38-c,qwen38,c,0,610669,ext_war_unit,score,ok,1,1364086,0.3385416666666667,gcc
llr8w2-qwen38-c,qwen38,c,0,610669,tsvc_2_s1244,submit,ok,1,1428097,1.1156683466653166,gcc
llr8w2-qwen38-c,qwen38,c,0,610669,tsvc_2_s252,score,ok,1,1001013,4.488357941727959,gcc
llr8w2-qwen38-c,qwen38,c,0,610669,tsvc_2_s252,submit,ok,1,1045187,4.1906155936008345,gcc
llr8w2-qwen38-c,qwen38,c,0,610669,tsvc_2_s311,score,ok,1,276098,13.181292092924975,gcc
llr8w2-qwen38-c,qwen38,c,0,610669,tsvc_2_s311,submit,ok,1,306590,12.274002099240244,gcc
llr8w2-qwen38-c,qwen38,c,0,610669,tsvc_2_s1244,score,ok,1,2120953,4.0228470346844905,gcc
llr8w2-qwen38-c,qwen38,c,0,610669,tsvc_2_s1244,submit,ok,1,2215594,4.7693114479560705,gcc
llr8w2-qwen38-c,qwen38,c,0,610669,tsvc_2_s311,score,ok,1,894645,20.830697271218796,gcc
llr8w2-qwen38-c,qwen38,c,0,610669,tsvc_2_s311,submit,ok,1,941684,20.388076578127013,gcc
llr8w2-qwen38-c,qwen38,c,0,610669,tsvc_2_s316,score,ok,1,697751,2.225613278407064,gcc
llr8w2-qwen38-c,qwen38,c,0,610669,tsvc_2_s316,submit,ok,1,748923,2.151521950570036,gcc
llr8w2-qwen38-c,qwen38,c,0,610669,tsvc_2_s316,score,ok,1,800929,1.396551724137931,gcc
llr8w2-qwen38-c,qwen38,c,0,610669,tsvc_2_s316,score,ok,1,853338,2.2191048240042925,gcc
llr8w2-qwen38-c,qwen38,c,0,610669,tsvc_2_s316,score,ok,1,853338,2.212738792021966,gcc
llr8w2-qwen38-c,qwen38,c,0,610669,ext_war_unit,score,incorrect,0,4345135,0.33505154639175255,gcc
llr8w2-qwen38-c,qwen38,c,0,610669,tsvc_2_s316,score,ok,1,1621142,14.171820350506144,gcc
llr8w2-qwen38-c,qwen38,c,0,610669,tsvc_2_s316,submit,ok,1,1695745,13.968959313169412,gcc
llr8w2-qwen38-c,qwen38,c,0,610669,tsvc_2_s4112,score,build_error,0,1906652,0.0,gcc
llr8w2-qwen38-c,qwen38,c,0,610669,tsvc_2_s4112,score,ok,1,2368063,8.58176050979143,gcc
llr8w2-qwen38-c,qwen38,c,0,610669,tsvc_2_s4112,submit,ok,1,2862303,8.493669602907282,gcc
llr8w2-qwen38-c,qwen38,c,0,610669,wavefront2d,score,ok,1,2950014,0.346735840899265,gcc
llr8w2-qwen38-c,qwen38,c,0,610669,tsvc_2_s4112,score,score_error,0,4758282,0.0,gcc
llr8w2-qwen38-c,qwen38,c,0,610669,tsvc_2_s4112,score,ok,1,4872622,18.31231031426904,gcc
llr8w2-qwen38-c,qwen38,c,0,610669,tsvc_2_s4112,submit,ok,1,4987364,17.044785022367712,gcc
llr8w2-qwen38-c,qwen38,c,0,610669,wavefront2d,score,ok,1,3413777,2.2032967032967035,gcc
llr8w2-qwen38-c,qwen38,c,0,610669,wavefront2d,score,ok,1,3413777,11.417156332350007,gcc
llr8w2-qwen38-c,qwen38,c,0,610669,wavefront2d,score,ok,1,3532646,11.256001471867787,gcc
llr8w2-qwen38-c,qwen38,c,0,610669,wavefront2d,score,ok,1,3532646,11.638542731330563,gcc
llr8w2-qwen38-c,qwen38,c,0,610669,tsvc_2_s4112,score,ok,1,6484023,27.509087050864185,gcc
llr8w2-qwen38-c,qwen38,c,0,610669,tsvc_2_s4112,submit,ok,1,6617482,26.93858141510903,gcc
llr8w2-qwen38-c,qwen38,c,0,610669,tsvc_2_s4112,score,ok,1,8069708,27.30646031264728,gcc
llr8w2-qwen38-c,qwen38,c,0,610669,tsvc_2_s4112,submit,ok,1,8193521,25.631135889277097,gcc
llr8w2-qwen38-c,qwen38,c,0,610669,fuse_diamond,score,incorrect,0,120803,0.0,gcc
llr8w2-qwen38-c,qwen38,c,0,610669,tsvc_2_s13110,score,incorrect,0,112827,0.0,gcc
llr8w2-qwen38-c,qwen38,c,0,610669,fuse_diamond,score,incorrect,0,170686,11.745502774146376,gcc
llr8w2-qwen38-c,qwen38,c,0,610669,tsvc_2_s115,score,ok,1,527719,1.0169788298518638,gcc
llr8w2-qwen38-c,qwen38,c,0,610669,tsvc_2_s13110,score,incorrect,0,873795,13.487252218702775,gcc
llr8w2-qwen38-c,qwen38,c,0,610669,tsvc_2_s115,score,ok,1,840753,4.3370071614416466,gcc
llr8w2-qwen38-c,qwen38,c,0,610669,tsvc_2_s115,submit,ok,1,895416,4.274846967032212,gcc
llr8w2-qwen38-c,qwen38,c,0,610669,fuse_diamond,score,incorrect,0,571283,11.845822315426314,gcc
llr8w2-qwen38-c,qwen38,c,0,610669,tsvc_2_s231,score,incorrect,0,2177636,0.0,gcc
llr8w2-qwen38-c,qwen38,c,0,610669,tsvc_2_s231,score,ok,1,3292021,82.11316557110179,gcc
llr8w2-qwen38-c,qwen38,c,0,610669,tsvc_2_s231,submit,ok,1,3400113,80.48701815359257,gcc
llr8w2-qwen38-c,qwen38,c,0,610669,fuse_diamond,score,ok,1,1628104,12.40976435392549,gcc
llr8w2-qwen38-c,qwen38,c,0,610669,fuse_diamond,submit,ok,1,1722166,11.334835011361045,gcc
llr8w2-qwen38-c,qwen38,c,0,610669,tsvc_2_s255,score,ok,1,642392,1.112584646350854,gcc
llr8w2-qwen38-c,qwen38,c,0,610669,tsvc_2_s231,score,ok,1,4088084,43.27861429687197,gcc
llr8w2-qwen38-c,qwen38,c,0,610669,tsvc_2_s3110,score,incorrect,0,167322,0.0,gcc
llr8w2-qwen38-c,qwen38,c,0,610669,tsvc_2_s231,score,ok,1,4326663,58.321318416754806,gcc
llr8w2-qwen38-c,qwen38,c,0,610669,tsvc_2_s3110,score,ok,1,261048,0.9897959183673469,gcc
llr8w2-qwen38-c,qwen38,c,0,610669,tsvc_2_s255,submit,ok,1,837126,1.1268250301319698,gcc
llr8w2-qwen38-c,qwen38,c,0,610669,tsvc_2_s255,score,ok,1,1057884,6.238257421831219,gcc
llr8w2-qwen38-c,qwen38,c,0,610669,tsvc_2_s255,submit,ok,1,1115339,6.177480771011445,gcc
llr8w2-qwen38-c,qwen38,c,0,610669,tsvc_2_s231,score,ok,1,5922573,87.42209793206862,gcc
llr8w2-qwen38-c,qwen38,c,0,610669,tsvc_2_s231,submit,ok,1,6065297,86.29297754814527,gcc
llr8w2-qwen38-c,qwen38,c,0,610669,tsvc_2_s231,score,ok,1,6353275,85.52693666916034,gcc
llr8w2-qwen38-c,qwen38,c,0,610669,tsvc_2_s255,score,ok,1,1727783,4.182952475627157,gcc
llr8w2-qwen38-c,qwen38,c,0,610669,tsvc_2_s231,score,ok,1,7579604,62.58538652308331,gcc
llr8w2-qwen38-c,qwen38,c,0,610669,tsvc_2_s231,score,ok,1,7903461,12.838747602717367,gcc
llr8w2-qwen38-c,qwen38,c,0,610669,fuse_diamond,score,ok,1,3157709,59.56307861368419,gcc
llr8w2-qwen38-c,qwen38,c,0,610669,tsvc_2_s255,score,ok,1,1901091,1.1269276713996252,gcc
llr8w2-qwen38-c,qwen38,c,0,610669,fuse_diamond,submit,ok,1,3278958,59.123924111384774,gcc
llr8w2-qwen38-c,qwen38,c,0,610669,tsvc_2_s3110,score,build_error,0,2509204,0.0,gcc
llr8w2-qwen38-c,qwen38,c,0,610669,fuse_diamond,score,ok,1,3941520,93.96484850112543,gcc
llr8w2-qwen38-c,qwen38,c,0,610669,fuse_diamond,submit,ok,1,4079683,87.15590732362674,gcc
llr8w2-qwen38-c,qwen38,c,0,610669,tsvc_2_s3110,score,ok,1,3092485,14.438167781382848,gcc
llr8w2-qwen38-c,qwen38,c,0,610669,tsvc_2_s255,score,ok,1,2526595,6.157194057040955,gcc
llr8w2-qwen38-c,qwen38,c,0,610669,tsvc_2_s3110,submit,ok,1,3192598,14.249735395364118,gcc
llr8w2-qwen38-c,qwen38,c,0,610669,tsvc_2_s231,score,ok,1,8167104,85.82854483270114,gcc
llr8w2-qwen38-c,qwen38,c,0,610669,tsvc_2_s231,score,ok,1,8278488,84.41925773889994,gcc
llr8w2-qwen38-c,qwen38,c,0,610669,tsvc_2_s231,score,ok,1,8336822,52.062852309100656,gcc
llr8w2-qwen38-c,qwen38,c,0,610669,tsvc_2_s231,score,ok,1,8428386,49.61360921263662,gcc
llr8w2-qwen38-c,qwen38,c,0,610669,tsvc_2_s255,submit,ok,1,2880499,6.177480771011445,gcc
llr8w2-qwen38-c,qwen38,c,0,610669,tsvc_2_s231,score,ok,1,8526670,43.53664816702876,gcc
llr8w2-qwen38-c,qwen38,c,0,610669,tsvc_2_vag,score,build_error,0,1995012,0.0,gcc
llr8w2-qwen38-c,qwen38,c,0,610669,tsvc_2_vag,score,ok,1,2141733,8.579054667525481,gcc
llr8w2-qwen38-c,qwen38,c,0,610669,tsvc_2_vag,submit,ok,1,2216113,8.838546648400426,gcc
llr8w2-qwen38-c,qwen38,c,0,610669,tsvc_2_vag,score,ok,1,2521739,25.892654383953243,gcc
llr8w2-qwen38-c,qwen38,c,0,610669,tsvc_2_vag,submit,ok,1,2599988,26.146321720651564,gcc
llr8w2-qwen38-c,qwen38,c,0,610669,tsvc_2_vag,score,ok,1,2841827,26.307235503780106,gcc
llr8w2-qwen38-c,qwen38,c,0,610669,tsvc_2_vag,score,ok,1,2923641,26.022210011283192,gcc
llr8w2-qwen38-c,qwen38,c,0,610669,tsvc_2_vag,score,ok,1,3005871,26.671156159619645,gcc
llr8w2-qwen38-c,qwen38,c,0,610669,tsvc_2_vag,score,ok,1,3088509,26.949593826789076,gcc
llr8w2-qwen38-c,qwen38,c,0,610669,tsvc_2_s231,score,ok,1,8795196,51.19501317674815,gcc
llr8w2-qwen38-c,qwen38,c,0,610669,tsvc_2_vag,score,ok,1,3341008,26.990346135242458,gcc
llr8w2-qwen38-c,qwen38,c,0,610669,tsvc_2_vag,score,ok,1,3426587,26.998307019670808,gcc
llr8w2-qwen38-c,qwen38,c,0,610669,tsvc_2_vag,score,ok,1,3605481,23.48720131269197,gcc
llr8w2-qwen38-c,qwen38,c,0,610669,tsvc_2_vag,score,ok,1,4185372,27.02549240371573,gcc
llr8w2-qwen38-c,qwen38,c,0,610669,tsvc_2_vag,score,ok,1,4285832,22.62143116531392,gcc
llr8w2-qwen38-c,qwen38,c,0,610669,tsvc_2_vag,score,ok,1,4711588,26.94659389494763,gcc
llr8w2-qwen38-c,qwen38,c,0,610669,tsvc_2_s255,submit,ok,1,3424847,6.23925557872156,gcc
llr8w2-qwen38-c,qwen38,c,0,610669,tsvc_2_vag,score,ok,1,4947042,25.252485605403056,gcc
llr8w2-qwen38-c,qwen38,c,0,610669,tsvc_2_vag,score,ok,1,5066677,26.97641996242828,gcc
llr8w2-qwen38-c,qwen38,c,0,610669,tsvc_2_s255,score,ok,1,3885412,3.238620900913005,gcc
llr8w2-qwen38-c,qwen38,c,0,610669,tsvc_2_s255,submit,ok,1,4361745,6.055759995109739,gcc
llr8w2-qwen38-c,qwen38,c,0,610669,tsvc_2_vag,score,ok,1,6106749,26.9508097328089,gcc
llr8w2-qwen38-c,qwen38,c,0,610669,tsvc_2_vag,submit,ok,1,6244441,26.146321720651564,gcc
llr8w2-qwen38-c,qwen38,c,0,610669,tsvc_2_vag,score,ok,1,6524277,27.029920392159926,gcc
llr8w2-qwen38-c,qwen38,c,0,610669,tsvc_2_vag,score,ok,1,6666492,27.108747178060568,gcc
llr8w2-qwen38-c,qwen38,c,0,610669,tsvc_2_vag,score,ok,1,6956066,26.93545626213877,gcc
llr8w2-qwen38-c,qwen38,c,0,610669,tsvc_2_vag,score,ok,1,7103321,11.946863397350628,gcc
llr8w2-qwen38-c,qwen38,c,0,610669,tsvc_2_vag,score,ok,1,7400663,26.959323272676738,gcc
llr8w2-qwen38-c,qwen38,c,0,610669,tsvc_2_vag,score,ok,1,7550857,27.017784497257214,gcc
llr8w2-qwen38-c,qwen38,c,0,610669,tsvc_2_vag,score,ok,1,7705882,26.739973756859726,gcc
llr8w2-qwen38-c,qwen38,c,0,610669,tsvc_2_vag,score,ok,1,7861515,27.0822845114758,gcc
llr8w2-qwen38-c,qwen38,c,0,610669,tsvc_2_vag,submit,ok,1,8334478,27.480046901552722,gcc
llr8w2-qwen38-c,qwen38,c,0,610669,wf_diff_skew,score,incorrect,0,6143637,0.0,gcc
llr8w2-qwen38-c,qwen38,c,0,610669,tsvc_2_vag,score,ok,1,8987366,29.718472530392535,gcc
llr8w2-qwen38-c,qwen38,c,0,610669,wf_diff_skew,score,ok,1,6210264,4.11017940538498,gcc
llr8w2-qwen38-c,qwen38,c,0,610669,wf_diff_skew,submit,ok,1,6228061,4.1906155936008345,gcc
llr8w2-qwen38-c,qwen38,c,0,610669,tsvc_2_vag,score,ok,1,9247738,30.512740588406924,gcc
llr8w2-qwen38-c,qwen38,c,0,610669,tsvc_2_vag,score,ok,1,9265756,30.621580009099898,gcc
llr8w2-qwen38-c,qwen38,c,0,610669,wf_diff_skew,score,ok,1,6246278,4.4328288882551945,gcc
llr8w2-qwen38-c,qwen38,c,0,610669,tsvc_2_vag,score,ok,1,9336668,30.62070280057004,gcc
llr8w2-qwen38-c,qwen38,c,0,610669,tsvc_2_vag,submit,ok,1,9462757,30.054522588903716,gcc
llr8w2-qwen38-c,qwen38,c,0,610669,wf_diff_skew,score,ok,1,6903153,4.304110188371735,gcc
llr8w2-qwen38-c,qwen38,c,0,610669,wf_diff_skew,score,timeout,0,7007555,0.0,gcc
llr8w2-qwen38-c,qwen38,c,0,610669,wf_diff_skew,score,ok,1,7256792,5.84509212909281,gcc
llr8w2-qwen38-c,qwen38,c,0,610669,wf_diff_skew,submit,ok,1,7324734,5.164480882647999,gcc
llr8w2-qwen38-c,qwen38,c,0,610669,tsvc_2_s152,score,incorrect,0,93477,0.0,gcc
llr8w2-qwen38-c,qwen38,c,0,610669,tsvc_2_s152,score,ok,1,143067,0.6679363623413829,gcc
llr8w2-qwen38-c,qwen38,c,0,610669,tsvc_2_s152,score,ok,1,181543,6.072461273946329,gcc
llr8w2-qwen38-c,qwen38,c,0,610669,tsvc_2_s152,submit,ok,1,201988,4.865174608059988,gcc
llr8w2-qwen38-c,qwen38,c,0,610669,tsvc_2_s152,score,ok,1,424235,4.095901767138543,gcc
llr8w2-qwen38-c,qwen38,c,0,610669,tsvc_2_s152,score,ok,1,458681,4.135843068307752,gcc
llr8w2-qwen38-c,qwen38,c,0,610669,tsvc_2_s152,score,ok,1,493509,6.083319781754611,gcc
llr8w2-qwen38-c,qwen38,c,0,610669,fuse_move_ifs,score,incorrect,0,1398774,0.7920792079207921,gcc
llr8w2-qwen38-c,qwen38,c,0,610669,tsvc_2_s152,score,ok,1,529203,4.1410920270874945,gcc
llr8w2-qwen38-c,qwen38,c,0,610669,tsvc_2_s152,score,ok,1,565868,5.913544853646285,gcc
llr8w2-qwen38-c,qwen38,c,0,610669,ext_break_find_first,score,incorrect,0,1276985,0.0,gcc
llr8w2-qwen38-c,qwen38,c,0,610669,ext_break_find_first,score,incorrect,0,1486868,0.0,gcc
llr8w2-qwen38-c,qwen38,c,0,610669,fuse_move_ifs,score,incorrect,0,2194872,0.7441860465116279,gcc
llr8w2-qwen38-c,qwen38,c,0,610669,tsvc_2_s319,score,ok,1,183559,8.158058032005712,gcc
llr8w2-qwen38-c,qwen38,c,0,610669,tsvc_2_s319,submit,ok,1,208519,8.081435189034718,gcc
llr8w2-qwen38-c,qwen38,c,0,610669,tsvc_2_s3111,score,ok,1,1707659,16.833961099876966,gcc
llr8w2-qwen38-c,qwen38,c,0,610669,tsvc_2_s3111,submit,ok,1,1775332,16.05695851625377,gcc
llr8w2-qwen38-c,qwen38,c,0,610669,tsvc_2_vpvts,score,ok,1,485967,0.9917501795432424,gcc
llr8w2-qwen38-c,qwen38,c,0,610669,tsvc_2_s2710,score,ok,1,2252958,39.840030987753806,gcc
llr8w2-qwen38-c,qwen38,c,0,610669,tsvc_2_vpvts,score,ok,1,641852,5.323836588056458,gcc
llr8w2-qwen38-c,qwen38,c,0,610669,tsvc_2_s2710,submit,ok,1,2351085,40.1078769032695,gcc
llr8w2-qwen38-c,qwen38,c,0,610669,fuse_move_ifs,score,incorrect,0,4489843,1.8823529411764706,gcc
llr8w2-qwen38-c,qwen38,c,0,610669,tsvc_2_vpvts,score,ok,1,1369969,5.270565597376914,gcc
llr8w2-qwen38-c,qwen38,c,0,610669,wf_north_west,score,incorrect,0,208277,0.0,gcc
llr8w2-qwen38-c,qwen38,c,0,610669,wf_north_west,score,ok,1,270516,0.5029940119760479,gcc
llr8w2-qwen38-c,qwen38,c,0,610669,tsvc_2_vpvts,score,ok,1,2071424,5.265384126110913,gcc
llr8w2-qwen38-c,qwen38,c,0,610669,fuse_move_ifs,score,incorrect,0,5383742,0.3909952606635071,gcc
llr8w2-qwen38-c,qwen38,c,0,610669,tsvc_2_vpvts,score,ok,1,2411992,5.26566942314563,gcc
llr8w2-qwen38-c,qwen38,c,0,610669,tsvc_2_vpvts,submit,ok,1,2501956,5.268286948389225,gcc
llr8w2-qwen38-c,qwen38,c,0,610669,tsvc_2_vpvts,score,ok,1,2780232,5.307854127174181,gcc
llr8w2-qwen38-c,qwen38,c,0,610669,tsvc_2_vpvts,score,ok,1,3276430,5.259501540133567,gcc
llr8w2-qwen38-c,qwen38,c,0,610669,tsvc_2_vpvts,submit,ok,1,3482486,5.216125691474479,gcc
llr8w2-qwen38-c,qwen38,c,0,610669,wf_north_west,score,incorrect,0,1479183,0.5120127081047827,gcc
llr8w2-qwen38-c,qwen38,c,0,610669,tsvc_2_vpvts,submit,ok,1,3589365,5.216125691474479,gcc
llr8w2-qwen38-c,qwen38,c,0,610669,tsvc_2_vpvts,submit,ok,1,4748577,5.320969817873117,gcc
llr8w2-qwen38-c,qwen38,c,0,610669,tsvc_2_vpvts,submit,ok,1,4874229,5.164480882647999,gcc
llr8w2-qwen38-c,qwen38,c,0,610669,tsvc_2_vpvts,submit,ok,1,5000835,4.962964617681994,gcc
llr8w2-qwen38-c,qwen38,c,0,610669,tsvc_2_s3111,score,ok,1,8341108,21.66705300909473,gcc
llr8w2-qwen38-c,qwen38,c,0,610669,tsvc_2_s3111,submit,ok,1,8400828,21.64235411967811,gcc
llr8w2-qwen38-c,qwen38,c,0,610669,tsvc_2_vpvts,score,ok,1,5127896,5.262519008141294,gcc
llr8w2-qwen38-c,qwen38,c,0,610669,tsvc_2_vpvts,submit,ok,1,5256616,5.374179516051848,gcc
llr8w2-qwen38-c,qwen38,c,0,610669,tsvc_2_vpvts,submit,ok,1,5386335,5.320969817873117,gcc
llr8w2-qwen38-c,qwen38,c,0,610669,tsvc_2_vpvts,submit,ok,1,5516550,5.216125691474479,gcc
llr8w2-qwen38-c,qwen38,c,0,610669,tsvc_2_vpvts,submit,ok,1,5647413,5.268286948389225,gcc
llr8w2-qwen38-c,qwen38,c,0,610669,tsvc_2_vpvts,submit,ok,1,5778967,5.012594263858814,gcc
llr8w2-qwen38-c,qwen38,c,0,610669,tsvc_2_vpvts,submit,ok,1,6180828,5.268286948389225,gcc
llr8w2-qwen38-c,qwen38,c,0,610669,tsvc_2_vpvts,submit,ok,1,6453346,5.268286948389225,gcc
llr8w2-qwen38-c,qwen38,c,0,610669,tsvc_2_vpvts,submit,ok,1,6591434,5.216125691474479,gcc
llr8w2-qwen38-c,qwen38,c,0,610669,tsvc_2_vpvts,submit,ok,1,6869411,5.320969817873117,gcc
llr8w2-qwen38-c,qwen38,c,0,610669,tsvc_2_vpvts,submit,ok,1,7009382,5.216125691474479,gcc
llr8w2-qwen38-c,qwen38,c,0,610669,tsvc_2_vpvts,submit,ok,1,7149877,5.268286948389225,gcc
llr8w2-qwen38-c,qwen38,c,0,610669,tsvc_2_vpvts,submit,ok,1,7291059,5.012594263858814,gcc
llr8w2-qwen38-c,qwen38,c,0,610669,tsvc_2_vpvts,submit,ok,1,7433181,5.268286948389225,gcc
llr8w2-qwen38-c,qwen38,c,0,610669,tsvc_2_vpvts,submit,ok,1,7718548,5.374179516051848,gcc
llr8w2-qwen38-c,qwen38,c,0,610669,tsvc_2_vpvts,submit,ok,1,7861762,5.268286948389225,gcc
llr8w2-qwen38-c,qwen38,c,0,610669,tsvc_2_vpvts,submit,ok,1,8005431,5.164480882647999,gcc
llr8w2-qwen38-c,qwen38,c,0,610669,tsvc_2_vpvts,submit,ok,1,8149653,5.216125691474479,gcc
llr8w2-qwen38-c,qwen38,c,0,610669,tsvc_2_vpvts,submit,ok,1,8294375,5.216125691474479,gcc
llr8w2-qwen38-c,qwen38,c,0,610669,tsvc_2_vpvts,submit,ok,1,8439608,5.012594263858814,gcc
llr8w2-qwen38-c,qwen38,c,0,610669,tsvc_2_vpvts,submit,ok,1,8731164,5.268286948389225,gcc
llr8w2-qwen38-c,qwen38,c,0,610669,tsvc_2_vpvts,submit,ok,1,8877833,4.962964617681994,gcc
llr8w2-qwen38-c,qwen38,c,0,610669,tsvc_2_vpvts,submit,ok,1,9025477,4.962964617681994,gcc
llr8w2-qwen38-c,qwen38,c,0,610669,tsvc_2_vpvts,submit,ok,1,9173596,5.268286948389225,gcc
llr8w2-qwen38-c,qwen38,c,0,610669,tsvc_2_s2233,score,incorrect,0,276017,0.0,gcc
llr8w2-qwen38-c,qwen38,c,0,610669,tsvc_2_s2233,submit,timeout,0,379375,0.0,gcc
llr8w2-qwen38-c,qwen38,c,0,610669,tsvc_2_s1232,score,ok,1,2272490,171.80392942785892,gcc
llr8w2-qwen38-c,qwen38,c,0,610669,tsvc_2_s1232,submit,ok,1,2348450,166.4125686901623,gcc
llr8w2-qwen38-c,qwen38,c,0,610669,tsvc_2_s2233,score,ok,1,752577,25.768455499689242,gcc
llr8w2-qwen38-c,qwen38,c,0,610669,tsvc_2_s2233,submit,timeout,0,807758,0.0,gcc
llr8w2-qwen38-c,qwen38,c,0,610669,tsvc_2_s2233,score,ok,1,863508,19.620473942486495,gcc
llr8w2-qwen38-c,qwen38,c,0,610669,tsvc_2_s2233,submit,timeout,0,1120582,0.0,gcc
llr8w2-qwen38-c,qwen38,c,0,610669,tsvc_2_s2233,submit,timeout,0,1341323,0.0,gcc
llr8w2-qwen38-c,qwen38,c,0,610669,tsvc_2_vtvtv,score,ok,1,1452445,5.151508615302606,gcc
llr8w2-qwen38-c,qwen38,c,0,610669,tsvc_2_s323,score,ok,1,1954142,1.0005507806522704,gcc
llr8w2-qwen38-c,qwen38,c,0,610669,tsvc_2_vtvtv,submit,ok,1,1512022,5.113347408562376,gcc
llr8w2-qwen38-c,qwen38,c,0,610669,tsvc_2_vtvtv,score,ok,1,2648251,5.153274335885381,gcc
llr8w2-qwen38-c,qwen38,c,0,610669,tsvc_2_vtvtv,score,ok,1,2952475,3.5058050260926956,gcc
llr8w2-qwen38-c,qwen38,c,0,610669,tsvc_2_vtvtv,score,ok,1,3066422,3.4673693211028542,gcc
llr8w2-qwen38-c,qwen38,c,0,610669,tsvc_2_vtvtv,score,ok,1,3818151,4.990261543464967,gcc
llr8w2-qwen38-c,qwen38,c,0,610669,tsvc_2_vtvtv,score,ok,1,4219238,5.158234082987775,gcc
llr8w2-qwen38-c,qwen38,c,0,610669,tsvc_2_vtvtv,submit,ok,1,4358619,5.062720206497402,gcc
llr8w2-qwen38-c,qwen38,c,0,610669,tsvc_2_vtvtv,score,ok,1,5541473,5.090210499861689,gcc
llr8w2-qwen38-c,qwen38,c,0,610669,tsvc_2_vtvtv,submit,ok,1,5706031,5.113347408562376,gcc
llr8w2-qwen38-c-skills,qwen38,c,1,610671,quasi_affine_reduce_odd,score,incorrect,0,202707,0.0,gcc
llr8w2-qwen38-c-skills,qwen38,c,1,610671,quasi_affine_reduce_odd,score,ok,1,254141,8.744742158958537,gcc
llr8w2-qwen38-c-skills,qwen38,c,1,610671,quasi_affine_reduce_odd,submit,ok,1,280642,10.572205262223004,gcc
llr8w2-qwen38-c-skills,qwen38,c,1,610671,tsvc_2_s2275,score,incorrect,0,316291,0.0,gcc
llr8w2-qwen38-c-skills,qwen38,c,1,610671,tsvc_2_s1244,score,ok,1,1558504,3.8611687297069697,gcc
llr8w2-qwen38-c-skills,qwen38,c,1,610671,tsvc_2_s1244,submit,ok,1,1630775,4.722090542530763,gcc
llr8w2-qwen38-c-skills,qwen38,c,1,610671,tsvc_2_s2275,score,ok,1,1903622,122.8716706532708,gcc
llr8w2-qwen38-c-skills,qwen38,c,1,610671,tsvc_2_s2275,submit,ok,1,1979097,121.03254437707619,gcc
llr8w2-qwen38-c-skills,qwen38,c,1,610671,tsvc_2_s2275,score,ok,1,3726113,82.12575542096295,gcc
llr8w2-qwen38-c-skills,qwen38,c,1,610671,tsvc_2_s2275,score,build_error,0,4271555,0.0,gcc
llr8w2-qwen38-c-skills,qwen38,c,1,610671,tsvc_2_s252,score,ok,1,1106391,4.34906347812187,gcc
llr8w2-qwen38-c-skills,qwen38,c,1,610671,tsvc_2_s252,submit,ok,1,1167426,4.067370208900927,gcc
llr8w2-qwen38-c-skills,qwen38,c,1,610671,tsvc_2_s252,score,ok,1,1229426,0.375,gcc
llr8w2-qwen38-c-skills,qwen38,c,1,610671,tsvc_2_s252,score,ok,1,1229426,2.823786192045049,gcc
llr8w2-qwen38-c-skills,qwen38,c,1,610671,tsvc_2_s2275,score,ok,1,4852680,34.10134772656113,gcc
llr8w2-qwen38-c-skills,qwen38,c,1,610671,tsvc_2_s316,score,ok,1,336782,13.053202158912345,gcc
llr8w2-qwen38-c-skills,qwen38,c,1,610671,tsvc_2_s2275,score,ok,1,5338197,15.945824673377288,gcc
llr8w2-qwen38-c-skills,qwen38,c,1,610671,tsvc_2_s2275,score,ok,1,5589741,124.86545158392931,gcc
llr8w2-qwen38-c-skills,qwen38,c,1,610671,tsvc_2_s2275,submit,ok,1,5717044,127.20642052948132,gcc
llr8w2-qwen38-c-skills,qwen38,c,1,610671,tsvc_2_s4112,score,incorrect,0,428605,0.0,gcc
llr8w2-qwen38-c-skills,qwen38,c,1,610671,tsvc_2_s252,score,ok,1,1562645,0.4126984126984127,gcc
llr8w2-qwen38-c-skills,qwen38,c,1,610671,tsvc_2_s2275,score,ok,1,6233168,83.00048414442483,gcc
llr8w2-qwen38-c-skills,qwen38,c,1,610671,tsvc_2_s311,score,ok,1,1280563,13.055303878584825,gcc
llr8w2-qwen38-c-skills,qwen38,c,1,610671,tsvc_2_s311,submit,ok,1,1334126,12.032155768297464,gcc
llr8w2-qwen38-c-skills,qwen38,c,1,610671,tsvc_2_s2275,submit,ok,1,6627251,127.20642052948132,gcc
llr8w2-qwen38-c-skills,qwen38,c,1,610671,tsvc_2_s316,score,ok,1,827677,14.160247384638994,gcc
llr8w2-qwen38-c-skills,qwen38,c,1,610671,tsvc_2_s316,score,ok,1,870160,14.208025455342916,gcc
llr8w2-qwen38-c-skills,qwen38,c,1,610671,tsvc_2_s4112,score,incorrect,0,943479,0.0,gcc
llr8w2-qwen38-c-skills,qwen38,c,1,610671,tsvc_2_s2275,score,ok,1,7723555,82.00914645467414,gcc
llr8w2-qwen38-c-skills,qwen38,c,1,610671,tsvc_2_s2275,submit,ok,1,8146134,127.20642052948132,gcc
llr8w2-qwen38-c-skills,qwen38,c,1,610671,tsvc_2_s311,score,ok,1,1944676,21.224642672016028,gcc
llr8w2-qwen38-c-skills,qwen38,c,1,610671,tsvc_2_s311,submit,ok,1,2012458,20.797876917347367,gcc
llr8w2-qwen38-c-skills,qwen38,c,1,610671,tsvc_2_s2275,submit,ok,1,9014049,121.03254437707619,gcc
llr8w2-qwen38-c-skills,qwen38,c,1,610671,tsvc_2_s252,score,ok,1,2762275,0.3436123348017621,gcc
llr8w2-qwen38-c-skills,qwen38,c,1,610671,tsvc_2_s316,submit,ok,1,1712848,13.968959313169412,gcc
llr8w2-qwen38-c-skills,qwen38,c,1,610671,tsvc_2_s252,score,ok,1,2972403,0.975,gcc
llr8w2-qwen38-c-skills,qwen38,c,1,610671,tsvc_2_s316,score,score_error,0,1777472,0.0,gcc
llr8w2-qwen38-c-skills,qwen38,c,1,610671,tsvc_2_s316,score,build_error,0,1973866,0.0,gcc
llr8w2-qwen38-c-skills,qwen38,c,1,610671,tsvc_2_s252,score,ok,1,3187861,0.34210526315789475,gcc
llr8w2-qwen38-c-skills,qwen38,c,1,610671,tsvc_2_s252,score,ok,1,3297582,0.8478260869565217,gcc
llr8w2-qwen38-c-skills,qwen38,c,1,610671,tsvc_2_s2275,submit,ok,1,9914212,127.20642052948132,gcc
llr8w2-qwen38-c-skills,qwen38,c,1,610671,tsvc_2_s252,score,ok,1,3639720,2.903750642601045,gcc
llr8w2-qwen38-c-skills,qwen38,c,1,610671,tsvc_2_s252,score,ok,1,3880376,2.83878474014985,gcc
llr8w2-qwen38-c-skills,qwen38,c,1,610671,tsvc_2_s252,score,ok,1,4126155,3.094127727096573,gcc
llr8w2-qwen38-c-skills,qwen38,c,1,610671,tsvc_2_s252,score,ok,1,4498175,3.162048426684156,gcc
llr8w2-qwen38-c-skills,qwen38,c,1,610671,tsvc_2_s252,score,ok,1,4622818,4.335637347425381,gcc
llr8w2-qwen38-c-skills,qwen38,c,1,610671,tsvc_2_s4112,score,ok,1,2290428,0.3701923076923077,gcc
llr8w2-qwen38-c-skills,qwen38,c,1,610671,tsvc_2_s252,score,incorrect,0,4874777,8.71776848182897,gcc
llr8w2-qwen38-c-skills,qwen38,c,1,610671,tsvc_2_s4112,score,ok,1,2623857,22.689279140268656,gcc
llr8w2-qwen38-c-skills,qwen38,c,1,610671,tsvc_2_s4112,submit,ok,1,2711930,22.746331687604833,gcc
llr8w2-qwen38-c-skills,qwen38,c,1,610671,tsvc_2_s4112,score,ok,1,4995387,23.29568693260177,gcc
llr8w2-qwen38-c-skills,qwen38,c,1,610671,wavefront2d,score,ok,1,1765591,4.120973057895147,gcc
llr8w2-qwen38-c-skills,qwen38,c,1,610671,wavefront2d,submit,ok,1,1850182,3.831646725310026,gcc
llr8w2-qwen38-c-skills,qwen38,c,1,610671,tsvc_2_s4112,score,ok,1,8708919,23.15716251272766,gcc
llr8w2-qwen38-c-skills,qwen38,c,1,610671,fuse_diamond,score,incorrect,0,203640,0.0,gcc
llr8w2-qwen38-c-skills,qwen38,c,1,610671,fuse_diamond,score,incorrect,0,314701,60.52933672665856,gcc
llr8w2-qwen38-c-skills,qwen38,c,1,610671,tsvc_2_s115,score,incorrect,0,188182,0.0,gcc
llr8w2-qwen38-c-skills,qwen38,c,1,610671,tsvc_2_s115,score,ok,1,306461,0.9447880602190113,gcc
llr8w2-qwen38-c-skills,qwen38,c,1,610671,fuse_diamond,score,ok,1,732289,60.01582149472738,gcc
llr8w2-qwen38-c-skills,qwen38,c,1,610671,fuse_diamond,submit,ok,1,773139,59.123924111384774,gcc
llr8w2-qwen38-c-skills,qwen38,c,1,610671,tsvc_2_s231,score,ok,1,1200223,17.54031654477883,gcc
llr8w2-qwen38-c-skills,qwen38,c,1,610671,tsvc_2_s231,submit,ok,1,1255454,18.64163035503454,gcc
llr8w2-qwen38-c-skills,qwen38,c,1,610671,fuse_diamond,score,ok,1,1754905,59.937759691271594,gcc
llr8w2-qwen38-c-skills,qwen38,c,1,610671,fuse_diamond,score,ok,1,1891760,12.81277474419264,gcc
llr8w2-qwen38-c-skills,qwen38,c,1,610671,ext_break_capture,score,ok,1,3018100,6.059675998885166,gcc
llr8w2-qwen38-c-skills,qwen38,c,1,610671,ext_break_capture,submit,ok,1,3118356,6.301648134508775,gcc
llr8w2-qwen38-c-skills,qwen38,c,1,610671,fuse_diamond,score,ok,1,3724771,60.43518254449379,gcc
llr8w2-qwen38-c-skills,qwen38,c,1,610671,fuse_diamond,submit,ok,1,3818309,59.71516335249862,gcc
llr8w2-qwen38-c-skills,qwen38,c,1,610671,ext_break_capture,score,ok,1,3663627,6.058322909806547,gcc
llr8w2-qwen38-c-skills,qwen38,c,1,610671,tsvc_2_s231,score,ok,1,4758431,81.7610416762621,gcc
llr8w2-qwen38-c-skills,qwen38,c,1,610671,tsvc_2_s231,submit,ok,1,4878501,80.48701815359257,gcc
llr8w2-qwen38-c-skills,qwen38,c,1,610671,tsvc_2_s115,score,ok,1,4006430,4.467243874469305,gcc
llr8w2-qwen38-c-skills,qwen38,c,1,610671,tsvc_2_s13110,score,incorrect,0,3069176,0.0,gcc
llr8w2-qwen38-c-skills,qwen38,c,1,610671,tsvc_2_s115,submit,overfit,0,4120433,4.583214558202664,gcc
llr8w2-qwen38-c-skills,qwen38,c,1,610671,tsvc_2_vag,score,incorrect,0,308062,127.96018945043602,gcc
llr8w2-qwen38-c-skills,qwen38,c,1,610671,tsvc_2_vag,score,ok,1,439213,22.79761985231222,gcc
llr8w2-qwen38-c-skills,qwen38,c,1,610671,tsvc_2_vag,submit,ok,1,476343,22.52112048277706,gcc
llr8w2-qwen38-c-skills,qwen38,c,1,610671,tsvc_2_s318,score,incorrect,0,444197,2209.3910047669606,gcc
llr8w2-qwen38-c-skills,qwen38,c,1,610671,tsvc_2_vag,score,ok,1,742316,24.788942304620253,gcc
llr8w2-qwen38-c-skills,qwen38,c,1,610671,tsvc_2_vag,submit,ok,1,794538,23.435568284070946,gcc
llr8w2-qwen38-c-skills,qwen38,c,1,610671,tsvc_2_s318,score,incorrect,0,587216,1990.5383094414237,gcc
llr8w2-qwen38-c-skills,qwen38,c,1,610671,tsvc_2_vag,score,ok,1,1020009,25.227828265654964,gcc
llr8w2-qwen38-c-skills,qwen38,c,1,610671,tsvc_2_vag,submit,ok,1,1078735,23.669923966911657,gcc
llr8w2-qwen38-c-skills,qwen38,c,1,610671,tsvc_2_vag,score,ok,1,1385530,24.71550824184209,gcc
llr8w2-qwen38-c-skills,qwen38,c,1,610671,tsvc_2_vag,score,incorrect,0,1516994,195.7897434862175,gcc
llr8w2-qwen38-c-skills,qwen38,c,1,610671,tsvc_2_vag,score,incorrect,0,1814647,25.42289597369759,gcc
llr8w2-qwen38-c-skills,qwen38,c,1,610671,tsvc_2_vag,score,ok,1,1893713,22.921934469610413,gcc
llr8w2-qwen38-c-skills,qwen38,c,1,610671,tsvc_2_vag,score,incorrect,0,1982108,7.694215172829943,gcc
llr8w2-qwen38-c-skills,qwen38,c,1,610671,tsvc_2_vag,score,build_error,0,2075012,0.0,gcc
llr8w2-qwen38-c-skills,qwen38,c,1,610671,tsvc_2_vag,score,ok,1,2611396,23.389952128823957,gcc
llr8w2-qwen38-c-skills,qwen38,c,1,610671,tsvc_2_vag,score,ok,1,3210892,25.197758586458036,gcc
llr8w2-qwen38-c-skills,qwen38,c,1,610671,tsvc_2_vag,score,ok,1,3340852,24.72642328961398,gcc
llr8w2-qwen38-c-skills,qwen38,c,1,610671,tsvc_2_vag,score,ok,1,3471811,25.229045396726384,gcc
llr8w2-qwen38-c-skills,qwen38,c,1,610671,tsvc_2_vag,score,ok,1,3604340,1.0093277585413274,gcc
llr8w2-qwen38-c-skills,qwen38,c,1,610671,tsvc_2_vag,submit,ok,1,3739041,23.435568284070946,gcc
llr8w2-qwen38-c-skills,qwen38,c,1,610671,tsvc_2_vag,score,score_error,0,4018687,0.0,gcc
llr8w2-qwen38-c-skills,qwen38,c,1,610671,tsvc_2_vag,score,ok,1,4307252,10.937778503751973,gcc
llr8w2-qwen38-c-skills,qwen38,c,1,610671,tsvc_2_vag,submit,ok,1,4598903,24.631017796363377,gcc
llr8w2-qwen38-c-skills,qwen38,c,1,610671,tsvc_2_vag,submit,ok,1,4746159,24.877327974327013,gcc
llr8w2-qwen38-c-skills,qwen38,c,1,610671,wf_diff_skew,score,ok,1,2075303,3.405793150540997,gcc
llr8w2-qwen38-c-skills,qwen38,c,1,610671,wf_diff_skew,submit,ok,1,2182334,3.4003919178661453,gcc
llr8w2-qwen38-c-skills,qwen38,c,1,610671,tsvc_2_vag,submit,ok,1,5203662,24.877327974327013,gcc
llr8w2-qwen38-c-skills,qwen38,c,1,610671,tsvc_2_vag,submit,ok,1,5359204,25.12610125407028,gcc
llr8w2-qwen38-c-skills,qwen38,c,1,610671,tsvc_2_vag,submit,ok,1,5516548,23.906623206580772,gcc
llr8w2-qwen38-c-skills,qwen38,c,1,610671,wf_diff_skew,score,ok,1,5047078,0.11517536576721747,gcc
llr8w2-qwen38-c-skills,qwen38,c,1,610671,wf_diff_skew,score,ok,1,5641703,3.3443837530013174,gcc
llr8w2-qwen38-c-skills,qwen38,c,1,610671,wf_diff_skew,score,ok,1,5793932,3.3920206669492123,gcc
llr8w2-qwen38-c-skills,qwen38,c,1,610671,wf_diff_skew,score,ok,1,7559109,4.1988840884648955,gcc
llr8w2-qwen38-c-skills,qwen38,c,1,610671,wf_diff_skew,score,ok,1,7586823,4.216213006809032,gcc
llr8w2-qwen38-c-skills,qwen38,c,1,610671,wf_diff_skew,submit,ok,1,7614961,4.492907124990357,gcc
llr8w2-qwen38-c-skills,qwen38,c,1,610671,wf_diff_skew,score,ok,1,7676903,3.911640087673177,gcc
llr8w2-qwen38-c-skills,qwen38,c,1,610671,wf_diff_skew,score,ok,1,7710684,4.114276872227319,gcc
llr8w2-qwen38-c-skills,qwen38,c,1,610671,wf_diff_skew,score,ok,1,7818265,4.277164360431565,gcc
llr8w2-qwen38-c-skills,qwen38,c,1,610671,wf_diff_skew,score,ok,1,7855977,4.285528532443973,gcc
llr8w2-qwen38-c-skills,qwen38,c,1,610671,wf_diff_skew,score,ok,1,7894088,4.130238066701572,gcc
llr8w2-qwen38-c-skills,qwen38,c,1,610671,wf_diff_skew,score,ok,1,7973549,4.194746049518096,gcc
llr8w2-qwen38-c-skills,qwen38,c,1,610671,wf_diff_skew,score,ok,1,8014346,4.284043807747745,gcc
llr8w2-qwen38-c-skills,qwen38,c,1,610671,wf_diff_skew,submit,ok,1,8140529,3.9086628244887573,gcc
llr8w2-qwen38-c-skills,qwen38,c,1,610671,wf_diff_skew,score,ok,1,8378231,4.263657423262212,gcc
llr8w2-qwen38-c-skills,qwen38,c,1,610671,wf_diff_skew,submit,ok,1,8651940,4.3175954367025335,gcc
llr8w2-qwen38-c-skills,qwen38,c,1,610671,wf_diff_skew,submit,ok,1,8710928,4.027099216733592,gcc
llr8w2-qwen38-c-skills,qwen38,c,1,610671,wf_diff_skew,score,ok,1,8770805,4.152851115812203,gcc
llr8w2-qwen38-c-skills,qwen38,c,1,610671,wf_diff_skew,score,ok,1,8960368,3.8847727175271167,gcc
llr8w2-qwen38-c-skills,qwen38,c,1,610671,wf_diff_skew,submit,ok,1,9025868,4.067370208900927,gcc
llr8w2-qwen38-c-skills,qwen38,c,1,610671,tsvc_2_s152,score,incorrect,0,190679,0.0,gcc
llr8w2-qwen38-c-skills,qwen38,c,1,610671,tsvc_2_s152,score,ok,1,238045,0.963855421686747,gcc
llr8w2-qwen38-c-skills,qwen38,c,1,610671,tsvc_2_s152,score,ok,1,345549,0.9411764705882353,gcc
llr8w2-qwen38-c-skills,qwen38,c,1,610671,tsvc_2_s152,score,ok,1,345549,0.5872163795005026,gcc
llr8w2-qwen38-c-skills,qwen38,c,1,610671,tsvc_2_s152,score,ok,1,407036,0.9671453155253238,gcc
llr8w2-qwen38-c-skills,qwen38,c,1,610671,ext_break_find_first,score,incorrect,0,252982,0.0,gcc
llr8w2-qwen38-c-skills,qwen38,c,1,610671,ext_break_find_first,score,ok,1,376076,3.863001057618001,gcc
llr8w2-qwen38-c-skills,qwen38,c,1,610671,ext_break_find_first,submit,ok,1,417891,3.947749452733645,gcc
llr8w2-qwen38-c-skills,qwen38,c,1,610671,tsvc_2_s233,score,incorrect,0,671799,0.0,gcc
llr8w2-qwen38-c-skills,qwen38,c,1,610671,tsvc_2_s233,score,ok,1,861054,44.99412435954845,gcc
llr8w2-qwen38-c-skills,qwen38,c,1,610671,tsvc_2_s233,submit,ok,1,909473,47.499936349502285,gcc
llr8w2-qwen38-c-skills,qwen38,c,1,610671,tsvc_2_s152,score,ok,1,1503780,4.679981286941641,gcc
llr8w2-qwen38-c-skills,qwen38,c,1,610671,tsvc_2_s152,score,ok,1,1574058,5.108962084357272,gcc
llr8w2-qwen38-c-skills,qwen38,c,1,610671,tsvc_2_s152,score,ok,1,1574058,4.4432621636673595,gcc
llr8w2-qwen38-c-skills,qwen38,c,1,610671,tsvc_2_s152,score,ok,1,1574058,0.3305785123966942,gcc
llr8w2-qwen38-c-skills,qwen38,c,1,610671,fuse_move_ifs,score,incorrect,0,2798229,472.0825222947827,gcc
llr8w2-qwen38-c-skills,qwen38,c,1,610671,tsvc_2_s152,score,ok,1,1792110,0.31620553359683795,gcc
llr8w2-qwen38-c-skills,qwen38,c,1,610671,tsvc_2_s152,score,ok,1,1792110,0.963855421686747,gcc
llr8w2-qwen38-c-skills,qwen38,c,1,610671,tsvc_2_s152,score,ok,1,1943955,0.048484848484848485,gcc
llr8w2-qwen38-c-skills,qwen38,c,1,610671,tsvc_2_s233,score,ok,1,1416666,35.24116831993285,gcc
llr8w2-qwen38-c-skills,qwen38,c,1,610671,tsvc_2_s152,score,ok,1,2104990,0.0477326968973747,gcc
llr8w2-qwen38-c-skills,qwen38,c,1,610671,tsvc_2_s152,score,ok,1,2460566,0.3053435114503817,gcc
llr8w2-qwen38-c-skills,qwen38,c,1,610671,tsvc_2_s152,score,ok,1,2460566,4.662026822841975,gcc
llr8w2-qwen38-c-skills,qwen38,c,1,610671,ext_break_find_first,score,ok,1,1750324,4.754245189298798,gcc
llr8w2-qwen38-c-skills,qwen38,c,1,610671,ext_break_find_first,submit,ok,1,1829280,4.962964617681994,gcc
llr8w2-qwen38-c-skills,qwen38,c,1,610671,tsvc_2_s152,score,ok,1,3258357,0.31620553359683795,gcc
llr8w2-qwen38-c-skills,qwen38,c,1,610671,tsvc_2_s152,score,ok,1,3931346,0.321285140562249,gcc
llr8w2-qwen38-c-skills,qwen38,c,1,610671,tsvc_2_s152,score,ok,1,4286663,4.835616610354507,gcc
llr8w2-qwen38-c-skills,qwen38,c,1,610671,tsvc_2_s152,submit,ok,1,4408499,4.865174608059988,gcc
llr8w2-qwen38-c-skills,qwen38,c,1,610671,fuse_move_ifs,score,ok,1,6132651,4.933388046615481,gcc
llr8w2-qwen38-c-skills,qwen38,c,1,610671,fuse_move_ifs,submit,ok,1,6263841,5.320969817873117,gcc
llr8w2-qwen38-c-skills,qwen38,c,1,610671,tsvc_2_s119,score,ok,1,2311259,2.5484870501144075,gcc
llr8w2-qwen38-c-skills,qwen38,c,1,610671,tsvc_2_s119,submit,ok,1,2440558,2.5228286933230053,gcc
llr8w2-qwen38-c-skills,qwen38,c,1,610671,tsvc_2_vpvts,score,ok,1,1321202,4.521155602990736,gcc
llr8w2-qwen38-c-skills,qwen38,c,1,610671,tsvc_2_vpvts,submit,ok,1,1380105,4.675337170822537,gcc
llr8w2-qwen38-c-skills,qwen38,c,1,610671,tsvc_2_s119,score,ok,1,3719312,2.5942789330300386,gcc
llr8w2-qwen38-c-skills,qwen38,c,1,610671,tsvc_2_s119,score,ok,1,3869224,2.6355646328325264,gcc
llr8w2-qwen38-c-skills,qwen38,c,1,610671,tsvc_2_s119,score,ok,1,3869224,0.06398537477148081,gcc
llr8w2-qwen38-c-skills,qwen38,c,1,610671,tsvc_2_s3111,score,ok,1,1737671,0.8773584905660378,gcc
llr8w2-qwen38-c-skills,qwen38,c,1,610671,tsvc_2_s3111,score,ok,1,1813610,21.411824830834043,gcc
llr8w2-qwen38-c-skills,qwen38,c,1,610671,tsvc_2_s3111,score,ok,1,1813610,21.550459564941253,gcc
llr8w2-qwen38-c-skills,qwen38,c,1,610671,fuse_move_ifs,score,ok,1,9766227,5.148359828551786,gcc
llr8w2-qwen38-c-skills,qwen38,c,1,610671,tsvc_2_s3111,score,ok,1,1890828,21.605577414610003,gcc
llr8w2-qwen38-c-skills,qwen38,c,1,610671,fuse_move_ifs,score,incorrect,0,9826400,0.0,gcc
llr8w2-qwen38-c-skills,qwen38,c,1,610671,tsvc_2_vpvts,score,ok,1,2355858,4.102499600611578,gcc
llr8w2-qwen38-c-skills,qwen38,c,1,610671,tsvc_2_vpvts,score,ok,1,2665386,3.0269980084081944,gcc
llr8w2-qwen38-c-skills,qwen38,c,1,610671,tsvc_2_s319,score,ok,1,3214436,8.050900107906797,gcc
llr8w2-qwen38-c-skills,qwen38,c,1,610671,tsvc_2_s319,submit,ok,1,3309096,8.243872036334317,gcc
llr8w2-qwen38-c-skills,qwen38,c,1,610671,tsvc_2_vpvts,score,ok,1,2988966,4.471863924559921,gcc
llr8w2-qwen38-c-skills,qwen38,c,1,610671,tsvc_2_s3111,score,ok,1,2329544,21.44735298148435,gcc
llr8w2-qwen38-c-skills,qwen38,c,1,610671,fuse_move_ifs,score,ok,1,10371266,5.067487587307557,gcc
llr8w2-qwen38-c-skills,qwen38,c,1,610671,tsvc_2_s3111,score,ok,1,2798333,21.33099785083685,gcc
llr8w2-qwen38-c-skills,qwen38,c,1,610671,tsvc_2_vpvts,score,ok,1,3420931,4.533179487975602,gcc
llr8w2-qwen38-c-skills,qwen38,c,1,610671,fuse_move_ifs,score,incorrect,0,10890061,501.47748427672957,gcc
llr8w2-qwen38-c-skills,qwen38,c,1,610671,fuse_move_ifs,score,incorrect,0,10954886,487.4473676639816,gcc
llr8w2-qwen38-c-skills,qwen38,c,1,610671,tsvc_2_s319,score,ok,1,5165527,12.29396398341014,gcc
llr8w2-qwen38-c-skills,qwen38,c,1,610671,tsvc_2_s319,submit,ok,1,5308092,12.274002099240244,gcc
llr8w2-qwen38-c-skills,qwen38,c,1,610671,tsvc_2_vpvts,score,ok,1,6787384,4.534340336904017,gcc
llr8w2-qwen38-c-skills,qwen38,c,1,610671,tsvc_2_vpvts,score,ok,1,6926434,0.997941075072991,gcc
llr8w2-qwen38-c-skills,qwen38,c,1,610671,tsvc_2_vpvts,score,ok,1,7208795,4.531751566535355,gcc
llr8w2-qwen38-c-skills,qwen38,c,1,610671,tsvc_2_vpvts,score,ok,1,7789791,4.5447743016533035,gcc
llr8w2-qwen38-c-skills,qwen38,c,1,610671,tsvc_2_vpvts,submit,ok,1,8234449,4.492907124990357,gcc
llr8w2-qwen38-c-skills,qwen38,c,1,610671,tsvc_2_vpvts,score,ok,1,9504632,0.04607494770862536,gcc
llr8w2-qwen38-c-skills,qwen38,c,1,610671,tsvc_2_s319,score,ok,1,6753915,11.011463653274213,gcc
llr8w2-qwen38-c-skills,qwen38,c,1,610671,tsvc_2_s319,score,ok,1,6948576,11.06096138704176,gcc
llr8w2-qwen38-c-skills,qwen38,c,1,610671,tsvc_2_vpvts,score,ok,1,9755159,4.482257553875124,gcc
llr8w2-qwen38-c-skills,qwen38,c,1,610671,tsvc_2_vpvts,score,ok,1,9755159,4.187351905282064,gcc
llr8w2-qwen38-c-skills,qwen38,c,1,610671,tsvc_2_vpvts,submit,ok,1,9778588,4.583214558202664,gcc
llr8w2-qwen38-c-skills,qwen38,c,1,610671,tsvc_2_s319,score,ok,1,7384297,11.062107083459527,gcc
llr8w2-qwen38-c-skills,qwen38,c,1,610671,tsvc_2_vpvts,submit,ok,1,9802746,4.448422896030057,gcc
llr8w2-qwen38-c-skills,qwen38,c,1,610671,tsvc_2_s319,submit,ok,1,7508737,11.00147919041236,gcc
llr8w2-qwen38-c-skills,qwen38,c,1,610671,tsvc_2_s319,score,ok,1,7652382,12.21490995847155,gcc
llr8w2-qwen38-c-skills,qwen38,c,1,610671,tsvc_2_s319,score,score_error,0,7807532,0.0,gcc
llr8w2-qwen38-c-skills,qwen38,c,1,610671,tsvc_2_s319,score,ok,1,7887354,11.072063304290015,gcc
llr8w2-qwen38-c-skills,qwen38,c,1,610671,fuse_stencil_through_transient,score,incorrect,0,186328,0.0,gcc
llr8w2-qwen38-c-skills,qwen38,c,1,610671,tsvc_2_s235,score,incorrect,0,154022,0.0,gcc
llr8w2-qwen38-c-skills,qwen38,c,1,610671,fuse_stencil_through_transient,score,incorrect,0,240871,23.243832417091557,gcc
llr8w2-qwen38-c-skills,qwen38,c,1,610671,tsvc_2_s235,score,incorrect,0,244555,39.93134715015573,gcc
llr8w2-qwen38-c-skills,qwen38,c,1,610671,tsvc_2_s1232,score,ok,1,582011,163.81462313588224,gcc
llr8w2-qwen38-c-skills,qwen38,c,1,610671,tsvc_2_s1232,submit,ok,1,627858,153.6792151955502,gcc
llr8w2-qwen38-c-skills,qwen38,c,1,610671,tsvc_2_s235,score,ok,1,1140271,32.89120348520292,gcc
llr8w2-qwen38-c-skills,qwen38,c,1,610671,tsvc_2_s235,submit,ok,1,1206573,32.544741319844995,gcc
llr8w2-qwen38-c-skills,qwen38,c,1,610671,fuse_stencil_through_transient,score,ok,1,1239828,23.44897959404609,gcc
llr8w2-qwen38-c-skills,qwen38,c,1,610671,fuse_stencil_through_transient,submit,ok,1,1298608,22.746331687604833,gcc
llr8w2-qwen38-c-skills,qwen38,c,1,610671,ext_break_post_body,score,ok,1,1276260,2.8674924346326316,gcc
llr8w2-qwen38-c-skills,qwen38,c,1,610671,ext_break_post_body,submit,ok,1,1348842,2.4978501914089164,gcc
llr8w2-qwen38-c-skills,qwen38,c,1,610671,tsvc_2_s2233,score,ok,1,1949723,21.65906747887338,gcc
llr8w2-qwen38-c-skills,qwen38,c,1,610671,tsvc_2_s2233,submit,timeout,0,2034269,0.0,gcc
llr8w2-qwen38-c-skills,qwen38,c,1,610671,tsvc_2_s3112,score,incorrect,0,266873,0.0,gcc
llr8w2-qwen38-c-skills,qwen38,c,1,610671,tsvc_2_s3112,score,ok,1,369405,0.9961901926102172,gcc
llr8w2-qwen38-c-skills,qwen38,c,1,610671,tsvc_2_s2233,submit,timeout,0,2475558,0.0,gcc
llr8w2-qwen38-c-skills,qwen38,c,1,610671,tsvc_2_s275,score,ok,1,380870,46.681300929480734,gcc
llr8w2-qwen38-c-skills,qwen38,c,1,610671,tsvc_2_s275,submit,ok,1,425595,43.43108345321098,gcc
llr8w2-qwen38-c-skills,qwen38,c,1,610671,tsvc_2_s2233,score,ok,1,2570421,16.704273222002513,gcc
llr8w2-qwen38-c-skills,qwen38,c,1,610671,tsvc_2_s2233,submit,timeout,0,2670946,0.0,gcc
llr8w2-qwen38-c-skills,qwen38,c,1,610671,tsvc_2_s3112,submit,ok,1,570667,1.0,gcc
llr8w2-qwen38-c-skills,qwen38,c,1,610671,tsvc_2_vtvtv,score,ok,1,1480205,4.805704872248287,gcc
llr8w2-qwen38-c-skills,qwen38,c,1,610671,tsvc_2_vtvtv,submit,ok,1,1543772,4.7693114479560705,gcc
llr8w2-qwen38-c-skills,qwen38,c,1,610671,tsvc_2_s2233,score,ok,1,3299560,29.01872334220271,gcc
llr8w2-qwen38-c-skills,qwen38,c,1,610671,tsvc_2_s2233,score,ok,1,3411923,29.050643640580176,gcc
llr8w2-qwen38-c-skills,qwen38,c,1,610671,tsvc_2_s2233,score,ok,1,3411923,3.12,gcc
llr8w2-qwen38-c-skills,qwen38,c,1,610671,tsvc_2_s323,score,ok,1,3118454,0.9990768200780443,gcc
llr8w2-qwen38-c-skills,qwen38,c,1,610671,tsvc_2_s323,submit,ok,1,3231830,1.0201,gcc
llr8w2-qwen38-c-skills,qwen38,c,1,610671,tsvc_2_vtvtv,score,ok,1,2182633,3.2409887595906373,gcc
llr8w2-qwen38-c-skills,qwen38,c,1,610671,tsvc_2_s3112,score,incorrect,0,939947,5.646913722083577,gcc
llr8w2-qwen38-c-skills,qwen38,c,1,610671,tsvc_2_vtvtv,score,ok,1,2261700,4.766702185044311,gcc
llr8w2-qwen38-c-skills,qwen38,c,1,610671,tsvc_2_vtvtv,score,build_error,0,2343088,0.0,gcc
llr8w2-qwen38-c-skills,qwen38,c,1,610671,tsvc_2_vtvtv,score,ok,1,2511058,1.0028902757902136,gcc
llr8w2-qwen38-c-skills,qwen38,c,1,610671,tsvc_2_vtvtv,score,build_error,0,2598214,0.0,gcc
llr8w2-qwen38-c-skills,qwen38,c,1,610671,tsvc_2_vtvtv,score,ok,1,2776484,4.823545057564318,gcc
llr8w2-qwen38-c-skills,qwen38,c,1,610671,tsvc_2_vtvtv,submit,ok,1,2960576,4.722090542530763,gcc
llr8w2-qwen38-c-skills,qwen38,c,1,610671,tsvc_2_vtvtv,score,ok,1,3357716,4.819027064574065,gcc
llr8w2-qwen38-c-skills,qwen38,c,1,610671,tsvc_2_vtvtv,score,ok,1,3460307,4.8274807693448905,gcc
llr8w2-qwen38-c-skills,qwen38,c,1,610671,tsvc_2_vtvtv,score,ok,1,4000822,5.136367512371545,gcc
llr8w2-qwen38-c-skills,qwen38,c,1,610671,tsvc_2_vtvtv,submit,ok,1,4114486,4.7693114479560705,gcc
llr8w2-qwen38-c-skills,qwen38,c,1,610671,tsvc_2_vtvtv,score,ok,1,4346117,4.826821416518782,gcc
llr8w2-qwen38-c-skills,qwen38,c,1,610671,tsvc_2_vtvtv,submit,ok,1,4704786,4.722090542530763,gcc
llr8w2-qwen38-c-skills,qwen38,c,1,610671,tsvc_2_vtvtv,score,ok,1,4826573,5.014343190087199,gcc
llr8w2-qwen38-c-skills,qwen38,c,1,610671,tsvc_2_vtvtv,score,ok,1,5073038,3.663349050569081,gcc
llr8w2-qwen38-c-skills,qwen38,c,1,610671,tsvc_2_vtvtv,submit,ok,1,5197361,4.492907124990357,gcc
llr8w2-qwen38-c-skills,qwen38,c,1,610671,tsvc_2_vtvtv,submit,ok,1,5448651,4.492907124990357,gcc
llr8w2-qwen38-c-skills,qwen38,c,1,610671,tsvc_2_s3112,score,incorrect,0,1965306,6.532835021005253,gcc
llr8w2-qwen38-c-skills,qwen38,c,1,610671,tsvc_2_vtvtv,submit,ok,1,6696543,4.722090542530763,gcc
llr8w2-qwen38-c-skills,qwen38,c,1,610671,tsvc_2_vtvtv,submit,score_error,0,6990924,0.0,gcc
llr8w2-qwen38-c-skills,qwen38,c,1,610671,tsvc_2_vtvtv,submit,ok,1,7139103,4.722090542530763,gcc
llr8w2-qwen38-c-skills,qwen38,c,1,610671,tsvc_2_vtvtv,submit,ok,1,7587777,4.404379104980254,gcc
llr8w2-qwen38-c-skills,qwen38,c,1,610671,tsvc_2_s323,score,ok,1,4754375,0.9988998282505122,gcc
llr8w2-qwen38-c-skills,qwen38,c,1,610671,tsvc_2_vtvtv,submit,ok,1,7891492,4.722090542530763,gcc
llr8w2-qwen38-c-skills,qwen38,c,1,610671,tsvc_2_vtvtv,submit,ok,1,8198424,4.583214558202664,gcc
llr8w2-qwen38-c-skills,qwen38,c,1,610671,wf_triangular,score,incorrect,0,4899104,0.5700321382071856,gcc
llr8w2-qwen38-fortran,qwen38,fortran,0,610670,tsvc_2_s1244,score,ok,1,1129419,3.548351575505822,gcc
llr8w2-qwen38-fortran,qwen38,fortran,0,610670,tsvc_2_s1244,submit,ok,1,1181525,3.869963192563126,gcc
llr8w2-qwen38-fortran,qwen38,fortran,0,610670,ext_war_unit,score,ok,1,1429357,0.9913555805880564,gcc
llr8w2-qwen38-fortran,qwen38,fortran,0,610670,tsvc_2_s2275,score,incorrect,0,943184,0.0,gcc
llr8w2-qwen38-fortran,qwen38,fortran,0,610670,argmax_with_index,score,ok,1,2089915,9.021895507808223,gcc
llr8w2-qwen38-fortran,qwen38,fortran,0,610670,argmax_with_index,submit,ok,1,2165743,8.926932114884432,gcc
llr8w2-qwen38-fortran,qwen38,fortran,0,610670,tsvc_2_s252,score,ok,1,1819252,39.69978350185745,gcc
llr8w2-qwen38-fortran,qwen38,fortran,0,610670,tsvc_2_s252,score,ok,1,1880621,0.3811926605504587,gcc
llr8w2-qwen38-fortran,qwen38,fortran,0,610670,tsvc_2_s252,score,score_error,0,2959463,0.0,gcc
llr8w2-qwen38-fortran,qwen38,fortran,0,610670,tsvc_2_s252,score,ok,1,3121071,0.3581896551724138,gcc
llr8w2-qwen38-fortran,qwen38,fortran,0,610670,tsvc_2_s252,score,ok,1,3287035,0.3760180995475113,gcc
llr8w2-qwen38-fortran,qwen38,fortran,0,610670,tsvc_2_s252,score,ok,1,3458332,1.0792207792207793,gcc
llr8w2-qwen38-fortran,qwen38,fortran,0,610670,tsvc_2_s311,score,ok,1,2391591,17.42973944544008,gcc
llr8w2-qwen38-fortran,qwen38,fortran,0,610670,tsvc_2_s311,submit,ok,1,2476625,16.37970338243047,gcc
llr8w2-qwen38-fortran,qwen38,fortran,0,610670,tsvc_2_s311,score,ok,1,2563241,16.77527220809182,gcc
llr8w2-qwen38-fortran,qwen38,fortran,0,610670,tsvc_2_s311,score,ok,1,2563241,0.5764705882352941,gcc
llr8w2-qwen38-fortran,qwen38,fortran,0,610670,wavefront2d,score,build_error,0,499331,0.0,gcc
llr8w2-qwen38-fortran,qwen38,fortran,0,610670,wavefront2d,score,ok,1,575047,0.404756872674618,gcc
llr8w2-qwen38-fortran,qwen38,fortran,0,610670,tsvc_2_s252,score,ok,1,4922013,1.03875,gcc
llr8w2-qwen38-fortran,qwen38,fortran,0,610670,tsvc_2_s252,score,ok,1,5031735,41.17038651164963,gcc
llr8w2-qwen38-fortran,qwen38,fortran,0,610670,tsvc_2_s252,score,ok,1,5143133,5.645616647293602,gcc
llr8w2-qwen38-fortran,qwen38,fortran,0,610670,tsvc_2_s252,submit,overfit,0,5255071,13.423895332835984,gcc
llr8w2-qwen38-fortran,qwen38,fortran,0,610670,tsvc_2_s311,score,ok,1,4474329,17.165610800545007,gcc
llr8w2-qwen38-fortran,qwen38,fortran,0,610670,tsvc_2_s4112,score,ok,1,4729350,22.595580559114158,gcc
llr8w2-qwen38-fortran,qwen38,fortran,0,610670,tsvc_2_s4112,submit,ok,1,4848891,21.42807338581991,gcc
llr8w2-qwen38-fortran,qwen38,fortran,0,610670,tsvc_2_s4112,score,ok,1,5466191,22.410562951050967,gcc
llr8w2-qwen38-fortran,qwen38,fortran,0,610670,tsvc_2_s311,score,ok,1,5109820,17.797892268510665,gcc
llr8w2-qwen38-fortran,qwen38,fortran,0,610670,tsvc_2_s311,score,ok,1,5380203,16.862697135615164,gcc
llr8w2-qwen38-fortran,qwen38,fortran,0,610670,tsvc_2_s311,score,ok,1,7408084,17.895525368960474,gcc
llr8w2-qwen38-fortran,qwen38,fortran,0,610670,tsvc_2_s311,score,ok,1,7443336,18.04470009782783,gcc
llr8w2-qwen38-fortran,qwen38,fortran,0,610670,fuse_diamond,score,ok,1,836276,60.64403493225357,gcc
llr8w2-qwen38-fortran,qwen38,fortran,0,610670,fuse_diamond,score,ok,1,936168,57.92237337786424,gcc
llr8w2-qwen38-fortran,qwen38,fortran,0,610670,fuse_diamond,submit,ok,1,989340,59.71516335249862,gcc
llr8w2-qwen38-fortran,qwen38,fortran,0,610670,fuse_diamond,score,ok,1,1574480,58.510248657628864,gcc
llr8w2-qwen38-fortran,qwen38,fortran,0,610670,fuse_diamond,score,ok,1,2125161,20.281371001710465,gcc
llr8w2-qwen38-fortran,qwen38,fortran,0,610670,ext_break_capture,score,ok,1,1641402,0.9904842522986015,gcc
llr8w2-qwen38-fortran,qwen38,fortran,0,610670,tsvc_2_s115,score,ok,1,1855411,0.9684774601715415,gcc
llr8w2-qwen38-fortran,qwen38,fortran,0,610670,tsvc_2_s13110,score,incorrect,0,1551039,0.0,gcc
llr8w2-qwen38-fortran,qwen38,fortran,0,610670,tsvc_2_s115,submit,overfit,0,2024311,1.0,gcc
llr8w2-qwen38-fortran,qwen38,fortran,0,610670,fuse_diamond,score,ok,1,2284524,18.289068919293097,gcc
llr8w2-qwen38-fortran,qwen38,fortran,0,610670,tsvc_2_s13110,score,ok,1,1852788,0.7034340617988365,gcc
llr8w2-qwen38-fortran,qwen38,fortran,0,610670,tsvc_2_s13110,submit,ok,1,1931494,1.0,gcc
llr8w2-qwen38-fortran,qwen38,fortran,0,610670,ext_break_capture,score,ok,1,2667510,6.9080592518003785,gcc
llr8w2-qwen38-fortran,qwen38,fortran,0,610670,ext_break_capture,submit,ok,1,2750945,7.316017851829954,gcc
llr8w2-qwen38-fortran,qwen38,fortran,0,610670,tsvc_2_s3110,score,incorrect,0,120501,0.0,gcc
llr8w2-qwen38-fortran,qwen38,fortran,0,610670,tsvc_2_s255,score,ok,1,866084,1.0368648441997785,gcc
llr8w2-qwen38-fortran,qwen38,fortran,0,610670,tsvc_2_s255,submit,ok,1,918140,1.0,gcc
llr8w2-qwen38-fortran,qwen38,fortran,0,610670,fuse_diamond,score,ok,1,4332085,58.462817381095185,gcc
llr8w2-qwen38-fortran,qwen38,fortran,0,610670,tsvc_2_s255,score,ok,1,1585068,6.354210501014572,gcc
llr8w2-qwen38-fortran,qwen38,fortran,0,610670,wf_diff_skew,score,ok,1,1580018,0.6565089552792608,gcc
llr8w2-qwen38-fortran,qwen38,fortran,0,610670,wf_diff_skew,score,ok,1,2195224,1.0027395491343671,gcc
llr8w2-qwen38-fortran,qwen38,fortran,0,610670,wf_diff_skew,score,build_error,0,2740472,0.0,gcc
llr8w2-qwen38-fortran,qwen38,fortran,0,610670,wf_diff_skew,score,ok,1,3501654,1.7128901876990013,gcc
llr8w2-qwen38-fortran,qwen38,fortran,0,610670,wf_diff_skew,submit,ok,1,3787980,1.7285245734721935,gcc
llr8w2-qwen38-fortran,qwen38,fortran,0,610670,tsvc_2_s152,score,ok,1,1574776,6.14635335674684,gcc
llr8w2-qwen38-fortran,qwen38,fortran,0,610670,tsvc_2_s152,submit,ok,1,1633716,4.817004562435631,gcc
llr8w2-qwen38-fortran,qwen38,fortran,0,610670,tsvc_2_s2710,score,ok,1,448573,39.6789166060264,gcc
llr8w2-qwen38-fortran,qwen38,fortran,0,610670,tsvc_2_s2710,submit,ok,1,489065,39.31759327837418,gcc
llr8w2-qwen38-fortran,qwen38,fortran,0,610670,tsvc_2_s119,score,incorrect,0,4819216,0.0,gcc
llr8w2-qwen38-fortran,qwen38,fortran,0,610670,tsvc_2_s233,score,ok,1,6570708,55.16881944836947,gcc
llr8w2-qwen38-fortran,qwen38,fortran,0,610670,tsvc_2_s233,submit,ok,1,6728166,52.46948064728415,gcc
llr8w2-qwen38-fortran,qwen38,fortran,0,610670,tsvc_2_s119,score,ok,1,5691735,0.9926242775043458,gcc
llr8w2-qwen38-fortran,qwen38,fortran,0,610670,tsvc_2_s119,score,ok,1,5840251,1.041027009787154,gcc
llr8w2-qwen38-fortran,qwen38,fortran,0,610670,tsvc_2_s119,submit,ok,1,5989364,1.01,gcc
llr8w2-qwen38-fortran,qwen38,fortran,0,610670,tsvc_2_s233,score,ok,1,7561096,56.40069950248141,gcc
llr8w2-qwen38-fortran,qwen38,fortran,0,610670,tsvc_2_s233,submit,ok,1,7574314,53.52411720829456,gcc
llr8w2-qwen38-fortran,qwen38,fortran,0,610670,tsvc_2_vpvts,score,incorrect,0,250786,5.333841379992116,gcc
llr8w2-qwen38-fortran,qwen38,fortran,0,610670,tsvc_2_vpvts,score,score_error,0,334129,0.0,gcc
llr8w2-qwen38-fortran,qwen38,fortran,0,610670,tsvc_2_vpvts,score,score_error,0,393440,0.0,gcc
llr8w2-qwen38-fortran,qwen38,fortran,0,610670,tsvc_2_vpvts,score,incorrect,0,454112,0.0,gcc
llr8w2-qwen38-fortran,qwen38,fortran,0,610670,tsvc_2_vpvts,score,ok,1,1677383,5.3531832516463345,gcc
llr8w2-qwen38-fortran,qwen38,fortran,0,610670,wf_north_west,score,ok,1,4031145,1.0133350003024015,gcc
llr8w2-qwen38-fortran,qwen38,fortran,0,610670,wf_north_west,submit,ok,1,4170142,1.0,gcc
llr8w2-qwen38-fortran,qwen38,fortran,0,610670,fuse_stencil_through_transient,score,ok,1,989402,23.82173379922519,gcc
llr8w2-qwen38-fortran,qwen38,fortran,0,610670,fuse_stencil_through_transient,submit,ok,1,1033649,23.906623206580772,gcc
llr8w2-qwen38-fortran,qwen38,fortran,0,610670,tsvc_2_s1232,score,ok,1,1928662,169.50910207341917,gcc
llr8w2-qwen38-fortran,qwen38,fortran,0,610670,tsvc_2_s1232,submit,ok,1,2015067,164.7649194952102,gcc
llr8w2-qwen38-fortran,qwen38,fortran,0,610670,fuse_stencil_through_transient,score,ok,1,2493768,17.77156508581042,gcc
llr8w2-qwen38-fortran,qwen38,fortran,0,610670,ext_break_post_body,score,incorrect,0,1944248,0.0,gcc
llr8w2-qwen38-fortran,qwen38,fortran,0,610670,tsvc_2_s235,score,incorrect,0,2831608,39.8055570801903,gcc
llr8w2-qwen38-fortran,qwen38,fortran,0,610670,tsvc_2_s2233,score,incorrect,0,3515392,8.29390435740244,gcc
llr8w2-qwen38-fortran,qwen38,fortran,0,610670,tsvc_2_s1232,score,ok,1,2782604,12.244246654972956,gcc
llr8w2-qwen38-fortran,qwen38,fortran,0,610670,tsvc_2_s1232,score,ok,1,2782604,135.8590908124065,gcc
llr8w2-qwen38-fortran,qwen38,fortran,0,610670,tsvc_2_s1232,score,ok,1,2886378,138.7148116226167,gcc
llr8w2-qwen38-fortran,qwen38,fortran,0,610670,tsvc_2_s1232,score,ok,1,2886378,120.04745527976795,gcc
llr8w2-qwen38-fortran,qwen38,fortran,0,610670,tsvc_2_s2233,score,ok,1,3622980,0.7768100163309745,gcc
llr8w2-qwen38-fortran,qwen38,fortran,0,610670,tsvc_2_s2233,score,incorrect,0,3622980,17.159546898413655,gcc
llr8w2-qwen38-fortran,qwen38,fortran,0,610670,tsvc_2_s1232,score,ok,1,3103436,174.27202939892487,gcc
llr8w2-qwen38-fortran,qwen38,fortran,0,610670,tsvc_2_s1232,score,ok,1,3103436,145.4544877714212,gcc
llr8w2-qwen38-fortran,qwen38,fortran,0,610670,tsvc_2_s2233,score,ok,1,4093506,8.301325773601233,gcc
llr8w2-qwen38-fortran,qwen38,fortran,0,610670,tsvc_2_s1232,score,score_error,0,3451811,0.0,gcc
llr8w2-qwen38-fortran,qwen38,fortran,0,610670,tsvc_2_s2233,submit,timeout,0,4215618,0.0,gcc
llr8w2-qwen38-fortran,qwen38,fortran,0,610670,tsvc_2_s1232,score,ok,1,3571940,173.0609074705209,gcc
llr8w2-qwen38-fortran,qwen38,fortran,0,610670,tsvc_2_s3112,score,incorrect,0,143577,0.0,gcc
llr8w2-qwen38-fortran,qwen38,fortran,0,610670,tsvc_2_s3112,score,incorrect,0,561956,0.0,gcc
llr8w2-qwen38-fortran,qwen38,fortran,0,610670,tsvc_2_s275,score,incorrect,0,1792767,21.95628333490393,gcc
llr8w2-qwen38-fortran,qwen38,fortran,0,610670,wf_triangular,score,ok,1,757243,0.9870967741935484,gcc
llr8w2-qwen38-fortran,qwen38,fortran,0,610670,wf_triangular,score,ok,1,910421,0.9799478662765774,gcc
llr8w2-qwen38-fortran,qwen38,fortran,0,610670,tsvc_2_vtvtv,score,ok,1,3252025,5.380537964272408,gcc
llr8w2-qwen38-fortran,qwen38,fortran,0,610670,tsvc_2_vtvtv,submit,ok,1,3352912,5.062720206497402,gcc
llr8w2-qwen38-fortran,qwen38,fortran,0,610670,wf_triangular,score,timeout,0,1180481,0.0,gcc
llr8w2-qwen38-fortran,qwen38,fortran,0,610670,tsvc_2_s323,score,ok,1,5865188,0.9946576389937914,gcc
llr8w2-qwen38-fortran,qwen38,fortran,0,610670,tsvc_2_s323,submit,ok,1,6007114,1.01,gcc
llr8w2-qwen38-fortran,qwen38,fortran,0,610670,tsvc_2_vtvtv,score,ok,1,5721768,5.394570872624711,gcc
llr8w2-qwen38-fortran,qwen38,fortran,0,610670,tsvc_2_vtvtv,submit,ok,1,5851716,5.062720206497402,gcc
llr8w2-qwen38-fortran,qwen38,fortran,0,610670,tsvc_2_vtvtv,score,ok,1,6385834,5.4075970308665156,gcc
llr8w2-qwen38-fortran,qwen38,fortran,0,610670,tsvc_2_vtvtv,score,ok,1,6806454,2.7649422668579127,gcc
llr8w2-qwen38-fortran,qwen38,fortran,0,610670,tsvc_2_vtvtv,score,ok,1,6950130,5.3661590713250575,gcc
llr8w2-qwen38-fortran,qwen38,fortran,0,610670,tsvc_2_vtvtv,score,ok,1,7095415,5.476758460658658,gcc
llr8w2-qwen38-fortran,qwen38,fortran,0,610670,tsvc_2_vtvtv,score,ok,1,7243999,5.372623449340173,gcc
llr8w2-qwen38-fortran,qwen38,fortran,0,610670,tsvc_2_vtvtv,score,ok,1,7394158,5.508327034650609,gcc
llr8w2-qwen38-fortran,qwen38,fortran,0,610670,tsvc_2_vtvtv,score,ok,1,7545721,5.557983207023133,gcc
llr8w2-qwen38-fortran,qwen38,fortran,0,610670,tsvc_2_vtvtv,score,ok,1,7698667,5.5334571206834005,gcc
llr8w2-qwen38-fortran,qwen38,fortran,0,610670,tsvc_2_vtvtv,score,ok,1,7853031,5.453268676236652,gcc
llr8w2-qwen38-fortran,qwen38,fortran,0,610670,tsvc_2_vtvtv,score,ok,1,8325164,5.569869199644769,gcc
llr8w2-qwen38-fortran,qwen38,fortran,0,610670,tsvc_2_vtvtv,submit,ok,1,8483843,5.48220052432449,gcc
llr8w2-qwen38-fortran,qwen38,fortran,0,610670,wf_triangular,score,ok,1,2782977,0.05863383504432354,gcc
llr8w2-qwen38-fortran,qwen38,fortran,0,610670,tsvc_2_vtvtv,score,ok,1,8642906,5.5281737057755365,gcc
llr8w2-qwen38-fortran,qwen38,fortran,0,610670,tsvc_2_vtvtv,score,build_error,0,8805223,0.0,gcc
llr8w2-qwen38-fortran,qwen38,fortran,0,610670,tsvc_2_s323,score,ok,1,7890393,0.9957135902686398,gcc
llr8w2-qwen38-fortran,qwen38,fortran,0,610670,tsvc_2_s323,submit,ok,1,7923288,1.01,gcc
llr8w2-qwen38-fortran,qwen38,fortran,0,610670,tsvc_2_vtvtv,score,ok,1,9302555,5.562492477899985,gcc
llr8w2-qwen38-fortran,qwen38,fortran,0,610670,tsvc_2_s323,submit,ok,1,7957563,1.0201,gcc
llr8w2-qwen38-fortran,qwen38,fortran,0,610670,tsvc_2_s323,submit,ok,1,7992476,1.01,gcc
llr8w2-qwen38-fortran,qwen38,fortran,0,610670,wf_triangular,score,ok,1,3436841,0.11453473047942075,gcc
llr8w2-qwen38-fortran,qwen38,fortran,0,610670,tsvc_2_s323,submit,ok,1,8028095,1.01,gcc
llr8w2-qwen38-fortran,qwen38,fortran,0,610670,tsvc_2_s323,submit,ok,1,8064103,1.0201,gcc
llr8w2-qwen38-fortran,qwen38,fortran,0,610670,tsvc_2_s323,submit,ok,1,8100582,1.01,gcc
llr8w2-qwen38-fortran,qwen38,fortran,0,610670,wf_triangular,score,ok,1,3998158,0.1468034164079289,gcc
llr8w2-qwen38-fortran,qwen38,fortran,0,610670,tsvc_2_vtvtv,score,ok,1,9430171,5.40068830188249,gcc
llr8w2-qwen38-fortran,qwen38,fortran,0,610670,tsvc_2_s323,submit,ok,1,8137465,1.01,gcc
llr8w2-qwen38-fortran,qwen38,fortran,0,610670,tsvc_2_s323,submit,ok,1,8174806,1.0201,gcc
llr8w2-qwen38-fortran,qwen38,fortran,0,610670,tsvc_2_vtvtv,score,ok,1,9452649,5.552887871970123,gcc
llr8w2-qwen38-fortran,qwen38,fortran,0,610670,tsvc_2_s323,submit,ok,1,8212530,1.0201,gcc
llr8w2-qwen38-fortran,qwen38,fortran,0,610670,tsvc_2_vtvtv,score,ok,1,9478483,5.456941312483487,gcc
llr8w2-qwen38-fortran,qwen38,fortran,0,610670,tsvc_2_s323,submit,ok,1,8250653,1.01,gcc
llr8w2-qwen38-fortran,qwen38,fortran,0,610670,tsvc_2_vtvtv,submit,ok,1,9562422,5.537022529567735,gcc
llr8w2-qwen38-fortran,qwen38,fortran,0,610670,tsvc_2_s323,submit,ok,1,8369508,1.0201,gcc
llr8w2-qwen38-fortran,qwen38,fortran,0,610670,tsvc_2_s323,submit,ok,1,8410150,1.0,gcc
llr8w2-qwen38-fortran,qwen38,fortran,0,610670,wf_triangular,score,ok,1,4642686,1.8533532141408755,gcc
llr8w2-qwen38-fortran,qwen38,fortran,0,610670,wf_triangular,submit,ok,1,4661971,1.5339777935796781,gcc
llr8w2-qwen38-fortran,qwen38,fortran,0,610670,wf_triangular,score,ok,1,4707474,3.059887590347478,gcc
llr8w2-qwen38-fortran-skills,qwen38,fortran,1,610672,tsvc_2_s2275,score,incorrect,0,300024,0.0,gcc
llr8w2-qwen38-fortran-skills,qwen38,fortran,1,610672,tsvc_2_s2275,score,incorrect,0,646559,0.0,gcc
llr8w2-qwen38-fortran-skills,qwen38,fortran,1,610672,quasi_affine_reduce_odd,score,incorrect,0,293352,0.0,gcc
llr8w2-qwen38-fortran-skills,qwen38,fortran,1,610672,quasi_affine_reduce_odd,score,ok,1,464362,10.637116651568888,gcc
llr8w2-qwen38-fortran-skills,qwen38,fortran,1,610672,quasi_affine_reduce_odd,submit,overfit,0,508144,10.572205262223004,gcc
llr8w2-qwen38-fortran-skills,qwen38,fortran,1,610672,tsvc_2_s1244,score,incorrect,0,715724,0.0,gcc
llr8w2-qwen38-fortran-skills,qwen38,fortran,1,610672,tsvc_2_s1244,score,ok,1,922479,1.3773216372784198,gcc
llr8w2-qwen38-fortran-skills,qwen38,fortran,1,610672,tsvc_2_s1244,score,ok,1,1036685,3.724220485719917,gcc
llr8w2-qwen38-fortran-skills,qwen38,fortran,1,610672,quasi_affine_reduce_odd,score,incorrect,0,1135215,10.521539829010383,gcc
llr8w2-qwen38-fortran-skills,qwen38,fortran,1,610672,tsvc_2_s252,score,incorrect,0,189752,0.0,gcc
llr8w2-qwen38-fortran-skills,qwen38,fortran,1,610672,tsvc_2_s252,score,ok,1,376059,4.512147046001506,gcc
llr8w2-qwen38-fortran-skills,qwen38,fortran,1,610672,tsvc_2_s1244,submit,incorrect,0,1725695,0.0,gcc
llr8w2-qwen38-fortran-skills,qwen38,fortran,1,610672,quasi_affine_reduce_odd,score,ok,1,1541354,10.517453973207761,gcc
llr8w2-qwen38-fortran-skills,qwen38,fortran,1,610672,quasi_affine_reduce_odd,submit,ok,1,1626940,10.572205262223004,gcc
llr8w2-qwen38-fortran-skills,qwen38,fortran,1,610672,tsvc_2_s1244,score,ok,1,1982291,6.532955619126397,gcc
llr8w2-qwen38-fortran-skills,qwen38,fortran,1,610672,tsvc_2_s1244,submit,ok,1,2070903,7.171863397539411,gcc
llr8w2-qwen38-fortran-skills,qwen38,fortran,1,610672,tsvc_2_s311,score,ok,1,424317,20.954514110220824,gcc
llr8w2-qwen38-fortran-skills,qwen38,fortran,1,610672,tsvc_2_s316,score,incorrect,0,145467,0.0,gcc
llr8w2-qwen38-fortran-skills,qwen38,fortran,1,610672,tsvc_2_s311,submit,ok,1,464173,20.797876917347367,gcc
llr8w2-qwen38-fortran-skills,qwen38,fortran,1,610672,tsvc_2_s316,score,ok,1,218431,1.0009291853688398,gcc
llr8w2-qwen38-fortran-skills,qwen38,fortran,1,610672,tsvc_2_s316,submit,ok,1,243703,1.0,gcc
llr8w2-qwen38-fortran-skills,qwen38,fortran,1,610672,tsvc_2_s4112,score,incorrect,0,330502,0.0,gcc
llr8w2-qwen38-fortran-skills,qwen38,fortran,1,610672,tsvc_2_s316,score,score_error,0,416988,0.0,gcc
llr8w2-qwen38-fortran-skills,qwen38,fortran,1,610672,tsvc_2_s4112,score,ok,1,427008,22.788268369014762,gcc
llr8w2-qwen38-fortran-skills,qwen38,fortran,1,610672,tsvc_2_s4112,submit,ok,1,460905,22.52112048277706,gcc
llr8w2-qwen38-fortran-skills,qwen38,fortran,1,610672,tsvc_2_s311,score,ok,1,2086991,20.97602219436303,gcc
llr8w2-qwen38-fortran-skills,qwen38,fortran,1,610672,tsvc_2_s311,submit,ok,1,2164475,20.797876917347367,gcc
llr8w2-qwen38-fortran-skills,qwen38,fortran,1,610672,tsvc_2_s252,score,ok,1,3794876,4.818753555132299,gcc
llr8w2-qwen38-fortran-skills,qwen38,fortran,1,610672,tsvc_2_s252,score,ok,1,4018450,4.7402160049961894,gcc
llr8w2-qwen38-fortran-skills,qwen38,fortran,1,610672,tsvc_2_s252,score,ok,1,4247741,4.8584095699754615,gcc
llr8w2-qwen38-fortran-skills,qwen38,fortran,1,610672,tsvc_2_s252,submit,overfit,0,4364235,4.583214558202664,gcc
llr8w2-qwen38-fortran-skills,qwen38,fortran,1,610672,wavefront2d,score,incorrect,0,256392,0.0,gcc
llr8w2-qwen38-fortran-skills,qwen38,fortran,1,610672,wavefront2d,score,ok,1,522514,0.3954023575374269,gcc
llr8w2-qwen38-fortran-skills,qwen38,fortran,1,610672,wavefront2d,score,ok,1,1377067,13.984053518968148,gcc
llr8w2-qwen38-fortran-skills,qwen38,fortran,1,610672,wavefront2d,submit,ok,1,1453863,13.830652785316248,gcc
llr8w2-qwen38-fortran-skills,qwen38,fortran,1,610672,fuse_diamond,score,incorrect,0,311227,0.0,gcc
llr8w2-qwen38-fortran-skills,qwen38,fortran,1,610672,fuse_diamond,score,incorrect,0,486491,61.14395825230978,gcc
llr8w2-qwen38-fortran-skills,qwen38,fortran,1,610672,tsvc_2_s231,score,incorrect,0,435072,0.0,gcc
llr8w2-qwen38-fortran-skills,qwen38,fortran,1,610672,fuse_diamond,score,ok,1,1032369,60.75740194838975,gcc
llr8w2-qwen38-fortran-skills,qwen38,fortran,1,610672,tsvc_2_s231,score,ok,1,732238,16.353909871333013,gcc
llr8w2-qwen38-fortran-skills,qwen38,fortran,1,610672,fuse_diamond,submit,ok,1,1079600,60.915438135883846,gcc
llr8w2-qwen38-fortran-skills,qwen38,fortran,1,610672,tsvc_2_s13110,score,incorrect,0,507694,0.0,gcc
llr8w2-qwen38-fortran-skills,qwen38,fortran,1,610672,tsvc_2_s13110,score,ok,1,912466,0.9557803645750711,gcc
llr8w2-qwen38-fortran-skills,qwen38,fortran,1,610672,ext_break_capture,score,incorrect,0,1204709,0.0,gcc
llr8w2-qwen38-fortran-skills,qwen38,fortran,1,610672,ext_break_capture,score,incorrect,0,1204709,0.0,gcc
llr8w2-qwen38-fortran-skills,qwen38,fortran,1,610672,tsvc_2_s115,score,incorrect,0,1116261,0.0,gcc
llr8w2-qwen38-fortran-skills,qwen38,fortran,1,610672,ext_break_capture,score,incorrect,0,1394394,0.9130434782608695,gcc
llr8w2-qwen38-fortran-skills,qwen38,fortran,1,610672,ext_break_capture,score,incorrect,0,1394394,2378.842788268381,gcc
llr8w2-qwen38-fortran-skills,qwen38,fortran,1,610672,tsvc_2_s115,score,incorrect,0,1330268,0.0,gcc
llr8w2-qwen38-fortran-skills,qwen38,fortran,1,610672,ext_break_capture,score,incorrect,0,1603044,0.35195530726256985,gcc
llr8w2-qwen38-fortran-skills,qwen38,fortran,1,610672,ext_break_capture,score,incorrect,0,1603044,2562.0682388576374,gcc
llr8w2-qwen38-fortran-skills,qwen38,fortran,1,610672,tsvc_2_s115,score,ok,1,1804848,0.7722629125040109,gcc
llr8w2-qwen38-fortran-skills,qwen38,fortran,1,610672,tsvc_2_s115,submit,overfit,0,1887750,1.0,gcc
llr8w2-qwen38-fortran-skills,qwen38,fortran,1,610672,tsvc_2_s231,score,ok,1,1474357,86.31695821907162,gcc
llr8w2-qwen38-fortran-skills,qwen38,fortran,1,610672,tsvc_2_s231,submit,ok,1,1550997,83.75511384357122,gcc
llr8w2-qwen38-fortran-skills,qwen38,fortran,1,610672,tsvc_2_s13110,score,ok,1,1898130,14.545171955322656,gcc
llr8w2-qwen38-fortran-skills,qwen38,fortran,1,610672,tsvc_2_s13110,submit,ok,1,1975502,13.968959313169412,gcc
llr8w2-qwen38-fortran-skills,qwen38,fortran,1,610672,ext_break_capture,score,incorrect,0,1915260,1.0327868852459017,gcc
llr8w2-qwen38-fortran-skills,qwen38,fortran,1,610672,tsvc_2_s231,score,ok,1,2212245,46.62181785397596,gcc
llr8w2-qwen38-fortran-skills,qwen38,fortran,1,610672,tsvc_2_s255,score,ok,1,385798,6.393058044054753,gcc
llr8w2-qwen38-fortran-skills,qwen38,fortran,1,610672,tsvc_2_s255,submit,ok,1,421270,6.116317595060837,gcc
llr8w2-qwen38-fortran-skills,qwen38,fortran,1,610672,tsvc_2_s13110,score,ok,1,3493933,14.408768509881606,gcc
llr8w2-qwen38-fortran-skills,qwen38,fortran,1,610672,tsvc_2_s231,score,ok,1,2805886,61.466586317141015,gcc
llr8w2-qwen38-fortran-skills,qwen38,fortran,1,610672,ext_break_capture,score,incorrect,0,2112710,0.984375,gcc
llr8w2-qwen38-fortran-skills,qwen38,fortran,1,610672,ext_break_capture,score,incorrect,0,2112710,3788.189187460013,gcc
llr8w2-qwen38-fortran-skills,qwen38,fortran,1,610672,ext_break_capture,score,incorrect,0,2112710,3769.953146853147,gcc
llr8w2-qwen38-fortran-skills,qwen38,fortran,1,610672,ext_break_capture,score,incorrect,0,2112710,6270.95900256234,gcc
llr8w2-qwen38-fortran-skills,qwen38,fortran,1,610672,tsvc_2_s13110,submit,ok,1,4264861,13.968959313169412,gcc
llr8w2-qwen38-fortran-skills,qwen38,fortran,1,610672,ext_break_capture,score,incorrect,0,2345229,0.9692307692307692,gcc
llr8w2-qwen38-fortran-skills,qwen38,fortran,1,610672,ext_break_capture,score,incorrect,0,2345229,3691.3589152119703,gcc
llr8w2-qwen38-fortran-skills,qwen38,fortran,1,610672,ext_break_capture,score,incorrect,0,2345229,4347.607258064516,gcc
llr8w2-qwen38-fortran-skills,qwen38,fortran,1,610672,ext_break_capture,score,incorrect,0,2345229,5976.272483621203,gcc
llr8w2-qwen38-fortran-skills,qwen38,fortran,1,610672,ext_break_capture,score,incorrect,0,2586216,3444.409365910413,gcc
llr8w2-qwen38-fortran-skills,qwen38,fortran,1,610672,ext_break_capture,score,incorrect,0,2586216,4056.180779753762,gcc
llr8w2-qwen38-fortran-skills,qwen38,fortran,1,610672,ext_break_capture,score,incorrect,0,2586216,6294.957026348808,gcc
llr8w2-qwen38-fortran-skills,qwen38,fortran,1,610672,fuse_diamond,score,build_error,0,6462490,0.0,gcc
llr8w2-qwen38-fortran-skills,qwen38,fortran,1,610672,fuse_diamond,score,ok,1,6734140,61.06964023544752,gcc
llr8w2-qwen38-fortran-skills,qwen38,fortran,1,610672,tsvc_2_s231,score,ok,1,3701685,49.28866020676174,gcc
llr8w2-qwen38-fortran-skills,qwen38,fortran,1,610672,tsvc_2_s13110,score,ok,1,5881419,18.27685639794006,gcc
llr8w2-qwen38-fortran-skills,qwen38,fortran,1,610672,tsvc_2_s13110,score,ok,1,6011548,14.47241268028205,gcc
llr8w2-qwen38-fortran-skills,qwen38,fortran,1,610672,tsvc_2_s13110,submit,ok,1,6142598,14.108648906301106,gcc
llr8w2-qwen38-fortran-skills,qwen38,fortran,1,610672,fuse_diamond,score,ok,1,6871543,59.62120325651311,gcc
llr8w2-qwen38-fortran-skills,qwen38,fortran,1,610672,fuse_diamond,score,ok,1,7017229,60.769708329490804,gcc
llr8w2-qwen38-fortran-skills,qwen38,fortran,1,610672,fuse_diamond,submit,ok,1,7313941,59.123924111384774,gcc
llr8w2-qwen38-fortran-skills,qwen38,fortran,1,610672,ext_break_capture,score,ok,1,2998336,0.30434782608695654,gcc
llr8w2-qwen38-fortran-skills,qwen38,fortran,1,610672,ext_break_capture,score,ok,1,2998336,5.490886852637229,gcc
llr8w2-qwen38-fortran-skills,qwen38,fortran,1,610672,ext_break_capture,score,ok,1,2998336,4.882837865141245,gcc
llr8w2-qwen38-fortran-skills,qwen38,fortran,1,610672,ext_break_capture,submit,ok,1,3146197,7.100854849048922,gcc
llr8w2-qwen38-fortran-skills,qwen38,fortran,1,610672,ext_break_capture,score,ok,1,3146197,4.015919130322248,gcc
llr8w2-qwen38-fortran-skills,qwen38,fortran,1,610672,tsvc_2_s318,score,ok,1,1938695,14.292836919172686,gcc
llr8w2-qwen38-fortran-skills,qwen38,fortran,1,610672,tsvc_2_vag,score,ok,1,1381885,21.59396514017291,gcc
llr8w2-qwen38-fortran-skills,qwen38,fortran,1,610672,tsvc_2_s318,score,ok,1,2020771,12.132389474976396,gcc
llr8w2-qwen38-fortran-skills,qwen38,fortran,1,610672,tsvc_2_vag,submit,ok,1,1444394,22.298139091858477,gcc
llr8w2-qwen38-fortran-skills,qwen38,fortran,1,610672,ext_break_capture,score,ok,1,4244086,0.33689839572192515,gcc
llr8w2-qwen38-fortran-skills,qwen38,fortran,1,610672,ext_break_capture,score,ok,1,4244086,10.845322259183678,gcc
llr8w2-qwen38-fortran-skills,qwen38,fortran,1,610672,ext_break_capture,score,ok,1,4244086,9.487984711295788,gcc
llr8w2-qwen38-fortran-skills,qwen38,fortran,1,610672,ext_break_capture,score,ok,1,4244086,13.949307789759667,gcc
llr8w2-qwen38-fortran-skills,qwen38,fortran,1,610672,tsvc_2_s318,submit,ok,1,2103962,13.558134286164345,gcc
llr8w2-qwen38-fortran-skills,qwen38,fortran,1,610672,tsvc_2_vag,score,ok,1,1796971,21.50094875841368,gcc
llr8w2-qwen38-fortran-skills,qwen38,fortran,1,610672,tsvc_2_vag,score,ok,1,1948347,21.480901360465,gcc
llr8w2-qwen38-fortran-skills,qwen38,fortran,1,610672,tsvc_2_s318,score,ok,1,2466379,13.137820661033004,gcc
llr8w2-qwen38-fortran-skills,qwen38,fortran,1,610672,tsvc_2_s318,score,ok,1,4616483,14.774193289014137,gcc
llr8w2-qwen38-fortran-skills,qwen38,fortran,1,610672,tsvc_2_vag,score,build_error,0,2778861,0.0,gcc
llr8w2-qwen38-fortran-skills,qwen38,fortran,1,610672,tsvc_2_s318,score,score_error,0,5666692,0.0,gcc
llr8w2-qwen38-fortran-skills,qwen38,fortran,1,610672,tsvc_2_s318,score,ok,1,5948491,14.70677358510761,gcc
llr8w2-qwen38-fortran-skills,qwen38,fortran,1,610672,tsvc_2_vag,score,build_error,0,3010348,0.0,gcc
llr8w2-qwen38-fortran-skills,qwen38,fortran,1,610672,tsvc_2_vag,score,ok,1,3257603,21.433047338903116,gcc
llr8w2-qwen38-fortran-skills,qwen38,fortran,1,610672,tsvc_2_s318,score,ok,1,6531812,17.657501130850893,gcc
llr8w2-qwen38-fortran-skills,qwen38,fortran,1,610672,tsvc_2_s318,submit,ok,1,6681191,16.543500416254773,gcc
llr8w2-qwen38-fortran-skills,qwen38,fortran,1,610672,tsvc_2_s318,score,ok,1,6832762,16.866335876216574,gcc
llr8w2-qwen38-fortran-skills,qwen38,fortran,1,610672,tsvc_2_s318,score,ok,1,7950146,16.374697908467486,gcc
llr8w2-qwen38-fortran-skills,qwen38,fortran,1,610672,tsvc_2_s318,score,ok,1,8115123,12.175777223815592,gcc
llr8w2-qwen38-fortran-skills,qwen38,fortran,1,610672,tsvc_2_vag,score,ok,1,5581445,20.06010312138904,gcc
llr8w2-qwen38-fortran-skills,qwen38,fortran,1,610672,tsvc_2_s318,score,ok,1,8318332,16.89178743430526,gcc
llr8w2-qwen38-fortran-skills,qwen38,fortran,1,610672,tsvc_2_s318,submit,ok,1,8337901,16.37970338243047,gcc
llr8w2-qwen38-fortran-skills,qwen38,fortran,1,610672,tsvc_2_s318,submit,ok,1,8357908,16.05695851625377,gcc
llr8w2-qwen38-fortran-skills,qwen38,fortran,1,610672,tsvc_2_s318,submit,ok,1,8378662,16.37970338243047,gcc
llr8w2-qwen38-fortran-skills,qwen38,fortran,1,610672,tsvc_2_s318,submit,ok,1,8425058,16.05695851625377,gcc
llr8w2-qwen38-fortran-skills,qwen38,fortran,1,610672,tsvc_2_s318,submit,ok,1,8450206,16.217528101416306,gcc
llr8w2-qwen38-fortran-skills,qwen38,fortran,1,610672,tsvc_2_s318,submit,ok,1,8481898,16.543500416254773,gcc
llr8w2-qwen38-fortran-skills,qwen38,fortran,1,610672,tsvc_2_s318,submit,ok,1,8515209,16.543500416254773,gcc
llr8w2-qwen38-fortran-skills,qwen38,fortran,1,610672,wf_diff_skew,score,incorrect,0,5954067,0.0,gcc
llr8w2-qwen38-fortran-skills,qwen38,fortran,1,610672,wf_diff_skew,score,ok,1,6126048,4.564835966408126,gcc
llr8w2-qwen38-fortran-skills,qwen38,fortran,1,610672,wf_diff_skew,submit,ok,1,6148362,3.869963192563126,gcc
llr8w2-qwen38-fortran-skills,qwen38,fortran,1,610672,tsvc_2_s152,score,incorrect,0,216700,0.0,gcc
llr8w2-qwen38-fortran-skills,qwen38,fortran,1,610672,tsvc_2_s152,score,ok,1,336290,4.234653335716292,gcc
llr8w2-qwen38-fortran-skills,qwen38,fortran,1,610672,tsvc_2_s152,submit,ok,1,367212,4.537836196240262,gcc
llr8w2-qwen38-fortran-skills,qwen38,fortran,1,610672,fuse_move_ifs,score,incorrect,0,368441,0.0,gcc
llr8w2-qwen38-fortran-skills,qwen38,fortran,1,610672,fuse_move_ifs,score,incorrect,0,547162,587.8745600868378,gcc
llr8w2-qwen38-fortran-skills,qwen38,fortran,1,610672,tsvc_2_s233,score,incorrect,0,539839,0.0,gcc
llr8w2-qwen38-fortran-skills,qwen38,fortran,1,610672,tsvc_2_s119,score,incorrect,0,268961,0.0,gcc
llr8w2-qwen38-fortran-skills,qwen38,fortran,1,610672,ext_break_find_first,score,ok,1,530882,3.744345027570743,gcc
llr8w2-qwen38-fortran-skills,qwen38,fortran,1,610672,ext_break_find_first,submit,ok,1,576238,3.756148147544384,gcc
llr8w2-qwen38-fortran-skills,qwen38,fortran,1,610672,tsvc_2_s119,score,ok,1,495981,0.7703226267468989,gcc
llr8w2-qwen38-fortran-skills,qwen38,fortran,1,610672,ext_break_find_first,score,ok,1,718704,4.355538378052313,gcc
llr8w2-qwen38-fortran-skills,qwen38,fortran,1,610672,ext_break_find_first,submit,ok,1,768003,4.3175954367025335,gcc
llr8w2-qwen38-fortran-skills,qwen38,fortran,1,610672,fuse_move_ifs,score,ok,1,1047232,4.9571834935212715,gcc
llr8w2-qwen38-fortran-skills,qwen38,fortran,1,610672,tsvc_2_s119,submit,ok,1,594283,1.0,gcc
llr8w2-qwen38-fortran-skills,qwen38,fortran,1,610672,fuse_move_ifs,submit,ok,1,1103751,5.704799849236167,gcc
llr8w2-qwen38-fortran-skills,qwen38,fortran,1,610672,ext_break_find_first,score,ok,1,1152852,4.121706960570054,gcc
llr8w2-qwen38-fortran-skills,qwen38,fortran,1,610672,tsvc_2_s233,score,incorrect,0,1540292,5.612133894531318,gcc
llr8w2-qwen38-fortran-skills,qwen38,fortran,1,610672,ext_break_find_first,score,ok,1,1343996,4.928101134780548,gcc
llr8w2-qwen38-fortran-skills,qwen38,fortran,1,610672,tsvc_2_s152,score,score_error,0,1709617,0.0,gcc
llr8w2-qwen38-fortran-skills,qwen38,fortran,1,610672,ext_break_find_first,submit,ok,1,1410671,4.962964617681994,gcc
llr8w2-qwen38-fortran-skills,qwen38,fortran,1,610672,tsvc_2_s152,score,build_error,0,2704684,0.0,gcc
llr8w2-qwen38-fortran-skills,qwen38,fortran,1,610672,fuse_move_ifs,score,ok,1,2497674,6.954233006818779,gcc
llr8w2-qwen38-fortran-skills,qwen38,fortran,1,610672,fuse_move_ifs,submit,ok,1,2594556,6.823781938961509,gcc
llr8w2-qwen38-fortran-skills,qwen38,fortran,1,610672,tsvc_2_s3111,score,incorrect,0,398544,0.0,gcc
llr8w2-qwen38-fortran-skills,qwen38,fortran,1,610672,tsvc_2_s3111,score,ok,1,582176,21.581386623110046,gcc
llr8w2-qwen38-fortran-skills,qwen38,fortran,1,610672,tsvc_2_s3111,submit,ok,1,620396,21.42807338581991,gcc
llr8w2-qwen38-fortran-skills,qwen38,fortran,1,610672,tsvc_2_s319,score,incorrect,0,295643,0.0,gcc
llr8w2-qwen38-fortran-skills,qwen38,fortran,1,610672,tsvc_2_s319,score,ok,1,394120,42.14962832949079,gcc
llr8w2-qwen38-fortran-skills,qwen38,fortran,1,610672,tsvc_2_s319,submit,ok,1,428449,35.24129137112541,gcc
llr8w2-qwen38-fortran-skills,qwen38,fortran,1,610672,ext_break_find_first,score,ok,1,4246226,4.961417499325422,gcc
llr8w2-qwen38-fortran-skills,qwen38,fortran,1,610672,tsvc_2_vpvts,score,incorrect,0,185607,0.0,gcc
llr8w2-qwen38-fortran-skills,qwen38,fortran,1,610672,tsvc_2_s152,score,ok,1,8117861,5.725789260307655,gcc
llr8w2-qwen38-fortran-skills,qwen38,fortran,1,610672,tsvc_2_s152,submit,ok,1,8266563,5.4279213112123665,gcc
llr8w2-qwen38-fortran-skills,qwen38,fortran,1,610672,tsvc_2_vpvts,score,ok,1,264223,4.855129798302681,gcc
llr8w2-qwen38-fortran-skills,qwen38,fortran,1,610672,tsvc_2_vpvts,submit,ok,1,291574,4.492907124990357,gcc
llr8w2-qwen38-fortran-skills,qwen38,fortran,1,610672,tsvc_2_vpvts,score,ok,1,320593,4.503274165562669,gcc
llr8w2-qwen38-fortran-skills,qwen38,fortran,1,610672,tsvc_2_vpvts,score,ok,1,350035,4.513898258390364,gcc
llr8w2-qwen38-fortran-skills,qwen38,fortran,1,610672,tsvc_2_s152,score,ok,1,9808101,5.705719244818425,gcc
llr8w2-qwen38-fortran-skills,qwen38,fortran,1,610672,tsvc_2_vpvts,score,build_error,0,2650176,0.0,gcc
llr8w2-qwen38-fortran-skills,qwen38,fortran,1,610672,tsvc_2_vpvts,score,ok,1,3037821,4.475966941277592,gcc
llr8w2-qwen38-fortran-skills,qwen38,fortran,1,610672,tsvc_2_vpvts,score,ok,1,3339545,4.506024677889092,gcc
llr8w2-qwen38-fortran-skills,qwen38,fortran,1,610672,tsvc_2_vpvts,score,ok,1,3441649,4.857730762450344,gcc
llr8w2-qwen38-fortran-skills,qwen38,fortran,1,610672,tsvc_2_vpvts,submit,ok,1,3544160,4.583214558202664,gcc
llr8w2-qwen38-fortran-skills,qwen38,fortran,1,610672,wf_north_west,score,incorrect,0,2416198,3.888833843042787,gcc
llr8w2-qwen38-fortran-skills,qwen38,fortran,1,610672,tsvc_2_vpvts,score,ok,1,3753853,4.51473916783673,gcc
llr8w2-qwen38-fortran-skills,qwen38,fortran,1,610672,tsvc_2_vpvts,submit,ok,1,3863155,4.537836196240262,gcc
llr8w2-qwen38-fortran-skills,qwen38,fortran,1,610672,tsvc_2_vpvts,submit,ok,1,4585658,4.675337170822537,gcc
llr8w2-qwen38-fortran-skills,qwen38,fortran,1,610672,wf_north_west,score,score_error,0,4258131,0.0,gcc
llr8w2-qwen38-fortran-skills,qwen38,fortran,1,610672,wf_north_west,score,incorrect,0,4622246,3.905705599898652,gcc
llr8w2-qwen38-fortran-skills,qwen38,fortran,1,610672,wf_north_west,score,incorrect,0,5114792,3.896215976584828,gcc
llr8w2-qwen38-fortran-skills,qwen38,fortran,1,610672,tsvc_2_vpvts,score,ok,1,4978726,0.3385416666666667,gcc
llr8w2-qwen38-fortran-skills,qwen38,fortran,1,610672,tsvc_2_vpvts,score,ok,1,5112850,4.469016397034998,gcc
llr8w2-qwen38-fortran-skills,qwen38,fortran,1,610672,tsvc_2_vpvts,score,ok,1,5247588,4.873594085039906,gcc
llr8w2-qwen38-fortran-skills,qwen38,fortran,1,610672,tsvc_2_vpvts,submit,ok,1,5382815,4.675337170822537,gcc
llr8w2-qwen38-fortran-skills,qwen38,fortran,1,610672,wf_north_west,score,incorrect,0,5363520,3.987851986665848,gcc
llr8w2-qwen38-fortran-skills,qwen38,fortran,1,610672,tsvc_2_vpvts,score,ok,1,5655848,4.517048517673138,gcc
llr8w2-qwen38-fortran-skills,qwen38,fortran,1,610672,tsvc_2_vpvts,submit,ok,1,5797136,4.675337170822537,gcc
llr8w2-qwen38-fortran-skills,qwen38,fortran,1,610672,tsvc_2_s319,score,ok,1,4370778,43.01031144924222,gcc
llr8w2-qwen38-fortran-skills,qwen38,fortran,1,610672,tsvc_2_vpvts,submit,ok,1,6085211,4.583214558202664,gcc
llr8w2-qwen38-fortran-skills,qwen38,fortran,1,610672,tsvc_2_s319,submit,ok,1,4384171,35.24129137112541,gcc
llr8w2-qwen38-fortran-skills,qwen38,fortran,1,610672,tsvc_2_vpvts,submit,ok,1,6230623,4.817004562435631,gcc
llr8w2-qwen38-fortran-skills,qwen38,fortran,1,610672,tsvc_2_vpvts,submit,ok,1,6377446,4.865174608059988,gcc
llr8w2-qwen38-fortran-skills,qwen38,fortran,1,610672,tsvc_2_vpvts,submit,ok,1,6525914,4.817004562435631,gcc
llr8w2-qwen38-fortran-skills,qwen38,fortran,1,610672,tsvc_2_vpvts,submit,ok,1,6674941,4.629046703784691,gcc
llr8w2-qwen38-fortran-skills,qwen38,fortran,1,610672,wf_north_west,score,incorrect,0,8220602,1.017161392355706,gcc
llr8w2-qwen38-fortran-skills,qwen38,fortran,1,610672,tsvc_2_vpvts,submit,ok,1,6824821,4.722090542530763,gcc
llr8w2-qwen38-fortran-skills,qwen38,fortran,1,610672,tsvc_2_vpvts,submit,ok,1,7128524,4.675337170822537,gcc
llr8w2-qwen38-fortran-skills,qwen38,fortran,1,610672,tsvc_2_vpvts,submit,ok,1,7281235,4.360771391069559,gcc
llr8w2-qwen38-fortran-skills,qwen38,fortran,1,610672,tsvc_2_vpvts,submit,score_error,0,7589313,0.0,gcc
llr8w2-qwen38-fortran-skills,qwen38,fortran,1,610672,tsvc_2_vpvts,submit,ok,1,7744312,4.404379104980254,gcc
llr8w2-qwen38-fortran-skills,qwen38,fortran,1,610672,tsvc_2_vpvts,submit,ok,1,8056435,4.404379104980254,gcc
llr8w2-qwen38-fortran-skills,qwen38,fortran,1,610672,tsvc_2_vpvts,submit,ok,1,8213571,4.817004562435631,gcc
llr8w2-qwen38-fortran-skills,qwen38,fortran,1,610672,tsvc_2_vpvts,submit,ok,1,8371574,4.865174608059988,gcc
llr8w2-qwen38-fortran-skills,qwen38,fortran,1,610672,wf_north_west,score,ok,1,8473204,3.8206038721886943,gcc
llr8w2-qwen38-fortran-skills,qwen38,fortran,1,610672,tsvc_2_vpvts,submit,ok,1,8530937,4.7693114479560705,gcc
llr8w2-qwen38-fortran-skills,qwen38,fortran,1,610672,wf_north_west,submit,ok,1,8499482,3.7937096290198276,gcc
llr8w2-qwen38-fortran-skills,qwen38,fortran,1,610672,tsvc_2_vpvts,submit,ok,1,8851380,4.583214558202664,gcc
llr8w2-qwen38-fortran-skills,qwen38,fortran,1,610672,tsvc_2_vpvts,submit,ok,1,9012636,4.583214558202664,gcc
llr8w2-qwen38-fortran-skills,qwen38,fortran,1,610672,wf_north_west,score,ok,1,8694026,3.2317321595024744,gcc
llr8w2-qwen38-fortran-skills,qwen38,fortran,1,610672,tsvc_2_s1232,score,build_error,0,99785,0.0,gcc
llr8w2-qwen38-fortran-skills,qwen38,fortran,1,610672,tsvc_2_s1232,score,incorrect,0,178163,0.0,gcc
llr8w2-qwen38-fortran-skills,qwen38,fortran,1,610672,fuse_stencil_through_transient,score,incorrect,0,246296,0.0,gcc
llr8w2-qwen38-fortran-skills,qwen38,fortran,1,610672,tsvc_2_s1232,score,ok,1,263942,1.7382003750119237,gcc
llr8w2-qwen38-fortran-skills,qwen38,fortran,1,610672,fuse_stencil_through_transient,score,incorrect,0,368492,24.083978980342614,gcc
llr8w2-qwen38-fortran-skills,qwen38,fortran,1,610672,tsvc_2_s1232,submit,ok,1,293500,1.7285245734721935,gcc
llr8w2-qwen38-fortran-skills,qwen38,fortran,1,610672,fuse_stencil_through_transient,score,incorrect,0,400026,0.05636070853462158,gcc
llr8w2-qwen38-fortran-skills,qwen38,fortran,1,610672,fuse_stencil_through_transient,score,incorrect,0,400026,20.012479016163013,gcc
llr8w2-qwen38-fortran-skills,qwen38,fortran,1,610672,tsvc_2_s235,score,incorrect,0,431242,0.0,gcc
llr8w2-qwen38-fortran-skills,qwen38,fortran,1,610672,tsvc_2_s235,score,incorrect,0,589285,60.29056628681733,gcc
llr8w2-qwen38-fortran-skills,qwen38,fortran,1,610672,ext_break_post_body,score,incorrect,0,1969193,0.0,gcc
llr8w2-qwen38-fortran-skills,qwen38,fortran,1,610672,ext_break_post_body,score,ok,1,2465624,3.214172302995855,gcc
llr8w2-qwen38-fortran-skills,qwen38,fortran,1,610672,tsvc_2_s1232,score,ok,1,1724197,164.17198368001056,gcc
llr8w2-qwen38-fortran-skills,qwen38,fortran,1,610672,tsvc_2_s1232,submit,ok,1,1806656,158.33584909519058,gcc
llr8w2-qwen38-fortran-skills,qwen38,fortran,1,610672,tsvc_2_s1232,score,ok,1,1976683,11.758888088940099,gcc
llr8w2-qwen38-fortran-skills,qwen38,fortran,1,610672,tsvc_2_s275,score,incorrect,0,418643,0.9922636528690915,gcc
llr8w2-qwen38-fortran-skills,qwen38,fortran,1,610672,tsvc_2_s323,score,incorrect,0,429889,0.0,gcc
llr8w2-qwen38-fortran-skills,qwen38,fortran,1,610672,tsvc_2_s323,score,incorrect,0,547605,4.173639019954071,gcc
llr8w2-qwen38-fortran-skills,qwen38,fortran,1,610672,tsvc_2_vtvtv,score,incorrect,0,283811,0.0,gcc
llr8w2-qwen38-fortran-skills,qwen38,fortran,1,610672,tsvc_2_s3112,score,ok,1,2423463,1.0077455263638422,gcc
llr8w2-qwen38-fortran-skills,qwen38,fortran,1,610672,tsvc_2_vtvtv,score,ok,1,430717,5.283327838144381,gcc
llr8w2-qwen38-fortran-skills,qwen38,fortran,1,610672,tsvc_2_vtvtv,submit,ok,1,469117,4.962964617681994,gcc
llr8w2-qwen38-fortran-skills,qwen38,fortran,1,610672,tsvc_2_s3112,score,incorrect,0,2509174,4.1792936394357785,gcc
llr8w2-qwen38-fortran-skills,qwen38,fortran,1,610672,tsvc_2_s3112,submit,ok,1,2892674,1.0,gcc
llr8w2-qwen38-fortran-skills,qwen38,fortran,1,610672,tsvc_2_s275,score,timeout,0,1879653,0.0,gcc
llr8w2-qwen38-fortran-skills,qwen38,fortran,1,610672,tsvc_2_s3112,submit,ok,1,3235468,1.0,gcc
llr8w2-qwen38-fortran-skills,qwen38,fortran,1,610672,tsvc_2_s3112,submit,ok,1,3366661,1.0,gcc
llr8w2-qwen38-fortran-skills,qwen38,fortran,1,610672,tsvc_2_s3112,submit,ok,1,3498574,1.0,gcc
llr8w2-qwen38-fortran-skills,qwen38,fortran,1,610672,tsvc_2_s323,score,ok,1,4540507,0.9959768347149407,gcc
llr8w2-qwen38-fortran-skills,qwen38,fortran,1,610672,tsvc_2_s3112,submit,ok,1,3635028,1.0,gcc
llr8w2-qwen38-fortran-skills,qwen38,fortran,1,610672,tsvc_2_s323,submit,ok,1,4676995,1.01,gcc
llr8w2-qwen38-fortran-skills,qwen38,fortran,1,610672,tsvc_2_s3112,submit,ok,1,3912470,1.0,gcc
llr8w2-qwen38-fortran-skills,qwen38,fortran,1,610672,tsvc_2_s3112,submit,ok,1,4055637,1.0,gcc
llr8w2-qwen38-fortran-skills,qwen38,fortran,1,610672,wf_triangular,score,ok,1,7924839,0.3039832285115304,gcc
llr8w2-qwen38-fortran-skills,qwen38,fortran,1,610672,wf_triangular,submit,incorrect,0,8009166,2.573537550058798,gcc
llr8w2-oss120b-fortran,oss120b,fortran,0,610668,tsvc_2_s252,score,incorrect,0,264025,0.0,gcc
llr8w2-oss120b-fortran,oss120b,fortran,0,610668,tsvc_2_s4112,score,incorrect,0,197039,0.0,gcc
llr8w2-oss120b-fortran,oss120b,fortran,0,610668,tsvc_2_s311,score,incorrect,0,313717,0.0,gcc
llr8w2-oss120b-fortran,oss120b,fortran,0,610668,tsvc_2_s1244,score,incorrect,0,243049,0.0,gcc
llr8w2-oss120b-fortran,oss120b,fortran,0,610668,tsvc_2_s252,score,ok,1,369016,0.9388172761066315,gcc
llr8w2-oss120b-fortran,oss120b,fortran,0,610668,tsvc_2_s4112,score,incorrect,0,280466,22.735947042301216,gcc
llr8w2-oss120b-fortran,oss120b,fortran,0,610668,tsvc_2_s311,score,ok,1,414748,20.893979891026554,gcc
llr8w2-oss120b-fortran,oss120b,fortran,0,610668,ext_war_unit,score,incorrect,0,814240,0.0,gcc
llr8w2-oss120b-fortran,oss120b,fortran,0,610668,tsvc_2_s311,submit,ok,1,436165,19.592540853390535,gcc
llr8w2-oss120b-fortran,oss120b,fortran,0,610668,wavefront2d,score,incorrect,0,246425,0.0,gcc
llr8w2-oss120b-fortran,oss120b,fortran,0,610668,tsvc_2_s252,score,incorrect,0,514709,0.0,gcc
llr8w2-oss120b-fortran,oss120b,fortran,0,610668,tsvc_2_s2275,score,incorrect,0,300556,0.0,gcc
llr8w2-oss120b-fortran,oss120b,fortran,0,610668,tsvc_2_s1244,score,incorrect,0,459363,3.1034383635922396,gcc
llr8w2-oss120b-fortran,oss120b,fortran,0,610668,tsvc_2_s4112,score,incorrect,0,398477,22.67514637881112,gcc
llr8w2-oss120b-fortran,oss120b,fortran,0,610668,ext_war_unit,score,ok,1,1107131,1.0206783295354858,gcc
llr8w2-oss120b-fortran,oss120b,fortran,0,610668,tsvc_2_s316,score,incorrect,0,471058,0.0,gcc
llr8w2-oss120b-fortran,oss120b,fortran,0,610668,quasi_affine_reduce_odd,score,ok,1,293742,10.594250094112988,gcc
llr8w2-oss120b-fortran,oss120b,fortran,0,610668,argmax_with_index,score,incorrect,0,710405,0.0,gcc
llr8w2-oss120b-fortran,oss120b,fortran,0,610668,tsvc_2_s252,score,ok,1,677878,2.5664444352405877,gcc
llr8w2-oss120b-fortran,oss120b,fortran,0,610668,tsvc_2_s2275,score,incorrect,0,473645,0.0,gcc
llr8w2-oss120b-fortran,oss120b,fortran,0,610668,wavefront2d,score,incorrect,0,409659,0.0,gcc
llr8w2-oss120b-fortran,oss120b,fortran,0,610668,quasi_affine_reduce_odd,submit,ok,1,312664,10.261278269382446,gcc
llr8w2-oss120b-fortran,oss120b,fortran,0,610668,ext_war_unit,score,incorrect,0,1254693,4.659876917823549,gcc
llr8w2-oss120b-fortran,oss120b,fortran,0,610668,tsvc_2_s316,score,ok,1,676000,11.889446436131017,gcc
llr8w2-oss120b-fortran,oss120b,fortran,0,610668,argmax_with_index,score,ok,1,847168,0.5988837887622606,gcc
llr8w2-oss120b-fortran,oss120b,fortran,0,610668,tsvc_2_s252,score,ok,1,796247,2.6018570587598484,gcc
llr8w2-oss120b-fortran,oss120b,fortran,0,610668,wavefront2d,score,incorrect,0,499466,0.1816103875175847,gcc
llr8w2-oss120b-fortran,oss120b,fortran,0,610668,tsvc_2_s1244,score,ok,1,664138,3.104043987214358,gcc
llr8w2-oss120b-fortran,oss120b,fortran,0,610668,tsvc_2_s2275,score,incorrect,0,1376234,0.0,gcc
llr8w2-oss120b-fortran,oss120b,fortran,0,610668,tsvc_2_s316,submit,ok,1,704010,11.448183361474655,gcc
llr8w2-oss120b-fortran,oss120b,fortran,0,610668,ext_war_unit,score,incorrect,0,1459289,0.0,gcc
llr8w2-oss120b-fortran,oss120b,fortran,0,610668,argmax_with_index,score,ok,1,1148134,1.002171384290991,gcc
llr8w2-oss120b-fortran,oss120b,fortran,0,610668,tsvc_2_s252,score,ok,1,920903,2.6147658262512423,gcc
llr8w2-oss120b-fortran,oss120b,fortran,0,610668,tsvc_2_s1244,submit,ok,1,692180,3.609584540755694,gcc
llr8w2-oss120b-fortran,oss120b,fortran,0,610668,wavefront2d,score,ok,1,604159,1.0000568582925131,gcc
llr8w2-oss120b-fortran,oss120b,fortran,0,610668,tsvc_2_s2275,score,incorrect,0,2021843,0.0,gcc
llr8w2-oss120b-fortran,oss120b,fortran,0,610668,argmax_with_index,submit,ok,1,1187354,1.0,gcc
llr8w2-oss120b-fortran,oss120b,fortran,0,610668,tsvc_2_s252,score,ok,1,1052107,3.9147908598635093,gcc
llr8w2-oss120b-fortran,oss120b,fortran,0,610668,ext_war_unit,score,ok,1,1868371,0.2164439690715168,gcc
llr8w2-oss120b-fortran,oss120b,fortran,0,610668,tsvc_2_s4112,score,incorrect,0,2006132,22.805704301326372,gcc
llr8w2-oss120b-fortran,oss120b,fortran,0,610668,wavefront2d,score,ok,1,721622,4.600613585595691,gcc
llr8w2-oss120b-fortran,oss120b,fortran,0,610668,tsvc_2_s2275,score,incorrect,0,3038317,0.0,gcc
llr8w2-oss120b-fortran,oss120b,fortran,0,610668,tsvc_2_s252,submit,overfit,0,1085801,3.869963192563126,gcc
llr8w2-oss120b-fortran,oss120b,fortran,0,610668,wavefront2d,submit,ok,1,762123,4.7693114479560705,gcc
llr8w2-oss120b-fortran,oss120b,fortran,0,610668,ext_war_unit,score,ok,1,2074148,1.0003151856001613,gcc
llr8w2-oss120b-fortran,oss120b,fortran,0,610668,tsvc_2_s4112,score,ok,1,2946980,22.3583849782435,gcc
llr8w2-oss120b-fortran,oss120b,fortran,0,610668,tsvc_2_s252,score,ok,1,1389934,2.625479978669037,gcc
llr8w2-oss120b-fortran,oss120b,fortran,0,610668,ext_war_unit,submit,ok,1,2127290,1.0201,gcc
llr8w2-oss120b-fortran,oss120b,fortran,0,610668,tsvc_2_s4112,submit,ok,1,3007545,22.52112048277706,gcc
llr8w2-oss120b-fortran,oss120b,fortran,0,610668,tsvc_2_s252,submit,ok,1,1429703,2.7048138294215285,gcc
llr8w2-oss120b-fortran,oss120b,fortran,0,610668,tsvc_2_s2275,score,incorrect,0,4439696,0.0,gcc
llr8w2-oss120b-fortran,oss120b,fortran,0,610668,tsvc_2_s2275,score,incorrect,0,4834973,0.0,gcc
llr8w2-oss120b-fortran,oss120b,fortran,0,610668,tsvc_2_s2275,score,incorrect,0,5754707,0.0,gcc
llr8w2-oss120b-fortran,oss120b,fortran,0,610668,tsvc_2_s2275,score,incorrect,0,7616613,0.0,gcc
llr8w2-oss120b-fortran,oss120b,fortran,0,610668,tsvc_2_s2275,score,incorrect,0,8435707,0.0,gcc
llr8w2-oss120b-fortran,oss120b,fortran,0,610668,tsvc_2_s2275,score,incorrect,0,8918067,0.0,gcc
llr8w2-oss120b-fortran,oss120b,fortran,0,610668,tsvc_2_s2275,score,incorrect,0,9844885,0.0,gcc
llr8w2-oss120b-fortran,oss120b,fortran,0,610668,tsvc_2_s2275,score,incorrect,0,10438539,0.0,gcc
llr8w2-oss120b-fortran,oss120b,fortran,0,610668,tsvc_2_s2275,score,incorrect,0,12363783,0.5505010272105991,gcc
llr8w2-oss120b-fortran,oss120b,fortran,0,610668,tsvc_2_s2275,score,incorrect,0,13527313,0.6903259726603576,gcc
llr8w2-oss120b-fortran,oss120b,fortran,0,610668,tsvc_2_s2275,score,incorrect,0,13923016,0.7294444444444445,gcc
llr8w2-oss120b-fortran,oss120b,fortran,0,610668,tsvc_2_s2275,score,incorrect,0,14326510,0.0,gcc
llr8w2-oss120b-fortran,oss120b,fortran,0,610668,tsvc_2_s2275,score,incorrect,0,15354819,1.405781584582441,gcc
llr8w2-oss120b-fortran,oss120b,fortran,0,610668,tsvc_2_s13110,score,incorrect,0,261372,0.0,gcc
llr8w2-oss120b-fortran,oss120b,fortran,0,610668,tsvc_2_s3110,score,incorrect,0,281906,0.0,gcc
llr8w2-oss120b-fortran,oss120b,fortran,0,610668,tsvc_2_s318,score,incorrect,0,209454,0.0,gcc
llr8w2-oss120b-fortran,oss120b,fortran,0,610668,tsvc_2_s115,score,build_error,0,192598,0.0,gcc
llr8w2-oss120b-fortran,oss120b,fortran,0,610668,ext_break_capture,score,incorrect,0,306985,0.0,gcc
llr8w2-oss120b-fortran,oss120b,fortran,0,610668,fuse_diamond,score,incorrect,0,112345,0.0,gcc
llr8w2-oss120b-fortran,oss120b,fortran,0,610668,tsvc_2_s318,score,incorrect,0,265107,19467.13753923415,gcc
llr8w2-oss120b-fortran,oss120b,fortran,0,610668,tsvc_2_s115,score,incorrect,0,251793,0.0,gcc
llr8w2-oss120b-fortran,oss120b,fortran,0,610668,tsvc_2_s3110,score,build_error,0,454565,0.0,gcc
llr8w2-oss120b-fortran,oss120b,fortran,0,610668,tsvc_2_vag,score,incorrect,0,346904,0.0,gcc
llr8w2-oss120b-fortran,oss120b,fortran,0,610668,tsvc_2_s13110,score,ok,1,629016,0.8201002090303131,gcc
llr8w2-oss120b-fortran,oss120b,fortran,0,610668,fuse_diamond,score,incorrect,0,155105,62.3741362768014,gcc
llr8w2-oss120b-fortran,oss120b,fortran,0,610668,ext_break_capture,score,incorrect,0,367633,694.17958770629,gcc
llr8w2-oss120b-fortran,oss120b,fortran,0,610668,tsvc_2_s3110,score,ok,1,531596,0.460874449293724,gcc
llr8w2-oss120b-fortran,oss120b,fortran,0,610668,tsvc_2_s255,score,incorrect,0,261030,0.0,gcc
llr8w2-oss120b-fortran,oss120b,fortran,0,610668,tsvc_2_vag,score,incorrect,0,447401,22.95824870585511,gcc
llr8w2-oss120b-fortran,oss120b,fortran,0,610668,tsvc_2_s231,score,incorrect,0,321462,0.0,gcc
llr8w2-oss120b-fortran,oss120b,fortran,0,610668,wf_diff_skew,score,incorrect,0,268814,0.0,gcc
llr8w2-oss120b-fortran,oss120b,fortran,0,610668,tsvc_2_s115,score,incorrect,0,476194,0.6178282560542135,gcc
llr8w2-oss120b-fortran,oss120b,fortran,0,610668,tsvc_2_s13110,score,ok,1,860648,0.5141438768897554,gcc
llr8w2-oss120b-fortran,oss120b,fortran,0,610668,fuse_diamond,score,incorrect,0,260619,62.381334117732855,gcc
llr8w2-oss120b-fortran,oss120b,fortran,0,610668,tsvc_2_s3110,score,ok,1,734182,2.141805608586615,gcc
llr8w2-oss120b-fortran,oss120b,fortran,0,610668,fuse_diamond,score,score_error,0,344059,0.0,gcc
llr8w2-oss120b-fortran,oss120b,fortran,0,610668,tsvc_2_s152,score,ok,1,338811,5.460451841406199,gcc
llr8w2-oss120b-fortran,oss120b,fortran,0,610668,wf_diff_skew,score,incorrect,0,343830,1.3051455817723616,gcc
llr8w2-oss120b-fortran,oss120b,fortran,0,610668,tsvc_2_s115,score,ok,1,588862,0.6733473464055262,gcc
llr8w2-oss120b-fortran,oss120b,fortran,0,610668,tsvc_2_s3110,submit,ok,1,764785,2.1091284683560785,gcc
llr8w2-oss120b-fortran,oss120b,fortran,0,610668,tsvc_2_s13110,score,ok,1,990198,0.7000734006247789,gcc
llr8w2-oss120b-fortran,oss120b,fortran,0,610668,fuse_diamond,score,incorrect,0,432554,14.147831950391689,gcc
llr8w2-oss120b-fortran,oss120b,fortran,0,610668,tsvc_2_s275,score,incorrect,0,452686,129.48614788796877,gcc
llr8w2-oss120b-fortran,oss120b,fortran,0,610668,wf_diff_skew,score,build_error,0,425784,0.0,gcc
llr8w2-oss120b-fortran,oss120b,fortran,0,610668,tsvc_2_s115,score,ok,1,802522,0.7094491151194147,gcc
llr8w2-oss120b-fortran,oss120b,fortran,0,610668,ext_break_capture,score,incorrect,0,1080491,738.7026908046678,gcc
llr8w2-oss120b-fortran,oss120b,fortran,0,610668,tsvc_2_s13110,score,ok,1,1171164,13.802869204897382,gcc
llr8w2-oss120b-fortran,oss120b,fortran,0,610668,wf_diff_skew,score,build_error,0,607761,0.0,gcc
llr8w2-oss120b-fortran,oss120b,fortran,0,610668,tsvc_2_vag,score,incorrect,0,1044891,22.757014664630155,gcc
llr8w2-oss120b-fortran,oss120b,fortran,0,610668,tsvc_2_s231,score,incorrect,0,609815,105.30110211863197,gcc
llr8w2-oss120b-fortran,oss120b,fortran,0,610668,tsvc_2_s318,score,incorrect,0,1066820,21416.54012430939,gcc
llr8w2-oss120b-fortran,oss120b,fortran,0,610668,tsvc_2_s13110,submit,ok,1,1208853,12.274002099240244,gcc
llr8w2-oss120b-fortran,oss120b,fortran,0,610668,tsvc_2_s115,score,ok,1,1140787,0.7480194700121015,gcc
llr8w2-oss120b-fortran,oss120b,fortran,0,610668,wf_diff_skew,score,incorrect,0,850493,0.6570387819364953,gcc
llr8w2-oss120b-fortran,oss120b,fortran,0,610668,tsvc_2_vag,score,incorrect,0,1393930,22.90548433476185,gcc
llr8w2-oss120b-fortran,oss120b,fortran,0,610668,tsvc_2_s318,score,incorrect,0,1235251,1.6491228070175439,gcc
llr8w2-oss120b-fortran,oss120b,fortran,0,610668,fuse_diamond,score,ok,1,791509,62.19091307008579,gcc
llr8w2-oss120b-fortran,oss120b,fortran,0,610668,tsvc_2_s231,score,incorrect,0,1403785,110.09460101457786,gcc
llr8w2-oss120b-fortran,oss120b,fortran,0,610668,tsvc_2_s255,score,ok,1,972738,5.789830810473113,gcc
llr8w2-oss120b-fortran,oss120b,fortran,0,610668,tsvc_2_s318,score,incorrect,0,1279065,9513.992701227831,gcc
llr8w2-oss120b-fortran,oss120b,fortran,0,610668,fuse_diamond,score,ok,1,933171,62.02818233295583,gcc
llr8w2-oss120b-fortran,oss120b,fortran,0,610668,tsvc_2_s255,submit,ok,1,1010303,5.537022529567735,gcc
llr8w2-oss120b-fortran,oss120b,fortran,0,610668,tsvc_2_s115,score,ok,1,1845543,0.7375083559962268,gcc
llr8w2-oss120b-fortran,oss120b,fortran,0,610668,ext_break_capture,score,incorrect,0,1788627,6833.97186716792,gcc
llr8w2-oss120b-fortran,oss120b,fortran,0,610668,fuse_diamond,score,ok,1,1042899,61.87227541020644,gcc
llr8w2-oss120b-fortran,oss120b,fortran,0,610668,wf_diff_skew,score,build_error,0,1440188,0.0,gcc
llr8w2-oss120b-fortran,oss120b,fortran,0,610668,tsvc_2_s119,score,ok,1,1778313,0.10061855361806203,gcc
llr8w2-oss120b-fortran,oss120b,fortran,0,610668,tsvc_2_vag,score,incorrect,0,1964286,22.703499682131344,gcc
llr8w2-oss120b-fortran,oss120b,fortran,0,610668,tsvc_2_s115,score,ok,1,2028560,0.7335918803097251,gcc
llr8w2-oss120b-fortran,oss120b,fortran,0,610668,wf_diff_skew,score,incorrect,0,1577076,0.6258688355463188,gcc
llr8w2-oss120b-fortran,oss120b,fortran,0,610668,fuse_diamond,score,ok,1,1232757,62.16352214542845,gcc
llr8w2-oss120b-fortran,oss120b,fortran,0,610668,tsvc_2_s231,score,incorrect,0,2151689,110.6805159908131,gcc
llr8w2-oss120b-fortran,oss120b,fortran,0,610668,fuse_diamond,submit,ok,1,1310945,60.31231498602361,gcc
llr8w2-oss120b-fortran,oss120b,fortran,0,610668,tsvc_2_s115,score,ok,1,2563797,0.7901894790972491,gcc
llr8w2-oss120b-fortran,oss120b,fortran,0,610668,tsvc_2_s231,score,incorrect,0,2317565,103.5848967174456,gcc
llr8w2-oss120b-fortran,oss120b,fortran,0,610668,tsvc_2_vag,score,incorrect,0,3516226,12.064922466464218,gcc
llr8w2-oss120b-fortran,oss120b,fortran,0,610668,wf_diff_skew,score,incorrect,0,3798032,0.7691289510514601,gcc
llr8w2-oss120b-fortran,oss120b,fortran,0,610668,tsvc_2_s318,score,incorrect,0,2270187,22244.566458647158,gcc
llr8w2-oss120b-fortran,oss120b,fortran,0,610668,tsvc_2_s115,score,incorrect,0,3000432,0.0,gcc
llr8w2-oss120b-fortran,oss120b,fortran,0,610668,tsvc_2_s115,score,ok,1,3232875,0.7173204752346091,gcc
llr8w2-oss120b-fortran,oss120b,fortran,0,610668,ext_break_capture,score,incorrect,0,3591975,6761.946125232486,gcc
llr8w2-oss120b-fortran,oss120b,fortran,0,610668,wf_diff_skew,score,ok,1,3901334,0.9928322435977985,gcc
llr8w2-oss120b-fortran,oss120b,fortran,0,610668,tsvc_2_s231,score,incorrect,0,2864992,109.16913359615927,gcc
llr8w2-oss120b-fortran,oss120b,fortran,0,610668,tsvc_2_s115,score,ok,1,3597992,0.7218455413805951,gcc
llr8w2-oss120b-fortran,oss120b,fortran,0,610668,tsvc_2_s231,score,incorrect,0,3324493,12.051271437571035,gcc
llr8w2-oss120b-fortran,oss120b,fortran,0,610668,wf_diff_skew,score,incorrect,0,3990816,0.872065493532347,gcc
llr8w2-oss120b-fortran,oss120b,fortran,0,610668,tsvc_2_s115,score,ok,1,3850823,0.7293210374712908,gcc
llr8w2-oss120b-fortran,oss120b,fortran,0,610668,wf_diff_skew,score,incorrect,0,4035472,0.8454315282370377,gcc
llr8w2-oss120b-fortran,oss120b,fortran,0,610668,ext_break_capture,score,ok,1,4247656,1.032875938457528,gcc
llr8w2-oss120b-fortran,oss120b,fortran,0,610668,tsvc_2_s318,score,incorrect,0,2588178,20005.72496937657,gcc
llr8w2-oss120b-fortran,oss120b,fortran,0,610668,tsvc_2_s231,score,incorrect,0,3402864,12.041919839756481,gcc
llr8w2-oss120b-fortran,oss120b,fortran,0,610668,wf_diff_skew,score,ok,1,4480763,0.6025523330554627,gcc
llr8w2-oss120b-fortran,oss120b,fortran,0,610668,tsvc_2_s115,score,incorrect,0,4288900,1.3212050311730872,gcc
llr8w2-oss120b-fortran,oss120b,fortran,0,610668,wf_diff_skew,score,ok,1,4699619,0.9510058340769506,gcc
llr8w2-oss120b-fortran,oss120b,fortran,0,610668,wf_diff_skew,score,ok,1,4904555,1.0451862093662179,gcc
llr8w2-oss120b-fortran,oss120b,fortran,0,610668,tsvc_2_s318,score,incorrect,0,3352062,19955.549839228297,gcc
llr8w2-oss120b-fortran,oss120b,fortran,0,610668,wf_diff_skew,submit,ok,1,4940156,1.0,gcc
llr8w2-oss120b-fortran,oss120b,fortran,0,610668,tsvc_2_s115,score,ok,1,4733821,1.0516735824345567,gcc
llr8w2-oss120b-fortran,oss120b,fortran,0,610668,tsvc_2_s316,score,ok,1,3493484,13.268579763100497,gcc
llr8w2-oss120b-fortran,oss120b,fortran,0,610668,tsvc_2_s231,score,incorrect,0,3951518,12.097257179956129,gcc
llr8w2-oss120b-fortran,oss120b,fortran,0,610668,tsvc_2_s318,score,incorrect,0,4340301,20321.466928618207,gcc
llr8w2-oss120b-fortran,oss120b,fortran,0,610668,tsvc_2_s115,score,ok,1,4965170,1.0726033131690023,gcc
llr8w2-oss120b-fortran,oss120b,fortran,0,610668,tsvc_2_s318,score,incorrect,0,5135412,1.373134328358209,gcc
llr8w2-oss120b-fortran,oss120b,fortran,0,610668,tsvc_2_s318,score,incorrect,0,5195999,10408.488292319165,gcc
llr8w2-oss120b-fortran,oss120b,fortran,0,610668,tsvc_2_s318,score,score_error,0,5318659,0.0,gcc
llr8w2-oss120b-fortran,oss120b,fortran,0,610668,tsvc_2_s318,score,incorrect,0,5504956,18625.978391356544,gcc
llr8w2-oss120b-fortran,oss120b,fortran,0,610668,tsvc_2_s318,score,incorrect,0,6137513,20966.81081081081,gcc
llr8w2-oss120b-fortran,oss120b,fortran,0,610668,tsvc_2_s318,score,score_error,0,6160027,0.0,gcc
llr8w2-oss120b-fortran,oss120b,fortran,0,610668,tsvc_2_s318,score,build_error,0,6205985,0.0,gcc
llr8w2-oss120b-fortran,oss120b,fortran,0,610668,tsvc_2_s318,score,incorrect,0,7725186,1.4838709677419355,gcc
llr8w2-oss120b-fortran,oss120b,fortran,0,610668,tsvc_2_s318,score,incorrect,0,8425568,19915.846222963868,gcc
llr8w2-oss120b-fortran,oss120b,fortran,0,610668,tsvc_2_s318,score,incorrect,0,8831160,15508.276219931271,gcc
llr8w2-oss120b-fortran,oss120b,fortran,0,610668,wf_north_west,score,incorrect,0,192371,0.0,gcc
llr8w2-oss120b-fortran,oss120b,fortran,0,610668,tsvc_2_vpvts,score,incorrect,0,242330,0.0,gcc
llr8w2-oss120b-fortran,oss120b,fortran,0,610668,wf_north_west,score,ok,1,238959,0.9965730421045648,gcc
llr8w2-oss120b-fortran,oss120b,fortran,0,610668,tsvc_2_s3111,score,incorrect,0,407583,0.0,gcc
llr8w2-oss120b-fortran,oss120b,fortran,0,610668,tsvc_2_s319,score,incorrect,0,494803,0.0,gcc
llr8w2-oss120b-fortran,oss120b,fortran,0,610668,tsvc_2_s319,score,incorrect,0,428207,0.0,gcc
llr8w2-oss120b-fortran,oss120b,fortran,0,610668,tsvc_2_s152,score,incorrect,0,449463,0.0,gcc
llr8w2-oss120b-fortran,oss120b,fortran,0,610668,wf_north_west,score,ok,1,315542,0.9980626399263081,gcc
llr8w2-oss120b-fortran,oss120b,fortran,0,610668,tsvc_2_s319,score,incorrect,0,470705,0.0,gcc
llr8w2-oss120b-fortran,oss120b,fortran,0,610668,tsvc_2_s152,score,ok,1,616433,5.090815714840271,gcc
llr8w2-oss120b-fortran,oss120b,fortran,0,610668,tsvc_2_s3111,score,ok,1,700141,21.705758767926074,gcc
llr8w2-oss120b-fortran,oss120b,fortran,0,610668,tsvc_2_s152,submit,ok,1,642514,4.3175954367025335,gcc
llr8w2-oss120b-fortran,oss120b,fortran,0,610668,wf_north_west,score,incorrect,0,384672,0.5390585184185746,gcc
llr8w2-oss120b-fortran,oss120b,fortran,0,610668,tsvc_2_s319,score,ok,1,1044777,5.702007090618074,gcc
llr8w2-oss120b-fortran,oss120b,fortran,0,610668,tsvc_2_s3111,submit,ok,1,728101,21.42807338581991,gcc
llr8w2-oss120b-fortran,oss120b,fortran,0,610668,ext_break_find_first,score,incorrect,0,172547,0.0,gcc
llr8w2-oss120b-fortran,oss120b,fortran,0,610668,fuse_move_ifs,score,incorrect,0,423780,0.0,gcc
llr8w2-oss120b-fortran,oss120b,fortran,0,610668,tsvc_2_s119,score,incorrect,0,702989,0.0,gcc
llr8w2-oss120b-fortran,oss120b,fortran,0,610668,tsvc_2_s2710,score,incorrect,0,677768,0.0,gcc
llr8w2-oss120b-fortran,oss120b,fortran,0,610668,tsvc_2_s319,submit,ok,1,1073292,6.823781938961509,gcc
llr8w2-oss120b-fortran,oss120b,fortran,0,610668,tsvc_2_vpvts,score,incorrect,0,1313874,4.693695299706837,gcc
llr8w2-oss120b-fortran,oss120b,fortran,0,610668,tsvc_2_s233,score,incorrect,0,821110,0.0,gcc
llr8w2-oss120b-fortran,oss120b,fortran,0,610668,wf_north_west,score,incorrect,0,855794,0.4730391740580867,gcc
llr8w2-oss120b-fortran,oss120b,fortran,0,610668,tsvc_2_s119,score,incorrect,0,989342,2.0620914850684233,gcc
llr8w2-oss120b-fortran,oss120b,fortran,0,610668,ext_break_find_first,score,ok,1,623776,4.763319655805343,gcc
llr8w2-oss120b-fortran,oss120b,fortran,0,610668,fuse_move_ifs,score,incorrect,0,650104,501.7742165296727,gcc
llr8w2-oss120b-fortran,oss120b,fortran,0,610668,tsvc_2_s2710,score,ok,1,1281104,30.27095258658513,gcc
llr8w2-oss120b-fortran,oss120b,fortran,0,610668,tsvc_2_vpvts,score,incorrect,0,1570344,4.660548897703453,gcc
llr8w2-oss120b-fortran,oss120b,fortran,0,610668,tsvc_2_s233,score,incorrect,0,1100486,17.28176910086996,gcc
llr8w2-oss120b-fortran,oss120b,fortran,0,610668,ext_break_find_first,submit,ok,1,652588,4.448422896030057,gcc
llr8w2-oss120b-fortran,oss120b,fortran,0,610668,tsvc_2_s2710,submit,ok,1,1322962,21.42807338581991,gcc
llr8w2-oss120b-fortran,oss120b,fortran,0,610668,fuse_move_ifs,score,incorrect,0,836338,511.57135605001525,gcc
llr8w2-oss120b-fortran,oss120b,fortran,0,610668,tsvc_2_s231,score,incorrect,0,1137203,110.7995802152159,gcc
llr8w2-oss120b-fortran,oss120b,fortran,0,610668,wf_north_west,score,ok,1,1585788,0.9964460318744145,gcc
llr8w2-oss120b-fortran,oss120b,fortran,0,610668,tsvc_2_s119,score,ok,1,1858147,0.09562287992451603,gcc
llr8w2-oss120b-fortran,oss120b,fortran,0,610668,tsvc_2_vpvts,score,ok,1,2478688,4.667111189134771,gcc
llr8w2-oss120b-fortran,oss120b,fortran,0,610668,tsvc_2_s115,score,ok,1,1175399,0.6949805181415449,gcc
llr8w2-oss120b-fortran,oss120b,fortran,0,610668,tsvc_2_vpvts,submit,ok,1,2526872,4.675337170822537,gcc
llr8w2-oss120b-fortran,oss120b,fortran,0,610668,tsvc_2_s119,score,ok,1,2058330,0.9615504268351351,gcc
llr8w2-oss120b-fortran,oss120b,fortran,0,610668,tsvc_2_s235,score,incorrect,0,1214537,1.55682856755853,gcc
llr8w2-oss120b-fortran,oss120b,fortran,0,610668,wf_north_west,score,ok,1,2902812,0.998460592850883,gcc
llr8w2-oss120b-fortran,oss120b,fortran,0,610668,tsvc_2_s119,score,ok,1,1254435,0.9855995615189114,gcc
llr8w2-oss120b-fortran,oss120b,fortran,0,610668,tsvc_2_s119,score,ok,1,2326248,0.9870234657852525,gcc
llr8w2-oss120b-fortran,oss120b,fortran,0,610668,tsvc_2_s233,score,ok,1,1821815,1.8947544761007258,gcc
llr8w2-oss120b-fortran,oss120b,fortran,0,610668,wf_north_west,score,ok,1,3687930,0.999017407525559,gcc
llr8w2-oss120b-fortran,oss120b,fortran,0,610668,fuse_move_ifs,score,incorrect,0,3080479,470.4597285067873,gcc
llr8w2-oss120b-fortran,oss120b,fortran,0,610668,wf_north_west,score,ok,1,4600473,0.9967473899409159,gcc
llr8w2-oss120b-fortran,oss120b,fortran,0,610668,tsvc_2_s233,score,ok,1,2407319,1.864743105851325,gcc
llr8w2-oss120b-fortran,oss120b,fortran,0,610668,tsvc_2_s119,score,ok,1,3093342,1.1542341850152793,gcc
llr8w2-oss120b-fortran,oss120b,fortran,0,610668,tsvc_2_s233,score,ok,1,2661721,1.9036866269649286,gcc
llr8w2-oss120b-fortran,oss120b,fortran,0,610668,tsvc_2_s119,submit,ok,1,3156937,1.1725786449236988,gcc
llr8w2-oss120b-fortran,oss120b,fortran,0,610668,tsvc_2_s233,submit,ok,1,2765105,1.9477447545866546,gcc
llr8w2-oss120b-fortran,oss120b,fortran,0,610668,fuse_move_ifs,score,incorrect,0,3399155,505.24836519943466,gcc
llr8w2-oss120b-fortran,oss120b,fortran,0,610668,wf_north_west,score,ok,1,4733477,1.0002031372593085,gcc
llr8w2-oss120b-fortran,oss120b,fortran,0,610668,wf_north_west,submit,ok,1,4746578,1.0,gcc
llr8w2-oss120b-fortran,oss120b,fortran,0,610668,fuse_move_ifs,score,incorrect,0,4562071,548.4196294441663,gcc
llr8w2-oss120b-fortran,oss120b,fortran,0,610668,fuse_move_ifs,score,incorrect,0,4729552,0.15637860082304528,gcc
llr8w2-oss120b-fortran,oss120b,fortran,0,610668,fuse_move_ifs,score,incorrect,0,5043496,495.2392101693212,gcc
llr8w2-oss120b-fortran,oss120b,fortran,0,610668,fuse_move_ifs,score,incorrect,0,6931531,4477.431667748216,gcc
llr8w2-oss120b-fortran,oss120b,fortran,0,610668,fuse_move_ifs,score,incorrect,0,7650203,4566.328391793514,gcc
llr8w2-oss120b-fortran,oss120b,fortran,0,610668,fuse_move_ifs,score,incorrect,0,8130337,4333.724137931034,gcc
llr8w2-oss120b-fortran,oss120b,fortran,0,610668,fuse_move_ifs,score,incorrect,0,8163677,0.6551724137931034,gcc
llr8w2-oss120b-fortran,oss120b,fortran,0,610668,fuse_move_ifs,score,incorrect,0,8197425,4639.197606382979,gcc
llr8w2-oss120b-fortran,oss120b,fortran,0,610668,fuse_move_ifs,score,incorrect,0,10402287,4732.31975308642,gcc
llr8w2-oss120b-fortran,oss120b,fortran,0,610668,wf_triangular,score,score_error,0,12645,0.0,gcc
llr8w2-oss120b-fortran,oss120b,fortran,0,610668,wf_triangular,score,incorrect,0,240685,0.0,gcc
llr8w2-oss120b-fortran,oss120b,fortran,0,610668,fuse_stencil_through_transient,score,incorrect,0,193315,0.0,gcc
llr8w2-oss120b-fortran,oss120b,fortran,0,610668,tsvc_2_s3112,score,incorrect,0,339570,0.0,gcc
llr8w2-oss120b-fortran,oss120b,fortran,0,610668,wf_triangular,score,incorrect,0,373183,0.05810687123206501,gcc
llr8w2-oss120b-fortran,oss120b,fortran,0,610668,tsvc_2_s275,score,incorrect,0,786778,0.0,gcc
llr8w2-oss120b-fortran,oss120b,fortran,0,610668,tsvc_2_s235,score,incorrect,0,321935,0.0,gcc
llr8w2-oss120b-fortran,oss120b,fortran,0,610668,tsvc_2_vtvtv,score,incorrect,0,402124,0.0,gcc
llr8w2-oss120b-fortran,oss120b,fortran,0,610668,tsvc_2_s275,score,incorrect,0,922410,130.8282944596842,gcc
llr8w2-oss120b-fortran,oss120b,fortran,0,610668,tsvc_2_s2233,score,incorrect,0,683957,0.0,gcc
llr8w2-oss120b-fortran,oss120b,fortran,0,610668,tsvc_2_s1232,score,incorrect,0,761337,0.0,gcc
llr8w2-oss120b-fortran,oss120b,fortran,0,610668,tsvc_2_s235,score,incorrect,0,597978,103.93471357749632,gcc
llr8w2-oss120b-fortran,oss120b,fortran,0,610668,tsvc_2_s275,score,incorrect,0,1179701,132.29922012494345,gcc
llr8w2-oss120b-fortran,oss120b,fortran,0,610668,tsvc_2_vtvtv,score,ok,1,777261,4.899998476196714,gcc
llr8w2-oss120b-fortran,oss120b,fortran,0,610668,tsvc_2_s3112,score,incorrect,0,1806977,0.0,gcc
llr8w2-oss120b-fortran,oss120b,fortran,0,610668,wf_triangular,score,ok,1,947863,0.21749661830218903,gcc
llr8w2-oss120b-fortran,oss120b,fortran,0,610668,ext_break_post_body,score,incorrect,0,505304,0.0,gcc
llr8w2-oss120b-fortran,oss120b,fortran,0,610668,tsvc_2_s2233,score,incorrect,0,1064590,22.27221005957193,gcc
llr8w2-oss120b-fortran,oss120b,fortran,0,610668,tsvc_2_vtvtv,submit,ok,1,803348,4.629046703784691,gcc
llr8w2-oss120b-fortran,oss120b,fortran,0,610668,fuse_stencil_through_transient,score,incorrect,0,635073,8.967891967820238,gcc
llr8w2-oss120b-fortran,oss120b,fortran,0,610668,tsvc_2_s1232,score,incorrect,0,1120221,63.08885396565465,gcc
llr8w2-oss120b-fortran,oss120b,fortran,0,610668,tsvc_2_s275,score,incorrect,0,1608980,22.443780091097903,gcc
llr8w2-oss120b-fortran,oss120b,fortran,0,610668,wf_triangular,score,incorrect,0,1280466,0.5384836458081714,gcc
llr8w2-oss120b-fortran,oss120b,fortran,0,610668,tsvc_2_s3112,score,incorrect,0,2567188,6.021904065527539,gcc
llr8w2-oss120b-fortran,oss120b,fortran,0,610668,tsvc_2_s2233,score,incorrect,0,1287547,22.402722840649247,gcc
llr8w2-oss120b-fortran,oss120b,fortran,0,610668,ext_break_post_body,score,ok,1,978724,3.3271419799099706,gcc
llr8w2-oss120b-fortran,oss120b,fortran,0,610668,tsvc_2_s323,score,incorrect,0,507734,0.0,gcc
llr8w2-oss120b-fortran,oss120b,fortran,0,610668,tsvc_2_s235,score,incorrect,0,1396970,34.56250362622152,gcc
llr8w2-oss120b-fortran,oss120b,fortran,0,610668,tsvc_2_s275,score,incorrect,0,1944627,0.9887828335025607,gcc
llr8w2-oss120b-fortran,oss120b,fortran,0,610668,tsvc_2_s3112,score,incorrect,0,2772427,6.0937601429464205,gcc
llr8w2-oss120b-fortran,oss120b,fortran,0,610668,ext_break_post_body,submit,ok,1,1013949,2.7048138294215285,gcc
llr8w2-oss120b-fortran,oss120b,fortran,0,610668,tsvc_2_s119,score,incorrect,0,1921436,2.1301700514232804,gcc
llr8w2-oss120b-fortran,oss120b,fortran,0,610668,wf_triangular,score,incorrect,0,2197366,0.5279580214983576,gcc
llr8w2-oss120b-fortran,oss120b,fortran,0,610668,tsvc_2_s115,score,ok,1,1445238,0.7390968604122048,gcc
llr8w2-oss120b-fortran,oss120b,fortran,0,610668,tsvc_2_s2233,score,incorrect,0,1460828,1.1935545103513385,gcc
llr8w2-oss120b-fortran,oss120b,fortran,0,610668,tsvc_2_s323,score,incorrect,0,640965,3.000617867256606,gcc
llr8w2-oss120b-fortran,oss120b,fortran,0,610668,tsvc_2_s3112,score,ok,1,3727314,0.9987585278773199,gcc
llr8w2-oss120b-fortran,oss120b,fortran,0,610668,tsvc_2_s275,score,incorrect,0,3449365,18.272959135081827,gcc
llr8w2-oss120b-fortran,oss120b,fortran,0,610668,tsvc_2_s115,score,ok,1,1969680,0.7164622006320718,gcc
llr8w2-oss120b-fortran,oss120b,fortran,0,610668,wf_triangular,score,incorrect,0,3270697,0.5235133224073824,gcc
llr8w2-oss120b-fortran,oss120b,fortran,0,610668,tsvc_2_s235,score,incorrect,0,1856130,1.4935308742092754,gcc
llr8w2-oss120b-fortran,oss120b,fortran,0,610668,tsvc_2_s2233,score,incorrect,0,1694339,1.194180140122944,gcc
llr8w2-oss120b-fortran,oss120b,fortran,0,610668,tsvc_2_s231,score,incorrect,0,2018596,102.85617669041015,gcc
llr8w2-oss120b-fortran,oss120b,fortran,0,610668,tsvc_2_s3112,submit,incorrect,0,4425614,6.6230955215626395,gcc
llr8w2-oss120b-fortran,oss120b,fortran,0,610668,tsvc_2_s323,score,incorrect,0,1103381,2.949571467396119,gcc
llr8w2-oss120b-fortran,oss120b,fortran,0,610668,wf_triangular,score,incorrect,0,4244125,0.5169328278544224,gcc
llr8w2-oss120b-fortran,oss120b,fortran,0,610668,tsvc_2_s3112,submit,ok,1,4591110,1.0,gcc
llr8w2-oss120b-fortran,oss120b,fortran,0,610668,tsvc_2_s323,score,incorrect,0,1691880,0.8036243482246306,gcc
llr8w2-oss120b-fortran,oss120b,fortran,0,610668,wf_triangular,score,score_error,0,5237539,0.0,gcc
llr8w2-oss120b-fortran,oss120b,fortran,0,610668,tsvc_2_s1232,score,incorrect,0,4356754,20.76908259241608,gcc
llr8w2-oss120b-fortran,oss120b,fortran,0,610668,tsvc_2_s2233,score,incorrect,0,2398553,1.1889471311183817,gcc
llr8w2-oss120b-fortran,oss120b,fortran,0,610668,wf_triangular,score,ok,1,5267921,0.0017383464848236357,gcc
llr8w2-oss120b-fortran,oss120b,fortran,0,610668,tsvc_2_s323,score,ok,1,1859732,0.8224019957386184,gcc
llr8w2-oss120b-fortran,oss120b,fortran,0,610668,wf_triangular,score,ok,1,5298611,0.26054621112321136,gcc
llr8w2-oss120b-fortran,oss120b,fortran,0,610668,wf_triangular,score,ok,1,5329607,0.5789033963567785,gcc
llr8w2-oss120b-fortran,oss120b,fortran,0,610668,tsvc_2_s1232,score,ok,1,4546765,1.567970470503197,gcc
llr8w2-oss120b-fortran,oss120b,fortran,0,610668,wf_triangular,score,ok,1,5456257,0.2502482987735537,gcc
llr8w2-oss120b-fortran,oss120b,fortran,0,610668,tsvc_2_s2233,score,incorrect,0,2544170,1.1903900556699354,gcc
llr8w2-oss120b-fortran,oss120b,fortran,0,610668,tsvc_2_s1232,submit,ok,1,4581303,1.5187898946333447,gcc
llr8w2-oss120b-fortran,oss120b,fortran,0,610668,tsvc_2_s323,score,ok,1,2162875,1.0006200013127862,gcc
llr8w2-oss120b-fortran,oss120b,fortran,0,610668,tsvc_2_s2233,score,incorrect,0,3103089,17.57519176070163,gcc
llr8w2-oss120b-fortran,oss120b,fortran,0,610668,tsvc_2_s323,submit,ok,1,2225724,1.01,gcc
llr8w2-oss120b-fortran,oss120b,fortran,0,610668,tsvc_2_s2233,score,incorrect,0,3392430,17.814691982673203,gcc
llr8w2-oss120b-fortran,oss120b,fortran,0,610668,tsvc_2_s2233,score,incorrect,0,3700428,17.64144782155722,gcc
llr8w2-oss120b-fortran,oss120b,fortran,0,610668,tsvc_2_s2233,score,incorrect,0,4423171,0.9639722830431827,gcc
llr8w2-oss120b-fortran,oss120b,fortran,0,610668,tsvc_2_s2233,score,incorrect,0,4602048,0.9407176678094684,gcc
llr8w2-oss120b-fortran,oss120b,fortran,0,610668,tsvc_2_s2233,score,incorrect,0,4785295,0.9349855341155774,gcc
llr8w2-oss120b-fortran,oss120b,fortran,0,610668,tsvc_2_s2233,score,build_error,0,4975689,0.0,gcc
llr8w2-oss120b-fortran,oss120b,fortran,0,610668,tsvc_2_s2233,score,incorrect,0,5107027,0.9190850371729833,gcc
llr8w2-oss120b-fortran,oss120b,fortran,0,610668,tsvc_2_s2233,score,incorrect,0,5306445,0.9526820244318137,gcc
llr8w2-oss120b-fortran,oss120b,fortran,0,610668,tsvc_2_s2233,score,incorrect,0,5378950,1.1785157218438702,gcc
llr8w2-oss120b-fortran,oss120b,fortran,0,610668,tsvc_2_s2233,score,incorrect,0,5451402,1.1899923595002093,gcc
llr8w2-oss120b-fortran,oss120b,fortran,0,610668,tsvc_2_s2233,score,incorrect,0,7163982,1.1919442434444596,gcc
llr8w2-oss120b-fortran,oss120b,fortran,0,610668,tsvc_2_s2233,score,incorrect,0,7937416,1.1931634466013477,gcc
llr8w2-oss120b-fortran,oss120b,fortran,0,610668,tsvc_2_s2233,score,incorrect,0,8938836,1.1935524018692747,gcc
llr8w2-oss120b-fortran,oss120b,fortran,0,610668,tsvc_2_s2233,score,incorrect,0,10211932,1.19166805260542,gcc
llr8w2-oss120b-fortran,oss120b,fortran,0,610668,tsvc_2_s2233,score,incorrect,0,10423837,1.1923859955816487,gcc
llr8w2-oss120b-fortran,oss120b,fortran,0,610668,tsvc_2_s2233,score,incorrect,0,10817502,1.192322110013874,gcc
llr8w2-oss120b-fortran,oss120b,fortran,0,610668,tsvc_2_s2233,submit,timeout,0,11815619,0.0,gcc
llr8w2-oss120b-fortran,oss120b,fortran,0,610668,tsvc_2_s2233,score,score_error,0,11823735,0.0,gcc
llr8w2-oss120b-fortran,oss120b,fortran,0,610668,tsvc_2_s2233,score,incorrect,0,11832810,0.46959807626245276,gcc
llr8w2-oss120b-fortran-skills,oss120b,fortran,1,610653,tsvc_2_s4112,score,incorrect,0,512422,0.0,gcc
llr8w2-oss120b-fortran-skills,oss120b,fortran,1,610653,argmax_with_index,score,incorrect,0,555197,0.0,gcc
llr8w2-oss120b-fortran-skills,oss120b,fortran,1,610653,wavefront2d,score,build_error,0,502940,0.0,gcc
llr8w2-oss120b-fortran-skills,oss120b,fortran,1,610653,tsvc_2_s252,score,incorrect,0,785255,0.0,gcc
llr8w2-oss120b-fortran-skills,oss120b,fortran,1,610653,tsvc_2_s316,score,incorrect,0,740159,0.0,gcc
llr8w2-oss120b-fortran-skills,oss120b,fortran,1,610653,tsvc_2_s4112,score,ok,1,875012,21.648116453796977,gcc
llr8w2-oss120b-fortran-skills,oss120b,fortran,1,610653,tsvc_2_s4112,submit,ok,1,909838,22.52112048277706,gcc
llr8w2-oss120b-fortran-skills,oss120b,fortran,1,610653,argmax_with_index,score,ok,1,670969,1.0011035139826125,gcc
llr8w2-oss120b-fortran-skills,oss120b,fortran,1,610653,tsvc_2_s252,score,ok,1,1107666,3.951709608944204,gcc
llr8w2-oss120b-fortran-skills,oss120b,fortran,1,610653,tsvc_2_s316,score,ok,1,1003124,12.474118667758503,gcc
llr8w2-oss120b-fortran-skills,oss120b,fortran,1,610653,wavefront2d,score,incorrect,0,997540,0.0,gcc
llr8w2-oss120b-fortran-skills,oss120b,fortran,1,610653,tsvc_2_s1244,score,ok,1,746733,1.6017328167138487,gcc
llr8w2-oss120b-fortran-skills,oss120b,fortran,1,610653,tsvc_2_s311,score,ok,1,805301,20.924785640787178,gcc
llr8w2-oss120b-fortran-skills,oss120b,fortran,1,610653,tsvc_2_s252,submit,overfit,0,1145253,3.645680386163251,gcc
llr8w2-oss120b-fortran-skills,oss120b,fortran,1,610653,tsvc_2_s316,submit,ok,1,1037675,12.520709541434973,gcc
llr8w2-oss120b-fortran-skills,oss120b,fortran,1,610653,argmax_with_index,score,ok,1,837760,16.477244892116165,gcc
llr8w2-oss120b-fortran-skills,oss120b,fortran,1,610653,wavefront2d,score,incorrect,0,1179407,28.894014596739268,gcc
llr8w2-oss120b-fortran-skills,oss120b,fortran,1,610653,tsvc_2_s1244,submit,ok,1,781658,1.0,gcc
llr8w2-oss120b-fortran-skills,oss120b,fortran,1,610653,tsvc_2_s311,submit,ok,1,835002,20.388076578127013,gcc
llr8w2-oss120b-fortran-skills,oss120b,fortran,1,610653,quasi_affine_reduce_odd,score,ok,1,1923753,10.656355620931139,gcc
llr8w2-oss120b-fortran-skills,oss120b,fortran,1,610653,ext_war_unit,score,incorrect,0,860271,0.0,gcc
llr8w2-oss120b-fortran-skills,oss120b,fortran,1,610653,tsvc_2_s252,score,ok,1,3471529,2.7355984082251283,gcc
llr8w2-oss120b-fortran-skills,oss120b,fortran,1,610653,argmax_with_index,submit,ok,1,872503,15.584725741558795,gcc
llr8w2-oss120b-fortran-skills,oss120b,fortran,1,610653,tsvc_2_s2275,score,incorrect,0,1941818,0.0,gcc
llr8w2-oss120b-fortran-skills,oss120b,fortran,1,610653,wavefront2d,score,incorrect,0,1334362,26.318067362153478,gcc
llr8w2-oss120b-fortran-skills,oss120b,fortran,1,610653,ext_war_unit,score,incorrect,0,1144093,0.0,gcc
llr8w2-oss120b-fortran-skills,oss120b,fortran,1,610653,tsvc_2_s252,submit,ok,1,3535468,2.5992729255593856,gcc
llr8w2-oss120b-fortran-skills,oss120b,fortran,1,610653,tsvc_2_s2275,score,incorrect,0,2240025,0.0,gcc
llr8w2-oss120b-fortran-skills,oss120b,fortran,1,610653,ext_war_unit,score,ok,1,1256547,0.23911624047559205,gcc
llr8w2-oss120b-fortran-skills,oss120b,fortran,1,610653,wavefront2d,score,ok,1,3266739,4.697708631078891,gcc
llr8w2-oss120b-fortran-skills,oss120b,fortran,1,610653,tsvc_2_s2275,score,incorrect,0,2396513,0.0,gcc
llr8w2-oss120b-fortran-skills,oss120b,fortran,1,610653,wavefront2d,submit,ok,1,3329103,4.629046703784691,gcc
llr8w2-oss120b-fortran-skills,oss120b,fortran,1,610653,ext_war_unit,score,ok,1,1471952,1.037954796327452,gcc
llr8w2-oss120b-fortran-skills,oss120b,fortran,1,610653,tsvc_2_s2275,score,incorrect,0,3053468,0.0,gcc
llr8w2-oss120b-fortran-skills,oss120b,fortran,1,610653,ext_war_unit,submit,ok,1,1563493,1.0,gcc
llr8w2-oss120b-fortran-skills,oss120b,fortran,1,610653,tsvc_2_s2275,score,incorrect,0,3481311,0.0,gcc
llr8w2-oss120b-fortran-skills,oss120b,fortran,1,610653,tsvc_2_s2275,score,incorrect,0,3672805,0.0,gcc
llr8w2-oss120b-fortran-skills,oss120b,fortran,1,610653,tsvc_2_s2275,score,incorrect,0,3899174,0.0,gcc
llr8w2-oss120b-fortran-skills,oss120b,fortran,1,610653,tsvc_2_s2275,score,incorrect,0,3960749,0.0,gcc
llr8w2-oss120b-fortran-skills,oss120b,fortran,1,610653,tsvc_2_s2275,score,incorrect,0,4016238,0.0,gcc
llr8w2-oss120b-fortran-skills,oss120b,fortran,1,610653,tsvc_2_s2275,score,incorrect,0,4395503,102754.20679758309,gcc
llr8w2-oss120b-fortran-skills,oss120b,fortran,1,610653,tsvc_2_s2275,score,incorrect,0,4795113,0.0,gcc
llr8w2-oss120b-fortran-skills,oss120b,fortran,1,610653,tsvc_2_s2275,score,incorrect,0,5301460,0.0,gcc
llr8w2-oss120b-fortran-skills,oss120b,fortran,1,610653,tsvc_2_s2275,score,incorrect,0,6162179,0.0,gcc
llr8w2-oss120b-fortran-skills,oss120b,fortran,1,610653,tsvc_2_s2275,score,incorrect,0,6323595,0.0,gcc
llr8w2-oss120b-fortran-skills,oss120b,fortran,1,610653,tsvc_2_s2233,score,ok,1,6378132,6.484654641518947,gcc
llr8w2-oss120b-fortran-skills,oss120b,fortran,1,610653,tsvc_2_s115,score,ok,1,6436067,2.2186744881788543,gcc
llr8w2-oss120b-fortran-skills,oss120b,fortran,1,610653,tsvc_2_s231,score,ok,1,6494306,23.94846402129428,gcc
llr8w2-oss120b-fortran-skills,oss120b,fortran,1,610653,tsvc_2_s235,score,incorrect,0,6552820,34.466145178053715,gcc
llr8w2-oss120b-fortran-skills,oss120b,fortran,1,610653,fuse_diamond,score,incorrect,0,465747,0.0,gcc
llr8w2-oss120b-fortran-skills,oss120b,fortran,1,610653,tsvc_2_vag,score,incorrect,0,325996,0.0,gcc
llr8w2-oss120b-fortran-skills,oss120b,fortran,1,610653,tsvc_2_s231,score,incorrect,0,838063,0.0,gcc
llr8w2-oss120b-fortran-skills,oss120b,fortran,1,610653,ext_break_capture,score,incorrect,0,561857,0.0,gcc
llr8w2-oss120b-fortran-skills,oss120b,fortran,1,610653,fuse_diamond,score,incorrect,0,675384,60.08058409380853,gcc
llr8w2-oss120b-fortran-skills,oss120b,fortran,1,610653,tsvc_2_vag,score,ok,1,560022,22.822397107790916,gcc
llr8w2-oss120b-fortran-skills,oss120b,fortran,1,610653,tsvc_2_vag,submit,ok,1,590537,22.52112048277706,gcc
llr8w2-oss120b-fortran-skills,oss120b,fortran,1,610653,fuse_diamond,score,incorrect,0,803496,60.070146020285314,gcc
llr8w2-oss120b-fortran-skills,oss120b,fortran,1,610653,ext_break_capture,score,incorrect,0,670164,5963.754645476773,gcc
llr8w2-oss120b-fortran-skills,oss120b,fortran,1,610653,tsvc_2_s3110,score,score_error,0,879449,0.0,gcc
llr8w2-oss120b-fortran-skills,oss120b,fortran,1,610653,tsvc_2_s231,score,incorrect,0,1158275,105.30455803146036,gcc
llr8w2-oss120b-fortran-skills,oss120b,fortran,1,610653,wf_diff_skew,score,incorrect,0,639635,1.22485474155623,gcc
llr8w2-oss120b-fortran-skills,oss120b,fortran,1,610653,tsvc_2_s115,score,incorrect,0,555812,0.0,gcc
llr8w2-oss120b-fortran-skills,oss120b,fortran,1,610653,tsvc_2_s3110,score,ok,1,985712,2.7178403008223677,gcc
llr8w2-oss120b-fortran-skills,oss120b,fortran,1,610653,tsvc_2_s231,score,incorrect,0,1286077,109.53096056309452,gcc
llr8w2-oss120b-fortran-skills,oss120b,fortran,1,610653,tsvc_2_s13110,score,ok,1,956964,2.693743288612742,gcc
llr8w2-oss120b-fortran-skills,oss120b,fortran,1,610653,tsvc_2_s3110,submit,ok,1,1021933,2.353087871195578,gcc
llr8w2-oss120b-fortran-skills,oss120b,fortran,1,610653,tsvc_2_s115,score,ok,1,765909,0.6494060182549058,gcc
llr8w2-oss120b-fortran-skills,oss120b,fortran,1,610653,tsvc_2_s13110,submit,ok,1,992417,2.353087871195578,gcc
llr8w2-oss120b-fortran-skills,oss120b,fortran,1,610653,tsvc_2_s231,score,ok,1,1423874,24.02579178884642,gcc
llr8w2-oss120b-fortran-skills,oss120b,fortran,1,610653,tsvc_2_s255,score,incorrect,0,1469181,0.0,gcc
llr8w2-oss120b-fortran-skills,oss120b,fortran,1,610653,fuse_diamond,score,incorrect,0,1244923,60.30412877108667,gcc
llr8w2-oss120b-fortran-skills,oss120b,fortran,1,610653,tsvc_2_s318,score,incorrect,0,263866,0.0,gcc
llr8w2-oss120b-fortran-skills,oss120b,fortran,1,610653,wf_diff_skew,score,ok,1,1756078,2.3355223514689074,gcc
llr8w2-oss120b-fortran-skills,oss120b,fortran,1,610653,tsvc_2_s115,score,build_error,0,967530,0.0,gcc
llr8w2-oss120b-fortran-skills,oss120b,fortran,1,610653,ext_break_capture,score,incorrect,0,1090335,4686.216426512969,gcc
llr8w2-oss120b-fortran-skills,oss120b,fortran,1,610653,tsvc_2_s231,submit,ok,1,1519383,23.435568284070946,gcc
llr8w2-oss120b-fortran-skills,oss120b,fortran,1,610653,tsvc_2_s255,score,ok,1,1590319,5.908896879761609,gcc
llr8w2-oss120b-fortran-skills,oss120b,fortran,1,610653,fuse_diamond,score,incorrect,0,1372431,59.538046154241535,gcc
llr8w2-oss120b-fortran-skills,oss120b,fortran,1,610653,wf_diff_skew,submit,ok,1,1806081,2.006763368395385,gcc
llr8w2-oss120b-fortran-skills,oss120b,fortran,1,610653,tsvc_2_s318,score,incorrect,0,578744,18828.59945520581,gcc
llr8w2-oss120b-fortran-skills,oss120b,fortran,1,610653,ext_break_capture,score,incorrect,0,1275927,0.0,gcc
llr8w2-oss120b-fortran-skills,oss120b,fortran,1,610653,tsvc_2_s115,score,ok,1,1413480,1.9020143330255224,gcc
llr8w2-oss120b-fortran-skills,oss120b,fortran,1,610653,tsvc_2_s255,submit,ok,1,1631223,5.648316682412047,gcc
llr8w2-oss120b-fortran-skills,oss120b,fortran,1,610653,fuse_diamond,score,incorrect,0,1987407,60.215877577922704,gcc
llr8w2-oss120b-fortran-skills,oss120b,fortran,1,610653,ext_break_capture,score,incorrect,0,1396884,5849.342086330936,gcc
llr8w2-oss120b-fortran-skills,oss120b,fortran,1,610653,tsvc_2_s318,score,incorrect,0,701647,17814.9176975945,gcc
llr8w2-oss120b-fortran-skills,oss120b,fortran,1,610653,tsvc_2_s115,submit,overfit,0,1457505,1.9672222021325212,gcc
llr8w2-oss120b-fortran-skills,oss120b,fortran,1,610653,ext_break_capture,score,incorrect,0,1523676,5499.832356257046,gcc
llr8w2-oss120b-fortran-skills,oss120b,fortran,1,610653,tsvc_2_s318,score,incorrect,0,906676,14804.78167539267,gcc
llr8w2-oss120b-fortran-skills,oss120b,fortran,1,610653,fuse_diamond,score,incorrect,0,2520609,58.42447363454783,gcc
llr8w2-oss120b-fortran-skills,oss120b,fortran,1,610653,ext_break_capture,score,incorrect,0,1747081,4861.336621823617,gcc
llr8w2-oss120b-fortran-skills,oss120b,fortran,1,610653,fuse_diamond,score,incorrect,0,3822047,59.937592387042635,gcc
llr8w2-oss120b-fortran-skills,oss120b,fortran,1,610653,tsvc_2_s115,score,ok,1,2859818,1.016696466735337,gcc
llr8w2-oss120b-fortran-skills,oss120b,fortran,1,610653,tsvc_2_s115,score,ok,1,3603680,0.776475269917976,gcc
llr8w2-oss120b-fortran-skills,oss120b,fortran,1,610653,ext_break_capture,score,incorrect,0,3004225,5137.810742496051,gcc
llr8w2-oss120b-fortran-skills,oss120b,fortran,1,610653,tsvc_2_s318,score,incorrect,0,2915036,15217.635176125244,gcc
llr8w2-oss120b-fortran-skills,oss120b,fortran,1,610653,tsvc_2_s115,score,ok,1,4136610,2.0683222476590113,gcc
llr8w2-oss120b-fortran-skills,oss120b,fortran,1,610653,fuse_diamond,score,incorrect,0,4064768,61.22407153948381,gcc
llr8w2-oss120b-fortran-skills,oss120b,fortran,1,610653,ext_break_capture,score,incorrect,0,3301070,5652.782502896871,gcc
llr8w2-oss120b-fortran-skills,oss120b,fortran,1,610653,ext_break_capture,score,incorrect,0,3546750,5008.5742299794665,gcc
llr8w2-oss120b-fortran-skills,oss120b,fortran,1,610653,tsvc_2_s318,score,ok,1,4107165,1.0005945160288179,gcc
llr8w2-oss120b-fortran-skills,oss120b,fortran,1,610653,tsvc_2_s318,submit,ok,1,4114507,1.0,gcc
llr8w2-oss120b-fortran-skills,oss120b,fortran,1,610653,ext_break_capture,score,incorrect,0,4193911,1996.7000384287649,gcc
llr8w2-oss120b-fortran-skills,oss120b,fortran,1,610653,fuse_diamond,score,incorrect,0,4603904,0.0,gcc
llr8w2-oss120b-fortran-skills,oss120b,fortran,1,610653,ext_break_capture,score,incorrect,0,4516704,7109.131112433076,gcc
llr8w2-oss120b-fortran-skills,oss120b,fortran,1,610653,ext_break_capture,score,incorrect,0,4905561,5916.0640594059405,gcc
llr8w2-oss120b-fortran-skills,oss120b,fortran,1,610653,argmax_with_index,score,ok,1,5602461,16.24533329332071,gcc
llr8w2-oss120b-fortran-skills,oss120b,fortran,1,610653,ext_break_capture,score,incorrect,0,5883996,2.629032258064516,gcc
llr8w2-oss120b-fortran-skills,oss120b,fortran,1,610653,ext_break_capture,score,incorrect,0,5926972,3156.8799214806504,gcc
llr8w2-oss120b-fortran-skills,oss120b,fortran,1,610653,ext_break_capture,score,incorrect,0,7339978,6529.943391071526,gcc
llr8w2-oss120b-fortran-skills,oss120b,fortran,1,610653,ext_break_capture,score,incorrect,0,8193256,6309.635374868004,gcc
llr8w2-oss120b-fortran-skills,oss120b,fortran,1,610653,argmax_with_index,score,ok,1,8223256,15.948348278361435,gcc
llr8w2-oss120b-fortran-skills,oss120b,fortran,1,610653,ext_break_capture,score,score_error,0,8692623,0.0,gcc
llr8w2-oss120b-fortran-skills,oss120b,fortran,1,610653,ext_break_capture,score,incorrect,0,8916440,6580.281592423325,gcc
llr8w2-oss120b-fortran-skills,oss120b,fortran,1,610653,ext_break_capture,score,incorrect,0,9487379,6353.242636895268,gcc
llr8w2-oss120b-fortran-skills,oss120b,fortran,1,610653,ext_break_capture,score,incorrect,0,10017509,6224.192395833334,gcc
llr8w2-oss120b-fortran-skills,oss120b,fortran,1,610653,ext_break_capture,score,incorrect,0,10488042,6774.631179138322,gcc
llr8w2-oss120b-fortran-skills,oss120b,fortran,1,610653,ext_break_capture,score,incorrect,0,10733823,6356.622021276596,gcc
llr8w2-oss120b-fortran-skills,oss120b,fortran,1,610653,ext_break_find_first,score,incorrect,0,297664,0.0,gcc
llr8w2-oss120b-fortran-skills,oss120b,fortran,1,610653,tsvc_2_s119,score,incorrect,0,346703,0.0,gcc
llr8w2-oss120b-fortran-skills,oss120b,fortran,1,610653,tsvc_2_s2710,score,incorrect,0,569344,0.0,gcc
llr8w2-oss120b-fortran-skills,oss120b,fortran,1,610653,fuse_move_ifs,score,score_error,0,417380,0.0,gcc
llr8w2-oss120b-fortran-skills,oss120b,fortran,1,610653,tsvc_2_s152,score,incorrect,0,352801,0.0,gcc
llr8w2-oss120b-fortran-skills,oss120b,fortran,1,610653,tsvc_2_vpvts,score,incorrect,0,586770,0.0,gcc
llr8w2-oss120b-fortran-skills,oss120b,fortran,1,610653,ext_break_find_first,score,ok,1,552747,1.0304164597447216,gcc
llr8w2-oss120b-fortran-skills,oss120b,fortran,1,610653,fuse_move_ifs,score,incorrect,0,445857,0.0,gcc
llr8w2-oss120b-fortran-skills,oss120b,fortran,1,610653,tsvc_2_s2710,score,ok,1,894147,31.99991651948113,gcc
llr8w2-oss120b-fortran-skills,oss120b,fortran,1,610653,tsvc_2_s119,score,ok,1,836347,1.0560607148418986,gcc
llr8w2-oss120b-fortran-skills,oss120b,fortran,1,610653,tsvc_2_s2710,submit,ok,1,925784,21.85877766087489,gcc
llr8w2-oss120b-fortran-skills,oss120b,fortran,1,610653,ext_break_find_first,score,ok,1,715265,2.051166996729929,gcc
llr8w2-oss120b-fortran-skills,oss120b,fortran,1,610653,tsvc_2_s319,score,incorrect,0,598709,0.0,gcc
llr8w2-oss120b-fortran-skills,oss120b,fortran,1,610653,fuse_move_ifs,score,incorrect,0,631819,498.51410512451594,gcc
llr8w2-oss120b-fortran-skills,oss120b,fortran,1,610653,wf_north_west,score,incorrect,0,951015,0.0,gcc
llr8w2-oss120b-fortran-skills,oss120b,fortran,1,610653,tsvc_2_s152,score,ok,1,795935,5.4912077991611055,gcc
llr8w2-oss120b-fortran-skills,oss120b,fortran,1,610653,tsvc_2_vpvts,score,incorrect,0,896468,4.595182437914405,gcc
llr8w2-oss120b-fortran-skills,oss120b,fortran,1,610653,tsvc_2_s119,score,incorrect,0,1057855,0.0,gcc
llr8w2-oss120b-fortran-skills,oss120b,fortran,1,610653,tsvc_2_s3111,score,incorrect,0,608785,0.0,gcc
llr8w2-oss120b-fortran-skills,oss120b,fortran,1,610653,tsvc_2_s233,score,build_error,0,709281,0.0,gcc
llr8w2-oss120b-fortran-skills,oss120b,fortran,1,610653,ext_break_find_first,submit,ok,1,783203,2.047099312100132,gcc
llr8w2-oss120b-fortran-skills,oss120b,fortran,1,610653,fuse_move_ifs,score,incorrect,0,870020,538.9442815022326,gcc
llr8w2-oss120b-fortran-skills,oss120b,fortran,1,610653,tsvc_2_s152,submit,ok,1,829054,4.404379104980254,gcc
llr8w2-oss120b-fortran-skills,oss120b,fortran,1,610653,wf_north_west,score,incorrect,0,1325996,0.4881542233043408,gcc
llr8w2-oss120b-fortran-skills,oss120b,fortran,1,610653,tsvc_2_s319,score,ok,1,1058361,6.142117709695184,gcc
llr8w2-oss120b-fortran-skills,oss120b,fortran,1,610653,tsvc_2_vpvts,score,ok,1,1175273,4.567963340383217,gcc
llr8w2-oss120b-fortran-skills,oss120b,fortran,1,610653,tsvc_2_s119,score,incorrect,0,1259281,0.2384347794351742,gcc
llr8w2-oss120b-fortran-skills,oss120b,fortran,1,610653,tsvc_2_s233,score,incorrect,0,957854,0.0,gcc
llr8w2-oss120b-fortran-skills,oss120b,fortran,1,610653,tsvc_2_s3111,score,incorrect,0,814980,21.735883858327636,gcc
llr8w2-oss120b-fortran-skills,oss120b,fortran,1,610653,tsvc_2_s319,submit,ok,1,1093646,6.8920197583511245,gcc
llr8w2-oss120b-fortran-skills,oss120b,fortran,1,610653,tsvc_2_vpvts,submit,ok,1,1211387,4.404379104980254,gcc
llr8w2-oss120b-fortran-skills,oss120b,fortran,1,610653,wf_triangular,score,incorrect,0,1580773,0.16188934918819142,gcc
llr8w2-oss120b-fortran-skills,oss120b,fortran,1,610653,tsvc_2_s233,score,incorrect,0,1181084,16.596381891968093,gcc
llr8w2-oss120b-fortran-skills,oss120b,fortran,1,610653,tsvc_2_s119,score,ok,1,1478044,1.0231232912449018,gcc
llr8w2-oss120b-fortran-skills,oss120b,fortran,1,610653,tsvc_2_s233,score,incorrect,0,1367369,16.14423568472825,gcc
llr8w2-oss120b-fortran-skills,oss120b,fortran,1,610653,tsvc_2_s3111,score,ok,1,1482819,21.752016826145564,gcc
llr8w2-oss120b-fortran-skills,oss120b,fortran,1,610653,tsvc_2_s119,score,ok,1,1802231,1.0280493684705958,gcc
llr8w2-oss120b-fortran-skills,oss120b,fortran,1,610653,tsvc_2_s3111,submit,ok,1,1530101,21.21591424338605,gcc
llr8w2-oss120b-fortran-skills,oss120b,fortran,1,610653,wf_north_west,score,incorrect,0,2013133,0.5092826637597497,gcc
llr8w2-oss120b-fortran-skills,oss120b,fortran,1,610653,tsvc_2_s119,score,ok,1,1945596,0.9848019820995121,gcc
llr8w2-oss120b-fortran-skills,oss120b,fortran,1,610653,tsvc_2_s233,score,incorrect,0,1519228,17.56385108131254,gcc
llr8w2-oss120b-fortran-skills,oss120b,fortran,1,610653,tsvc_2_s119,score,ok,1,2091852,1.00030813266638,gcc
llr8w2-oss120b-fortran-skills,oss120b,fortran,1,610653,wf_north_west,score,incorrect,0,2221841,0.1984202357803979,gcc
llr8w2-oss120b-fortran-skills,oss120b,fortran,1,610653,tsvc_2_s119,score,ok,1,2291119,1.0061774173540627,gcc
llr8w2-oss120b-fortran-skills,oss120b,fortran,1,610653,tsvc_2_s119,submit,ok,1,2341644,1.0,gcc
llr8w2-oss120b-fortran-skills,oss120b,fortran,1,610653,wf_north_west,score,ok,1,2495565,1.0040492150725235,gcc
llr8w2-oss120b-fortran-skills,oss120b,fortran,1,610653,wf_north_west,score,ok,1,2848921,1.0040600557580523,gcc
llr8w2-oss120b-fortran-skills,oss120b,fortran,1,610653,wf_north_west,score,incorrect,0,3222816,0.5183582354904775,gcc
llr8w2-oss120b-fortran-skills,oss120b,fortran,1,610653,wf_north_west,score,incorrect,0,3414733,0.5340165883096891,gcc
llr8w2-oss120b-fortran-skills,oss120b,fortran,1,610653,tsvc_2_s275,score,incorrect,0,231177,0.0,gcc
llr8w2-oss120b-fortran-skills,oss120b,fortran,1,610653,tsvc_2_s235,score,incorrect,0,333924,0.0,gcc
llr8w2-oss120b-fortran-skills,oss120b,fortran,1,610653,wf_triangular,score,incorrect,0,315072,0.0,gcc
llr8w2-oss120b-fortran-skills,oss120b,fortran,1,610653,tsvc_2_s2233,score,incorrect,0,508740,0.0,gcc
llr8w2-oss120b-fortran-skills,oss120b,fortran,1,610653,tsvc_2_s1232,score,incorrect,0,528770,0.0,gcc
llr8w2-oss120b-fortran-skills,oss120b,fortran,1,610653,ext_break_post_body,score,incorrect,0,408804,0.0,gcc
llr8w2-oss120b-fortran-skills,oss120b,fortran,1,610653,wf_triangular,score,incorrect,0,462109,0.1619486276478226,gcc
llr8w2-oss120b-fortran-skills,oss120b,fortran,1,610653,tsvc_2_s275,score,incorrect,0,657397,125.57889900751117,gcc
llr8w2-oss120b-fortran-skills,oss120b,fortran,1,610653,tsvc_2_s3112,score,incorrect,0,602314,0.0,gcc
llr8w2-oss120b-fortran-skills,oss120b,fortran,1,610653,tsvc_2_s235,score,incorrect,0,465235,100.20133323916528,gcc
llr8w2-oss120b-fortran-skills,oss120b,fortran,1,610653,tsvc_2_s2233,score,incorrect,0,679164,0.5388888849111241,gcc
llr8w2-oss120b-fortran-skills,oss120b,fortran,1,610653,tsvc_2_s1232,score,incorrect,0,786368,218.9821347188667,gcc
llr8w2-oss120b-fortran-skills,oss120b,fortran,1,610653,tsvc_2_s323,score,incorrect,0,371801,0.0,gcc
llr8w2-oss120b-fortran-skills,oss120b,fortran,1,610653,fuse_stencil_through_transient,score,incorrect,0,584518,0.0,gcc
llr8w2-oss120b-fortran-skills,oss120b,fortran,1,610653,ext_break_post_body,score,ok,1,740885,3.1452111378079457,gcc
llr8w2-oss120b-fortran-skills,oss120b,fortran,1,610653,tsvc_2_s235,score,incorrect,0,584913,33.29937547011308,gcc
llr8w2-oss120b-fortran-skills,oss120b,fortran,1,610653,tsvc_2_s3112,score,incorrect,0,916513,0.0,gcc
llr8w2-oss120b-fortran-skills,oss120b,fortran,1,610653,tsvc_2_s275,score,incorrect,0,847440,21.099857682615944,gcc
llr8w2-oss120b-fortran-skills,oss120b,fortran,1,610653,tsvc_2_s2233,score,incorrect,0,807547,1.0894680180680485,gcc
llr8w2-oss120b-fortran-skills,oss120b,fortran,1,610653,tsvc_2_s1232,score,ok,1,914278,12.39476765769939,gcc
llr8w2-oss120b-fortran-skills,oss120b,fortran,1,610653,tsvc_2_s323,score,incorrect,0,464058,4.2202803431022,gcc
llr8w2-oss120b-fortran-skills,oss120b,fortran,1,610653,ext_break_post_body,submit,ok,1,781701,2.6515183113631293,gcc
llr8w2-oss120b-fortran-skills,oss120b,fortran,1,610653,fuse_stencil_through_transient,score,incorrect,0,999488,24.170920968130424,gcc
llr8w2-oss120b-fortran-skills,oss120b,fortran,1,610653,tsvc_2_s3112,score,incorrect,0,1132141,4.904000728368121,gcc
llr8w2-oss120b-fortran-skills,oss120b,fortran,1,610653,wf_triangular,score,incorrect,0,662073,0.16416840729041976,gcc
llr8w2-oss120b-fortran-skills,oss120b,fortran,1,610653,tsvc_2_s1232,score,ok,1,1015499,2.185558386274652,gcc
llr8w2-oss120b-fortran-skills,oss120b,fortran,1,610653,tsvc_2_s275,score,incorrect,0,1028067,22.202820613673442,gcc
llr8w2-oss120b-fortran-skills,oss120b,fortran,1,610653,tsvc_2_s275,score,incorrect,0,1576061,73.98195104209023,gcc
llr8w2-oss120b-fortran-skills,oss120b,fortran,1,610653,tsvc_2_s323,score,incorrect,0,1695976,5.035851024743569,gcc
llr8w2-oss120b-fortran-skills,oss120b,fortran,1,610653,tsvc_2_vtvtv,score,incorrect,0,745900,0.0,gcc
llr8w2-oss120b-fortran-skills,oss120b,fortran,1,610653,tsvc_2_s235,score,incorrect,0,2296092,36.19025633403488,gcc
llr8w2-oss120b-fortran-skills,oss120b,fortran,1,610653,fuse_stencil_through_transient,score,incorrect,0,1159682,9.768140129050124,gcc
llr8w2-oss120b-fortran-skills,oss120b,fortran,1,610653,tsvc_2_s3112,score,incorrect,0,1854974,4.620425352963876,gcc
llr8w2-oss120b-fortran-skills,oss120b,fortran,1,610653,tsvc_2_s1232,score,ok,1,1084678,12.682196989391336,gcc
llr8w2-oss120b-fortran-skills,oss120b,fortran,1,610653,wf_triangular,score,incorrect,0,1163812,0.2038217044187296,gcc
llr8w2-oss120b-fortran-skills,oss120b,fortran,1,610653,tsvc_2_s2233,score,incorrect,0,1340159,0.5410130571170355,gcc
llr8w2-oss120b-fortran-skills,oss120b,fortran,1,610653,tsvc_2_vtvtv,score,ok,1,880942,4.563393637092083,gcc
llr8w2-oss120b-fortran-skills,oss120b,fortran,1,610653,tsvc_2_s1232,score,ok,1,1190475,12.579875996937599,gcc
llr8w2-oss120b-fortran-skills,oss120b,fortran,1,610653,wf_triangular,score,incorrect,0,1294534,0.1562360558555935,gcc
llr8w2-oss120b-fortran-skills,oss120b,fortran,1,610653,fuse_stencil_through_transient,score,incorrect,0,1534023,23.880082807390355,gcc
llr8w2-oss120b-fortran-skills,oss120b,fortran,1,610653,tsvc_2_vtvtv,submit,ok,1,916577,4.865174608059988,gcc
llr8w2-oss120b-fortran-skills,oss120b,fortran,1,610653,tsvc_2_s275,score,incorrect,0,3498334,129.3327595578384,gcc
llr8w2-oss120b-fortran-skills,oss120b,fortran,1,610653,tsvc_2_s1232,submit,ok,1,1226358,12.396742120232647,gcc
llr8w2-oss120b-fortran-skills,oss120b,fortran,1,610653,tsvc_2_s2233,score,incorrect,0,1896169,5.107311895687394,gcc
llr8w2-oss120b-fortran-skills,oss120b,fortran,1,610653,tsvc_2_s323,score,incorrect,0,2585963,4.831384670755267,gcc
llr8w2-oss120b-fortran-skills,oss120b,fortran,1,610653,tsvc_2_s235,score,incorrect,0,2731140,34.6211968195296,gcc
llr8w2-oss120b-fortran-skills,oss120b,fortran,1,610653,wf_triangular,score,incorrect,0,1430429,0.15530896783354267,gcc
llr8w2-oss120b-fortran-skills,oss120b,fortran,1,610653,tsvc_2_s3112,score,incorrect,0,2673840,6.037443187388586,gcc
llr8w2-oss120b-fortran-skills,oss120b,fortran,1,610653,fuse_stencil_through_transient,score,incorrect,0,2456680,9.507974372758966,gcc
llr8w2-oss120b-fortran-skills,oss120b,fortran,1,610653,tsvc_2_s275,score,incorrect,0,3741014,22.23100727382595,gcc
llr8w2-oss120b-fortran-skills,oss120b,fortran,1,610653,wf_triangular,score,incorrect,0,1673882,0.15502366056462774,gcc
llr8w2-oss120b-fortran-skills,oss120b,fortran,1,610653,tsvc_2_s3112,score,incorrect,0,3104058,6.753638250956389,gcc
llr8w2-oss120b-fortran-skills,oss120b,fortran,1,610653,tsvc_2_s275,score,incorrect,0,3903492,22.40829600565775,gcc
llr8w2-oss120b-fortran-skills,oss120b,fortran,1,610653,tsvc_2_s323,score,incorrect,0,2732857,3.0327622735829567,gcc
llr8w2-oss120b-fortran-skills,oss120b,fortran,1,610653,tsvc_2_s235,score,incorrect,0,3677449,34.45308859250432,gcc
llr8w2-oss120b-fortran-skills,oss120b,fortran,1,610653,fuse_stencil_through_transient,score,incorrect,0,2722063,9.598030344959854,gcc
llr8w2-oss120b-fortran-skills,oss120b,fortran,1,610653,tsvc_2_s323,score,incorrect,0,2969949,5.249548738232547,gcc
llr8w2-oss120b-fortran-skills,oss120b,fortran,1,610653,wf_triangular,score,incorrect,0,3226515,0.15569740743943014,gcc
llr8w2-oss120b-fortran-skills,oss120b,fortran,1,610653,tsvc_2_s235,score,incorrect,0,4195224,33.256317921401994,gcc
llr8w2-oss120b-fortran-skills,oss120b,fortran,1,610653,tsvc_2_s119,score,ok,1,4420029,0.9781438600047002,gcc
llr8w2-oss120b-fortran-skills,oss120b,fortran,1,610653,fuse_stencil_through_transient,score,incorrect,0,2935650,23.631226242579732,gcc
llr8w2-oss120b-fortran-skills,oss120b,fortran,1,610653,tsvc_2_s3112,score,incorrect,0,3581570,4.5851831041852265,gcc
llr8w2-oss120b-fortran-skills,oss120b,fortran,1,610653,tsvc_2_s275,score,incorrect,0,4835034,22.527681331196273,gcc
llr8w2-oss120b-fortran-skills,oss120b,fortran,1,610653,fuse_stencil_through_transient,score,incorrect,0,3294520,23.851464037383167,gcc
llr8w2-oss120b-fortran-skills,oss120b,fortran,1,610653,tsvc_2_s2233,score,incorrect,0,2906416,13.521319545719248,gcc
llr8w2-oss120b-fortran-skills,oss120b,fortran,1,610653,wf_triangular,score,incorrect,0,4047394,0.16049032154468487,gcc
llr8w2-oss120b-fortran-skills,oss120b,fortran,1,610653,tsvc_2_s323,score,incorrect,0,3864255,5.244794470007189,gcc
llr8w2-oss120b-fortran-skills,oss120b,fortran,1,610653,wf_triangular,score,incorrect,0,4204563,0.1454909061804305,gcc
llr8w2-oss120b-fortran-skills,oss120b,fortran,1,610653,tsvc_2_s235,score,incorrect,0,4642010,0.7592905405405406,gcc
llr8w2-oss120b-fortran-skills,oss120b,fortran,1,610653,tsvc_2_s235,score,incorrect,0,4926559,33.4164802295939,gcc
llr8w2-oss120b-fortran-skills,oss120b,fortran,1,610653,tsvc_2_s3112,score,ok,1,3965431,0.03532506576475009,gcc
llr8w2-oss120b-fortran-skills,oss120b,fortran,1,610653,tsvc_2_s2233,score,ok,1,3271563,5.869021145393469,gcc
llr8w2-oss120b-fortran-skills,oss120b,fortran,1,610653,wavefront2d,score,ok,1,4251353,4.696787993206253,gcc
llr8w2-oss120b-fortran-skills,oss120b,fortran,1,610653,tsvc_2_s119,score,ok,1,5102814,1.0289976605086093,gcc
llr8w2-oss120b-fortran-skills,oss120b,fortran,1,610653,tsvc_2_s2233,submit,timeout,0,3304487,0.0,gcc
llr8w2-oss120b-fortran-skills,oss120b,fortran,1,610653,wf_triangular,score,incorrect,0,4742160,0.99219665625028,gcc
llr8w2-oss120b-fortran-skills,oss120b,fortran,1,610653,tsvc_2_s3112,score,incorrect,0,4558272,4.323006468500685,gcc
llr8w2-oss120b-fortran-skills,oss120b,fortran,1,610653,tsvc_2_s3112,score,score_error,0,4647320,0.0,gcc
llr8w2-oss120b-fortran-skills,oss120b,fortran,1,610653,tsvc_2_s235,score,incorrect,0,5882328,36.217238183413386,gcc
llr8w2-oss120b-fortran-skills,oss120b,fortran,1,610653,tsvc_2_s2233,score,ok,1,3513138,8.206187799873454,gcc
llr8w2-oss120b-fortran-skills,oss120b,fortran,1,610653,wf_triangular,score,incorrect,0,4810018,0.9668874172185431,gcc
llr8w2-oss120b-fortran-skills,oss120b,fortran,1,610653,tsvc_2_s3112,score,incorrect,0,4925976,4.371635147323599,gcc
llr8w2-oss120b-fortran-skills,oss120b,fortran,1,610653,tsvc_2_s2233,submit,timeout,0,3584754,0.0,gcc
llr8w2-oss120b-fortran-skills,oss120b,fortran,1,610653,tsvc_2_s235,score,incorrect,0,6255609,33.18747603988569,gcc
llr8w2-oss120b-fortran-skills,oss120b,fortran,1,610653,wf_triangular,score,incorrect,0,5659057,0.749204500366769,gcc
llr8w2-oss120b-fortran-skills,oss120b,fortran,1,610653,tsvc_2_s3112,score,ok,1,8837851,0.9990072740833146,gcc
llr8w2-oss120b-fortran-skills,oss120b,fortran,1,610653,tsvc_2_s2233,score,ok,1,3733674,10.765483627779068,gcc
llr8w2-oss120b-fortran-skills,oss120b,fortran,1,610653,tsvc_2_s235,score,incorrect,0,6662732,1.5693248941956293,gcc
llr8w2-oss120b-fortran-skills,oss120b,fortran,1,610653,tsvc_2_s2233,submit,timeout,0,3771686,0.0,gcc
llr8w2-oss120b-fortran-skills,oss120b,fortran,1,610653,wf_triangular,score,incorrect,0,6531643,0.2971509883248706,gcc
llr8w2-oss120b-fortran-skills,oss120b,fortran,1,610653,tsvc_2_s235,score,incorrect,0,8307720,0.8934725579959879,gcc
llr8w2-oss120b-fortran-skills,oss120b,fortran,1,610653,wf_triangular,score,ok,1,6590752,0.31601731601731603,gcc
llr8w2-oss120b-fortran-skills,oss120b,fortran,1,610653,tsvc_2_s235,score,incorrect,0,8366348,1.3515855458713137,gcc
llr8w2-oss120b-fortran-skills,oss120b,fortran,1,610653,tsvc_2_s2233,submit,timeout,0,3810051,0.0,gcc
llr8w2-oss120b-fortran-skills,oss120b,fortran,1,610653,wf_triangular,score,incorrect,0,6650143,0.30189559468831,gcc
llr8w2-oss120b-fortran-skills,oss120b,fortran,1,610653,tsvc_2_s2233,score,ok,1,4548379,10.826892581709751,gcc
llr8w2-oss120b-fortran-skills,oss120b,fortran,1,610653,tsvc_2_s2233,submit,timeout,0,4597746,0.0,gcc
llr8w2-oss120b-fortran-skills,oss120b,fortran,1,610653,wf_triangular,score,incorrect,0,7346858,0.2972541480838969,gcc
llr8w2-oss120b-fortran-skills,oss120b,fortran,1,610653,tsvc_2_s2233,submit,timeout,0,4801034,0.0,gcc
llr8w2-oss120b-fortran-skills,oss120b,fortran,1,610653,wf_triangular,score,incorrect,0,7461279,0.279634592418711,gcc
llr8w2-oss120b-fortran-skills,oss120b,fortran,1,610653,tsvc_2_s2233,score,ok,1,5021456,6.37998493150047,gcc
llr8w2-kimi27sglang-c-skills-r1,kimi27sglang,c,1,610662,tsvc_2_s2233,score,incorrect,0,162822,0.0,gcc
llr8w2-kimi27sglang-c-skills-r1,kimi27sglang,c,1,610662,ext_break_capture,score,incorrect,0,214410,0.0,gcc
llr8w2-kimi27sglang-c-skills-r1,kimi27sglang,c,1,610662,tsvc_2_s2233,score,ok,1,207644,7.88289134808248,gcc
llr8w2-kimi27sglang-c-skills-r1,kimi27sglang,c,1,610662,tsvc_2_s2233,submit,timeout,0,230589,0.0,gcc
llr8w2-kimi27sglang-c-skills-r1,kimi27sglang,c,1,610662,ext_break_capture,score,incorrect,0,291004,4382.663553943789,gcc
llr8w2-kimi27sglang-c-skills-r1,kimi27sglang,c,1,610662,ext_break_capture,score,ok,1,567956,5.584096301814502,gcc
llr8w2-kimi27sglang-c-skills-r1,kimi27sglang,c,1,610662,ext_break_capture,submit,ok,1,609060,6.8920197583511245,gcc
llr8w2-kimi27sglang-c-skills-r1,kimi27sglang,c,1,610662,tsvc_2_s2233,score,score_error,0,287293,0.0,gcc
llr8w2-kimi27sglang-c-skills-r1,kimi27sglang,c,1,610662,tsvc_2_s2233,score,ok,1,352315,13.642388444578325,gcc
llr8w2-kimi27sglang-c-skills-r1,kimi27sglang,c,1,610662,tsvc_2_s2233,submit,timeout,0,385182,0.0,gcc
llr8w2-kimi27sglang-c-skills-r1,kimi27sglang,c,1,610662,ext_break_capture,score,ok,1,651978,0.9047619047619048,gcc
llr8w2-kimi27sglang-c-skills-r1,kimi27sglang,c,1,610662,ext_break_capture,score,ok,1,651978,4.950940783651278,gcc
llr8w2-kimi27sglang-c-skills-r1,kimi27sglang,c,1,610662,ext_break_capture,score,ok,1,651978,3.5942606305636255,gcc
llr8w2-kimi27sglang-c-skills-r1,kimi27sglang,c,1,610662,ext_break_capture,score,ok,1,651978,4.689639690727151,gcc
llr8w2-kimi27sglang-c-skills-r1,kimi27sglang,c,1,610662,tsvc_2_s2233,score,ok,1,456340,18.072967770040666,gcc
llr8w2-kimi27sglang-c-skills-r1,kimi27sglang,c,1,610662,ext_break_capture,score,ok,1,747535,0.3261802575107296,gcc
llr8w2-kimi27sglang-c-skills-r1,kimi27sglang,c,1,610662,ext_break_capture,score,ok,1,957332,0.9156626506024096,gcc
llr8w2-kimi27sglang-c-skills-r1,kimi27sglang,c,1,610662,ext_break_capture,score,ok,1,957332,3.6064189258201864,gcc
llr8w2-kimi27sglang-c-skills-r1,kimi27sglang,c,1,610662,tsvc_2_s2233,submit,timeout,0,494262,0.0,gcc
llr8w2-kimi27sglang-c-skills-r1,kimi27sglang,c,1,610662,ext_break_capture,score,ok,1,1012296,4.9016828835035815,gcc
llr8w2-kimi27sglang-c-skills-r1,kimi27sglang,c,1,610662,ext_break_capture,score,ok,1,1012296,4.686855448306842,gcc
llr8w2-kimi27sglang-c-skills-r1,kimi27sglang,c,1,610662,ext_break_capture,score,ok,1,1012296,5.589447261252556,gcc
llr8w2-kimi27sglang-c-skills-r1,kimi27sglang,c,1,610662,ext_break_capture,score,ok,1,1334305,3.5944216230690977,gcc
llr8w2-kimi27sglang-c-skills-r1,kimi27sglang,c,1,610662,ext_break_capture,score,ok,1,1334305,5.621378359763115,gcc
llr8w2-kimi27sglang-c-skills-r1,kimi27sglang,c,1,610662,ext_break_capture,score,ok,1,1545319,0.3247863247863248,gcc
llr8w2-kimi27sglang-c-skills-r1,kimi27sglang,c,1,610662,ext_break_capture,score,ok,1,1545319,4.938057186870052,gcc
llr8w2-kimi27sglang-c-skills-r1,kimi27sglang,c,1,610662,ext_break_capture,score,ok,1,1545319,3.5993203000493446,gcc
llr8w2-kimi27sglang-c-skills-r1,kimi27sglang,c,1,610662,ext_break_capture,score,ok,1,1545319,4.6914858309064895,gcc
llr8w2-kimi27sglang-c-skills-r1,kimi27sglang,c,1,610662,ext_break_capture,score,ok,1,1545319,5.612075100985829,gcc
llr8w2-kimi27sglang-c-skills-r1,kimi27sglang,c,1,610662,ext_break_capture,score,ok,1,1693129,0.3438914027149321,gcc
llr8w2-kimi27sglang-c-skills-r1,kimi27sglang,c,1,610662,ext_break_capture,score,ok,1,1844978,0.33043478260869563,gcc
llr8w2-kimi27sglang-c-skills-r1,kimi27sglang,c,1,610662,ext_break_capture,score,ok,1,2081278,0.3206751054852321,gcc
llr8w2-kimi27sglang-c-skills-r1,kimi27sglang,c,1,610662,ext_break_capture,score,ok,1,2244982,0.34234234234234234,gcc
llr8w2-kimi27sglang-c-skills-r1,kimi27sglang,c,1,610662,ext_break_capture,score,ok,1,2587236,0.37254901960784315,gcc
llr8w2-kimi27sglang-c-skills-r1,kimi27sglang,c,1,610662,tsvc_2_s2233,score,ok,1,2842749,39.17121974009494,gcc
llr8w2-kimi27sglang-c-skills-r1,kimi27sglang,c,1,610662,tsvc_2_s2233,submit,timeout,0,2944229,0.0,gcc
llr8w2-kimi27sglang-c-skills-r1,kimi27sglang,c,1,610662,ext_break_capture,score,ok,1,2766020,0.336283185840708,gcc
llr8w2-kimi27sglang-c-skills-r1,kimi27sglang,c,1,610662,ext_break_capture,score,ok,1,2766020,5.635536580064336,gcc
llr8w2-kimi27sglang-c-skills-r1,kimi27sglang,c,1,610662,ext_break_capture,score,ok,1,3151150,0.8260869565217391,gcc
llr8w2-kimi27sglang-c-skills-r1,kimi27sglang,c,1,610662,ext_break_capture,score,incorrect,0,3151150,5.5958042331218,gcc
llr8w2-kimi27sglang-c-skills-r1,kimi27sglang,c,1,610662,tsvc_2_s2233,score,ok,1,4720976,6.359803582367233,gcc
llr8w2-kimi27sglang-c-skills-r1,kimi27sglang,c,1,610662,tsvc_2_s2233,score,ok,1,4989324,6.431205320807992,gcc
llr8w2-kimi27sglang-c-skills-r1,kimi27sglang,c,1,610662,tsvc_2_s2233,submit,timeout,0,5124363,0.0,gcc
llr8w2-kimi27sglang-c-skills-r1,kimi27sglang,c,1,610662,ext_break_capture,score,ok,1,3922074,0.37073170731707317,gcc
llr8w2-kimi27sglang-c-skills-r1,kimi27sglang,c,1,610662,ext_break_capture,score,ok,1,3922074,4.932508783500118,gcc
llr8w2-kimi27sglang-c-skills-r1,kimi27sglang,c,1,610662,ext_break_capture,score,ok,1,3922074,3.6040330644213125,gcc
llr8w2-kimi27sglang-c-skills-r1,kimi27sglang,c,1,610662,ext_break_capture,score,ok,1,3922074,4.742605173701431,gcc
llr8w2-kimi27sglang-c-skills-r1,kimi27sglang,c,1,610662,ext_break_capture,score,ok,1,3922074,5.613163690174149,gcc
llr8w2-kimi27sglang-c-skills-r1,kimi27sglang,c,1,610662,tsvc_2_s2233,score,ok,1,5262298,5.690854716894643,gcc
llr8w2-kimi27sglang-c-skills-r1,kimi27sglang,c,1,610662,tsvc_2_s2233,score,ok,1,5402208,8.907299650363683,gcc
llr8w2-kimi27sglang-c-skills-r1,kimi27sglang,c,1,610662,ext_break_capture,score,ok,1,4291762,5.614447666705555,gcc
llr8w2-kimi27sglang-c-skills-r1,kimi27sglang,c,1,610662,tsvc_2_s2233,score,ok,1,6258164,4.741828795590138,gcc
llr8w2-kimi27sglang-c-skills-r1,kimi27sglang,c,1,610662,tsvc_2_s2233,submit,timeout,0,6405680,0.0,gcc
llr8w2-kimi27sglang-c-skills-r1,kimi27sglang,c,1,610662,ext_break_capture,score,ok,1,4815833,0.3421882035119316,gcc
llr8w2-kimi27sglang-c-skills-r1,kimi27sglang,c,1,610662,ext_break_capture,score,ok,1,4815833,5.671541164800532,gcc
llr8w2-kimi27sglang-c-skills-r1,kimi27sglang,c,1,610662,ext_break_capture,score,ok,1,4815833,5.424204977652576,gcc
llr8w2-kimi27sglang-c-skills-r1,kimi27sglang,c,1,610662,ext_break_capture,score,ok,1,4815833,6.0964093984556085,gcc
llr8w2-kimi27sglang-c-skills-r1,kimi27sglang,c,1,610662,ext_break_capture,score,ok,1,4815833,5.115623124762524,gcc
llr8w2-kimi27sglang-c-skills-r1,kimi27sglang,c,1,610662,ext_break_capture,score,ok,1,4950842,5.079060010795718,gcc
llr8w2-kimi27sglang-c-skills-r1,kimi27sglang,c,1,610662,ext_break_capture,score,ok,1,4950842,5.133670981277324,gcc
llr8w2-kimi27sglang-c-skills-r1,kimi27sglang,c,1,610662,tsvc_2_s2233,score,ok,1,6703080,34.95537927303867,gcc
llr8w2-kimi27sglang-c-skills-r1,kimi27sglang,c,1,610662,ext_break_capture,score,ok,1,5225186,5.605195587040566,gcc
llr8w2-kimi27sglang-c-skills-r1,kimi27sglang,c,1,610662,ext_break_capture,submit,ok,1,5364154,6.177480771011445,gcc
llr8w2-kimi27sglang-c-skills-r1,kimi27sglang,c,1,610662,tsvc_2_s2233,submit,timeout,0,6852942,0.0,gcc
llr8w2-kimi27sglang-c-skills-r1,kimi27sglang,c,1,610662,ext_break_capture,score,ok,1,5644596,5.624439295837132,gcc
llr8w2-kimi27sglang-c-skills-r1,kimi27sglang,c,1,610662,tsvc_2_s2233,score,ok,1,7005516,35.46987954978926,gcc
llr8w2-kimi27sglang-c-skills-r1,kimi27sglang,c,1,610662,tsvc_2_s2233,score,ok,1,9901723,29.996288809146424,gcc
llr8w2-kimi27sglang-c-skills-r1,kimi27sglang,c,1,610662,fuse_move_ifs,score,incorrect,0,190105,0.0,gcc
llr8w2-kimi27sglang-c-skills-r1,kimi27sglang,c,1,610662,fuse_move_ifs,score,incorrect,0,247672,541.5151895316892,gcc
llr8w2-kimi27sglang-c-skills-r1,kimi27sglang,c,1,610662,tsvc_2_s323,score,incorrect,0,176503,0.0,gcc
llr8w2-kimi27sglang-c-skills-r1,kimi27sglang,c,1,610662,tsvc_2_s323,score,ok,1,212988,1.0017504623903133,gcc
llr8w2-kimi27sglang-c-skills-r1,kimi27sglang,c,1,610662,tsvc_2_s323,score,incorrect,0,277377,4.356297929190117,gcc
llr8w2-kimi27sglang-c-skills-r1,kimi27sglang,c,1,610662,fuse_move_ifs,score,incorrect,0,442518,499.2204637952742,gcc
llr8w2-kimi27sglang-c-skills-r1,kimi27sglang,c,1,610662,fuse_move_ifs,score,incorrect,0,601538,470.52963254267223,gcc
llr8w2-kimi27sglang-c-skills-r1,kimi27sglang,c,1,610662,tsvc_2_s323,score,incorrect,0,588101,4.126313098791341,gcc
llr8w2-kimi27sglang-c-skills-r1,kimi27sglang,c,1,610662,fuse_move_ifs,score,incorrect,0,1079751,7404.940933767644,gcc
llr8w2-kimi27sglang-c-skills-r1,kimi27sglang,c,1,610662,tsvc_2_s323,score,incorrect,0,953818,5.2822827141872,gcc
llr8w2-kimi27sglang-c-skills-r1,kimi27sglang,c,1,610662,fuse_move_ifs,score,incorrect,0,1308143,5631.668538398018,gcc
llr8w2-kimi27sglang-c-skills-r1,kimi27sglang,c,1,610662,tsvc_2_s323,score,incorrect,0,1470065,5.195055184736033,gcc
llr8w2-kimi27sglang-c-skills-r1,kimi27sglang,c,1,610662,tsvc_2_s323,score,incorrect,0,1776367,5.042644910505224,gcc
llr8w2-kimi27sglang-c-skills-r1,kimi27sglang,c,1,610662,fuse_move_ifs,score,incorrect,0,1599697,6149.639855725879,gcc
llr8w2-kimi27sglang-c-skills-r1,kimi27sglang,c,1,610662,fuse_move_ifs,score,incorrect,0,1713422,4742.5696485623,gcc
llr8w2-kimi27sglang-c-skills-r1,kimi27sglang,c,1,610662,tsvc_2_s323,score,incorrect,0,2009553,4.789813605599131,gcc
llr8w2-kimi27sglang-c-skills-r1,kimi27sglang,c,1,610662,tsvc_2_s323,score,incorrect,0,2260350,4.4826954347062085,gcc
llr8w2-kimi27sglang-c-skills-r1,kimi27sglang,c,1,610662,tsvc_2_s323,score,incorrect,0,2536555,4.650396331916574,gcc
llr8w2-kimi27sglang-c-skills-r1,kimi27sglang,c,1,610662,tsvc_2_s323,score,incorrect,0,2832335,4.896013169154617,gcc
llr8w2-kimi27sglang-c-skills-r1,kimi27sglang,c,1,610662,fuse_move_ifs,score,incorrect,0,1951367,6035.354513274337,gcc
llr8w2-kimi27sglang-c-skills-r1,kimi27sglang,c,1,610662,tsvc_2_s323,score,ok,1,3045030,1.0015187707098385,gcc
llr8w2-kimi27sglang-c-skills-r1,kimi27sglang,c,1,610662,tsvc_2_s323,score,ok,1,3150946,1.0230341466630475,gcc
llr8w2-kimi27sglang-c-skills-r1,kimi27sglang,c,1,610662,fuse_move_ifs,score,incorrect,0,2147355,5632.463235294118,gcc
llr8w2-kimi27sglang-c-skills-r1,kimi27sglang,c,1,610662,fuse_move_ifs,score,incorrect,0,2163205,5503.91166525782,gcc
llr8w2-kimi27sglang-c-skills-r1,kimi27sglang,c,1,610662,tsvc_2_s323,score,ok,1,3204784,1.004597097295929,gcc
llr8w2-kimi27sglang-c-skills-r1,kimi27sglang,c,1,610662,fuse_move_ifs,score,incorrect,0,2180334,5302.221091205211,gcc
llr8w2-kimi27sglang-c-skills-r1,kimi27sglang,c,1,610662,fuse_move_ifs,score,score_error,0,2198723,0.0,gcc
llr8w2-kimi27sglang-c-skills-r1,kimi27sglang,c,1,610662,fuse_move_ifs,score,incorrect,0,2208286,5200.58107028754,gcc
llr8w2-kimi27sglang-c-skills-r1,kimi27sglang,c,1,610662,fuse_move_ifs,score,incorrect,0,2228316,5498.7986656532385,gcc
llr8w2-kimi27sglang-c-skills-r1,kimi27sglang,c,1,610662,tsvc_2_s323,score,ok,1,3265259,1.0082221772165925,gcc
llr8w2-kimi27sglang-c-skills-r1,kimi27sglang,c,1,610662,tsvc_2_s323,score,ok,1,3331361,1.0187568606950488,gcc
llr8w2-kimi27sglang-c-skills-r1,kimi27sglang,c,1,610662,tsvc_2_s323,score,ok,1,3402088,1.024793666536202,gcc
llr8w2-kimi27sglang-c-skills-r1,kimi27sglang,c,1,610662,tsvc_2_s323,score,ok,1,3476004,1.0237204577182346,gcc
llr8w2-kimi27sglang-c-skills-r1,kimi27sglang,c,1,610662,tsvc_2_s323,score,ok,1,3551126,1.0215767830405191,gcc
llr8w2-kimi27sglang-c-skills-r1,kimi27sglang,c,1,610662,fuse_move_ifs,score,incorrect,0,2294241,5881.246048234125,gcc
llr8w2-kimi27sglang-c-skills-r1,kimi27sglang,c,1,610662,tsvc_2_s323,score,ok,1,3628900,1.020074214493077,gcc
llr8w2-kimi27sglang-c-skills-r1,kimi27sglang,c,1,610662,tsvc_2_s323,score,incorrect,0,3712194,4.74021446593616,gcc
llr8w2-kimi27sglang-c-skills-r1,kimi27sglang,c,1,610662,fuse_move_ifs,score,incorrect,0,2514876,5865.880630630631,gcc
llr8w2-kimi27sglang-c-skills-r1,kimi27sglang,c,1,610662,tsvc_2_s323,score,incorrect,0,3800382,0.9346314865891693,gcc
llr8w2-kimi27sglang-c-skills-r1,kimi27sglang,c,1,610662,tsvc_2_s323,score,ok,1,3986465,1.0229350393430363,gcc
llr8w2-kimi27sglang-c-skills-r1,kimi27sglang,c,1,610662,tsvc_2_s323,score,ok,1,4083600,1.0244773518499948,gcc
llr8w2-kimi27sglang-c-skills-r1,kimi27sglang,c,1,610662,fuse_move_ifs,score,incorrect,0,2576743,5823.906529516995,gcc
llr8w2-kimi27sglang-c-skills-r1,kimi27sglang,c,1,610662,tsvc_2_s323,score,ok,1,4182534,1.0254017621081866,gcc
llr8w2-kimi27sglang-c-skills-r1,kimi27sglang,c,1,610662,tsvc_2_s323,score,ok,1,4282665,1.021264617503543,gcc
llr8w2-kimi27sglang-c-skills-r1,kimi27sglang,c,1,610662,fuse_move_ifs,score,incorrect,0,2644582,5564.5906332792065,gcc
llr8w2-kimi27sglang-c-skills-r1,kimi27sglang,c,1,610662,fuse_move_ifs,score,incorrect,0,2714296,6789.496871741398,gcc
llr8w2-kimi27sglang-c-skills-r1,kimi27sglang,c,1,610662,fuse_move_ifs,score,incorrect,0,2972909,5498.7986656532385,gcc
llr8w2-kimi27sglang-c-skills-r1,kimi27sglang,c,1,610662,tsvc_2_s323,score,ok,1,4441367,1.0243548085763607,gcc
llr8w2-kimi27sglang-c-skills-r1,kimi27sglang,c,1,610662,fuse_move_ifs,score,incorrect,0,3052423,5903.107434270172,gcc
llr8w2-kimi27sglang-c-skills-r1,kimi27sglang,c,1,610662,tsvc_2_s323,score,ok,1,4612686,1.0218029248756308,gcc
llr8w2-kimi27sglang-c-skills-r1,kimi27sglang,c,1,610662,tsvc_2_s323,score,ok,1,4728821,1.0250855015268558,gcc
llr8w2-kimi27sglang-c-skills-r1,kimi27sglang,c,1,610662,fuse_move_ifs,score,incorrect,0,3135114,5603.379948364888,gcc
llr8w2-kimi27sglang-c-skills-r1,kimi27sglang,c,1,610662,fuse_move_ifs,score,incorrect,0,3221340,5583.678500986193,gcc
llr8w2-kimi27sglang-c-skills-r1,kimi27sglang,c,1,610662,tsvc_2_s323,submit,ok,1,4971496,1.0,gcc
llr8w2-kimi27sglang-c-skills-r1,kimi27sglang,c,1,610662,fuse_move_ifs,score,incorrect,0,3413731,7275.002793296089,gcc
llr8w2-kimi27sglang-c-skills-r1,kimi27sglang,c,1,610662,fuse_move_ifs,score,incorrect,0,4308552,5897.760416666667,gcc
llr8w2-kimi27sglang-c-skills-r1,kimi27sglang,c,1,610662,fuse_stencil_through_transient,score,incorrect,0,158642,0.0,gcc
llr8w2-kimi27sglang-c-skills-r1,kimi27sglang,c,1,610662,fuse_stencil_through_transient,score,incorrect,0,210003,19.45382017470018,gcc
llr8w2-kimi27sglang-c-skills-r1,kimi27sglang,c,1,610662,wf_diff_skew,score,incorrect,0,176231,0.0,gcc
llr8w2-kimi27sglang-c-skills-r1,kimi27sglang,c,1,610662,fuse_stencil_through_transient,score,incorrect,0,293287,19.431478234434135,gcc
llr8w2-kimi27sglang-c-skills-r1,kimi27sglang,c,1,610662,wf_diff_skew,score,ok,1,222426,1.0020246072806336,gcc
llr8w2-kimi27sglang-c-skills-r1,kimi27sglang,c,1,610662,wf_diff_skew,score,ok,1,296457,2.181105940838579,gcc
llr8w2-kimi27sglang-c-skills-r1,kimi27sglang,c,1,610662,wf_diff_skew,submit,ok,1,322165,2.32978997148077,gcc
llr8w2-kimi27sglang-c-skills-r1,kimi27sglang,c,1,610662,fuse_stencil_through_transient,score,incorrect,0,393994,9.752513373546023,gcc
llr8w2-kimi27sglang-c-skills-r1,kimi27sglang,c,1,610662,wf_diff_skew,score,ok,1,526657,3.6261797590274405,gcc
llr8w2-kimi27sglang-c-skills-r1,kimi27sglang,c,1,610662,wf_diff_skew,submit,ok,1,559919,3.203323004222716,gcc
llr8w2-kimi27sglang-c-skills-r1,kimi27sglang,c,1,610662,fuse_stencil_through_transient,score,ok,1,1602698,9.71041072577017,gcc
llr8w2-kimi27sglang-c-skills-r1,kimi27sglang,c,1,610662,fuse_stencil_through_transient,score,ok,1,1813100,19.480818604831896,gcc
llr8w2-kimi27sglang-c-skills-r1,kimi27sglang,c,1,610662,fuse_stencil_through_transient,submit,ok,1,1883832,19.39855530038667,gcc
llr8w2-kimi27sglang-c-skills-r1,kimi27sglang,c,1,610662,wf_diff_skew,score,ok,1,707524,3.354417856674874,gcc
llr8w2-kimi27sglang-c-skills-r1,kimi27sglang,c,1,610662,fuse_stencil_through_transient,score,ok,1,2103596,3.2581893450453854,gcc
llr8w2-kimi27sglang-c-skills-r1,kimi27sglang,c,1,610662,fuse_stencil_through_transient,score,ok,1,2336655,19.47725756691558,gcc
llr8w2-kimi27sglang-c-skills-r1,kimi27sglang,c,1,610662,fuse_stencil_through_transient,score,ok,1,2823347,19.409077852041165,gcc
llr8w2-kimi27sglang-c-skills-r1,kimi27sglang,c,1,610662,fuse_stencil_through_transient,submit,ok,1,3248005,19.39855530038667,gcc
llr8w2-kimi27sglang-c-skills-r1,kimi27sglang,c,1,610662,wf_diff_skew,score,incorrect,0,1225498,5.508372298351145,gcc
llr8w2-kimi27sglang-c-skills-r1,kimi27sglang,c,1,610662,fuse_stencil_through_transient,score,ok,1,3965596,21.955231980478295,gcc
llr8w2-kimi27sglang-c-skills-r1,kimi27sglang,c,1,610662,fuse_stencil_through_transient,submit,ok,1,4058653,20.388076578127013,gcc
llr8w2-kimi27sglang-c-skills-r1,kimi27sglang,c,1,610662,fuse_stencil_through_transient,score,ok,1,4345084,16.14037037410227,gcc
llr8w2-kimi27sglang-c-skills-r1,kimi27sglang,c,1,610662,fuse_stencil_through_transient,score,ok,1,4638625,22.63156500933728,gcc
llr8w2-kimi27sglang-c-skills-r1,kimi27sglang,c,1,610662,fuse_stencil_through_transient,submit,ok,1,4737595,20.18621443378912,gcc
llr8w2-kimi27sglang-c-skills-r1,kimi27sglang,c,1,610662,fuse_stencil_through_transient,score,ok,1,5039710,22.8334616021622,gcc
llr8w2-kimi27sglang-c-skills-r1,kimi27sglang,c,1,610662,fuse_stencil_through_transient,submit,ok,1,5141479,20.797876917347367,gcc
llr8w2-kimi27sglang-c-skills-r1,kimi27sglang,c,1,610662,fuse_stencil_through_transient,score,ok,1,5453570,21.170775480659334,gcc
llr8w2-kimi27sglang-c-skills-r1,kimi27sglang,c,1,610662,fuse_stencil_through_transient,score,ok,1,5665116,22.63220062640831,gcc
llr8w2-kimi27sglang-c-skills-r1,kimi27sglang,c,1,610662,fuse_stencil_through_transient,score,ok,1,5881001,22.287864686300086,gcc
llr8w2-kimi27sglang-c-skills-r1,kimi27sglang,c,1,610662,fuse_stencil_through_transient,score,ok,1,6541501,22.930402966212874,gcc
llr8w2-kimi27sglang-c-skills-r1,kimi27sglang,c,1,610662,wf_diff_skew,score,ok,1,2968261,3.5383686368266765,gcc
llr8w2-kimi27sglang-c-skills-r1,kimi27sglang,c,1,610662,fuse_stencil_through_transient,submit,ok,1,6653371,21.21591424338605,gcc
llr8w2-kimi27sglang-c-skills-r1,kimi27sglang,c,1,610662,fuse_stencil_through_transient,score,ok,1,6879424,22.836646389121114,gcc
llr8w2-kimi27sglang-c-skills-r1,kimi27sglang,c,1,610662,fuse_stencil_through_transient,submit,ok,1,6993598,21.005855686520842,gcc
llr8w2-kimi27sglang-c-skills-r1,kimi27sglang,c,1,610662,fuse_stencil_through_transient,score,ok,1,7223889,22.03368821808134,gcc
llr8w2-kimi27sglang-c-skills-r1,kimi27sglang,c,1,610662,wf_diff_skew,score,ok,1,3491810,4.480629163496542,gcc
llr8w2-kimi27sglang-c-skills-r1,kimi27sglang,c,1,610662,wf_diff_skew,submit,ok,1,3599279,4.274846967032212,gcc
llr8w2-kimi27sglang-c-skills-r1,kimi27sglang,c,1,610662,fuse_stencil_through_transient,submit,ok,1,7339996,21.64235411967811,gcc
llr8w2-kimi27sglang-c-skills-r1,kimi27sglang,c,1,610662,fuse_stencil_through_transient,score,ok,1,7693574,21.696947026861846,gcc
llr8w2-kimi27sglang-c-skills-r1,kimi27sglang,c,1,610662,fuse_stencil_through_transient,score,ok,1,7932577,22.23037053096412,gcc
llr8w2-kimi27sglang-c-skills-r1,kimi27sglang,c,1,610662,fuse_stencil_through_transient,score,ok,1,8174894,22.365904917796353,gcc
llr8w2-kimi27sglang-c-skills-r1,kimi27sglang,c,1,610662,wf_diff_skew,score,incorrect,0,4596002,5.011489022100059,gcc
llr8w2-kimi27sglang-c-skills-r1,kimi27sglang,c,1,610662,fuse_stencil_through_transient,score,ok,1,8421467,22.796566466101236,gcc
llr8w2-kimi27sglang-c-skills-r1,kimi27sglang,c,1,610662,wf_diff_skew,score,ok,1,4831362,4.503767809303309,gcc
llr8w2-kimi27sglang-c-skills-r1,kimi27sglang,c,1,610662,fuse_stencil_through_transient,submit,ok,1,8546160,21.64235411967811,gcc
llr8w2-kimi27sglang-c-skills-r1,kimi27sglang,c,1,610662,wf_diff_skew,score,ok,1,5071205,4.964724366038329,gcc
llr8w2-kimi27sglang-c-skills-r1,kimi27sglang,c,1,610662,wf_diff_skew,submit,ok,1,5192130,4.027099216733592,gcc
llr8w2-kimi27sglang-c-skills-r1,kimi27sglang,c,1,610662,fuse_stencil_through_transient,score,ok,1,8797692,21.85067230848287,gcc
llr8w2-kimi27sglang-c-skills-r1,kimi27sglang,c,1,610662,fuse_stencil_through_transient,score,ok,1,9051539,21.358113866244114,gcc
llr8w2-kimi27sglang-c-skills-r1,kimi27sglang,c,1,610662,wf_diff_skew,score,ok,1,5436390,7.2265205138018045,gcc
llr8w2-kimi27sglang-c-skills-r1,kimi27sglang,c,1,610662,fuse_stencil_through_transient,score,ok,1,9307694,22.064129524093328,gcc
llr8w2-kimi27sglang-c-skills-r1,kimi27sglang,c,1,610662,wf_diff_skew,submit,ok,1,5559756,4.629046703784691,gcc
llr8w2-kimi27sglang-c-skills-r1,kimi27sglang,c,1,610662,fuse_stencil_through_transient,score,ok,1,9567279,21.610496384835308,gcc
llr8w2-kimi27sglang-c-skills-r1,kimi27sglang,c,1,610662,fuse_stencil_through_transient,score,ok,1,9829723,22.363438315970306,gcc
llr8w2-kimi27sglang-c-skills-r1,kimi27sglang,c,1,610662,fuse_stencil_through_transient,submit,ok,1,9961720,21.005855686520842,gcc
llr8w2-kimi27sglang-c-skills-r1,kimi27sglang,c,1,610662,wf_diff_skew,score,ok,1,6211960,4.331573065343104,gcc
llr8w2-kimi27sglang-c-skills-r1,kimi27sglang,c,1,610662,wf_diff_skew,score,ok,1,6482440,6.48881458056025,gcc
llr8w2-kimi27sglang-c-skills-r1,kimi27sglang,c,1,610662,wf_diff_skew,submit,ok,1,6618958,3.987226947260982,gcc
llr8w2-kimi27sglang-c-skills-r1,kimi27sglang,c,1,610662,wf_diff_skew,score,ok,1,6897522,5.726177121020564,gcc
llr8w2-kimi27sglang-c-skills-r1,kimi27sglang,c,1,610662,wf_diff_skew,score,ok,1,7181742,5.6031940255888655,gcc
llr8w2-kimi27sglang-c-skills-r1,kimi27sglang,c,1,610662,wf_diff_skew,score,ok,1,7471307,6.8771163694566,gcc
llr8w2-kimi27sglang-c-skills-r1,kimi27sglang,c,1,610662,wf_diff_skew,submit,ok,1,7617927,3.987226947260982,gcc
llr8w2-kimi27sglang-c-skills-r1,kimi27sglang,c,1,610662,wf_diff_skew,score,ok,1,7915701,6.374540450462772,gcc
llr8w2-kimi27sglang-c-skills-r1,kimi27sglang,c,1,610662,wf_diff_skew,score,ok,1,8066840,5.487393321300031,gcc
llr8w2-kimi27sglang-c-skills-r1,kimi27sglang,c,1,610662,wf_diff_skew,score,ok,1,8370933,6.318790096743235,gcc
llr8w2-kimi27sglang-c-skills-r1,kimi27sglang,c,1,610662,wf_diff_skew,score,ok,1,8523894,5.848653910796573,gcc
llr8w2-kimi27sglang-c-skills-r1,kimi27sglang,c,1,610662,wf_diff_skew,submit,ok,1,8833560,4.360771391069559,gcc
llr8w2-kimi27sglang-c-skills-r1,kimi27sglang,c,1,610662,wf_diff_skew,score,ok,1,9148910,0.629869167239867,gcc
llr8w2-kimi27sglang-c-skills-r1,kimi27sglang,c,1,610662,wf_diff_skew,score,ok,1,9477147,6.280754996675578,gcc
llr8w2-kimi27sglang-c-skills-r1,kimi27sglang,c,1,610662,wf_diff_skew,score,ok,1,9483427,6.964763560833462,gcc
llr8w2-kimi27sglang-c-skills-r1,kimi27sglang,c,1,610662,wf_diff_skew,submit,ok,1,9491565,5.374179516051848,gcc
llr8w2-kimi27sglang-c-skills-r1,kimi27sglang,c,1,610662,tsvc_2_s119,score,incorrect,0,192979,0.0,gcc
llr8w2-kimi27sglang-c-skills-r1,kimi27sglang,c,1,610662,tsvc_2_s119,score,ok,1,269272,1.0031462780774134,gcc
llr8w2-kimi27sglang-c-skills-r1,kimi27sglang,c,1,610662,tsvc_2_s119,score,ok,1,353713,2.8862606757604383,gcc
llr8w2-kimi27sglang-c-skills-r1,kimi27sglang,c,1,610662,tsvc_2_s119,submit,ok,1,375715,2.731861967715744,gcc
llr8w2-kimi27sglang-c-skills-r1,kimi27sglang,c,1,610662,tsvc_2_s119,score,ok,1,539526,2.898118709140656,gcc
llr8w2-kimi27sglang-c-skills-r1,kimi27sglang,c,1,610662,tsvc_2_s119,score,ok,1,633366,2.600311903984439,gcc
llr8w2-kimi27sglang-c-skills-r1,kimi27sglang,c,1,610662,tsvc_2_s119,score,ok,1,699403,3.524958717037575,gcc
llr8w2-kimi27sglang-c-skills-r1,kimi27sglang,c,1,610662,tsvc_2_s119,score,ok,1,767188,3.6334410920272844,gcc
llr8w2-kimi27sglang-c-skills-r1,kimi27sglang,c,1,610662,tsvc_2_s119,score,ok,1,836734,3.612379896959869,gcc
llr8w2-kimi27sglang-c-skills-r1,kimi27sglang,c,1,610662,tsvc_2_s119,score,ok,1,908107,3.551440919467001,gcc
llr8w2-kimi27sglang-c-skills-r1,kimi27sglang,c,1,610662,tsvc_2_s119,score,ok,1,981297,3.9964363768278677,gcc
llr8w2-kimi27sglang-c-skills-r1,kimi27sglang,c,1,610662,tsvc_2_s119,score,ok,1,1056215,3.9020536065945968,gcc
llr8w2-kimi27sglang-c-skills-r1,kimi27sglang,c,1,610662,tsvc_2_s119,score,ok,1,1132875,3.5377583819952676,gcc
llr8w2-kimi27sglang-c-skills-r1,kimi27sglang,c,1,610662,tsvc_2_s119,score,ok,1,1211289,3.8890633095162337,gcc
llr8w2-kimi27sglang-c-skills-r1,kimi27sglang,c,1,610662,tsvc_2_s119,score,ok,1,1291444,3.7960537734677477,gcc
llr8w2-kimi27sglang-c-skills-r1,kimi27sglang,c,1,610662,tsvc_2_s119,score,ok,1,1375957,3.6448280652034226,gcc
llr8w2-kimi27sglang-c-skills-r1,kimi27sglang,c,1,610662,tsvc_2_s119,score,ok,1,1464865,2.41328143916019,gcc
llr8w2-kimi27sglang-c-skills-r1,kimi27sglang,c,1,610662,tsvc_2_s119,score,ok,1,1602085,3.53753226627104,gcc
llr8w2-kimi27sglang-c-skills-r1,kimi27sglang,c,1,610662,tsvc_2_s119,score,ok,1,1648511,3.5844973462785257,gcc
llr8w2-kimi27sglang-c-skills-r1,kimi27sglang,c,1,610662,tsvc_2_s119,score,ok,1,1745678,3.186890459410314,gcc
llr8w2-kimi27sglang-c-skills-r1,kimi27sglang,c,1,610662,tsvc_2_s119,submit,ok,1,1796251,3.3003868945736685,gcc
llr8w2-kimi27sglang-c-skills-r1,kimi27sglang,c,1,610662,tsvc_2_s119,score,ok,1,2012667,4.092120329934249,gcc
llr8w2-kimi27sglang-c-skills-r1,kimi27sglang,c,1,610662,tsvc_2_s119,score,ok,1,2126015,3.967363488930835,gcc
llr8w2-kimi27sglang-c-skills-r1,kimi27sglang,c,1,610662,tsvc_2_s119,score,ok,1,2241444,3.529552839616831,gcc
llr8w2-kimi27sglang-c-skills-r1,kimi27sglang,c,1,610662,tsvc_2_s119,score,ok,1,2358737,3.589660904986836,gcc
llr8w2-kimi27sglang-c-skills-r1,kimi27sglang,c,1,610662,tsvc_2_s119,score,ok,1,2477923,4.048504462530546,gcc
llr8w2-kimi27sglang-c-skills-r1,kimi27sglang,c,1,610662,tsvc_2_s119,score,ok,1,2599111,3.6021368052624183,gcc
llr8w2-kimi27sglang-c-skills-r1,kimi27sglang,c,1,610662,tsvc_2_s119,score,ok,1,2722711,3.719484317463234,gcc
llr8w2-kimi27sglang-c-skills-r1,kimi27sglang,c,1,610662,tsvc_2_s119,score,ok,1,2848613,3.465510277543661,gcc
llr8w2-kimi27sglang-c-skills-r1,kimi27sglang,c,1,610662,tsvc_2_s119,score,ok,1,2976904,2.2965064154591723,gcc
llr8w2-kimi27sglang-c-skills-r1,kimi27sglang,c,1,610662,tsvc_2_s119,score,ok,1,3107549,3.733061998217748,gcc
llr8w2-kimi27sglang-c-skills-r1,kimi27sglang,c,1,610662,tsvc_2_s119,score,ok,1,3316572,3.9253091395886908,gcc
llr8w2-kimi27sglang-c-skills-r1,kimi27sglang,c,1,610662,tsvc_2_s119,score,ok,1,3537323,3.86780463141976,gcc
llr8w2-kimi27sglang-c-skills-r1,kimi27sglang,c,1,610662,tsvc_2_s119,score,ok,1,3686396,3.921624714798385,gcc
llr8w2-kimi27sglang-c-skills-r1,kimi27sglang,c,1,610662,tsvc_2_s119,score,ok,1,3837298,3.8440656543860316,gcc
llr8w2-kimi27sglang-c-skills-r1,kimi27sglang,c,1,610662,tsvc_2_s119,score,ok,1,3990023,4.016949839960954,gcc
llr8w2-kimi27sglang-c-skills-r1,kimi27sglang,c,1,610662,tsvc_2_s119,score,ok,1,4144546,3.8255480924743543,gcc
llr8w2-kimi27sglang-c-skills-r1,kimi27sglang,c,1,610662,tsvc_2_s119,score,ok,1,4300930,3.555069127967615,gcc
llr8w2-kimi27sglang-c-skills-r1,kimi27sglang,c,1,610662,tsvc_2_s119,score,ok,1,4459126,3.574144677406014,gcc
llr8w2-kimi27sglang-c-skills-r1,kimi27sglang,c,1,610662,tsvc_2_s119,score,ok,1,4619155,3.5900667840078975,gcc
llr8w2-kimi27sglang-c-skills-r1,kimi27sglang,c,1,610662,tsvc_2_s119,score,ok,1,4781022,3.610826961900422,gcc
llr8w2-kimi27sglang-c-skills-r1,kimi27sglang,c,1,610662,tsvc_2_s119,score,ok,1,4944887,3.7267585947587265,gcc
llr8w2-kimi27sglang-c-skills-r1,kimi27sglang,c,1,610662,tsvc_2_s119,score,ok,1,5114576,0.3822923968756835,gcc
llr8w2-kimi27sglang-c-skills-r1,kimi27sglang,c,1,610662,tsvc_2_s119,score,ok,1,5201918,4.1604847884796765,gcc
llr8w2-kimi27sglang-c-skills-r1,kimi27sglang,c,1,610662,tsvc_2_s119,score,ok,1,5290101,4.180144618860605,gcc
llr8w2-kimi27sglang-c-skills-r1,kimi27sglang,c,1,610662,tsvc_2_s119,score,ok,1,5378604,0.13691683569979715,gcc
llr8w2-kimi27sglang-c-skills-r1,kimi27sglang,c,1,610662,tsvc_2_s119,score,ok,1,5647909,0.3543307086614173,gcc
llr8w2-kimi27sglang-c-skills-r1,kimi27sglang,c,1,610662,tsvc_2_s119,score,ok,1,5830927,0.3879310344827586,gcc
llr8w2-kimi27sglang-c-skills-r1,kimi27sglang,c,1,610662,tsvc_2_s119,score,ok,1,5923636,4.053175221595084,gcc
llr8w2-kimi27sglang-c-skills-r1,kimi27sglang,c,1,610662,tsvc_2_s119,score,ok,1,6016934,4.616091905032399,gcc
llr8w2-kimi27sglang-c-skills-r1,kimi27sglang,c,1,610662,tsvc_2_s119,score,ok,1,6110537,3.524373578605128,gcc
llr8w2-kimi27sglang-c-skills-r1,kimi27sglang,c,1,610662,tsvc_2_s119,score,ok,1,6204466,3.7828389513189205,gcc
llr8w2-kimi27sglang-c-skills-r1,kimi27sglang,c,1,610662,tsvc_2_s119,submit,ok,1,6298821,3.3003868945736685,gcc
llr8w2-kimi27sglang-c-skills-r1,kimi27sglang,c,1,610662,tsvc_2_s119,score,ok,1,6493221,3.6145754371156724,gcc
llr8w2-kimi27sglang-c-skills-r1,kimi27sglang,c,1,610662,tsvc_2_s119,score,ok,1,6693777,3.500383038754206,gcc
llr8w2-kimi27sglang-c-skills-r1,kimi27sglang,c,1,610662,tsvc_2_s119,score,ok,1,6794935,0.3868194842406877,gcc
llr8w2-kimi27sglang-c-skills-r1,kimi27sglang,c,1,610662,tsvc_2_s119,score,ok,1,6896680,3.760017527956463,gcc
llr8w2-kimi27sglang-c-skills-r1,kimi27sglang,c,1,610662,tsvc_2_s119,score,ok,1,7102992,4.316039007173795,gcc
llr8w2-kimi27sglang-c-skills-r1,kimi27sglang,c,1,610662,tsvc_2_s119,score,ok,1,7312297,4.813101538224887,gcc
llr8w2-kimi27sglang-c-skills-r1,kimi27sglang,c,1,610662,tsvc_2_s119,submit,ok,1,7417658,3.609584540755694,gcc
