arm,model,language,skills,job,benchmark,route,status,correct,tokens,speedup,compiler
llr6v8-qwen30b-c,qwen30b,c,0,604719,ext_war_unit,score,ok,1,115303,1.0,gcc
llr6v8-qwen30b-c,qwen30b,c,0,604719,quasi_affine_reduce_odd,score,ok,1,115976,1.0,gcc
llr6v8-qwen30b-c,qwen30b,c,0,604719,tsvc_2_s316,score,ok,1,116297,1.0,gcc
llr6v8-qwen30b-c,qwen30b,c,0,604719,tsvc_2_s311,score,ok,1,116542,1.0,gcc
llr6v8-qwen30b-c,qwen30b,c,0,604719,tsvc_2_s1244,score,timeout,0,117490,0.0,gcc
llr6v8-qwen30b-c,qwen30b,c,0,604719,tsvc_2_s4112,score,ok,1,128326,1.0,gcc
llr6v8-qwen30b-c,qwen30b,c,0,604719,wavefront2d,score,ok,1,106547,1.0,gcc
llr6v8-qwen30b-c,qwen30b,c,0,604719,argmax_with_index,score,ok,1,116138,1.0,gcc
llr6v8-qwen30b-c,qwen30b,c,0,604719,quasi_affine_reduce_odd,score,ok,1,139316,1.0,gcc
llr6v8-qwen30b-c,qwen30b,c,0,604719,ext_war_unit,score,ok,1,150670,1.0,gcc
llr6v8-qwen30b-c,qwen30b,c,0,604719,tsvc_2_s252,score,ok,1,151930,1.0,gcc
llr6v8-qwen30b-c,qwen30b,c,0,604719,tsvc_2_s2275,score,ok,1,133137,1.0,gcc
llr6v8-qwen30b-c,qwen30b,c,0,604719,tsvc_2_s316,score,ok,1,152418,1.0,gcc
llr6v8-qwen30b-c,qwen30b,c,0,604719,tsvc_2_s311,score,ok,1,152774,1.0,gcc
llr6v8-qwen30b-c,qwen30b,c,0,604719,tsvc_2_s1244,score,incorrect,0,202385,11.111111111111114,gcc
llr6v8-qwen30b-c,qwen30b,c,0,604719,quasi_affine_reduce_odd,score,ok,1,164292,1.0,gcc
llr6v8-qwen30b-c,qwen30b,c,0,604719,ext_war_unit,score,incorrect,0,189452,1.0,gcc
llr6v8-qwen30b-c,qwen30b,c,0,604719,tsvc_2_s252,score,ok,1,203713,1.0309278350515465,gcc
llr6v8-qwen30b-c,qwen30b,c,0,604719,tsvc_2_s316,score,ok,1,192287,1.0,gcc
llr6v8-qwen30b-c,qwen30b,c,0,604719,tsvc_2_s4112,score,ok,1,205975,1.0,gcc
llr6v8-qwen30b-c,qwen30b,c,0,604719,quasi_affine_reduce_odd,score,ok,1,190954,1.0869565217391304,gcc
llr6v8-qwen30b-c,qwen30b,c,0,604719,tsvc_2_s311,score,ok,1,192427,1.0,gcc
llr6v8-qwen30b-c,qwen30b,c,0,604719,tsvc_2_s1244,score,timeout,0,252095,0.0,gcc
llr6v8-qwen30b-c,qwen30b,c,0,604719,ext_war_unit,score,ok,1,231393,1.0,gcc
llr6v8-qwen30b-c,qwen30b,c,0,604719,tsvc_2_s316,score,ok,1,235617,1.0,gcc
llr6v8-qwen30b-c,qwen30b,c,0,604719,tsvc_2_s252,score,ok,1,247070,1.0,gcc
llr6v8-qwen30b-c,qwen30b,c,0,604719,tsvc_2_s4112,score,ok,1,234838,1.0,gcc
llr6v8-qwen30b-c,qwen30b,c,0,604719,wavefront2d,score,ok,1,169484,1.0,gcc
llr6v8-qwen30b-c,qwen30b,c,0,604719,quasi_affine_reduce_odd,score,ok,1,219360,1.1111111111111112,gcc
llr6v8-qwen30b-c,qwen30b,c,0,604719,argmax_with_index,score,ok,1,180396,1.4492753623188408,gcc
llr6v8-qwen30b-c,qwen30b,c,0,604719,tsvc_2_s311,score,ok,1,235531,3.0303030303030307,gcc
llr6v8-qwen30b-c,qwen30b,c,0,604719,tsvc_2_s1244,score,timeout,0,287351,0.0,gcc
llr6v8-qwen30b-c,qwen30b,c,0,604719,ext_war_unit,score,ok,1,276547,1.0,gcc
llr6v8-qwen30b-c,qwen30b,c,0,604719,tsvc_2_s316,score,ok,1,282762,1.0,gcc
llr6v8-qwen30b-c,qwen30b,c,0,604719,tsvc_2_s252,score,ok,1,294315,1.0526315789473684,gcc
llr6v8-qwen30b-c,qwen30b,c,0,604719,tsvc_2_s2275,score,ok,1,200758,1.0,gcc
llr6v8-qwen30b-c,qwen30b,c,0,604719,quasi_affine_reduce_odd,score,ok,1,249600,1.0,gcc
llr6v8-qwen30b-c,qwen30b,c,0,604719,tsvc_2_s4112,score,ok,1,281127,1.0,gcc
llr6v8-qwen30b-c,qwen30b,c,0,604719,tsvc_2_s311,score,ok,1,282507,6.249999999999999,gcc
llr6v8-qwen30b-c,qwen30b,c,0,604719,ext_war_unit,score,ok,1,325016,1.0,gcc
llr6v8-qwen30b-c,qwen30b,c,0,604719,tsvc_2_s252,score,ok,1,328002,1.8867924528301885,gcc
llr6v8-qwen30b-c,qwen30b,c,0,604719,tsvc_2_s1244,score,timeout,0,363847,0.0,gcc
llr6v8-qwen30b-c,qwen30b,c,0,604719,quasi_affine_reduce_odd,score,ok,1,281741,1.0526315789473684,gcc
llr6v8-qwen30b-c,qwen30b,c,0,604719,tsvc_2_s4112,score,ok,1,314237,1.0,gcc
llr6v8-qwen30b-c,qwen30b,c,0,604719,ext_war_unit,score,ok,1,376619,1.0,gcc
llr6v8-qwen30b-c,qwen30b,c,0,604719,tsvc_2_s311,score,ok,1,333588,3.0303030303030307,gcc
llr6v8-qwen30b-c,qwen30b,c,0,604719,wavefront2d,score,incorrect,0,261440,1.0,gcc
llr6v8-qwen30b-c,qwen30b,c,0,604719,tsvc_2_s316,score,ok,1,405784,1.0,gcc
llr6v8-qwen30b-c,qwen30b,c,0,604719,tsvc_2_s1244,score,timeout,0,425878,0.0,gcc
llr6v8-qwen30b-c,qwen30b,c,0,604719,argmax_with_index,score,ok,1,258201,1.4705882352941178,gcc
llr6v8-qwen30b-c,qwen30b,c,0,604719,quasi_affine_reduce_odd,score,ok,1,315776,1.0989010989010988,gcc
llr6v8-qwen30b-c,qwen30b,c,0,604719,tsvc_2_s4112,score,ok,1,349272,1.0,gcc
llr6v8-qwen30b-c,qwen30b,c,0,604719,tsvc_2_s2275,score,ok,1,248229,1.5625,gcc
llr6v8-qwen30b-c,qwen30b,c,0,604719,tsvc_2_s252,submit,ok,1,363665,1.0,gcc
llr6v8-qwen30b-c,qwen30b,c,0,604719,argmax_with_index,score,ok,1,293647,1.0,gcc
llr6v8-qwen30b-c,qwen30b,c,0,604719,wavefront2d,score,ok,1,314180,1.0,gcc
llr6v8-qwen30b-c,qwen30b,c,0,604719,ext_war_unit,score,ok,1,449232,1.0101010101010102,gcc
llr6v8-qwen30b-c,qwen30b,c,0,604719,tsvc_2_s311,submit,ok,1,351403,3.333333333333334,gcc
llr6v8-qwen30b-c,qwen30b,c,0,604719,quasi_affine_reduce_odd,submit,ok,1,370137,1.8518518518518516,gcc
llr6v8-qwen30b-c,qwen30b,c,0,604719,tsvc_2_s316,submit,ok,1,483800,1.0,gcc
llr6v8-qwen30b-c,qwen30b,c,0,604719,tsvc_2_s252,score,ok,1,382177,1.0,gcc
llr6v8-qwen30b-c,qwen30b,c,0,604719,tsvc_2_s1244,submit,ok,1,469494,1.0,gcc
llr6v8-qwen30b-c,qwen30b,c,0,604719,argmax_with_index,score,ok,1,331416,1.1904761904761905,gcc
llr6v8-qwen30b-c,qwen30b,c,0,604719,tsvc_2_s4112,submit,ok,1,367422,1.1494252873563218,gcc
llr6v8-qwen30b-c,qwen30b,c,0,604719,tsvc_2_s2275,score,ok,1,283299,1.0,gcc
llr6v8-qwen30b-c,qwen30b,c,0,604719,ext_war_unit,score,ok,1,507319,1.0,gcc
llr6v8-qwen30b-c,qwen30b,c,0,604719,wavefront2d,score,ok,1,411168,1.0,gcc
llr6v8-qwen30b-c,qwen30b,c,0,604719,tsvc_2_s311,score,ok,1,407782,3.1250000000000004,gcc
llr6v8-qwen30b-c,qwen30b,c,0,604719,tsvc_2_s252,score,ok,1,480826,1.1764705882352942,gcc
llr6v8-qwen30b-c,qwen30b,c,0,604719,tsvc_2_s4112,score,ok,1,443361,1.0,gcc
llr6v8-qwen30b-c,qwen30b,c,0,604719,tsvc_2_s1244,score,timeout,0,539372,0.0,gcc
llr6v8-qwen30b-c,qwen30b,c,0,604719,quasi_affine_reduce_odd,submit,ok,1,447483,2.127659574468085,gcc
llr6v8-qwen30b-c,qwen30b,c,0,604719,ext_war_unit,score,ok,1,547718,1.0,gcc
llr6v8-qwen30b-c,qwen30b,c,0,604719,tsvc_2_s316,submit,ok,1,525567,1.0,gcc
llr6v8-qwen30b-c,qwen30b,c,0,604719,argmax_with_index,score,ok,1,392162,1.0,gcc
llr6v8-qwen30b-c,qwen30b,c,0,604719,wavefront2d,score,ok,1,474461,1.0,gcc
llr6v8-qwen30b-c,qwen30b,c,0,604719,tsvc_2_s2275,score,ok,1,360805,1.0,gcc
llr6v8-qwen30b-c,qwen30b,c,0,604719,tsvc_2_s252,score,ok,1,523275,1.0,gcc
llr6v8-qwen30b-c,qwen30b,c,0,604719,tsvc_2_s1244,score,timeout,0,588067,0.0,gcc
llr6v8-qwen30b-c,qwen30b,c,0,604719,tsvc_2_s311,submit,ok,1,427862,2.4390243902439024,gcc
llr6v8-qwen30b-c,qwen30b,c,0,604719,tsvc_2_s4112,submit,ok,1,463302,1.3333333333333333,gcc
llr6v8-qwen30b-c,qwen30b,c,0,604719,ext_war_unit,submit,ok,1,568441,1.0,gcc
llr6v8-qwen30b-c,qwen30b,c,0,604719,wavefront2d,score,incorrect,0,541715,3.571428571428571,gcc
llr6v8-qwen30b-c,qwen30b,c,0,604719,tsvc_2_s1244,score,timeout,0,664705,0.0,gcc
llr6v8-qwen30b-c,qwen30b,c,0,604719,argmax_with_index,score,ok,1,459004,1.9607843137254901,gcc
llr6v8-qwen30b-c,qwen30b,c,0,604719,tsvc_2_s4112,score,ok,1,504430,1.0,gcc
llr6v8-qwen30b-c,qwen30b,c,0,604719,ext_war_unit,score,ok,1,632949,1.0,gcc
llr6v8-qwen30b-c,qwen30b,c,0,604719,tsvc_2_s2275,submit,ok,1,381563,1.0,gcc
llr6v8-qwen30b-c,qwen30b,c,0,604719,tsvc_2_s252,submit,ok,1,545119,1.0,gcc
llr6v8-qwen30b-c,qwen30b,c,0,604719,wavefront2d,score,ok,1,588975,1.0,gcc
llr6v8-qwen30b-c,qwen30b,c,0,604719,ext_war_unit,score,ok,1,677769,1.0,gcc
llr6v8-qwen30b-c,qwen30b,c,0,604719,argmax_with_index,submit,ok,1,482620,1.6666666666666667,gcc
llr6v8-qwen30b-c,qwen30b,c,0,604719,tsvc_2_s4112,submit,ok,1,525583,1.0,gcc
llr6v8-qwen30b-c,qwen30b,c,0,604719,tsvc_2_s1244,submit,ok,1,691014,1.0,gcc
llr6v8-qwen30b-c,qwen30b,c,0,604719,tsvc_2_s252,score,ok,1,637261,1.0,gcc
llr6v8-qwen30b-c,qwen30b,c,0,604719,tsvc_2_s2275,submit,ok,1,446958,1.0,gcc
llr6v8-qwen30b-c,qwen30b,c,0,604719,wavefront2d,submit,ok,1,613329,1.1111111111111112,gcc
llr6v8-qwen30b-c,qwen30b,c,0,604719,ext_war_unit,submit,ok,1,700736,1.0,gcc
llr6v8-qwen30b-c,qwen30b,c,0,604719,tsvc_2_s252,submit,ok,1,661293,1.0,gcc
llr6v8-qwen30b-c,qwen30b,c,0,604719,tsvc_2_s1244,submit,ok,1,801932,1.0,gcc
llr6v8-qwen30b-c,qwen30b,c,0,604719,tsvc_2_s2275,submit,ok,1,591966,1.0,gcc
llr6v8-qwen30b-c,qwen30b,c,0,604719,tsvc_2_s1244,score,timeout,0,860876,0.0,gcc
llr6v8-qwen30b-c,qwen30b,c,0,604719,ext_war_unit,submit,ok,1,748323,1.0,gcc
llr6v8-qwen30b-c,qwen30b,c,0,604719,tsvc_2_s252,submit,ok,1,762047,1.0204081632653061,gcc
llr6v8-qwen30b-c,qwen30b,c,0,604719,ext_war_unit,score,ok,1,773265,1.0,gcc
llr6v8-qwen30b-c,qwen30b,c,0,604719,tsvc_2_s2275,score,ok,1,751130,1.25,gcc
llr6v8-qwen30b-c,qwen30b,c,0,604719,tsvc_2_s1244,submit,ok,1,921761,1.0,gcc
llr6v8-qwen30b-c,qwen30b,c,0,604719,ext_war_unit,submit,ok,1,798826,1.0,gcc
llr6v8-qwen30b-c,qwen30b,c,0,604719,tsvc_2_s2275,submit,ok,1,778854,1.492537313432836,gcc
llr6v8-qwen30b-c,qwen30b,c,0,604719,ext_war_unit,score,ok,1,825009,1.0,gcc
llr6v8-qwen30b-c,qwen30b,c,0,604719,ext_war_unit,submit,ok,1,851814,1.0,gcc
llr6v8-qwen30b-c,qwen30b,c,0,604719,tsvc_2_s1244,submit,ok,1,1016634,1.0,gcc
llr6v8-qwen30b-c,qwen30b,c,0,604719,tsvc_2_s311,score,ok,1,116724,1.0,gcc
llr6v8-qwen30b-c,qwen30b,c,0,604719,tsvc_2_s252,score,ok,1,116505,1.0,gcc
llr6v8-qwen30b-c,qwen30b,c,0,604719,ext_war_unit,score,ok,1,161015,1.0,gcc
llr6v8-qwen30b-c,qwen30b,c,0,604719,tsvc_2_s4112,score,ok,1,128898,1.0,gcc
llr6v8-qwen30b-c,qwen30b,c,0,604719,quasi_affine_reduce_odd,score,ok,1,169111,1.0,gcc
llr6v8-qwen30b-c,qwen30b,c,0,604719,tsvc_2_s2275,score,ok,1,120219,1.0,gcc
llr6v8-qwen30b-c,qwen30b,c,0,604719,tsvc_2_s316,score,ok,1,188000,1.0,gcc
llr6v8-qwen30b-c,qwen30b,c,0,604719,tsvc_2_s1244,score,timeout,0,179397,0.0,gcc
llr6v8-qwen30b-c,qwen30b,c,0,604719,argmax_with_index,score,ok,1,156360,1.0,gcc
llr6v8-qwen30b-c,qwen30b,c,0,604719,tsvc_2_s311,score,ok,1,152909,1.0,gcc
llr6v8-qwen30b-c,qwen30b,c,0,604719,tsvc_2_s4112,score,ok,1,165878,1.0,gcc
llr6v8-qwen30b-c,qwen30b,c,0,604719,wavefront2d,score,ok,1,190707,1.0,gcc
llr6v8-qwen30b-c,qwen30b,c,0,604719,tsvc_2_s2275,score,ok,1,158301,1.0,gcc
llr6v8-qwen30b-c,qwen30b,c,0,604719,tsvc_2_s252,score,ok,1,194091,1.0,gcc
llr6v8-qwen30b-c,qwen30b,c,0,604719,tsvc_2_s316,score,ok,1,223410,1.0,gcc
llr6v8-qwen30b-c,qwen30b,c,0,604719,tsvc_2_s311,score,ok,1,192444,1.492537313432836,gcc
llr6v8-qwen30b-c,qwen30b,c,0,604719,ext_war_unit,score,ok,1,230715,1.0526315789473684,gcc
llr6v8-qwen30b-c,qwen30b,c,0,604719,tsvc_2_s316,score,ok,1,260506,1.0,gcc
llr6v8-qwen30b-c,qwen30b,c,0,604719,tsvc_2_s2275,score,ok,1,200492,1.0,gcc
llr6v8-qwen30b-c,qwen30b,c,0,604719,tsvc_2_s252,score,ok,1,314670,1.0,gcc
llr6v8-qwen30b-c,qwen30b,c,0,604719,wavefront2d,score,ok,1,246016,1.0,gcc
llr6v8-qwen30b-c,qwen30b,c,0,604719,tsvc_2_s4112,score,ok,1,250587,1.0,gcc
llr6v8-qwen30b-c,qwen30b,c,0,604719,tsvc_2_s311,score,ok,1,235467,1.0,gcc
llr6v8-qwen30b-c,qwen30b,c,0,604719,argmax_with_index,score,ok,1,229019,1.0,gcc
llr6v8-qwen30b-c,qwen30b,c,0,604719,quasi_affine_reduce_odd,score,incorrect,0,257265,1.0,gcc
llr6v8-qwen30b-c,qwen30b,c,0,604719,tsvc_2_s316,score,ok,1,299217,1.0,gcc
llr6v8-qwen30b-c,qwen30b,c,0,604719,tsvc_2_s2275,score,ok,1,246981,16.666666666666682,gcc
llr6v8-qwen30b-c,qwen30b,c,0,604719,ext_war_unit,score,incorrect,0,287511,1.0,gcc
llr6v8-qwen30b-c,qwen30b,c,0,604719,tsvc_2_s1244,score,timeout,0,397623,0.0,gcc
llr6v8-qwen30b-c,qwen30b,c,0,604719,tsvc_2_s4112,score,ok,1,298628,1.0,gcc
llr6v8-qwen30b-c,qwen30b,c,0,604719,quasi_affine_reduce_odd,score,incorrect,0,314984,1.5873015873015872,gcc
llr6v8-qwen30b-c,qwen30b,c,0,604719,tsvc_2_s311,score,ok,1,298666,1.5873015873015872,gcc
llr6v8-qwen30b-c,qwen30b,c,0,604719,argmax_with_index,score,ok,1,288918,1.0,gcc
llr6v8-qwen30b-c,qwen30b,c,0,604719,ext_war_unit,score,ok,1,348165,1.0,gcc
llr6v8-qwen30b-c,qwen30b,c,0,604719,wavefront2d,score,incorrect,0,305493,1.0,gcc
llr6v8-qwen30b-c,qwen30b,c,0,604719,quasi_affine_reduce_odd,score,ok,1,375516,1.0,gcc
llr6v8-qwen30b-c,qwen30b,c,0,604719,tsvc_2_s2275,score,ok,1,297767,1.0,gcc
llr6v8-qwen30b-c,qwen30b,c,0,604719,tsvc_2_s316,score,ok,1,382360,2.127659574468085,gcc
llr6v8-qwen30b-c,qwen30b,c,0,604719,tsvc_2_s311,score,ok,1,332818,1.0,gcc
llr6v8-qwen30b-c,qwen30b,c,0,604719,tsvc_2_s252,score,ok,1,438578,1.0,gcc
llr6v8-qwen30b-c,qwen30b,c,0,604719,ext_war_unit,score,ok,1,412764,1.0204081632653061,gcc
llr6v8-qwen30b-c,qwen30b,c,0,604719,argmax_with_index,score,ok,1,353441,1.4705882352941178,gcc
llr6v8-qwen30b-c,qwen30b,c,0,604719,quasi_affine_reduce_odd,score,ok,1,439193,1.0,gcc
llr6v8-qwen30b-c,qwen30b,c,0,604719,tsvc_2_s4112,score,ok,1,406024,1.0,gcc
llr6v8-qwen30b-c,qwen30b,c,0,604719,wavefront2d,score,ok,1,369265,1.0,gcc
llr6v8-qwen30b-c,qwen30b,c,0,604719,tsvc_2_s316,submit,ok,1,404331,2.0833333333333335,gcc
llr6v8-qwen30b-c,qwen30b,c,0,604719,tsvc_2_s311,score,ok,1,406754,1.5625,gcc
llr6v8-qwen30b-c,qwen30b,c,0,604719,tsvc_2_s1244,score,timeout,0,492569,0.0,gcc
llr6v8-qwen30b-c,qwen30b,c,0,604719,quasi_affine_reduce_odd,score,ok,1,483581,1.0989010989010988,gcc
llr6v8-qwen30b-c,qwen30b,c,0,604719,argmax_with_index,score,ok,1,422064,1.0,gcc
llr6v8-qwen30b-c,qwen30b,c,0,604719,tsvc_2_s4112,score,ok,1,444900,1.0,gcc
llr6v8-qwen30b-c,qwen30b,c,0,604719,tsvc_2_s2275,score,ok,1,452701,16.666666666666682,gcc
llr6v8-qwen30b-c,qwen30b,c,0,604719,wavefront2d,score,ok,1,436951,1.0,gcc
llr6v8-qwen30b-c,qwen30b,c,0,604719,tsvc_2_s252,submit,ok,1,498275,1.0,gcc
llr6v8-qwen30b-c,qwen30b,c,0,604719,ext_war_unit,submit,ok,1,457704,1.0309278350515465,gcc
llr6v8-qwen30b-c,qwen30b,c,0,604719,tsvc_2_s1244,score,timeout,0,570861,0.0,gcc
llr6v8-qwen30b-c,qwen30b,c,0,604719,tsvc_2_s316,score,ok,1,473615,1.7857142857142856,gcc
llr6v8-qwen30b-c,qwen30b,c,0,604719,quasi_affine_reduce_odd,score,ok,1,530028,1.0,gcc
llr6v8-qwen30b-c,qwen30b,c,0,604719,argmax_with_index,score,ok,1,470539,1.4492753623188408,gcc
llr6v8-qwen30b-c,qwen30b,c,0,604719,wavefront2d,score,ok,1,508522,1.0,gcc
llr6v8-qwen30b-c,qwen30b,c,0,604719,tsvc_2_s2275,score,ok,1,540911,1.0,gcc
llr6v8-qwen30b-c,qwen30b,c,0,604719,tsvc_2_s252,score,ok,1,540342,1.0,gcc
llr6v8-qwen30b-c,qwen30b,c,0,604719,ext_war_unit,score,ok,1,577556,1.0,gcc
llr6v8-qwen30b-c,qwen30b,c,0,604719,tsvc_2_s311,submit,ok,1,426246,3.1250000000000004,gcc
llr6v8-qwen30b-c,qwen30b,c,0,604719,tsvc_2_s4112,submit,ok,1,485430,1.0,gcc
llr6v8-qwen30b-c,qwen30b,c,0,604719,argmax_with_index,score,ok,1,521377,1.4492753623188408,gcc
llr6v8-qwen30b-c,qwen30b,c,0,604719,quasi_affine_reduce_odd,submit,ok,1,553933,1.0638297872340425,gcc
llr6v8-qwen30b-c,qwen30b,c,0,604719,wavefront2d,score,ok,1,558383,1.0,gcc
llr6v8-qwen30b-c,qwen30b,c,0,604719,tsvc_2_s316,submit,ok,1,522713,2.0833333333333335,gcc
llr6v8-qwen30b-c,qwen30b,c,0,604719,tsvc_2_s252,score,ok,1,584142,1.0,gcc
llr6v8-qwen30b-c,qwen30b,c,0,604719,tsvc_2_s311,score,ok,1,466399,3.225806451612904,gcc
llr6v8-qwen30b-c,qwen30b,c,0,604719,tsvc_2_s2275,submit,ok,1,571085,1.0,gcc
llr6v8-qwen30b-c,qwen30b,c,0,604719,tsvc_2_s1244,submit,ok,1,625793,1.0,gcc
llr6v8-qwen30b-c,qwen30b,c,0,604719,tsvc_2_s4112,score,ok,1,527719,1.0,gcc
llr6v8-qwen30b-c,qwen30b,c,0,604719,quasi_affine_reduce_odd,score,ok,1,628298,1.8181818181818181,gcc
llr6v8-qwen30b-c,qwen30b,c,0,604719,ext_war_unit,submit,ok,1,602798,1.0,gcc
llr6v8-qwen30b-c,qwen30b,c,0,604719,argmax_with_index,submit,ok,1,547594,1.4492753623188408,gcc
llr6v8-qwen30b-c,qwen30b,c,0,604719,tsvc_2_s316,submit,ok,1,628164,1.5873015873015872,gcc
llr6v8-qwen30b-c,qwen30b,c,0,604719,tsvc_2_s2275,score,ok,1,632909,24.99999999999998,gcc
llr6v8-qwen30b-c,qwen30b,c,0,604719,tsvc_2_s252,submit,ok,1,606644,1.0,gcc
llr6v8-qwen30b-c,qwen30b,c,0,604719,tsvc_2_s4112,submit,ok,1,549439,1.4492753623188408,gcc
llr6v8-qwen30b-c,qwen30b,c,0,604719,ext_war_unit,score,ok,1,736996,1.0,gcc
llr6v8-qwen30b-c,qwen30b,c,0,604719,tsvc_2_s1244,score,timeout,0,683621,0.0,gcc
llr6v8-qwen30b-c,qwen30b,c,0,604719,quasi_affine_reduce_odd,submit,ok,1,653805,1.6666666666666667,gcc
llr6v8-qwen30b-c,qwen30b,c,0,604719,wavefront2d,submit,ok,1,636031,1.0,gcc
llr6v8-qwen30b-c,qwen30b,c,0,604719,argmax_with_index,submit,ok,1,773244,1.3157894736842106,gcc
llr6v8-qwen30b-c,qwen30b,c,0,604719,tsvc_2_s316,submit,ok,1,743690,1.4084507042253522,gcc
llr6v8-qwen30b-c,qwen30b,c,0,604719,tsvc_2_s2275,submit,ok,1,664542,14.285714285714295,gcc
llr6v8-qwen30b-c,qwen30b,c,0,604719,quasi_affine_reduce_odd,score,ok,1,706154,1.5625,gcc
llr6v8-qwen30b-c,qwen30b,c,0,604719,ext_war_unit,submit,ok,1,765055,1.0,gcc
llr6v8-qwen30b-c,qwen30b,c,0,604719,tsvc_2_s1244,submit,overfit,0,713382,4.347826086956522,gcc
llr6v8-qwen30b-c,qwen30b,c,0,604719,quasi_affine_reduce_odd,submit,ok,1,732964,1.0,gcc
llr6v8-qwen30b-c,qwen30b,c,0,604719,wavefront2d,score,ok,1,745973,1.0,gcc
llr6v8-qwen30b-c,qwen30b,c,0,604719,tsvc_2_s4112,submit,ok,1,594102,1.0,gcc
llr6v8-qwen30b-c,qwen30b,c,0,604719,wavefront2d,submit,ok,1,774741,1.0,gcc
llr6v8-qwen30b-c,qwen30b,c,0,604719,quasi_affine_reduce_odd,submit,ok,1,816730,1.6949152542372883,gcc
llr6v8-qwen30b-c,qwen30b,c,0,604719,tsvc_2_s1244,score,ok,1,807390,4.0,gcc
llr6v8-qwen30b-c,qwen30b,c,0,604719,tsvc_2_s1244,submit,ok,1,840008,1.0,gcc
llr6v8-qwen30b-c,qwen30b,c,0,604719,wf_triangular,score,ok,1,120489,1.0,gcc
llr6v8-qwen30b-c,qwen30b,c,0,604719,tsvc_2_s3112,score,ok,1,115731,1.0,gcc
llr6v8-qwen30b-c,qwen30b,c,0,604719,tsvc_2_vtvtv,score,ok,1,127832,1.0,gcc
llr6v8-qwen30b-c,qwen30b,c,0,604719,tsvc_2_s1232,score,ok,1,117074,1.0,gcc
llr6v8-qwen30b-c,qwen30b,c,0,604719,fuse_stencil_through_transient,score,ok,1,128283,4.166666666666667,gcc
llr6v8-qwen30b-c,qwen30b,c,0,604719,ext_break_post_body,score,ok,1,128657,1.0,gcc
llr6v8-qwen30b-c,qwen30b,c,0,604719,tsvc_2_s235,score,ok,1,118685,1.0,gcc
llr6v8-qwen30b-c,qwen30b,c,0,604719,tsvc_2_s323,score,ok,1,153211,1.0,gcc
llr6v8-qwen30b-c,qwen30b,c,0,604719,tsvc_2_s275,score,ok,1,130199,1.0,gcc
llr6v8-qwen30b-c,qwen30b,c,0,604719,tsvc_2_s2233,score,ok,1,132433,1.0,gcc
llr6v8-qwen30b-c,qwen30b,c,0,604719,tsvc_2_s1232,score,incorrect,0,153715,1.0,gcc
llr6v8-qwen30b-c,qwen30b,c,0,604719,fuse_stencil_through_transient,score,ok,1,165284,4.166666666666667,gcc
llr6v8-qwen30b-c,qwen30b,c,0,604719,tsvc_2_s3112,score,ok,1,151528,1.0,gcc
llr6v8-qwen30b-c,qwen30b,c,0,604719,wf_triangular,score,ok,1,147838,1.0,gcc
llr6v8-qwen30b-c,qwen30b,c,0,604719,ext_break_post_body,score,incorrect,0,165872,1.0,gcc
llr6v8-qwen30b-c,qwen30b,c,0,604719,tsvc_2_s235,score,ok,1,156761,12.500000000000007,gcc
llr6v8-qwen30b-c,qwen30b,c,0,604719,tsvc_2_s3112,score,ok,1,190829,1.0,gcc
llr6v8-qwen30b-c,qwen30b,c,0,604719,fuse_stencil_through_transient,score,ok,1,206195,4.166666666666667,gcc
llr6v8-qwen30b-c,qwen30b,c,0,604719,tsvc_2_s1232,score,ok,1,180270,1.0,gcc
llr6v8-qwen30b-c,qwen30b,c,0,604719,tsvc_2_s2233,score,ok,1,172762,1.0,gcc
llr6v8-qwen30b-c,qwen30b,c,0,604719,tsvc_2_vtvtv,score,ok,1,190885,1.0,gcc
llr6v8-qwen30b-c,qwen30b,c,0,604719,tsvc_2_s235,score,ok,1,199332,5.555555555555557,gcc
llr6v8-qwen30b-c,qwen30b,c,0,604719,wf_triangular,score,incorrect,0,177123,1.0,gcc
llr6v8-qwen30b-c,qwen30b,c,0,604719,tsvc_2_s323,score,ok,1,220169,1.0,gcc
llr6v8-qwen30b-c,qwen30b,c,0,604719,ext_break_post_body,score,ok,1,237064,1.0,gcc
llr6v8-qwen30b-c,qwen30b,c,0,604719,tsvc_2_s3112,score,ok,1,233742,1.0,gcc
llr6v8-qwen30b-c,qwen30b,c,0,604719,tsvc_2_s1232,score,ok,1,208682,1.0,gcc
llr6v8-qwen30b-c,qwen30b,c,0,604719,tsvc_2_s275,score,ok,1,218915,1.0,gcc
llr6v8-qwen30b-c,qwen30b,c,0,604719,fuse_stencil_through_transient,score,ok,1,250768,4.166666666666667,gcc
llr6v8-qwen30b-c,qwen30b,c,0,604719,tsvc_2_vtvtv,score,ok,1,233455,1.0,gcc
llr6v8-qwen30b-c,qwen30b,c,0,604719,tsvc_2_s235,score,ok,1,230200,12.500000000000007,gcc
llr6v8-qwen30b-c,qwen30b,c,0,604719,tsvc_2_s2233,score,ok,1,217766,6.666666666666666,gcc
llr6v8-qwen30b-c,qwen30b,c,0,604719,wf_triangular,score,ok,1,208355,1.0,gcc
llr6v8-qwen30b-c,qwen30b,c,0,604719,tsvc_2_s323,score,ok,1,265002,1.0,gcc
llr6v8-qwen30b-c,qwen30b,c,0,604719,tsvc_2_s3112,score,ok,1,297356,1.0,gcc
llr6v8-qwen30b-c,qwen30b,c,0,604719,tsvc_2_s1232,score,ok,1,239028,1.0,gcc
llr6v8-qwen30b-c,qwen30b,c,0,604719,tsvc_2_s2233,score,ok,1,250332,6.249999999999999,gcc
llr6v8-qwen30b-c,qwen30b,c,0,604719,tsvc_2_vtvtv,score,ok,1,279703,1.0101010101010102,gcc
llr6v8-qwen30b-c,qwen30b,c,0,604719,tsvc_2_s3112,score,ok,1,349970,1.0,gcc
llr6v8-qwen30b-c,qwen30b,c,0,604719,fuse_stencil_through_transient,score,ok,1,315809,4.166666666666667,gcc
llr6v8-qwen30b-c,qwen30b,c,0,604719,tsvc_2_s275,score,ok,1,287225,1.0,gcc
llr6v8-qwen30b-c,qwen30b,c,0,604719,wf_triangular,score,ok,1,241457,1.0,gcc
llr6v8-qwen30b-c,qwen30b,c,0,604719,tsvc_2_s1232,score,timeout,0,271373,0.0,gcc
llr6v8-qwen30b-c,qwen30b,c,0,604719,ext_break_post_body,score,ok,1,382636,1.0,gcc
llr6v8-qwen30b-c,qwen30b,c,0,604719,tsvc_2_s323,score,ok,1,348157,1.0,gcc
llr6v8-qwen30b-c,qwen30b,c,0,604719,tsvc_2_vtvtv,score,ok,1,329692,1.0,gcc
llr6v8-qwen30b-c,qwen30b,c,0,604719,tsvc_2_s235,score,ok,1,299163,1.0,gcc
llr6v8-qwen30b-c,qwen30b,c,0,604719,tsvc_2_s2233,score,ok,1,285319,6.666666666666666,gcc
llr6v8-qwen30b-c,qwen30b,c,0,604719,tsvc_2_s1232,score,ok,1,305619,1.0,gcc
llr6v8-qwen30b-c,qwen30b,c,0,604719,fuse_stencil_through_transient,score,ok,1,369375,4.166666666666667,gcc
llr6v8-qwen30b-c,qwen30b,c,0,604719,wf_triangular,score,timeout,0,276556,0.0,gcc
llr6v8-qwen30b-c,qwen30b,c,0,604719,ext_break_post_body,score,ok,1,434089,1.0,gcc
llr6v8-qwen30b-c,qwen30b,c,0,604719,tsvc_2_s275,score,incorrect,0,410320,1.0,gcc
llr6v8-qwen30b-c,qwen30b,c,0,604719,tsvc_2_vtvtv,score,ok,1,383222,1.0,gcc
llr6v8-qwen30b-c,qwen30b,c,0,604719,tsvc_2_s1232,score,ok,1,341673,1.1111111111111112,gcc
llr6v8-qwen30b-c,qwen30b,c,0,604719,fuse_stencil_through_transient,score,ok,1,426739,5.000000000000001,gcc
llr6v8-qwen30b-c,qwen30b,c,0,604719,tsvc_2_s323,submit,ok,1,402339,7.142857142857142,gcc
llr6v8-qwen30b-c,qwen30b,c,0,604719,tsvc_2_s3112,submit,ok,1,406886,1.0,gcc
llr6v8-qwen30b-c,qwen30b,c,0,604719,tsvc_2_s235,score,ok,1,376916,10.000000000000002,gcc
llr6v8-qwen30b-c,qwen30b,c,0,604719,tsvc_2_s2233,score,ok,1,322929,5.263157894736843,gcc
llr6v8-qwen30b-c,qwen30b,c,0,604719,wf_triangular,score,incorrect,0,333100,1.0,gcc
llr6v8-qwen30b-c,qwen30b,c,0,604719,tsvc_2_vtvtv,score,ok,1,440310,1.282051282051282,gcc
llr6v8-qwen30b-c,qwen30b,c,0,604719,fuse_stencil_through_transient,score,ok,1,488033,4.166666666666667,gcc
llr6v8-qwen30b-c,qwen30b,c,0,604719,tsvc_2_s3112,score,ok,1,426869,1.0,gcc
llr6v8-qwen30b-c,qwen30b,c,0,604719,tsvc_2_s275,score,ok,1,517736,1.0,gcc
llr6v8-qwen30b-c,qwen30b,c,0,604719,tsvc_2_s323,score,ok,1,460281,1.0309278350515465,gcc
llr6v8-qwen30b-c,qwen30b,c,0,604719,ext_break_post_body,submit,ok,1,541497,1.0,gcc
llr6v8-qwen30b-c,qwen30b,c,0,604719,tsvc_2_s235,score,ok,1,418884,1.0,gcc
llr6v8-qwen30b-c,qwen30b,c,0,604719,tsvc_2_vtvtv,score,ok,1,500770,1.0,gcc
llr6v8-qwen30b-c,qwen30b,c,0,604719,wf_triangular,score,incorrect,0,415740,1.0,gcc
llr6v8-qwen30b-c,qwen30b,c,0,604719,tsvc_2_s2233,score,ok,1,384673,5.882352941176473,gcc
llr6v8-qwen30b-c,qwen30b,c,0,604719,tsvc_2_s1232,submit,ok,1,399650,1.0,gcc
llr6v8-qwen30b-c,qwen30b,c,0,604719,fuse_stencil_through_transient,submit,ok,1,509210,4.0,gcc
llr6v8-qwen30b-c,qwen30b,c,0,604719,ext_break_post_body,score,ok,1,597817,1.0,gcc
llr6v8-qwen30b-c,qwen30b,c,0,604719,tsvc_2_s323,submit,ok,1,480187,7.142857142857142,gcc
llr6v8-qwen30b-c,qwen30b,c,0,604719,tsvc_2_s275,submit,ok,1,545691,1.0,gcc
llr6v8-qwen30b-c,qwen30b,c,0,604719,tsvc_2_s235,score,ok,1,463084,11.111111111111114,gcc
llr6v8-qwen30b-c,qwen30b,c,0,604719,tsvc_2_s3112,submit,ok,1,468281,1.0204081632653061,gcc
llr6v8-qwen30b-c,qwen30b,c,0,604719,tsvc_2_s2233,score,ok,1,429173,7.142857142857142,gcc
llr6v8-qwen30b-c,qwen30b,c,0,604719,tsvc_2_vtvtv,submit,ok,1,521585,1.0,gcc
llr6v8-qwen30b-c,qwen30b,c,0,604719,tsvc_2_s1232,score,ok,1,441067,1.0,gcc
llr6v8-qwen30b-c,qwen30b,c,0,604719,tsvc_2_s323,score,ok,1,564313,1.0,gcc
llr6v8-qwen30b-c,qwen30b,c,0,604719,ext_break_post_body,submit,ok,1,626647,1.282051282051282,gcc
llr6v8-qwen30b-c,qwen30b,c,0,604719,tsvc_2_s235,submit,ok,1,485915,9.090909090909092,gcc
llr6v8-qwen30b-c,qwen30b,c,0,604719,wf_triangular,score,ok,1,508627,1.0,gcc
llr6v8-qwen30b-c,qwen30b,c,0,604719,tsvc_2_s3112,submit,ok,1,489547,1.0,gcc
llr6v8-qwen30b-c,qwen30b,c,0,604719,tsvc_2_s275,score,ok,1,692267,1.0,gcc
llr6v8-qwen30b-c,qwen30b,c,0,604719,tsvc_2_vtvtv,submit,ok,1,585939,1.0,gcc
llr6v8-qwen30b-c,qwen30b,c,0,604719,tsvc_2_s323,score,ok,1,608708,1.0,gcc
llr6v8-qwen30b-c,qwen30b,c,0,604719,tsvc_2_s2233,submit,ok,1,452211,5.263157894736843,gcc
llr6v8-qwen30b-c,qwen30b,c,0,604719,tsvc_2_s1232,submit,ok,1,462403,1.0,gcc
llr6v8-qwen30b-c,qwen30b,c,0,604719,wf_triangular,score,incorrect,0,558039,1.0,gcc
llr6v8-qwen30b-c,qwen30b,c,0,604719,tsvc_2_s2233,score,ok,1,475469,5.555555555555557,gcc
llr6v8-qwen30b-c,qwen30b,c,0,604719,tsvc_2_s275,score,ok,1,754479,1.1235955056179776,gcc
llr6v8-qwen30b-c,qwen30b,c,0,604719,tsvc_2_s3112,submit,ok,1,556490,1.0204081632653061,gcc
llr6v8-qwen30b-c,qwen30b,c,0,604719,ext_break_post_body,submit,ok,1,1060890,1.0,gcc
llr6v8-qwen30b-c,qwen30b,c,0,604719,tsvc_2_vtvtv,score,ok,1,653121,1.0,gcc
llr6v8-qwen30b-c,qwen30b,c,0,604719,tsvc_2_s323,submit,ok,1,631449,7.692307692307692,gcc
llr6v8-qwen30b-c,qwen30b,c,0,604719,tsvc_2_s1232,score,ok,1,506079,1.0,gcc
llr6v8-qwen30b-c,qwen30b,c,0,604719,wf_triangular,score,ok,1,609445,1.0,gcc
llr6v8-qwen30b-c,qwen30b,c,0,604719,tsvc_2_s2233,score,ok,1,573633,7.692307692307692,gcc
llr6v8-qwen30b-c,qwen30b,c,0,604719,tsvc_2_s275,score,ok,1,818952,1.0,gcc
llr6v8-qwen30b-c,qwen30b,c,0,604719,ext_break_post_body,submit,ok,1,1326726,1.0,gcc
llr6v8-qwen30b-c,qwen30b,c,0,604719,tsvc_2_s1232,submit,ok,1,528538,1.0,gcc
llr6v8-qwen30b-c,qwen30b,c,0,604719,tsvc_2_vtvtv,score,timeout,0,115937,0.0,gcc
llr6v8-qwen30b-c,qwen30b,c,0,604719,wf_triangular,score,timeout,0,146510,0.0,gcc
llr6v8-qwen30b-c,qwen30b,c,0,604719,ext_break_post_body,score,timeout,0,136882,0.0,gcc
llr6v8-qwen30b-c,qwen30b,c,0,604719,tsvc_2_s1232,score,timeout,0,130186,0.0,gcc
llr6v8-qwen30b-c,qwen30b,c,0,604719,tsvc_2_s235,score,incorrect,0,120144,0.0,gcc
llr6v8-qwen30b-c,qwen30b,c,0,604719,fuse_stencil_through_transient,score,ok,1,119172,3.4482758620689653,gcc
llr6v8-qwen30b-c,qwen30b,c,0,604719,tsvc_2_s323,score,ok,1,129224,1.0,gcc
llr6v8-qwen30b-c,qwen30b,c,0,604719,tsvc_2_s2233,score,ok,1,121472,1.1764705882352942,gcc
llr6v8-qwen30b-c,qwen30b,c,0,604719,tsvc_2_s3112,score,ok,1,259111,1.0,gcc
llr6v8-qwen30b-c,qwen30b,c,0,604719,tsvc_2_s1232,score,timeout,0,212223,0.0,gcc
llr6v8-qwen30b-c,qwen30b,c,0,604719,tsvc_2_vtvtv,score,ok,1,163667,1.0,gcc
llr6v8-qwen30b-c,qwen30b,c,0,604719,wf_triangular,score,ok,1,204116,1.0,gcc
llr6v8-qwen30b-c,qwen30b,c,0,604719,tsvc_2_s235,score,incorrect,0,159627,0.0,gcc
llr6v8-qwen30b-c,qwen30b,c,0,604719,tsvc_2_s275,score,ok,1,197087,1.0,gcc
llr6v8-qwen30b-c,qwen30b,c,0,604719,fuse_stencil_through_transient,score,ok,1,157370,3.4482758620689653,gcc
llr6v8-qwen30b-c,qwen30b,c,0,604719,tsvc_2_s323,score,ok,1,166675,1.0,gcc
llr6v8-qwen30b-c,qwen30b,c,0,604719,tsvc_2_s3112,score,ok,1,338184,1.0,gcc
llr6v8-qwen30b-c,qwen30b,c,0,604719,tsvc_2_s2233,score,ok,1,161459,1.0,gcc
llr6v8-qwen30b-c,qwen30b,c,0,604719,tsvc_2_vtvtv,score,ok,1,203054,1.0,gcc
llr6v8-qwen30b-c,qwen30b,c,0,604719,tsvc_2_s235,score,incorrect,0,220274,0.0,gcc
llr6v8-qwen30b-c,qwen30b,c,0,604719,fuse_stencil_through_transient,score,ok,1,199980,3.4482758620689653,gcc
llr6v8-qwen30b-c,qwen30b,c,0,604719,wf_triangular,score,incorrect,0,265637,1.0,gcc
llr6v8-qwen30b-c,qwen30b,c,0,604719,ext_break_post_body,score,ok,1,327502,1.0,gcc
llr6v8-qwen30b-c,qwen30b,c,0,604719,tsvc_2_s275,score,ok,1,234357,1.0101010101010102,gcc
llr6v8-qwen30b-c,qwen30b,c,0,604719,tsvc_2_s235,score,score_error,0,271358,0.0,gcc
llr6v8-qwen30b-c,qwen30b,c,0,604719,tsvc_2_vtvtv,score,timeout,0,245653,0.0,gcc
llr6v8-qwen30b-c,qwen30b,c,0,604719,tsvc_2_s3112,score,ok,1,390258,1.0,gcc
llr6v8-qwen30b-c,qwen30b,c,0,604719,tsvc_2_s323,score,ok,1,193616,1.0,gcc
llr6v8-qwen30b-c,qwen30b,c,0,604719,ext_break_post_body,score,timeout,0,401458,0.0,gcc
llr6v8-qwen30b-c,qwen30b,c,0,604719,tsvc_2_s235,score,incorrect,0,307444,0.0,gcc
llr6v8-qwen30b-c,qwen30b,c,0,604719,tsvc_2_s275,score,ok,1,273528,7.142857142857142,gcc
llr6v8-qwen30b-c,qwen30b,c,0,604719,tsvc_2_s2233,score,ok,1,206084,1.0,gcc
llr6v8-qwen30b-c,qwen30b,c,0,604719,tsvc_2_vtvtv,score,timeout,0,307762,0.0,gcc
llr6v8-qwen30b-c,qwen30b,c,0,604719,tsvc_2_s323,score,build_error,0,222307,0.0,gcc
llr6v8-qwen30b-c,qwen30b,c,0,604719,ext_break_post_body,score,score_error,0,503780,0.0,gcc
llr6v8-qwen30b-c,qwen30b,c,0,604719,tsvc_2_s3112,score,ok,1,445883,1.0,gcc
llr6v8-qwen30b-c,qwen30b,c,0,604719,tsvc_2_s1232,score,timeout,0,435660,0.0,gcc
llr6v8-qwen30b-c,qwen30b,c,0,604719,tsvc_2_s235,score,incorrect,0,364867,0.0,gcc
llr6v8-qwen30b-c,qwen30b,c,0,604719,wf_triangular,score,ok,1,400111,1.0,gcc
llr6v8-qwen30b-c,qwen30b,c,0,604719,fuse_stencil_through_transient,score,ok,1,262715,3.4482758620689653,gcc
llr6v8-qwen30b-c,qwen30b,c,0,604719,ext_break_post_body,score,timeout,0,546784,0.0,gcc
llr6v8-qwen30b-c,qwen30b,c,0,604719,tsvc_2_s275,score,ok,1,314638,1.0,gcc
llr6v8-qwen30b-c,qwen30b,c,0,604719,tsvc_2_s323,score,ok,1,253473,1.0,gcc
llr6v8-qwen30b-c,qwen30b,c,0,604719,tsvc_2_s235,score,incorrect,0,469160,0.0,gcc
llr6v8-qwen30b-c,qwen30b,c,0,604719,tsvc_2_vtvtv,submit,ok,1,324182,1.0,gcc
llr6v8-qwen30b-c,qwen30b,c,0,604719,tsvc_2_s2233,score,ok,1,255148,1.1764705882352942,gcc
llr6v8-qwen30b-c,qwen30b,c,0,604719,fuse_stencil_through_transient,score,ok,1,297456,3.571428571428571,gcc
llr6v8-qwen30b-c,qwen30b,c,0,604719,ext_break_post_body,score,timeout,0,590723,0.0,gcc
llr6v8-qwen30b-c,qwen30b,c,0,604719,tsvc_2_s275,score,ok,1,380138,7.692307692307692,gcc
llr6v8-qwen30b-c,qwen30b,c,0,604719,tsvc_2_s3112,score,timeout,0,546409,0.0,gcc
llr6v8-qwen30b-c,qwen30b,c,0,604719,tsvc_2_s323,score,ok,1,286444,1.0,gcc
llr6v8-qwen30b-c,qwen30b,c,0,604719,tsvc_2_s235,score,incorrect,0,514404,0.0,gcc
llr6v8-qwen30b-c,qwen30b,c,0,604719,tsvc_2_s1232,submit,ok,1,685006,1.282051282051282,gcc
llr6v8-qwen30b-c,qwen30b,c,0,604719,wf_triangular,submit,score_error,0,423877,0.0,gcc
llr6v8-qwen30b-c,qwen30b,c,0,604719,ext_break_post_body,submit,ok,1,613118,1.36986301369863,gcc
llr6v8-qwen30b-c,qwen30b,c,0,604719,fuse_stencil_through_transient,score,ok,1,334148,3.7037037037037033,gcc
llr6v8-qwen30b-c,qwen30b,c,0,604719,tsvc_2_vtvtv,score,ok,1,430644,1.0,gcc
llr6v8-qwen30b-c,qwen30b,c,0,604719,tsvc_2_s323,score,build_error,0,321274,0.0,gcc
llr6v8-qwen30b-c,qwen30b,c,0,604719,tsvc_2_s3112,score,ok,1,610977,1.0,gcc
llr6v8-qwen30b-c,qwen30b,c,0,604719,tsvc_2_s2233,score,ok,1,329724,1.0,gcc
llr6v8-qwen30b-c,qwen30b,c,0,604719,wf_triangular,score,ok,1,497803,1.1111111111111112,gcc
llr6v8-qwen30b-c,qwen30b,c,0,604719,tsvc_2_s235,submit,incorrect,0,586984,1.0309278350515465,gcc
llr6v8-qwen30b-c,qwen30b,c,0,604719,tsvc_2_s323,submit,build_error,0,339708,0.0,gcc
llr6v8-qwen30b-c,qwen30b,c,0,604719,ext_break_post_body,score,ok,1,682715,1.0,gcc
llr6v8-qwen30b-c,qwen30b,c,0,604719,tsvc_2_s275,submit,ok,1,402913,11.111111111111114,gcc
llr6v8-qwen30b-c,qwen30b,c,0,604719,tsvc_2_s3112,score,ok,1,678647,1.0,gcc
llr6v8-qwen30b-c,qwen30b,c,0,604719,fuse_stencil_through_transient,submit,ok,1,353127,3.333333333333334,gcc
llr6v8-qwen30b-c,qwen30b,c,0,604719,tsvc_2_vtvtv,submit,ok,1,469043,1.0869565217391304,gcc
llr6v8-qwen30b-c,qwen30b,c,0,604719,tsvc_2_s2233,score,ok,1,413806,1.0,gcc
llr6v8-qwen30b-c,qwen30b,c,0,604719,tsvc_2_s323,score,ok,1,398744,1.0,gcc
llr6v8-qwen30b-c,qwen30b,c,0,604719,ext_break_post_body,submit,ok,1,706446,1.0416666666666667,gcc
llr6v8-qwen30b-c,qwen30b,c,0,604719,tsvc_2_s275,score,ok,1,473497,9.090909090909092,gcc
llr6v8-qwen30b-c,qwen30b,c,0,604719,wf_triangular,submit,score_error,0,523173,0.0,gcc
llr6v8-qwen30b-c,qwen30b,c,0,604719,tsvc_2_s2233,score,ok,1,481369,1.2195121951219512,gcc
llr6v8-qwen30b-c,qwen30b,c,0,604719,tsvc_2_s3112,submit,ok,1,701858,1.0,gcc
llr6v8-qwen30b-c,qwen30b,c,0,604719,tsvc_2_s323,submit,ok,1,419110,1.0,gcc
llr6v8-qwen30b-c,qwen30b,c,0,604719,ext_break_post_body,submit,ok,1,754865,1.0,gcc
llr6v8-qwen30b-c,qwen30b,c,0,604719,wf_triangular,score,timeout,0,601152,0.0,gcc
llr6v8-qwen30b-c,qwen30b,c,0,604719,tsvc_2_s3112,score,ok,1,773178,1.3157894736842106,gcc
llr6v8-qwen30b-c,qwen30b,c,0,604719,tsvc_2_s275,submit,ok,1,497766,7.142857142857142,gcc
llr6v8-qwen30b-c,qwen30b,c,0,604719,wf_triangular,score,ok,1,655023,1.0,gcc
llr6v8-qwen30b-c,qwen30b,c,0,604719,tsvc_2_s2233,submit,ok,1,504868,1.5384615384615388,gcc
llr6v8-qwen30b-c,qwen30b,c,0,604719,tsvc_2_s275,score,ok,1,547703,1.5151515151515154,gcc
llr6v8-qwen30b-c,qwen30b,c,0,604719,tsvc_2_s3112,submit,ok,1,797621,1.639344262295082,gcc
llr6v8-qwen30b-c,qwen30b,c,0,604719,tsvc_2_s275,score,ok,1,599651,16.666666666666682,gcc
llr6v8-qwen30b-c,qwen30b,c,0,604719,wf_triangular,submit,score_error,0,682553,0.0,gcc
llr6v8-qwen30b-c,qwen30b,c,0,604719,tsvc_2_s2233,submit,ok,1,577891,1.0,gcc
llr6v8-qwen30b-c,qwen30b,c,0,604719,wf_triangular,score,ok,1,741826,1.5384615384615388,gcc
llr6v8-qwen30b-c,qwen30b,c,0,604719,tsvc_2_s275,submit,ok,1,626288,20.00000000000003,gcc
llr6v8-qwen30b-c,qwen30b,c,0,604719,wf_triangular,submit,score_error,0,802462,0.0,gcc
llr6v8-qwen30b-c,qwen30b,c,0,604719,wf_triangular,score,ok,1,867369,3.1250000000000004,gcc
llr6v8-qwen30b-c,qwen30b,c,0,604719,tsvc_2_s275,submit,ok,1,947759,10.000000000000002,gcc
llr6v8-qwen30b-c,qwen30b,c,0,604719,quasi_affine_reduce_odd,score,ok,1,116059,1.0,gcc
llr6v8-qwen30b-c,qwen30b,c,0,604719,ext_war_unit,score,ok,1,168676,1.0,gcc
llr6v8-qwen30b-c,qwen30b,c,0,604719,argmax_with_index,score,ok,1,116210,1.0,gcc
llr6v8-qwen30b-c,qwen30b,c,0,604719,tsvc_2_s311,score,ok,1,128391,1.0,gcc
llr6v8-qwen30b-c,qwen30b,c,0,604719,tsvc_2_s4112,score,ok,1,208086,1.0,gcc
llr6v8-qwen30b-c,qwen30b,c,0,604719,wavefront2d,score,ok,1,136704,1.0,gcc
llr6v8-qwen30b-c,qwen30b,c,0,604719,tsvc_2_s316,score,ok,1,208991,1.0,gcc
llr6v8-qwen30b-c,qwen30b,c,0,604719,tsvc_2_s2275,score,ok,1,134620,1.0,gcc
llr6v8-qwen30b-c,qwen30b,c,0,604719,tsvc_2_s1244,score,timeout,0,129867,0.0,gcc
llr6v8-qwen30b-c,qwen30b,c,0,604719,tsvc_2_s252,score,ok,1,218309,1.0,gcc
llr6v8-qwen30b-c,qwen30b,c,0,604719,argmax_with_index,score,ok,1,152532,1.1111111111111112,gcc
llr6v8-qwen30b-c,qwen30b,c,0,604719,tsvc_2_s311,score,ok,1,152740,1.0,gcc
llr6v8-qwen30b-c,qwen30b,c,0,604719,ext_war_unit,score,ok,1,201607,1.0,gcc
llr6v8-qwen30b-c,qwen30b,c,0,604719,quasi_affine_reduce_odd,score,incorrect,0,215963,1.0,gcc
llr6v8-qwen30b-c,qwen30b,c,0,604719,ext_war_unit,score,ok,1,236049,1.0,gcc
llr6v8-qwen30b-c,qwen30b,c,0,604719,tsvc_2_s311,score,ok,1,178770,1.0,gcc
llr6v8-qwen30b-c,qwen30b,c,0,604719,wavefront2d,score,incorrect,0,173189,1.0,gcc
llr6v8-qwen30b-c,qwen30b,c,0,604719,argmax_with_index,score,ok,1,207500,1.0,gcc
llr6v8-qwen30b-c,qwen30b,c,0,604719,quasi_affine_reduce_odd,score,ok,1,258641,1.5625,gcc
llr6v8-qwen30b-c,qwen30b,c,0,604719,tsvc_2_s2275,score,ok,1,174324,1.0,gcc
llr6v8-qwen30b-c,qwen30b,c,0,604719,tsvc_2_s4112,score,ok,1,280119,1.0101010101010102,gcc
llr6v8-qwen30b-c,qwen30b,c,0,604719,tsvc_2_s252,score,ok,1,298760,1.0,gcc
llr6v8-qwen30b-c,qwen30b,c,0,604719,tsvc_2_s316,score,ok,1,281492,1.0,gcc
llr6v8-qwen30b-c,qwen30b,c,0,604719,tsvc_2_s311,score,ok,1,206485,1.0,gcc
llr6v8-qwen30b-c,qwen30b,c,0,604719,ext_war_unit,score,ok,1,290510,1.0,gcc
llr6v8-qwen30b-c,qwen30b,c,0,604719,quasi_affine_reduce_odd,score,ok,1,304618,1.25,gcc
llr6v8-qwen30b-c,qwen30b,c,0,604719,wavefront2d,score,ok,1,199833,1.0,gcc
llr6v8-qwen30b-c,qwen30b,c,0,604719,argmax_with_index,score,ok,1,238125,1.1235955056179776,gcc
llr6v8-qwen30b-c,qwen30b,c,0,604719,tsvc_2_s1244,score,timeout,0,282148,0.0,gcc
llr6v8-qwen30b-c,qwen30b,c,0,604719,tsvc_2_s252,score,ok,1,363499,1.0309278350515465,gcc
llr6v8-qwen30b-c,qwen30b,c,0,604719,tsvc_2_s316,score,ok,1,340016,1.0,gcc
llr6v8-qwen30b-c,qwen30b,c,0,604719,tsvc_2_s4112,score,ok,1,318453,1.0,gcc
llr6v8-qwen30b-c,qwen30b,c,0,604719,tsvc_2_s2275,score,ok,1,218213,16.666666666666682,gcc
llr6v8-qwen30b-c,qwen30b,c,0,604719,ext_war_unit,score,ok,1,369201,1.0,gcc
llr6v8-qwen30b-c,qwen30b,c,0,604719,quasi_affine_reduce_odd,score,ok,1,354159,1.6129032258064517,gcc
llr6v8-qwen30b-c,qwen30b,c,0,604719,argmax_with_index,score,ok,1,288619,1.0,gcc
llr6v8-qwen30b-c,qwen30b,c,0,604719,wavefront2d,score,ok,1,243774,1.5873015873015872,gcc
llr6v8-qwen30b-c,qwen30b,c,0,604719,tsvc_2_s316,score,ok,1,380889,1.0,gcc
llr6v8-qwen30b-c,qwen30b,c,0,604719,tsvc_2_s4112,score,ok,1,358380,1.0,gcc
llr6v8-qwen30b-c,qwen30b,c,0,604719,tsvc_2_s252,score,ok,1,455767,1.0,gcc
llr6v8-qwen30b-c,qwen30b,c,0,604719,tsvc_2_s2275,score,ok,1,266238,14.285714285714295,gcc
llr6v8-qwen30b-c,qwen30b,c,0,604719,quasi_affine_reduce_odd,score,ok,1,389342,1.5873015873015872,gcc
llr6v8-qwen30b-c,qwen30b,c,0,604719,tsvc_2_s311,score,ok,1,266570,1.0,gcc
llr6v8-qwen30b-c,qwen30b,c,0,604719,tsvc_2_s316,score,ok,1,444703,1.0,gcc
llr6v8-qwen30b-c,qwen30b,c,0,604719,tsvc_2_s4112,score,ok,1,399903,1.0,gcc
llr6v8-qwen30b-c,qwen30b,c,0,604719,wavefront2d,score,ok,1,275512,1.2048192771084338,gcc
llr6v8-qwen30b-c,qwen30b,c,0,604719,tsvc_2_s252,score,timeout,0,528422,0.0,gcc
llr6v8-qwen30b-c,qwen30b,c,0,604719,tsvc_2_s311,score,ok,1,299323,1.0,gcc
llr6v8-qwen30b-c,qwen30b,c,0,604719,argmax_with_index,score,ok,1,364970,1.1235955056179776,gcc
llr6v8-qwen30b-c,qwen30b,c,0,604719,tsvc_2_s316,score,ok,1,489236,1.0,gcc
llr6v8-qwen30b-c,qwen30b,c,0,604719,tsvc_2_s4112,score,ok,1,465269,1.0,gcc
llr6v8-qwen30b-c,qwen30b,c,0,604719,quasi_affine_reduce_odd,submit,ok,1,407512,1.6949152542372883,gcc
llr6v8-qwen30b-c,qwen30b,c,0,604719,ext_war_unit,submit,ok,1,411116,1.0,gcc
llr6v8-qwen30b-c,qwen30b,c,0,604719,wavefront2d,score,ok,1,309685,1.5151515151515154,gcc
llr6v8-qwen30b-c,qwen30b,c,0,604719,tsvc_2_s2275,score,ok,1,337797,1.0,gcc
llr6v8-qwen30b-c,qwen30b,c,0,604719,tsvc_2_s311,score,ok,1,333901,1.0,gcc
llr6v8-qwen30b-c,qwen30b,c,0,604719,tsvc_2_s316,score,ok,1,535665,1.0,gcc
llr6v8-qwen30b-c,qwen30b,c,0,604719,tsvc_2_s4112,score,ok,1,510899,1.0,gcc
llr6v8-qwen30b-c,qwen30b,c,0,604719,tsvc_2_s252,score,incorrect,0,655933,1.1764705882352942,gcc
llr6v8-qwen30b-c,qwen30b,c,0,604719,argmax_with_index,submit,ok,1,385623,1.4705882352941178,gcc
llr6v8-qwen30b-c,qwen30b,c,0,604719,ext_war_unit,score,ok,1,500396,1.0,gcc
llr6v8-qwen30b-c,qwen30b,c,0,604719,tsvc_2_s311,score,ok,1,370371,1.0,gcc
llr6v8-qwen30b-c,qwen30b,c,0,604719,tsvc_2_s316,score,ok,1,584035,1.0,gcc
llr6v8-qwen30b-c,qwen30b,c,0,604719,tsvc_2_s252,score,timeout,0,709184,0.0,gcc
llr6v8-qwen30b-c,qwen30b,c,0,604719,tsvc_2_s4112,score,ok,1,558177,1.0,gcc
llr6v8-qwen30b-c,qwen30b,c,0,604719,tsvc_2_s2275,score,ok,1,439841,14.285714285714295,gcc
llr6v8-qwen30b-c,qwen30b,c,0,604719,tsvc_2_s1244,submit,ok,1,469542,1.0,gcc
llr6v8-qwen30b-c,qwen30b,c,0,604719,ext_war_unit,score,ok,1,547288,1.0,gcc
llr6v8-qwen30b-c,qwen30b,c,0,604719,wavefront2d,submit,ok,1,327548,1.5151515151515154,gcc
llr6v8-qwen30b-c,qwen30b,c,0,604719,tsvc_2_s316,score,ok,1,660362,1.0,gcc
llr6v8-qwen30b-c,qwen30b,c,0,604719,tsvc_2_s252,submit,ok,1,736337,1.0,gcc
llr6v8-qwen30b-c,qwen30b,c,0,604719,tsvc_2_s4112,submit,ok,1,582386,1.0,gcc
llr6v8-qwen30b-c,qwen30b,c,0,604719,tsvc_2_s311,submit,ok,1,389232,1.0101010101010102,gcc
llr6v8-qwen30b-c,qwen30b,c,0,604719,tsvc_2_s1244,score,timeout,0,515059,0.0,gcc
llr6v8-qwen30b-c,qwen30b,c,0,604719,tsvc_2_s2275,submit,ok,1,461717,10.000000000000002,gcc
llr6v8-qwen30b-c,qwen30b,c,0,604719,wavefront2d,score,ok,1,364896,1.0,gcc
llr6v8-qwen30b-c,qwen30b,c,0,604719,tsvc_2_s316,score,ok,1,713805,1.0,gcc
llr6v8-qwen30b-c,qwen30b,c,0,604719,tsvc_2_s252,score,ok,1,791770,1.0,gcc
llr6v8-qwen30b-c,qwen30b,c,0,604719,tsvc_2_s4112,score,ok,1,632256,1.0,gcc
llr6v8-qwen30b-c,qwen30b,c,0,604719,tsvc_2_s311,score,ok,1,428335,1.0,gcc
llr6v8-qwen30b-c,qwen30b,c,0,604719,ext_war_unit,submit,ok,1,571254,1.0,gcc
llr6v8-qwen30b-c,qwen30b,c,0,604719,tsvc_2_s1244,score,ok,1,562537,1.4705882352941178,gcc
llr6v8-qwen30b-c,qwen30b,c,0,604719,tsvc_2_s2275,score,ok,1,530262,14.285714285714295,gcc
llr6v8-qwen30b-c,qwen30b,c,0,604719,tsvc_2_s252,submit,ok,1,820022,1.0,gcc
llr6v8-qwen30b-c,qwen30b,c,0,604719,tsvc_2_s316,score,ok,1,769228,1.0,gcc
llr6v8-qwen30b-c,qwen30b,c,0,604719,ext_war_unit,score,ok,1,670325,1.0204081632653061,gcc
llr6v8-qwen30b-c,qwen30b,c,0,604719,tsvc_2_s4112,submit,ok,1,657788,1.0101010101010102,gcc
llr6v8-qwen30b-c,qwen30b,c,0,604719,wavefront2d,submit,ok,1,384321,1.0,gcc
llr6v8-qwen30b-c,qwen30b,c,0,604719,tsvc_2_s316,score,ok,1,826614,1.923076923076923,gcc
llr6v8-qwen30b-c,qwen30b,c,0,604719,tsvc_2_s1244,score,ok,1,612286,4.347826086956522,gcc
llr6v8-qwen30b-c,qwen30b,c,0,604719,tsvc_2_s311,submit,ok,1,448524,1.0,gcc
llr6v8-qwen30b-c,qwen30b,c,0,604719,tsvc_2_s2275,submit,ok,1,553894,24.99999999999998,gcc
llr6v8-qwen30b-c,qwen30b,c,0,604719,tsvc_2_s316,submit,ok,1,855975,1.0638297872340425,gcc
llr6v8-qwen30b-c,qwen30b,c,0,604719,wavefront2d,score,ok,1,445609,1.6949152542372883,gcc
llr6v8-qwen30b-c,qwen30b,c,0,604719,ext_war_unit,submit,ok,1,695972,1.0,gcc
llr6v8-qwen30b-c,qwen30b,c,0,604719,tsvc_2_s1244,submit,ok,1,637982,10.000000000000002,gcc
llr6v8-qwen30b-c,qwen30b,c,0,604719,wavefront2d,submit,ok,1,467120,1.5873015873015872,gcc
llr6v8-qwen30b-c,qwen30b,c,0,604719,ext_war_unit,submit,ok,1,775134,1.0,gcc
llr6v8-qwen30b-c,qwen30b,c,0,604719,tsvc_2_s115,score,ok,1,105762,1.0,gcc
llr6v8-qwen30b-c,qwen30b,c,0,604719,ext_break_capture,score,ok,1,117831,1.0,gcc
llr6v8-qwen30b-c,qwen30b,c,0,604719,tsvc_2_vag,score,ok,1,136550,1.0,gcc
llr6v8-qwen30b-c,qwen30b,c,0,604719,tsvc_2_s13110,score,ok,1,129816,1.0,gcc
llr6v8-qwen30b-c,qwen30b,c,0,604719,tsvc_2_s231,score,ok,1,116967,1.0,gcc
llr6v8-qwen30b-c,qwen30b,c,0,604719,fuse_diamond,score,ok,1,129292,12.500000000000007,gcc
llr6v8-qwen30b-c,qwen30b,c,0,604719,wf_diff_skew,score,ok,1,146196,1.0,gcc
llr6v8-qwen30b-c,qwen30b,c,0,604719,tsvc_2_s255,score,ok,1,172892,1.0,gcc
llr6v8-qwen30b-c,qwen30b,c,0,604719,tsvc_2_s318,score,ok,1,169545,1.0,gcc
llr6v8-qwen30b-c,qwen30b,c,0,604719,tsvc_2_s13110,score,incorrect,0,167562,1.0,gcc
llr6v8-qwen30b-c,qwen30b,c,0,604719,tsvc_2_s115,score,ok,1,154910,1.0,gcc
llr6v8-qwen30b-c,qwen30b,c,0,604719,fuse_diamond,score,ok,1,166697,12.500000000000007,gcc
llr6v8-qwen30b-c,qwen30b,c,0,604719,tsvc_2_s231,score,ok,1,153158,1.0,gcc
llr6v8-qwen30b-c,qwen30b,c,0,604719,tsvc_2_s3110,score,ok,1,284299,1.0,gcc
llr6v8-qwen30b-c,qwen30b,c,0,604719,wf_diff_skew,score,ok,1,189926,1.0,gcc
llr6v8-qwen30b-c,qwen30b,c,0,604719,tsvc_2_s115,score,ok,1,182041,1.0,gcc
llr6v8-qwen30b-c,qwen30b,c,0,604719,tsvc_2_vag,score,ok,1,185906,1.0,gcc
llr6v8-qwen30b-c,qwen30b,c,0,604719,fuse_diamond,score,ok,1,193729,11.111111111111114,gcc
llr6v8-qwen30b-c,qwen30b,c,0,604719,tsvc_2_s13110,score,ok,1,210082,1.0,gcc
llr6v8-qwen30b-c,qwen30b,c,0,604719,tsvc_2_s231,score,ok,1,192870,1.0101010101010102,gcc
llr6v8-qwen30b-c,qwen30b,c,0,604719,tsvc_2_s255,score,ok,1,227301,1.0,gcc
llr6v8-qwen30b-c,qwen30b,c,0,604719,tsvc_2_s115,score,ok,1,211055,1.0,gcc
llr6v8-qwen30b-c,qwen30b,c,0,604719,tsvc_2_vag,score,ok,1,226708,1.0204081632653061,gcc
llr6v8-qwen30b-c,qwen30b,c,0,604719,tsvc_2_s318,score,ok,1,225368,1.9607843137254901,gcc
llr6v8-qwen30b-c,qwen30b,c,0,604719,tsvc_2_s3110,score,ok,1,369253,2.127659574468085,gcc
llr6v8-qwen30b-c,qwen30b,c,0,604719,tsvc_2_s13110,score,ok,1,241467,1.7241379310344827,gcc
llr6v8-qwen30b-c,qwen30b,c,0,604719,wf_diff_skew,score,incorrect,0,254703,1.5384615384615388,gcc
llr6v8-qwen30b-c,qwen30b,c,0,604719,ext_break_capture,score,ok,1,335079,1.0,gcc
llr6v8-qwen30b-c,qwen30b,c,0,604719,tsvc_2_s115,score,ok,1,242062,1.0,gcc
llr6v8-qwen30b-c,qwen30b,c,0,604719,tsvc_2_s231,score,ok,1,236289,1.0,gcc
llr6v8-qwen30b-c,qwen30b,c,0,604719,fuse_diamond,score,ok,1,270760,12.500000000000007,gcc
llr6v8-qwen30b-c,qwen30b,c,0,604719,tsvc_2_vag,score,ok,1,270863,1.0,gcc
llr6v8-qwen30b-c,qwen30b,c,0,604719,tsvc_2_s255,score,ok,1,266754,3.333333333333334,gcc
llr6v8-qwen30b-c,qwen30b,c,0,604719,tsvc_2_s318,score,ok,1,273065,1.7543859649122806,gcc
llr6v8-qwen30b-c,qwen30b,c,0,604719,tsvc_2_s13110,score,ok,1,275078,1.0,gcc
llr6v8-qwen30b-c,qwen30b,c,0,604719,tsvc_2_s3110,score,ok,1,439230,1.0,gcc
llr6v8-qwen30b-c,qwen30b,c,0,604719,wf_diff_skew,score,ok,1,290052,1.0,gcc
llr6v8-qwen30b-c,qwen30b,c,0,604719,ext_break_capture,score,ok,1,409316,1.0,gcc
llr6v8-qwen30b-c,qwen30b,c,0,604719,tsvc_2_s115,score,ok,1,274979,1.0,gcc
llr6v8-qwen30b-c,qwen30b,c,0,604719,tsvc_2_vag,score,ok,1,318418,1.0,gcc
llr6v8-qwen30b-c,qwen30b,c,0,604719,tsvc_2_s231,score,ok,1,283380,1.0,gcc
llr6v8-qwen30b-c,qwen30b,c,0,604719,tsvc_2_s255,score,ok,1,308413,1.0204081632653061,gcc
llr6v8-qwen30b-c,qwen30b,c,0,604719,fuse_diamond,submit,ok,1,287562,11.111111111111114,gcc
llr6v8-qwen30b-c,qwen30b,c,0,604719,tsvc_2_s13110,score,ok,1,310809,1.0,gcc
llr6v8-qwen30b-c,qwen30b,c,0,604719,tsvc_2_s318,score,ok,1,343175,1.0,gcc
llr6v8-qwen30b-c,qwen30b,c,0,604719,wf_diff_skew,score,ok,1,327344,1.0,gcc
llr6v8-qwen30b-c,qwen30b,c,0,604719,ext_break_capture,score,ok,1,514864,1.0,gcc
llr6v8-qwen30b-c,qwen30b,c,0,604719,tsvc_2_vag,score,ok,1,351918,1.0,gcc
llr6v8-qwen30b-c,qwen30b,c,0,604719,tsvc_2_s115,score,ok,1,327797,1.0,gcc
llr6v8-qwen30b-c,qwen30b,c,0,604719,tsvc_2_s3110,score,ok,1,514758,1.0416666666666667,gcc
llr6v8-qwen30b-c,qwen30b,c,0,604719,tsvc_2_s255,score,incorrect,0,351969,1.0204081632653061,gcc
llr6v8-qwen30b-c,qwen30b,c,0,604719,tsvc_2_s231,score,ok,1,334159,1.0,gcc
llr6v8-qwen30b-c,qwen30b,c,0,604719,wf_diff_skew,score,ok,1,366410,1.0101010101010102,gcc
llr6v8-qwen30b-c,qwen30b,c,0,604719,tsvc_2_s318,score,ok,1,381307,1.6666666666666667,gcc
llr6v8-qwen30b-c,qwen30b,c,0,604719,ext_break_capture,submit,ok,1,542205,1.0,gcc
llr6v8-qwen30b-c,qwen30b,c,0,604719,tsvc_2_vag,score,ok,1,441702,1.0,gcc
llr6v8-qwen30b-c,qwen30b,c,0,604719,tsvc_2_s255,score,ok,1,397465,1.0,gcc
llr6v8-qwen30b-c,qwen30b,c,0,604719,tsvc_2_s3110,submit,ok,1,541022,1.0309278350515465,gcc
llr6v8-qwen30b-c,qwen30b,c,0,604719,tsvc_2_s115,submit,ok,1,365138,1.0,gcc
llr6v8-qwen30b-c,qwen30b,c,0,604719,tsvc_2_s13110,score,ok,1,412065,1.36986301369863,gcc
llr6v8-qwen30b-c,qwen30b,c,0,604719,wf_diff_skew,score,incorrect,0,407445,1.0,gcc
llr6v8-qwen30b-c,qwen30b,c,0,604719,ext_break_capture,score,ok,1,626902,1.0,gcc
llr6v8-qwen30b-c,qwen30b,c,0,604719,tsvc_2_s318,score,ok,1,463375,1.0,gcc
llr6v8-qwen30b-c,qwen30b,c,0,604719,tsvc_2_vag,score,ok,1,542633,1.0,gcc
llr6v8-qwen30b-c,qwen30b,c,0,604719,tsvc_2_s3110,score,ok,1,595597,1.0,gcc
llr6v8-qwen30b-c,qwen30b,c,0,604719,tsvc_2_s115,score,ok,1,424557,1.0,gcc
llr6v8-qwen30b-c,qwen30b,c,0,604719,tsvc_2_s231,submit,ok,1,370187,1.0,gcc
llr6v8-qwen30b-c,qwen30b,c,0,604719,tsvc_2_s318,score,ok,1,507387,1.0,gcc
llr6v8-qwen30b-c,qwen30b,c,0,604719,wf_diff_skew,score,ok,1,450587,1.0,gcc
llr6v8-qwen30b-c,qwen30b,c,0,604719,ext_break_capture,submit,ok,1,655999,1.0,gcc
llr6v8-qwen30b-c,qwen30b,c,0,604719,tsvc_2_s13110,score,ok,1,481087,1.6129032258064517,gcc
llr6v8-qwen30b-c,qwen30b,c,0,604719,tsvc_2_vag,score,ok,1,586211,1.0,gcc
llr6v8-qwen30b-c,qwen30b,c,0,604719,tsvc_2_s255,submit,ok,1,420822,1.0,gcc
llr6v8-qwen30b-c,qwen30b,c,0,604719,tsvc_2_s115,score,ok,1,466375,1.0,gcc
llr6v8-qwen30b-c,qwen30b,c,0,604719,tsvc_2_s231,score,ok,1,427981,1.0,gcc
llr6v8-qwen30b-c,qwen30b,c,0,604719,wf_diff_skew,score,ok,1,495636,1.0101010101010102,gcc
llr6v8-qwen30b-c,qwen30b,c,0,604719,tsvc_2_s3110,submit,ok,1,652816,1.0416666666666667,gcc
llr6v8-qwen30b-c,qwen30b,c,0,604719,tsvc_2_s13110,submit,ok,1,505300,1.5384615384615388,gcc
llr6v8-qwen30b-c,qwen30b,c,0,604719,tsvc_2_s115,submit,ok,1,487945,1.0,gcc
llr6v8-qwen30b-c,qwen30b,c,0,604719,tsvc_2_vag,submit,ok,1,608596,1.0,gcc
llr6v8-qwen30b-c,qwen30b,c,0,604719,tsvc_2_s318,score,ok,1,603306,1.1363636363636365,gcc
llr6v8-qwen30b-c,qwen30b,c,0,604719,tsvc_2_vag,score,ok,1,654532,1.282051282051282,gcc
llr6v8-qwen30b-c,qwen30b,c,0,604719,tsvc_2_s115,score,ok,1,555528,1.0,gcc
llr6v8-qwen30b-c,qwen30b,c,0,604719,tsvc_2_s231,submit,ok,1,468102,1.3157894736842106,gcc
llr6v8-qwen30b-c,qwen30b,c,0,604719,tsvc_2_s318,score,ok,1,655011,1.0,gcc
llr6v8-qwen30b-c,qwen30b,c,0,604719,wf_diff_skew,submit,score_error,0,518770,0.0,gcc
llr6v8-qwen30b-c,qwen30b,c,0,604719,wf_diff_skew,score,ok,1,543336,1.0,gcc
llr6v8-qwen30b-c,qwen30b,c,0,604719,tsvc_2_vag,submit,ok,1,678065,1.3333333333333333,gcc
llr6v8-qwen30b-c,qwen30b,c,0,604719,tsvc_2_s115,submit,ok,1,578922,1.0,gcc
llr6v8-qwen30b-c,qwen30b,c,0,604719,tsvc_2_s318,submit,ok,1,681590,1.3513513513513513,gcc
llr6v8-qwen30b-c,qwen30b,c,0,604719,wf_diff_skew,score,ok,1,593798,4.0,gcc
llr6v8-qwen30b-c,qwen30b,c,0,604719,tsvc_2_s318,score,ok,1,736372,1.7241379310344827,gcc
llr6v8-qwen30b-c,qwen30b,c,0,604719,wf_diff_skew,submit,score_error,0,619642,0.0,gcc
llr6v8-qwen30b-c,qwen30b,c,0,604719,tsvc_2_s115,submit,ok,1,626865,1.4492753623188408,gcc
llr6v8-qwen30b-c,qwen30b,c,0,604719,tsvc_2_s318,score,ok,1,793552,6.666666666666666,gcc
llr6v8-qwen30b-c,qwen30b,c,0,604719,tsvc_2_s318,submit,ok,1,822921,1.6949152542372883,gcc
llr6v8-qwen30b-c,qwen30b,c,0,604719,tsvc_2_s318,score,build_error,0,883470,0.0,gcc
llr6v8-qwen30b-c,qwen30b,c,0,604719,tsvc_2_s318,score,ok,1,947581,6.666666666666666,gcc
llr6v8-qwen30b-c,qwen30b,c,0,604719,tsvc_2_s318,submit,ok,1,980499,1.6949152542372883,gcc
llr6v8-qwen30b-c,qwen30b,c,0,604719,tsvc_2_s231,score,ok,1,116927,1.0,gcc
llr6v8-qwen30b-c,qwen30b,c,0,604719,tsvc_2_s115,score,ok,1,116705,1.0,gcc
llr6v8-qwen30b-c,qwen30b,c,0,604719,fuse_diamond,score,ok,1,129097,8.333333333333334,gcc
llr6v8-qwen30b-c,qwen30b,c,0,604719,ext_break_capture,score,ok,1,141514,1.0,gcc
llr6v8-qwen30b-c,qwen30b,c,0,604719,wf_diff_skew,score,ok,1,195297,1.0,gcc
llr6v8-qwen30b-c,qwen30b,c,0,604719,tsvc_2_vag,score,ok,1,174972,1.0,gcc
llr6v8-qwen30b-c,qwen30b,c,0,604719,fuse_diamond,score,score_error,0,180254,0.0,gcc
llr6v8-qwen30b-c,qwen30b,c,0,604719,tsvc_2_s3110,score,ok,1,143143,1.0,gcc
llr6v8-qwen30b-c,qwen30b,c,0,604719,tsvc_2_s255,score,ok,1,167784,1.0,gcc
llr6v8-qwen30b-c,qwen30b,c,0,604719,tsvc_2_s115,score,ok,1,152746,1.0,gcc
llr6v8-qwen30b-c,qwen30b,c,0,604719,tsvc_2_s231,score,ok,1,153000,1.0,gcc
llr6v8-qwen30b-c,qwen30b,c,0,604719,tsvc_2_s13110,score,ok,1,160465,1.0,gcc
llr6v8-qwen30b-c,qwen30b,c,0,604719,fuse_diamond,score,ok,1,207524,9.090909090909092,gcc
llr6v8-qwen30b-c,qwen30b,c,0,604719,ext_break_capture,score,ok,1,180328,1.0,gcc
llr6v8-qwen30b-c,qwen30b,c,0,604719,wf_diff_skew,score,timeout,0,273649,0.0,gcc
llr6v8-qwen30b-c,qwen30b,c,0,604719,tsvc_2_s318,score,ok,1,186040,1.0,gcc
llr6v8-qwen30b-c,qwen30b,c,0,604719,tsvc_2_vag,score,ok,1,227545,1.0,gcc
llr6v8-qwen30b-c,qwen30b,c,0,604719,tsvc_2_s3110,score,ok,1,168808,1.0,gcc
llr6v8-qwen30b-c,qwen30b,c,0,604719,tsvc_2_s115,score,timeout,0,192323,0.0,gcc
llr6v8-qwen30b-c,qwen30b,c,0,604719,fuse_diamond,score,ok,1,235866,9.090909090909092,gcc
llr6v8-qwen30b-c,qwen30b,c,0,604719,tsvc_2_s231,score,incorrect,0,179118,1.0,gcc
llr6v8-qwen30b-c,qwen30b,c,0,604719,ext_break_capture,score,ok,1,223112,1.0,gcc
llr6v8-qwen30b-c,qwen30b,c,0,604719,wf_diff_skew,score,timeout,0,328038,0.0,gcc
llr6v8-qwen30b-c,qwen30b,c,0,604719,fuse_diamond,score,ok,1,265487,9.090909090909092,gcc
llr6v8-qwen30b-c,qwen30b,c,0,604719,tsvc_2_vag,score,ok,1,283521,1.0,gcc
llr6v8-qwen30b-c,qwen30b,c,0,604719,tsvc_2_s255,score,ok,1,222372,1.0,gcc
llr6v8-qwen30b-c,qwen30b,c,0,604719,tsvc_2_s3110,score,ok,1,196723,1.0869565217391304,gcc
llr6v8-qwen30b-c,qwen30b,c,0,604719,tsvc_2_s115,score,ok,1,250715,1.0,gcc
llr6v8-qwen30b-c,qwen30b,c,0,604719,tsvc_2_s13110,score,ok,1,232198,1.0,gcc
llr6v8-qwen30b-c,qwen30b,c,0,604719,ext_break_capture,score,ok,1,269855,1.0,gcc
llr6v8-qwen30b-c,qwen30b,c,0,604719,tsvc_2_s231,score,ok,1,221800,1.0,gcc
llr6v8-qwen30b-c,qwen30b,c,0,604719,tsvc_2_s318,score,ok,1,242295,1.0,gcc
llr6v8-qwen30b-c,qwen30b,c,0,604719,fuse_diamond,score,ok,1,296505,8.333333333333334,gcc
llr6v8-qwen30b-c,qwen30b,c,0,604719,wf_diff_skew,score,timeout,0,413313,0.0,gcc
llr6v8-qwen30b-c,qwen30b,c,0,604719,tsvc_2_vag,score,ok,1,342920,1.0,gcc
llr6v8-qwen30b-c,qwen30b,c,0,604719,tsvc_2_s255,score,ok,1,261690,1.0,gcc
llr6v8-qwen30b-c,qwen30b,c,0,604719,tsvc_2_s115,score,ok,1,298613,1.0,gcc
llr6v8-qwen30b-c,qwen30b,c,0,604719,fuse_diamond,score,ok,1,328924,9.090909090909092,gcc
llr6v8-qwen30b-c,qwen30b,c,0,604719,tsvc_2_s13110,score,incorrect,0,280857,1.0,gcc
llr6v8-qwen30b-c,qwen30b,c,0,604719,wf_diff_skew,score,timeout,0,501615,0.0,gcc
llr6v8-qwen30b-c,qwen30b,c,0,604719,tsvc_2_s3110,score,ok,1,243015,1.36986301369863,gcc
llr6v8-qwen30b-c,qwen30b,c,0,604719,tsvc_2_s318,score,ok,1,282639,1.0,gcc
llr6v8-qwen30b-c,qwen30b,c,0,604719,fuse_diamond,score,ok,1,362579,10.000000000000002,gcc
llr6v8-qwen30b-c,qwen30b,c,0,604719,tsvc_2_vag,score,ok,1,473819,1.0,gcc
llr6v8-qwen30b-c,qwen30b,c,0,604719,tsvc_2_s231,score,ok,1,284402,1.0,gcc
llr6v8-qwen30b-c,qwen30b,c,0,604719,ext_break_capture,score,ok,1,376198,1.1904761904761905,gcc
llr6v8-qwen30b-c,qwen30b,c,0,604719,tsvc_2_s115,score,ok,1,404291,1.0,gcc
llr6v8-qwen30b-c,qwen30b,c,0,604719,tsvc_2_s13110,score,ok,1,333679,1.0,gcc
llr6v8-qwen30b-c,qwen30b,c,0,604719,wf_diff_skew,score,incorrect,0,562591,1.0,gcc
llr6v8-qwen30b-c,qwen30b,c,0,604719,fuse_diamond,score,ok,1,415409,9.090909090909092,gcc
llr6v8-qwen30b-c,qwen30b,c,0,604719,tsvc_2_s3110,score,ok,1,277051,1.0,gcc
llr6v8-qwen30b-c,qwen30b,c,0,604719,ext_break_capture,score,build_error,0,453481,0.0,gcc
llr6v8-qwen30b-c,qwen30b,c,0,604719,tsvc_2_s255,score,ok,1,347175,2.0833333333333335,gcc
llr6v8-qwen30b-c,qwen30b,c,0,604719,tsvc_2_s115,score,ok,1,462505,1.0416666666666667,gcc
llr6v8-qwen30b-c,qwen30b,c,0,604719,fuse_diamond,score,ok,1,452192,16.666666666666682,gcc
llr6v8-qwen30b-c,qwen30b,c,0,604719,tsvc_2_s13110,score,ok,1,390589,4.0,gcc
llr6v8-qwen30b-c,qwen30b,c,0,604719,tsvc_2_vag,score,ok,1,592457,1.282051282051282,gcc
llr6v8-qwen30b-c,qwen30b,c,0,604719,ext_break_capture,score,ok,1,507459,1.1363636363636365,gcc
llr6v8-qwen30b-c,qwen30b,c,0,604719,fuse_diamond,score,ok,1,490276,12.500000000000007,gcc
llr6v8-qwen30b-c,qwen30b,c,0,604719,tsvc_2_s115,score,ok,1,524197,1.0,gcc
llr6v8-qwen30b-c,qwen30b,c,0,604719,tsvc_2_s231,score,ok,1,336713,1.0,gcc
llr6v8-qwen30b-c,qwen30b,c,0,604719,tsvc_2_s318,score,ok,1,416979,1.0,gcc
llr6v8-qwen30b-c,qwen30b,c,0,604719,tsvc_2_s13110,score,ok,1,451566,1.0,gcc
llr6v8-qwen30b-c,qwen30b,c,0,604719,tsvc_2_s255,score,timeout,0,394227,0.0,gcc
llr6v8-qwen30b-c,qwen30b,c,0,604719,tsvc_2_vag,score,build_error,0,642561,0.0,gcc
llr6v8-qwen30b-c,qwen30b,c,0,604719,ext_break_capture,submit,ok,1,562878,1.0,gcc
llr6v8-qwen30b-c,qwen30b,c,0,604719,tsvc_2_s3110,score,ok,1,353851,1.4492753623188408,gcc
llr6v8-qwen30b-c,qwen30b,c,0,604719,tsvc_2_s115,score,ok,1,589340,1.0,gcc
llr6v8-qwen30b-c,qwen30b,c,0,604719,fuse_diamond,submit,ok,1,509821,11.111111111111114,gcc
llr6v8-qwen30b-c,qwen30b,c,0,604719,tsvc_2_s231,score,ok,1,374076,1.0,gcc
llr6v8-qwen30b-c,qwen30b,c,0,604719,tsvc_2_vag,score,build_error,0,695233,0.0,gcc
llr6v8-qwen30b-c,qwen30b,c,0,604719,tsvc_2_s255,score,ok,1,444352,1.0638297872340425,gcc
llr6v8-qwen30b-c,qwen30b,c,0,604719,tsvc_2_s3110,score,ok,1,396101,1.282051282051282,gcc
llr6v8-qwen30b-c,qwen30b,c,0,604719,wf_diff_skew,submit,score_error,0,691119,0.0,gcc
llr6v8-qwen30b-c,qwen30b,c,0,604719,tsvc_2_s318,submit,ok,1,441246,1.0,gcc
llr6v8-qwen30b-c,qwen30b,c,0,604719,tsvc_2_s115,score,ok,1,634679,1.0,gcc
llr6v8-qwen30b-c,qwen30b,c,0,604719,tsvc_2_s13110,submit,ok,1,494721,1.0,gcc
llr6v8-qwen30b-c,qwen30b,c,0,604719,tsvc_2_vag,score,ok,1,750932,1.0,gcc
llr6v8-qwen30b-c,qwen30b,c,0,604719,tsvc_2_s231,score,ok,1,433737,1.0,gcc
llr6v8-qwen30b-c,qwen30b,c,0,604719,tsvc_2_s115,score,ok,1,705903,1.0,gcc
llr6v8-qwen30b-c,qwen30b,c,0,604719,tsvc_2_s3110,score,ok,1,487815,1.0,gcc
llr6v8-qwen30b-c,qwen30b,c,0,604719,fuse_diamond,submit,ok,1,550356,14.285714285714295,gcc
llr6v8-qwen30b-c,qwen30b,c,0,604719,tsvc_2_s255,submit,ok,1,524762,1.0,gcc
llr6v8-qwen30b-c,qwen30b,c,0,604719,tsvc_2_vag,submit,ok,1,808071,1.0,gcc
llr6v8-qwen30b-c,qwen30b,c,0,604719,tsvc_2_s13110,score,ok,1,613526,1.0,gcc
llr6v8-qwen30b-c,qwen30b,c,0,604719,tsvc_2_s115,submit,ok,1,730343,1.2048192771084338,gcc
llr6v8-qwen30b-c,qwen30b,c,0,604719,wf_diff_skew,score,timeout,0,868758,0.0,gcc
llr6v8-qwen30b-c,qwen30b,c,0,604719,tsvc_2_s231,submit,ok,1,565821,1.0,gcc
llr6v8-qwen30b-c,qwen30b,c,0,604719,tsvc_2_vag,score,ok,1,926738,1.0,gcc
llr6v8-qwen30b-c,qwen30b,c,0,604719,tsvc_2_s3110,submit,ok,1,512179,1.0989010989010988,gcc
llr6v8-qwen30b-c,qwen30b,c,0,604719,fuse_diamond,submit,ok,1,593340,10.000000000000002,gcc
llr6v8-qwen30b-c,qwen30b,c,0,604719,tsvc_2_s115,score,ok,1,833206,1.0,gcc
llr6v8-qwen30b-c,qwen30b,c,0,604719,tsvc_2_s255,submit,ok,1,609718,1.1111111111111112,gcc
llr6v8-qwen30b-c,qwen30b,c,0,604719,tsvc_2_s231,score,ok,1,612932,1.0,gcc
llr6v8-qwen30b-c,qwen30b,c,0,604719,fuse_diamond,score,ok,1,639430,9.090909090909092,gcc
llr6v8-qwen30b-c,qwen30b,c,0,604719,tsvc_2_s13110,submit,ok,1,742478,1.0,gcc
llr6v8-qwen30b-c,qwen30b,c,0,604719,wf_diff_skew,submit,score_error,0,943751,0.0,gcc
llr6v8-qwen30b-c,qwen30b,c,0,604719,tsvc_2_vag,submit,ok,1,957228,1.0,gcc
llr6v8-qwen30b-c,qwen30b,c,0,604719,tsvc_2_s115,submit,ok,1,887506,1.0,gcc
llr6v8-qwen30b-c,qwen30b,c,0,604719,tsvc_2_s13110,score,ok,1,796946,1.0,gcc
llr6v8-qwen30b-c,qwen30b,c,0,604719,tsvc_2_s231,score,ok,1,687549,1.0,gcc
llr6v8-qwen30b-c,qwen30b,c,0,604719,fuse_diamond,submit,ok,1,663656,9.090909090909092,gcc
llr6v8-qwen30b-c,qwen30b,c,0,604719,tsvc_2_s13110,submit,ok,1,824887,1.0,gcc
llr6v8-qwen30b-c,qwen30b,c,0,604719,tsvc_2_s255,submit,ok,1,921875,1.0,gcc
llr6v8-qwen30b-c,qwen30b,c,0,604719,tsvc_2_s231,submit,ok,1,713394,1.4084507042253522,gcc
llr6v8-qwen30b-c,qwen30b,c,0,604719,tsvc_2_s115,submit,ok,1,973762,2.173913043478261,gcc
llr6v8-qwen30b-c,qwen30b,c,0,604719,tsvc_2_s231,score,ok,1,877420,1.0,gcc
llr6v8-qwen30b-c,qwen30b,c,0,604719,tsvc_2_s115,submit,ok,1,1034248,1.0,gcc
llr6v8-qwen30b-c,qwen30b,c,0,604719,tsvc_2_s231,submit,ok,1,935410,1.0,gcc
llr6v8-qwen30b-c,qwen30b,c,0,604719,tsvc_2_s115,submit,ok,1,1097218,1.923076923076923,gcc
llr6v8-qwen30b-c,qwen30b,c,0,604719,tsvc_2_s115,submit,ok,1,1162674,1.0,gcc
llr6v8-qwen30b-c,qwen30b,c,0,604719,tsvc_2_s115,submit,ok,1,1230526,1.0,gcc
llr6v8-qwen30b-c,qwen30b,c,0,604719,tsvc_2_s115,submit,ok,1,1300748,1.0,gcc
llr6v8-qwen30b-c,qwen30b,c,0,604719,tsvc_2_s115,submit,ok,1,1373346,1.0,gcc
llr6v8-qwen30b-c,qwen30b,c,0,604719,tsvc_2_s115,submit,ok,1,1448323,1.0,gcc
llr6v8-qwen30b-c,qwen30b,c,0,604719,tsvc_2_s115,submit,ok,1,1525679,1.0,gcc
llr6v8-qwen30b-c,qwen30b,c,0,604719,tsvc_2_s115,submit,ok,1,1605413,1.0101010101010102,gcc
llr6v8-qwen30b-c,qwen30b,c,0,604719,ext_break_capture,score,ok,1,117446,1.0,gcc
llr6v8-qwen30b-c,qwen30b,c,0,604719,fuse_diamond,score,incorrect,0,118490,11.111111111111114,gcc
llr6v8-qwen30b-c,qwen30b,c,0,604719,tsvc_2_s115,score,ok,1,115549,1.0,gcc
llr6v8-qwen30b-c,qwen30b,c,0,604719,wf_diff_skew,score,ok,1,158336,1.0,gcc
llr6v8-qwen30b-c,qwen30b,c,0,604719,tsvc_2_s318,score,ok,1,143828,1.0,gcc
llr6v8-qwen30b-c,qwen30b,c,0,604719,tsvc_2_s3110,score,ok,1,120550,1.0,gcc
llr6v8-qwen30b-c,qwen30b,c,0,604719,tsvc_2_vag,score,ok,1,186534,1.0,gcc
llr6v8-qwen30b-c,qwen30b,c,0,604719,tsvc_2_s231,score,ok,1,117417,1.0,gcc
llr6v8-qwen30b-c,qwen30b,c,0,604719,fuse_diamond,score,ok,1,156296,11.111111111111114,gcc
llr6v8-qwen30b-c,qwen30b,c,0,604719,tsvc_2_s13110,score,ok,1,196614,1.0,gcc
llr6v8-qwen30b-c,qwen30b,c,0,604719,tsvc_2_s255,score,ok,1,192245,1.0,gcc
llr6v8-qwen30b-c,qwen30b,c,0,604719,tsvc_2_s3110,score,ok,1,145570,1.8867924528301885,gcc
llr6v8-qwen30b-c,qwen30b,c,0,604719,tsvc_2_vag,score,ok,1,239641,1.0,gcc
llr6v8-qwen30b-c,qwen30b,c,0,604719,tsvc_2_s115,score,ok,1,164568,1.0,gcc
llr6v8-qwen30b-c,qwen30b,c,0,604719,fuse_diamond,score,ok,1,197914,11.111111111111114,gcc
llr6v8-qwen30b-c,qwen30b,c,0,604719,tsvc_2_s231,score,ok,1,153915,1.0,gcc
llr6v8-qwen30b-c,qwen30b,c,0,604719,ext_break_capture,score,ok,1,180289,1.0,gcc
llr6v8-qwen30b-c,qwen30b,c,0,604719,wf_diff_skew,score,timeout,0,232517,0.0,gcc
llr6v8-qwen30b-c,qwen30b,c,0,604719,tsvc_2_s3110,score,ok,1,172799,1.0,gcc
llr6v8-qwen30b-c,qwen30b,c,0,604719,tsvc_2_s13110,score,ok,1,274581,1.0,gcc
llr6v8-qwen30b-c,qwen30b,c,0,604719,tsvc_2_s115,score,ok,1,205579,1.0,gcc
llr6v8-qwen30b-c,qwen30b,c,0,604719,fuse_diamond,score,ok,1,242681,11.111111111111114,gcc
llr6v8-qwen30b-c,qwen30b,c,0,604719,tsvc_2_s231,score,ok,1,194030,16.666666666666682,gcc
llr6v8-qwen30b-c,qwen30b,c,0,604719,tsvc_2_s318,score,ok,1,211597,1.0,gcc
llr6v8-qwen30b-c,qwen30b,c,0,604719,ext_break_capture,score,ok,1,243241,1.0,gcc
llr6v8-qwen30b-c,qwen30b,c,0,604719,wf_diff_skew,score,ok,1,265109,1.0869565217391304,gcc
llr6v8-qwen30b-c,qwen30b,c,0,604719,tsvc_2_s255,score,ok,1,306123,1.4285714285714286,gcc
llr6v8-qwen30b-c,qwen30b,c,0,604719,tsvc_2_s3110,score,ok,1,202233,1.0,gcc
llr6v8-qwen30b-c,qwen30b,c,0,604719,tsvc_2_s13110,score,ok,1,316500,1.0,gcc
llr6v8-qwen30b-c,qwen30b,c,0,604719,tsvc_2_s231,score,ok,1,237780,16.666666666666682,gcc
llr6v8-qwen30b-c,qwen30b,c,0,604719,tsvc_2_s115,score,ok,1,250305,1.0,gcc
llr6v8-qwen30b-c,qwen30b,c,0,604719,ext_break_capture,score,ok,1,287516,1.2048192771084338,gcc
llr6v8-qwen30b-c,qwen30b,c,0,604719,tsvc_2_vag,score,ok,1,378421,1.0,gcc
llr6v8-qwen30b-c,qwen30b,c,0,604719,tsvc_2_s318,score,ok,1,258589,1.9607843137254901,gcc
llr6v8-qwen30b-c,qwen30b,c,0,604719,wf_diff_skew,score,incorrect,0,317814,3.0303030303030307,gcc
llr6v8-qwen30b-c,qwen30b,c,0,604719,tsvc_2_s3110,score,ok,1,233920,1.0,gcc
llr6v8-qwen30b-c,qwen30b,c,0,604719,tsvc_2_s231,score,ok,1,285571,16.666666666666682,gcc
llr6v8-qwen30b-c,qwen30b,c,0,604719,tsvc_2_s13110,score,ok,1,360529,1.0752688172043012,gcc
llr6v8-qwen30b-c,qwen30b,c,0,604719,tsvc_2_s115,score,ok,1,299075,1.4285714285714286,gcc
llr6v8-qwen30b-c,qwen30b,c,0,604719,tsvc_2_vag,score,ok,1,443760,1.0,gcc
llr6v8-qwen30b-c,qwen30b,c,0,604719,fuse_diamond,score,ok,1,362341,11.111111111111114,gcc
llr6v8-qwen30b-c,qwen30b,c,0,604719,ext_break_capture,score,ok,1,334154,1.1494252873563218,gcc
llr6v8-qwen30b-c,qwen30b,c,0,604719,tsvc_2_s318,score,ok,1,310604,2.0,gcc
llr6v8-qwen30b-c,qwen30b,c,0,604719,tsvc_2_s255,score,ok,1,393283,1.0416666666666667,gcc
llr6v8-qwen30b-c,qwen30b,c,0,604719,tsvc_2_s13110,score,ok,1,406916,1.0,gcc
llr6v8-qwen30b-c,qwen30b,c,0,604719,tsvc_2_s115,score,ok,1,333988,1.0,gcc
llr6v8-qwen30b-c,qwen30b,c,0,604719,wf_diff_skew,score,ok,1,375148,1.0,gcc
llr6v8-qwen30b-c,qwen30b,c,0,604719,fuse_diamond,score,ok,1,400317,11.111111111111114,gcc
llr6v8-qwen30b-c,qwen30b,c,0,604719,tsvc_2_vag,score,ok,1,512320,1.0,gcc
llr6v8-qwen30b-c,qwen30b,c,0,604719,tsvc_2_s231,score,ok,1,395014,14.285714285714295,gcc
llr6v8-qwen30b-c,qwen30b,c,0,604719,tsvc_2_s318,score,ok,1,367568,1.0101010101010102,gcc
llr6v8-qwen30b-c,qwen30b,c,0,604719,ext_break_capture,submit,ok,1,358252,1.0,gcc
llr6v8-qwen30b-c,qwen30b,c,0,604719,wf_diff_skew,score,incorrect,0,415973,1.0,gcc
llr6v8-qwen30b-c,qwen30b,c,0,604719,tsvc_2_vag,score,ok,1,560075,1.0,gcc
llr6v8-qwen30b-c,qwen30b,c,0,604719,tsvc_2_s115,score,ok,1,371276,1.0,gcc
llr6v8-qwen30b-c,qwen30b,c,0,604719,tsvc_2_s3110,score,ok,1,341056,1.36986301369863,gcc
llr6v8-qwen30b-c,qwen30b,c,0,604719,ext_break_capture,score,ok,1,382675,1.0,gcc
llr6v8-qwen30b-c,qwen30b,c,0,604719,tsvc_2_s231,score,ok,1,435120,16.666666666666682,gcc
llr6v8-qwen30b-c,qwen30b,c,0,604719,tsvc_2_s255,submit,ok,1,416601,1.0,gcc
llr6v8-qwen30b-c,qwen30b,c,0,604719,fuse_diamond,submit,ok,1,419884,8.333333333333334,gcc
llr6v8-qwen30b-c,qwen30b,c,0,604719,tsvc_2_s13110,score,ok,1,508268,1.0,gcc
llr6v8-qwen30b-c,qwen30b,c,0,604719,wf_diff_skew,score,build_error,0,481142,0.0,gcc
llr6v8-qwen30b-c,qwen30b,c,0,604719,tsvc_2_vag,score,ok,1,609405,1.0,gcc
llr6v8-qwen30b-c,qwen30b,c,0,604719,tsvc_2_s3110,score,incorrect,0,382057,2.857142857142857,gcc
llr6v8-qwen30b-c,qwen30b,c,0,604719,tsvc_2_s318,submit,ok,1,408219,1.0,gcc
llr6v8-qwen30b-c,qwen30b,c,0,604719,ext_break_capture,submit,ok,1,407414,1.0,gcc
llr6v8-qwen30b-c,qwen30b,c,0,604719,tsvc_2_s231,score,ok,1,498980,16.666666666666682,gcc
llr6v8-qwen30b-c,qwen30b,c,0,604719,fuse_diamond,score,ok,1,460419,11.111111111111114,gcc
llr6v8-qwen30b-c,qwen30b,c,0,604719,tsvc_2_s115,submit,ok,1,431583,1.0,gcc
llr6v8-qwen30b-c,qwen30b,c,0,604719,wf_diff_skew,score,ok,1,527867,1.0,gcc
llr6v8-qwen30b-c,qwen30b,c,0,604719,tsvc_2_s3110,score,ok,1,425447,1.0204081632653061,gcc
llr6v8-qwen30b-c,qwen30b,c,0,604719,tsvc_2_s13110,submit,ok,1,535251,1.0204081632653061,gcc
llr6v8-qwen30b-c,qwen30b,c,0,604719,tsvc_2_s255,score,ok,1,545525,1.0752688172043012,gcc
llr6v8-qwen30b-c,qwen30b,c,0,604719,tsvc_2_s318,score,ok,1,497142,1.0,gcc
llr6v8-qwen30b-c,qwen30b,c,0,604719,tsvc_2_vag,submit,ok,1,660335,1.0,gcc
llr6v8-qwen30b-c,qwen30b,c,0,604719,tsvc_2_s231,submit,ok,1,521043,14.285714285714295,gcc
llr6v8-qwen30b-c,qwen30b,c,0,604719,fuse_diamond,submit,ok,1,481377,11.111111111111114,gcc
llr6v8-qwen30b-c,qwen30b,c,0,604719,ext_break_capture,score,ok,1,619880,1.0,gcc
llr6v8-qwen30b-c,qwen30b,c,0,604719,tsvc_2_s115,score,timeout,0,474127,0.0,gcc
llr6v8-qwen30b-c,qwen30b,c,0,604719,tsvc_2_s3110,score,ok,1,470889,1.7857142857142856,gcc
llr6v8-qwen30b-c,qwen30b,c,0,604719,tsvc_2_s13110,score,ok,1,590746,1.0526315789473684,gcc
llr6v8-qwen30b-c,qwen30b,c,0,604719,tsvc_2_vag,score,ok,1,686376,1.0,gcc
llr6v8-qwen30b-c,qwen30b,c,0,604719,tsvc_2_s318,submit,ok,1,520582,1.0,gcc
llr6v8-qwen30b-c,qwen30b,c,0,604719,wf_diff_skew,submit,score_error,0,551845,0.0,gcc
llr6v8-qwen30b-c,qwen30b,c,0,604719,tsvc_2_s255,submit,ok,1,573404,1.1235955056179776,gcc
llr6v8-qwen30b-c,qwen30b,c,0,604719,ext_break_capture,submit,ok,1,647649,1.0,gcc
llr6v8-qwen30b-c,qwen30b,c,0,604719,tsvc_2_s115,submit,ok,1,519006,1.0,gcc
llr6v8-qwen30b-c,qwen30b,c,0,604719,tsvc_2_s3110,submit,ok,1,494281,1.8518518518518516,gcc
llr6v8-qwen30b-c,qwen30b,c,0,604719,tsvc_2_s13110,submit,ok,1,648235,1.0309278350515465,gcc
llr6v8-qwen30b-c,qwen30b,c,0,604719,wf_diff_skew,score,ok,1,577230,1.0,gcc
llr6v8-qwen30b-c,qwen30b,c,0,604719,tsvc_2_vag,submit,ok,1,713045,1.0,gcc
llr6v8-qwen30b-c,qwen30b,c,0,604719,tsvc_2_s255,submit,ok,1,630682,3.225806451612904,gcc
llr6v8-qwen30b-c,qwen30b,c,0,604719,wf_diff_skew,score,ok,1,629519,2.173913043478261,gcc
llr6v8-qwen30b-c,qwen30b,c,0,604719,tsvc_2_s13110,score,ok,1,708376,2.0833333333333335,gcc
llr6v8-qwen30b-c,qwen30b,c,0,604719,tsvc_2_s13110,submit,ok,1,739197,1.0204081632653061,gcc
llr6v8-qwen30b-c,qwen30b,c,0,604719,wf_diff_skew,submit,score_error,0,656301,0.0,gcc
llr6v8-qwen30b-c,qwen30b,c,0,604719,tsvc_2_s115,submit,ok,1,768582,1.0,gcc
llr6v8-qwen30b-c,qwen30b,c,0,604719,ext_break_find_first,score,timeout,0,116130,0.0,gcc
llr6v8-qwen30b-c,qwen30b,c,0,604719,tsvc_2_s3111,score,ok,1,105728,1.0,gcc
llr6v8-qwen30b-c,qwen30b,c,0,604719,tsvc_2_vpvts,score,timeout,0,181628,0.0,gcc
llr6v8-qwen30b-c,qwen30b,c,0,604719,tsvc_2_s319,score,ok,1,118237,1.0,gcc
llr6v8-qwen30b-c,qwen30b,c,0,604719,wf_north_west,score,ok,1,133471,1.0,gcc
llr6v8-qwen30b-c,qwen30b,c,0,604719,tsvc_2_s152,score,ok,1,118366,1.0204081632653061,gcc
llr6v8-qwen30b-c,qwen30b,c,0,604719,tsvc_2_s119,score,ok,1,208021,1.0,gcc
llr6v8-qwen30b-c,qwen30b,c,0,604719,tsvc_2_s233,score,ok,1,170818,1.0,gcc
llr6v8-qwen30b-c,qwen30b,c,0,604719,fuse_move_ifs,score,ok,1,121819,1.0,gcc
llr6v8-qwen30b-c,qwen30b,c,0,604719,tsvc_2_s2710,score,ok,1,136036,1.0,gcc
llr6v8-qwen30b-c,qwen30b,c,0,604719,tsvc_2_vpvts,score,timeout,0,216345,0.0,gcc
llr6v8-qwen30b-c,qwen30b,c,0,604719,ext_break_find_first,score,ok,1,177951,1.0,gcc
llr6v8-qwen30b-c,qwen30b,c,0,604719,tsvc_2_s152,score,ok,1,142768,1.0,gcc
llr6v8-qwen30b-c,qwen30b,c,0,604719,tsvc_2_s319,score,ok,1,142370,1.0,gcc
llr6v8-qwen30b-c,qwen30b,c,0,604719,wf_north_west,score,incorrect,0,162266,1.0,gcc
llr6v8-qwen30b-c,qwen30b,c,0,604719,tsvc_2_s119,score,ok,1,280751,1.0752688172043012,gcc
llr6v8-qwen30b-c,qwen30b,c,0,604719,tsvc_2_s3111,score,ok,1,154465,2.5,gcc
llr6v8-qwen30b-c,qwen30b,c,0,604719,tsvc_2_s2710,score,ok,1,176946,1.8181818181818181,gcc
llr6v8-qwen30b-c,qwen30b,c,0,604719,fuse_move_ifs,score,ok,1,176778,1.0,gcc
llr6v8-qwen30b-c,qwen30b,c,0,604719,ext_break_find_first,score,timeout,0,251901,0.0,gcc
llr6v8-qwen30b-c,qwen30b,c,0,604719,tsvc_2_s152,score,ok,1,169085,1.0101010101010102,gcc
llr6v8-qwen30b-c,qwen30b,c,0,604719,tsvc_2_s119,score,ok,1,357013,1.0,gcc
llr6v8-qwen30b-c,qwen30b,c,0,604719,tsvc_2_vpvts,score,ok,1,391862,1.0,gcc
llr6v8-qwen30b-c,qwen30b,c,0,604719,tsvc_2_s233,score,ok,1,303715,1.0,gcc
llr6v8-qwen30b-c,qwen30b,c,0,604719,tsvc_2_s319,score,ok,1,196399,7.692307692307692,gcc
llr6v8-qwen30b-c,qwen30b,c,0,604719,wf_north_west,score,ok,1,192912,1.0,gcc
llr6v8-qwen30b-c,qwen30b,c,0,604719,tsvc_2_s3111,score,ok,1,181282,2.5,gcc
llr6v8-qwen30b-c,qwen30b,c,0,604719,ext_break_find_first,score,timeout,0,284651,0.0,gcc
llr6v8-qwen30b-c,qwen30b,c,0,604719,tsvc_2_vpvts,score,ok,1,413096,1.0,gcc
llr6v8-qwen30b-c,qwen30b,c,0,604719,tsvc_2_s152,score,ok,1,197274,1.0,gcc
llr6v8-qwen30b-c,qwen30b,c,0,604719,tsvc_2_s2710,score,ok,1,222515,3.333333333333334,gcc
llr6v8-qwen30b-c,qwen30b,c,0,604719,fuse_move_ifs,score,ok,1,223689,1.2195121951219512,gcc
llr6v8-qwen30b-c,qwen30b,c,0,604719,tsvc_2_s319,score,ok,1,226452,8.333333333333334,gcc
llr6v8-qwen30b-c,qwen30b,c,0,604719,tsvc_2_s119,score,ok,1,436816,1.0,gcc
llr6v8-qwen30b-c,qwen30b,c,0,604719,tsvc_2_vpvts,score,ok,1,456855,1.0,gcc
llr6v8-qwen30b-c,qwen30b,c,0,604719,tsvc_2_s3111,score,ok,1,209790,1.1627906976744187,gcc
llr6v8-qwen30b-c,qwen30b,c,0,604719,wf_north_west,score,ok,1,225340,1.0,gcc
llr6v8-qwen30b-c,qwen30b,c,0,604719,tsvc_2_s319,score,ok,1,275700,8.333333333333334,gcc
llr6v8-qwen30b-c,qwen30b,c,0,604719,fuse_move_ifs,score,ok,1,274992,1.8518518518518516,gcc
llr6v8-qwen30b-c,qwen30b,c,0,604719,tsvc_2_s2710,score,ok,1,291555,4.545454545454546,gcc
llr6v8-qwen30b-c,qwen30b,c,0,604719,tsvc_2_s233,score,ok,1,407073,1.1627906976744187,gcc
llr6v8-qwen30b-c,qwen30b,c,0,604719,ext_break_find_first,submit,ok,1,318944,1.0101010101010102,gcc
llr6v8-qwen30b-c,qwen30b,c,0,604719,tsvc_2_vpvts,score,ok,1,479301,1.0101010101010102,gcc
llr6v8-qwen30b-c,qwen30b,c,0,604719,tsvc_2_s319,score,ok,1,311669,8.333333333333334,gcc
llr6v8-qwen30b-c,qwen30b,c,0,604719,tsvc_2_s152,score,ok,1,277148,1.0,gcc
llr6v8-qwen30b-c,qwen30b,c,0,604719,tsvc_2_s119,score,ok,1,492055,1.0,gcc
llr6v8-qwen30b-c,qwen30b,c,0,604719,tsvc_2_s3111,score,ok,1,306372,1.0,gcc
llr6v8-qwen30b-c,qwen30b,c,0,604719,fuse_move_ifs,score,ok,1,330850,1.5151515151515154,gcc
llr6v8-qwen30b-c,qwen30b,c,0,604719,tsvc_2_vpvts,score,ok,1,502131,1.0,gcc
llr6v8-qwen30b-c,qwen30b,c,0,604719,ext_break_find_first,score,build_error,0,373327,0.0,gcc
llr6v8-qwen30b-c,qwen30b,c,0,604719,tsvc_2_s233,score,ok,1,552531,1.0,gcc
llr6v8-qwen30b-c,qwen30b,c,0,604719,tsvc_2_s119,score,ok,1,549137,1.0,gcc
llr6v8-qwen30b-c,qwen30b,c,0,604719,tsvc_2_s2710,submit,ok,1,329129,5.882352941176473,gcc
llr6v8-qwen30b-c,qwen30b,c,0,604719,tsvc_2_s319,submit,ok,1,330398,7.692307692307692,gcc
llr6v8-qwen30b-c,qwen30b,c,0,604719,wf_north_west,score,ok,1,295027,1.0,gcc
llr6v8-qwen30b-c,qwen30b,c,0,604719,tsvc_2_s152,score,ok,1,331731,1.0416666666666667,gcc
llr6v8-qwen30b-c,qwen30b,c,0,604719,tsvc_2_vpvts,score,ok,1,525328,1.0,gcc
llr6v8-qwen30b-c,qwen30b,c,0,604719,tsvc_2_s3111,submit,ok,1,342219,1.0,gcc
llr6v8-qwen30b-c,qwen30b,c,0,604719,ext_break_find_first,score,timeout,0,412464,0.0,gcc
llr6v8-qwen30b-c,qwen30b,c,0,604719,fuse_move_ifs,score,ok,1,391260,1.1235955056179776,gcc
llr6v8-qwen30b-c,qwen30b,c,0,604719,tsvc_2_s233,score,ok,1,631236,5.263157894736843,gcc
llr6v8-qwen30b-c,qwen30b,c,0,604719,wf_north_west,score,ok,1,352371,1.0,gcc
llr6v8-qwen30b-c,qwen30b,c,0,604719,tsvc_2_vpvts,score,ok,1,572954,1.0,gcc
llr6v8-qwen30b-c,qwen30b,c,0,604719,tsvc_2_s152,submit,ok,1,350984,1.0,gcc
llr6v8-qwen30b-c,qwen30b,c,0,604719,tsvc_2_s119,submit,ok,1,607696,1.3333333333333333,gcc
llr6v8-qwen30b-c,qwen30b,c,0,604719,ext_break_find_first,submit,ok,1,474029,1.0869565217391304,gcc
llr6v8-qwen30b-c,qwen30b,c,0,604719,fuse_move_ifs,submit,ok,1,412195,3.1250000000000004,gcc
llr6v8-qwen30b-c,qwen30b,c,0,604719,wf_north_west,score,build_error,0,414939,0.0,gcc
llr6v8-qwen30b-c,qwen30b,c,0,604719,tsvc_2_s3111,score,ok,1,461225,3.571428571428571,gcc
llr6v8-qwen30b-c,qwen30b,c,0,604719,tsvc_2_s152,score,ok,1,390963,2.9411764705882355,gcc
llr6v8-qwen30b-c,qwen30b,c,0,604719,tsvc_2_s233,submit,ok,1,658252,9.090909090909092,gcc
llr6v8-qwen30b-c,qwen30b,c,0,604719,tsvc_2_s119,score,ok,1,667997,2.0,gcc
llr6v8-qwen30b-c,qwen30b,c,0,604719,tsvc_2_s3111,submit,ok,1,482619,2.564102564102564,gcc
llr6v8-qwen30b-c,qwen30b,c,0,604719,wf_north_west,score,ok,1,460085,1.0752688172043012,gcc
llr6v8-qwen30b-c,qwen30b,c,0,604719,tsvc_2_vpvts,submit,ok,1,597355,1.0,gcc
llr6v8-qwen30b-c,qwen30b,c,0,604719,tsvc_2_s152,submit,ok,1,411672,1.0,gcc
llr6v8-qwen30b-c,qwen30b,c,0,604719,tsvc_2_vpvts,score,ok,1,647190,1.0309278350515465,gcc
llr6v8-qwen30b-c,qwen30b,c,0,604719,tsvc_2_vpvts,score,ok,1,672727,2.173913043478261,gcc
llr6v8-qwen30b-c,qwen30b,c,0,604719,tsvc_2_s119,submit,ok,1,698848,1.0,gcc
llr6v8-qwen30b-c,qwen30b,c,0,604719,wf_north_west,submit,score_error,0,483266,0.0,gcc
llr6v8-qwen30b-c,qwen30b,c,0,604719,wf_north_west,score,ok,1,507857,1.0,gcc
llr6v8-qwen30b-c,qwen30b,c,0,604719,wf_north_west,score,ok,1,532868,1.0,gcc
llr6v8-qwen30b-c,qwen30b,c,0,604719,tsvc_2_vpvts,submit,ok,1,698618,1.9607843137254901,gcc
llr6v8-qwen30b-c,qwen30b,c,0,604719,wf_north_west,submit,score_error,0,558199,0.0,gcc
llr6v8-qwen30b-c,qwen30b,c,0,604719,wf_north_west,score,ok,1,612501,4.347826086956522,gcc
llr6v8-qwen30b-c,qwen30b,c,0,604719,tsvc_2_s319,score,ok,1,128073,1.0,gcc
llr6v8-qwen30b-c,qwen30b,c,0,604719,tsvc_2_vpvts,score,timeout,0,115899,0.0,gcc
llr6v8-qwen30b-c,qwen30b,c,0,604719,ext_break_find_first,score,timeout,0,126453,0.0,gcc
llr6v8-qwen30b-c,qwen30b,c,0,604719,wf_north_west,score,ok,1,119374,1.0,gcc
llr6v8-qwen30b-c,qwen30b,c,0,604719,tsvc_2_s152,score,ok,1,119783,1.0,gcc
llr6v8-qwen30b-c,qwen30b,c,0,604719,tsvc_2_s3111,score,ok,1,137783,1.0,gcc
llr6v8-qwen30b-c,qwen30b,c,0,604719,fuse_move_ifs,score,ok,1,120481,1.0,gcc
llr6v8-qwen30b-c,qwen30b,c,0,604719,tsvc_2_s233,score,ok,1,132874,1.0,gcc
llr6v8-qwen30b-c,qwen30b,c,0,604719,tsvc_2_s119,score,ok,1,191011,1.0,gcc
llr6v8-qwen30b-c,qwen30b,c,0,604719,tsvc_2_s2710,score,ok,1,193908,1.0,gcc
llr6v8-qwen30b-c,qwen30b,c,0,604719,tsvc_2_s319,score,ok,1,164724,1.0,gcc
llr6v8-qwen30b-c,qwen30b,c,0,604719,tsvc_2_vpvts,score,ok,1,151445,1.0,gcc
llr6v8-qwen30b-c,qwen30b,c,0,604719,ext_break_find_first,score,timeout,0,228494,0.0,gcc
llr6v8-qwen30b-c,qwen30b,c,0,604719,wf_north_west,score,ok,1,147505,1.0,gcc
llr6v8-qwen30b-c,qwen30b,c,0,604719,tsvc_2_s152,score,ok,1,157820,1.0,gcc
llr6v8-qwen30b-c,qwen30b,c,0,604719,tsvc_2_s3111,score,ok,1,174591,1.0,gcc
llr6v8-qwen30b-c,qwen30b,c,0,604719,fuse_move_ifs,score,ok,1,201482,1.0,gcc
llr6v8-qwen30b-c,qwen30b,c,0,604719,tsvc_2_s233,score,ok,1,172529,1.0,gcc
llr6v8-qwen30b-c,qwen30b,c,0,604719,tsvc_2_s119,score,ok,1,245974,1.0869565217391304,gcc
llr6v8-qwen30b-c,qwen30b,c,0,604719,ext_break_find_first,score,timeout,0,273186,0.0,gcc
llr6v8-qwen30b-c,qwen30b,c,0,604719,tsvc_2_vpvts,score,timeout,0,203533,0.0,gcc
llr6v8-qwen30b-c,qwen30b,c,0,604719,tsvc_2_s152,score,ok,1,199323,1.0,gcc
llr6v8-qwen30b-c,qwen30b,c,0,604719,tsvc_2_s233,score,build_error,0,201472,0.0,gcc
llr6v8-qwen30b-c,qwen30b,c,0,604719,tsvc_2_s3111,score,ok,1,214991,1.0,gcc
llr6v8-qwen30b-c,qwen30b,c,0,604719,tsvc_2_s119,score,ok,1,304794,1.0101010101010102,gcc
llr6v8-qwen30b-c,qwen30b,c,0,604719,fuse_move_ifs,score,ok,1,247556,1.0,gcc
llr6v8-qwen30b-c,qwen30b,c,0,604719,wf_north_west,score,timeout,0,177428,0.0,gcc
llr6v8-qwen30b-c,qwen30b,c,0,604719,tsvc_2_vpvts,score,timeout,0,246225,0.0,gcc
llr6v8-qwen30b-c,qwen30b,c,0,604719,tsvc_2_s3111,score,ok,1,259066,1.0,gcc
llr6v8-qwen30b-c,qwen30b,c,0,604719,tsvc_2_s319,score,ok,1,232787,2.5,gcc
llr6v8-qwen30b-c,qwen30b,c,0,604719,tsvc_2_s119,score,ok,1,346129,1.0,gcc
llr6v8-qwen30b-c,qwen30b,c,0,604719,tsvc_2_s2710,score,ok,1,291102,1.0,gcc
llr6v8-qwen30b-c,qwen30b,c,0,604719,tsvc_2_s233,score,incorrect,0,303773,6.666666666666666,gcc
llr6v8-qwen30b-c,qwen30b,c,0,604719,fuse_move_ifs,score,ok,1,298025,1.0,gcc
llr6v8-qwen30b-c,qwen30b,c,0,604719,tsvc_2_s152,score,ok,1,275101,1.0,gcc
llr6v8-qwen30b-c,qwen30b,c,0,604719,tsvc_2_vpvts,score,ok,1,276433,1.2345679012345678,gcc
llr6v8-qwen30b-c,qwen30b,c,0,604719,wf_north_west,score,incorrect,0,225786,1.0,gcc
llr6v8-qwen30b-c,qwen30b,c,0,604719,tsvc_2_s319,score,ok,1,278588,3.7037037037037033,gcc
llr6v8-qwen30b-c,qwen30b,c,0,604719,tsvc_2_s119,score,ok,1,389275,1.0,gcc
llr6v8-qwen30b-c,qwen30b,c,0,604719,ext_break_find_first,submit,ok,1,410521,1.0526315789473684,gcc
llr6v8-qwen30b-c,qwen30b,c,0,604719,fuse_move_ifs,score,ok,1,352829,1.0,gcc
llr6v8-qwen30b-c,qwen30b,c,0,604719,tsvc_2_s2710,score,ok,1,355171,1.0,gcc
llr6v8-qwen30b-c,qwen30b,c,0,604719,tsvc_2_s233,score,ok,1,341870,1.0638297872340425,gcc
llr6v8-qwen30b-c,qwen30b,c,0,604719,tsvc_2_s152,submit,ok,1,291324,1.1235955056179776,gcc
llr6v8-qwen30b-c,qwen30b,c,0,604719,tsvc_2_s3111,score,ok,1,323903,1.0,gcc
llr6v8-qwen30b-c,qwen30b,c,0,604719,tsvc_2_s319,score,ok,1,347404,1.0,gcc
llr6v8-qwen30b-c,qwen30b,c,0,604719,ext_break_find_first,score,build_error,0,448753,0.0,gcc
llr6v8-qwen30b-c,qwen30b,c,0,604719,tsvc_2_vpvts,score,ok,1,308179,1.0,gcc
llr6v8-qwen30b-c,qwen30b,c,0,604719,wf_north_west,score,ok,1,260420,1.0,gcc
llr6v8-qwen30b-c,qwen30b,c,0,604719,tsvc_2_s119,score,ok,1,434158,1.0101010101010102,gcc
llr6v8-qwen30b-c,qwen30b,c,0,604719,tsvc_2_s152,score,ok,1,342599,1.0,gcc
llr6v8-qwen30b-c,qwen30b,c,0,604719,tsvc_2_s233,score,ok,1,382592,1.0,gcc
llr6v8-qwen30b-c,qwen30b,c,0,604719,tsvc_2_s2710,score,ok,1,400340,1.0,gcc
llr6v8-qwen30b-c,qwen30b,c,0,604719,tsvc_2_vpvts,score,ok,1,341517,1.0204081632653061,gcc
llr6v8-qwen30b-c,qwen30b,c,0,604719,ext_break_find_first,score,ok,1,489517,1.0,gcc
llr6v8-qwen30b-c,qwen30b,c,0,604719,tsvc_2_s3111,score,ok,1,395220,1.0,gcc
llr6v8-qwen30b-c,qwen30b,c,0,604719,fuse_move_ifs,score,ok,1,474472,1.5384615384615388,gcc
llr6v8-qwen30b-c,qwen30b,c,0,604719,tsvc_2_s319,score,ok,1,445742,3.7037037037037033,gcc
llr6v8-qwen30b-c,qwen30b,c,0,604719,tsvc_2_s152,score,ok,1,378693,1.0,gcc
llr6v8-qwen30b-c,qwen30b,c,0,604719,tsvc_2_vpvts,score,ok,1,376540,1.3888888888888888,gcc
llr6v8-qwen30b-c,qwen30b,c,0,604719,tsvc_2_s233,score,incorrect,0,425872,7.692307692307692,gcc
llr6v8-qwen30b-c,qwen30b,c,0,604719,ext_break_find_first,score,incorrect,0,554298,1.0,gcc
llr6v8-qwen30b-c,qwen30b,c,0,604719,tsvc_2_s119,submit,ok,1,457208,1.0,gcc
llr6v8-qwen30b-c,qwen30b,c,0,604719,tsvc_2_s2710,score,ok,1,496861,1.0,gcc
llr6v8-qwen30b-c,qwen30b,c,0,604719,wf_north_west,score,ok,1,330567,1.25,gcc
llr6v8-qwen30b-c,qwen30b,c,0,604719,tsvc_2_s3111,submit,ok,1,413944,1.0,gcc
llr6v8-qwen30b-c,qwen30b,c,0,604719,fuse_move_ifs,score,ok,1,542092,1.1363636363636365,gcc
llr6v8-qwen30b-c,qwen30b,c,0,604719,tsvc_2_vpvts,score,ok,1,413181,1.0752688172043012,gcc
llr6v8-qwen30b-c,qwen30b,c,0,604719,tsvc_2_s152,submit,ok,1,397320,1.0,gcc
llr6v8-qwen30b-c,qwen30b,c,0,604719,tsvc_2_s319,submit,ok,1,466743,2.173913043478261,gcc
llr6v8-qwen30b-c,qwen30b,c,0,604719,tsvc_2_s233,score,ok,1,471732,1.0,gcc
llr6v8-qwen30b-c,qwen30b,c,0,604719,ext_break_find_first,score,ok,1,599756,1.0,gcc
llr6v8-qwen30b-c,qwen30b,c,0,604719,tsvc_2_s2710,score,ok,1,574394,5.555555555555557,gcc
llr6v8-qwen30b-c,qwen30b,c,0,604719,wf_north_west,score,ok,1,385244,1.0,gcc
llr6v8-qwen30b-c,qwen30b,c,0,604719,tsvc_2_s3111,score,ok,1,514459,1.0,gcc
llr6v8-qwen30b-c,qwen30b,c,0,604719,tsvc_2_vpvts,score,ok,1,451376,1.0,gcc
llr6v8-qwen30b-c,qwen30b,c,0,604719,tsvc_2_s152,score,ok,1,455632,1.0,gcc
llr6v8-qwen30b-c,qwen30b,c,0,604719,fuse_move_ifs,submit,ok,1,565419,1.0869565217391304,gcc
llr6v8-qwen30b-c,qwen30b,c,0,604719,tsvc_2_s119,score,ok,1,554247,1.0,gcc
llr6v8-qwen30b-c,qwen30b,c,0,604719,tsvc_2_s233,submit,ok,1,495434,2.0408163265306123,gcc
llr6v8-qwen30b-c,qwen30b,c,0,604719,tsvc_2_s319,score,ok,1,532680,3.7037037037037033,gcc
llr6v8-qwen30b-c,qwen30b,c,0,604719,ext_break_find_first,submit,ok,1,623164,1.0,gcc
llr6v8-qwen30b-c,qwen30b,c,0,604719,wf_north_west,score,incorrect,0,441975,1.0,gcc
llr6v8-qwen30b-c,qwen30b,c,0,604719,tsvc_2_s3111,submit,ok,1,535655,1.0,gcc
llr6v8-qwen30b-c,qwen30b,c,0,604719,tsvc_2_s2710,submit,ok,1,601055,7.142857142857142,gcc
llr6v8-qwen30b-c,qwen30b,c,0,604719,tsvc_2_s119,score,ok,1,605597,1.0,gcc
llr6v8-qwen30b-c,qwen30b,c,0,604719,tsvc_2_vpvts,submit,ok,1,471008,1.2195121951219512,gcc
llr6v8-qwen30b-c,qwen30b,c,0,604719,tsvc_2_s152,submit,ok,1,475758,1.0,gcc
llr6v8-qwen30b-c,qwen30b,c,0,604719,tsvc_2_s2710,score,ok,1,684165,6.249999999999999,gcc
llr6v8-qwen30b-c,qwen30b,c,0,604719,tsvc_2_vpvts,score,ok,1,490861,1.0,gcc
llr6v8-qwen30b-c,qwen30b,c,0,604719,fuse_move_ifs,submit,ok,1,613503,1.0526315789473684,gcc
llr6v8-qwen30b-c,qwen30b,c,0,604719,tsvc_2_s119,score,ok,1,658709,2.0,gcc
llr6v8-qwen30b-c,qwen30b,c,0,604719,tsvc_2_s319,submit,ok,1,555512,1.1764705882352942,gcc
llr6v8-qwen30b-c,qwen30b,c,0,604719,wf_north_west,score,incorrect,0,531845,1.2048192771084338,gcc
llr6v8-qwen30b-c,qwen30b,c,0,604719,tsvc_2_s152,submit,ok,1,496075,1.2987012987012987,gcc
llr6v8-qwen30b-c,qwen30b,c,0,604719,tsvc_2_s2710,submit,ok,1,712680,8.333333333333334,gcc
llr6v8-qwen30b-c,qwen30b,c,0,604719,tsvc_2_vpvts,submit,ok,1,511043,1.0,gcc
llr6v8-qwen30b-c,qwen30b,c,0,604719,tsvc_2_s233,score,incorrect,0,594512,4.166666666666667,gcc
llr6v8-qwen30b-c,qwen30b,c,0,604719,tsvc_2_s119,submit,ok,1,685859,1.0,gcc
llr6v8-qwen30b-c,qwen30b,c,0,604719,fuse_move_ifs,score,ok,1,716752,1.0,gcc
llr6v8-qwen30b-c,qwen30b,c,0,604719,tsvc_2_s319,score,ok,1,885037,5.555555555555557,gcc
llr6v8-qwen30b-c,qwen30b,c,0,604719,wf_north_west,score,ok,1,629164,1.9607843137254901,gcc
llr6v8-qwen30b-c,qwen30b,c,0,604719,tsvc_2_s233,score,ok,1,647605,1.492537313432836,gcc
llr6v8-qwen30b-c,qwen30b,c,0,604719,tsvc_2_s319,submit,ok,1,912059,1.0,gcc
llr6v8-qwen30b-c,qwen30b,c,0,604719,tsvc_2_vpvts,submit,ok,1,596201,1.0,gcc
llr6v8-qwen30b-c,qwen30b,c,0,604719,wf_north_west,submit,score_error,0,662920,0.0,gcc
llr6v8-qwen30b-c,qwen30b,c,0,604719,fuse_move_ifs,submit,ok,1,743857,1.0752688172043012,gcc
llr6v8-qwen30b-c,qwen30b,c,0,604719,tsvc_2_s3111,score,ok,1,106099,1.0,gcc
llr6v8-qwen30b-c,qwen30b,c,0,604719,ext_break_find_first,score,ok,1,118507,1.0,gcc
llr6v8-qwen30b-c,qwen30b,c,0,604719,tsvc_2_vpvts,score,ok,1,141735,1.0,gcc
llr6v8-qwen30b-c,qwen30b,c,0,604719,tsvc_2_s152,score,ok,1,130607,1.0,gcc
llr6v8-qwen30b-c,qwen30b,c,0,604719,fuse_move_ifs,score,ok,1,145761,1.0,gcc
llr6v8-qwen30b-c,qwen30b,c,0,604719,tsvc_2_s233,score,ok,1,120432,1.0,gcc
llr6v8-qwen30b-c,qwen30b,c,0,604719,wf_north_west,score,ok,1,185866,1.0,gcc
llr6v8-qwen30b-c,qwen30b,c,0,604719,tsvc_2_s119,score,ok,1,165274,1.0,gcc
llr6v8-qwen30b-c,qwen30b,c,0,604719,tsvc_2_s3111,score,ok,1,129286,1.0,gcc
llr6v8-qwen30b-c,qwen30b,c,0,604719,tsvc_2_vpvts,score,timeout,0,175267,0.0,gcc
llr6v8-qwen30b-c,qwen30b,c,0,604719,tsvc_2_s319,score,ok,1,209437,1.0,gcc
llr6v8-qwen30b-c,qwen30b,c,0,604719,tsvc_2_s2710,score,ok,1,187177,1.0,gcc
llr6v8-qwen30b-c,qwen30b,c,0,604719,tsvc_2_s152,score,ok,1,168836,1.492537313432836,gcc
llr6v8-qwen30b-c,qwen30b,c,0,604719,ext_break_find_first,score,timeout,0,242737,0.0,gcc
llr6v8-qwen30b-c,qwen30b,c,0,604719,fuse_move_ifs,score,ok,1,186855,1.0,gcc
llr6v8-qwen30b-c,qwen30b,c,0,604719,tsvc_2_s119,score,ok,1,218182,1.0416666666666667,gcc
llr6v8-qwen30b-c,qwen30b,c,0,604719,wf_north_west,score,ok,1,245852,1.0,gcc
llr6v8-qwen30b-c,qwen30b,c,0,604719,tsvc_2_s233,score,ok,1,187567,1.0,gcc
llr6v8-qwen30b-c,qwen30b,c,0,604719,tsvc_2_vpvts,score,timeout,0,210526,0.0,gcc
llr6v8-qwen30b-c,qwen30b,c,0,604719,tsvc_2_s3111,score,ok,1,154185,2.272727272727273,gcc
llr6v8-qwen30b-c,qwen30b,c,0,604719,tsvc_2_s319,score,timeout,0,246926,0.0,gcc
llr6v8-qwen30b-c,qwen30b,c,0,604719,tsvc_2_s152,score,ok,1,210744,1.0,gcc
llr6v8-qwen30b-c,qwen30b,c,0,604719,ext_break_find_first,score,timeout,0,307332,0.0,gcc
llr6v8-qwen30b-c,qwen30b,c,0,604719,tsvc_2_s2710,score,ok,1,244852,1.7543859649122806,gcc
llr6v8-qwen30b-c,qwen30b,c,0,604719,tsvc_2_s119,score,ok,1,255466,1.0,gcc
llr6v8-qwen30b-c,qwen30b,c,0,604719,fuse_move_ifs,score,ok,1,232939,1.0,gcc
llr6v8-qwen30b-c,qwen30b,c,0,604719,tsvc_2_s233,score,ok,1,217710,1.0,gcc
llr6v8-qwen30b-c,qwen30b,c,0,604719,tsvc_2_s3111,score,ok,1,180816,1.0,gcc
llr6v8-qwen30b-c,qwen30b,c,0,604719,tsvc_2_vpvts,score,ok,1,286133,1.0,gcc
llr6v8-qwen30b-c,qwen30b,c,0,604719,wf_north_west,score,ok,1,287894,1.0,gcc
llr6v8-qwen30b-c,qwen30b,c,0,604719,tsvc_2_s152,score,timeout,0,256486,0.0,gcc
llr6v8-qwen30b-c,qwen30b,c,0,604719,tsvc_2_s319,score,timeout,0,306775,0.0,gcc
llr6v8-qwen30b-c,qwen30b,c,0,604719,tsvc_2_s119,score,ok,1,294495,1.0,gcc
llr6v8-qwen30b-c,qwen30b,c,0,604719,ext_break_find_first,score,timeout,0,443784,0.0,gcc
llr6v8-qwen30b-c,qwen30b,c,0,604719,tsvc_2_s233,score,ok,1,266828,11.111111111111114,gcc
llr6v8-qwen30b-c,qwen30b,c,0,604719,tsvc_2_s2710,score,ok,1,307459,5.263157894736843,gcc
llr6v8-qwen30b-c,qwen30b,c,0,604719,fuse_move_ifs,score,ok,1,318502,1.5151515151515154,gcc
llr6v8-qwen30b-c,qwen30b,c,0,604719,tsvc_2_s3111,score,ok,1,209091,1.0,gcc
llr6v8-qwen30b-c,qwen30b,c,0,604719,tsvc_2_vpvts,score,timeout,0,326325,0.0,gcc
llr6v8-qwen30b-c,qwen30b,c,0,604719,tsvc_2_s319,score,timeout,0,349027,0.0,gcc
llr6v8-qwen30b-c,qwen30b,c,0,604719,tsvc_2_s152,score,ok,1,289230,1.0,gcc
llr6v8-qwen30b-c,qwen30b,c,0,604719,wf_north_west,score,ok,1,354627,1.0,gcc
llr6v8-qwen30b-c,qwen30b,c,0,604719,tsvc_2_s233,score,ok,1,302020,5.882352941176473,gcc
llr6v8-qwen30b-c,qwen30b,c,0,604719,ext_break_find_first,submit,incorrect,0,467647,1.0638297872340425,gcc
llr6v8-qwen30b-c,qwen30b,c,0,604719,tsvc_2_s2710,score,ok,1,375206,5.000000000000001,gcc
llr6v8-qwen30b-c,qwen30b,c,0,604719,tsvc_2_s3111,score,ok,1,254396,3.571428571428571,gcc
llr6v8-qwen30b-c,qwen30b,c,0,604719,tsvc_2_vpvts,score,ok,1,389775,1.0101010101010102,gcc
llr6v8-qwen30b-c,qwen30b,c,0,604719,wf_north_west,score,ok,1,426067,1.0,gcc
llr6v8-qwen30b-c,qwen30b,c,0,604719,fuse_move_ifs,score,ok,1,396057,1.0101010101010102,gcc
llr6v8-qwen30b-c,qwen30b,c,0,604719,tsvc_2_s119,submit,ok,1,314601,1.8181818181818181,gcc
llr6v8-qwen30b-c,qwen30b,c,0,604719,tsvc_2_s152,score,ok,1,360381,1.0,gcc
llr6v8-qwen30b-c,qwen30b,c,0,604719,tsvc_2_s233,score,ok,1,339550,7.692307692307692,gcc
llr6v8-qwen30b-c,qwen30b,c,0,604719,tsvc_2_s3111,score,ok,1,286876,3.4482758620689653,gcc
llr6v8-qwen30b-c,qwen30b,c,0,604719,tsvc_2_s319,submit,ok,1,438794,1.2048192771084338,gcc
llr6v8-qwen30b-c,qwen30b,c,0,604719,tsvc_2_vpvts,score,ok,1,434273,1.0,gcc
llr6v8-qwen30b-c,qwen30b,c,0,604719,ext_break_find_first,score,ok,1,756531,1.1235955056179776,gcc
llr6v8-qwen30b-c,qwen30b,c,0,604719,tsvc_2_s119,score,ok,1,378069,1.0101010101010102,gcc
llr6v8-qwen30b-c,qwen30b,c,0,604719,tsvc_2_s3111,score,ok,1,321322,1.8867924528301885,gcc
llr6v8-qwen30b-c,qwen30b,c,0,604719,tsvc_2_s152,submit,ok,1,379093,1.0,gcc
llr6v8-qwen30b-c,qwen30b,c,0,604719,fuse_move_ifs,submit,ok,1,416555,1.0,gcc
llr6v8-qwen30b-c,qwen30b,c,0,604719,tsvc_2_s233,score,ok,1,379767,5.000000000000001,gcc
llr6v8-qwen30b-c,qwen30b,c,0,604719,tsvc_2_s2710,submit,ok,1,446350,9.090909090909092,gcc
llr6v8-qwen30b-c,qwen30b,c,0,604719,tsvc_2_s319,score,timeout,0,486546,0.0,gcc
llr6v8-qwen30b-c,qwen30b,c,0,604719,tsvc_2_s119,score,ok,1,422793,2.3255813953488373,gcc
llr6v8-qwen30b-c,qwen30b,c,0,604719,tsvc_2_vpvts,score,ok,1,480580,1.0,gcc
llr6v8-qwen30b-c,qwen30b,c,0,604719,ext_break_find_first,submit,ok,1,785008,1.0,gcc
llr6v8-qwen30b-c,qwen30b,c,0,604719,tsvc_2_s152,score,ok,1,398164,1.0,gcc
llr6v8-qwen30b-c,qwen30b,c,0,604719,tsvc_2_s3111,score,ok,1,357639,3.846153846153846,gcc
llr6v8-qwen30b-c,qwen30b,c,0,604719,fuse_move_ifs,score,ok,1,503854,1.0309278350515465,gcc
llr6v8-qwen30b-c,qwen30b,c,0,604719,tsvc_2_s233,submit,ok,1,400808,7.692307692307692,gcc
llr6v8-qwen30b-c,qwen30b,c,0,604719,wf_north_west,submit,score_error,0,508523,0.0,gcc
llr6v8-qwen30b-c,qwen30b,c,0,604719,tsvc_2_s319,score,ok,1,561700,1.0,gcc
llr6v8-qwen30b-c,qwen30b,c,0,604719,tsvc_2_vpvts,score,ok,1,528605,1.0,gcc
llr6v8-qwen30b-c,qwen30b,c,0,604719,tsvc_2_s119,submit,ok,1,445895,1.0101010101010102,gcc
llr6v8-qwen30b-c,qwen30b,c,0,604719,tsvc_2_s152,score,ok,1,437499,1.0,gcc
llr6v8-qwen30b-c,qwen30b,c,0,604719,tsvc_2_s2710,submit,ok,1,521491,3.333333333333334,gcc
llr6v8-qwen30b-c,qwen30b,c,0,604719,wf_north_west,score,ok,1,577395,1.25,gcc
llr6v8-qwen30b-c,qwen30b,c,0,604719,tsvc_2_s233,score,ok,1,422222,10.000000000000002,gcc
llr6v8-qwen30b-c,qwen30b,c,0,604719,tsvc_2_vpvts,score,ok,1,578201,1.0,gcc
llr6v8-qwen30b-c,qwen30b,c,0,604719,tsvc_2_s319,score,ok,1,614162,1.0,gcc
llr6v8-qwen30b-c,qwen30b,c,0,604719,tsvc_2_s3111,submit,ok,1,376405,3.846153846153846,gcc
llr6v8-qwen30b-c,qwen30b,c,0,604719,wf_north_west,score,ok,1,612513,1.0,gcc
llr6v8-qwen30b-c,qwen30b,c,0,604719,tsvc_2_s119,score,ok,1,517434,1.0,gcc
llr6v8-qwen30b-c,qwen30b,c,0,604719,fuse_move_ifs,submit,ok,1,526786,1.0,gcc
llr6v8-qwen30b-c,qwen30b,c,0,604719,tsvc_2_s152,submit,ok,1,457743,1.0,gcc
llr6v8-qwen30b-c,qwen30b,c,0,604719,wf_north_west,score,ok,1,684048,1.0,gcc
llr6v8-qwen30b-c,qwen30b,c,0,604719,tsvc_2_s319,submit,ok,1,641009,1.1235955056179776,gcc
llr6v8-qwen30b-c,qwen30b,c,0,604719,tsvc_2_vpvts,submit,ok,1,603539,1.2195121951219512,gcc
llr6v8-qwen30b-c,qwen30b,c,0,604719,tsvc_2_s119,score,ok,1,567282,2.380952380952381,gcc
llr6v8-qwen30b-c,qwen30b,c,0,604719,fuse_move_ifs,score,ok,1,597314,1.639344262295082,gcc
llr6v8-qwen30b-c,qwen30b,c,0,604719,wf_north_west,score,ok,1,795334,1.2048192771084338,gcc
llr6v8-qwen30b-c,qwen30b,c,0,604719,tsvc_2_s233,submit,ok,1,491452,5.263157894736843,gcc
llr6v8-qwen30b-c,qwen30b,c,0,604719,tsvc_2_s152,score,ok,1,541744,1.0,gcc
llr6v8-qwen30b-c,qwen30b,c,0,604719,tsvc_2_s2710,submit,ok,1,657133,6.249999999999999,gcc
llr6v8-qwen30b-c,qwen30b,c,0,604719,wf_north_west,score,ok,1,833582,1.0,gcc
llr6v8-qwen30b-c,qwen30b,c,0,604719,tsvc_2_s152,score,ok,1,586024,1.0,gcc
llr6v8-qwen30b-c,qwen30b,c,0,604719,tsvc_2_s319,submit,ok,1,696060,1.9607843137254901,gcc
llr6v8-qwen30b-c,qwen30b,c,0,604719,tsvc_2_s119,submit,ok,1,592826,1.0101010101010102,gcc
llr6v8-qwen30b-c,qwen30b,c,0,604719,wf_north_west,score,ok,1,912236,1.0,gcc
llr6v8-qwen30b-c,qwen30b,c,0,604719,fuse_move_ifs,submit,ok,1,621816,1.0416666666666667,gcc
llr6v8-qwen30b-c,qwen30b,c,0,604719,tsvc_2_s152,submit,ok,1,608779,1.0,gcc
llr6v8-qwen30b-c,qwen30b,c,0,604719,tsvc_2_s2710,submit,ok,1,775118,10.000000000000002,gcc
llr6v8-qwen30b-c,qwen30b,c,0,604719,tsvc_2_s119,score,ok,1,672145,9.090909090909092,gcc
llr6v8-qwen30b-c,qwen30b,c,0,604719,wf_north_west,score,ok,1,1036557,1.2048192771084338,gcc
llr6v8-qwen30b-c,qwen30b,c,0,604719,wf_north_west,score,ok,1,1078979,1.4705882352941178,gcc
llr6v8-qwen30b-c,qwen30b,c,0,604719,tsvc_2_s119,submit,ok,1,699323,1.0,gcc
llr6v8-qwen30b-c,qwen30b,c,0,604719,tsvc_2_s2710,submit,ok,1,837034,10.000000000000002,gcc
llr6v8-qwen30b-c,qwen30b,c,0,604719,wf_north_west,submit,score_error,0,1121729,0.0,gcc
llr6v8-qwen30b-c,qwen30b,c,0,604719,wf_north_west,score,ok,1,1211291,1.2195121951219512,gcc
llr6v8-qwen30b-c,qwen30b,c,0,604719,wf_north_west,score,ok,1,1257004,1.4705882352941178,gcc
llr6v8-qwen30b-c,qwen30b,c,0,604719,tsvc_2_s1232,score,ok,1,107210,1.0,gcc
llr6v8-qwen30b-c,qwen30b,c,0,604719,ext_break_post_body,score,ok,1,130490,1.2048192771084338,gcc
llr6v8-qwen30b-c,qwen30b,c,0,604719,wf_triangular,score,ok,1,145901,1.0,gcc
llr6v8-qwen30b-c,qwen30b,c,0,604719,tsvc_2_vtvtv,score,ok,1,161224,1.0,gcc
llr6v8-qwen30b-c,qwen30b,c,0,604719,fuse_stencil_through_transient,score,ok,1,118753,4.166666666666667,gcc
llr6v8-qwen30b-c,qwen30b,c,0,604719,tsvc_2_s235,score,ok,1,119863,1.0,gcc
llr6v8-qwen30b-c,qwen30b,c,0,604719,tsvc_2_s3112,score,ok,1,163655,1.0,gcc
llr6v8-qwen30b-c,qwen30b,c,0,604719,tsvc_2_s1232,score,ok,1,143416,1.0,gcc
llr6v8-qwen30b-c,qwen30b,c,0,604719,tsvc_2_s323,score,ok,1,177931,1.0,gcc
llr6v8-qwen30b-c,qwen30b,c,0,604719,tsvc_2_s2233,score,ok,1,120182,1.0,gcc
llr6v8-qwen30b-c,qwen30b,c,0,604719,tsvc_2_s275,score,ok,1,153750,1.0,gcc
llr6v8-qwen30b-c,qwen30b,c,0,604719,ext_break_post_body,score,incorrect,0,203126,1.0,gcc
llr6v8-qwen30b-c,qwen30b,c,0,604719,wf_triangular,score,ok,1,174796,1.0,gcc
llr6v8-qwen30b-c,qwen30b,c,0,604719,fuse_stencil_through_transient,score,ok,1,156603,4.166666666666667,gcc
llr6v8-qwen30b-c,qwen30b,c,0,604719,tsvc_2_s1232,score,ok,1,169702,1.0,gcc
llr6v8-qwen30b-c,qwen30b,c,0,604719,tsvc_2_s3112,score,ok,1,215845,1.0,gcc
llr6v8-qwen30b-c,qwen30b,c,0,604719,tsvc_2_s235,score,ok,1,158093,11.111111111111114,gcc
llr6v8-qwen30b-c,qwen30b,c,0,604719,tsvc_2_s323,score,ok,1,231937,1.0,gcc
llr6v8-qwen30b-c,qwen30b,c,0,604719,tsvc_2_vtvtv,score,ok,1,226260,1.0,gcc
llr6v8-qwen30b-c,qwen30b,c,0,604719,tsvc_2_s2233,score,ok,1,158948,1.0,gcc
llr6v8-qwen30b-c,qwen30b,c,0,604719,wf_triangular,score,timeout,0,205729,0.0,gcc
llr6v8-qwen30b-c,qwen30b,c,0,604719,tsvc_2_s275,score,ok,1,193540,1.0,gcc
llr6v8-qwen30b-c,qwen30b,c,0,604719,fuse_stencil_through_transient,score,ok,1,198341,4.166666666666667,gcc
llr6v8-qwen30b-c,qwen30b,c,0,604719,tsvc_2_s1232,score,ok,1,198000,1.0,gcc
llr6v8-qwen30b-c,qwen30b,c,0,604719,ext_break_post_body,score,ok,1,336663,1.0,gcc
llr6v8-qwen30b-c,qwen30b,c,0,604719,tsvc_2_s3112,score,ok,1,291435,1.0,gcc
llr6v8-qwen30b-c,qwen30b,c,0,604719,tsvc_2_s235,score,ok,1,200691,1.0101010101010102,gcc
llr6v8-qwen30b-c,qwen30b,c,0,604719,tsvc_2_vtvtv,score,ok,1,254509,1.0,gcc
llr6v8-qwen30b-c,qwen30b,c,0,604719,tsvc_2_s323,score,ok,1,269876,1.0,gcc
llr6v8-qwen30b-c,qwen30b,c,0,604719,tsvc_2_s1232,score,ok,1,228337,1.0,gcc
llr6v8-qwen30b-c,qwen30b,c,0,604719,tsvc_2_s2233,score,incorrect,0,202137,1.1764705882352942,gcc
llr6v8-qwen30b-c,qwen30b,c,0,604719,wf_triangular,score,ok,1,238588,1.0,gcc
llr6v8-qwen30b-c,qwen30b,c,0,604719,tsvc_2_vtvtv,score,ok,1,284165,1.0,gcc
llr6v8-qwen30b-c,qwen30b,c,0,604719,ext_break_post_body,score,ok,1,408783,1.0,gcc
llr6v8-qwen30b-c,qwen30b,c,0,604719,tsvc_2_s235,score,ok,1,265550,7.692307692307692,gcc
llr6v8-qwen30b-c,qwen30b,c,0,604719,tsvc_2_s275,score,ok,1,287871,1.0,gcc
llr6v8-qwen30b-c,qwen30b,c,0,604719,tsvc_2_s323,score,ok,1,330453,1.0,gcc
llr6v8-qwen30b-c,qwen30b,c,0,604719,fuse_stencil_through_transient,score,ok,1,292704,4.166666666666667,gcc
llr6v8-qwen30b-c,qwen30b,c,0,604719,tsvc_2_vtvtv,score,ok,1,331345,1.0,gcc
llr6v8-qwen30b-c,qwen30b,c,0,604719,tsvc_2_s2233,score,ok,1,233399,1.0,gcc
llr6v8-qwen30b-c,qwen30b,c,0,604719,tsvc_2_s3112,score,ok,1,396547,1.0,gcc
llr6v8-qwen30b-c,qwen30b,c,0,604719,wf_triangular,score,ok,1,273410,1.0,gcc
llr6v8-qwen30b-c,qwen30b,c,0,604719,ext_break_post_body,score,ok,1,510828,1.0,gcc
llr6v8-qwen30b-c,qwen30b,c,0,604719,tsvc_2_s1232,score,ok,1,295534,1.0,gcc
llr6v8-qwen30b-c,qwen30b,c,0,604719,tsvc_2_s235,score,ok,1,301551,11.111111111111114,gcc
llr6v8-qwen30b-c,qwen30b,c,0,604719,fuse_stencil_through_transient,score,ok,1,327810,4.347826086956522,gcc
llr6v8-qwen30b-c,qwen30b,c,0,604719,tsvc_2_vtvtv,score,ok,1,364699,1.0,gcc
llr6v8-qwen30b-c,qwen30b,c,0,604719,tsvc_2_s3112,score,ok,1,442039,1.0,gcc
llr6v8-qwen30b-c,qwen30b,c,0,604719,tsvc_2_s275,score,ok,1,342204,1.0,gcc
llr6v8-qwen30b-c,qwen30b,c,0,604719,ext_break_post_body,score,ok,1,564385,1.0,gcc
llr6v8-qwen30b-c,qwen30b,c,0,604719,tsvc_2_s235,score,ok,1,339899,11.111111111111114,gcc
llr6v8-qwen30b-c,qwen30b,c,0,604719,tsvc_2_s2233,score,ok,1,285210,1.0752688172043012,gcc
llr6v8-qwen30b-c,qwen30b,c,0,604719,tsvc_2_vtvtv,score,ok,1,399765,1.0,gcc
llr6v8-qwen30b-c,qwen30b,c,0,604719,fuse_stencil_through_transient,score,ok,1,364781,6.249999999999999,gcc
llr6v8-qwen30b-c,qwen30b,c,0,604719,tsvc_2_s323,score,ok,1,416740,1.0,gcc
llr6v8-qwen30b-c,qwen30b,c,0,604719,wf_triangular,score,ok,1,349195,1.3333333333333333,gcc
llr6v8-qwen30b-c,qwen30b,c,0,604719,tsvc_2_s1232,submit,ok,1,351482,1.0,gcc
llr6v8-qwen30b-c,qwen30b,c,0,604719,tsvc_2_s3112,score,ok,1,513985,1.0,gcc
llr6v8-qwen30b-c,qwen30b,c,0,604719,tsvc_2_s235,score,ok,1,380646,11.111111111111114,gcc
llr6v8-qwen30b-c,qwen30b,c,0,604719,ext_break_post_body,submit,ok,1,591783,1.8181818181818181,gcc
llr6v8-qwen30b-c,qwen30b,c,0,604719,tsvc_2_s275,score,incorrect,0,400538,1.0,gcc
llr6v8-qwen30b-c,qwen30b,c,0,604719,tsvc_2_vtvtv,score,ok,1,436672,1.0,gcc
llr6v8-qwen30b-c,qwen30b,c,0,604719,fuse_stencil_through_transient,score,ok,1,423309,4.166666666666667,gcc
llr6v8-qwen30b-c,qwen30b,c,0,604719,tsvc_2_s323,score,incorrect,0,462852,3.846153846153846,gcc
llr6v8-qwen30b-c,qwen30b,c,0,604719,tsvc_2_s2233,score,ok,1,343089,1.2048192771084338,gcc
llr6v8-qwen30b-c,qwen30b,c,0,604719,wf_triangular,score,timeout,0,390075,0.0,gcc
llr6v8-qwen30b-c,qwen30b,c,0,604719,tsvc_2_s1232,score,ok,1,371094,1.0,gcc
llr6v8-qwen30b-c,qwen30b,c,0,604719,tsvc_2_s3112,score,ok,1,564144,1.0,gcc
llr6v8-qwen30b-c,qwen30b,c,0,604719,ext_break_post_body,score,ok,1,676749,1.0,gcc
llr6v8-qwen30b-c,qwen30b,c,0,604719,tsvc_2_vtvtv,score,ok,1,495342,1.0,gcc
llr6v8-qwen30b-c,qwen30b,c,0,604719,tsvc_2_s235,submit,ok,1,401775,12.500000000000007,gcc
llr6v8-qwen30b-c,qwen30b,c,0,604719,tsvc_2_s275,score,ok,1,441643,1.0869565217391304,gcc
llr6v8-qwen30b-c,qwen30b,c,0,604719,tsvc_2_s323,score,ok,1,561744,1.0,gcc
llr6v8-qwen30b-c,qwen30b,c,0,604719,fuse_stencil_through_transient,submit,ok,1,443615,4.347826086956522,gcc
llr6v8-qwen30b-c,qwen30b,c,0,604719,tsvc_2_s3112,score,ok,1,615837,1.0309278350515465,gcc
llr6v8-qwen30b-c,qwen30b,c,0,604719,tsvc_2_s1232,submit,ok,1,391303,1.1764705882352942,gcc
llr6v8-qwen30b-c,qwen30b,c,0,604719,ext_break_post_body,submit,ok,1,705719,1.0,gcc
llr6v8-qwen30b-c,qwen30b,c,0,604719,tsvc_2_s2233,score,ok,1,407499,3.846153846153846,gcc
llr6v8-qwen30b-c,qwen30b,c,0,604719,wf_triangular,score,incorrect,0,455276,1.0,gcc
llr6v8-qwen30b-c,qwen30b,c,0,604719,tsvc_2_vtvtv,score,ok,1,536353,1.0,gcc
llr6v8-qwen30b-c,qwen30b,c,0,604719,tsvc_2_s323,score,ok,1,614331,1.0,gcc
llr6v8-qwen30b-c,qwen30b,c,0,604719,fuse_stencil_through_transient,score,ok,1,485276,3.225806451612904,gcc
llr6v8-qwen30b-c,qwen30b,c,0,604719,tsvc_2_s235,submit,ok,1,537229,11.111111111111114,gcc
llr6v8-qwen30b-c,qwen30b,c,0,604719,tsvc_2_s275,submit,ok,1,462874,1.0,gcc
llr6v8-qwen30b-c,qwen30b,c,0,604719,tsvc_2_s3112,submit,ok,1,668994,1.7543859649122806,gcc
llr6v8-qwen30b-c,qwen30b,c,0,604719,ext_break_post_body,submit,ok,1,794900,1.0989010989010988,gcc
llr6v8-qwen30b-c,qwen30b,c,0,604719,tsvc_2_s2233,score,ok,1,478563,6.666666666666666,gcc
llr6v8-qwen30b-c,qwen30b,c,0,604719,tsvc_2_vtvtv,submit,ok,1,557375,1.3157894736842106,gcc
llr6v8-qwen30b-c,qwen30b,c,0,604719,wf_triangular,score,ok,1,525932,1.0,gcc
llr6v8-qwen30b-c,qwen30b,c,0,604719,tsvc_2_s235,score,ok,1,661833,14.285714285714295,gcc
llr6v8-qwen30b-c,qwen30b,c,0,604719,fuse_stencil_through_transient,score,ok,1,528478,4.166666666666667,gcc
llr6v8-qwen30b-c,qwen30b,c,0,604719,tsvc_2_s323,submit,ok,1,641283,7.142857142857142,gcc
llr6v8-qwen30b-c,qwen30b,c,0,604719,tsvc_2_vtvtv,submit,ok,1,600559,1.0,gcc
llr6v8-qwen30b-c,qwen30b,c,0,604719,tsvc_2_s275,submit,ok,1,484301,1.0,gcc
llr6v8-qwen30b-c,qwen30b,c,0,604719,tsvc_2_s235,submit,ok,1,687997,16.666666666666682,gcc
llr6v8-qwen30b-c,qwen30b,c,0,604719,wf_triangular,submit,score_error,0,550410,0.0,gcc
llr6v8-qwen30b-c,qwen30b,c,0,604719,tsvc_2_s323,score,ok,1,696157,1.0,gcc
llr6v8-qwen30b-c,qwen30b,c,0,604719,tsvc_2_vtvtv,score,ok,1,623027,1.0752688172043012,gcc
llr6v8-qwen30b-c,qwen30b,c,0,604719,tsvc_2_s275,score,ok,1,527878,1.3513513513513513,gcc
llr6v8-qwen30b-c,qwen30b,c,0,604719,tsvc_2_s2233,submit,ok,1,529726,5.000000000000001,gcc
llr6v8-qwen30b-c,qwen30b,c,0,604719,fuse_stencil_through_transient,submit,ok,1,573381,3.225806451612904,gcc
llr6v8-qwen30b-c,qwen30b,c,0,604719,fuse_stencil_through_transient,score,ok,1,596252,4.166666666666667,gcc
llr6v8-qwen30b-c,qwen30b,c,0,604719,wf_triangular,score,incorrect,0,629767,1.0,gcc
llr6v8-qwen30b-c,qwen30b,c,0,604719,tsvc_2_s2233,score,ok,1,556354,3.7037037037037033,gcc
llr6v8-qwen30b-c,qwen30b,c,0,604719,wf_triangular,score,ok,1,684973,1.0,gcc
llr6v8-qwen30b-c,qwen30b,c,0,604719,tsvc_2_s323,submit,ok,1,724173,10.000000000000002,gcc
llr6v8-qwen30b-c-skills,qwen30b,c,1,604720,tsvc_2_s311,score,ok,1,204428,1.3888888888888888,gcc
llr6v8-qwen30b-c-skills,qwen30b,c,1,604720,tsvc_2_s4112,score,ok,1,207015,1.0,gcc
llr6v8-qwen30b-c-skills,qwen30b,c,1,604720,quasi_affine_reduce_odd,score,ok,1,191033,1.0,gcc
llr6v8-qwen30b-c-skills,qwen30b,c,1,604720,ext_war_unit,score,incorrect,0,207289,1.0,gcc
llr6v8-qwen30b-c-skills,qwen30b,c,1,604720,tsvc_2_s252,score,ok,1,225416,1.0,gcc
llr6v8-qwen30b-c-skills,qwen30b,c,1,604720,argmax_with_index,score,ok,1,209808,1.0,gcc
llr6v8-qwen30b-c-skills,qwen30b,c,1,604720,wavefront2d,score,ok,1,158262,1.0,gcc
llr6v8-qwen30b-c-skills,qwen30b,c,1,604720,quasi_affine_reduce_odd,score,ok,1,245202,1.639344262295082,gcc
llr6v8-qwen30b-c-skills,qwen30b,c,1,604720,tsvc_2_s316,score,ok,1,260971,1.0,gcc
llr6v8-qwen30b-c-skills,qwen30b,c,1,604720,tsvc_2_s1244,score,timeout,0,211847,0.0,gcc
llr6v8-qwen30b-c-skills,qwen30b,c,1,604720,tsvc_2_s311,score,ok,1,283374,1.2987012987012987,gcc
llr6v8-qwen30b-c-skills,qwen30b,c,1,604720,tsvc_2_s2275,score,ok,1,272863,1.2658227848101264,gcc
llr6v8-qwen30b-c-skills,qwen30b,c,1,604720,quasi_affine_reduce_odd,score,ok,1,302642,1.6949152542372883,gcc
llr6v8-qwen30b-c-skills,qwen30b,c,1,604720,tsvc_2_s316,score,ok,1,317704,1.0,gcc
llr6v8-qwen30b-c-skills,qwen30b,c,1,604720,tsvc_2_s311,score,timeout,0,325113,0.0,gcc
llr6v8-qwen30b-c-skills,qwen30b,c,1,604720,wavefront2d,score,ok,1,213635,1.0,gcc
llr6v8-qwen30b-c-skills,qwen30b,c,1,604720,tsvc_2_s4112,score,ok,1,280567,1.0,gcc
llr6v8-qwen30b-c-skills,qwen30b,c,1,604720,tsvc_2_s1244,score,timeout,0,269074,0.0,gcc
llr6v8-qwen30b-c-skills,qwen30b,c,1,604720,tsvc_2_s252,score,ok,1,302804,1.0101010101010102,gcc
llr6v8-qwen30b-c-skills,qwen30b,c,1,604720,quasi_affine_reduce_odd,score,ok,1,363438,2.173913043478261,gcc
llr6v8-qwen30b-c-skills,qwen30b,c,1,604720,argmax_with_index,score,ok,1,307266,1.3333333333333333,gcc
llr6v8-qwen30b-c-skills,qwen30b,c,1,604720,tsvc_2_s316,score,ok,1,377932,1.3333333333333333,gcc
llr6v8-qwen30b-c-skills,qwen30b,c,1,604720,tsvc_2_s4112,score,ok,1,339928,1.0,gcc
llr6v8-qwen30b-c-skills,qwen30b,c,1,604720,tsvc_2_s2275,score,ok,1,314769,1.0,gcc
llr6v8-qwen30b-c-skills,qwen30b,c,1,604720,tsvc_2_s1244,score,incorrect,0,330568,11.111111111111114,gcc
llr6v8-qwen30b-c-skills,qwen30b,c,1,604720,argmax_with_index,score,ok,1,371386,1.0,gcc
llr6v8-qwen30b-c-skills,qwen30b,c,1,604720,wavefront2d,score,ok,1,273793,1.0,gcc
llr6v8-qwen30b-c-skills,qwen30b,c,1,604720,tsvc_2_s316,score,ok,1,486360,1.0,gcc
llr6v8-qwen30b-c-skills,qwen30b,c,1,604720,quasi_affine_reduce_odd,submit,ok,1,405921,1.3888888888888888,gcc
llr6v8-qwen30b-c-skills,qwen30b,c,1,604720,ext_war_unit,score,incorrect,0,347186,1.0,gcc
llr6v8-qwen30b-c-skills,qwen30b,c,1,604720,tsvc_2_s4112,score,ok,1,402916,1.0,gcc
llr6v8-qwen30b-c-skills,qwen30b,c,1,604720,tsvc_2_s311,submit,ok,1,390531,1.0752688172043012,gcc
llr6v8-qwen30b-c-skills,qwen30b,c,1,604720,tsvc_2_s1244,score,timeout,0,396938,0.0,gcc
llr6v8-qwen30b-c-skills,qwen30b,c,1,604720,tsvc_2_s252,score,ok,1,412772,1.0,gcc
llr6v8-qwen30b-c-skills,qwen30b,c,1,604720,tsvc_2_s316,score,ok,1,555976,1.0,gcc
llr6v8-qwen30b-c-skills,qwen30b,c,1,604720,argmax_with_index,score,ok,1,462132,1.0,gcc
llr6v8-qwen30b-c-skills,qwen30b,c,1,604720,wavefront2d,score,ok,1,338651,1.0,gcc
llr6v8-qwen30b-c-skills,qwen30b,c,1,604720,quasi_affine_reduce_odd,score,ok,1,472948,1.5625,gcc
llr6v8-qwen30b-c-skills,qwen30b,c,1,604720,tsvc_2_s2275,score,ok,1,360038,1.0,gcc
llr6v8-qwen30b-c-skills,qwen30b,c,1,604720,tsvc_2_s4112,score,ok,1,470077,1.0,gcc
llr6v8-qwen30b-c-skills,qwen30b,c,1,604720,tsvc_2_s1244,score,timeout,0,491307,0.0,gcc
llr6v8-qwen30b-c-skills,qwen30b,c,1,604720,tsvc_2_s316,score,ok,1,628981,2.0,gcc
llr6v8-qwen30b-c-skills,qwen30b,c,1,604720,tsvc_2_s252,score,ok,1,485704,3.846153846153846,gcc
llr6v8-qwen30b-c-skills,qwen30b,c,1,604720,quasi_affine_reduce_odd,score,ok,1,543378,1.8181818181818181,gcc
llr6v8-qwen30b-c-skills,qwen30b,c,1,604720,argmax_with_index,score,ok,1,510316,1.0,gcc
llr6v8-qwen30b-c-skills,qwen30b,c,1,604720,tsvc_2_s4112,score,ok,1,517006,1.0,gcc
llr6v8-qwen30b-c-skills,qwen30b,c,1,604720,ext_war_unit,score,incorrect,0,468372,1.0,gcc
llr6v8-qwen30b-c-skills,qwen30b,c,1,604720,tsvc_2_s316,score,ok,1,705441,1.0,gcc
llr6v8-qwen30b-c-skills,qwen30b,c,1,604720,wavefront2d,score,ok,1,384369,1.0,gcc
llr6v8-qwen30b-c-skills,qwen30b,c,1,604720,tsvc_2_s252,score,ok,1,537535,1.2658227848101264,gcc
llr6v8-qwen30b-c-skills,qwen30b,c,1,604720,quasi_affine_reduce_odd,score,ok,1,617465,1.6666666666666667,gcc
llr6v8-qwen30b-c-skills,qwen30b,c,1,604720,tsvc_2_s4112,score,ok,1,565721,1.0,gcc
llr6v8-qwen30b-c-skills,qwen30b,c,1,604720,wavefront2d,score,ok,1,432303,1.0,gcc
llr6v8-qwen30b-c-skills,qwen30b,c,1,604720,argmax_with_index,submit,ok,1,560440,1.0,gcc
llr6v8-qwen30b-c-skills,qwen30b,c,1,604720,tsvc_2_s316,submit,ok,1,731619,1.0,gcc
llr6v8-qwen30b-c-skills,qwen30b,c,1,604720,tsvc_2_s252,submit,ok,1,564110,1.0,gcc
llr6v8-qwen30b-c-skills,qwen30b,c,1,604720,tsvc_2_s2275,score,ok,1,572770,1.0,gcc
llr6v8-qwen30b-c-skills,qwen30b,c,1,604720,quasi_affine_reduce_odd,submit,ok,1,668916,1.8867924528301885,gcc
llr6v8-qwen30b-c-skills,qwen30b,c,1,604720,argmax_with_index,score,ok,1,612502,1.0,gcc
llr6v8-qwen30b-c-skills,qwen30b,c,1,604720,tsvc_2_s4112,submit,ok,1,590746,1.0,gcc
llr6v8-qwen30b-c-skills,qwen30b,c,1,604720,tsvc_2_s316,score,ok,1,840441,1.0204081632653061,gcc
llr6v8-qwen30b-c-skills,qwen30b,c,1,604720,wavefront2d,score,ok,1,482286,1.0,gcc
llr6v8-qwen30b-c-skills,qwen30b,c,1,604720,tsvc_2_s252,score,ok,1,618583,1.0526315789473684,gcc
llr6v8-qwen30b-c-skills,qwen30b,c,1,604720,ext_war_unit,score,incorrect,0,664700,1.0,gcc
llr6v8-qwen30b-c-skills,qwen30b,c,1,604720,tsvc_2_s2275,score,ok,1,631984,1.0,gcc
llr6v8-qwen30b-c-skills,qwen30b,c,1,604720,tsvc_2_s1244,submit,ok,1,647409,1.0,gcc
llr6v8-qwen30b-c-skills,qwen30b,c,1,604720,tsvc_2_s4112,score,ok,1,642043,1.0,gcc
llr6v8-qwen30b-c-skills,qwen30b,c,1,604720,quasi_affine_reduce_odd,submit,ok,1,722192,1.6129032258064517,gcc
llr6v8-qwen30b-c-skills,qwen30b,c,1,604720,tsvc_2_s316,submit,ok,1,868639,1.0752688172043012,gcc
llr6v8-qwen30b-c-skills,qwen30b,c,1,604720,wavefront2d,score,ok,1,534182,1.0,gcc
llr6v8-qwen30b-c-skills,qwen30b,c,1,604720,ext_war_unit,score,incorrect,0,758185,1.0,gcc
llr6v8-qwen30b-c-skills,qwen30b,c,1,604720,argmax_with_index,submit,ok,1,666634,1.0,gcc
llr6v8-qwen30b-c-skills,qwen30b,c,1,604720,tsvc_2_s252,submit,ok,1,674584,1.0204081632653061,gcc
llr6v8-qwen30b-c-skills,qwen30b,c,1,604720,tsvc_2_s4112,score,ok,1,695021,1.0,gcc
llr6v8-qwen30b-c-skills,qwen30b,c,1,604720,quasi_affine_reduce_odd,score,ok,1,749610,1.492537313432836,gcc
llr6v8-qwen30b-c-skills,qwen30b,c,1,604720,tsvc_2_s2275,score,ok,1,724133,1.0,gcc
llr6v8-qwen30b-c-skills,qwen30b,c,1,604720,wavefront2d,score,ok,1,587913,1.0,gcc
llr6v8-qwen30b-c-skills,qwen30b,c,1,604720,tsvc_2_s4112,score,ok,1,749628,1.0,gcc
llr6v8-qwen30b-c-skills,qwen30b,c,1,604720,tsvc_2_s316,submit,ok,1,926269,1.0,gcc
llr6v8-qwen30b-c-skills,qwen30b,c,1,604720,ext_war_unit,submit,incorrect,0,823000,1.0,gcc
llr6v8-qwen30b-c-skills,qwen30b,c,1,604720,argmax_with_index,score,ok,1,723134,1.0,gcc
llr6v8-qwen30b-c-skills,qwen30b,c,1,604720,tsvc_2_s1244,submit,ok,1,732588,1.0,gcc
llr6v8-qwen30b-c-skills,qwen30b,c,1,604720,quasi_affine_reduce_odd,submit,ok,1,777519,1.8518518518518516,gcc
llr6v8-qwen30b-c-skills,qwen30b,c,1,604720,tsvc_2_s4112,submit,ok,1,777495,1.0,gcc
llr6v8-qwen30b-c-skills,qwen30b,c,1,604720,tsvc_2_s2275,submit,ok,1,788229,1.0,gcc
llr6v8-qwen30b-c-skills,qwen30b,c,1,604720,tsvc_2_s252,submit,ok,1,822200,1.0,gcc
llr6v8-qwen30b-c-skills,qwen30b,c,1,604720,quasi_affine_reduce_odd,score,ok,1,806150,1.6129032258064517,gcc
llr6v8-qwen30b-c-skills,qwen30b,c,1,604720,wavefront2d,submit,ok,1,615384,1.0,gcc
llr6v8-qwen30b-c-skills,qwen30b,c,1,604720,argmax_with_index,submit,ok,1,752095,1.6666666666666667,gcc
llr6v8-qwen30b-c-skills,qwen30b,c,1,604720,quasi_affine_reduce_odd,submit,ok,1,835507,2.127659574468085,gcc
llr6v8-qwen30b-c-skills,qwen30b,c,1,604720,argmax_with_index,score,ok,1,811553,1.3333333333333333,gcc
llr6v8-qwen30b-c-skills,qwen30b,c,1,604720,tsvc_2_s4112,submit,ok,1,863574,1.0,gcc
llr6v8-qwen30b-c-skills,qwen30b,c,1,604720,argmax_with_index,submit,ok,1,841932,1.0,gcc
llr6v8-qwen30b-c-skills,qwen30b,c,1,604720,quasi_affine_reduce_odd,score,ok,1,865605,6.249999999999999,gcc
llr6v8-qwen30b-c-skills,qwen30b,c,1,604720,argmax_with_index,score,ok,1,904058,1.9607843137254901,gcc
llr6v8-qwen30b-c-skills,qwen30b,c,1,604720,quasi_affine_reduce_odd,submit,ok,1,896450,2.173913043478261,gcc
llr6v8-qwen30b-c-skills,qwen30b,c,1,604720,argmax_with_index,submit,ok,1,935804,1.0,gcc
llr6v8-qwen30b-c-skills,qwen30b,c,1,604720,argmax_with_index,submit,ok,1,1000340,1.0,gcc
llr6v8-qwen30b-c-skills,qwen30b,c,1,604720,quasi_affine_reduce_odd,submit,ok,1,960322,4.166666666666667,gcc
llr6v8-qwen30b-c-skills,qwen30b,c,1,604720,quasi_affine_reduce_odd,score,ok,1,993336,6.249999999999999,gcc
llr6v8-qwen30b-c-skills,qwen30b,c,1,604720,argmax_with_index,submit,ok,1,1066933,1.0,gcc
llr6v8-qwen30b-c-skills,qwen30b,c,1,604720,quasi_affine_reduce_odd,submit,ok,1,1027104,2.173913043478261,gcc
llr6v8-qwen30b-c-skills,qwen30b,c,1,604720,argmax_with_index,score,ok,1,1135618,4.0,gcc
llr6v8-qwen30b-c-skills,qwen30b,c,1,604720,quasi_affine_reduce_odd,score,ok,1,1061617,3.1250000000000004,gcc
llr6v8-qwen30b-c-skills,qwen30b,c,1,604720,argmax_with_index,submit,ok,1,1170521,1.0,gcc
llr6v8-qwen30b-c-skills,qwen30b,c,1,604720,quasi_affine_reduce_odd,submit,ok,1,1096866,1.0869565217391304,gcc
llr6v8-qwen30b-c-skills,qwen30b,c,1,604720,argmax_with_index,submit,ok,1,1241365,1.0,gcc
llr6v8-qwen30b-c-skills,qwen30b,c,1,604720,quasi_affine_reduce_odd,score,ok,1,1132851,6.249999999999999,gcc
llr6v8-qwen30b-c-skills,qwen30b,c,1,604720,argmax_with_index,submit,ok,1,1313742,1.0,gcc
llr6v8-qwen30b-c-skills,qwen30b,c,1,604720,quasi_affine_reduce_odd,submit,ok,1,1169565,4.347826086956522,gcc
llr6v8-qwen30b-c-skills,qwen30b,c,1,604720,argmax_with_index,submit,ok,1,1387653,1.0,gcc
llr6v8-qwen30b-c-skills,qwen30b,c,1,604720,argmax_with_index,submit,ok,1,1462738,1.0,gcc
llr6v8-qwen30b-c-skills,qwen30b,c,1,604720,quasi_affine_reduce_odd,submit,ok,1,1245146,2.0833333333333335,gcc
llr6v8-qwen30b-c-skills,qwen30b,c,1,604720,quasi_affine_reduce_odd,score,ok,1,1284005,3.1250000000000004,gcc
llr6v8-qwen30b-c-skills,qwen30b,c,1,604720,argmax_with_index,submit,ok,1,1538999,1.0,gcc
llr6v8-qwen30b-c-skills,qwen30b,c,1,604720,argmax_with_index,submit,ok,1,1616451,1.0,gcc
llr6v8-qwen30b-c-skills,qwen30b,c,1,604720,quasi_affine_reduce_odd,submit,ok,1,1323600,2.0833333333333335,gcc
llr6v8-qwen30b-c-skills,qwen30b,c,1,604720,quasi_affine_reduce_odd,score,ok,1,1363931,3.225806451612904,gcc
llr6v8-qwen30b-c-skills,qwen30b,c,1,604720,argmax_with_index,submit,ok,1,1695075,1.0,gcc
llr6v8-qwen30b-c-skills,qwen30b,c,1,604720,argmax_with_index,submit,ok,1,1774866,1.0,gcc
llr6v8-qwen30b-c-skills,qwen30b,c,1,604720,quasi_affine_reduce_odd,submit,ok,1,1404997,1.9607843137254901,gcc
llr6v8-qwen30b-c-skills,qwen30b,c,1,604720,quasi_affine_reduce_odd,score,ok,1,1446798,2.6315789473684212,gcc
llr6v8-qwen30b-c-skills,qwen30b,c,1,604720,argmax_with_index,submit,ok,1,1855790,1.0,gcc
llr6v8-qwen30b-c-skills,qwen30b,c,1,604720,quasi_affine_reduce_odd,score,ok,1,191098,1.0,gcc
llr6v8-qwen30b-c-skills,qwen30b,c,1,604720,tsvc_2_s252,score,ok,1,192118,1.0,gcc
llr6v8-qwen30b-c-skills,qwen30b,c,1,604720,tsvc_2_s311,score,ok,1,226923,1.0,gcc
llr6v8-qwen30b-c-skills,qwen30b,c,1,604720,argmax_with_index,score,ok,1,192174,1.0,gcc
llr6v8-qwen30b-c-skills,qwen30b,c,1,604720,tsvc_2_s1244,score,timeout,0,245489,0.0,gcc
llr6v8-qwen30b-c-skills,qwen30b,c,1,604720,tsvc_2_s316,score,ok,1,252146,1.0,gcc
llr6v8-qwen30b-c-skills,qwen30b,c,1,604720,tsvc_2_s4112,score,ok,1,252402,1.0,gcc
llr6v8-qwen30b-c-skills,qwen30b,c,1,604720,tsvc_2_s2275,score,ok,1,178064,1.0,gcc
llr6v8-qwen30b-c-skills,qwen30b,c,1,604720,quasi_affine_reduce_odd,score,ok,1,283753,1.0,gcc
llr6v8-qwen30b-c-skills,qwen30b,c,1,604720,tsvc_2_s252,score,ok,1,247263,1.0,gcc
llr6v8-qwen30b-c-skills,qwen30b,c,1,604720,tsvc_2_s311,score,ok,1,282959,1.0,gcc
llr6v8-qwen30b-c-skills,qwen30b,c,1,604720,ext_war_unit,score,incorrect,0,296522,1.0,gcc
llr6v8-qwen30b-c-skills,qwen30b,c,1,604720,tsvc_2_s316,score,ok,1,299328,3.1250000000000004,gcc
llr6v8-qwen30b-c-skills,qwen30b,c,1,604720,quasi_affine_reduce_odd,score,ok,1,343662,1.0989010989010988,gcc
llr6v8-qwen30b-c-skills,qwen30b,c,1,604720,wavefront2d,score,ok,1,274332,2.0,gcc
llr6v8-qwen30b-c-skills,qwen30b,c,1,604720,argmax_with_index,score,ok,1,288178,1.4705882352941178,gcc
llr6v8-qwen30b-c-skills,qwen30b,c,1,604720,tsvc_2_s4112,score,ok,1,347888,2.0833333333333335,gcc
llr6v8-qwen30b-c-skills,qwen30b,c,1,604720,tsvc_2_s316,score,ok,1,348366,4.0,gcc
llr6v8-qwen30b-c-skills,qwen30b,c,1,604720,quasi_affine_reduce_odd,score,incorrect,0,407066,1.0,gcc
llr6v8-qwen30b-c-skills,qwen30b,c,1,604720,tsvc_2_s2275,score,ok,1,236629,1.6666666666666667,gcc
llr6v8-qwen30b-c-skills,qwen30b,c,1,604720,ext_war_unit,score,ok,1,368686,1.8518518518518516,gcc
llr6v8-qwen30b-c-skills,qwen30b,c,1,604720,tsvc_2_s252,score,ok,1,327822,1.2345679012345678,gcc
llr6v8-qwen30b-c-skills,qwen30b,c,1,604720,tsvc_2_s4112,score,ok,1,398171,1.0,gcc
llr6v8-qwen30b-c-skills,qwen30b,c,1,604720,argmax_with_index,score,ok,1,331040,1.3888888888888888,gcc
llr6v8-qwen30b-c-skills,qwen30b,c,1,604720,tsvc_2_s311,score,build_error,0,427688,0.0,gcc
llr6v8-qwen30b-c-skills,qwen30b,c,1,604720,quasi_affine_reduce_odd,score,ok,1,474102,1.0,gcc
llr6v8-qwen30b-c-skills,qwen30b,c,1,604720,wavefront2d,score,ok,1,349370,1.0,gcc
llr6v8-qwen30b-c-skills,qwen30b,c,1,604720,tsvc_2_s1244,score,incorrect,0,365514,11.111111111111114,gcc
llr6v8-qwen30b-c-skills,qwen30b,c,1,604720,tsvc_2_s316,score,ok,1,425568,1.0,gcc
llr6v8-qwen30b-c-skills,qwen30b,c,1,604720,tsvc_2_s2275,score,ok,1,301314,14.285714285714295,gcc
llr6v8-qwen30b-c-skills,qwen30b,c,1,604720,tsvc_2_s311,score,ok,1,473547,1.0,gcc
llr6v8-qwen30b-c-skills,qwen30b,c,1,604720,argmax_with_index,score,ok,1,399899,1.4084507042253522,gcc
llr6v8-qwen30b-c-skills,qwen30b,c,1,604720,tsvc_2_s252,score,ok,1,393427,1.0,gcc
llr6v8-qwen30b-c-skills,qwen30b,c,1,604720,tsvc_2_s4112,submit,ok,1,423927,1.0,gcc
llr6v8-qwen30b-c-skills,qwen30b,c,1,604720,quasi_affine_reduce_odd,score,ok,1,544862,1.0,gcc
llr6v8-qwen30b-c-skills,qwen30b,c,1,604720,ext_war_unit,submit,ok,1,393558,1.0,gcc
llr6v8-qwen30b-c-skills,qwen30b,c,1,604720,tsvc_2_s1244,score,timeout,0,433134,0.0,gcc
llr6v8-qwen30b-c-skills,qwen30b,c,1,604720,tsvc_2_s316,score,ok,1,479467,1.0,gcc
llr6v8-qwen30b-c-skills,qwen30b,c,1,604720,tsvc_2_s2275,score,ok,1,371915,1.0,gcc
llr6v8-qwen30b-c-skills,qwen30b,c,1,604720,tsvc_2_s4112,score,ok,1,476726,1.0,gcc
llr6v8-qwen30b-c-skills,qwen30b,c,1,604720,wavefront2d,score,ok,1,429814,1.0,gcc
llr6v8-qwen30b-c-skills,qwen30b,c,1,604720,quasi_affine_reduce_odd,score,ok,1,594297,1.0,gcc
llr6v8-qwen30b-c-skills,qwen30b,c,1,604720,tsvc_2_s1244,score,timeout,0,480283,0.0,gcc
llr6v8-qwen30b-c-skills,qwen30b,c,1,604720,argmax_with_index,score,ok,1,448524,1.0309278350515465,gcc
llr6v8-qwen30b-c-skills,qwen30b,c,1,604720,tsvc_2_s316,score,ok,1,535253,1.9607843137254901,gcc
llr6v8-qwen30b-c-skills,qwen30b,c,1,604720,tsvc_2_s252,submit,ok,1,416366,1.0,gcc
llr6v8-qwen30b-c-skills,qwen30b,c,1,604720,tsvc_2_s4112,score,ok,1,559216,1.0,gcc
llr6v8-qwen30b-c-skills,qwen30b,c,1,604720,tsvc_2_s311,submit,ok,1,570237,1.0,gcc
llr6v8-qwen30b-c-skills,qwen30b,c,1,604720,ext_war_unit,submit,ok,1,445489,1.0309278350515465,gcc
llr6v8-qwen30b-c-skills,qwen30b,c,1,604720,tsvc_2_s316,score,ok,1,592996,2.7777777777777777,gcc
llr6v8-qwen30b-c-skills,qwen30b,c,1,604720,wavefront2d,score,ok,1,546099,1.0,gcc
llr6v8-qwen30b-c-skills,qwen30b,c,1,604720,quasi_affine_reduce_odd,submit,ok,1,671567,1.7241379310344827,gcc
llr6v8-qwen30b-c-skills,qwen30b,c,1,604720,tsvc_2_s2275,submit,ok,1,396402,1.0,gcc
llr6v8-qwen30b-c-skills,qwen30b,c,1,604720,argmax_with_index,score,ok,1,500085,1.36986301369863,gcc
llr6v8-qwen30b-c-skills,qwen30b,c,1,604720,tsvc_2_s252,score,ok,1,488396,1.0,gcc
llr6v8-qwen30b-c-skills,qwen30b,c,1,604720,tsvc_2_s4112,submit,ok,1,587572,1.0204081632653061,gcc
llr6v8-qwen30b-c-skills,qwen30b,c,1,604720,wavefront2d,score,ok,1,607530,1.0,gcc
llr6v8-qwen30b-c-skills,qwen30b,c,1,604720,tsvc_2_s316,submit,ok,1,622460,2.0833333333333335,gcc
llr6v8-qwen30b-c-skills,qwen30b,c,1,604720,quasi_affine_reduce_odd,score,ok,1,752692,1.0,gcc
llr6v8-qwen30b-c-skills,qwen30b,c,1,604720,tsvc_2_s2275,score,ok,1,421271,1.0,gcc
llr6v8-qwen30b-c-skills,qwen30b,c,1,604720,tsvc_2_s1244,submit,ok,1,632823,1.0,gcc
llr6v8-qwen30b-c-skills,qwen30b,c,1,604720,argmax_with_index,score,ok,1,614132,1.4084507042253522,gcc
llr6v8-qwen30b-c-skills,qwen30b,c,1,604720,quasi_affine_reduce_odd,score,ok,1,808719,1.0,gcc
llr6v8-qwen30b-c-skills,qwen30b,c,1,604720,tsvc_2_s2275,score,ok,1,499867,16.666666666666682,gcc
llr6v8-qwen30b-c-skills,qwen30b,c,1,604720,ext_war_unit,submit,ok,1,527122,1.0,gcc
llr6v8-qwen30b-c-skills,qwen30b,c,1,604720,tsvc_2_s252,submit,ok,1,513294,1.3513513513513513,gcc
llr6v8-qwen30b-c-skills,qwen30b,c,1,604720,quasi_affine_reduce_odd,score,build_error,0,866408,0.0,gcc
llr6v8-qwen30b-c-skills,qwen30b,c,1,604720,quasi_affine_reduce_odd,submit,build_error,0,896150,0.0,gcc
llr6v8-qwen30b-c-skills,qwen30b,c,1,604720,wavefront2d,submit,ok,1,670606,1.0,gcc
llr6v8-qwen30b-c-skills,qwen30b,c,1,604720,argmax_with_index,submit,ok,1,675163,1.5873015873015872,gcc
llr6v8-qwen30b-c-skills,qwen30b,c,1,604720,quasi_affine_reduce_odd,score,ok,1,957594,1.0526315789473684,gcc
llr6v8-qwen30b-c-skills,qwen30b,c,1,604720,tsvc_2_s2275,submit,ok,1,527026,14.285714285714295,gcc
llr6v8-qwen30b-c-skills,qwen30b,c,1,604720,quasi_affine_reduce_odd,submit,ok,1,988901,2.173913043478261,gcc
llr6v8-qwen30b-c-skills,qwen30b,c,1,604720,wavefront2d,score,ok,1,768818,1.4705882352941178,gcc
llr6v8-qwen30b-c-skills,qwen30b,c,1,604720,argmax_with_index,submit,ok,1,770614,1.0,gcc
llr6v8-qwen30b-c-skills,qwen30b,c,1,604720,argmax_with_index,score,ok,1,903212,1.0309278350515465,gcc
llr6v8-qwen30b-c-skills,qwen30b,c,1,604720,tsvc_2_s1244,submit,ok,1,924760,1.0,gcc
llr6v8-qwen30b-c-skills,qwen30b,c,1,604720,wavefront2d,submit,ok,1,802351,1.0,gcc
llr6v8-qwen30b-c-skills,qwen30b,c,1,604720,quasi_affine_reduce_odd,submit,ok,1,1118509,2.2222222222222223,gcc
llr6v8-qwen30b-c-skills,qwen30b,c,1,604720,argmax_with_index,score,ok,1,972520,3.846153846153846,gcc
llr6v8-qwen30b-c-skills,qwen30b,c,1,604720,tsvc_2_s1244,score,timeout,0,1022330,0.0,gcc
llr6v8-qwen30b-c-skills,qwen30b,c,1,604720,argmax_with_index,submit,ok,1,1007801,1.0,gcc
llr6v8-qwen30b-c-skills,qwen30b,c,1,604720,wavefront2d,score,ok,1,870967,3.846153846153846,gcc
llr6v8-qwen30b-c-skills,qwen30b,c,1,604720,argmax_with_index,score,ok,1,1079862,1.8518518518518516,gcc
llr6v8-qwen30b-c-skills,qwen30b,c,1,604720,tsvc_2_s1244,submit,ok,1,1094327,1.0,gcc
llr6v8-qwen30b-c-skills,qwen30b,c,1,604720,argmax_with_index,submit,ok,1,1116635,1.2658227848101264,gcc
llr6v8-qwen30b-c-skills,qwen30b,c,1,604720,wavefront2d,submit,ok,1,906037,1.0,gcc
llr6v8-qwen30b-c-skills,qwen30b,c,1,604720,tsvc_2_s1244,submit,ok,1,1173446,1.0,gcc
llr6v8-qwen30b-c-skills,qwen30b,c,1,604720,argmax_with_index,submit,ok,1,1192115,1.4705882352941178,gcc
llr6v8-qwen30b-c-skills,qwen30b,c,1,604720,tsvc_2_vtvtv,score,ok,1,223828,1.0,gcc
llr6v8-qwen30b-c-skills,qwen30b,c,1,604720,ext_break_post_body,score,ok,1,246475,1.0,gcc
llr6v8-qwen30b-c-skills,qwen30b,c,1,604720,fuse_stencil_through_transient,score,incorrect,0,193476,0.0,gcc
llr6v8-qwen30b-c-skills,qwen30b,c,1,604720,tsvc_2_s323,score,ok,1,219337,1.0,gcc
llr6v8-qwen30b-c-skills,qwen30b,c,1,604720,tsvc_2_s3112,score,ok,1,246111,1.0,gcc
llr6v8-qwen30b-c-skills,qwen30b,c,1,604720,tsvc_2_s1232,score,ok,1,210718,1.0,gcc
llr6v8-qwen30b-c-skills,qwen30b,c,1,604720,tsvc_2_vtvtv,score,ok,1,278507,1.0,gcc
llr6v8-qwen30b-c-skills,qwen30b,c,1,604720,tsvc_2_s275,score,ok,1,228742,1.0,gcc
llr6v8-qwen30b-c-skills,qwen30b,c,1,604720,tsvc_2_s235,score,ok,1,267587,1.0,gcc
llr6v8-qwen30b-c-skills,qwen30b,c,1,604720,tsvc_2_s2233,score,ok,1,195984,1.0,gcc
llr6v8-qwen30b-c-skills,qwen30b,c,1,604720,wf_triangular,score,incorrect,0,231537,1.0,gcc
llr6v8-qwen30b-c-skills,qwen30b,c,1,604720,fuse_stencil_through_transient,score,incorrect,0,268211,0.0,gcc
llr6v8-qwen30b-c-skills,qwen30b,c,1,604720,tsvc_2_s323,score,timeout,0,281418,0.0,gcc
llr6v8-qwen30b-c-skills,qwen30b,c,1,604720,tsvc_2_s1232,score,ok,1,268348,1.0,gcc
llr6v8-qwen30b-c-skills,qwen30b,c,1,604720,ext_break_post_body,score,incorrect,0,410800,1.1363636363636365,gcc
llr6v8-qwen30b-c-skills,qwen30b,c,1,604720,tsvc_2_vtvtv,score,ok,1,356960,1.0,gcc
llr6v8-qwen30b-c-skills,qwen30b,c,1,604720,fuse_stencil_through_transient,score,ok,1,328477,2.127659574468085,gcc
llr6v8-qwen30b-c-skills,qwen30b,c,1,604720,tsvc_2_s323,score,incorrect,0,347855,1.0,gcc
llr6v8-qwen30b-c-skills,qwen30b,c,1,604720,tsvc_2_s275,score,ok,1,287073,1.0,gcc
llr6v8-qwen30b-c-skills,qwen30b,c,1,604720,tsvc_2_s2233,score,ok,1,254572,3.333333333333334,gcc
llr6v8-qwen30b-c-skills,qwen30b,c,1,604720,wf_triangular,score,incorrect,0,298180,1.0,gcc
llr6v8-qwen30b-c-skills,qwen30b,c,1,604720,tsvc_2_s1232,score,incorrect,0,331212,1.0,gcc
llr6v8-qwen30b-c-skills,qwen30b,c,1,604720,fuse_stencil_through_transient,score,ok,1,392410,3.1250000000000004,gcc
llr6v8-qwen30b-c-skills,qwen30b,c,1,604720,tsvc_2_s3112,score,ok,1,444390,1.0,gcc
llr6v8-qwen30b-c-skills,qwen30b,c,1,604720,ext_break_post_body,score,ok,1,566879,1.0,gcc
llr6v8-qwen30b-c-skills,qwen30b,c,1,604720,tsvc_2_vtvtv,score,ok,1,465877,1.0,gcc
llr6v8-qwen30b-c-skills,qwen30b,c,1,604720,tsvc_2_s1232,score,ok,1,421127,1.0,gcc
llr6v8-qwen30b-c-skills,qwen30b,c,1,604720,fuse_stencil_through_transient,score,ok,1,459920,2.127659574468085,gcc
llr6v8-qwen30b-c-skills,qwen30b,c,1,604720,tsvc_2_s275,score,ok,1,328794,1.0,gcc
llr6v8-qwen30b-c-skills,qwen30b,c,1,604720,tsvc_2_s2233,score,ok,1,318581,1.0,gcc
llr6v8-qwen30b-c-skills,qwen30b,c,1,604720,wf_triangular,score,ok,1,370266,1.1235955056179776,gcc
llr6v8-qwen30b-c-skills,qwen30b,c,1,604720,tsvc_2_vtvtv,score,ok,1,561460,1.1904761904761905,gcc
llr6v8-qwen30b-c-skills,qwen30b,c,1,604720,tsvc_2_s323,score,timeout,0,473771,0.0,gcc
llr6v8-qwen30b-c-skills,qwen30b,c,1,604720,tsvc_2_s3112,submit,ok,1,471354,1.0,gcc
llr6v8-qwen30b-c-skills,qwen30b,c,1,604720,ext_break_post_body,submit,ok,1,632503,1.25,gcc
llr6v8-qwen30b-c-skills,qwen30b,c,1,604720,tsvc_2_s1232,score,ok,1,494102,1.0,gcc
llr6v8-qwen30b-c-skills,qwen30b,c,1,604720,fuse_stencil_through_transient,submit,ok,1,483120,5.263157894736843,gcc
llr6v8-qwen30b-c-skills,qwen30b,c,1,604720,tsvc_2_s235,score,ok,1,425613,1.0,gcc
llr6v8-qwen30b-c-skills,qwen30b,c,1,604720,tsvc_2_vtvtv,score,ok,1,612017,1.0,gcc
llr6v8-qwen30b-c-skills,qwen30b,c,1,604720,tsvc_2_s323,score,timeout,0,528837,0.0,gcc
llr6v8-qwen30b-c-skills,qwen30b,c,1,604720,wf_triangular,score,timeout,0,447411,0.0,gcc
llr6v8-qwen30b-c-skills,qwen30b,c,1,604720,tsvc_2_s275,score,ok,1,373330,1.0,gcc
llr6v8-qwen30b-c-skills,qwen30b,c,1,604720,tsvc_2_s2233,score,ok,1,468370,5.882352941176473,gcc
llr6v8-qwen30b-c-skills,qwen30b,c,1,604720,tsvc_2_vtvtv,score,ok,1,690875,1.0,gcc
llr6v8-qwen30b-c-skills,qwen30b,c,1,604720,tsvc_2_s3112,score,ok,1,678069,1.0,gcc
llr6v8-qwen30b-c-skills,qwen30b,c,1,604720,fuse_stencil_through_transient,score,ok,1,556525,4.0,gcc
llr6v8-qwen30b-c-skills,qwen30b,c,1,604720,tsvc_2_s323,score,timeout,0,643587,0.0,gcc
llr6v8-qwen30b-c-skills,qwen30b,c,1,604720,ext_break_post_body,submit,ok,1,768225,1.0,gcc
llr6v8-qwen30b-c-skills,qwen30b,c,1,604720,wf_triangular,score,ok,1,529515,1.0,gcc
llr6v8-qwen30b-c-skills,qwen30b,c,1,604720,tsvc_2_s1232,score,ok,1,599184,1.5151515151515154,gcc
llr6v8-qwen30b-c-skills,qwen30b,c,1,604720,tsvc_2_vtvtv,submit,ok,1,717927,1.0,gcc
llr6v8-qwen30b-c-skills,qwen30b,c,1,604720,tsvc_2_s3112,submit,ok,1,709211,1.0,gcc
llr6v8-qwen30b-c-skills,qwen30b,c,1,604720,tsvc_2_s235,score,ok,1,536021,1.0,gcc
llr6v8-qwen30b-c-skills,qwen30b,c,1,604720,tsvc_2_s323,score,incorrect,0,796128,1.0,gcc
llr6v8-qwen30b-c-skills,qwen30b,c,1,604720,fuse_stencil_through_transient,submit,ok,1,581873,4.347826086956522,gcc
llr6v8-qwen30b-c-skills,qwen30b,c,1,604720,tsvc_2_s2233,score,ok,1,581043,1.0,gcc
llr6v8-qwen30b-c-skills,qwen30b,c,1,604720,tsvc_2_s1232,score,ok,1,684063,1.0,gcc
llr6v8-qwen30b-c-skills,qwen30b,c,1,604720,tsvc_2_vtvtv,score,ok,1,773127,1.0,gcc
llr6v8-qwen30b-c-skills,qwen30b,c,1,604720,wf_triangular,score,ok,1,586969,1.0,gcc
llr6v8-qwen30b-c-skills,qwen30b,c,1,604720,tsvc_2_s275,score,incorrect,0,494369,1.0,gcc
llr6v8-qwen30b-c-skills,qwen30b,c,1,604720,tsvc_2_s235,score,ok,1,595689,1.0204081632653061,gcc
llr6v8-qwen30b-c-skills,qwen30b,c,1,604720,tsvc_2_s3112,score,ok,1,838304,1.0,gcc
llr6v8-qwen30b-c-skills,qwen30b,c,1,604720,tsvc_2_s323,score,timeout,0,861012,0.0,gcc
llr6v8-qwen30b-c-skills,qwen30b,c,1,604720,tsvc_2_s1232,score,ok,1,774916,1.5873015873015872,gcc
llr6v8-qwen30b-c-skills,qwen30b,c,1,604720,fuse_stencil_through_transient,submit,ok,1,633980,3.225806451612904,gcc
llr6v8-qwen30b-c-skills,qwen30b,c,1,604720,tsvc_2_vtvtv,submit,ok,1,801218,1.0,gcc
llr6v8-qwen30b-c-skills,qwen30b,c,1,604720,tsvc_2_s2233,submit,ok,1,610452,1.0,gcc
llr6v8-qwen30b-c-skills,qwen30b,c,1,604720,tsvc_2_s275,score,ok,1,547769,1.0,gcc
llr6v8-qwen30b-c-skills,qwen30b,c,1,604720,wf_triangular,score,ok,1,812573,1.0101010101010102,gcc
llr6v8-qwen30b-c-skills,qwen30b,c,1,604720,tsvc_2_s235,score,ok,1,691385,1.2658227848101264,gcc
llr6v8-qwen30b-c-skills,qwen30b,c,1,604720,tsvc_2_s3112,submit,ok,1,871648,1.0,gcc
llr6v8-qwen30b-c-skills,qwen30b,c,1,604720,tsvc_2_s1232,submit,ok,1,806057,1.0869565217391304,gcc
llr6v8-qwen30b-c-skills,qwen30b,c,1,604720,wf_triangular,score,ok,1,916379,1.0,gcc
llr6v8-qwen30b-c-skills,qwen30b,c,1,604720,tsvc_2_s2233,score,ok,1,701948,6.666666666666666,gcc
llr6v8-qwen30b-c-skills,qwen30b,c,1,604720,tsvc_2_s275,score,ok,1,603866,1.0204081632653061,gcc
llr6v8-qwen30b-c-skills,qwen30b,c,1,604720,tsvc_2_s323,submit,ok,1,1098367,1.0,gcc
llr6v8-qwen30b-c-skills,qwen30b,c,1,604720,tsvc_2_s235,score,ok,1,759223,1.0,gcc
llr6v8-qwen30b-c-skills,qwen30b,c,1,604720,tsvc_2_s1232,score,timeout,0,870105,0.0,gcc
llr6v8-qwen30b-c-skills,qwen30b,c,1,604720,tsvc_2_s2233,submit,ok,1,733633,5.555555555555557,gcc
llr6v8-qwen30b-c-skills,qwen30b,c,1,604720,wf_triangular,submit,score_error,0,951744,0.0,gcc
llr6v8-qwen30b-c-skills,qwen30b,c,1,604720,tsvc_2_s235,submit,ok,1,793959,1.0,gcc
llr6v8-qwen30b-c-skills,qwen30b,c,1,604720,tsvc_2_s275,submit,ok,1,632788,1.0,gcc
llr6v8-qwen30b-c-skills,qwen30b,c,1,604720,tsvc_2_s1232,score,ok,1,936266,1.5151515151515154,gcc
llr6v8-qwen30b-c-skills,qwen30b,c,1,604720,tsvc_2_s323,score,ok,1,1205264,1.9607843137254901,gcc
llr6v8-qwen30b-c-skills,qwen30b,c,1,604720,tsvc_2_s1232,score,ok,1,1004326,1.9607843137254901,gcc
llr6v8-qwen30b-c-skills,qwen30b,c,1,604720,wf_triangular,score,timeout,0,1026252,0.0,gcc
llr6v8-qwen30b-c-skills,qwen30b,c,1,604720,tsvc_2_s323,score,ok,1,1315959,1.0,gcc
llr6v8-qwen30b-c-skills,qwen30b,c,1,604720,tsvc_2_s235,score,ok,1,865238,1.0204081632653061,gcc
llr6v8-qwen30b-c-skills,qwen30b,c,1,604720,tsvc_2_s275,score,ok,1,692324,1.2195121951219512,gcc
llr6v8-qwen30b-c-skills,qwen30b,c,1,604720,wf_triangular,score,ok,1,1102415,1.3157894736842106,gcc
llr6v8-qwen30b-c-skills,qwen30b,c,1,604720,tsvc_2_s1232,submit,ok,1,1038993,1.0,gcc
llr6v8-qwen30b-c-skills,qwen30b,c,1,604720,tsvc_2_s235,submit,ok,1,901717,1.0,gcc
llr6v8-qwen30b-c-skills,qwen30b,c,1,604720,tsvc_2_s323,score,ok,1,1469933,1.2987012987012987,gcc
llr6v8-qwen30b-c-skills,qwen30b,c,1,604720,tsvc_2_s2233,submit,ok,1,867225,12.500000000000007,gcc
llr6v8-qwen30b-c-skills,qwen30b,c,1,604720,tsvc_2_s275,submit,ok,1,722919,1.0101010101010102,gcc
llr6v8-qwen30b-c-skills,qwen30b,c,1,604720,tsvc_2_s235,score,ok,1,1015110,1.3157894736842106,gcc
llr6v8-qwen30b-c-skills,qwen30b,c,1,604720,wf_triangular,submit,score_error,0,1140967,0.0,gcc
llr6v8-qwen30b-c-skills,qwen30b,c,1,604720,tsvc_2_s323,submit,ok,1,1509528,1.0101010101010102,gcc
llr6v8-qwen30b-c-skills,qwen30b,c,1,604720,tsvc_2_s235,submit,ok,1,1054189,2.7777777777777777,gcc
llr6v8-qwen30b-c-skills,qwen30b,c,1,604720,ext_break_post_body,score,ok,1,207100,1.0,gcc
llr6v8-qwen30b-c-skills,qwen30b,c,1,604720,tsvc_2_s2233,score,timeout,0,189429,0.0,gcc
llr6v8-qwen30b-c-skills,qwen30b,c,1,604720,tsvc_2_vtvtv,score,ok,1,243072,1.0,gcc
llr6v8-qwen30b-c-skills,qwen30b,c,1,604720,tsvc_2_s323,score,ok,1,246380,1.0,gcc
llr6v8-qwen30b-c-skills,qwen30b,c,1,604720,tsvc_2_s3112,score,ok,1,251156,1.0,gcc
llr6v8-qwen30b-c-skills,qwen30b,c,1,604720,fuse_stencil_through_transient,score,ok,1,231076,3.846153846153846,gcc
llr6v8-qwen30b-c-skills,qwen30b,c,1,604720,tsvc_2_s235,score,ok,1,229794,1.0,gcc
llr6v8-qwen30b-c-skills,qwen30b,c,1,604720,wf_triangular,score,ok,1,209668,1.0,gcc
llr6v8-qwen30b-c-skills,qwen30b,c,1,604720,tsvc_2_s1232,score,ok,1,249958,1.2987012987012987,gcc
llr6v8-qwen30b-c-skills,qwen30b,c,1,604720,tsvc_2_s275,score,ok,1,269914,1.25,gcc
llr6v8-qwen30b-c-skills,qwen30b,c,1,604720,tsvc_2_s3112,score,ok,1,297986,1.0204081632653061,gcc
llr6v8-qwen30b-c-skills,qwen30b,c,1,604720,fuse_stencil_through_transient,score,ok,1,289547,12.500000000000007,gcc
llr6v8-qwen30b-c-skills,qwen30b,c,1,604720,tsvc_2_vtvtv,score,ok,1,319217,1.0,gcc
llr6v8-qwen30b-c-skills,qwen30b,c,1,604720,tsvc_2_s3112,score,build_error,0,346533,0.0,gcc
llr6v8-qwen30b-c-skills,qwen30b,c,1,604720,tsvc_2_s323,score,timeout,0,324179,0.0,gcc
llr6v8-qwen30b-c-skills,qwen30b,c,1,604720,tsvc_2_s235,score,ok,1,288307,1.0,gcc
llr6v8-qwen30b-c-skills,qwen30b,c,1,604720,tsvc_2_s1232,score,ok,1,311407,1.9607843137254901,gcc
llr6v8-qwen30b-c-skills,qwen30b,c,1,604720,wf_triangular,score,incorrect,0,274556,1.0,gcc
llr6v8-qwen30b-c-skills,qwen30b,c,1,604720,tsvc_2_vtvtv,score,ok,1,381169,1.8867924528301885,gcc
llr6v8-qwen30b-c-skills,qwen30b,c,1,604720,tsvc_2_s3112,score,ok,1,423989,1.0,gcc
llr6v8-qwen30b-c-skills,qwen30b,c,1,604720,tsvc_2_s323,score,ok,1,365879,1.0,gcc
llr6v8-qwen30b-c-skills,qwen30b,c,1,604720,ext_break_post_body,score,ok,1,403906,1.0,gcc
llr6v8-qwen30b-c-skills,qwen30b,c,1,604720,tsvc_2_vtvtv,score,ok,1,424608,1.0,gcc
llr6v8-qwen30b-c-skills,qwen30b,c,1,604720,fuse_stencil_through_transient,score,ok,1,353334,4.166666666666667,gcc
llr6v8-qwen30b-c-skills,qwen30b,c,1,604720,tsvc_2_s3112,score,ok,1,505207,1.0,gcc
llr6v8-qwen30b-c-skills,qwen30b,c,1,604720,tsvc_2_s235,score,ok,1,351657,1.0,gcc
llr6v8-qwen30b-c-skills,qwen30b,c,1,604720,tsvc_2_s2233,score,ok,1,322739,1.0,gcc
llr6v8-qwen30b-c-skills,qwen30b,c,1,604720,wf_triangular,score,ok,1,345136,1.0,gcc
llr6v8-qwen30b-c-skills,qwen30b,c,1,604720,tsvc_2_s1232,score,ok,1,378154,1.0,gcc
llr6v8-qwen30b-c-skills,qwen30b,c,1,604720,tsvc_2_vtvtv,score,ok,1,469643,1.0,gcc
llr6v8-qwen30b-c-skills,qwen30b,c,1,604720,tsvc_2_s275,score,ok,1,430191,1.0101010101010102,gcc
llr6v8-qwen30b-c-skills,qwen30b,c,1,604720,fuse_stencil_through_transient,score,ok,1,398534,4.347826086956522,gcc
llr6v8-qwen30b-c-skills,qwen30b,c,1,604720,tsvc_2_s323,score,incorrect,0,433109,1.1235955056179776,gcc
llr6v8-qwen30b-c-skills,qwen30b,c,1,604720,tsvc_2_s3112,score,ok,1,561521,1.0,gcc
llr6v8-qwen30b-c-skills,qwen30b,c,1,604720,tsvc_2_s235,score,ok,1,420191,1.1904761904761905,gcc
llr6v8-qwen30b-c-skills,qwen30b,c,1,604720,ext_break_post_body,submit,ok,1,454088,1.0,gcc
llr6v8-qwen30b-c-skills,qwen30b,c,1,604720,tsvc_2_vtvtv,submit,ok,1,492707,1.0101010101010102,gcc
llr6v8-qwen30b-c-skills,qwen30b,c,1,604720,wf_triangular,score,incorrect,0,421845,1.0,gcc
llr6v8-qwen30b-c-skills,qwen30b,c,1,604720,tsvc_2_s2233,score,ok,1,398817,1.0,gcc
llr6v8-qwen30b-c-skills,qwen30b,c,1,604720,tsvc_2_s1232,score,ok,1,450955,1.0204081632653061,gcc
llr6v8-qwen30b-c-skills,qwen30b,c,1,604720,tsvc_2_s323,score,ok,1,480631,1.0,gcc
llr6v8-qwen30b-c-skills,qwen30b,c,1,604720,fuse_stencil_through_transient,submit,ok,1,421711,4.166666666666667,gcc
llr6v8-qwen30b-c-skills,qwen30b,c,1,604720,tsvc_2_s275,score,incorrect,0,501744,1.0,gcc
llr6v8-qwen30b-c-skills,qwen30b,c,1,604720,tsvc_2_s235,score,ok,1,494098,1.0,gcc
llr6v8-qwen30b-c-skills,qwen30b,c,1,604720,ext_break_post_body,score,ok,1,562921,1.0,gcc
llr6v8-qwen30b-c-skills,qwen30b,c,1,604720,tsvc_2_s3112,submit,ok,1,679002,1.0,gcc
llr6v8-qwen30b-c-skills,qwen30b,c,1,604720,wf_triangular,score,timeout,0,532368,0.0,gcc
llr6v8-qwen30b-c-skills,qwen30b,c,1,604720,tsvc_2_s323,score,ok,1,530588,1.0,gcc
llr6v8-qwen30b-c-skills,qwen30b,c,1,604720,tsvc_2_vtvtv,submit,ok,1,589589,1.0,gcc
llr6v8-qwen30b-c-skills,qwen30b,c,1,604720,tsvc_2_s275,score,incorrect,0,575798,1.0,gcc
llr6v8-qwen30b-c-skills,qwen30b,c,1,604720,fuse_stencil_through_transient,score,ok,1,469986,4.166666666666667,gcc
llr6v8-qwen30b-c-skills,qwen30b,c,1,604720,tsvc_2_s1232,submit,ok,1,502765,1.0204081632653061,gcc
llr6v8-qwen30b-c-skills,qwen30b,c,1,604720,tsvc_2_s235,score,ok,1,572856,1.0,gcc
llr6v8-qwen30b-c-skills,qwen30b,c,1,604720,tsvc_2_s3112,score,ok,1,771131,1.0,gcc
llr6v8-qwen30b-c-skills,qwen30b,c,1,604720,ext_break_post_body,submit,ok,1,591643,1.1111111111111112,gcc
llr6v8-qwen30b-c-skills,qwen30b,c,1,604720,wf_triangular,score,ok,1,622291,1.0,gcc
llr6v8-qwen30b-c-skills,qwen30b,c,1,604720,tsvc_2_s323,score,timeout,0,582990,0.0,gcc
llr6v8-qwen30b-c-skills,qwen30b,c,1,604720,tsvc_2_s2233,score,ok,1,537970,1.0,gcc
llr6v8-qwen30b-c-skills,qwen30b,c,1,604720,tsvc_2_s275,score,ok,1,767630,1.0,gcc
llr6v8-qwen30b-c-skills,qwen30b,c,1,604720,tsvc_2_vtvtv,submit,ok,1,641438,1.0,gcc
llr6v8-qwen30b-c-skills,qwen30b,c,1,604720,tsvc_2_s323,score,ok,1,637447,1.0,gcc
llr6v8-qwen30b-c-skills,qwen30b,c,1,604720,fuse_stencil_through_transient,submit,ok,1,520414,4.0,gcc
llr6v8-qwen30b-c-skills,qwen30b,c,1,604720,tsvc_2_s235,submit,ok,1,686813,1.1235955056179776,gcc
llr6v8-qwen30b-c-skills,qwen30b,c,1,604720,tsvc_2_s1232,score,timeout,0,698661,0.0,gcc
llr6v8-qwen30b-c-skills,qwen30b,c,1,604720,wf_triangular,score,ok,1,685540,1.0,gcc
llr6v8-qwen30b-c-skills,qwen30b,c,1,604720,tsvc_2_s3112,submit,ok,1,866917,1.0989010989010988,gcc
llr6v8-qwen30b-c-skills,qwen30b,c,1,604720,ext_break_post_body,submit,ok,1,650694,1.0309278350515465,gcc
llr6v8-qwen30b-c-skills,qwen30b,c,1,604720,tsvc_2_s2233,score,ok,1,629571,1.0,gcc
llr6v8-qwen30b-c-skills,qwen30b,c,1,604720,tsvc_2_s275,score,ok,1,847054,1.0,gcc
llr6v8-qwen30b-c-skills,qwen30b,c,1,604720,tsvc_2_s235,score,ok,1,777736,1.4705882352941178,gcc
llr6v8-qwen30b-c-skills,qwen30b,c,1,604720,tsvc_2_vtvtv,submit,ok,1,696051,1.0,gcc
llr6v8-qwen30b-c-skills,qwen30b,c,1,604720,tsvc_2_s1232,score,ok,1,759972,1.0,gcc
llr6v8-qwen30b-c-skills,qwen30b,c,1,604720,tsvc_2_s3112,score,ok,1,1068182,1.0,gcc
llr6v8-qwen30b-c-skills,qwen30b,c,1,604720,tsvc_2_s323,submit,ok,1,693570,2.0,gcc
llr6v8-qwen30b-c-skills,qwen30b,c,1,604720,fuse_stencil_through_transient,submit,ok,1,598759,4.166666666666667,gcc
llr6v8-qwen30b-c-skills,qwen30b,c,1,604720,wf_triangular,score,timeout,0,786458,0.0,gcc
llr6v8-qwen30b-c-skills,qwen30b,c,1,604720,tsvc_2_s275,score,build_error,0,929000,0.0,gcc
llr6v8-qwen30b-c-skills,qwen30b,c,1,604720,ext_break_post_body,submit,ok,1,712382,1.0204081632653061,gcc
llr6v8-qwen30b-c-skills,qwen30b,c,1,604720,tsvc_2_s2233,submit,ok,1,661064,1.0,gcc
llr6v8-qwen30b-c-skills,qwen30b,c,1,604720,tsvc_2_s235,submit,ok,1,808896,1.282051282051282,gcc
llr6v8-qwen30b-c-skills,qwen30b,c,1,604720,tsvc_2_s275,submit,build_error,0,971274,0.0,gcc
llr6v8-qwen30b-c-skills,qwen30b,c,1,604720,tsvc_2_s1232,submit,ok,1,791292,1.0,gcc
llr6v8-qwen30b-c-skills,qwen30b,c,1,604720,wf_triangular,score,ok,1,856550,1.25,gcc
llr6v8-qwen30b-c-skills,qwen30b,c,1,604720,tsvc_2_s323,score,ok,1,722418,1.0204081632653061,gcc
llr6v8-qwen30b-c-skills,qwen30b,c,1,604720,tsvc_2_s3112,submit,ok,1,1137311,3.846153846153846,gcc
llr6v8-qwen30b-c-skills,qwen30b,c,1,604720,tsvc_2_s235,score,ok,1,905748,1.0,gcc
llr6v8-qwen30b-c-skills,qwen30b,c,1,604720,tsvc_2_s2233,score,ok,1,758719,1.0,gcc
llr6v8-qwen30b-c-skills,qwen30b,c,1,604720,tsvc_2_s1232,score,ok,1,888281,1.0,gcc
llr6v8-qwen30b-c-skills,qwen30b,c,1,604720,tsvc_2_s275,score,ok,1,1147138,1.0,gcc
llr6v8-qwen30b-c-skills,qwen30b,c,1,604720,wf_triangular,submit,score_error,0,892363,0.0,gcc
llr6v8-qwen30b-c-skills,qwen30b,c,1,604720,tsvc_2_s323,submit,ok,1,781312,1.0309278350515465,gcc
llr6v8-qwen30b-c-skills,qwen30b,c,1,604720,tsvc_2_s235,submit,ok,1,938874,1.0,gcc
llr6v8-qwen30b-c-skills,qwen30b,c,1,604720,tsvc_2_s1232,score,ok,1,955441,1.0204081632653061,gcc
llr6v8-qwen30b-c-skills,qwen30b,c,1,604720,tsvc_2_s3112,submit,ok,1,1243797,1.0,gcc
llr6v8-qwen30b-c-skills,qwen30b,c,1,604720,tsvc_2_s2233,submit,ok,1,792160,1.0,gcc
llr6v8-qwen30b-c-skills,qwen30b,c,1,604720,wf_triangular,score,timeout,0,967280,0.0,gcc
llr6v8-qwen30b-c-skills,qwen30b,c,1,604720,tsvc_2_s275,submit,ok,1,1191995,1.0869565217391304,gcc
llr6v8-qwen30b-c-skills,qwen30b,c,1,604720,tsvc_2_s235,score,ok,1,1006447,1.4705882352941178,gcc
llr6v8-qwen30b-c-skills,qwen30b,c,1,604720,tsvc_2_s1232,submit,ok,1,989669,2.9411764705882355,gcc
llr6v8-qwen30b-c-skills,qwen30b,c,1,604720,tsvc_2_s235,submit,ok,1,1040901,1.2195121951219512,gcc
llr6v8-qwen30b-c-skills,qwen30b,c,1,604720,tsvc_2_s275,score,ok,1,1283314,1.923076923076923,gcc
llr6v8-qwen30b-c-skills,qwen30b,c,1,604720,tsvc_2_s275,submit,ok,1,1329776,1.0,gcc
llr6v8-qwen30b-c-skills,qwen30b,c,1,604720,tsvc_2_s311,score,ok,1,174343,4.166666666666667,gcc
llr6v8-qwen30b-c-skills,qwen30b,c,1,604720,tsvc_2_s252,score,ok,1,191900,1.0,gcc
llr6v8-qwen30b-c-skills,qwen30b,c,1,604720,tsvc_2_s316,score,ok,1,190502,1.0,gcc
llr6v8-qwen30b-c-skills,qwen30b,c,1,604720,argmax_with_index,score,ok,1,209465,1.0,gcc
llr6v8-qwen30b-c-skills,qwen30b,c,1,604720,quasi_affine_reduce_odd,score,ok,1,209365,1.0,gcc
llr6v8-qwen30b-c-skills,qwen30b,c,1,604720,tsvc_2_s1244,score,timeout,0,227268,0.0,gcc
llr6v8-qwen30b-c-skills,qwen30b,c,1,604720,tsvc_2_s311,score,ok,1,266030,1.0,gcc
llr6v8-qwen30b-c-skills,qwen30b,c,1,604720,wavefront2d,score,ok,1,227042,1.0,gcc
llr6v8-qwen30b-c-skills,qwen30b,c,1,604720,tsvc_2_s316,score,ok,1,244525,1.0,gcc
llr6v8-qwen30b-c-skills,qwen30b,c,1,604720,ext_war_unit,score,incorrect,0,322091,1.0,gcc
llr6v8-qwen30b-c-skills,qwen30b,c,1,604720,tsvc_2_s2275,score,ok,1,196395,1.0,gcc
llr6v8-qwen30b-c-skills,qwen30b,c,1,604720,tsvc_2_s4112,score,ok,1,344821,1.0309278350515465,gcc
llr6v8-qwen30b-c-skills,qwen30b,c,1,604720,tsvc_2_s1244,score,ok,1,303863,4.0,gcc
llr6v8-qwen30b-c-skills,qwen30b,c,1,604720,argmax_with_index,score,ok,1,306693,3.846153846153846,gcc
llr6v8-qwen30b-c-skills,qwen30b,c,1,604720,quasi_affine_reduce_odd,score,ok,1,305294,1.0,gcc
llr6v8-qwen30b-c-skills,qwen30b,c,1,604720,tsvc_2_s311,score,ok,1,346690,1.0,gcc
llr6v8-qwen30b-c-skills,qwen30b,c,1,604720,tsvc_2_s4112,score,ok,1,419368,1.0,gcc
llr6v8-qwen30b-c-skills,qwen30b,c,1,604720,tsvc_2_s316,score,build_error,0,302604,0.0,gcc
llr6v8-qwen30b-c-skills,qwen30b,c,1,604720,wavefront2d,score,ok,1,284216,1.0,gcc
llr6v8-qwen30b-c-skills,qwen30b,c,1,604720,tsvc_2_s2275,score,ok,1,254255,1.0,gcc
llr6v8-qwen30b-c-skills,qwen30b,c,1,604720,ext_war_unit,score,incorrect,0,396978,1.0,gcc
llr6v8-qwen30b-c-skills,qwen30b,c,1,604720,tsvc_2_s252,score,ok,1,348530,1.4285714285714286,gcc
llr6v8-qwen30b-c-skills,qwen30b,c,1,604720,tsvc_2_s316,score,ok,1,365759,1.0,gcc
llr6v8-qwen30b-c-skills,qwen30b,c,1,604720,argmax_with_index,score,ok,1,393797,1.0,gcc
llr6v8-qwen30b-c-skills,qwen30b,c,1,604720,tsvc_2_s4112,score,ok,1,497592,1.0,gcc
llr6v8-qwen30b-c-skills,qwen30b,c,1,604720,tsvc_2_s2275,score,ok,1,317138,1.0,gcc
llr6v8-qwen30b-c-skills,qwen30b,c,1,604720,wavefront2d,score,ok,1,346016,1.0,gcc
llr6v8-qwen30b-c-skills,qwen30b,c,1,604720,tsvc_2_s1244,score,incorrect,0,389074,12.500000000000007,gcc
llr6v8-qwen30b-c-skills,qwen30b,c,1,604720,tsvc_2_s311,submit,ok,1,367921,2.4390243902439024,gcc
llr6v8-qwen30b-c-skills,qwen30b,c,1,604720,quasi_affine_reduce_odd,score,ok,1,391627,1.0,gcc
llr6v8-qwen30b-c-skills,qwen30b,c,1,604720,argmax_with_index,score,ok,1,440513,1.0,gcc
llr6v8-qwen30b-c-skills,qwen30b,c,1,604720,tsvc_2_s4112,score,ok,1,551967,1.0,gcc
llr6v8-qwen30b-c-skills,qwen30b,c,1,604720,tsvc_2_s316,score,ok,1,432349,1.0,gcc
llr6v8-qwen30b-c-skills,qwen30b,c,1,604720,tsvc_2_s311,score,ok,1,411632,1.0,gcc
llr6v8-qwen30b-c-skills,qwen30b,c,1,604720,tsvc_2_s1244,score,timeout,0,434997,0.0,gcc
llr6v8-qwen30b-c-skills,qwen30b,c,1,604720,quasi_affine_reduce_odd,score,ok,1,437934,1.0,gcc
llr6v8-qwen30b-c-skills,qwen30b,c,1,604720,wavefront2d,score,ok,1,412166,1.0,gcc
llr6v8-qwen30b-c-skills,qwen30b,c,1,604720,tsvc_2_s252,submit,ok,1,415272,1.0,gcc
llr6v8-qwen30b-c-skills,qwen30b,c,1,604720,tsvc_2_s2275,score,ok,1,385041,1.0,gcc
llr6v8-qwen30b-c-skills,qwen30b,c,1,604720,argmax_with_index,score,ok,1,540880,1.2048192771084338,gcc
llr6v8-qwen30b-c-skills,qwen30b,c,1,604720,tsvc_2_s4112,submit,ok,1,579769,1.0,gcc
llr6v8-qwen30b-c-skills,qwen30b,c,1,604720,tsvc_2_s316,submit,ok,1,455359,1.3157894736842106,gcc
llr6v8-qwen30b-c-skills,qwen30b,c,1,604720,ext_war_unit,score,incorrect,0,596872,1.0,gcc
llr6v8-qwen30b-c-skills,qwen30b,c,1,604720,tsvc_2_s1244,score,incorrect,0,507719,11.111111111111114,gcc
llr6v8-qwen30b-c-skills,qwen30b,c,1,604720,tsvc_2_s252,score,ok,1,510829,1.0,gcc
llr6v8-qwen30b-c-skills,qwen30b,c,1,604720,quasi_affine_reduce_odd,submit,ok,1,461712,1.0,gcc
llr6v8-qwen30b-c-skills,qwen30b,c,1,604720,tsvc_2_s311,submit,ok,1,456953,4.166666666666667,gcc
llr6v8-qwen30b-c-skills,qwen30b,c,1,604720,wavefront2d,score,ok,1,458682,1.0,gcc
llr6v8-qwen30b-c-skills,qwen30b,c,1,604720,tsvc_2_s316,score,ok,1,502844,1.0,gcc
llr6v8-qwen30b-c-skills,qwen30b,c,1,604720,tsvc_2_s4112,score,ok,1,694905,1.0,gcc
llr6v8-qwen30b-c-skills,qwen30b,c,1,604720,tsvc_2_s1244,score,timeout,0,558487,0.0,gcc
llr6v8-qwen30b-c-skills,qwen30b,c,1,604720,tsvc_2_s2275,score,ok,1,458763,1.0,gcc
llr6v8-qwen30b-c-skills,qwen30b,c,1,604720,tsvc_2_s252,score,ok,1,586017,1.0,gcc
llr6v8-qwen30b-c-skills,qwen30b,c,1,604720,argmax_with_index,submit,ok,1,567232,1.0,gcc
llr6v8-qwen30b-c-skills,qwen30b,c,1,604720,tsvc_2_s316,score,ok,1,552194,1.0,gcc
llr6v8-qwen30b-c-skills,qwen30b,c,1,604720,ext_war_unit,submit,incorrect,0,694248,1.0,gcc
llr6v8-qwen30b-c-skills,qwen30b,c,1,604720,quasi_affine_reduce_odd,score,ok,1,588746,1.0,gcc
llr6v8-qwen30b-c-skills,qwen30b,c,1,604720,tsvc_2_s4112,submit,ok,1,754793,1.1904761904761905,gcc
llr6v8-qwen30b-c-skills,qwen30b,c,1,604720,tsvc_2_s1244,submit,ok,1,584564,1.0,gcc
llr6v8-qwen30b-c-skills,qwen30b,c,1,604720,wavefront2d,submit,ok,1,482689,1.0,gcc
llr6v8-qwen30b-c-skills,qwen30b,c,1,604720,argmax_with_index,score,ok,1,676067,1.0,gcc
llr6v8-qwen30b-c-skills,qwen30b,c,1,604720,tsvc_2_s2275,submit,ok,1,510418,1.0,gcc
llr6v8-qwen30b-c-skills,qwen30b,c,1,604720,tsvc_2_s316,submit,ok,1,630012,1.3157894736842106,gcc
llr6v8-qwen30b-c-skills,qwen30b,c,1,604720,quasi_affine_reduce_odd,submit,ok,1,615769,1.0,gcc
llr6v8-qwen30b-c-skills,qwen30b,c,1,604720,tsvc_2_s252,submit,ok,1,637775,1.3157894736842106,gcc
llr6v8-qwen30b-c-skills,qwen30b,c,1,604720,ext_war_unit,score,incorrect,0,836097,1.0,gcc
llr6v8-qwen30b-c-skills,qwen30b,c,1,604720,wavefront2d,score,ok,1,558449,1.0,gcc
llr6v8-qwen30b-c-skills,qwen30b,c,1,604720,tsvc_2_s1244,score,timeout,0,722358,0.0,gcc
llr6v8-qwen30b-c-skills,qwen30b,c,1,604720,tsvc_2_s2275,score,ok,1,564653,1.0,gcc
llr6v8-qwen30b-c-skills,qwen30b,c,1,604720,argmax_with_index,submit,ok,1,732844,1.0,gcc
llr6v8-qwen30b-c-skills,qwen30b,c,1,604720,tsvc_2_s4112,submit,ok,1,816471,1.0,gcc
llr6v8-qwen30b-c-skills,qwen30b,c,1,604720,ext_war_unit,submit,incorrect,0,873350,1.0,gcc
llr6v8-qwen30b-c-skills,qwen30b,c,1,604720,wavefront2d,score,ok,1,638789,1.0,gcc
llr6v8-qwen30b-c-skills,qwen30b,c,1,604720,tsvc_2_s316,submit,ok,1,712024,1.0,gcc
llr6v8-qwen30b-c-skills,qwen30b,c,1,604720,tsvc_2_s2275,score,ok,1,650857,1.1904761904761905,gcc
llr6v8-qwen30b-c-skills,qwen30b,c,1,604720,tsvc_2_s252,submit,ok,1,691665,1.3157894736842106,gcc
llr6v8-qwen30b-c-skills,qwen30b,c,1,604720,wavefront2d,score,ok,1,723348,1.5151515151515154,gcc
llr6v8-qwen30b-c-skills,qwen30b,c,1,604720,argmax_with_index,submit,ok,1,822315,1.0101010101010102,gcc
llr6v8-qwen30b-c-skills,qwen30b,c,1,604720,tsvc_2_s2275,score,ok,1,711427,1.0869565217391304,gcc
llr6v8-qwen30b-c-skills,qwen30b,c,1,604720,tsvc_2_s1244,submit,ok,1,781287,1.0,gcc
llr6v8-qwen30b-c-skills,qwen30b,c,1,604720,tsvc_2_s316,submit,ok,1,858279,1.492537313432836,gcc
llr6v8-qwen30b-c-skills,qwen30b,c,1,604720,argmax_with_index,score,ok,1,885869,1.9607843137254901,gcc
llr6v8-qwen30b-c-skills,qwen30b,c,1,604720,wavefront2d,submit,ok,1,752310,1.1235955056179776,gcc
llr6v8-qwen30b-c-skills,qwen30b,c,1,604720,tsvc_2_s2275,submit,ok,1,774288,1.0,gcc
llr6v8-qwen30b-c-skills,qwen30b,c,1,604720,tsvc_2_s2275,score,ok,1,806431,1.5873015873015872,gcc
llr6v8-qwen30b-c-skills,qwen30b,c,1,604720,argmax_with_index,submit,ok,1,918776,1.0,gcc
llr6v8-qwen30b-c-skills,qwen30b,c,1,604720,tsvc_2_s1244,submit,ok,1,842338,1.0,gcc
llr6v8-qwen30b-c-skills,qwen30b,c,1,604720,tsvc_2_s2275,submit,ok,1,838960,1.0,gcc
llr6v8-qwen30b-c-skills,qwen30b,c,1,604720,tsvc_2_s2275,submit,ok,1,905501,1.0,gcc
llr6v8-qwen30b-c-skills,qwen30b,c,1,604720,tsvc_2_s1244,submit,ok,1,1072313,1.0,gcc
llr6v8-qwen30b-c-skills,qwen30b,c,1,604720,tsvc_2_s2275,score,ok,1,975227,4.166666666666667,gcc
llr6v8-qwen30b-c-skills,qwen30b,c,1,604720,tsvc_2_s2275,submit,ok,1,1011420,1.0,gcc
llr6v8-qwen30b-c-skills,qwen30b,c,1,604720,tsvc_2_vag,score,ok,1,190415,1.0,gcc
llr6v8-qwen30b-c-skills,qwen30b,c,1,604720,ext_break_capture,score,ok,1,209998,1.0,gcc
llr6v8-qwen30b-c-skills,qwen30b,c,1,604720,fuse_diamond,score,ok,1,194284,11.111111111111114,gcc
llr6v8-qwen30b-c-skills,qwen30b,c,1,604720,tsvc_2_s13110,score,timeout,0,196529,0.0,gcc
llr6v8-qwen30b-c-skills,qwen30b,c,1,604720,tsvc_2_s255,score,ok,1,230472,1.0204081632653061,gcc
llr6v8-qwen30b-c-skills,qwen30b,c,1,604720,tsvc_2_s318,score,ok,1,249527,1.0,gcc
llr6v8-qwen30b-c-skills,qwen30b,c,1,604720,fuse_diamond,score,ok,1,250448,6.666666666666666,gcc
llr6v8-qwen30b-c-skills,qwen30b,c,1,604720,tsvc_2_s231,score,ok,1,262716,1.0,gcc
llr6v8-qwen30b-c-skills,qwen30b,c,1,604720,tsvc_2_s115,score,ok,1,274396,1.0,gcc
llr6v8-qwen30b-c-skills,qwen30b,c,1,604720,ext_break_capture,score,ok,1,266576,1.0,gcc
llr6v8-qwen30b-c-skills,qwen30b,c,1,604720,tsvc_2_vag,score,ok,1,302333,1.0,gcc
llr6v8-qwen30b-c-skills,qwen30b,c,1,604720,fuse_diamond,score,ok,1,310214,12.500000000000007,gcc
llr6v8-qwen30b-c-skills,qwen30b,c,1,604720,wf_diff_skew,score,ok,1,305258,1.0101010101010102,gcc
llr6v8-qwen30b-c-skills,qwen30b,c,1,604720,tsvc_2_s231,score,ok,1,320569,33.33333333333331,gcc
llr6v8-qwen30b-c-skills,qwen30b,c,1,604720,tsvc_2_vag,score,ok,1,342504,1.0,gcc
llr6v8-qwen30b-c-skills,qwen30b,c,1,604720,tsvc_2_s3110,score,incorrect,0,275613,1.0,gcc
llr6v8-qwen30b-c-skills,qwen30b,c,1,604720,tsvc_2_s13110,score,incorrect,0,317728,1.0416666666666667,gcc
llr6v8-qwen30b-c-skills,qwen30b,c,1,604720,fuse_diamond,score,ok,1,373715,24.99999999999998,gcc
llr6v8-qwen30b-c-skills,qwen30b,c,1,604720,tsvc_2_vag,score,ok,1,384231,1.0,gcc
llr6v8-qwen30b-c-skills,qwen30b,c,1,604720,tsvc_2_s255,score,ok,1,303504,1.8518518518518516,gcc
llr6v8-qwen30b-c-skills,qwen30b,c,1,604720,wf_diff_skew,score,ok,1,360356,1.7543859649122806,gcc
llr6v8-qwen30b-c-skills,qwen30b,c,1,604720,tsvc_2_s13110,score,ok,1,384664,1.0,gcc
llr6v8-qwen30b-c-skills,qwen30b,c,1,604720,fuse_diamond,score,ok,1,464015,24.99999999999998,gcc
llr6v8-qwen30b-c-skills,qwen30b,c,1,604720,tsvc_2_s318,score,ok,1,376955,1.2987012987012987,gcc
llr6v8-qwen30b-c-skills,qwen30b,c,1,604720,ext_break_capture,score,ok,1,420455,1.0,gcc
llr6v8-qwen30b-c-skills,qwen30b,c,1,604720,tsvc_2_s231,score,ok,1,384150,1.0,gcc
llr6v8-qwen30b-c-skills,qwen30b,c,1,604720,tsvc_2_vag,score,ok,1,450170,1.0,gcc
llr6v8-qwen30b-c-skills,qwen30b,c,1,604720,tsvc_2_s255,score,ok,1,382804,1.0,gcc
llr6v8-qwen30b-c-skills,qwen30b,c,1,604720,wf_diff_skew,score,ok,1,418234,1.0,gcc
llr6v8-qwen30b-c-skills,qwen30b,c,1,604720,tsvc_2_s13110,score,timeout,0,481189,0.0,gcc
llr6v8-qwen30b-c-skills,qwen30b,c,1,604720,fuse_diamond,submit,ok,1,487495,11.111111111111114,gcc
llr6v8-qwen30b-c-skills,qwen30b,c,1,604720,ext_break_capture,submit,ok,1,444223,1.0,gcc
llr6v8-qwen30b-c-skills,qwen30b,c,1,604720,tsvc_2_s3110,score,ok,1,438492,1.0,gcc
llr6v8-qwen30b-c-skills,qwen30b,c,1,604720,tsvc_2_s115,score,ok,1,486499,1.0,gcc
llr6v8-qwen30b-c-skills,qwen30b,c,1,604720,tsvc_2_s255,score,ok,1,439045,1.0,gcc
llr6v8-qwen30b-c-skills,qwen30b,c,1,604720,tsvc_2_s318,score,ok,1,525072,1.0,gcc
llr6v8-qwen30b-c-skills,qwen30b,c,1,604720,fuse_diamond,score,ok,1,560592,6.249999999999999,gcc
llr6v8-qwen30b-c-skills,qwen30b,c,1,604720,wf_diff_skew,score,incorrect,0,509917,1.0,gcc
llr6v8-qwen30b-c-skills,qwen30b,c,1,604720,tsvc_2_s13110,score,ok,1,586250,1.0,gcc
llr6v8-qwen30b-c-skills,qwen30b,c,1,604720,tsvc_2_vag,submit,ok,1,496275,1.0,gcc
llr6v8-qwen30b-c-skills,qwen30b,c,1,604720,tsvc_2_s231,score,ok,1,528298,14.285714285714295,gcc
llr6v8-qwen30b-c-skills,qwen30b,c,1,604720,tsvc_2_s3110,score,ok,1,545095,1.0,gcc
llr6v8-qwen30b-c-skills,qwen30b,c,1,604720,fuse_diamond,score,ok,1,772626,7.142857142857142,gcc
llr6v8-qwen30b-c-skills,qwen30b,c,1,604720,tsvc_2_s318,score,build_error,0,636223,0.0,gcc
llr6v8-qwen30b-c-skills,qwen30b,c,1,604720,ext_break_capture,submit,ok,1,569278,1.0416666666666667,gcc
llr6v8-qwen30b-c-skills,qwen30b,c,1,604720,tsvc_2_s255,submit,ok,1,468178,1.0,gcc
llr6v8-qwen30b-c-skills,qwen30b,c,1,604720,tsvc_2_s231,score,ok,1,607674,14.285714285714295,gcc
llr6v8-qwen30b-c-skills,qwen30b,c,1,604720,tsvc_2_vag,score,ok,1,620048,1.0,gcc
llr6v8-qwen30b-c-skills,qwen30b,c,1,604720,tsvc_2_s13110,submit,ok,1,613603,1.0309278350515465,gcc
llr6v8-qwen30b-c-skills,qwen30b,c,1,604720,wf_diff_skew,score,ok,1,640139,1.0,gcc
llr6v8-qwen30b-c-skills,qwen30b,c,1,604720,tsvc_2_s318,score,ok,1,696418,1.0,gcc
llr6v8-qwen30b-c-skills,qwen30b,c,1,604720,tsvc_2_s255,score,ok,1,527828,1.0,gcc
llr6v8-qwen30b-c-skills,qwen30b,c,1,604720,tsvc_2_s115,submit,ok,1,640606,1.0,gcc
llr6v8-qwen30b-c-skills,qwen30b,c,1,604720,fuse_diamond,submit,ok,1,800573,11.111111111111114,gcc
llr6v8-qwen30b-c-skills,qwen30b,c,1,604720,tsvc_2_s3110,score,build_error,0,723014,0.0,gcc
llr6v8-qwen30b-c-skills,qwen30b,c,1,604720,ext_break_capture,score,ok,1,678157,1.0,gcc
llr6v8-qwen30b-c-skills,qwen30b,c,1,604720,tsvc_2_s255,score,ok,1,589325,1.0,gcc
llr6v8-qwen30b-c-skills,qwen30b,c,1,604720,tsvc_2_s13110,score,timeout,0,730302,0.0,gcc
llr6v8-qwen30b-c-skills,qwen30b,c,1,604720,tsvc_2_s231,submit,ok,1,662965,14.285714285714295,gcc
llr6v8-qwen30b-c-skills,qwen30b,c,1,604720,wf_diff_skew,score,timeout,0,780325,0.0,gcc
llr6v8-qwen30b-c-skills,qwen30b,c,1,604720,tsvc_2_s3110,score,ok,1,787195,1.0,gcc
llr6v8-qwen30b-c-skills,qwen30b,c,1,604720,ext_break_capture,submit,ok,1,706121,1.0,gcc
llr6v8-qwen30b-c-skills,qwen30b,c,1,604720,tsvc_2_s318,score,build_error,0,857977,0.0,gcc
llr6v8-qwen30b-c-skills,qwen30b,c,1,604720,tsvc_2_vag,submit,ok,1,646173,1.0,gcc
llr6v8-qwen30b-c-skills,qwen30b,c,1,604720,tsvc_2_s255,score,ok,1,652574,1.0,gcc
llr6v8-qwen30b-c-skills,qwen30b,c,1,604720,tsvc_2_s13110,score,ok,1,792142,1.0,gcc
llr6v8-qwen30b-c-skills,qwen30b,c,1,604720,tsvc_2_s115,score,ok,1,775876,1.0,gcc
llr6v8-qwen30b-c-skills,qwen30b,c,1,604720,wf_diff_skew,score,ok,1,854036,1.0,gcc
llr6v8-qwen30b-c-skills,qwen30b,c,1,604720,fuse_diamond,submit,ok,1,886747,12.500000000000007,gcc
llr6v8-qwen30b-c-skills,qwen30b,c,1,604720,tsvc_2_s318,score,ok,1,960627,1.0,gcc
llr6v8-qwen30b-c-skills,qwen30b,c,1,604720,tsvc_2_s13110,score,timeout,0,889368,0.0,gcc
llr6v8-qwen30b-c-skills,qwen30b,c,1,604720,tsvc_2_s115,submit,ok,1,811263,1.0,gcc
llr6v8-qwen30b-c-skills,qwen30b,c,1,604720,tsvc_2_s3110,submit,ok,1,853800,1.0,gcc
llr6v8-qwen30b-c-skills,qwen30b,c,1,604720,tsvc_2_s255,submit,ok,1,684864,1.0309278350515465,gcc
llr6v8-qwen30b-c-skills,qwen30b,c,1,604720,wf_diff_skew,score,ok,1,930091,1.0,gcc
llr6v8-qwen30b-c-skills,qwen30b,c,1,604720,tsvc_2_s13110,score,ok,1,956827,1.0,gcc
llr6v8-qwen30b-c-skills,qwen30b,c,1,604720,tsvc_2_vag,submit,ok,1,727698,1.0,gcc
llr6v8-qwen30b-c-skills,qwen30b,c,1,604720,tsvc_2_s318,score,ok,1,1105001,1.0309278350515465,gcc
llr6v8-qwen30b-c-skills,qwen30b,c,1,604720,tsvc_2_s13110,submit,ok,1,991335,1.0,gcc
llr6v8-qwen30b-c-skills,qwen30b,c,1,604720,tsvc_2_s3110,score,ok,1,994678,1.0,gcc
llr6v8-qwen30b-c-skills,qwen30b,c,1,604720,tsvc_2_s255,submit,ok,1,750633,1.0,gcc
llr6v8-qwen30b-c-skills,qwen30b,c,1,604720,tsvc_2_s318,submit,ok,1,1142718,1.0,gcc
llr6v8-qwen30b-c-skills,qwen30b,c,1,604720,wf_diff_skew,submit,score_error,0,1008553,0.0,gcc
llr6v8-qwen30b-c-skills,qwen30b,c,1,604720,tsvc_2_s13110,submit,ok,1,1061819,1.1111111111111112,gcc
llr6v8-qwen30b-c-skills,qwen30b,c,1,604720,wf_diff_skew,score,ok,1,1091420,1.0,gcc
llr6v8-qwen30b-c-skills,qwen30b,c,1,604720,tsvc_2_s3110,submit,ok,1,1068732,1.0,gcc
llr6v8-qwen30b-c-skills,qwen30b,c,1,604720,tsvc_2_s255,submit,ok,1,852411,1.492537313432836,gcc
llr6v8-qwen30b-c-skills,qwen30b,c,1,604720,tsvc_2_s318,submit,ok,1,1258677,1.4285714285714286,gcc
llr6v8-qwen30b-c-skills,qwen30b,c,1,604720,wf_diff_skew,score,ok,1,1176460,2.0408163265306123,gcc
llr6v8-qwen30b-c-skills,qwen30b,c,1,604720,wf_diff_skew,submit,score_error,0,1219689,0.0,gcc
llr6v8-qwen30b-c-skills,qwen30b,c,1,604720,tsvc_2_s318,submit,ok,1,1379835,1.9607843137254901,gcc
llr6v8-qwen30b-c-skills,qwen30b,c,1,604720,wf_diff_skew,score,ok,1,1309781,2.0408163265306123,gcc
llr6v8-qwen30b-c-skills,qwen30b,c,1,604720,tsvc_2_s318,score,ok,1,1463899,3.0303030303030307,gcc
llr6v8-qwen30b-c-skills,qwen30b,c,1,604720,tsvc_2_s318,submit,ok,1,1507075,1.0,gcc
llr6v8-qwen30b-c-skills,qwen30b,c,1,604720,ext_break_capture,score,ok,1,212348,1.0,gcc
llr6v8-qwen30b-c-skills,qwen30b,c,1,604720,tsvc_2_s115,score,ok,1,225139,1.0,gcc
llr6v8-qwen30b-c-skills,qwen30b,c,1,604720,fuse_diamond,score,ok,1,194470,10.000000000000002,gcc
llr6v8-qwen30b-c-skills,qwen30b,c,1,604720,tsvc_2_s318,score,ok,1,211609,1.0,gcc
llr6v8-qwen30b-c-skills,qwen30b,c,1,604720,tsvc_2_s13110,score,ok,1,195133,1.0,gcc
llr6v8-qwen30b-c-skills,qwen30b,c,1,604720,tsvc_2_vag,score,ok,1,259734,1.0,gcc
llr6v8-qwen30b-c-skills,qwen30b,c,1,604720,tsvc_2_s255,score,ok,1,299706,1.0,gcc
llr6v8-qwen30b-c-skills,qwen30b,c,1,604720,tsvc_2_s3110,score,ok,1,233017,1.0309278350515465,gcc
llr6v8-qwen30b-c-skills,qwen30b,c,1,604720,tsvc_2_s115,score,ok,1,281110,1.0,gcc
llr6v8-qwen30b-c-skills,qwen30b,c,1,604720,fuse_diamond,score,incorrect,0,250494,9.090909090909092,gcc
llr6v8-qwen30b-c-skills,qwen30b,c,1,604720,wf_diff_skew,score,timeout,0,212783,0.0,gcc
llr6v8-qwen30b-c-skills,qwen30b,c,1,604720,ext_break_capture,score,ok,1,269761,1.0,gcc
llr6v8-qwen30b-c-skills,qwen30b,c,1,604720,tsvc_2_s231,score,incorrect,0,227920,1.2987012987012987,gcc
llr6v8-qwen30b-c-skills,qwen30b,c,1,604720,tsvc_2_vag,score,ok,1,330966,2.173913043478261,gcc
llr6v8-qwen30b-c-skills,qwen30b,c,1,604720,tsvc_2_s115,score,ok,1,341118,1.0,gcc
llr6v8-qwen30b-c-skills,qwen30b,c,1,604720,tsvc_2_s13110,score,ok,1,273077,1.492537313432836,gcc
llr6v8-qwen30b-c-skills,qwen30b,c,1,604720,tsvc_2_s318,score,ok,1,332859,1.9607843137254901,gcc
llr6v8-qwen30b-c-skills,qwen30b,c,1,604720,tsvc_2_vag,score,ok,1,405416,2.0833333333333335,gcc
llr6v8-qwen30b-c-skills,qwen30b,c,1,604720,tsvc_2_s115,score,ok,1,405135,1.4084507042253522,gcc
llr6v8-qwen30b-c-skills,qwen30b,c,1,604720,fuse_diamond,score,ok,1,290212,20.00000000000003,gcc
llr6v8-qwen30b-c-skills,qwen30b,c,1,604720,tsvc_2_s231,score,ok,1,287091,1.9607843137254901,gcc
llr6v8-qwen30b-c-skills,qwen30b,c,1,604720,wf_diff_skew,score,incorrect,0,280393,1.0,gcc
llr6v8-qwen30b-c-skills,qwen30b,c,1,604720,tsvc_2_s255,score,ok,1,482275,3.0303030303030307,gcc
llr6v8-qwen30b-c-skills,qwen30b,c,1,604720,ext_break_capture,score,ok,1,376116,1.1111111111111112,gcc
llr6v8-qwen30b-c-skills,qwen30b,c,1,604720,tsvc_2_s115,score,ok,1,472965,1.8181818181818181,gcc
llr6v8-qwen30b-c-skills,qwen30b,c,1,604720,fuse_diamond,score,ok,1,355858,33.33333333333331,gcc
llr6v8-qwen30b-c-skills,qwen30b,c,1,604720,tsvc_2_vag,score,ok,1,563823,1.6949152542372883,gcc
llr6v8-qwen30b-c-skills,qwen30b,c,1,604720,tsvc_2_s318,score,ok,1,425490,1.0,gcc
llr6v8-qwen30b-c-skills,qwen30b,c,1,604720,tsvc_2_s13110,score,ok,1,361224,1.0,gcc
llr6v8-qwen30b-c-skills,qwen30b,c,1,604720,tsvc_2_s115,score,timeout,0,544686,0.0,gcc
llr6v8-qwen30b-c-skills,qwen30b,c,1,604720,fuse_diamond,score,ok,1,401732,10.000000000000002,gcc
llr6v8-qwen30b-c-skills,qwen30b,c,1,604720,tsvc_2_s231,score,incorrect,0,374480,1.25,gcc
llr6v8-qwen30b-c-skills,qwen30b,c,1,604720,ext_break_capture,submit,ok,1,398804,1.0,gcc
llr6v8-qwen30b-c-skills,qwen30b,c,1,604720,tsvc_2_s115,score,ok,1,594611,1.0,gcc
llr6v8-qwen30b-c-skills,qwen30b,c,1,604720,tsvc_2_s255,score,ok,1,600171,1.0,gcc
llr6v8-qwen30b-c-skills,qwen30b,c,1,604720,tsvc_2_s318,score,ok,1,527085,1.0,gcc
llr6v8-qwen30b-c-skills,qwen30b,c,1,604720,tsvc_2_s3110,score,ok,1,409641,1.0309278350515465,gcc
llr6v8-qwen30b-c-skills,qwen30b,c,1,604720,wf_diff_skew,score,timeout,0,407097,0.0,gcc
llr6v8-qwen30b-c-skills,qwen30b,c,1,604720,fuse_diamond,score,ok,1,499899,9.090909090909092,gcc
llr6v8-qwen30b-c-skills,qwen30b,c,1,604720,tsvc_2_vag,submit,ok,1,591510,1.0204081632653061,gcc
llr6v8-qwen30b-c-skills,qwen30b,c,1,604720,ext_break_capture,score,ok,1,445534,1.0,gcc
llr6v8-qwen30b-c-skills,qwen30b,c,1,604720,tsvc_2_s115,score,ok,1,672868,1.0,gcc
llr6v8-qwen30b-c-skills,qwen30b,c,1,604720,tsvc_2_s255,score,ok,1,662321,1.3513513513513513,gcc
llr6v8-qwen30b-c-skills,qwen30b,c,1,604720,tsvc_2_s13110,score,timeout,0,458401,0.0,gcc
llr6v8-qwen30b-c-skills,qwen30b,c,1,604720,tsvc_2_s231,score,ok,1,446385,1.3157894736842106,gcc
llr6v8-qwen30b-c-skills,qwen30b,c,1,604720,tsvc_2_s318,score,ok,1,661664,1.0,gcc
llr6v8-qwen30b-c-skills,qwen30b,c,1,604720,tsvc_2_s115,score,ok,1,754695,1.0,gcc
llr6v8-qwen30b-c-skills,qwen30b,c,1,604720,tsvc_2_s3110,score,ok,1,487288,1.2987012987012987,gcc
llr6v8-qwen30b-c-skills,qwen30b,c,1,604720,fuse_diamond,score,ok,1,578736,10.000000000000002,gcc
llr6v8-qwen30b-c-skills,qwen30b,c,1,604720,wf_diff_skew,score,ok,1,491097,1.0,gcc
llr6v8-qwen30b-c-skills,qwen30b,c,1,604720,ext_break_capture,submit,ok,1,469898,1.0,gcc
llr6v8-qwen30b-c-skills,qwen30b,c,1,604720,tsvc_2_s13110,score,ok,1,536767,1.0,gcc
llr6v8-qwen30b-c-skills,qwen30b,c,1,604720,tsvc_2_s231,score,incorrect,0,497686,1.2345679012345678,gcc
llr6v8-qwen30b-c-skills,qwen30b,c,1,604720,tsvc_2_s318,submit,ok,1,689687,1.0,gcc
llr6v8-qwen30b-c-skills,qwen30b,c,1,604720,tsvc_2_s255,score,ok,1,793816,1.3333333333333333,gcc
llr6v8-qwen30b-c-skills,qwen30b,c,1,604720,tsvc_2_s115,submit,ok,1,782667,1.0,gcc
llr6v8-qwen30b-c-skills,qwen30b,c,1,604720,ext_break_capture,score,ok,1,574006,1.0,gcc
llr6v8-qwen30b-c-skills,qwen30b,c,1,604720,fuse_diamond,submit,ok,1,605942,11.111111111111114,gcc
llr6v8-qwen30b-c-skills,qwen30b,c,1,604720,tsvc_2_s13110,score,ok,1,619872,1.1494252873563218,gcc
llr6v8-qwen30b-c-skills,qwen30b,c,1,604720,tsvc_2_s318,score,ok,1,775643,1.0,gcc
llr6v8-qwen30b-c-skills,qwen30b,c,1,604720,tsvc_2_s231,score,ok,1,551397,1.0,gcc
llr6v8-qwen30b-c-skills,qwen30b,c,1,604720,tsvc_2_s115,score,ok,1,840074,1.0,gcc
llr6v8-qwen30b-c-skills,qwen30b,c,1,604720,wf_diff_skew,score,ok,1,647075,1.0,gcc
llr6v8-qwen30b-c-skills,qwen30b,c,1,604720,tsvc_2_s13110,score,ok,1,677993,1.0,gcc
llr6v8-qwen30b-c-skills,qwen30b,c,1,604720,ext_break_capture,submit,ok,1,601507,1.0,gcc
llr6v8-qwen30b-c-skills,qwen30b,c,1,604720,tsvc_2_s3110,score,ok,1,632892,1.4492753623188408,gcc
llr6v8-qwen30b-c-skills,qwen30b,c,1,604720,tsvc_2_s255,submit,ok,1,828031,1.0,gcc
llr6v8-qwen30b-c-skills,qwen30b,c,1,604720,wf_diff_skew,score,ok,1,748079,1.0,gcc
llr6v8-qwen30b-c-skills,qwen30b,c,1,604720,tsvc_2_s13110,score,ok,1,738602,1.0,gcc
llr6v8-qwen30b-c-skills,qwen30b,c,1,604720,tsvc_2_s318,submit,ok,1,864519,1.0,gcc
llr6v8-qwen30b-c-skills,qwen30b,c,1,604720,tsvc_2_s231,submit,ok,1,578981,1.0,gcc
llr6v8-qwen30b-c-skills,qwen30b,c,1,604720,tsvc_2_s3110,score,build_error,0,696384,0.0,gcc
llr6v8-qwen30b-c-skills,qwen30b,c,1,604720,ext_break_capture,score,ok,1,717687,1.0,gcc
llr6v8-qwen30b-c-skills,qwen30b,c,1,604720,tsvc_2_s115,submit,ok,1,899543,1.0,gcc
llr6v8-qwen30b-c-skills,qwen30b,c,1,604720,tsvc_2_s255,score,ok,1,898044,1.2987012987012987,gcc
llr6v8-qwen30b-c-skills,qwen30b,c,1,604720,wf_diff_skew,score,ok,1,889673,3.846153846153846,gcc
llr6v8-qwen30b-c-skills,qwen30b,c,1,604720,tsvc_2_s13110,score,ok,1,801655,1.0,gcc
llr6v8-qwen30b-c-skills,qwen30b,c,1,604720,tsvc_2_s318,score,ok,1,956445,1.0,gcc
llr6v8-qwen30b-c-skills,qwen30b,c,1,604720,tsvc_2_s255,score,ok,1,970115,1.0752688172043012,gcc
llr6v8-qwen30b-c-skills,qwen30b,c,1,604720,tsvc_2_s3110,score,ok,1,763466,1.923076923076923,gcc
llr6v8-qwen30b-c-skills,qwen30b,c,1,604720,ext_break_capture,submit,ok,1,748325,1.0309278350515465,gcc
llr6v8-qwen30b-c-skills,qwen30b,c,1,604720,wf_diff_skew,submit,score_error,0,926153,0.0,gcc
llr6v8-qwen30b-c-skills,qwen30b,c,1,604720,tsvc_2_s3110,submit,ok,1,797873,1.3333333333333333,gcc
llr6v8-qwen30b-c-skills,qwen30b,c,1,604720,tsvc_2_s13110,score,ok,1,900280,1.0,gcc
llr6v8-qwen30b-c-skills,qwen30b,c,1,604720,tsvc_2_s318,submit,ok,1,1083179,1.0,gcc
llr6v8-qwen30b-c-skills,qwen30b,c,1,604720,ext_break_capture,score,ok,1,844440,1.0,gcc
llr6v8-qwen30b-c-skills,qwen30b,c,1,604720,tsvc_2_s255,submit,ok,1,1006820,1.0,gcc
llr6v8-qwen30b-c-skills,qwen30b,c,1,604720,wf_diff_skew,score,ok,1,1002389,1.492537313432836,gcc
llr6v8-qwen30b-c-skills,qwen30b,c,1,604720,tsvc_2_s13110,score,ok,1,969138,1.0,gcc
llr6v8-qwen30b-c-skills,qwen30b,c,1,604720,ext_break_capture,submit,ok,1,878020,1.0,gcc
llr6v8-qwen30b-c-skills,qwen30b,c,1,604720,tsvc_2_s3110,score,ok,1,868756,1.4084507042253522,gcc
llr6v8-qwen30b-c-skills,qwen30b,c,1,604720,wf_diff_skew,submit,score_error,0,1041075,0.0,gcc
llr6v8-qwen30b-c-skills,qwen30b,c,1,604720,tsvc_2_s318,submit,ok,1,1181286,1.0,gcc
llr6v8-qwen30b-c-skills,qwen30b,c,1,604720,tsvc_2_s13110,submit,ok,1,1004373,1.1494252873563218,gcc
llr6v8-qwen30b-c-skills,qwen30b,c,1,604720,tsvc_2_s3110,submit,ok,1,905177,2.7027027027027026,gcc
llr6v8-qwen30b-c-skills,qwen30b,c,1,604720,ext_break_capture,score,ok,1,982947,2.2222222222222223,gcc
llr6v8-qwen30b-c-skills,qwen30b,c,1,604720,wf_diff_skew,score,score_error,0,1161828,0.0,gcc
llr6v8-qwen30b-c-skills,qwen30b,c,1,604720,wf_diff_skew,score,ok,1,1244438,3.846153846153846,gcc
llr6v8-qwen30b-c-skills,qwen30b,c,1,604720,ext_break_capture,submit,ok,1,1019450,1.0,gcc
llr6v8-qwen30b-c-skills,qwen30b,c,1,604720,ext_break_capture,score,ok,1,1133070,2.272727272727273,gcc
llr6v8-qwen30b-c-skills,qwen30b,c,1,604720,ext_break_capture,submit,ok,1,1172466,1.0,gcc
llr6v8-qwen30b-c-skills,qwen30b,c,1,604720,ext_break_capture,score,ok,1,1294777,2.272727272727273,gcc
llr6v8-qwen30b-c-skills,qwen30b,c,1,604720,ext_break_capture,submit,ok,1,1337073,1.0,gcc
llr6v8-qwen30b-c-skills,qwen30b,c,1,604720,ext_break_capture,score,ok,1,1468075,2.272727272727273,gcc
llr6v8-qwen30b-c-skills,qwen30b,c,1,604720,ext_break_capture,submit,ok,1,1513266,1.0,gcc
llr6v8-qwen30b-c-skills,qwen30b,c,1,604720,ext_break_capture,score,ok,1,1652956,2.272727272727273,gcc
llr6v8-qwen30b-c-skills,qwen30b,c,1,604720,ext_break_capture,submit,ok,1,1701043,1.0,gcc
llr6v8-qwen30b-c-skills,qwen30b,c,1,604720,ext_break_capture,score,ok,1,1849423,2.2222222222222223,gcc
llr6v8-qwen30b-c-skills,qwen30b,c,1,604720,ext_break_capture,submit,ok,1,1900407,1.0,gcc
llr6v8-qwen30b-c-skills,qwen30b,c,1,604720,ext_break_capture,score,ok,1,2057476,2.173913043478261,gcc
llr6v8-qwen30b-c-skills,qwen30b,c,1,604720,tsvc_2_s255,score,ok,1,156441,1.0,gcc
llr6v8-qwen30b-c-skills,qwen30b,c,1,604720,tsvc_2_vag,score,ok,1,173217,1.0,gcc
llr6v8-qwen30b-c-skills,qwen30b,c,1,604720,ext_break_capture,score,ok,1,247222,1.0,gcc
llr6v8-qwen30b-c-skills,qwen30b,c,1,604720,fuse_diamond,score,ok,1,176911,11.111111111111114,gcc
llr6v8-qwen30b-c-skills,qwen30b,c,1,604720,tsvc_2_s115,score,ok,1,208553,1.0,gcc
llr6v8-qwen30b-c-skills,qwen30b,c,1,604720,tsvc_2_s318,score,ok,1,211098,1.0,gcc
llr6v8-qwen30b-c-skills,qwen30b,c,1,604720,wf_diff_skew,score,ok,1,293210,1.0,gcc
llr6v8-qwen30b-c-skills,qwen30b,c,1,604720,tsvc_2_s13110,score,ok,1,234194,1.0,gcc
llr6v8-qwen30b-c-skills,qwen30b,c,1,604720,tsvc_2_s3110,score,ok,1,271331,1.0,gcc
llr6v8-qwen30b-c-skills,qwen30b,c,1,604720,fuse_diamond,score,ok,1,232372,11.111111111111114,gcc
llr6v8-qwen30b-c-skills,qwen30b,c,1,604720,tsvc_2_s255,score,ok,1,229926,1.0,gcc
llr6v8-qwen30b-c-skills,qwen30b,c,1,604720,tsvc_2_s231,score,ok,1,311948,16.666666666666682,gcc
llr6v8-qwen30b-c-skills,qwen30b,c,1,604720,ext_break_capture,score,ok,1,309817,1.0,gcc
llr6v8-qwen30b-c-skills,qwen30b,c,1,604720,tsvc_2_vag,score,ok,1,245520,1.0,gcc
llr6v8-qwen30b-c-skills,qwen30b,c,1,604720,wf_diff_skew,score,ok,1,372949,4.0,gcc
llr6v8-qwen30b-c-skills,qwen30b,c,1,604720,fuse_diamond,score,ok,1,291724,49.99999999999996,gcc
llr6v8-qwen30b-c-skills,qwen30b,c,1,604720,tsvc_2_s255,score,ok,1,269897,1.0,gcc
llr6v8-qwen30b-c-skills,qwen30b,c,1,604720,tsvc_2_vag,score,ok,1,323393,1.0,gcc
llr6v8-qwen30b-c-skills,qwen30b,c,1,604720,tsvc_2_s318,score,ok,1,288623,1.0,gcc
llr6v8-qwen30b-c-skills,qwen30b,c,1,604720,tsvc_2_s231,score,ok,1,445679,24.99999999999998,gcc
llr6v8-qwen30b-c-skills,qwen30b,c,1,604720,tsvc_2_s115,score,ok,1,285792,1.0101010101010102,gcc
llr6v8-qwen30b-c-skills,qwen30b,c,1,604720,fuse_diamond,score,ok,1,333580,20.00000000000003,gcc
llr6v8-qwen30b-c-skills,qwen30b,c,1,604720,tsvc_2_s3110,score,ok,1,372814,1.0,gcc
llr6v8-qwen30b-c-skills,qwen30b,c,1,604720,wf_diff_skew,score,incorrect,0,457306,1.0,gcc
llr6v8-qwen30b-c-skills,qwen30b,c,1,604720,tsvc_2_vag,score,ok,1,364505,1.0,gcc
llr6v8-qwen30b-c-skills,qwen30b,c,1,604720,ext_break_capture,score,ok,1,423859,1.6666666666666667,gcc
llr6v8-qwen30b-c-skills,qwen30b,c,1,604720,tsvc_2_s115,score,ok,1,348945,2.857142857142857,gcc
llr6v8-qwen30b-c-skills,qwen30b,c,1,604720,tsvc_2_s231,score,ok,1,516118,49.99999999999996,gcc
llr6v8-qwen30b-c-skills,qwen30b,c,1,604720,tsvc_2_vag,score,build_error,0,407154,0.0,gcc
llr6v8-qwen30b-c-skills,qwen30b,c,1,604720,fuse_diamond,score,ok,1,422601,20.00000000000003,gcc
llr6v8-qwen30b-c-skills,qwen30b,c,1,604720,tsvc_2_s115,score,ok,1,393252,1.0,gcc
llr6v8-qwen30b-c-skills,qwen30b,c,1,604720,ext_break_capture,score,ok,1,498243,1.0,gcc
llr6v8-qwen30b-c-skills,qwen30b,c,1,604720,wf_diff_skew,score,ok,1,516234,1.0,gcc
llr6v8-qwen30b-c-skills,qwen30b,c,1,604720,tsvc_2_s13110,score,ok,1,386745,1.0,gcc
llr6v8-qwen30b-c-skills,qwen30b,c,1,604720,tsvc_2_s231,submit,ok,1,552315,9.090909090909092,gcc
llr6v8-qwen30b-c-skills,qwen30b,c,1,604720,fuse_diamond,score,ok,1,543341,16.666666666666682,gcc
llr6v8-qwen30b-c-skills,qwen30b,c,1,604720,tsvc_2_s318,score,ok,1,399602,1.0,gcc
llr6v8-qwen30b-c-skills,qwen30b,c,1,604720,tsvc_2_s3110,score,timeout,0,483360,0.0,gcc
llr6v8-qwen30b-c-skills,qwen30b,c,1,604720,tsvc_2_vag,score,ok,1,570778,1.0,gcc
llr6v8-qwen30b-c-skills,qwen30b,c,1,604720,ext_break_capture,score,ok,1,577006,1.0,gcc
llr6v8-qwen30b-c-skills,qwen30b,c,1,604720,tsvc_2_s115,score,ok,1,440028,1.0,gcc
llr6v8-qwen30b-c-skills,qwen30b,c,1,604720,tsvc_2_s13110,score,ok,1,435881,1.0,gcc
llr6v8-qwen30b-c-skills,qwen30b,c,1,604720,wf_diff_skew,score,ok,1,609100,1.0416666666666667,gcc
llr6v8-qwen30b-c-skills,qwen30b,c,1,604720,fuse_diamond,submit,ok,1,568365,11.111111111111114,gcc
llr6v8-qwen30b-c-skills,qwen30b,c,1,604720,tsvc_2_s3110,score,ok,1,541681,1.0,gcc
llr6v8-qwen30b-c-skills,qwen30b,c,1,604720,tsvc_2_s318,score,ok,1,473769,1.0,gcc
llr6v8-qwen30b-c-skills,qwen30b,c,1,604720,tsvc_2_vag,submit,ok,1,595647,1.0526315789473684,gcc
llr6v8-qwen30b-c-skills,qwen30b,c,1,604720,tsvc_2_s231,submit,ok,1,736906,16.666666666666682,gcc
llr6v8-qwen30b-c-skills,qwen30b,c,1,604720,tsvc_2_s115,score,timeout,0,566374,0.0,gcc
llr6v8-qwen30b-c-skills,qwen30b,c,1,604720,fuse_diamond,score,ok,1,619487,11.111111111111114,gcc
llr6v8-qwen30b-c-skills,qwen30b,c,1,604720,tsvc_2_s13110,score,ok,1,570156,1.0526315789473684,gcc
llr6v8-qwen30b-c-skills,qwen30b,c,1,604720,ext_break_capture,submit,ok,1,660942,1.0,gcc
llr6v8-qwen30b-c-skills,qwen30b,c,1,604720,wf_diff_skew,score,incorrect,0,673948,1.8518518518518516,gcc
llr6v8-qwen30b-c-skills,qwen30b,c,1,604720,ext_break_capture,score,ok,1,690023,1.0,gcc
llr6v8-qwen30b-c-skills,qwen30b,c,1,604720,tsvc_2_vag,score,ok,1,646769,1.0,gcc
llr6v8-qwen30b-c-skills,qwen30b,c,1,604720,tsvc_2_s318,score,ok,1,579341,1.0,gcc
llr6v8-qwen30b-c-skills,qwen30b,c,1,604720,fuse_diamond,score,ok,1,645573,12.500000000000007,gcc
llr6v8-qwen30b-c-skills,qwen30b,c,1,604720,wf_diff_skew,score,ok,1,741013,2.0,gcc
llr6v8-qwen30b-c-skills,qwen30b,c,1,604720,tsvc_2_s115,score,ok,1,676211,1.0,gcc
llr6v8-qwen30b-c-skills,qwen30b,c,1,604720,tsvc_2_vag,score,ok,1,699583,1.0,gcc
llr6v8-qwen30b-c-skills,qwen30b,c,1,604720,fuse_diamond,score,ok,1,699205,11.111111111111114,gcc
llr6v8-qwen30b-c-skills,qwen30b,c,1,604720,tsvc_2_s13110,submit,ok,1,598395,1.0,gcc
llr6v8-qwen30b-c-skills,qwen30b,c,1,604720,tsvc_2_s318,submit,build_error,0,634890,0.0,gcc
llr6v8-qwen30b-c-skills,qwen30b,c,1,604720,ext_break_capture,score,ok,1,810207,3.333333333333334,gcc
llr6v8-qwen30b-c-skills,qwen30b,c,1,604720,wf_diff_skew,score,incorrect,0,810058,1.0,gcc
llr6v8-qwen30b-c-skills,qwen30b,c,1,604720,tsvc_2_vag,score,ok,1,753969,1.0,gcc
llr6v8-qwen30b-c-skills,qwen30b,c,1,604720,tsvc_2_s318,score,ok,1,693590,1.0,gcc
llr6v8-qwen30b-c-skills,qwen30b,c,1,604720,tsvc_2_s115,score,ok,1,734339,1.0,gcc
llr6v8-qwen30b-c-skills,qwen30b,c,1,604720,ext_break_capture,submit,ok,1,841257,1.0,gcc
llr6v8-qwen30b-c-skills,qwen30b,c,1,604720,fuse_diamond,submit,ok,1,726631,5.555555555555557,gcc
llr6v8-qwen30b-c-skills,qwen30b,c,1,604720,tsvc_2_s13110,score,ok,1,686713,1.0,gcc
llr6v8-qwen30b-c-skills,qwen30b,c,1,604720,tsvc_2_s3110,score,ok,1,804176,1.0,gcc
llr6v8-qwen30b-c-skills,qwen30b,c,1,604720,tsvc_2_s318,score,ok,1,754360,1.0,gcc
llr6v8-qwen30b-c-skills,qwen30b,c,1,604720,tsvc_2_s13110,score,ok,1,779080,1.0,gcc
llr6v8-qwen30b-c-skills,qwen30b,c,1,604720,tsvc_2_s115,submit,ok,1,764152,1.0,gcc
llr6v8-qwen30b-c-skills,qwen30b,c,1,604720,tsvc_2_vag,submit,ok,1,781703,1.0,gcc
llr6v8-qwen30b-c-skills,qwen30b,c,1,604720,wf_diff_skew,submit,score_error,0,845234,0.0,gcc
llr6v8-qwen30b-c-skills,qwen30b,c,1,604720,tsvc_2_s318,submit,ok,1,785429,1.0,gcc
llr6v8-qwen30b-c-skills,qwen30b,c,1,604720,fuse_diamond,submit,ok,1,782894,12.500000000000007,gcc
llr6v8-qwen30b-c-skills,qwen30b,c,1,604720,tsvc_2_s3110,submit,ok,1,877502,1.0,gcc
llr6v8-qwen30b-c-skills,qwen30b,c,1,604720,tsvc_2_s115,score,ok,1,888271,1.0,gcc
llr6v8-qwen30b-c-skills,qwen30b,c,1,604720,wf_diff_skew,score,incorrect,0,881825,1.0,gcc
llr6v8-qwen30b-c-skills,qwen30b,c,1,604720,tsvc_2_s13110,submit,ok,1,810627,1.0,gcc
llr6v8-qwen30b-c-skills,qwen30b,c,1,604720,tsvc_2_vag,submit,ok,1,838402,1.0,gcc
llr6v8-qwen30b-c-skills,qwen30b,c,1,604720,wf_diff_skew,score,ok,1,956394,1.8867924528301885,gcc
llr6v8-qwen30b-c-skills,qwen30b,c,1,604720,fuse_diamond,submit,ok,1,872001,11.111111111111114,gcc
llr6v8-qwen30b-c-skills,qwen30b,c,1,604720,tsvc_2_s13110,score,ok,1,908732,1.1764705882352942,gcc
llr6v8-qwen30b-c-skills,qwen30b,c,1,604720,tsvc_2_vag,submit,ok,1,927062,1.0,gcc
llr6v8-qwen30b-c-skills,qwen30b,c,1,604720,tsvc_2_s115,submit,ok,1,986841,1.0,gcc
llr6v8-qwen30b-c-skills,qwen30b,c,1,604720,fuse_diamond,score,ok,1,934423,12.500000000000007,gcc
llr6v8-qwen30b-c-skills,qwen30b,c,1,604720,tsvc_2_s13110,submit,ok,1,942396,1.1111111111111112,gcc
llr6v8-qwen30b-c-skills,qwen30b,c,1,604720,wf_diff_skew,score,ok,1,1032871,1.0101010101010102,gcc
llr6v8-qwen30b-c-skills,qwen30b,c,1,604720,tsvc_2_s3110,submit,ok,1,1110259,1.0,gcc
llr6v8-qwen30b-c-skills,qwen30b,c,1,604720,tsvc_2_s115,submit,ok,1,1054950,1.0,gcc
llr6v8-qwen30b-c-skills,qwen30b,c,1,604720,wf_diff_skew,score,ok,1,1111257,1.9607843137254901,gcc
llr6v8-qwen30b-c-skills,qwen30b,c,1,604720,wf_diff_skew,submit,score_error,0,1151097,0.0,gcc
llr6v8-qwen30b-c-skills,qwen30b,c,1,604720,fuse_diamond,submit,ok,1,1065998,11.111111111111114,gcc
llr6v8-qwen30b-c-skills,qwen30b,c,1,604720,tsvc_2_s115,submit,ok,1,1125083,1.0,gcc
llr6v8-qwen30b-c-skills,qwen30b,c,1,604720,tsvc_2_s115,score,ok,1,1197239,2.9411764705882355,gcc
llr6v8-qwen30b-c-skills,qwen30b,c,1,604720,tsvc_2_s115,submit,ok,1,1234033,1.0,gcc
llr6v8-qwen30b-c-skills,qwen30b,c,1,604720,tsvc_2_s115,submit,ok,1,1383943,1.0,gcc
llr6v8-qwen30b-c-skills,qwen30b,c,1,604720,tsvc_2_s115,score,ok,1,1461526,2.9411764705882355,gcc
llr6v8-qwen30b-c-skills,qwen30b,c,1,604720,tsvc_2_s115,submit,ok,1,1501300,1.0,gcc
llr6v8-qwen30b-c-skills,qwen30b,c,1,604720,tsvc_2_s115,score,ok,1,1624223,2.857142857142857,gcc
llr6v8-qwen30b-c-skills,qwen30b,c,1,604720,tsvc_2_s115,submit,ok,1,1666460,1.0,gcc
llr6v8-qwen30b-c-skills,qwen30b,c,1,604720,tsvc_2_s119,score,ok,1,156944,1.0,gcc
llr6v8-qwen30b-c-skills,qwen30b,c,1,604720,tsvc_2_vpvts,score,ok,1,206108,1.0,gcc
llr6v8-qwen30b-c-skills,qwen30b,c,1,604720,tsvc_2_s152,score,ok,1,229189,1.0,gcc
llr6v8-qwen30b-c-skills,qwen30b,c,1,604720,tsvc_2_s319,score,ok,1,210094,1.0,gcc
llr6v8-qwen30b-c-skills,qwen30b,c,1,604720,ext_break_find_first,score,ok,1,241525,1.0,gcc
llr6v8-qwen30b-c-skills,qwen30b,c,1,604720,tsvc_2_s3111,score,ok,1,262835,1.0,gcc
llr6v8-qwen30b-c-skills,qwen30b,c,1,604720,tsvc_2_vpvts,score,ok,1,279402,1.0,gcc
llr6v8-qwen30b-c-skills,qwen30b,c,1,604720,tsvc_2_s233,score,incorrect,0,212163,1.0,gcc
llr6v8-qwen30b-c-skills,qwen30b,c,1,604720,tsvc_2_s2710,score,ok,1,198157,1.0,gcc
llr6v8-qwen30b-c-skills,qwen30b,c,1,604720,fuse_move_ifs,score,ok,1,260129,1.0,gcc
llr6v8-qwen30b-c-skills,qwen30b,c,1,604720,tsvc_2_s152,score,ok,1,286693,1.0,gcc
llr6v8-qwen30b-c-skills,qwen30b,c,1,604720,tsvc_2_s119,score,timeout,0,212107,0.0,gcc
llr6v8-qwen30b-c-skills,qwen30b,c,1,604720,wf_north_west,score,ok,1,230731,1.0,gcc
llr6v8-qwen30b-c-skills,qwen30b,c,1,604720,tsvc_2_s319,score,ok,1,266477,1.0,gcc
llr6v8-qwen30b-c-skills,qwen30b,c,1,604720,tsvc_2_vpvts,score,ok,1,380984,1.0,gcc
llr6v8-qwen30b-c-skills,qwen30b,c,1,604720,tsvc_2_s2710,score,ok,1,256999,1.5625,gcc
llr6v8-qwen30b-c-skills,qwen30b,c,1,604720,ext_break_find_first,score,ok,1,386484,1.0,gcc
llr6v8-qwen30b-c-skills,qwen30b,c,1,604720,tsvc_2_s233,score,ok,1,271207,1.2658227848101264,gcc
llr6v8-qwen30b-c-skills,qwen30b,c,1,604720,tsvc_2_s3111,score,ok,1,340871,3.571428571428571,gcc
llr6v8-qwen30b-c-skills,qwen30b,c,1,604720,fuse_move_ifs,score,ok,1,336586,1.0,gcc
llr6v8-qwen30b-c-skills,qwen30b,c,1,604720,tsvc_2_s319,score,ok,1,326986,1.0,gcc
llr6v8-qwen30b-c-skills,qwen30b,c,1,604720,tsvc_2_s119,score,ok,1,272726,1.0,gcc
llr6v8-qwen30b-c-skills,qwen30b,c,1,604720,tsvc_2_s152,score,ok,1,391201,1.0,gcc
llr6v8-qwen30b-c-skills,qwen30b,c,1,604720,tsvc_2_s3111,score,ok,1,403727,3.0303030303030307,gcc
llr6v8-qwen30b-c-skills,qwen30b,c,1,604720,wf_north_west,score,timeout,0,296544,0.0,gcc
llr6v8-qwen30b-c-skills,qwen30b,c,1,604720,tsvc_2_s2710,score,ok,1,320840,4.166666666666667,gcc
llr6v8-qwen30b-c-skills,qwen30b,c,1,604720,ext_break_find_first,score,incorrect,0,494087,1.0,gcc
llr6v8-qwen30b-c-skills,qwen30b,c,1,604720,tsvc_2_vpvts,submit,ok,1,448833,1.0,gcc
llr6v8-qwen30b-c-skills,qwen30b,c,1,604720,tsvc_2_s319,score,ok,1,414908,1.0,gcc
llr6v8-qwen30b-c-skills,qwen30b,c,1,604720,fuse_move_ifs,score,ok,1,390308,1.0,gcc
llr6v8-qwen30b-c-skills,qwen30b,c,1,604720,tsvc_2_s119,score,timeout,0,338902,0.0,gcc
llr6v8-qwen30b-c-skills,qwen30b,c,1,604720,tsvc_2_s233,score,ok,1,358743,1.4705882352941178,gcc
llr6v8-qwen30b-c-skills,qwen30b,c,1,604720,tsvc_2_s3111,score,timeout,0,447648,0.0,gcc
llr6v8-qwen30b-c-skills,qwen30b,c,1,604720,tsvc_2_s152,submit,ok,1,436135,1.0,gcc
llr6v8-qwen30b-c-skills,qwen30b,c,1,604720,tsvc_2_s2710,score,ok,1,389536,6.249999999999999,gcc
llr6v8-qwen30b-c-skills,qwen30b,c,1,604720,wf_north_west,score,ok,1,367188,1.2987012987012987,gcc
llr6v8-qwen30b-c-skills,qwen30b,c,1,604720,tsvc_2_vpvts,score,ok,1,552108,1.0,gcc
llr6v8-qwen30b-c-skills,qwen30b,c,1,604720,tsvc_2_s3111,score,ok,1,493305,3.0303030303030307,gcc
llr6v8-qwen30b-c-skills,qwen30b,c,1,604720,tsvc_2_s119,score,ok,1,410286,1.0,gcc
llr6v8-qwen30b-c-skills,qwen30b,c,1,604720,tsvc_2_s152,score,ok,1,483141,1.0,gcc
llr6v8-qwen30b-c-skills,qwen30b,c,1,604720,tsvc_2_s233,score,incorrect,0,431787,1.6666666666666667,gcc
llr6v8-qwen30b-c-skills,qwen30b,c,1,604720,fuse_move_ifs,score,ok,1,537983,1.0,gcc
llr6v8-qwen30b-c-skills,qwen30b,c,1,604720,ext_break_find_first,submit,ok,1,640754,1.0,gcc
llr6v8-qwen30b-c-skills,qwen30b,c,1,604720,tsvc_2_s2710,score,ok,1,464098,2.6315789473684212,gcc
llr6v8-qwen30b-c-skills,qwen30b,c,1,604720,tsvc_2_vpvts,submit,ok,1,578880,1.0,gcc
llr6v8-qwen30b-c-skills,qwen30b,c,1,604720,tsvc_2_s319,score,ok,1,560780,1.0,gcc
llr6v8-qwen30b-c-skills,qwen30b,c,1,604720,tsvc_2_s3111,submit,ok,1,540637,2.7777777777777777,gcc
llr6v8-qwen30b-c-skills,qwen30b,c,1,604720,wf_north_west,score,ok,1,467515,1.0,gcc
llr6v8-qwen30b-c-skills,qwen30b,c,1,604720,tsvc_2_s119,score,timeout,0,486128,0.0,gcc
llr6v8-qwen30b-c-skills,qwen30b,c,1,604720,fuse_move_ifs,score,ok,1,601846,1.0,gcc
llr6v8-qwen30b-c-skills,qwen30b,c,1,604720,ext_break_find_first,score,ok,1,702922,1.3888888888888888,gcc
llr6v8-qwen30b-c-skills,qwen30b,c,1,604720,tsvc_2_s152,submit,ok,1,532126,1.0,gcc
llr6v8-qwen30b-c-skills,qwen30b,c,1,604720,tsvc_2_s3111,score,ok,1,614829,5.263157894736843,gcc
llr6v8-qwen30b-c-skills,qwen30b,c,1,604720,tsvc_2_s233,score,ok,1,626785,1.1235955056179776,gcc
llr6v8-qwen30b-c-skills,qwen30b,c,1,604720,tsvc_2_s319,submit,ok,1,586673,1.0,gcc
llr6v8-qwen30b-c-skills,qwen30b,c,1,604720,wf_north_west,score,timeout,0,549180,0.0,gcc
llr6v8-qwen30b-c-skills,qwen30b,c,1,604720,tsvc_2_s2710,submit,ok,1,515992,1.6129032258064517,gcc
llr6v8-qwen30b-c-skills,qwen30b,c,1,604720,ext_break_find_first,score,ok,1,799220,1.0,gcc
llr6v8-qwen30b-c-skills,qwen30b,c,1,604720,tsvc_2_s119,score,ok,1,679901,1.0,gcc
llr6v8-qwen30b-c-skills,qwen30b,c,1,604720,fuse_move_ifs,submit,ok,1,634529,1.3333333333333333,gcc
llr6v8-qwen30b-c-skills,qwen30b,c,1,604720,tsvc_2_s319,score,ok,1,640103,1.0,gcc
llr6v8-qwen30b-c-skills,qwen30b,c,1,604720,tsvc_2_s3111,submit,ok,1,640464,3.7037037037037033,gcc
llr6v8-qwen30b-c-skills,qwen30b,c,1,604720,tsvc_2_s2710,score,ok,1,569624,3.7037037037037033,gcc
llr6v8-qwen30b-c-skills,qwen30b,c,1,604720,tsvc_2_s152,submit,ok,1,583228,1.0,gcc
llr6v8-qwen30b-c-skills,qwen30b,c,1,604720,tsvc_2_s233,score,incorrect,0,719818,1.6949152542372883,gcc
llr6v8-qwen30b-c-skills,qwen30b,c,1,604720,wf_north_west,score,ok,1,635653,1.0,gcc
llr6v8-qwen30b-c-skills,qwen30b,c,1,604720,tsvc_2_s119,score,ok,1,769905,1.0,gcc
llr6v8-qwen30b-c-skills,qwen30b,c,1,604720,ext_break_find_first,submit,ok,1,832056,1.0,gcc
llr6v8-qwen30b-c-skills,qwen30b,c,1,604720,wf_north_west,score,ok,1,696369,1.0,gcc
llr6v8-qwen30b-c-skills,qwen30b,c,1,604720,tsvc_2_s319,submit,ok,1,723358,1.0,gcc
llr6v8-qwen30b-c-skills,qwen30b,c,1,604720,tsvc_2_s2710,submit,ok,1,597079,3.0303030303030307,gcc
llr6v8-qwen30b-c-skills,qwen30b,c,1,604720,tsvc_2_s233,score,ok,1,785169,1.0,gcc
llr6v8-qwen30b-c-skills,qwen30b,c,1,604720,tsvc_2_s119,submit,ok,1,800691,1.0101010101010102,gcc
llr6v8-qwen30b-c-skills,qwen30b,c,1,604720,ext_break_find_first,score,ok,1,865208,1.0,gcc
llr6v8-qwen30b-c-skills,qwen30b,c,1,604720,tsvc_2_s319,score,ok,1,781261,1.0,gcc
llr6v8-qwen30b-c-skills,qwen30b,c,1,604720,tsvc_2_s152,submit,ok,1,692687,1.0,gcc
llr6v8-qwen30b-c-skills,qwen30b,c,1,604720,tsvc_2_s233,submit,ok,1,818748,1.923076923076923,gcc
llr6v8-qwen30b-c-skills,qwen30b,c,1,604720,wf_north_west,submit,score_error,0,758775,0.0,gcc
llr6v8-qwen30b-c-skills,qwen30b,c,1,604720,ext_break_find_first,submit,ok,1,932875,1.0,gcc
llr6v8-qwen30b-c-skills,qwen30b,c,1,604720,tsvc_2_s319,submit,ok,1,810883,1.0,gcc
llr6v8-qwen30b-c-skills,qwen30b,c,1,604720,wf_north_west,score,ok,1,825396,1.0,gcc
llr6v8-qwen30b-c-skills,qwen30b,c,1,604720,ext_break_find_first,submit,ok,1,1073939,1.0,gcc
llr6v8-qwen30b-c-skills,qwen30b,c,1,604720,ext_break_find_first,score,ok,1,1146729,1.923076923076923,gcc
llr6v8-qwen30b-c-skills,qwen30b,c,1,604720,wf_north_west,submit,score_error,0,859552,0.0,gcc
llr6v8-qwen30b-c-skills,qwen30b,c,1,604720,ext_break_find_first,submit,ok,1,1221542,1.0,gcc
llr6v8-qwen30b-c-skills,qwen30b,c,1,604720,wf_north_west,score,ok,1,931882,4.0,gcc
llr6v8-qwen30b-c-skills,qwen30b,c,1,604720,wf_north_west,submit,score_error,0,968933,0.0,gcc
llr6v8-qwen30b-c-skills,qwen30b,c,1,604720,wf_north_west,score,ok,1,1085810,4.0,gcc
llr6v8-qwen30b-c-skills,qwen30b,c,1,604720,tsvc_2_s319,score,ok,1,191697,1.0,gcc
llr6v8-qwen30b-c-skills,qwen30b,c,1,604720,ext_break_find_first,score,ok,1,211383,1.0,gcc
llr6v8-qwen30b-c-skills,qwen30b,c,1,604720,tsvc_2_s3111,score,ok,1,158224,1.0,gcc
llr6v8-qwen30b-c-skills,qwen30b,c,1,604720,tsvc_2_vpvts,score,ok,1,224270,1.0,gcc
llr6v8-qwen30b-c-skills,qwen30b,c,1,604720,fuse_move_ifs,score,ok,1,213356,1.0,gcc
llr6v8-qwen30b-c-skills,qwen30b,c,1,604720,tsvc_2_s152,score,ok,1,193591,1.0,gcc
llr6v8-qwen30b-c-skills,qwen30b,c,1,604720,tsvc_2_s119,score,ok,1,211358,1.0,gcc
llr6v8-qwen30b-c-skills,qwen30b,c,1,604720,wf_north_west,score,ok,1,208895,1.0,gcc
llr6v8-qwen30b-c-skills,qwen30b,c,1,604720,tsvc_2_s233,score,ok,1,196043,1.0,gcc
llr6v8-qwen30b-c-skills,qwen30b,c,1,604720,tsvc_2_s319,score,ok,1,265779,1.0,gcc
llr6v8-qwen30b-c-skills,qwen30b,c,1,604720,tsvc_2_s2710,score,ok,1,233923,1.0,gcc
llr6v8-qwen30b-c-skills,qwen30b,c,1,604720,tsvc_2_s152,score,ok,1,249670,1.0,gcc
llr6v8-qwen30b-c-skills,qwen30b,c,1,604720,fuse_move_ifs,score,ok,1,308585,1.0,gcc
llr6v8-qwen30b-c-skills,qwen30b,c,1,604720,tsvc_2_s3111,score,ok,1,290657,1.0,gcc
llr6v8-qwen30b-c-skills,qwen30b,c,1,604720,ext_break_find_first,score,ok,1,308743,1.0,gcc
llr6v8-qwen30b-c-skills,qwen30b,c,1,604720,tsvc_2_s119,score,timeout,0,269173,0.0,gcc
llr6v8-qwen30b-c-skills,qwen30b,c,1,604720,tsvc_2_s319,score,ok,1,325789,1.0,gcc
llr6v8-qwen30b-c-skills,qwen30b,c,1,604720,tsvc_2_vpvts,score,ok,1,318305,1.0,gcc
llr6v8-qwen30b-c-skills,qwen30b,c,1,604720,tsvc_2_s233,score,ok,1,254258,1.4492753623188408,gcc
llr6v8-qwen30b-c-skills,qwen30b,c,1,604720,fuse_move_ifs,score,ok,1,385122,1.0,gcc
llr6v8-qwen30b-c-skills,qwen30b,c,1,604720,wf_north_west,score,ok,1,272276,1.0,gcc
llr6v8-qwen30b-c-skills,qwen30b,c,1,604720,tsvc_2_s3111,score,ok,1,353622,1.0,gcc
llr6v8-qwen30b-c-skills,qwen30b,c,1,604720,tsvc_2_s319,score,ok,1,389605,1.0,gcc
llr6v8-qwen30b-c-skills,qwen30b,c,1,604720,tsvc_2_s119,score,timeout,0,331988,0.0,gcc
llr6v8-qwen30b-c-skills,qwen30b,c,1,604720,ext_break_find_first,score,ok,1,450496,1.0,gcc
llr6v8-qwen30b-c-skills,qwen30b,c,1,604720,tsvc_2_vpvts,score,ok,1,379223,1.0,gcc
llr6v8-qwen30b-c-skills,qwen30b,c,1,604720,tsvc_2_s152,score,ok,1,462365,1.0,gcc
llr6v8-qwen30b-c-skills,qwen30b,c,1,604720,fuse_move_ifs,score,timeout,0,466047,0.0,gcc
llr6v8-qwen30b-c-skills,qwen30b,c,1,604720,tsvc_2_s2710,score,ok,1,314801,1.0,gcc
llr6v8-qwen30b-c-skills,qwen30b,c,1,604720,tsvc_2_s233,score,ok,1,295887,1.492537313432836,gcc
llr6v8-qwen30b-c-skills,qwen30b,c,1,604720,ext_break_find_first,score,ok,1,540619,1.0,gcc
llr6v8-qwen30b-c-skills,qwen30b,c,1,604720,tsvc_2_s319,score,ok,1,481278,2.4390243902439024,gcc
llr6v8-qwen30b-c-skills,qwen30b,c,1,604720,tsvc_2_s3111,score,ok,1,420522,1.0,gcc
llr6v8-qwen30b-c-skills,qwen30b,c,1,604720,fuse_move_ifs,score,timeout,0,522391,0.0,gcc
llr6v8-qwen30b-c-skills,qwen30b,c,1,604720,tsvc_2_s233,score,ok,1,340286,1.0526315789473684,gcc
llr6v8-qwen30b-c-skills,qwen30b,c,1,604720,wf_north_west,score,ok,1,389960,1.0204081632653061,gcc
llr6v8-qwen30b-c-skills,qwen30b,c,1,604720,tsvc_2_s2710,score,incorrect,0,404869,7.692307692307692,gcc
llr6v8-qwen30b-c-skills,qwen30b,c,1,604720,tsvc_2_s152,submit,ok,1,486178,1.0,gcc
llr6v8-qwen30b-c-skills,qwen30b,c,1,604720,tsvc_2_vpvts,submit,ok,1,421593,1.0,gcc
llr6v8-qwen30b-c-skills,qwen30b,c,1,604720,ext_break_find_first,score,incorrect,0,666230,1.0,gcc
llr6v8-qwen30b-c-skills,qwen30b,c,1,604720,tsvc_2_s3111,score,ok,1,467429,1.0,gcc
llr6v8-qwen30b-c-skills,qwen30b,c,1,604720,tsvc_2_s233,score,ok,1,387322,1.0869565217391304,gcc
llr6v8-qwen30b-c-skills,qwen30b,c,1,604720,tsvc_2_s319,score,ok,1,529932,1.0,gcc
llr6v8-qwen30b-c-skills,qwen30b,c,1,604720,tsvc_2_s119,score,timeout,0,475123,0.0,gcc
llr6v8-qwen30b-c-skills,qwen30b,c,1,604720,tsvc_2_vpvts,score,ok,1,465510,1.0,gcc
llr6v8-qwen30b-c-skills,qwen30b,c,1,604720,tsvc_2_s2710,score,ok,1,452836,2.0,gcc
llr6v8-qwen30b-c-skills,qwen30b,c,1,604720,fuse_move_ifs,score,ok,1,611963,1.0,gcc
llr6v8-qwen30b-c-skills,qwen30b,c,1,604720,wf_north_west,score,ok,1,440985,1.9607843137254901,gcc
llr6v8-qwen30b-c-skills,qwen30b,c,1,604720,tsvc_2_s233,score,ok,1,436965,1.0,gcc
llr6v8-qwen30b-c-skills,qwen30b,c,1,604720,tsvc_2_vpvts,score,ok,1,511060,1.0204081632653061,gcc
llr6v8-qwen30b-c-skills,qwen30b,c,1,604720,tsvc_2_s119,score,ok,1,554720,1.0,gcc
llr6v8-qwen30b-c-skills,qwen30b,c,1,604720,tsvc_2_s319,submit,ok,1,580560,1.0,gcc
llr6v8-qwen30b-c-skills,qwen30b,c,1,604720,fuse_move_ifs,score,ok,1,707540,1.0,gcc
llr6v8-qwen30b-c-skills,qwen30b,c,1,604720,tsvc_2_s2710,submit,ok,1,477648,1.8867924528301885,gcc
llr6v8-qwen30b-c-skills,qwen30b,c,1,604720,wf_north_west,score,incorrect,0,494333,1.0,gcc
llr6v8-qwen30b-c-skills,qwen30b,c,1,604720,tsvc_2_s233,score,ok,1,601099,1.492537313432836,gcc
llr6v8-qwen30b-c-skills,qwen30b,c,1,604720,ext_break_find_first,score,ok,1,941894,1.0,gcc
llr6v8-qwen30b-c-skills,qwen30b,c,1,604720,tsvc_2_s3111,submit,ok,1,674676,1.0,gcc
llr6v8-qwen30b-c-skills,qwen30b,c,1,604720,fuse_move_ifs,score,ok,1,773687,1.0752688172043012,gcc
llr6v8-qwen30b-c-skills,qwen30b,c,1,604720,tsvc_2_s119,score,timeout,0,639976,0.0,gcc
llr6v8-qwen30b-c-skills,qwen30b,c,1,604720,tsvc_2_vpvts,submit,ok,1,534495,1.0,gcc
llr6v8-qwen30b-c-skills,qwen30b,c,1,604720,tsvc_2_s319,score,ok,1,716238,1.0,gcc
llr6v8-qwen30b-c-skills,qwen30b,c,1,604720,tsvc_2_s2710,score,ok,1,556261,2.857142857142857,gcc
llr6v8-qwen30b-c-skills,qwen30b,c,1,604720,tsvc_2_s3111,score,ok,1,731005,1.0,gcc
llr6v8-qwen30b-c-skills,qwen30b,c,1,604720,wf_north_west,score,ok,1,607877,1.0,gcc
llr6v8-qwen30b-c-skills,qwen30b,c,1,604720,ext_break_find_first,score,incorrect,0,1053284,1.0,gcc
llr6v8-qwen30b-c-skills,qwen30b,c,1,604720,tsvc_2_s233,submit,ok,1,629766,1.1904761904761905,gcc
llr6v8-qwen30b-c-skills,qwen30b,c,1,604720,fuse_move_ifs,score,ok,1,842222,1.0,gcc
llr6v8-qwen30b-c-skills,qwen30b,c,1,604720,tsvc_2_s3111,score,timeout,0,789103,0.0,gcc
llr6v8-qwen30b-c-skills,qwen30b,c,1,604720,tsvc_2_s319,submit,ok,1,744606,1.0,gcc
llr6v8-qwen30b-c-skills,qwen30b,c,1,604720,ext_break_find_first,score,ok,1,1130268,1.0,gcc
llr6v8-qwen30b-c-skills,qwen30b,c,1,604720,tsvc_2_s2710,submit,ok,1,583295,2.173913043478261,gcc
llr6v8-qwen30b-c-skills,qwen30b,c,1,604720,tsvc_2_s3111,score,ok,1,910658,1.0,gcc
llr6v8-qwen30b-c-skills,qwen30b,c,1,604720,tsvc_2_s119,submit,ok,1,699506,1.0,gcc
llr6v8-qwen30b-c-skills,qwen30b,c,1,604720,tsvc_2_s319,score,ok,1,802988,1.0,gcc
llr6v8-qwen30b-c-skills,qwen30b,c,1,604720,ext_break_find_first,submit,overfit,0,1169569,1.1111111111111112,gcc
llr6v8-qwen30b-c-skills,qwen30b,c,1,604720,wf_north_west,submit,score_error,0,637535,0.0,gcc
llr6v8-qwen30b-c-skills,qwen30b,c,1,604720,fuse_move_ifs,submit,ok,1,913111,1.0,gcc
llr6v8-qwen30b-c-skills,qwen30b,c,1,604720,tsvc_2_s119,score,timeout,0,761449,0.0,gcc
llr6v8-qwen30b-c-skills,qwen30b,c,1,604720,ext_break_find_first,score,ok,1,1249575,1.0,gcc
llr6v8-qwen30b-c-skills,qwen30b,c,1,604720,tsvc_2_s3111,submit,ok,1,942016,1.3157894736842106,gcc
llr6v8-qwen30b-c-skills,qwen30b,c,1,604720,wf_north_west,score,ok,1,791975,1.0309278350515465,gcc
llr6v8-qwen30b-c-skills,qwen30b,c,1,604720,tsvc_2_s119,score,ok,1,825378,1.25,gcc
llr6v8-qwen30b-c-skills,qwen30b,c,1,604720,ext_break_find_first,score,incorrect,0,1373343,1.0,gcc
llr6v8-qwen30b-c-skills,qwen30b,c,1,604720,tsvc_2_s2710,submit,ok,1,638899,2.7777777777777777,gcc
llr6v8-qwen30b-c-skills,qwen30b,c,1,604720,tsvc_2_s319,submit,ok,1,863355,1.0,gcc
llr6v8-qwen30b-c-skills,qwen30b,c,1,604720,tsvc_2_s2710,score,ok,1,817588,2.7027027027027026,gcc
llr6v8-qwen30b-c-skills,qwen30b,c,1,604720,fuse_move_ifs,submit,ok,1,1061988,1.0,gcc
llr6v8-qwen30b-c-skills,qwen30b,c,1,604720,tsvc_2_s319,score,ok,1,957183,1.0,gcc
llr6v8-qwen30b-c-skills,qwen30b,c,1,604720,tsvc_2_s119,submit,ok,1,857982,1.0,gcc
llr6v8-qwen30b-c-skills,qwen30b,c,1,604720,ext_break_find_first,score,ok,1,1501916,1.0638297872340425,gcc
llr6v8-qwen30b-c-skills,qwen30b,c,1,604720,wf_north_west,submit,score_error,0,855925,0.0,gcc
llr6v8-qwen30b-c-skills,qwen30b,c,1,604720,wf_north_west,score,ok,1,923703,1.0,gcc
llr6v8-qwen30b-c-skills,qwen30b,c,1,604720,ext_break_find_first,submit,overfit,0,1545812,1.0,gcc
llr6v8-qwen30b-c-skills,qwen30b,c,1,604720,wf_north_west,score,ok,1,958231,1.0,gcc
llr6v8-qwen30b-c-skills,qwen30b,c,1,604720,tsvc_2_s2710,submit,ok,1,848777,3.0303030303030307,gcc
llr6v8-qwen30b-c-skills,qwen30b,c,1,604720,tsvc_2_s319,submit,ok,1,989218,1.0,gcc
llr6v8-qwen30b-c-skills,qwen30b,c,1,604720,ext_break_find_first,score,ok,1,1634884,1.0,gcc
llr6v8-qwen30b-c-skills,qwen30b,c,1,604720,wf_north_west,submit,score_error,0,993079,0.0,gcc
llr6v8-qwen30b-c-skills,qwen30b,c,1,604720,ext_break_find_first,submit,ok,1,1680005,1.0,gcc
llr6v8-qwen30b-c-skills,qwen30b,c,1,604720,ext_break_find_first,submit,ok,1,1910989,1.0,gcc
llr6v8-qwen30b-c-skills,qwen30b,c,1,604720,fuse_move_ifs,score,ok,1,143261,1.0,gcc
llr6v8-qwen30b-c-skills,qwen30b,c,1,604720,tsvc_2_s2710,score,ok,1,161597,1.0,gcc
llr6v8-qwen30b-c-skills,qwen30b,c,1,604720,tsvc_2_s152,score,ok,1,212112,1.0,gcc
llr6v8-qwen30b-c-skills,qwen30b,c,1,604720,tsvc_2_vpvts,score,ok,1,207897,1.0,gcc
llr6v8-qwen30b-c-skills,qwen30b,c,1,604720,ext_break_find_first,score,ok,1,213176,1.0,gcc
llr6v8-qwen30b-c-skills,qwen30b,c,1,604720,wf_north_west,score,ok,1,208857,1.0,gcc
llr6v8-qwen30b-c-skills,qwen30b,c,1,604720,tsvc_2_s319,score,ok,1,277993,1.0,gcc
llr6v8-qwen30b-c-skills,qwen30b,c,1,604720,tsvc_2_s119,score,ok,1,246377,1.0,gcc
llr6v8-qwen30b-c-skills,qwen30b,c,1,604720,tsvc_2_s3111,score,ok,1,304347,1.0,gcc
llr6v8-qwen30b-c-skills,qwen30b,c,1,604720,tsvc_2_s152,score,ok,1,269197,1.0,gcc
llr6v8-qwen30b-c-skills,qwen30b,c,1,604720,fuse_move_ifs,score,ok,1,198840,1.0,gcc
llr6v8-qwen30b-c-skills,qwen30b,c,1,604720,tsvc_2_s233,score,incorrect,0,250649,1.0752688172043012,gcc
llr6v8-qwen30b-c-skills,qwen30b,c,1,604720,tsvc_2_vpvts,score,ok,1,262872,1.0,gcc
llr6v8-qwen30b-c-skills,qwen30b,c,1,604720,tsvc_2_s319,score,ok,1,372573,1.2987012987012987,gcc
llr6v8-qwen30b-c-skills,qwen30b,c,1,604720,tsvc_2_s3111,score,ok,1,377139,5.000000000000001,gcc
llr6v8-qwen30b-c-skills,qwen30b,c,1,604720,tsvc_2_s2710,score,ok,1,219043,2.3255813953488373,gcc
llr6v8-qwen30b-c-skills,qwen30b,c,1,604720,ext_break_find_first,score,ok,1,291860,1.0,gcc
llr6v8-qwen30b-c-skills,qwen30b,c,1,604720,tsvc_2_s152,score,ok,1,329980,1.0,gcc
llr6v8-qwen30b-c-skills,qwen30b,c,1,604720,tsvc_2_vpvts,score,ok,1,321068,1.0416666666666667,gcc
llr6v8-qwen30b-c-skills,qwen30b,c,1,604720,tsvc_2_s119,score,timeout,0,305102,0.0,gcc
llr6v8-qwen30b-c-skills,qwen30b,c,1,604720,tsvc_2_s319,score,ok,1,471099,1.1764705882352942,gcc
llr6v8-qwen30b-c-skills,qwen30b,c,1,604720,fuse_move_ifs,score,ok,1,259062,1.0101010101010102,gcc
llr6v8-qwen30b-c-skills,qwen30b,c,1,604720,tsvc_2_s3111,score,ok,1,453985,7.692307692307692,gcc
llr6v8-qwen30b-c-skills,qwen30b,c,1,604720,tsvc_2_vpvts,score,ok,1,361648,1.0,gcc
llr6v8-qwen30b-c-skills,qwen30b,c,1,604720,wf_north_west,score,timeout,0,296389,0.0,gcc
llr6v8-qwen30b-c-skills,qwen30b,c,1,604720,ext_break_find_first,score,ok,1,355904,1.0,gcc
llr6v8-qwen30b-c-skills,qwen30b,c,1,604720,tsvc_2_s3111,score,ok,1,480380,1.3888888888888888,gcc
llr6v8-qwen30b-c-skills,qwen30b,c,1,604720,tsvc_2_s152,score,ok,1,416271,1.0,gcc
llr6v8-qwen30b-c-skills,qwen30b,c,1,604720,tsvc_2_vpvts,score,ok,1,403831,1.0,gcc
llr6v8-qwen30b-c-skills,qwen30b,c,1,604720,tsvc_2_s2710,score,ok,1,306191,1.3513513513513513,gcc
llr6v8-qwen30b-c-skills,qwen30b,c,1,604720,tsvc_2_s3111,score,ok,1,562163,3.571428571428571,gcc
llr6v8-qwen30b-c-skills,qwen30b,c,1,604720,wf_north_west,score,ok,1,368501,1.0869565217391304,gcc
llr6v8-qwen30b-c-skills,qwen30b,c,1,604720,tsvc_2_s119,score,ok,1,392374,1.0,gcc
llr6v8-qwen30b-c-skills,qwen30b,c,1,604720,fuse_move_ifs,score,ok,1,370636,1.0,gcc
llr6v8-qwen30b-c-skills,qwen30b,c,1,604720,tsvc_2_s233,score,ok,1,382599,1.1363636363636365,gcc
llr6v8-qwen30b-c-skills,qwen30b,c,1,604720,tsvc_2_vpvts,score,ok,1,447593,1.0,gcc
llr6v8-qwen30b-c-skills,qwen30b,c,1,604720,tsvc_2_s319,submit,ok,1,573694,1.0,gcc
llr6v8-qwen30b-c-skills,qwen30b,c,1,604720,wf_north_west,score,ok,1,445387,1.0,gcc
llr6v8-qwen30b-c-skills,qwen30b,c,1,604720,tsvc_2_s152,submit,ok,1,485292,1.0,gcc
llr6v8-qwen30b-c-skills,qwen30b,c,1,604720,tsvc_2_s3111,submit,ok,1,590149,3.846153846153846,gcc
llr6v8-qwen30b-c-skills,qwen30b,c,1,604720,ext_break_find_first,score,ok,1,521441,1.0,gcc
llr6v8-qwen30b-c-skills,qwen30b,c,1,604720,tsvc_2_s2710,submit,ok,1,353129,1.4084507042253522,gcc
llr6v8-qwen30b-c-skills,qwen30b,c,1,604720,tsvc_2_s119,score,ok,1,464876,1.0,gcc
llr6v8-qwen30b-c-skills,qwen30b,c,1,604720,tsvc_2_s233,score,incorrect,0,457171,1.0526315789473684,gcc
llr6v8-qwen30b-c-skills,qwen30b,c,1,604720,tsvc_2_s152,score,ok,1,533710,1.0,gcc
llr6v8-qwen30b-c-skills,qwen30b,c,1,604720,tsvc_2_s319,score,ok,1,644579,1.9607843137254901,gcc
llr6v8-qwen30b-c-skills,qwen30b,c,1,604720,wf_north_west,score,ok,1,499208,1.0,gcc
llr6v8-qwen30b-c-skills,qwen30b,c,1,604720,tsvc_2_vpvts,submit,ok,1,515987,1.0,gcc
llr6v8-qwen30b-c-skills,qwen30b,c,1,604720,ext_break_find_first,submit,ok,1,546860,1.0,gcc
llr6v8-qwen30b-c-skills,qwen30b,c,1,604720,tsvc_2_s319,submit,ok,1,680694,2.127659574468085,gcc
llr6v8-qwen30b-c-skills,qwen30b,c,1,604720,tsvc_2_s152,submit,ok,1,583931,1.0,gcc
llr6v8-qwen30b-c-skills,qwen30b,c,1,604720,tsvc_2_s2710,score,ok,1,453499,1.6949152542372883,gcc
llr6v8-qwen30b-c-skills,qwen30b,c,1,604720,tsvc_2_vpvts,score,build_error,0,563788,0.0,gcc
llr6v8-qwen30b-c-skills,qwen30b,c,1,604720,tsvc_2_s233,score,ok,1,537171,1.0,gcc
llr6v8-qwen30b-c-skills,qwen30b,c,1,604720,fuse_move_ifs,score,ok,1,550252,1.0,gcc
llr6v8-qwen30b-c-skills,qwen30b,c,1,604720,tsvc_2_vpvts,submit,build_error,0,588660,0.0,gcc
llr6v8-qwen30b-c-skills,qwen30b,c,1,604720,wf_north_west,score,incorrect,0,555277,1.0,gcc
llr6v8-qwen30b-c-skills,qwen30b,c,1,604720,tsvc_2_s152,score,ok,1,636059,1.0,gcc
llr6v8-qwen30b-c-skills,qwen30b,c,1,604720,tsvc_2_vpvts,score,ok,1,666765,1.0,gcc
llr6v8-qwen30b-c-skills,qwen30b,c,1,604720,tsvc_2_s119,score,ok,1,627555,1.0,gcc
llr6v8-qwen30b-c-skills,qwen30b,c,1,604720,tsvc_2_s233,score,ok,1,622620,1.0,gcc
llr6v8-qwen30b-c-skills,qwen30b,c,1,604720,tsvc_2_s2710,submit,ok,1,479949,1.1627906976744187,gcc
llr6v8-qwen30b-c-skills,qwen30b,c,1,604720,tsvc_2_s319,submit,ok,1,829080,2.127659574468085,gcc
llr6v8-qwen30b-c-skills,qwen30b,c,1,604720,fuse_move_ifs,score,ok,1,697930,1.0,gcc
llr6v8-qwen30b-c-skills,qwen30b,c,1,604720,wf_north_west,score,ok,1,613433,1.0,gcc
llr6v8-qwen30b-c-skills,qwen30b,c,1,604720,tsvc_2_s119,score,ok,1,686719,1.25,gcc
llr6v8-qwen30b-c-skills,qwen30b,c,1,604720,tsvc_2_s2710,score,ok,1,563033,2.272727272727273,gcc
llr6v8-qwen30b-c-skills,qwen30b,c,1,604720,tsvc_2_s152,submit,ok,1,663126,1.0,gcc
llr6v8-qwen30b-c-skills,qwen30b,c,1,604720,tsvc_2_vpvts,submit,ok,1,693442,1.4705882352941178,gcc
llr6v8-qwen30b-c-skills,qwen30b,c,1,604720,tsvc_2_s233,score,ok,1,714007,1.0869565217391304,gcc
llr6v8-qwen30b-c-skills,qwen30b,c,1,604720,fuse_move_ifs,submit,ok,1,728926,1.1363636363636365,gcc
llr6v8-qwen30b-c-skills,qwen30b,c,1,604720,tsvc_2_s2710,submit,ok,1,592113,1.6129032258064517,gcc
llr6v8-qwen30b-c-skills,qwen30b,c,1,604720,tsvc_2_s119,submit,ok,1,717022,1.0,gcc
llr6v8-qwen30b-c-skills,qwen30b,c,1,604720,wf_north_west,submit,score_error,0,736024,0.0,gcc
llr6v8-qwen30b-c-skills,qwen30b,c,1,604720,tsvc_2_s233,score,ok,1,778220,1.0,gcc
llr6v8-qwen30b-c-skills,qwen30b,c,1,604720,tsvc_2_s152,submit,ok,1,776939,1.0,gcc
llr6v8-qwen30b-c-skills,qwen30b,c,1,604720,fuse_move_ifs,score,ok,1,825040,1.0,gcc
llr6v8-qwen30b-c-skills,qwen30b,c,1,604720,tsvc_2_s119,score,ok,1,779092,1.0,gcc
llr6v8-qwen30b-c-skills,qwen30b,c,1,604720,wf_north_west,score,ok,1,768844,1.0,gcc
llr6v8-qwen30b-c-skills,qwen30b,c,1,604720,tsvc_2_vpvts,submit,ok,1,776301,1.0,gcc
llr6v8-qwen30b-c-skills,qwen30b,c,1,604720,tsvc_2_s233,submit,ok,1,811291,1.0309278350515465,gcc
llr6v8-qwen30b-c-skills,qwen30b,c,1,604720,fuse_move_ifs,submit,ok,1,857853,1.2987012987012987,gcc
llr6v8-qwen30b-c-skills,qwen30b,c,1,604720,tsvc_2_s119,submit,ok,1,810825,1.2345679012345678,gcc
llr6v8-qwen30b-c-skills,qwen30b,c,1,604720,wf_north_west,score,ok,1,905781,1.9607843137254901,gcc
llr6v8-qwen30b-c-skills,qwen30b,c,1,604720,fuse_move_ifs,score,ok,1,958891,1.0,gcc
llr6v8-qwen30b-c-skills,qwen30b,c,1,604720,tsvc_2_s152,submit,ok,1,1024993,1.0,gcc
llr6v8-qwen30b-c-skills,qwen30b,c,1,604720,tsvc_2_s233,score,ok,1,950016,1.4705882352941178,gcc
llr6v8-qwen30b-c-skills,qwen30b,c,1,604720,wf_north_west,submit,score_error,0,941256,0.0,gcc
llr6v8-qwen30b-c-skills,qwen30b,c,1,604720,tsvc_2_s233,submit,ok,1,986017,1.0,gcc
llr6v8-qwen30b-c-skills,qwen30b,c,1,604720,fuse_move_ifs,submit,ok,1,993399,1.0,gcc
llr6v8-qwen30b-c-skills,qwen30b,c,1,604720,tsvc_2_s119,submit,ok,1,942939,1.0,gcc
llr6v8-qwen30b-c-skills,qwen30b,c,1,604720,wf_north_west,score,ok,1,1015653,3.846153846153846,gcc
llr6v8-qwen30b-c-skills,qwen30b,c,1,604720,wf_north_west,submit,score_error,0,1053492,0.0,gcc
llr6v8-qwen30b-c-skills,qwen30b,c,1,604720,wf_north_west,score,ok,1,1092734,1.923076923076923,gcc
llr6v8-qwen30b-c-skills,qwen30b,c,1,604720,tsvc_2_s233,submit,ok,1,1134333,1.0,gcc
llr6v8-qwen30b-c-skills,qwen30b,c,1,604720,tsvc_2_s119,submit,ok,1,1048031,1.0101010101010102,gcc
llr6v8-qwen30b-c-skills,qwen30b,c,1,604720,wf_north_west,score,ok,1,1213108,3.846153846153846,gcc
llr6v8-qwen30b-c-skills,qwen30b,c,1,604720,fuse_move_ifs,submit,ok,1,1326133,1.0,gcc
llr6v8-qwen30b-c-skills,qwen30b,c,1,604720,wf_north_west,submit,score_error,0,1254452,0.0,gcc
llr6v8-qwen30b-c-skills,qwen30b,c,1,604720,wf_north_west,score,ok,1,1297637,1.6666666666666667,gcc
llr6v8-qwen30b-c-skills,qwen30b,c,1,604720,tsvc_2_s119,submit,ok,1,1313033,1.9607843137254901,gcc
llr6v8-qwen30b-c-skills,qwen30b,c,1,604720,ext_break_post_body,score,ok,1,246115,1.0,gcc
llr6v8-qwen30b-c-skills,qwen30b,c,1,604720,tsvc_2_s3112,score,ok,1,241448,1.0,gcc
llr6v8-qwen30b-c-skills,qwen30b,c,1,604720,wf_triangular,score,ok,1,206320,1.0,gcc
llr6v8-qwen30b-c-skills,qwen30b,c,1,604720,tsvc_2_vtvtv,score,ok,1,224879,1.0,gcc
llr6v8-qwen30b-c-skills,qwen30b,c,1,604720,tsvc_2_s1232,score,timeout,0,212540,0.0,gcc
llr6v8-qwen30b-c-skills,qwen30b,c,1,604720,tsvc_2_s323,score,timeout,0,193417,0.0,gcc
llr6v8-qwen30b-c-skills,qwen30b,c,1,604720,fuse_stencil_through_transient,score,ok,1,266807,3.846153846153846,gcc
llr6v8-qwen30b-c-skills,qwen30b,c,1,604720,tsvc_2_s2233,score,ok,1,213550,1.0,gcc
llr6v8-qwen30b-c-skills,qwen30b,c,1,604720,tsvc_2_s275,score,ok,1,193705,1.0,gcc
llr6v8-qwen30b-c-skills,qwen30b,c,1,604720,tsvc_2_vtvtv,score,ok,1,280340,1.0,gcc
llr6v8-qwen30b-c-skills,qwen30b,c,1,604720,tsvc_2_s1232,score,timeout,0,291169,0.0,gcc
llr6v8-qwen30b-c-skills,qwen30b,c,1,604720,tsvc_2_s235,score,ok,1,271764,1.0,gcc
llr6v8-qwen30b-c-skills,qwen30b,c,1,604720,wf_triangular,score,timeout,0,268375,0.0,gcc
llr6v8-qwen30b-c-skills,qwen30b,c,1,604720,tsvc_2_s3112,score,ok,1,317162,1.0,gcc
llr6v8-qwen30b-c-skills,qwen30b,c,1,604720,ext_break_post_body,score,incorrect,0,377874,1.0,gcc
llr6v8-qwen30b-c-skills,qwen30b,c,1,604720,tsvc_2_s323,score,ok,1,353757,1.2195121951219512,gcc
llr6v8-qwen30b-c-skills,qwen30b,c,1,604720,tsvc_2_vtvtv,score,ok,1,359812,1.0,gcc
llr6v8-qwen30b-c-skills,qwen30b,c,1,604720,wf_triangular,score,timeout,0,334830,0.0,gcc
llr6v8-qwen30b-c-skills,qwen30b,c,1,604720,tsvc_2_s1232,score,ok,1,355995,1.0,gcc
llr6v8-qwen30b-c-skills,qwen30b,c,1,604720,tsvc_2_s3112,score,incorrect,0,378277,1.0,gcc
llr6v8-qwen30b-c-skills,qwen30b,c,1,604720,fuse_stencil_through_transient,score,ok,1,327979,4.0,gcc
llr6v8-qwen30b-c-skills,qwen30b,c,1,604720,tsvc_2_s235,score,ok,1,347783,1.0,gcc
llr6v8-qwen30b-c-skills,qwen30b,c,1,604720,tsvc_2_s323,score,ok,1,398883,1.1235955056179776,gcc
llr6v8-qwen30b-c-skills,qwen30b,c,1,604720,tsvc_2_s3112,score,timeout,0,421028,0.0,gcc
llr6v8-qwen30b-c-skills,qwen30b,c,1,604720,tsvc_2_s275,score,ok,1,292661,1.0,gcc
llr6v8-qwen30b-c-skills,qwen30b,c,1,604720,tsvc_2_vtvtv,submit,ok,1,422523,1.0,gcc
llr6v8-qwen30b-c-skills,qwen30b,c,1,604720,tsvc_2_s2233,score,ok,1,294171,1.0,gcc
llr6v8-qwen30b-c-skills,qwen30b,c,1,604720,fuse_stencil_through_transient,score,ok,1,371657,4.0,gcc
llr6v8-qwen30b-c-skills,qwen30b,c,1,604720,wf_triangular,score,ok,1,429259,1.0,gcc
llr6v8-qwen30b-c-skills,qwen30b,c,1,604720,ext_break_post_body,score,ok,1,480145,1.0,gcc
llr6v8-qwen30b-c-skills,qwen30b,c,1,604720,tsvc_2_s1232,score,ok,1,425783,1.0,gcc
llr6v8-qwen30b-c-skills,qwen30b,c,1,604720,tsvc_2_s323,score,ok,1,446211,1.0,gcc
llr6v8-qwen30b-c-skills,qwen30b,c,1,604720,fuse_stencil_through_transient,score,build_error,0,417246,0.0,gcc
llr6v8-qwen30b-c-skills,qwen30b,c,1,604720,tsvc_2_s3112,score,ok,1,465439,1.0,gcc
llr6v8-qwen30b-c-skills,qwen30b,c,1,604720,tsvc_2_s235,score,incorrect,0,428830,1.2048192771084338,gcc
llr6v8-qwen30b-c-skills,qwen30b,c,1,604720,tsvc_2_vtvtv,score,ok,1,488259,1.0,gcc
llr6v8-qwen30b-c-skills,qwen30b,c,1,604720,tsvc_2_s275,score,ok,1,336074,1.0,gcc
llr6v8-qwen30b-c-skills,qwen30b,c,1,604720,tsvc_2_s1232,score,timeout,0,474947,0.0,gcc
llr6v8-qwen30b-c-skills,qwen30b,c,1,604720,tsvc_2_s2233,score,ok,1,361637,1.0,gcc
llr6v8-qwen30b-c-skills,qwen30b,c,1,604720,tsvc_2_s323,score,ok,1,495678,1.0,gcc
llr6v8-qwen30b-c-skills,qwen30b,c,1,604720,fuse_stencil_through_transient,score,ok,1,465470,3.846153846153846,gcc
llr6v8-qwen30b-c-skills,qwen30b,c,1,604720,ext_break_post_body,score,incorrect,0,619870,1.0,gcc
llr6v8-qwen30b-c-skills,qwen30b,c,1,604720,tsvc_2_s235,score,ok,1,485679,1.0,gcc
llr6v8-qwen30b-c-skills,qwen30b,c,1,604720,tsvc_2_s3112,score,timeout,0,609170,0.0,gcc
llr6v8-qwen30b-c-skills,qwen30b,c,1,604720,tsvc_2_s1232,score,timeout,0,553184,0.0,gcc
llr6v8-qwen30b-c-skills,qwen30b,c,1,604720,tsvc_2_vtvtv,submit,ok,1,511080,1.0,gcc
llr6v8-qwen30b-c-skills,qwen30b,c,1,604720,tsvc_2_s275,score,ok,1,381866,1.0416666666666667,gcc
llr6v8-qwen30b-c-skills,qwen30b,c,1,604720,tsvc_2_s323,score,ok,1,547304,1.0,gcc
llr6v8-qwen30b-c-skills,qwen30b,c,1,604720,ext_break_post_body,score,incorrect,0,709344,1.0,gcc
llr6v8-qwen30b-c-skills,qwen30b,c,1,604720,fuse_stencil_through_transient,submit,ok,1,490218,4.0,gcc
llr6v8-qwen30b-c-skills,qwen30b,c,1,604720,wf_triangular,score,ok,1,561336,1.0,gcc
llr6v8-qwen30b-c-skills,qwen30b,c,1,604720,tsvc_2_s235,score,ok,1,575754,1.0,gcc
llr6v8-qwen30b-c-skills,qwen30b,c,1,604720,tsvc_2_s3112,score,ok,1,660621,1.0,gcc
llr6v8-qwen30b-c-skills,qwen30b,c,1,604720,tsvc_2_s323,score,ok,1,601284,1.0,gcc
llr6v8-qwen30b-c-skills,qwen30b,c,1,604720,tsvc_2_s1232,score,ok,1,636771,1.0,gcc
llr6v8-qwen30b-c-skills,qwen30b,c,1,604720,tsvc_2_s2233,score,ok,1,461689,1.0,gcc
llr6v8-qwen30b-c-skills,qwen30b,c,1,604720,ext_break_post_body,score,ok,1,771151,1.0,gcc
llr6v8-qwen30b-c-skills,qwen30b,c,1,604720,tsvc_2_s275,score,ok,1,430023,1.0,gcc
llr6v8-qwen30b-c-skills,qwen30b,c,1,604720,tsvc_2_s235,score,ok,1,670620,1.1764705882352942,gcc
llr6v8-qwen30b-c-skills,qwen30b,c,1,604720,tsvc_2_s323,submit,ok,1,629069,1.0,gcc
llr6v8-qwen30b-c-skills,qwen30b,c,1,604720,tsvc_2_s3112,submit,ok,1,687043,1.0,gcc
llr6v8-qwen30b-c-skills,qwen30b,c,1,604720,wf_triangular,submit,score_error,0,589882,0.0,gcc
llr6v8-qwen30b-c-skills,qwen30b,c,1,604720,fuse_stencil_through_transient,submit,ok,1,593358,4.166666666666667,gcc
llr6v8-qwen30b-c-skills,qwen30b,c,1,604720,tsvc_2_s1232,score,ok,1,695928,1.0101010101010102,gcc
llr6v8-qwen30b-c-skills,qwen30b,c,1,604720,tsvc_2_s323,score,ok,1,686238,1.0,gcc
llr6v8-qwen30b-c-skills,qwen30b,c,1,604720,tsvc_2_s3112,score,ok,1,768950,1.0,gcc
llr6v8-qwen30b-c-skills,qwen30b,c,1,604720,tsvc_2_s2233,score,ok,1,573835,1.0,gcc
llr6v8-qwen30b-c-skills,qwen30b,c,1,604720,tsvc_2_s275,score,ok,1,480387,1.0,gcc
llr6v8-qwen30b-c-skills,qwen30b,c,1,604720,ext_break_post_body,score,incorrect,0,921831,1.0,gcc
llr6v8-qwen30b-c-skills,qwen30b,c,1,604720,wf_triangular,score,ok,1,650749,1.0,gcc
llr6v8-qwen30b-c-skills,qwen30b,c,1,604720,tsvc_2_s235,score,incorrect,0,769998,1.7241379310344827,gcc
llr6v8-qwen30b-c-skills,qwen30b,c,1,604720,tsvc_2_s1232,score,ok,1,757536,1.0101010101010102,gcc
llr6v8-qwen30b-c-skills,qwen30b,c,1,604720,tsvc_2_s323,submit,ok,1,715550,1.1627906976744187,gcc
llr6v8-qwen30b-c-skills,qwen30b,c,1,604720,wf_triangular,score,ok,1,713306,1.0,gcc
llr6v8-qwen30b-c-skills,qwen30b,c,1,604720,tsvc_2_s3112,submit,ok,1,825661,1.0,gcc
llr6v8-qwen30b-c-skills,qwen30b,c,1,604720,ext_break_post_body,score,incorrect,0,1044984,1.0,gcc
llr6v8-qwen30b-c-skills,qwen30b,c,1,604720,wf_triangular,score,score_error,0,842934,0.0,gcc
llr6v8-qwen30b-c-skills,qwen30b,c,1,604720,tsvc_2_s2233,submit,ok,1,603653,1.0,gcc
llr6v8-qwen30b-c-skills,qwen30b,c,1,604720,tsvc_2_s275,submit,ok,1,560479,1.0,gcc
llr6v8-qwen30b-c-skills,qwen30b,c,1,604720,wf_triangular,score,timeout,0,909054,0.0,gcc
llr6v8-qwen30b-c-skills,qwen30b,c,1,604720,ext_break_post_body,score,timeout,0,1172435,0.0,gcc
llr6v8-qwen30b-c-skills,qwen30b,c,1,604720,tsvc_2_s1232,submit,ok,1,789069,1.0,gcc
llr6v8-qwen30b-c-skills,qwen30b,c,1,604720,tsvc_2_s235,submit,ok,1,839436,1.0,gcc
llr6v8-qwen30b-c-skills,qwen30b,c,1,604720,tsvc_2_s323,submit,ok,1,836879,1.1764705882352942,gcc
llr6v8-qwen30b-c-skills,qwen30b,c,1,604720,tsvc_2_s275,score,ok,1,644546,1.0,gcc
llr6v8-qwen30b-c-skills,qwen30b,c,1,604720,tsvc_2_s2233,score,ok,1,665752,1.0,gcc
llr6v8-qwen30b-c-skills,qwen30b,c,1,604720,tsvc_2_s3112,submit,ok,1,975612,1.0,gcc
llr6v8-qwen30b-c-skills,qwen30b,c,1,604720,ext_break_post_body,score,ok,1,1259737,1.3333333333333333,gcc
llr6v8-qwen30b-c-skills,qwen30b,c,1,604720,tsvc_2_s235,score,ok,1,911444,1.0,gcc
llr6v8-qwen30b-c-skills,qwen30b,c,1,604720,wf_triangular,submit,score_error,0,942452,0.0,gcc
llr6v8-qwen30b-c-skills,qwen30b,c,1,604720,tsvc_2_s1232,submit,ok,1,886509,3.4482758620689653,gcc
llr6v8-qwen30b-c-skills,qwen30b,c,1,604720,ext_break_post_body,score,incorrect,0,1394631,1.2195121951219512,gcc
llr6v8-qwen30b-c-skills,qwen30b,c,1,604720,tsvc_2_s2233,score,ok,1,765675,2.127659574468085,gcc
llr6v8-qwen30b-c-skills,qwen30b,c,1,604720,tsvc_2_s275,score,ok,1,764232,3.846153846153846,gcc
llr6v8-qwen30b-c-skills,qwen30b,c,1,604720,tsvc_2_s235,score,ok,1,986111,3.846153846153846,gcc
llr6v8-qwen30b-c-skills,qwen30b,c,1,604720,wf_triangular,score,ok,1,1012945,1.0,gcc
llr6v8-qwen30b-c-skills,qwen30b,c,1,604720,tsvc_2_s235,submit,ok,1,1024282,1.9607843137254901,gcc
llr6v8-qwen30b-c-skills,qwen30b,c,1,604720,tsvc_2_s275,score,ok,1,827827,3.846153846153846,gcc
llr6v8-qwen30b-c-skills,qwen30b,c,1,604720,ext_break_post_body,score,ok,1,1582415,1.3333333333333333,gcc
llr6v8-qwen30b-c-skills,qwen30b,c,1,604720,wf_triangular,score,ok,1,1085898,1.0,gcc
llr6v8-qwen30b-c-skills,qwen30b,c,1,604720,tsvc_2_s2233,score,ok,1,873429,1.0,gcc
llr6v8-qwen30b-c-skills,qwen30b,c,1,604720,ext_break_post_body,score,incorrect,0,1728744,1.0,gcc
llr6v8-qwen30b-c-skills,qwen30b,c,1,604720,tsvc_2_s235,score,ok,1,1102373,1.3333333333333333,gcc
llr6v8-qwen30b-c-skills,qwen30b,c,1,604720,tsvc_2_s275,submit,ok,1,860340,1.0,gcc
llr6v8-qwen30b-c-skills,qwen30b,c,1,604720,tsvc_2_s2233,score,ok,1,949205,1.0,gcc
llr6v8-qwen30b-c-skills,qwen30b,c,1,604720,tsvc_2_s275,score,ok,1,926983,1.4285714285714286,gcc
llr6v8-qwen30b-c-skills,qwen30b,c,1,604720,wf_triangular,submit,score_error,0,1123004,0.0,gcc
llr6v8-qwen30b-c-skills,qwen30b,c,1,604720,ext_break_post_body,submit,ok,1,1828257,1.0,gcc
llr6v8-qwen30b-c-skills,qwen30b,c,1,604720,tsvc_2_s235,submit,ok,1,1183054,1.2345679012345678,gcc
llr6v8-qwen30b-c-skills,qwen30b,c,1,604720,tsvc_2_s275,submit,ok,1,961107,1.0,gcc
llr6v8-qwen30b-c-skills,qwen30b,c,1,604720,tsvc_2_s2233,submit,ok,1,1027873,1.0,gcc
llr6v8-oss120b-c,oss120b,c,0,604723,argmax_with_index,score,score_error,0,875748,0.0,gcc
llr6v8-oss120b-c,oss120b,c,0,604723,argmax_with_index,score,ok,1,905085,1.0,gcc
llr6v8-oss120b-c,oss120b,c,0,604723,fuse_diamond,score,ok,1,1295541,11.111111111111114,gcc
llr6v8-oss120b-c,oss120b,c,0,604723,fuse_diamond,submit,ok,1,1329323,11.111111111111114,gcc
llr6v8-oss120b-c,oss120b,c,0,604723,wf_diff_skew,score,ok,1,3355281,1.0,gcc
llr6v8-oss120b-c,oss120b,c,0,604723,tsvc_2_s4112,score,ok,1,2859146,1.0,gcc
llr6v8-oss120b-c,oss120b,c,0,604723,wf_diff_skew,score,incorrect,0,3666460,0.0,gcc
llr6v8-oss120b-c,oss120b,c,0,604723,tsvc_2_s255,score,ok,1,3444909,1.1235955056179776,gcc
llr6v8-oss120b-c,oss120b,c,0,604723,tsvc_2_s255,submit,ok,1,3490172,1.1111111111111112,gcc
llr6v8-oss120b-c,oss120b,c,0,604723,wf_diff_skew,score,ok,1,4260607,1.0,gcc
llr6v8-oss120b-c,oss120b,c,0,604723,tsvc_2_s255,score,ok,1,3865433,1.1111111111111112,gcc
llr6v8-oss120b-c,oss120b,c,0,604723,wf_diff_skew,score,ok,1,5220376,1.0,gcc
llr6v8-oss120b-c,oss120b,c,0,604723,wf_diff_skew,score,ok,1,5611146,1.0,gcc
llr6v8-oss120b-c,oss120b,c,0,604723,tsvc_2_s119,score,incorrect,0,7661238,0.0,gcc
llr6v8-oss120b-c,oss120b,c,0,604723,tsvc_2_s119,score,ok,1,7987069,1.0,gcc
llr6v8-oss120b-c,oss120b,c,0,604723,tsvc_2_s4112,score,ok,1,123700,1.0,gcc
llr6v8-oss120b-c,oss120b,c,0,604723,fuse_diamond,score,ok,1,121673,12.500000000000007,gcc
llr6v8-oss120b-c,oss120b,c,0,604723,fuse_diamond,submit,ok,1,151325,12.500000000000007,gcc
llr6v8-oss120b-c,oss120b,c,0,604723,argmax_with_index,score,ok,1,1917138,2.173913043478261,gcc
llr6v8-oss120b-c,oss120b,c,0,604723,argmax_with_index,submit,ok,1,1953222,2.173913043478261,gcc
llr6v8-oss120b-c,oss120b,c,0,604723,wf_diff_skew,score,ok,1,3764759,1.0,gcc
llr6v8-oss120b-c,oss120b,c,0,604723,wf_diff_skew,score,ok,1,6055622,1.0,gcc
llr6v8-oss120b-c,oss120b,c,0,604723,tsvc_2_s3112,score,ok,1,7711109,1.0,gcc
llr6v8-oss120b-c,oss120b,c,0,604723,tsvc_2_s3112,submit,ok,1,7750529,1.0,gcc
llr6v8-oss120b-c,oss120b,c,0,604723,tsvc_2_s152,score,ok,1,40324,1.0,gcc
llr6v8-oss120b-c,oss120b,c,0,604723,tsvc_2_s152,score,ok,1,292030,1.0,gcc
llr6v8-oss120b-c,oss120b,c,0,604723,tsvc_2_s152,score,ok,1,348012,1.0,gcc
llr6v8-oss120b-c,oss120b,c,0,604723,tsvc_2_s311,score,build_error,0,482014,0.0,gcc
llr6v8-oss120b-c,oss120b,c,0,604723,tsvc_2_s152,score,ok,1,493680,1.0,gcc
llr6v8-oss120b-c,oss120b,c,0,604723,tsvc_2_vtvtv,score,ok,1,622513,1.923076923076923,gcc
llr6v8-oss120b-c,oss120b,c,0,604723,tsvc_2_s311,score,incorrect,0,556488,0.0,gcc
llr6v8-oss120b-c,oss120b,c,0,604723,tsvc_2_s152,score,ok,1,559724,1.0,gcc
llr6v8-oss120b-c,oss120b,c,0,604723,tsvc_2_s152,score,ok,1,675535,1.0,gcc
llr6v8-oss120b-c,oss120b,c,0,604723,tsvc_2_vtvtv,score,ok,1,770113,1.6949152542372883,gcc
llr6v8-oss120b-c,oss120b,c,0,604723,tsvc_2_s311,score,incorrect,0,673992,99.99999999999991,gcc
llr6v8-oss120b-c,oss120b,c,0,604723,tsvc_2_s152,score,ok,1,772140,1.0,gcc
llr6v8-oss120b-c,oss120b,c,0,604723,tsvc_2_s235,score,ok,1,599007,1.0,gcc
llr6v8-oss120b-c,oss120b,c,0,604723,tsvc_2_vtvtv,score,ok,1,874101,1.0,gcc
llr6v8-oss120b-c,oss120b,c,0,604723,tsvc_2_s152,score,ok,1,955060,1.0,gcc
llr6v8-oss120b-c,oss120b,c,0,604723,tsvc_2_s152,score,ok,1,1037886,1.0,gcc
llr6v8-oss120b-c,oss120b,c,0,604723,tsvc_2_s311,score,incorrect,0,1027694,0.0,gcc
llr6v8-oss120b-c,oss120b,c,0,604723,tsvc_2_s152,submit,ok,1,1094241,1.4084507042253522,gcc
llr6v8-oss120b-c,oss120b,c,0,604723,tsvc_2_s311,score,ok,1,1316310,1.0,gcc
llr6v8-oss120b-c,oss120b,c,0,604723,tsvc_2_s319,score,ok,1,1756642,1.0,gcc
llr6v8-oss120b-c,oss120b,c,0,604723,tsvc_2_s235,score,ok,1,2060322,1.4084507042253522,gcc
llr6v8-oss120b-c,oss120b,c,0,604723,tsvc_2_s235,submit,ok,1,2158063,1.4084507042253522,gcc
llr6v8-oss120b-c,oss120b,c,0,604723,tsvc_2_s319,score,ok,1,2236113,4.0,gcc
llr6v8-oss120b-c,oss120b,c,0,604723,tsvc_2_s319,submit,ok,1,2346088,7.692307692307692,gcc
llr6v8-oss120b-c,oss120b,c,0,604723,tsvc_2_s311,score,ok,1,3170479,2.5,gcc
llr6v8-oss120b-c,oss120b,c,0,604723,tsvc_2_s311,submit,ok,1,3353925,2.5,gcc
llr6v8-oss120b-c,oss120b,c,0,604723,tsvc_2_vtvtv,score,ok,1,4472109,1.923076923076923,gcc
llr6v8-oss120b-c,oss120b,c,0,604723,quasi_affine_reduce_odd,score,ok,1,4715175,1.282051282051282,gcc
llr6v8-oss120b-c,oss120b,c,0,604723,quasi_affine_reduce_odd,submit,ok,1,4761936,1.282051282051282,gcc
llr6v8-oss120b-c,oss120b,c,0,604723,tsvc_2_vtvtv,score,build_error,0,5346869,0.0,gcc
llr6v8-oss120b-c,oss120b,c,0,604723,ext_break_post_body,score,ok,1,7209216,1.0,gcc
llr6v8-oss120b-c,oss120b,c,0,604723,tsvc_2_s3110,score,ok,1,287850,1.0,gcc
llr6v8-oss120b-c,oss120b,c,0,604723,ext_break_post_body,score,ok,1,753246,1.0,gcc
llr6v8-oss120b-c,oss120b,c,0,604723,tsvc_2_s235,score,ok,1,3428298,1.0,gcc
llr6v8-oss120b-c,oss120b,c,0,604723,tsvc_2_s115,score,ok,1,1645794,1.0,gcc
llr6v8-oss120b-c,oss120b,c,0,604723,tsvc_2_s3110,score,ok,1,2472888,1.0,gcc
llr6v8-oss120b-c,oss120b,c,0,604723,tsvc_2_s319,score,ok,1,2599714,1.5384615384615388,gcc
llr6v8-oss120b-c,oss120b,c,0,604723,tsvc_2_s319,submit,ok,1,2686652,1.0,gcc
llr6v8-oss120b-c,oss120b,c,0,604723,tsvc_2_s319,score,ok,1,2775056,1.5625,gcc
llr6v8-oss120b-c,oss120b,c,0,604723,tsvc_2_vtvtv,score,ok,1,4133803,1.0,gcc
llr6v8-oss120b-c,oss120b,c,0,604723,tsvc_2_s115,score,ok,1,5138916,1.0,gcc
llr6v8-oss120b-c,oss120b,c,0,604723,tsvc_2_s115,submit,ok,1,5197462,1.0,gcc
llr6v8-oss120b-c,oss120b,c,0,604723,tsvc_2_vtvtv,score,ok,1,8893747,1.0,gcc
llr6v8-oss120b-c,oss120b,c,0,604723,tsvc_2_s152,score,score_error,0,7802019,0.0,gcc
llr6v8-oss120b-c,oss120b,c,0,604723,tsvc_2_vtvtv,submit,ok,1,9090544,1.0,gcc
llr6v8-oss120b-c,oss120b,c,0,604723,tsvc_2_s3110,score,ok,1,7275479,1.0,gcc
llr6v8-oss120b-c,oss120b,c,0,604723,tsvc_2_s152,score,ok,1,7834694,1.0,gcc
llr6v8-oss120b-c,oss120b,c,0,604723,tsvc_2_s152,score,ok,1,8484308,1.0,gcc
llr6v8-oss120b-c,oss120b,c,0,604723,tsvc_2_s152,score,ok,1,8926119,1.0,gcc
llr6v8-oss120b-c,oss120b,c,0,604723,tsvc_2_s152,score,ok,1,9309941,1.0,gcc
llr6v8-oss120b-c,oss120b,c,0,604723,tsvc_2_vtvtv,score,ok,1,10505729,1.0,gcc
llr6v8-oss120b-c,oss120b,c,0,604723,tsvc_2_vtvtv,score,ok,1,10724320,1.0,gcc
llr6v8-oss120b-c,oss120b,c,0,604723,tsvc_2_vtvtv,score,ok,1,10940346,1.0,gcc
llr6v8-oss120b-c,oss120b,c,0,604723,tsvc_2_s115,score,ok,1,14519868,1.0,gcc
llr6v8-oss120b-c,oss120b,c,0,604723,tsvc_2_s115,score,incorrect,0,16134035,0.0,gcc
llr6v8-oss120b-c,oss120b,c,0,604723,tsvc_2_s115,score,ok,1,16375328,1.0,gcc
llr6v8-oss120b-c,oss120b,c,0,604723,tsvc_2_vtvtv,submit,ok,1,10968341,2.0,gcc
llr6v8-oss120b-c,oss120b,c,0,604723,tsvc_2_s115,score,ok,1,16687543,1.0,gcc
llr6v8-oss120b-c,oss120b,c,0,604723,tsvc_2_s115,score,ok,1,16881151,1.0,gcc
llr6v8-oss120b-c,oss120b,c,0,604723,tsvc_2_s115,submit,ok,1,16946323,1.0,gcc
llr6v8-oss120b-c,oss120b,c,0,604723,tsvc_2_s252,score,build_error,0,1482569,0.0,gcc
llr6v8-oss120b-c,oss120b,c,0,604723,tsvc_2_s252,score,score_error,0,1528532,0.0,gcc
llr6v8-oss120b-c,oss120b,c,0,604723,tsvc_2_s115,score,ok,1,3767125,1.0,gcc
llr6v8-oss120b-c,oss120b,c,0,604723,tsvc_2_s252,score,ok,1,3953973,1.1764705882352942,gcc
llr6v8-oss120b-c,oss120b,c,0,604723,tsvc_2_s252,submit,ok,1,4205606,1.1764705882352942,gcc
llr6v8-oss120b-c,oss120b,c,0,604723,tsvc_2_s3110,score,ok,1,1768024,1.0416666666666667,gcc
llr6v8-oss120b-c,oss120b,c,0,604723,tsvc_2_s319,score,ok,1,2231753,1.0,gcc
llr6v8-oss120b-c,oss120b,c,0,604723,tsvc_2_s319,score,ok,1,2374513,1.5873015873015872,gcc
llr6v8-oss120b-c,oss120b,c,0,604723,tsvc_2_s319,submit,ok,1,2410955,1.6129032258064517,gcc
llr6v8-oss120b-c,oss120b,c,0,604723,tsvc_2_s152,score,ok,1,6246144,1.0,gcc
llr6v8-oss120b-c,oss120b,c,0,604723,tsvc_2_s152,submit,ok,1,6257429,1.0,gcc
llr6v8-oss120b-c,oss120b,c,0,604723,tsvc_2_s3110,score,ok,1,6724692,1.0,gcc
llr6v8-oss120b-c,oss120b,c,0,604723,tsvc_2_s2233,score,ok,1,1064664,1.0,gcc
llr6v8-oss120b-c,oss120b,c,0,604723,wavefront2d,score,incorrect,0,487989,99.99999999999991,gcc
llr6v8-oss120b-c,oss120b,c,0,604723,wavefront2d,score,incorrect,0,640038,99.99999999999991,gcc
llr6v8-oss120b-c,oss120b,c,0,604723,tsvc_2_s3110,score,ok,1,4743570,1.0,gcc
llr6v8-oss120b-c,oss120b,c,0,604723,wavefront2d,score,incorrect,0,1164584,99.99999999999991,gcc
llr6v8-oss120b-c,oss120b,c,0,604723,tsvc_2_s3110,score,ok,1,5466474,1.5384615384615388,gcc
llr6v8-oss120b-c,oss120b,c,0,604723,wavefront2d,score,incorrect,0,1465302,99.99999999999991,gcc
llr6v8-oss120b-c,oss120b,c,0,604723,tsvc_2_s115,score,ok,1,1927715,1.0,gcc
llr6v8-oss120b-c,oss120b,c,0,604723,wavefront2d,score,incorrect,0,1680228,99.99999999999991,gcc
llr6v8-oss120b-c,oss120b,c,0,604723,wavefront2d,score,incorrect,0,1735462,99.99999999999991,gcc
llr6v8-oss120b-c,oss120b,c,0,604723,wavefront2d,score,build_error,0,2021291,0.0,gcc
llr6v8-oss120b-c,oss120b,c,0,604723,wavefront2d,score,build_error,0,2259861,0.0,gcc
llr6v8-oss120b-c,oss120b,c,0,604723,wavefront2d,score,incorrect,0,2938144,0.0,gcc
llr6v8-oss120b-c,oss120b,c,0,604723,tsvc_2_s323,score,ok,1,3089406,1.0,gcc
llr6v8-oss120b-c,oss120b,c,0,604723,wavefront2d,score,incorrect,0,3002508,99.99999999999991,gcc
llr6v8-oss120b-c,oss120b,c,0,604723,ext_war_unit,score,ok,1,4943062,1.0309278350515465,gcc
llr6v8-oss120b-c,oss120b,c,0,604723,ext_war_unit,submit,ok,1,5124103,1.0,gcc
llr6v8-oss120b-c,oss120b,c,0,604723,wavefront2d,score,incorrect,0,3328554,0.0,gcc
llr6v8-oss120b-c,oss120b,c,0,604723,wavefront2d,score,incorrect,0,3407061,0.0,gcc
llr6v8-oss120b-c,oss120b,c,0,604723,tsvc_2_s115,score,ok,1,8370995,1.0,gcc
llr6v8-oss120b-c,oss120b,c,0,604723,ext_war_unit,score,ok,1,9305175,1.0,gcc
llr6v8-oss120b-c,oss120b,c,0,604723,tsvc_2_s323,score,incorrect,0,8658898,1.1904761904761905,gcc
llr6v8-oss120b-c,oss120b,c,0,604723,ext_war_unit,score,incorrect,0,9502744,1.0,gcc
llr6v8-oss120b-c,oss120b,c,0,604723,tsvc_2_s323,score,incorrect,0,8983676,1.0,gcc
llr6v8-oss120b-c,oss120b,c,0,604723,ext_war_unit,score,incorrect,0,10013382,1.0,gcc
llr6v8-oss120b-c,oss120b,c,0,604723,ext_war_unit,score,ok,1,10197952,1.0309278350515465,gcc
llr6v8-oss120b-c,oss120b,c,0,604723,tsvc_2_s323,score,incorrect,0,9255136,1.0,gcc
llr6v8-oss120b-c,oss120b,c,0,604723,tsvc_2_s323,score,ok,1,9435115,1.0,gcc
llr6v8-oss120b-c,oss120b,c,0,604723,ext_war_unit,submit,ok,1,10245346,1.0,gcc
llr6v8-oss120b-c,oss120b,c,0,604723,tsvc_2_s323,score,incorrect,0,9549825,1.0,gcc
llr6v8-oss120b-c,oss120b,c,0,604723,tsvc_2_s323,score,ok,1,9624397,1.0,gcc
llr6v8-oss120b-c,oss120b,c,0,604723,tsvc_2_s323,score,ok,1,9718210,1.0,gcc
llr6v8-oss120b-c,oss120b,c,0,604723,tsvc_2_s323,score,ok,1,9840944,1.0,gcc
llr6v8-oss120b-c,oss120b,c,0,604723,tsvc_2_s323,score,ok,1,10307208,1.0,gcc
llr6v8-oss120b-c,oss120b,c,0,604723,tsvc_2_s323,score,ok,1,10495838,1.0,gcc
llr6v8-oss120b-c,oss120b,c,0,604723,tsvc_2_s323,score,ok,1,10648405,1.0,gcc
llr6v8-oss120b-c,oss120b,c,0,604723,tsvc_2_s323,score,ok,1,10809019,1.0,gcc
llr6v8-oss120b-c,oss120b,c,0,604723,tsvc_2_s323,score,ok,1,10975531,1.0,gcc
llr6v8-oss120b-c,oss120b,c,0,604723,tsvc_2_s323,score,ok,1,11146302,1.0,gcc
llr6v8-oss120b-c,oss120b,c,0,604723,tsvc_2_s3111,score,ok,1,101211,3.1250000000000004,gcc
llr6v8-oss120b-c,oss120b,c,0,604723,tsvc_2_s3111,score,ok,1,395440,3.1250000000000004,gcc
llr6v8-oss120b-c,oss120b,c,0,604723,tsvc_2_s3111,submit,ok,1,454597,3.1250000000000004,gcc
llr6v8-oss120b-c,oss120b,c,0,604723,ext_war_unit,score,incorrect,0,919935,1.0,gcc
llr6v8-oss120b-c,oss120b,c,0,604723,ext_war_unit,score,ok,1,1057108,1.0204081632653061,gcc
llr6v8-oss120b-c,oss120b,c,0,604723,wavefront2d,score,ok,1,1857141,1.0,gcc
llr6v8-oss120b-c,oss120b,c,0,604723,tsvc_2_s119,score,ok,1,1284030,1.0,gcc
llr6v8-oss120b-c,oss120b,c,0,604723,ext_war_unit,score,ok,1,2252836,1.0,gcc
llr6v8-oss120b-c,oss120b,c,0,604723,wavefront2d,score,ok,1,4969776,1.0,gcc
llr6v8-oss120b-c,oss120b,c,0,604723,wavefront2d,score,ok,1,5215889,1.0,gcc
llr6v8-oss120b-c,oss120b,c,0,604723,wavefront2d,score,ok,1,5926972,1.0,gcc
llr6v8-oss120b-c,oss120b,c,0,604723,ext_war_unit,score,ok,1,3977700,1.2195121951219512,gcc
llr6v8-oss120b-c,oss120b,c,0,604723,ext_war_unit,submit,ok,1,4023017,1.0,gcc
llr6v8-oss120b-c,oss120b,c,0,604723,tsvc_2_s119,score,ok,1,4673950,1.0,gcc
llr6v8-oss120b-c,oss120b,c,0,604723,tsvc_2_s252,score,ok,1,7368784,1.0,gcc
llr6v8-oss120b-c,oss120b,c,0,604723,tsvc_2_s252,score,ok,1,7458961,1.0,gcc
llr6v8-oss120b-c,oss120b,c,0,604723,tsvc_2_s119,score,ok,1,98534,1.0,gcc
llr6v8-oss120b-c,oss120b,c,0,604723,tsvc_2_s3111,score,ok,1,1842794,1.0,gcc
llr6v8-oss120b-c,oss120b,c,0,604723,tsvc_2_s3111,score,ok,1,2024558,3.571428571428571,gcc
llr6v8-oss120b-c,oss120b,c,0,604723,tsvc_2_s3111,submit,ok,1,2070934,3.571428571428571,gcc
llr6v8-oss120b-c,oss120b,c,0,604723,wf_diff_skew,score,ok,1,5095657,1.0,gcc
llr6v8-oss120b-c,oss120b,c,0,604723,wf_diff_skew,score,ok,1,5332557,1.0,gcc
llr6v8-oss120b-c,oss120b,c,0,604723,tsvc_2_s119,score,ok,1,5670559,1.0,gcc
llr6v8-oss120b-c,oss120b,c,0,604723,tsvc_2_s119,score,ok,1,8562040,1.0,gcc
llr6v8-oss120b-c,oss120b,c,0,604723,tsvc_2_s119,submit,ok,1,8606954,1.0,gcc
llr6v8-oss120b-c,oss120b,c,0,604723,tsvc_2_s2275,score,ok,1,150710,14.285714285714295,gcc
llr6v8-oss120b-c,oss120b,c,0,604723,tsvc_2_s2275,submit,ok,1,280397,14.285714285714295,gcc
llr6v8-oss120b-c,oss120b,c,0,604723,tsvc_2_s3112,score,ok,1,913645,1.0,gcc
llr6v8-oss120b-c,oss120b,c,0,604723,tsvc_2_s4112,score,ok,1,4661239,1.0,gcc
llr6v8-oss120b-c,oss120b,c,0,604723,tsvc_2_s4112,score,ok,1,4817592,1.0,gcc
llr6v8-oss120b-c,oss120b,c,0,604723,tsvc_2_s4112,submit,ok,1,4870586,1.0,gcc
llr6v8-oss120b-c,oss120b,c,0,604723,tsvc_2_s3112,score,ok,1,5190491,1.0,gcc
llr6v8-oss120b-c,oss120b,c,0,604723,tsvc_2_s3112,score,ok,1,6342440,1.0,gcc
llr6v8-oss120b-c,oss120b,c,0,604723,wf_north_west,score,incorrect,0,1278765,1.0,gcc
llr6v8-oss120b-c,oss120b,c,0,604723,tsvc_2_vag,score,ok,1,1635477,1.0,gcc
llr6v8-oss120b-c,oss120b,c,0,604723,tsvc_2_vag,score,ok,1,1837628,1.0,gcc
llr6v8-oss120b-c,oss120b,c,0,604723,wf_north_west,score,incorrect,0,2143346,1.0,gcc
llr6v8-oss120b-c,oss120b,c,0,604723,wf_north_west,score,ok,1,2292374,1.0,gcc
llr6v8-oss120b-c,oss120b,c,0,604723,wf_north_west,score,ok,1,2367802,1.0,gcc
llr6v8-oss120b-c,oss120b,c,0,604723,ext_break_capture,score,ok,1,2328018,1.0,gcc
llr6v8-oss120b-c,oss120b,c,0,604723,tsvc_2_vag,score,ok,1,1875131,1.0,gcc
llr6v8-oss120b-c,oss120b,c,0,604723,tsvc_2_s316,score,ok,1,1845344,1.0,gcc
llr6v8-oss120b-c,oss120b,c,0,604723,tsvc_2_vag,score,ok,1,2379950,1.0,gcc
llr6v8-oss120b-c,oss120b,c,0,604723,tsvc_2_vag,score,ok,1,2875685,1.0,gcc
llr6v8-oss120b-c,oss120b,c,0,604723,tsvc_2_vag,score,ok,1,3109503,1.0,gcc
llr6v8-oss120b-c,oss120b,c,0,604723,tsvc_2_vag,score,ok,1,3353226,1.0,gcc
llr6v8-oss120b-c,oss120b,c,0,604723,tsvc_2_vag,score,ok,1,3558019,1.0,gcc
llr6v8-oss120b-c,oss120b,c,0,604723,tsvc_2_vag,score,ok,1,3819441,1.0,gcc
llr6v8-oss120b-c,oss120b,c,0,604723,tsvc_2_vag,score,ok,1,4257005,1.0,gcc
llr6v8-oss120b-c,oss120b,c,0,604723,tsvc_2_vag,score,ok,1,4768159,1.0,gcc
llr6v8-oss120b-c,oss120b,c,0,604723,tsvc_2_vag,score,ok,1,5059320,1.0,gcc
llr6v8-oss120b-c,oss120b,c,0,604723,tsvc_2_s231,score,ok,1,234143,1.4285714285714286,gcc
llr6v8-oss120b-c,oss120b,c,0,604723,fuse_stencil_through_transient,score,ok,1,136262,3.846153846153846,gcc
llr6v8-oss120b-c,oss120b,c,0,604723,fuse_stencil_through_transient,score,ok,1,347657,3.846153846153846,gcc
llr6v8-oss120b-c,oss120b,c,0,604723,fuse_stencil_through_transient,submit,ok,1,373646,3.846153846153846,gcc
llr6v8-oss120b-c,oss120b,c,0,604723,tsvc_2_s1244,score,ok,1,646706,8.333333333333334,gcc
llr6v8-oss120b-c,oss120b,c,0,604723,tsvc_2_s1244,submit,ok,1,683010,8.333333333333334,gcc
llr6v8-oss120b-c,oss120b,c,0,604723,tsvc_2_s231,score,ok,1,1032589,12.500000000000007,gcc
llr6v8-oss120b-c,oss120b,c,0,604723,tsvc_2_s231,submit,ok,1,1074499,12.500000000000007,gcc
llr6v8-oss120b-c,oss120b,c,0,604723,tsvc_2_vag,score,ok,1,1477099,1.0869565217391304,gcc
llr6v8-oss120b-c,oss120b,c,0,604723,tsvc_2_vag,submit,ok,1,1547888,1.0204081632653061,gcc
llr6v8-oss120b-c,oss120b,c,0,604723,wf_triangular,score,incorrect,0,7005093,1.0,gcc
llr6v8-oss120b-c,oss120b,c,0,604723,ext_break_capture,score,ok,1,7632032,1.0,gcc
llr6v8-oss120b-c,oss120b,c,0,604723,ext_break_capture,submit,ok,1,7656638,1.0,gcc
llr6v8-oss120b-c,oss120b,c,0,604723,fuse_stencil_through_transient,score,ok,1,149966,4.166666666666667,gcc
llr6v8-oss120b-c,oss120b,c,0,604723,wf_triangular,score,ok,1,255257,1.0,gcc
llr6v8-oss120b-c,oss120b,c,0,604723,fuse_stencil_through_transient,score,ok,1,383227,4.0,gcc
llr6v8-oss120b-c,oss120b,c,0,604723,ext_break_find_first,score,score_error,0,396211,0.0,gcc
llr6v8-oss120b-c,oss120b,c,0,604723,fuse_stencil_through_transient,score,ok,1,647827,4.166666666666667,gcc
llr6v8-oss120b-c,oss120b,c,0,604723,ext_break_find_first,score,score_error,0,455142,0.0,gcc
llr6v8-oss120b-c,oss120b,c,0,604723,ext_break_find_first,score,score_error,0,488066,0.0,gcc
llr6v8-oss120b-c,oss120b,c,0,604723,tsvc_2_s233,score,ok,1,374418,1.0,gcc
llr6v8-oss120b-c,oss120b,c,0,604723,fuse_stencil_through_transient,submit,ok,1,670394,4.166666666666667,gcc
llr6v8-oss120b-c,oss120b,c,0,604723,ext_break_find_first,score,score_error,0,659749,0.0,gcc
llr6v8-oss120b-c,oss120b,c,0,604723,ext_break_find_first,score,ok,1,1602294,1.0,gcc
llr6v8-oss120b-c,oss120b,c,0,604723,tsvc_2_vpvts,score,ok,1,3440350,1.0,gcc
llr6v8-oss120b-c,oss120b,c,0,604723,tsvc_2_vpvts,score,ok,1,3815405,1.0,gcc
llr6v8-oss120b-c,oss120b,c,0,604723,tsvc_2_vpvts,score,ok,1,3925702,1.0,gcc
llr6v8-oss120b-c,oss120b,c,0,604723,tsvc_2_vpvts,score,ok,1,7921966,1.0204081632653061,gcc
llr6v8-oss120b-c,oss120b,c,0,604723,tsvc_2_s275,score,ok,1,4573869,10.000000000000002,gcc
llr6v8-oss120b-c,oss120b,c,0,604723,tsvc_2_s275,submit,ok,1,4626158,10.000000000000002,gcc
llr6v8-oss120b-c,oss120b,c,0,604723,tsvc_2_vpvts,score,ok,1,131914,1.0,gcc
llr6v8-oss120b-c,oss120b,c,0,604723,tsvc_2_s275,score,incorrect,0,58372,99.99999999999991,gcc
llr6v8-oss120b-c,oss120b,c,0,604723,tsvc_2_vpvts,score,ok,1,367749,2.0,gcc
llr6v8-oss120b-c,oss120b,c,0,604723,tsvc_2_vpvts,submit,ok,1,428061,1.0,gcc
llr6v8-oss120b-c,oss120b,c,0,604723,tsvc_2_s275,score,ok,1,890543,20.00000000000003,gcc
llr6v8-oss120b-c,oss120b,c,0,604723,tsvc_2_s275,submit,ok,1,920628,11.111111111111114,gcc
llr6v8-oss120b-c,oss120b,c,0,604723,wf_triangular,score,incorrect,0,2325542,1.0,gcc
llr6v8-oss120b-c,oss120b,c,0,604723,ext_break_find_first,score,ok,1,2957473,1.0,gcc
llr6v8-oss120b-c,oss120b,c,0,604723,wf_triangular,score,ok,1,2674947,1.0,gcc
llr6v8-oss120b-c,oss120b,c,0,604723,ext_break_find_first,score,ok,1,4981593,1.0,gcc
llr6v8-oss120b-c,oss120b,c,0,604723,wf_triangular,score,ok,1,3229303,1.0,gcc
llr6v8-oss120b-c,oss120b,c,0,604723,ext_break_find_first,score,ok,1,8320002,1.0,gcc
llr6v8-oss120b-c,oss120b,c,0,604723,wf_triangular,score,ok,1,3470567,1.0,gcc
llr6v8-oss120b-c,oss120b,c,0,604723,quasi_affine_reduce_odd,score,ok,1,1141216,1.0,gcc
llr6v8-oss120b-c,oss120b,c,0,604723,tsvc_2_vpvts,score,ok,1,987831,1.9607843137254901,gcc
llr6v8-oss120b-c,oss120b,c,0,604723,tsvc_2_vpvts,submit,ok,1,1023137,1.0,gcc
llr6v8-oss120b-c,oss120b,c,0,604723,tsvc_2_vpvts,score,ok,1,1133533,1.9607843137254901,gcc
llr6v8-oss120b-c,oss120b,c,0,604723,tsvc_2_vpvts,submit,ok,1,1209409,1.0,gcc
llr6v8-oss120b-c,oss120b,c,0,604723,tsvc_2_s233,score,ok,1,3177203,1.0,gcc
llr6v8-oss120b-c,oss120b,c,0,604723,tsvc_2_s13110,score,ok,1,3472684,2.0833333333333335,gcc
llr6v8-oss120b-c,oss120b,c,0,604723,tsvc_2_vpvts,score,ok,1,6004799,1.0,gcc
llr6v8-oss120b-c,oss120b,c,0,604723,tsvc_2_s13110,score,ok,1,7063649,1.0,gcc
llr6v8-oss120b-c,oss120b,c,0,604723,tsvc_2_vpvts,score,ok,1,6938192,1.0,gcc
llr6v8-oss120b-c,oss120b,c,0,604723,tsvc_2_vpvts,score,ok,1,7465406,1.0,gcc
llr6v8-oss120b-c,oss120b,c,0,604723,tsvc_2_s233,score,ok,1,10679917,7.142857142857142,gcc
llr6v8-oss120b-c,oss120b,c,0,604723,tsvc_2_s233,submit,ok,1,10718862,7.142857142857142,gcc
llr6v8-oss120b-c,oss120b,c,0,604723,ext_break_post_body,score,incorrect,0,362378,0.0,gcc
llr6v8-oss120b-c,oss120b,c,0,604723,tsvc_2_s318,score,ok,1,423346,1.5873015873015872,gcc
llr6v8-oss120b-c,oss120b,c,0,604723,tsvc_2_s318,submit,ok,1,462530,1.5625,gcc
llr6v8-oss120b-c,oss120b,c,0,604723,quasi_affine_reduce_odd,score,ok,1,3178578,1.0,gcc
llr6v8-oss120b-c,oss120b,c,0,604723,tsvc_2_s235,score,ok,1,6569793,11.111111111111114,gcc
llr6v8-oss120b-c,oss120b,c,0,604723,tsvc_2_s235,submit,ok,1,6996607,11.111111111111114,gcc
llr6v8-oss120b-c,oss120b,c,0,604723,quasi_affine_reduce_odd,score,ok,1,8288916,2.173913043478261,gcc
llr6v8-oss120b-c,oss120b,c,0,604723,quasi_affine_reduce_odd,submit,ok,1,8353976,2.173913043478261,gcc
llr6v8-oss120b-c-skills,oss120b,c,1,604731,fuse_diamond,score,ok,1,137565,12.500000000000007,gcc
llr6v8-oss120b-c-skills,oss120b,c,1,604731,tsvc_2_s119,score,timeout,0,89912,0.0,gcc
llr6v8-oss120b-c-skills,oss120b,c,1,604731,fuse_diamond,submit,ok,1,172512,12.500000000000007,gcc
llr6v8-oss120b-c-skills,oss120b,c,1,604731,argmax_with_index,score,ok,1,244044,1.3333333333333333,gcc
llr6v8-oss120b-c-skills,oss120b,c,1,604731,tsvc_2_s255,score,ok,1,453877,1.1111111111111112,gcc
llr6v8-oss120b-c-skills,oss120b,c,1,604731,argmax_with_index,submit,ok,1,332343,1.4084507042253522,gcc
llr6v8-oss120b-c-skills,oss120b,c,1,604731,tsvc_2_s255,score,ok,1,680984,1.1235955056179776,gcc
llr6v8-oss120b-c-skills,oss120b,c,1,604731,tsvc_2_s255,submit,ok,1,749802,1.1111111111111112,gcc
llr6v8-oss120b-c-skills,oss120b,c,1,604731,tsvc_2_s4112,score,ok,1,3496230,1.0,gcc
llr6v8-oss120b-c-skills,oss120b,c,1,604731,tsvc_2_s4112,score,ok,1,4062988,1.0,gcc
llr6v8-oss120b-c-skills,oss120b,c,1,604731,tsvc_2_s119,score,ok,1,3588129,1.9607843137254901,gcc
llr6v8-oss120b-c-skills,oss120b,c,1,604731,tsvc_2_s2275,score,ok,1,5494743,14.285714285714295,gcc
llr6v8-oss120b-c-skills,oss120b,c,1,604731,tsvc_2_s2275,submit,ok,1,5513908,14.285714285714295,gcc
llr6v8-oss120b-c-skills,oss120b,c,1,604731,tsvc_2_s1232,score,ok,1,550578,1.6129032258064517,gcc
llr6v8-oss120b-c-skills,oss120b,c,1,604731,tsvc_2_s1232,score,ok,1,700292,1.5873015873015872,gcc
llr6v8-oss120b-c-skills,oss120b,c,1,604731,tsvc_2_s1232,score,ok,1,997596,2.0408163265306123,gcc
llr6v8-oss120b-c-skills,oss120b,c,1,604731,tsvc_2_s1232,score,ok,1,1085336,1.639344262295082,gcc
llr6v8-oss120b-c-skills,oss120b,c,1,604731,tsvc_2_s4112,score,ok,1,1061128,1.0,gcc
llr6v8-oss120b-c-skills,oss120b,c,1,604731,tsvc_2_s1232,submit,ok,1,1145666,1.6666666666666667,gcc
llr6v8-oss120b-c-skills,oss120b,c,1,604731,tsvc_2_s3112,score,ok,1,1082443,1.0,gcc
llr6v8-oss120b-c-skills,oss120b,c,1,604731,tsvc_2_s4112,score,ok,1,1541204,1.0,gcc
llr6v8-oss120b-c-skills,oss120b,c,1,604731,tsvc_2_s4112,score,ok,1,1710621,1.0,gcc
llr6v8-oss120b-c-skills,oss120b,c,1,604731,tsvc_2_s3112,score,incorrect,0,1664635,1.0,gcc
llr6v8-oss120b-c-skills,oss120b,c,1,604731,tsvc_2_s3112,score,incorrect,0,1708365,1.0,gcc
llr6v8-oss120b-c-skills,oss120b,c,1,604731,argmax_with_index,score,ok,1,2294135,1.0,gcc
llr6v8-oss120b-c-skills,oss120b,c,1,604731,fuse_diamond,score,ok,1,4036963,12.500000000000007,gcc
llr6v8-oss120b-c-skills,oss120b,c,1,604731,fuse_diamond,submit,ok,1,4055163,12.500000000000007,gcc
llr6v8-oss120b-c-skills,oss120b,c,1,604731,tsvc_2_s311,score,ok,1,203215,4.166666666666667,gcc
llr6v8-oss120b-c-skills,oss120b,c,1,604731,tsvc_2_s311,submit,ok,1,219613,4.166666666666667,gcc
llr6v8-oss120b-c-skills,oss120b,c,1,604731,tsvc_2_s319,score,ok,1,495446,1.0,gcc
llr6v8-oss120b-c-skills,oss120b,c,1,604731,tsvc_2_s319,score,ok,1,814418,1.8518518518518516,gcc
llr6v8-oss120b-c-skills,oss120b,c,1,604731,tsvc_2_s235,score,ok,1,2544988,1.0,gcc
llr6v8-oss120b-c-skills,oss120b,c,1,604731,tsvc_2_s319,submit,build_error,0,1555858,0.0,gcc
llr6v8-oss120b-c-skills,oss120b,c,1,604731,tsvc_2_s235,score,ok,1,6642215,11.111111111111114,gcc
llr6v8-oss120b-c-skills,oss120b,c,1,604731,tsvc_2_s235,submit,ok,1,6655309,11.111111111111114,gcc
llr6v8-oss120b-c-skills,oss120b,c,1,604731,tsvc_2_s319,score,ok,1,2381252,1.8181818181818181,gcc
llr6v8-oss120b-c-skills,oss120b,c,1,604731,tsvc_2_s319,submit,ok,1,2504633,1.8867924528301885,gcc
llr6v8-oss120b-c-skills,oss120b,c,1,604731,tsvc_2_s152,score,ok,1,3947217,1.0,gcc
llr6v8-oss120b-c-skills,oss120b,c,1,604731,tsvc_2_s152,score,build_error,0,7420195,0.0,gcc
llr6v8-oss120b-c-skills,oss120b,c,1,604731,tsvc_2_s152,score,ok,1,7499630,1.0,gcc
llr6v8-oss120b-c-skills,oss120b,c,1,604731,tsvc_2_s152,score,ok,1,7597327,1.0,gcc
llr6v8-oss120b-c-skills,oss120b,c,1,604731,tsvc_2_s152,submit,ok,1,7613622,1.0,gcc
llr6v8-oss120b-c-skills,oss120b,c,1,604731,tsvc_2_s152,score,ok,1,8035304,1.0,gcc
llr6v8-oss120b-c-skills,oss120b,c,1,604731,tsvc_2_s152,score,ok,1,8147391,1.0,gcc
llr6v8-oss120b-c-skills,oss120b,c,1,604731,tsvc_2_s152,submit,ok,1,8176518,1.0,gcc
llr6v8-oss120b-c-skills,oss120b,c,1,604731,tsvc_2_s152,score,ok,1,8299340,1.0,gcc
llr6v8-oss120b-c-skills,oss120b,c,1,604731,tsvc_2_s152,score,ok,1,8619343,1.0,gcc
llr6v8-oss120b-c-skills,oss120b,c,1,604731,tsvc_2_s152,score,ok,1,8818434,1.0,gcc
llr6v8-oss120b-c-skills,oss120b,c,1,604731,tsvc_2_s152,score,build_error,0,8990278,0.0,gcc
llr6v8-oss120b-c-skills,oss120b,c,1,604731,tsvc_2_s319,score,ok,1,618045,1.8181818181818181,gcc
llr6v8-oss120b-c-skills,oss120b,c,1,604731,tsvc_2_s319,score,ok,1,801574,1.8181818181818181,gcc
llr6v8-oss120b-c-skills,oss120b,c,1,604731,tsvc_2_s319,score,ok,1,1040746,1.8181818181818181,gcc
llr6v8-oss120b-c-skills,oss120b,c,1,604731,tsvc_2_s319,submit,ok,1,1081726,1.8518518518518516,gcc
llr6v8-oss120b-c-skills,oss120b,c,1,604731,tsvc_2_vtvtv,score,ok,1,2764900,1.0,gcc
llr6v8-oss120b-c-skills,oss120b,c,1,604731,tsvc_2_vtvtv,score,ok,1,3052200,1.0,gcc
llr6v8-oss120b-c-skills,oss120b,c,1,604731,tsvc_2_s115,score,ok,1,3705909,1.0,gcc
llr6v8-oss120b-c-skills,oss120b,c,1,604731,tsvc_2_vtvtv,score,ok,1,3249983,1.0,gcc
llr6v8-oss120b-c-skills,oss120b,c,1,604731,tsvc_2_vtvtv,submit,ok,1,3300144,1.0,gcc
llr6v8-oss120b-c-skills,oss120b,c,1,604731,tsvc_2_s3110,score,ok,1,1946532,1.0,gcc
llr6v8-oss120b-c-skills,oss120b,c,1,604731,ext_break_post_body,score,score_error,0,2342367,0.0,gcc
llr6v8-oss120b-c-skills,oss120b,c,1,604731,ext_break_post_body,score,ok,1,2390184,1.0,gcc
llr6v8-oss120b-c-skills,oss120b,c,1,604731,ext_break_post_body,score,ok,1,4719830,1.0,gcc
llr6v8-oss120b-c-skills,oss120b,c,1,604731,tsvc_2_s3110,score,ok,1,592107,1.0,gcc
llr6v8-oss120b-c-skills,oss120b,c,1,604731,tsvc_2_s3110,score,ok,1,876239,1.0,gcc
llr6v8-oss120b-c-skills,oss120b,c,1,604731,tsvc_2_s319,score,ok,1,2571914,4.761904761904763,gcc
llr6v8-oss120b-c-skills,oss120b,c,1,604731,tsvc_2_s319,submit,ok,1,2616271,2.380952380952381,gcc
llr6v8-oss120b-c-skills,oss120b,c,1,604731,tsvc_2_s152,score,ok,1,1439130,1.0,gcc
llr6v8-oss120b-c-skills,oss120b,c,1,604731,tsvc_2_s252,score,score_error,0,3284113,0.0,gcc
llr6v8-oss120b-c-skills,oss120b,c,1,604731,tsvc_2_s252,score,ok,1,3372280,1.1627906976744187,gcc
llr6v8-oss120b-c-skills,oss120b,c,1,604731,tsvc_2_s252,submit,ok,1,3461491,1.1764705882352942,gcc
llr6v8-oss120b-c-skills,oss120b,c,1,604731,tsvc_2_s152,score,ok,1,1702975,1.0,gcc
llr6v8-oss120b-c-skills,oss120b,c,1,604731,tsvc_2_s152,score,ok,1,2928788,1.9607843137254901,gcc
llr6v8-oss120b-c-skills,oss120b,c,1,604731,tsvc_2_s152,submit,ok,1,2938757,1.0,gcc
llr6v8-oss120b-c-skills,oss120b,c,1,604731,ext_war_unit,score,incorrect,0,727123,1.0,gcc
llr6v8-oss120b-c-skills,oss120b,c,1,604731,tsvc_2_s252,score,ok,1,2426231,1.1627906976744187,gcc
llr6v8-oss120b-c-skills,oss120b,c,1,604731,tsvc_2_s252,submit,ok,1,2528692,1.1627906976744187,gcc
llr6v8-oss120b-c-skills,oss120b,c,1,604731,tsvc_2_s3110,score,ok,1,4908335,1.0,gcc
llr6v8-oss120b-c-skills,oss120b,c,1,604731,tsvc_2_s2233,score,ok,1,3873641,1.0,gcc
llr6v8-oss120b-c-skills,oss120b,c,1,604731,tsvc_2_s2233,score,score_error,0,7804268,0.0,gcc
llr6v8-oss120b-c-skills,oss120b,c,1,604731,tsvc_2_s2233,score,ok,1,7819952,5.882352941176473,gcc
llr6v8-oss120b-c-skills,oss120b,c,1,604731,tsvc_2_s2233,submit,ok,1,7835935,5.882352941176473,gcc
llr6v8-oss120b-c-skills,oss120b,c,1,604731,tsvc_2_s2233,score,ok,1,947710,1.0,gcc
llr6v8-oss120b-c-skills,oss120b,c,1,604731,tsvc_2_s252,score,score_error,0,1785014,0.0,gcc
llr6v8-oss120b-c-skills,oss120b,c,1,604731,tsvc_2_s119,score,timeout,0,1504978,0.0,gcc
llr6v8-oss120b-c-skills,oss120b,c,1,604731,tsvc_2_s252,score,ok,1,1853099,1.0638297872340425,gcc
llr6v8-oss120b-c-skills,oss120b,c,1,604731,tsvc_2_s252,submit,ok,1,1994966,1.0526315789473684,gcc
llr6v8-oss120b-c-skills,oss120b,c,1,604731,tsvc_2_s2233,score,ok,1,3506217,4.761904761904763,gcc
llr6v8-oss120b-c-skills,oss120b,c,1,604731,tsvc_2_s2233,submit,ok,1,3714465,4.761904761904763,gcc
llr6v8-oss120b-c-skills,oss120b,c,1,604731,tsvc_2_s119,score,score_error,0,6858315,0.0,gcc
llr6v8-oss120b-c-skills,oss120b,c,1,604731,tsvc_2_s119,score,ok,1,6939364,1.0,gcc
llr6v8-oss120b-c-skills,oss120b,c,1,604731,tsvc_2_s119,score,ok,1,7121304,1.0,gcc
llr6v8-oss120b-c-skills,oss120b,c,1,604731,wf_diff_skew,score,incorrect,0,770601,1.0,gcc
llr6v8-oss120b-c-skills,oss120b,c,1,604731,wf_diff_skew,score,incorrect,0,1103474,1.0,gcc
llr6v8-oss120b-c-skills,oss120b,c,1,604731,wf_diff_skew,score,incorrect,0,1281113,1.0,gcc
llr6v8-oss120b-c-skills,oss120b,c,1,604731,tsvc_2_s2233,score,score_error,0,1401070,0.0,gcc
llr6v8-oss120b-c-skills,oss120b,c,1,604731,tsvc_2_s2233,score,ok,1,1444916,1.0,gcc
llr6v8-oss120b-c-skills,oss120b,c,1,604731,fuse_diamond,score,ok,1,1618162,12.500000000000007,gcc
llr6v8-oss120b-c-skills,oss120b,c,1,604731,fuse_diamond,submit,ok,1,1654765,12.500000000000007,gcc
llr6v8-oss120b-c-skills,oss120b,c,1,604731,tsvc_2_s3111,score,ok,1,2280243,3.7037037037037033,gcc
llr6v8-oss120b-c-skills,oss120b,c,1,604731,tsvc_2_s255,score,ok,1,7738424,1.1111111111111112,gcc
llr6v8-oss120b-c-skills,oss120b,c,1,604731,tsvc_2_s3111,score,score_error,0,2665726,0.0,gcc
llr6v8-oss120b-c-skills,oss120b,c,1,604731,tsvc_2_s255,submit,ok,1,7906271,1.0752688172043012,gcc
llr6v8-oss120b-c-skills,oss120b,c,1,604731,tsvc_2_s3111,score,ok,1,2863810,1.8867924528301885,gcc
llr6v8-oss120b-c-skills,oss120b,c,1,604731,tsvc_2_s3111,submit,ok,1,2913943,3.7037037037037033,gcc
llr6v8-oss120b-c-skills,oss120b,c,1,604731,wf_diff_skew,score,incorrect,0,5663865,1.0,gcc
llr6v8-oss120b-c-skills,oss120b,c,1,604731,wf_diff_skew,score,ok,1,7264170,1.0,gcc
llr6v8-oss120b-c-skills,oss120b,c,1,604731,wf_diff_skew,score,ok,1,7988121,1.0,gcc
llr6v8-oss120b-c-skills,oss120b,c,1,604731,wf_diff_skew,score,ok,1,8503619,1.0,gcc
llr6v8-oss120b-c-skills,oss120b,c,1,604731,tsvc_2_s4112,score,ok,1,210161,1.0,gcc
llr6v8-oss120b-c-skills,oss120b,c,1,604731,tsvc_2_s3112,score,incorrect,0,701862,1.0,gcc
llr6v8-oss120b-c-skills,oss120b,c,1,604731,tsvc_2_s4112,score,ok,1,512953,1.0,gcc
llr6v8-oss120b-c-skills,oss120b,c,1,604731,wf_north_west,score,timeout,0,2091519,0.0,gcc
llr6v8-oss120b-c-skills,oss120b,c,1,604731,wf_north_west,score,timeout,0,2680038,0.0,gcc
llr6v8-oss120b-c-skills,oss120b,c,1,604731,tsvc_2_s1232,score,ok,1,2450177,3.1250000000000004,gcc
llr6v8-oss120b-c-skills,oss120b,c,1,604731,tsvc_2_s1232,submit,ok,1,2572371,3.1250000000000004,gcc
llr6v8-oss120b-c-skills,oss120b,c,1,604731,tsvc_2_s2710,score,ok,1,10735974,1.7543859649122806,gcc
llr6v8-oss120b-c-skills,oss120b,c,1,604731,tsvc_2_s2710,submit,ok,1,10776620,1.5873015873015872,gcc
llr6v8-oss120b-c-skills,oss120b,c,1,604731,tsvc_2_vag,score,ok,1,87791,1.0,gcc
llr6v8-oss120b-c-skills,oss120b,c,1,604731,tsvc_2_s1232,score,ok,1,297371,1.6129032258064517,gcc
llr6v8-oss120b-c-skills,oss120b,c,1,604731,tsvc_2_s1232,score,ok,1,518687,1.639344262295082,gcc
llr6v8-oss120b-c-skills,oss120b,c,1,604731,tsvc_2_s231,score,incorrect,0,311183,0.0,gcc
llr6v8-oss120b-c-skills,oss120b,c,1,604731,tsvc_2_vag,score,ok,1,1110478,1.0,gcc
llr6v8-oss120b-c-skills,oss120b,c,1,604731,tsvc_2_vag,submit,ok,1,1188475,1.0,gcc
llr6v8-oss120b-c-skills,oss120b,c,1,604731,tsvc_2_s231,score,ok,1,3103634,1.4285714285714286,gcc
llr6v8-oss120b-c-skills,oss120b,c,1,604731,tsvc_2_s231,submit,ok,1,3162548,1.4285714285714286,gcc
llr6v8-oss120b-c-skills,oss120b,c,1,604731,tsvc_2_s316,score,ok,1,170624,2.7777777777777777,gcc
llr6v8-oss120b-c-skills,oss120b,c,1,604731,tsvc_2_s316,score,ok,1,280712,1.0,gcc
llr6v8-oss120b-c-skills,oss120b,c,1,604731,tsvc_2_s316,submit,ok,1,300055,1.0,gcc
llr6v8-oss120b-c-skills,oss120b,c,1,604731,tsvc_2_s316,score,ok,1,404006,2.7777777777777777,gcc
llr6v8-oss120b-c-skills,oss120b,c,1,604731,tsvc_2_s316,submit,ok,1,447340,2.857142857142857,gcc
llr6v8-oss120b-c-skills,oss120b,c,1,604731,tsvc_2_s1244,score,incorrect,0,427243,99.99999999999991,gcc
llr6v8-oss120b-c-skills,oss120b,c,1,604731,tsvc_2_vag,score,ok,1,447246,2.0408163265306123,gcc
llr6v8-oss120b-c-skills,oss120b,c,1,604731,tsvc_2_vag,submit,ok,1,478065,1.0,gcc
llr6v8-oss120b-c-skills,oss120b,c,1,604731,tsvc_2_vag,score,ok,1,673470,2.0408163265306123,gcc
llr6v8-oss120b-c-skills,oss120b,c,1,604731,tsvc_2_vag,submit,ok,1,707388,1.0,gcc
llr6v8-oss120b-c-skills,oss120b,c,1,604731,tsvc_2_vag,score,ok,1,925222,2.0408163265306123,gcc
llr6v8-oss120b-c-skills,oss120b,c,1,604731,tsvc_2_vag,score,ok,1,1116882,2.0408163265306123,gcc
llr6v8-oss120b-c-skills,oss120b,c,1,604731,tsvc_2_vag,submit,ok,1,1155983,1.0,gcc
llr6v8-oss120b-c-skills,oss120b,c,1,604731,tsvc_2_s1244,score,ok,1,1478548,6.666666666666666,gcc
llr6v8-oss120b-c-skills,oss120b,c,1,604731,tsvc_2_s1244,score,ok,1,1623548,6.666666666666666,gcc
llr6v8-oss120b-c-skills,oss120b,c,1,604731,tsvc_2_s1244,score,ok,1,1871078,6.666666666666666,gcc
llr6v8-oss120b-c-skills,oss120b,c,1,604731,ext_break_capture,score,incorrect,0,2306884,0.0,gcc
llr6v8-oss120b-c-skills,oss120b,c,1,604731,tsvc_2_s1244,submit,ok,1,1921224,3.4482758620689653,gcc
llr6v8-oss120b-c-skills,oss120b,c,1,604731,tsvc_2_s2710,score,ok,1,3403930,1.7543859649122806,gcc
llr6v8-oss120b-c-skills,oss120b,c,1,604731,tsvc_2_s2710,submit,ok,1,3508297,1.6129032258064517,gcc
llr6v8-oss120b-c-skills,oss120b,c,1,604731,tsvc_2_s231,score,incorrect,0,461905,0.0,gcc
llr6v8-oss120b-c-skills,oss120b,c,1,604731,tsvc_2_s231,score,incorrect,0,493585,0.0,gcc
llr6v8-oss120b-c-skills,oss120b,c,1,604731,fuse_stencil_through_transient,score,ok,1,520866,4.166666666666667,gcc
llr6v8-oss120b-c-skills,oss120b,c,1,604731,fuse_stencil_through_transient,submit,ok,1,551811,4.166666666666667,gcc
llr6v8-oss120b-c-skills,oss120b,c,1,604731,tsvc_2_vag,score,ok,1,1752488,1.0,gcc
llr6v8-oss120b-c-skills,oss120b,c,1,604731,tsvc_2_s231,score,incorrect,0,2051692,0.0,gcc
llr6v8-oss120b-c-skills,oss120b,c,1,604731,tsvc_2_s231,score,incorrect,0,2147081,0.0,gcc
llr6v8-oss120b-c-skills,oss120b,c,1,604731,ext_break_capture,score,score_error,0,2020562,0.0,gcc
llr6v8-oss120b-c-skills,oss120b,c,1,604731,tsvc_2_s316,score,ok,1,2006106,1.0,gcc
llr6v8-oss120b-c-skills,oss120b,c,1,604731,ext_break_capture,score,ok,1,2058429,1.0,gcc
llr6v8-oss120b-c-skills,oss120b,c,1,604731,tsvc_2_s316,score,ok,1,2221249,1.0,gcc
llr6v8-oss120b-c-skills,oss120b,c,1,604731,tsvc_2_s316,score,ok,1,2490142,2.7777777777777777,gcc
llr6v8-oss120b-c-skills,oss120b,c,1,604731,tsvc_2_s316,submit,ok,1,2535955,2.9411764705882355,gcc
llr6v8-oss120b-c-skills,oss120b,c,1,604731,wf_triangular,score,incorrect,0,4189083,1.0,gcc
llr6v8-oss120b-c-skills,oss120b,c,1,604731,wf_triangular,score,ok,1,4869904,1.0,gcc
llr6v8-oss120b-c-skills,oss120b,c,1,604731,wf_triangular,score,ok,1,4977123,1.0,gcc
llr6v8-oss120b-c-skills,oss120b,c,1,604731,wf_triangular,score,ok,1,5395617,1.0,gcc
llr6v8-oss120b-c-skills,oss120b,c,1,604731,wf_triangular,score,incorrect,0,5813039,1.0,gcc
llr6v8-oss120b-c-skills,oss120b,c,1,604731,tsvc_2_s275,score,incorrect,0,557901,0.0,gcc
llr6v8-oss120b-c-skills,oss120b,c,1,604731,tsvc_2_s233,score,ok,1,2313337,1.4492753623188408,gcc
llr6v8-oss120b-c-skills,oss120b,c,1,604731,tsvc_2_s1244,score,incorrect,0,2859118,11.111111111111114,gcc
llr6v8-oss120b-c-skills,oss120b,c,1,604731,tsvc_2_s1244,score,incorrect,0,3253832,10.000000000000002,gcc
llr6v8-oss120b-c-skills,oss120b,c,1,604731,tsvc_2_s233,score,ok,1,4808510,1.4492753623188408,gcc
llr6v8-oss120b-c-skills,oss120b,c,1,604731,tsvc_2_s233,submit,ok,1,4865598,1.4705882352941178,gcc
llr6v8-oss120b-c-skills,oss120b,c,1,604731,fuse_stencil_through_transient,score,ok,1,2393867,4.166666666666667,gcc
llr6v8-oss120b-c-skills,oss120b,c,1,604731,tsvc_2_s1244,score,incorrect,0,6223146,0.0,gcc
llr6v8-oss120b-c-skills,oss120b,c,1,604731,fuse_stencil_through_transient,submit,ok,1,2644321,4.166666666666667,gcc
llr6v8-oss120b-c-skills,oss120b,c,1,604731,tsvc_2_s275,score,ok,1,5237325,1.0,gcc
llr6v8-oss120b-c-skills,oss120b,c,1,604731,tsvc_2_s1244,score,ok,1,7249964,3.4482758620689653,gcc
llr6v8-oss120b-c-skills,oss120b,c,1,604731,tsvc_2_s1244,submit,ok,1,7265040,3.4482758620689653,gcc
llr6v8-oss120b-c-skills,oss120b,c,1,604731,wf_triangular,score,incorrect,0,100584,1.0,gcc
llr6v8-oss120b-c-skills,oss120b,c,1,604731,tsvc_2_s318,score,build_error,0,534892,0.0,gcc
llr6v8-oss120b-c-skills,oss120b,c,1,604731,tsvc_2_s318,score,ok,1,562732,1.0,gcc
llr6v8-oss120b-c-skills,oss120b,c,1,604731,fuse_stencil_through_transient,score,ok,1,2060319,4.166666666666667,gcc
llr6v8-oss120b-c-skills,oss120b,c,1,604731,wf_triangular,score,ok,1,2393333,1.0,gcc
llr6v8-oss120b-c-skills,oss120b,c,1,604731,fuse_stencil_through_transient,submit,ok,1,2099298,8.333333333333334,gcc
llr6v8-oss120b-c-skills,oss120b,c,1,604731,tsvc_2_vpvts,score,ok,1,2857467,1.0,gcc
llr6v8-oss120b-c-skills,oss120b,c,1,604731,tsvc_2_vpvts,submit,ok,1,3079647,1.0,gcc
llr6v8-oss120b-c-skills,oss120b,c,1,604731,ext_break_find_first,score,ok,1,2924447,1.0,gcc
llr6v8-oss120b-c-skills,oss120b,c,1,604731,tsvc_2_vpvts,score,ok,1,4545291,1.0416666666666667,gcc
llr6v8-oss120b-c-skills,oss120b,c,1,604731,tsvc_2_vpvts,submit,ok,1,4611217,1.0,gcc
llr6v8-oss120b-c-skills,oss120b,c,1,604731,tsvc_2_s318,score,ok,1,6125054,1.0,gcc
llr6v8-oss120b-c-skills,oss120b,c,1,604731,tsvc_2_s318,score,ok,1,6510252,1.0,gcc
llr6v8-oss120b-c-skills,oss120b,c,1,604731,tsvc_2_s318,score,build_error,0,8026471,0.0,gcc
llr6v8-oss120b-c-skills,oss120b,c,1,604731,ext_break_find_first,score,ok,1,10558756,1.0,gcc
llr6v8-oss120b-c-skills,oss120b,c,1,604731,tsvc_2_s318,score,score_error,0,8269575,0.0,gcc
llr6v8-oss120b-c-skills,oss120b,c,1,604731,tsvc_2_s318,score,build_error,0,8545527,0.0,gcc
llr6v8-oss120b-c-skills,oss120b,c,1,604731,ext_break_find_first,score,ok,1,10846062,1.0,gcc
llr6v8-oss120b-c-skills,oss120b,c,1,604731,tsvc_2_s318,score,incorrect,0,10355339,99.99999999999991,gcc
llr6v8-oss120b-c-skills,oss120b,c,1,604731,ext_break_find_first,score,ok,1,11012320,1.0,gcc
llr6v8-oss120b-c-skills,oss120b,c,1,604731,ext_break_find_first,score,ok,1,11092692,1.0,gcc
llr6v8-oss120b-c-skills,oss120b,c,1,604731,tsvc_2_s318,score,incorrect,0,10513370,99.99999999999991,gcc
llr6v8-oss120b-c-skills,oss120b,c,1,604731,ext_break_find_first,score,ok,1,11242445,1.0,gcc
llr6v8-oss120b-c-skills,oss120b,c,1,604731,ext_break_find_first,score,ok,1,11370444,1.0,gcc
llr6v8-oss120b-c-skills,oss120b,c,1,604731,ext_break_find_first,score,ok,1,11612147,1.0,gcc
llr6v8-oss120b-c-skills,oss120b,c,1,604731,ext_break_find_first,submit,ok,1,11647785,1.0,gcc
llr6v8-oss120b-c-skills,oss120b,c,1,604731,tsvc_2_s318,score,build_error,0,14416676,0.0,gcc
llr6v8-oss120b-c-skills,oss120b,c,1,604731,tsvc_2_s318,score,incorrect,0,15010070,0.0,gcc
llr6v8-oss120b-c-skills,oss120b,c,1,604731,tsvc_2_s318,score,incorrect,0,15309327,1.0,gcc
llr6v8-oss120b-c-skills,oss120b,c,1,604731,tsvc_2_s318,score,incorrect,0,16794546,1.0,gcc
llr6v8-oss120b-c-skills,oss120b,c,1,604731,tsvc_2_s318,score,incorrect,0,17507248,1.0,gcc
llr6v8-oss120b-c-skills,oss120b,c,1,604731,tsvc_2_s318,score,incorrect,0,17898646,1.0,gcc
llr6v8-oss120b-c-skills,oss120b,c,1,604731,tsvc_2_s318,score,incorrect,0,18383339,0.0,gcc
llr6v8-oss120b-c-skills,oss120b,c,1,604731,tsvc_2_s318,score,incorrect,0,18563461,1.0,gcc
llr6v8-oss120b-c-skills,oss120b,c,1,604731,tsvc_2_s318,score,incorrect,0,18717205,1.0,gcc
llr6v8-oss120b-c-skills,oss120b,c,1,604731,tsvc_2_s318,score,incorrect,0,19117227,0.0,gcc
llr6v8-oss120b-c-skills,oss120b,c,1,604731,tsvc_2_s318,score,incorrect,0,19568396,1.0,gcc
llr6v8-oss120b-c-skills,oss120b,c,1,604731,tsvc_2_s318,score,incorrect,0,19832141,0.0,gcc
llr6v8-oss120b-c-skills,oss120b,c,1,604731,quasi_affine_reduce_odd,score,ok,1,248273,2.173913043478261,gcc
llr6v8-oss120b-c-skills,oss120b,c,1,604731,tsvc_2_s311,score,ok,1,227298,4.166666666666667,gcc
llr6v8-oss120b-c-skills,oss120b,c,1,604731,tsvc_2_s311,submit,ok,1,308826,4.166666666666667,gcc
llr6v8-oss120b-c-skills,oss120b,c,1,604731,quasi_affine_reduce_odd,score,ok,1,896479,4.347826086956522,gcc
llr6v8-oss120b-c-skills,oss120b,c,1,604731,quasi_affine_reduce_odd,submit,ok,1,934050,2.2222222222222223,gcc
llr6v8-oss120b-c-skills,oss120b,c,1,604731,ext_break_find_first,score,ok,1,2938787,1.0,gcc
llr6v8-oss120b-c-skills,oss120b,c,1,604731,ext_break_find_first,score,ok,1,3825860,1.0,gcc
llr6v8-oss120b-c-skills,oss120b,c,1,604731,ext_break_find_first,score,ok,1,4057928,1.0,gcc
llr6v8-oss120b-c-skills,oss120b,c,1,604731,ext_break_find_first,score,ok,1,4296148,1.0,gcc
llr6v8-oss120b-c-skills,oss120b,c,1,604731,ext_break_find_first,score,ok,1,4607890,1.0,gcc
llr6v8-oss120b-c-skills,oss120b,c,1,604731,tsvc_2_s318,score,ok,1,2798155,1.2658227848101264,gcc
llr6v8-oss120b-c-skills,oss120b,c,1,604731,ext_break_find_first,score,ok,1,4799055,1.0,gcc
llr6v8-oss120b-c-skills,oss120b,c,1,604731,tsvc_2_s318,submit,ok,1,2841507,1.2658227848101264,gcc
llr6v8-oss120b-c-skills,oss120b,c,1,604731,tsvc_2_s311,score,ok,1,336963,4.166666666666667,gcc
llr6v8-oss120b-c-skills,oss120b,c,1,604731,ext_break_post_body,score,score_error,0,248433,0.0,gcc
llr6v8-oss120b-c-skills,oss120b,c,1,604731,tsvc_2_s311,submit,ok,1,359627,4.166666666666667,gcc
llr6v8-oss120b-c-skills,oss120b,c,1,604731,ext_break_post_body,score,ok,1,319992,1.0,gcc
llr6v8-oss120b-c-skills,oss120b,c,1,604731,tsvc_2_s13110,score,ok,1,684665,1.0,gcc
llr6v8-oss120b-c-skills,oss120b,c,1,604731,tsvc_2_s318,score,score_error,0,2578161,0.0,gcc
llr6v8-oss120b-c-skills,oss120b,c,1,604731,tsvc_2_s318,score,ok,1,2621174,1.0,gcc
llr6v8-oss120b-c-skills,oss120b,c,1,604731,ext_break_post_body,score,ok,1,2293780,1.0,gcc
llr6v8-oss120b-c-skills,oss120b,c,1,604731,tsvc_2_vtvtv,score,ok,1,3707489,1.0,gcc
llr6v8-oss120b-c-skills,oss120b,c,1,604731,ext_break_post_body,score,ok,1,3074423,1.0,gcc
llr6v8-oss120b-c-skills,oss120b,c,1,604731,tsvc_2_vtvtv,score,ok,1,4344066,1.0,gcc
llr6v8-oss120b-c-skills,oss120b,c,1,604731,tsvc_2_vtvtv,score,ok,1,4665198,1.0,gcc
llr6v8-oss120b-c-skills,oss120b,c,1,604731,ext_break_post_body,score,ok,1,3426277,1.0,gcc
