arm,model,language,skills,job,benchmark,route,status,correct,tokens,speedup,compiler
llr8-qwen30b-c,qwen30b,c,0,608446,argmax_with_index,score,ok,1,97495,0.9989311652878498,gcc
llr8-qwen30b-c,qwen30b,c,0,608446,argmax_with_index,score,ok,1,139389,1.4906500826308955,gcc
llr8-qwen30b-c,qwen30b,c,0,608446,argmax_with_index,score,ok,1,184894,0.9995599803223798,gcc
llr8-qwen30b-c,qwen30b,c,0,608446,tsvc_2_s2275,score,incorrect,0,264495,0.0,gcc
llr8-qwen30b-c,qwen30b,c,0,608446,argmax_with_index,score,ok,1,271702,1.4901265317739667,gcc
llr8-qwen30b-c,qwen30b,c,0,608446,tsvc_2_s4112,score,incorrect,0,285410,0.0,gcc
llr8-qwen30b-c,qwen30b,c,0,608446,argmax_with_index,score,ok,1,330203,0.8888693366549596,gcc
llr8-qwen30b-c,qwen30b,c,0,608446,tsvc_2_s4112,score,timeout,0,443969,0.0,gcc
llr8-qwen30b-c,qwen30b,c,0,608446,argmax_with_index,score,ok,1,393839,1.4872557056514892,gcc
llr8-qwen30b-c,qwen30b,c,0,608446,argmax_with_index,submit,ok,1,415874,1.4705882352941178,gcc
llr8-qwen30b-c,qwen30b,c,0,608446,tsvc_2_s4112,score,timeout,0,544940,0.0,gcc
llr8-qwen30b-c,qwen30b,c,0,608446,argmax_with_index,score,ok,1,484500,1.4888936600494633,gcc
llr8-qwen30b-c,qwen30b,c,0,608446,tsvc_2_s4112,score,ok,1,625651,1.0152395806998886,gcc
llr8-qwen30b-c,qwen30b,c,0,608446,argmax_with_index,submit,ok,1,508827,1.4705882352941178,gcc
llr8-qwen30b-c,qwen30b,c,0,608446,tsvc_2_s4112,score,ok,1,710595,1.0177669720975822,gcc
llr8-qwen30b-c,qwen30b,c,0,608446,argmax_with_index,score,ok,1,559062,1.4886007224952753,gcc
llr8-qwen30b-c,qwen30b,c,0,608446,tsvc_2_s4112,score,ok,1,799625,1.0622579778217986,gcc
llr8-qwen30b-c,qwen30b,c,0,608446,argmax_with_index,submit,ok,1,585075,1.492537313432836,gcc
llr8-qwen30b-c,qwen30b,c,0,608446,tsvc_2_s4112,score,ok,1,924858,1.011521375959212,gcc
llr8-qwen30b-c,qwen30b,c,0,608446,argmax_with_index,score,ok,1,639258,1.4909229870673013,gcc
llr8-qwen30b-c,qwen30b,c,0,608446,tsvc_2_s4112,submit,ok,1,957307,1.0,gcc
llr8-qwen30b-c,qwen30b,c,0,608446,argmax_with_index,submit,ok,1,667015,1.492537313432836,gcc
llr8-qwen30b-c,qwen30b,c,0,608446,tsvc_2_s4112,submit,ok,1,1057651,1.0,gcc
llr8-qwen30b-c,qwen30b,c,0,608446,tsvc_2_s2275,submit,incorrect,0,868754,0.0,gcc
llr8-qwen30b-c,qwen30b,c,0,608446,argmax_with_index,score,ok,1,723945,1.4899259893671637,gcc
llr8-qwen30b-c,qwen30b,c,0,608446,argmax_with_index,submit,ok,1,753107,1.4705882352941178,gcc
llr8-qwen30b-c,qwen30b,c,0,608446,argmax_with_index,score,ok,1,905139,1.4904405668739806,gcc
llr8-qwen30b-c,qwen30b,c,0,608446,argmax_with_index,submit,ok,1,936842,1.4705882352941178,gcc
llr8-qwen30b-c,qwen30b,c,0,608446,argmax_with_index,score,ok,1,1035021,1.4934498474968918,gcc
llr8-qwen30b-c,qwen30b,c,0,608446,argmax_with_index,submit,ok,1,1068930,1.4705882352941178,gcc
llr8-qwen30b-c,qwen30b,c,0,608446,argmax_with_index,score,ok,1,1173639,1.4922072021155348,gcc
llr8-qwen30b-c,qwen30b,c,0,608446,argmax_with_index,submit,ok,1,1209667,1.4705882352941178,gcc
llr8-qwen30b-c,qwen30b,c,0,608446,argmax_with_index,score,ok,1,1357896,1.4900595664590213,gcc
llr8-qwen30b-c,qwen30b,c,0,608446,argmax_with_index,submit,ok,1,1396016,1.4705882352941178,gcc
llr8-qwen30b-c,qwen30b,c,0,608446,argmax_with_index,score,ok,1,1513348,1.4940781876858014,gcc
llr8-qwen30b-c,qwen30b,c,0,608446,argmax_with_index,submit,ok,1,1553580,1.492537313432836,gcc
llr8-qwen30b-c,qwen30b,c,0,608446,argmax_with_index,score,ok,1,1677344,1.4908245836344056,gcc
llr8-qwen30b-c,qwen30b,c,0,608446,argmax_with_index,submit,ok,1,1719782,1.492537313432836,gcc
llr8-qwen30b-c,qwen30b,c,0,608446,argmax_with_index,score,ok,1,1850064,1.4878348224310054,gcc
llr8-qwen30b-c,qwen30b,c,0,608446,argmax_with_index,submit,ok,1,1894612,1.4705882352941178,gcc
llr8-qwen30b-c,qwen30b,c,0,608446,argmax_with_index,score,ok,1,2077015,1.492954160391047,gcc
llr8-qwen30b-c,qwen30b,c,0,608446,argmax_with_index,submit,ok,1,2123651,1.4705882352941178,gcc
llr8-qwen30b-c,qwen30b,c,0,608446,argmax_with_index,score,ok,1,2266544,1.4894248602824447,gcc
llr8-qwen30b-c,qwen30b,c,0,608446,argmax_with_index,submit,ok,1,2315297,1.4705882352941178,gcc
llr8-qwen30b-c,qwen30b,c,0,608446,argmax_with_index,score,ok,1,2464616,1.489223879004176,gcc
llr8-qwen30b-c,qwen30b,c,0,608446,argmax_with_index,submit,ok,1,2515567,1.4705882352941178,gcc
llr8-qwen30b-c,qwen30b,c,0,608446,argmax_with_index,score,ok,1,2671385,1.4921412732355892,gcc
llr8-qwen30b-c,qwen30b,c,0,608446,argmax_with_index,submit,ok,1,2724442,1.4705882352941178,gcc
llr8-qwen30b-c,qwen30b,c,0,608446,argmax_with_index,score,ok,1,2940865,1.4913768785306205,gcc
llr8-qwen30b-c,qwen30b,c,0,608446,argmax_with_index,submit,ok,1,2996007,1.4705882352941178,gcc
llr8-qwen30b-c,qwen30b,c,0,608446,argmax_with_index,score,ok,1,3164410,1.4910189478094615,gcc
llr8-qwen30b-c,qwen30b,c,0,608446,argmax_with_index,submit,ok,1,3221665,1.492537313432836,gcc
llr8-qwen30b-c,qwen30b,c,0,608446,argmax_with_index,score,ok,1,3454906,1.4870039792036995,gcc
llr8-qwen30b-c,qwen30b,c,0,608446,argmax_with_index,submit,ok,1,3514255,1.492537313432836,gcc
llr8-qwen30b-c,qwen30b,c,0,608446,argmax_with_index,score,ok,1,3695273,1.493203090093055,gcc
llr8-qwen30b-c,qwen30b,c,0,608446,argmax_with_index,submit,ok,1,3756729,1.492537313432836,gcc
llr8-qwen30b-c,qwen30b,c,0,608446,argmax_with_index,score,ok,1,3944164,1.487401381789404,gcc
llr8-qwen30b-c,qwen30b,c,0,608446,argmax_with_index,submit,ok,1,4007822,1.492537313432836,gcc
llr8-qwen30b-c,qwen30b,c,0,608446,ext_break_capture,score,ok,1,97448,1.0054497989973779,gcc
llr8-qwen30b-c,qwen30b,c,0,608446,tsvc_2_vag,score,ok,1,84401,0.9875313327355175,gcc
llr8-qwen30b-c,qwen30b,c,0,608446,ext_break_capture,score,ok,1,139123,0.817300421182996,gcc
llr8-qwen30b-c,qwen30b,c,0,608446,ext_break_capture,score,ok,1,184306,0.9409124873537715,gcc
llr8-qwen30b-c,qwen30b,c,0,608446,ext_break_capture,score,ok,1,249697,0.9885569090262039,gcc
llr8-qwen30b-c,qwen30b,c,0,608446,tsvc_2_s231,score,build_error,0,304922,0.0,gcc
llr8-qwen30b-c,qwen30b,c,0,608446,ext_break_capture,submit,ok,1,301825,1.1111111111111112,gcc
llr8-qwen30b-c,qwen30b,c,0,608446,tsvc_2_vag,score,ok,1,202712,0.9943589507833893,gcc
llr8-qwen30b-c,qwen30b,c,0,608446,tsvc_2_vag,score,ok,1,257246,1.0037703101038937,gcc
llr8-qwen30b-c,qwen30b,c,0,608446,tsvc_2_vag,score,ok,1,315880,1.0027489358666408,gcc
llr8-qwen30b-c,qwen30b,c,0,608446,tsvc_2_s231,score,incorrect,0,515290,0.0,gcc
llr8-qwen30b-c,qwen30b,c,0,608446,tsvc_2_vag,score,ok,1,378547,0.9954729168146214,gcc
llr8-qwen30b-c,qwen30b,c,0,608446,tsvc_2_s231,score,build_error,0,626047,0.0,gcc
llr8-qwen30b-c,qwen30b,c,0,608446,tsvc_2_s231,score,incorrect,0,684804,75455.34376383763,gcc
llr8-qwen30b-c,qwen30b,c,0,608446,tsvc_2_vag,score,ok,1,422601,1.0020553644528418,gcc
llr8-qwen30b-c,qwen30b,c,0,608446,tsvc_2_vag,submit,ok,1,445382,1.0416666666666667,gcc
llr8-qwen30b-c,qwen30b,c,0,608446,tsvc_2_s231,score,ok,1,776610,1.036633989657192,gcc
llr8-qwen30b-c,qwen30b,c,0,608446,tsvc_2_s231,score,ok,1,840911,18.295878863741393,gcc
llr8-qwen30b-c,qwen30b,c,0,608446,tsvc_2_s231,score,ok,1,907991,19.083856611053786,gcc
llr8-qwen30b-c,qwen30b,c,0,608446,tsvc_2_s231,score,ok,1,977827,18.73002477356603,gcc
llr8-qwen30b-c,qwen30b,c,0,608446,tsvc_2_s231,submit,ok,1,1013600,16.666666666666682,gcc
llr8-qwen30b-c,qwen30b,c,0,608446,tsvc_2_s119,score,build_error,0,367287,0.0,gcc
llr8-qwen30b-c,qwen30b,c,0,608446,tsvc_2_s3111,submit,incorrect,0,424159,0.0,gcc
llr8-qwen30b-c,qwen30b,c,0,608446,tsvc_2_s3111,submit,ok,1,626607,3.846153846153846,gcc
llr8-qwen30b-c,qwen30b,c,0,608446,tsvc_2_s119,score,incorrect,0,832979,0.0,gcc
llr8-qwen30b-c,qwen30b,c,0,608446,tsvc_2_s119,score,timeout,0,932822,0.0,gcc
llr8-qwen30b-c,qwen30b,c,0,608446,tsvc_2_s119,score,ok,1,1037579,1.013990599706095,gcc
llr8-qwen30b-c,qwen30b,c,0,608446,tsvc_2_s119,score,timeout,0,1110312,0.0,gcc
llr8-qwen30b-c,qwen30b,c,0,608446,tsvc_2_s119,submit,ok,1,1147642,1.0,gcc
llr8-qwen30b-c,qwen30b,c,0,608446,tsvc_2_s119,score,ok,1,1224276,1.0202056776545967,gcc
llr8-qwen30b-c,qwen30b,c,0,608446,tsvc_2_s119,score,ok,1,1303884,0.997057243794696,gcc
llr8-qwen30b-c,qwen30b,c,0,608446,tsvc_2_s119,score,ok,1,1386346,0.9964885135641923,gcc
llr8-qwen30b-c,qwen30b,c,0,608446,tsvc_2_s119,submit,ok,1,1428444,1.0204081632653061,gcc
llr8-qwen30b-c,qwen30b,c,0,608446,tsvc_2_s119,submit,ok,1,1601822,1.0,gcc
llr8-qwen30b-c,qwen30b,c,0,608446,tsvc_2_s119,submit,ok,1,1692475,1.0309278350515465,gcc
llr8-qwen30b-c,qwen30b,c,0,608446,tsvc_2_s3112,score,incorrect,0,312057,0.0,gcc
llr8-qwen30b-c,qwen30b,c,0,608446,tsvc_2_s1232,score,build_error,0,498956,0.0,gcc
llr8-qwen30b-c,qwen30b,c,0,608446,tsvc_2_s1232,score,build_error,0,660350,0.0,gcc
llr8-qwen30b-c,qwen30b,c,0,608446,tsvc_2_s3112,submit,incorrect,0,657871,0.0,gcc
llr8-qwen30b-c,qwen30b,c,0,608446,tsvc_2_s1232,submit,build_error,0,778427,0.0,gcc
llr8-qwen30b-c,qwen30b,c,0,608446,tsvc_2_s3112,submit,incorrect,0,798456,0.0,gcc
llr8-qwen30b-c,qwen30b,c,0,608446,tsvc_2_s3112,submit,ok,1,922790,1.0,gcc
llr8-qwen30b-c,qwen30b,c,0,608446,tsvc_2_s3112,score,ok,1,1019825,1.0005105170814126,gcc
llr8-qwen30b-c,qwen30b,c,0,608446,tsvc_2_s3112,score,ok,1,1120513,1.0018741857980884,gcc
llr8-qwen30b-c,qwen30b,c,0,608446,tsvc_2_s3112,score,ok,1,1224926,1.000545211109374,gcc
llr8-qwen30b-c,qwen30b,c,0,608446,tsvc_2_s3112,score,ok,1,1333344,1.004332225698311,gcc
llr8-qwen30b-c,qwen30b,c,0,608446,tsvc_2_s3112,submit,ok,1,1370199,1.0,gcc
llr8-qwen30b-c,qwen30b,c,0,608446,tsvc_2_s3112,submit,ok,1,1483174,1.0,gcc
llr8-qwen30b-c,qwen30b,c,0,608446,tsvc_2_s1244,score,ok,1,141757,0.9896467220659946,gcc
llr8-qwen30b-c,qwen30b,c,0,608446,tsvc_2_s1244,score,incorrect,0,185922,1.0959304874199496,gcc
llr8-qwen30b-c,qwen30b,c,0,608446,tsvc_2_s1244,score,ok,1,234605,0.97728624545237,gcc
llr8-qwen30b-c,qwen30b,c,0,608446,tsvc_2_s1244,score,ok,1,287148,0.9872530286226553,gcc
llr8-qwen30b-c,qwen30b,c,0,608446,tsvc_2_s1244,score,ok,1,343687,0.9777336965104245,gcc
llr8-qwen30b-c,qwen30b,c,0,608446,tsvc_2_s316,score,build_error,0,475314,0.0,gcc
llr8-qwen30b-c,qwen30b,c,0,608446,tsvc_2_s1244,score,ok,1,404379,0.9817441540946024,gcc
llr8-qwen30b-c,qwen30b,c,0,608446,tsvc_2_s316,score,build_error,0,577236,0.0,gcc
llr8-qwen30b-c,qwen30b,c,0,608446,tsvc_2_s1244,score,ok,1,468785,0.9916782983258846,gcc
llr8-qwen30b-c,qwen30b,c,0,608446,tsvc_2_s1244,submit,ok,1,490908,1.0,gcc
llr8-qwen30b-c,qwen30b,c,0,608446,tsvc_2_s316,score,incorrect,0,808985,0.0,gcc
llr8-qwen30b-c,qwen30b,c,0,608446,tsvc_2_s316,score,build_error,0,937994,0.0,gcc
llr8-qwen30b-c,qwen30b,c,0,608446,tsvc_2_s316,submit,build_error,0,1006678,0.0,gcc
llr8-qwen30b-c,qwen30b,c,0,608446,tsvc_2_s316,score,build_error,0,1078578,0.0,gcc
llr8-qwen30b-c,qwen30b,c,0,608446,tsvc_2_s316,submit,build_error,0,1115779,0.0,gcc
llr8-qwen30b-c,qwen30b,c,0,608446,tsvc_2_s13110,score,incorrect,0,354844,0.0,gcc
llr8-qwen30b-c,qwen30b,c,0,608446,tsvc_2_s318,score,build_error,0,498279,0.0,gcc
llr8-qwen30b-c,qwen30b,c,0,608446,tsvc_2_s13110,score,incorrect,0,632737,0.0,gcc
llr8-qwen30b-c,qwen30b,c,0,608446,tsvc_2_s13110,score,incorrect,0,719426,291.6142239543402,gcc
llr8-qwen30b-c,qwen30b,c,0,608446,tsvc_2_s318,submit,build_error,0,736196,0.0,gcc
llr8-qwen30b-c,qwen30b,c,0,608446,tsvc_2_s318,score,build_error,0,796949,0.0,gcc
llr8-qwen30b-c,qwen30b,c,0,608446,tsvc_2_s13110,score,incorrect,0,886579,2.989787916935576,gcc
llr8-qwen30b-c,qwen30b,c,0,608446,tsvc_2_s318,submit,build_error,0,861993,0.0,gcc
llr8-qwen30b-c,qwen30b,c,0,608446,tsvc_2_s318,score,build_error,0,966451,0.0,gcc
llr8-qwen30b-c,qwen30b,c,0,608446,tsvc_2_s13110,score,incorrect,0,997969,5.089978827281271,gcc
llr8-qwen30b-c,qwen30b,c,0,608446,tsvc_2_s318,submit,build_error,0,1040103,0.0,gcc
llr8-qwen30b-c,qwen30b,c,0,608446,tsvc_2_s13110,submit,incorrect,0,1115313,2.9411764705882355,gcc
llr8-qwen30b-c,qwen30b,c,0,608446,tsvc_2_s13110,score,build_error,0,1197493,0.0,gcc
llr8-qwen30b-c,qwen30b,c,0,608446,tsvc_2_s13110,score,incorrect,0,1283900,2.984049730720786,gcc
llr8-qwen30b-c,qwen30b,c,0,608446,tsvc_2_s13110,submit,incorrect,0,1328011,2.9411764705882355,gcc
llr8-qwen30b-c,qwen30b,c,0,608446,tsvc_2_s13110,score,incorrect,0,1463885,2.995493700823015,gcc
llr8-qwen30b-c,qwen30b,c,0,608446,tsvc_2_s319,submit,incorrect,0,399223,0.0,gcc
llr8-qwen30b-c,qwen30b,c,0,608446,tsvc_2_s319,submit,timeout,0,616401,0.0,gcc
llr8-qwen30b-c,qwen30b,c,0,608446,tsvc_2_s152,score,build_error,0,463583,0.0,gcc
llr8-qwen30b-c,qwen30b,c,0,608446,tsvc_2_s152,score,build_error,0,513493,0.0,gcc
llr8-qwen30b-c,qwen30b,c,0,608446,tsvc_2_s319,submit,timeout,0,696699,0.0,gcc
llr8-qwen30b-c,qwen30b,c,0,608446,tsvc_2_s152,score,build_error,0,621301,0.0,gcc
llr8-qwen30b-c,qwen30b,c,0,608446,tsvc_2_s319,submit,timeout,0,781997,0.0,gcc
llr8-qwen30b-c,qwen30b,c,0,608446,tsvc_2_s152,submit,build_error,0,770456,0.0,gcc
llr8-qwen30b-c,qwen30b,c,0,608446,tsvc_2_s319,submit,incorrect,0,901976,1.0,gcc
llr8-qwen30b-c,qwen30b,c,0,608446,tsvc_2_s319,submit,timeout,0,997369,0.0,gcc
llr8-qwen30b-c,qwen30b,c,0,608446,tsvc_2_s319,submit,timeout,0,1097638,0.0,gcc
llr8-qwen30b-c,qwen30b,c,0,608446,tsvc_2_s319,submit,timeout,0,1202804,0.0,gcc
llr8-qwen30b-c,qwen30b,c,0,608446,tsvc_2_s319,score,timeout,0,1312592,0.0,gcc
llr8-qwen30b-c,qwen30b,c,0,608446,tsvc_2_s319,submit,timeout,0,1427263,0.0,gcc
llr8-qwen30b-c,qwen30b,c,0,608446,tsvc_2_s323,score,build_error,0,327778,0.0,gcc
llr8-qwen30b-c,qwen30b,c,0,608446,tsvc_2_s323,score,incorrect,0,433060,0.0,gcc
llr8-qwen30b-c,qwen30b,c,0,608446,tsvc_2_s323,score,incorrect,0,503796,0.0,gcc
llr8-qwen30b-c,qwen30b,c,0,608446,tsvc_2_s2233,score,timeout,0,421621,0.0,gcc
llr8-qwen30b-c,qwen30b,c,0,608446,tsvc_2_s323,score,incorrect,0,731331,0.0,gcc
llr8-qwen30b-c,qwen30b,c,0,608446,tsvc_2_s2233,score,timeout,0,521930,0.0,gcc
llr8-qwen30b-c,qwen30b,c,0,608446,tsvc_2_s323,score,incorrect,0,894572,0.0,gcc
llr8-qwen30b-c,qwen30b,c,0,608446,tsvc_2_s323,submit,build_error,0,1072005,0.0,gcc
llr8-qwen30b-c,qwen30b,c,0,608446,tsvc_2_s323,submit,build_error,0,1226710,0.0,gcc
llr8-qwen30b-c,qwen30b,c,0,608446,tsvc_2_s2233,score,incorrect,0,786108,39137.23250127356,gcc
llr8-qwen30b-c,qwen30b,c,0,608446,tsvc_2_s2233,score,incorrect,0,886473,46674.59744835966,gcc
llr8-qwen30b-c,qwen30b,c,0,608446,tsvc_2_s2233,score,incorrect,0,1145907,51217.5916,gcc
llr8-qwen30b-c,qwen30b,c,0,608446,tsvc_2_s2233,submit,timeout,0,1444807,0.0,gcc
llr8-qwen30b-c,qwen30b,c,0,608446,tsvc_2_s2233,score,incorrect,0,1582230,58418.665804881755,gcc
llr8-qwen30b-c,qwen30b,c,0,608446,tsvc_2_s2233,submit,timeout,0,1628820,0.0,gcc
llr8-qwen30b-c,qwen30b,c,0,608446,ext_break_find_first,score,ok,1,180383,0.9910714451251683,gcc
llr8-qwen30b-c,qwen30b,c,0,608446,ext_break_find_first,score,incorrect,0,226128,0.55262202934795,gcc
llr8-qwen30b-c,qwen30b,c,0,608446,ext_break_find_first,score,ok,1,275400,1.0015025363405612,gcc
llr8-qwen30b-c,qwen30b,c,0,608446,ext_break_find_first,score,incorrect,0,327788,0.9805011744261916,gcc
llr8-qwen30b-c,qwen30b,c,0,608446,ext_break_find_first,score,ok,1,383158,0.9942545054939604,gcc
llr8-qwen30b-c,qwen30b,c,0,608446,ext_break_find_first,score,ok,1,441446,1.0051526805134805,gcc
llr8-qwen30b-c,qwen30b,c,0,608446,ext_break_find_first,submit,ok,1,461442,1.0,gcc
llr8-qwen30b-c,qwen30b,c,0,608446,tsvc_2_s233,score,build_error,0,486244,0.0,gcc
llr8-qwen30b-c,qwen30b,c,0,608446,tsvc_2_vpvts,score,incorrect,0,535069,0.0,gcc
llr8-qwen30b-c,qwen30b,c,0,608446,ext_break_find_first,submit,ok,1,545932,1.0101010101010102,gcc
llr8-qwen30b-c,qwen30b,c,0,608446,tsvc_2_s233,submit,build_error,0,569074,0.0,gcc
llr8-qwen30b-c,qwen30b,c,0,608446,tsvc_2_vpvts,score,incorrect,0,670718,0.0,gcc
llr8-qwen30b-c,qwen30b,c,0,608446,tsvc_2_s233,score,build_error,0,719692,0.0,gcc
llr8-qwen30b-c,qwen30b,c,0,608446,tsvc_2_s233,submit,build_error,0,818941,0.0,gcc
llr8-qwen30b-c,qwen30b,c,0,608446,tsvc_2_vpvts,score,incorrect,0,1101045,0.0,gcc
llr8-qwen30b-c,qwen30b,c,0,608446,tsvc_2_vpvts,submit,incorrect,0,1254707,0.0,gcc
llr8-qwen30b-c,qwen30b,c,0,608446,tsvc_2_vpvts,submit,incorrect,0,1509224,0.0,gcc
llr8-qwen30b-c,qwen30b,c,0,608446,ext_break_post_body,score,ok,1,83755,0.9823313686802467,gcc
llr8-qwen30b-c,qwen30b,c,0,608446,ext_break_post_body,score,incorrect,0,166633,0.7200056864849702,gcc
llr8-qwen30b-c,qwen30b,c,0,608446,tsvc_2_vtvtv,score,incorrect,0,190501,0.2479947506710146,gcc
llr8-qwen30b-c,qwen30b,c,0,608446,ext_break_post_body,score,ok,1,230308,0.7335085383743954,gcc
llr8-qwen30b-c,qwen30b,c,0,608446,tsvc_2_s235,score,incorrect,0,429810,0.0,gcc
llr8-qwen30b-c,qwen30b,c,0,608446,ext_break_post_body,submit,ok,1,300675,1.0,gcc
llr8-qwen30b-c,qwen30b,c,0,608446,tsvc_2_vtvtv,score,ok,1,252192,1.0085455119903857,gcc
llr8-qwen30b-c,qwen30b,c,0,608446,ext_break_post_body,score,ok,1,357553,0.7354159704280604,gcc
llr8-qwen30b-c,qwen30b,c,0,608446,tsvc_2_vtvtv,score,ok,1,303605,1.0052153159470771,gcc
llr8-qwen30b-c,qwen30b,c,0,608446,ext_break_post_body,submit,ok,1,377114,1.0,gcc
llr8-qwen30b-c,qwen30b,c,0,608446,tsvc_2_vtvtv,score,ok,1,358877,4.846470433956935,gcc
llr8-qwen30b-c,qwen30b,c,0,608446,tsvc_2_vtvtv,score,ok,1,417548,4.831671645319859,gcc
llr8-qwen30b-c,qwen30b,c,0,608446,ext_break_post_body,score,ok,1,482175,0.9935984286997785,gcc
llr8-qwen30b-c,qwen30b,c,0,608446,ext_break_post_body,submit,ok,1,504252,1.0,gcc
llr8-qwen30b-c,qwen30b,c,0,608446,tsvc_2_s235,score,build_error,0,829421,0.0,gcc
llr8-qwen30b-c,qwen30b,c,0,608446,tsvc_2_vtvtv,score,incorrect,0,522984,0.8361856277439275,gcc
llr8-qwen30b-c,qwen30b,c,0,608446,ext_break_post_body,score,ok,1,549675,1.054888487746161,gcc
llr8-qwen30b-c,qwen30b,c,0,608446,tsvc_2_vtvtv,score,ok,1,590795,4.877263356164072,gcc
llr8-qwen30b-c,qwen30b,c,0,608446,tsvc_2_s235,submit,build_error,0,900746,0.0,gcc
llr8-qwen30b-c,qwen30b,c,0,608446,ext_break_post_body,submit,ok,1,573364,1.0,gcc
llr8-qwen30b-c,qwen30b,c,0,608446,tsvc_2_s235,score,build_error,0,975522,0.0,gcc
llr8-qwen30b-c,qwen30b,c,0,608446,tsvc_2_vtvtv,score,ok,1,686485,4.865551157344235,gcc
llr8-qwen30b-c,qwen30b,c,0,608446,tsvc_2_vtvtv,submit,ok,1,711342,4.761904761904763,gcc
llr8-qwen30b-c,qwen30b,c,0,608446,ext_break_post_body,score,ok,1,622711,1.000131222939181,gcc
llr8-qwen30b-c,qwen30b,c,0,608446,tsvc_2_s235,submit,build_error,0,1053559,0.0,gcc
llr8-qwen30b-c,qwen30b,c,0,608446,ext_break_post_body,submit,ok,1,648210,1.0,gcc
llr8-qwen30b-c,qwen30b,c,0,608446,tsvc_2_s235,score,build_error,0,1219332,0.0,gcc
llr8-qwen30b-c,qwen30b,c,0,608446,ext_break_post_body,score,ok,1,700916,0.9823996419249792,gcc
llr8-qwen30b-c,qwen30b,c,0,608446,ext_break_post_body,submit,ok,1,728139,1.0,gcc
llr8-qwen30b-c,qwen30b,c,0,608446,tsvc_2_s235,score,build_error,0,1307570,0.0,gcc
llr8-qwen30b-c,qwen30b,c,0,608446,ext_break_post_body,submit,ok,1,1028904,1.0,gcc
llr8-qwen30b-c,qwen30b,c,0,608446,ext_war_unit,score,ok,1,83776,1.08622234927788,gcc
llr8-qwen30b-c,qwen30b,c,0,608446,tsvc_2_s252,score,ok,1,145489,1.0724998685890146,gcc
llr8-qwen30b-c,qwen30b,c,0,608446,ext_war_unit,score,ok,1,124146,1.046423086440314,gcc
llr8-qwen30b-c,qwen30b,c,0,608446,ext_war_unit,score,ok,1,167699,1.0465366177819482,gcc
llr8-qwen30b-c,qwen30b,c,0,608446,ext_war_unit,score,ok,1,214515,1.047288872003862,gcc
llr8-qwen30b-c,qwen30b,c,0,608446,wavefront2d,score,ok,1,165286,1.0001132151894547,gcc
llr8-qwen30b-c,qwen30b,c,0,608446,ext_war_unit,score,ok,1,281088,1.0836977447659577,gcc
llr8-qwen30b-c,qwen30b,c,0,608446,tsvc_2_s252,score,incorrect,0,336486,1.2253814689427283,gcc
llr8-qwen30b-c,qwen30b,c,0,608446,wavefront2d,score,ok,1,217947,0.9993229018014158,gcc
llr8-qwen30b-c,qwen30b,c,0,608446,ext_war_unit,score,ok,1,335039,1.0829771089980953,gcc
llr8-qwen30b-c,qwen30b,c,0,608446,ext_war_unit,submit,ok,1,353674,1.0752688172043012,gcc
llr8-qwen30b-c,qwen30b,c,0,608446,wavefront2d,score,ok,1,273532,0.9997790117315298,gcc
llr8-qwen30b-c,qwen30b,c,0,608446,tsvc_2_s252,score,ok,1,398595,0.6720987595284618,gcc
llr8-qwen30b-c,qwen30b,c,0,608446,ext_war_unit,score,ok,1,412384,1.110960506406364,gcc
llr8-qwen30b-c,qwen30b,c,0,608446,ext_war_unit,submit,ok,1,432588,1.0869565217391304,gcc
llr8-qwen30b-c,qwen30b,c,0,608446,wavefront2d,score,ok,1,394357,0.998996066130739,gcc
llr8-qwen30b-c,qwen30b,c,0,608446,tsvc_2_s252,score,incorrect,0,537928,1.2639738680653116,gcc
llr8-qwen30b-c,qwen30b,c,0,608446,wavefront2d,submit,ok,1,415830,1.0,gcc
llr8-qwen30b-c,qwen30b,c,0,608446,tsvc_2_s252,score,ok,1,590282,1.0667721160236383,gcc
llr8-qwen30b-c,qwen30b,c,0,608446,tsvc_2_s252,submit,ok,1,617130,1.0204081632653061,gcc
llr8-qwen30b-c,qwen30b,c,0,608446,wavefront2d,score,ok,1,460180,0.9994951251673944,gcc
llr8-qwen30b-c,qwen30b,c,0,608446,wavefront2d,submit,ok,1,507023,1.0,gcc
llr8-qwen30b-c,qwen30b,c,0,608446,wavefront2d,submit,ok,1,609573,1.0,gcc
llr8-qwen30b-c,qwen30b,c,0,608446,wf_diff_skew,score,incorrect,0,84076,0.8159632844604596,gcc
llr8-qwen30b-c,qwen30b,c,0,608446,wf_diff_skew,score,incorrect,0,125010,1.0023977751713051,gcc
llr8-qwen30b-c,qwen30b,c,0,608446,tsvc_2_s255,score,incorrect,0,241993,0.0,gcc
llr8-qwen30b-c,qwen30b,c,0,608446,tsvc_2_s255,score,ok,1,399551,0.737754218044948,gcc
llr8-qwen30b-c,qwen30b,c,0,608446,fuse_diamond,score,ok,1,125470,12.95938619592313,gcc
llr8-qwen30b-c,qwen30b,c,0,608446,fuse_diamond,score,ok,1,142348,2.1475409836065573,gcc
llr8-qwen30b-c,qwen30b,c,0,608446,fuse_diamond,score,ok,1,159614,4.548172319460472,gcc
llr8-qwen30b-c,qwen30b,c,0,608446,fuse_diamond,submit,ok,1,177227,11.111111111111114,gcc
llr8-qwen30b-c,qwen30b,c,0,608446,wf_diff_skew,score,ok,1,221208,1.0386024429932443,gcc
llr8-qwen30b-c,qwen30b,c,0,608446,tsvc_2_s255,score,ok,1,554069,0.7316224845606718,gcc
llr8-qwen30b-c,qwen30b,c,0,608446,wf_diff_skew,score,ok,1,275738,0.7410137983220184,gcc
llr8-qwen30b-c,qwen30b,c,0,608446,tsvc_2_s255,score,ok,1,626542,0.7727669305088858,gcc
llr8-qwen30b-c,qwen30b,c,0,608446,wf_diff_skew,score,ok,1,334216,1.0494531443018582,gcc
llr8-qwen30b-c,qwen30b,c,0,608446,tsvc_2_s255,score,ok,1,703257,0.7578671241519576,gcc
llr8-qwen30b-c,qwen30b,c,0,608446,tsvc_2_s255,submit,ok,1,729577,1.0,gcc
llr8-qwen30b-c,qwen30b,c,0,608446,wf_diff_skew,score,incorrect,0,396456,0.4881341825838314,gcc
llr8-qwen30b-c,qwen30b,c,0,608446,wf_diff_skew,score,ok,1,440083,0.9954154283789715,gcc
llr8-qwen30b-c,qwen30b,c,0,608446,wf_diff_skew,score,incorrect,0,509020,0.9277378494094106,gcc
llr8-qwen30b-c,qwen30b,c,0,608446,wf_diff_skew,submit,incorrect,0,532633,1.0,gcc
llr8-qwen30b-c,qwen30b,c,0,608446,tsvc_2_s255,score,ok,1,841885,0.7519406027681697,gcc
llr8-qwen30b-c,qwen30b,c,0,608446,wf_diff_skew,score,ok,1,681204,0.9645317164919318,gcc
llr8-qwen30b-c,qwen30b,c,0,608446,wf_diff_skew,score,ok,1,759639,1.0371999062630843,gcc
llr8-qwen30b-c,qwen30b,c,0,608446,tsvc_2_s255,score,ok,1,995279,0.7413032383513214,gcc
llr8-qwen30b-c,qwen30b,c,0,608446,wf_diff_skew,submit,ok,1,786377,1.0,gcc
llr8-qwen30b-c,qwen30b,c,0,608446,tsvc_2_s255,submit,ok,1,1027708,1.0,gcc
llr8-qwen30b-c,qwen30b,c,0,608446,fuse_move_ifs,score,ok,1,86141,0.9182006621523467,gcc
llr8-qwen30b-c,qwen30b,c,0,608446,wf_north_west,score,ok,1,125387,1.0017552026973817,gcc
llr8-qwen30b-c,qwen30b,c,0,608446,wf_north_west,score,ok,1,167828,0.9970429598146303,gcc
llr8-qwen30b-c,qwen30b,c,0,608446,fuse_move_ifs,score,ok,1,142626,0.9150647665884335,gcc
llr8-qwen30b-c,qwen30b,c,0,608446,wf_north_west,score,incorrect,0,213339,13.484113945728259,gcc
llr8-qwen30b-c,qwen30b,c,0,608446,fuse_move_ifs,score,incorrect,0,174123,0.7553720506535192,gcc
llr8-qwen30b-c,qwen30b,c,0,608446,wf_north_west,score,incorrect,0,297132,0.5019467285549835,gcc
llr8-qwen30b-c,qwen30b,c,0,608446,wf_north_west,score,ok,1,371428,0.9980842564205655,gcc
llr8-qwen30b-c,qwen30b,c,0,608446,fuse_move_ifs,score,ok,1,226153,0.9310927575490927,gcc
llr8-qwen30b-c,qwen30b,c,0,608446,wf_north_west,score,incorrect,0,430893,0.5021210512043633,gcc
llr8-qwen30b-c,qwen30b,c,0,608446,fuse_move_ifs,score,ok,1,264287,0.98830246999398,gcc
llr8-qwen30b-c,qwen30b,c,0,608446,wf_north_west,score,ok,1,493480,1.0008805926749076,gcc
llr8-qwen30b-c,qwen30b,c,0,608446,wf_north_west,submit,ok,1,514933,1.0,gcc
llr8-qwen30b-c,qwen30b,c,0,608446,fuse_move_ifs,score,ok,1,304922,0.9799992773663566,gcc
llr8-qwen30b-c,qwen30b,c,0,608446,wf_north_west,score,ok,1,581739,0.9987292399321059,gcc
llr8-qwen30b-c,qwen30b,c,0,608446,wf_north_west,submit,ok,1,604609,1.0,gcc
llr8-qwen30b-c,qwen30b,c,0,608446,fuse_move_ifs,score,incorrect,0,348127,0.736937687342786,gcc
llr8-qwen30b-c,qwen30b,c,0,608446,fuse_move_ifs,score,ok,1,417853,0.912798699805316,gcc
llr8-qwen30b-c,qwen30b,c,0,608446,fuse_move_ifs,score,ok,1,467580,6.064632801267668,gcc
llr8-qwen30b-c,qwen30b,c,0,608446,fuse_move_ifs,score,build_error,0,519768,0.0,gcc
llr8-qwen30b-c,qwen30b,c,0,608446,tsvc_2_s2710,score,incorrect,0,838903,0.0,gcc
llr8-qwen30b-c,qwen30b,c,0,608446,fuse_move_ifs,score,ok,1,575136,5.966352028719562,gcc
llr8-qwen30b-c,qwen30b,c,0,608446,fuse_move_ifs,score,ok,1,632790,6.093763325237768,gcc
llr8-qwen30b-c,qwen30b,c,0,608446,fuse_move_ifs,submit,ok,1,662344,6.249999999999999,gcc
llr8-qwen30b-c,qwen30b,c,0,608446,tsvc_2_s2710,score,timeout,0,1065088,0.0,gcc
llr8-qwen30b-c,qwen30b,c,0,608446,tsvc_2_s2710,score,timeout,0,1227023,0.0,gcc
llr8-qwen30b-c,qwen30b,c,0,608446,tsvc_2_s2710,score,ok,1,1354623,0.4299184591698909,gcc
llr8-qwen30b-c,qwen30b,c,0,608446,tsvc_2_s2710,score,ok,1,1486532,1.0095192913769093,gcc
llr8-qwen30b-c,qwen30b,c,0,608446,tsvc_2_s2710,score,timeout,0,1623127,0.0,gcc
llr8-qwen30b-c,qwen30b,c,0,608446,tsvc_2_s2710,submit,incorrect,0,1669462,1.0,gcc
llr8-qwen30b-c,qwen30b,c,0,608446,tsvc_2_s2710,score,timeout,0,1764074,0.0,gcc
llr8-qwen30b-c,qwen30b,c,0,608446,tsvc_2_s2710,score,ok,1,1911193,1.0092264111399232,gcc
llr8-qwen30b-c,qwen30b,c,0,608446,tsvc_2_s2710,submit,ok,1,1960994,1.0,gcc
llr8-qwen30b-c,qwen30b,c,0,608446,fuse_stencil_through_transient,score,ok,1,85126,4.2314995070860375,gcc
llr8-qwen30b-c,qwen30b,c,0,608446,wf_triangular,score,incorrect,0,84116,0.4082662384262506,gcc
llr8-qwen30b-c,qwen30b,c,0,608446,wf_triangular,score,ok,1,111013,0.9949905641702853,gcc
llr8-qwen30b-c,qwen30b,c,0,608446,fuse_stencil_through_transient,score,ok,1,127551,4.068624136429443,gcc
llr8-qwen30b-c,qwen30b,c,0,608446,wf_triangular,score,ok,1,140465,0.9915765130108277,gcc
llr8-qwen30b-c,qwen30b,c,0,608446,fuse_stencil_through_transient,score,incorrect,0,174629,4.120341385875268,gcc
llr8-qwen30b-c,qwen30b,c,0,608446,wf_triangular,score,ok,1,172442,0.9946280875680995,gcc
llr8-qwen30b-c,qwen30b,c,0,608446,wf_triangular,score,incorrect,0,206677,8.068089933013097,gcc
llr8-qwen30b-c,qwen30b,c,0,608446,tsvc_2_s275,score,build_error,0,312598,0.0,gcc
llr8-qwen30b-c,qwen30b,c,0,608446,wf_triangular,score,ok,1,242736,1.001814729740172,gcc
llr8-qwen30b-c,qwen30b,c,0,608446,fuse_stencil_through_transient,score,incorrect,0,307135,3.9404881510840926,gcc
llr8-qwen30b-c,qwen30b,c,0,608446,fuse_stencil_through_transient,score,ok,1,371389,4.1596288944832045,gcc
llr8-qwen30b-c,qwen30b,c,0,608446,wf_triangular,score,ok,1,320246,0.9999452709730279,gcc
llr8-qwen30b-c,qwen30b,c,0,608446,wf_triangular,submit,ok,1,340974,1.0,gcc
llr8-qwen30b-c,qwen30b,c,0,608446,fuse_stencil_through_transient,score,ok,1,439446,4.122474603916763,gcc
llr8-qwen30b-c,qwen30b,c,0,608446,fuse_stencil_through_transient,submit,ok,1,462815,3.846153846153846,gcc
llr8-qwen30b-c,qwen30b,c,0,608446,tsvc_2_s275,score,build_error,0,515745,0.0,gcc
llr8-qwen30b-c,qwen30b,c,0,608446,wf_triangular,submit,ok,1,924654,1.0,gcc
llr8-qwen30b-c,qwen30b,c,0,608446,tsvc_2_s275,submit,build_error,0,599341,0.0,gcc
llr8-qwen30b-c,qwen30b,c,0,608446,tsvc_2_s275,score,build_error,0,659551,0.0,gcc
llr8-qwen30b-c,qwen30b,c,0,608446,tsvc_2_s275,submit,build_error,0,723532,0.0,gcc
llr8-qwen30b-c,qwen30b,c,0,608446,quasi_affine_reduce_odd,score,incorrect,0,97093,0.5036068933995157,gcc
llr8-qwen30b-c,qwen30b,c,0,608446,quasi_affine_reduce_odd,score,ok,1,152853,1.0019021354363256,gcc
llr8-qwen30b-c,qwen30b,c,0,608446,quasi_affine_reduce_odd,score,incorrect,0,198530,0.9990003572979269,gcc
llr8-qwen30b-c,qwen30b,c,0,608446,tsvc_2_s311,score,incorrect,0,281696,0.0,gcc
llr8-qwen30b-c,qwen30b,c,0,608446,quasi_affine_reduce_odd,score,ok,1,300081,1.0026276155581046,gcc
llr8-qwen30b-c,qwen30b,c,0,608446,quasi_affine_reduce_odd,score,ok,1,356354,10.64442794258284,gcc
llr8-qwen30b-c,qwen30b,c,0,608446,quasi_affine_reduce_odd,score,incorrect,0,415603,1.5627913070582515,gcc
llr8-qwen30b-c,qwen30b,c,0,608446,quasi_affine_reduce_odd,score,ok,1,456907,10.505627067498368,gcc
llr8-qwen30b-c,qwen30b,c,0,608446,quasi_affine_reduce_odd,submit,ok,1,478183,10.000000000000002,gcc
llr8-qwen30b-c,qwen30b,c,0,608446,tsvc_2_s311,score,incorrect,0,459635,0.0,gcc
llr8-qwen30b-c,qwen30b,c,0,608446,quasi_affine_reduce_odd,submit,ok,1,499834,10.000000000000002,gcc
llr8-qwen30b-c,qwen30b,c,0,608446,tsvc_2_s311,score,incorrect,0,668092,15206.246979865771,gcc
llr8-qwen30b-c,qwen30b,c,0,608446,tsvc_2_s311,score,incorrect,0,754252,12083.8976,gcc
llr8-qwen30b-c,qwen30b,c,0,608446,tsvc_2_s311,score,incorrect,0,970928,12702.06475122635,gcc
llr8-qwen30b-c,qwen30b,c,0,608446,tsvc_2_s311,score,incorrect,0,1071010,11739.537823834196,gcc
llr8-qwen30b-c,qwen30b,c,0,608446,tsvc_2_s311,submit,incorrect,0,1105297,99.99999999999991,gcc
llr8-qwen30b-c,qwen30b,c,0,608446,tsvc_2_s311,score,incorrect,0,1212461,13030.802588066139,gcc
llr8-qwen30b-c,qwen30b,c,0,608446,tsvc_2_s311,submit,incorrect,0,1249558,99.99999999999991,gcc
llr8-qwen30b-c,qwen30b,c,0,608446,tsvc_2_s3110,score,incorrect,0,272747,0.0,gcc
llr8-qwen30b-c,qwen30b,c,0,608446,tsvc_2_s3110,submit,incorrect,0,563928,0.0,gcc
llr8-qwen30b-c,qwen30b,c,0,608446,tsvc_2_s115,score,incorrect,0,906590,0.0,gcc
llr8-qwen30b-c,qwen30b,c,0,608446,tsvc_2_s3110,submit,ok,1,774788,1.0,gcc
llr8-qwen30b-c,qwen30b,c,0,608446,tsvc_2_s3110,score,ok,1,873336,0.7009206538166136,gcc
llr8-qwen30b-c,qwen30b,c,0,608446,tsvc_2_s115,score,incorrect,0,1191914,5524.049211165048,gcc
llr8-qwen30b-c,qwen30b,c,0,608446,tsvc_2_s3110,score,ok,1,977229,0.8222695993456837,gcc
llr8-qwen30b-c,qwen30b,c,0,608446,tsvc_2_s3110,submit,ok,1,1012792,1.0,gcc
llr8-qwen30b-c,qwen30b,c,0,608446,tsvc_2_s115,score,incorrect,0,1308244,5969.595475409836,gcc
llr8-qwen30b-c,qwen30b,c,0,608446,tsvc_2_s115,score,incorrect,0,1605655,5888.507826649417,gcc
llr8-qwen30b-c,qwen30b,c,0,608446,tsvc_2_s115,score,incorrect,0,1740035,6343.99519163763,gcc
llr8-qwen30b-c,qwen30b,c,0,608446,tsvc_2_s115,submit,incorrect,0,1785550,99.99999999999991,gcc
llr8-qwen30b-c,qwen30b,c,0,608446,tsvc_2_s115,score,incorrect,0,1925468,5675.581733167082,gcc
llr8-qwen30b-c,qwen30b,c,0,608446,tsvc_2_s115,submit,incorrect,0,2069481,99.99999999999991,gcc
llr8-qwen30b-c,qwen30b,c,0,608446,tsvc_2_s115,submit,incorrect,0,2267323,99.99999999999991,gcc
llr8-oss120b-c,oss120b,c,0,608447,argmax_with_index,score,ok,1,192579,2.275593238196704,gcc
llr8-oss120b-c,oss120b,c,0,608447,argmax_with_index,score,ok,1,561014,3.41598384811107,gcc
llr8-oss120b-c,oss120b,c,0,608447,argmax_with_index,submit,ok,1,589587,3.333333333333334,gcc
llr8-oss120b-c,oss120b,c,0,608447,tsvc_2_s311,score,build_error,0,999475,0.0,gcc
llr8-oss120b-c,oss120b,c,0,608447,tsvc_2_s311,score,incorrect,0,1615107,0.0,gcc
llr8-oss120b-c,oss120b,c,0,608447,tsvc_2_s311,score,incorrect,0,2184672,0.0,gcc
llr8-oss120b-c,oss120b,c,0,608447,tsvc_2_s311,score,incorrect,0,2659783,0.0,gcc
llr8-oss120b-c,oss120b,c,0,608447,tsvc_2_s311,score,incorrect,0,3663178,0.0,gcc
llr8-oss120b-c,oss120b,c,0,608447,tsvc_2_s311,score,incorrect,0,3913481,0.0,gcc
llr8-oss120b-c,oss120b,c,0,608447,tsvc_2_s311,score,incorrect,0,4106281,0.0,gcc
llr8-oss120b-c,oss120b,c,0,608447,tsvc_2_s311,score,incorrect,0,4323974,0.0,gcc
llr8-oss120b-c,oss120b,c,0,608447,tsvc_2_s311,score,incorrect,0,4447582,0.0,gcc
llr8-oss120b-c,oss120b,c,0,608447,tsvc_2_s3112,score,incorrect,0,4499574,0.0,gcc
llr8-oss120b-c,oss120b,c,0,608447,tsvc_2_s311,score,incorrect,0,5752055,0.0,gcc
llr8-oss120b-c,oss120b,c,0,608447,tsvc_2_s311,score,ok,1,7216511,20.754186176792967,gcc
llr8-oss120b-c,oss120b,c,0,608447,ext_break_capture,score,ok,1,95894,0.9346354411704243,gcc
llr8-oss120b-c,oss120b,c,0,608447,ext_break_capture,score,ok,1,203874,0.9477330750396837,gcc
llr8-oss120b-c,oss120b,c,0,608447,ext_break_capture,score,ok,1,442378,0.8976733344604311,gcc
llr8-oss120b-c,oss120b,c,0,608447,tsvc_2_s3110,score,incorrect,0,876442,0.0,gcc
llr8-oss120b-c,oss120b,c,0,608447,ext_break_capture,score,ok,1,618696,0.9834879128449964,gcc
llr8-oss120b-c,oss120b,c,0,608447,ext_break_capture,score,ok,1,731209,0.859074037024788,gcc
llr8-oss120b-c,oss120b,c,0,608447,ext_break_capture,score,ok,1,846817,0.8491370058583507,gcc
llr8-oss120b-c,oss120b,c,0,608447,ext_break_capture,score,ok,1,965016,0.8485019582709445,gcc
llr8-oss120b-c,oss120b,c,0,608447,ext_break_capture,score,ok,1,1085862,0.9477468166338919,gcc
llr8-oss120b-c,oss120b,c,0,608447,tsvc_2_s3110,score,incorrect,0,2101045,0.0,gcc
llr8-oss120b-c,oss120b,c,0,608447,tsvc_2_s3110,score,incorrect,0,2258330,0.0,gcc
llr8-oss120b-c,oss120b,c,0,608447,tsvc_2_s3110,score,incorrect,0,2420870,0.0,gcc
llr8-oss120b-c,oss120b,c,0,608447,tsvc_2_s3110,score,incorrect,0,2871305,0.0,gcc
llr8-oss120b-c,oss120b,c,0,608447,tsvc_2_s3110,score,incorrect,0,3479020,0.0,gcc
llr8-oss120b-c,oss120b,c,0,608447,tsvc_2_s3110,score,incorrect,0,4291532,0.0,gcc
llr8-oss120b-c,oss120b,c,0,608447,tsvc_2_s3110,score,incorrect,0,4383012,0.0,gcc
llr8-oss120b-c,oss120b,c,0,608447,tsvc_2_s3110,score,incorrect,0,4977724,0.0,gcc
llr8-oss120b-c,oss120b,c,0,608447,tsvc_2_s3110,score,incorrect,0,5333210,0.0,gcc
llr8-oss120b-c,oss120b,c,0,608447,tsvc_2_s3110,score,incorrect,0,5479961,0.0,gcc
llr8-oss120b-c,oss120b,c,0,608447,tsvc_2_s231,score,incorrect,0,5530774,106383.22915811089,gcc
llr8-oss120b-c,oss120b,c,0,608447,tsvc_2_s3110,score,incorrect,0,6975936,0.0,gcc
llr8-oss120b-c,oss120b,c,0,608447,tsvc_2_s3110,score,incorrect,0,7293126,0.0,gcc
llr8-oss120b-c,oss120b,c,0,608447,tsvc_2_s3110,score,incorrect,0,7457947,0.0,gcc
llr8-oss120b-c,oss120b,c,0,608447,tsvc_2_s3110,score,incorrect,0,7550488,0.0,gcc
llr8-oss120b-c,oss120b,c,0,608447,tsvc_2_s3110,score,incorrect,0,7682719,0.0,gcc
llr8-oss120b-c,oss120b,c,0,608447,tsvc_2_vpvts,score,build_error,0,770793,0.0,gcc
llr8-oss120b-c,oss120b,c,0,608447,tsvc_2_vpvts,score,incorrect,0,2260668,0.0,gcc
llr8-oss120b-c,oss120b,c,0,608447,tsvc_2_vpvts,score,incorrect,0,2805906,0.0,gcc
llr8-oss120b-c,oss120b,c,0,608447,tsvc_2_vpvts,score,score_error,0,3094356,0.0,gcc
llr8-oss120b-c,oss120b,c,0,608447,tsvc_2_s119,score,incorrect,0,1370453,0.0,gcc
llr8-oss120b-c,oss120b,c,0,608447,tsvc_2_s275,score,build_error,0,3212740,0.0,gcc
llr8-oss120b-c,oss120b,c,0,608447,tsvc_2_vag,score,incorrect,0,3397266,0.0,gcc
llr8-oss120b-c,oss120b,c,0,608447,tsvc_2_s119,score,incorrect,0,1759423,0.0,gcc
llr8-oss120b-c,oss120b,c,0,608447,tsvc_2_s119,score,incorrect,0,2186356,0.0,gcc
llr8-oss120b-c,oss120b,c,0,608447,tsvc_2_s231,score,incorrect,0,2241755,0.0,gcc
llr8-oss120b-c,oss120b,c,0,608447,tsvc_2_s119,score,incorrect,0,2528742,0.0,gcc
llr8-oss120b-c,oss120b,c,0,608447,tsvc_2_vpvts,score,build_error,0,3776590,0.0,gcc
llr8-oss120b-c,oss120b,c,0,608447,tsvc_2_vpvts,score,build_error,0,3808676,0.0,gcc
llr8-oss120b-c,oss120b,c,0,608447,tsvc_2_s119,score,incorrect,0,3019461,0.0,gcc
llr8-oss120b-c,oss120b,c,0,608447,tsvc_2_s119,score,incorrect,0,3212838,0.0,gcc
llr8-oss120b-c,oss120b,c,0,608447,tsvc_2_s119,score,incorrect,0,3476608,0.0,gcc
llr8-oss120b-c,oss120b,c,0,608447,tsvc_2_vpvts,score,incorrect,0,4137482,0.0,gcc
llr8-oss120b-c,oss120b,c,0,608447,tsvc_2_s275,score,incorrect,0,4165816,0.0,gcc
llr8-oss120b-c,oss120b,c,0,608447,tsvc_2_vpvts,score,build_error,0,4323950,0.0,gcc
llr8-oss120b-c,oss120b,c,0,608447,tsvc_2_s119,score,incorrect,0,3585452,0.0,gcc
llr8-oss120b-c,oss120b,c,0,608447,tsvc_2_vpvts,score,incorrect,0,4431215,0.0,gcc
llr8-oss120b-c,oss120b,c,0,608447,tsvc_2_s119,score,incorrect,0,3635705,0.0,gcc
llr8-oss120b-c,oss120b,c,0,608447,tsvc_2_vag,score,incorrect,0,4468507,0.0,gcc
llr8-oss120b-c,oss120b,c,0,608447,tsvc_2_s119,score,incorrect,0,3896363,0.0,gcc
llr8-oss120b-c,oss120b,c,0,608447,tsvc_2_vpvts,score,incorrect,0,5170654,0.0,gcc
llr8-oss120b-c,oss120b,c,0,608447,tsvc_2_s119,score,incorrect,0,4320809,0.0,gcc
llr8-oss120b-c,oss120b,c,0,608447,tsvc_2_s119,score,incorrect,0,4675783,0.0,gcc
llr8-oss120b-c,oss120b,c,0,608447,tsvc_2_s119,score,incorrect,0,5274772,0.0,gcc
llr8-oss120b-c,oss120b,c,0,608447,tsvc_2_vtvtv,score,incorrect,0,815152,0.0,gcc
llr8-oss120b-c,oss120b,c,0,608447,tsvc_2_s255,score,build_error,0,1300148,0.0,gcc
llr8-oss120b-c,oss120b,c,0,608447,tsvc_2_vtvtv,score,incorrect,0,1688073,0.0,gcc
llr8-oss120b-c,oss120b,c,0,608447,tsvc_2_vtvtv,score,score_error,0,1781096,0.0,gcc
llr8-oss120b-c,oss120b,c,0,608447,tsvc_2_vtvtv,score,incorrect,0,3078786,0.0,gcc
llr8-oss120b-c,oss120b,c,0,608447,tsvc_2_s1232,score,incorrect,0,1279545,0.0,gcc
llr8-oss120b-c,oss120b,c,0,608447,tsvc_2_vtvtv,score,incorrect,0,3696091,0.0,gcc
llr8-oss120b-c,oss120b,c,0,608447,tsvc_2_s115,score,incorrect,0,4284210,0.0,gcc
llr8-oss120b-c,oss120b,c,0,608447,tsvc_2_s1232,score,incorrect,0,1670635,0.0,gcc
llr8-oss120b-c,oss120b,c,0,608447,tsvc_2_s1244,score,incorrect,0,1717159,0.0,gcc
llr8-oss120b-c,oss120b,c,0,608447,tsvc_2_s115,score,incorrect,0,1764872,0.0,gcc
llr8-oss120b-c,oss120b,c,0,608447,tsvc_2_s3110,score,incorrect,0,4300879,0.0,gcc
llr8-oss120b-c,oss120b,c,0,608447,tsvc_2_vtvtv,score,incorrect,0,4310359,0.0,gcc
llr8-oss120b-c,oss120b,c,0,608447,tsvc_2_s1244,score,score_error,0,1813574,0.0,gcc
llr8-oss120b-c,oss120b,c,0,608447,tsvc_2_s115,score,incorrect,0,2068822,0.0,gcc
llr8-oss120b-c,oss120b,c,0,608447,tsvc_2_s255,score,build_error,0,4422679,0.0,gcc
llr8-oss120b-c,oss120b,c,0,608447,tsvc_2_s3110,score,incorrect,0,2174642,0.0,gcc
llr8-oss120b-c,oss120b,c,0,608447,tsvc_2_s2710,score,incorrect,0,4548164,0.0,gcc
llr8-oss120b-c,oss120b,c,0,608447,tsvc_2_s1232,score,incorrect,0,2789786,0.0,gcc
llr8-oss120b-c,oss120b,c,0,608447,tsvc_2_s252,score,incorrect,0,4686149,0.0,gcc
llr8-oss120b-c,oss120b,c,0,608447,tsvc_2_s1232,score,incorrect,0,3084880,0.0,gcc
llr8-oss120b-c,oss120b,c,0,608447,tsvc_2_s1232,score,incorrect,0,3145198,0.0,gcc
llr8-oss120b-c,oss120b,c,0,608447,tsvc_2_vtvtv,score,incorrect,0,4764077,0.0,gcc
llr8-oss120b-c,oss120b,c,0,608447,tsvc_2_s2233,score,incorrect,0,3207347,0.0,gcc
llr8-oss120b-c,oss120b,c,0,608447,tsvc_2_vtvtv,score,incorrect,0,5036733,0.0,gcc
llr8-oss120b-c,oss120b,c,0,608447,tsvc_2_s231,score,incorrect,0,5070752,0.0,gcc
llr8-oss120b-c,oss120b,c,0,608447,tsvc_2_s1232,score,incorrect,0,3439422,0.0,gcc
llr8-oss120b-c,oss120b,c,0,608447,tsvc_2_s1232,score,incorrect,0,3593531,0.0,gcc
llr8-oss120b-c,oss120b,c,0,608447,tsvc_2_vtvtv,score,incorrect,0,5655158,0.0,gcc
llr8-oss120b-c,oss120b,c,0,608447,tsvc_2_s1232,score,incorrect,0,3646216,0.0,gcc
llr8-oss120b-c,oss120b,c,0,608447,tsvc_2_s1232,score,incorrect,0,3702686,0.0,gcc
llr8-oss120b-c,oss120b,c,0,608447,tsvc_2_vtvtv,score,incorrect,0,6208663,5105.176077717061,gcc
llr8-oss120b-c,oss120b,c,0,608447,tsvc_2_s1232,score,incorrect,0,4469039,0.0,gcc
llr8-oss120b-c,oss120b,c,0,608447,tsvc_2_s115,score,incorrect,0,6262575,5503.783392857143,gcc
llr8-oss120b-c,oss120b,c,0,608447,tsvc_2_s1232,score,incorrect,0,4722735,0.0,gcc
llr8-oss120b-c,oss120b,c,0,608447,tsvc_2_vtvtv,score,incorrect,0,6554935,4826.76521239954,gcc
llr8-oss120b-c,oss120b,c,0,608447,tsvc_2_s1232,score,incorrect,0,4837914,16055.606268656717,gcc
llr8-oss120b-c,oss120b,c,0,608447,tsvc_2_vtvtv,score,ok,1,7173321,0.9705759781416624,gcc
llr8-oss120b-c,oss120b,c,0,608447,tsvc_2_s1232,score,build_error,0,5082534,0.0,gcc
llr8-oss120b-c,oss120b,c,0,608447,tsvc_2_s1232,score,incorrect,0,5213259,16257.817934508816,gcc
llr8-oss120b-c,oss120b,c,0,608447,tsvc_2_vtvtv,score,ok,1,7720593,0.9913621873412868,gcc
llr8-oss120b-c,oss120b,c,0,608447,tsvc_2_s1232,score,incorrect,0,5451604,15164.592171420516,gcc
llr8-oss120b-c,oss120b,c,0,608447,tsvc_2_vtvtv,score,ok,1,7848996,4.815575186350644,gcc
llr8-oss120b-c,oss120b,c,0,608447,tsvc_2_s1232,score,incorrect,0,5735436,15530.206256015399,gcc
llr8-oss120b-c,oss120b,c,0,608447,tsvc_2_s1232,score,incorrect,0,6363694,15073.222139187295,gcc
llr8-oss120b-c,oss120b,c,0,608447,tsvc_2_s1232,score,incorrect,0,7318348,17358.81265128288,gcc
llr8-oss120b-c,oss120b,c,0,608447,tsvc_2_s1232,score,incorrect,0,8766151,16372.46644005885,gcc
llr8-oss120b-c,oss120b,c,0,608447,tsvc_2_s1232,score,incorrect,0,9179057,14629.088213961923,gcc
llr8-oss120b-c,oss120b,c,0,608447,tsvc_2_s1232,score,incorrect,0,10442976,15478.066474820143,gcc
llr8-oss120b-c,oss120b,c,0,608447,tsvc_2_s1232,score,incorrect,0,11400812,15757.69951171875,gcc
llr8-oss120b-c,oss120b,c,0,608447,tsvc_2_s1244,score,build_error,0,225811,0.0,gcc
llr8-oss120b-c,oss120b,c,0,608447,tsvc_2_s1244,score,score_error,0,269063,0.0,gcc
llr8-oss120b-c,oss120b,c,0,608447,wavefront2d,score,ok,1,242992,5.4051160934527225,gcc
llr8-oss120b-c,oss120b,c,0,608447,wavefront2d,submit,ok,1,263676,5.263157894736843,gcc
llr8-oss120b-c,oss120b,c,0,608447,tsvc_2_s2275,score,build_error,0,618732,0.0,gcc
llr8-oss120b-c,oss120b,c,0,608447,tsvc_2_s1244,score,incorrect,0,708060,0.0,gcc
llr8-oss120b-c,oss120b,c,0,608447,tsvc_2_s1244,score,build_error,0,979196,0.0,gcc
llr8-oss120b-c,oss120b,c,0,608447,tsvc_2_s231,score,incorrect,0,1229109,0.0,gcc
llr8-oss120b-c,oss120b,c,0,608447,tsvc_2_s231,score,incorrect,0,1318271,0.0,gcc
llr8-oss120b-c,oss120b,c,0,608447,tsvc_2_s1244,score,incorrect,0,1464848,0.0,gcc
llr8-oss120b-c,oss120b,c,0,608447,tsvc_2_s1244,score,incorrect,0,1940877,0.0,gcc
llr8-oss120b-c,oss120b,c,0,608447,tsvc_2_s1244,score,ok,1,4151337,0.9983240287436524,gcc
llr8-oss120b-c,oss120b,c,0,608447,tsvc_2_s1244,submit,ok,1,4241507,1.0,gcc
llr8-oss120b-c,oss120b,c,0,608447,tsvc_2_s13110,score,incorrect,0,763279,0.0,gcc
llr8-oss120b-c,oss120b,c,0,608447,wf_diff_skew,score,ok,1,667146,2.573636234424734,gcc
llr8-oss120b-c,oss120b,c,0,608447,tsvc_2_s2233,score,build_error,0,797792,0.0,gcc
llr8-oss120b-c,oss120b,c,0,608447,wf_diff_skew,submit,ok,1,697323,2.380952380952381,gcc
llr8-oss120b-c,oss120b,c,0,608447,tsvc_2_s255,score,incorrect,0,1229994,0.0,gcc
llr8-oss120b-c,oss120b,c,0,608447,tsvc_2_s13110,score,score_error,0,1491730,0.0,gcc
llr8-oss120b-c,oss120b,c,0,608447,tsvc_2_s3110,score,build_error,0,1679692,0.0,gcc
llr8-oss120b-c,oss120b,c,0,608447,tsvc_2_s235,score,incorrect,0,2041624,0.0,gcc
llr8-oss120b-c,oss120b,c,0,608447,tsvc_2_s13110,score,incorrect,0,2392014,0.0,gcc
llr8-oss120b-c,oss120b,c,0,608447,tsvc_2_s231,score,incorrect,0,2452970,0.0,gcc
llr8-oss120b-c,oss120b,c,0,608447,tsvc_2_s13110,score,incorrect,0,2913368,0.0,gcc
llr8-oss120b-c,oss120b,c,0,608447,tsvc_2_s235,score,incorrect,0,2979467,0.0,gcc
llr8-oss120b-c,oss120b,c,0,608447,tsvc_2_s231,score,incorrect,0,2996067,0.0,gcc
llr8-oss120b-c,oss120b,c,0,608447,tsvc_2_s152,score,incorrect,0,3090092,0.0,gcc
llr8-oss120b-c,oss120b,c,0,608447,tsvc_2_s13110,score,ok,1,4013146,1.0011043234678305,gcc
llr8-oss120b-c,oss120b,c,0,608447,tsvc_2_s152,score,incorrect,0,2144081,0.0,gcc
llr8-oss120b-c,oss120b,c,0,608447,tsvc_2_s152,score,incorrect,0,2771474,0.0,gcc
llr8-oss120b-c,oss120b,c,0,608447,tsvc_2_s152,score,incorrect,0,3125623,0.0,gcc
llr8-oss120b-c,oss120b,c,0,608447,tsvc_2_s152,score,incorrect,0,3180070,0.0,gcc
llr8-oss120b-c,oss120b,c,0,608447,tsvc_2_s115,score,incorrect,0,3195296,0.0,gcc
llr8-oss120b-c,oss120b,c,0,608447,tsvc_2_s119,score,incorrect,0,3303559,0.0,gcc
llr8-oss120b-c,oss120b,c,0,608447,tsvc_2_s152,score,incorrect,0,3466649,0.0,gcc
llr8-oss120b-c,oss120b,c,0,608447,tsvc_2_s152,score,incorrect,0,4466433,0.0,gcc
llr8-oss120b-c,oss120b,c,0,608447,tsvc_2_s152,score,incorrect,0,4766067,0.0,gcc
llr8-oss120b-c,oss120b,c,0,608447,tsvc_2_s152,score,incorrect,0,4983933,0.0,gcc
llr8-oss120b-c,oss120b,c,0,608447,tsvc_2_s152,score,incorrect,0,5969075,0.0,gcc
llr8-oss120b-c,oss120b,c,0,608447,tsvc_2_s152,score,ok,1,6699293,5.5013640639568635,gcc
llr8-oss120b-c,oss120b,c,0,608447,wf_triangular,score,ok,1,115935,2.0266247837579074,gcc
llr8-oss120b-c,oss120b,c,0,608447,wf_triangular,submit,ok,1,132293,2.0833333333333335,gcc
llr8-oss120b-c,oss120b,c,0,608447,tsvc_2_s2233,score,incorrect,0,1872919,0.0,gcc
llr8-oss120b-c,oss120b,c,0,608447,tsvc_2_s2233,score,score_error,0,1921138,0.0,gcc
llr8-oss120b-c,oss120b,c,0,608447,tsvc_2_s2233,score,incorrect,0,3240226,0.0,gcc
llr8-oss120b-c,oss120b,c,0,608447,tsvc_2_s2233,score,incorrect,0,4175493,0.0,gcc
llr8-oss120b-c,oss120b,c,0,608447,tsvc_2_s2233,score,incorrect,0,4644487,0.0,gcc
llr8-oss120b-c,oss120b,c,0,608447,tsvc_2_s2233,score,incorrect,0,4813139,0.0,gcc
llr8-oss120b-c,oss120b,c,0,608447,tsvc_2_s231,score,build_error,0,4833256,0.0,gcc
llr8-oss120b-c,oss120b,c,0,608447,tsvc_2_s3110,score,incorrect,0,4855291,0.0,gcc
llr8-oss120b-c,oss120b,c,0,608447,tsvc_2_s2233,score,incorrect,0,5127691,0.0,gcc
llr8-oss120b-c,oss120b,c,0,608447,tsvc_2_s2233,score,incorrect,0,5195390,0.0,gcc
llr8-oss120b-c,oss120b,c,0,608447,tsvc_2_s2233,score,incorrect,0,5411379,0.0,gcc
llr8-oss120b-c,oss120b,c,0,608447,tsvc_2_s2275,score,incorrect,0,921805,0.0,gcc
llr8-oss120b-c,oss120b,c,0,608447,tsvc_2_s2275,score,incorrect,0,1161662,0.0,gcc
llr8-oss120b-c,oss120b,c,0,608447,tsvc_2_s152,score,incorrect,0,1724363,0.0,gcc
llr8-oss120b-c,oss120b,c,0,608447,tsvc_2_s119,score,incorrect,0,1767680,0.0,gcc
llr8-oss120b-c,oss120b,c,0,608447,tsvc_2_s2275,score,incorrect,0,2367905,0.0,gcc
llr8-oss120b-c,oss120b,c,0,608447,tsvc_2_vag,score,incorrect,0,2668288,0.0,gcc
llr8-oss120b-c,oss120b,c,0,608447,tsvc_2_s2275,score,incorrect,0,3447711,0.0,gcc
llr8-oss120b-c,oss120b,c,0,608447,tsvc_2_s1232,score,incorrect,0,3630696,0.0,gcc
llr8-oss120b-c,oss120b,c,0,608447,tsvc_2_s2275,score,score_error,0,3693862,0.0,gcc
llr8-oss120b-c,oss120b,c,0,608447,tsvc_2_s2275,score,incorrect,0,4215678,0.0,gcc
llr8-oss120b-c,oss120b,c,0,608447,tsvc_2_s2275,score,incorrect,0,4268410,0.0,gcc
llr8-oss120b-c,oss120b,c,0,608447,tsvc_2_s2275,score,incorrect,0,5500160,75199.16820199777,gcc
llr8-oss120b-c,oss120b,c,0,608447,tsvc_2_s231,score,incorrect,0,6149985,76700.3702238806,gcc
llr8-oss120b-c,oss120b,c,0,608447,tsvc_2_s2275,score,incorrect,0,6581786,79430.77438452521,gcc
llr8-oss120b-c,oss120b,c,0,608447,tsvc_2_s2275,score,incorrect,0,6695025,75199.16820199777,gcc
llr8-oss120b-c,oss120b,c,0,608447,tsvc_2_s2275,score,incorrect,0,7975695,98266.06316171138,gcc
llr8-oss120b-c,oss120b,c,0,608447,tsvc_2_s2275,score,incorrect,0,8709714,86587.15725239617,gcc
llr8-oss120b-c,oss120b,c,0,608447,tsvc_2_s2275,score,incorrect,0,9613058,102728.30043211281,gcc
llr8-oss120b-c,oss120b,c,0,608447,tsvc_2_s2275,score,incorrect,0,9804857,112548.921179402,gcc
llr8-oss120b-c,oss120b,c,0,608447,tsvc_2_s2275,score,incorrect,0,10002723,88683.83579842933,gcc
llr8-oss120b-c,oss120b,c,0,608447,tsvc_2_s2275,score,incorrect,0,10106952,85982.80526649747,gcc
llr8-oss120b-c,oss120b,c,0,608447,tsvc_2_s2275,score,incorrect,0,10358893,103363.0061784897,gcc
llr8-oss120b-c,oss120b,c,0,608447,tsvc_2_s2275,score,incorrect,0,10577882,95630.84057868736,gcc
llr8-oss120b-c,oss120b,c,0,608447,tsvc_2_s2275,score,incorrect,0,10915699,102736.08877937832,gcc
llr8-oss120b-c,oss120b,c,0,608447,tsvc_2_s2275,score,incorrect,0,11038320,92877.93084304318,gcc
llr8-oss120b-c,oss120b,c,0,608447,tsvc_2_s2275,score,incorrect,0,11578239,98337.37380261248,gcc
llr8-oss120b-c,oss120b,c,0,608447,tsvc_2_s2275,score,incorrect,0,11727446,99932.81792035398,gcc
llr8-oss120b-c,oss120b,c,0,608447,tsvc_2_s2275,score,incorrect,0,12054063,91006.64949630624,gcc
llr8-oss120b-c,oss120b,c,0,608447,tsvc_2_s2275,score,incorrect,0,12463412,88164.54202992843,gcc
llr8-oss120b-c,oss120b,c,0,608447,tsvc_2_s2275,score,incorrect,0,12770760,101886.39180451128,gcc
llr8-oss120b-c,oss120b,c,0,608447,tsvc_2_s2275,score,incorrect,0,13090654,2091.1802911102127,gcc
llr8-oss120b-c,oss120b,c,0,608447,tsvc_2_s2275,score,incorrect,0,13496831,97769.7699134199,gcc
llr8-oss120b-c,oss120b,c,0,608447,tsvc_2_s2275,score,incorrect,0,13593391,80564.15047562425,gcc
llr8-oss120b-c,oss120b,c,0,608447,tsvc_2_s2275,score,incorrect,0,13671156,82276.19981785063,gcc
llr8-oss120b-c,oss120b,c,0,608447,tsvc_2_s231,score,incorrect,0,13786109,70155.9700341297,gcc
llr8-oss120b-c,oss120b,c,0,608447,tsvc_2_s1232,score,incorrect,0,13819144,15520.619339164237,gcc
llr8-oss120b-c,oss120b,c,0,608447,tsvc_2_s319,score,incorrect,0,13852639,7791.751382961909,gcc
llr8-oss120b-c,oss120b,c,0,608447,tsvc_2_s2275,score,incorrect,0,14166064,81484.6067949489,gcc
llr8-oss120b-c,oss120b,c,0,608447,tsvc_2_s2275,score,incorrect,0,14382319,0.0,gcc
llr8-oss120b-c,oss120b,c,0,608447,tsvc_2_s2275,score,incorrect,0,14563910,77433.65777142857,gcc
llr8-oss120b-c,oss120b,c,0,608447,tsvc_2_s231,score,build_error,0,462141,0.0,gcc
llr8-oss120b-c,oss120b,c,0,608447,tsvc_2_s115,score,build_error,0,546391,0.0,gcc
llr8-oss120b-c,oss120b,c,0,608447,tsvc_2_s231,score,incorrect,0,788532,0.0,gcc
llr8-oss120b-c,oss120b,c,0,608447,tsvc_2_s275,score,incorrect,0,826417,0.0,gcc
llr8-oss120b-c,oss120b,c,0,608447,tsvc_2_s231,score,build_error,0,908287,0.0,gcc
llr8-oss120b-c,oss120b,c,0,608447,tsvc_2_s231,score,score_error,0,2167492,0.0,gcc
llr8-oss120b-c,oss120b,c,0,608447,tsvc_2_s231,score,incorrect,0,3206812,0.0,gcc
llr8-oss120b-c,oss120b,c,0,608447,tsvc_2_s115,score,incorrect,0,3249484,0.0,gcc
llr8-oss120b-c,oss120b,c,0,608447,tsvc_2_s231,score,incorrect,0,4731337,80014.30708171206,gcc
llr8-oss120b-c,oss120b,c,0,608447,tsvc_2_s231,score,incorrect,0,5190615,98768.86128722383,gcc
llr8-oss120b-c,oss120b,c,0,608447,tsvc_2_s231,score,incorrect,0,5297313,83524.27668562144,gcc
llr8-oss120b-c,oss120b,c,0,608447,tsvc_2_s231,score,incorrect,0,5471099,97365.89450757575,gcc
llr8-oss120b-c,oss120b,c,0,608447,tsvc_2_s231,score,incorrect,0,5605975,98579.46749760307,gcc
llr8-oss120b-c,oss120b,c,0,608447,tsvc_2_s231,score,incorrect,0,5761384,72560.61016231476,gcc
llr8-oss120b-c,oss120b,c,0,608447,tsvc_2_s231,score,incorrect,0,5927609,84973.87157024794,gcc
llr8-oss120b-c,oss120b,c,0,608447,tsvc_2_s231,score,incorrect,0,6105170,87878.9611965812,gcc
llr8-oss120b-c,oss120b,c,0,608447,tsvc_2_s231,score,incorrect,0,6293900,79642.43578621224,gcc
llr8-oss120b-c,oss120b,c,0,608447,tsvc_2_s231,score,incorrect,0,6644569,30.263157894736842,gcc
llr8-oss120b-c,oss120b,c,0,608447,tsvc_2_s231,score,incorrect,0,7255645,81725.12884508386,gcc
llr8-oss120b-c,oss120b,c,0,608447,tsvc_2_s119,score,incorrect,0,7312872,0.0,gcc
llr8-oss120b-c,oss120b,c,0,608447,tsvc_2_s231,score,incorrect,0,7741976,233.41942260816816,gcc
llr8-oss120b-c,oss120b,c,0,608447,tsvc_2_s231,score,incorrect,0,7805640,0.0,gcc
llr8-oss120b-c,oss120b,c,0,608447,tsvc_2_s231,score,timeout,0,8001510,0.0,gcc
llr8-oss120b-c,oss120b,c,0,608447,tsvc_2_s231,score,incorrect,0,8345073,87796.4175561438,gcc
llr8-oss120b-c,oss120b,c,0,608447,tsvc_2_s231,score,incorrect,0,8836333,93556.30991810738,gcc
llr8-oss120b-c,oss120b,c,0,608447,tsvc_2_s231,score,incorrect,0,10157116,85753.4483736447,gcc
llr8-oss120b-c,oss120b,c,0,608447,tsvc_2_s231,score,incorrect,0,10548655,94156.02985347985,gcc
llr8-oss120b-c,oss120b,c,0,608447,tsvc_2_s115,score,ok,1,10640250,1.0222334723287345,gcc
llr8-oss120b-c,oss120b,c,0,608447,tsvc_2_s231,score,ok,1,10721673,0.18418075499537712,gcc
llr8-oss120b-c,oss120b,c,0,608447,tsvc_2_s231,submit,ok,1,10751791,1.0,gcc
llr8-oss120b-c,oss120b,c,0,608447,tsvc_2_s233,score,incorrect,0,1403799,0.0,gcc
llr8-oss120b-c,oss120b,c,0,608447,tsvc_2_s235,score,build_error,0,470579,0.0,gcc
llr8-oss120b-c,oss120b,c,0,608447,tsvc_2_s235,score,incorrect,0,625230,0.0,gcc
llr8-oss120b-c,oss120b,c,0,608447,tsvc_2_s255,score,incorrect,0,659350,0.0,gcc
llr8-oss120b-c,oss120b,c,0,608447,tsvc_2_s235,score,incorrect,0,1822587,0.0,gcc
llr8-oss120b-c,oss120b,c,0,608447,tsvc_2_s231,score,incorrect,0,1874205,0.0,gcc
llr8-oss120b-c,oss120b,c,0,608447,tsvc_2_s235,score,incorrect,0,2737423,0.0,gcc
llr8-oss120b-c,oss120b,c,0,608447,tsvc_2_s235,score,incorrect,0,2863465,0.0,gcc
llr8-oss120b-c,oss120b,c,0,608447,tsvc_2_s235,score,incorrect,0,3497842,0.0,gcc
llr8-oss120b-c,oss120b,c,0,608447,tsvc_2_s235,score,incorrect,0,3576439,0.0,gcc
llr8-oss120b-c,oss120b,c,0,608447,tsvc_2_s119,score,incorrect,0,3687491,0.0,gcc
llr8-oss120b-c,oss120b,c,0,608447,tsvc_2_s235,score,incorrect,0,4853975,0.0,gcc
llr8-oss120b-c,oss120b,c,0,608447,tsvc_2_s235,score,incorrect,0,5333714,0.3107907715614057,gcc
llr8-oss120b-c,oss120b,c,0,608447,ext_break_find_first,score,ok,1,337945,4.867895898695951,gcc
llr8-oss120b-c,oss120b,c,0,608447,ext_break_find_first,submit,ok,1,359553,4.545454545454546,gcc
llr8-oss120b-c,oss120b,c,0,608447,tsvc_2_s3111,score,incorrect,0,992837,0.0,gcc
llr8-oss120b-c,oss120b,c,0,608447,tsvc_2_s3110,score,build_error,0,1142071,0.0,gcc
llr8-oss120b-c,oss120b,c,0,608447,tsvc_2_s3111,score,incorrect,0,1903367,0.0,gcc
llr8-oss120b-c,oss120b,c,0,608447,tsvc_2_s3111,score,incorrect,0,2059989,0.0,gcc
llr8-oss120b-c,oss120b,c,0,608447,tsvc_2_s3111,score,incorrect,0,2222098,0.0,gcc
llr8-oss120b-c,oss120b,c,0,608447,tsvc_2_s252,score,incorrect,0,1135056,0.0,gcc
llr8-oss120b-c,oss120b,c,0,608447,tsvc_2_s252,score,incorrect,0,1966229,0.0,gcc
llr8-oss120b-c,oss120b,c,0,608447,tsvc_2_s255,score,incorrect,0,487048,0.0,gcc
llr8-oss120b-c,oss120b,c,0,608447,tsvc_2_s255,score,incorrect,0,1177527,0.0,gcc
llr8-oss120b-c,oss120b,c,0,608447,tsvc_2_s275,score,build_error,0,1385356,0.0,gcc
llr8-oss120b-c,oss120b,c,0,608447,tsvc_2_s255,score,incorrect,0,1650119,0.0,gcc
llr8-oss120b-c,oss120b,c,0,608447,tsvc_2_s323,score,incorrect,0,1850965,0.0,gcc
llr8-oss120b-c,oss120b,c,0,608447,tsvc_2_s255,score,build_error,0,2798689,0.0,gcc
llr8-oss120b-c,oss120b,c,0,608447,tsvc_2_s255,score,incorrect,0,3071030,0.0,gcc
llr8-oss120b-c,oss120b,c,0,608447,tsvc_2_s3110,score,score_error,0,3550329,0.0,gcc
llr8-oss120b-c,oss120b,c,0,608447,tsvc_2_s255,score,build_error,0,4595811,0.0,gcc
llr8-oss120b-c,oss120b,c,0,608447,tsvc_2_s255,score,incorrect,0,4695943,0.0,gcc
llr8-oss120b-c,oss120b,c,0,608447,tsvc_2_s255,score,incorrect,0,4806546,0.0,gcc
llr8-oss120b-c,oss120b,c,0,608447,tsvc_2_s255,score,incorrect,0,4891215,0.0,gcc
llr8-oss120b-c,oss120b,c,0,608447,tsvc_2_vag,score,incorrect,0,4914022,0.0,gcc
llr8-oss120b-c,oss120b,c,0,608447,tsvc_2_s2233,score,incorrect,0,4938447,0.0,gcc
llr8-oss120b-c,oss120b,c,0,608447,tsvc_2_s275,score,ok,1,5375363,7.623497217858237,gcc
llr8-oss120b-c,oss120b,c,0,608447,tsvc_2_s255,score,incorrect,0,6037991,0.0,gcc
llr8-oss120b-c,oss120b,c,0,608447,tsvc_2_s255,score,incorrect,0,7248911,8684.108949647114,gcc
llr8-oss120b-c,oss120b,c,0,608447,tsvc_2_s255,score,incorrect,0,7865329,7523.907353167874,gcc
llr8-oss120b-c,oss120b,c,0,608447,tsvc_2_s255,score,incorrect,0,8175804,0.0,gcc
llr8-oss120b-c,oss120b,c,0,608447,tsvc_2_s255,score,incorrect,0,8566726,8058.046392603599,gcc
llr8-oss120b-c,oss120b,c,0,608447,tsvc_2_s2710,score,incorrect,0,2266257,0.0,gcc
llr8-oss120b-c,oss120b,c,0,608447,tsvc_2_s2710,score,incorrect,0,2771007,0.0,gcc
llr8-oss120b-c,oss120b,c,0,608447,tsvc_2_s2710,score,score_error,0,2835625,0.0,gcc
llr8-oss120b-c,oss120b,c,0,608447,tsvc_2_s2710,score,build_error,0,3340237,0.0,gcc
llr8-oss120b-c,oss120b,c,0,608447,tsvc_2_s2710,score,incorrect,0,3452770,0.0,gcc
llr8-oss120b-c,oss120b,c,0,608447,tsvc_2_s2710,score,incorrect,0,3615660,0.0,gcc
llr8-oss120b-c,oss120b,c,0,608447,tsvc_2_s2710,score,incorrect,0,3799417,0.0,gcc
llr8-oss120b-c,oss120b,c,0,608447,tsvc_2_s2710,score,incorrect,0,3917021,0.0,gcc
llr8-oss120b-c,oss120b,c,0,608447,tsvc_2_s2710,score,incorrect,0,4040024,0.0,gcc
llr8-oss120b-c,oss120b,c,0,608447,tsvc_2_s2710,score,incorrect,0,4167707,0.0,gcc
llr8-oss120b-c,oss120b,c,0,608447,tsvc_2_s2710,score,incorrect,0,4299332,0.0,gcc
llr8-oss120b-c,oss120b,c,0,608447,tsvc_2_s255,score,incorrect,0,4344512,0.0,gcc
llr8-oss120b-c,oss120b,c,0,608447,tsvc_2_s275,score,incorrect,0,537984,0.0,gcc
llr8-oss120b-c,oss120b,c,0,608447,tsvc_2_s275,score,incorrect,0,1167242,0.0,gcc
llr8-oss120b-c,oss120b,c,0,608447,tsvc_2_s275,score,incorrect,0,1366855,0.0,gcc
llr8-oss120b-c,oss120b,c,0,608447,tsvc_2_s275,score,build_error,0,1451292,0.0,gcc
llr8-oss120b-c,oss120b,c,0,608447,tsvc_2_s275,score,incorrect,0,2844168,0.0,gcc
llr8-oss120b-c,oss120b,c,0,608447,tsvc_2_s275,score,incorrect,0,3468715,0.0,gcc
llr8-oss120b-c,oss120b,c,0,608447,tsvc_2_s275,score,incorrect,0,3711932,0.0,gcc
llr8-oss120b-c,oss120b,c,0,608447,tsvc_2_s275,score,incorrect,0,3745857,0.0,gcc
llr8-oss120b-c,oss120b,c,0,608447,tsvc_2_s275,score,incorrect,0,3786609,0.0,gcc
llr8-oss120b-c,oss120b,c,0,608447,tsvc_2_s2233,score,incorrect,0,3801567,0.0,gcc
llr8-oss120b-c,oss120b,c,0,608447,tsvc_2_s275,score,incorrect,0,3967421,0.0,gcc
llr8-oss120b-c,oss120b,c,0,608447,tsvc_2_s275,score,ok,1,4299332,7.528198790568073,gcc
llr8-oss120b-c,oss120b,c,0,608447,ext_break_post_body,score,ok,1,154008,0.6269030799985088,gcc
llr8-oss120b-c,oss120b,c,0,608447,tsvc_2_s3112,score,build_error,0,296879,0.0,gcc
llr8-oss120b-c,oss120b,c,0,608447,tsvc_2_s3112,score,score_error,0,434206,0.0,gcc
llr8-oss120b-c,oss120b,c,0,608447,tsvc_2_s3112,score,incorrect,0,719895,0.0,gcc
llr8-oss120b-c,oss120b,c,0,608447,tsvc_2_s3110,score,build_error,0,792748,0.0,gcc
llr8-oss120b-c,oss120b,c,0,608447,tsvc_2_s3111,score,incorrect,0,1032194,0.0,gcc
llr8-oss120b-c,oss120b,c,0,608447,ext_break_post_body,score,ok,1,365719,0.9343845378495571,gcc
llr8-oss120b-c,oss120b,c,0,608447,tsvc_2_s3112,score,incorrect,0,1479821,0.0,gcc
llr8-oss120b-c,oss120b,c,0,608447,tsvc_2_s3112,score,incorrect,0,1884741,0.0,gcc
llr8-oss120b-c,oss120b,c,0,608447,tsvc_2_s3112,score,incorrect,0,2099018,0.0,gcc
llr8-oss120b-c,oss120b,c,0,608447,tsvc_2_s3112,score,incorrect,0,2380782,0.0,gcc
llr8-oss120b-c,oss120b,c,0,608447,tsvc_2_s3111,score,incorrect,0,2557133,0.0,gcc
llr8-oss120b-c,oss120b,c,0,608447,ext_break_post_body,score,build_error,0,637699,0.0,gcc
llr8-oss120b-c,oss120b,c,0,608447,ext_break_post_body,score,ok,1,868564,0.9633691164614181,gcc
llr8-oss120b-c,oss120b,c,0,608447,ext_break_post_body,score,ok,1,1064315,1.0057755851553363,gcc
llr8-oss120b-c,oss120b,c,0,608447,tsvc_2_s3112,score,incorrect,0,3086936,0.0,gcc
llr8-oss120b-c,oss120b,c,0,608447,tsvc_2_s3112,score,incorrect,0,3571358,0.0,gcc
llr8-oss120b-c,oss120b,c,0,608447,tsvc_2_s3112,score,incorrect,0,4202333,6.095705063739681,gcc
llr8-oss120b-c,oss120b,c,0,608447,tsvc_2_s3112,score,incorrect,0,4459903,6.714749801098893,gcc
llr8-oss120b-c,oss120b,c,0,608447,tsvc_2_s3112,score,ok,1,4690168,1.0021821469311059,gcc
llr8-oss120b-c,oss120b,c,0,608447,tsvc_2_s316,score,incorrect,0,904083,0.0,gcc
llr8-oss120b-c,oss120b,c,0,608447,tsvc_2_s316,score,incorrect,0,1332177,0.0,gcc
llr8-oss120b-c,oss120b,c,0,608447,tsvc_2_s316,score,incorrect,0,1643658,0.0,gcc
llr8-oss120b-c,oss120b,c,0,608447,tsvc_2_s316,score,incorrect,0,2303364,0.0,gcc
llr8-oss120b-c,oss120b,c,0,608447,ext_war_unit,score,ok,1,675916,0.6159871459992801,gcc
llr8-oss120b-c,oss120b,c,0,608447,ext_war_unit,score,ok,1,1460493,0.9993862182311075,gcc
llr8-oss120b-c,oss120b,c,0,608447,ext_war_unit,score,ok,1,1972359,1.0089562147489777,gcc
llr8-oss120b-c,oss120b,c,0,608447,ext_war_unit,score,ok,1,2369537,0.9872520512647024,gcc
llr8-oss120b-c,oss120b,c,0,608447,ext_war_unit,score,ok,1,2728974,1.0129710307411857,gcc
llr8-oss120b-c,oss120b,c,0,608447,ext_war_unit,submit,ok,1,2850943,1.0101010101010102,gcc
llr8-oss120b-c,oss120b,c,0,608447,fuse_diamond,score,ok,1,51035,61.47797672512692,gcc
llr8-oss120b-c,oss120b,c,0,608447,fuse_diamond,submit,ok,1,74741,49.99999999999996,gcc
llr8-oss120b-c,oss120b,c,0,608447,tsvc_2_s318,score,build_error,0,533720,0.0,gcc
llr8-oss120b-c,oss120b,c,0,608447,tsvc_2_s319,score,incorrect,0,851474,0.0,gcc
llr8-oss120b-c,oss120b,c,0,608447,tsvc_2_s319,score,score_error,0,886979,0.0,gcc
llr8-oss120b-c,oss120b,c,0,608447,tsvc_2_s2233,score,build_error,0,998210,0.0,gcc
llr8-oss120b-c,oss120b,c,0,608447,tsvc_2_s318,score,build_error,0,1078003,0.0,gcc
llr8-oss120b-c,oss120b,c,0,608447,tsvc_2_vag,score,score_error,0,1119846,0.0,gcc
llr8-oss120b-c,oss120b,c,0,608447,tsvc_2_s318,score,incorrect,0,1531881,0.0,gcc
llr8-oss120b-c,oss120b,c,0,608447,tsvc_2_s2710,score,incorrect,0,1582408,0.0,gcc
llr8-oss120b-c,oss120b,c,0,608447,tsvc_2_s318,score,build_error,0,1686521,0.0,gcc
llr8-oss120b-c,oss120b,c,0,608447,tsvc_2_s318,score,build_error,0,2124939,0.0,gcc
llr8-oss120b-c,oss120b,c,0,608447,tsvc_2_s318,score,build_error,0,2299659,0.0,gcc
llr8-oss120b-c,oss120b,c,0,608447,tsvc_2_s318,score,incorrect,0,2602792,0.0,gcc
llr8-oss120b-c,oss120b,c,0,608447,tsvc_2_s1244,score,incorrect,0,2793611,0.0,gcc
llr8-oss120b-c,oss120b,c,0,608447,tsvc_2_s318,score,incorrect,0,4093277,0.0,gcc
llr8-oss120b-c,oss120b,c,0,608447,tsvc_2_s318,score,incorrect,0,5048130,0.0,gcc
llr8-oss120b-c,oss120b,c,0,608447,tsvc_2_s318,score,incorrect,0,6155588,25590.72275350371,gcc
llr8-oss120b-c,oss120b,c,0,608447,tsvc_2_s318,score,incorrect,0,6678877,24480.715063091484,gcc
llr8-oss120b-c,oss120b,c,0,608447,tsvc_2_s318,score,incorrect,0,6929455,22908.890553505535,gcc
llr8-oss120b-c,oss120b,c,0,608447,tsvc_2_s318,score,incorrect,0,8060996,0.7400359923269816,gcc
llr8-oss120b-c,oss120b,c,0,608447,tsvc_2_s318,score,incorrect,0,8336470,23859.75918524212,gcc
llr8-oss120b-c,oss120b,c,0,608447,tsvc_2_s318,score,incorrect,0,8861133,24853.119855884706,gcc
llr8-oss120b-c,oss120b,c,0,608447,tsvc_2_s318,score,incorrect,0,9228182,0.741471990343229,gcc
llr8-oss120b-c,oss120b,c,0,608447,tsvc_2_s318,score,incorrect,0,9864103,0.7478253790339576,gcc
llr8-oss120b-c,oss120b,c,0,608447,tsvc_2_s318,score,incorrect,0,10020129,0.7398077782016552,gcc
llr8-oss120b-c,oss120b,c,0,608447,tsvc_2_s318,score,incorrect,0,10543901,0.7438261741650449,gcc
llr8-oss120b-c,oss120b,c,0,608447,tsvc_2_s318,score,incorrect,0,10972195,0.7457638794241577,gcc
llr8-oss120b-c,oss120b,c,0,608447,tsvc_2_s318,score,build_error,0,11317233,0.0,gcc
llr8-oss120b-c,oss120b,c,0,608447,tsvc_2_s318,score,incorrect,0,11466067,0.0,gcc
llr8-oss120b-c,oss120b,c,0,608447,tsvc_2_s318,score,timeout,0,11568838,0.0,gcc
llr8-oss120b-c,oss120b,c,0,608447,tsvc_2_s318,score,timeout,0,11788203,0.0,gcc
llr8-oss120b-c,oss120b,c,0,608447,tsvc_2_s318,score,incorrect,0,12212982,0.7276703826039709,gcc
llr8-oss120b-c,oss120b,c,0,608447,tsvc_2_s318,score,incorrect,0,12875148,0.0,gcc
llr8-oss120b-c,oss120b,c,0,608447,tsvc_2_s318,score,incorrect,0,13050945,0.0,gcc
llr8-oss120b-c,oss120b,c,0,608447,tsvc_2_s318,score,incorrect,0,13204356,0.0,gcc
llr8-oss120b-c,oss120b,c,0,608447,tsvc_2_s318,score,incorrect,0,13551286,0.0,gcc
llr8-oss120b-c,oss120b,c,0,608447,tsvc_2_s318,score,incorrect,0,14331824,0.0,gcc
llr8-oss120b-c,oss120b,c,0,608447,tsvc_2_s318,score,incorrect,0,15007272,1.0035456663558093,gcc
llr8-oss120b-c,oss120b,c,0,608447,tsvc_2_s319,score,incorrect,0,595209,0.0,gcc
llr8-oss120b-c,oss120b,c,0,608447,fuse_move_ifs,score,ok,1,167011,7.160580180670747,gcc
llr8-oss120b-c,oss120b,c,0,608447,fuse_move_ifs,submit,ok,1,187347,7.692307692307692,gcc
llr8-oss120b-c,oss120b,c,0,608447,tsvc_2_s323,score,incorrect,0,1117262,0.0,gcc
llr8-oss120b-c,oss120b,c,0,608447,tsvc_2_s319,score,incorrect,0,1236162,0.0,gcc
llr8-oss120b-c,oss120b,c,0,608447,tsvc_2_s319,score,incorrect,0,1534514,0.0,gcc
llr8-oss120b-c,oss120b,c,0,608447,tsvc_2_s319,score,incorrect,0,1669987,0.0,gcc
llr8-oss120b-c,oss120b,c,0,608447,tsvc_2_s319,score,incorrect,0,2319988,0.0,gcc
llr8-oss120b-c,oss120b,c,0,608447,tsvc_2_s319,score,incorrect,0,2699848,0.0,gcc
llr8-oss120b-c,oss120b,c,0,608447,tsvc_2_s319,score,incorrect,0,3848751,0.0,gcc
llr8-oss120b-c,oss120b,c,0,608447,tsvc_2_s323,score,incorrect,0,3923731,0.0,gcc
llr8-oss120b-c,oss120b,c,0,608447,tsvc_2_s231,score,score_error,0,3972158,0.0,gcc
llr8-oss120b-c,oss120b,c,0,608447,tsvc_2_s2233,score,incorrect,0,4041901,0.0,gcc
llr8-oss120b-c,oss120b,c,0,608447,tsvc_2_s319,score,incorrect,0,4690664,0.0,gcc
llr8-oss120b-c,oss120b,c,0,608447,tsvc_2_s255,score,incorrect,0,4874162,0.0,gcc
llr8-oss120b-c,oss120b,c,0,608447,tsvc_2_s231,score,incorrect,0,4906924,67959.56428571428,gcc
llr8-oss120b-c,oss120b,c,0,608447,tsvc_2_s319,score,incorrect,0,5394664,8934.693569711539,gcc
llr8-oss120b-c,oss120b,c,0,608447,tsvc_2_s319,score,incorrect,0,5807005,8740.346913580246,gcc
llr8-oss120b-c,oss120b,c,0,608447,tsvc_2_s319,score,incorrect,0,6076244,9385.94071969697,gcc
llr8-oss120b-c,oss120b,c,0,608447,tsvc_2_s319,score,incorrect,0,6599954,8828.580819477434,gcc
llr8-oss120b-c,oss120b,c,0,608447,tsvc_2_s319,score,incorrect,0,6971847,8418.64671574179,gcc
llr8-oss120b-c,oss120b,c,0,608447,tsvc_2_s319,score,incorrect,0,7296720,9200.080507425742,gcc
llr8-oss120b-c,oss120b,c,0,608447,tsvc_2_s319,score,incorrect,0,7919676,9037.890638297873,gcc
llr8-oss120b-c,oss120b,c,0,608447,tsvc_2_s319,score,incorrect,0,8144365,10996.545931952664,gcc
llr8-oss120b-c,oss120b,c,0,608447,tsvc_2_s319,score,incorrect,0,8475331,9622.867378640776,gcc
llr8-oss120b-c,oss120b,c,0,608447,tsvc_2_s319,score,incorrect,0,8701722,9403.750853889944,gcc
llr8-oss120b-c,oss120b,c,0,608447,tsvc_2_s319,score,incorrect,0,8781182,10338.894367176634,gcc
llr8-oss120b-c,oss120b,c,0,608447,tsvc_2_s319,score,incorrect,0,8994418,9098.733231334149,gcc
llr8-oss120b-c,oss120b,c,0,608447,tsvc_2_s319,score,incorrect,0,9488432,10086.384056987788,gcc
llr8-oss120b-c,oss120b,c,0,608447,tsvc_2_s319,score,incorrect,0,9779121,9257.366189290162,gcc
llr8-oss120b-c,oss120b,c,0,608447,tsvc_2_s319,score,incorrect,0,10148058,9585.641586073501,gcc
llr8-oss120b-c,oss120b,c,0,608447,tsvc_2_s319,score,incorrect,0,10303142,9865.514333112144,gcc
llr8-oss120b-c,oss120b,c,0,608447,tsvc_2_s319,score,incorrect,0,10551199,2.1884057971014492,gcc
llr8-oss120b-c,oss120b,c,0,608447,tsvc_2_s319,score,incorrect,0,10962428,2.287878787878788,gcc
llr8-oss120b-c,oss120b,c,0,608447,tsvc_2_s319,score,incorrect,0,11582593,2.359375,gcc
llr8-oss120b-c,oss120b,c,0,608447,tsvc_2_s319,score,incorrect,0,12577253,2.1267605633802815,gcc
llr8-oss120b-c,oss120b,c,0,608447,tsvc_2_s319,score,incorrect,0,12775465,2.157142857142857,gcc
llr8-oss120b-c,oss120b,c,0,608447,tsvc_2_s319,score,incorrect,0,13100959,8663.94527972028,gcc
llr8-oss120b-c,oss120b,c,0,608447,tsvc_2_s319,score,incorrect,0,16049440,9160.40055452865,gcc
llr8-oss120b-c,oss120b,c,0,608447,tsvc_2_s319,score,incorrect,0,16385073,9380.018990536277,gcc
llr8-oss120b-c,oss120b,c,0,608447,tsvc_2_s319,score,incorrect,0,16531619,7731.320904836193,gcc
llr8-oss120b-c,oss120b,c,0,608447,tsvc_2_s319,score,build_error,0,16735788,0.0,gcc
llr8-oss120b-c,oss120b,c,0,608447,tsvc_2_s319,score,incorrect,0,16820502,8413.882342954159,gcc
llr8-oss120b-c,oss120b,c,0,608447,fuse_stencil_through_transient,score,ok,1,117068,4.300343197627078,gcc
llr8-oss120b-c,oss120b,c,0,608447,fuse_stencil_through_transient,submit,ok,1,135883,3.846153846153846,gcc
llr8-oss120b-c,oss120b,c,0,608447,tsvc_2_s323,score,incorrect,0,656127,0.0,gcc
llr8-oss120b-c,oss120b,c,0,608447,tsvc_2_s323,score,incorrect,0,919010,0.0,gcc
llr8-oss120b-c,oss120b,c,0,608447,tsvc_2_s323,score,incorrect,0,1687700,0.0,gcc
llr8-oss120b-c,oss120b,c,0,608447,tsvc_2_s319,score,incorrect,0,1737249,0.0,gcc
llr8-oss120b-c,oss120b,c,0,608447,tsvc_2_s323,score,incorrect,0,3249760,0.0,gcc
llr8-oss120b-c,oss120b,c,0,608447,tsvc_2_s323,score,incorrect,0,3258840,0.0,gcc
llr8-oss120b-c,oss120b,c,0,608447,tsvc_2_s323,score,incorrect,0,3350482,0.0,gcc
llr8-oss120b-c,oss120b,c,0,608447,tsvc_2_s1244,score,score_error,0,3412222,0.0,gcc
llr8-oss120b-c,oss120b,c,0,608447,tsvc_2_s319,score,incorrect,0,3478297,0.0,gcc
llr8-oss120b-c,oss120b,c,0,608447,tsvc_2_s1244,score,incorrect,0,3502517,0.0,gcc
llr8-oss120b-c,oss120b,c,0,608447,tsvc_2_s323,score,build_error,0,3988974,0.0,gcc
llr8-oss120b-c,oss120b,c,0,608447,tsvc_2_s323,score,incorrect,0,4079346,8055.767361111111,gcc
llr8-oss120b-c,oss120b,c,0,608447,tsvc_2_s115,score,incorrect,0,5189485,1517.0537185843734,gcc
llr8-oss120b-c,oss120b,c,0,608447,tsvc_2_s1244,score,ok,1,5248891,1.014911745396766,gcc
llr8-oss120b-c,oss120b,c,0,608447,tsvc_2_s323,score,incorrect,0,5461656,8502.214734437464,gcc
llr8-oss120b-c,oss120b,c,0,608447,tsvc_2_s323,score,incorrect,0,5695832,8377.81541924592,gcc
llr8-oss120b-c,oss120b,c,0,608447,tsvc_2_s323,score,incorrect,0,5838493,8736.724178403756,gcc
llr8-oss120b-c,oss120b,c,0,608447,tsvc_2_s323,score,incorrect,0,6038511,2.0465306316698975,gcc
llr8-oss120b-c,oss120b,c,0,608447,tsvc_2_s323,score,incorrect,0,6205859,0.0,gcc
llr8-oss120b-c,oss120b,c,0,608447,tsvc_2_s323,score,incorrect,0,6354434,2.0496356079424607,gcc
llr8-oss120b-c,oss120b,c,0,608447,tsvc_2_s323,score,incorrect,0,6878643,2.0471134068731707,gcc
llr8-oss120b-c,oss120b,c,0,608447,tsvc_2_s323,score,incorrect,0,7194315,0.6617219522868405,gcc
llr8-oss120b-c,oss120b,c,0,608447,tsvc_2_s323,score,incorrect,0,7534905,0.0,gcc
llr8-oss120b-c,oss120b,c,0,608447,tsvc_2_s323,score,incorrect,0,7832832,2.04663695234777,gcc
llr8-oss120b-c,oss120b,c,0,608447,tsvc_2_s323,score,incorrect,0,8330824,0.6732061555427499,gcc
llr8-oss120b-c,oss120b,c,0,608447,tsvc_2_s152,score,ok,1,8395461,5.62903394947351,gcc
llr8-oss120b-c,oss120b,c,0,608447,quasi_affine_reduce_odd,score,ok,1,79429,0.9994610541230526,gcc
llr8-oss120b-c,oss120b,c,0,608447,quasi_affine_reduce_odd,score,ok,1,118646,10.588710678002082,gcc
llr8-oss120b-c,oss120b,c,0,608447,quasi_affine_reduce_odd,submit,ok,1,132463,10.000000000000002,gcc
llr8-oss120b-c,oss120b,c,0,608447,tsvc_2_s4112,score,build_error,0,458941,0.0,gcc
llr8-oss120b-c,oss120b,c,0,608447,tsvc_2_s4112,score,incorrect,0,1081753,0.0,gcc
llr8-oss120b-c,oss120b,c,0,608447,tsvc_2_s119,score,score_error,0,1450980,0.0,gcc
llr8-oss120b-c,oss120b,c,0,608447,tsvc_2_s1244,score,incorrect,0,1711269,0.0,gcc
llr8-oss120b-c,oss120b,c,0,608447,tsvc_2_s4112,score,incorrect,0,2063112,0.0,gcc
llr8-oss120b-c,oss120b,c,0,608447,tsvc_2_s119,score,incorrect,0,2188829,0.0,gcc
llr8-oss120b-c,oss120b,c,0,608447,tsvc_2_s4112,score,incorrect,0,3496946,0.0,gcc
llr8-oss120b-c,oss120b,c,0,608447,tsvc_2_s4112,score,incorrect,0,3632652,0.0,gcc
llr8-oss120b-c,oss120b,c,0,608447,tsvc_2_s152,score,incorrect,0,3668480,0.0,gcc
llr8-oss120b-c,oss120b,c,0,608447,tsvc_2_s311,score,build_error,0,3744484,0.0,gcc
llr8-oss120b-c,oss120b,c,0,608447,tsvc_2_s4112,score,incorrect,0,3868170,0.0,gcc
llr8-oss120b-c,oss120b,c,0,608447,tsvc_2_s4112,score,ok,1,4744712,21.90138909237681,gcc
llr8-oss120b-c,oss120b,c,0,608447,tsvc_2_s4112,submit,ok,1,4798991,20.00000000000003,gcc
llr8-oss120b-c,oss120b,c,0,608447,tsvc_2_s319,score,incorrect,0,917608,0.0,gcc
llr8-oss120b-c,oss120b,c,0,608447,tsvc_2_vag,score,score_error,0,952406,0.0,gcc
llr8-oss120b-c,oss120b,c,0,608447,tsvc_2_vag,score,build_error,0,988090,0.0,gcc
llr8-oss120b-c,oss120b,c,0,608447,tsvc_2_vag,score,build_error,0,1104007,0.0,gcc
llr8-oss120b-c,oss120b,c,0,608447,tsvc_2_s319,score,build_error,0,1187619,0.0,gcc
llr8-oss120b-c,oss120b,c,0,608447,tsvc_2_vag,score,incorrect,0,1648413,0.0,gcc
llr8-oss120b-c,oss120b,c,0,608447,tsvc_2_s115,score,incorrect,0,1551888,0.0,gcc
llr8-oss120b-c,oss120b,c,0,608447,tsvc_2_s115,score,incorrect,0,1851143,0.0,gcc
llr8-oss120b-c,oss120b,c,0,608447,tsvc_2_vag,score,incorrect,0,2238750,0.0,gcc
llr8-oss120b-c,oss120b,c,0,608447,tsvc_2_s4112,score,incorrect,0,2600881,0.0,gcc
llr8-oss120b-c,oss120b,c,0,608447,tsvc_2_s115,score,incorrect,0,2072622,0.0,gcc
llr8-oss120b-c,oss120b,c,0,608447,tsvc_2_s115,score,incorrect,0,2356632,0.0,gcc
llr8-oss120b-c,oss120b,c,0,608447,tsvc_2_s3110,score,incorrect,0,2728957,0.0,gcc
llr8-oss120b-c,oss120b,c,0,608447,tsvc_2_s115,score,incorrect,0,2712641,0.0,gcc
llr8-oss120b-c,oss120b,c,0,608447,tsvc_2_s115,score,incorrect,0,3215460,0.0,gcc
llr8-oss120b-c,oss120b,c,0,608447,tsvc_2_s115,score,incorrect,0,3543315,0.0,gcc
llr8-oss120b-c,oss120b,c,0,608447,tsvc_2_vag,score,incorrect,0,2828008,0.0,gcc
llr8-oss120b-c,oss120b,c,0,608447,tsvc_2_vag,score,incorrect,0,2979436,0.0,gcc
llr8-oss120b-c,oss120b,c,0,608447,tsvc_2_s115,score,incorrect,0,3687913,0.0,gcc
llr8-oss120b-c,oss120b,c,0,608447,tsvc_2_vag,score,incorrect,0,3113338,0.0,gcc
llr8-oss120b-c,oss120b,c,0,608447,tsvc_2_s115,score,incorrect,0,3776369,0.0,gcc
llr8-oss120b-c,oss120b,c,0,608447,tsvc_2_s115,score,incorrect,0,3810476,0.0,gcc
llr8-oss120b-c,oss120b,c,0,608447,tsvc_2_vag,score,incorrect,0,3358926,0.0,gcc
llr8-oss120b-c,oss120b,c,0,608447,tsvc_2_s119,score,incorrect,0,4018504,0.0,gcc
llr8-oss120b-c,oss120b,c,0,608447,tsvc_2_vag,score,incorrect,0,4117116,0.0,gcc
llr8-oss120b-c,oss120b,c,0,608447,tsvc_2_s115,score,incorrect,0,4757642,6815.352037169407,gcc
llr8-oss120b-c,oss120b,c,0,608447,tsvc_2_vag,score,ok,1,5574944,1.0180351782827697,gcc
llr8-oss120b-c,oss120b,c,0,608447,tsvc_2_s115,score,build_error,0,5959926,0.0,gcc
llr8-oss120b-c,oss120b,c,0,608447,tsvc_2_s115,score,incorrect,0,6137833,1375.4385395479003,gcc
llr8-oss120b-c,oss120b,c,0,608447,tsvc_2_s115,score,build_error,0,6288963,0.0,gcc
llr8-oss120b-c,oss120b,c,0,608447,tsvc_2_s115,score,build_error,0,6450290,0.0,gcc
llr8-oss120b-c,oss120b,c,0,608447,tsvc_2_s115,score,incorrect,0,6518096,744.3732922164104,gcc
llr8-oss120b-c,oss120b,c,0,608447,tsvc_2_s115,score,build_error,0,7137271,0.0,gcc
llr8-oss120b-c,oss120b,c,0,608447,tsvc_2_s115,score,incorrect,0,7223789,464.89984933517314,gcc
llr8-oss120b-c,oss120b,c,0,608447,tsvc_2_s115,score,ok,1,7601850,1.1349502841036747,gcc
llr8-oss120b-c,oss120b,c,0,608447,tsvc_2_s115,score,ok,1,8181630,1.036149889742207,gcc
llr8-oss120b-c,oss120b,c,0,608447,tsvc_2_s115,submit,ok,1,8236903,1.0,gcc
llr8-kimi27sglang-c-a,kimi27sglang,c,0,608448,argmax_with_index,score,ok,1,125518,16.006388443923008,gcc
llr8-kimi27sglang-c-a,kimi27sglang,c,0,608448,argmax_with_index,submit,ok,1,143429,14.285714285714295,gcc
llr8-kimi27sglang-c-a,kimi27sglang,c,0,608448,quasi_affine_reduce_odd,score,ok,1,169485,10.650047105831101,gcc
llr8-kimi27sglang-c-a,kimi27sglang,c,0,608448,quasi_affine_reduce_odd,submit,ok,1,192762,10.000000000000002,gcc
llr8-kimi27sglang-c-a,kimi27sglang,c,0,608448,argmax_with_index,score,ok,1,649427,16.37493879813399,gcc
llr8-kimi27sglang-c-a,kimi27sglang,c,0,608448,argmax_with_index,score,incorrect,0,771640,21.047960405737104,gcc
llr8-kimi27sglang-c-a,kimi27sglang,c,0,608448,quasi_affine_reduce_odd,score,ok,1,243796,10.669096199908035,gcc
llr8-kimi27sglang-c-a,kimi27sglang,c,0,608448,argmax_with_index,score,ok,1,908105,16.531174660450862,gcc
llr8-kimi27sglang-c-a,kimi27sglang,c,0,608448,quasi_affine_reduce_odd,score,ok,1,360815,2.4072125116951075,gcc
llr8-kimi27sglang-c-a,kimi27sglang,c,0,608448,argmax_with_index,score,ok,1,1129080,21.240592909307768,gcc
llr8-kimi27sglang-c-a,kimi27sglang,c,0,608448,argmax_with_index,submit,ok,1,1167423,20.00000000000003,gcc
llr8-kimi27sglang-c-a,kimi27sglang,c,0,608448,quasi_affine_reduce_odd,score,ok,1,427330,5.492953532891627,gcc
llr8-kimi27sglang-c-a,kimi27sglang,c,0,608448,quasi_affine_reduce_odd,score,ok,1,499312,10.68915897680116,gcc
llr8-kimi27sglang-c-a,kimi27sglang,c,0,608448,argmax_with_index,score,ok,1,1332052,21.301240380763264,gcc
llr8-kimi27sglang-c-a,kimi27sglang,c,0,608448,argmax_with_index,submit,ok,1,1374112,20.00000000000003,gcc
llr8-kimi27sglang-c-a,kimi27sglang,c,0,608448,quasi_affine_reduce_odd,score,incorrect,0,536142,0.21450151057401812,gcc
llr8-kimi27sglang-c-a,kimi27sglang,c,0,608448,quasi_affine_reduce_odd,score,incorrect,0,536142,10.592472137782554,gcc
llr8-kimi27sglang-c-a,kimi27sglang,c,0,608448,quasi_affine_reduce_odd,score,ok,1,536142,10.71893030467496,gcc
llr8-kimi27sglang-c-a,kimi27sglang,c,0,608448,argmax_with_index,score,ok,1,1552246,21.224209681232704,gcc
llr8-kimi27sglang-c-a,kimi27sglang,c,0,608448,argmax_with_index,score,ok,1,1645280,21.22442355684468,gcc
llr8-kimi27sglang-c-a,kimi27sglang,c,0,608448,argmax_with_index,score,ok,1,1742554,7.344540692913999,gcc
llr8-kimi27sglang-c-a,kimi27sglang,c,0,608448,quasi_affine_reduce_odd,score,ok,1,756964,0.5220588235294118,gcc
llr8-kimi27sglang-c-a,kimi27sglang,c,0,608448,quasi_affine_reduce_odd,score,ok,1,756964,10.60305756109457,gcc
llr8-kimi27sglang-c-a,kimi27sglang,c,0,608448,quasi_affine_reduce_odd,score,ok,1,756964,10.686529100279436,gcc
llr8-kimi27sglang-c-a,kimi27sglang,c,0,608448,quasi_affine_reduce_odd,score,ok,1,756964,10.714790765520123,gcc
llr8-kimi27sglang-c-a,kimi27sglang,c,0,608448,quasi_affine_reduce_odd,score,ok,1,854227,0.31555555555555553,gcc
llr8-kimi27sglang-c-a,kimi27sglang,c,0,608448,quasi_affine_reduce_odd,score,ok,1,854227,10.566153807796567,gcc
llr8-kimi27sglang-c-a,kimi27sglang,c,0,608448,quasi_affine_reduce_odd,score,ok,1,854227,10.653572052542142,gcc
llr8-kimi27sglang-c-a,kimi27sglang,c,0,608448,argmax_with_index,score,ok,1,1845010,21.235730482803298,gcc
llr8-kimi27sglang-c-a,kimi27sglang,c,0,608448,argmax_with_index,score,ok,1,2123956,21.273170817714167,gcc
llr8-kimi27sglang-c-a,kimi27sglang,c,0,608448,quasi_affine_reduce_odd,score,ok,1,1352162,0.3242009132420091,gcc
llr8-kimi27sglang-c-a,kimi27sglang,c,0,608448,argmax_with_index,score,ok,1,2363941,21.22638325373058,gcc
llr8-kimi27sglang-c-a,kimi27sglang,c,0,608448,argmax_with_index,score,ok,1,2615113,21.291927472905943,gcc
llr8-kimi27sglang-c-a,kimi27sglang,c,0,608448,argmax_with_index,submit,ok,1,2678815,20.00000000000003,gcc
llr8-kimi27sglang-c-a,kimi27sglang,c,0,608448,quasi_affine_reduce_odd,score,ok,1,1725461,0.9594594594594594,gcc
llr8-kimi27sglang-c-a,kimi27sglang,c,0,608448,quasi_affine_reduce_odd,score,ok,1,1725461,10.590494476565581,gcc
llr8-kimi27sglang-c-a,kimi27sglang,c,0,608448,quasi_affine_reduce_odd,score,ok,1,1725461,10.674974448463212,gcc
llr8-kimi27sglang-c-a,kimi27sglang,c,0,608448,quasi_affine_reduce_odd,score,ok,1,1861584,10.704888102379654,gcc
llr8-kimi27sglang-c-a,kimi27sglang,c,0,608448,argmax_with_index,score,ok,1,2811509,21.20506736126941,gcc
llr8-kimi27sglang-c-a,kimi27sglang,c,0,608448,quasi_affine_reduce_odd,score,ok,1,1931639,10.573999174044344,gcc
llr8-kimi27sglang-c-a,kimi27sglang,c,0,608448,quasi_affine_reduce_odd,score,ok,1,1931639,10.719090758079417,gcc
llr8-kimi27sglang-c-a,kimi27sglang,c,0,608448,quasi_affine_reduce_odd,score,ok,1,1931639,0.39664804469273746,gcc
llr8-kimi27sglang-c-a,kimi27sglang,c,0,608448,argmax_with_index,score,ok,1,2951636,21.168665494535322,gcc
llr8-kimi27sglang-c-a,kimi27sglang,c,0,608448,quasi_affine_reduce_odd,score,ok,1,2079330,0.31555555555555553,gcc
llr8-kimi27sglang-c-a,kimi27sglang,c,0,608448,quasi_affine_reduce_odd,score,ok,1,2079330,10.561051030535827,gcc
llr8-kimi27sglang-c-a,kimi27sglang,c,0,608448,quasi_affine_reduce_odd,score,ok,1,2079330,10.654885493392795,gcc
llr8-kimi27sglang-c-a,kimi27sglang,c,0,608448,quasi_affine_reduce_odd,score,ok,1,2079330,10.700881300382619,gcc
llr8-kimi27sglang-c-a,kimi27sglang,c,0,608448,quasi_affine_reduce_odd,score,ok,1,2313223,0.3858695652173913,gcc
llr8-kimi27sglang-c-a,kimi27sglang,c,0,608448,quasi_affine_reduce_odd,score,ok,1,2313223,10.525162651164743,gcc
llr8-kimi27sglang-c-a,kimi27sglang,c,0,608448,quasi_affine_reduce_odd,score,ok,1,2313223,10.659776106603584,gcc
llr8-kimi27sglang-c-a,kimi27sglang,c,0,608448,quasi_affine_reduce_odd,score,ok,1,2313223,10.70708880846264,gcc
llr8-kimi27sglang-c-a,kimi27sglang,c,0,608448,argmax_with_index,score,ok,1,3098965,21.365788806773292,gcc
llr8-kimi27sglang-c-a,kimi27sglang,c,0,608448,argmax_with_index,submit,ok,1,3175143,20.00000000000003,gcc
llr8-kimi27sglang-c-a,kimi27sglang,c,0,608448,quasi_affine_reduce_odd,score,ok,1,2558286,0.3021276595744681,gcc
llr8-kimi27sglang-c-a,kimi27sglang,c,0,608448,quasi_affine_reduce_odd,score,ok,1,2726968,10.678959672696106,gcc
llr8-kimi27sglang-c-a,kimi27sglang,c,0,608448,quasi_affine_reduce_odd,score,ok,1,2813320,0.9594594594594594,gcc
llr8-kimi27sglang-c-a,kimi27sglang,c,0,608448,quasi_affine_reduce_odd,score,ok,1,2813320,10.526304512359005,gcc
llr8-kimi27sglang-c-a,kimi27sglang,c,0,608448,quasi_affine_reduce_odd,score,ok,1,2900457,10.691599538953781,gcc
llr8-kimi27sglang-c-a,kimi27sglang,c,0,608448,quasi_affine_reduce_odd,submit,ok,1,2987947,10.000000000000002,gcc
llr8-kimi27sglang-c-a,kimi27sglang,c,0,608448,argmax_with_index,score,ok,1,3414769,21.2375697234771,gcc
llr8-kimi27sglang-c-a,kimi27sglang,c,0,608448,quasi_affine_reduce_odd,score,ok,1,3166842,10.684839731462619,gcc
llr8-kimi27sglang-c-a,kimi27sglang,c,0,608448,quasi_affine_reduce_odd,score,ok,1,3258168,0.41040462427745666,gcc
llr8-kimi27sglang-c-a,kimi27sglang,c,0,608448,quasi_affine_reduce_odd,score,ok,1,3258168,10.602430985649397,gcc
llr8-kimi27sglang-c-a,kimi27sglang,c,0,608448,quasi_affine_reduce_odd,score,ok,1,3258168,10.716660323316646,gcc
llr8-kimi27sglang-c-a,kimi27sglang,c,0,608448,argmax_with_index,score,ok,1,3666905,21.37131513276232,gcc
llr8-kimi27sglang-c-a,kimi27sglang,c,0,608448,quasi_affine_reduce_odd,score,ok,1,3444676,0.9861111111111112,gcc
llr8-kimi27sglang-c-a,kimi27sglang,c,0,608448,quasi_affine_reduce_odd,score,ok,1,3444676,10.667786483510787,gcc
llr8-kimi27sglang-c-a,kimi27sglang,c,0,608448,quasi_affine_reduce_odd,score,ok,1,3444676,10.698153880115557,gcc
llr8-kimi27sglang-c-a,kimi27sglang,c,0,608448,argmax_with_index,submit,ok,1,3752370,20.00000000000003,gcc
llr8-kimi27sglang-c-a,kimi27sglang,c,0,608448,quasi_affine_reduce_odd,score,ok,1,3638061,10.664947609262345,gcc
llr8-kimi27sglang-c-a,kimi27sglang,c,0,608448,quasi_affine_reduce_odd,score,ok,1,3638061,10.736334449001086,gcc
llr8-kimi27sglang-c-a,kimi27sglang,c,0,608448,quasi_affine_reduce_odd,score,ok,1,3736896,0.4303030303030303,gcc
llr8-kimi27sglang-c-a,kimi27sglang,c,0,608448,quasi_affine_reduce_odd,score,ok,1,3736896,10.47820134371619,gcc
llr8-kimi27sglang-c-a,kimi27sglang,c,0,608448,quasi_affine_reduce_odd,score,ok,1,3938244,10.645932214610024,gcc
llr8-kimi27sglang-c-a,kimi27sglang,c,0,608448,quasi_affine_reduce_odd,score,ok,1,3938244,10.694136663555435,gcc
llr8-kimi27sglang-c-a,kimi27sglang,c,0,608448,quasi_affine_reduce_odd,score,ok,1,4144644,10.651236244250894,gcc
llr8-kimi27sglang-c-a,kimi27sglang,c,0,608448,quasi_affine_reduce_odd,score,ok,1,4144644,10.699657772680943,gcc
llr8-kimi27sglang-c-a,kimi27sglang,c,0,608448,quasi_affine_reduce_odd,score,ok,1,4356112,10.675392567178843,gcc
llr8-kimi27sglang-c-a,kimi27sglang,c,0,608448,quasi_affine_reduce_odd,score,ok,1,4356112,10.702786667577113,gcc
llr8-kimi27sglang-c-a,kimi27sglang,c,0,608448,quasi_affine_reduce_odd,submit,ok,1,4573213,10.000000000000002,gcc
llr8-kimi27sglang-c-a,kimi27sglang,c,0,608448,quasi_affine_reduce_odd,score,ok,1,4795951,0.3858695652173913,gcc
llr8-kimi27sglang-c-a,kimi27sglang,c,0,608448,quasi_affine_reduce_odd,score,ok,1,4795951,10.550023978523484,gcc
llr8-kimi27sglang-c-a,kimi27sglang,c,0,608448,quasi_affine_reduce_odd,score,ok,1,4795951,10.696194061907855,gcc
llr8-kimi27sglang-c-a,kimi27sglang,c,0,608448,quasi_affine_reduce_odd,score,ok,1,4909655,10.73448708293682,gcc
llr8-kimi27sglang-c-a,kimi27sglang,c,0,608448,quasi_affine_reduce_odd,submit,ok,1,5023727,10.000000000000002,gcc
llr8-kimi27sglang-c-a,kimi27sglang,c,0,608448,quasi_affine_reduce_odd,score,ok,1,5254454,10.6677042415214,gcc
llr8-kimi27sglang-c-a,kimi27sglang,c,0,608448,quasi_affine_reduce_odd,score,ok,1,5254454,10.724481348210647,gcc
llr8-kimi27sglang-c-a,kimi27sglang,c,0,608448,quasi_affine_reduce_odd,score,ok,1,5492707,1.0289855072463767,gcc
llr8-kimi27sglang-c-a,kimi27sglang,c,0,608448,quasi_affine_reduce_odd,score,ok,1,5492707,10.572772662433083,gcc
llr8-kimi27sglang-c-a,kimi27sglang,c,0,608448,quasi_affine_reduce_odd,score,ok,1,5492707,10.660243574622157,gcc
llr8-kimi27sglang-c-a,kimi27sglang,c,0,608448,quasi_affine_reduce_odd,score,ok,1,5615138,10.664789193877835,gcc
llr8-kimi27sglang-c-a,kimi27sglang,c,0,608448,quasi_affine_reduce_odd,score,ok,1,5737967,10.734773404571131,gcc
llr8-kimi27sglang-c-a,kimi27sglang,c,0,608448,quasi_affine_reduce_odd,score,ok,1,5737967,10.666862915551366,gcc
llr8-kimi27sglang-c-a,kimi27sglang,c,0,608448,quasi_affine_reduce_odd,submit,ok,1,5861759,10.000000000000002,gcc
llr8-kimi27sglang-c-a,kimi27sglang,c,0,608448,quasi_affine_reduce_odd,score,ok,1,6113306,0.398876404494382,gcc
llr8-kimi27sglang-c-a,kimi27sglang,c,0,608448,quasi_affine_reduce_odd,score,ok,1,6113306,10.6396516616196,gcc
llr8-kimi27sglang-c-a,kimi27sglang,c,0,608448,quasi_affine_reduce_odd,score,ok,1,6113306,10.713243483960712,gcc
llr8-kimi27sglang-c-a,kimi27sglang,c,0,608448,quasi_affine_reduce_odd,score,ok,1,6506022,10.679955990814795,gcc
llr8-kimi27sglang-c-a,kimi27sglang,c,0,608448,quasi_affine_reduce_odd,score,ok,1,6506022,10.69106033484784,gcc
llr8-kimi27sglang-c-a,kimi27sglang,c,0,608448,quasi_affine_reduce_odd,score,ok,1,6777388,1.0,gcc
llr8-kimi27sglang-c-a,kimi27sglang,c,0,608448,quasi_affine_reduce_odd,score,ok,1,6777388,10.666275602292783,gcc
llr8-kimi27sglang-c-a,kimi27sglang,c,0,608448,quasi_affine_reduce_odd,score,ok,1,6777388,10.729974153731924,gcc
llr8-kimi27sglang-c-a,kimi27sglang,c,0,608448,quasi_affine_reduce_odd,score,ok,1,7056005,10.64661450831639,gcc
llr8-kimi27sglang-c-a,kimi27sglang,c,0,608448,quasi_affine_reduce_odd,score,ok,1,7056005,10.716514425002002,gcc
llr8-kimi27sglang-c-a,kimi27sglang,c,0,608448,quasi_affine_reduce_odd,submit,ok,1,7342059,10.000000000000002,gcc
llr8-kimi27sglang-c-a,kimi27sglang,c,0,608448,quasi_affine_reduce_odd,submit,ok,1,7634213,10.000000000000002,gcc
llr8-kimi27sglang-c-a,kimi27sglang,c,0,608448,quasi_affine_reduce_odd,submit,build_error,0,8082580,0.0,gcc
llr8-kimi27sglang-c-a,kimi27sglang,c,0,608448,quasi_affine_reduce_odd,submit,build_error,0,8234845,0.0,gcc
llr8-kimi27sglang-c-a,kimi27sglang,c,0,608448,quasi_affine_reduce_odd,score,build_error,0,8387668,0.0,gcc
llr8-kimi27sglang-c-a,kimi27sglang,c,0,608448,ext_break_capture,score,ok,1,50945,1.0005033735092042,gcc
llr8-kimi27sglang-c-a,kimi27sglang,c,0,608448,tsvc_2_s115,score,incorrect,0,70190,0.0,gcc
llr8-kimi27sglang-c-a,kimi27sglang,c,0,608448,ext_break_capture,score,ok,1,65086,1.0793650793650793,gcc
llr8-kimi27sglang-c-a,kimi27sglang,c,0,608448,ext_break_capture,score,ok,1,65086,0.9961508453022142,gcc
llr8-kimi27sglang-c-a,kimi27sglang,c,0,608448,ext_break_capture,score,ok,1,65086,0.9617185988733341,gcc
llr8-kimi27sglang-c-a,kimi27sglang,c,0,608448,ext_break_capture,score,ok,1,65086,1.0096988730979306,gcc
llr8-kimi27sglang-c-a,kimi27sglang,c,0,608448,tsvc_2_s115,score,ok,1,96234,0.9996221957595155,gcc
llr8-kimi27sglang-c-a,kimi27sglang,c,0,608448,tsvc_2_s115,score,incorrect,0,349038,0.0,gcc
llr8-kimi27sglang-c-a,kimi27sglang,c,0,608448,tsvc_2_s115,score,ok,1,404034,1.0311783513081796,gcc
llr8-kimi27sglang-c-a,kimi27sglang,c,0,608448,ext_break_capture,score,ok,1,425019,1.0625,gcc
llr8-kimi27sglang-c-a,kimi27sglang,c,0,608448,ext_break_capture,score,ok,1,425019,2.003387762292627,gcc
llr8-kimi27sglang-c-a,kimi27sglang,c,0,608448,ext_break_capture,score,ok,1,425019,0.7479321496157403,gcc
llr8-kimi27sglang-c-a,kimi27sglang,c,0,608448,ext_break_capture,score,ok,1,425019,1.2256589141114764,gcc
llr8-kimi27sglang-c-a,kimi27sglang,c,0,608448,tsvc_2_s115,score,ok,1,464365,1.0237384018726214,gcc
llr8-kimi27sglang-c-a,kimi27sglang,c,0,608448,tsvc_2_s115,score,ok,1,529871,0.5573220830206571,gcc
llr8-kimi27sglang-c-a,kimi27sglang,c,0,608448,tsvc_2_s115,score,ok,1,597896,0.7721688201284582,gcc
llr8-kimi27sglang-c-a,kimi27sglang,c,0,608448,tsvc_2_s115,score,ok,1,668757,0.6915679004761319,gcc
llr8-kimi27sglang-c-a,kimi27sglang,c,0,608448,ext_break_capture,score,ok,1,593831,0.9315068493150684,gcc
llr8-kimi27sglang-c-a,kimi27sglang,c,0,608448,ext_break_capture,score,ok,1,593831,1.0097527274236917,gcc
llr8-kimi27sglang-c-a,kimi27sglang,c,0,608448,ext_break_capture,score,ok,1,593831,0.8684494714418944,gcc
llr8-kimi27sglang-c-a,kimi27sglang,c,0,608448,ext_break_capture,score,ok,1,593831,0.8682947283495832,gcc
llr8-kimi27sglang-c-a,kimi27sglang,c,0,608448,ext_break_capture,score,ok,1,652676,0.9823616444478875,gcc
llr8-kimi27sglang-c-a,kimi27sglang,c,0,608448,ext_break_capture,score,ok,1,652676,0.9139733120961634,gcc
llr8-kimi27sglang-c-a,kimi27sglang,c,0,608448,ext_break_capture,score,ok,1,652676,1.1521223868013148,gcc
llr8-kimi27sglang-c-a,kimi27sglang,c,0,608448,ext_break_capture,score,ok,1,652676,1.0530647490115763,gcc
llr8-kimi27sglang-c-a,kimi27sglang,c,0,608448,tsvc_2_s115,score,ok,1,784762,0.9430700082725623,gcc
llr8-kimi27sglang-c-a,kimi27sglang,c,0,608448,ext_break_capture,score,ok,1,841217,1.0793650793650793,gcc
llr8-kimi27sglang-c-a,kimi27sglang,c,0,608448,ext_break_capture,score,ok,1,841217,2.0229726219792474,gcc
llr8-kimi27sglang-c-a,kimi27sglang,c,0,608448,ext_break_capture,score,ok,1,841217,0.8146585760495954,gcc
llr8-kimi27sglang-c-a,kimi27sglang,c,0,608448,ext_break_capture,score,ok,1,841217,1.2464770875581626,gcc
llr8-kimi27sglang-c-a,kimi27sglang,c,0,608448,tsvc_2_s115,score,ok,1,870114,4.669373507625299,gcc
llr8-kimi27sglang-c-a,kimi27sglang,c,0,608448,tsvc_2_s115,submit,overfit,0,915009,4.545454545454546,gcc
llr8-kimi27sglang-c-a,kimi27sglang,c,0,608448,ext_break_capture,score,ok,1,1130199,1.0303030303030303,gcc
llr8-kimi27sglang-c-a,kimi27sglang,c,0,608448,ext_break_capture,score,ok,1,1130199,1.1579131182426943,gcc
llr8-kimi27sglang-c-a,kimi27sglang,c,0,608448,ext_break_capture,score,ok,1,1130199,0.8787517744800888,gcc
llr8-kimi27sglang-c-a,kimi27sglang,c,0,608448,ext_break_capture,score,ok,1,1130199,0.8684627789423043,gcc
llr8-kimi27sglang-c-a,kimi27sglang,c,0,608448,tsvc_2_s115,score,ok,1,1007655,4.715755035945921,gcc
llr8-kimi27sglang-c-a,kimi27sglang,c,0,608448,tsvc_2_s115,submit,ok,1,1055438,4.347826086956522,gcc
llr8-kimi27sglang-c-a,kimi27sglang,c,0,608448,tsvc_2_s115,score,ok,1,1201880,4.026192829073393,gcc
llr8-kimi27sglang-c-a,kimi27sglang,c,0,608448,tsvc_2_s115,score,ok,1,1301048,5.0250330037918225,gcc
llr8-kimi27sglang-c-a,kimi27sglang,c,0,608448,tsvc_2_s115,score,ok,1,1401219,5.126980789475228,gcc
llr8-kimi27sglang-c-a,kimi27sglang,c,0,608448,tsvc_2_s115,score,ok,1,1502442,5.070422758527039,gcc
llr8-kimi27sglang-c-a,kimi27sglang,c,0,608448,tsvc_2_s115,score,ok,1,1604839,5.068151744278605,gcc
llr8-kimi27sglang-c-a,kimi27sglang,c,0,608448,ext_break_capture,score,ok,1,1450298,2.020332366434861,gcc
llr8-kimi27sglang-c-a,kimi27sglang,c,0,608448,ext_break_capture,score,ok,1,1450298,2.1508321636561942,gcc
llr8-kimi27sglang-c-a,kimi27sglang,c,0,608448,ext_break_capture,score,ok,1,1450298,2.164455041973611,gcc
llr8-kimi27sglang-c-a,kimi27sglang,c,0,608448,ext_break_capture,score,ok,1,1450298,0.809524933064636,gcc
llr8-kimi27sglang-c-a,kimi27sglang,c,0,608448,ext_break_capture,score,ok,1,1450298,0.7529315065536143,gcc
llr8-kimi27sglang-c-a,kimi27sglang,c,0,608448,tsvc_2_s115,score,ok,1,1762800,5.0454170814143895,gcc
llr8-kimi27sglang-c-a,kimi27sglang,c,0,608448,tsvc_2_s115,score,ok,1,1871324,1.5141063632829204,gcc
llr8-kimi27sglang-c-a,kimi27sglang,c,0,608448,ext_break_capture,score,ok,1,1703520,1.1129296235679214,gcc
llr8-kimi27sglang-c-a,kimi27sglang,c,0,608448,ext_break_capture,score,ok,1,1703520,3.2789925414341856,gcc
llr8-kimi27sglang-c-a,kimi27sglang,c,0,608448,tsvc_2_s115,score,ok,1,1981139,0.714470525006986,gcc
llr8-kimi27sglang-c-a,kimi27sglang,c,0,608448,ext_break_capture,score,ok,1,1703520,13.075615090731555,gcc
llr8-kimi27sglang-c-a,kimi27sglang,c,0,608448,ext_break_capture,score,ok,1,1703520,4.119061255554264,gcc
llr8-kimi27sglang-c-a,kimi27sglang,c,0,608448,tsvc_2_s115,score,ok,1,2092998,3.2282742693404742,gcc
llr8-kimi27sglang-c-a,kimi27sglang,c,0,608448,tsvc_2_s115,score,ok,1,2206529,1.947329439200235,gcc
llr8-kimi27sglang-c-a,kimi27sglang,c,0,608448,tsvc_2_s115,score,ok,1,2320967,5.1079854046837605,gcc
llr8-kimi27sglang-c-a,kimi27sglang,c,0,608448,tsvc_2_s115,submit,ok,1,2378574,4.761904761904763,gcc
llr8-kimi27sglang-c-a,kimi27sglang,c,0,608448,tsvc_2_s115,score,ok,1,2496435,5.0331910169935075,gcc
llr8-kimi27sglang-c-a,kimi27sglang,c,0,608448,tsvc_2_s115,score,ok,1,2615785,5.1264581602963935,gcc
llr8-kimi27sglang-c-a,kimi27sglang,c,0,608448,tsvc_2_s115,score,ok,1,2736035,5.017907214699648,gcc
llr8-kimi27sglang-c-a,kimi27sglang,c,0,608448,ext_break_capture,score,ok,1,2062128,3.0395500252990653,gcc
llr8-kimi27sglang-c-a,kimi27sglang,c,0,608448,ext_break_capture,score,ok,1,2062128,3.5190716383633154,gcc
llr8-kimi27sglang-c-a,kimi27sglang,c,0,608448,ext_break_capture,score,ok,1,2062128,13.25737940421007,gcc
llr8-kimi27sglang-c-a,kimi27sglang,c,0,608448,ext_break_capture,score,ok,1,2062128,3.9610936337397957,gcc
llr8-kimi27sglang-c-a,kimi27sglang,c,0,608448,tsvc_2_s115,score,ok,1,2859639,5.104745780981402,gcc
llr8-kimi27sglang-c-a,kimi27sglang,c,0,608448,ext_break_capture,submit,ok,1,2155372,1.8181818181818181,gcc
llr8-kimi27sglang-c-a,kimi27sglang,c,0,608448,tsvc_2_s115,submit,ok,1,2923033,4.761904761904763,gcc
llr8-kimi27sglang-c-a,kimi27sglang,c,0,608448,tsvc_2_s115,score,ok,1,3053600,5.393357066518597,gcc
llr8-kimi27sglang-c-a,kimi27sglang,c,0,608448,tsvc_2_s115,submit,ok,1,3120212,5.263157894736843,gcc
llr8-kimi27sglang-c-a,kimi27sglang,c,0,608448,tsvc_2_s115,score,ok,1,3256364,6.2484320720694715,gcc
llr8-kimi27sglang-c-a,kimi27sglang,c,0,608448,tsvc_2_s115,submit,ok,1,3325881,5.555555555555557,gcc
llr8-kimi27sglang-c-a,kimi27sglang,c,0,608448,ext_break_capture,score,ok,1,2570823,1.0,gcc
llr8-kimi27sglang-c-a,kimi27sglang,c,0,608448,ext_break_capture,score,ok,1,2570823,3.79471707844949,gcc
llr8-kimi27sglang-c-a,kimi27sglang,c,0,608448,ext_break_capture,score,ok,1,2570823,13.254034334952486,gcc
llr8-kimi27sglang-c-a,kimi27sglang,c,0,608448,ext_break_capture,score,ok,1,2570823,4.380308123185713,gcc
llr8-kimi27sglang-c-a,kimi27sglang,c,0,608448,ext_break_capture,submit,ok,1,2680698,1.9607843137254901,gcc
llr8-kimi27sglang-c-a,kimi27sglang,c,0,608448,tsvc_2_s115,score,ok,1,3468479,6.029576638315367,gcc
llr8-kimi27sglang-c-a,kimi27sglang,c,0,608448,tsvc_2_s115,score,ok,1,3692313,5.710343592243146,gcc
llr8-kimi27sglang-c-a,kimi27sglang,c,0,608448,tsvc_2_s115,score,ok,1,3844190,5.122090287026068,gcc
llr8-kimi27sglang-c-a,kimi27sglang,c,0,608448,tsvc_2_s115,score,ok,1,3997161,5.394847706153679,gcc
llr8-kimi27sglang-c-a,kimi27sglang,c,0,608448,tsvc_2_s115,score,ok,1,4151058,5.802413038617128,gcc
llr8-kimi27sglang-c-a,kimi27sglang,c,0,608448,tsvc_2_s115,score,ok,1,4305872,6.066726747803523,gcc
llr8-kimi27sglang-c-a,kimi27sglang,c,0,608448,tsvc_2_s115,score,ok,1,4461620,6.138125049406592,gcc
llr8-kimi27sglang-c-a,kimi27sglang,c,0,608448,tsvc_2_s115,score,ok,1,4618387,2.067748039493107,gcc
llr8-kimi27sglang-c-a,kimi27sglang,c,0,608448,tsvc_2_s115,score,ok,1,4776365,6.025769174710431,gcc
llr8-kimi27sglang-c-a,kimi27sglang,c,0,608448,tsvc_2_s115,score,ok,1,4935473,6.201524068527001,gcc
llr8-kimi27sglang-c-a,kimi27sglang,c,0,608448,ext_break_capture,score,ok,1,3021747,0.37158469945355194,gcc
llr8-kimi27sglang-c-a,kimi27sglang,c,0,608448,ext_break_capture,score,ok,1,3021747,3.6195025752159014,gcc
llr8-kimi27sglang-c-a,kimi27sglang,c,0,608448,ext_break_capture,score,ok,1,3021747,2.722209794397667,gcc
llr8-kimi27sglang-c-a,kimi27sglang,c,0,608448,ext_break_capture,score,ok,1,3021747,3.4836376651716505,gcc
llr8-kimi27sglang-c-a,kimi27sglang,c,0,608448,tsvc_2_s115,score,ok,1,5095601,6.017701459773612,gcc
llr8-kimi27sglang-c-a,kimi27sglang,c,0,608448,tsvc_2_s115,score,ok,1,5256763,6.158616484911097,gcc
llr8-kimi27sglang-c-a,kimi27sglang,c,0,608448,tsvc_2_s115,score,ok,1,5418949,6.140232096347393,gcc
llr8-kimi27sglang-c-a,kimi27sglang,c,0,608448,ext_break_capture,score,ok,1,3377963,0.9577464788732394,gcc
llr8-kimi27sglang-c-a,kimi27sglang,c,0,608448,ext_break_capture,score,ok,1,3377963,4.01500091468992,gcc
llr8-kimi27sglang-c-a,kimi27sglang,c,0,608448,ext_break_capture,score,ok,1,3377963,13.165654490185416,gcc
llr8-kimi27sglang-c-a,kimi27sglang,c,0,608448,ext_break_capture,score,ok,1,3377963,4.446386483705409,gcc
llr8-kimi27sglang-c-a,kimi27sglang,c,0,608448,tsvc_2_s115,score,ok,1,5666833,5.637986626959572,gcc
llr8-kimi27sglang-c-a,kimi27sglang,c,0,608448,tsvc_2_s115,score,ok,1,5838812,6.207975925135293,gcc
llr8-kimi27sglang-c-a,kimi27sglang,c,0,608448,ext_break_capture,score,ok,1,3747482,3.718889453088537,gcc
llr8-kimi27sglang-c-a,kimi27sglang,c,0,608448,ext_break_capture,score,ok,1,3747482,13.059905431698507,gcc
llr8-kimi27sglang-c-a,kimi27sglang,c,0,608448,ext_break_capture,score,ok,1,3747482,4.4471014190592335,gcc
llr8-kimi27sglang-c-a,kimi27sglang,c,0,608448,ext_break_capture,score,ok,1,3747482,1.9793603638117379,gcc
llr8-kimi27sglang-c-a,kimi27sglang,c,0,608448,tsvc_2_s115,submit,ok,1,5926207,5.555555555555557,gcc
llr8-kimi27sglang-c-a,kimi27sglang,c,0,608448,tsvc_2_s115,score,build_error,0,6107180,0.0,gcc
llr8-kimi27sglang-c-a,kimi27sglang,c,0,608448,ext_break_capture,score,ok,1,4524337,0.9855072463768116,gcc
llr8-kimi27sglang-c-a,kimi27sglang,c,0,608448,ext_break_capture,score,ok,1,4524337,2.104803575884025,gcc
llr8-kimi27sglang-c-a,kimi27sglang,c,0,608448,ext_break_capture,submit,ok,1,4657003,2.127659574468085,gcc
llr8-kimi27sglang-c-a,kimi27sglang,c,0,608448,tsvc_2_s115,score,build_error,0,6482121,0.0,gcc
llr8-kimi27sglang-c-a,kimi27sglang,c,0,608448,tsvc_2_s115,score,ok,1,6775782,5.815351428413024,gcc
llr8-kimi27sglang-c-a,kimi27sglang,c,0,608448,tsvc_2_s115,submit,ok,1,6875845,5.555555555555557,gcc
llr8-kimi27sglang-c-a,kimi27sglang,c,0,608448,ext_break_capture,score,ok,1,5063404,1.0793650793650793,gcc
llr8-kimi27sglang-c-a,kimi27sglang,c,0,608448,ext_break_capture,score,ok,1,5063404,2.2069897674094165,gcc
llr8-kimi27sglang-c-a,kimi27sglang,c,0,608448,ext_break_capture,score,ok,1,5200760,3.7064605243372304,gcc
llr8-kimi27sglang-c-a,kimi27sglang,c,0,608448,ext_break_capture,score,ok,1,5200760,13.635796934917847,gcc
llr8-kimi27sglang-c-a,kimi27sglang,c,0,608448,ext_break_capture,score,ok,1,5200760,4.349352807774065,gcc
llr8-kimi27sglang-c-a,kimi27sglang,c,0,608448,tsvc_2_s115,score,ok,1,7077099,5.868645435244704,gcc
llr8-kimi27sglang-c-a,kimi27sglang,c,0,608448,ext_break_capture,submit,ok,1,5338995,2.380952380952381,gcc
llr8-kimi27sglang-c-a,kimi27sglang,c,0,608448,tsvc_2_s115,score,ok,1,7279446,2.381199345385927,gcc
llr8-kimi27sglang-c-a,kimi27sglang,c,0,608448,tsvc_2_s115,score,ok,1,7482901,6.043613620392291,gcc
llr8-kimi27sglang-c-a,kimi27sglang,c,0,608448,tsvc_2_s115,score,ok,1,7687542,5.977910598442018,gcc
llr8-kimi27sglang-c-a,kimi27sglang,c,0,608448,tsvc_2_s115,score,ok,1,7893245,6.064778841877741,gcc
llr8-kimi27sglang-c-a,kimi27sglang,c,0,608448,tsvc_2_s115,score,ok,1,8099965,6.066041089769091,gcc
llr8-kimi27sglang-c-a,kimi27sglang,c,0,608448,ext_break_capture,score,ok,1,5617498,1.096774193548387,gcc
llr8-kimi27sglang-c-a,kimi27sglang,c,0,608448,ext_break_capture,score,ok,1,5617498,1.981191561082513,gcc
llr8-kimi27sglang-c-a,kimi27sglang,c,0,608448,ext_break_capture,score,ok,1,5898569,1.0461538461538462,gcc
llr8-kimi27sglang-c-a,kimi27sglang,c,0,608448,tsvc_2_s115,score,ok,1,8307769,6.096973775788147,gcc
llr8-kimi27sglang-c-a,kimi27sglang,c,0,608448,ext_break_capture,score,ok,1,5898569,2.3174878447625296,gcc
llr8-kimi27sglang-c-a,kimi27sglang,c,0,608448,tsvc_2_s115,score,ok,1,8516648,6.188114727764586,gcc
llr8-kimi27sglang-c-a,kimi27sglang,c,0,608448,tsvc_2_s115,score,ok,1,8726530,6.1105316458831265,gcc
llr8-kimi27sglang-c-a,kimi27sglang,c,0,608448,tsvc_2_s115,score,ok,1,8937455,6.0760333205806,gcc
llr8-kimi27sglang-c-a,kimi27sglang,c,0,608448,tsvc_2_s115,score,ok,1,9149525,5.978969453791057,gcc
llr8-kimi27sglang-c-a,kimi27sglang,c,0,608448,ext_break_capture,score,ok,1,6324383,2.3112427156055477,gcc
llr8-kimi27sglang-c-a,kimi27sglang,c,0,608448,ext_break_capture,score,ok,1,6324383,2.2453538814378753,gcc
llr8-kimi27sglang-c-a,kimi27sglang,c,0,608448,ext_break_capture,submit,ok,1,6467363,2.0833333333333335,gcc
llr8-kimi27sglang-c-a,kimi27sglang,c,0,608448,tsvc_2_s115,score,ok,1,9363023,6.295102895855276,gcc
llr8-kimi27sglang-c-a,kimi27sglang,c,0,608448,tsvc_2_s115,score,ok,1,9363023,6.012461536123355,gcc
llr8-kimi27sglang-c-a,kimi27sglang,c,0,608448,tsvc_2_s115,score,ok,1,9363023,6.030606722814747,gcc
llr8-kimi27sglang-c-a,kimi27sglang,c,0,608448,tsvc_2_s115,score,ok,1,9579073,5.909511197190376,gcc
llr8-kimi27sglang-c-a,kimi27sglang,c,0,608448,tsvc_2_s115,submit,ok,1,9796349,5.882352941176473,gcc
llr8-kimi27sglang-c-a,kimi27sglang,c,0,608448,ext_break_capture,score,ok,1,7196742,2.2927158289498806,gcc
llr8-kimi27sglang-c-a,kimi27sglang,c,0,608448,ext_break_capture,score,ok,1,7196742,2.560278435632014,gcc
llr8-kimi27sglang-c-a,kimi27sglang,c,0,608448,ext_break_capture,submit,ok,1,7345005,2.127659574468085,gcc
llr8-kimi27sglang-c-a,kimi27sglang,c,0,608448,ext_break_capture,score,ok,1,7792917,2.0621893165593685,gcc
llr8-kimi27sglang-c-a,kimi27sglang,c,0,608448,ext_break_capture,score,ok,1,7792917,1.9788421172503319,gcc
llr8-kimi27sglang-c-a,kimi27sglang,c,0,608448,ext_break_capture,submit,ok,1,8093629,2.0408163265306123,gcc
llr8-kimi27sglang-c-a,kimi27sglang,c,0,608448,ext_break_find_first,score,ok,1,139550,2.0242494561469817,gcc
llr8-kimi27sglang-c-a,kimi27sglang,c,0,608448,ext_break_find_first,submit,ok,1,157452,2.0408163265306123,gcc
llr8-kimi27sglang-c-a,kimi27sglang,c,0,608448,ext_break_find_first,score,ok,1,462119,2.0697174831333087,gcc
llr8-kimi27sglang-c-a,kimi27sglang,c,0,608448,ext_break_find_first,score,ok,1,602681,5.335825429293537,gcc
llr8-kimi27sglang-c-a,kimi27sglang,c,0,608448,ext_break_find_first,submit,ok,1,639475,5.000000000000001,gcc
llr8-kimi27sglang-c-a,kimi27sglang,c,0,608448,ext_break_find_first,score,ok,1,676587,0.3865979381443299,gcc
llr8-kimi27sglang-c-a,kimi27sglang,c,0,608448,ext_break_find_first,score,ok,1,676587,5.05020300522677,gcc
llr8-kimi27sglang-c-a,kimi27sglang,c,0,608448,ext_break_find_first,score,ok,1,676587,4.573767835280361,gcc
llr8-kimi27sglang-c-a,kimi27sglang,c,0,608448,ext_break_find_first,score,ok,1,1000241,5.320651370029414,gcc
llr8-kimi27sglang-c-a,kimi27sglang,c,0,608448,ext_break_find_first,score,ok,1,1052302,0.8426966292134831,gcc
llr8-kimi27sglang-c-a,kimi27sglang,c,0,608448,ext_break_find_first,score,ok,1,1052302,5.074163645312276,gcc
llr8-kimi27sglang-c-a,kimi27sglang,c,0,608448,ext_break_find_first,score,ok,1,1052302,4.567179227932971,gcc
llr8-kimi27sglang-c-a,kimi27sglang,c,0,608448,ext_break_find_first,submit,ok,1,1105205,5.000000000000001,gcc
llr8-kimi27sglang-c-a,kimi27sglang,c,0,608448,ext_break_find_first,score,ok,1,1274299,5.336848501492828,gcc
llr8-kimi27sglang-c-a,kimi27sglang,c,0,608448,ext_break_find_first,score,ok,1,1447211,5.333397497139135,gcc
llr8-kimi27sglang-c-a,kimi27sglang,c,0,608448,ext_break_find_first,score,ok,1,1621997,5.0495240204539,gcc
llr8-kimi27sglang-c-a,kimi27sglang,c,0,608448,ext_break_find_first,score,ok,1,1621997,4.579444819243855,gcc
llr8-kimi27sglang-c-a,kimi27sglang,c,0,608448,ext_break_find_first,score,ok,1,1802728,1.8269723864439447,gcc
llr8-kimi27sglang-c-a,kimi27sglang,c,0,608448,ext_break_find_first,score,ok,1,1986823,5.304709348025615,gcc
llr8-kimi27sglang-c-a,kimi27sglang,c,0,608448,ext_break_find_first,score,ok,1,2174000,5.347183008335482,gcc
llr8-kimi27sglang-c-a,kimi27sglang,c,0,608448,ext_break_find_first,score,ok,1,2365001,5.33660736371002,gcc
llr8-kimi27sglang-c-a,kimi27sglang,c,0,608448,ext_break_find_first,score,ok,1,2640118,5.337427673210456,gcc
llr8-kimi27sglang-c-a,kimi27sglang,c,0,608448,ext_break_find_first,score,ok,1,2856875,4.839106489533513,gcc
llr8-kimi27sglang-c-a,kimi27sglang,c,0,608448,ext_break_find_first,score,ok,1,3076709,5.337839683400171,gcc
llr8-kimi27sglang-c-a,kimi27sglang,c,0,608448,ext_break_find_first,score,ok,1,3450044,4.3476844752903325,gcc
llr8-kimi27sglang-c-a,kimi27sglang,c,0,608448,ext_break_find_first,score,ok,1,3753582,5.347174762194072,gcc
llr8-kimi27sglang-c-a,kimi27sglang,c,0,608448,ext_break_find_first,score,ok,1,3983917,5.332873684366064,gcc
llr8-kimi27sglang-c-a,kimi27sglang,c,0,608448,ext_break_find_first,score,ok,1,4216605,5.326201741693906,gcc
llr8-kimi27sglang-c-a,kimi27sglang,c,0,608448,ext_break_find_first,score,ok,1,4451431,5.327367870477698,gcc
llr8-kimi27sglang-c-a,kimi27sglang,c,0,608448,ext_break_find_first,score,ok,1,4866865,6.048200824704684,gcc
llr8-kimi27sglang-c-a,kimi27sglang,c,0,608448,ext_break_find_first,submit,ok,1,4951995,5.882352941176473,gcc
llr8-kimi27sglang-c-a,kimi27sglang,c,0,608448,ext_break_find_first,score,ok,1,5211284,5.93777163025583,gcc
llr8-kimi27sglang-c-a,kimi27sglang,c,0,608448,ext_break_find_first,score,ok,1,5563732,6.027971207355507,gcc
llr8-kimi27sglang-c-a,kimi27sglang,c,0,608448,ext_break_find_first,score,ok,1,6110286,5.994229399045971,gcc
llr8-kimi27sglang-c-a,kimi27sglang,c,0,608448,ext_break_find_first,score,ok,1,6395790,6.055934831999079,gcc
llr8-kimi27sglang-c-a,kimi27sglang,c,0,608448,ext_break_find_first,submit,ok,1,6492091,5.882352941176473,gcc
llr8-kimi27sglang-c-a,kimi27sglang,c,0,608448,ext_break_find_first,score,ok,1,6886375,6.033421767905515,gcc
llr8-kimi27sglang-c-a,kimi27sglang,c,0,608448,ext_break_find_first,score,ok,1,7189413,6.049622398716074,gcc
llr8-kimi27sglang-c-a,kimi27sglang,c,0,608448,ext_break_find_first,score,ok,1,7495683,6.018670360467994,gcc
llr8-kimi27sglang-c-a,kimi27sglang,c,0,608448,ext_break_find_first,score,ok,1,7803711,6.054394754879245,gcc
llr8-kimi27sglang-c-a,kimi27sglang,c,0,608448,ext_break_find_first,score,ok,1,8220720,6.020126239954134,gcc
llr8-kimi27sglang-c-a,kimi27sglang,c,0,608448,ext_break_find_first,score,ok,1,8536421,6.031604568949337,gcc
llr8-kimi27sglang-c-a,kimi27sglang,c,0,608448,ext_break_find_first,submit,ok,1,8642074,5.555555555555557,gcc
llr8-kimi27sglang-c-a,kimi27sglang,c,0,608448,ext_break_find_first,score,ok,1,9331409,6.004442071733175,gcc
llr8-kimi27sglang-c-a,kimi27sglang,c,0,608448,ext_break_find_first,score,ok,1,9688064,6.0242562431236175,gcc
llr8-kimi27sglang-c-a,kimi27sglang,c,0,608448,ext_break_post_body,score,ok,1,251300,0.9006266041782135,gcc
llr8-kimi27sglang-c-a,kimi27sglang,c,0,608448,ext_break_post_body,score,score_error,0,457985,0.0,gcc
llr8-kimi27sglang-c-a,kimi27sglang,c,0,608448,ext_break_post_body,score,ok,1,457985,0.9117647058823529,gcc
llr8-kimi27sglang-c-a,kimi27sglang,c,0,608448,ext_break_post_body,score,ok,1,567091,0.9393939393939394,gcc
llr8-kimi27sglang-c-a,kimi27sglang,c,0,608448,ext_break_post_body,score,ok,1,567091,1.0190837008317883,gcc
llr8-kimi27sglang-c-a,kimi27sglang,c,0,608448,ext_break_post_body,score,ok,1,680911,1.0677055919442136,gcc
llr8-kimi27sglang-c-a,kimi27sglang,c,0,608448,ext_break_post_body,score,ok,1,710417,0.9494876727995354,gcc
llr8-kimi27sglang-c-a,kimi27sglang,c,0,608448,ext_break_post_body,score,ok,1,740197,1.0455926211910487,gcc
llr8-kimi27sglang-c-a,kimi27sglang,c,0,608448,ext_break_post_body,score,ok,1,770251,0.9420480186496557,gcc
llr8-kimi27sglang-c-a,kimi27sglang,c,0,608448,ext_break_post_body,score,ok,1,833222,0.9445259504277548,gcc
llr8-kimi27sglang-c-a,kimi27sglang,c,0,608448,ext_break_post_body,score,ok,1,899127,0.8746397792080436,gcc
llr8-kimi27sglang-c-a,kimi27sglang,c,0,608448,ext_break_post_body,score,ok,1,966444,0.9144598922207072,gcc
llr8-kimi27sglang-c-a,kimi27sglang,c,0,608448,ext_break_post_body,score,ok,1,1515281,1.535048236531097,gcc
llr8-kimi27sglang-c-a,kimi27sglang,c,0,608448,ext_break_post_body,submit,ok,1,1660991,1.8867924528301885,gcc
llr8-kimi27sglang-c-a,kimi27sglang,c,0,608448,ext_break_post_body,score,ok,1,1734290,0.2897196261682243,gcc
llr8-kimi27sglang-c-a,kimi27sglang,c,0,608448,ext_break_post_body,score,ok,1,1734290,1.9748323407025188,gcc
llr8-kimi27sglang-c-a,kimi27sglang,c,0,608448,ext_break_post_body,score,ok,1,1734290,1.7988350495727918,gcc
llr8-kimi27sglang-c-a,kimi27sglang,c,0,608448,ext_break_post_body,score,ok,1,1734290,2.033816221804365,gcc
llr8-kimi27sglang-c-a,kimi27sglang,c,0,608448,ext_break_post_body,score,ok,1,4625485,0.27312775330396477,gcc
llr8-kimi27sglang-c-a,kimi27sglang,c,0,608448,ext_break_post_body,score,ok,1,4625485,1.4450859839020362,gcc
llr8-kimi27sglang-c-a,kimi27sglang,c,0,608448,ext_break_post_body,score,ok,1,4744485,1.4470260526858294,gcc
llr8-kimi27sglang-c-a,kimi27sglang,c,0,608448,ext_break_post_body,score,ok,1,4744485,1.4603578750148392,gcc
llr8-kimi27sglang-c-a,kimi27sglang,c,0,608448,ext_break_post_body,score,ok,1,4988850,0.25203252032520324,gcc
llr8-kimi27sglang-c-a,kimi27sglang,c,0,608448,ext_break_post_body,score,ok,1,4988850,1.546793057003693,gcc
llr8-kimi27sglang-c-a,kimi27sglang,c,0,608448,ext_break_post_body,score,ok,1,5238880,1.5758915597001966,gcc
llr8-kimi27sglang-c-a,kimi27sglang,c,0,608448,ext_break_post_body,score,ok,1,5493827,1.5342837104668168,gcc
llr8-kimi27sglang-c-a,kimi27sglang,c,0,608448,ext_break_post_body,score,ok,1,5755506,1.204745411542065,gcc
llr8-kimi27sglang-c-a,kimi27sglang,c,0,608448,ext_break_post_body,score,ok,1,6022447,1.5425287893901751,gcc
llr8-kimi27sglang-c-a,kimi27sglang,c,0,608448,ext_break_post_body,score,incorrect,0,6294226,1.5244602201470465,gcc
llr8-kimi27sglang-c-a,kimi27sglang,c,0,608448,ext_break_post_body,score,ok,1,6709738,1.5315507783209952,gcc
llr8-kimi27sglang-c-a,kimi27sglang,c,0,608448,ext_break_post_body,submit,ok,1,6848982,1.8867924528301885,gcc
llr8-kimi27sglang-c-a,kimi27sglang,c,0,608448,ext_break_post_body,score,ok,1,7135512,2.876860712355154,gcc
llr8-kimi27sglang-c-a,kimi27sglang,c,0,608448,ext_break_post_body,submit,ok,1,7280967,2.6315789473684212,gcc
llr8-kimi27sglang-c-a,kimi27sglang,c,0,608448,ext_break_post_body,score,incorrect,0,7574853,6.696560623518273,gcc
llr8-kimi27sglang-c-a,kimi27sglang,c,0,608448,ext_break_post_body,score,incorrect,0,7873230,6.697426415138282,gcc
llr8-kimi27sglang-c-a,kimi27sglang,c,0,608448,ext_break_post_body,score,ok,1,8652861,2.8692670151683197,gcc
llr8-kimi27sglang-c-a,kimi27sglang,c,0,608448,ext_break_post_body,submit,ok,1,8812543,2.7777777777777777,gcc
llr8-kimi27sglang-c-a,kimi27sglang,c,0,608448,ext_break_post_body,score,ok,1,9135938,2.8685727511081125,gcc
llr8-kimi27sglang-c-a,kimi27sglang,c,0,608448,ext_break_post_body,score,ok,1,9464813,2.8729615801707076,gcc
llr8-kimi27sglang-c-a,kimi27sglang,c,0,608448,ext_break_post_body,score,ok,1,9797223,2.869694051996028,gcc
llr8-kimi27sglang-c-a,kimi27sglang,c,0,608448,ext_break_post_body,score,ok,1,9993172,2.8150440481863215,gcc
llr8-kimi27sglang-c-a,kimi27sglang,c,0,608448,ext_war_unit,score,ok,1,71543,0.9146264936834532,gcc
llr8-kimi27sglang-c-a,kimi27sglang,c,0,608448,ext_war_unit,score,ok,1,112836,0.9396316176546115,gcc
llr8-kimi27sglang-c-a,kimi27sglang,c,0,608448,ext_war_unit,score,ok,1,195326,1.0003774035617408,gcc
llr8-kimi27sglang-c-a,kimi27sglang,c,0,608448,ext_war_unit,score,ok,1,261344,0.9639374511366589,gcc
llr8-kimi27sglang-c-a,kimi27sglang,c,0,608448,ext_war_unit,score,ok,1,341298,0.9539686306849183,gcc
llr8-kimi27sglang-c-a,kimi27sglang,c,0,608448,ext_war_unit,score,ok,1,430170,0.9533866738717747,gcc
llr8-kimi27sglang-c-a,kimi27sglang,c,0,608448,ext_war_unit,score,ok,1,524893,0.9076105097272736,gcc
llr8-kimi27sglang-c-a,kimi27sglang,c,0,608448,ext_war_unit,score,ok,1,643835,4.689657168949531,gcc
llr8-kimi27sglang-c-a,kimi27sglang,c,0,608448,ext_war_unit,submit,ok,1,687453,4.761904761904763,gcc
llr8-kimi27sglang-c-a,kimi27sglang,c,0,608448,ext_war_unit,score,ok,1,939981,4.738806879349436,gcc
llr8-kimi27sglang-c-a,kimi27sglang,c,0,608448,ext_war_unit,score,ok,1,1046970,4.738683747712993,gcc
llr8-kimi27sglang-c-a,kimi27sglang,c,0,608448,ext_war_unit,score,ok,1,1212054,4.729160078979811,gcc
llr8-kimi27sglang-c-a,kimi27sglang,c,0,608448,ext_war_unit,score,ok,1,1382238,3.1599764897743485,gcc
llr8-kimi27sglang-c-a,kimi27sglang,c,0,608448,ext_war_unit,score,ok,1,1752668,4.407831520044385,gcc
llr8-kimi27sglang-c-a,kimi27sglang,c,0,608448,ext_war_unit,score,ok,1,1949425,4.728255532004272,gcc
llr8-kimi27sglang-c-a,kimi27sglang,c,0,608448,ext_war_unit,score,ok,1,2153642,4.7253818408912585,gcc
llr8-kimi27sglang-c-a,kimi27sglang,c,0,608448,ext_war_unit,score,ok,1,2293575,4.709700101938943,gcc
llr8-kimi27sglang-c-a,kimi27sglang,c,0,608448,ext_war_unit,score,ok,1,2435842,4.721698516819634,gcc
llr8-kimi27sglang-c-a,kimi27sglang,c,0,608448,ext_war_unit,score,ok,1,2580716,4.71291490313543,gcc
llr8-kimi27sglang-c-a,kimi27sglang,c,0,608448,ext_war_unit,score,ok,1,2728492,4.735973322882315,gcc
llr8-kimi27sglang-c-a,kimi27sglang,c,0,608448,ext_war_unit,submit,ok,1,2803230,5.000000000000001,gcc
llr8-kimi27sglang-c-a,kimi27sglang,c,0,608448,ext_war_unit,score,ok,1,2953931,4.728754558624726,gcc
llr8-kimi27sglang-c-a,kimi27sglang,c,0,608448,ext_war_unit,score,ok,1,3108267,4.723004761202166,gcc
llr8-kimi27sglang-c-a,kimi27sglang,c,0,608448,ext_war_unit,score,ok,1,3267010,4.7520821410151655,gcc
llr8-kimi27sglang-c-a,kimi27sglang,c,0,608448,ext_war_unit,score,ok,1,3427970,4.7400361835939995,gcc
llr8-kimi27sglang-c-a,kimi27sglang,c,0,608448,ext_war_unit,score,ok,1,3592353,4.731232167768729,gcc
llr8-kimi27sglang-c-a,kimi27sglang,c,0,608448,ext_war_unit,score,ok,1,3848636,3.501609600764807,gcc
llr8-kimi27sglang-c-a,kimi27sglang,c,0,608448,ext_war_unit,score,ok,1,4115929,4.729350966920243,gcc
llr8-kimi27sglang-c-a,kimi27sglang,c,0,608448,ext_war_unit,score,ok,1,4296892,4.721245280742194,gcc
llr8-kimi27sglang-c-a,kimi27sglang,c,0,608448,ext_war_unit,score,ok,1,4764319,4.744240486989293,gcc
llr8-kimi27sglang-c-a,kimi27sglang,c,0,608448,ext_war_unit,submit,ok,1,4860061,4.761904761904763,gcc
llr8-kimi27sglang-c-a,kimi27sglang,c,0,608448,ext_war_unit,score,ok,1,5054118,4.735813890136224,gcc
llr8-kimi27sglang-c-a,kimi27sglang,c,0,608448,ext_war_unit,score,ok,1,5252356,4.736925947401738,gcc
llr8-kimi27sglang-c-a,kimi27sglang,c,0,608448,ext_war_unit,score,ok,1,5557021,4.760374161216981,gcc
llr8-kimi27sglang-c-a,kimi27sglang,c,0,608448,ext_war_unit,submit,ok,1,5659585,4.761904761904763,gcc
llr8-kimi27sglang-c-a,kimi27sglang,c,0,608448,ext_war_unit,score,ok,1,5984454,4.7518780617915635,gcc
llr8-kimi27sglang-c-a,kimi27sglang,c,0,608448,ext_war_unit,score,ok,1,6208391,4.680585729236051,gcc
llr8-kimi27sglang-c-a,kimi27sglang,c,0,608448,ext_war_unit,score,ok,1,6555933,4.728918745463608,gcc
llr8-kimi27sglang-c-a,kimi27sglang,c,0,608448,ext_war_unit,submit,ok,1,6797581,4.761904761904763,gcc
llr8-kimi27sglang-c-a,kimi27sglang,c,0,608448,ext_war_unit,score,ok,1,7041604,4.718361621517942,gcc
llr8-kimi27sglang-c-a,kimi27sglang,c,0,608448,ext_war_unit,score,ok,1,7288846,4.712912046586345,gcc
llr8-kimi27sglang-c-a,kimi27sglang,c,0,608448,ext_war_unit,submit,ok,1,7538358,4.761904761904763,gcc
llr8-kimi27sglang-c-a,kimi27sglang,c,0,608448,fuse_diamond,score,ok,1,111645,11.913033465238277,gcc
llr8-kimi27sglang-c-a,kimi27sglang,c,0,608448,fuse_diamond,submit,ok,1,125592,11.111111111111114,gcc
llr8-kimi27sglang-c-a,kimi27sglang,c,0,608448,fuse_diamond,score,ok,1,155353,59.86418995053683,gcc
llr8-kimi27sglang-c-a,kimi27sglang,c,0,608448,fuse_diamond,submit,ok,1,171114,49.99999999999996,gcc
llr8-kimi27sglang-c-a,kimi27sglang,c,0,608448,fuse_diamond,score,ok,1,204022,59.93788888455124,gcc
llr8-kimi27sglang-c-a,kimi27sglang,c,0,608448,fuse_diamond,score,ok,1,221137,0.3780487804878049,gcc
llr8-kimi27sglang-c-a,kimi27sglang,c,0,608448,fuse_diamond,score,ok,1,256859,2.0327868852459017,gcc
llr8-kimi27sglang-c-a,kimi27sglang,c,0,608448,fuse_diamond,score,ok,1,256859,13.528965640488504,gcc
llr8-kimi27sglang-c-a,kimi27sglang,c,0,608448,fuse_diamond,score,ok,1,295148,0.6813186813186813,gcc
llr8-kimi27sglang-c-a,kimi27sglang,c,0,608448,fuse_diamond,score,ok,1,295148,60.049086555498626,gcc
llr8-kimi27sglang-c-a,kimi27sglang,c,0,608448,fuse_diamond,score,ok,1,336125,0.7380952380952381,gcc
llr8-kimi27sglang-c-a,kimi27sglang,c,0,608448,fuse_diamond,score,ok,1,336125,60.27182564685847,gcc
llr8-kimi27sglang-c-a,kimi27sglang,c,0,608448,fuse_diamond,score,ok,1,439099,59.970381505307614,gcc
llr8-kimi27sglang-c-a,kimi27sglang,c,0,608448,fuse_diamond,score,ok,1,497898,60.013759839667266,gcc
llr8-kimi27sglang-c-a,kimi27sglang,c,0,608448,fuse_diamond,score,ok,1,560847,90.93497548804937,gcc
llr8-kimi27sglang-c-a,kimi27sglang,c,0,608448,fuse_diamond,submit,ok,1,593843,49.99999999999996,gcc
llr8-kimi27sglang-c-a,kimi27sglang,c,0,608448,fuse_diamond,score,ok,1,661903,92.1124529601716,gcc
llr8-kimi27sglang-c-a,kimi27sglang,c,0,608448,fuse_diamond,score,ok,1,732969,0.6888888888888889,gcc
llr8-kimi27sglang-c-a,kimi27sglang,c,0,608448,fuse_diamond,score,ok,1,847722,32.1990461213366,gcc
llr8-kimi27sglang-c-a,kimi27sglang,c,0,608448,fuse_diamond,score,ok,1,929176,48.18576656314467,gcc
llr8-kimi27sglang-c-a,kimi27sglang,c,0,608448,fuse_diamond,score,ok,1,1012306,90.91671067986485,gcc
llr8-kimi27sglang-c-a,kimi27sglang,c,0,608448,fuse_diamond,score,ok,1,1098154,92.65506096201321,gcc
llr8-kimi27sglang-c-a,kimi27sglang,c,0,608448,fuse_diamond,score,ok,1,1186803,0.6702702702702703,gcc
llr8-kimi27sglang-c-a,kimi27sglang,c,0,608448,fuse_diamond,score,ok,1,1186803,91.8474655644886,gcc
llr8-kimi27sglang-c-a,kimi27sglang,c,0,608448,fuse_diamond,score,ok,1,1278767,74.65325261813919,gcc
llr8-kimi27sglang-c-a,kimi27sglang,c,0,608448,fuse_diamond,score,ok,1,1374235,0.6631016042780749,gcc
llr8-kimi27sglang-c-a,kimi27sglang,c,0,608448,fuse_diamond,score,ok,1,1374235,90.76837333223773,gcc
llr8-kimi27sglang-c-a,kimi27sglang,c,0,608448,fuse_diamond,score,ok,1,1473978,92.57270667624883,gcc
llr8-kimi27sglang-c-a,kimi27sglang,c,0,608448,fuse_diamond,score,ok,1,1576878,92.22060430442984,gcc
llr8-kimi27sglang-c-a,kimi27sglang,c,0,608448,fuse_diamond,score,ok,1,1736516,92.68780859332362,gcc
llr8-kimi27sglang-c-a,kimi27sglang,c,0,608448,fuse_diamond,score,ok,1,1847047,93.06428771290916,gcc
llr8-kimi27sglang-c-a,kimi27sglang,c,0,608448,fuse_diamond,submit,ok,1,1903531,49.99999999999996,gcc
llr8-kimi27sglang-c-a,kimi27sglang,c,0,608448,fuse_diamond,score,ok,1,1960715,33.87367927706432,gcc
llr8-kimi27sglang-c-a,kimi27sglang,c,0,608448,fuse_diamond,score,ok,1,1960715,39.23584484713684,gcc
llr8-kimi27sglang-c-a,kimi27sglang,c,0,608448,fuse_diamond,score,ok,1,2080760,0.34444444444444444,gcc
llr8-kimi27sglang-c-a,kimi27sglang,c,0,608448,fuse_diamond,score,ok,1,2080760,60.26522055456324,gcc
llr8-kimi27sglang-c-a,kimi27sglang,c,0,608448,fuse_diamond,submit,ok,1,2204909,49.99999999999996,gcc
llr8-kimi27sglang-c-a,kimi27sglang,c,0,608448,fuse_move_ifs,score,ok,1,76975,0.11095204008589836,gcc
llr8-kimi27sglang-c-a,kimi27sglang,c,0,608448,fuse_move_ifs,score,ok,1,107417,1.083916083916084,gcc
llr8-kimi27sglang-c-a,kimi27sglang,c,0,608448,fuse_move_ifs,score,ok,1,123395,0.6628491824876606,gcc
llr8-kimi27sglang-c-a,kimi27sglang,c,0,608448,fuse_move_ifs,score,ok,1,123395,0.7187864827711101,gcc
llr8-kimi27sglang-c-a,kimi27sglang,c,0,608448,fuse_move_ifs,score,ok,1,159517,6.718466241522582,gcc
llr8-kimi27sglang-c-a,kimi27sglang,c,0,608448,fuse_move_ifs,score,ok,1,159517,6.463807330803227,gcc
llr8-kimi27sglang-c-a,kimi27sglang,c,0,608448,fuse_move_ifs,score,ok,1,179322,6.150511448526453,gcc
llr8-kimi27sglang-c-a,kimi27sglang,c,0,608448,fuse_move_ifs,score,ok,1,285181,0.06707053223712678,gcc
llr8-kimi27sglang-c-a,kimi27sglang,c,0,608448,fuse_move_ifs,score,ok,1,285181,6.070333850906672,gcc
llr8-kimi27sglang-c-a,kimi27sglang,c,0,608448,fuse_move_ifs,score,ok,1,285181,5.567538517284198,gcc
llr8-kimi27sglang-c-a,kimi27sglang,c,0,608448,fuse_move_ifs,score,ok,1,285181,5.272525364717069,gcc
llr8-kimi27sglang-c-a,kimi27sglang,c,0,608448,fuse_move_ifs,score,ok,1,334609,0.2772808586762075,gcc
llr8-kimi27sglang-c-a,kimi27sglang,c,0,608448,fuse_move_ifs,score,ok,1,334609,6.446406793119589,gcc
llr8-kimi27sglang-c-a,kimi27sglang,c,0,608448,fuse_move_ifs,score,ok,1,389244,0.3924050632911392,gcc
llr8-kimi27sglang-c-a,kimi27sglang,c,0,608448,fuse_move_ifs,score,ok,1,389244,6.571408095054869,gcc
llr8-kimi27sglang-c-a,kimi27sglang,c,0,608448,fuse_move_ifs,score,ok,1,448293,1.0264900662251655,gcc
llr8-kimi27sglang-c-a,kimi27sglang,c,0,608448,fuse_move_ifs,score,ok,1,511266,0.3780487804878049,gcc
llr8-kimi27sglang-c-a,kimi27sglang,c,0,608448,fuse_move_ifs,score,ok,1,511266,6.662327622968019,gcc
llr8-kimi27sglang-c-a,kimi27sglang,c,0,608448,fuse_move_ifs,score,ok,1,616861,0.3808353808353808,gcc
llr8-kimi27sglang-c-a,kimi27sglang,c,0,608448,fuse_move_ifs,score,ok,1,616861,6.525037968078638,gcc
llr8-kimi27sglang-c-a,kimi27sglang,c,0,608448,fuse_move_ifs,score,ok,1,694266,0.38366336633663367,gcc
llr8-kimi27sglang-c-a,kimi27sglang,c,0,608448,fuse_move_ifs,score,ok,1,694266,6.243891149636766,gcc
llr8-kimi27sglang-c-a,kimi27sglang,c,0,608448,fuse_move_ifs,score,ok,1,734544,6.791862630774879,gcc
llr8-kimi27sglang-c-a,kimi27sglang,c,0,608448,fuse_move_ifs,score,ok,1,944514,0.3855721393034826,gcc
llr8-kimi27sglang-c-a,kimi27sglang,c,0,608448,fuse_move_ifs,score,ok,1,1193159,0.3855721393034826,gcc
llr8-kimi27sglang-c-a,kimi27sglang,c,0,608448,fuse_move_ifs,score,ok,1,1193159,6.491421227338074,gcc
llr8-kimi27sglang-c-a,kimi27sglang,c,0,608448,fuse_move_ifs,score,ok,1,1303398,6.359741567447499,gcc
llr8-kimi27sglang-c-a,kimi27sglang,c,0,608448,fuse_move_ifs,score,ok,1,1303398,6.044185086929553,gcc
llr8-kimi27sglang-c-a,kimi27sglang,c,0,608448,fuse_move_ifs,score,ok,1,1303398,7.003896286015296,gcc
llr8-kimi27sglang-c-a,kimi27sglang,c,0,608448,fuse_move_ifs,submit,ok,1,1360407,7.142857142857142,gcc
llr8-kimi27sglang-c-a,kimi27sglang,c,0,608448,fuse_move_ifs,score,score_error,0,1480016,0.0,gcc
llr8-kimi27sglang-c-a,kimi27sglang,c,0,608448,fuse_move_ifs,score,ok,1,1603454,7.240477139671748,gcc
llr8-kimi27sglang-c-a,kimi27sglang,c,0,608448,fuse_move_ifs,score,ok,1,1666344,6.654072944247329,gcc
llr8-kimi27sglang-c-a,kimi27sglang,c,0,608448,fuse_move_ifs,score,ok,1,1666344,6.237863524255818,gcc
llr8-kimi27sglang-c-a,kimi27sglang,c,0,608448,fuse_move_ifs,score,ok,1,1666344,7.5855742494828915,gcc
llr8-kimi27sglang-c-a,kimi27sglang,c,0,608448,fuse_move_ifs,score,ok,1,1730157,0.4025974025974026,gcc
llr8-kimi27sglang-c-a,kimi27sglang,c,0,608448,fuse_move_ifs,score,ok,1,1858826,7.241026513363612,gcc
llr8-kimi27sglang-c-a,kimi27sglang,c,0,608448,fuse_move_ifs,score,ok,1,1988425,6.926803717053454,gcc
llr8-kimi27sglang-c-a,kimi27sglang,c,0,608448,fuse_move_ifs,score,ok,1,2118857,7.543496254155548,gcc
llr8-kimi27sglang-c-a,kimi27sglang,c,0,608448,fuse_move_ifs,score,ok,1,2184419,6.721788428425762,gcc
llr8-kimi27sglang-c-a,kimi27sglang,c,0,608448,fuse_move_ifs,score,ok,1,2184419,6.367090565065087,gcc
llr8-kimi27sglang-c-a,kimi27sglang,c,0,608448,fuse_move_ifs,score,ok,1,2184419,7.445703904730982,gcc
llr8-kimi27sglang-c-a,kimi27sglang,c,0,608448,fuse_move_ifs,score,ok,1,2385321,7.836933334973329,gcc
llr8-kimi27sglang-c-a,kimi27sglang,c,0,608448,fuse_move_ifs,score,ok,1,2520737,7.737256842877957,gcc
llr8-kimi27sglang-c-a,kimi27sglang,c,0,608448,fuse_move_ifs,score,ok,1,2588824,7.264874936187562,gcc
llr8-kimi27sglang-c-a,kimi27sglang,c,0,608448,fuse_move_ifs,score,ok,1,2725913,7.35974125227426,gcc
llr8-kimi27sglang-c-a,kimi27sglang,c,0,608448,fuse_move_ifs,score,ok,1,2794814,6.651935736546763,gcc
llr8-kimi27sglang-c-a,kimi27sglang,c,0,608448,fuse_move_ifs,score,ok,1,2794814,6.326690062311642,gcc
llr8-kimi27sglang-c-a,kimi27sglang,c,0,608448,fuse_move_ifs,score,ok,1,2794814,0.39141414141414144,gcc
llr8-kimi27sglang-c-a,kimi27sglang,c,0,608448,fuse_move_ifs,score,ok,1,2934854,7.79387587072901,gcc
llr8-kimi27sglang-c-a,kimi27sglang,c,0,608448,fuse_move_ifs,submit,ok,1,3077575,7.692307692307692,gcc
llr8-kimi27sglang-c-a,kimi27sglang,c,0,608448,fuse_move_ifs,score,ok,1,3228608,7.814342442160214,gcc
llr8-kimi27sglang-c-a,kimi27sglang,c,0,608448,fuse_move_ifs,score,ok,1,3389446,7.764856419033392,gcc
llr8-kimi27sglang-c-a,kimi27sglang,c,0,608448,fuse_move_ifs,score,ok,1,3554466,7.769165760028189,gcc
llr8-kimi27sglang-c-a,kimi27sglang,c,0,608448,fuse_move_ifs,score,ok,1,3720666,6.971621893441083,gcc
llr8-kimi27sglang-c-a,kimi27sglang,c,0,608448,fuse_move_ifs,score,ok,1,3889836,7.783605421284398,gcc
llr8-kimi27sglang-c-a,kimi27sglang,c,0,608448,fuse_move_ifs,score,ok,1,4063111,7.765341976283144,gcc
llr8-kimi27sglang-c-a,kimi27sglang,c,0,608448,fuse_move_ifs,submit,ok,1,4240262,7.142857142857142,gcc
llr8-kimi27sglang-c-a,kimi27sglang,c,0,608448,fuse_move_ifs,score,ok,1,4425307,12.193599315192223,gcc
llr8-kimi27sglang-c-a,kimi27sglang,c,0,608448,fuse_move_ifs,score,ok,1,4520905,0.36992840095465396,gcc
llr8-kimi27sglang-c-a,kimi27sglang,c,0,608448,fuse_move_ifs,score,ok,1,4520905,11.426490333212703,gcc
llr8-kimi27sglang-c-a,kimi27sglang,c,0,608448,fuse_move_ifs,score,ok,1,4520905,10.225983253107636,gcc
llr8-kimi27sglang-c-a,kimi27sglang,c,0,608448,fuse_move_ifs,score,ok,1,4520905,9.437302499960875,gcc
llr8-kimi27sglang-c-a,kimi27sglang,c,0,608448,fuse_move_ifs,submit,ok,1,4617686,11.111111111111114,gcc
llr8-kimi27sglang-c-a,kimi27sglang,c,0,608448,fuse_move_ifs,score,ok,1,4815605,12.144597859098688,gcc
llr8-kimi27sglang-c-a,kimi27sglang,c,0,608448,fuse_move_ifs,score,ok,1,5014718,12.1617107746055,gcc
llr8-kimi27sglang-c-a,kimi27sglang,c,0,608448,fuse_move_ifs,score,ok,1,5214721,12.214027178424091,gcc
llr8-kimi27sglang-c-a,kimi27sglang,c,0,608448,fuse_move_ifs,score,ok,1,5415901,12.236980943370385,gcc
llr8-kimi27sglang-c-a,kimi27sglang,c,0,608448,fuse_move_ifs,score,ok,1,5620069,12.215318367273074,gcc
llr8-kimi27sglang-c-a,kimi27sglang,c,0,608448,fuse_move_ifs,submit,ok,1,5827325,11.111111111111114,gcc
llr8-kimi27sglang-c-a,kimi27sglang,c,0,608448,fuse_move_ifs,score,ok,1,6141136,12.211509051457156,gcc
llr8-kimi27sglang-c-a,kimi27sglang,c,0,608448,fuse_move_ifs,score,ok,1,6674850,0.3974358974358974,gcc
llr8-kimi27sglang-c-a,kimi27sglang,c,0,608448,fuse_move_ifs,score,ok,1,6674850,12.196175515132087,gcc
llr8-kimi27sglang-c-a,kimi27sglang,c,0,608448,fuse_move_ifs,submit,ok,1,6783580,11.111111111111114,gcc
llr8-kimi27sglang-c-a,kimi27sglang,c,0,608448,fuse_move_ifs,score,ok,1,7002974,11.842973824077735,gcc
llr8-kimi27sglang-c-a,kimi27sglang,c,0,608448,fuse_move_ifs,score,ok,1,7225451,12.187713698018399,gcc
llr8-kimi27sglang-c-a,kimi27sglang,c,0,608448,fuse_move_ifs,score,ok,1,7452677,12.209278390394633,gcc
llr8-kimi27sglang-c-a,kimi27sglang,c,0,608448,fuse_move_ifs,submit,ok,1,7567791,11.111111111111114,gcc
llr8-kimi27sglang-c-a,kimi27sglang,c,0,608448,fuse_move_ifs,score,ok,1,7804231,7.99712104153475,gcc
llr8-kimi27sglang-c-a,kimi27sglang,c,0,608448,fuse_move_ifs,submit,ok,1,8046394,11.111111111111114,gcc
llr8-kimi27sglang-c-a,kimi27sglang,c,0,608448,fuse_move_ifs,submit,ok,1,8293954,12.500000000000007,gcc
llr8-kimi27sglang-c-a,kimi27sglang,c,0,608448,fuse_move_ifs,score,ok,1,8419397,0.9337349397590361,gcc
llr8-kimi27sglang-c-a,kimi27sglang,c,0,608448,fuse_move_ifs,score,ok,1,8419397,11.468205405823833,gcc
llr8-kimi27sglang-c-a,kimi27sglang,c,0,608448,fuse_move_ifs,score,ok,1,8419397,10.285598295020145,gcc
llr8-kimi27sglang-c-a,kimi27sglang,c,0,608448,fuse_move_ifs,score,ok,1,8419397,9.631834377917654,gcc
llr8-kimi27sglang-c-a,kimi27sglang,c,0,608448,fuse_move_ifs,score,ok,1,8546218,0.9567901234567902,gcc
llr8-kimi27sglang-c-a,kimi27sglang,c,0,608448,fuse_move_ifs,score,ok,1,8802617,0.3613053613053613,gcc
llr8-kimi27sglang-c-a,kimi27sglang,c,0,608448,fuse_move_ifs,score,ok,1,8802617,12.307869132966093,gcc
llr8-kimi27sglang-c-a,kimi27sglang,c,0,608448,fuse_move_ifs,submit,ok,1,9060851,11.111111111111114,gcc
llr8-kimi27sglang-c-a,kimi27sglang,c,0,608448,fuse_move_ifs,score,ok,1,9985102,12.29049781700955,gcc
llr8-kimi27sglang-c-a,kimi27sglang,c,0,608448,fuse_stencil_through_transient,score,ok,1,189275,23.760884414503625,gcc
llr8-kimi27sglang-c-a,kimi27sglang,c,0,608448,fuse_stencil_through_transient,submit,ok,1,205850,24.99999999999998,gcc
llr8-kimi27sglang-c-a,kimi27sglang,c,0,608448,fuse_stencil_through_transient,score,ok,1,260208,25.539816531382456,gcc
llr8-kimi27sglang-c-a,kimi27sglang,c,0,608448,fuse_stencil_through_transient,score,ok,1,345275,25.40592640893734,gcc
llr8-kimi27sglang-c-a,kimi27sglang,c,0,608448,fuse_stencil_through_transient,score,ok,1,392142,17.063925260646254,gcc
llr8-kimi27sglang-c-a,kimi27sglang,c,0,608448,fuse_stencil_through_transient,score,ok,1,440586,25.465070973819486,gcc
llr8-kimi27sglang-c-a,kimi27sglang,c,0,608448,fuse_stencil_through_transient,score,ok,1,490412,25.739319107084007,gcc
llr8-kimi27sglang-c-a,kimi27sglang,c,0,608448,fuse_stencil_through_transient,score,ok,1,541571,25.73378266668339,gcc
llr8-kimi27sglang-c-a,kimi27sglang,c,0,608448,fuse_stencil_through_transient,score,ok,1,594122,25.542979399895273,gcc
llr8-kimi27sglang-c-a,kimi27sglang,c,0,608448,fuse_stencil_through_transient,score,ok,1,648188,25.242792630751286,gcc
llr8-kimi27sglang-c-a,kimi27sglang,c,0,608448,fuse_stencil_through_transient,score,ok,1,703795,25.61505178884085,gcc
llr8-kimi27sglang-c-a,kimi27sglang,c,0,608448,fuse_stencil_through_transient,score,ok,1,789444,25.569277405631496,gcc
llr8-kimi27sglang-c-a,kimi27sglang,c,0,608448,fuse_stencil_through_transient,score,ok,1,848009,25.493993650716124,gcc
llr8-kimi27sglang-c-a,kimi27sglang,c,0,608448,fuse_stencil_through_transient,score,ok,1,907961,25.556887221867743,gcc
llr8-kimi27sglang-c-a,kimi27sglang,c,0,608448,fuse_stencil_through_transient,score,ok,1,970477,25.639418633754207,gcc
llr8-kimi27sglang-c-a,kimi27sglang,c,0,608448,fuse_stencil_through_transient,score,ok,1,1035717,25.38864644029001,gcc
llr8-kimi27sglang-c-a,kimi27sglang,c,0,608448,fuse_stencil_through_transient,score,ok,1,1249919,4.393226044152623,gcc
llr8-kimi27sglang-c-a,kimi27sglang,c,0,608448,fuse_stencil_through_transient,submit,ok,1,1362074,20.00000000000003,gcc
llr8-kimi27sglang-c-a,kimi27sglang,c,0,608448,fuse_stencil_through_transient,score,ok,1,1539769,25.60913883165579,gcc
llr8-kimi27sglang-c-a,kimi27sglang,c,0,608448,fuse_stencil_through_transient,score,ok,1,1665115,25.58297328548507,gcc
llr8-kimi27sglang-c-a,kimi27sglang,c,0,608448,fuse_stencil_through_transient,submit,ok,1,1728887,20.00000000000003,gcc
llr8-kimi27sglang-c-a,kimi27sglang,c,0,608448,fuse_stencil_through_transient,score,ok,1,1858126,25.735577331139005,gcc
llr8-kimi27sglang-c-a,kimi27sglang,c,0,608448,fuse_stencil_through_transient,score,ok,1,1989300,25.688664559152656,gcc
llr8-kimi27sglang-c-a,kimi27sglang,c,0,608448,fuse_stencil_through_transient,score,ok,1,2122237,25.714577355384044,gcc
llr8-kimi27sglang-c-a,kimi27sglang,c,0,608448,fuse_stencil_through_transient,score,ok,1,2256843,4.246496141427989,gcc
llr8-kimi27sglang-c-a,kimi27sglang,c,0,608448,fuse_stencil_through_transient,submit,ok,1,2324681,20.00000000000003,gcc
llr8-kimi27sglang-c-a,kimi27sglang,c,0,608448,fuse_stencil_through_transient,score,ok,1,2462383,25.672221783902227,gcc
llr8-kimi27sglang-c-a,kimi27sglang,c,0,608448,fuse_stencil_through_transient,score,score_error,0,2602469,0.0,gcc
llr8-kimi27sglang-c-a,kimi27sglang,c,0,608448,fuse_stencil_through_transient,score,ok,1,2672960,25.554471259200838,gcc
llr8-kimi27sglang-c-a,kimi27sglang,c,0,608448,fuse_stencil_through_transient,submit,ok,1,2815512,20.00000000000003,gcc
llr8-kimi27sglang-c-b,kimi27sglang,c,0,608449,tsvc_2_s233,score,score_error,0,237241,0.0,gcc
llr8-kimi27sglang-c-b,kimi27sglang,c,0,608449,tsvc_2_s233,score,build_error,0,270667,0.0,gcc
llr8-kimi27sglang-c-b,kimi27sglang,c,0,608449,tsvc_2_s119,score,build_error,0,371514,0.0,gcc
llr8-kimi27sglang-c-b,kimi27sglang,c,0,608449,tsvc_2_s119,score,incorrect,0,1081177,0.0,gcc
llr8-kimi27sglang-c-b,kimi27sglang,c,0,608449,tsvc_2_s119,score,incorrect,0,1211279,0.0,gcc
llr8-kimi27sglang-c-b,kimi27sglang,c,0,608449,tsvc_2_s233,score,ok,1,3813820,0.9995194068097945,gcc
llr8-kimi27sglang-c-b,kimi27sglang,c,0,608449,tsvc_2_s233,submit,ok,1,3877109,1.1904761904761905,gcc
llr8-kimi27sglang-c-b,kimi27sglang,c,0,608449,tsvc_2_s119,score,ok,1,2249249,0.9769749240624599,gcc
llr8-kimi27sglang-c-b,kimi27sglang,c,0,608449,tsvc_2_s233,score,ok,1,4072881,17.066922217404535,gcc
llr8-kimi27sglang-c-b,kimi27sglang,c,0,608449,tsvc_2_s233,submit,ok,1,4139355,16.666666666666682,gcc
llr8-kimi27sglang-c-b,kimi27sglang,c,0,608449,tsvc_2_s119,score,ok,1,2907452,2.1401196683702803,gcc
llr8-kimi27sglang-c-b,kimi27sglang,c,0,608449,tsvc_2_s119,submit,ok,1,2992222,2.0833333333333335,gcc
llr8-kimi27sglang-c-b,kimi27sglang,c,0,608449,tsvc_2_s233,score,ok,1,4897406,26.323229488217084,gcc
llr8-kimi27sglang-c-b,kimi27sglang,c,0,608449,tsvc_2_s233,submit,ok,1,4968011,24.99999999999998,gcc
llr8-kimi27sglang-c-b,kimi27sglang,c,0,608449,tsvc_2_s233,score,ok,1,5182321,28.10187106511559,gcc
llr8-kimi27sglang-c-b,kimi27sglang,c,0,608449,tsvc_2_s233,submit,ok,1,5254366,24.99999999999998,gcc
llr8-kimi27sglang-c-b,kimi27sglang,c,0,608449,tsvc_2_s233,score,ok,1,5857455,28.217252845882125,gcc
llr8-kimi27sglang-c-b,kimi27sglang,c,0,608449,tsvc_2_s233,score,ok,1,6013695,25.92242064628282,gcc
llr8-kimi27sglang-c-b,kimi27sglang,c,0,608449,tsvc_2_s233,score,ok,1,6250596,26.42366346430031,gcc
llr8-kimi27sglang-c-b,kimi27sglang,c,0,608449,tsvc_2_s119,score,ok,1,3701435,1.9819231344454766,gcc
llr8-kimi27sglang-c-b,kimi27sglang,c,0,608449,tsvc_2_s119,score,ok,1,3793938,2.403549645937232,gcc
llr8-kimi27sglang-c-b,kimi27sglang,c,0,608449,tsvc_2_s119,score,ok,1,3886723,0.3586387434554974,gcc
llr8-kimi27sglang-c-b,kimi27sglang,c,0,608449,tsvc_2_s119,score,ok,1,3979982,2.321534926567037,gcc
llr8-kimi27sglang-c-b,kimi27sglang,c,0,608449,tsvc_2_s119,score,ok,1,4168951,0.35958005249343833,gcc
llr8-kimi27sglang-c-b,kimi27sglang,c,0,608449,tsvc_2_s119,score,score_error,0,4361023,0.0,gcc
llr8-kimi27sglang-c-b,kimi27sglang,c,0,608449,tsvc_2_s119,score,ok,1,4554453,1.0223880597014925,gcc
llr8-kimi27sglang-c-b,kimi27sglang,c,0,608449,tsvc_2_s119,score,ok,1,4651649,1.0655624291395873,gcc
llr8-kimi27sglang-c-b,kimi27sglang,c,0,608449,tsvc_2_s119,score,ok,1,4749162,1.062796542262826,gcc
llr8-kimi27sglang-c-b,kimi27sglang,c,0,608449,tsvc_2_s119,score,ok,1,4846957,0.9933698231984658,gcc
llr8-kimi27sglang-c-b,kimi27sglang,c,0,608449,tsvc_2_s233,score,incorrect,0,6504160,44.46047766971344,gcc
llr8-kimi27sglang-c-b,kimi27sglang,c,0,608449,tsvc_2_s119,score,ok,1,5044601,0.35218508997429304,gcc
llr8-kimi27sglang-c-b,kimi27sglang,c,0,608449,tsvc_2_s119,score,ok,1,5449520,0.3743169398907104,gcc
llr8-kimi27sglang-c-b,kimi27sglang,c,0,608449,tsvc_2_s233,score,ok,1,6957396,45.21298525058675,gcc
llr8-kimi27sglang-c-b,kimi27sglang,c,0,608449,tsvc_2_s233,submit,ok,1,7050182,33.33333333333331,gcc
llr8-kimi27sglang-c-b,kimi27sglang,c,0,608449,tsvc_2_s233,score,ok,1,7331534,46.94660145558878,gcc
llr8-kimi27sglang-c-b,kimi27sglang,c,0,608449,tsvc_2_s233,score,ok,1,7629252,46.68562170887744,gcc
llr8-kimi27sglang-c-b,kimi27sglang,c,0,608449,tsvc_2_s233,score,ok,1,7935788,47.73486456261556,gcc
llr8-kimi27sglang-c-b,kimi27sglang,c,0,608449,tsvc_2_s233,score,ok,1,8141158,48.52249233175216,gcc
llr8-kimi27sglang-c-b,kimi27sglang,c,0,608449,tsvc_2_s233,score,ok,1,8347484,48.84663077289796,gcc
llr8-kimi27sglang-c-b,kimi27sglang,c,0,608449,tsvc_2_s233,score,ok,1,8554780,47.73381850347242,gcc
llr8-kimi27sglang-c-b,kimi27sglang,c,0,608449,tsvc_2_s233,score,ok,1,8763337,47.907986411904176,gcc
llr8-kimi27sglang-c-b,kimi27sglang,c,0,608449,tsvc_2_s233,score,ok,1,8973139,49.261404377910544,gcc
llr8-kimi27sglang-c-b,kimi27sglang,c,0,608449,tsvc_2_s233,score,ok,1,9183999,48.59867421884053,gcc
llr8-kimi27sglang-c-b,kimi27sglang,c,0,608449,tsvc_2_s119,score,ok,1,6582067,0.9856115107913669,gcc
llr8-kimi27sglang-c-b,kimi27sglang,c,0,608449,tsvc_2_s119,score,ok,1,6703557,1.0637034561182312,gcc
llr8-kimi27sglang-c-b,kimi27sglang,c,0,608449,tsvc_2_s233,score,ok,1,9943768,49.55376840883226,gcc
llr8-kimi27sglang-c-b,kimi27sglang,c,0,608449,tsvc_2_s119,score,ok,1,7075824,1.9605444564522754,gcc
llr8-kimi27sglang-c-b,kimi27sglang,c,0,608449,tsvc_2_s119,score,ok,1,7202282,2.225349416265341,gcc
llr8-kimi27sglang-c-b,kimi27sglang,c,0,608449,tsvc_2_s119,score,ok,1,7329062,2.121759129267303,gcc
llr8-kimi27sglang-c-b,kimi27sglang,c,0,608449,tsvc_2_s119,score,ok,1,7456124,0.8404907975460123,gcc
llr8-kimi27sglang-c-b,kimi27sglang,c,0,608449,tsvc_2_s119,score,ok,1,7583467,2.032905395841539,gcc
llr8-kimi27sglang-c-b,kimi27sglang,c,0,608449,tsvc_2_s119,score,ok,1,7841090,0.3682795698924731,gcc
llr8-kimi27sglang-c-b,kimi27sglang,c,0,608449,tsvc_2_s119,score,ok,1,8103534,0.35218508997429304,gcc
llr8-kimi27sglang-c-b,kimi27sglang,c,0,608449,tsvc_2_s119,score,ok,1,8369965,0.3468354430379747,gcc
llr8-kimi27sglang-c-b,kimi27sglang,c,0,608449,tsvc_2_s119,score,ok,1,8640110,0.3577023498694517,gcc
llr8-kimi27sglang-c-b,kimi27sglang,c,0,608449,tsvc_2_s119,score,ok,1,8915023,0.35958005249343833,gcc
llr8-kimi27sglang-c-b,kimi27sglang,c,0,608449,tsvc_2_s119,score,ok,1,9199150,2.112206034986217,gcc
llr8-kimi27sglang-c-b,kimi27sglang,c,0,608449,tsvc_2_s119,score,ok,1,9344611,1.8781443668434137,gcc
llr8-kimi27sglang-c-b,kimi27sglang,c,0,608449,tsvc_2_s119,score,ok,1,9490383,2.280142818238792,gcc
llr8-kimi27sglang-c-b,kimi27sglang,c,0,608449,tsvc_2_s119,score,ok,1,9636437,2.343743396472562,gcc
llr8-kimi27sglang-c-b,kimi27sglang,c,0,608449,tsvc_2_s119,score,ok,1,9782773,0.36243386243386244,gcc
llr8-kimi27sglang-c-b,kimi27sglang,c,0,608449,tsvc_2_s235,score,build_error,0,45282,0.0,gcc
llr8-kimi27sglang-c-b,kimi27sglang,c,0,608449,tsvc_2_s1232,score,incorrect,0,154696,0.0,gcc
llr8-kimi27sglang-c-b,kimi27sglang,c,0,608449,tsvc_2_s235,score,incorrect,0,210547,115543.16933333334,gcc
llr8-kimi27sglang-c-b,kimi27sglang,c,0,608449,tsvc_2_s235,score,incorrect,0,277605,0.0,gcc
llr8-kimi27sglang-c-b,kimi27sglang,c,0,608449,tsvc_2_s1232,score,ok,1,1443442,164.5179886607529,gcc
llr8-kimi27sglang-c-b,kimi27sglang,c,0,608449,tsvc_2_s1232,submit,ok,1,1514101,99.99999999999991,gcc
llr8-kimi27sglang-c-b,kimi27sglang,c,0,608449,tsvc_2_s235,score,incorrect,0,356032,103163.54404761904,gcc
llr8-kimi27sglang-c-b,kimi27sglang,c,0,608449,tsvc_2_s1232,score,ok,1,1734116,161.66080131270058,gcc
llr8-kimi27sglang-c-b,kimi27sglang,c,0,608449,tsvc_2_s1232,score,ok,1,1883135,179.00849707588708,gcc
llr8-kimi27sglang-c-b,kimi27sglang,c,0,608449,tsvc_2_s1232,submit,ok,1,1958148,99.99999999999991,gcc
llr8-kimi27sglang-c-b,kimi27sglang,c,0,608449,tsvc_2_s235,score,incorrect,0,485310,0.0,gcc
llr8-kimi27sglang-c-b,kimi27sglang,c,0,608449,tsvc_2_s1232,score,ok,1,3727114,118.29325849495648,gcc
llr8-kimi27sglang-c-b,kimi27sglang,c,0,608449,tsvc_2_s1232,score,ok,1,3899502,169.57775465742506,gcc
llr8-kimi27sglang-c-b,kimi27sglang,c,0,608449,tsvc_2_s1232,score,ok,1,4073638,160.30390996762193,gcc
llr8-kimi27sglang-c-b,kimi27sglang,c,0,608449,tsvc_2_s235,score,incorrect,0,604417,105894.96171079429,gcc
llr8-kimi27sglang-c-b,kimi27sglang,c,0,608449,tsvc_2_s1232,score,ok,1,4249305,171.66165628810137,gcc
llr8-kimi27sglang-c-b,kimi27sglang,c,0,608449,tsvc_2_s235,score,incorrect,0,731313,119390.18645235362,gcc
llr8-kimi27sglang-c-b,kimi27sglang,c,0,608449,tsvc_2_s1232,score,ok,1,4518224,151.73812068564848,gcc
llr8-kimi27sglang-c-b,kimi27sglang,c,0,608449,tsvc_2_s1232,score,score_error,0,4701264,0.0,gcc
llr8-kimi27sglang-c-b,kimi27sglang,c,0,608449,tsvc_2_s1232,score,ok,1,4793245,151.62955676649386,gcc
llr8-kimi27sglang-c-b,kimi27sglang,c,0,608449,tsvc_2_s235,score,incorrect,0,863906,105251.87489878542,gcc
llr8-kimi27sglang-c-b,kimi27sglang,c,0,608449,tsvc_2_s1232,score,ok,1,4979841,250.92527503473426,gcc
llr8-kimi27sglang-c-b,kimi27sglang,c,0,608449,tsvc_2_s1232,submit,ok,1,5074435,99.99999999999991,gcc
llr8-kimi27sglang-c-b,kimi27sglang,c,0,608449,tsvc_2_s1232,score,ok,1,5267324,248.7715337693959,gcc
llr8-kimi27sglang-c-b,kimi27sglang,c,0,608449,tsvc_2_s1232,score,ok,1,5464572,249.09409123624243,gcc
llr8-kimi27sglang-c-b,kimi27sglang,c,0,608449,tsvc_2_s1232,score,ok,1,5666042,249.69010468071338,gcc
llr8-kimi27sglang-c-b,kimi27sglang,c,0,608449,tsvc_2_s1232,score,ok,1,5871162,243.58093855084414,gcc
llr8-kimi27sglang-c-b,kimi27sglang,c,0,608449,tsvc_2_s1232,score,ok,1,6079470,249.04985584725833,gcc
llr8-kimi27sglang-c-b,kimi27sglang,c,0,608449,tsvc_2_s1232,score,ok,1,6184698,45.10230705000019,gcc
llr8-kimi27sglang-c-b,kimi27sglang,c,0,608449,tsvc_2_s1232,score,ok,1,6291222,0.06335171596554395,gcc
llr8-kimi27sglang-c-b,kimi27sglang,c,0,608449,tsvc_2_s1232,score,ok,1,6507018,0.5018050541516246,gcc
llr8-kimi27sglang-c-b,kimi27sglang,c,0,608449,tsvc_2_s1232,score,ok,1,6726578,0.5889830508474576,gcc
llr8-kimi27sglang-c-b,kimi27sglang,c,0,608449,tsvc_2_s1232,score,ok,1,6949551,0.3787465940054496,gcc
llr8-kimi27sglang-c-b,kimi27sglang,c,0,608449,tsvc_2_s1232,score,ok,1,7176002,0.556,gcc
llr8-kimi27sglang-c-b,kimi27sglang,c,0,608449,tsvc_2_s235,score,ok,1,1553316,16.817897998961804,gcc
llr8-kimi27sglang-c-b,kimi27sglang,c,0,608449,tsvc_2_s1232,score,ok,1,7290188,40.01860683435175,gcc
llr8-kimi27sglang-c-b,kimi27sglang,c,0,608449,tsvc_2_s235,submit,ok,1,1628579,16.666666666666682,gcc
llr8-kimi27sglang-c-b,kimi27sglang,c,0,608449,tsvc_2_s1232,score,ok,1,7405999,40.92900631351172,gcc
llr8-kimi27sglang-c-b,kimi27sglang,c,0,608449,tsvc_2_s1232,score,ok,1,7522097,250.51816260641226,gcc
llr8-kimi27sglang-c-b,kimi27sglang,c,0,608449,tsvc_2_s1232,submit,ok,1,7639562,99.99999999999991,gcc
llr8-kimi27sglang-c-b,kimi27sglang,c,0,608449,tsvc_2_s1232,score,ok,1,7877739,0.5965665236051502,gcc
llr8-kimi27sglang-c-b,kimi27sglang,c,0,608449,tsvc_2_s1232,score,ok,1,7997849,45.01246600781395,gcc
llr8-kimi27sglang-c-b,kimi27sglang,c,0,608449,tsvc_2_s1232,score,ok,1,8118246,249.0712022689594,gcc
llr8-kimi27sglang-c-b,kimi27sglang,c,0,608449,tsvc_2_s235,score,ok,1,2024111,34.815051959502405,gcc
llr8-kimi27sglang-c-b,kimi27sglang,c,0,608449,tsvc_2_s235,submit,ok,1,2106863,24.99999999999998,gcc
llr8-kimi27sglang-c-b,kimi27sglang,c,0,608449,tsvc_2_s1232,score,ok,1,8363765,235.28847898904664,gcc
llr8-kimi27sglang-c-b,kimi27sglang,c,0,608449,tsvc_2_s235,score,ok,1,2361191,34.79417820289817,gcc
llr8-kimi27sglang-c-b,kimi27sglang,c,0,608449,tsvc_2_s1232,score,ok,1,8488887,39.89103518086504,gcc
llr8-kimi27sglang-c-b,kimi27sglang,c,0,608449,tsvc_2_s1232,score,ok,1,8743588,247.40343372657662,gcc
llr8-kimi27sglang-c-b,kimi27sglang,c,0,608449,tsvc_2_s1232,score,ok,1,9001971,252.5186004291654,gcc
llr8-kimi27sglang-c-b,kimi27sglang,c,0,608449,tsvc_2_s235,score,ok,1,2628420,32.31920513582359,gcc
llr8-kimi27sglang-c-b,kimi27sglang,c,0,608449,tsvc_2_s235,score,ok,1,2904459,33.9231579634489,gcc
llr8-kimi27sglang-c-b,kimi27sglang,c,0,608449,tsvc_2_s1232,score,ok,1,9264440,248.7005643139834,gcc
llr8-kimi27sglang-c-b,kimi27sglang,c,0,608449,tsvc_2_s235,score,ok,1,3091819,0.09722084367245658,gcc
llr8-kimi27sglang-c-b,kimi27sglang,c,0,608449,tsvc_2_s1232,submit,ok,1,9530468,99.99999999999991,gcc
llr8-kimi27sglang-c-b,kimi27sglang,c,0,608449,tsvc_2_s235,score,ok,1,3379512,0.40151670424267266,gcc
llr8-kimi27sglang-c-b,kimi27sglang,c,0,608449,tsvc_2_s1232,score,ok,1,9799767,243.6398139454783,gcc
llr8-kimi27sglang-c-b,kimi27sglang,c,0,608449,tsvc_2_s235,score,ok,1,3674029,5.155263157894737,gcc
llr8-kimi27sglang-c-b,kimi27sglang,c,0,608449,tsvc_2_s235,score,ok,1,3773488,34.23204241436035,gcc
llr8-kimi27sglang-c-b,kimi27sglang,c,0,608449,tsvc_2_s235,submit,ok,1,3873276,24.99999999999998,gcc
llr8-kimi27sglang-c-b,kimi27sglang,c,0,608449,tsvc_2_s235,score,ok,1,4290347,34.24758242136077,gcc
llr8-kimi27sglang-c-b,kimi27sglang,c,0,608449,tsvc_2_s235,score,ok,1,4616567,0.7709230452817334,gcc
llr8-kimi27sglang-c-b,kimi27sglang,c,0,608449,tsvc_2_s235,score,ok,1,4954111,34.62715209592483,gcc
llr8-kimi27sglang-c-b,kimi27sglang,c,0,608449,tsvc_2_s235,score,ok,1,5068148,5.023076923076923,gcc
llr8-kimi27sglang-c-b,kimi27sglang,c,0,608449,tsvc_2_s235,submit,ok,1,5182501,24.99999999999998,gcc
llr8-kimi27sglang-c-b,kimi27sglang,c,0,608449,tsvc_2_s235,score,ok,1,5657493,34.72668932314,gcc
llr8-kimi27sglang-c-b,kimi27sglang,c,0,608449,tsvc_2_s235,score,ok,1,6028215,33.97596916141162,gcc
llr8-kimi27sglang-c-b,kimi27sglang,c,0,608449,tsvc_2_s235,submit,ok,1,6279448,24.99999999999998,gcc
llr8-kimi27sglang-c-b,kimi27sglang,c,0,608449,tsvc_2_s235,score,ok,1,6660798,31.42108743543596,gcc
llr8-kimi27sglang-c-b,kimi27sglang,c,0,608449,tsvc_2_s235,score,ok,1,6926626,30.731661404930886,gcc
llr8-kimi27sglang-c-b,kimi27sglang,c,0,608449,tsvc_2_s235,score,ok,1,7064015,34.70723491793963,gcc
llr8-kimi27sglang-c-b,kimi27sglang,c,0,608449,tsvc_2_s235,submit,ok,1,7201801,24.99999999999998,gcc
llr8-kimi27sglang-c-b,kimi27sglang,c,0,608449,tsvc_2_s1244,score,incorrect,0,246159,9264.585280373833,gcc
llr8-kimi27sglang-c-b,kimi27sglang,c,0,608449,tsvc_2_s1244,score,ok,1,478001,1.0084096219130056,gcc
llr8-kimi27sglang-c-b,kimi27sglang,c,0,608449,tsvc_2_s1244,submit,ok,1,502601,1.0,gcc
llr8-kimi27sglang-c-b,kimi27sglang,c,0,608449,tsvc_2_s1244,score,incorrect,0,553293,1.077333183913627,gcc
llr8-kimi27sglang-c-b,kimi27sglang,c,0,608449,tsvc_2_s1244,score,incorrect,0,606513,1.3193304572838014,gcc
llr8-kimi27sglang-c-b,kimi27sglang,c,0,608449,tsvc_2_s1244,score,ok,1,750192,1.3693692321654796,gcc
llr8-kimi27sglang-c-b,kimi27sglang,c,0,608449,tsvc_2_s1244,submit,overfit,0,780868,1.0,gcc
llr8-kimi27sglang-c-b,kimi27sglang,c,0,608449,tsvc_2_s1244,score,ok,1,875870,1.3972849576937505,gcc
llr8-kimi27sglang-c-b,kimi27sglang,c,0,608449,tsvc_2_s1244,submit,ok,1,912499,1.0,gcc
llr8-kimi27sglang-c-b,kimi27sglang,c,0,608449,tsvc_2_s1244,score,ok,1,1632144,1.5073572974421008,gcc
llr8-kimi27sglang-c-b,kimi27sglang,c,0,608449,tsvc_2_s1244,submit,ok,1,1675208,1.0,gcc
llr8-kimi27sglang-c-b,kimi27sglang,c,0,608449,tsvc_2_s1244,score,ok,1,1763159,1.2328767123287672,gcc
llr8-kimi27sglang-c-b,kimi27sglang,c,0,608449,tsvc_2_s1244,score,ok,1,1808052,1.5943385758778352,gcc
llr8-kimi27sglang-c-b,kimi27sglang,c,0,608449,tsvc_2_s1244,score,ok,1,1853372,1.3709445061290926,gcc
llr8-kimi27sglang-c-b,kimi27sglang,c,0,608449,tsvc_2_s1244,score,ok,1,1899119,1.674368734914226,gcc
llr8-kimi27sglang-c-b,kimi27sglang,c,0,608449,tsvc_2_s1244,score,ok,1,3527605,1.4054903638526441,gcc
llr8-kimi27sglang-c-b,kimi27sglang,c,0,608449,tsvc_2_s1244,score,incorrect,0,4663787,6.496827481030096,gcc
llr8-kimi27sglang-c-b,kimi27sglang,c,0,608449,tsvc_2_s1244,score,ok,1,5617483,1.4968649298105767,gcc
llr8-kimi27sglang-c-b,kimi27sglang,c,0,608449,tsvc_2_s1244,submit,ok,1,5701737,1.0,gcc
llr8-kimi27sglang-c-b,kimi27sglang,c,0,608449,tsvc_2_s1244,score,ok,1,6220638,1.6011898149986867,gcc
llr8-kimi27sglang-c-b,kimi27sglang,c,0,608449,tsvc_2_s1244,score,ok,1,6309451,1.344511121790789,gcc
llr8-kimi27sglang-c-b,kimi27sglang,c,0,608449,tsvc_2_s1244,score,ok,1,6398689,1.5768949559160057,gcc
llr8-kimi27sglang-c-b,kimi27sglang,c,0,608449,tsvc_2_s1244,score,ok,1,6488354,1.2328767123287672,gcc
llr8-kimi27sglang-c-b,kimi27sglang,c,0,608449,tsvc_2_s1244,submit,ok,1,6578440,1.0,gcc
llr8-kimi27sglang-c-b,kimi27sglang,c,0,608449,tsvc_2_s1244,score,ok,1,6851943,1.387033728941609,gcc
llr8-kimi27sglang-c-b,kimi27sglang,c,0,608449,tsvc_2_s1244,score,ok,1,6944120,1.4520124760707231,gcc
llr8-kimi27sglang-c-b,kimi27sglang,c,0,608449,tsvc_2_s1244,score,ok,1,7036742,1.4005734876997844,gcc
llr8-kimi27sglang-c-b,kimi27sglang,c,0,608449,tsvc_2_s1244,submit,ok,1,7129809,1.0,gcc
llr8-kimi27sglang-c-b,kimi27sglang,c,0,608449,tsvc_2_s1244,score,ok,1,7223314,1.3659876666723125,gcc
llr8-kimi27sglang-c-b,kimi27sglang,c,0,608449,tsvc_2_s1244,score,ok,1,7317269,1.3959484905738226,gcc
llr8-kimi27sglang-c-b,kimi27sglang,c,0,608449,tsvc_2_s1244,score,ok,1,7411679,1.388436512309514,gcc
llr8-kimi27sglang-c-b,kimi27sglang,c,0,608449,tsvc_2_s1244,score,ok,1,7506532,1.3811276564226467,gcc
llr8-kimi27sglang-c-b,kimi27sglang,c,0,608449,tsvc_2_s1244,score,ok,1,7601830,1.4012735083269074,gcc
llr8-kimi27sglang-c-b,kimi27sglang,c,0,608449,tsvc_2_s1244,submit,ok,1,7697573,1.0,gcc
llr8-kimi27sglang-c-b,kimi27sglang,c,0,608449,tsvc_2_s1244,score,ok,1,7793754,1.4023046679001006,gcc
llr8-kimi27sglang-c-b,kimi27sglang,c,0,608449,tsvc_2_s1244,score,ok,1,7890380,1.3680295824083741,gcc
llr8-kimi27sglang-c-b,kimi27sglang,c,0,608449,tsvc_2_s1244,score,ok,1,8184037,1.3936914311952544,gcc
llr8-kimi27sglang-c-b,kimi27sglang,c,0,608449,tsvc_2_s1244,submit,ok,1,8283169,1.0,gcc
llr8-kimi27sglang-c-b,kimi27sglang,c,0,608449,tsvc_2_s1244,score,ok,1,8382739,1.3817944687205548,gcc
llr8-kimi27sglang-c-b,kimi27sglang,c,0,608449,tsvc_2_s1244,score,ok,1,8482754,1.406449565515242,gcc
llr8-kimi27sglang-c-b,kimi27sglang,c,0,608449,tsvc_2_s1244,submit,ok,1,8583212,1.0,gcc
llr8-kimi27sglang-c-b,kimi27sglang,c,0,608449,tsvc_2_s1244,score,ok,1,8995842,1.3735748603438653,gcc
llr8-kimi27sglang-c-b,kimi27sglang,c,0,608449,tsvc_2_s1244,score,ok,1,9103066,1.3549706424465509,gcc
llr8-kimi27sglang-c-b,kimi27sglang,c,0,608449,tsvc_2_s1244,score,ok,1,10023812,1.3514549422825997,gcc
llr8-kimi27sglang-c-b,kimi27sglang,c,0,608449,tsvc_2_s13110,score,ok,1,1137241,0.99675036883714,gcc
llr8-kimi27sglang-c-b,kimi27sglang,c,0,608449,tsvc_2_s13110,score,incorrect,0,1343921,14.550518001347989,gcc
llr8-kimi27sglang-c-b,kimi27sglang,c,0,608449,tsvc_2_s13110,score,ok,1,1491636,14.509660128313248,gcc
llr8-kimi27sglang-c-b,kimi27sglang,c,0,608449,tsvc_2_s13110,submit,ok,1,1566640,12.500000000000007,gcc
llr8-kimi27sglang-c-b,kimi27sglang,c,0,608449,tsvc_2_s13110,score,ok,1,2879360,14.242045732514656,gcc
llr8-kimi27sglang-c-b,kimi27sglang,c,0,608449,tsvc_2_s13110,score,ok,1,3072218,14.579980039993371,gcc
llr8-kimi27sglang-c-b,kimi27sglang,c,0,608449,tsvc_2_s13110,submit,ok,1,3169540,12.500000000000007,gcc
llr8-kimi27sglang-c-b,kimi27sglang,c,0,608449,tsvc_2_s13110,score,ok,1,3466385,14.266003027992289,gcc
llr8-kimi27sglang-c-b,kimi27sglang,c,0,608449,tsvc_2_s13110,score,ok,1,3668847,14.55619599765265,gcc
llr8-kimi27sglang-c-b,kimi27sglang,c,0,608449,tsvc_2_s13110,score,ok,1,3875767,14.425964079625862,gcc
llr8-kimi27sglang-c-b,kimi27sglang,c,0,608449,tsvc_2_s13110,score,ok,1,4087547,14.595853959598701,gcc
llr8-kimi27sglang-c-b,kimi27sglang,c,0,608449,tsvc_2_s13110,submit,ok,1,4194759,12.500000000000007,gcc
llr8-kimi27sglang-c-b,kimi27sglang,c,0,608449,tsvc_2_s13110,score,ok,1,4634200,14.122160699175124,gcc
llr8-kimi27sglang-c-b,kimi27sglang,c,0,608449,tsvc_2_s13110,score,ok,1,4863880,14.676001016857425,gcc
llr8-kimi27sglang-c-b,kimi27sglang,c,0,608449,tsvc_2_s13110,score,ok,1,5098708,14.69332304612141,gcc
llr8-kimi27sglang-c-b,kimi27sglang,c,0,608449,tsvc_2_s13110,submit,ok,1,5217337,14.285714285714295,gcc
llr8-kimi27sglang-c-b,kimi27sglang,c,0,608449,tsvc_2_s13110,score,ok,1,5458147,14.671334751300446,gcc
llr8-kimi27sglang-c-b,kimi27sglang,c,0,608449,tsvc_2_s13110,score,ok,1,5704798,14.697133809065496,gcc
llr8-kimi27sglang-c-b,kimi27sglang,c,0,608449,tsvc_2_s13110,submit,ok,1,5829662,14.285714285714295,gcc
llr8-kimi27sglang-c-b,kimi27sglang,c,0,608449,tsvc_2_s13110,score,ok,1,6218168,14.636257702850202,gcc
llr8-kimi27sglang-c-b,kimi27sglang,c,0,608449,tsvc_2_s13110,score,ok,1,6486135,14.608357008890303,gcc
llr8-kimi27sglang-c-b,kimi27sglang,c,0,608449,tsvc_2_s13110,score,ok,1,6761489,14.708653173443386,gcc
llr8-kimi27sglang-c-b,kimi27sglang,c,0,608449,tsvc_2_s13110,submit,ok,1,6901822,14.285714285714295,gcc
llr8-kimi27sglang-c-b,kimi27sglang,c,0,608449,tsvc_2_s13110,score,build_error,0,7479568,0.0,gcc
llr8-kimi27sglang-c-b,kimi27sglang,c,0,608449,tsvc_2_s13110,score,ok,1,7930549,14.701602959060745,gcc
llr8-kimi27sglang-c-b,kimi27sglang,c,0,608449,tsvc_2_s13110,score,incorrect,0,8241512,0.0,gcc
llr8-kimi27sglang-c-b,kimi27sglang,c,0,608449,tsvc_2_s13110,score,ok,1,8559830,14.734091222319233,gcc
llr8-kimi27sglang-c-b,kimi27sglang,c,0,608449,tsvc_2_s13110,submit,ok,1,8721020,14.285714285714295,gcc
llr8-kimi27sglang-c-b,kimi27sglang,c,0,608449,tsvc_2_s13110,score,incorrect,0,8898807,0.0,gcc
llr8-kimi27sglang-c-b,kimi27sglang,c,0,608449,tsvc_2_s13110,score,incorrect,0,8953004,0.0,gcc
llr8-kimi27sglang-c-b,kimi27sglang,c,0,608449,tsvc_2_s13110,score,ok,1,9132890,14.727134659566348,gcc
llr8-kimi27sglang-c-b,kimi27sglang,c,0,608449,tsvc_2_s152,score,ok,1,63629,5.759195474959344,gcc
llr8-kimi27sglang-c-b,kimi27sglang,c,0,608449,tsvc_2_s152,submit,ok,1,72913,4.347826086956522,gcc
llr8-kimi27sglang-c-b,kimi27sglang,c,0,608449,tsvc_2_s152,score,incorrect,0,128586,0.5360764221131468,gcc
llr8-kimi27sglang-c-b,kimi27sglang,c,0,608449,tsvc_2_s152,score,ok,1,154907,5.339405623733514,gcc
llr8-kimi27sglang-c-b,kimi27sglang,c,0,608449,tsvc_2_s152,submit,ok,1,168874,3.846153846153846,gcc
llr8-kimi27sglang-c-b,kimi27sglang,c,0,608449,tsvc_2_s152,score,ok,1,215062,6.844539131511945,gcc
llr8-kimi27sglang-c-b,kimi27sglang,c,0,608449,tsvc_2_s152,submit,ok,1,231580,5.555555555555557,gcc
llr8-kimi27sglang-c-b,kimi27sglang,c,0,608449,tsvc_2_s152,score,ok,1,266103,6.7442503808227885,gcc
llr8-kimi27sglang-c-b,kimi27sglang,c,0,608449,tsvc_2_s152,score,ok,1,302943,0.7051271000150696,gcc
llr8-kimi27sglang-c-b,kimi27sglang,c,0,608449,tsvc_2_s152,score,incorrect,0,363961,6.94589723661145,gcc
llr8-kimi27sglang-c-b,kimi27sglang,c,0,608449,tsvc_2_s152,score,ok,1,408542,6.933666793261243,gcc
llr8-kimi27sglang-c-b,kimi27sglang,c,0,608449,tsvc_2_s152,submit,ok,1,431855,5.555555555555557,gcc
llr8-kimi27sglang-c-b,kimi27sglang,c,0,608449,tsvc_2_s152,score,ok,1,480348,6.969328426408814,gcc
llr8-kimi27sglang-c-b,kimi27sglang,c,0,608449,tsvc_2_s152,submit,ok,1,505511,5.263157894736843,gcc
llr8-kimi27sglang-c-b,kimi27sglang,c,0,608449,tsvc_2_s152,score,ok,1,557621,6.949470513951421,gcc
llr8-kimi27sglang-c-b,kimi27sglang,c,0,608449,tsvc_2_s152,score,ok,1,612366,6.913711078017855,gcc
llr8-kimi27sglang-c-b,kimi27sglang,c,0,608449,tsvc_2_s152,score,ok,1,669506,6.939648712994725,gcc
llr8-kimi27sglang-c-b,kimi27sglang,c,0,608449,tsvc_2_s152,submit,ok,1,698770,5.555555555555557,gcc
llr8-kimi27sglang-c-b,kimi27sglang,c,0,608449,tsvc_2_s152,score,ok,1,728729,6.923953364573449,gcc
llr8-kimi27sglang-c-b,kimi27sglang,c,0,608449,tsvc_2_s152,score,ok,1,791845,5.63845247358148,gcc
llr8-kimi27sglang-c-b,kimi27sglang,c,0,608449,tsvc_2_s152,score,score_error,0,858530,0.0,gcc
llr8-kimi27sglang-c-b,kimi27sglang,c,0,608449,tsvc_2_s152,score,ok,1,893003,6.696073957676632,gcc
llr8-kimi27sglang-c-b,kimi27sglang,c,0,608449,tsvc_2_s152,score,ok,1,963568,5.482523953527076,gcc
llr8-kimi27sglang-c-b,kimi27sglang,c,0,608449,tsvc_2_s152,score,ok,1,1036839,0.07736389684813753,gcc
llr8-kimi27sglang-c-b,kimi27sglang,c,0,608449,tsvc_2_s152,score,ok,1,1113249,0.3201581027667984,gcc
llr8-kimi27sglang-c-b,kimi27sglang,c,0,608449,tsvc_2_s152,score,ok,1,1152473,6.3841335329841975,gcc
llr8-kimi27sglang-c-b,kimi27sglang,c,0,608449,tsvc_2_s152,score,ok,1,1192260,5.09586609750148,gcc
llr8-kimi27sglang-c-b,kimi27sglang,c,0,608449,tsvc_2_s152,score,ok,1,1232336,6.938602818865753,gcc
llr8-kimi27sglang-c-b,kimi27sglang,c,0,608449,tsvc_2_s152,score,ok,1,1314668,0.32793522267206476,gcc
llr8-kimi27sglang-c-b,kimi27sglang,c,0,608449,tsvc_2_s152,score,ok,1,1356922,6.926540856313773,gcc
llr8-kimi27sglang-c-b,kimi27sglang,c,0,608449,tsvc_2_s152,score,ok,1,1399798,6.260021772154389,gcc
llr8-kimi27sglang-c-b,kimi27sglang,c,0,608449,tsvc_2_s152,score,ok,1,1443032,5.395682426702634,gcc
llr8-kimi27sglang-c-b,kimi27sglang,c,0,608449,tsvc_2_s152,score,ok,1,1486555,6.944066859368378,gcc
llr8-kimi27sglang-c-b,kimi27sglang,c,0,608449,tsvc_2_s152,score,ok,1,1577291,5.194834527960647,gcc
llr8-kimi27sglang-c-b,kimi27sglang,c,0,608449,tsvc_2_s152,score,ok,1,1673341,6.9688475922296,gcc
llr8-kimi27sglang-c-b,kimi27sglang,c,0,608449,tsvc_2_s152,score,ok,1,1773624,6.9120687483192365,gcc
llr8-kimi27sglang-c-b,kimi27sglang,c,0,608449,tsvc_2_s152,submit,ok,1,1825072,5.263157894736843,gcc
llr8-kimi27sglang-c-b,kimi27sglang,c,0,608449,tsvc_2_s152,score,ok,1,1931375,6.426168390761243,gcc
llr8-kimi27sglang-c-b,kimi27sglang,c,0,608449,tsvc_2_s152,score,ok,1,1985881,6.931300975553162,gcc
llr8-kimi27sglang-c-b,kimi27sglang,c,0,608449,tsvc_2_s152,score,ok,1,2040703,5.45012978247604,gcc
llr8-kimi27sglang-c-b,kimi27sglang,c,0,608449,tsvc_2_s152,score,ok,1,2095814,6.967493545810575,gcc
llr8-kimi27sglang-c-b,kimi27sglang,c,0,608449,tsvc_2_s152,score,ok,1,2151214,0.28421052631578947,gcc
llr8-kimi27sglang-c-b,kimi27sglang,c,0,608449,tsvc_2_s152,submit,ok,1,2206976,5.263157894736843,gcc
llr8-kimi27sglang-c-b,kimi27sglang,c,0,608449,tsvc_2_s152,score,ok,1,2321990,0.2903225806451613,gcc
llr8-kimi27sglang-c-b,kimi27sglang,c,0,608449,tsvc_2_s152,score,ok,1,2380804,6.952610020395944,gcc
llr8-kimi27sglang-c-b,kimi27sglang,c,0,608449,tsvc_2_s152,submit,ok,1,2439965,5.263157894736843,gcc
llr8-kimi27sglang-c-b,kimi27sglang,c,0,608449,tsvc_2_s152,submit,ok,1,2563686,5.555555555555557,gcc
llr8-kimi27sglang-c-b,kimi27sglang,c,0,608449,tsvc_2_s152,score,ok,1,2695324,6.9443679002068155,gcc
llr8-kimi27sglang-c-b,kimi27sglang,c,0,608449,tsvc_2_s152,score,ok,1,2832118,6.433385265150993,gcc
llr8-kimi27sglang-c-b,kimi27sglang,c,0,608449,tsvc_2_s152,score,ok,1,2901824,6.861018448316042,gcc
llr8-kimi27sglang-c-b,kimi27sglang,c,0,608449,tsvc_2_s152,score,ok,1,3043630,6.931714125020327,gcc
llr8-kimi27sglang-c-b,kimi27sglang,c,0,608449,tsvc_2_s152,submit,ok,1,3115730,5.263157894736843,gcc
llr8-kimi27sglang-c-b,kimi27sglang,c,0,608449,tsvc_2_s152,score,ok,1,3263133,1.4352163135132674,gcc
llr8-kimi27sglang-c-b,kimi27sglang,c,0,608449,tsvc_2_s152,score,ok,1,3415331,4.90934120310685,gcc
llr8-kimi27sglang-c-b,kimi27sglang,c,0,608449,tsvc_2_s152,score,ok,1,3492506,6.88962025842003,gcc
llr8-kimi27sglang-c-b,kimi27sglang,c,0,608449,tsvc_2_s152,submit,ok,1,3570352,5.555555555555557,gcc
llr8-kimi27sglang-c-b,kimi27sglang,c,0,608449,tsvc_2_s152,score,ok,1,3729557,5.730354023552233,gcc
llr8-kimi27sglang-c-b,kimi27sglang,c,0,608449,tsvc_2_s152,score,ok,1,3810923,6.474458935325694,gcc
llr8-kimi27sglang-c-b,kimi27sglang,c,0,608449,tsvc_2_s152,score,ok,1,3892608,6.955037819165949,gcc
llr8-kimi27sglang-c-b,kimi27sglang,c,0,608449,tsvc_2_s152,score,ok,1,3974582,6.85764042140493,gcc
llr8-kimi27sglang-c-b,kimi27sglang,c,0,608449,tsvc_2_s152,score,ok,1,4056899,0.32926829268292684,gcc
llr8-kimi27sglang-c-b,kimi27sglang,c,0,608449,tsvc_2_s152,submit,ok,1,4139503,5.555555555555557,gcc
llr8-kimi27sglang-c-b,kimi27sglang,c,0,608449,tsvc_2_s152,score,ok,1,4308288,5.538726799897553,gcc
llr8-kimi27sglang-c-b,kimi27sglang,c,0,608449,tsvc_2_s152,score,ok,1,4481234,5.079869026952121,gcc
llr8-kimi27sglang-c-b,kimi27sglang,c,0,608449,tsvc_2_s152,score,ok,1,4658074,6.910659855992036,gcc
llr8-kimi27sglang-c-b,kimi27sglang,c,0,608449,tsvc_2_s152,submit,ok,1,4747554,5.555555555555557,gcc
llr8-kimi27sglang-c-b,kimi27sglang,c,0,608449,tsvc_2_s152,score,ok,1,4929360,6.087632430156981,gcc
llr8-kimi27sglang-c-b,kimi27sglang,c,0,608449,tsvc_2_s152,score,score_error,0,5117552,0.0,gcc
llr8-kimi27sglang-c-b,kimi27sglang,c,0,608449,tsvc_2_s152,score,ok,1,5409817,5.433486588209863,gcc
llr8-kimi27sglang-c-b,kimi27sglang,c,0,608449,tsvc_2_s152,score,ok,1,5607117,5.659405469144988,gcc
llr8-kimi27sglang-c-b,kimi27sglang,c,0,608449,tsvc_2_s152,score,ok,1,5807854,5.5856095311381235,gcc
llr8-kimi27sglang-c-b,kimi27sglang,c,0,608449,tsvc_2_s152,score,ok,1,6013215,5.547604049234283,gcc
llr8-kimi27sglang-c-b,kimi27sglang,c,0,608449,tsvc_2_s152,score,ok,1,6222332,6.443719436253025,gcc
llr8-kimi27sglang-c-b,kimi27sglang,c,0,608449,tsvc_2_s152,score,ok,1,6328084,5.364931608920504,gcc
llr8-kimi27sglang-c-b,kimi27sglang,c,0,608449,tsvc_2_s152,score,ok,1,6542215,5.394114403525776,gcc
llr8-kimi27sglang-c-b,kimi27sglang,c,0,608449,tsvc_2_s152,score,ok,1,6650462,6.82300231829251,gcc
llr8-kimi27sglang-c-b,kimi27sglang,c,0,608449,tsvc_2_s152,score,ok,1,6870492,6.979915965376653,gcc
llr8-kimi27sglang-c-b,kimi27sglang,c,0,608449,tsvc_2_s152,submit,ok,1,6981866,5.555555555555557,gcc
llr8-kimi27sglang-c-b,kimi27sglang,c,0,608449,tsvc_2_s152,score,ok,1,7207509,5.2403402953517375,gcc
llr8-kimi27sglang-c-b,kimi27sglang,c,0,608449,tsvc_2_s152,score,ok,1,7437612,5.378338120309521,gcc
llr8-kimi27sglang-c-b,kimi27sglang,c,0,608449,tsvc_2_s152,score,ok,1,7671330,6.344309384386176,gcc
llr8-kimi27sglang-c-b,kimi27sglang,c,0,608449,tsvc_2_s152,score,ok,1,7910757,6.505054779603679,gcc
llr8-kimi27sglang-c-b,kimi27sglang,c,0,608449,tsvc_2_s152,score,ok,1,8032615,5.544549418312482,gcc
llr8-kimi27sglang-c-b,kimi27sglang,c,0,608449,tsvc_2_s152,score,ok,1,8279117,6.453096114216506,gcc
llr8-kimi27sglang-c-b,kimi27sglang,c,0,608449,tsvc_2_s152,score,ok,1,8403562,5.267955862822069,gcc
llr8-kimi27sglang-c-b,kimi27sglang,c,0,608449,tsvc_2_s152,score,build_error,0,8528350,0.0,gcc
llr8-kimi27sglang-c-b,kimi27sglang,c,0,608449,tsvc_2_s152,score,build_error,0,8653896,0.0,gcc
llr8-kimi27sglang-c-b,kimi27sglang,c,0,608449,tsvc_2_s152,score,build_error,0,8908026,0.0,gcc
llr8-kimi27sglang-c-b,kimi27sglang,c,0,608449,tsvc_2_s152,score,build_error,0,9036408,0.0,gcc
llr8-kimi27sglang-c-b,kimi27sglang,c,0,608449,tsvc_2_s152,score,build_error,0,9165707,0.0,gcc
llr8-kimi27sglang-c-b,kimi27sglang,c,0,608449,tsvc_2_s152,score,build_error,0,9426025,0.0,gcc
llr8-kimi27sglang-c-b,kimi27sglang,c,0,608449,tsvc_2_s152,score,ok,1,9819525,6.943098604904279,gcc
llr8-kimi27sglang-c-b,kimi27sglang,c,0,608449,tsvc_2_s152,score,ok,1,10086143,0.32793522267206476,gcc
llr8-kimi27sglang-c-b,kimi27sglang,c,0,608449,tsvc_2_s2233,score,ok,1,64929,0.9912024294720634,gcc
llr8-kimi27sglang-c-b,kimi27sglang,c,0,608449,tsvc_2_s2233,score,ok,1,103525,8.19385272869954,gcc
llr8-kimi27sglang-c-b,kimi27sglang,c,0,608449,tsvc_2_s2233,submit,timeout,0,118405,0.0,gcc
llr8-kimi27sglang-c-b,kimi27sglang,c,0,608449,tsvc_2_s2233,score,ok,1,285867,5.6196487146431195,gcc
llr8-kimi27sglang-c-b,kimi27sglang,c,0,608449,tsvc_2_s2233,score,ok,1,356535,36.08336340267314,gcc
llr8-kimi27sglang-c-b,kimi27sglang,c,0,608449,tsvc_2_s2233,score,ok,1,395690,30.069682860762583,gcc
llr8-kimi27sglang-c-b,kimi27sglang,c,0,608449,tsvc_2_s2233,submit,timeout,0,436007,0.0,gcc
llr8-kimi27sglang-c-b,kimi27sglang,c,0,608449,tsvc_2_s2233,score,ok,1,581721,9.656779794490253,gcc
llr8-kimi27sglang-c-b,kimi27sglang,c,0,608449,tsvc_2_s2233,score,ok,1,634731,7.995658326400075,gcc
llr8-kimi27sglang-c-b,kimi27sglang,c,0,608449,tsvc_2_s2233,submit,timeout,0,688127,0.0,gcc
llr8-kimi27sglang-c-b,kimi27sglang,c,0,608449,tsvc_2_s2233,score,ok,1,799382,8.36182614331577,gcc
llr8-kimi27sglang-c-b,kimi27sglang,c,0,608449,tsvc_2_s2233,submit,timeout,0,983081,0.0,gcc
llr8-kimi27sglang-c-b,kimi27sglang,c,0,608449,tsvc_2_s2233,score,incorrect,0,1125908,5340.157522135528,gcc
llr8-kimi27sglang-c-b,kimi27sglang,c,0,608449,tsvc_2_s2233,score,build_error,0,1377110,0.0,gcc
llr8-kimi27sglang-c-b,kimi27sglang,c,0,608449,tsvc_2_s2233,score,ok,1,1467093,30.65830468539767,gcc
llr8-kimi27sglang-c-b,kimi27sglang,c,0,608449,tsvc_2_s2233,submit,timeout,0,1560561,0.0,gcc
llr8-kimi27sglang-c-b,kimi27sglang,c,0,608449,tsvc_2_s2233,score,ok,1,1754608,1.0375548590078352,gcc
llr8-kimi27sglang-c-b,kimi27sglang,c,0,608449,tsvc_2_s2233,submit,timeout,0,1854481,0.0,gcc
llr8-kimi27sglang-c-b,kimi27sglang,c,0,608449,tsvc_2_s2233,score,ok,1,2160937,36.65362938846814,gcc
llr8-kimi27sglang-c-b,kimi27sglang,c,0,608449,tsvc_2_s2233,submit,timeout,0,2264805,0.0,gcc
llr8-kimi27sglang-c-b,kimi27sglang,c,0,608449,tsvc_2_s2233,score,ok,1,2475237,36.468232307024564,gcc
llr8-kimi27sglang-c-b,kimi27sglang,c,0,608449,tsvc_2_s2233,score,ok,1,2581809,30.509495760459114,gcc
llr8-kimi27sglang-c-b,kimi27sglang,c,0,608449,tsvc_2_s2233,submit,timeout,0,2688763,0.0,gcc
llr8-kimi27sglang-c-b,kimi27sglang,c,0,608449,tsvc_2_s2275,score,incorrect,0,237519,0.0,gcc
llr8-kimi27sglang-c-b,kimi27sglang,c,0,608449,tsvc_2_s2275,score,ok,1,330876,123.33844432502056,gcc
llr8-kimi27sglang-c-b,kimi27sglang,c,0,608449,tsvc_2_s2275,submit,ok,1,357064,99.99999999999991,gcc
llr8-kimi27sglang-c-b,kimi27sglang,c,0,608449,tsvc_2_s2275,score,ok,1,384500,1.0295902883156298,gcc
llr8-kimi27sglang-c-b,kimi27sglang,c,0,608449,tsvc_2_s2275,score,ok,1,413112,82.09047703601938,gcc
llr8-kimi27sglang-c-b,kimi27sglang,c,0,608449,tsvc_2_s2275,score,ok,1,442133,67.10633173664701,gcc
llr8-kimi27sglang-c-b,kimi27sglang,c,0,608449,tsvc_2_s2275,score,ok,1,532161,5.4063745019920315,gcc
llr8-kimi27sglang-c-b,kimi27sglang,c,0,608449,tsvc_2_s2275,score,ok,1,563156,119.35683610059414,gcc
llr8-kimi27sglang-c-b,kimi27sglang,c,0,608449,tsvc_2_s2275,score,ok,1,594462,81.99480245339092,gcc
llr8-kimi27sglang-c-b,kimi27sglang,c,0,608449,tsvc_2_s2275,score,ok,1,626079,67.1411283107663,gcc
llr8-kimi27sglang-c-b,kimi27sglang,c,0,608449,tsvc_2_s2275,submit,ok,1,657992,99.99999999999991,gcc
llr8-kimi27sglang-c-b,kimi27sglang,c,0,608449,tsvc_2_s2275,score,ok,1,791307,14.352476027304354,gcc
llr8-kimi27sglang-c-b,kimi27sglang,c,0,608449,tsvc_2_s2275,score,ok,1,1195703,2.2282430213464695,gcc
llr8-kimi27sglang-c-b,kimi27sglang,c,0,608449,tsvc_2_s2275,score,ok,1,1294481,2.8448637316561847,gcc
llr8-kimi27sglang-c-b,kimi27sglang,c,0,608449,tsvc_2_s2275,score,ok,1,1344700,116.45135222912586,gcc
llr8-kimi27sglang-c-b,kimi27sglang,c,0,608449,tsvc_2_s2275,score,ok,1,1554472,2.2173202614379086,gcc
llr8-kimi27sglang-c-b,kimi27sglang,c,0,608449,tsvc_2_s2275,score,ok,1,1785032,3.7590027700831024,gcc
llr8-kimi27sglang-c-b,kimi27sglang,c,0,608449,tsvc_2_s2275,score,incorrect,0,1844384,0.0,gcc
llr8-kimi27sglang-c-b,kimi27sglang,c,0,608449,tsvc_2_s2275,score,ok,1,2025206,2.2392739273927393,gcc
llr8-kimi27sglang-c-b,kimi27sglang,c,0,608449,tsvc_2_s2275,score,ok,1,2147438,2.296108291032149,gcc
llr8-kimi27sglang-c-b,kimi27sglang,c,0,608449,tsvc_2_s2275,score,ok,1,2270833,2.1677316293929714,gcc
llr8-kimi27sglang-c-b,kimi27sglang,c,0,608449,tsvc_2_s2275,score,ok,1,2396180,2.2173202614379086,gcc
llr8-kimi27sglang-c-b,kimi27sglang,c,0,608449,tsvc_2_s2275,score,ok,1,2459664,83.05984717143342,gcc
llr8-kimi27sglang-c-b,kimi27sglang,c,0,608449,tsvc_2_s2275,score,ok,1,2587386,2.231540864989311,gcc
llr8-kimi27sglang-c-b,kimi27sglang,c,0,608449,tsvc_2_s2275,score,ok,1,2652247,123.00444764376321,gcc
llr8-kimi27sglang-c-b,kimi27sglang,c,0,608449,tsvc_2_s2275,score,ok,1,2717436,82.20853676318741,gcc
llr8-kimi27sglang-c-b,kimi27sglang,c,0,608449,tsvc_2_s2275,score,ok,1,2851096,5.849137931034483,gcc
llr8-kimi27sglang-c-b,kimi27sglang,c,0,608449,tsvc_2_s2275,score,ok,1,2918390,84.97564943034477,gcc
llr8-kimi27sglang-c-b,kimi27sglang,c,0,608449,tsvc_2_s2275,score,ok,1,3055240,120.81403107918042,gcc
llr8-kimi27sglang-c-b,kimi27sglang,c,0,608449,tsvc_2_s2275,score,ok,1,3194309,106.52057266005687,gcc
llr8-kimi27sglang-c-b,kimi27sglang,c,0,608449,tsvc_2_s2275,submit,ok,1,3334456,99.99999999999991,gcc
llr8-kimi27sglang-c-b,kimi27sglang,c,0,608449,tsvc_2_s231,score,build_error,0,54465,0.0,gcc
llr8-kimi27sglang-c-b,kimi27sglang,c,0,608449,tsvc_2_s231,score,build_error,0,212365,0.0,gcc
llr8-kimi27sglang-c-b,kimi27sglang,c,0,608449,tsvc_2_s231,score,incorrect,0,249190,0.0,gcc
llr8-kimi27sglang-c-b,kimi27sglang,c,0,608449,tsvc_2_s231,score,incorrect,0,330760,0.0,gcc
llr8-kimi27sglang-c-b,kimi27sglang,c,0,608449,tsvc_2_s231,score,incorrect,0,376598,0.0,gcc
llr8-kimi27sglang-c-b,kimi27sglang,c,0,608449,tsvc_2_s231,score,incorrect,0,425423,0.0,gcc
llr8-kimi27sglang-c-b,kimi27sglang,c,0,608449,tsvc_2_s231,score,ok,1,1008267,18.520638210174972,gcc
llr8-kimi27sglang-c-b,kimi27sglang,c,0,608449,tsvc_2_s231,submit,ok,1,1054220,16.666666666666682,gcc
llr8-kimi27sglang-c-b,kimi27sglang,c,0,608449,tsvc_2_s231,score,ok,1,1433043,17.851789323772017,gcc
llr8-kimi27sglang-c-b,kimi27sglang,c,0,608449,tsvc_2_s231,score,ok,1,1585916,18.32908757288633,gcc
llr8-kimi27sglang-c-b,kimi27sglang,c,0,608449,tsvc_2_s231,score,incorrect,0,1743841,0.0,gcc
llr8-kimi27sglang-c-b,kimi27sglang,c,0,608449,tsvc_2_s231,score,ok,1,1988661,20.630302258762836,gcc
llr8-kimi27sglang-c-b,kimi27sglang,c,0,608449,tsvc_2_s231,submit,ok,1,2071004,20.00000000000003,gcc
llr8-kimi27sglang-c-b,kimi27sglang,c,0,608449,tsvc_2_s231,score,ok,1,2238652,20.011897018994837,gcc
llr8-kimi27sglang-c-b,kimi27sglang,c,0,608449,tsvc_2_s231,score,ok,1,2410134,21.027442647537768,gcc
llr8-kimi27sglang-c-b,kimi27sglang,c,0,608449,tsvc_2_s231,submit,ok,1,2496779,20.00000000000003,gcc
llr8-kimi27sglang-c-b,kimi27sglang,c,0,608449,tsvc_2_s231,score,ok,1,2672942,21.136697279119513,gcc
llr8-kimi27sglang-c-b,kimi27sglang,c,0,608449,tsvc_2_s231,submit,ok,1,2762427,16.666666666666682,gcc
llr8-kimi27sglang-c-b,kimi27sglang,c,0,608449,tsvc_2_s231,score,ok,1,2944495,21.061310205369768,gcc
llr8-kimi27sglang-c-b,kimi27sglang,c,0,608449,tsvc_2_s231,score,ok,1,3131761,20.23686580907074,gcc
llr8-kimi27sglang-c-b,kimi27sglang,c,0,608449,tsvc_2_s231,score,ok,1,3323304,20.146497195524788,gcc
llr8-kimi27sglang-c-b,kimi27sglang,c,0,608449,tsvc_2_s231,score,ok,1,3518273,19.98216715914535,gcc
llr8-kimi27sglang-c-b,kimi27sglang,c,0,608449,tsvc_2_s231,score,ok,1,3718416,20.861273954149496,gcc
llr8-kimi27sglang-c-b,kimi27sglang,c,0,608449,tsvc_2_s231,submit,ok,1,3820390,20.00000000000003,gcc
llr8-kimi27sglang-c-b,kimi27sglang,c,0,608449,tsvc_2_s231,score,ok,1,4028674,19.836183720025282,gcc
llr8-kimi27sglang-c-b,kimi27sglang,c,0,608449,tsvc_2_s231,score,ok,1,4243795,16.856731759389817,gcc
llr8-kimi27sglang-c-b,kimi27sglang,c,0,608449,tsvc_2_s231,score,ok,1,4463728,20.067114140749705,gcc
llr8-kimi27sglang-c-b,kimi27sglang,c,0,608449,tsvc_2_s231,score,ok,1,4688139,20.076932825242007,gcc
llr8-kimi27sglang-c-b,kimi27sglang,c,0,608449,tsvc_2_s231,submit,ok,1,4917867,16.666666666666682,gcc
llr8-kimi27sglang-c-b,kimi27sglang,c,0,608449,tsvc_2_s231,score,ok,1,5153617,20.257383858857878,gcc
llr8-kimi27sglang-c-b,kimi27sglang,c,0,608449,tsvc_2_s231,score,ok,1,5273251,20.069598929305243,gcc
llr8-kimi27sglang-c-b,kimi27sglang,c,0,608449,tsvc_2_s231,submit,ok,1,5515620,20.00000000000003,gcc
llr8-kimi27sglang-c-b,kimi27sglang,c,0,608449,tsvc_2_s231,score,ok,1,5762807,19.870276289957207,gcc
llr8-kimi27sglang-c-b,kimi27sglang,c,0,608449,tsvc_2_s231,submit,ok,1,6015844,20.00000000000003,gcc
llr8-kimi27sglang-c-b,kimi27sglang,c,0,608449,tsvc_2_s231,submit,ok,1,6275102,20.00000000000003,gcc
llr8-oss120b-c-skills,oss120b,c,1,608987,argmax_with_index,score,ok,1,444372,20.19201128520806,gcc
llr8-oss120b-c-skills,oss120b,c,1,608987,tsvc_2_s311,score,score_error,0,1179997,0.0,gcc
llr8-oss120b-c-skills,oss120b,c,1,608987,argmax_with_index,submit,ok,1,476633,20.00000000000003,gcc
llr8-oss120b-c-skills,oss120b,c,1,608987,tsvc_2_s311,score,incorrect,0,1216616,0.0,gcc
llr8-oss120b-c-skills,oss120b,c,1,608987,tsvc_2_s311,score,incorrect,0,2177805,0.0,gcc
llr8-oss120b-c-skills,oss120b,c,1,608987,tsvc_2_s311,score,incorrect,0,2450993,0.0,gcc
llr8-oss120b-c-skills,oss120b,c,1,608987,tsvc_2_s311,score,incorrect,0,2735559,0.0,gcc
llr8-oss120b-c-skills,oss120b,c,1,608987,tsvc_2_s3111,score,incorrect,0,2794011,0.0,gcc
llr8-oss120b-c-skills,oss120b,c,1,608987,tsvc_2_s319,score,incorrect,0,2853652,0.0,gcc
llr8-oss120b-c-skills,oss120b,c,1,608987,tsvc_2_s311,score,incorrect,0,3622464,0.0,gcc
llr8-oss120b-c-skills,oss120b,c,1,608987,tsvc_2_s3110,score,incorrect,0,3643228,0.0,gcc
llr8-oss120b-c-skills,oss120b,c,1,608987,tsvc_2_s255,score,incorrect,0,3664924,0.0,gcc
llr8-oss120b-c-skills,oss120b,c,1,608987,tsvc_2_s115,score,build_error,0,3899504,0.0,gcc
llr8-oss120b-c-skills,oss120b,c,1,608987,tsvc_2_s311,score,score_error,0,4796522,0.0,gcc
llr8-oss120b-c-skills,oss120b,c,1,608987,tsvc_2_s311,score,incorrect,0,5615003,0.0,gcc
llr8-oss120b-c-skills,oss120b,c,1,608987,tsvc_2_s311,score,ok,1,5993646,3.974800044351281,gcc
llr8-oss120b-c-skills,oss120b,c,1,608987,ext_break_capture,score,ok,1,157487,5.774268862718784,gcc
llr8-oss120b-c-skills,oss120b,c,1,608987,ext_break_capture,submit,ok,1,178158,5.555555555555557,gcc
llr8-oss120b-c-skills,oss120b,c,1,608987,tsvc_2_s3110,score,score_error,0,1348175,0.0,gcc
llr8-oss120b-c-skills,oss120b,c,1,608987,tsvc_2_s3110,score,build_error,0,1403805,0.0,gcc
llr8-oss120b-c-skills,oss120b,c,1,608987,tsvc_2_s3110,score,build_error,0,2088180,0.0,gcc
llr8-oss120b-c-skills,oss120b,c,1,608987,tsvc_2_s3110,score,incorrect,0,2102007,0.0,gcc
llr8-oss120b-c-skills,oss120b,c,1,608987,tsvc_2_s3110,score,incorrect,0,2150938,0.0,gcc
llr8-oss120b-c-skills,oss120b,c,1,608987,tsvc_2_s311,score,incorrect,0,2476604,0.0,gcc
llr8-oss120b-c-skills,oss120b,c,1,608987,tsvc_2_s3110,score,incorrect,0,2505005,0.0,gcc
llr8-oss120b-c-skills,oss120b,c,1,608987,tsvc_2_s3110,score,score_error,0,2566608,0.0,gcc
llr8-oss120b-c-skills,oss120b,c,1,608987,tsvc_2_s3110,score,incorrect,0,2598398,0.0,gcc
llr8-oss120b-c-skills,oss120b,c,1,608987,tsvc_2_s3110,score,incorrect,0,2937107,0.0,gcc
llr8-oss120b-c-skills,oss120b,c,1,608987,tsvc_2_s3110,score,incorrect,0,3060287,0.0,gcc
llr8-oss120b-c-skills,oss120b,c,1,608987,tsvc_2_s255,score,incorrect,0,3102685,0.0,gcc
llr8-oss120b-c-skills,oss120b,c,1,608987,tsvc_2_s3110,score,ok,1,3701069,13.48578782767001,gcc
llr8-oss120b-c-skills,oss120b,c,1,608987,tsvc_2_s3110,submit,ok,1,3757408,12.500000000000007,gcc
llr8-oss120b-c-skills,oss120b,c,1,608987,tsvc_2_s119,score,build_error,0,536739,0.0,gcc
llr8-oss120b-c-skills,oss120b,c,1,608987,tsvc_2_s119,score,build_error,0,717224,0.0,gcc
llr8-oss120b-c-skills,oss120b,c,1,608987,tsvc_2_s115,score,score_error,0,803142,0.0,gcc
llr8-oss120b-c-skills,oss120b,c,1,608987,tsvc_2_s119,score,build_error,0,846569,0.0,gcc
llr8-oss120b-c-skills,oss120b,c,1,608987,tsvc_2_s119,score,incorrect,0,1227495,0.0,gcc
llr8-oss120b-c-skills,oss120b,c,1,608987,tsvc_2_s115,score,incorrect,0,1278322,0.0,gcc
llr8-oss120b-c-skills,oss120b,c,1,608987,tsvc_2_vpvts,score,incorrect,0,1059833,0.0,gcc
llr8-oss120b-c-skills,oss120b,c,1,608987,tsvc_2_s119,score,incorrect,0,1443271,0.0,gcc
llr8-oss120b-c-skills,oss120b,c,1,608987,tsvc_2_vpvts,score,score_error,0,1424806,0.0,gcc
llr8-oss120b-c-skills,oss120b,c,1,608987,tsvc_2_s119,score,incorrect,0,1621616,0.0,gcc
llr8-oss120b-c-skills,oss120b,c,1,608987,tsvc_2_vtvtv,score,incorrect,0,1512073,0.0,gcc
llr8-oss120b-c-skills,oss120b,c,1,608987,argmax_with_index,score,ok,1,1834094,16.701024593531844,gcc
llr8-oss120b-c-skills,oss120b,c,1,608987,tsvc_2_s119,score,build_error,0,2063187,0.0,gcc
llr8-oss120b-c-skills,oss120b,c,1,608987,tsvc_2_vpvts,score,incorrect,0,2290279,0.0,gcc
llr8-oss120b-c-skills,oss120b,c,1,608987,tsvc_2_s115,score,score_error,0,2100200,0.0,gcc
llr8-oss120b-c-skills,oss120b,c,1,608987,tsvc_2_s115,score,incorrect,0,2113636,0.0,gcc
llr8-oss120b-c-skills,oss120b,c,1,608987,tsvc_2_s311,score,incorrect,0,2127931,0.0,gcc
llr8-oss120b-c-skills,oss120b,c,1,608987,tsvc_2_s119,score,incorrect,0,2266114,0.0,gcc
llr8-oss120b-c-skills,oss120b,c,1,608987,tsvc_2_s316,score,incorrect,0,2285956,0.0,gcc
llr8-oss120b-c-skills,oss120b,c,1,608987,tsvc_2_vpvts,score,incorrect,0,2511742,0.0,gcc
llr8-oss120b-c-skills,oss120b,c,1,608987,tsvc_2_s119,score,incorrect,0,2673568,0.0,gcc
llr8-oss120b-c-skills,oss120b,c,1,608987,tsvc_2_s119,score,incorrect,0,2764763,0.0,gcc
llr8-oss120b-c-skills,oss120b,c,1,608987,tsvc_2_vpvts,score,score_error,0,2691058,0.0,gcc
llr8-oss120b-c-skills,oss120b,c,1,608987,tsvc_2_s119,score,incorrect,0,3140022,0.0,gcc
llr8-oss120b-c-skills,oss120b,c,1,608987,tsvc_2_s152,score,incorrect,0,3177350,0.0,gcc
llr8-oss120b-c-skills,oss120b,c,1,608987,tsvc_2_s119,score,build_error,0,3591535,0.0,gcc
llr8-oss120b-c-skills,oss120b,c,1,608987,tsvc_2_s119,score,incorrect,0,4566099,0.0,gcc
llr8-oss120b-c-skills,oss120b,c,1,608987,tsvc_2_vtvtv,score,incorrect,0,1696655,0.0,gcc
llr8-oss120b-c-skills,oss120b,c,1,608987,tsvc_2_s1232,score,build_error,0,685263,0.0,gcc
llr8-oss120b-c-skills,oss120b,c,1,608987,tsvc_2_s1232,score,score_error,0,722235,0.0,gcc
llr8-oss120b-c-skills,oss120b,c,1,608987,tsvc_2_s119,score,build_error,0,759918,0.0,gcc
llr8-oss120b-c-skills,oss120b,c,1,608987,tsvc_2_s152,score,score_error,0,1843764,0.0,gcc
llr8-oss120b-c-skills,oss120b,c,1,608987,tsvc_2_s1232,score,incorrect,0,1222810,0.0,gcc
llr8-oss120b-c-skills,oss120b,c,1,608987,tsvc_2_vtvtv,score,incorrect,0,1998507,0.0,gcc
llr8-oss120b-c-skills,oss120b,c,1,608987,tsvc_2_s115,score,incorrect,0,1268300,0.0,gcc
llr8-oss120b-c-skills,oss120b,c,1,608987,tsvc_2_s275,score,incorrect,0,2216562,0.0,gcc
llr8-oss120b-c-skills,oss120b,c,1,608987,tsvc_2_s1232,score,incorrect,0,1902747,0.0,gcc
llr8-oss120b-c-skills,oss120b,c,1,608987,tsvc_2_s1232,score,incorrect,0,2110994,0.0,gcc
llr8-oss120b-c-skills,oss120b,c,1,608987,tsvc_2_vtvtv,score,score_error,0,2626647,0.0,gcc
llr8-oss120b-c-skills,oss120b,c,1,608987,tsvc_2_vtvtv,score,incorrect,0,3354035,0.0,gcc
llr8-oss120b-c-skills,oss120b,c,1,608987,tsvc_2_vtvtv,score,incorrect,0,3439657,0.0,gcc
llr8-oss120b-c-skills,oss120b,c,1,608987,tsvc_2_s1232,score,incorrect,0,2614060,0.0,gcc
llr8-oss120b-c-skills,oss120b,c,1,608987,tsvc_2_s115,score,build_error,0,2638824,0.0,gcc
llr8-oss120b-c-skills,oss120b,c,1,608987,tsvc_2_s152,score,incorrect,0,3549105,0.0,gcc
llr8-oss120b-c-skills,oss120b,c,1,608987,tsvc_2_s119,score,build_error,0,2745147,0.0,gcc
llr8-oss120b-c-skills,oss120b,c,1,608987,tsvc_2_s2233,score,incorrect,0,2951941,0.0,gcc
llr8-oss120b-c-skills,oss120b,c,1,608987,tsvc_2_s1232,score,score_error,0,3051314,0.0,gcc
llr8-oss120b-c-skills,oss120b,c,1,608987,tsvc_2_vtvtv,score,incorrect,0,3736490,0.0,gcc
llr8-oss120b-c-skills,oss120b,c,1,608987,tsvc_2_s2275,score,incorrect,0,3229938,0.0,gcc
llr8-oss120b-c-skills,oss120b,c,1,608987,tsvc_2_vtvtv,score,score_error,0,3817746,0.0,gcc
llr8-oss120b-c-skills,oss120b,c,1,608987,tsvc_2_vtvtv,score,incorrect,0,4231567,0.0,gcc
llr8-oss120b-c-skills,oss120b,c,1,608987,tsvc_2_vtvtv,score,incorrect,0,4379360,0.0,gcc
llr8-oss120b-c-skills,oss120b,c,1,608987,tsvc_2_s235,score,incorrect,0,4387601,0.0,gcc
llr8-oss120b-c-skills,oss120b,c,1,608987,tsvc_2_vtvtv,score,incorrect,0,4575921,0.0,gcc
llr8-oss120b-c-skills,oss120b,c,1,608987,tsvc_2_vtvtv,score,incorrect,0,4740705,0.0,gcc
llr8-oss120b-c-skills,oss120b,c,1,608987,tsvc_2_vtvtv,score,incorrect,0,5183926,0.0,gcc
llr8-oss120b-c-skills,oss120b,c,1,608987,tsvc_2_s1232,score,incorrect,0,4852567,0.0,gcc
llr8-oss120b-c-skills,oss120b,c,1,608987,tsvc_2_vtvtv,score,incorrect,0,5468865,0.0,gcc
llr8-oss120b-c-skills,oss120b,c,1,608987,tsvc_2_s1232,score,incorrect,0,5363524,0.0,gcc
llr8-oss120b-c-skills,oss120b,c,1,608987,tsvc_2_vtvtv,score,incorrect,0,5831643,3323.9030147578155,gcc
llr8-oss120b-c-skills,oss120b,c,1,608987,tsvc_2_vtvtv,score,incorrect,0,6053782,3592.4594214543995,gcc
llr8-oss120b-c-skills,oss120b,c,1,608987,tsvc_2_vtvtv,score,incorrect,0,6228521,5294.038780343399,gcc
llr8-oss120b-c-skills,oss120b,c,1,608987,tsvc_2_vtvtv,score,incorrect,0,6348565,4708.600052659294,gcc
llr8-oss120b-c-skills,oss120b,c,1,608987,wavefront2d,score,ok,1,313342,2.0404508517257933,gcc
llr8-oss120b-c-skills,oss120b,c,1,608987,wavefront2d,submit,ok,1,365616,2.0833333333333335,gcc
llr8-oss120b-c-skills,oss120b,c,1,608987,tsvc_2_s1244,score,incorrect,0,2029786,0.0,gcc
llr8-oss120b-c-skills,oss120b,c,1,608987,wavefront2d,score,ok,1,588445,2.4252903930706475,gcc
llr8-oss120b-c-skills,oss120b,c,1,608987,wavefront2d,submit,ok,1,646583,2.380952380952381,gcc
llr8-oss120b-c-skills,oss120b,c,1,608987,tsvc_2_s1244,score,incorrect,0,2431571,0.0,gcc
llr8-oss120b-c-skills,oss120b,c,1,608987,tsvc_2_s1244,score,incorrect,0,2759041,0.0,gcc
llr8-oss120b-c-skills,oss120b,c,1,608987,tsvc_2_s1244,score,incorrect,0,3781573,0.0,gcc
llr8-oss120b-c-skills,oss120b,c,1,608987,tsvc_2_s1244,score,incorrect,0,4235894,0.0,gcc
llr8-oss120b-c-skills,oss120b,c,1,608987,tsvc_2_s1244,score,incorrect,0,5264670,0.0,gcc
llr8-oss120b-c-skills,oss120b,c,1,608987,tsvc_2_s1244,score,incorrect,0,5392913,0.0,gcc
llr8-oss120b-c-skills,oss120b,c,1,608987,tsvc_2_s1244,score,incorrect,0,5527571,0.0,gcc
llr8-oss120b-c-skills,oss120b,c,1,608987,tsvc_2_s323,score,incorrect,0,5562297,0.0,gcc
llr8-oss120b-c-skills,oss120b,c,1,608987,tsvc_2_s319,score,incorrect,0,5671081,0.0,gcc
llr8-oss120b-c-skills,oss120b,c,1,608987,tsvc_2_s1244,score,incorrect,0,5946026,0.0,gcc
llr8-oss120b-c-skills,oss120b,c,1,608987,tsvc_2_s1244,score,incorrect,0,7236424,0.0,gcc
llr8-oss120b-c-skills,oss120b,c,1,608987,tsvc_2_s1244,score,incorrect,0,7669420,0.0,gcc
llr8-oss120b-c-skills,oss120b,c,1,608987,tsvc_2_s1244,score,incorrect,0,7891187,8187.867296678121,gcc
llr8-oss120b-c-skills,oss120b,c,1,608987,tsvc_2_s1244,score,incorrect,0,8346751,7937.82137701277,gcc
llr8-oss120b-c-skills,oss120b,c,1,608987,tsvc_2_s1244,score,incorrect,0,8605608,10.618111613784011,gcc
llr8-oss120b-c-skills,oss120b,c,1,608987,tsvc_2_s1244,score,incorrect,0,9217865,4.881791461074878,gcc
llr8-oss120b-c-skills,oss120b,c,1,608987,wf_diff_skew,score,ok,1,201455,1.0843656344281785,gcc
llr8-oss120b-c-skills,oss120b,c,1,608987,tsvc_2_s13110,score,incorrect,0,1007273,0.0,gcc
llr8-oss120b-c-skills,oss120b,c,1,608987,tsvc_2_s2710,score,build_error,0,1048789,0.0,gcc
llr8-oss120b-c-skills,oss120b,c,1,608987,wf_diff_skew,score,ok,1,503926,3.0367494758404265,gcc
llr8-oss120b-c-skills,oss120b,c,1,608987,wf_diff_skew,submit,ok,1,537835,2.7027027027027026,gcc
llr8-oss120b-c-skills,oss120b,c,1,608987,tsvc_2_s13110,score,incorrect,0,1821460,0.0,gcc
llr8-oss120b-c-skills,oss120b,c,1,608987,tsvc_2_s13110,score,incorrect,0,1980946,0.0,gcc
llr8-oss120b-c-skills,oss120b,c,1,608987,tsvc_2_s13110,score,incorrect,0,2387772,0.0,gcc
llr8-oss120b-c-skills,oss120b,c,1,608987,tsvc_2_s255,score,incorrect,0,2448549,0.0,gcc
llr8-oss120b-c-skills,oss120b,c,1,608987,tsvc_2_s13110,score,incorrect,0,2815344,0.0,gcc
llr8-oss120b-c-skills,oss120b,c,1,608987,tsvc_2_s13110,score,ok,1,6829598,2.713011228970375,gcc
llr8-oss120b-c-skills,oss120b,c,1,608987,tsvc_2_s13110,submit,ok,1,6890707,2.380952380952381,gcc
llr8-oss120b-c-skills,oss120b,c,1,608987,wf_north_west,score,ok,1,515060,0.506892751627215,gcc
llr8-oss120b-c-skills,oss120b,c,1,608987,tsvc_2_s152,score,incorrect,0,1404441,0.0,gcc
llr8-oss120b-c-skills,oss120b,c,1,608987,wf_north_west,score,ok,1,1587641,1.6298934893612873,gcc
llr8-oss120b-c-skills,oss120b,c,1,608987,wf_north_west,submit,ok,1,1631731,1.5873015873015872,gcc
llr8-oss120b-c-skills,oss120b,c,1,608987,tsvc_2_s115,score,incorrect,0,2207475,0.0,gcc
llr8-oss120b-c-skills,oss120b,c,1,608987,tsvc_2_s1244,score,incorrect,0,2258278,0.0,gcc
llr8-oss120b-c-skills,oss120b,c,1,608987,tsvc_2_s152,score,incorrect,0,2817061,0.0,gcc
llr8-oss120b-c-skills,oss120b,c,1,608987,tsvc_2_s152,score,incorrect,0,2990712,0.0,gcc
llr8-oss120b-c-skills,oss120b,c,1,608987,tsvc_2_s152,score,incorrect,0,3108671,0.0,gcc
llr8-oss120b-c-skills,oss120b,c,1,608987,tsvc_2_s152,score,incorrect,0,3600305,0.0,gcc
llr8-oss120b-c-skills,oss120b,c,1,608987,tsvc_2_s152,score,incorrect,0,4227461,0.0,gcc
llr8-oss120b-c-skills,oss120b,c,1,608987,tsvc_2_s115,score,build_error,0,4544991,0.0,gcc
llr8-oss120b-c-skills,oss120b,c,1,608987,tsvc_2_s1244,score,incorrect,0,4601901,0.0,gcc
llr8-oss120b-c-skills,oss120b,c,1,608987,tsvc_2_s152,score,incorrect,0,5071419,0.0,gcc
llr8-oss120b-c-skills,oss120b,c,1,608987,tsvc_2_s152,score,incorrect,0,5653510,0.0,gcc
llr8-oss120b-c-skills,oss120b,c,1,608987,tsvc_2_s3112,score,ok,1,5738096,0.9978415811687624,gcc
llr8-oss120b-c-skills,oss120b,c,1,608987,tsvc_2_s152,score,incorrect,0,6142964,0.0,gcc
llr8-oss120b-c-skills,oss120b,c,1,608987,tsvc_2_s152,score,incorrect,0,6335616,0.0,gcc
llr8-oss120b-c-skills,oss120b,c,1,608987,tsvc_2_s252,score,timeout,0,7211393,0.0,gcc
llr8-oss120b-c-skills,oss120b,c,1,608987,tsvc_2_s152,score,incorrect,0,8641826,0.0,gcc
llr8-oss120b-c-skills,oss120b,c,1,608987,tsvc_2_vag,score,incorrect,0,8848891,0.0,gcc
llr8-oss120b-c-skills,oss120b,c,1,608987,tsvc_2_s115,score,incorrect,0,8881898,0.0,gcc
llr8-oss120b-c-skills,oss120b,c,1,608987,tsvc_2_s152,score,score_error,0,8915725,0.0,gcc
llr8-oss120b-c-skills,oss120b,c,1,608987,tsvc_2_s1244,score,incorrect,0,9358261,6810.907085253456,gcc
llr8-oss120b-c-skills,oss120b,c,1,608987,tsvc_2_s152,score,build_error,0,9800226,0.0,gcc
llr8-oss120b-c-skills,oss120b,c,1,608987,tsvc_2_s152,score,incorrect,0,9945942,0.0,gcc
llr8-oss120b-c-skills,oss120b,c,1,608987,tsvc_2_s152,score,incorrect,0,10418155,0.0,gcc
llr8-oss120b-c-skills,oss120b,c,1,608987,tsvc_2_s152,score,incorrect,0,10531508,0.5832927676285676,gcc
llr8-oss120b-c-skills,oss120b,c,1,608987,tsvc_2_s152,score,incorrect,0,10708117,0.6096560500707742,gcc
llr8-oss120b-c-skills,oss120b,c,1,608987,tsvc_2_s152,score,incorrect,0,11074434,0.6141232254824929,gcc
llr8-oss120b-c-skills,oss120b,c,1,608987,tsvc_2_s152,score,incorrect,0,13017010,1.048408078078004,gcc
llr8-oss120b-c-skills,oss120b,c,1,608987,wf_triangular,score,ok,1,391720,2.1121400016609604,gcc
llr8-oss120b-c-skills,oss120b,c,1,608987,wf_triangular,score,ok,1,1349107,4.406960309793822,gcc
llr8-oss120b-c-skills,oss120b,c,1,608987,wf_triangular,score,ok,1,1884097,4.578813429930188,gcc
llr8-oss120b-c-skills,oss120b,c,1,608987,wf_triangular,submit,ok,1,2097437,2.0833333333333335,gcc
llr8-oss120b-c-skills,oss120b,c,1,608987,tsvc_2_s2233,score,incorrect,0,1357928,0.0,gcc
llr8-oss120b-c-skills,oss120b,c,1,608987,wf_triangular,score,ok,1,2410478,4.60296261583449,gcc
llr8-oss120b-c-skills,oss120b,c,1,608987,wf_triangular,submit,ok,1,2502150,4.347826086956522,gcc
llr8-oss120b-c-skills,oss120b,c,1,608987,tsvc_2_s2233,score,incorrect,0,1646184,0.0,gcc
llr8-oss120b-c-skills,oss120b,c,1,608987,tsvc_2_s2233,score,incorrect,0,1898582,0.0,gcc
llr8-oss120b-c-skills,oss120b,c,1,608987,tsvc_2_s2233,score,incorrect,0,3055599,0.0,gcc
llr8-oss120b-c-skills,oss120b,c,1,608987,tsvc_2_s2233,score,incorrect,0,3375182,0.0,gcc
llr8-oss120b-c-skills,oss120b,c,1,608987,tsvc_2_s2233,score,incorrect,0,3743001,0.0,gcc
llr8-oss120b-c-skills,oss120b,c,1,608987,tsvc_2_s2233,score,incorrect,0,4094569,0.0,gcc
llr8-oss120b-c-skills,oss120b,c,1,608987,tsvc_2_s119,score,incorrect,0,4187326,0.0,gcc
llr8-oss120b-c-skills,oss120b,c,1,608987,tsvc_2_s115,score,incorrect,0,4429569,0.0,gcc
llr8-oss120b-c-skills,oss120b,c,1,608987,tsvc_2_s231,score,build_error,0,4542035,0.0,gcc
llr8-oss120b-c-skills,oss120b,c,1,608987,tsvc_2_s311,score,score_error,0,4704399,0.0,gcc
llr8-oss120b-c-skills,oss120b,c,1,608987,tsvc_2_s2233,score,incorrect,0,5017636,2.5895369652886973,gcc
llr8-oss120b-c-skills,oss120b,c,1,608987,tsvc_2_s2233,score,incorrect,0,5844342,2.603674918513456,gcc
llr8-oss120b-c-skills,oss120b,c,1,608987,tsvc_2_s2233,score,incorrect,0,6631290,2.605161750069839,gcc
llr8-oss120b-c-skills,oss120b,c,1,608987,tsvc_2_s3110,score,ok,1,6696164,11.046354851410015,gcc
llr8-oss120b-c-skills,oss120b,c,1,608987,tsvc_2_s2233,score,incorrect,0,7491405,2.578692836631906,gcc
llr8-oss120b-c-skills,oss120b,c,1,608987,tsvc_2_s2233,score,incorrect,0,8393385,2.591340030224261,gcc
llr8-oss120b-c-skills,oss120b,c,1,608987,tsvc_2_s115,score,incorrect,0,8591838,1.9541259653827696,gcc
llr8-oss120b-c-skills,oss120b,c,1,608987,tsvc_2_s2275,score,incorrect,0,989325,0.0,gcc
llr8-oss120b-c-skills,oss120b,c,1,608987,tsvc_2_s2275,score,score_error,0,1191274,0.0,gcc
llr8-oss120b-c-skills,oss120b,c,1,608987,tsvc_2_s1244,score,incorrect,0,1682764,0.0,gcc
llr8-oss120b-c-skills,oss120b,c,1,608987,argmax_with_index,score,ok,1,2158756,16.334347937451778,gcc
llr8-oss120b-c-skills,oss120b,c,1,608987,tsvc_2_s119,score,build_error,0,2391884,0.0,gcc
llr8-oss120b-c-skills,oss120b,c,1,608987,tsvc_2_s323,score,incorrect,0,2576659,0.0,gcc
llr8-oss120b-c-skills,oss120b,c,1,608987,tsvc_2_s2275,score,incorrect,0,3558312,0.0,gcc
llr8-oss120b-c-skills,oss120b,c,1,608987,tsvc_2_s2275,score,incorrect,0,3617910,0.0,gcc
llr8-oss120b-c-skills,oss120b,c,1,608987,tsvc_2_s2275,score,incorrect,0,3804920,0.0,gcc
llr8-oss120b-c-skills,oss120b,c,1,608987,tsvc_2_s119,score,incorrect,0,3823504,0.0,gcc
llr8-oss120b-c-skills,oss120b,c,1,608987,tsvc_2_vag,score,incorrect,0,3865247,0.0,gcc
llr8-oss120b-c-skills,oss120b,c,1,608987,tsvc_2_s1232,score,score_error,0,4106954,0.0,gcc
llr8-oss120b-c-skills,oss120b,c,1,608987,tsvc_2_s2275,score,incorrect,0,5151928,0.0,gcc
llr8-oss120b-c-skills,oss120b,c,1,608987,tsvc_2_s2275,score,incorrect,0,5471082,0.0,gcc
llr8-oss120b-c-skills,oss120b,c,1,608987,tsvc_2_s2275,score,incorrect,0,6432198,0.0,gcc
llr8-oss120b-c-skills,oss120b,c,1,608987,tsvc_2_s2275,score,incorrect,0,6622653,79662.20454545454,gcc
llr8-oss120b-c-skills,oss120b,c,1,608987,tsvc_2_s2275,score,incorrect,0,8623183,87266.63610573823,gcc
llr8-oss120b-c-skills,oss120b,c,1,608987,tsvc_2_s2275,score,incorrect,0,9477923,85664.90670886076,gcc
llr8-oss120b-c-skills,oss120b,c,1,608987,tsvc_2_s231,score,incorrect,0,1517787,0.0,gcc
llr8-oss120b-c-skills,oss120b,c,1,608987,tsvc_2_s231,score,incorrect,0,1553719,0.0,gcc
llr8-oss120b-c-skills,oss120b,c,1,608987,tsvc_2_s231,score,incorrect,0,1632753,0.0,gcc
llr8-oss120b-c-skills,oss120b,c,1,608987,tsvc_2_s231,score,score_error,0,1690022,0.0,gcc
llr8-oss120b-c-skills,oss120b,c,1,608987,tsvc_2_s231,score,incorrect,0,1972009,0.0,gcc
llr8-oss120b-c-skills,oss120b,c,1,608987,tsvc_2_s323,score,incorrect,0,2001694,0.0,gcc
llr8-oss120b-c-skills,oss120b,c,1,608987,tsvc_2_s231,score,incorrect,0,2755528,0.0,gcc
llr8-oss120b-c-skills,oss120b,c,1,608987,tsvc_2_s233,score,incorrect,0,772905,0.0,gcc
llr8-oss120b-c-skills,oss120b,c,1,608987,tsvc_2_s275,score,incorrect,0,810543,0.0,gcc
llr8-oss120b-c-skills,oss120b,c,1,608987,tsvc_2_s233,score,incorrect,0,1335458,0.0,gcc
llr8-oss120b-c-skills,oss120b,c,1,608987,tsvc_2_s233,score,incorrect,0,1551097,0.0,gcc
llr8-oss120b-c-skills,oss120b,c,1,608987,tsvc_2_s233,score,incorrect,0,2092895,0.0,gcc
llr8-oss120b-c-skills,oss120b,c,1,608987,tsvc_2_s233,score,incorrect,0,2351707,0.0,gcc
llr8-oss120b-c-skills,oss120b,c,1,608987,tsvc_2_s233,score,build_error,0,2556063,0.0,gcc
llr8-oss120b-c-skills,oss120b,c,1,608987,tsvc_2_s233,score,incorrect,0,2647442,0.0,gcc
llr8-oss120b-c-skills,oss120b,c,1,608987,tsvc_2_s233,score,incorrect,0,2755541,0.0,gcc
llr8-oss120b-c-skills,oss120b,c,1,608987,tsvc_2_s231,score,incorrect,0,2803849,0.0,gcc
llr8-oss120b-c-skills,oss120b,c,1,608987,tsvc_2_s255,score,incorrect,0,2936881,0.0,gcc
llr8-oss120b-c-skills,oss120b,c,1,608987,tsvc_2_s233,score,incorrect,0,3331734,0.0,gcc
llr8-oss120b-c-skills,oss120b,c,1,608987,tsvc_2_s233,score,incorrect,0,5295131,0.0,gcc
llr8-oss120b-c-skills,oss120b,c,1,608987,tsvc_2_s233,score,incorrect,0,5525202,81.57373714971656,gcc
llr8-oss120b-c-skills,oss120b,c,1,608987,tsvc_2_s233,score,incorrect,0,5606915,85.1696637942505,gcc
llr8-oss120b-c-skills,oss120b,c,1,608987,tsvc_2_s233,score,incorrect,0,6160661,101.00656411188122,gcc
llr8-oss120b-c-skills,oss120b,c,1,608987,tsvc_2_s233,score,incorrect,0,7413051,81.69558921038694,gcc
llr8-oss120b-c-skills,oss120b,c,1,608987,tsvc_2_s235,score,score_error,0,1170761,0.0,gcc
llr8-oss120b-c-skills,oss120b,c,1,608987,tsvc_2_s235,score,incorrect,0,1214949,0.0,gcc
llr8-oss120b-c-skills,oss120b,c,1,608987,tsvc_2_s235,score,incorrect,0,1595197,0.0,gcc
llr8-oss120b-c-skills,oss120b,c,1,608987,tsvc_2_s3110,score,build_error,0,1644584,0.0,gcc
llr8-oss120b-c-skills,oss120b,c,1,608987,tsvc_2_s235,score,incorrect,0,2071444,0.0,gcc
llr8-oss120b-c-skills,oss120b,c,1,608987,tsvc_2_s255,score,incorrect,0,2127090,0.0,gcc
llr8-oss120b-c-skills,oss120b,c,1,608987,tsvc_2_vag,score,incorrect,0,2417823,0.0,gcc
llr8-oss120b-c-skills,oss120b,c,1,608987,tsvc_2_s235,score,incorrect,0,3174201,0.0,gcc
llr8-oss120b-c-skills,oss120b,c,1,608987,tsvc_2_s235,score,incorrect,0,3438977,0.0,gcc
llr8-oss120b-c-skills,oss120b,c,1,608987,tsvc_2_s235,score,incorrect,0,3941060,0.0,gcc
llr8-oss120b-c-skills,oss120b,c,1,608987,tsvc_2_s231,score,incorrect,0,4448922,0.0,gcc
llr8-oss120b-c-skills,oss120b,c,1,608987,tsvc_2_vag,score,incorrect,0,4826975,0.0,gcc
llr8-oss120b-c-skills,oss120b,c,1,608987,tsvc_2_s235,score,incorrect,0,5981700,0.0,gcc
llr8-oss120b-c-skills,oss120b,c,1,608987,tsvc_2_s235,score,incorrect,0,6975215,0.0,gcc
llr8-oss120b-c-skills,oss120b,c,1,608987,tsvc_2_s235,score,incorrect,0,7448539,2.457255854882043,gcc
llr8-oss120b-c-skills,oss120b,c,1,608987,tsvc_2_s235,score,incorrect,0,8383983,43163.963201035374,gcc
llr8-oss120b-c-skills,oss120b,c,1,608987,tsvc_2_s235,score,incorrect,0,8991271,24771.376470005693,gcc
llr8-oss120b-c-skills,oss120b,c,1,608987,ext_break_find_first,score,ok,1,434463,4.6638856199862815,gcc
llr8-oss120b-c-skills,oss120b,c,1,608987,ext_break_find_first,submit,ok,1,461201,4.347826086956522,gcc
llr8-oss120b-c-skills,oss120b,c,1,608987,tsvc_2_s3111,score,incorrect,0,1196337,0.0,gcc
llr8-oss120b-c-skills,oss120b,c,1,608987,tsvc_2_s3111,score,incorrect,0,1916764,0.0,gcc
llr8-oss120b-c-skills,oss120b,c,1,608987,tsvc_2_s3111,score,incorrect,0,2259092,0.0,gcc
llr8-oss120b-c-skills,oss120b,c,1,608987,tsvc_2_s3111,score,incorrect,0,2623760,0.0,gcc
llr8-oss120b-c-skills,oss120b,c,1,608987,tsvc_2_s3111,score,incorrect,0,2789138,0.0,gcc
llr8-oss120b-c-skills,oss120b,c,1,608987,tsvc_2_s311,score,incorrect,0,2845806,0.0,gcc
llr8-oss120b-c-skills,oss120b,c,1,608987,tsvc_2_s319,score,incorrect,0,3139258,0.0,gcc
llr8-oss120b-c-skills,oss120b,c,1,608987,tsvc_2_s3112,score,incorrect,0,3322097,0.0,gcc
llr8-oss120b-c-skills,oss120b,c,1,608987,tsvc_2_s3111,score,incorrect,0,3423676,0.0,gcc
llr8-oss120b-c-skills,oss120b,c,1,608987,ext_break_post_body,score,ok,1,3633236,3.0440054857510472,gcc
llr8-oss120b-c-skills,oss120b,c,1,608987,tsvc_2_s3111,score,score_error,0,3654517,0.0,gcc
llr8-oss120b-c-skills,oss120b,c,1,608987,tsvc_2_s3111,score,ok,1,3698070,3.655905705592864,gcc
llr8-oss120b-c-skills,oss120b,c,1,608987,tsvc_2_s3111,submit,ok,1,3720391,3.7037037037037033,gcc
llr8-oss120b-c-skills,oss120b,c,1,608987,tsvc_2_s252,score,incorrect,0,1875594,0.0,gcc
llr8-oss120b-c-skills,oss120b,c,1,608987,tsvc_2_s252,score,incorrect,0,2616760,0.0,gcc
llr8-oss120b-c-skills,oss120b,c,1,608987,tsvc_2_s252,score,incorrect,0,2762614,0.0,gcc
llr8-oss120b-c-skills,oss120b,c,1,608987,tsvc_2_s115,score,score_error,0,2775078,0.0,gcc
llr8-oss120b-c-skills,oss120b,c,1,608987,tsvc_2_s252,score,incorrect,0,3785125,0.0,gcc
llr8-oss120b-c-skills,oss120b,c,1,608987,tsvc_2_s252,score,timeout,0,5142142,0.0,gcc
llr8-oss120b-c-skills,oss120b,c,1,608987,tsvc_2_s252,score,timeout,0,5941186,0.0,gcc
llr8-oss120b-c-skills,oss120b,c,1,608987,tsvc_2_s252,score,ok,1,6228496,0.93266470814874,gcc
llr8-oss120b-c-skills,oss120b,c,1,608987,tsvc_2_s255,score,incorrect,0,791765,0.0,gcc
llr8-oss120b-c-skills,oss120b,c,1,608987,tsvc_2_s275,score,incorrect,0,863703,0.0,gcc
llr8-oss120b-c-skills,oss120b,c,1,608987,tsvc_2_s255,score,score_error,0,1025121,0.0,gcc
llr8-oss120b-c-skills,oss120b,c,1,608987,tsvc_2_s255,score,incorrect,0,1869920,0.0,gcc
llr8-oss120b-c-skills,oss120b,c,1,608987,tsvc_2_s255,score,incorrect,0,2182287,0.0,gcc
llr8-oss120b-c-skills,oss120b,c,1,608987,tsvc_2_s255,score,build_error,0,3143261,0.0,gcc
llr8-oss120b-c-skills,oss120b,c,1,608987,tsvc_2_s255,score,score_error,0,3238341,0.0,gcc
llr8-oss120b-c-skills,oss120b,c,1,608987,tsvc_2_s255,score,incorrect,0,3332594,0.0,gcc
llr8-oss120b-c-skills,oss120b,c,1,608987,tsvc_2_s255,score,incorrect,0,5089557,0.0,gcc
llr8-oss120b-c-skills,oss120b,c,1,608987,tsvc_2_s275,score,incorrect,0,5146309,0.0,gcc
llr8-oss120b-c-skills,oss120b,c,1,608987,tsvc_2_s319,score,incorrect,0,5263780,0.0,gcc
llr8-oss120b-c-skills,oss120b,c,1,608987,tsvc_2_s255,score,ok,1,6137789,0.8430888005486283,gcc
llr8-oss120b-c-skills,oss120b,c,1,608987,tsvc_2_s2710,score,build_error,0,704334,0.0,gcc
llr8-oss120b-c-skills,oss120b,c,1,608987,tsvc_2_s2710,score,build_error,0,1163897,0.0,gcc
llr8-oss120b-c-skills,oss120b,c,1,608987,tsvc_2_s2710,score,score_error,0,1204218,0.0,gcc
llr8-oss120b-c-skills,oss120b,c,1,608987,tsvc_2_s2710,score,incorrect,0,1641485,0.0,gcc
llr8-oss120b-c-skills,oss120b,c,1,608987,tsvc_2_vag,score,incorrect,0,1689060,0.0,gcc
llr8-oss120b-c-skills,oss120b,c,1,608987,tsvc_2_s2233,score,incorrect,0,1738375,0.0,gcc
llr8-oss120b-c-skills,oss120b,c,1,608987,tsvc_2_s2710,score,incorrect,0,3608134,0.0,gcc
llr8-oss120b-c-skills,oss120b,c,1,608987,tsvc_2_s2710,score,build_error,0,4848332,0.0,gcc
llr8-oss120b-c-skills,oss120b,c,1,608987,tsvc_2_s2710,score,ok,1,5122547,18.754426140626656,gcc
llr8-oss120b-c-skills,oss120b,c,1,608987,tsvc_2_s275,score,incorrect,0,578647,0.0,gcc
llr8-oss120b-c-skills,oss120b,c,1,608987,tsvc_2_s275,score,score_error,0,642405,0.0,gcc
llr8-oss120b-c-skills,oss120b,c,1,608987,tsvc_2_s275,score,incorrect,0,1315872,0.0,gcc
llr8-oss120b-c-skills,oss120b,c,1,608987,tsvc_2_s275,score,incorrect,0,1872628,0.0,gcc
llr8-oss120b-c-skills,oss120b,c,1,608987,tsvc_2_s3110,score,incorrect,0,2030867,0.0,gcc
llr8-oss120b-c-skills,oss120b,c,1,608987,tsvc_2_s255,score,incorrect,0,2086749,0.0,gcc
llr8-oss120b-c-skills,oss120b,c,1,608987,tsvc_2_vag,score,incorrect,0,2143634,0.0,gcc
llr8-oss120b-c-skills,oss120b,c,1,608987,tsvc_2_s275,score,incorrect,0,2967510,0.0,gcc
llr8-oss120b-c-skills,oss120b,c,1,608987,tsvc_2_s275,score,incorrect,0,3263014,0.0,gcc
llr8-oss120b-c-skills,oss120b,c,1,608987,tsvc_2_s275,score,incorrect,0,3327657,0.0,gcc
llr8-oss120b-c-skills,oss120b,c,1,608987,tsvc_2_s3110,score,incorrect,0,3350275,0.0,gcc
llr8-oss120b-c-skills,oss120b,c,1,608987,tsvc_2_s255,score,incorrect,0,3374221,0.0,gcc
llr8-oss120b-c-skills,oss120b,c,1,608987,tsvc_2_s275,score,incorrect,0,3477347,0.0,gcc
llr8-oss120b-c-skills,oss120b,c,1,608987,tsvc_2_s2275,score,incorrect,0,4377842,0.0,gcc
llr8-oss120b-c-skills,oss120b,c,1,608987,tsvc_2_s275,score,incorrect,0,4830262,0.0,gcc
llr8-oss120b-c-skills,oss120b,c,1,608987,tsvc_2_s275,score,incorrect,0,5353925,10.713865036083346,gcc
llr8-oss120b-c-skills,oss120b,c,1,608987,tsvc_2_s275,score,incorrect,0,5540174,10.725043676172383,gcc
llr8-oss120b-c-skills,oss120b,c,1,608987,tsvc_2_s275,score,incorrect,0,6084446,3.6024768079139005,gcc
llr8-oss120b-c-skills,oss120b,c,1,608987,tsvc_2_s275,score,incorrect,0,6234179,3.62836090173169,gcc
llr8-oss120b-c-skills,oss120b,c,1,608987,ext_break_post_body,score,ok,1,431369,3.0302324205212314,gcc
llr8-oss120b-c-skills,oss120b,c,1,608987,ext_break_post_body,submit,ok,1,464837,2.7777777777777777,gcc
llr8-oss120b-c-skills,oss120b,c,1,608987,tsvc_2_s3112,score,incorrect,0,1733786,0.0,gcc
llr8-oss120b-c-skills,oss120b,c,1,608987,tsvc_2_s3112,score,score_error,0,1783697,0.0,gcc
llr8-oss120b-c-skills,oss120b,c,1,608987,tsvc_2_s3112,score,incorrect,0,2596300,0.0,gcc
llr8-oss120b-c-skills,oss120b,c,1,608987,tsvc_2_s3112,score,incorrect,0,2824565,0.0,gcc
llr8-oss120b-c-skills,oss120b,c,1,608987,tsvc_2_s3112,score,incorrect,0,3531951,6.27297224874907,gcc
llr8-oss120b-c-skills,oss120b,c,1,608987,tsvc_2_s3112,score,incorrect,0,3609029,6.234789943866344,gcc
llr8-oss120b-c-skills,oss120b,c,1,608987,tsvc_2_s3112,score,ok,1,3655592,1.0037664446610692,gcc
llr8-oss120b-c-skills,oss120b,c,1,608987,tsvc_2_s3112,score,ok,1,3745052,1.0167617143795258,gcc
llr8-oss120b-c-skills,oss120b,c,1,608987,tsvc_2_s3112,submit,ok,1,3763844,1.0,gcc
llr8-oss120b-c-skills,oss120b,c,1,608987,ext_war_unit,score,incorrect,0,172348,1.802432549249741,gcc
llr8-oss120b-c-skills,oss120b,c,1,608987,ext_war_unit,score,ok,1,336648,0.2131640264291726,gcc
llr8-oss120b-c-skills,oss120b,c,1,608987,tsvc_2_s316,score,build_error,0,878035,0.0,gcc
llr8-oss120b-c-skills,oss120b,c,1,608987,tsvc_2_s115,score,incorrect,0,914274,0.0,gcc
llr8-oss120b-c-skills,oss120b,c,1,608987,tsvc_2_s316,score,incorrect,0,1733622,0.0,gcc
llr8-oss120b-c-skills,oss120b,c,1,608987,tsvc_2_vag,score,incorrect,0,1879882,0.0,gcc
llr8-oss120b-c-skills,oss120b,c,1,608987,ext_war_unit,score,ok,1,1521238,4.509982152378153,gcc
llr8-oss120b-c-skills,oss120b,c,1,608987,ext_war_unit,submit,ok,1,1568422,5.000000000000001,gcc
llr8-oss120b-c-skills,oss120b,c,1,608987,tsvc_2_s316,score,incorrect,0,3556348,0.0,gcc
llr8-oss120b-c-skills,oss120b,c,1,608987,tsvc_2_s316,score,incorrect,0,3613661,0.0,gcc
llr8-oss120b-c-skills,oss120b,c,1,608987,tsvc_2_s316,score,incorrect,0,3698692,0.0,gcc
llr8-oss120b-c-skills,oss120b,c,1,608987,tsvc_2_s316,score,incorrect,0,5906791,0.0,gcc
llr8-oss120b-c-skills,oss120b,c,1,608987,tsvc_2_s2710,score,incorrect,0,5954168,0.0,gcc
llr8-oss120b-c-skills,oss120b,c,1,608987,tsvc_2_s115,score,incorrect,0,6002565,0.0,gcc
llr8-oss120b-c-skills,oss120b,c,1,608987,tsvc_2_s316,score,incorrect,0,6436767,0.0,gcc
llr8-oss120b-c-skills,oss120b,c,1,608987,tsvc_2_s316,score,incorrect,0,7088440,1898.1934825290791,gcc
llr8-oss120b-c-skills,oss120b,c,1,608987,tsvc_2_s316,score,incorrect,0,7533236,0.0,gcc
llr8-oss120b-c-skills,oss120b,c,1,608987,tsvc_2_s316,score,incorrect,0,7731229,0.0,gcc
llr8-oss120b-c-skills,oss120b,c,1,608987,tsvc_2_s316,score,incorrect,0,7950622,2146.3555015036263,gcc
llr8-oss120b-c-skills,oss120b,c,1,608987,tsvc_2_s318,score,build_error,0,9221533,0.0,gcc
llr8-oss120b-c-skills,oss120b,c,1,608987,tsvc_2_s316,score,incorrect,0,9320546,0.0,gcc
llr8-oss120b-c-skills,oss120b,c,1,608987,tsvc_2_s316,score,incorrect,0,9601267,0.0,gcc
llr8-oss120b-c-skills,oss120b,c,1,608987,tsvc_2_s316,score,build_error,0,9969004,0.0,gcc
llr8-oss120b-c-skills,oss120b,c,1,608987,tsvc_2_s316,score,incorrect,0,10096862,0.0,gcc
llr8-oss120b-c-skills,oss120b,c,1,608987,tsvc_2_s319,score,incorrect,0,10162064,0.0,gcc
llr8-oss120b-c-skills,oss120b,c,1,608987,tsvc_2_s316,score,incorrect,0,10294797,0.0,gcc
llr8-oss120b-c-skills,oss120b,c,1,608987,fuse_diamond,score,ok,1,86059,60.7601014591507,gcc
llr8-oss120b-c-skills,oss120b,c,1,608987,fuse_diamond,submit,ok,1,103979,49.99999999999996,gcc
llr8-oss120b-c-skills,oss120b,c,1,608987,fuse_move_ifs,score,ok,1,387595,7.4239292465673286,gcc
llr8-oss120b-c-skills,oss120b,c,1,608987,fuse_move_ifs,submit,ok,1,415683,7.142857142857142,gcc
llr8-oss120b-c-skills,oss120b,c,1,608987,tsvc_2_s319,score,incorrect,0,1316643,0.0,gcc
llr8-oss120b-c-skills,oss120b,c,1,608987,tsvc_2_s323,score,incorrect,0,1356061,0.0,gcc
llr8-oss120b-c-skills,oss120b,c,1,608987,tsvc_2_s3110,score,build_error,0,1744775,0.0,gcc
llr8-oss120b-c-skills,oss120b,c,1,608987,tsvc_2_s323,score,incorrect,0,1791367,0.0,gcc
llr8-oss120b-c-skills,oss120b,c,1,608987,tsvc_2_s115,score,incorrect,0,1987285,0.0,gcc
llr8-oss120b-c-skills,oss120b,c,1,608987,tsvc_2_s319,score,incorrect,0,2399508,0.0,gcc
llr8-oss120b-c-skills,oss120b,c,1,608987,tsvc_2_s319,score,incorrect,0,2616379,0.0,gcc
llr8-oss120b-c-skills,oss120b,c,1,608987,tsvc_2_vag,score,incorrect,0,3428863,0.0,gcc
llr8-oss120b-c-skills,oss120b,c,1,608987,fuse_stencil_through_transient,score,ok,1,176916,23.331589134893377,gcc
llr8-oss120b-c-skills,oss120b,c,1,608987,fuse_stencil_through_transient,submit,ok,1,198258,24.99999999999998,gcc
llr8-oss120b-c-skills,oss120b,c,1,608987,tsvc_2_s323,score,incorrect,0,926450,0.0,gcc
llr8-oss120b-c-skills,oss120b,c,1,608987,tsvc_2_s323,score,incorrect,0,2080029,0.0,gcc
llr8-oss120b-c-skills,oss120b,c,1,608987,tsvc_2_s115,score,build_error,0,2167837,0.0,gcc
llr8-oss120b-c-skills,oss120b,c,1,608987,tsvc_2_s311,score,incorrect,0,2334068,0.0,gcc
llr8-oss120b-c-skills,oss120b,c,1,608987,tsvc_2_s2233,score,incorrect,0,2359161,0.0,gcc
llr8-oss120b-c-skills,oss120b,c,1,608987,tsvc_2_s233,score,build_error,0,2385150,0.0,gcc
llr8-oss120b-c-skills,oss120b,c,1,608987,tsvc_2_s323,score,incorrect,0,2654866,0.0,gcc
llr8-oss120b-c-skills,oss120b,c,1,608987,tsvc_2_s2275,score,incorrect,0,2688046,0.0,gcc
llr8-oss120b-c-skills,oss120b,c,1,608987,quasi_affine_reduce_odd,score,ok,1,158649,10.547527319850525,gcc
llr8-oss120b-c-skills,oss120b,c,1,608987,quasi_affine_reduce_odd,submit,ok,1,177170,9.090909090909092,gcc
llr8-oss120b-c-skills,oss120b,c,1,608987,tsvc_2_s4112,score,build_error,0,1025866,0.0,gcc
llr8-oss120b-c-skills,oss120b,c,1,608987,tsvc_2_s4112,score,score_error,0,1406665,0.0,gcc
llr8-oss120b-c-skills,oss120b,c,1,608987,tsvc_2_s4112,score,score_error,0,1453092,0.0,gcc
llr8-oss120b-c-skills,oss120b,c,1,608987,tsvc_2_s119,score,build_error,0,1848472,0.0,gcc
llr8-oss120b-c-skills,oss120b,c,1,608987,tsvc_2_s4112,score,incorrect,0,2070778,0.0,gcc
llr8-oss120b-c-skills,oss120b,c,1,608987,tsvc_2_s115,score,incorrect,0,2128845,0.0,gcc
llr8-oss120b-c-skills,oss120b,c,1,608987,tsvc_2_s4112,score,incorrect,0,2504084,0.0,gcc
llr8-oss120b-c-skills,oss120b,c,1,608987,tsvc_2_s4112,score,incorrect,0,2727887,0.0,gcc
llr8-oss120b-c-skills,oss120b,c,1,608987,tsvc_2_s4112,score,incorrect,0,2760103,0.0,gcc
llr8-oss120b-c-skills,oss120b,c,1,608987,tsvc_2_s115,score,build_error,0,2811391,0.0,gcc
llr8-oss120b-c-skills,oss120b,c,1,608987,tsvc_2_s316,score,incorrect,0,2885044,0.0,gcc
llr8-oss120b-c-skills,oss120b,c,1,608987,tsvc_2_s4112,score,incorrect,0,3007126,0.0,gcc
llr8-oss120b-c-skills,oss120b,c,1,608987,tsvc_2_s152,score,incorrect,0,3034514,0.0,gcc
llr8-oss120b-c-skills,oss120b,c,1,608987,tsvc_2_s3110,score,incorrect,0,3063010,0.0,gcc
llr8-oss120b-c-skills,oss120b,c,1,608987,tsvc_2_s4112,score,incorrect,0,3763882,0.0,gcc
llr8-oss120b-c-skills,oss120b,c,1,608987,tsvc_2_s4112,score,incorrect,0,4020038,0.0,gcc
llr8-oss120b-c-skills,oss120b,c,1,608987,tsvc_2_s4112,score,incorrect,0,4344114,0.0,gcc
llr8-oss120b-c-skills,oss120b,c,1,608987,tsvc_2_s4112,score,incorrect,0,4858688,0.0,gcc
llr8-oss120b-c-skills,oss120b,c,1,608987,tsvc_2_s316,score,incorrect,0,4976954,0.0,gcc
llr8-oss120b-c-skills,oss120b,c,1,608987,tsvc_2_s4112,score,incorrect,0,5344218,0.0,gcc
llr8-oss120b-c-skills,oss120b,c,1,608987,tsvc_2_s4112,score,incorrect,0,5660179,0.0,gcc
llr8-oss120b-c-skills,oss120b,c,1,608987,tsvc_2_s4112,score,incorrect,0,6318573,0.0,gcc
llr8-oss120b-c-skills,oss120b,c,1,608987,tsvc_2_s4112,score,score_error,0,6470392,0.0,gcc
llr8-oss120b-c-skills,oss120b,c,1,608987,tsvc_2_s115,score,incorrect,0,6488393,0.0,gcc
llr8-oss120b-c-skills,oss120b,c,1,608987,tsvc_2_vag,score,incorrect,0,6566960,0.0,gcc
llr8-oss120b-c-skills,oss120b,c,1,608987,tsvc_2_s3110,score,ok,1,6700455,10.930811321960563,gcc
llr8-oss120b-c-skills,oss120b,c,1,608987,tsvc_2_s115,score,score_error,0,642181,0.0,gcc
llr8-oss120b-c-skills,oss120b,c,1,608987,tsvc_2_vag,score,build_error,0,834989,0.0,gcc
llr8-oss120b-c-skills,oss120b,c,1,608987,tsvc_2_s115,score,incorrect,0,709500,0.0,gcc
llr8-oss120b-c-skills,oss120b,c,1,608987,tsvc_2_vag,score,incorrect,0,1595374,0.0,gcc
llr8-oss120b-c-skills,oss120b,c,1,608987,tsvc_2_s115,score,incorrect,0,1644295,0.0,gcc
llr8-oss120b-c-skills,oss120b,c,1,608987,tsvc_2_s1232,score,incorrect,0,1965637,0.0,gcc
llr8-oss120b-c-skills,oss120b,c,1,608987,tsvc_2_s115,score,incorrect,0,1090715,0.0,gcc
llr8-oss120b-c-skills,oss120b,c,1,608987,tsvc_2_vag,score,incorrect,0,2368201,0.0,gcc
llr8-oss120b-c-skills,oss120b,c,1,608987,tsvc_2_s115,score,incorrect,0,1769214,0.0,gcc
llr8-oss120b-c-skills,oss120b,c,1,608987,tsvc_2_s115,score,incorrect,0,2170835,0.0,gcc
llr8-oss120b-c-skills,oss120b,c,1,608987,tsvc_2_vag,score,incorrect,0,3162321,0.0,gcc
llr8-oss120b-c-skills,oss120b,c,1,608987,tsvc_2_s1232,score,incorrect,0,3173914,0.0,gcc
llr8-oss120b-c-skills,oss120b,c,1,608987,tsvc_2_s115,score,incorrect,0,3433312,0.0,gcc
llr8-oss120b-c-skills,oss120b,c,1,608987,tsvc_2_s115,score,incorrect,0,3506969,0.0,gcc
llr8-oss120b-c-skills,oss120b,c,1,608987,tsvc_2_s3110,score,score_error,0,3526850,0.0,gcc
llr8-oss120b-c-skills,oss120b,c,1,608987,tsvc_2_vag,score,incorrect,0,3729928,0.0,gcc
llr8-oss120b-c-skills,oss120b,c,1,608987,tsvc_2_vtvtv,score,build_error,0,3764273,0.0,gcc
llr8-oss120b-c-skills,oss120b,c,1,608987,tsvc_2_s115,score,incorrect,0,3608925,0.0,gcc
llr8-oss120b-c-skills,oss120b,c,1,608987,tsvc_2_vag,score,ok,1,4257767,21.524061112403963,gcc
llr8-oss120b-c-skills,oss120b,c,1,608987,tsvc_2_vag,submit,ok,1,4300665,20.00000000000003,gcc
llr8-oss120b-c-skills,oss120b,c,1,608987,tsvc_2_s115,score,incorrect,0,3821681,0.0,gcc
llr8-oss120b-c-skills,oss120b,c,1,608987,tsvc_2_s275,score,incorrect,0,3881588,0.0,gcc
llr8-oss120b-c-skills,oss120b,c,1,608987,tsvc_2_s3110,score,ok,1,3943679,10.874756936169968,gcc
llr8-oss120b-c-skills,oss120b,c,1,608987,tsvc_2_s115,score,incorrect,0,4176857,0.0,gcc
llr8-oss120b-c-skills,oss120b,c,1,608987,tsvc_2_s115,score,incorrect,0,4707792,0.0,gcc
llr8-oss120b-c-skills,oss120b,c,1,608987,tsvc_2_s2275,score,incorrect,0,4789264,0.0,gcc
llr8-oss120b-c-skills,oss120b,c,1,608987,tsvc_2_s255,score,ok,1,4874569,0.8286006553105902,gcc
llr8-oss120b-c-skills,oss120b,c,1,608987,tsvc_2_s275,score,incorrect,0,5494222,0.0,gcc
llr8-oss120b-c-skills,oss120b,c,1,608987,tsvc_2_s115,score,incorrect,0,6687365,0.0,gcc
llr8-oss120b-c-skills,oss120b,c,1,608987,tsvc_2_s115,score,incorrect,0,6941509,0.0,gcc
llr8-oss120b-c-skills,oss120b,c,1,608987,tsvc_2_s115,score,incorrect,0,7272178,653.126579790475,gcc
llr8-oss120b-c-skills,oss120b,c,1,608987,tsvc_2_s115,score,incorrect,0,7479356,631.0485025732571,gcc
llr8-oss120b-c-skills,oss120b,c,1,608987,tsvc_2_s115,score,incorrect,0,7596382,2.161482401145449,gcc
llr8-oss120b-c-skills,oss120b,c,1,608987,tsvc_2_s115,score,incorrect,0,7942263,2.16370935620358,gcc
llr8-oss120b-c-skills,oss120b,c,1,608987,tsvc_2_s115,score,incorrect,0,8511961,709.513547946278,gcc
