arm,model,language,skills,job,benchmark,route,status,correct,tokens,speedup,compiler
llr6-qwen30b-c,qwen30b,c,0,604475,ext_war_unit,score,ok,1,104132,1.0,gcc
llr6-qwen30b-c,qwen30b,c,0,604475,quasi_affine_reduce_odd,score,ok,1,157569,1.0,gcc
llr6-qwen30b-c,qwen30b,c,0,604475,wavefront2d,score,ok,1,116585,1.0,gcc
llr6-qwen30b-c,qwen30b,c,0,604475,argmax_with_index,score,ok,1,106468,1.0,gcc
llr6-qwen30b-c,qwen30b,c,0,604475,ext_war_unit,score,ok,1,138447,1.0,gcc
llr6-qwen30b-c,qwen30b,c,0,604475,tsvc_2_s311,score,ok,1,170621,1.3157894736842106,gcc
llr6-qwen30b-c,qwen30b,c,0,604475,quasi_affine_reduce_odd,score,ok,1,208586,2.5,gcc
llr6-qwen30b-c,qwen30b,c,0,604475,tsvc_2_s1244,score,ok,1,164423,1.0,gcc
llr6-qwen30b-c,qwen30b,c,0,604475,ext_war_unit,score,incorrect,0,176170,1.0,gcc
llr6-qwen30b-c,qwen30b,c,0,604475,argmax_with_index,score,ok,1,143213,4.347826086956522,gcc
llr6-qwen30b-c,qwen30b,c,0,604475,tsvc_2_s311,score,ok,1,240510,1.7857142857142856,gcc
llr6-qwen30b-c,qwen30b,c,0,604475,quasi_affine_reduce_odd,score,ok,1,262965,1.0,gcc
llr6-qwen30b-c,qwen30b,c,0,604475,wavefront2d,score,incorrect,0,178231,1.0,gcc
llr6-qwen30b-c,qwen30b,c,0,604475,ext_war_unit,score,ok,1,203086,1.0,gcc
llr6-qwen30b-c,qwen30b,c,0,604475,tsvc_2_s1244,score,timeout,0,190506,0.0,gcc
llr6-qwen30b-c,qwen30b,c,0,604475,tsvc_2_s311,score,ok,1,277779,2.857142857142857,gcc
llr6-qwen30b-c,qwen30b,c,0,604475,argmax_with_index,score,ok,1,170109,2.9411764705882355,gcc
llr6-qwen30b-c,qwen30b,c,0,604475,ext_war_unit,score,ok,1,246068,1.0,gcc
llr6-qwen30b-c,qwen30b,c,0,604475,tsvc_2_s1244,score,incorrect,0,218496,11.111111111111114,gcc
llr6-qwen30b-c,qwen30b,c,0,604475,tsvc_2_s311,score,ok,1,316808,3.4482758620689653,gcc
llr6-qwen30b-c,qwen30b,c,0,604475,quasi_affine_reduce_odd,score,ok,1,361696,5.555555555555557,gcc
llr6-qwen30b-c,qwen30b,c,0,604475,tsvc_2_s1244,score,timeout,0,248397,0.0,gcc
llr6-qwen30b-c,qwen30b,c,0,604475,wavefront2d,score,incorrect,0,236138,1.0,gcc
llr6-qwen30b-c,qwen30b,c,0,604475,ext_war_unit,score,ok,1,309091,1.0,gcc
llr6-qwen30b-c,qwen30b,c,0,604475,tsvc_2_s311,score,ok,1,357568,1.0204081632653061,gcc
llr6-qwen30b-c,qwen30b,c,0,604475,quasi_affine_reduce_odd,score,ok,1,425747,6.249999999999999,gcc
llr6-qwen30b-c,qwen30b,c,0,604475,tsvc_2_s1244,score,timeout,0,280094,0.0,gcc
llr6-qwen30b-c,qwen30b,c,0,604475,tsvc_2_s311,score,ok,1,400011,1.2987012987012987,gcc
llr6-qwen30b-c,qwen30b,c,0,604475,ext_war_unit,score,ok,1,360456,1.0,gcc
llr6-qwen30b-c,qwen30b,c,0,604475,quasi_affine_reduce_odd,score,ok,1,493020,6.249999999999999,gcc
llr6-qwen30b-c,qwen30b,c,0,604475,ext_war_unit,score,ok,1,414511,1.0,gcc
llr6-qwen30b-c,qwen30b,c,0,604475,quasi_affine_reduce_odd,submit,ok,1,516273,2.127659574468085,gcc
llr6-qwen30b-c,qwen30b,c,0,604475,wavefront2d,score,ok,1,302466,1.0,gcc
llr6-qwen30b-c,qwen30b,c,0,604475,argmax_with_index,score,ok,1,287154,1.0204081632653061,gcc
llr6-qwen30b-c,qwen30b,c,0,604475,quasi_affine_reduce_odd,score,ok,1,564120,1.7241379310344827,gcc
llr6-qwen30b-c,qwen30b,c,0,604475,tsvc_2_s1244,score,timeout,0,439583,0.0,gcc
llr6-qwen30b-c,qwen30b,c,0,604475,wavefront2d,score,ok,1,356955,1.0,gcc
llr6-qwen30b-c,qwen30b,c,0,604475,quasi_affine_reduce_odd,score,ok,1,613808,1.8518518518518516,gcc
llr6-qwen30b-c,qwen30b,c,0,604475,tsvc_2_s311,submit,ok,1,513944,1.0,gcc
llr6-qwen30b-c,qwen30b,c,0,604475,ext_war_unit,submit,ok,1,472134,1.0,gcc
llr6-qwen30b-c,qwen30b,c,0,604475,argmax_with_index,score,ok,1,391870,1.0,gcc
llr6-qwen30b-c,qwen30b,c,0,604475,tsvc_2_s311,score,ok,1,562131,1.0,gcc
llr6-qwen30b-c,qwen30b,c,0,604475,quasi_affine_reduce_odd,submit,ok,1,639265,1.1111111111111112,gcc
llr6-qwen30b-c,qwen30b,c,0,604475,wavefront2d,score,ok,1,415369,1.0,gcc
llr6-qwen30b-c,qwen30b,c,0,604475,tsvc_2_s311,score,ok,1,611895,1.0101010101010102,gcc
llr6-qwen30b-c,qwen30b,c,0,604475,argmax_with_index,score,ok,1,438278,1.0869565217391304,gcc
llr6-qwen30b-c,qwen30b,c,0,604475,tsvc_2_s1244,submit,ok,1,541384,1.0,gcc
llr6-qwen30b-c,qwen30b,c,0,604475,quasi_affine_reduce_odd,submit,ok,1,691661,3.571428571428571,gcc
llr6-qwen30b-c,qwen30b,c,0,604475,ext_war_unit,submit,ok,1,644611,1.0,gcc
llr6-qwen30b-c,qwen30b,c,0,604475,argmax_with_index,score,ok,1,486653,1.0,gcc
llr6-qwen30b-c,qwen30b,c,0,604475,wavefront2d,score,ok,1,566886,1.0,gcc
llr6-qwen30b-c,qwen30b,c,0,604475,tsvc_2_s1244,score,timeout,0,585162,0.0,gcc
llr6-qwen30b-c,qwen30b,c,0,604475,tsvc_2_s311,submit,ok,1,637356,1.1494252873563218,gcc
llr6-qwen30b-c,qwen30b,c,0,604475,argmax_with_index,submit,ok,1,511213,1.3333333333333333,gcc
llr6-qwen30b-c,qwen30b,c,0,604475,tsvc_2_s1244,score,timeout,0,630825,0.0,gcc
llr6-qwen30b-c,qwen30b,c,0,604475,wavefront2d,submit,ok,1,590173,1.0,gcc
llr6-qwen30b-c,qwen30b,c,0,604475,argmax_with_index,score,ok,1,614636,1.1111111111111112,gcc
llr6-qwen30b-c,qwen30b,c,0,604475,wavefront2d,score,ok,1,662471,1.0,gcc
llr6-qwen30b-c,qwen30b,c,0,604475,tsvc_2_s311,submit,ok,1,716491,1.0,gcc
llr6-qwen30b-c,qwen30b,c,0,604475,argmax_with_index,score,ok,1,670037,1.0,gcc
llr6-qwen30b-c,qwen30b,c,0,604475,tsvc_2_s1244,submit,ok,1,678211,1.492537313432836,gcc
llr6-qwen30b-c,qwen30b,c,0,604475,wavefront2d,submit,ok,1,687179,1.0,gcc
llr6-qwen30b-c,qwen30b,c,0,604475,argmax_with_index,submit,ok,1,756778,1.4705882352941178,gcc
llr6-qwen30b-c,qwen30b,c,0,604475,argmax_with_index,score,ok,1,817739,2.173913043478261,gcc
llr6-qwen30b-c,qwen30b,c,0,604475,wavefront2d,submit,ok,1,763705,1.0,gcc
llr6-qwen30b-c,qwen30b,c,0,604475,argmax_with_index,submit,ok,1,849319,1.4705882352941178,gcc
llr6-qwen30b-c,qwen30b,c,0,604475,argmax_with_index,score,ok,1,914286,4.347826086956522,gcc
llr6-qwen30b-c,qwen30b,c,0,604475,argmax_with_index,submit,ok,1,947680,1.4705882352941178,gcc
llr6-qwen30b-c,qwen30b,c,0,604475,argmax_with_index,score,ok,1,1015881,4.347826086956522,gcc
llr6-qwen30b-c,qwen30b,c,0,604475,argmax_with_index,submit,ok,1,1051095,1.4705882352941178,gcc
llr6-qwen30b-c,qwen30b,c,0,604475,argmax_with_index,score,ok,1,1124171,4.347826086956522,gcc
llr6-qwen30b-c,qwen30b,c,0,604475,argmax_with_index,submit,ok,1,1162012,1.4705882352941178,gcc
llr6-qwen30b-c,qwen30b,c,0,604475,argmax_with_index,score,ok,1,1240280,4.347826086956522,gcc
llr6-qwen30b-c,qwen30b,c,0,604475,argmax_with_index,submit,ok,1,1280788,1.4705882352941178,gcc
llr6-qwen30b-c,qwen30b,c,0,604475,argmax_with_index,score,ok,1,1364450,4.347826086956522,gcc
llr6-qwen30b-c,qwen30b,c,0,604475,argmax_with_index,submit,ok,1,1407598,1.4705882352941178,gcc
llr6-qwen30b-c,qwen30b,c,0,604475,argmax_with_index,score,ok,1,1496542,4.347826086956522,gcc
llr6-qwen30b-c,qwen30b,c,0,604475,argmax_with_index,submit,ok,1,1542301,1.4705882352941178,gcc
llr6-qwen30b-c,qwen30b,c,0,604475,argmax_with_index,score,ok,1,1636447,4.347826086956522,gcc
llr6-qwen30b-c,qwen30b,c,0,604475,tsvc_2_s1244,score,timeout,0,113922,0.0,gcc
llr6-qwen30b-c,qwen30b,c,0,604475,tsvc_2_s316,score,ok,1,128567,1.0,gcc
llr6-qwen30b-c,qwen30b,c,0,604475,quasi_affine_reduce_odd,score,ok,1,106065,1.0,gcc
llr6-qwen30b-c,qwen30b,c,0,604475,tsvc_2_s252,score,ok,1,162994,1.0,gcc
llr6-qwen30b-c,qwen30b,c,0,604475,wavefront2d,score,ok,1,127641,1.0,gcc
llr6-qwen30b-c,qwen30b,c,0,604475,quasi_affine_reduce_odd,score,ok,1,141136,1.492537313432836,gcc
llr6-qwen30b-c,qwen30b,c,0,604475,tsvc_2_s2275,score,ok,1,170091,1.5625,gcc
llr6-qwen30b-c,qwen30b,c,0,604475,tsvc_2_s252,score,ok,1,238383,1.9607843137254901,gcc
llr6-qwen30b-c,qwen30b,c,0,604475,tsvc_2_s1244,score,score_error,0,164463,0.0,gcc
llr6-qwen30b-c,qwen30b,c,0,604475,tsvc_2_s316,score,ok,1,192308,1.492537313432836,gcc
llr6-qwen30b-c,qwen30b,c,0,604475,wavefront2d,score,incorrect,0,164729,1.6129032258064517,gcc
llr6-qwen30b-c,qwen30b,c,0,604475,quasi_affine_reduce_odd,score,ok,1,205824,1.4705882352941178,gcc
llr6-qwen30b-c,qwen30b,c,0,604475,tsvc_2_s2275,score,ok,1,225432,1.8867924528301885,gcc
llr6-qwen30b-c,qwen30b,c,0,604475,tsvc_2_s252,score,ok,1,279198,2.0,gcc
llr6-qwen30b-c,qwen30b,c,0,604475,quasi_affine_reduce_odd,score,incorrect,0,249031,1.492537313432836,gcc
llr6-qwen30b-c,qwen30b,c,0,604475,wavefront2d,score,ok,1,206071,1.0,gcc
llr6-qwen30b-c,qwen30b,c,0,604475,tsvc_2_s316,score,ok,1,251712,1.3157894736842106,gcc
llr6-qwen30b-c,qwen30b,c,0,604475,tsvc_2_s2275,score,ok,1,285266,2.7027027027027026,gcc
llr6-qwen30b-c,qwen30b,c,0,604475,quasi_affine_reduce_odd,score,incorrect,0,295752,2.9411764705882355,gcc
llr6-qwen30b-c,qwen30b,c,0,604475,wavefront2d,score,ok,1,251268,2.127659574468085,gcc
llr6-qwen30b-c,qwen30b,c,0,604475,quasi_affine_reduce_odd,score,ok,1,328837,2.9411764705882355,gcc
llr6-qwen30b-c,qwen30b,c,0,604475,tsvc_2_s252,score,ok,1,391638,2.0408163265306123,gcc
llr6-qwen30b-c,qwen30b,c,0,604475,tsvc_2_s316,score,ok,1,318758,1.492537313432836,gcc
llr6-qwen30b-c,qwen30b,c,0,604475,tsvc_2_s2275,score,ok,1,350596,1.492537313432836,gcc
llr6-qwen30b-c,qwen30b,c,0,604475,quasi_affine_reduce_odd,submit,ok,1,345961,1.0,gcc
llr6-qwen30b-c,qwen30b,c,0,604475,wavefront2d,score,ok,1,300749,2.0,gcc
llr6-qwen30b-c,qwen30b,c,0,604475,tsvc_2_s252,score,ok,1,440715,2.0408163265306123,gcc
llr6-qwen30b-c,qwen30b,c,0,604475,quasi_affine_reduce_odd,score,ok,1,381445,1.492537313432836,gcc
llr6-qwen30b-c,qwen30b,c,0,604475,tsvc_2_s316,score,ok,1,374405,1.5151515151515154,gcc
llr6-qwen30b-c,qwen30b,c,0,604475,tsvc_2_s252,score,ok,1,492207,1.0,gcc
llr6-qwen30b-c,qwen30b,c,0,604475,quasi_affine_reduce_odd,score,ok,1,418534,1.0101010101010102,gcc
llr6-qwen30b-c,qwen30b,c,0,604475,wavefront2d,score,ok,1,354736,1.1904761904761905,gcc
llr6-qwen30b-c,qwen30b,c,0,604475,tsvc_2_s316,score,ok,1,435127,1.0,gcc
llr6-qwen30b-c,qwen30b,c,0,604475,tsvc_2_s252,score,ok,1,545794,1.0,gcc
llr6-qwen30b-c,qwen30b,c,0,604475,quasi_affine_reduce_odd,submit,ok,1,437628,1.0,gcc
llr6-qwen30b-c,qwen30b,c,0,604475,tsvc_2_s2275,score,ok,1,476279,1.0,gcc
llr6-qwen30b-c,qwen30b,c,0,604475,tsvc_2_s1244,score,timeout,0,429404,0.0,gcc
llr6-qwen30b-c,qwen30b,c,0,604475,tsvc_2_s2275,score,ok,1,559946,1.0,gcc
llr6-qwen30b-c,qwen30b,c,0,604475,tsvc_2_s316,submit,ok,1,456251,1.0,gcc
llr6-qwen30b-c,qwen30b,c,0,604475,tsvc_2_s252,submit,ok,1,629401,1.0,gcc
llr6-qwen30b-c,qwen30b,c,0,604475,wavefront2d,submit,ok,1,392840,1.0,gcc
llr6-qwen30b-c,qwen30b,c,0,604475,tsvc_2_s252,score,ok,1,715806,1.0,gcc
llr6-qwen30b-c,qwen30b,c,0,604475,wavefront2d,score,ok,1,453360,1.0,gcc
llr6-qwen30b-c,qwen30b,c,0,604475,tsvc_2_s1244,submit,ok,1,452376,2.0,gcc
llr6-qwen30b-c,qwen30b,c,0,604475,tsvc_2_s316,submit,ok,1,500294,1.0,gcc
llr6-qwen30b-c,qwen30b,c,0,604475,tsvc_2_s2275,submit,ok,1,647316,1.0,gcc
llr6-qwen30b-c,qwen30b,c,0,604475,wavefront2d,score,ok,1,517519,1.0,gcc
llr6-qwen30b-c,qwen30b,c,0,604475,tsvc_2_s1244,score,incorrect,0,499999,3.846153846153846,gcc
llr6-qwen30b-c,qwen30b,c,0,604475,tsvc_2_s252,submit,ok,1,775066,1.0,gcc
llr6-qwen30b-c,qwen30b,c,0,604475,tsvc_2_s316,score,ok,1,546959,1.0,gcc
llr6-qwen30b-c,qwen30b,c,0,604475,tsvc_2_s1244,score,timeout,0,549703,0.0,gcc
llr6-qwen30b-c,qwen30b,c,0,604475,wavefront2d,score,ok,1,562294,1.0,gcc
llr6-qwen30b-c,qwen30b,c,0,604475,tsvc_2_s2275,score,ok,1,739821,1.0,gcc
llr6-qwen30b-c,qwen30b,c,0,604475,tsvc_2_s252,score,ok,1,836134,1.0,gcc
llr6-qwen30b-c,qwen30b,c,0,604475,tsvc_2_s316,score,ok,1,648695,1.0,gcc
llr6-qwen30b-c,qwen30b,c,0,604475,wavefront2d,submit,ok,1,585296,1.0,gcc
llr6-qwen30b-c,qwen30b,c,0,604475,tsvc_2_s2275,score,ok,1,836971,1.0,gcc
llr6-qwen30b-c,qwen30b,c,0,604475,tsvc_2_s252,submit,ok,1,899300,1.0,gcc
llr6-qwen30b-c,qwen30b,c,0,604475,tsvc_2_s1244,submit,ok,1,601313,1.0,gcc
llr6-qwen30b-c,qwen30b,c,0,604475,tsvc_2_s316,submit,ok,1,675388,1.0,gcc
llr6-qwen30b-c,qwen30b,c,0,604475,tsvc_2_s252,score,score_error,0,964358,0.0,gcc
llr6-qwen30b-c,qwen30b,c,0,604475,tsvc_2_s2275,submit,ok,1,870184,1.0,gcc
llr6-qwen30b-c,qwen30b,c,0,604475,tsvc_2_s252,score,ok,1,1030500,1.0,gcc
llr6-qwen30b-c,qwen30b,c,0,604475,tsvc_2_s1244,score,timeout,0,654854,0.0,gcc
llr6-qwen30b-c,qwen30b,c,0,604475,tsvc_2_s2275,score,ok,1,903947,1.0,gcc
llr6-qwen30b-c,qwen30b,c,0,604475,tsvc_2_s316,submit,ok,1,730285,1.0,gcc
llr6-qwen30b-c,qwen30b,c,0,604475,wavefront2d,submit,ok,1,657024,1.0752688172043012,gcc
llr6-qwen30b-c,qwen30b,c,0,604475,tsvc_2_s1244,submit,ok,1,682310,2.9411764705882355,gcc
llr6-qwen30b-c,qwen30b,c,0,604475,wavefront2d,submit,ok,1,762053,1.0,gcc
llr6-qwen30b-c,qwen30b,c,0,604475,wavefront2d,score,ok,1,817901,2.127659574468085,gcc
llr6-qwen30b-c,qwen30b,c,0,604475,wavefront2d,submit,ok,1,876557,1.0,gcc
llr6-qwen30b-c,qwen30b,c,0,604475,wavefront2d,submit,ok,1,1001397,1.0,gcc
llr6-qwen30b-c,qwen30b,c,0,604475,wavefront2d,submit,ok,1,1101242,1.0,gcc
llr6-qwen30b-c,qwen30b,c,0,604475,wavefront2d,score,ok,1,1170706,2.127659574468085,gcc
llr6-qwen30b-c,qwen30b,c,0,604475,wavefront2d,submit,ok,1,1279413,1.0,gcc
llr6-qwen30b-c,qwen30b,c,0,604475,wavefront2d,score,ok,1,1393205,2.127659574468085,gcc
llr6-qwen30b-c,qwen30b,c,0,604475,tsvc_2_vtvtv,score,ok,1,114052,1.0,gcc
llr6-qwen30b-c,qwen30b,c,0,604475,wf_triangular,score,ok,1,132353,1.0,gcc
llr6-qwen30b-c,qwen30b,c,0,604475,ext_break_post_body,score,ok,1,145780,1.0,gcc
llr6-qwen30b-c,qwen30b,c,0,604475,tsvc_2_vtvtv,score,timeout,0,136486,0.0,gcc
llr6-qwen30b-c,qwen30b,c,0,604475,tsvc_2_s323,score,ok,1,118068,1.0,gcc
llr6-qwen30b-c,qwen30b,c,0,604475,tsvc_2_s1232,score,incorrect,0,161905,7.142857142857142,gcc
llr6-qwen30b-c,qwen30b,c,0,604475,tsvc_2_s235,score,ok,1,176370,1.1494252873563218,gcc
llr6-qwen30b-c,qwen30b,c,0,604475,tsvc_2_vtvtv,score,ok,1,160501,1.0,gcc
llr6-qwen30b-c,qwen30b,c,0,604475,ext_break_post_body,score,build_error,0,212158,0.0,gcc
llr6-qwen30b-c,qwen30b,c,0,604475,tsvc_2_s323,score,ok,1,179958,1.1235955056179776,gcc
llr6-qwen30b-c,qwen30b,c,0,604475,tsvc_2_vtvtv,score,ok,1,199164,1.0,gcc
llr6-qwen30b-c,qwen30b,c,0,604475,wf_triangular,score,ok,1,206403,1.0,gcc
llr6-qwen30b-c,qwen30b,c,0,604475,tsvc_2_s235,score,ok,1,221639,2.0,gcc
llr6-qwen30b-c,qwen30b,c,0,604475,tsvc_2_s1232,score,ok,1,237845,2.7027027027027026,gcc
llr6-qwen30b-c,qwen30b,c,0,604475,ext_break_post_body,score,ok,1,290268,2.7777777777777777,gcc
llr6-qwen30b-c,qwen30b,c,0,604475,tsvc_2_s323,score,ok,1,221823,2.9411764705882355,gcc
llr6-qwen30b-c,qwen30b,c,0,604475,tsvc_2_s2233,score,score_error,0,0,0.0,gcc
llr6-qwen30b-c,qwen30b,c,0,604475,wf_triangular,score,build_error,0,256387,0.0,gcc
llr6-qwen30b-c,qwen30b,c,0,604475,ext_break_post_body,score,ok,1,344583,2.564102564102564,gcc
llr6-qwen30b-c,qwen30b,c,0,604475,tsvc_2_s1232,score,ok,1,318103,3.0303030303030307,gcc
llr6-qwen30b-c,qwen30b,c,0,604475,tsvc_2_vtvtv,score,ok,1,270831,1.0,gcc
llr6-qwen30b-c,qwen30b,c,0,604475,tsvc_2_s235,score,ok,1,271446,2.127659574468085,gcc
llr6-qwen30b-c,qwen30b,c,0,604475,tsvc_2_s323,score,timeout,0,267813,0.0,gcc
llr6-qwen30b-c,qwen30b,c,0,604475,tsvc_2_vtvtv,score,timeout,0,301984,0.0,gcc
llr6-qwen30b-c,qwen30b,c,0,604475,wf_triangular,score,incorrect,0,292405,1.0,gcc
llr6-qwen30b-c,qwen30b,c,0,604475,tsvc_2_s1232,score,timeout,0,373902,0.0,gcc
llr6-qwen30b-c,qwen30b,c,0,604475,tsvc_2_s235,score,ok,1,326077,1.5625,gcc
llr6-qwen30b-c,qwen30b,c,0,604475,ext_break_post_body,submit,ok,1,372316,1.0,gcc
llr6-qwen30b-c,qwen30b,c,0,604475,tsvc_2_s323,score,ok,1,300834,1.4285714285714286,gcc
llr6-qwen30b-c,qwen30b,c,0,604475,tsvc_2_vtvtv,score,ok,1,334757,1.0,gcc
llr6-qwen30b-c,qwen30b,c,0,604475,tsvc_2_s1232,score,ok,1,431807,1.0101010101010102,gcc
llr6-qwen30b-c,qwen30b,c,0,604475,wf_triangular,score,ok,1,330437,1.0,gcc
llr6-qwen30b-c,qwen30b,c,0,604475,ext_break_post_body,score,incorrect,0,429367,2.173913043478261,gcc
llr6-qwen30b-c,qwen30b,c,0,604475,tsvc_2_vtvtv,score,ok,1,386882,1.0,gcc
llr6-qwen30b-c,qwen30b,c,0,604475,tsvc_2_s3112,score,score_error,0,0,0.0,gcc
llr6-qwen30b-c,qwen30b,c,0,604475,tsvc_2_s1232,score,ok,1,491754,1.0,gcc
llr6-qwen30b-c,qwen30b,c,0,604475,tsvc_2_s323,score,incorrect,0,374035,1.0638297872340425,gcc
llr6-qwen30b-c,qwen30b,c,0,604475,ext_break_post_body,score,timeout,0,488446,0.0,gcc
llr6-qwen30b-c,qwen30b,c,0,604475,tsvc_2_s3112,score,build_error,0,0,0.0,gcc
llr6-qwen30b-c,qwen30b,c,0,604475,wf_triangular,score,ok,1,370561,1.0,gcc
llr6-qwen30b-c,qwen30b,c,0,604475,tsvc_2_s235,score,ok,1,450953,1.6666666666666667,gcc
llr6-qwen30b-c,qwen30b,c,0,604475,ext_break_post_body,score,ok,1,549253,1.0,gcc
llr6-qwen30b-c,qwen30b,c,0,604475,tsvc_2_vtvtv,submit,ok,1,405074,1.0,gcc
llr6-qwen30b-c,qwen30b,c,0,604475,wf_triangular,score,timeout,0,412516,0.0,gcc
llr6-qwen30b-c,qwen30b,c,0,604475,tsvc_2_s323,score,ok,1,414194,1.0,gcc
llr6-qwen30b-c,qwen30b,c,0,604475,tsvc_2_vtvtv,score,ok,1,442769,1.0,gcc
llr6-qwen30b-c,qwen30b,c,0,604475,tsvc_2_s1232,submit,ok,1,522384,1.0,gcc
llr6-qwen30b-c,qwen30b,c,0,604475,wf_triangular,score,timeout,0,456213,0.0,gcc
llr6-qwen30b-c,qwen30b,c,0,604475,tsvc_2_s323,score,ok,1,456819,1.0,gcc
llr6-qwen30b-c,qwen30b,c,0,604475,wf_triangular,score,ok,1,501647,1.0,gcc
llr6-qwen30b-c,qwen30b,c,0,604475,ext_break_post_body,submit,ok,1,580174,1.0,gcc
llr6-qwen30b-c,qwen30b,c,0,604475,tsvc_2_s1232,score,ok,1,585147,1.0204081632653061,gcc
llr6-qwen30b-c,qwen30b,c,0,604475,tsvc_2_s235,submit,ok,1,521407,1.5873015873015872,gcc
llr6-qwen30b-c,qwen30b,c,0,604475,tsvc_2_s323,score,ok,1,501672,1.0,gcc
llr6-qwen30b-c,qwen30b,c,0,604475,tsvc_2_vtvtv,submit,ok,1,482305,1.0,gcc
llr6-qwen30b-c,qwen30b,c,0,604475,wf_triangular,score,ok,1,549152,1.0,gcc
llr6-qwen30b-c,qwen30b,c,0,604475,tsvc_2_s1232,submit,ok,1,617272,1.492537313432836,gcc
llr6-qwen30b-c,qwen30b,c,0,604475,ext_break_post_body,submit,ok,1,740437,1.4492753623188408,gcc
llr6-qwen30b-c,qwen30b,c,0,604475,tsvc_2_s323,submit,ok,1,573750,1.5873015873015872,gcc
llr6-qwen30b-c,qwen30b,c,0,604475,wf_triangular,submit,score_error,0,573659,0.0,gcc
llr6-qwen30b-c,qwen30b,c,0,604475,wf_triangular,score,ok,1,654128,1.0,gcc
llr6-qwen30b-c,qwen30b,c,0,604475,tsvc_2_s323,submit,ok,1,652028,1.0,gcc
llr6-qwen30b-c,qwen30b,c,0,604475,wf_triangular,score,ok,1,739227,1.0,gcc
llr6-qwen30b-c,qwen30b,c,0,604475,wf_triangular,score,ok,1,768460,1.0,gcc
llr6-qwen30b-c,qwen30b,c,0,604475,tsvc_2_s323,score,ok,1,764526,1.4705882352941178,gcc
llr6-qwen30b-c,qwen30b,c,0,604475,tsvc_2_s323,submit,ok,1,793837,1.9607843137254901,gcc
llr6-qwen30b-c,qwen30b,c,0,604475,wf_triangular,submit,score_error,0,798047,0.0,gcc
llr6-qwen30b-c,qwen30b,c,0,604475,wf_triangular,score,ok,1,860502,1.0,gcc
llr6-qwen30b-c,qwen30b,c,0,604475,wf_triangular,score,ok,1,892701,1.0,gcc
llr6-qwen30b-c,qwen30b,c,0,604475,tsvc_2_s323,submit,ok,1,1112197,1.0,gcc
llr6-qwen30b-c,qwen30b,c,0,604475,tsvc_2_s323,score,ok,1,1361725,2.9411764705882355,gcc
llr6-qwen30b-c,qwen30b,c,0,604475,tsvc_2_s323,submit,ok,1,1437223,1.0,gcc
llr6-qwen30b-c,qwen30b,c,0,604475,tsvc_2_s323,submit,ok,1,1676063,1.0,gcc
llr6-qwen30b-c,qwen30b,c,0,604475,tsvc_2_s323,score,ok,1,1845864,2.9411764705882355,gcc
llr6-qwen30b-c,qwen30b,c,0,604475,tsvc_2_s323,submit,ok,1,2023470,1.0,gcc
llr6-qwen30b-c,qwen30b,c,0,604475,tsvc_2_s323,score,ok,1,2208105,2.9411764705882355,gcc
llr6-qwen30b-c,qwen30b,c,0,604475,wf_triangular,score,ok,1,117913,1.0,gcc
llr6-qwen30b-c,qwen30b,c,0,604475,ext_break_post_body,score,ok,1,145137,1.0,gcc
llr6-qwen30b-c,qwen30b,c,0,604475,tsvc_2_s3112,score,ok,1,138175,1.0,gcc
llr6-qwen30b-c,qwen30b,c,0,604475,tsvc_2_vtvtv,score,ok,1,184096,1.0,gcc
llr6-qwen30b-c,qwen30b,c,0,604475,wf_triangular,score,ok,1,159909,1.0,gcc
llr6-qwen30b-c,qwen30b,c,0,604475,tsvc_2_s323,score,ok,1,191493,1.0,gcc
llr6-qwen30b-c,qwen30b,c,0,604475,tsvc_2_s235,score,ok,1,179594,1.0,gcc
llr6-qwen30b-c,qwen30b,c,0,604475,tsvc_2_vtvtv,score,ok,1,236209,1.0,gcc
llr6-qwen30b-c,qwen30b,c,0,604475,tsvc_2_s2233,score,ok,1,173647,1.0,gcc
llr6-qwen30b-c,qwen30b,c,0,604475,tsvc_2_s275,score,ok,1,179541,1.0,gcc
llr6-qwen30b-c,qwen30b,c,0,604475,ext_break_post_body,score,ok,1,254351,1.0,gcc
llr6-qwen30b-c,qwen30b,c,0,604475,tsvc_2_s3112,score,ok,1,213954,1.0,gcc
llr6-qwen30b-c,qwen30b,c,0,604475,tsvc_2_s235,score,incorrect,0,215524,1.0,gcc
llr6-qwen30b-c,qwen30b,c,0,604475,tsvc_2_s323,score,ok,1,242945,1.0,gcc
llr6-qwen30b-c,qwen30b,c,0,604475,tsvc_2_s275,score,ok,1,234618,3.0303030303030307,gcc
llr6-qwen30b-c,qwen30b,c,0,604475,tsvc_2_vtvtv,score,ok,1,310621,1.0,gcc
llr6-qwen30b-c,qwen30b,c,0,604475,ext_break_post_body,score,ok,1,361344,1.0,gcc
llr6-qwen30b-c,qwen30b,c,0,604475,tsvc_2_s235,score,ok,1,253763,1.0,gcc
llr6-qwen30b-c,qwen30b,c,0,604475,wf_triangular,score,ok,1,222410,1.0,gcc
llr6-qwen30b-c,qwen30b,c,0,604475,tsvc_2_s323,score,ok,1,297707,1.0,gcc
llr6-qwen30b-c,qwen30b,c,0,604475,tsvc_2_s2233,score,ok,1,268621,1.0,gcc
llr6-qwen30b-c,qwen30b,c,0,604475,tsvc_2_vtvtv,score,ok,1,370752,1.8867924528301885,gcc
llr6-qwen30b-c,qwen30b,c,0,604475,tsvc_2_s3112,score,ok,1,334939,1.0,gcc
llr6-qwen30b-c,qwen30b,c,0,604475,tsvc_2_s235,score,ok,1,335222,16.666666666666682,gcc
llr6-qwen30b-c,qwen30b,c,0,604475,tsvc_2_vtvtv,score,ok,1,413004,1.0,gcc
llr6-qwen30b-c,qwen30b,c,0,604475,tsvc_2_s275,score,ok,1,315108,1.0,gcc
llr6-qwen30b-c,qwen30b,c,0,604475,tsvc_2_s2233,score,incorrect,0,331505,1.492537313432836,gcc
llr6-qwen30b-c,qwen30b,c,0,604475,tsvc_2_s323,score,ok,1,376717,1.0,gcc
llr6-qwen30b-c,qwen30b,c,0,604475,wf_triangular,score,timeout,0,293184,0.0,gcc
llr6-qwen30b-c,qwen30b,c,0,604475,ext_break_post_body,score,ok,1,628535,1.0,gcc
llr6-qwen30b-c,qwen30b,c,0,604475,tsvc_2_s235,score,ok,1,378915,12.500000000000007,gcc
llr6-qwen30b-c,qwen30b,c,0,604475,tsvc_2_s3112,score,ok,1,386935,1.0,gcc
llr6-qwen30b-c,qwen30b,c,0,604475,tsvc_2_vtvtv,score,ok,1,457068,1.0,gcc
llr6-qwen30b-c,qwen30b,c,0,604475,tsvc_2_s323,submit,ok,1,397315,5.882352941176473,gcc
llr6-qwen30b-c,qwen30b,c,0,604475,ext_break_post_body,submit,ok,1,691888,1.0,gcc
llr6-qwen30b-c,qwen30b,c,0,604475,tsvc_2_s275,submit,ok,1,336523,1.0,gcc
llr6-qwen30b-c,qwen30b,c,0,604475,tsvc_2_s235,score,ok,1,424778,11.111111111111114,gcc
llr6-qwen30b-c,qwen30b,c,0,604475,tsvc_2_s3112,submit,ok,1,405026,1.0,gcc
llr6-qwen30b-c,qwen30b,c,0,604475,tsvc_2_vtvtv,score,ok,1,502840,1.0,gcc
llr6-qwen30b-c,qwen30b,c,0,604475,tsvc_2_s3112,score,ok,1,460953,1.0,gcc
llr6-qwen30b-c,qwen30b,c,0,604475,tsvc_2_s2233,score,ok,1,423214,1.0,gcc
llr6-qwen30b-c,qwen30b,c,0,604475,ext_break_post_body,score,ok,1,857355,1.0,gcc
llr6-qwen30b-c,qwen30b,c,0,604475,tsvc_2_s323,score,ok,1,462024,1.0,gcc
llr6-qwen30b-c,qwen30b,c,0,604475,tsvc_2_s235,score,ok,1,472804,11.111111111111114,gcc
llr6-qwen30b-c,qwen30b,c,0,604475,tsvc_2_s275,score,ok,1,380818,1.0,gcc
llr6-qwen30b-c,qwen30b,c,0,604475,tsvc_2_vtvtv,score,ok,1,550207,1.282051282051282,gcc
llr6-qwen30b-c,qwen30b,c,0,604475,tsvc_2_s3112,score,ok,1,519700,1.0,gcc
llr6-qwen30b-c,qwen30b,c,0,604475,wf_triangular,submit,score_error,0,352132,0.0,gcc
llr6-qwen30b-c,qwen30b,c,0,604475,tsvc_2_s2233,score,ok,1,497484,1.0,gcc
llr6-qwen30b-c,qwen30b,c,0,604475,tsvc_2_s323,score,ok,1,530307,1.0,gcc
llr6-qwen30b-c,qwen30b,c,0,604475,tsvc_2_s235,score,ok,1,522943,9.090909090909092,gcc
llr6-qwen30b-c,qwen30b,c,0,604475,wf_triangular,score,ok,1,436893,1.0,gcc
llr6-qwen30b-c,qwen30b,c,0,604475,ext_break_post_body,submit,ok,1,926138,1.0309278350515465,gcc
llr6-qwen30b-c,qwen30b,c,0,604475,tsvc_2_vtvtv,submit,ok,1,574456,1.0,gcc
llr6-qwen30b-c,qwen30b,c,0,604475,tsvc_2_s275,submit,ok,1,403645,1.0,gcc
llr6-qwen30b-c,qwen30b,c,0,604475,tsvc_2_s323,submit,ok,1,553715,4.347826086956522,gcc
llr6-qwen30b-c,qwen30b,c,0,604475,tsvc_2_s3112,submit,ok,1,560787,1.0309278350515465,gcc
llr6-qwen30b-c,qwen30b,c,0,604475,tsvc_2_s235,submit,ok,1,548703,12.500000000000007,gcc
llr6-qwen30b-c,qwen30b,c,0,604475,wf_triangular,score,ok,1,481782,1.1904761904761905,gcc
llr6-qwen30b-c,qwen30b,c,0,604475,tsvc_2_s323,score,ok,1,626104,1.0,gcc
llr6-qwen30b-c,qwen30b,c,0,604475,tsvc_2_s2233,submit,ok,1,549380,1.0,gcc
llr6-qwen30b-c,qwen30b,c,0,604475,tsvc_2_vtvtv,submit,ok,1,650621,1.282051282051282,gcc
llr6-qwen30b-c,qwen30b,c,0,604475,wf_triangular,score,ok,1,528619,1.0,gcc
llr6-qwen30b-c,qwen30b,c,0,604475,tsvc_2_s2233,score,ok,1,603186,1.3157894736842106,gcc
llr6-qwen30b-c,qwen30b,c,0,604475,tsvc_2_vtvtv,score,ok,1,732818,1.0,gcc
llr6-qwen30b-c,qwen30b,c,0,604475,tsvc_2_s323,submit,ok,1,650810,3.7037037037037033,gcc
llr6-qwen30b-c,qwen30b,c,0,604475,tsvc_2_s2233,score,ok,1,659076,1.2658227848101264,gcc
llr6-qwen30b-c,qwen30b,c,0,604475,wf_triangular,submit,score_error,0,552665,0.0,gcc
llr6-qwen30b-c,qwen30b,c,0,604475,tsvc_2_vtvtv,submit,ok,1,789990,1.0,gcc
llr6-qwen30b-c,qwen30b,c,0,604475,tsvc_2_s2233,submit,ok,1,687705,2.0,gcc
llr6-qwen30b-c,qwen30b,c,0,604475,wf_triangular,score,ok,1,629879,1.0,gcc
llr6-qwen30b-c,qwen30b,c,0,604475,wf_triangular,score,ok,1,656348,1.0,gcc
llr6-qwen30b-c,qwen30b,c,0,604475,wf_triangular,score,ok,1,683103,1.0,gcc
llr6-qwen30b-c,qwen30b,c,0,604475,tsvc_2_s2233,score,ok,1,746400,4.0,gcc
llr6-qwen30b-c,qwen30b,c,0,604475,tsvc_2_s2233,submit,ok,1,776449,1.0,gcc
llr6-qwen30b-c,qwen30b,c,0,604475,tsvc_2_vtvtv,submit,ok,1,941305,1.0309278350515465,gcc
llr6-qwen30b-c,qwen30b,c,0,604475,wf_triangular,submit,score_error,0,821828,0.0,gcc
llr6-qwen30b-c,qwen30b,c,0,604475,tsvc_2_s2233,score,ok,1,837987,4.0,gcc
llr6-qwen30b-c,qwen30b,c,0,604475,tsvc_2_vtvtv,submit,ok,1,1039049,1.0,gcc
llr6-qwen30b-c,qwen30b,c,0,604475,tsvc_2_vtvtv,score,ok,1,1176835,1.9607843137254901,gcc
llr6-qwen30b-c,qwen30b,c,0,604475,tsvc_2_vtvtv,submit,ok,1,1248643,1.0,gcc
llr6-qwen30b-c,qwen30b,c,0,604475,tsvc_2_vtvtv,submit,ok,1,1398791,1.0,gcc
llr6-qwen30b-c,qwen30b,c,0,604475,quasi_affine_reduce_odd,score,ok,1,115994,1.0,gcc
llr6-qwen30b-c,qwen30b,c,0,604475,tsvc_2_s1244,score,timeout,0,125382,0.0,gcc
llr6-qwen30b-c,qwen30b,c,0,604475,quasi_affine_reduce_odd,score,ok,1,139240,1.0,gcc
llr6-qwen30b-c,qwen30b,c,0,604475,tsvc_2_s311,score,ok,1,164454,1.0,gcc
llr6-qwen30b-c,qwen30b,c,0,604475,tsvc_2_s252,score,ok,1,176683,2.173913043478261,gcc
llr6-qwen30b-c,qwen30b,c,0,604475,wavefront2d,score,ok,1,167167,1.0,gcc
llr6-qwen30b-c,qwen30b,c,0,604475,quasi_affine_reduce_odd,score,ok,1,164043,1.0,gcc
llr6-qwen30b-c,qwen30b,c,0,604475,tsvc_2_s311,score,ok,1,204313,2.0,gcc
llr6-qwen30b-c,qwen30b,c,0,604475,tsvc_2_s252,score,ok,1,229881,1.5151515151515154,gcc
llr6-qwen30b-c,qwen30b,c,0,604475,tsvc_2_s1244,score,ok,1,215840,1.0,gcc
llr6-qwen30b-c,qwen30b,c,0,604475,quasi_affine_reduce_odd,score,ok,1,203537,1.6129032258064517,gcc
llr6-qwen30b-c,qwen30b,c,0,604475,wavefront2d,score,incorrect,0,208832,1.0,gcc
llr6-qwen30b-c,qwen30b,c,0,604475,tsvc_2_s1244,score,timeout,0,260072,0.0,gcc
llr6-qwen30b-c,qwen30b,c,0,604475,tsvc_2_s311,score,ok,1,247613,1.0,gcc
llr6-qwen30b-c,qwen30b,c,0,604475,quasi_affine_reduce_odd,score,ok,1,231782,1.0,gcc
llr6-qwen30b-c,qwen30b,c,0,604475,tsvc_2_s252,score,ok,1,286846,1.0,gcc
llr6-qwen30b-c,qwen30b,c,0,604475,tsvc_2_s311,score,ok,1,278533,1.0,gcc
llr6-qwen30b-c,qwen30b,c,0,604475,quasi_affine_reduce_odd,score,ok,1,261746,1.0,gcc
llr6-qwen30b-c,qwen30b,c,0,604475,wavefront2d,score,ok,1,238905,1.0,gcc
llr6-qwen30b-c,qwen30b,c,0,604475,tsvc_2_s1244,score,timeout,0,307809,0.0,gcc
llr6-qwen30b-c,qwen30b,c,0,604475,tsvc_2_s1244,score,timeout,0,341613,0.0,gcc
llr6-qwen30b-c,qwen30b,c,0,604475,tsvc_2_s311,score,ok,1,351180,1.0,gcc
llr6-qwen30b-c,qwen30b,c,0,604475,tsvc_2_s252,score,ok,1,413764,1.0101010101010102,gcc
llr6-qwen30b-c,qwen30b,c,0,604475,wavefront2d,score,ok,1,270977,1.0,gcc
llr6-qwen30b-c,qwen30b,c,0,604475,quasi_affine_reduce_odd,score,ok,1,326741,1.0,gcc
llr6-qwen30b-c,qwen30b,c,0,604475,tsvc_2_s311,score,ok,1,390684,1.0,gcc
llr6-qwen30b-c,qwen30b,c,0,604475,quasi_affine_reduce_odd,score,ok,1,361740,1.0,gcc
llr6-qwen30b-c,qwen30b,c,0,604475,tsvc_2_s311,score,ok,1,431721,1.0,gcc
llr6-qwen30b-c,qwen30b,c,0,604475,tsvc_2_s1244,submit,ok,1,359128,1.0,gcc
llr6-qwen30b-c,qwen30b,c,0,604475,tsvc_2_s252,submit,ok,1,505252,1.0,gcc
llr6-qwen30b-c,qwen30b,c,0,604475,wavefront2d,score,ok,1,381934,1.0,gcc
llr6-qwen30b-c,qwen30b,c,0,604475,quasi_affine_reduce_odd,submit,ok,1,416946,1.0,gcc
llr6-qwen30b-c,qwen30b,c,0,604475,tsvc_2_s1244,score,timeout,0,414499,0.0,gcc
llr6-qwen30b-c,qwen30b,c,0,604475,tsvc_2_s252,score,ok,1,602269,1.4705882352941178,gcc
llr6-qwen30b-c,qwen30b,c,0,604475,tsvc_2_s311,submit,ok,1,452783,1.0,gcc
llr6-qwen30b-c,qwen30b,c,0,604475,quasi_affine_reduce_odd,score,timeout,0,496904,0.0,gcc
llr6-qwen30b-c,qwen30b,c,0,604475,wavefront2d,score,ok,1,464141,1.0,gcc
llr6-qwen30b-c,qwen30b,c,0,604475,tsvc_2_s311,score,ok,1,496170,1.0,gcc
llr6-qwen30b-c,qwen30b,c,0,604475,quasi_affine_reduce_odd,score,ok,1,539254,1.0,gcc
llr6-qwen30b-c,qwen30b,c,0,604475,tsvc_2_s252,submit,ok,1,627525,1.0,gcc
llr6-qwen30b-c,qwen30b,c,0,604475,wavefront2d,score,ok,1,521803,1.0,gcc
llr6-qwen30b-c,qwen30b,c,0,604475,quasi_affine_reduce_odd,score,ok,1,583165,1.0,gcc
llr6-qwen30b-c,qwen30b,c,0,604475,tsvc_2_s1244,submit,ok,1,433701,1.0,gcc
llr6-qwen30b-c,qwen30b,c,0,604475,tsvc_2_s252,score,ok,1,679269,1.0,gcc
llr6-qwen30b-c,qwen30b,c,0,604475,quasi_affine_reduce_odd,submit,ok,1,605688,1.6129032258064517,gcc
llr6-qwen30b-c,qwen30b,c,0,604475,tsvc_2_s311,submit,ok,1,541249,1.492537313432836,gcc
llr6-qwen30b-c,qwen30b,c,0,604475,tsvc_2_s252,submit,ok,1,705725,1.0,gcc
llr6-qwen30b-c,qwen30b,c,0,604475,wavefront2d,submit,ok,1,611131,1.4492753623188408,gcc
llr6-qwen30b-c,qwen30b,c,0,604475,quasi_affine_reduce_odd,submit,ok,1,676354,2.380952380952381,gcc
llr6-qwen30b-c,qwen30b,c,0,604475,tsvc_2_s1244,submit,ok,1,557189,1.0,gcc
llr6-qwen30b-c,qwen30b,c,0,604475,wavefront2d,score,ok,1,672860,1.0,gcc
llr6-qwen30b-c,qwen30b,c,0,604475,quasi_affine_reduce_odd,score,ok,1,701400,1.0,gcc
llr6-qwen30b-c,qwen30b,c,0,604475,wavefront2d,submit,ok,1,704388,1.9607843137254901,gcc
llr6-qwen30b-c,qwen30b,c,0,604475,quasi_affine_reduce_odd,submit,ok,1,805407,3.225806451612904,gcc
llr6-qwen30b-c,qwen30b,c,0,604475,wavefront2d,score,ok,1,768864,1.0,gcc
llr6-qwen30b-c,qwen30b,c,0,604475,quasi_affine_reduce_odd,score,ok,1,860242,1.0,gcc
llr6-qwen30b-c,qwen30b,c,0,604475,wavefront2d,submit,ok,1,801798,1.0,gcc
llr6-qwen30b-c,qwen30b,c,0,604475,quasi_affine_reduce_odd,submit,ok,1,888748,1.6129032258064517,gcc
llr6-qwen30b-c,qwen30b,c,0,604475,wavefront2d,submit,ok,1,868964,1.0,gcc
llr6-qwen30b-c,qwen30b,c,0,604475,quasi_affine_reduce_odd,submit,ok,1,1101769,1.6129032258064517,gcc
llr6-qwen30b-c,qwen30b,c,0,604475,quasi_affine_reduce_odd,submit,ok,1,1200268,1.6129032258064517,gcc
llr6-qwen30b-c,qwen30b,c,0,604475,quasi_affine_reduce_odd,submit,ok,1,1303686,1.6129032258064517,gcc
llr6-qwen30b-c,qwen30b,c,0,604475,quasi_affine_reduce_odd,submit,ok,1,1412034,1.6129032258064517,gcc
llr6-qwen30b-c,qwen30b,c,0,604475,quasi_affine_reduce_odd,submit,ok,1,1525296,1.6129032258064517,gcc
llr6-qwen30b-c,qwen30b,c,0,604475,quasi_affine_reduce_odd,submit,ok,1,1643478,1.6129032258064517,gcc
llr6-qwen30b-c,qwen30b,c,0,604475,quasi_affine_reduce_odd,submit,ok,1,1766600,1.6129032258064517,gcc
llr6-qwen30b-c,qwen30b,c,0,604475,quasi_affine_reduce_odd,submit,ok,1,1894692,1.6129032258064517,gcc
llr6-qwen30b-c,qwen30b,c,0,604475,quasi_affine_reduce_odd,submit,ok,1,2027739,1.6129032258064517,gcc
llr6-qwen30b-c,qwen30b,c,0,604475,wf_diff_skew,score,ok,1,147122,1.0,gcc
llr6-qwen30b-c,qwen30b,c,0,604475,fuse_diamond,score,ok,1,141197,6.249999999999999,gcc
llr6-qwen30b-c,qwen30b,c,0,604475,tsvc_2_s115,score,ok,1,150691,1.0638297872340425,gcc
llr6-qwen30b-c,qwen30b,c,0,604475,ext_break_capture,score,ok,1,194721,1.4084507042253522,gcc
llr6-qwen30b-c,qwen30b,c,0,604475,tsvc_2_s231,score,ok,1,146337,2.9411764705882355,gcc
llr6-qwen30b-c,qwen30b,c,0,604475,wf_diff_skew,score,ok,1,191455,1.0,gcc
llr6-qwen30b-c,qwen30b,c,0,604475,fuse_diamond,score,ok,1,191764,24.99999999999998,gcc
llr6-qwen30b-c,qwen30b,c,0,604475,tsvc_2_s115,score,ok,1,202823,1.9607843137254901,gcc
llr6-qwen30b-c,qwen30b,c,0,604475,tsvc_2_s231,score,ok,1,185000,2.0833333333333335,gcc
llr6-qwen30b-c,qwen30b,c,0,604475,wf_diff_skew,score,timeout,0,239304,0.0,gcc
llr6-qwen30b-c,qwen30b,c,0,604475,fuse_diamond,score,ok,1,233798,20.00000000000003,gcc
llr6-qwen30b-c,qwen30b,c,0,604475,ext_break_capture,score,ok,1,307144,3.225806451612904,gcc
llr6-qwen30b-c,qwen30b,c,0,604475,tsvc_2_s115,score,ok,1,246282,3.846153846153846,gcc
llr6-qwen30b-c,qwen30b,c,0,604475,tsvc_2_s231,score,ok,1,227604,3.7037037037037033,gcc
llr6-qwen30b-c,qwen30b,c,0,604475,wf_diff_skew,score,ok,1,290588,1.0,gcc
llr6-qwen30b-c,qwen30b,c,0,604475,tsvc_2_s115,score,ok,1,293325,3.846153846153846,gcc
llr6-qwen30b-c,qwen30b,c,0,604475,fuse_diamond,score,ok,1,295983,12.500000000000007,gcc
llr6-qwen30b-c,qwen30b,c,0,604475,tsvc_2_s231,score,ok,1,274069,2.857142857142857,gcc
llr6-qwen30b-c,qwen30b,c,0,604475,tsvc_2_s115,score,ok,1,344136,3.846153846153846,gcc
llr6-qwen30b-c,qwen30b,c,0,604475,ext_break_capture,submit,build_error,0,417415,0.0,gcc
llr6-qwen30b-c,qwen30b,c,0,604475,fuse_diamond,score,ok,1,346953,24.99999999999998,gcc
llr6-qwen30b-c,qwen30b,c,0,604475,wf_diff_skew,score,ok,1,384522,1.0,gcc
llr6-qwen30b-c,qwen30b,c,0,604475,tsvc_2_s231,score,ok,1,324316,3.1250000000000004,gcc
llr6-qwen30b-c,qwen30b,c,0,604475,tsvc_2_s115,score,ok,1,398777,3.846153846153846,gcc
llr6-qwen30b-c,qwen30b,c,0,604475,fuse_diamond,score,ok,1,401290,24.99999999999998,gcc
llr6-qwen30b-c,qwen30b,c,0,604475,ext_break_capture,score,ok,1,537590,3.333333333333334,gcc
llr6-qwen30b-c,qwen30b,c,0,604475,fuse_diamond,score,ok,1,459050,8.333333333333334,gcc
llr6-qwen30b-c,qwen30b,c,0,604475,ext_break_capture,submit,ok,1,568595,1.0,gcc
llr6-qwen30b-c,qwen30b,c,0,604475,wf_diff_skew,score,ok,1,467292,1.0,gcc
llr6-qwen30b-c,qwen30b,c,0,604475,tsvc_2_s231,score,ok,1,433216,1.0,gcc
llr6-qwen30b-c,qwen30b,c,0,604475,tsvc_2_s115,score,ok,1,477792,1.3513513513513513,gcc
llr6-qwen30b-c,qwen30b,c,0,604475,wf_diff_skew,score,timeout,0,533170,0.0,gcc
llr6-qwen30b-c,qwen30b,c,0,604475,tsvc_2_s231,score,ok,1,472650,1.0,gcc
llr6-qwen30b-c,qwen30b,c,0,604475,fuse_diamond,submit,ok,1,499539,7.142857142857142,gcc
llr6-qwen30b-c,qwen30b,c,0,604475,tsvc_2_s115,submit,ok,1,498681,1.0,gcc
llr6-qwen30b-c,qwen30b,c,0,604475,fuse_diamond,score,ok,1,520473,12.500000000000007,gcc
llr6-qwen30b-c,qwen30b,c,0,604475,ext_break_capture,submit,ok,1,729766,1.3333333333333333,gcc
llr6-qwen30b-c,qwen30b,c,0,604475,wf_diff_skew,score,ok,1,626462,1.0,gcc
llr6-qwen30b-c,qwen30b,c,0,604475,tsvc_2_s115,score,ok,1,541761,1.4285714285714286,gcc
llr6-qwen30b-c,qwen30b,c,0,604475,tsvc_2_s231,score,ok,1,638878,1.4492753623188408,gcc
llr6-qwen30b-c,qwen30b,c,0,604475,tsvc_2_s115,score,ok,1,586782,1.2987012987012987,gcc
llr6-qwen30b-c,qwen30b,c,0,604475,fuse_diamond,submit,ok,1,563622,12.500000000000007,gcc
llr6-qwen30b-c,qwen30b,c,0,604475,tsvc_2_s231,submit,ok,1,664226,1.0,gcc
llr6-qwen30b-c,qwen30b,c,0,604475,wf_diff_skew,submit,score_error,0,675014,0.0,gcc
llr6-qwen30b-c,qwen30b,c,0,604475,tsvc_2_s115,submit,ok,1,633697,1.492537313432836,gcc
llr6-qwen30b-c,qwen30b,c,0,604475,tsvc_2_s231,score,ok,1,743187,1.2195121951219512,gcc
llr6-qwen30b-c,qwen30b,c,0,604475,wf_diff_skew,score,ok,1,753880,1.0,gcc
llr6-qwen30b-c,qwen30b,c,0,604475,fuse_diamond,submit,ok,1,610073,12.500000000000007,gcc
llr6-qwen30b-c,qwen30b,c,0,604475,tsvc_2_s115,score,ok,1,784702,1.0,gcc
llr6-qwen30b-c,qwen30b,c,0,604475,wf_diff_skew,score,ok,1,836173,1.0,gcc
llr6-qwen30b-c,qwen30b,c,0,604475,tsvc_2_s231,submit,ok,1,770352,1.0,gcc
llr6-qwen30b-c,qwen30b,c,0,604475,fuse_diamond,submit,ok,1,684393,12.500000000000007,gcc
llr6-qwen30b-c,qwen30b,c,0,604475,tsvc_2_s115,submit,ok,1,811431,1.0,gcc
llr6-qwen30b-c,qwen30b,c,0,604475,wf_diff_skew,submit,score_error,0,864268,0.0,gcc
llr6-qwen30b-c,qwen30b,c,0,604475,fuse_diamond,submit,ok,1,736056,12.500000000000007,gcc
llr6-qwen30b-c,qwen30b,c,0,604475,wf_diff_skew,submit,score_error,0,923917,0.0,gcc
llr6-qwen30b-c,qwen30b,c,0,604475,fuse_diamond,submit,ok,1,845617,7.692307692307692,gcc
llr6-qwen30b-c,qwen30b,c,0,604475,wf_diff_skew,score,ok,1,987303,1.0,gcc
llr6-qwen30b-c,qwen30b,c,0,604475,tsvc_2_s115,score,ok,1,117423,1.0,gcc
llr6-qwen30b-c,qwen30b,c,0,604475,wf_diff_skew,score,ok,1,133312,1.0,gcc
llr6-qwen30b-c,qwen30b,c,0,604475,tsvc_2_s318,score,ok,1,122207,1.0,gcc
llr6-qwen30b-c,qwen30b,c,0,604475,tsvc_2_s3110,score,ok,1,121012,1.0,gcc
llr6-qwen30b-c,qwen30b,c,0,604475,fuse_diamond,score,ok,1,120522,12.500000000000007,gcc
llr6-qwen30b-c,qwen30b,c,0,604475,tsvc_2_s255,score,ok,1,147033,1.0416666666666667,gcc
llr6-qwen30b-c,qwen30b,c,0,604475,tsvc_2_s13110,score,ok,1,155390,1.0,gcc
llr6-qwen30b-c,qwen30b,c,0,604475,wf_diff_skew,score,ok,1,176952,1.0,gcc
llr6-qwen30b-c,qwen30b,c,0,604475,tsvc_2_s318,score,ok,1,160732,1.4705882352941178,gcc
llr6-qwen30b-c,qwen30b,c,0,604475,fuse_diamond,score,ok,1,158211,16.666666666666682,gcc
llr6-qwen30b-c,qwen30b,c,0,604475,tsvc_2_s115,score,ok,1,180287,1.0,gcc
llr6-qwen30b-c,qwen30b,c,0,604475,tsvc_2_s255,score,ok,1,186480,2.127659574468085,gcc
llr6-qwen30b-c,qwen30b,c,0,604475,wf_diff_skew,score,timeout,0,208086,0.0,gcc
llr6-qwen30b-c,qwen30b,c,0,604475,tsvc_2_s318,score,ok,1,188732,1.8867924528301885,gcc
llr6-qwen30b-c,qwen30b,c,0,604475,tsvc_2_s115,score,ok,1,222945,1.0,gcc
llr6-qwen30b-c,qwen30b,c,0,604475,tsvc_2_s13110,score,ok,1,211539,1.0,gcc
llr6-qwen30b-c,qwen30b,c,0,604475,tsvc_2_s3110,score,ok,1,188106,1.0416666666666667,gcc
llr6-qwen30b-c,qwen30b,c,0,604475,fuse_diamond,score,ok,1,214131,49.99999999999996,gcc
llr6-qwen30b-c,qwen30b,c,0,604475,tsvc_2_s255,score,ok,1,215250,3.846153846153846,gcc
llr6-qwen30b-c,qwen30b,c,0,604475,tsvc_2_s115,score,ok,1,253388,1.0,gcc
llr6-qwen30b-c,qwen30b,c,0,604475,tsvc_2_s318,score,ok,1,218948,2.5,gcc
llr6-qwen30b-c,qwen30b,c,0,604475,wf_diff_skew,score,ok,1,258494,1.0,gcc
llr6-qwen30b-c,qwen30b,c,0,604475,tsvc_2_s13110,score,ok,1,258625,1.0,gcc
llr6-qwen30b-c,qwen30b,c,0,604475,tsvc_2_s3110,score,ok,1,234284,2.380952380952381,gcc
llr6-qwen30b-c,qwen30b,c,0,604475,tsvc_2_s255,score,ok,1,246089,2.380952380952381,gcc
llr6-qwen30b-c,qwen30b,c,0,604475,fuse_diamond,score,ok,1,260510,24.99999999999998,gcc
llr6-qwen30b-c,qwen30b,c,0,604475,tsvc_2_s318,score,ok,1,251527,1.0,gcc
llr6-qwen30b-c,qwen30b,c,0,604475,tsvc_2_s115,score,ok,1,302662,1.0,gcc
llr6-qwen30b-c,qwen30b,c,0,604475,wf_diff_skew,score,timeout,0,294865,0.0,gcc
llr6-qwen30b-c,qwen30b,c,0,604475,tsvc_2_s13110,score,timeout,0,292299,0.0,gcc
llr6-qwen30b-c,qwen30b,c,0,604475,tsvc_2_s3110,score,ok,1,284626,1.0204081632653061,gcc
llr6-qwen30b-c,qwen30b,c,0,604475,tsvc_2_s255,score,ok,1,278868,1.0869565217391304,gcc
llr6-qwen30b-c,qwen30b,c,0,604475,tsvc_2_s318,score,ok,1,286243,1.0,gcc
llr6-qwen30b-c,qwen30b,c,0,604475,fuse_diamond,submit,ok,1,276851,5.263157894736843,gcc
llr6-qwen30b-c,qwen30b,c,0,604475,tsvc_2_s3110,score,ok,1,339067,2.0,gcc
llr6-qwen30b-c,qwen30b,c,0,604475,fuse_diamond,score,ok,1,310865,24.99999999999998,gcc
llr6-qwen30b-c,qwen30b,c,0,604475,tsvc_2_s115,score,ok,1,376415,1.0,gcc
llr6-qwen30b-c,qwen30b,c,0,604475,tsvc_2_s318,score,ok,1,323065,1.0,gcc
llr6-qwen30b-c,qwen30b,c,0,604475,tsvc_2_s13110,score,timeout,0,366672,0.0,gcc
llr6-qwen30b-c,qwen30b,c,0,604475,wf_diff_skew,score,ok,1,354226,1.0,gcc
llr6-qwen30b-c,qwen30b,c,0,604475,tsvc_2_s115,score,ok,1,437270,1.0,gcc
llr6-qwen30b-c,qwen30b,c,0,604475,fuse_diamond,submit,ok,1,328482,16.666666666666682,gcc
llr6-qwen30b-c,qwen30b,c,0,604475,tsvc_2_s318,score,ok,1,362240,1.0,gcc
llr6-qwen30b-c,qwen30b,c,0,604475,tsvc_2_s3110,score,ok,1,437035,1.0309278350515465,gcc
llr6-qwen30b-c,qwen30b,c,0,604475,wf_diff_skew,score,ok,1,396501,1.0,gcc
llr6-qwen30b-c,qwen30b,c,0,604475,tsvc_2_s255,submit,ok,1,349561,1.0,gcc
llr6-qwen30b-c,qwen30b,c,0,604475,tsvc_2_s318,submit,ok,1,382569,1.0,gcc
llr6-qwen30b-c,qwen30b,c,0,604475,tsvc_2_s115,submit,ok,1,458349,1.0,gcc
llr6-qwen30b-c,qwen30b,c,0,604475,tsvc_2_s3110,submit,ok,1,457771,1.0,gcc
llr6-qwen30b-c,qwen30b,c,0,604475,tsvc_2_s255,score,ok,1,368429,1.0,gcc
llr6-qwen30b-c,qwen30b,c,0,604475,tsvc_2_s13110,submit,ok,1,491219,1.0,gcc
llr6-qwen30b-c,qwen30b,c,0,604475,fuse_diamond,score,ok,1,384221,12.500000000000007,gcc
llr6-qwen30b-c,qwen30b,c,0,604475,tsvc_2_s115,score,ok,1,501839,1.0,gcc
llr6-qwen30b-c,qwen30b,c,0,604475,tsvc_2_s318,score,ok,1,424655,1.0,gcc
llr6-qwen30b-c,qwen30b,c,0,604475,tsvc_2_s255,score,ok,1,407633,1.0638297872340425,gcc
llr6-qwen30b-c,qwen30b,c,0,604475,tsvc_2_s13110,score,ok,1,559827,1.0,gcc
llr6-qwen30b-c,qwen30b,c,0,604475,fuse_diamond,submit,ok,1,403728,8.333333333333334,gcc
llr6-qwen30b-c,qwen30b,c,0,604475,wf_diff_skew,submit,score_error,0,418263,0.0,gcc
llr6-qwen30b-c,qwen30b,c,0,604475,tsvc_2_s3110,submit,ok,1,523427,1.0,gcc
llr6-qwen30b-c,qwen30b,c,0,604475,tsvc_2_s115,score,ok,1,644731,1.0,gcc
llr6-qwen30b-c,qwen30b,c,0,604475,tsvc_2_s255,submit,ok,1,427969,1.0752688172043012,gcc
llr6-qwen30b-c,qwen30b,c,0,604475,wf_diff_skew,score,timeout,0,489305,0.0,gcc
llr6-qwen30b-c,qwen30b,c,0,604475,tsvc_2_s13110,submit,ok,1,583468,1.4705882352941178,gcc
llr6-qwen30b-c,qwen30b,c,0,604475,tsvc_2_s3110,score,ok,1,569779,1.0989010989010988,gcc
llr6-qwen30b-c,qwen30b,c,0,604475,tsvc_2_s115,score,ok,1,696533,1.0,gcc
llr6-qwen30b-c,qwen30b,c,0,604475,fuse_diamond,submit,ok,1,444125,33.33333333333331,gcc
llr6-qwen30b-c,qwen30b,c,0,604475,tsvc_2_s255,score,ok,1,470124,4.0,gcc
llr6-qwen30b-c,qwen30b,c,0,604475,tsvc_2_s115,score,ok,1,750143,1.0,gcc
llr6-qwen30b-c,qwen30b,c,0,604475,tsvc_2_s13110,score,ok,1,632213,1.0,gcc
llr6-qwen30b-c,qwen30b,c,0,604475,tsvc_2_s3110,score,ok,1,643578,1.5873015873015872,gcc
llr6-qwen30b-c,qwen30b,c,0,604475,wf_diff_skew,score,timeout,0,695023,0.0,gcc
llr6-qwen30b-c,qwen30b,c,0,604475,tsvc_2_s255,submit,ok,1,491898,1.0,gcc
llr6-qwen30b-c,qwen30b,c,0,604475,tsvc_2_s13110,submit,ok,1,657292,1.0309278350515465,gcc
llr6-qwen30b-c,qwen30b,c,0,604475,tsvc_2_s115,submit,ok,1,777571,1.0,gcc
llr6-qwen30b-c,qwen30b,c,0,604475,wf_diff_skew,score,ok,1,779186,1.0,gcc
llr6-qwen30b-c,qwen30b,c,0,604475,tsvc_2_s255,score,ok,1,514003,1.0101010101010102,gcc
llr6-qwen30b-c,qwen30b,c,0,604475,fuse_diamond,submit,ok,1,530842,11.111111111111114,gcc
llr6-qwen30b-c,qwen30b,c,0,604475,tsvc_2_s3110,submit,ok,1,695438,1.1764705882352942,gcc
llr6-qwen30b-c,qwen30b,c,0,604475,wf_diff_skew,score,timeout,0,837727,0.0,gcc
llr6-qwen30b-c,qwen30b,c,0,604475,fuse_diamond,score,ok,1,675688,14.285714285714295,gcc
llr6-qwen30b-c,qwen30b,c,0,604475,tsvc_2_s13110,submit,ok,1,762312,1.0,gcc
llr6-qwen30b-c,qwen30b,c,0,604475,tsvc_2_s255,submit,ok,1,559278,1.0,gcc
llr6-qwen30b-c,qwen30b,c,0,604475,wf_diff_skew,score,ok,1,929242,1.0,gcc
llr6-qwen30b-c,qwen30b,c,0,604475,fuse_diamond,submit,ok,1,701000,12.500000000000007,gcc
llr6-qwen30b-c,qwen30b,c,0,604475,fuse_diamond,score,ok,1,780650,33.33333333333331,gcc
llr6-qwen30b-c,qwen30b,c,0,604475,wf_diff_skew,submit,score_error,0,992652,0.0,gcc
llr6-qwen30b-c,qwen30b,c,0,604475,fuse_diamond,submit,ok,1,808296,12.500000000000007,gcc
llr6-qwen30b-c,qwen30b,c,0,604475,wf_diff_skew,score,ok,1,1060074,1.0101010101010102,gcc
llr6-qwen30b-c,qwen30b,c,0,604475,fuse_diamond,submit,ok,1,865632,11.111111111111114,gcc
llr6-qwen30b-c,qwen30b,c,0,604475,fuse_diamond,submit,ok,1,925739,12.500000000000007,gcc
llr6-qwen30b-c,qwen30b,c,0,604475,fuse_diamond,score,ok,1,988702,49.99999999999996,gcc
llr6-qwen30b-c,qwen30b,c,0,604475,fuse_diamond,submit,ok,1,1021233,12.500000000000007,gcc
llr6-qwen30b-c,qwen30b,c,0,604475,fuse_diamond,submit,ok,1,1088561,11.111111111111114,gcc
llr6-qwen30b-c,qwen30b,c,0,604475,fuse_diamond,score,ok,1,1158731,49.99999999999996,gcc
llr6-qwen30b-c,qwen30b,c,0,604475,fuse_diamond,submit,ok,1,1194863,12.500000000000007,gcc
llr6-qwen30b-c,qwen30b,c,0,604475,fuse_diamond,submit,ok,1,1269464,12.500000000000007,gcc
llr6-qwen30b-c,qwen30b,c,0,604475,fuse_diamond,submit,ok,1,1347201,12.500000000000007,gcc
llr6-qwen30b-c,qwen30b,c,0,604475,fuse_diamond,submit,ok,1,1428074,12.500000000000007,gcc
llr6-qwen30b-c,qwen30b,c,0,604475,tsvc_2_vag,score,ok,1,104930,1.0,gcc
llr6-qwen30b-c,qwen30b,c,0,604475,tsvc_2_s255,score,ok,1,130021,1.0,gcc
llr6-qwen30b-c,qwen30b,c,0,604475,fuse_diamond,score,incorrect,0,120048,12.500000000000007,gcc
llr6-qwen30b-c,qwen30b,c,0,604475,wf_diff_skew,score,ok,1,160226,1.0,gcc
llr6-qwen30b-c,qwen30b,c,0,604475,tsvc_2_vag,score,ok,1,139898,1.0,gcc
llr6-qwen30b-c,qwen30b,c,0,604475,tsvc_2_vag,score,ok,1,178028,1.0,gcc
llr6-qwen30b-c,qwen30b,c,0,604475,wf_diff_skew,score,ok,1,205198,2.9411764705882355,gcc
llr6-qwen30b-c,qwen30b,c,0,604475,fuse_diamond,score,ok,1,158662,33.33333333333331,gcc
llr6-qwen30b-c,qwen30b,c,0,604475,tsvc_2_vag,score,ok,1,219202,1.0,gcc
llr6-qwen30b-c,qwen30b,c,0,604475,tsvc_2_s255,score,ok,1,282037,2.857142857142857,gcc
llr6-qwen30b-c,qwen30b,c,0,604475,wf_diff_skew,score,ok,1,253818,2.857142857142857,gcc
llr6-qwen30b-c,qwen30b,c,0,604475,fuse_diamond,score,ok,1,200574,33.33333333333331,gcc
llr6-qwen30b-c,qwen30b,c,0,604475,tsvc_2_s255,score,ok,1,320536,1.5151515151515154,gcc
llr6-qwen30b-c,qwen30b,c,0,604475,tsvc_2_vag,score,ok,1,278620,1.0,gcc
llr6-qwen30b-c,qwen30b,c,0,604475,wf_diff_skew,score,ok,1,288253,1.0,gcc
llr6-qwen30b-c,qwen30b,c,0,604475,fuse_diamond,score,ok,1,246513,33.33333333333331,gcc
llr6-qwen30b-c,qwen30b,c,0,604475,wf_diff_skew,score,timeout,0,324476,0.0,gcc
llr6-qwen30b-c,qwen30b,c,0,604475,tsvc_2_s255,score,ok,1,382004,1.0,gcc
llr6-qwen30b-c,qwen30b,c,0,604475,fuse_diamond,score,ok,1,279526,12.500000000000007,gcc
llr6-qwen30b-c,qwen30b,c,0,604475,tsvc_2_vag,submit,ok,1,327146,1.0,gcc
llr6-qwen30b-c,qwen30b,c,0,604475,wf_diff_skew,score,ok,1,362468,1.4492753623188408,gcc
llr6-qwen30b-c,qwen30b,c,0,604475,fuse_diamond,submit,ok,1,296645,6.249999999999999,gcc
llr6-qwen30b-c,qwen30b,c,0,604475,tsvc_2_s255,score,ok,1,447925,1.4492753623188408,gcc
llr6-qwen30b-c,qwen30b,c,0,604475,tsvc_2_vag,score,ok,1,397158,1.0,gcc
llr6-qwen30b-c,qwen30b,c,0,604475,tsvc_2_vag,score,ok,1,434105,1.0,gcc
llr6-qwen30b-c,qwen30b,c,0,604475,tsvc_2_s255,score,ok,1,494260,1.1235955056179776,gcc
llr6-qwen30b-c,qwen30b,c,0,604475,wf_diff_skew,score,ok,1,422943,1.1235955056179776,gcc
llr6-qwen30b-c,qwen30b,c,0,604475,wf_diff_skew,score,ok,1,466168,1.0,gcc
llr6-qwen30b-c,qwen30b,c,0,604475,tsvc_2_vag,submit,ok,1,453122,1.0,gcc
llr6-qwen30b-c,qwen30b,c,0,604475,tsvc_2_s255,submit,ok,1,518061,1.0,gcc
llr6-qwen30b-c,qwen30b,c,0,604475,fuse_diamond,submit,ok,1,389352,9.090909090909092,gcc
llr6-qwen30b-c,qwen30b,c,0,604475,tsvc_2_s255,score,ok,1,591136,1.492537313432836,gcc
llr6-qwen30b-c,qwen30b,c,0,604475,wf_diff_skew,submit,score_error,0,488513,0.0,gcc
llr6-qwen30b-c,qwen30b,c,0,604475,tsvc_2_s255,submit,ok,1,616102,1.0,gcc
llr6-qwen30b-c,qwen30b,c,0,604475,tsvc_2_vag,submit,ok,1,512764,1.0,gcc
llr6-qwen30b-c,qwen30b,c,0,604475,wf_diff_skew,score,ok,1,536661,2.9411764705882355,gcc
llr6-qwen30b-c,qwen30b,c,0,604475,tsvc_2_s255,score,ok,1,693028,2.9411764705882355,gcc
llr6-qwen30b-c,qwen30b,c,0,604475,wf_diff_skew,score,ok,1,586677,2.9411764705882355,gcc
llr6-qwen30b-c,qwen30b,c,0,604475,wf_diff_skew,submit,score_error,0,612303,0.0,gcc
llr6-qwen30b-c,qwen30b,c,0,604475,tsvc_2_s255,submit,ok,1,910530,1.0,gcc
llr6-qwen30b-c,qwen30b,c,0,604475,wf_diff_skew,score,ok,1,694643,2.9411764705882355,gcc
llr6-qwen30b-c,qwen30b,c,0,604475,wf_diff_skew,submit,score_error,0,723099,0.0,gcc
llr6-qwen30b-c,qwen30b,c,0,604475,tsvc_2_vpvts,score,ok,1,116331,1.0,gcc
llr6-qwen30b-c,qwen30b,c,0,604475,ext_break_find_first,score,ok,1,130193,1.0,gcc
llr6-qwen30b-c,qwen30b,c,0,604475,tsvc_2_s152,score,ok,1,144766,1.0,gcc
llr6-qwen30b-c,qwen30b,c,0,604475,wf_north_west,score,ok,1,146179,1.0,gcc
llr6-qwen30b-c,qwen30b,c,0,604475,tsvc_2_s2710,score,ok,1,122503,1.0,gcc
llr6-qwen30b-c,qwen30b,c,0,604475,tsvc_2_s119,score,ok,1,194043,1.0,gcc
llr6-qwen30b-c,qwen30b,c,0,604475,tsvc_2_vpvts,score,ok,1,139787,1.0526315789473684,gcc
llr6-qwen30b-c,qwen30b,c,0,604475,tsvc_2_s233,score,ok,1,144460,1.3157894736842106,gcc
llr6-qwen30b-c,qwen30b,c,0,604475,fuse_move_ifs,score,ok,1,170510,1.0,gcc
llr6-qwen30b-c,qwen30b,c,0,604475,tsvc_2_s119,score,ok,1,247675,1.0101010101010102,gcc
llr6-qwen30b-c,qwen30b,c,0,604475,tsvc_2_vpvts,score,ok,1,164909,1.0,gcc
llr6-qwen30b-c,qwen30b,c,0,604475,tsvc_2_s152,score,ok,1,214680,1.0,gcc
llr6-qwen30b-c,qwen30b,c,0,604475,ext_break_find_first,score,incorrect,0,256340,1.0,gcc
llr6-qwen30b-c,qwen30b,c,0,604475,tsvc_2_s2710,score,ok,1,162274,2.0833333333333335,gcc
llr6-qwen30b-c,qwen30b,c,0,604475,tsvc_2_s233,score,ok,1,186283,1.0,gcc
llr6-qwen30b-c,qwen30b,c,0,604475,wf_north_west,score,ok,1,242118,1.0,gcc
llr6-qwen30b-c,qwen30b,c,0,604475,tsvc_2_vpvts,score,ok,1,191635,1.0,gcc
llr6-qwen30b-c,qwen30b,c,0,604475,tsvc_2_s119,score,timeout,0,285585,0.0,gcc
llr6-qwen30b-c,qwen30b,c,0,604475,tsvc_2_s152,score,ok,1,271673,1.2987012987012987,gcc
llr6-qwen30b-c,qwen30b,c,0,604475,fuse_move_ifs,score,ok,1,246489,1.0638297872340425,gcc
llr6-qwen30b-c,qwen30b,c,0,604475,tsvc_2_s2710,score,ok,1,206584,3.4482758620689653,gcc
llr6-qwen30b-c,qwen30b,c,0,604475,tsvc_2_vpvts,score,ok,1,219937,1.0,gcc
llr6-qwen30b-c,qwen30b,c,0,604475,tsvc_2_s233,score,ok,1,232160,1.0,gcc
llr6-qwen30b-c,qwen30b,c,0,604475,ext_break_find_first,score,incorrect,0,369360,1.0,gcc
llr6-qwen30b-c,qwen30b,c,0,604475,wf_north_west,score,ok,1,313375,1.1627906976744187,gcc
llr6-qwen30b-c,qwen30b,c,0,604475,tsvc_2_s152,score,ok,1,353621,1.0,gcc
llr6-qwen30b-c,qwen30b,c,0,604475,tsvc_2_s119,score,ok,1,346223,1.0,gcc
llr6-qwen30b-c,qwen30b,c,0,604475,fuse_move_ifs,score,ok,1,308883,1.0,gcc
llr6-qwen30b-c,qwen30b,c,0,604475,tsvc_2_s2710,score,ok,1,255440,1.6949152542372883,gcc
llr6-qwen30b-c,qwen30b,c,0,604475,tsvc_2_vpvts,score,ok,1,327227,1.0,gcc
llr6-qwen30b-c,qwen30b,c,0,604475,tsvc_2_s233,score,ok,1,264928,1.0,gcc
llr6-qwen30b-c,qwen30b,c,0,604475,tsvc_2_s152,score,ok,1,397015,1.0,gcc
llr6-qwen30b-c,qwen30b,c,0,604475,ext_break_find_first,score,ok,1,442754,1.0,gcc
llr6-qwen30b-c,qwen30b,c,0,604475,wf_north_west,score,ok,1,388194,1.0,gcc
llr6-qwen30b-c,qwen30b,c,0,604475,tsvc_2_vpvts,score,ok,1,366734,1.0,gcc
llr6-qwen30b-c,qwen30b,c,0,604475,tsvc_2_s152,score,ok,1,442113,1.0,gcc
llr6-qwen30b-c,qwen30b,c,0,604475,tsvc_2_s233,score,ok,1,318144,5.263157894736843,gcc
llr6-qwen30b-c,qwen30b,c,0,604475,tsvc_2_vpvts,score,ok,1,407869,1.0,gcc
llr6-qwen30b-c,qwen30b,c,0,604475,ext_break_find_first,score,ok,1,546183,1.0,gcc
llr6-qwen30b-c,qwen30b,c,0,604475,tsvc_2_s119,score,ok,1,459504,1.0,gcc
llr6-qwen30b-c,qwen30b,c,0,604475,tsvc_2_s2710,submit,ok,1,272554,1.1764705882352942,gcc
llr6-qwen30b-c,qwen30b,c,0,604475,wf_north_west,score,incorrect,0,493909,1.0,gcc
llr6-qwen30b-c,qwen30b,c,0,604475,tsvc_2_s152,score,ok,1,488886,1.0,gcc
llr6-qwen30b-c,qwen30b,c,0,604475,fuse_move_ifs,score,ok,1,448640,1.0,gcc
llr6-qwen30b-c,qwen30b,c,0,604475,tsvc_2_s233,score,ok,1,355788,7.142857142857142,gcc
llr6-qwen30b-c,qwen30b,c,0,604475,ext_break_find_first,score,ok,1,600337,1.0,gcc
llr6-qwen30b-c,qwen30b,c,0,604475,wf_north_west,score,ok,1,577540,1.0204081632653061,gcc
llr6-qwen30b-c,qwen30b,c,0,604475,tsvc_2_vpvts,submit,ok,1,428983,1.282051282051282,gcc
llr6-qwen30b-c,qwen30b,c,0,604475,tsvc_2_s152,submit,ok,1,512846,1.0,gcc
llr6-qwen30b-c,qwen30b,c,0,604475,tsvc_2_s2710,score,ok,1,346395,1.1235955056179776,gcc
llr6-qwen30b-c,qwen30b,c,0,604475,tsvc_2_s119,submit,ok,1,484198,1.0,gcc
llr6-qwen30b-c,qwen30b,c,0,604475,ext_break_find_first,score,ok,1,684739,1.0,gcc
llr6-qwen30b-c,qwen30b,c,0,604475,tsvc_2_s233,score,ok,1,395696,5.882352941176473,gcc
llr6-qwen30b-c,qwen30b,c,0,604475,fuse_move_ifs,score,ok,1,553599,1.0989010989010988,gcc
llr6-qwen30b-c,qwen30b,c,0,604475,wf_north_west,score,ok,1,664699,1.0,gcc
llr6-qwen30b-c,qwen30b,c,0,604475,tsvc_2_s152,score,ok,1,562078,1.0,gcc
llr6-qwen30b-c,qwen30b,c,0,604475,tsvc_2_vpvts,score,ok,1,472403,1.0,gcc
llr6-qwen30b-c,qwen30b,c,0,604475,tsvc_2_s119,score,ok,1,534913,1.2345679012345678,gcc
llr6-qwen30b-c,qwen30b,c,0,604475,ext_break_find_first,submit,overfit,0,713533,1.0,gcc
llr6-qwen30b-c,qwen30b,c,0,604475,tsvc_2_s233,score,ok,1,459576,7.692307692307692,gcc
llr6-qwen30b-c,qwen30b,c,0,604475,tsvc_2_s2710,submit,ok,1,365993,1.639344262295082,gcc
llr6-qwen30b-c,qwen30b,c,0,604475,fuse_move_ifs,submit,ok,1,581267,1.4285714285714286,gcc
llr6-qwen30b-c,qwen30b,c,0,604475,tsvc_2_vpvts,submit,ok,1,494658,1.0,gcc
llr6-qwen30b-c,qwen30b,c,0,604475,wf_north_west,submit,score_error,0,694435,0.0,gcc
llr6-qwen30b-c,qwen30b,c,0,604475,tsvc_2_s152,submit,ok,1,587295,1.0,gcc
llr6-qwen30b-c,qwen30b,c,0,604475,ext_break_find_first,score,ok,1,802606,1.0,gcc
llr6-qwen30b-c,qwen30b,c,0,604475,tsvc_2_s119,submit,ok,1,560924,1.0,gcc
llr6-qwen30b-c,qwen30b,c,0,604475,fuse_move_ifs,score,ok,1,638171,1.0,gcc
llr6-qwen30b-c,qwen30b,c,0,604475,tsvc_2_s2710,score,ok,1,427862,1.5151515151515154,gcc
llr6-qwen30b-c,qwen30b,c,0,604475,tsvc_2_s152,score,ok,1,692000,1.0,gcc
llr6-qwen30b-c,qwen30b,c,0,604475,tsvc_2_s233,submit,ok,1,481566,5.263157894736843,gcc
llr6-qwen30b-c,qwen30b,c,0,604475,wf_north_west,score,ok,1,785766,1.0,gcc
llr6-qwen30b-c,qwen30b,c,0,604475,tsvc_2_s119,score,ok,1,667016,1.0,gcc
llr6-qwen30b-c,qwen30b,c,0,604475,fuse_move_ifs,score,build_error,0,697341,0.0,gcc
llr6-qwen30b-c,qwen30b,c,0,604475,tsvc_2_s233,score,ok,1,503750,10.000000000000002,gcc
llr6-qwen30b-c,qwen30b,c,0,604475,tsvc_2_s152,score,ok,1,775021,1.0,gcc
llr6-qwen30b-c,qwen30b,c,0,604475,ext_break_find_first,submit,ok,1,832996,1.0,gcc
llr6-qwen30b-c,qwen30b,c,0,604475,wf_north_west,score,ok,1,880464,1.0,gcc
llr6-qwen30b-c,qwen30b,c,0,604475,tsvc_2_s152,score,ok,1,832349,1.0,gcc
llr6-qwen30b-c,qwen30b,c,0,604475,tsvc_2_s2710,submit,ok,1,449304,2.173913043478261,gcc
llr6-qwen30b-c,qwen30b,c,0,604475,fuse_move_ifs,score,ok,1,824265,1.0,gcc
llr6-qwen30b-c,qwen30b,c,0,604475,tsvc_2_s119,submit,ok,1,694429,1.4705882352941178,gcc
llr6-qwen30b-c,qwen30b,c,0,604475,wf_north_west,score,ok,1,978640,1.0,gcc
llr6-qwen30b-c,qwen30b,c,0,604475,tsvc_2_s233,submit,ok,1,573492,7.142857142857142,gcc
llr6-qwen30b-c,qwen30b,c,0,604475,tsvc_2_s152,submit,ok,1,891317,1.0,gcc
llr6-qwen30b-c,qwen30b,c,0,604475,wf_north_west,score,ok,1,1080315,1.0,gcc
llr6-qwen30b-c,qwen30b,c,0,604475,ext_break_find_first,submit,ok,1,958576,1.4084507042253522,gcc
llr6-qwen30b-c,qwen30b,c,0,604475,fuse_move_ifs,submit,ok,1,857390,1.0309278350515465,gcc
llr6-qwen30b-c,qwen30b,c,0,604475,tsvc_2_s119,submit,ok,1,900841,1.0204081632653061,gcc
llr6-qwen30b-c,qwen30b,c,0,604475,wf_north_west,submit,score_error,0,1150057,0.0,gcc
llr6-qwen30b-c,qwen30b,c,0,604475,wf_north_west,score,ok,1,1223789,2.0408163265306123,gcc
llr6-qwen30b-c,qwen30b,c,0,604475,wf_north_west,submit,score_error,0,1261271,0.0,gcc
llr6-qwen30b-c,qwen30b,c,0,604475,wf_north_west,score,ok,1,1339717,2.0408163265306123,gcc
llr6-qwen30b-c,qwen30b,c,0,604475,ext_break_find_first,score,ok,1,118000,1.0,gcc
llr6-qwen30b-c,qwen30b,c,0,604475,tsvc_2_s152,score,ok,1,118560,1.0,gcc
llr6-qwen30b-c,qwen30b,c,0,604475,tsvc_2_s3111,score,timeout,0,177049,0.0,gcc
llr6-qwen30b-c,qwen30b,c,0,604475,tsvc_2_s119,score,ok,1,152046,1.0,gcc
llr6-qwen30b-c,qwen30b,c,0,604475,tsvc_2_s152,score,ok,1,155794,1.0,gcc
llr6-qwen30b-c,qwen30b,c,0,604475,ext_break_find_first,score,ok,1,167358,1.0,gcc
llr6-qwen30b-c,qwen30b,c,0,604475,tsvc_2_s319,score,ok,1,180011,1.0,gcc
llr6-qwen30b-c,qwen30b,c,0,604475,tsvc_2_s2710,score,ok,1,141312,1.0,gcc
llr6-qwen30b-c,qwen30b,c,0,604475,tsvc_2_s3111,score,ok,1,230297,11.111111111111114,gcc
llr6-qwen30b-c,qwen30b,c,0,604475,tsvc_2_s119,score,ok,1,190454,1.492537313432836,gcc
llr6-qwen30b-c,qwen30b,c,0,604475,tsvc_2_s152,score,ok,1,182680,1.0,gcc
llr6-qwen30b-c,qwen30b,c,0,604475,tsvc_2_s3111,score,ok,1,287077,10.000000000000002,gcc
llr6-qwen30b-c,qwen30b,c,0,604475,tsvc_2_s319,score,ok,1,234802,33.33333333333331,gcc
llr6-qwen30b-c,qwen30b,c,0,604475,ext_break_find_first,score,ok,1,236868,1.0,gcc
llr6-qwen30b-c,qwen30b,c,0,604475,tsvc_2_s152,score,ok,1,211412,1.0,gcc
llr6-qwen30b-c,qwen30b,c,0,604475,tsvc_2_s119,score,timeout,0,232752,0.0,gcc
llr6-qwen30b-c,qwen30b,c,0,604475,tsvc_2_s3111,score,timeout,0,347298,0.0,gcc
llr6-qwen30b-c,qwen30b,c,0,604475,tsvc_2_s2710,score,ok,1,195970,5.882352941176473,gcc
llr6-qwen30b-c,qwen30b,c,0,604475,tsvc_2_s319,score,ok,1,273774,1.1904761904761905,gcc
llr6-qwen30b-c,qwen30b,c,0,604475,tsvc_2_s3111,score,ok,1,389324,5.263157894736843,gcc
llr6-qwen30b-c,qwen30b,c,0,604475,ext_break_find_first,submit,ok,1,282431,1.0,gcc
llr6-qwen30b-c,qwen30b,c,0,604475,tsvc_2_s2710,score,ok,1,226669,8.333333333333334,gcc
llr6-qwen30b-c,qwen30b,c,0,604475,tsvc_2_s119,score,ok,1,295219,2.173913043478261,gcc
llr6-qwen30b-c,qwen30b,c,0,604475,tsvc_2_s152,score,ok,1,275362,1.0,gcc
llr6-qwen30b-c,qwen30b,c,0,604475,tsvc_2_s3111,score,ok,1,455492,2.9411764705882355,gcc
llr6-qwen30b-c,qwen30b,c,0,604475,ext_break_find_first,score,ok,1,314464,1.0,gcc
llr6-qwen30b-c,qwen30b,c,0,604475,tsvc_2_s3111,score,ok,1,501493,2.857142857142857,gcc
llr6-qwen30b-c,qwen30b,c,0,604475,tsvc_2_s319,score,ok,1,357577,8.333333333333334,gcc
llr6-qwen30b-c,qwen30b,c,0,604475,tsvc_2_s119,score,ok,1,346484,1.0,gcc
llr6-qwen30b-c,qwen30b,c,0,604475,tsvc_2_s2710,score,ok,1,259954,6.249999999999999,gcc
llr6-qwen30b-c,qwen30b,c,0,604475,tsvc_2_s152,score,ok,1,346294,1.0,gcc
llr6-qwen30b-c,qwen30b,c,0,604475,tsvc_2_s152,score,ok,1,403491,1.0,gcc
llr6-qwen30b-c,qwen30b,c,0,604475,tsvc_2_s319,score,ok,1,402371,8.333333333333334,gcc
llr6-qwen30b-c,qwen30b,c,0,604475,tsvc_2_s119,score,ok,1,382702,1.0101010101010102,gcc
llr6-qwen30b-c,qwen30b,c,0,604475,tsvc_2_s319,score,ok,1,448728,9.090909090909092,gcc
llr6-qwen30b-c,qwen30b,c,0,604475,ext_break_find_first,submit,ok,1,348066,1.5873015873015872,gcc
llr6-qwen30b-c,qwen30b,c,0,604475,tsvc_2_s3111,submit,ok,1,525095,2.2222222222222223,gcc
llr6-qwen30b-c,qwen30b,c,0,604475,tsvc_2_s152,score,ok,1,443509,1.0,gcc
llr6-qwen30b-c,qwen30b,c,0,604475,ext_break_find_first,score,build_error,0,383333,0.0,gcc
llr6-qwen30b-c,qwen30b,c,0,604475,tsvc_2_s2710,score,ok,1,355309,4.0,gcc
llr6-qwen30b-c,qwen30b,c,0,604475,tsvc_2_vpvts,score,score_error,0,0,0.0,gcc
llr6-qwen30b-c,qwen30b,c,0,604475,tsvc_2_s319,submit,ok,1,472419,12.500000000000007,gcc
llr6-qwen30b-c,qwen30b,c,0,604475,tsvc_2_s3111,submit,ok,1,623584,3.7037037037037033,gcc
llr6-qwen30b-c,qwen30b,c,0,604475,tsvc_2_s152,submit,ok,1,485326,1.0,gcc
llr6-qwen30b-c,qwen30b,c,0,604475,tsvc_2_vpvts,score,build_error,0,0,0.0,gcc
llr6-qwen30b-c,qwen30b,c,0,604475,tsvc_2_s119,score,ok,1,481744,1.0,gcc
llr6-qwen30b-c,qwen30b,c,0,604475,tsvc_2_s2710,submit,ok,1,375989,4.0,gcc
llr6-qwen30b-c,qwen30b,c,0,604475,ext_break_find_first,submit,ok,1,420970,1.0204081632653061,gcc
llr6-qwen30b-c,qwen30b,c,0,604475,tsvc_2_s152,score,ok,1,529090,1.0,gcc
llr6-qwen30b-c,qwen30b,c,0,604475,ext_break_find_first,score,ok,1,460223,1.0,gcc
llr6-qwen30b-c,qwen30b,c,0,604475,tsvc_2_s2710,score,ok,1,461864,4.347826086956522,gcc
llr6-qwen30b-c,qwen30b,c,0,604475,tsvc_2_s119,submit,ok,1,502766,2.857142857142857,gcc
llr6-qwen30b-c,qwen30b,c,0,604475,tsvc_2_s152,submit,ok,1,574818,1.0,gcc
llr6-qwen30b-c,qwen30b,c,0,604475,tsvc_2_s2710,score,ok,1,507304,3.846153846153846,gcc
llr6-qwen30b-c,qwen30b,c,0,604475,ext_break_find_first,submit,ok,1,501020,1.0,gcc
llr6-qwen30b-c,qwen30b,c,0,604475,tsvc_2_s2710,submit,ok,1,530806,4.347826086956522,gcc
llr6-qwen30b-c,qwen30b,c,0,604475,tsvc_2_s152,submit,ok,1,698268,1.0,gcc
llr6-qwen30b-c,qwen30b,c,0,604475,ext_break_find_first,submit,ok,1,543348,1.0,gcc
llr6-qwen30b-c,qwen30b,c,0,604475,ext_break_find_first,submit,ok,1,587246,1.0,gcc
llr6-qwen30b-c,qwen30b,c,0,604475,tsvc_2_s2710,submit,ok,1,629672,2.0833333333333335,gcc
llr6-qwen30b-c,qwen30b,c,0,604475,ext_break_find_first,submit,ok,1,632993,1.0,gcc
llr6-qwen30b-c,qwen30b,c,0,604475,tsvc_2_s2710,submit,ok,1,681888,2.0833333333333335,gcc
llr6-qwen30b-c,qwen30b,c,0,604475,ext_break_find_first,submit,ok,1,681515,1.0,gcc
llr6-qwen30b-c,qwen30b,c,0,604475,ext_break_find_first,score,ok,1,706987,1.0,gcc
llr6-qwen30b-c,qwen30b,c,0,604475,ext_break_find_first,submit,ok,1,733203,1.0,gcc
llr6-qwen30b-c,qwen30b,c,0,604475,ext_break_find_first,score,ok,1,760106,1.0,gcc
llr6-qwen30b-c,qwen30b,c,0,604475,ext_break_find_first,submit,ok,1,787742,1.0416666666666667,gcc
llr6-qwen30b-c,qwen30b,c,0,604475,ext_break_find_first,score,ok,1,845411,1.0,gcc
llr6-qwen30b-c,qwen30b,c,0,604475,ext_break_find_first,submit,ok,1,875499,1.0,gcc
llr6-qwen30b-c,qwen30b,c,0,604475,ext_break_find_first,submit,ok,1,937692,1.0,gcc
llr6-qwen30b-c,qwen30b,c,0,604475,ext_break_find_first,score,ok,1,969852,1.0,gcc
llr6-qwen30b-c,qwen30b,c,0,604475,ext_break_find_first,submit,ok,1,1002752,1.0,gcc
llr6-qwen30b-c,qwen30b,c,0,604475,ext_break_find_first,submit,ok,1,1071041,1.0,gcc
llr6-qwen30b-c,qwen30b,c,0,604475,ext_break_find_first,score,ok,1,1106432,1.0,gcc
llr6-qwen30b-c,qwen30b,c,0,604475,ext_break_find_first,submit,ok,1,1142563,1.0,gcc
llr6-qwen30b-c,qwen30b,c,0,604475,ext_break_find_first,submit,ok,1,1216967,1.0,gcc
llr6-qwen30b-c,qwen30b,c,0,604475,ext_break_find_first,score,ok,1,1294551,1.0,gcc
llr6-qwen30b-c,qwen30b,c,0,604475,tsvc_2_s119,score,ok,1,90421,1.0,gcc
llr6-qwen30b-c,qwen30b,c,0,604475,tsvc_2_s319,score,ok,1,131137,1.0,gcc
llr6-qwen30b-c,qwen30b,c,0,604475,tsvc_2_s152,score,ok,1,130837,1.0,gcc
llr6-qwen30b-c,qwen30b,c,0,604475,tsvc_2_vpvts,score,ok,1,194824,1.0,gcc
llr6-qwen30b-c,qwen30b,c,0,604475,wf_north_west,score,ok,1,165883,1.0,gcc
llr6-qwen30b-c,qwen30b,c,0,604475,tsvc_2_s3111,score,ok,1,182487,1.0,gcc
llr6-qwen30b-c,qwen30b,c,0,604475,tsvc_2_s119,score,timeout,0,125504,0.0,gcc
llr6-qwen30b-c,qwen30b,c,0,604475,tsvc_2_s2710,score,ok,1,122975,1.0,gcc
llr6-qwen30b-c,qwen30b,c,0,604475,tsvc_2_s152,score,ok,1,169267,1.2048192771084338,gcc
llr6-qwen30b-c,qwen30b,c,0,604475,fuse_move_ifs,score,ok,1,195826,1.0,gcc
llr6-qwen30b-c,qwen30b,c,0,604475,tsvc_2_s319,score,ok,1,169441,1.0,gcc
llr6-qwen30b-c,qwen30b,c,0,604475,tsvc_2_s3111,score,ok,1,217729,1.0,gcc
llr6-qwen30b-c,qwen30b,c,0,604475,tsvc_2_s152,score,ok,1,211381,1.0,gcc
llr6-qwen30b-c,qwen30b,c,0,604475,wf_north_west,score,ok,1,204558,1.0,gcc
llr6-qwen30b-c,qwen30b,c,0,604475,tsvc_2_vpvts,score,ok,1,267267,1.0,gcc
llr6-qwen30b-c,qwen30b,c,0,604475,tsvc_2_s119,score,ok,1,150972,1.0,gcc
llr6-qwen30b-c,qwen30b,c,0,604475,tsvc_2_s3111,score,ok,1,254677,1.9607843137254901,gcc
llr6-qwen30b-c,qwen30b,c,0,604475,fuse_move_ifs,score,ok,1,234317,1.7857142857142856,gcc
llr6-qwen30b-c,qwen30b,c,0,604475,tsvc_2_vpvts,score,ok,1,325443,1.0,gcc
llr6-qwen30b-c,qwen30b,c,0,604475,tsvc_2_s119,score,timeout,0,178278,0.0,gcc
llr6-qwen30b-c,qwen30b,c,0,604475,tsvc_2_s319,score,ok,1,226602,7.142857142857142,gcc
llr6-qwen30b-c,qwen30b,c,0,604475,tsvc_2_s2710,score,ok,1,200053,1.0,gcc
llr6-qwen30b-c,qwen30b,c,0,604475,tsvc_2_s3111,score,ok,1,293309,1.0,gcc
llr6-qwen30b-c,qwen30b,c,0,604475,tsvc_2_s152,score,ok,1,273664,1.0,gcc
llr6-qwen30b-c,qwen30b,c,0,604475,fuse_move_ifs,score,ok,1,275264,1.0,gcc
llr6-qwen30b-c,qwen30b,c,0,604475,wf_north_west,score,ok,1,245209,1.0,gcc
llr6-qwen30b-c,qwen30b,c,0,604475,tsvc_2_vpvts,score,ok,1,365914,1.0,gcc
llr6-qwen30b-c,qwen30b,c,0,604475,tsvc_2_s319,score,ok,1,273792,6.249999999999999,gcc
llr6-qwen30b-c,qwen30b,c,0,604475,tsvc_2_s2710,score,ok,1,269046,2.564102564102564,gcc
llr6-qwen30b-c,qwen30b,c,0,604475,tsvc_2_vpvts,score,ok,1,407824,1.0,gcc
llr6-qwen30b-c,qwen30b,c,0,604475,fuse_move_ifs,score,ok,1,318639,1.0,gcc
llr6-qwen30b-c,qwen30b,c,0,604475,tsvc_2_s3111,score,ok,1,375936,1.0,gcc
llr6-qwen30b-c,qwen30b,c,0,604475,tsvc_2_s319,score,ok,1,325159,3.333333333333334,gcc
llr6-qwen30b-c,qwen30b,c,0,604475,tsvc_2_s119,score,ok,1,239045,1.0,gcc
llr6-qwen30b-c,qwen30b,c,0,604475,tsvc_2_s152,score,ok,1,363063,1.0,gcc
llr6-qwen30b-c,qwen30b,c,0,604475,wf_north_west,score,ok,1,287903,1.0,gcc
llr6-qwen30b-c,qwen30b,c,0,604475,tsvc_2_s3111,score,ok,1,419775,1.3333333333333333,gcc
llr6-qwen30b-c,qwen30b,c,0,604475,tsvc_2_vpvts,score,ok,1,451183,1.3333333333333333,gcc
llr6-qwen30b-c,qwen30b,c,0,604475,fuse_move_ifs,score,ok,1,364374,1.4492753623188408,gcc
llr6-qwen30b-c,qwen30b,c,0,604475,tsvc_2_s152,score,ok,1,402478,1.0,gcc
llr6-qwen30b-c,qwen30b,c,0,604475,tsvc_2_vpvts,score,build_error,0,496034,0.0,gcc
llr6-qwen30b-c,qwen30b,c,0,604475,tsvc_2_s319,score,ok,1,361565,1.0,gcc
llr6-qwen30b-c,qwen30b,c,0,604475,tsvc_2_s119,score,ok,1,272978,1.0,gcc
llr6-qwen30b-c,qwen30b,c,0,604475,wf_north_west,score,ok,1,332431,1.0,gcc
llr6-qwen30b-c,qwen30b,c,0,604475,tsvc_2_s2710,score,ok,1,344081,1.0,gcc
llr6-qwen30b-c,qwen30b,c,0,604475,tsvc_2_s3111,score,ok,1,488913,1.0,gcc
llr6-qwen30b-c,qwen30b,c,0,604475,fuse_move_ifs,score,timeout,0,412448,0.0,gcc
llr6-qwen30b-c,qwen30b,c,0,604475,tsvc_2_vpvts,score,ok,1,543079,1.0,gcc
llr6-qwen30b-c,qwen30b,c,0,604475,tsvc_2_s319,score,ok,1,399897,10.000000000000002,gcc
llr6-qwen30b-c,qwen30b,c,0,604475,tsvc_2_s152,submit,ok,1,443707,1.0,gcc
llr6-qwen30b-c,qwen30b,c,0,604475,wf_north_west,score,ok,1,378668,1.0,gcc
llr6-qwen30b-c,qwen30b,c,0,604475,tsvc_2_s119,score,ok,1,368780,1.0,gcc
llr6-qwen30b-c,qwen30b,c,0,604475,fuse_move_ifs,score,ok,1,462814,1.0526315789473684,gcc
llr6-qwen30b-c,qwen30b,c,0,604475,tsvc_2_s3111,score,ok,1,562310,1.0,gcc
llr6-qwen30b-c,qwen30b,c,0,604475,tsvc_2_s2710,score,ok,1,425967,7.142857142857142,gcc
llr6-qwen30b-c,qwen30b,c,0,604475,wf_north_west,score,ok,1,426641,1.0,gcc
llr6-qwen30b-c,qwen30b,c,0,604475,tsvc_2_vpvts,submit,ok,1,567105,1.0,gcc
llr6-qwen30b-c,qwen30b,c,0,604475,tsvc_2_s119,score,ok,1,410004,1.1235955056179776,gcc
llr6-qwen30b-c,qwen30b,c,0,604475,tsvc_2_s319,submit,ok,1,419663,14.285714285714295,gcc
llr6-qwen30b-c,qwen30b,c,0,604475,tsvc_2_s3111,score,ok,1,639326,1.0,gcc
llr6-qwen30b-c,qwen30b,c,0,604475,tsvc_2_s2710,score,ok,1,513152,2.173913043478261,gcc
llr6-qwen30b-c,qwen30b,c,0,604475,wf_north_west,score,ok,1,502141,1.0,gcc
llr6-qwen30b-c,qwen30b,c,0,604475,tsvc_2_vpvts,score,ok,1,616322,1.0,gcc
llr6-qwen30b-c,qwen30b,c,0,604475,fuse_move_ifs,submit,ok,1,488731,1.0,gcc
llr6-qwen30b-c,qwen30b,c,0,604475,tsvc_2_s319,score,build_error,0,460819,0.0,gcc
llr6-qwen30b-c,qwen30b,c,0,604475,wf_north_west,score,ok,1,581468,1.0,gcc
llr6-qwen30b-c,qwen30b,c,0,604475,tsvc_2_s3111,submit,ok,1,665765,1.0,gcc
llr6-qwen30b-c,qwen30b,c,0,604475,tsvc_2_vpvts,score,ok,1,692758,1.0,gcc
llr6-qwen30b-c,qwen30b,c,0,604475,tsvc_2_s119,submit,ok,1,431224,1.0,gcc
llr6-qwen30b-c,qwen30b,c,0,604475,tsvc_2_s319,score,ok,1,504604,7.692307692307692,gcc
llr6-qwen30b-c,qwen30b,c,0,604475,fuse_move_ifs,score,ok,1,542152,1.0,gcc
llr6-qwen30b-c,qwen30b,c,0,604475,tsvc_2_s3111,score,ok,1,719704,1.0,gcc
llr6-qwen30b-c,qwen30b,c,0,604475,tsvc_2_s2710,submit,ok,1,543032,3.333333333333334,gcc
llr6-qwen30b-c,qwen30b,c,0,604475,tsvc_2_s119,score,ok,1,475023,1.1363636363636365,gcc
llr6-qwen30b-c,qwen30b,c,0,604475,wf_north_west,submit,score_error,0,608678,0.0,gcc
llr6-qwen30b-c,qwen30b,c,0,604475,tsvc_2_vpvts,submit,ok,1,718927,1.0,gcc
llr6-qwen30b-c,qwen30b,c,0,604475,tsvc_2_s319,submit,ok,1,527222,16.666666666666682,gcc
llr6-qwen30b-c,qwen30b,c,0,604475,tsvc_2_s3111,submit,ok,1,747199,1.0526315789473684,gcc
llr6-qwen30b-c,qwen30b,c,0,604475,fuse_move_ifs,submit,ok,1,569602,1.0,gcc
llr6-qwen30b-c,qwen30b,c,0,604475,wf_north_west,score,ok,1,757233,1.0,gcc
llr6-qwen30b-c,qwen30b,c,0,604475,tsvc_2_s119,submit,ok,1,497533,1.0,gcc
llr6-qwen30b-c,qwen30b,c,0,604475,fuse_move_ifs,score,ok,1,626002,1.0989010989010988,gcc
llr6-qwen30b-c,qwen30b,c,0,604475,tsvc_2_s2710,submit,ok,1,636087,5.555555555555557,gcc
llr6-qwen30b-c,qwen30b,c,0,604475,tsvc_2_s119,score,ok,1,520381,1.0,gcc
llr6-qwen30b-c,qwen30b,c,0,604475,wf_north_west,submit,score_error,0,788241,0.0,gcc
llr6-qwen30b-c,qwen30b,c,0,604475,fuse_move_ifs,submit,ok,1,654944,1.9607843137254901,gcc
llr6-qwen30b-c,qwen30b,c,0,604475,wf_north_west,score,ok,1,820698,1.9607843137254901,gcc
llr6-qwen30b-c,qwen30b,c,0,604475,tsvc_2_s119,submit,ok,1,567248,1.0,gcc
llr6-qwen30b-c,qwen30b,c,0,604475,wf_north_west,score,ok,1,920599,2.0,gcc
llr6-qwen30b-c,qwen30b,c,0,604475,tsvc_2_s2710,submit,ok,1,805480,7.692307692307692,gcc
llr6-qwen30b-c,qwen30b,c,0,604475,wf_north_west,score,ok,1,988841,1.9607843137254901,gcc
llr6-qwen30b-c,qwen30b,c,0,604475,fuse_move_ifs,submit,ok,1,1120503,1.9607843137254901,gcc
llr6-qwen30b-c,qwen30b,c,0,604475,tsvc_2_s2710,score,ok,1,951939,6.666666666666666,gcc
llr6-qwen30b-c,qwen30b,c,0,604475,wf_north_west,submit,score_error,0,1023838,0.0,gcc
llr6-qwen30b-c,qwen30b,c,0,604475,wf_north_west,score,ok,1,1097003,4.0,gcc
llr6-qwen30b-c,qwen30b,c,0,604475,tsvc_2_s2710,submit,ok,1,1067127,4.0,gcc
llr6-qwen30b-c,qwen30b,c,0,604475,tsvc_2_s2710,score,ok,1,1186217,12.500000000000007,gcc
llr6-qwen30b-c,qwen30b,c,0,604475,tsvc_2_s2710,submit,ok,1,1226829,4.0,gcc
llr6-qwen30b-c,qwen30b,c,0,604475,tsvc_2_s2710,score,ok,1,1478612,12.500000000000007,gcc
llr6-qwen30b-c,qwen30b,c,0,604475,tsvc_2_vtvtv,score,ok,1,130504,1.0,gcc
llr6-qwen30b-c,qwen30b,c,0,604475,wf_triangular,score,ok,1,117905,1.0,gcc
llr6-qwen30b-c,qwen30b,c,0,604475,tsvc_2_s323,score,ok,1,129928,1.0,gcc
llr6-qwen30b-c,qwen30b,c,0,604475,fuse_stencil_through_transient,score,incorrect,0,139983,0.0,gcc
llr6-qwen30b-c,qwen30b,c,0,604475,tsvc_2_s235,score,ok,1,119686,1.0,gcc
llr6-qwen30b-c,qwen30b,c,0,604475,ext_break_post_body,score,ok,1,156248,1.0,gcc
llr6-qwen30b-c,qwen30b,c,0,604475,tsvc_2_s323,score,timeout,0,167671,0.0,gcc
llr6-qwen30b-c,qwen30b,c,0,604475,tsvc_2_s275,score,ok,1,131674,1.0,gcc
llr6-qwen30b-c,qwen30b,c,0,604475,tsvc_2_vtvtv,score,ok,1,194673,1.0,gcc
llr6-qwen30b-c,qwen30b,c,0,604475,wf_triangular,score,incorrect,0,159406,1.0,gcc
llr6-qwen30b-c,qwen30b,c,0,604475,tsvc_2_s235,score,ok,1,158017,1.0,gcc
llr6-qwen30b-c,qwen30b,c,0,604475,tsvc_2_s323,score,ok,1,209050,1.0,gcc
llr6-qwen30b-c,qwen30b,c,0,604475,wf_triangular,score,ok,1,204669,1.0,gcc
llr6-qwen30b-c,qwen30b,c,0,604475,ext_break_post_body,score,ok,1,245444,1.0,gcc
llr6-qwen30b-c,qwen30b,c,0,604475,tsvc_2_s275,score,incorrect,0,171092,1.0204081632653061,gcc
llr6-qwen30b-c,qwen30b,c,0,604475,tsvc_2_vtvtv,score,ok,1,238740,1.0,gcc
llr6-qwen30b-c,qwen30b,c,0,604475,tsvc_2_s323,score,ok,1,254047,1.0,gcc
llr6-qwen30b-c,qwen30b,c,0,604475,fuse_stencil_through_transient,score,incorrect,0,207336,99.99999999999991,gcc
llr6-qwen30b-c,qwen30b,c,0,604475,tsvc_2_vtvtv,score,ok,1,269937,2.380952380952381,gcc
llr6-qwen30b-c,qwen30b,c,0,604475,tsvc_2_s235,score,ok,1,230648,7.692307692307692,gcc
llr6-qwen30b-c,qwen30b,c,0,604475,wf_triangular,score,ok,1,253694,1.0,gcc
llr6-qwen30b-c,qwen30b,c,0,604475,tsvc_2_s323,score,ok,1,302578,1.0,gcc
llr6-qwen30b-c,qwen30b,c,0,604475,ext_break_post_body,score,ok,1,313930,1.0,gcc
llr6-qwen30b-c,qwen30b,c,0,604475,tsvc_2_s235,score,ok,1,280083,3.0303030303030307,gcc
llr6-qwen30b-c,qwen30b,c,0,604475,tsvc_2_s275,score,ok,1,200027,1.0,gcc
llr6-qwen30b-c,qwen30b,c,0,604475,tsvc_2_vtvtv,submit,ok,1,286007,1.0,gcc
llr6-qwen30b-c,qwen30b,c,0,604475,fuse_stencil_through_transient,score,ok,1,270517,7.142857142857142,gcc
llr6-qwen30b-c,qwen30b,c,0,604475,wf_triangular,score,ok,1,288335,1.0309278350515465,gcc
llr6-qwen30b-c,qwen30b,c,0,604475,tsvc_2_s323,score,ok,1,373131,1.0,gcc
llr6-qwen30b-c,qwen30b,c,0,604475,tsvc_2_s235,score,ok,1,315467,4.166666666666667,gcc
llr6-qwen30b-c,qwen30b,c,0,604475,tsvc_2_vtvtv,score,ok,1,336759,1.0,gcc
llr6-qwen30b-c,qwen30b,c,0,604475,ext_break_post_body,score,ok,1,362489,1.0,gcc
llr6-qwen30b-c,qwen30b,c,0,604475,fuse_stencil_through_transient,score,ok,1,322888,6.249999999999999,gcc
llr6-qwen30b-c,qwen30b,c,0,604475,tsvc_2_vtvtv,score,ok,1,372421,1.0,gcc
llr6-qwen30b-c,qwen30b,c,0,604475,tsvc_2_s275,score,ok,1,247995,1.0,gcc
llr6-qwen30b-c,qwen30b,c,0,604475,wf_triangular,score,timeout,0,363579,0.0,gcc
llr6-qwen30b-c,qwen30b,c,0,604475,tsvc_2_s323,score,ok,1,451374,1.0,gcc
llr6-qwen30b-c,qwen30b,c,0,604475,ext_break_post_body,score,ok,1,413582,1.0,gcc
llr6-qwen30b-c,qwen30b,c,0,604475,wf_triangular,score,timeout,0,403974,0.0,gcc
llr6-qwen30b-c,qwen30b,c,0,604475,fuse_stencil_through_transient,score,ok,1,379464,4.166666666666667,gcc
llr6-qwen30b-c,qwen30b,c,0,604475,tsvc_2_s235,submit,ok,1,353166,11.111111111111114,gcc
llr6-qwen30b-c,qwen30b,c,0,604475,tsvc_2_vtvtv,submit,ok,1,390792,1.0,gcc
llr6-qwen30b-c,qwen30b,c,0,604475,ext_break_post_body,score,ok,1,466714,1.0,gcc
llr6-qwen30b-c,qwen30b,c,0,604475,tsvc_2_s275,score,ok,1,300667,1.0,gcc
llr6-qwen30b-c,qwen30b,c,0,604475,wf_triangular,score,ok,1,446420,1.0,gcc
llr6-qwen30b-c,qwen30b,c,0,604475,ext_break_post_body,score,build_error,0,634197,0.0,gcc
llr6-qwen30b-c,qwen30b,c,0,604475,tsvc_2_s235,score,ok,1,414651,11.111111111111114,gcc
llr6-qwen30b-c,qwen30b,c,0,604475,tsvc_2_s323,submit,ok,1,493246,1.492537313432836,gcc
llr6-qwen30b-c,qwen30b,c,0,604475,tsvc_2_s275,score,ok,1,338432,1.0,gcc
llr6-qwen30b-c,qwen30b,c,0,604475,wf_triangular,score,ok,1,513454,1.0,gcc
llr6-qwen30b-c,qwen30b,c,0,604475,ext_break_post_body,submit,build_error,0,694466,0.0,gcc
llr6-qwen30b-c,qwen30b,c,0,604475,tsvc_2_s323,score,ok,1,536949,1.0,gcc
llr6-qwen30b-c,qwen30b,c,0,604475,fuse_stencil_through_transient,submit,ok,1,419931,4.166666666666667,gcc
llr6-qwen30b-c,qwen30b,c,0,604475,tsvc_2_s275,score,incorrect,0,399450,1.0526315789473684,gcc
llr6-qwen30b-c,qwen30b,c,0,604475,tsvc_2_s235,submit,ok,1,436471,14.285714285714295,gcc
llr6-qwen30b-c,qwen30b,c,0,604475,ext_break_post_body,score,ok,1,822762,1.0,gcc
llr6-qwen30b-c,qwen30b,c,0,604475,fuse_stencil_through_transient,score,ok,1,530021,4.545454545454546,gcc
llr6-qwen30b-c,qwen30b,c,0,604475,tsvc_2_s323,submit,ok,1,559416,1.492537313432836,gcc
llr6-qwen30b-c,qwen30b,c,0,604475,wf_triangular,submit,score_error,0,536456,0.0,gcc
llr6-qwen30b-c,qwen30b,c,0,604475,tsvc_2_s275,score,ok,1,489452,1.2987012987012987,gcc
llr6-qwen30b-c,qwen30b,c,0,604475,tsvc_2_s323,score,ok,1,653988,1.0,gcc
llr6-qwen30b-c,qwen30b,c,0,604475,ext_break_post_body,submit,ok,1,855773,1.0,gcc
llr6-qwen30b-c,qwen30b,c,0,604475,wf_triangular,score,ok,1,611004,1.0,gcc
llr6-qwen30b-c,qwen30b,c,0,604475,fuse_stencil_through_transient,submit,ok,1,553193,2.857142857142857,gcc
llr6-qwen30b-c,qwen30b,c,0,604475,tsvc_2_s275,score,ok,1,538273,1.3513513513513513,gcc
llr6-qwen30b-c,qwen30b,c,0,604475,fuse_stencil_through_transient,score,ok,1,624931,5.882352941176473,gcc
llr6-qwen30b-c,qwen30b,c,0,604475,tsvc_2_s323,submit,ok,1,678739,1.0,gcc
llr6-qwen30b-c,qwen30b,c,0,604475,tsvc_2_s275,score,ok,1,589403,1.0309278350515465,gcc
llr6-qwen30b-c,qwen30b,c,0,604475,wf_triangular,submit,score_error,0,636623,0.0,gcc
llr6-qwen30b-c,qwen30b,c,0,604475,fuse_stencil_through_transient,submit,ok,1,649628,2.5,gcc
llr6-qwen30b-c,qwen30b,c,0,604475,tsvc_2_s323,submit,ok,1,729232,1.3333333333333333,gcc
llr6-qwen30b-c,qwen30b,c,0,604475,wf_triangular,score,ok,1,690921,1.0,gcc
llr6-qwen30b-c,qwen30b,c,0,604475,tsvc_2_s275,submit,ok,1,615689,2.173913043478261,gcc
llr6-qwen30b-c-skills,qwen30b,c,1,604476,quasi_affine_reduce_odd,score,ok,1,162186,1.0,gcc
llr6-qwen30b-c-skills,qwen30b,c,1,604476,tsvc_2_s316,score,ok,1,179059,1.0,gcc
llr6-qwen30b-c-skills,qwen30b,c,1,604476,tsvc_2_s252,score,ok,1,179254,1.0309278350515465,gcc
llr6-qwen30b-c-skills,qwen30b,c,1,604476,tsvc_2_s311,score,ok,1,211325,1.0,gcc
llr6-qwen30b-c-skills,qwen30b,c,1,604476,quasi_affine_reduce_odd,score,ok,1,195297,2.2222222222222223,gcc
llr6-qwen30b-c-skills,qwen30b,c,1,604476,tsvc_2_s316,score,ok,1,230731,1.4705882352941178,gcc
llr6-qwen30b-c-skills,qwen30b,c,1,604476,quasi_affine_reduce_odd,score,ok,1,230090,1.0,gcc
llr6-qwen30b-c-skills,qwen30b,c,1,604476,tsvc_2_s2275,score,ok,1,262772,1.0,gcc
llr6-qwen30b-c-skills,qwen30b,c,1,604476,quasi_affine_reduce_odd,score,ok,1,266441,2.2222222222222223,gcc
llr6-qwen30b-c-skills,qwen30b,c,1,604476,tsvc_2_s311,score,build_error,0,301255,0.0,gcc
llr6-qwen30b-c-skills,qwen30b,c,1,604476,tsvc_2_s316,score,ok,1,305458,1.0,gcc
llr6-qwen30b-c-skills,qwen30b,c,1,604476,quasi_affine_reduce_odd,score,ok,1,304635,1.0869565217391304,gcc
llr6-qwen30b-c-skills,qwen30b,c,1,604476,tsvc_2_s311,score,ok,1,361249,1.4492753623188408,gcc
llr6-qwen30b-c-skills,qwen30b,c,1,604476,tsvc_2_s2275,score,ok,1,311686,1.0,gcc
llr6-qwen30b-c-skills,qwen30b,c,1,604476,tsvc_2_s316,score,ok,1,345172,1.0,gcc
llr6-qwen30b-c-skills,qwen30b,c,1,604476,quasi_affine_reduce_odd,submit,ok,1,324346,6.666666666666666,gcc
llr6-qwen30b-c-skills,qwen30b,c,1,604476,tsvc_2_s316,submit,ok,1,365620,1.0101010101010102,gcc
llr6-qwen30b-c-skills,qwen30b,c,1,604476,tsvc_2_s252,score,ok,1,373552,1.5151515151515154,gcc
llr6-qwen30b-c-skills,qwen30b,c,1,604476,tsvc_2_s311,score,ok,1,515144,2.857142857142857,gcc
llr6-qwen30b-c-skills,qwen30b,c,1,604476,quasi_affine_reduce_odd,score,build_error,0,408168,0.0,gcc
llr6-qwen30b-c-skills,qwen30b,c,1,604476,tsvc_2_s316,submit,build_error,0,429988,0.0,gcc
llr6-qwen30b-c-skills,qwen30b,c,1,604476,tsvc_2_s252,score,ok,1,418483,1.492537313432836,gcc
llr6-qwen30b-c-skills,qwen30b,c,1,604476,quasi_affine_reduce_odd,score,ok,1,453045,1.0,gcc
llr6-qwen30b-c-skills,qwen30b,c,1,604476,tsvc_2_s316,score,ok,1,523186,1.0,gcc
llr6-qwen30b-c-skills,qwen30b,c,1,604476,tsvc_2_s2275,score,ok,1,391707,1.0,gcc
llr6-qwen30b-c-skills,qwen30b,c,1,604476,quasi_affine_reduce_odd,submit,ok,1,476030,1.0752688172043012,gcc
llr6-qwen30b-c-skills,qwen30b,c,1,604476,tsvc_2_s311,submit,ok,1,586937,1.0,gcc
llr6-qwen30b-c-skills,qwen30b,c,1,604476,tsvc_2_s252,score,ok,1,540032,1.2658227848101264,gcc
llr6-qwen30b-c-skills,qwen30b,c,1,604476,tsvc_2_s316,submit,ok,1,547271,2.3255813953488373,gcc
llr6-qwen30b-c-skills,qwen30b,c,1,604476,tsvc_2_s252,score,ok,1,591953,1.0526315789473684,gcc
llr6-qwen30b-c-skills,qwen30b,c,1,604476,tsvc_2_s311,score,ok,1,636878,1.0,gcc
llr6-qwen30b-c-skills,qwen30b,c,1,604476,tsvc_2_s2275,score,ok,1,449550,1.0,gcc
llr6-qwen30b-c-skills,qwen30b,c,1,604476,tsvc_2_s252,score,ok,1,645475,1.492537313432836,gcc
llr6-qwen30b-c-skills,qwen30b,c,1,604476,tsvc_2_s316,submit,ok,1,621520,1.0,gcc
llr6-qwen30b-c-skills,qwen30b,c,1,604476,tsvc_2_s2275,score,ok,1,510536,1.0,gcc
llr6-qwen30b-c-skills,qwen30b,c,1,604476,tsvc_2_s252,submit,ok,1,672805,1.0,gcc
llr6-qwen30b-c-skills,qwen30b,c,1,604476,tsvc_2_s311,submit,ok,1,688569,1.0,gcc
llr6-qwen30b-c-skills,qwen30b,c,1,604476,tsvc_2_s316,submit,ok,1,673368,1.5151515151515154,gcc
llr6-qwen30b-c-skills,qwen30b,c,1,604476,tsvc_2_s2275,score,ok,1,574567,1.0,gcc
llr6-qwen30b-c-skills,qwen30b,c,1,604476,tsvc_2_s311,score,incorrect,0,824858,1.492537313432836,gcc
llr6-qwen30b-c-skills,qwen30b,c,1,604476,tsvc_2_s252,submit,ok,1,757651,1.0,gcc
llr6-qwen30b-c-skills,qwen30b,c,1,604476,tsvc_2_s311,score,ok,1,881967,1.4705882352941178,gcc
llr6-qwen30b-c-skills,qwen30b,c,1,604476,tsvc_2_s316,submit,ok,1,755606,1.0,gcc
llr6-qwen30b-c-skills,qwen30b,c,1,604476,tsvc_2_s2275,score,ok,1,710503,1.0,gcc
llr6-qwen30b-c-skills,qwen30b,c,1,604476,tsvc_2_s311,submit,ok,1,911073,1.0,gcc
llr6-qwen30b-c-skills,qwen30b,c,1,604476,tsvc_2_s2275,submit,ok,1,746288,1.0,gcc
llr6-qwen30b-c-skills,qwen30b,c,1,604476,tsvc_2_s316,submit,ok,1,842452,1.0,gcc
llr6-qwen30b-c-skills,qwen30b,c,1,604476,tsvc_2_s252,submit,ok,1,1000388,1.0,gcc
llr6-qwen30b-c-skills,qwen30b,c,1,604476,tsvc_2_s311,submit,ok,1,1062629,1.0,gcc
llr6-qwen30b-c-skills,qwen30b,c,1,604476,tsvc_2_s2275,score,ok,1,819687,1.0,gcc
llr6-qwen30b-c-skills,qwen30b,c,1,604476,tsvc_2_s2275,submit,ok,1,857238,1.0,gcc
llr6-qwen30b-c-skills,qwen30b,c,1,604476,quasi_affine_reduce_odd,score,score_error,0,0,0.0,gcc
llr6-qwen30b-c-skills,qwen30b,c,1,604476,tsvc_2_s4112,score,ok,1,196283,1.0,gcc
llr6-qwen30b-c-skills,qwen30b,c,1,604476,tsvc_2_s316,score,ok,1,210025,1.0,gcc
llr6-qwen30b-c-skills,qwen30b,c,1,604476,tsvc_2_s311,score,ok,1,229471,1.2987012987012987,gcc
llr6-qwen30b-c-skills,qwen30b,c,1,604476,wavefront2d,score,ok,1,179947,1.0,gcc
llr6-qwen30b-c-skills,qwen30b,c,1,604476,quasi_affine_reduce_odd,score,incorrect,0,0,0.0,gcc
llr6-qwen30b-c-skills,qwen30b,c,1,604476,tsvc_2_s2275,score,ok,1,217690,1.5384615384615388,gcc
llr6-qwen30b-c-skills,qwen30b,c,1,604476,tsvc_2_s311,score,ok,1,282609,7.692307692307692,gcc
llr6-qwen30b-c-skills,qwen30b,c,1,604476,tsvc_2_s1244,score,incorrect,0,261913,10.000000000000002,gcc
llr6-qwen30b-c-skills,qwen30b,c,1,604476,tsvc_2_s316,score,ok,1,299364,5.263157894736843,gcc
llr6-qwen30b-c-skills,qwen30b,c,1,604476,tsvc_2_s4112,score,ok,1,267426,3.1250000000000004,gcc
llr6-qwen30b-c-skills,qwen30b,c,1,604476,wavefront2d,score,incorrect,0,232718,3.225806451612904,gcc
llr6-qwen30b-c-skills,qwen30b,c,1,604476,tsvc_2_s316,score,ok,1,370303,1.0,gcc
llr6-qwen30b-c-skills,qwen30b,c,1,604476,tsvc_2_s2275,score,ok,1,287015,2.0833333333333335,gcc
llr6-qwen30b-c-skills,qwen30b,c,1,604476,tsvc_2_s311,score,ok,1,359450,14.285714285714295,gcc
llr6-qwen30b-c-skills,qwen30b,c,1,604476,tsvc_2_s316,score,ok,1,444531,1.0,gcc
llr6-qwen30b-c-skills,qwen30b,c,1,604476,tsvc_2_s4112,score,ok,1,365789,1.0,gcc
llr6-qwen30b-c-skills,qwen30b,c,1,604476,wavefront2d,score,incorrect,0,270382,1.0,gcc
llr6-qwen30b-c-skills,qwen30b,c,1,604476,tsvc_2_s1244,score,timeout,0,337143,0.0,gcc
llr6-qwen30b-c-skills,qwen30b,c,1,604476,tsvc_2_s2275,score,ok,1,360697,1.0309278350515465,gcc
llr6-qwen30b-c-skills,qwen30b,c,1,604476,tsvc_2_s311,submit,ok,1,379851,2.0408163265306123,gcc
llr6-qwen30b-c-skills,qwen30b,c,1,604476,tsvc_2_s4112,score,ok,1,430142,1.6949152542372883,gcc
llr6-qwen30b-c-skills,qwen30b,c,1,604476,tsvc_2_s316,score,ok,1,522247,1.2987012987012987,gcc
llr6-qwen30b-c-skills,qwen30b,c,1,604476,wavefront2d,score,ok,1,310468,4.0,gcc
llr6-qwen30b-c-skills,qwen30b,c,1,604476,tsvc_2_s2275,score,ok,1,438594,1.7543859649122806,gcc
llr6-qwen30b-c-skills,qwen30b,c,1,604476,tsvc_2_s4112,score,ok,1,475257,1.6949152542372883,gcc
llr6-qwen30b-c-skills,qwen30b,c,1,604476,tsvc_2_s4112,score,ok,1,521998,1.0,gcc
llr6-qwen30b-c-skills,qwen30b,c,1,604476,tsvc_2_s316,submit,ok,1,603636,1.0,gcc
llr6-qwen30b-c-skills,qwen30b,c,1,604476,tsvc_2_s2275,score,ok,1,520556,1.0638297872340425,gcc
llr6-qwen30b-c-skills,qwen30b,c,1,604476,wavefront2d,score,incorrect,0,352864,1.0,gcc
llr6-qwen30b-c-skills,qwen30b,c,1,604476,tsvc_2_s4112,score,ok,1,570365,3.1250000000000004,gcc
llr6-qwen30b-c-skills,qwen30b,c,1,604476,tsvc_2_s1244,score,timeout,0,599681,0.0,gcc
llr6-qwen30b-c-skills,qwen30b,c,1,604476,tsvc_2_s316,score,ok,1,660137,1.0,gcc
llr6-qwen30b-c-skills,qwen30b,c,1,604476,tsvc_2_s2275,score,ok,1,577400,1.0,gcc
llr6-qwen30b-c-skills,qwen30b,c,1,604476,wavefront2d,score,ok,1,397410,1.3157894736842106,gcc
llr6-qwen30b-c-skills,qwen30b,c,1,604476,tsvc_2_s4112,submit,ok,1,595133,1.7857142857142856,gcc
llr6-qwen30b-c-skills,qwen30b,c,1,604476,tsvc_2_s316,submit,ok,1,718288,1.0,gcc
llr6-qwen30b-c-skills,qwen30b,c,1,604476,tsvc_2_s2275,score,ok,1,666799,24.99999999999998,gcc
llr6-qwen30b-c-skills,qwen30b,c,1,604476,tsvc_2_s4112,score,ok,1,645935,2.6315789473684212,gcc
llr6-qwen30b-c-skills,qwen30b,c,1,604476,wavefront2d,score,incorrect,0,444393,1.0,gcc
llr6-qwen30b-c-skills,qwen30b,c,1,604476,tsvc_2_s2275,score,ok,1,728862,24.99999999999998,gcc
llr6-qwen30b-c-skills,qwen30b,c,1,604476,tsvc_2_s4112,submit,ok,1,671910,1.0,gcc
llr6-qwen30b-c-skills,qwen30b,c,1,604476,tsvc_2_s2275,score,ok,1,825914,24.99999999999998,gcc
llr6-qwen30b-c-skills,qwen30b,c,1,604476,tsvc_2_s1244,submit,ok,1,872193,1.0,gcc
llr6-qwen30b-c-skills,qwen30b,c,1,604476,wavefront2d,score,incorrect,0,520094,1.0,gcc
llr6-qwen30b-c-skills,qwen30b,c,1,604476,tsvc_2_s2275,submit,ok,1,859037,10.000000000000002,gcc
llr6-qwen30b-c-skills,qwen30b,c,1,604476,tsvc_2_s4112,submit,ok,1,725116,1.0,gcc
llr6-qwen30b-c-skills,qwen30b,c,1,604476,tsvc_2_s1244,score,incorrect,0,944898,20.00000000000003,gcc
llr6-qwen30b-c-skills,qwen30b,c,1,604476,tsvc_2_s4112,submit,ok,1,809571,1.0,gcc
llr6-qwen30b-c-skills,qwen30b,c,1,604476,wavefront2d,score,ok,1,631156,3.4482758620689653,gcc
llr6-qwen30b-c-skills,qwen30b,c,1,604476,tsvc_2_s4112,score,ok,1,867923,1.5873015873015872,gcc
llr6-qwen30b-c-skills,qwen30b,c,1,604476,wavefront2d,score,ok,1,690090,2.9411764705882355,gcc
llr6-qwen30b-c-skills,qwen30b,c,1,604476,tsvc_2_s4112,submit,ok,1,898019,1.0,gcc
llr6-qwen30b-c-skills,qwen30b,c,1,604476,wavefront2d,score,ok,1,751005,1.7543859649122806,gcc
llr6-qwen30b-c-skills,qwen30b,c,1,604476,wavefront2d,score,build_error,0,813864,0.0,gcc
llr6-qwen30b-c-skills,qwen30b,c,1,604476,wavefront2d,score,ok,1,879323,1.1363636363636365,gcc
llr6-qwen30b-c-skills,qwen30b,c,1,604476,tsvc_2_s1244,submit,ok,1,1100342,1.0,gcc
llr6-qwen30b-c-skills,qwen30b,c,1,604476,tsvc_2_s4112,submit,ok,1,1022567,1.0,gcc
llr6-qwen30b-c-skills,qwen30b,c,1,604476,wavefront2d,submit,ok,1,912708,1.0,gcc
llr6-qwen30b-c-skills,qwen30b,c,1,604476,tsvc_2_s4112,submit,ok,1,1186264,1.0,gcc
llr6-qwen30b-c-skills,qwen30b,c,1,604476,wavefront2d,score,ok,1,981169,1.7857142857142856,gcc
llr6-qwen30b-c-skills,qwen30b,c,1,604476,tsvc_2_s1244,score,incorrect,0,1462264,11.111111111111114,gcc
llr6-qwen30b-c-skills,qwen30b,c,1,604476,wavefront2d,score,ok,1,1051541,1.9607843137254901,gcc
llr6-qwen30b-c-skills,qwen30b,c,1,604476,tsvc_2_s4112,submit,ok,1,1289350,1.0,gcc
llr6-qwen30b-c-skills,qwen30b,c,1,604476,wavefront2d,score,ok,1,1123836,1.4084507042253522,gcc
llr6-qwen30b-c-skills,qwen30b,c,1,604476,tsvc_2_s1244,submit,ok,1,1560103,1.282051282051282,gcc
llr6-qwen30b-c-skills,qwen30b,c,1,604476,wavefront2d,submit,ok,1,1160642,1.0,gcc
llr6-qwen30b-c-skills,qwen30b,c,1,604476,tsvc_2_s1244,score,timeout,0,1659842,0.0,gcc
llr6-qwen30b-c-skills,qwen30b,c,1,604476,tsvc_2_s4112,submit,ok,1,1397690,1.0,gcc
llr6-qwen30b-c-skills,qwen30b,c,1,604476,tsvc_2_s1244,submit,ok,1,1710327,1.0,gcc
llr6-qwen30b-c-skills,qwen30b,c,1,604476,tsvc_2_s4112,submit,ok,1,1588246,1.0,gcc
llr6-qwen30b-c-skills,qwen30b,c,1,604476,tsvc_2_s1244,score,incorrect,0,1917854,20.00000000000003,gcc
llr6-qwen30b-c-skills,qwen30b,c,1,604476,tsvc_2_s1244,submit,incorrect,0,1970881,11.111111111111114,gcc
llr6-qwen30b-c-skills,qwen30b,c,1,604476,tsvc_2_s4112,submit,ok,1,1707710,1.0,gcc
llr6-qwen30b-c-skills,qwen30b,c,1,604476,tsvc_2_s1244,submit,ok,1,2078511,1.0,gcc
llr6-qwen30b-c-skills,qwen30b,c,1,604476,tsvc_2_s4112,submit,ok,1,1832661,1.0,gcc
llr6-qwen30b-c-skills,qwen30b,c,1,604476,tsvc_2_s1244,submit,ok,1,2132943,1.0,gcc
llr6-qwen30b-c-skills,qwen30b,c,1,604476,tsvc_2_s1244,score,ok,1,2188179,2.0,gcc
llr6-qwen30b-c-skills,qwen30b,c,1,604476,tsvc_2_s4112,submit,ok,1,1963089,1.0,gcc
llr6-qwen30b-c-skills,qwen30b,c,1,604476,tsvc_2_s1244,submit,ok,1,2244239,1.0,gcc
llr6-qwen30b-c-skills,qwen30b,c,1,604476,tsvc_2_s1244,score,ok,1,2301126,1.0,gcc
llr6-qwen30b-c-skills,qwen30b,c,1,604476,tsvc_2_s4112,submit,ok,1,2099008,2.0408163265306123,gcc
llr6-qwen30b-c-skills,qwen30b,c,1,604476,tsvc_2_s1244,submit,ok,1,2358838,1.0,gcc
llr6-qwen30b-c-skills,qwen30b,c,1,604476,tsvc_2_s1244,score,ok,1,2417086,2.0,gcc
llr6-qwen30b-c-skills,qwen30b,c,1,604476,tsvc_2_s4112,submit,ok,1,2240482,1.0,gcc
llr6-qwen30b-c-skills,qwen30b,c,1,604476,tsvc_2_s1244,submit,ok,1,2475931,1.0,gcc
llr6-qwen30b-c-skills,qwen30b,c,1,604476,tsvc_2_s1244,score,ok,1,2535514,2.0,gcc
llr6-qwen30b-c-skills,qwen30b,c,1,604476,tsvc_2_s4112,submit,ok,1,2387475,1.0,gcc
llr6-qwen30b-c-skills,qwen30b,c,1,604476,wf_triangular,score,ok,1,141725,1.0,gcc
llr6-qwen30b-c-skills,qwen30b,c,1,604476,tsvc_2_vtvtv,score,ok,1,177583,1.0,gcc
llr6-qwen30b-c-skills,qwen30b,c,1,604476,ext_break_post_body,score,ok,1,202575,1.0,gcc
llr6-qwen30b-c-skills,qwen30b,c,1,604476,tsvc_2_s1232,score,ok,1,180899,1.0,gcc
llr6-qwen30b-c-skills,qwen30b,c,1,604476,tsvc_2_vtvtv,score,ok,1,228097,1.0,gcc
llr6-qwen30b-c-skills,qwen30b,c,1,604476,tsvc_2_s323,score,ok,1,230487,1.0,gcc
llr6-qwen30b-c-skills,qwen30b,c,1,604476,wf_triangular,score,timeout,0,178824,0.0,gcc
llr6-qwen30b-c-skills,qwen30b,c,1,604476,tsvc_2_s2233,score,ok,1,200451,1.2987012987012987,gcc
llr6-qwen30b-c-skills,qwen30b,c,1,604476,tsvc_2_s275,score,incorrect,0,215598,1.2345679012345678,gcc
llr6-qwen30b-c-skills,qwen30b,c,1,604476,tsvc_2_vtvtv,score,ok,1,263723,1.0,gcc
llr6-qwen30b-c-skills,qwen30b,c,1,604476,tsvc_2_s1232,score,incorrect,0,253625,1.0,gcc
llr6-qwen30b-c-skills,qwen30b,c,1,604476,wf_triangular,score,ok,1,218409,1.0,gcc
llr6-qwen30b-c-skills,qwen30b,c,1,604476,tsvc_2_s323,score,timeout,0,304268,0.0,gcc
llr6-qwen30b-c-skills,qwen30b,c,1,604476,tsvc_2_s2233,score,ok,1,237249,1.0,gcc
llr6-qwen30b-c-skills,qwen30b,c,1,604476,tsvc_2_s275,score,ok,1,271268,1.0,gcc
llr6-qwen30b-c-skills,qwen30b,c,1,604476,tsvc_2_vtvtv,score,ok,1,339463,1.2048192771084338,gcc
llr6-qwen30b-c-skills,qwen30b,c,1,604476,ext_break_post_body,score,incorrect,0,411510,1.0989010989010988,gcc
llr6-qwen30b-c-skills,qwen30b,c,1,604476,tsvc_2_s1232,score,ok,1,313627,1.0101010101010102,gcc
llr6-qwen30b-c-skills,qwen30b,c,1,604476,tsvc_2_vtvtv,score,ok,1,400378,1.0,gcc
llr6-qwen30b-c-skills,qwen30b,c,1,604476,tsvc_2_s1232,score,ok,1,377487,1.0,gcc
llr6-qwen30b-c-skills,qwen30b,c,1,604476,tsvc_2_s2233,score,incorrect,0,276792,1.2345679012345678,gcc
llr6-qwen30b-c-skills,qwen30b,c,1,604476,tsvc_2_s323,score,ok,1,385641,1.0,gcc
llr6-qwen30b-c-skills,qwen30b,c,1,604476,tsvc_2_vtvtv,score,ok,1,442933,1.0,gcc
llr6-qwen30b-c-skills,qwen30b,c,1,604476,tsvc_2_s275,score,ok,1,331419,1.0526315789473684,gcc
llr6-qwen30b-c-skills,qwen30b,c,1,604476,wf_triangular,score,ok,1,283377,2.7777777777777777,gcc
llr6-qwen30b-c-skills,qwen30b,c,1,604476,tsvc_2_vtvtv,score,ok,1,487028,1.0,gcc
llr6-qwen30b-c-skills,qwen30b,c,1,604476,tsvc_2_s1232,score,incorrect,0,445335,1.0,gcc
llr6-qwen30b-c-skills,qwen30b,c,1,604476,tsvc_2_vtvtv,score,ok,1,509615,1.0,gcc
llr6-qwen30b-c-skills,qwen30b,c,1,604476,wf_triangular,score,ok,1,330390,1.0,gcc
llr6-qwen30b-c-skills,qwen30b,c,1,604476,tsvc_2_s1232,score,ok,1,517026,1.0,gcc
llr6-qwen30b-c-skills,qwen30b,c,1,604476,tsvc_2_s2233,score,ok,1,319119,1.0,gcc
llr6-qwen30b-c-skills,qwen30b,c,1,604476,ext_break_post_body,score,ok,1,665127,1.0204081632653061,gcc
llr6-qwen30b-c-skills,qwen30b,c,1,604476,wf_triangular,score,ok,1,404392,1.0,gcc
llr6-qwen30b-c-skills,qwen30b,c,1,604476,tsvc_2_s323,score,ok,1,500626,1.0,gcc
llr6-qwen30b-c-skills,qwen30b,c,1,604476,tsvc_2_vtvtv,submit,ok,1,555804,2.0,gcc
llr6-qwen30b-c-skills,qwen30b,c,1,604476,tsvc_2_s1232,score,ok,1,620052,1.0,gcc
llr6-qwen30b-c-skills,qwen30b,c,1,604476,tsvc_2_s2233,score,incorrect,0,364226,1.0,gcc
llr6-qwen30b-c-skills,qwen30b,c,1,604476,wf_triangular,score,incorrect,0,455974,1.0,gcc
llr6-qwen30b-c-skills,qwen30b,c,1,604476,ext_break_post_body,submit,ok,1,699858,1.3333333333333333,gcc
llr6-qwen30b-c-skills,qwen30b,c,1,604476,tsvc_2_s323,score,ok,1,550892,1.2658227848101264,gcc
llr6-qwen30b-c-skills,qwen30b,c,1,604476,tsvc_2_vtvtv,score,ok,1,627694,1.0,gcc
llr6-qwen30b-c-skills,qwen30b,c,1,604476,wf_triangular,score,timeout,0,509509,0.0,gcc
llr6-qwen30b-c-skills,qwen30b,c,1,604476,tsvc_2_s2233,score,ok,1,412059,1.1235955056179776,gcc
llr6-qwen30b-c-skills,qwen30b,c,1,604476,tsvc_2_s275,score,ok,1,518382,1.4492753623188408,gcc
llr6-qwen30b-c-skills,qwen30b,c,1,604476,tsvc_2_s1232,submit,ok,1,647012,1.1111111111111112,gcc
llr6-qwen30b-c-skills,qwen30b,c,1,604476,tsvc_2_vtvtv,submit,ok,1,652385,1.0989010989010988,gcc
llr6-qwen30b-c-skills,qwen30b,c,1,604476,tsvc_2_s1232,score,incorrect,0,820780,1.0,gcc
llr6-qwen30b-c-skills,qwen30b,c,1,604476,tsvc_2_s323,submit,ok,1,603728,2.0,gcc
llr6-qwen30b-c-skills,qwen30b,c,1,604476,tsvc_2_vtvtv,score,ok,1,702951,1.0,gcc
llr6-qwen30b-c-skills,qwen30b,c,1,604476,tsvc_2_s2233,score,incorrect,0,488254,1.0,gcc
llr6-qwen30b-c-skills,qwen30b,c,1,604476,tsvc_2_s275,submit,ok,1,544552,1.0869565217391304,gcc
llr6-qwen30b-c-skills,qwen30b,c,1,604476,tsvc_2_s1232,score,ok,1,882014,1.0,gcc
llr6-qwen30b-c-skills,qwen30b,c,1,604476,wf_triangular,submit,score_error,0,710958,0.0,gcc
llr6-qwen30b-c-skills,qwen30b,c,1,604476,tsvc_2_s1232,score,ok,1,945172,1.0,gcc
llr6-qwen30b-c-skills,qwen30b,c,1,604476,tsvc_2_s275,score,ok,1,598719,1.1627906976744187,gcc
llr6-qwen30b-c-skills,qwen30b,c,1,604476,tsvc_2_vtvtv,submit,ok,1,755048,1.0,gcc
llr6-qwen30b-c-skills,qwen30b,c,1,604476,tsvc_2_s2233,score,ok,1,542322,1.0,gcc
llr6-qwen30b-c-skills,qwen30b,c,1,604476,wf_triangular,score,ok,1,871347,1.0,gcc
llr6-qwen30b-c-skills,qwen30b,c,1,604476,wf_triangular,score,ok,1,904168,1.0,gcc
llr6-qwen30b-c-skills,qwen30b,c,1,604476,tsvc_2_s1232,submit,ok,1,977368,1.0638297872340425,gcc
llr6-qwen30b-c-skills,qwen30b,c,1,604476,tsvc_2_s2233,score,incorrect,0,599015,1.6949152542372883,gcc
llr6-qwen30b-c-skills,qwen30b,c,1,604476,tsvc_2_vtvtv,submit,ok,1,835828,1.0,gcc
llr6-qwen30b-c-skills,qwen30b,c,1,604476,tsvc_2_s1232,score,ok,1,1109064,1.0,gcc
llr6-qwen30b-c-skills,qwen30b,c,1,604476,tsvc_2_s275,submit,ok,1,626596,1.0638297872340425,gcc
llr6-qwen30b-c-skills,qwen30b,c,1,604476,tsvc_2_s2233,score,ok,1,658353,1.282051282051282,gcc
llr6-qwen30b-c-skills,qwen30b,c,1,604476,wf_triangular,submit,score_error,0,937438,0.0,gcc
llr6-qwen30b-c-skills,qwen30b,c,1,604476,tsvc_2_s275,score,ok,1,684161,1.5873015873015872,gcc
llr6-qwen30b-c-skills,qwen30b,c,1,604476,tsvc_2_s1232,submit,ok,1,1142723,1.0,gcc
llr6-qwen30b-c-skills,qwen30b,c,1,604476,tsvc_2_s2233,submit,ok,1,688837,1.923076923076923,gcc
llr6-qwen30b-c-skills,qwen30b,c,1,604476,wf_triangular,score,ok,1,1007442,1.0,gcc
llr6-qwen30b-c-skills,qwen30b,c,1,604476,tsvc_2_s275,submit,ok,1,713853,2.272727272727273,gcc
llr6-qwen30b-c-skills,qwen30b,c,1,604476,wf_triangular,submit,score_error,0,1043566,0.0,gcc
llr6-qwen30b-c-skills,qwen30b,c,1,604476,tsvc_2_s3112,score,ok,1,178678,1.0,gcc
llr6-qwen30b-c-skills,qwen30b,c,1,604476,wf_triangular,score,ok,1,194983,1.9607843137254901,gcc
llr6-qwen30b-c-skills,qwen30b,c,1,604476,tsvc_2_s235,score,incorrect,0,216195,0.0,gcc
llr6-qwen30b-c-skills,qwen30b,c,1,604476,tsvc_2_s3112,score,incorrect,0,247667,1.0,gcc
llr6-qwen30b-c-skills,qwen30b,c,1,604476,tsvc_2_s323,score,timeout,0,215692,0.0,gcc
llr6-qwen30b-c-skills,qwen30b,c,1,604476,wf_triangular,score,ok,1,254575,1.8867924528301885,gcc
llr6-qwen30b-c-skills,qwen30b,c,1,604476,tsvc_2_s235,score,incorrect,0,272547,0.0,gcc
llr6-qwen30b-c-skills,qwen30b,c,1,604476,tsvc_2_s275,score,score_error,0,0,0.0,gcc
llr6-qwen30b-c-skills,qwen30b,c,1,604476,tsvc_2_s275,score,incorrect,0,0,0.0,gcc
llr6-qwen30b-c-skills,qwen30b,c,1,604476,tsvc_2_s323,score,ok,1,271902,1.0,gcc
llr6-qwen30b-c-skills,qwen30b,c,1,604476,tsvc_2_s235,score,incorrect,0,334083,0.0,gcc
llr6-qwen30b-c-skills,qwen30b,c,1,604476,wf_triangular,score,ok,1,297198,1.0,gcc
llr6-qwen30b-c-skills,qwen30b,c,1,604476,tsvc_2_s3112,score,ok,1,343620,1.0,gcc
llr6-qwen30b-c-skills,qwen30b,c,1,604476,tsvc_2_s323,score,ok,1,332047,1.0,gcc
llr6-qwen30b-c-skills,qwen30b,c,1,604476,tsvc_2_s235,score,incorrect,0,400152,0.0,gcc
llr6-qwen30b-c-skills,qwen30b,c,1,604476,wf_triangular,score,ok,1,342757,1.0,gcc
llr6-qwen30b-c-skills,qwen30b,c,1,604476,tsvc_2_s323,score,ok,1,395925,1.0,gcc
llr6-qwen30b-c-skills,qwen30b,c,1,604476,tsvc_2_s1232,score,score_error,0,0,0.0,gcc
llr6-qwen30b-c-skills,qwen30b,c,1,604476,tsvc_2_s323,score,ok,1,463454,1.0,gcc
llr6-qwen30b-c-skills,qwen30b,c,1,604476,tsvc_2_s1232,score,incorrect,0,0,0.0,gcc
llr6-qwen30b-c-skills,qwen30b,c,1,604476,tsvc_2_s3112,submit,ok,1,525970,2.0,gcc
llr6-qwen30b-c-skills,qwen30b,c,1,604476,tsvc_2_s323,score,ok,1,557951,1.0,gcc
llr6-qwen30b-c-skills,qwen30b,c,1,604476,wf_triangular,score,ok,1,416719,1.8518518518518516,gcc
llr6-qwen30b-c-skills,qwen30b,c,1,604476,tsvc_2_s323,submit,ok,1,582415,1.0,gcc
llr6-qwen30b-c-skills,qwen30b,c,1,604476,tsvc_2_s3112,score,ok,1,654801,1.0,gcc
llr6-qwen30b-c-skills,qwen30b,c,1,604476,wf_triangular,score,ok,1,469578,1.0,gcc
llr6-qwen30b-c-skills,qwen30b,c,1,604476,tsvc_2_s323,score,ok,1,658556,1.0,gcc
llr6-qwen30b-c-skills,qwen30b,c,1,604476,wf_triangular,score,timeout,0,553172,0.0,gcc
llr6-qwen30b-c-skills,qwen30b,c,1,604476,tsvc_2_s3112,submit,ok,1,681501,1.0,gcc
llr6-qwen30b-c-skills,qwen30b,c,1,604476,tsvc_2_s235,submit,incorrect,0,791623,1.1764705882352942,gcc
llr6-qwen30b-c-skills,qwen30b,c,1,604476,tsvc_2_s323,submit,ok,1,684668,1.25,gcc
llr6-qwen30b-c-skills,qwen30b,c,1,604476,wf_triangular,score,ok,1,611986,1.0,gcc
llr6-qwen30b-c-skills,qwen30b,c,1,604476,wf_triangular,score,ok,1,672868,1.0,gcc
llr6-qwen30b-c-skills,qwen30b,c,1,604476,tsvc_2_s3112,submit,ok,1,791936,1.0,gcc
llr6-qwen30b-c-skills,qwen30b,c,1,604476,tsvc_2_s235,score,incorrect,0,920895,0.0,gcc
llr6-qwen30b-c-skills,qwen30b,c,1,604476,tsvc_2_s323,score,ok,1,794713,1.0,gcc
llr6-qwen30b-c-skills,qwen30b,c,1,604476,tsvc_2_s323,score,ok,1,852446,1.0,gcc
llr6-qwen30b-c-skills,qwen30b,c,1,604476,tsvc_2_s235,submit,incorrect,0,954564,1.0,gcc
llr6-qwen30b-c-skills,qwen30b,c,1,604476,wf_triangular,submit,score_error,0,703939,0.0,gcc
llr6-qwen30b-c-skills,qwen30b,c,1,604476,tsvc_2_s323,submit,ok,1,881899,1.0204081632653061,gcc
llr6-qwen30b-c-skills,qwen30b,c,1,604476,wf_triangular,score,ok,1,802864,1.923076923076923,gcc
llr6-qwen30b-c-skills,qwen30b,c,1,604476,tsvc_2_s235,submit,incorrect,0,1095743,1.25,gcc
llr6-qwen30b-c-skills,qwen30b,c,1,604476,wf_triangular,submit,score_error,0,836656,0.0,gcc
llr6-qwen30b-c-skills,qwen30b,c,1,604476,wf_triangular,score,ok,1,980264,1.923076923076923,gcc
llr6-qwen30b-c-skills,qwen30b,c,1,604476,ext_war_unit,score,ok,1,176475,1.0,gcc
llr6-qwen30b-c-skills,qwen30b,c,1,604476,tsvc_2_s4112,score,ok,1,179738,1.0,gcc
llr6-qwen30b-c-skills,qwen30b,c,1,604476,tsvc_2_s316,score,ok,1,194394,1.0,gcc
llr6-qwen30b-c-skills,qwen30b,c,1,604476,argmax_with_index,score,ok,1,249861,1.0,gcc
llr6-qwen30b-c-skills,qwen30b,c,1,604476,ext_war_unit,score,ok,1,245508,1.0,gcc
llr6-qwen30b-c-skills,qwen30b,c,1,604476,tsvc_2_s316,score,ok,1,246297,1.0,gcc
llr6-qwen30b-c-skills,qwen30b,c,1,604476,tsvc_2_s4112,score,ok,1,231646,1.0,gcc
llr6-qwen30b-c-skills,qwen30b,c,1,604476,tsvc_2_s2275,score,ok,1,252186,1.0,gcc
llr6-qwen30b-c-skills,qwen30b,c,1,604476,ext_war_unit,score,incorrect,0,301254,1.0,gcc
llr6-qwen30b-c-skills,qwen30b,c,1,604476,tsvc_2_s316,score,ok,1,301671,5.555555555555557,gcc
llr6-qwen30b-c-skills,qwen30b,c,1,604476,tsvc_2_s2275,score,ok,1,309577,7.142857142857142,gcc
llr6-qwen30b-c-skills,qwen30b,c,1,604476,tsvc_2_s4112,score,ok,1,306784,1.0,gcc
llr6-qwen30b-c-skills,qwen30b,c,1,604476,tsvc_2_s316,score,ok,1,360565,1.923076923076923,gcc
llr6-qwen30b-c-skills,qwen30b,c,1,604476,argmax_with_index,score,ok,1,374778,1.0,gcc
llr6-qwen30b-c-skills,qwen30b,c,1,604476,ext_war_unit,score,ok,1,360536,1.0,gcc
llr6-qwen30b-c-skills,qwen30b,c,1,604476,tsvc_2_s4112,score,ok,1,347085,2.0,gcc
llr6-qwen30b-c-skills,qwen30b,c,1,604476,tsvc_2_s2275,score,ok,1,350312,14.285714285714295,gcc
llr6-qwen30b-c-skills,qwen30b,c,1,604476,ext_war_unit,score,ok,1,402193,1.0,gcc
llr6-qwen30b-c-skills,qwen30b,c,1,604476,tsvc_2_s316,submit,ok,1,469569,2.7777777777777777,gcc
llr6-qwen30b-c-skills,qwen30b,c,1,604476,tsvc_2_s4112,score,build_error,0,432873,0.0,gcc
llr6-qwen30b-c-skills,qwen30b,c,1,604476,tsvc_2_s2275,score,ok,1,393241,14.285714285714295,gcc
llr6-qwen30b-c-skills,qwen30b,c,1,604476,ext_war_unit,score,ok,1,511358,1.0,gcc
llr6-qwen30b-c-skills,qwen30b,c,1,604476,tsvc_2_s4112,score,ok,1,479174,2.0,gcc
llr6-qwen30b-c-skills,qwen30b,c,1,604476,tsvc_2_s316,score,ok,1,542323,5.555555555555557,gcc
llr6-qwen30b-c-skills,qwen30b,c,1,604476,tsvc_2_s2275,score,ok,1,438383,7.692307692307692,gcc
llr6-qwen30b-c-skills,qwen30b,c,1,604476,ext_war_unit,score,ok,1,581079,1.0,gcc
llr6-qwen30b-c-skills,qwen30b,c,1,604476,tsvc_2_s4112,score,ok,1,527058,1.0,gcc
llr6-qwen30b-c-skills,qwen30b,c,1,604476,argmax_with_index,score,ok,1,515383,1.0,gcc
llr6-qwen30b-c-skills,qwen30b,c,1,604476,tsvc_2_s316,submit,ok,1,567280,1.8867924528301885,gcc
llr6-qwen30b-c-skills,qwen30b,c,1,604476,tsvc_2_s4112,score,ok,1,576507,1.0,gcc
llr6-qwen30b-c-skills,qwen30b,c,1,604476,ext_war_unit,submit,ok,1,604988,1.1627906976744187,gcc
llr6-qwen30b-c-skills,qwen30b,c,1,604476,tsvc_2_s2275,score,ok,1,536276,7.692307692307692,gcc
llr6-qwen30b-c-skills,qwen30b,c,1,604476,tsvc_2_s316,score,ok,1,618625,2.7777777777777777,gcc
llr6-qwen30b-c-skills,qwen30b,c,1,604476,tsvc_2_s4112,score,ok,1,653326,1.0,gcc
llr6-qwen30b-c-skills,qwen30b,c,1,604476,argmax_with_index,score,ok,1,607925,1.0,gcc
llr6-qwen30b-c-skills,qwen30b,c,1,604476,tsvc_2_s2275,score,ok,1,588682,5.000000000000001,gcc
llr6-qwen30b-c-skills,qwen30b,c,1,604476,tsvc_2_s4112,score,ok,1,679486,1.0,gcc
llr6-qwen30b-c-skills,qwen30b,c,1,604476,tsvc_2_s316,submit,ok,1,644990,2.7777777777777777,gcc
llr6-qwen30b-c-skills,qwen30b,c,1,604476,argmax_with_index,score,timeout,0,672343,0.0,gcc
llr6-qwen30b-c-skills,qwen30b,c,1,604476,tsvc_2_s2275,submit,ok,1,615592,16.666666666666682,gcc
llr6-qwen30b-c-skills,qwen30b,c,1,604476,ext_war_unit,submit,ok,1,756278,1.0,gcc
llr6-qwen30b-c-skills,qwen30b,c,1,604476,tsvc_2_s4112,submit,ok,1,706048,1.0752688172043012,gcc
llr6-qwen30b-c-skills,qwen30b,c,1,604476,argmax_with_index,score,ok,1,808396,1.0,gcc
llr6-qwen30b-c-skills,qwen30b,c,1,604476,argmax_with_index,submit,ok,1,914647,1.0638297872340425,gcc
llr6-qwen30b-c-skills,qwen30b,c,1,604476,tsvc_2_s2275,submit,ok,1,699145,14.285714285714295,gcc
llr6-qwen30b-c-skills,qwen30b,c,1,604476,ext_war_unit,submit,ok,1,891630,1.0,gcc
llr6-qwen30b-c-skills,qwen30b,c,1,604476,argmax_with_index,score,ok,1,987768,1.0,gcc
llr6-qwen30b-c-skills,qwen30b,c,1,604476,tsvc_2_s2275,submit,ok,1,757338,14.285714285714295,gcc
llr6-qwen30b-c-skills,qwen30b,c,1,604476,argmax_with_index,submit,ok,1,1062783,1.9607843137254901,gcc
llr6-qwen30b-c-skills,qwen30b,c,1,604476,tsvc_2_s2275,submit,ok,1,818038,7.142857142857142,gcc
llr6-qwen30b-c-skills,qwen30b,c,1,604476,argmax_with_index,submit,ok,1,1257861,1.0,gcc
llr6-qwen30b-c-skills,qwen30b,c,1,604476,tsvc_2_s2275,submit,ok,1,881513,14.285714285714295,gcc
llr6-qwen30b-c-skills,qwen30b,c,1,604476,tsvc_2_s2275,submit,ok,1,947700,14.285714285714295,gcc
llr6-qwen30b-c-skills,qwen30b,c,1,604476,tsvc_2_s2275,submit,ok,1,1016549,14.285714285714295,gcc
llr6-qwen30b-c-skills,qwen30b,c,1,604476,tsvc_2_s2275,submit,ok,1,1088080,14.285714285714295,gcc
llr6-qwen30b-c-skills,qwen30b,c,1,604476,tsvc_2_s2275,submit,ok,1,1162291,14.285714285714295,gcc
llr6-qwen30b-c-skills,qwen30b,c,1,604476,tsvc_2_s2275,submit,ok,1,1239169,14.285714285714295,gcc
llr6-qwen30b-c-skills,qwen30b,c,1,604476,tsvc_2_s2275,submit,ok,1,1318705,14.285714285714295,gcc
llr6-qwen30b-c-skills,qwen30b,c,1,604476,tsvc_2_s2275,submit,ok,1,1400943,14.285714285714295,gcc
llr6-qwen30b-c-skills,qwen30b,c,1,604476,tsvc_2_s2275,submit,ok,1,1485879,14.285714285714295,gcc
llr6-qwen30b-c-skills,qwen30b,c,1,604476,tsvc_2_s2275,submit,ok,1,1573483,14.285714285714295,gcc
llr6-qwen30b-c-skills,qwen30b,c,1,604476,tsvc_2_s2275,submit,ok,1,1663786,14.285714285714295,gcc
llr6-qwen30b-c-skills,qwen30b,c,1,604476,tsvc_2_s2275,submit,ok,1,1756754,14.285714285714295,gcc
llr6-qwen30b-c-skills,qwen30b,c,1,604476,tsvc_2_s2275,submit,ok,1,1852419,14.285714285714295,gcc
llr6-qwen30b-c-skills,qwen30b,c,1,604476,tsvc_2_s13110,score,ok,1,165503,1.0,gcc
llr6-qwen30b-c-skills,qwen30b,c,1,604476,tsvc_2_s255,score,ok,1,212356,1.0526315789473684,gcc
llr6-qwen30b-c-skills,qwen30b,c,1,604476,tsvc_2_s231,score,ok,1,194785,1.4285714285714286,gcc
llr6-qwen30b-c-skills,qwen30b,c,1,604476,tsvc_2_s318,score,ok,1,231262,1.0,gcc
llr6-qwen30b-c-skills,qwen30b,c,1,604476,ext_break_capture,score,score_error,0,0,0.0,gcc
llr6-qwen30b-c-skills,qwen30b,c,1,604476,tsvc_2_s231,score,ok,1,289213,24.99999999999998,gcc
llr6-qwen30b-c-skills,qwen30b,c,1,604476,ext_break_capture,score,incorrect,0,0,0.0,gcc
llr6-qwen30b-c-skills,qwen30b,c,1,604476,tsvc_2_s318,score,ok,1,326742,1.0,gcc
llr6-qwen30b-c-skills,qwen30b,c,1,604476,tsvc_2_s231,submit,ok,1,342954,16.666666666666682,gcc
llr6-qwen30b-c-skills,qwen30b,c,1,604476,tsvc_2_s13110,score,ok,1,278919,2.0408163265306123,gcc
llr6-qwen30b-c-skills,qwen30b,c,1,604476,tsvc_2_s231,score,ok,1,427663,2.857142857142857,gcc
llr6-qwen30b-c-skills,qwen30b,c,1,604476,tsvc_2_s13110,score,incorrect,0,321641,99.99999999999991,gcc
llr6-qwen30b-c-skills,qwen30b,c,1,604476,tsvc_2_s255,score,incorrect,0,349957,3.571428571428571,gcc
llr6-qwen30b-c-skills,qwen30b,c,1,604476,tsvc_2_s231,score,ok,1,486255,49.99999999999996,gcc
llr6-qwen30b-c-skills,qwen30b,c,1,604476,tsvc_2_s318,score,ok,1,435857,1.0,gcc
llr6-qwen30b-c-skills,qwen30b,c,1,604476,tsvc_2_s255,score,ok,1,394826,1.0,gcc
llr6-qwen30b-c-skills,qwen30b,c,1,604476,tsvc_2_s13110,score,ok,1,366621,1.0,gcc
llr6-qwen30b-c-skills,qwen30b,c,1,604476,tsvc_2_s231,submit,ok,1,516201,6.249999999999999,gcc
llr6-qwen30b-c-skills,qwen30b,c,1,604476,tsvc_2_s318,score,ok,1,483423,1.0,gcc
llr6-qwen30b-c-skills,qwen30b,c,1,604476,tsvc_2_s13110,score,incorrect,0,413803,99.99999999999991,gcc
llr6-qwen30b-c-skills,qwen30b,c,1,604476,tsvc_2_s318,score,ok,1,559635,1.8867924528301885,gcc
llr6-qwen30b-c-skills,qwen30b,c,1,604476,tsvc_2_s255,score,incorrect,0,491359,2.9411764705882355,gcc
llr6-qwen30b-c-skills,qwen30b,c,1,604476,tsvc_2_s13110,score,ok,1,515936,2.0408163265306123,gcc
llr6-qwen30b-c-skills,qwen30b,c,1,604476,tsvc_2_s318,score,ok,1,613099,1.0,gcc
llr6-qwen30b-c-skills,qwen30b,c,1,604476,tsvc_2_s255,score,incorrect,0,569465,1.0204081632653061,gcc
llr6-qwen30b-c-skills,qwen30b,c,1,604476,tsvc_2_s318,submit,ok,1,640601,1.0,gcc
llr6-qwen30b-c-skills,qwen30b,c,1,604476,tsvc_2_s13110,score,timeout,0,570485,0.0,gcc
llr6-qwen30b-c-skills,qwen30b,c,1,604476,tsvc_2_s318,score,ok,1,697042,1.0,gcc
llr6-qwen30b-c-skills,qwen30b,c,1,604476,tsvc_2_s255,score,ok,1,680579,1.492537313432836,gcc
llr6-qwen30b-c-skills,qwen30b,c,1,604476,tsvc_2_s13110,submit,ok,1,598465,1.0,gcc
llr6-qwen30b-c-skills,qwen30b,c,1,604476,tsvc_2_s318,score,ok,1,755572,1.0,gcc
llr6-qwen30b-c-skills,qwen30b,c,1,604476,tsvc_2_s13110,score,timeout,0,626805,0.0,gcc
llr6-qwen30b-c-skills,qwen30b,c,1,604476,tsvc_2_s255,submit,ok,1,709369,1.0,gcc
llr6-qwen30b-c-skills,qwen30b,c,1,604476,tsvc_2_s13110,score,ok,1,684984,1.0309278350515465,gcc
llr6-qwen30b-c-skills,qwen30b,c,1,604476,tsvc_2_s255,score,ok,1,798477,1.0,gcc
llr6-qwen30b-c-skills,qwen30b,c,1,604476,tsvc_2_s318,submit,ok,1,847432,1.8518518518518516,gcc
llr6-qwen30b-c-skills,qwen30b,c,1,604476,tsvc_2_s13110,submit,ok,1,714789,2.0,gcc
llr6-qwen30b-c-skills,qwen30b,c,1,604476,tsvc_2_s255,submit,ok,1,829311,1.0,gcc
llr6-qwen30b-c-skills,qwen30b,c,1,604476,tsvc_2_s13110,submit,ok,1,870089,1.0,gcc
llr6-qwen30b-c-skills,qwen30b,c,1,604476,tsvc_2_s318,submit,ok,1,944878,1.8867924528301885,gcc
llr6-qwen30b-c-skills,qwen30b,c,1,604476,tsvc_2_s318,score,ok,1,1013255,1.8867924528301885,gcc
llr6-qwen30b-c-skills,qwen30b,c,1,604476,tsvc_2_s318,submit,ok,1,1084150,1.8867924528301885,gcc
llr6-qwen30b-c-skills,qwen30b,c,1,604476,tsvc_2_s318,score,ok,1,1157675,1.8867924528301885,gcc
llr6-qwen30b-c-skills,qwen30b,c,1,604476,tsvc_2_s318,submit,ok,1,1233826,1.8867924528301885,gcc
llr6-qwen30b-c-skills,qwen30b,c,1,604476,tsvc_2_s318,score,ok,1,1312843,1.8867924528301885,gcc
llr6-qwen30b-c-skills,qwen30b,c,1,604476,tsvc_2_s318,submit,ok,1,1353467,1.8867924528301885,gcc
llr6-qwen30b-c-skills,qwen30b,c,1,604476,tsvc_2_s318,score,ok,1,1436927,1.8518518518518516,gcc
llr6-qwen30b-c-skills,qwen30b,c,1,604476,tsvc_2_s318,submit,ok,1,1479764,1.8867924528301885,gcc
llr6-qwen30b-c-skills,qwen30b,c,1,604476,tsvc_2_s318,score,ok,1,1567650,1.8867924528301885,gcc
llr6-qwen30b-c-skills,qwen30b,c,1,604476,tsvc_2_s318,submit,ok,1,1612700,1.8867924528301885,gcc
llr6-qwen30b-c-skills,qwen30b,c,1,604476,tsvc_2_s318,score,ok,1,1705012,1.8867924528301885,gcc
llr6-qwen30b-c-skills,qwen30b,c,1,604476,tsvc_2_s318,submit,ok,1,1752275,1.8867924528301885,gcc
llr6-qwen30b-c-skills,qwen30b,c,1,604476,tsvc_2_s318,score,ok,1,1849013,1.8867924528301885,gcc
llr6-qwen30b-c-skills,qwen30b,c,1,604476,tsvc_2_s318,submit,ok,1,1898489,1.8867924528301885,gcc
llr6-qwen30b-c-skills,qwen30b,c,1,604476,tsvc_2_s318,score,ok,1,1999653,1.8867924528301885,gcc
llr6-qwen30b-c-skills,qwen30b,c,1,604476,tsvc_2_s318,submit,ok,1,2051342,1.8867924528301885,gcc
llr6-qwen30b-c-skills,qwen30b,c,1,604476,tsvc_2_s318,score,ok,1,2156932,1.8867924528301885,gcc
llr6-qwen30b-c-skills,qwen30b,c,1,604476,tsvc_2_s318,submit,ok,1,2210834,1.8867924528301885,gcc
llr6-qwen30b-c-skills,qwen30b,c,1,604476,tsvc_2_s255,score,ok,1,180148,1.0,gcc
llr6-qwen30b-c-skills,qwen30b,c,1,604476,tsvc_2_vag,score,ok,1,210072,1.0101010101010102,gcc
llr6-qwen30b-c-skills,qwen30b,c,1,604476,fuse_diamond,score,incorrect,0,183728,0.0,gcc
llr6-qwen30b-c-skills,qwen30b,c,1,604476,tsvc_2_s3110,score,ok,1,224856,1.0,gcc
llr6-qwen30b-c-skills,qwen30b,c,1,604476,tsvc_2_vag,score,ok,1,244481,1.0,gcc
llr6-qwen30b-c-skills,qwen30b,c,1,604476,tsvc_2_s231,score,ok,1,199104,1.0,gcc
llr6-qwen30b-c-skills,qwen30b,c,1,604476,tsvc_2_s255,score,ok,1,232140,1.9607843137254901,gcc
llr6-qwen30b-c-skills,qwen30b,c,1,604476,fuse_diamond,score,ok,1,237822,16.666666666666682,gcc
llr6-qwen30b-c-skills,qwen30b,c,1,604476,tsvc_2_s255,score,ok,1,269570,1.8518518518518516,gcc
llr6-qwen30b-c-skills,qwen30b,c,1,604476,fuse_diamond,score,incorrect,0,276248,0.0,gcc
llr6-qwen30b-c-skills,qwen30b,c,1,604476,tsvc_2_s231,score,ok,1,274139,2.0408163265306123,gcc
llr6-qwen30b-c-skills,qwen30b,c,1,604476,tsvc_2_vag,score,build_error,0,338475,0.0,gcc
llr6-qwen30b-c-skills,qwen30b,c,1,604476,tsvc_2_s3110,score,ok,1,295688,1.5873015873015872,gcc
llr6-qwen30b-c-skills,qwen30b,c,1,604476,tsvc_2_s255,score,ok,1,309130,1.923076923076923,gcc
llr6-qwen30b-c-skills,qwen30b,c,1,604476,tsvc_2_s231,score,ok,1,314778,1.0,gcc
llr6-qwen30b-c-skills,qwen30b,c,1,604476,tsvc_2_s3110,score,ok,1,346366,1.0,gcc
llr6-qwen30b-c-skills,qwen30b,c,1,604476,tsvc_2_s255,score,ok,1,372246,1.0,gcc
llr6-qwen30b-c-skills,qwen30b,c,1,604476,tsvc_2_vag,score,ok,1,445491,1.0,gcc
llr6-qwen30b-c-skills,qwen30b,c,1,604476,fuse_diamond,submit,ok,1,338161,7.142857142857142,gcc
llr6-qwen30b-c-skills,qwen30b,c,1,604476,tsvc_2_s231,score,ok,1,380142,1.0,gcc
llr6-qwen30b-c-skills,qwen30b,c,1,604476,tsvc_2_s255,score,ok,1,416869,1.0,gcc
llr6-qwen30b-c-skills,qwen30b,c,1,604476,tsvc_2_s3110,score,ok,1,399350,1.0,gcc
llr6-qwen30b-c-skills,qwen30b,c,1,604476,fuse_diamond,score,incorrect,0,381944,0.0,gcc
llr6-qwen30b-c-skills,qwen30b,c,1,604476,wf_diff_skew,submit,score_error,0,0,0.0,gcc
llr6-qwen30b-c-skills,qwen30b,c,1,604476,tsvc_2_s3110,score,ok,1,454529,1.0,gcc
llr6-qwen30b-c-skills,qwen30b,c,1,604476,tsvc_2_vag,submit,ok,1,491318,1.0,gcc
llr6-qwen30b-c-skills,qwen30b,c,1,604476,tsvc_2_s231,score,ok,1,426619,1.0,gcc
llr6-qwen30b-c-skills,qwen30b,c,1,604476,fuse_diamond,score,ok,1,427956,7.692307692307692,gcc
llr6-qwen30b-c-skills,qwen30b,c,1,604476,tsvc_2_vag,score,ok,1,538792,1.0,gcc
llr6-qwen30b-c-skills,qwen30b,c,1,604476,wf_diff_skew,submit,incorrect,0,0,0.0,gcc
llr6-qwen30b-c-skills,qwen30b,c,1,604476,tsvc_2_s255,submit,ok,1,439771,1.0,gcc
llr6-qwen30b-c-skills,qwen30b,c,1,604476,fuse_diamond,score,incorrect,0,501276,0.0,gcc
llr6-qwen30b-c-skills,qwen30b,c,1,604476,tsvc_2_vag,submit,ok,1,563011,1.0,gcc
llr6-qwen30b-c-skills,qwen30b,c,1,604476,tsvc_2_s255,score,ok,1,511378,1.0,gcc
llr6-qwen30b-c-skills,qwen30b,c,1,604476,tsvc_2_s231,submit,ok,1,475315,1.0,gcc
llr6-qwen30b-c-skills,qwen30b,c,1,604476,tsvc_2_s3110,score,ok,1,603498,1.0,gcc
llr6-qwen30b-c-skills,qwen30b,c,1,604476,fuse_diamond,score,ok,1,553129,11.111111111111114,gcc
llr6-qwen30b-c-skills,qwen30b,c,1,604476,tsvc_2_s3110,submit,ok,1,635263,1.0,gcc
llr6-qwen30b-c-skills,qwen30b,c,1,604476,tsvc_2_s255,submit,ok,1,536176,1.0,gcc
llr6-qwen30b-c-skills,qwen30b,c,1,604476,fuse_diamond,submit,ok,1,579748,9.090909090909092,gcc
llr6-qwen30b-c-skills,qwen30b,c,1,604476,tsvc_2_vag,submit,ok,1,713756,1.0752688172043012,gcc
llr6-qwen30b-c-skills,qwen30b,c,1,604476,tsvc_2_s231,score,ok,1,526210,1.0309278350515465,gcc
llr6-qwen30b-c-skills,qwen30b,c,1,604476,fuse_diamond,score,ok,1,634272,24.99999999999998,gcc
llr6-qwen30b-c-skills,qwen30b,c,1,604476,fuse_diamond,submit,ok,1,662128,10.000000000000002,gcc
llr6-qwen30b-c-skills,qwen30b,c,1,604476,tsvc_2_s3110,submit,ok,1,734637,1.0,gcc
llr6-qwen30b-c-skills,qwen30b,c,1,604476,tsvc_2_s255,submit,ok,1,612902,1.0,gcc
llr6-qwen30b-c-skills,qwen30b,c,1,604476,tsvc_2_s231,submit,ok,1,579177,1.0,gcc
llr6-qwen30b-c-skills,qwen30b,c,1,604476,tsvc_2_s231,score,ok,1,633788,2.0408163265306123,gcc
llr6-qwen30b-c-skills,qwen30b,c,1,604476,tsvc_2_s3110,score,ok,1,803659,1.6129032258064517,gcc
llr6-qwen30b-c-skills,qwen30b,c,1,604476,fuse_diamond,submit,ok,1,748389,10.000000000000002,gcc
llr6-qwen30b-c-skills,qwen30b,c,1,604476,tsvc_2_s3110,submit,ok,1,838785,1.0,gcc
llr6-qwen30b-c-skills,qwen30b,c,1,604476,tsvc_2_s231,submit,ok,1,689820,1.0,gcc
llr6-qwen30b-c-skills,qwen30b,c,1,604476,tsvc_2_s255,submit,ok,1,751228,2.0,gcc
llr6-qwen30b-c-skills,qwen30b,c,1,604476,tsvc_2_s115,score,ok,1,192982,1.0,gcc
llr6-qwen30b-c-skills,qwen30b,c,1,604476,ext_break_capture,score,score_error,0,0,0.0,gcc
llr6-qwen30b-c-skills,qwen30b,c,1,604476,fuse_diamond,score,ok,1,197033,6.249999999999999,gcc
llr6-qwen30b-c-skills,qwen30b,c,1,604476,tsvc_2_s255,score,ok,1,180536,1.0,gcc
llr6-qwen30b-c-skills,qwen30b,c,1,604476,tsvc_2_s3110,score,ok,1,196942,1.0309278350515465,gcc
llr6-qwen30b-c-skills,qwen30b,c,1,604476,tsvc_2_s318,score,ok,1,198035,1.0,gcc
llr6-qwen30b-c-skills,qwen30b,c,1,604476,ext_break_capture,score,incorrect,0,0,0.0,gcc
llr6-qwen30b-c-skills,qwen30b,c,1,604476,tsvc_2_s231,score,ok,1,213634,49.99999999999996,gcc
llr6-qwen30b-c-skills,qwen30b,c,1,604476,fuse_diamond,score,ok,1,250209,24.99999999999998,gcc
llr6-qwen30b-c-skills,qwen30b,c,1,604476,tsvc_2_s115,score,ok,1,259684,1.0416666666666667,gcc
llr6-qwen30b-c-skills,qwen30b,c,1,604476,fuse_diamond,score,ok,1,307091,12.500000000000007,gcc
llr6-qwen30b-c-skills,qwen30b,c,1,604476,tsvc_2_s255,score,ok,1,234401,1.0,gcc
llr6-qwen30b-c-skills,qwen30b,c,1,604476,tsvc_2_s231,score,ok,1,268709,24.99999999999998,gcc
llr6-qwen30b-c-skills,qwen30b,c,1,604476,tsvc_2_s115,score,ok,1,306983,1.0,gcc
llr6-qwen30b-c-skills,qwen30b,c,1,604476,tsvc_2_s318,score,ok,1,271620,2.0,gcc
llr6-qwen30b-c-skills,qwen30b,c,1,604476,tsvc_2_s115,score,ok,1,380808,1.0,gcc
llr6-qwen30b-c-skills,qwen30b,c,1,604476,tsvc_2_s231,score,ok,1,328525,20.00000000000003,gcc
llr6-qwen30b-c-skills,qwen30b,c,1,604476,fuse_diamond,score,ok,1,410592,12.500000000000007,gcc
llr6-qwen30b-c-skills,qwen30b,c,1,604476,tsvc_2_s318,score,ok,1,331764,1.9607843137254901,gcc
llr6-qwen30b-c-skills,qwen30b,c,1,604476,tsvc_2_s255,score,ok,1,312874,1.0,gcc
llr6-qwen30b-c-skills,qwen30b,c,1,604476,fuse_diamond,score,ok,1,477299,24.99999999999998,gcc
llr6-qwen30b-c-skills,qwen30b,c,1,604476,tsvc_2_s115,score,ok,1,459037,1.0,gcc
llr6-qwen30b-c-skills,qwen30b,c,1,604476,tsvc_2_s231,score,ok,1,393007,14.285714285714295,gcc
llr6-qwen30b-c-skills,qwen30b,c,1,604476,tsvc_2_s318,score,ok,1,374124,1.0,gcc
llr6-qwen30b-c-skills,qwen30b,c,1,604476,fuse_diamond,submit,ok,1,500214,6.249999999999999,gcc
llr6-qwen30b-c-skills,qwen30b,c,1,604476,tsvc_2_s3110,score,ok,1,370294,1.3333333333333333,gcc
llr6-qwen30b-c-skills,qwen30b,c,1,604476,tsvc_2_s115,score,ok,1,513723,1.0,gcc
llr6-qwen30b-c-skills,qwen30b,c,1,604476,tsvc_2_s255,score,incorrect,0,379147,1.0,gcc
llr6-qwen30b-c-skills,qwen30b,c,1,604476,tsvc_2_s231,submit,ok,1,415331,8.333333333333334,gcc
llr6-qwen30b-c-skills,qwen30b,c,1,604476,tsvc_2_s3110,score,ok,1,420220,1.0526315789473684,gcc
llr6-qwen30b-c-skills,qwen30b,c,1,604476,tsvc_2_s115,score,ok,1,570242,1.0,gcc
llr6-qwen30b-c-skills,qwen30b,c,1,604476,tsvc_2_s318,submit,ok,1,418527,2.0,gcc
llr6-qwen30b-c-skills,qwen30b,c,1,604476,tsvc_2_s255,score,incorrect,0,426390,1.0,gcc
llr6-qwen30b-c-skills,qwen30b,c,1,604476,tsvc_2_s3110,score,ok,1,472370,1.923076923076923,gcc
llr6-qwen30b-c-skills,qwen30b,c,1,604476,tsvc_2_s115,submit,ok,1,599068,1.1111111111111112,gcc
llr6-qwen30b-c-skills,qwen30b,c,1,604476,tsvc_2_s255,score,incorrect,0,475871,1.4705882352941178,gcc
llr6-qwen30b-c-skills,qwen30b,c,1,604476,tsvc_2_s318,score,ok,1,513360,3.7037037037037033,gcc
llr6-qwen30b-c-skills,qwen30b,c,1,604476,tsvc_2_s115,score,ok,1,658149,1.0,gcc
llr6-qwen30b-c-skills,qwen30b,c,1,604476,tsvc_2_s3110,score,ok,1,526773,1.0309278350515465,gcc
llr6-qwen30b-c-skills,qwen30b,c,1,604476,tsvc_2_s318,submit,ok,1,538093,1.0,gcc
llr6-qwen30b-c-skills,qwen30b,c,1,604476,tsvc_2_s255,score,incorrect,0,581321,1.9607843137254901,gcc
llr6-qwen30b-c-skills,qwen30b,c,1,604476,tsvc_2_s115,score,ok,1,750199,1.0416666666666667,gcc
llr6-qwen30b-c-skills,qwen30b,c,1,604476,tsvc_2_s3110,score,ok,1,583447,2.0,gcc
llr6-qwen30b-c-skills,qwen30b,c,1,604476,tsvc_2_s255,score,incorrect,0,637013,1.0,gcc
llr6-qwen30b-c-skills,qwen30b,c,1,604476,tsvc_2_s115,submit,ok,1,781806,1.0,gcc
llr6-qwen30b-c-skills,qwen30b,c,1,604476,tsvc_2_s3110,submit,ok,1,612492,1.0526315789473684,gcc
llr6-qwen30b-c-skills,qwen30b,c,1,604476,tsvc_2_s115,score,ok,1,846265,1.0,gcc
llr6-qwen30b-c-skills,qwen30b,c,1,604476,tsvc_2_s255,score,ok,1,754735,1.5384615384615388,gcc
llr6-qwen30b-c-skills,qwen30b,c,1,604476,tsvc_2_s115,submit,ok,1,879093,1.0,gcc
llr6-qwen30b-c-skills,qwen30b,c,1,604476,tsvc_2_s255,score,incorrect,0,816500,1.0,gcc
llr6-qwen30b-c-skills,qwen30b,c,1,604476,tsvc_2_s115,score,score_error,0,980031,0.0,gcc
llr6-qwen30b-c-skills,qwen30b,c,1,604476,tsvc_2_s255,score,incorrect,0,880248,1.9607843137254901,gcc
llr6-qwen30b-c-skills,qwen30b,c,1,604476,tsvc_2_s255,score,ok,1,946001,1.0,gcc
llr6-qwen30b-c-skills,qwen30b,c,1,604476,tsvc_2_s115,submit,ok,1,1048724,1.0,gcc
llr6-qwen30b-c-skills,qwen30b,c,1,604476,tsvc_2_s255,submit,ok,1,979516,1.0,gcc
llr6-qwen30b-c-skills,qwen30b,c,1,604476,tsvc_2_s115,submit,ok,1,1118880,1.0,gcc
llr6-qwen30b-c-skills,qwen30b,c,1,604476,tsvc_2_s255,score,ok,1,1047893,1.0,gcc
llr6-qwen30b-c-skills,qwen30b,c,1,604476,tsvc_2_s115,submit,ok,1,1190563,1.0526315789473684,gcc
llr6-qwen30b-c-skills,qwen30b,c,1,604476,tsvc_2_s255,submit,ok,1,1083016,1.0,gcc
llr6-qwen30b-c-skills,qwen30b,c,1,604476,tsvc_2_s115,submit,ok,1,1264236,2.0,gcc
llr6-qwen30b-c-skills,qwen30b,c,1,604476,tsvc_2_s115,submit,ok,1,1301953,1.0,gcc
llr6-qwen30b-c-skills,qwen30b,c,1,604476,tsvc_2_s115,submit,ok,1,1379279,1.0,gcc
llr6-qwen30b-c-skills,qwen30b,c,1,604476,tsvc_2_s3111,score,ok,1,194318,1.0,gcc
llr6-qwen30b-c-skills,qwen30b,c,1,604476,tsvc_2_vpvts,score,ok,1,210143,1.0,gcc
llr6-qwen30b-c-skills,qwen30b,c,1,604476,tsvc_2_s119,score,ok,1,178617,1.0,gcc
llr6-qwen30b-c-skills,qwen30b,c,1,604476,tsvc_2_s2710,score,ok,1,167382,1.0,gcc
llr6-qwen30b-c-skills,qwen30b,c,1,604476,wf_north_west,score,ok,1,196305,1.0,gcc
llr6-qwen30b-c-skills,qwen30b,c,1,604476,tsvc_2_s233,score,incorrect,0,215058,1.0,gcc
llr6-qwen30b-c-skills,qwen30b,c,1,604476,fuse_move_ifs,score,ok,1,199964,1.0,gcc
llr6-qwen30b-c-skills,qwen30b,c,1,604476,tsvc_2_s152,score,ok,1,274827,1.0,gcc
llr6-qwen30b-c-skills,qwen30b,c,1,604476,tsvc_2_s319,score,ok,1,240108,1.0,gcc
llr6-qwen30b-c-skills,qwen30b,c,1,604476,tsvc_2_s3111,score,ok,1,245947,3.846153846153846,gcc
llr6-qwen30b-c-skills,qwen30b,c,1,604476,tsvc_2_vpvts,score,ok,1,262110,1.0,gcc
llr6-qwen30b-c-skills,qwen30b,c,1,604476,tsvc_2_s119,score,ok,1,230634,2.173913043478261,gcc
llr6-qwen30b-c-skills,qwen30b,c,1,604476,tsvc_2_s319,score,ok,1,262796,1.0,gcc
llr6-qwen30b-c-skills,qwen30b,c,1,604476,tsvc_2_s2710,score,ok,1,221778,1.4084507042253522,gcc
llr6-qwen30b-c-skills,qwen30b,c,1,604476,fuse_move_ifs,score,ok,1,256422,1.0,gcc
llr6-qwen30b-c-skills,qwen30b,c,1,604476,tsvc_2_s152,score,ok,1,345991,1.0,gcc
llr6-qwen30b-c-skills,qwen30b,c,1,604476,wf_north_west,score,ok,1,256528,1.0,gcc
llr6-qwen30b-c-skills,qwen30b,c,1,604476,tsvc_2_vpvts,score,ok,1,317859,1.0,gcc
llr6-qwen30b-c-skills,qwen30b,c,1,604476,tsvc_2_s319,score,ok,1,286113,1.0,gcc
llr6-qwen30b-c-skills,qwen30b,c,1,604476,tsvc_2_s3111,score,ok,1,301612,1.0,gcc
llr6-qwen30b-c-skills,qwen30b,c,1,604476,tsvc_2_s119,score,ok,1,287136,1.0,gcc
llr6-qwen30b-c-skills,qwen30b,c,1,604476,tsvc_2_s152,score,ok,1,420912,1.0,gcc
llr6-qwen30b-c-skills,qwen30b,c,1,604476,tsvc_2_s233,score,incorrect,0,313953,1.1494252873563218,gcc
llr6-qwen30b-c-skills,qwen30b,c,1,604476,tsvc_2_s319,score,ok,1,310134,1.0,gcc
llr6-qwen30b-c-skills,qwen30b,c,1,604476,wf_north_west,score,ok,1,321264,1.0,gcc
llr6-qwen30b-c-skills,qwen30b,c,1,604476,tsvc_2_s2710,score,ok,1,301475,6.249999999999999,gcc
llr6-qwen30b-c-skills,qwen30b,c,1,604476,tsvc_2_s3111,score,ok,1,340902,3.846153846153846,gcc
llr6-qwen30b-c-skills,qwen30b,c,1,604476,fuse_move_ifs,score,ok,1,340172,1.0,gcc
llr6-qwen30b-c-skills,qwen30b,c,1,604476,tsvc_2_s319,score,ok,1,410656,1.0,gcc
llr6-qwen30b-c-skills,qwen30b,c,1,604476,tsvc_2_vpvts,score,ok,1,398421,1.0,gcc
llr6-qwen30b-c-skills,qwen30b,c,1,604476,tsvc_2_s119,score,timeout,0,348379,0.0,gcc
llr6-qwen30b-c-skills,qwen30b,c,1,604476,tsvc_2_s3111,score,ok,1,381944,1.7857142857142856,gcc
llr6-qwen30b-c-skills,qwen30b,c,1,604476,tsvc_2_s2710,score,ok,1,366952,3.0303030303030307,gcc
llr6-qwen30b-c-skills,qwen30b,c,1,604476,tsvc_2_s233,score,incorrect,0,381636,1.0,gcc
llr6-qwen30b-c-skills,qwen30b,c,1,604476,wf_north_west,score,ok,1,437556,1.0,gcc
llr6-qwen30b-c-skills,qwen30b,c,1,604476,fuse_move_ifs,score,ok,1,433865,1.0,gcc
llr6-qwen30b-c-skills,qwen30b,c,1,604476,tsvc_2_s152,score,ok,1,667288,1.0,gcc
llr6-qwen30b-c-skills,qwen30b,c,1,604476,tsvc_2_s319,score,ok,1,489720,1.0,gcc
llr6-qwen30b-c-skills,qwen30b,c,1,604476,tsvc_2_s3111,submit,ok,1,424746,3.846153846153846,gcc
llr6-qwen30b-c-skills,qwen30b,c,1,604476,tsvc_2_vpvts,submit,ok,1,441195,1.0,gcc
llr6-qwen30b-c-skills,qwen30b,c,1,604476,tsvc_2_s233,score,ok,1,454659,1.0,gcc
llr6-qwen30b-c-skills,qwen30b,c,1,604476,tsvc_2_s119,score,ok,1,462724,1.0,gcc
llr6-qwen30b-c-skills,qwen30b,c,1,604476,tsvc_2_s319,score,ok,1,517224,1.0,gcc
llr6-qwen30b-c-skills,qwen30b,c,1,604476,tsvc_2_s152,score,ok,1,727811,1.0,gcc
llr6-qwen30b-c-skills,qwen30b,c,1,604476,tsvc_2_vpvts,score,ok,1,508884,1.0,gcc
llr6-qwen30b-c-skills,qwen30b,c,1,604476,wf_north_west,score,ok,1,647922,1.0,gcc
llr6-qwen30b-c-skills,qwen30b,c,1,604476,tsvc_2_s2710,submit,ok,1,413257,2.7027027027027026,gcc
llr6-qwen30b-c-skills,qwen30b,c,1,604476,tsvc_2_s152,submit,build_error,0,821659,0.0,gcc
llr6-qwen30b-c-skills,qwen30b,c,1,604476,tsvc_2_s319,score,ok,1,545267,1.0,gcc
llr6-qwen30b-c-skills,qwen30b,c,1,604476,fuse_move_ifs,submit,ok,1,458439,1.0,gcc
llr6-qwen30b-c-skills,qwen30b,c,1,604476,tsvc_2_s119,score,timeout,0,538531,0.0,gcc
llr6-qwen30b-c-skills,qwen30b,c,1,604476,tsvc_2_s233,score,incorrect,0,532770,1.0752688172043012,gcc
llr6-qwen30b-c-skills,qwen30b,c,1,604476,tsvc_2_s152,submit,ok,1,953203,1.0526315789473684,gcc
llr6-qwen30b-c-skills,qwen30b,c,1,604476,tsvc_2_s319,submit,ok,1,573946,1.0,gcc
llr6-qwen30b-c-skills,qwen30b,c,1,604476,fuse_move_ifs,score,ok,1,617229,1.0,gcc
llr6-qwen30b-c-skills,qwen30b,c,1,604476,tsvc_2_vpvts,submit,ok,1,580255,1.0,gcc
llr6-qwen30b-c-skills,qwen30b,c,1,604476,wf_north_west,submit,score_error,0,704245,0.0,gcc
llr6-qwen30b-c-skills,qwen30b,c,1,604476,tsvc_2_s233,score,ok,1,587479,1.0,gcc
llr6-qwen30b-c-skills,qwen30b,c,1,604476,tsvc_2_s152,score,ok,1,986839,1.1627906976744187,gcc
llr6-qwen30b-c-skills,qwen30b,c,1,604476,tsvc_2_s119,score,ok,1,647666,1.2345679012345678,gcc
llr6-qwen30b-c-skills,qwen30b,c,1,604476,tsvc_2_s319,score,ok,1,603189,1.0,gcc
llr6-qwen30b-c-skills,qwen30b,c,1,604476,tsvc_2_vpvts,score,ok,1,630207,1.0,gcc
llr6-qwen30b-c-skills,qwen30b,c,1,604476,wf_north_west,score,ok,1,764771,1.0,gcc
llr6-qwen30b-c-skills,qwen30b,c,1,604476,tsvc_2_s2710,submit,ok,1,512821,2.5,gcc
llr6-qwen30b-c-skills,qwen30b,c,1,604476,fuse_move_ifs,submit,ok,1,644902,1.0,gcc
llr6-qwen30b-c-skills,qwen30b,c,1,604476,tsvc_2_s233,score,ok,1,673562,1.0,gcc
llr6-qwen30b-c-skills,qwen30b,c,1,604476,tsvc_2_s119,submit,ok,1,676000,1.0,gcc
llr6-qwen30b-c-skills,qwen30b,c,1,604476,fuse_move_ifs,score,ok,1,701178,1.2987012987012987,gcc
llr6-qwen30b-c-skills,qwen30b,c,1,604476,tsvc_2_s319,submit,ok,1,633164,1.0,gcc
llr6-qwen30b-c-skills,qwen30b,c,1,604476,tsvc_2_vpvts,submit,ok,1,655750,1.0638297872340425,gcc
llr6-qwen30b-c-skills,qwen30b,c,1,604476,tsvc_2_s233,score,incorrect,0,764124,1.6666666666666667,gcc
llr6-qwen30b-c-skills,qwen30b,c,1,604476,wf_north_west,submit,score_error,0,795770,0.0,gcc
llr6-qwen30b-c-skills,qwen30b,c,1,604476,tsvc_2_s319,score,ok,1,663710,1.0,gcc
llr6-qwen30b-c-skills,qwen30b,c,1,604476,tsvc_2_s233,score,ok,1,827042,1.0416666666666667,gcc
llr6-qwen30b-c-skills,qwen30b,c,1,604476,fuse_move_ifs,submit,ok,1,729726,1.0,gcc
llr6-qwen30b-c-skills,qwen30b,c,1,604476,tsvc_2_vpvts,submit,ok,1,681630,1.0101010101010102,gcc
llr6-qwen30b-c-skills,qwen30b,c,1,604476,wf_north_west,score,ok,1,861335,1.0101010101010102,gcc
llr6-qwen30b-c-skills,qwen30b,c,1,604476,tsvc_2_s233,submit,ok,1,859246,1.0,gcc
llr6-qwen30b-c-skills,qwen30b,c,1,604476,tsvc_2_s319,submit,ok,1,695355,1.0,gcc
llr6-qwen30b-c-skills,qwen30b,c,1,604476,wf_north_west,submit,score_error,0,894810,0.0,gcc
llr6-qwen30b-c-skills,qwen30b,c,1,604476,tsvc_2_s319,submit,ok,1,761523,1.0,gcc
llr6-qwen30b-c-skills,qwen30b,c,1,604476,tsvc_2_s233,submit,ok,1,925374,1.0204081632653061,gcc
llr6-qwen30b-c-skills,qwen30b,c,1,604476,wf_north_west,score,ok,1,966215,1.492537313432836,gcc
llr6-qwen30b-c-skills,qwen30b,c,1,604476,tsvc_2_s319,score,ok,1,796075,1.4705882352941178,gcc
llr6-qwen30b-c-skills,qwen30b,c,1,604476,tsvc_2_s319,submit,ok,1,831784,1.0,gcc
llr6-qwen30b-c-skills,qwen30b,c,1,604476,tsvc_2_s233,submit,ok,1,1209749,1.0204081632653061,gcc
llr6-qwen30b-c-skills,qwen30b,c,1,604476,tsvc_2_s319,score,ok,1,868551,1.4705882352941178,gcc
llr6-qwen30b-c-skills,qwen30b,c,1,604476,ext_break_find_first,score,ok,1,180233,1.0,gcc
llr6-qwen30b-c-skills,qwen30b,c,1,604476,tsvc_2_s3111,score,ok,1,179579,1.0,gcc
llr6-qwen30b-c-skills,qwen30b,c,1,604476,tsvc_2_vpvts,score,ok,1,210219,1.0,gcc
llr6-qwen30b-c-skills,qwen30b,c,1,604476,tsvc_2_s119,score,ok,1,245080,1.0,gcc
llr6-qwen30b-c-skills,qwen30b,c,1,604476,tsvc_2_s319,score,ok,1,197741,1.0,gcc
llr6-qwen30b-c-skills,qwen30b,c,1,604476,tsvc_2_s152,score,ok,1,198893,1.0,gcc
llr6-qwen30b-c-skills,qwen30b,c,1,604476,ext_break_find_first,score,ok,1,271677,1.0,gcc
llr6-qwen30b-c-skills,qwen30b,c,1,604476,tsvc_2_s2710,score,ok,1,185294,1.0,gcc
llr6-qwen30b-c-skills,qwen30b,c,1,604476,tsvc_2_s233,score,ok,1,235411,1.0,gcc
llr6-qwen30b-c-skills,qwen30b,c,1,604476,wf_north_west,score,ok,1,283157,1.0,gcc
llr6-qwen30b-c-skills,qwen30b,c,1,604476,tsvc_2_s3111,score,ok,1,231399,2.857142857142857,gcc
llr6-qwen30b-c-skills,qwen30b,c,1,604476,tsvc_2_vpvts,score,ok,1,244809,1.0,gcc
llr6-qwen30b-c-skills,qwen30b,c,1,604476,tsvc_2_s319,score,ok,1,251043,1.0,gcc
llr6-qwen30b-c-skills,qwen30b,c,1,604476,tsvc_2_s152,score,ok,1,253142,1.0,gcc
llr6-qwen30b-c-skills,qwen30b,c,1,604476,tsvc_2_s2710,score,ok,1,240542,1.0,gcc
llr6-qwen30b-c-skills,qwen30b,c,1,604476,tsvc_2_s3111,score,ok,1,286749,2.9411764705882355,gcc
llr6-qwen30b-c-skills,qwen30b,c,1,604476,tsvc_2_vpvts,score,ok,1,300177,1.0,gcc
llr6-qwen30b-c-skills,qwen30b,c,1,604476,tsvc_2_s233,score,ok,1,305818,7.142857142857142,gcc
llr6-qwen30b-c-skills,qwen30b,c,1,604476,tsvc_2_s119,score,timeout,0,320701,0.0,gcc
llr6-qwen30b-c-skills,qwen30b,c,1,604476,tsvc_2_s319,score,ok,1,308659,1.0,gcc
llr6-qwen30b-c-skills,qwen30b,c,1,604476,tsvc_2_s152,score,ok,1,331795,1.0,gcc
llr6-qwen30b-c-skills,qwen30b,c,1,604476,ext_break_find_first,score,ok,1,438232,1.0,gcc
llr6-qwen30b-c-skills,qwen30b,c,1,604476,wf_north_west,score,ok,1,359737,1.0,gcc
llr6-qwen30b-c-skills,qwen30b,c,1,604476,tsvc_2_s3111,score,ok,1,345564,1.0,gcc
llr6-qwen30b-c-skills,qwen30b,c,1,604476,tsvc_2_s233,score,ok,1,381348,1.4285714285714286,gcc
llr6-qwen30b-c-skills,qwen30b,c,1,604476,tsvc_2_vpvts,score,ok,1,339238,1.0101010101010102,gcc
llr6-qwen30b-c-skills,qwen30b,c,1,604476,tsvc_2_s152,score,ok,1,395880,1.0,gcc
llr6-qwen30b-c-skills,qwen30b,c,1,604476,tsvc_2_s2710,score,ok,1,279850,1.0,gcc
llr6-qwen30b-c-skills,qwen30b,c,1,604476,tsvc_2_s119,score,ok,1,383249,1.0,gcc
llr6-qwen30b-c-skills,qwen30b,c,1,604476,ext_break_find_first,score,ok,1,497877,1.0,gcc
llr6-qwen30b-c-skills,qwen30b,c,1,604476,tsvc_2_s319,score,ok,1,392547,1.0,gcc
llr6-qwen30b-c-skills,qwen30b,c,1,604476,tsvc_2_vpvts,score,ok,1,423600,1.0,gcc
llr6-qwen30b-c-skills,qwen30b,c,1,604476,wf_north_west,score,timeout,0,470871,0.0,gcc
llr6-qwen30b-c-skills,qwen30b,c,1,604476,tsvc_2_s3111,score,ok,1,451836,2.857142857142857,gcc
llr6-qwen30b-c-skills,qwen30b,c,1,604476,tsvc_2_s233,score,incorrect,0,461717,1.0,gcc
llr6-qwen30b-c-skills,qwen30b,c,1,604476,tsvc_2_s2710,score,incorrect,0,343081,5.555555555555557,gcc
llr6-qwen30b-c-skills,qwen30b,c,1,604476,tsvc_2_s119,score,timeout,0,427517,0.0,gcc
llr6-qwen30b-c-skills,qwen30b,c,1,604476,ext_break_find_first,score,incorrect,0,654870,1.0,gcc
llr6-qwen30b-c-skills,qwen30b,c,1,604476,tsvc_2_s319,score,ok,1,532043,1.0,gcc
llr6-qwen30b-c-skills,qwen30b,c,1,604476,tsvc_2_s152,submit,ok,1,488263,1.0,gcc
llr6-qwen30b-c-skills,qwen30b,c,1,604476,tsvc_2_vpvts,score,timeout,0,541008,0.0,gcc
llr6-qwen30b-c-skills,qwen30b,c,1,604476,tsvc_2_s3111,submit,ok,1,474265,3.846153846153846,gcc
llr6-qwen30b-c-skills,qwen30b,c,1,604476,tsvc_2_s119,score,ok,1,474258,1.0,gcc
llr6-qwen30b-c-skills,qwen30b,c,1,604476,wf_north_west,score,ok,1,559287,1.0,gcc
llr6-qwen30b-c-skills,qwen30b,c,1,604476,ext_break_find_first,score,ok,1,721319,1.0,gcc
llr6-qwen30b-c-skills,qwen30b,c,1,604476,tsvc_2_s152,score,ok,1,562216,1.0,gcc
llr6-qwen30b-c-skills,qwen30b,c,1,604476,tsvc_2_s233,score,ok,1,608443,1.0989010989010988,gcc
llr6-qwen30b-c-skills,qwen30b,c,1,604476,tsvc_2_s319,score,ok,1,608412,1.0,gcc
llr6-qwen30b-c-skills,qwen30b,c,1,604476,tsvc_2_vpvts,score,ok,1,591262,1.0,gcc
llr6-qwen30b-c-skills,qwen30b,c,1,604476,tsvc_2_s2710,score,ok,1,484426,1.923076923076923,gcc
llr6-qwen30b-c-skills,qwen30b,c,1,604476,tsvc_2_s152,score,ok,1,613629,1.0,gcc
llr6-qwen30b-c-skills,qwen30b,c,1,604476,wf_north_west,score,ok,1,620881,1.0,gcc
llr6-qwen30b-c-skills,qwen30b,c,1,604476,tsvc_2_s119,score,ok,1,623507,1.0,gcc
llr6-qwen30b-c-skills,qwen30b,c,1,604476,ext_break_find_first,submit,ok,1,755248,1.0,gcc
llr6-qwen30b-c-skills,qwen30b,c,1,604476,tsvc_2_s233,score,ok,1,703453,1.0,gcc
llr6-qwen30b-c-skills,qwen30b,c,1,604476,tsvc_2_s2710,score,ok,1,562506,1.0526315789473684,gcc
llr6-qwen30b-c-skills,qwen30b,c,1,604476,tsvc_2_vpvts,submit,ok,1,616944,1.3157894736842106,gcc
llr6-qwen30b-c-skills,qwen30b,c,1,604476,tsvc_2_s152,submit,ok,1,639966,1.0,gcc
llr6-qwen30b-c-skills,qwen30b,c,1,604476,tsvc_2_s319,submit,ok,1,661897,1.0,gcc
llr6-qwen30b-c-skills,qwen30b,c,1,604476,ext_break_find_first,score,ok,1,824511,1.0752688172043012,gcc
llr6-qwen30b-c-skills,qwen30b,c,1,604476,wf_north_west,submit,score_error,0,684800,0.0,gcc
llr6-qwen30b-c-skills,qwen30b,c,1,604476,tsvc_2_s119,submit,ok,1,676751,1.0,gcc
llr6-qwen30b-c-skills,qwen30b,c,1,604476,tsvc_2_s233,submit,ok,1,735981,1.0,gcc
llr6-qwen30b-c-skills,qwen30b,c,1,604476,tsvc_2_vpvts,score,ok,1,669590,1.282051282051282,gcc
llr6-qwen30b-c-skills,qwen30b,c,1,604476,tsvc_2_s319,score,ok,1,717571,1.0,gcc
llr6-qwen30b-c-skills,qwen30b,c,1,604476,tsvc_2_s2710,submit,ok,1,589661,1.9607843137254901,gcc
llr6-qwen30b-c-skills,qwen30b,c,1,604476,tsvc_2_s152,submit,ok,1,776385,1.0,gcc
llr6-qwen30b-c-skills,qwen30b,c,1,604476,wf_north_west,score,ok,1,718651,1.0,gcc
llr6-qwen30b-c-skills,qwen30b,c,1,604476,tsvc_2_s233,score,ok,1,910598,1.4492753623188408,gcc
llr6-qwen30b-c-skills,qwen30b,c,1,604476,tsvc_2_s119,score,ok,1,819894,1.0101010101010102,gcc
llr6-qwen30b-c-skills,qwen30b,c,1,604476,ext_break_find_first,submit,ok,1,859714,1.0,gcc
llr6-qwen30b-c-skills,qwen30b,c,1,604476,wf_north_west,score,ok,1,822912,1.0,gcc
llr6-qwen30b-c-skills,qwen30b,c,1,604476,tsvc_2_vpvts,submit,ok,1,696517,1.0,gcc
llr6-qwen30b-c-skills,qwen30b,c,1,604476,tsvc_2_s152,submit,ok,1,833277,1.0,gcc
llr6-qwen30b-c-skills,qwen30b,c,1,604476,tsvc_2_s233,submit,ok,1,947096,1.3513513513513513,gcc
llr6-qwen30b-c-skills,qwen30b,c,1,604476,tsvc_2_s319,score,ok,1,836192,1.0,gcc
llr6-qwen30b-c-skills,qwen30b,c,1,604476,tsvc_2_s2710,score,ok,1,769392,2.0408163265306123,gcc
llr6-qwen30b-c-skills,qwen30b,c,1,604476,tsvc_2_s119,submit,ok,1,849795,1.0,gcc
llr6-qwen30b-c-skills,qwen30b,c,1,604476,wf_north_west,submit,score_error,0,858605,0.0,gcc
llr6-qwen30b-c-skills,qwen30b,c,1,604476,ext_break_find_first,submit,ok,1,967582,1.0,gcc
llr6-qwen30b-c-skills,qwen30b,c,1,604476,tsvc_2_s319,submit,ok,1,867273,1.0,gcc
llr6-qwen30b-c-skills,qwen30b,c,1,604476,tsvc_2_s119,score,ok,1,911101,1.0,gcc
llr6-qwen30b-c-skills,qwen30b,c,1,604476,tsvc_2_s2710,submit,ok,1,801441,2.127659574468085,gcc
llr6-qwen30b-c-skills,qwen30b,c,1,604476,wf_north_west,score,ok,1,895690,1.0,gcc
llr6-qwen30b-c-skills,qwen30b,c,1,604476,tsvc_2_vpvts,submit,ok,1,808329,1.0,gcc
llr6-qwen30b-c-skills,qwen30b,c,1,604476,tsvc_2_s2710,score,incorrect,0,867234,2.3255813953488373,gcc
llr6-qwen30b-c-skills,qwen30b,c,1,604476,tsvc_2_s119,submit,ok,1,942475,1.2048192771084338,gcc
llr6-qwen30b-c-skills,qwen30b,c,1,604476,tsvc_2_vpvts,score,ok,1,837706,3.0303030303030307,gcc
llr6-qwen30b-c-skills,qwen30b,c,1,604476,tsvc_2_s119,score,ok,1,1006653,3.7037037037037033,gcc
llr6-qwen30b-c-skills,qwen30b,c,1,604476,wf_north_west,score,ok,1,1049230,1.3333333333333333,gcc
llr6-qwen30b-c-skills,qwen30b,c,1,604476,tsvc_2_vpvts,submit,ok,1,898209,1.0,gcc
llr6-qwen30b-c-skills,qwen30b,c,1,604476,tsvc_2_s119,submit,ok,1,1039458,1.0,gcc
llr6-qwen30b-c-skills,qwen30b,c,1,604476,wf_north_west,submit,score_error,0,1089238,0.0,gcc
llr6-qwen30b-c-skills,qwen30b,c,1,604476,wf_north_west,score,ok,1,1130887,4.0,gcc
llr6-qwen30b-c-skills,qwen30b,c,1,604476,tsvc_2_s119,submit,ok,1,1139791,1.0,gcc
llr6-qwen30b-c-skills,qwen30b,c,1,604476,tsvc_2_vpvts,score,ok,1,1025896,3.0303030303030307,gcc
llr6-qwen30b-c-skills,qwen30b,c,1,604476,tsvc_2_vpvts,submit,ok,1,1059399,1.0,gcc
llr6-qwen30b-c-skills,qwen30b,c,1,604476,wf_north_west,score,ok,1,1392110,1.9607843137254901,gcc
llr6-qwen30b-c-skills,qwen30b,c,1,604476,tsvc_2_s119,submit,ok,1,1281182,1.0,gcc
llr6-qwen30b-c-skills,qwen30b,c,1,604476,wf_north_west,score,score_error,0,0,0.0,gcc
llr6-qwen30b-c-skills,qwen30b,c,1,604476,wf_north_west,score,timeout,0,0,0.0,gcc
llr6-qwen30b-c-skills,qwen30b,c,1,604476,tsvc_2_s319,score,ok,1,196557,1.0,gcc
llr6-qwen30b-c-skills,qwen30b,c,1,604476,tsvc_2_s3111,score,ok,1,287752,1.0,gcc
llr6-qwen30b-c-skills,qwen30b,c,1,604476,fuse_move_ifs,score,ok,1,237621,1.0,gcc
llr6-qwen30b-c-skills,qwen30b,c,1,604476,tsvc_2_s3111,score,ok,1,357277,3.7037037037037033,gcc
llr6-qwen30b-c-skills,qwen30b,c,1,604476,tsvc_2_s319,score,ok,1,306994,1.0,gcc
llr6-qwen30b-c-skills,qwen30b,c,1,604476,tsvc_2_s3111,score,ok,1,430300,1.8181818181818181,gcc
llr6-qwen30b-c-skills,qwen30b,c,1,604476,fuse_move_ifs,score,ok,1,296191,1.0,gcc
llr6-qwen30b-c-skills,qwen30b,c,1,604476,tsvc_2_s3111,score,ok,1,481006,3.7037037037037033,gcc
llr6-qwen30b-c-skills,qwen30b,c,1,604476,tsvc_2_s319,score,ok,1,368022,1.36986301369863,gcc
llr6-qwen30b-c-skills,qwen30b,c,1,604476,fuse_move_ifs,score,ok,1,358997,1.0,gcc
llr6-qwen30b-c-skills,qwen30b,c,1,604476,tsvc_2_s3111,score,ok,1,560528,3.4482758620689653,gcc
llr6-qwen30b-c-skills,qwen30b,c,1,604476,tsvc_2_s319,score,ok,1,432958,1.1904761904761905,gcc
llr6-qwen30b-c-skills,qwen30b,c,1,604476,tsvc_2_s3111,score,ok,1,587783,1.0,gcc
llr6-qwen30b-c-skills,qwen30b,c,1,604476,fuse_move_ifs,score,ok,1,426253,1.0,gcc
llr6-qwen30b-c-skills,qwen30b,c,1,604476,tsvc_2_s319,score,ok,1,501770,1.0,gcc
llr6-qwen30b-c-skills,qwen30b,c,1,604476,tsvc_2_s3111,submit,ok,1,615461,3.333333333333334,gcc
llr6-qwen30b-c-skills,qwen30b,c,1,604476,wf_north_west,score,incorrect,0,0,1.0,gcc
llr6-qwen30b-c-skills,qwen30b,c,1,604476,tsvc_2_s233,score,score_error,0,0,0.0,gcc
llr6-qwen30b-c-skills,qwen30b,c,1,604476,tsvc_2_s319,submit,ok,1,600871,1.0,gcc
llr6-qwen30b-c-skills,qwen30b,c,1,604476,fuse_move_ifs,score,ok,1,575873,1.0,gcc
llr6-qwen30b-c-skills,qwen30b,c,1,604476,tsvc_2_s319,score,ok,1,680369,1.1904761904761905,gcc
llr6-qwen30b-c-skills,qwen30b,c,1,604476,fuse_move_ifs,score,ok,1,743983,1.0,gcc
llr6-qwen30b-c-skills,qwen30b,c,1,604476,wf_north_west,submit,incorrect,0,0,1.0,gcc
llr6-qwen30b-c-skills,qwen30b,c,1,604476,fuse_move_ifs,submit,ok,1,773812,1.0,gcc
llr6-qwen30b-c-skills,qwen30b,c,1,604476,tsvc_2_s319,score,ok,1,854215,2.272727272727273,gcc
llr6-qwen30b-c-skills,qwen30b,c,1,604476,fuse_move_ifs,score,build_error,0,835095,0.0,gcc
llr6-qwen30b-c-skills,qwen30b,c,1,604476,tsvc_2_s319,submit,ok,1,884980,1.0,gcc
llr6-qwen30b-c-skills,qwen30b,c,1,604476,tsvc_2_s319,score,ok,1,948242,1.1494252873563218,gcc
llr6-qwen30b-c-skills,qwen30b,c,1,604476,fuse_move_ifs,submit,ok,1,899557,1.0,gcc
llr6-qwen30b-c-skills,qwen30b,c,1,604476,tsvc_2_s319,submit,ok,1,980741,1.4285714285714286,gcc
llr6-qwen30b-c-skills,qwen30b,c,1,604476,ext_break_post_body,score,ok,1,161214,1.0,gcc
llr6-qwen30b-c-skills,qwen30b,c,1,604476,fuse_stencil_through_transient,score,ok,1,197178,2.127659574468085,gcc
llr6-qwen30b-c-skills,qwen30b,c,1,604476,ext_break_post_body,score,incorrect,0,211759,1.0,gcc
llr6-qwen30b-c-skills,qwen30b,c,1,604476,tsvc_2_s235,score,ok,1,198710,1.0,gcc
llr6-qwen30b-c-skills,qwen30b,c,1,604476,tsvc_2_s2233,score,ok,1,280775,1.0204081632653061,gcc
llr6-qwen30b-c-skills,qwen30b,c,1,604476,ext_break_post_body,score,ok,1,247745,1.0,gcc
llr6-qwen30b-c-skills,qwen30b,c,1,604476,fuse_stencil_through_transient,score,ok,1,251667,4.347826086956522,gcc
llr6-qwen30b-c-skills,qwen30b,c,1,604476,tsvc_2_s235,score,ok,1,253071,1.7857142857142856,gcc
llr6-qwen30b-c-skills,qwen30b,c,1,604476,fuse_stencil_through_transient,score,ok,1,310659,8.333333333333334,gcc
llr6-qwen30b-c-skills,qwen30b,c,1,604476,tsvc_2_s235,score,ok,1,312276,20.00000000000003,gcc
llr6-qwen30b-c-skills,qwen30b,c,1,604476,ext_break_post_body,score,incorrect,0,389487,1.0,gcc
llr6-qwen30b-c-skills,qwen30b,c,1,604476,fuse_stencil_through_transient,submit,ok,1,331110,4.166666666666667,gcc
llr6-qwen30b-c-skills,qwen30b,c,1,604476,tsvc_2_s235,score,ok,1,376207,20.00000000000003,gcc
llr6-qwen30b-c-skills,qwen30b,c,1,604476,tsvc_2_s2233,score,ok,1,408388,1.0204081632653061,gcc
llr6-qwen30b-c-skills,qwen30b,c,1,604476,fuse_stencil_through_transient,score,ok,1,418045,8.333333333333334,gcc
llr6-qwen30b-c-skills,qwen30b,c,1,604476,tsvc_2_s235,score,ok,1,444842,1.0,gcc
llr6-qwen30b-c-skills,qwen30b,c,1,604476,ext_break_post_body,score,ok,1,434542,1.0,gcc
llr6-qwen30b-c-skills,qwen30b,c,1,604476,fuse_stencil_through_transient,submit,ok,1,440699,8.333333333333334,gcc
llr6-qwen30b-c-skills,qwen30b,c,1,604476,tsvc_2_s2233,score,ok,1,494242,1.0204081632653061,gcc
llr6-qwen30b-c-skills,qwen30b,c,1,604476,ext_break_post_body,score,incorrect,0,507101,1.0,gcc
llr6-qwen30b-c-skills,qwen30b,c,1,604476,tsvc_2_s235,submit,ok,1,493140,20.00000000000003,gcc
llr6-qwen30b-c-skills,qwen30b,c,1,604476,tsvc_2_s235,score,ok,1,518107,20.00000000000003,gcc
llr6-qwen30b-c-skills,qwen30b,c,1,604476,tsvc_2_s2233,score,ok,1,647377,1.0,gcc
llr6-qwen30b-c-skills,qwen30b,c,1,604476,ext_break_post_body,submit,ok,1,610676,1.0,gcc
llr6-qwen30b-c-skills,qwen30b,c,1,604476,tsvc_2_s235,submit,ok,1,703739,12.500000000000007,gcc
llr6-qwen30b-c-skills,qwen30b,c,1,604476,tsvc_2_s2233,score,ok,1,782993,1.0,gcc
llr6-qwen30b-c-skills,qwen30b,c,1,604476,ext_break_post_body,submit,ok,1,750056,1.0,gcc
llr6-qwen30b-c-skills,qwen30b,c,1,604476,tsvc_2_s235,submit,ok,1,965290,12.500000000000007,gcc
llr6-qwen30b-c-skills,qwen30b,c,1,604476,tsvc_2_s2233,submit,ok,1,818389,1.0,gcc
llr6-qwen30b-c-skills,qwen30b,c,1,604476,ext_break_post_body,submit,ok,1,1311545,1.0,gcc
llr6-qwen30b-c-skills,qwen30b,c,1,604476,tsvc_2_s2233,score,incorrect,0,1004861,1.2195121951219512,gcc
llr6-qwen30b-c-skills,qwen30b,c,1,604476,tsvc_2_s2233,score,ok,1,1250461,1.0,gcc
llr6-qwen30b-c-skills,qwen30b,c,1,604476,tsvc_2_s2233,score,incorrect,0,1381748,1.2195121951219512,gcc
llr6-qwen30b-c-skills,qwen30b,c,1,604476,tsvc_2_s2233,submit,incorrect,0,1426430,1.1764705882352942,gcc
llr6-qwen30b-c-skills,qwen30b,c,1,604476,tsvc_2_s2233,score,ok,1,1517546,1.0204081632653061,gcc
llr6-qwen30b-c-skills,qwen30b,c,1,604476,tsvc_2_s2233,submit,ok,1,1563898,1.0,gcc
