kernel,track,role,stem,path,corpus_path,sha256,bytes
argmax_value,loop_level_reasoning,manifest,argmax_value.yaml,kernels/loop_level_reasoning/argmax_value/argmax_value.yaml,loop_level_reasoning/argmax_value/argmax_value.yaml,eff553b0eb0f33b82cc6946d939e32bb2878bba035ea8538e748d072ea2a7364,430
argmax_value,loop_level_reasoning,numpy,argmax_value_numpy.py,kernels/loop_level_reasoning/argmax_value/argmax_value_numpy.py,loop_level_reasoning/argmax_value/argmax_value_numpy.py,e5774fc3340a91fa0d633703174060bac97cef2afe7e10aeff659a521f1fb3d7,504
argmax_with_index,loop_level_reasoning,manifest,argmax_with_index.yaml,kernels/loop_level_reasoning/argmax_with_index/argmax_with_index.yaml,loop_level_reasoning/argmax_with_index/argmax_with_index.yaml,53bb26969af04b7f8ec017d3c31bc1a739e5543363dac370e4ba372c46e3f7a6,559
argmax_with_index,loop_level_reasoning,numpy,argmax_with_index_numpy.py,kernels/loop_level_reasoning/argmax_with_index/argmax_with_index_numpy.py,loop_level_reasoning/argmax_with_index/argmax_with_index_numpy.py,8c34930caa167f1daeb2372a3c0f4be41071386890311984631ff451b39b1ed2,632
argmin_value,loop_level_reasoning,manifest,argmin_value.yaml,kernels/loop_level_reasoning/argmin_value/argmin_value.yaml,loop_level_reasoning/argmin_value/argmin_value.yaml,a9f5b3b8c2dff08979f1e975b88d49b6db554925954cbb38bf5ba348f6d285ab,430
argmin_value,loop_level_reasoning,numpy,argmin_value_numpy.py,kernels/loop_level_reasoning/argmin_value/argmin_value_numpy.py,loop_level_reasoning/argmin_value/argmin_value_numpy.py,20ce4da0310dc8aa230bc8b6a448ed0be5baee5dbe3045cc3df4a1d401950b9b,516
compact_threshold_pack,loop_level_reasoning,manifest,compact_threshold_pack.yaml,kernels/loop_level_reasoning/compact_threshold_pack/compact_threshold_pack.yaml,loop_level_reasoning/compact_threshold_pack/compact_threshold_pack.yaml,429eda509590eda46c8be392a33b2627017a4b03532b075f2ae8a7a1861a214c,1091
compact_threshold_pack,loop_level_reasoning,numpy,compact_threshold_pack_numpy.py,kernels/loop_level_reasoning/compact_threshold_pack/compact_threshold_pack_numpy.py,loop_level_reasoning/compact_threshold_pack/compact_threshold_pack_numpy.py,0c6e1635488f06d4bf90210365645d15a09bb12aad31a720b91f33047373428c,751
cond_reduce_sum,loop_level_reasoning,manifest,cond_reduce_sum.yaml,kernels/loop_level_reasoning/cond_reduce_sum/cond_reduce_sum.yaml,loop_level_reasoning/cond_reduce_sum/cond_reduce_sum.yaml,89cde2e466be201e1d533997855e766fccd264f595a09df18557649a5def40b5,433
cond_reduce_sum,loop_level_reasoning,numpy,cond_reduce_sum_numpy.py,kernels/loop_level_reasoning/cond_reduce_sum/cond_reduce_sum_numpy.py,loop_level_reasoning/cond_reduce_sum/cond_reduce_sum_numpy.py,597b8684bfb429506f0dfc14979cdb0e13b8bacbcf92531edeea67130f72c071,506
cond_reduce_sym,loop_level_reasoning,manifest,cond_reduce_sym.yaml,kernels/loop_level_reasoning/cond_reduce_sym/cond_reduce_sym.yaml,loop_level_reasoning/cond_reduce_sym/cond_reduce_sym.yaml,8143dc784fa32a40bbef67817da304840bcb8b1813262c17e1af9a228c7c0f3f,477
cond_reduce_sym,loop_level_reasoning,numpy,cond_reduce_sym_numpy.py,kernels/loop_level_reasoning/cond_reduce_sym/cond_reduce_sym_numpy.py,loop_level_reasoning/cond_reduce_sym/cond_reduce_sym_numpy.py,2fe57ae752dc1097d1aef8d04700093d1ab00c84c50b12d395ad7478808c8809,563
config_select_branch,loop_level_reasoning,manifest,config_select_branch.yaml,kernels/loop_level_reasoning/config_select_branch/config_select_branch.yaml,loop_level_reasoning/config_select_branch/config_select_branch.yaml,4b6a46e5b3b05b929720f4b86206c64948de2880239d6ae6ea208bc79a3f1775,530
config_select_branch,loop_level_reasoning,numpy,config_select_branch_numpy.py,kernels/loop_level_reasoning/config_select_branch/config_select_branch_numpy.py,loop_level_reasoning/config_select_branch/config_select_branch_numpy.py,9974e34d0c8fee8251c88b4bf10a6f3e076a38ae2d0d437fac73f0b0b3b6603c,623
disjoint_halves_gather,loop_level_reasoning,manifest,disjoint_halves_gather.yaml,kernels/loop_level_reasoning/disjoint_halves_gather/disjoint_halves_gather.yaml,loop_level_reasoning/disjoint_halves_gather/disjoint_halves_gather.yaml,864caec9289544c96cd6aa7229ba2ae97d2832fe4297eab5b158c063396a2275,441
disjoint_halves_gather,loop_level_reasoning,numpy,disjoint_halves_gather_numpy.py,kernels/loop_level_reasoning/disjoint_halves_gather/disjoint_halves_gather_numpy.py,loop_level_reasoning/disjoint_halves_gather/disjoint_halves_gather_numpy.py,04b4138e5400f625a7812a1efe42360aefe251a1ebad984813dc29c94e536e83,358
ecrad_clamped_reduction,loop_level_reasoning,manifest,ecrad_clamped_reduction.yaml,kernels/loop_level_reasoning/ecrad_clamped_reduction/ecrad_clamped_reduction.yaml,loop_level_reasoning/ecrad_clamped_reduction/ecrad_clamped_reduction.yaml,d8f847c38a119b6d7997603d4285c391737b98caa4bf2166aca4a25e2f9e46a2,476
ecrad_clamped_reduction,loop_level_reasoning,numpy,ecrad_clamped_reduction_numpy.py,kernels/loop_level_reasoning/ecrad_clamped_reduction/ecrad_clamped_reduction_numpy.py,loop_level_reasoning/ecrad_clamped_reduction/ecrad_clamped_reduction_numpy.py,4b774ca54a77f7587c811b1be7b2087b11f070ff69531eaa62ed2681d3a82a86,1112
ext_break_capture,loop_level_reasoning,manifest,ext_break_capture.yaml,kernels/loop_level_reasoning/ext_break_capture/ext_break_capture.yaml,loop_level_reasoning/ext_break_capture/ext_break_capture.yaml,6bbc49d870a4ace997fa0058fccf46e852bfcba7c30a4d7bc741193ad03fb4ff,660
ext_break_capture,loop_level_reasoning,numpy,ext_break_capture_numpy.py,kernels/loop_level_reasoning/ext_break_capture/ext_break_capture_numpy.py,loop_level_reasoning/ext_break_capture/ext_break_capture_numpy.py,a18716d7b42d5042872924e7fdc6ee7fcac2396d1feeccfa9da22ffecf9e99f4,683
ext_break_find_first,loop_level_reasoning,manifest,ext_break_find_first.yaml,kernels/loop_level_reasoning/ext_break_find_first/ext_break_find_first.yaml,loop_level_reasoning/ext_break_find_first/ext_break_find_first.yaml,a7c56671a54d63222c105d3c741ed46a79bb6d0922d7b3eef1e24c4c4acceeff,520
ext_break_find_first,loop_level_reasoning,numpy,ext_break_find_first_numpy.py,kernels/loop_level_reasoning/ext_break_find_first/ext_break_find_first_numpy.py,loop_level_reasoning/ext_break_find_first/ext_break_find_first_numpy.py,9a5e35b57ff6077fa14ce782724ab850bc4032ab0b9be5975bcd5c9c918d33a2,610
ext_break_post_body,loop_level_reasoning,manifest,ext_break_post_body.yaml,kernels/loop_level_reasoning/ext_break_post_body/ext_break_post_body.yaml,loop_level_reasoning/ext_break_post_body/ext_break_post_body.yaml,98c4bff5a8f47ceb727a48cdf6661ce5818101586a5e2a4c427e577d0eba2a71,503
ext_break_post_body,loop_level_reasoning,numpy,ext_break_post_body_numpy.py,kernels/loop_level_reasoning/ext_break_post_body/ext_break_post_body_numpy.py,loop_level_reasoning/ext_break_post_body/ext_break_post_body_numpy.py,1bab9596c4d0df9f5167b785c80515a1f2e31403e19f0e512aa16d12b0ac3411,591
ext_floordiv_offset,loop_level_reasoning,manifest,ext_floordiv_offset.yaml,kernels/loop_level_reasoning/ext_floordiv_offset/ext_floordiv_offset.yaml,loop_level_reasoning/ext_floordiv_offset/ext_floordiv_offset.yaml,223c623ec186d3ac89721fcb3e086a63ac34b9b183a582007c938be150d60de5,438
ext_floordiv_offset,loop_level_reasoning,numpy,ext_floordiv_offset_numpy.py,kernels/loop_level_reasoning/ext_floordiv_offset/ext_floordiv_offset_numpy.py,loop_level_reasoning/ext_floordiv_offset/ext_floordiv_offset_numpy.py,2a81cd5acb6732d21520964995a8a819a63a58e25e55ae46fbf1eaeb5e30b607,520
ext_floordiv_offset_m,loop_level_reasoning,manifest,ext_floordiv_offset_m.yaml,kernels/loop_level_reasoning/ext_floordiv_offset_m/ext_floordiv_offset_m.yaml,loop_level_reasoning/ext_floordiv_offset_m/ext_floordiv_offset_m.yaml,63813b7128b7d6042ea27efd80f4286d399099b0b330954b0eb4a4efac092ff9,476
ext_floordiv_offset_m,loop_level_reasoning,numpy,ext_floordiv_offset_m_numpy.py,kernels/loop_level_reasoning/ext_floordiv_offset_m/ext_floordiv_offset_m_numpy.py,loop_level_reasoning/ext_floordiv_offset_m/ext_floordiv_offset_m_numpy.py,fd9c172ed9603b05c4c817fb895202a8a89082ea8ac2b87fffe5e66cb4896134,525
ext_gather_load,loop_level_reasoning,manifest,ext_gather_load.yaml,kernels/loop_level_reasoning/ext_gather_load/ext_gather_load.yaml,loop_level_reasoning/ext_gather_load/ext_gather_load.yaml,e3ea913a805dcacfbf36ab05693c1545526e174d57e9e48a069be3945d0b49ba,587
ext_gather_load,loop_level_reasoning,numpy,ext_gather_load_numpy.py,kernels/loop_level_reasoning/ext_gather_load/ext_gather_load_numpy.py,loop_level_reasoning/ext_gather_load/ext_gather_load_numpy.py,2d9f40d0d4c04b422fefbfd7c98b6b0e1bc6a71c73d6bb724f436e8b41922b24,498
ext_modular_wrap,loop_level_reasoning,manifest,ext_modular_wrap.yaml,kernels/loop_level_reasoning/ext_modular_wrap/ext_modular_wrap.yaml,loop_level_reasoning/ext_modular_wrap/ext_modular_wrap.yaml,29e80c517644448d7e7d3522cddd892e1d1090990b508d038e6f67c74dd5c50a,461
ext_modular_wrap,loop_level_reasoning,numpy,ext_modular_wrap_numpy.py,kernels/loop_level_reasoning/ext_modular_wrap/ext_modular_wrap_numpy.py,loop_level_reasoning/ext_modular_wrap/ext_modular_wrap_numpy.py,ea03b37791248ce1fbc6577c47ef3f0370f38ce64d0f8c0ddb945b569c03cf8a,485
ext_peel_multi_back,loop_level_reasoning,manifest,ext_peel_multi_back.yaml,kernels/loop_level_reasoning/ext_peel_multi_back/ext_peel_multi_back.yaml,loop_level_reasoning/ext_peel_multi_back/ext_peel_multi_back.yaml,ee112cb614ff8197bdc9dae0dba72c76878f546ba967b71b4e1ad79f655c7631,437
ext_peel_multi_back,loop_level_reasoning,numpy,ext_peel_multi_back_numpy.py,kernels/loop_level_reasoning/ext_peel_multi_back/ext_peel_multi_back_numpy.py,loop_level_reasoning/ext_peel_multi_back/ext_peel_multi_back_numpy.py,6b43b9074177b2538d15f17ca6dd4c0a2751d8b69927acf99c4a46cc228716a9,674
ext_scatter_store,loop_level_reasoning,manifest,ext_scatter_store.yaml,kernels/loop_level_reasoning/ext_scatter_store/ext_scatter_store.yaml,loop_level_reasoning/ext_scatter_store/ext_scatter_store.yaml,9a0d5b81aaeacf3c15f2a9bb6f4d971a2b44eb1bb483f3d7ef85c8e8cd2127d8,589
ext_scatter_store,loop_level_reasoning,numpy,ext_scatter_store_numpy.py,kernels/loop_level_reasoning/ext_scatter_store/ext_scatter_store_numpy.py,loop_level_reasoning/ext_scatter_store/ext_scatter_store_numpy.py,684473f59a28c2552fbaedd38032ec3e456ee41c7b2574f9dbae2390c5cb8e79,502
ext_strided_load_2,loop_level_reasoning,manifest,ext_strided_load_2.yaml,kernels/loop_level_reasoning/ext_strided_load_2/ext_strided_load_2.yaml,loop_level_reasoning/ext_strided_load_2/ext_strided_load_2.yaml,80a274257322cb9b3b0ad899340f88193aad2cc7e8ffb1b7b8686b066d47ec33,513
ext_strided_load_2,loop_level_reasoning,numpy,ext_strided_load_2_numpy.py,kernels/loop_level_reasoning/ext_strided_load_2/ext_strided_load_2_numpy.py,loop_level_reasoning/ext_strided_load_2/ext_strided_load_2_numpy.py,f357387b217037dbfc41f22d5a78aac9c2da0062dd4221d4fa46f4108b5fa192,620
ext_strided_load_ssym,loop_level_reasoning,manifest,ext_strided_load_ssym.yaml,kernels/loop_level_reasoning/ext_strided_load_ssym/ext_strided_load_ssym.yaml,loop_level_reasoning/ext_strided_load_ssym/ext_strided_load_ssym.yaml,412279bbac9f2be5579697cb18690d1aa1b8570891336ea144b0189f1920e302,734
ext_strided_load_ssym,loop_level_reasoning,numpy,ext_strided_load_ssym_numpy.py,kernels/loop_level_reasoning/ext_strided_load_ssym/ext_strided_load_ssym_numpy.py,loop_level_reasoning/ext_strided_load_ssym/ext_strided_load_ssym_numpy.py,1451a1a1d481639900d5273e1b075a2450c8ce5627fe9304a01cfe293d11ab73,538
ext_strided_store_2,loop_level_reasoning,manifest,ext_strided_store_2.yaml,kernels/loop_level_reasoning/ext_strided_store_2/ext_strided_store_2.yaml,loop_level_reasoning/ext_strided_store_2/ext_strided_store_2.yaml,34c9207113c604fef3f76667e11a8d8556a8320afb5f1e116bc80df9cc60ce44,513
ext_strided_store_2,loop_level_reasoning,numpy,ext_strided_store_2_numpy.py,kernels/loop_level_reasoning/ext_strided_store_2/ext_strided_store_2_numpy.py,loop_level_reasoning/ext_strided_store_2/ext_strided_store_2_numpy.py,58db00bb83f447b9612d142dc7c0df1299664f3484cf433be4a3c6bd00e93385,515
ext_strided_store_ssym,loop_level_reasoning,manifest,ext_strided_store_ssym.yaml,kernels/loop_level_reasoning/ext_strided_store_ssym/ext_strided_store_ssym.yaml,loop_level_reasoning/ext_strided_store_ssym/ext_strided_store_ssym.yaml,5c8f32fb409be328163def1400066d7e91387e6bf7296b41e132543172cd3a81,735
ext_strided_store_ssym,loop_level_reasoning,numpy,ext_strided_store_ssym_numpy.py,kernels/loop_level_reasoning/ext_strided_store_ssym/ext_strided_store_ssym_numpy.py,loop_level_reasoning/ext_strided_store_ssym/ext_strided_store_ssym_numpy.py,9ea1da9a4b672e13eeb39bd02d810b049387acf0ed13e67813edea33ea50c4ea,509
ext_tile_2d_sym,loop_level_reasoning,manifest,ext_tile_2d_sym.yaml,kernels/loop_level_reasoning/ext_tile_2d_sym/ext_tile_2d_sym.yaml,loop_level_reasoning/ext_tile_2d_sym/ext_tile_2d_sym.yaml,6df919e52b969a39a158b82a0425eae690c0ee71fcd56e560ca2af5a7965afb9,776
ext_tile_2d_sym,loop_level_reasoning,numpy,ext_tile_2d_sym_numpy.py,kernels/loop_level_reasoning/ext_tile_2d_sym/ext_tile_2d_sym_numpy.py,loop_level_reasoning/ext_tile_2d_sym/ext_tile_2d_sym_numpy.py,4a81231baf6d58cff7b36b3a5b1d77a6d0ff68ee62e31422355259d952df7c9c,620
ext_war_unit,loop_level_reasoning,manifest,ext_war_unit.yaml,kernels/loop_level_reasoning/ext_war_unit/ext_war_unit.yaml,loop_level_reasoning/ext_war_unit/ext_war_unit.yaml,1a018b5e2935ab0a9337d5d1a08e4030c32c7d1d18e208b7699e495a497f1aa7,454
ext_war_unit,loop_level_reasoning,numpy,ext_war_unit_numpy.py,kernels/loop_level_reasoning/ext_war_unit/ext_war_unit_numpy.py,loop_level_reasoning/ext_war_unit/ext_war_unit_numpy.py,69d3351634bb427bd7a3a5fd7f123993cb88dd814ceac515e62401f5f57bffd9,597
fission_dep_const_offset,loop_level_reasoning,manifest,fission_dep_const_offset.yaml,kernels/loop_level_reasoning/fission_dep_const_offset/fission_dep_const_offset.yaml,loop_level_reasoning/fission_dep_const_offset/fission_dep_const_offset.yaml,f7e0eec30323fd3dd837e97eb51a1fc4167f4329fa5effecfdac63b02b43a1fb,496
fission_dep_const_offset,loop_level_reasoning,numpy,fission_dep_const_offset_numpy.py,kernels/loop_level_reasoning/fission_dep_const_offset/fission_dep_const_offset_numpy.py,loop_level_reasoning/fission_dep_const_offset/fission_dep_const_offset_numpy.py,5edd035a1170ad9e9de58b270e5dd976ebf31d258fbb43fc5597af6e32e9413b,633
fission_dep_sym_offset,loop_level_reasoning,manifest,fission_dep_sym_offset.yaml,kernels/loop_level_reasoning/fission_dep_sym_offset/fission_dep_sym_offset.yaml,loop_level_reasoning/fission_dep_sym_offset/fission_dep_sym_offset.yaml,029f87c2fd588976407f80e31ed4a9a4996c8047aab56e88f781087a3c40cb04,543
fission_dep_sym_offset,loop_level_reasoning,numpy,fission_dep_sym_offset_numpy.py,kernels/loop_level_reasoning/fission_dep_sym_offset/fission_dep_sym_offset_numpy.py,loop_level_reasoning/fission_dep_sym_offset/fission_dep_sym_offset_numpy.py,115c54bda328398bc8cabd7b433e2d023db31a7b79f1fa74d3cfef86f9e44bf7,603
fission_dep_then_indep,loop_level_reasoning,manifest,fission_dep_then_indep.yaml,kernels/loop_level_reasoning/fission_dep_then_indep/fission_dep_then_indep.yaml,loop_level_reasoning/fission_dep_then_indep/fission_dep_then_indep.yaml,a4d6af70f28c7e7258ef866082ab4a65287d4910600c48220d58a64f209627a7,477
fission_dep_then_indep,loop_level_reasoning,numpy,fission_dep_then_indep_numpy.py,kernels/loop_level_reasoning/fission_dep_then_indep/fission_dep_then_indep_numpy.py,loop_level_reasoning/fission_dep_then_indep/fission_dep_then_indep_numpy.py,a9ba017c19a25db8b3058fee1ca77168fb85015ddfc27ef434ce06c87a9a8470,594
fission_gather_2body,loop_level_reasoning,manifest,fission_gather_2body.yaml,kernels/loop_level_reasoning/fission_gather_2body/fission_gather_2body.yaml,loop_level_reasoning/fission_gather_2body/fission_gather_2body.yaml,783880a34f2d0697349e89eb6b9232a899a3a2fd3fbb6925691cbb8d7ffff19f,549
fission_gather_2body,loop_level_reasoning,numpy,fission_gather_2body_numpy.py,kernels/loop_level_reasoning/fission_gather_2body/fission_gather_2body_numpy.py,loop_level_reasoning/fission_gather_2body/fission_gather_2body_numpy.py,882c22ec3912dffe0698599433129f4ba7e514e0e2d339316fc3f28a23cc5ca7,597
fission_indep_2body,loop_level_reasoning,manifest,fission_indep_2body.yaml,kernels/loop_level_reasoning/fission_indep_2body/fission_indep_2body.yaml,loop_level_reasoning/fission_indep_2body/fission_indep_2body.yaml,9eb32e69007c1acd2c66ce9bf70084eb9a05b80c85cc05bd031c29168c0d0f2a,491
fission_indep_2body,loop_level_reasoning,numpy,fission_indep_2body_numpy.py,kernels/loop_level_reasoning/fission_indep_2body/fission_indep_2body_numpy.py,loop_level_reasoning/fission_indep_2body/fission_indep_2body_numpy.py,6cd52475d7943c45c15320557e4ff5bf1cf3d7c1cbfd89830042431bd2bdd4a6,554
fission_scatter_2body,loop_level_reasoning,manifest,fission_scatter_2body.yaml,kernels/loop_level_reasoning/fission_scatter_2body/fission_scatter_2body.yaml,loop_level_reasoning/fission_scatter_2body/fission_scatter_2body.yaml,5343d37db366a07c30a647c10a91648d8cae8eae762daaa1a74b9d999f6eb8dc,550
fission_scatter_2body,loop_level_reasoning,numpy,fission_scatter_2body_numpy.py,kernels/loop_level_reasoning/fission_scatter_2body/fission_scatter_2body_numpy.py,loop_level_reasoning/fission_scatter_2body/fission_scatter_2body_numpy.py,5b4d291d2c6fdffcb8dceb17cb4e466ea38b09218c1c88458c94941fcb76956a,620
fuse_diamond,loop_level_reasoning,manifest,fuse_diamond.yaml,kernels/loop_level_reasoning/fuse_diamond/fuse_diamond.yaml,loop_level_reasoning/fuse_diamond/fuse_diamond.yaml,97b5c3c671f3b513f3a3540ae5528ec85fcc37380c9a0de4ba5759795eaa4ca8,458
fuse_diamond,loop_level_reasoning,numpy,fuse_diamond_numpy.py,kernels/loop_level_reasoning/fuse_diamond/fuse_diamond_numpy.py,loop_level_reasoning/fuse_diamond/fuse_diamond_numpy.py,aa7b250968e641e2cc01a6f58d93296d5868e81132fad2198eafe30a6789edbb,838
fuse_move_ifs,loop_level_reasoning,manifest,fuse_move_ifs.yaml,kernels/loop_level_reasoning/fuse_move_ifs/fuse_move_ifs.yaml,loop_level_reasoning/fuse_move_ifs/fuse_move_ifs.yaml,87c7a53c3f2aa43211883d438cd861750c62c8b94881ef9b00d0469e6d7e828d,556
fuse_move_ifs,loop_level_reasoning,numpy,fuse_move_ifs_numpy.py,kernels/loop_level_reasoning/fuse_move_ifs/fuse_move_ifs_numpy.py,loop_level_reasoning/fuse_move_ifs/fuse_move_ifs_numpy.py,38bcc3e3e33ab30fe9dc1bfbe40fe26e35a9ccc2be1a9a55c2bc99e01a05ec68,759
fuse_stencil_through_transient,loop_level_reasoning,manifest,fuse_stencil_through_transient.yaml,kernels/loop_level_reasoning/fuse_stencil_through_transient/fuse_stencil_through_transient.yaml,loop_level_reasoning/fuse_stencil_through_transient/fuse_stencil_through_transient.yaml,3924a2c899185a5712b47bb6c99c95212e437aa2a38c7d9c558c1ac28a9b696c,476
fuse_stencil_through_transient,loop_level_reasoning,numpy,fuse_stencil_through_transient_numpy.py,kernels/loop_level_reasoning/fuse_stencil_through_transient/fuse_stencil_through_transient_numpy.py,loop_level_reasoning/fuse_stencil_through_transient/fuse_stencil_through_transient_numpy.py,18807d7cfd1082f279b3b10286e4e0d3309f96d16f07f72191b9c72eb4f6b71e,665
halo_broadcast,loop_level_reasoning,manifest,halo_broadcast.yaml,kernels/loop_level_reasoning/halo_broadcast/halo_broadcast.yaml,loop_level_reasoning/halo_broadcast/halo_broadcast.yaml,8bc6c369c406dc571f1cffcb237f5545033a2ffd83b3ec2f8a178a8b742b2098,463
halo_broadcast,loop_level_reasoning,numpy,halo_broadcast_numpy.py,kernels/loop_level_reasoning/halo_broadcast/halo_broadcast_numpy.py,loop_level_reasoning/halo_broadcast/halo_broadcast_numpy.py,05f5eec2d8b2ad9f3fa3143ba69d41afac0763442d8304d5703a395464c69191,332
heat3d_tiled_const,loop_level_reasoning,manifest,heat3d_tiled_const.yaml,kernels/loop_level_reasoning/heat3d_tiled_const/heat3d_tiled_const.yaml,loop_level_reasoning/heat3d_tiled_const/heat3d_tiled_const.yaml,01199ad5f7a8c496e64231e4c89bfabbd628314ffa01d4dbd29a9b68fb9d8097,444
heat3d_tiled_const,loop_level_reasoning,numpy,heat3d_tiled_const_numpy.py,kernels/loop_level_reasoning/heat3d_tiled_const/heat3d_tiled_const_numpy.py,loop_level_reasoning/heat3d_tiled_const/heat3d_tiled_const_numpy.py,7867a75a193e7b395ffd88424ebcee03232033873cbb6e2a19cb08984afd49ed,1155
heat3d_tiled_sym,loop_level_reasoning,manifest,heat3d_tiled_sym.yaml,kernels/loop_level_reasoning/heat3d_tiled_sym/heat3d_tiled_sym.yaml,loop_level_reasoning/heat3d_tiled_sym/heat3d_tiled_sym.yaml,914e2be85fc810697961199d99ccbf902c89a6e19a57849c5db128c11479aefe,478
heat3d_tiled_sym,loop_level_reasoning,numpy,heat3d_tiled_sym_numpy.py,kernels/loop_level_reasoning/heat3d_tiled_sym/heat3d_tiled_sym_numpy.py,loop_level_reasoning/heat3d_tiled_sym/heat3d_tiled_sym_numpy.py,1a48f96412495819369c66bc8a595917ac8135f96e844ff85ac06ab0f1e900ee,1158
indirect_gather_3nbr,loop_level_reasoning,manifest,indirect_gather_3nbr.yaml,kernels/loop_level_reasoning/indirect_gather_3nbr/indirect_gather_3nbr.yaml,loop_level_reasoning/indirect_gather_3nbr/indirect_gather_3nbr.yaml,c2c5d2d513379160c9c186bfd79d1f6ca6cdd6cf7212ea06f084f372d663b968,513
indirect_gather_3nbr,loop_level_reasoning,numpy,indirect_gather_3nbr_numpy.py,kernels/loop_level_reasoning/indirect_gather_3nbr/indirect_gather_3nbr_numpy.py,loop_level_reasoning/indirect_gather_3nbr/indirect_gather_3nbr_numpy.py,62f1549b68cd265e83c2bc0612b4f7057ea5fba64c2bffe4e9651135d4bec45d,368
jacobi2d_double_tiled_const,loop_level_reasoning,manifest,jacobi2d_double_tiled_const.yaml,kernels/loop_level_reasoning/jacobi2d_double_tiled_const/jacobi2d_double_tiled_const.yaml,loop_level_reasoning/jacobi2d_double_tiled_const/jacobi2d_double_tiled_const.yaml,3998f22a34cc79b5837aedea0e4eede0bee170812aa1e3717392914065dd513f,446
jacobi2d_double_tiled_const,loop_level_reasoning,numpy,jacobi2d_double_tiled_const_numpy.py,kernels/loop_level_reasoning/jacobi2d_double_tiled_const/jacobi2d_double_tiled_const_numpy.py,loop_level_reasoning/jacobi2d_double_tiled_const/jacobi2d_double_tiled_const_numpy.py,8e6490e5996f40218e0c7211a9479b6c24cf9029026e7e8af926306bd43a2d79,934
jacobi2d_double_tiled_sym,loop_level_reasoning,manifest,jacobi2d_double_tiled_sym.yaml,kernels/loop_level_reasoning/jacobi2d_double_tiled_sym/jacobi2d_double_tiled_sym.yaml,loop_level_reasoning/jacobi2d_double_tiled_sym/jacobi2d_double_tiled_sym.yaml,27d30011fd4b8a7386cd29172e4ceeed2aa11ca9c4b32a128f4fd2293df88269,528
jacobi2d_double_tiled_sym,loop_level_reasoning,numpy,jacobi2d_double_tiled_sym_numpy.py,kernels/loop_level_reasoning/jacobi2d_double_tiled_sym/jacobi2d_double_tiled_sym_numpy.py,loop_level_reasoning/jacobi2d_double_tiled_sym/jacobi2d_double_tiled_sym_numpy.py,45947a888838ce107e1a90a8e540cc900fc33e6d9909dc5aa7565f4a3ad1b27e,887
jacobi2d_tiled_const,loop_level_reasoning,manifest,jacobi2d_tiled_const.yaml,kernels/loop_level_reasoning/jacobi2d_tiled_const/jacobi2d_tiled_const.yaml,loop_level_reasoning/jacobi2d_tiled_const/jacobi2d_tiled_const.yaml,bce18bf453a37f8a46c537c9e535f5aacc7e7d520e9fe0f72057d9e3f37d7d16,439
jacobi2d_tiled_const,loop_level_reasoning,numpy,jacobi2d_tiled_const_numpy.py,kernels/loop_level_reasoning/jacobi2d_tiled_const/jacobi2d_tiled_const_numpy.py,loop_level_reasoning/jacobi2d_tiled_const/jacobi2d_tiled_const_numpy.py,5552e8a4b440384721f913007d4de39ee802af65c62d6fa2a2b4869b7aa52668,822
jacobi2d_tiled_sym,loop_level_reasoning,manifest,jacobi2d_tiled_sym.yaml,kernels/loop_level_reasoning/jacobi2d_tiled_sym/jacobi2d_tiled_sym.yaml,loop_level_reasoning/jacobi2d_tiled_sym/jacobi2d_tiled_sym.yaml,51a4c98a4c86fd52658877020cefd2231f52eb218b82c580d40c57a6e0ff905e,477
jacobi2d_tiled_sym,loop_level_reasoning,numpy,jacobi2d_tiled_sym_numpy.py,kernels/loop_level_reasoning/jacobi2d_tiled_sym/jacobi2d_tiled_sym_numpy.py,loop_level_reasoning/jacobi2d_tiled_sym/jacobi2d_tiled_sym_numpy.py,6eab916b32021e9914f4fc0edee5bb8f3a185d7b7c7b4b8343e0b61a4fe6ae0d,722
jacobi_2d_tile_2lvl_too_big,loop_level_reasoning,manifest,jacobi_2d_tile_2lvl_too_big.yaml,kernels/loop_level_reasoning/jacobi_2d_tile_2lvl_too_big/jacobi_2d_tile_2lvl_too_big.yaml,loop_level_reasoning/jacobi_2d_tile_2lvl_too_big/jacobi_2d_tile_2lvl_too_big.yaml,67abbceb93c9bdf3e1e634999bcc0d72d115cb131b0d2ae051b70d4ac9d30c14,481
jacobi_2d_tile_2lvl_too_big,loop_level_reasoning,numpy,jacobi_2d_tile_2lvl_too_big_numpy.py,kernels/loop_level_reasoning/jacobi_2d_tile_2lvl_too_big/jacobi_2d_tile_2lvl_too_big_numpy.py,loop_level_reasoning/jacobi_2d_tile_2lvl_too_big/jacobi_2d_tile_2lvl_too_big_numpy.py,e6ecb207404321a538833964b22b735b3511a31416109bb70029d352e7500bb1,889
jacobi_2d_tile_4lvl_silly,loop_level_reasoning,manifest,jacobi_2d_tile_4lvl_silly.yaml,kernels/loop_level_reasoning/jacobi_2d_tile_4lvl_silly/jacobi_2d_tile_4lvl_silly.yaml,loop_level_reasoning/jacobi_2d_tile_4lvl_silly/jacobi_2d_tile_4lvl_silly.yaml,7a1bc6d33fcd735eed8fcc2c04d60d3cb7d01daaf37474a31f37ad0c59db2008,787
jacobi_2d_tile_4lvl_silly,loop_level_reasoning,numpy,jacobi_2d_tile_4lvl_silly_numpy.py,kernels/loop_level_reasoning/jacobi_2d_tile_4lvl_silly/jacobi_2d_tile_4lvl_silly_numpy.py,loop_level_reasoning/jacobi_2d_tile_4lvl_silly/jacobi_2d_tile_4lvl_silly_numpy.py,4a8fbe8999dd68290c9a9167ef0766c374a1145fc31873a5cbb8f344a717b8b4,1977
jacobi_2d_tile_swapped_dims,loop_level_reasoning,manifest,jacobi_2d_tile_swapped_dims.yaml,kernels/loop_level_reasoning/jacobi_2d_tile_swapped_dims/jacobi_2d_tile_swapped_dims.yaml,loop_level_reasoning/jacobi_2d_tile_swapped_dims/jacobi_2d_tile_swapped_dims.yaml,53be1c162c48b34f59abaffe460bae61081381135481fd3537371901777860c6,481
jacobi_2d_tile_swapped_dims,loop_level_reasoning,numpy,jacobi_2d_tile_swapped_dims_numpy.py,kernels/loop_level_reasoning/jacobi_2d_tile_swapped_dims/jacobi_2d_tile_swapped_dims_numpy.py,loop_level_reasoning/jacobi_2d_tile_swapped_dims/jacobi_2d_tile_swapped_dims_numpy.py,87ed6500dbf52db5dad9230bf185f48194a6524bb868c4d2947c517b30c12ca9,746
jacobi_2d_tile_w7,loop_level_reasoning,manifest,jacobi_2d_tile_w7.yaml,kernels/loop_level_reasoning/jacobi_2d_tile_w7/jacobi_2d_tile_w7.yaml,loop_level_reasoning/jacobi_2d_tile_w7/jacobi_2d_tile_w7.yaml,08ea4ffe29be8f2ffc352d17565d0f9d85f45974024a156a84de81f1dea3b4f8,471
jacobi_2d_tile_w7,loop_level_reasoning,numpy,jacobi_2d_tile_w7_numpy.py,kernels/loop_level_reasoning/jacobi_2d_tile_w7/jacobi_2d_tile_w7_numpy.py,loop_level_reasoning/jacobi_2d_tile_w7/jacobi_2d_tile_w7_numpy.py,ab1473fc6eb9c8fd4b9fcc08a428b5fb592034f6e27c817122bd30b71ded07c5,900
loop_to_map_disjoint_strided,loop_level_reasoning,manifest,loop_to_map_disjoint_strided.yaml,kernels/loop_level_reasoning/loop_to_map_disjoint_strided/loop_to_map_disjoint_strided.yaml,loop_level_reasoning/loop_to_map_disjoint_strided/loop_to_map_disjoint_strided.yaml,6d842a25d5837a051818f97bdb2600adc1cb461bd16f7d13efc216c190a894a6,449
loop_to_map_disjoint_strided,loop_level_reasoning,numpy,loop_to_map_disjoint_strided_numpy.py,kernels/loop_level_reasoning/loop_to_map_disjoint_strided/loop_to_map_disjoint_strided_numpy.py,loop_level_reasoning/loop_to_map_disjoint_strided/loop_to_map_disjoint_strided_numpy.py,0adc32ef33ee960c1a9d72ae19101b1d01b3d7ce947c97af9ab765096df7a6a4,560
loop_to_map_overlap_seq,loop_level_reasoning,manifest,loop_to_map_overlap_seq.yaml,kernels/loop_level_reasoning/loop_to_map_overlap_seq/loop_to_map_overlap_seq.yaml,loop_level_reasoning/loop_to_map_overlap_seq/loop_to_map_overlap_seq.yaml,7058125d3c94606908a3a23d5b5c96db0ae5037d994c606fb10c38ec2e0d7b27,442
loop_to_map_overlap_seq,loop_level_reasoning,numpy,loop_to_map_overlap_seq_numpy.py,kernels/loop_level_reasoning/loop_to_map_overlap_seq/loop_to_map_overlap_seq_numpy.py,loop_level_reasoning/loop_to_map_overlap_seq/loop_to_map_overlap_seq_numpy.py,c590df64a9c4bb5a7bb43a58d4aead6c035da5eb863e8b6e474cfdcdee567a61,575
loop_to_map_threshold_gather,loop_level_reasoning,manifest,loop_to_map_threshold_gather.yaml,kernels/loop_level_reasoning/loop_to_map_threshold_gather/loop_to_map_threshold_gather.yaml,loop_level_reasoning/loop_to_map_threshold_gather/loop_to_map_threshold_gather.yaml,d513b7843557569df1865481f45f4246b9d2bd0b0df3f0f2fe6220e3434b3231,569
loop_to_map_threshold_gather,loop_level_reasoning,numpy,loop_to_map_threshold_gather_numpy.py,kernels/loop_level_reasoning/loop_to_map_threshold_gather/loop_to_map_threshold_gather_numpy.py,loop_level_reasoning/loop_to_map_threshold_gather/loop_to_map_threshold_gather_numpy.py,fe643ef9fcddaa7df2561768c0d023c67dc468d0a1eff79c5a920e0edfe8dbd1,765
masked_store_const,loop_level_reasoning,manifest,masked_store_const.yaml,kernels/loop_level_reasoning/masked_store_const/masked_store_const.yaml,loop_level_reasoning/masked_store_const/masked_store_const.yaml,8f4709c4327fb07c205d18a73778817529ebad89301f7d570d1b1bfcd4394428,488
masked_store_const,loop_level_reasoning,numpy,masked_store_const_numpy.py,kernels/loop_level_reasoning/masked_store_const/masked_store_const_numpy.py,loop_level_reasoning/masked_store_const/masked_store_const_numpy.py,fdbad61533306044dd71ea299a8bc2fd584c33f26c4afa8725747f2eff18a9d1,601
masked_store_sym,loop_level_reasoning,manifest,masked_store_sym.yaml,kernels/loop_level_reasoning/masked_store_sym/masked_store_sym.yaml,loop_level_reasoning/masked_store_sym/masked_store_sym.yaml,3b83680c321f11c3c5fbfc03fcaa194660b2b5214e669fa34df9236979e162b8,518
masked_store_sym,loop_level_reasoning,numpy,masked_store_sym_numpy.py,kernels/loop_level_reasoning/masked_store_sym/masked_store_sym_numpy.py,loop_level_reasoning/masked_store_sym/masked_store_sym_numpy.py,accad056eae8a89d7d9552fb47e8c129305887c0759a39ff59b1241a3ab00ee5,599
mat_scaled_add,loop_level_reasoning,manifest,mat_scaled_add.yaml,kernels/loop_level_reasoning/mat_scaled_add/mat_scaled_add.yaml,loop_level_reasoning/mat_scaled_add/mat_scaled_add.yaml,f1cc6de2db404dc0e6adba24e4e93312b6605d4d5ab5ba52e2ecc6a308b22e51,1330
mat_scaled_add,loop_level_reasoning,numpy,mat_scaled_add_numpy.py,kernels/loop_level_reasoning/mat_scaled_add/mat_scaled_add_numpy.py,loop_level_reasoning/mat_scaled_add/mat_scaled_add_numpy.py,780060a4ecc4296e6a62c7ba338b5a23e0c9d1f6249842b3fe9bf8cb162df78f,339
move_if_data_dep_nest,loop_level_reasoning,manifest,move_if_data_dep_nest.yaml,kernels/loop_level_reasoning/move_if_data_dep_nest/move_if_data_dep_nest.yaml,loop_level_reasoning/move_if_data_dep_nest/move_if_data_dep_nest.yaml,db7fb6863fad9945acbc02becdcf55485c45f6c860abac480321e7bdda1f8f98,465
move_if_data_dep_nest,loop_level_reasoning,numpy,move_if_data_dep_nest_numpy.py,kernels/loop_level_reasoning/move_if_data_dep_nest/move_if_data_dep_nest_numpy.py,loop_level_reasoning/move_if_data_dep_nest/move_if_data_dep_nest_numpy.py,0df3fea5afb1aefca94c6ab7b009fe6fdb5bb842401e40ef29192c070111a693,654
neg_stride_rev,loop_level_reasoning,manifest,neg_stride_rev.yaml,kernels/loop_level_reasoning/neg_stride_rev/neg_stride_rev.yaml,loop_level_reasoning/neg_stride_rev/neg_stride_rev.yaml,f8bd60fcf6b786aa476b3d888ab84d071c006d3d471026e1273025563014d0b4,432
neg_stride_rev,loop_level_reasoning,numpy,neg_stride_rev_numpy.py,kernels/loop_level_reasoning/neg_stride_rev/neg_stride_rev_numpy.py,loop_level_reasoning/neg_stride_rev/neg_stride_rev_numpy.py,e5bd1a757ec6a829cd4d593a5119ff3399e40c047f20faf65241a83bde2bec27,712
quasi_affine_floor_div_scatter,loop_level_reasoning,manifest,quasi_affine_floor_div_scatter.yaml,kernels/loop_level_reasoning/quasi_affine_floor_div_scatter/quasi_affine_floor_div_scatter.yaml,loop_level_reasoning/quasi_affine_floor_div_scatter/quasi_affine_floor_div_scatter.yaml,5a455d01ba7fbea00304d6e7871a4f864008b84a1d8c8aa62f1708e27bd0b995,452
quasi_affine_floor_div_scatter,loop_level_reasoning,numpy,quasi_affine_floor_div_scatter_numpy.py,kernels/loop_level_reasoning/quasi_affine_floor_div_scatter/quasi_affine_floor_div_scatter_numpy.py,loop_level_reasoning/quasi_affine_floor_div_scatter/quasi_affine_floor_div_scatter_numpy.py,36f706c3c6a0017c3ca9b31a0c58b4bf52f3877b606f9ee65836dc352d2ab84f,565
quasi_affine_mod_k_stripe,loop_level_reasoning,manifest,quasi_affine_mod_k_stripe.yaml,kernels/loop_level_reasoning/quasi_affine_mod_k_stripe/quasi_affine_mod_k_stripe.yaml,loop_level_reasoning/quasi_affine_mod_k_stripe/quasi_affine_mod_k_stripe.yaml,cb47cf4212b92cc79f878dc4b3175658603ea124ce967e08903e420be2779b84,534
quasi_affine_mod_k_stripe,loop_level_reasoning,numpy,quasi_affine_mod_k_stripe_numpy.py,kernels/loop_level_reasoning/quasi_affine_mod_k_stripe/quasi_affine_mod_k_stripe_numpy.py,loop_level_reasoning/quasi_affine_mod_k_stripe/quasi_affine_mod_k_stripe_numpy.py,ae316ffe3bcb114f61f2f82ad709cb45a0797600fe2d6c135af4fad9fe8aedb7,617
quasi_affine_pairwise_sum,loop_level_reasoning,manifest,quasi_affine_pairwise_sum.yaml,kernels/loop_level_reasoning/quasi_affine_pairwise_sum/quasi_affine_pairwise_sum.yaml,loop_level_reasoning/quasi_affine_pairwise_sum/quasi_affine_pairwise_sum.yaml,2ce97dfdc3c7ca570a79a0dd1ec4019ad828fb19b9b87e3b4dcda24e65a58f09,447
quasi_affine_pairwise_sum,loop_level_reasoning,numpy,quasi_affine_pairwise_sum_numpy.py,kernels/loop_level_reasoning/quasi_affine_pairwise_sum/quasi_affine_pairwise_sum_numpy.py,loop_level_reasoning/quasi_affine_pairwise_sum/quasi_affine_pairwise_sum_numpy.py,5632367a59d001c478b6629c29927aa44b5b9ae0bfabe45fc819934f028bb287,524
quasi_affine_reduce_even,loop_level_reasoning,manifest,quasi_affine_reduce_even.yaml,kernels/loop_level_reasoning/quasi_affine_reduce_even/quasi_affine_reduce_even.yaml,loop_level_reasoning/quasi_affine_reduce_even/quasi_affine_reduce_even.yaml,15fc07e100ed1979e0676e116d00efe8e1e8d56767669db255b08fc1af27c120,442
quasi_affine_reduce_even,loop_level_reasoning,numpy,quasi_affine_reduce_even_numpy.py,kernels/loop_level_reasoning/quasi_affine_reduce_even/quasi_affine_reduce_even_numpy.py,loop_level_reasoning/quasi_affine_reduce_even/quasi_affine_reduce_even_numpy.py,e2cb16140fe6f23bba52cf8f6deb092d4154132d5ca868764b10ea0e338a88dc,539
quasi_affine_reduce_odd,loop_level_reasoning,manifest,quasi_affine_reduce_odd.yaml,kernels/loop_level_reasoning/quasi_affine_reduce_odd/quasi_affine_reduce_odd.yaml,loop_level_reasoning/quasi_affine_reduce_odd/quasi_affine_reduce_odd.yaml,970b2f72dad72a5ccee821d1d47ab40de5b61a3a24c2cd55475cbcde5d5a2543,465
quasi_affine_reduce_odd,loop_level_reasoning,numpy,quasi_affine_reduce_odd_numpy.py,kernels/loop_level_reasoning/quasi_affine_reduce_odd/quasi_affine_reduce_odd_numpy.py,loop_level_reasoning/quasi_affine_reduce_odd/quasi_affine_reduce_odd_numpy.py,081d2046b6689fbd3a3f225a866a8c9e9af7e0de015a1a6d46c22f7daae71c31,565
reduce_inner_carry,loop_level_reasoning,manifest,reduce_inner_carry.yaml,kernels/loop_level_reasoning/reduce_inner_carry/reduce_inner_carry.yaml,loop_level_reasoning/reduce_inner_carry/reduce_inner_carry.yaml,efd06a7cd8ce1f8678db469dbe71539987d818fac5f08d7392880a3ff952e12d,434
reduce_inner_carry,loop_level_reasoning,numpy,reduce_inner_carry_numpy.py,kernels/loop_level_reasoning/reduce_inner_carry/reduce_inner_carry_numpy.py,loop_level_reasoning/reduce_inner_carry/reduce_inner_carry_numpy.py,a8fb06427448583592fbe46ef9df1ceaab338823d1d00c3886981cfd2b96a11a,608
reroll_gather,loop_level_reasoning,manifest,reroll_gather.yaml,kernels/loop_level_reasoning/reroll_gather/reroll_gather.yaml,loop_level_reasoning/reroll_gather/reroll_gather.yaml,5b52561bca0030274bef9ee20d2fdd13974da9fd26cf934b6c02756c58defffa,498
reroll_gather,loop_level_reasoning,numpy,reroll_gather_numpy.py,kernels/loop_level_reasoning/reroll_gather/reroll_gather_numpy.py,loop_level_reasoning/reroll_gather/reroll_gather_numpy.py,da3170c51d864855a8e9c47a9535194db676aaa8e67c07047d735a2ace816566,834
reroll_saxpy7,loop_level_reasoning,manifest,reroll_saxpy7.yaml,kernels/loop_level_reasoning/reroll_saxpy7/reroll_saxpy7.yaml,loop_level_reasoning/reroll_saxpy7/reroll_saxpy7.yaml,0ec65144f13f30ae41734c716e58ce125e64d5250e5b7fbc9e1967bc9b3231d7,424
reroll_saxpy7,loop_level_reasoning,numpy,reroll_saxpy7_numpy.py,kernels/loop_level_reasoning/reroll_saxpy7/reroll_saxpy7_numpy.py,loop_level_reasoning/reroll_saxpy7/reroll_saxpy7_numpy.py,631bbffa0fcc535b43f85359bac0ec7ff6590fa242d8419af19d30f0adc92c0d,736
s121_sym_k,loop_level_reasoning,manifest,s121_sym_k.yaml,kernels/loop_level_reasoning/s121_sym_k/s121_sym_k.yaml,loop_level_reasoning/s121_sym_k/s121_sym_k.yaml,2f2c34314017e20844f20b85f802d0e56610af364e8dc9679c84e250d80bdc41,484
s121_sym_k,loop_level_reasoning,numpy,s121_sym_k_numpy.py,kernels/loop_level_reasoning/s121_sym_k/s121_sym_k_numpy.py,loop_level_reasoning/s121_sym_k/s121_sym_k_numpy.py,a147275c95c1fb28b2924993dc92c82db46438932e83ff733dc49f04ec8b2145,850
s353_2d_row_unroll_K,loop_level_reasoning,manifest,s353_2d_row_unroll_K.yaml,kernels/loop_level_reasoning/s353_2d_row_unroll_K/s353_2d_row_unroll_K.yaml,loop_level_reasoning/s353_2d_row_unroll_K/s353_2d_row_unroll_K.yaml,f306bf4abfc658ba9a025114eab65741dd925572d724007bd6ca26eb45235fa9,485
s353_2d_row_unroll_K,loop_level_reasoning,numpy,s353_2d_row_unroll_K_numpy.py,kernels/loop_level_reasoning/s353_2d_row_unroll_K/s353_2d_row_unroll_K_numpy.py,loop_level_reasoning/s353_2d_row_unroll_K/s353_2d_row_unroll_K_numpy.py,2e92851d94b0aa5c20472a007957315301524417505f3f0ec451b15726334fc3,892
s353_gather_reduction_unroll,loop_level_reasoning,manifest,s353_gather_reduction_unroll.yaml,kernels/loop_level_reasoning/s353_gather_reduction_unroll/s353_gather_reduction_unroll.yaml,loop_level_reasoning/s353_gather_reduction_unroll/s353_gather_reduction_unroll.yaml,1f40f720c494e19762fd4543205e116d040e8a79f9e0d665b7842d46db245c4c,501
s353_gather_reduction_unroll,loop_level_reasoning,numpy,s353_gather_reduction_unroll_numpy.py,kernels/loop_level_reasoning/s353_gather_reduction_unroll/s353_gather_reduction_unroll_numpy.py,loop_level_reasoning/s353_gather_reduction_unroll/s353_gather_reduction_unroll_numpy.py,568f913bf6f22ca65455dbf19485a763367c0249fbb48bfe5967bb409453c1bc,605
s353_gather_unroll_17,loop_level_reasoning,manifest,s353_gather_unroll_17.yaml,kernels/loop_level_reasoning/s353_gather_unroll_17/s353_gather_unroll_17.yaml,loop_level_reasoning/s353_gather_unroll_17/s353_gather_unroll_17.yaml,a076704a2a03f4c6214885228274cc8b05cb83c2c40aafb44e59a28e5faa5e9a,494
s353_gather_unroll_17,loop_level_reasoning,numpy,s353_gather_unroll_17_numpy.py,kernels/loop_level_reasoning/s353_gather_unroll_17/s353_gather_unroll_17_numpy.py,loop_level_reasoning/s353_gather_unroll_17/s353_gather_unroll_17_numpy.py,a3dce8e25a0d7801d7660da9ee2c52ec7aad626f6d5337a1f613171882f18fa8,1023
s353_scatter_unroll_17,loop_level_reasoning,manifest,s353_scatter_unroll_17.yaml,kernels/loop_level_reasoning/s353_scatter_unroll_17/s353_scatter_unroll_17.yaml,loop_level_reasoning/s353_scatter_unroll_17/s353_scatter_unroll_17.yaml,8974f4e3478bcc69ade54ba3933e38559337ded6a7e4fb8059985190669535c0,495
s353_scatter_unroll_17,loop_level_reasoning,numpy,s353_scatter_unroll_17_numpy.py,kernels/loop_level_reasoning/s353_scatter_unroll_17/s353_scatter_unroll_17_numpy.py,loop_level_reasoning/s353_scatter_unroll_17/s353_scatter_unroll_17_numpy.py,3486434329cad2474dc373145eba82a4967cfd13a4503f414a10e8849e4ac3c2,1057
s4113_ssym,loop_level_reasoning,manifest,s4113_ssym.yaml,kernels/loop_level_reasoning/s4113_ssym/s4113_ssym.yaml,loop_level_reasoning/s4113_ssym/s4113_ssym.yaml,c63cbfcd8ee3fa13377f41cf35c0ad9777881c4bc83673317ac407f723be2745,565
s4113_ssym,loop_level_reasoning,numpy,s4113_ssym_numpy.py,kernels/loop_level_reasoning/s4113_ssym/s4113_ssym_numpy.py,loop_level_reasoning/s4113_ssym/s4113_ssym_numpy.py,ad1f58c74763f9a9e501e1c38df65d0e1d213ce1841f3cfdd060ba2302dc77d4,575
safety_column_stencil,loop_level_reasoning,manifest,safety_column_stencil.yaml,kernels/loop_level_reasoning/safety_column_stencil/safety_column_stencil.yaml,loop_level_reasoning/safety_column_stencil/safety_column_stencil.yaml,083c68976e4bd5eb3df9ad763c463eafb7a8a1c6da849ba01a99d78f04091fe1,454
safety_column_stencil,loop_level_reasoning,numpy,safety_column_stencil_numpy.py,kernels/loop_level_reasoning/safety_column_stencil/safety_column_stencil_numpy.py,loop_level_reasoning/safety_column_stencil/safety_column_stencil_numpy.py,dc88a68839d542902e84736a1bd400053f95a08b3464a513d7f91b5ee0a97e7d,367
safety_map_of_scans,loop_level_reasoning,manifest,safety_map_of_scans.yaml,kernels/loop_level_reasoning/safety_map_of_scans/safety_map_of_scans.yaml,loop_level_reasoning/safety_map_of_scans/safety_map_of_scans.yaml,a57f76ee29beb48f15a31992fc063e502448dd063c523b17cec6eac656fb43f2,453
safety_map_of_scans,loop_level_reasoning,numpy,safety_map_of_scans_numpy.py,kernels/loop_level_reasoning/safety_map_of_scans/safety_map_of_scans_numpy.py,loop_level_reasoning/safety_map_of_scans/safety_map_of_scans_numpy.py,e11d9890e2cd5d2fdcfc0f4b40d49acad94521752703b52512016745a59dab64,361
scaled_add,loop_level_reasoning,manifest,scaled_add.yaml,kernels/loop_level_reasoning/scaled_add/scaled_add.yaml,loop_level_reasoning/scaled_add/scaled_add.yaml,122f09fac4931e4123b3db48d2084e114fbd38091248ca254ef2d961b17f55be,873
scaled_add,loop_level_reasoning,numpy,scaled_add_numpy.py,kernels/loop_level_reasoning/scaled_add/scaled_add_numpy.py,loop_level_reasoning/scaled_add/scaled_add_numpy.py,893da619c5e5d8f9e80c6ec4408768e488dab03597f17ac520965181c28e080d,298
scan_affine_decay,loop_level_reasoning,manifest,scan_affine_decay.yaml,kernels/loop_level_reasoning/scan_affine_decay/scan_affine_decay.yaml,loop_level_reasoning/scan_affine_decay/scan_affine_decay.yaml,7f07937f6c600d807d68961902cf3405593708efcb518420deab2663dcdba068,943
scan_affine_decay,loop_level_reasoning,numpy,scan_affine_decay_numpy.py,kernels/loop_level_reasoning/scan_affine_decay/scan_affine_decay_numpy.py,loop_level_reasoning/scan_affine_decay/scan_affine_decay_numpy.py,18197d651b6a0e7487bfcf69252e23e0283ed82e89fc9d58a25b8f32c952c79e,658
scan_conditional,loop_level_reasoning,manifest,scan_conditional.yaml,kernels/loop_level_reasoning/scan_conditional/scan_conditional.yaml,loop_level_reasoning/scan_conditional/scan_conditional.yaml,5c0d9863645034d1e789da4d1c55995962730863575918a4f3b8a11927e36caa,494
scan_conditional,loop_level_reasoning,numpy,scan_conditional_numpy.py,kernels/loop_level_reasoning/scan_conditional/scan_conditional_numpy.py,loop_level_reasoning/scan_conditional/scan_conditional_numpy.py,d9fe3d441c528af2258d28fe702af27cc5307d4e9f7f96b6fa1d6d02b61ea992,634
scan_multi_5carry,loop_level_reasoning,manifest,scan_multi_5carry.yaml,kernels/loop_level_reasoning/scan_multi_5carry/scan_multi_5carry.yaml,loop_level_reasoning/scan_multi_5carry/scan_multi_5carry.yaml,d103560dcc28ab3e0bdbc5b6daa83e147c786c44240e4512dc821b5d33e7699c,443
scan_multi_5carry,loop_level_reasoning,numpy,scan_multi_5carry_numpy.py,kernels/loop_level_reasoning/scan_multi_5carry/scan_multi_5carry_numpy.py,loop_level_reasoning/scan_multi_5carry/scan_multi_5carry_numpy.py,e8b4c665d2431ee5f7d2506ad3e586d5e246e0f813d06bd8c23d9c77ef1185dc,733
scan_multi_carry,loop_level_reasoning,manifest,scan_multi_carry.yaml,kernels/loop_level_reasoning/scan_multi_carry/scan_multi_carry.yaml,loop_level_reasoning/scan_multi_carry/scan_multi_carry.yaml,31820ba6933078aeba45b007660bbb342969537ef0d53dc6ebbaf719acb55f29,471
scan_multi_carry,loop_level_reasoning,numpy,scan_multi_carry_numpy.py,kernels/loop_level_reasoning/scan_multi_carry/scan_multi_carry_numpy.py,loop_level_reasoning/scan_multi_carry/scan_multi_carry_numpy.py,e98bfc17be565d4f519e74ca90470165d38ea710bb3c3c3fb49f1a63d9a60525,589
scan_strided_2,loop_level_reasoning,manifest,scan_strided_2.yaml,kernels/loop_level_reasoning/scan_strided_2/scan_strided_2.yaml,loop_level_reasoning/scan_strided_2/scan_strided_2.yaml,aa58f66ce90dd6d59cf3b7773cba2177a54fa253127ee0ab6f920151939d002c,432
scan_strided_2,loop_level_reasoning,numpy,scan_strided_2_numpy.py,kernels/loop_level_reasoning/scan_strided_2/scan_strided_2_numpy.py,loop_level_reasoning/scan_strided_2/scan_strided_2_numpy.py,e2f5be4e4c73430b0c7b95c3e706576b583fdb1a970b4dba84f87c3c090d4125,465
scan_strided_sym,loop_level_reasoning,manifest,scan_strided_sym.yaml,kernels/loop_level_reasoning/scan_strided_sym/scan_strided_sym.yaml,loop_level_reasoning/scan_strided_sym/scan_strided_sym.yaml,bcd8bc0a0d1288c119fdd8492435fd53ec6697e1d5aff2180f5fa72f60932776,490
scan_strided_sym,loop_level_reasoning,numpy,scan_strided_sym_numpy.py,kernels/loop_level_reasoning/scan_strided_sym/scan_strided_sym_numpy.py,loop_level_reasoning/scan_strided_sym/scan_strided_sym_numpy.py,146cfbdec441a49448ab416270ac090e84e1a322ca0ff6b4161abacdfb298f78,479
scatter_accum_dup,loop_level_reasoning,manifest,scatter_accum_dup.yaml,kernels/loop_level_reasoning/scatter_accum_dup/scatter_accum_dup.yaml,loop_level_reasoning/scatter_accum_dup/scatter_accum_dup.yaml,3f2cc95d49c79be3ae91f0e55257e4df0a87a3b2c79ccf60554d769c7c27df5a,1121
scatter_accum_dup,loop_level_reasoning,numpy,scatter_accum_dup_numpy.py,kernels/loop_level_reasoning/scatter_accum_dup/scatter_accum_dup_numpy.py,loop_level_reasoning/scatter_accum_dup/scatter_accum_dup_numpy.py,ddf2e7d31c21ef30741197a4c898bc42bcf6f34dd2659d63ace13850fbce0831,639
segment_reduce_ragged,loop_level_reasoning,manifest,segment_reduce_ragged.yaml,kernels/loop_level_reasoning/segment_reduce_ragged/segment_reduce_ragged.yaml,loop_level_reasoning/segment_reduce_ragged/segment_reduce_ragged.yaml,ed30f8860123a71a834b7edc48866719285de41a7d2526e276c398ade3a029aa,1252
segment_reduce_ragged,loop_level_reasoning,numpy,segment_reduce_ragged_numpy.py,kernels/loop_level_reasoning/segment_reduce_ragged/segment_reduce_ragged_numpy.py,loop_level_reasoning/segment_reduce_ragged/segment_reduce_ragged_numpy.py,bf037f503f49feba28cbfd3bf078b04e5260019320fd74445f28e6d70bbb082e,671
thomas_solve,loop_level_reasoning,manifest,thomas_solve.yaml,kernels/loop_level_reasoning/thomas_solve/thomas_solve.yaml,loop_level_reasoning/thomas_solve/thomas_solve.yaml,01389380d02784993b67f45e91b81e69eb48c4508159ea5f2dd1213c2de3586c,488
thomas_solve,loop_level_reasoning,numpy,thomas_solve_numpy.py,kernels/loop_level_reasoning/thomas_solve/thomas_solve_numpy.py,loop_level_reasoning/thomas_solve/thomas_solve_numpy.py,20db79ed6885eae5d10ea14e54c3052fc811e5371630614fb3577451e836d54a,791
tsvc_2_s000,loop_level_reasoning,manifest,tsvc_2_s000.yaml,kernels/loop_level_reasoning/tsvc_2_s000/tsvc_2_s000.yaml,loop_level_reasoning/tsvc_2_s000/tsvc_2_s000.yaml,a6594ed955bdc3625d35a9246cedd80ae7783d607bb7e4909920c6fab94170e5,904
tsvc_2_s000,loop_level_reasoning,numpy,tsvc_2_s000_numpy.py,kernels/loop_level_reasoning/tsvc_2_s000/tsvc_2_s000_numpy.py,loop_level_reasoning/tsvc_2_s000/tsvc_2_s000_numpy.py,9341612254d3f847c32b614672f8342383e3cc34facb0c255ef8cc4f8cfa961d,378
tsvc_2_s111,loop_level_reasoning,manifest,tsvc_2_s111.yaml,kernels/loop_level_reasoning/tsvc_2_s111/tsvc_2_s111.yaml,loop_level_reasoning/tsvc_2_s111/tsvc_2_s111.yaml,37d4691ed98fe00ec01e594a245f7fff5aabd1742466a1cc20aa3bf8bb35f938,1041
tsvc_2_s111,loop_level_reasoning,numpy,tsvc_2_s111_numpy.py,kernels/loop_level_reasoning/tsvc_2_s111/tsvc_2_s111_numpy.py,loop_level_reasoning/tsvc_2_s111/tsvc_2_s111_numpy.py,b5f9766ceaf7f7a10b103d10233c3ccb2f0221552a693870ca9fc19b7c411e97,389
tsvc_2_s1111,loop_level_reasoning,manifest,tsvc_2_s1111.yaml,kernels/loop_level_reasoning/tsvc_2_s1111/tsvc_2_s1111.yaml,loop_level_reasoning/tsvc_2_s1111/tsvc_2_s1111.yaml,bf7697453bd409220e73742ea393ca4c78c6186c6cd1fb592d657676ee538702,1082
tsvc_2_s1111,loop_level_reasoning,numpy,tsvc_2_s1111_numpy.py,kernels/loop_level_reasoning/tsvc_2_s1111/tsvc_2_s1111_numpy.py,loop_level_reasoning/tsvc_2_s1111/tsvc_2_s1111_numpy.py,8acc9f43050e6e48d080413e7809aa27189b8ec558557c94c4dc74da57c2e9df,481
tsvc_2_s1112,loop_level_reasoning,manifest,tsvc_2_s1112.yaml,kernels/loop_level_reasoning/tsvc_2_s1112/tsvc_2_s1112.yaml,loop_level_reasoning/tsvc_2_s1112/tsvc_2_s1112.yaml,824d5210c2b3743697a2e60d59a1c3c1c45fde7ddb991d9e5eca1c8d1e0c5b52,960
tsvc_2_s1112,loop_level_reasoning,numpy,tsvc_2_s1112_numpy.py,kernels/loop_level_reasoning/tsvc_2_s1112/tsvc_2_s1112_numpy.py,loop_level_reasoning/tsvc_2_s1112/tsvc_2_s1112_numpy.py,d9ffb3cd0a90e556096b3909d8fd5ac9ec15ea006843372d94ddbdc0f83409ef,392
tsvc_2_s1113,loop_level_reasoning,manifest,tsvc_2_s1113.yaml,kernels/loop_level_reasoning/tsvc_2_s1113/tsvc_2_s1113.yaml,loop_level_reasoning/tsvc_2_s1113/tsvc_2_s1113.yaml,48c3fa06a5aa9d2ce9880f6049e3ad3cdb249f2fd08bd9c5ad3f1fadcdf52b3b,1013
tsvc_2_s1113,loop_level_reasoning,numpy,tsvc_2_s1113_numpy.py,kernels/loop_level_reasoning/tsvc_2_s1113/tsvc_2_s1113_numpy.py,loop_level_reasoning/tsvc_2_s1113/tsvc_2_s1113_numpy.py,9c913fe33e3dc14d9f6045f8ee5ad35ac5bb9d1e8e699b437e3ef7560b61aff1,391
tsvc_2_s1115,loop_level_reasoning,manifest,tsvc_2_s1115.yaml,kernels/loop_level_reasoning/tsvc_2_s1115/tsvc_2_s1115.yaml,loop_level_reasoning/tsvc_2_s1115/tsvc_2_s1115.yaml,f494e39f83800cfe7ed4bc5c3b4a474e88eb1ae79f7b3ff450e6fa5938664a7a,994
tsvc_2_s1115,loop_level_reasoning,numpy,tsvc_2_s1115_numpy.py,kernels/loop_level_reasoning/tsvc_2_s1115/tsvc_2_s1115_numpy.py,loop_level_reasoning/tsvc_2_s1115/tsvc_2_s1115_numpy.py,4a9235c19233e0abfb1780aa987deab94cd238cfb9d502e0a2ce97b64b345172,480
tsvc_2_s1119,loop_level_reasoning,manifest,tsvc_2_s1119.yaml,kernels/loop_level_reasoning/tsvc_2_s1119/tsvc_2_s1119.yaml,loop_level_reasoning/tsvc_2_s1119/tsvc_2_s1119.yaml,f51bcfda51342a82f7dc77236843370dfa51cdb06169239ec124d5a916b5693d,983
tsvc_2_s1119,loop_level_reasoning,numpy,tsvc_2_s1119_numpy.py,kernels/loop_level_reasoning/tsvc_2_s1119/tsvc_2_s1119_numpy.py,loop_level_reasoning/tsvc_2_s1119/tsvc_2_s1119_numpy.py,f2ffb242e468b3baf2c3e936f60a6fd4c81e05292eb4b211ddc67a3a3cd7dc9c,452
tsvc_2_s112,loop_level_reasoning,manifest,tsvc_2_s112.yaml,kernels/loop_level_reasoning/tsvc_2_s112/tsvc_2_s112.yaml,loop_level_reasoning/tsvc_2_s112/tsvc_2_s112.yaml,0f682533700027cf0c3ff1c1517f925526ff39d682a3888a3dc487fac6febd4f,990
tsvc_2_s112,loop_level_reasoning,numpy,tsvc_2_s112_numpy.py,kernels/loop_level_reasoning/tsvc_2_s112/tsvc_2_s112_numpy.py,loop_level_reasoning/tsvc_2_s112/tsvc_2_s112_numpy.py,72bfb3ab8865b21d484d6a8d1c5b3ddafb50ddc7dd8a64130f2a472e4572c6c3,395
tsvc_2_s113,loop_level_reasoning,manifest,tsvc_2_s113.yaml,kernels/loop_level_reasoning/tsvc_2_s113/tsvc_2_s113.yaml,loop_level_reasoning/tsvc_2_s113/tsvc_2_s113.yaml,cb675ba637c5f0f86cf956e78ac285ec5a9cd579ff18cc06f58021498209ffae,988
tsvc_2_s113,loop_level_reasoning,numpy,tsvc_2_s113_numpy.py,kernels/loop_level_reasoning/tsvc_2_s113/tsvc_2_s113_numpy.py,loop_level_reasoning/tsvc_2_s113/tsvc_2_s113_numpy.py,ea5593a15525007174ee6ed6b62809c4ec6ee1bcfa7d93f1f1a0f989c82584c2,382
tsvc_2_s114,loop_level_reasoning,manifest,tsvc_2_s114.yaml,kernels/loop_level_reasoning/tsvc_2_s114/tsvc_2_s114.yaml,loop_level_reasoning/tsvc_2_s114/tsvc_2_s114.yaml,c7cd9d866d470abdda6da3d67743bbc6c841b36858d23dbd1ff5892019ebf679,1124
tsvc_2_s114,loop_level_reasoning,numpy,tsvc_2_s114_numpy.py,kernels/loop_level_reasoning/tsvc_2_s114/tsvc_2_s114_numpy.py,loop_level_reasoning/tsvc_2_s114/tsvc_2_s114_numpy.py,40bfb4a0b0ed3ebbbda0253bff2e43fb3417f7fc03630651546710a9631284f1,459
tsvc_2_s115,loop_level_reasoning,manifest,tsvc_2_s115.yaml,kernels/loop_level_reasoning/tsvc_2_s115/tsvc_2_s115.yaml,loop_level_reasoning/tsvc_2_s115/tsvc_2_s115.yaml,80137379e207cd02f228904d40199ced1f4f3924c935557a47bbe51a0b1ba146,1021
tsvc_2_s115,loop_level_reasoning,numpy,tsvc_2_s115_numpy.py,kernels/loop_level_reasoning/tsvc_2_s115/tsvc_2_s115_numpy.py,loop_level_reasoning/tsvc_2_s115/tsvc_2_s115_numpy.py,89ee2bb45d86c6af1470472f795a081ab0e87f498731ebb1d8832f01d381a978,441
tsvc_2_s116,loop_level_reasoning,manifest,tsvc_2_s116.yaml,kernels/loop_level_reasoning/tsvc_2_s116/tsvc_2_s116.yaml,loop_level_reasoning/tsvc_2_s116/tsvc_2_s116.yaml,dede045f129c626642096ddd9aefa598faff68c64687df0ab1d1f4eef44f1121,1051
tsvc_2_s116,loop_level_reasoning,numpy,tsvc_2_s116_numpy.py,kernels/loop_level_reasoning/tsvc_2_s116/tsvc_2_s116_numpy.py,loop_level_reasoning/tsvc_2_s116/tsvc_2_s116_numpy.py,0f458acb27b8e30bade8c84367b54135e37d46a5b476b920246e444f1c8dba0d,496
tsvc_2_s1161,loop_level_reasoning,manifest,tsvc_2_s1161.yaml,kernels/loop_level_reasoning/tsvc_2_s1161/tsvc_2_s1161.yaml,loop_level_reasoning/tsvc_2_s1161/tsvc_2_s1161.yaml,62171bc47f3dfa1fc6ac0d495b17dd47a7986852235190b6c47b363569d84544,1111
tsvc_2_s1161,loop_level_reasoning,numpy,tsvc_2_s1161_numpy.py,kernels/loop_level_reasoning/tsvc_2_s1161/tsvc_2_s1161_numpy.py,loop_level_reasoning/tsvc_2_s1161/tsvc_2_s1161_numpy.py,edacc8afae82714d7fef61f9d31a2ec014c21f5e7dcd59803301ba0f68b025f1,515
tsvc_2_s118,loop_level_reasoning,manifest,tsvc_2_s118.yaml,kernels/loop_level_reasoning/tsvc_2_s118/tsvc_2_s118.yaml,loop_level_reasoning/tsvc_2_s118/tsvc_2_s118.yaml,49c5e7ac8074c00973ebe4228fe75a474a21d5dc3faf87da56239adf68a27ca3,1271
tsvc_2_s118,loop_level_reasoning,numpy,tsvc_2_s118_numpy.py,kernels/loop_level_reasoning/tsvc_2_s118/tsvc_2_s118_numpy.py,loop_level_reasoning/tsvc_2_s118/tsvc_2_s118_numpy.py,05db7b21aa36cd2c0fc8e3d54239dcd3d97bc4ea183d920a209931f2b914c158,443
tsvc_2_s119,loop_level_reasoning,manifest,tsvc_2_s119.yaml,kernels/loop_level_reasoning/tsvc_2_s119/tsvc_2_s119.yaml,loop_level_reasoning/tsvc_2_s119/tsvc_2_s119.yaml,53ad98edea7b5064ee5e10ff3919f1caa0ac92a67df802a4a99663854c4862a0,1076
tsvc_2_s119,loop_level_reasoning,numpy,tsvc_2_s119_numpy.py,kernels/loop_level_reasoning/tsvc_2_s119/tsvc_2_s119_numpy.py,loop_level_reasoning/tsvc_2_s119/tsvc_2_s119_numpy.py,6abd3bbe26665e35a25223ea59111e8dc8f3d3240aecf4cc78e1d3b4371dec72,457
tsvc_2_s121,loop_level_reasoning,manifest,tsvc_2_s121.yaml,kernels/loop_level_reasoning/tsvc_2_s121/tsvc_2_s121.yaml,loop_level_reasoning/tsvc_2_s121/tsvc_2_s121.yaml,811190bf5fd3229042b8e840d1a405f858aaaea4c06058e5eb4bf5fb2a0925a6,1006
tsvc_2_s121,loop_level_reasoning,numpy,tsvc_2_s121_numpy.py,kernels/loop_level_reasoning/tsvc_2_s121/tsvc_2_s121_numpy.py,loop_level_reasoning/tsvc_2_s121/tsvc_2_s121_numpy.py,159c0c42bacfee08dd734a52405796157546ad07f0f4018d65eae41d8b246b7f,401
tsvc_2_s1213,loop_level_reasoning,manifest,tsvc_2_s1213.yaml,kernels/loop_level_reasoning/tsvc_2_s1213/tsvc_2_s1213.yaml,loop_level_reasoning/tsvc_2_s1213/tsvc_2_s1213.yaml,07684264623993df143d897dfd96f7c2ecebaeaf203856d1df03e2f9c33035f9,1088
tsvc_2_s1213,loop_level_reasoning,numpy,tsvc_2_s1213_numpy.py,kernels/loop_level_reasoning/tsvc_2_s1213/tsvc_2_s1213_numpy.py,loop_level_reasoning/tsvc_2_s1213/tsvc_2_s1213_numpy.py,8e3a5ce0a8315a0b90c5bf4742f443c4182896136779d3c07044aec9dfbc7a56,455
tsvc_2_s122,loop_level_reasoning,manifest,tsvc_2_s122.yaml,kernels/loop_level_reasoning/tsvc_2_s122/tsvc_2_s122.yaml,loop_level_reasoning/tsvc_2_s122/tsvc_2_s122.yaml,e5e6ee20e38ed07a93cc47e9b9ce225b5b0710dac92a4638c7e26f1875d93dbf,1152
tsvc_2_s122,loop_level_reasoning,numpy,tsvc_2_s122_numpy.py,kernels/loop_level_reasoning/tsvc_2_s122/tsvc_2_s122_numpy.py,loop_level_reasoning/tsvc_2_s122/tsvc_2_s122_numpy.py,f3a9f971cab9e9b551e0df25a7b9978f423fbd988991a9d7131fdeeabce8102e,446
tsvc_2_s1221,loop_level_reasoning,manifest,tsvc_2_s1221.yaml,kernels/loop_level_reasoning/tsvc_2_s1221/tsvc_2_s1221.yaml,loop_level_reasoning/tsvc_2_s1221/tsvc_2_s1221.yaml,882bf0155688760f1b6e3ddbbc59bf5d6feb13c3487f93c268d7b74d3078d63c,946
tsvc_2_s1221,loop_level_reasoning,numpy,tsvc_2_s1221_numpy.py,kernels/loop_level_reasoning/tsvc_2_s1221/tsvc_2_s1221_numpy.py,loop_level_reasoning/tsvc_2_s1221/tsvc_2_s1221_numpy.py,b7764caeecd4938303d308b9b621b54ffbb812ccbe52c3d2d4ea84b8ea19c51a,388
tsvc_2_s123,loop_level_reasoning,manifest,tsvc_2_s123.yaml,kernels/loop_level_reasoning/tsvc_2_s123/tsvc_2_s123.yaml,loop_level_reasoning/tsvc_2_s123/tsvc_2_s123.yaml,858b175adf79d627a6cf7e8be7e08498da5672bf65668b9a747898304c8a10eb,1131
tsvc_2_s123,loop_level_reasoning,numpy,tsvc_2_s123_numpy.py,kernels/loop_level_reasoning/tsvc_2_s123/tsvc_2_s123_numpy.py,loop_level_reasoning/tsvc_2_s123/tsvc_2_s123_numpy.py,e40aeeb0c6c219ef07ea72dea7380578528d388438e1bbf13acf471b1ae3d834,551
tsvc_2_s1232,loop_level_reasoning,manifest,tsvc_2_s1232.yaml,kernels/loop_level_reasoning/tsvc_2_s1232/tsvc_2_s1232.yaml,loop_level_reasoning/tsvc_2_s1232/tsvc_2_s1232.yaml,6282e8d6afb3f846982e01677637a6bd33d152d968221e9d79d1386b7ab3e225,1162
tsvc_2_s1232,loop_level_reasoning,numpy,tsvc_2_s1232_numpy.py,kernels/loop_level_reasoning/tsvc_2_s1232/tsvc_2_s1232_numpy.py,loop_level_reasoning/tsvc_2_s1232/tsvc_2_s1232_numpy.py,0d66ed6a557159d13a8761998e425d582360e15932340ee6a621784b55188ca7,485
tsvc_2_s124,loop_level_reasoning,manifest,tsvc_2_s124.yaml,kernels/loop_level_reasoning/tsvc_2_s124/tsvc_2_s124.yaml,loop_level_reasoning/tsvc_2_s124/tsvc_2_s124.yaml,ca6cd7c13fba62e8c512228e677db3b7452fcf24fc5977b08ab4bd0067b7b18f,1043
tsvc_2_s124,loop_level_reasoning,numpy,tsvc_2_s124_numpy.py,kernels/loop_level_reasoning/tsvc_2_s124/tsvc_2_s124_numpy.py,loop_level_reasoning/tsvc_2_s124/tsvc_2_s124_numpy.py,851d25314f14668b0c06921bbb4b835170d901be9b95104775ec4c9f15cc048a,568
tsvc_2_s1244,loop_level_reasoning,manifest,tsvc_2_s1244.yaml,kernels/loop_level_reasoning/tsvc_2_s1244/tsvc_2_s1244.yaml,loop_level_reasoning/tsvc_2_s1244/tsvc_2_s1244.yaml,08f32d8957871ed766c82a7b8a5e96252097e3839c84a37ab1cd7910d6e91659,1144
tsvc_2_s1244,loop_level_reasoning,numpy,tsvc_2_s1244_numpy.py,kernels/loop_level_reasoning/tsvc_2_s1244/tsvc_2_s1244_numpy.py,loop_level_reasoning/tsvc_2_s1244/tsvc_2_s1244_numpy.py,a746755a3d1f5d34aa2927c1360cadebed26a264d28c4f561669a2f7b8ff8382,476
tsvc_2_s125,loop_level_reasoning,manifest,tsvc_2_s125.yaml,kernels/loop_level_reasoning/tsvc_2_s125/tsvc_2_s125.yaml,loop_level_reasoning/tsvc_2_s125/tsvc_2_s125.yaml,2314d08a6f08fdbd1a100375704eb5c560da49fa7e494e9e7915c43ea539dd5a,1144
tsvc_2_s125,loop_level_reasoning,numpy,tsvc_2_s125_numpy.py,kernels/loop_level_reasoning/tsvc_2_s125/tsvc_2_s125_numpy.py,loop_level_reasoning/tsvc_2_s125/tsvc_2_s125_numpy.py,785e8bf01b66a88f454b3eb63fe92c7979595c9d8d8f53ee3409eb7e32ad271e,568
tsvc_2_s1251,loop_level_reasoning,manifest,tsvc_2_s1251.yaml,kernels/loop_level_reasoning/tsvc_2_s1251/tsvc_2_s1251.yaml,loop_level_reasoning/tsvc_2_s1251/tsvc_2_s1251.yaml,53af9210701559bd1ec5da505a40ab8819e51753764a9aff2e8d9d1d3a0fa96d,1079
tsvc_2_s1251,loop_level_reasoning,numpy,tsvc_2_s1251_numpy.py,kernels/loop_level_reasoning/tsvc_2_s1251/tsvc_2_s1251_numpy.py,loop_level_reasoning/tsvc_2_s1251/tsvc_2_s1251_numpy.py,fb90214f0393c0f499df6a55b0f86179c001ce8047c545a4055118c082fb8361,477
tsvc_2_s126,loop_level_reasoning,manifest,tsvc_2_s126.yaml,kernels/loop_level_reasoning/tsvc_2_s126/tsvc_2_s126.yaml,loop_level_reasoning/tsvc_2_s126/tsvc_2_s126.yaml,efa7e5fc23f8211e2ee45eb506b00b98bfa9c73af52792ede6e0dcc4ecbc86f4,1160
tsvc_2_s126,loop_level_reasoning,numpy,tsvc_2_s126_numpy.py,kernels/loop_level_reasoning/tsvc_2_s126/tsvc_2_s126_numpy.py,loop_level_reasoning/tsvc_2_s126/tsvc_2_s126_numpy.py,04bc8c004e276f8b9dab8263e785ae4f6a145658e1c023ee9e9b82c05f8a4970,572
tsvc_2_s127,loop_level_reasoning,manifest,tsvc_2_s127.yaml,kernels/loop_level_reasoning/tsvc_2_s127/tsvc_2_s127.yaml,loop_level_reasoning/tsvc_2_s127/tsvc_2_s127.yaml,94153324a3c525d77303e049bab4cc9b884b2d3fdf3aaeffed6525099d046eaf,1086
tsvc_2_s127,loop_level_reasoning,numpy,tsvc_2_s127_numpy.py,kernels/loop_level_reasoning/tsvc_2_s127/tsvc_2_s127_numpy.py,loop_level_reasoning/tsvc_2_s127/tsvc_2_s127_numpy.py,d1f3fbb557593f0989fbe0e3131324cdbe54f0cd98430c774519b51593b4b4c2,488
tsvc_2_s1279,loop_level_reasoning,manifest,tsvc_2_s1279.yaml,kernels/loop_level_reasoning/tsvc_2_s1279/tsvc_2_s1279.yaml,loop_level_reasoning/tsvc_2_s1279/tsvc_2_s1279.yaml,e97365b6d32958ad839036b58ba493fc7cf999a7825ddf9654bdc284ad80f0b8,927
tsvc_2_s1279,loop_level_reasoning,numpy,tsvc_2_s1279_numpy.py,kernels/loop_level_reasoning/tsvc_2_s1279/tsvc_2_s1279_numpy.py,loop_level_reasoning/tsvc_2_s1279/tsvc_2_s1279_numpy.py,574709d173b867888dd74fb7e1ab39f1045dcc39161bde23a21beb7e4dcb5580,495
tsvc_2_s128,loop_level_reasoning,manifest,tsvc_2_s128.yaml,kernels/loop_level_reasoning/tsvc_2_s128/tsvc_2_s128.yaml,loop_level_reasoning/tsvc_2_s128/tsvc_2_s128.yaml,20c67b32afb810458e6f88916fd34a13231b447e85d868828d93492734da671a,1119
tsvc_2_s128,loop_level_reasoning,numpy,tsvc_2_s128_numpy.py,kernels/loop_level_reasoning/tsvc_2_s128/tsvc_2_s128_numpy.py,loop_level_reasoning/tsvc_2_s128/tsvc_2_s128_numpy.py,8f9066a0889846adc3d82afafad800d6b8d3e73c2112ac730c0af7f3f231f716,490
tsvc_2_s1281,loop_level_reasoning,manifest,tsvc_2_s1281.yaml,kernels/loop_level_reasoning/tsvc_2_s1281/tsvc_2_s1281.yaml,loop_level_reasoning/tsvc_2_s1281/tsvc_2_s1281.yaml,aae05e737be446fee9b12dceb5f81389c65cc0ab8ca3eeab45bdaf3cfc438361,1058
tsvc_2_s1281,loop_level_reasoning,numpy,tsvc_2_s1281_numpy.py,kernels/loop_level_reasoning/tsvc_2_s1281/tsvc_2_s1281_numpy.py,loop_level_reasoning/tsvc_2_s1281/tsvc_2_s1281_numpy.py,8d979bc358f6424ee49207ed3d6919528197ab3d0fa19b50787a2c42972c8576,487
tsvc_2_s131,loop_level_reasoning,manifest,tsvc_2_s131.yaml,kernels/loop_level_reasoning/tsvc_2_s131/tsvc_2_s131.yaml,loop_level_reasoning/tsvc_2_s131/tsvc_2_s131.yaml,f34d86ff2a5385d93ba5a66c6e52116b5b4863f0fae90297d4fe1b42b6032d00,1028
tsvc_2_s131,loop_level_reasoning,numpy,tsvc_2_s131_numpy.py,kernels/loop_level_reasoning/tsvc_2_s131/tsvc_2_s131_numpy.py,loop_level_reasoning/tsvc_2_s131/tsvc_2_s131_numpy.py,1fcf08ff0ccc78b03b1303846359f751c6d717f85a0d96e29c471e74a2b7ebbd,387
tsvc_2_s132,loop_level_reasoning,manifest,tsvc_2_s132.yaml,kernels/loop_level_reasoning/tsvc_2_s132/tsvc_2_s132.yaml,loop_level_reasoning/tsvc_2_s132/tsvc_2_s132.yaml,eaed48d44b8b348cb3e59c13dcec69fb034780f517679bf69989396b4719b0f1,1344
tsvc_2_s132,loop_level_reasoning,numpy,tsvc_2_s132_numpy.py,kernels/loop_level_reasoning/tsvc_2_s132/tsvc_2_s132_numpy.py,loop_level_reasoning/tsvc_2_s132/tsvc_2_s132_numpy.py,8295bf6491a97dcc94d580aa57aa0a48c76db5a2e402ebcd1deff7f081654890,420
tsvc_2_s1351,loop_level_reasoning,manifest,tsvc_2_s1351.yaml,kernels/loop_level_reasoning/tsvc_2_s1351/tsvc_2_s1351.yaml,loop_level_reasoning/tsvc_2_s1351/tsvc_2_s1351.yaml,5d690796123381152ea80d7fe11705965618259fd93e7faa74289a5ad1ca4a3d,1100
tsvc_2_s1351,loop_level_reasoning,numpy,tsvc_2_s1351_numpy.py,kernels/loop_level_reasoning/tsvc_2_s1351/tsvc_2_s1351_numpy.py,loop_level_reasoning/tsvc_2_s1351/tsvc_2_s1351_numpy.py,e0bb26d9b0741c27870551cd30003636288cb0a28b16b2aefb7832769fe90abe,397
tsvc_2_s141,loop_level_reasoning,manifest,tsvc_2_s141.yaml,kernels/loop_level_reasoning/tsvc_2_s141/tsvc_2_s141.yaml,loop_level_reasoning/tsvc_2_s141/tsvc_2_s141.yaml,06556c312532fea5c153964c614c3f081a5ab17b2e6703bc2dc8d58fcba361c4,1149
tsvc_2_s141,loop_level_reasoning,numpy,tsvc_2_s141_numpy.py,kernels/loop_level_reasoning/tsvc_2_s141/tsvc_2_s141_numpy.py,loop_level_reasoning/tsvc_2_s141/tsvc_2_s141_numpy.py,c6a94193c24df2e03e635acfd89b057fa8235c97f5133003456c53bd8ee7d899,546
tsvc_2_s1421,loop_level_reasoning,manifest,tsvc_2_s1421.yaml,kernels/loop_level_reasoning/tsvc_2_s1421/tsvc_2_s1421.yaml,loop_level_reasoning/tsvc_2_s1421/tsvc_2_s1421.yaml,91e42b6f129bd07fb4033465dec9982347892b8c56fc7ae2da378ac2f4b2ee91,1076
tsvc_2_s1421,loop_level_reasoning,numpy,tsvc_2_s1421_numpy.py,kernels/loop_level_reasoning/tsvc_2_s1421/tsvc_2_s1421_numpy.py,loop_level_reasoning/tsvc_2_s1421/tsvc_2_s1421_numpy.py,dcbe6aeb9a6f3e3c2a79389d140bafbe96c85dcfcf7d5111f41e6ed710820f88,409
tsvc_2_s151,loop_level_reasoning,manifest,tsvc_2_s151.yaml,kernels/loop_level_reasoning/tsvc_2_s151/tsvc_2_s151.yaml,loop_level_reasoning/tsvc_2_s151/tsvc_2_s151.yaml,f3736fe0f482d19de738c79c3e147babdb9c0950fd4bab119590f7e61a7e7712,1068
tsvc_2_s151,loop_level_reasoning,numpy,tsvc_2_s151_numpy.py,kernels/loop_level_reasoning/tsvc_2_s151/tsvc_2_s151_numpy.py,loop_level_reasoning/tsvc_2_s151/tsvc_2_s151_numpy.py,1d484d69fcfa83c6917706b629a0dc15905a2c18725b528090c0297709229271,387
tsvc_2_s152,loop_level_reasoning,manifest,tsvc_2_s152.yaml,kernels/loop_level_reasoning/tsvc_2_s152/tsvc_2_s152.yaml,loop_level_reasoning/tsvc_2_s152/tsvc_2_s152.yaml,83b520a15132253002bc35815d9159c2d4ad27aacbab03219d2180f710c387d7,1223
tsvc_2_s152,loop_level_reasoning,numpy,tsvc_2_s152_numpy.py,kernels/loop_level_reasoning/tsvc_2_s152/tsvc_2_s152_numpy.py,loop_level_reasoning/tsvc_2_s152/tsvc_2_s152_numpy.py,02ec61e7b932883e907cb84cd286ea6f4283ffa801cfbd5b378aa0ddd894a280,489
tsvc_2_s161,loop_level_reasoning,manifest,tsvc_2_s161.yaml,kernels/loop_level_reasoning/tsvc_2_s161/tsvc_2_s161.yaml,loop_level_reasoning/tsvc_2_s161/tsvc_2_s161.yaml,ddc03329165fd35100f9661bbed4835e8c2a2ca4c0d1f7727a70ec6eceecaf6e,934
tsvc_2_s161,loop_level_reasoning,numpy,tsvc_2_s161_numpy.py,kernels/loop_level_reasoning/tsvc_2_s161/tsvc_2_s161_numpy.py,loop_level_reasoning/tsvc_2_s161/tsvc_2_s161_numpy.py,8a43c1b1930ceec4344445421743c9998abcc99ac411b89e57f6c0ee38a50c57,521
tsvc_2_s162,loop_level_reasoning,manifest,tsvc_2_s162.yaml,kernels/loop_level_reasoning/tsvc_2_s162/tsvc_2_s162.yaml,loop_level_reasoning/tsvc_2_s162/tsvc_2_s162.yaml,4135cc73393d88f40662c4ed705f8937e62ff3db84f4fa6668c3c8fc24799800,1005
tsvc_2_s162,loop_level_reasoning,numpy,tsvc_2_s162_numpy.py,kernels/loop_level_reasoning/tsvc_2_s162/tsvc_2_s162_numpy.py,loop_level_reasoning/tsvc_2_s162/tsvc_2_s162_numpy.py,45aaa79cb0db1701c895ff6d8a017ef02a297877cbc1a6fc428a7c49ebf0fe4c,438
tsvc_2_s171,loop_level_reasoning,manifest,tsvc_2_s171.yaml,kernels/loop_level_reasoning/tsvc_2_s171/tsvc_2_s171.yaml,loop_level_reasoning/tsvc_2_s171/tsvc_2_s171.yaml,2cc1c859594644bedc2b94243bbd991542b29b62b9c6c6d7fd7a9ea9ca76f1bd,910
tsvc_2_s171,loop_level_reasoning,numpy,tsvc_2_s171_numpy.py,kernels/loop_level_reasoning/tsvc_2_s171/tsvc_2_s171_numpy.py,loop_level_reasoning/tsvc_2_s171/tsvc_2_s171_numpy.py,7b06d8a95cb6b615a94d88b43064357f3f305da29ff6536cd7693dda82aef6d6,396
tsvc_2_s172,loop_level_reasoning,manifest,tsvc_2_s172.yaml,kernels/loop_level_reasoning/tsvc_2_s172/tsvc_2_s172.yaml,loop_level_reasoning/tsvc_2_s172/tsvc_2_s172.yaml,41767f2df554a1d9516633f7f75deb16b43705f869913e48bf3931eaa01325a5,912
tsvc_2_s172,loop_level_reasoning,numpy,tsvc_2_s172_numpy.py,kernels/loop_level_reasoning/tsvc_2_s172/tsvc_2_s172_numpy.py,loop_level_reasoning/tsvc_2_s172/tsvc_2_s172_numpy.py,2f007ea1fc1b5ec727a7b001a3c7a80c746469c4e608fdc4406966dcb2d06f55,399
tsvc_2_s173,loop_level_reasoning,manifest,tsvc_2_s173.yaml,kernels/loop_level_reasoning/tsvc_2_s173/tsvc_2_s173.yaml,loop_level_reasoning/tsvc_2_s173/tsvc_2_s173.yaml,7c941968d46edb6309af77c0bedec38df2da830799f4878681646b09c11a9a34,837
tsvc_2_s173,loop_level_reasoning,numpy,tsvc_2_s173_numpy.py,kernels/loop_level_reasoning/tsvc_2_s173/tsvc_2_s173_numpy.py,loop_level_reasoning/tsvc_2_s173/tsvc_2_s173_numpy.py,1c3edfe2c668ee71e4613999045383eadafe9f4f344eb4b7c8efafae552dc7ed,398
tsvc_2_s174,loop_level_reasoning,manifest,tsvc_2_s174.yaml,kernels/loop_level_reasoning/tsvc_2_s174/tsvc_2_s174.yaml,loop_level_reasoning/tsvc_2_s174/tsvc_2_s174.yaml,ef316707268922f99419cb0b1a1818ebff1a6095775971be15a9f367f8afa712,865
tsvc_2_s174,loop_level_reasoning,numpy,tsvc_2_s174_numpy.py,kernels/loop_level_reasoning/tsvc_2_s174/tsvc_2_s174_numpy.py,loop_level_reasoning/tsvc_2_s174/tsvc_2_s174_numpy.py,ad1457bf84f45016c9121cbb7d55cbf94d69788bf1c919e652f287d568bf1fb6,594
tsvc_2_s175,loop_level_reasoning,manifest,tsvc_2_s175.yaml,kernels/loop_level_reasoning/tsvc_2_s175/tsvc_2_s175.yaml,loop_level_reasoning/tsvc_2_s175/tsvc_2_s175.yaml,87ac9e7d9a8a2070e05700bd5e82b2e6a243f92901739a14b6c1bf4e8a972cc0,944
tsvc_2_s175,loop_level_reasoning,numpy,tsvc_2_s175_numpy.py,kernels/loop_level_reasoning/tsvc_2_s175/tsvc_2_s175_numpy.py,loop_level_reasoning/tsvc_2_s175/tsvc_2_s175_numpy.py,050f59cdcc2a51fec2a5bd761e6dbee75bb4e15190881de9edabb69a4f35d985,404
tsvc_2_s176,loop_level_reasoning,manifest,tsvc_2_s176.yaml,kernels/loop_level_reasoning/tsvc_2_s176/tsvc_2_s176.yaml,loop_level_reasoning/tsvc_2_s176/tsvc_2_s176.yaml,06d95ae771557c6d00ef5f48a86d0a4d02bf9edec63e55289f48c2e7e3ec7cc0,1177
tsvc_2_s176,loop_level_reasoning,numpy,tsvc_2_s176_numpy.py,kernels/loop_level_reasoning/tsvc_2_s176/tsvc_2_s176_numpy.py,loop_level_reasoning/tsvc_2_s176/tsvc_2_s176_numpy.py,6148724856615f7f0b2a6b2833e24a3e0a43630c0cbf2b2b433650aef81f28e8,470
tsvc_2_s2101,loop_level_reasoning,manifest,tsvc_2_s2101.yaml,kernels/loop_level_reasoning/tsvc_2_s2101/tsvc_2_s2101.yaml,loop_level_reasoning/tsvc_2_s2101/tsvc_2_s2101.yaml,db5b2dea9ea0fb7e8e9be6982a8e841629783adf871a8e6ff3abde8e6146e249,1171
tsvc_2_s2101,loop_level_reasoning,numpy,tsvc_2_s2101_numpy.py,kernels/loop_level_reasoning/tsvc_2_s2101/tsvc_2_s2101_numpy.py,loop_level_reasoning/tsvc_2_s2101/tsvc_2_s2101_numpy.py,2f888c9f26cb1b71404f113c4588413c0880042bae7ebe05c7e211bc2db43d51,476
tsvc_2_s2102,loop_level_reasoning,manifest,tsvc_2_s2102.yaml,kernels/loop_level_reasoning/tsvc_2_s2102/tsvc_2_s2102.yaml,loop_level_reasoning/tsvc_2_s2102/tsvc_2_s2102.yaml,90237ffd3d394676f7323a544d87da7c75ac556779b8d923865fbba612098a0b,826
tsvc_2_s2102,loop_level_reasoning,numpy,tsvc_2_s2102_numpy.py,kernels/loop_level_reasoning/tsvc_2_s2102/tsvc_2_s2102_numpy.py,loop_level_reasoning/tsvc_2_s2102/tsvc_2_s2102_numpy.py,575809c68e40907e0b35e1850d9e3ae1b7d801d9d73b2a32a8119a331df29170,428
tsvc_2_s211,loop_level_reasoning,manifest,tsvc_2_s211.yaml,kernels/loop_level_reasoning/tsvc_2_s211/tsvc_2_s211.yaml,loop_level_reasoning/tsvc_2_s211/tsvc_2_s211.yaml,a4ed6b00d343da96df68f098f990cdc54196664650f94771fadbefe33780bba9,950
tsvc_2_s211,loop_level_reasoning,numpy,tsvc_2_s211_numpy.py,kernels/loop_level_reasoning/tsvc_2_s211/tsvc_2_s211_numpy.py,loop_level_reasoning/tsvc_2_s211/tsvc_2_s211_numpy.py,70088a1c4a34c4e39dc7e3f60a23d21b4fc03dca40d02a0b9cb56116862f021c,483
tsvc_2_s2111,loop_level_reasoning,manifest,tsvc_2_s2111.yaml,kernels/loop_level_reasoning/tsvc_2_s2111/tsvc_2_s2111.yaml,loop_level_reasoning/tsvc_2_s2111/tsvc_2_s2111.yaml,3fb46808bf6dcfee626bbe2df0e00cc8dec4f73a5525e2d156aadae16888c424,860
tsvc_2_s2111,loop_level_reasoning,numpy,tsvc_2_s2111_numpy.py,kernels/loop_level_reasoning/tsvc_2_s2111/tsvc_2_s2111_numpy.py,loop_level_reasoning/tsvc_2_s2111/tsvc_2_s2111_numpy.py,29ba2d26917b3c4a4941b33efb7c4c0b44dcfb8bc6748512e48f7cc3bd2dfca7,443
tsvc_2_s212,loop_level_reasoning,manifest,tsvc_2_s212.yaml,kernels/loop_level_reasoning/tsvc_2_s212/tsvc_2_s212.yaml,loop_level_reasoning/tsvc_2_s212/tsvc_2_s212.yaml,4aa11167770c56c3dad5a14ec39696091a4236d6f76276901c650bbdc6550c98,876
tsvc_2_s212,loop_level_reasoning,numpy,tsvc_2_s212_numpy.py,kernels/loop_level_reasoning/tsvc_2_s212/tsvc_2_s212_numpy.py,loop_level_reasoning/tsvc_2_s212/tsvc_2_s212_numpy.py,a0dca32aac5f3d8168a36cb58293d7b01eb8d5deb8ce1b25053b82e6b18e0ff1,453
tsvc_2_s221,loop_level_reasoning,manifest,tsvc_2_s221.yaml,kernels/loop_level_reasoning/tsvc_2_s221/tsvc_2_s221.yaml,loop_level_reasoning/tsvc_2_s221/tsvc_2_s221.yaml,12aee29aad8b59702de70468a3cf3bd09888b3059f6dae7ed56adb5d70f55023,865
tsvc_2_s221,loop_level_reasoning,numpy,tsvc_2_s221_numpy.py,kernels/loop_level_reasoning/tsvc_2_s221/tsvc_2_s221_numpy.py,loop_level_reasoning/tsvc_2_s221/tsvc_2_s221_numpy.py,4f901ae08309d0e1782500bb95f232445ed8dd6c6a47a36e5f951cc4ca26e891,459
tsvc_2_s222,loop_level_reasoning,manifest,tsvc_2_s222.yaml,kernels/loop_level_reasoning/tsvc_2_s222/tsvc_2_s222.yaml,loop_level_reasoning/tsvc_2_s222/tsvc_2_s222.yaml,16208482908687d78552bf1da98aed063a28e6fe7b42b1efeab5497d6f585377,974
tsvc_2_s222,loop_level_reasoning,numpy,tsvc_2_s222_numpy.py,kernels/loop_level_reasoning/tsvc_2_s222/tsvc_2_s222_numpy.py,loop_level_reasoning/tsvc_2_s222/tsvc_2_s222_numpy.py,d176d7e4e122ea048977c63f59a283b0e65fabd2a0653503d499e0a7e1249789,490
tsvc_2_s2233,loop_level_reasoning,manifest,tsvc_2_s2233.yaml,kernels/loop_level_reasoning/tsvc_2_s2233/tsvc_2_s2233.yaml,loop_level_reasoning/tsvc_2_s2233/tsvc_2_s2233.yaml,b70fda3a614635839cc7fe9512f5b88f2119df3ebededca8fb919ef140585753,1074
tsvc_2_s2233,loop_level_reasoning,numpy,tsvc_2_s2233_numpy.py,kernels/loop_level_reasoning/tsvc_2_s2233/tsvc_2_s2233_numpy.py,loop_level_reasoning/tsvc_2_s2233/tsvc_2_s2233_numpy.py,17d49c8e0e633ac042e833fac3f2d06686c282a132ccd27fa0dd6166eb16f99b,561
tsvc_2_s2244,loop_level_reasoning,manifest,tsvc_2_s2244.yaml,kernels/loop_level_reasoning/tsvc_2_s2244/tsvc_2_s2244.yaml,loop_level_reasoning/tsvc_2_s2244/tsvc_2_s2244.yaml,4def5715c4dfac1f0f3f4b302310a7fe2e7027d9194a86da28f71e692d314bba,1003
tsvc_2_s2244,loop_level_reasoning,numpy,tsvc_2_s2244_numpy.py,kernels/loop_level_reasoning/tsvc_2_s2244/tsvc_2_s2244_numpy.py,loop_level_reasoning/tsvc_2_s2244/tsvc_2_s2244_numpy.py,7c80fc6cc556ff4cf7d59372b33578adde24ebd32455f037d26f0dfe09b30530,467
tsvc_2_s2251,loop_level_reasoning,manifest,tsvc_2_s2251.yaml,kernels/loop_level_reasoning/tsvc_2_s2251/tsvc_2_s2251.yaml,loop_level_reasoning/tsvc_2_s2251/tsvc_2_s2251.yaml,34efcc8c089b5cca5c39f87ded6ca870525dc0f4373e28730f8eff70052d8073,1004
tsvc_2_s2251,loop_level_reasoning,numpy,tsvc_2_s2251_numpy.py,kernels/loop_level_reasoning/tsvc_2_s2251/tsvc_2_s2251_numpy.py,loop_level_reasoning/tsvc_2_s2251/tsvc_2_s2251_numpy.py,33395e42c69b559c6b7561e3fe038ccf7668473e572a52927ea7b2b4d4e33030,489
tsvc_2_s2275,loop_level_reasoning,manifest,tsvc_2_s2275.yaml,kernels/loop_level_reasoning/tsvc_2_s2275/tsvc_2_s2275.yaml,loop_level_reasoning/tsvc_2_s2275/tsvc_2_s2275.yaml,3e156c29efabf72e1635b2a2c42fb6aefca80ff51af5ecb4d177404dc6f14592,1050
tsvc_2_s2275,loop_level_reasoning,numpy,tsvc_2_s2275_numpy.py,kernels/loop_level_reasoning/tsvc_2_s2275/tsvc_2_s2275_numpy.py,loop_level_reasoning/tsvc_2_s2275/tsvc_2_s2275_numpy.py,efdc4a96cc6aaa0d8425e267e6c2017f2bd4b16211399b3d7ec7b2d414145255,578
tsvc_2_s231,loop_level_reasoning,manifest,tsvc_2_s231.yaml,kernels/loop_level_reasoning/tsvc_2_s231/tsvc_2_s231.yaml,loop_level_reasoning/tsvc_2_s231/tsvc_2_s231.yaml,0aa8cd974615cd9dd080695240a674bf9a32dcb09262b89f8aa693c440000394,1030
tsvc_2_s231,loop_level_reasoning,numpy,tsvc_2_s231_numpy.py,kernels/loop_level_reasoning/tsvc_2_s231/tsvc_2_s231_numpy.py,loop_level_reasoning/tsvc_2_s231/tsvc_2_s231_numpy.py,0185e054171b9d61aee8a168f7ae00be63c4502deb1ce42aeb530816550d4b01,450
tsvc_2_s232,loop_level_reasoning,manifest,tsvc_2_s232.yaml,kernels/loop_level_reasoning/tsvc_2_s232/tsvc_2_s232.yaml,loop_level_reasoning/tsvc_2_s232/tsvc_2_s232.yaml,c739e91dcc8b2e261fc53414b9d6c48e09a20dc7cbf3b370f3cde5509d8f9b0a,1002
tsvc_2_s232,loop_level_reasoning,numpy,tsvc_2_s232_numpy.py,kernels/loop_level_reasoning/tsvc_2_s232/tsvc_2_s232_numpy.py,loop_level_reasoning/tsvc_2_s232/tsvc_2_s232_numpy.py,fad980ce0a72fe45944d90f533e53896a99de8f98fd2bd2e4105d858a2a767dc,467
tsvc_2_s233,loop_level_reasoning,manifest,tsvc_2_s233.yaml,kernels/loop_level_reasoning/tsvc_2_s233/tsvc_2_s233.yaml,loop_level_reasoning/tsvc_2_s233/tsvc_2_s233.yaml,615a481b5edfacac61579d3cc634843584861ac98809cb4a85b48eb4cdee2762,1076
tsvc_2_s233,loop_level_reasoning,numpy,tsvc_2_s233_numpy.py,kernels/loop_level_reasoning/tsvc_2_s233/tsvc_2_s233_numpy.py,loop_level_reasoning/tsvc_2_s233/tsvc_2_s233_numpy.py,83045b830430723a18951b47ce04216c9913086f698088e4d2f5246f56900cde,559
tsvc_2_s235,loop_level_reasoning,manifest,tsvc_2_s235.yaml,kernels/loop_level_reasoning/tsvc_2_s235/tsvc_2_s235.yaml,loop_level_reasoning/tsvc_2_s235/tsvc_2_s235.yaml,7d65fd20fd4dee3dcee65d8a3d0830624fba4389c66dcd2c0039f8bf6df08513,1103
tsvc_2_s235,loop_level_reasoning,numpy,tsvc_2_s235_numpy.py,kernels/loop_level_reasoning/tsvc_2_s235/tsvc_2_s235_numpy.py,loop_level_reasoning/tsvc_2_s235/tsvc_2_s235_numpy.py,87ae13b2a936246fa3690bb828bcee7c707e28d61e2be4db90aaa442249d5f4e,539
tsvc_2_s241,loop_level_reasoning,manifest,tsvc_2_s241.yaml,kernels/loop_level_reasoning/tsvc_2_s241/tsvc_2_s241.yaml,loop_level_reasoning/tsvc_2_s241/tsvc_2_s241.yaml,4da6a0e7047a44131255e6d8bff91a1f5952ec6563651647e92ee217f2b498a1,998
tsvc_2_s241,loop_level_reasoning,numpy,tsvc_2_s241_numpy.py,kernels/loop_level_reasoning/tsvc_2_s241/tsvc_2_s241_numpy.py,loop_level_reasoning/tsvc_2_s241/tsvc_2_s241_numpy.py,e12f7f5ac2dd0ef9c21a35fdf067fcdbaa60b51d636be78df00c443397a534dd,460
tsvc_2_s242,loop_level_reasoning,manifest,tsvc_2_s242.yaml,kernels/loop_level_reasoning/tsvc_2_s242/tsvc_2_s242.yaml,loop_level_reasoning/tsvc_2_s242/tsvc_2_s242.yaml,8e052250ec04af1d20fe42fd8456fe71f238bfd1cf51e4543d5593c7268cb428,1007
tsvc_2_s242,loop_level_reasoning,numpy,tsvc_2_s242_numpy.py,kernels/loop_level_reasoning/tsvc_2_s242/tsvc_2_s242_numpy.py,loop_level_reasoning/tsvc_2_s242/tsvc_2_s242_numpy.py,1e1bafb701092498ffc25069ebc5861618f893692b1dc59b084d8c11fb617b31,444
tsvc_2_s243,loop_level_reasoning,manifest,tsvc_2_s243.yaml,kernels/loop_level_reasoning/tsvc_2_s243/tsvc_2_s243.yaml,loop_level_reasoning/tsvc_2_s243/tsvc_2_s243.yaml,50f550b0f24b39f970a1af695b6006f9c0bb54d73c38db468af964fddd7251de,1055
tsvc_2_s243,loop_level_reasoning,numpy,tsvc_2_s243_numpy.py,kernels/loop_level_reasoning/tsvc_2_s243/tsvc_2_s243_numpy.py,loop_level_reasoning/tsvc_2_s243/tsvc_2_s243_numpy.py,f2f9d9220a25ba00b0602aa10186eab0457f8a3524a724fe5da7f19d943940fc,510
tsvc_2_s244,loop_level_reasoning,manifest,tsvc_2_s244.yaml,kernels/loop_level_reasoning/tsvc_2_s244/tsvc_2_s244.yaml,loop_level_reasoning/tsvc_2_s244/tsvc_2_s244.yaml,e9664b0ee432637a5bf51ef9c408b39a0bd07bb06009a862bf321fe566ae17bf,1027
tsvc_2_s244,loop_level_reasoning,numpy,tsvc_2_s244_numpy.py,kernels/loop_level_reasoning/tsvc_2_s244/tsvc_2_s244_numpy.py,loop_level_reasoning/tsvc_2_s244/tsvc_2_s244_numpy.py,46f99ea3ad01f950372dfc0ae05b067e9f005c9b6e79bc829c5c8b2619303256,491
tsvc_2_s251,loop_level_reasoning,manifest,tsvc_2_s251.yaml,kernels/loop_level_reasoning/tsvc_2_s251/tsvc_2_s251.yaml,loop_level_reasoning/tsvc_2_s251/tsvc_2_s251.yaml,affc768ee2f6f594a6c0a256828a033cac2895537a1b5b93ecd863e71351c817,995
tsvc_2_s251,loop_level_reasoning,numpy,tsvc_2_s251_numpy.py,kernels/loop_level_reasoning/tsvc_2_s251/tsvc_2_s251_numpy.py,loop_level_reasoning/tsvc_2_s251/tsvc_2_s251_numpy.py,200a77704d5bde8f0dd5241e79a58ae8d174fa3d3ca4351eed516b4e9a99d960,436
tsvc_2_s252,loop_level_reasoning,manifest,tsvc_2_s252.yaml,kernels/loop_level_reasoning/tsvc_2_s252/tsvc_2_s252.yaml,loop_level_reasoning/tsvc_2_s252/tsvc_2_s252.yaml,d3795f229bab2b73695703d59ece96bc12a7ab1dab9b72504aad452689307444,1076
tsvc_2_s252,loop_level_reasoning,numpy,tsvc_2_s252_numpy.py,kernels/loop_level_reasoning/tsvc_2_s252/tsvc_2_s252_numpy.py,loop_level_reasoning/tsvc_2_s252/tsvc_2_s252_numpy.py,5cbaafec0fc3e22ad50f61a199af94cd5ec4471ece27054a2642e1c840cf9863,439
tsvc_2_s253,loop_level_reasoning,manifest,tsvc_2_s253.yaml,kernels/loop_level_reasoning/tsvc_2_s253/tsvc_2_s253.yaml,loop_level_reasoning/tsvc_2_s253/tsvc_2_s253.yaml,ce402bf82f3a6f3800502cd084ded18c7988ec187f07e27487da337ddd841169,1042
tsvc_2_s253,loop_level_reasoning,numpy,tsvc_2_s253_numpy.py,kernels/loop_level_reasoning/tsvc_2_s253/tsvc_2_s253_numpy.py,loop_level_reasoning/tsvc_2_s253/tsvc_2_s253_numpy.py,2faa41083c1e72efdf48c7c3d0187efcc728e67b208b621c9aadb8961c33c1ca,492
tsvc_2_s254,loop_level_reasoning,manifest,tsvc_2_s254.yaml,kernels/loop_level_reasoning/tsvc_2_s254/tsvc_2_s254.yaml,loop_level_reasoning/tsvc_2_s254/tsvc_2_s254.yaml,9150c468fe2b6bec0be0536446c7c47b3dfca388e3e4d67286c053ca2034b4aa,1028
tsvc_2_s254,loop_level_reasoning,numpy,tsvc_2_s254_numpy.py,kernels/loop_level_reasoning/tsvc_2_s254/tsvc_2_s254_numpy.py,loop_level_reasoning/tsvc_2_s254/tsvc_2_s254_numpy.py,01d6a27e423d7c424ce429f5d880a8a95d265952b07714c9a1d9a363f369d9d9,423
tsvc_2_s255,loop_level_reasoning,manifest,tsvc_2_s255.yaml,kernels/loop_level_reasoning/tsvc_2_s255/tsvc_2_s255.yaml,loop_level_reasoning/tsvc_2_s255/tsvc_2_s255.yaml,6a8b8502c0b8ec9fd268d47688bac979b816174ce2ecfa1a8628b13770cc4944,1054
tsvc_2_s255,loop_level_reasoning,numpy,tsvc_2_s255_numpy.py,kernels/loop_level_reasoning/tsvc_2_s255/tsvc_2_s255_numpy.py,loop_level_reasoning/tsvc_2_s255/tsvc_2_s255_numpy.py,68a437932fe65a340c09dd0efbfca91a5f514ecd162a98b24a2d7a0e9ad0f3e4,465
tsvc_2_s256,loop_level_reasoning,manifest,tsvc_2_s256.yaml,kernels/loop_level_reasoning/tsvc_2_s256/tsvc_2_s256.yaml,loop_level_reasoning/tsvc_2_s256/tsvc_2_s256.yaml,c41accb1c802f7911cf7fb715b36a0f8f9c91504a6617b74c45c5e6679c161fb,1034
tsvc_2_s256,loop_level_reasoning,numpy,tsvc_2_s256_numpy.py,kernels/loop_level_reasoning/tsvc_2_s256/tsvc_2_s256_numpy.py,loop_level_reasoning/tsvc_2_s256/tsvc_2_s256_numpy.py,b6f40fa8dcac0f0a06225ac21271cd85a75e90156b09fc0ebdd6b527972b285f,515
tsvc_2_s257,loop_level_reasoning,manifest,tsvc_2_s257.yaml,kernels/loop_level_reasoning/tsvc_2_s257/tsvc_2_s257.yaml,loop_level_reasoning/tsvc_2_s257/tsvc_2_s257.yaml,ca45c840e9d7c7dd53bc820d89e23a27e757bc984c71802ea8c7f34e0e62f58f,1024
tsvc_2_s257,loop_level_reasoning,numpy,tsvc_2_s257_numpy.py,kernels/loop_level_reasoning/tsvc_2_s257/tsvc_2_s257_numpy.py,loop_level_reasoning/tsvc_2_s257/tsvc_2_s257_numpy.py,e48aaed80619e079f5057eedcdde659bdab40323360b3f48f7b647ea9c73583b,497
tsvc_2_s258,loop_level_reasoning,manifest,tsvc_2_s258.yaml,kernels/loop_level_reasoning/tsvc_2_s258/tsvc_2_s258.yaml,loop_level_reasoning/tsvc_2_s258/tsvc_2_s258.yaml,1ab7423ea8931ccfc381615bd4d569d581cb8b5812c83d2b68db386ade3d8275,1121
tsvc_2_s258,loop_level_reasoning,numpy,tsvc_2_s258_numpy.py,kernels/loop_level_reasoning/tsvc_2_s258/tsvc_2_s258_numpy.py,loop_level_reasoning/tsvc_2_s258/tsvc_2_s258_numpy.py,a9c0fa6e1f29a595dba33dacd143c2cc2f95b492c6522964e124a338683d6520,549
tsvc_2_s261,loop_level_reasoning,manifest,tsvc_2_s261.yaml,kernels/loop_level_reasoning/tsvc_2_s261/tsvc_2_s261.yaml,loop_level_reasoning/tsvc_2_s261/tsvc_2_s261.yaml,a4105b832ffcd63a6e099789862cf0a61bfc8d5bcbd11e159a56b766d7cb2211,1120
tsvc_2_s261,loop_level_reasoning,numpy,tsvc_2_s261_numpy.py,kernels/loop_level_reasoning/tsvc_2_s261/tsvc_2_s261_numpy.py,loop_level_reasoning/tsvc_2_s261/tsvc_2_s261_numpy.py,67c2afb67635a789bfd39125002f046b6bdf6c2016b383d4e6b8955b7cd2fff6,466
tsvc_2_s271,loop_level_reasoning,manifest,tsvc_2_s271.yaml,kernels/loop_level_reasoning/tsvc_2_s271/tsvc_2_s271.yaml,loop_level_reasoning/tsvc_2_s271/tsvc_2_s271.yaml,00c7e93d7c7fe7fac93330f14952dbc44e0243c23e6cf765ba8393d14c629080,917
tsvc_2_s271,loop_level_reasoning,numpy,tsvc_2_s271_numpy.py,kernels/loop_level_reasoning/tsvc_2_s271/tsvc_2_s271_numpy.py,loop_level_reasoning/tsvc_2_s271/tsvc_2_s271_numpy.py,5b019f486710e063ac3b6c67a354fb64a581ae38d3ccbeb890023ea25b13228d,429
tsvc_2_s2710,loop_level_reasoning,manifest,tsvc_2_s2710.yaml,kernels/loop_level_reasoning/tsvc_2_s2710/tsvc_2_s2710.yaml,loop_level_reasoning/tsvc_2_s2710/tsvc_2_s2710.yaml,8d282f5d9741ab80b7f6a4d31eab815b4bb5068eb915c48d7d19bae09c4a8fb8,1070
tsvc_2_s2710,loop_level_reasoning,numpy,tsvc_2_s2710_numpy.py,kernels/loop_level_reasoning/tsvc_2_s2710/tsvc_2_s2710_numpy.py,loop_level_reasoning/tsvc_2_s2710/tsvc_2_s2710_numpy.py,37b40faa08eea18ef90e671d1fcdda22336eb7fdf28f6e5e7fc72ed232f7740b,790
tsvc_2_s2711,loop_level_reasoning,manifest,tsvc_2_s2711.yaml,kernels/loop_level_reasoning/tsvc_2_s2711/tsvc_2_s2711.yaml,loop_level_reasoning/tsvc_2_s2711/tsvc_2_s2711.yaml,2a069b2b3ca11419c1d6cda5b7be275074a4675bcf5fbc06bd97b5b7d0fac64d,1074
tsvc_2_s2711,loop_level_reasoning,numpy,tsvc_2_s2711_numpy.py,kernels/loop_level_reasoning/tsvc_2_s2711/tsvc_2_s2711_numpy.py,loop_level_reasoning/tsvc_2_s2711/tsvc_2_s2711_numpy.py,7714a7ecefbfe0c7f81f7e2288825d99e0b01616b1ceecfe42c3bae79050c164,432
tsvc_2_s2712,loop_level_reasoning,manifest,tsvc_2_s2712.yaml,kernels/loop_level_reasoning/tsvc_2_s2712/tsvc_2_s2712.yaml,loop_level_reasoning/tsvc_2_s2712/tsvc_2_s2712.yaml,dc18883402b864de8afbb1e6972e0284dce86c4c1f1ae7dcc60d1ccd30a693ee,995
tsvc_2_s2712,loop_level_reasoning,numpy,tsvc_2_s2712_numpy.py,kernels/loop_level_reasoning/tsvc_2_s2712/tsvc_2_s2712_numpy.py,loop_level_reasoning/tsvc_2_s2712/tsvc_2_s2712_numpy.py,1c584ce175ff0a77154f31871a70a2855937f796281c35179387756d3cd77afa,432
tsvc_2_s272,loop_level_reasoning,manifest,tsvc_2_s272.yaml,kernels/loop_level_reasoning/tsvc_2_s272/tsvc_2_s272.yaml,loop_level_reasoning/tsvc_2_s272/tsvc_2_s272.yaml,ecbc31045b7ab6f8b140732e8de292bc21a55b9b353bd8f7c29fe1c6e972af2b,1069
tsvc_2_s272,loop_level_reasoning,numpy,tsvc_2_s272_numpy.py,kernels/loop_level_reasoning/tsvc_2_s272/tsvc_2_s272_numpy.py,loop_level_reasoning/tsvc_2_s272/tsvc_2_s272_numpy.py,52fe632454d8d68205481c7fb4d80b620d34e6106baab3807f6479c79a923522,517
tsvc_2_s273,loop_level_reasoning,manifest,tsvc_2_s273.yaml,kernels/loop_level_reasoning/tsvc_2_s273/tsvc_2_s273.yaml,loop_level_reasoning/tsvc_2_s273/tsvc_2_s273.yaml,bda8fc3e9bd9190c17a6f66ecd3f01caf49e5922758c946a70a536ddeca61d81,1036
tsvc_2_s273,loop_level_reasoning,numpy,tsvc_2_s273_numpy.py,kernels/loop_level_reasoning/tsvc_2_s273/tsvc_2_s273_numpy.py,loop_level_reasoning/tsvc_2_s273/tsvc_2_s273_numpy.py,25bd45db46ac3a8aa68fc1d2fc0236fdb6b36c944ab6c94871cb6612a9e45433,529
tsvc_2_s274,loop_level_reasoning,manifest,tsvc_2_s274.yaml,kernels/loop_level_reasoning/tsvc_2_s274/tsvc_2_s274.yaml,loop_level_reasoning/tsvc_2_s274/tsvc_2_s274.yaml,374c7674aa3d37b00c3ce54e2efb591f4c2bef4b6509e7059dfc5e517ad5f2dd,1055
tsvc_2_s274,loop_level_reasoning,numpy,tsvc_2_s274_numpy.py,kernels/loop_level_reasoning/tsvc_2_s274/tsvc_2_s274_numpy.py,loop_level_reasoning/tsvc_2_s274/tsvc_2_s274_numpy.py,970f2b3bffec937e318bf34b8cae363186570450a172b81c97ac75138a0efc54,533
tsvc_2_s275,loop_level_reasoning,manifest,tsvc_2_s275.yaml,kernels/loop_level_reasoning/tsvc_2_s275/tsvc_2_s275.yaml,loop_level_reasoning/tsvc_2_s275/tsvc_2_s275.yaml,f7b14013ea8c44c3d42c646a60df3032958ee47ab39cbe639a7a50688f51807f,1071
tsvc_2_s275,loop_level_reasoning,numpy,tsvc_2_s275_numpy.py,kernels/loop_level_reasoning/tsvc_2_s275/tsvc_2_s275_numpy.py,loop_level_reasoning/tsvc_2_s275/tsvc_2_s275_numpy.py,be33475c3fa6f90b93b7879495c58f1ef63fefa0fc7c4136c7427c3845adfa8d,520
tsvc_2_s276,loop_level_reasoning,manifest,tsvc_2_s276.yaml,kernels/loop_level_reasoning/tsvc_2_s276/tsvc_2_s276.yaml,loop_level_reasoning/tsvc_2_s276/tsvc_2_s276.yaml,778a1343906dcacc846ec74df07b0ddc1f85a1c37eac8f8987e0ee0306c79081,953
tsvc_2_s276,loop_level_reasoning,numpy,tsvc_2_s276_numpy.py,kernels/loop_level_reasoning/tsvc_2_s276/tsvc_2_s276_numpy.py,loop_level_reasoning/tsvc_2_s276/tsvc_2_s276_numpy.py,29e6058b03351d9b8342800b5b284103b9a9fc17bf84a6849ff88276ac53e140,520
tsvc_2_s277,loop_level_reasoning,manifest,tsvc_2_s277.yaml,kernels/loop_level_reasoning/tsvc_2_s277/tsvc_2_s277.yaml,loop_level_reasoning/tsvc_2_s277/tsvc_2_s277.yaml,38176b9bbc92515be2f12c338db5c1740e38c2b7a0dda711182e179eb5f1b997,1046
tsvc_2_s277,loop_level_reasoning,numpy,tsvc_2_s277_numpy.py,kernels/loop_level_reasoning/tsvc_2_s277/tsvc_2_s277_numpy.py,loop_level_reasoning/tsvc_2_s277/tsvc_2_s277_numpy.py,bf89f53485ed0d0bd51152cf94b522a2258eda65b7d91333d28426786ed7bc3f,538
tsvc_2_s278,loop_level_reasoning,manifest,tsvc_2_s278.yaml,kernels/loop_level_reasoning/tsvc_2_s278/tsvc_2_s278.yaml,loop_level_reasoning/tsvc_2_s278/tsvc_2_s278.yaml,2e296ba966c7ca5dd76b4c2ad40dd0c6ae282737f3eaa6910a15d2ae622d8ca2,979
tsvc_2_s278,loop_level_reasoning,numpy,tsvc_2_s278_numpy.py,kernels/loop_level_reasoning/tsvc_2_s278/tsvc_2_s278_numpy.py,loop_level_reasoning/tsvc_2_s278/tsvc_2_s278_numpy.py,bab365f8b2186546422587c3ce1144624544344f72cce59773ecf1a4c2dd8de8,549
tsvc_2_s279,loop_level_reasoning,manifest,tsvc_2_s279.yaml,kernels/loop_level_reasoning/tsvc_2_s279/tsvc_2_s279.yaml,loop_level_reasoning/tsvc_2_s279/tsvc_2_s279.yaml,5f64bb653be402f74a62c3ffe2924c96aa0a29e08c6c80ffa4809ff53d73e967,1031
tsvc_2_s279,loop_level_reasoning,numpy,tsvc_2_s279_numpy.py,kernels/loop_level_reasoning/tsvc_2_s279/tsvc_2_s279_numpy.py,loop_level_reasoning/tsvc_2_s279/tsvc_2_s279_numpy.py,0fdbaa4cad9b0955c32dab8b5dad1fb572bcef999d09cbbf89786e0fe8e83762,619
tsvc_2_s281,loop_level_reasoning,manifest,tsvc_2_s281.yaml,kernels/loop_level_reasoning/tsvc_2_s281/tsvc_2_s281.yaml,loop_level_reasoning/tsvc_2_s281/tsvc_2_s281.yaml,a94f5e1af9e2b1ad7373377485e99439d894c5ac868ed37a23a84186316b70f7,1090
tsvc_2_s281,loop_level_reasoning,numpy,tsvc_2_s281_numpy.py,kernels/loop_level_reasoning/tsvc_2_s281/tsvc_2_s281_numpy.py,loop_level_reasoning/tsvc_2_s281/tsvc_2_s281_numpy.py,5d169968669d3248f0b37a7c9b572d7c471b7e80311db7a0390de7972b460c4b,452
tsvc_2_s291,loop_level_reasoning,manifest,tsvc_2_s291.yaml,kernels/loop_level_reasoning/tsvc_2_s291/tsvc_2_s291.yaml,loop_level_reasoning/tsvc_2_s291/tsvc_2_s291.yaml,5b94b638bc7872baa7e4098852e669b327e9d624447d65d808916fac08aa9e19,966
tsvc_2_s291,loop_level_reasoning,numpy,tsvc_2_s291_numpy.py,kernels/loop_level_reasoning/tsvc_2_s291/tsvc_2_s291_numpy.py,loop_level_reasoning/tsvc_2_s291/tsvc_2_s291_numpy.py,861a65da929388eed4024524889074b58ff02b2bb75f9c3fd29308a25e0a739e,434
tsvc_2_s292,loop_level_reasoning,manifest,tsvc_2_s292.yaml,kernels/loop_level_reasoning/tsvc_2_s292/tsvc_2_s292.yaml,loop_level_reasoning/tsvc_2_s292/tsvc_2_s292.yaml,72c2be1e65d9f91efd616546c928d5442d543ca9f6767a01355897cdbfef6095,971
tsvc_2_s292,loop_level_reasoning,numpy,tsvc_2_s292_numpy.py,kernels/loop_level_reasoning/tsvc_2_s292/tsvc_2_s292_numpy.py,loop_level_reasoning/tsvc_2_s292/tsvc_2_s292_numpy.py,c93adcd0f599db3cd653efbc0e85f9151e3d706f8330a72421d3ebcb67021e53,514
tsvc_2_s293,loop_level_reasoning,manifest,tsvc_2_s293.yaml,kernels/loop_level_reasoning/tsvc_2_s293/tsvc_2_s293.yaml,loop_level_reasoning/tsvc_2_s293/tsvc_2_s293.yaml,e3f1b46572eeedeb7357b081bffb03de2901e0595787da19a097873b6a48f836,932
tsvc_2_s293,loop_level_reasoning,numpy,tsvc_2_s293_numpy.py,kernels/loop_level_reasoning/tsvc_2_s293/tsvc_2_s293_numpy.py,loop_level_reasoning/tsvc_2_s293/tsvc_2_s293_numpy.py,59ebcd37f3ac2a469cb88860b7afdae4c7445f1f93f750131c3a8e1f100452fc,368
tsvc_2_s311,loop_level_reasoning,manifest,tsvc_2_s311.yaml,kernels/loop_level_reasoning/tsvc_2_s311/tsvc_2_s311.yaml,loop_level_reasoning/tsvc_2_s311/tsvc_2_s311.yaml,dde312882c8cf9185492d64cd792d39b3ae5d1e68b975a77cc745dfee1c55572,1039
tsvc_2_s311,loop_level_reasoning,numpy,tsvc_2_s311_numpy.py,kernels/loop_level_reasoning/tsvc_2_s311/tsvc_2_s311_numpy.py,loop_level_reasoning/tsvc_2_s311/tsvc_2_s311_numpy.py,a1435c37c74d7e09c34d3d321b0f617fbff60d011b164a35222a45e78a517109,424
tsvc_2_s3110,loop_level_reasoning,manifest,tsvc_2_s3110.yaml,kernels/loop_level_reasoning/tsvc_2_s3110/tsvc_2_s3110.yaml,loop_level_reasoning/tsvc_2_s3110/tsvc_2_s3110.yaml,f5d2b12aa9611848d12fd5ce7e8b5112f87598a7b852ea33328690f6ed9ab31f,1077
tsvc_2_s3110,loop_level_reasoning,numpy,tsvc_2_s3110_numpy.py,kernels/loop_level_reasoning/tsvc_2_s3110/tsvc_2_s3110_numpy.py,loop_level_reasoning/tsvc_2_s3110/tsvc_2_s3110_numpy.py,6e14a9ea5eae6d6004d563e73f9c31cb14696630e80bd70baef765dd5710e636,666
tsvc_2_s3111,loop_level_reasoning,manifest,tsvc_2_s3111.yaml,kernels/loop_level_reasoning/tsvc_2_s3111/tsvc_2_s3111.yaml,loop_level_reasoning/tsvc_2_s3111/tsvc_2_s3111.yaml,d4f01cbd730079752f32d9af51bc38eebd90b8e846339d01a3d0043090ab1ed9,1003
tsvc_2_s3111,loop_level_reasoning,numpy,tsvc_2_s3111_numpy.py,kernels/loop_level_reasoning/tsvc_2_s3111/tsvc_2_s3111_numpy.py,loop_level_reasoning/tsvc_2_s3111/tsvc_2_s3111_numpy.py,d6c61a84d469ad04ef84077116c80b33b0d296c738d69c944536f82e2c68ecc5,446
tsvc_2_s31111,loop_level_reasoning,manifest,tsvc_2_s31111.yaml,kernels/loop_level_reasoning/tsvc_2_s31111/tsvc_2_s31111.yaml,loop_level_reasoning/tsvc_2_s31111/tsvc_2_s31111.yaml,6f28f6f40eb2b273f7dc7de7e68b9be6bfc9873c0b1fe694c0f96648be4278fd,986
tsvc_2_s31111,loop_level_reasoning,numpy,tsvc_2_s31111_numpy.py,kernels/loop_level_reasoning/tsvc_2_s31111/tsvc_2_s31111_numpy.py,loop_level_reasoning/tsvc_2_s31111/tsvc_2_s31111_numpy.py,f36b0c4f4ff3773f4fcafa3d6ecb6d380ccad2e7d54c49deee02e7fa72eabc8b,617
tsvc_2_s3112,loop_level_reasoning,manifest,tsvc_2_s3112.yaml,kernels/loop_level_reasoning/tsvc_2_s3112/tsvc_2_s3112.yaml,loop_level_reasoning/tsvc_2_s3112/tsvc_2_s3112.yaml,c87877e698c6aebe2bafa316ffb334732ab7ccbed4ce360a6749d7b4c5f0b884,1030
tsvc_2_s3112,loop_level_reasoning,numpy,tsvc_2_s3112_numpy.py,kernels/loop_level_reasoning/tsvc_2_s3112/tsvc_2_s3112_numpy.py,loop_level_reasoning/tsvc_2_s3112/tsvc_2_s3112_numpy.py,6933692f0a9a165ea822ce86cc6835e548e7b697f10023a16d9cc65a7305f34b,412
tsvc_2_s3113,loop_level_reasoning,manifest,tsvc_2_s3113.yaml,kernels/loop_level_reasoning/tsvc_2_s3113/tsvc_2_s3113.yaml,loop_level_reasoning/tsvc_2_s3113/tsvc_2_s3113.yaml,cd4605084bed6b91438738628d72bf275a3b4c7d0685e21853cac3f6af0ac896,913
tsvc_2_s3113,loop_level_reasoning,numpy,tsvc_2_s3113_numpy.py,kernels/loop_level_reasoning/tsvc_2_s3113/tsvc_2_s3113_numpy.py,loop_level_reasoning/tsvc_2_s3113/tsvc_2_s3113_numpy.py,553f953da6d1b2431a67a80243193bb725f89d3edeadf67221ada4b1ab942085,468
tsvc_2_s312,loop_level_reasoning,manifest,tsvc_2_s312.yaml,kernels/loop_level_reasoning/tsvc_2_s312/tsvc_2_s312.yaml,loop_level_reasoning/tsvc_2_s312/tsvc_2_s312.yaml,433387612182e65b046605628e99a4248737e16413e28b6dcf0619a5a2d620d3,985
tsvc_2_s312,loop_level_reasoning,numpy,tsvc_2_s312_numpy.py,kernels/loop_level_reasoning/tsvc_2_s312/tsvc_2_s312_numpy.py,loop_level_reasoning/tsvc_2_s312/tsvc_2_s312_numpy.py,4c82896496285dfd5369ae3cfa504dcc64ec5085e5b07e3348db5bf78882ae74,420
tsvc_2_s313,loop_level_reasoning,manifest,tsvc_2_s313.yaml,kernels/loop_level_reasoning/tsvc_2_s313/tsvc_2_s313.yaml,loop_level_reasoning/tsvc_2_s313/tsvc_2_s313.yaml,4cc2777db661ae658dc6de1becb43dc6b7a16c04d4e74aec962dd862349a33f8,985
tsvc_2_s313,loop_level_reasoning,numpy,tsvc_2_s313_numpy.py,kernels/loop_level_reasoning/tsvc_2_s313/tsvc_2_s313_numpy.py,loop_level_reasoning/tsvc_2_s313/tsvc_2_s313_numpy.py,150f861b9b1b62e32307c6d5cb8478cf59d40aa73f41418aa70236497ef73e53,422
tsvc_2_s314,loop_level_reasoning,manifest,tsvc_2_s314.yaml,kernels/loop_level_reasoning/tsvc_2_s314/tsvc_2_s314.yaml,loop_level_reasoning/tsvc_2_s314/tsvc_2_s314.yaml,9d54d886d2b3eb98f00d2a38ab1292de3c1aa9976da0b72268fadeb619093035,958
tsvc_2_s314,loop_level_reasoning,numpy,tsvc_2_s314_numpy.py,kernels/loop_level_reasoning/tsvc_2_s314/tsvc_2_s314_numpy.py,loop_level_reasoning/tsvc_2_s314/tsvc_2_s314_numpy.py,2694dc31ff792009190d727517ef08a38712121c21fcd5b385bc4b8572cf6729,433
tsvc_2_s315,loop_level_reasoning,manifest,tsvc_2_s315.yaml,kernels/loop_level_reasoning/tsvc_2_s315/tsvc_2_s315.yaml,loop_level_reasoning/tsvc_2_s315/tsvc_2_s315.yaml,782b0bfdc90942f448047ce947256aea203a62f64e85ff56e321b079ce2f7e15,1012
tsvc_2_s315,loop_level_reasoning,numpy,tsvc_2_s315_numpy.py,kernels/loop_level_reasoning/tsvc_2_s315/tsvc_2_s315_numpy.py,loop_level_reasoning/tsvc_2_s315/tsvc_2_s315_numpy.py,43f5c93890dfc9c4541f9d284042ab02776e865005a1a3b118267636d6feaef8,562
tsvc_2_s316,loop_level_reasoning,manifest,tsvc_2_s316.yaml,kernels/loop_level_reasoning/tsvc_2_s316/tsvc_2_s316.yaml,loop_level_reasoning/tsvc_2_s316/tsvc_2_s316.yaml,4fb40f2e997b45854fde37d84d902d4babe45cc0f48bd1d7c77dd4535e7bdeac,981
tsvc_2_s316,loop_level_reasoning,numpy,tsvc_2_s316_numpy.py,kernels/loop_level_reasoning/tsvc_2_s316/tsvc_2_s316_numpy.py,loop_level_reasoning/tsvc_2_s316/tsvc_2_s316_numpy.py,108a83b4e921f9a5e94edf702632190b22ca528929ccc8a662169d01d7bee582,433
tsvc_2_s317,loop_level_reasoning,manifest,tsvc_2_s317.yaml,kernels/loop_level_reasoning/tsvc_2_s317/tsvc_2_s317.yaml,loop_level_reasoning/tsvc_2_s317/tsvc_2_s317.yaml,557529b24861e9199bda956ae7439fa0443002c74075dadc78f60d78f7ab0211,981
tsvc_2_s317,loop_level_reasoning,numpy,tsvc_2_s317_numpy.py,kernels/loop_level_reasoning/tsvc_2_s317/tsvc_2_s317_numpy.py,loop_level_reasoning/tsvc_2_s317/tsvc_2_s317_numpy.py,35acf47965f8616ca385f4f6b81dbe478f124d70d739388c8862cb6eb86873a6,383
tsvc_2_s318,loop_level_reasoning,manifest,tsvc_2_s318.yaml,kernels/loop_level_reasoning/tsvc_2_s318/tsvc_2_s318.yaml,loop_level_reasoning/tsvc_2_s318/tsvc_2_s318.yaml,492eb11c1dd959567ed3fb9f3d2c19f037ce0d21c0451bcd27d8252d0d6bd9e2,1124
tsvc_2_s318,loop_level_reasoning,numpy,tsvc_2_s318_numpy.py,kernels/loop_level_reasoning/tsvc_2_s318/tsvc_2_s318_numpy.py,loop_level_reasoning/tsvc_2_s318/tsvc_2_s318_numpy.py,31ac7735bef476b84c88e205b7652e1c9dc652439bd77e89ce7d2c84d90ab710,568
tsvc_2_s319,loop_level_reasoning,manifest,tsvc_2_s319.yaml,kernels/loop_level_reasoning/tsvc_2_s319/tsvc_2_s319.yaml,loop_level_reasoning/tsvc_2_s319/tsvc_2_s319.yaml,172d2901f5b3face13311f478fe62c687f9356d3b55f752642aba9e2da6c9fd0,1108
tsvc_2_s319,loop_level_reasoning,numpy,tsvc_2_s319_numpy.py,kernels/loop_level_reasoning/tsvc_2_s319/tsvc_2_s319_numpy.py,loop_level_reasoning/tsvc_2_s319/tsvc_2_s319_numpy.py,81cb6133727f20233081c89558be6ba769a88c8eea60d64d842a8db1233aa1e3,557
tsvc_2_s321,loop_level_reasoning,manifest,tsvc_2_s321.yaml,kernels/loop_level_reasoning/tsvc_2_s321/tsvc_2_s321.yaml,loop_level_reasoning/tsvc_2_s321/tsvc_2_s321.yaml,a19277a3d59f5dd2e4ca7ea2534886800e10d6a3cde0683e8e62593daae6503b,890
tsvc_2_s321,loop_level_reasoning,numpy,tsvc_2_s321_numpy.py,kernels/loop_level_reasoning/tsvc_2_s321/tsvc_2_s321_numpy.py,loop_level_reasoning/tsvc_2_s321/tsvc_2_s321_numpy.py,e80197c364cbe0a5ce2a21f36eaf8885a2da24255c72a52f3e68b1b3db7efff9,393
tsvc_2_s322,loop_level_reasoning,manifest,tsvc_2_s322.yaml,kernels/loop_level_reasoning/tsvc_2_s322/tsvc_2_s322.yaml,loop_level_reasoning/tsvc_2_s322/tsvc_2_s322.yaml,f98eba895fc8d0621261cb9f623cf26fe4a7d4da641a91a6e652a648f914aa6c,944
tsvc_2_s322,loop_level_reasoning,numpy,tsvc_2_s322_numpy.py,kernels/loop_level_reasoning/tsvc_2_s322/tsvc_2_s322_numpy.py,loop_level_reasoning/tsvc_2_s322/tsvc_2_s322_numpy.py,ace64e7643c02d730fb9276b4eec30bc9b3fbb63d361d4ecf421410897d86f63,447
tsvc_2_s323,loop_level_reasoning,manifest,tsvc_2_s323.yaml,kernels/loop_level_reasoning/tsvc_2_s323/tsvc_2_s323.yaml,loop_level_reasoning/tsvc_2_s323/tsvc_2_s323.yaml,e9c45cc76eb26e8d0df6a646250947fb728c616cf87ff611f8d9288d5aa300a5,921
tsvc_2_s323,loop_level_reasoning,numpy,tsvc_2_s323_numpy.py,kernels/loop_level_reasoning/tsvc_2_s323/tsvc_2_s323_numpy.py,loop_level_reasoning/tsvc_2_s323/tsvc_2_s323_numpy.py,48c30005b76c5b4c5af1066b7173de6f96d7a16266c08e48445340aecabfebed,475
tsvc_2_s3251,loop_level_reasoning,manifest,tsvc_2_s3251.yaml,kernels/loop_level_reasoning/tsvc_2_s3251/tsvc_2_s3251.yaml,loop_level_reasoning/tsvc_2_s3251/tsvc_2_s3251.yaml,f27301cdadc4933f944abb0ce1feb472d85568aec082481351da138b0029bc19,1044
tsvc_2_s3251,loop_level_reasoning,numpy,tsvc_2_s3251_numpy.py,kernels/loop_level_reasoning/tsvc_2_s3251/tsvc_2_s3251_numpy.py,loop_level_reasoning/tsvc_2_s3251/tsvc_2_s3251_numpy.py,acd509062bdfef6c9517df3112b136876f2b42f2a70238b2140f1d6d31871979,491
tsvc_2_s331,loop_level_reasoning,manifest,tsvc_2_s331.yaml,kernels/loop_level_reasoning/tsvc_2_s331/tsvc_2_s331.yaml,loop_level_reasoning/tsvc_2_s331/tsvc_2_s331.yaml,a46745e7799b8b207a0742a68bc1c93c867ffbf96359003049b4e1ea3e691321,853
tsvc_2_s331,loop_level_reasoning,numpy,tsvc_2_s331_numpy.py,kernels/loop_level_reasoning/tsvc_2_s331/tsvc_2_s331_numpy.py,loop_level_reasoning/tsvc_2_s331/tsvc_2_s331_numpy.py,df07c6e897b0bec6ee4134e77e3d49a02874b19da7736e217cc189db93c78435,423
tsvc_2_s332,loop_level_reasoning,manifest,tsvc_2_s332.yaml,kernels/loop_level_reasoning/tsvc_2_s332/tsvc_2_s332.yaml,loop_level_reasoning/tsvc_2_s332/tsvc_2_s332.yaml,c53b5041eed6db2d925ae999ffefcddf338a9018c6a3d9d06ad26c9e5f08ebb3,994
tsvc_2_s332,loop_level_reasoning,numpy,tsvc_2_s332_numpy.py,kernels/loop_level_reasoning/tsvc_2_s332/tsvc_2_s332_numpy.py,loop_level_reasoning/tsvc_2_s332/tsvc_2_s332_numpy.py,9d7d63c9543dc46a0aca0a1fdf1f01b3671cf573527ebb3eee43a46c90874b72,531
tsvc_2_s341,loop_level_reasoning,manifest,tsvc_2_s341.yaml,kernels/loop_level_reasoning/tsvc_2_s341/tsvc_2_s341.yaml,loop_level_reasoning/tsvc_2_s341/tsvc_2_s341.yaml,18bfd092d0f1d2546517ce691264b82e79b24680ebdd6b600d3769fbb6380375,866
tsvc_2_s341,loop_level_reasoning,numpy,tsvc_2_s341_numpy.py,kernels/loop_level_reasoning/tsvc_2_s341/tsvc_2_s341_numpy.py,loop_level_reasoning/tsvc_2_s341/tsvc_2_s341_numpy.py,e3be42fd824c2934e6dc9c2de4ff69d0cfda5679e1e68f0fd3cb5f3fe69d8e26,432
tsvc_2_s342,loop_level_reasoning,manifest,tsvc_2_s342.yaml,kernels/loop_level_reasoning/tsvc_2_s342/tsvc_2_s342.yaml,loop_level_reasoning/tsvc_2_s342/tsvc_2_s342.yaml,9505ff679cf05159fbdd3570d8b1072045fd941bc4623d7b8019983f4e9e7a69,875
tsvc_2_s342,loop_level_reasoning,numpy,tsvc_2_s342_numpy.py,kernels/loop_level_reasoning/tsvc_2_s342/tsvc_2_s342_numpy.py,loop_level_reasoning/tsvc_2_s342/tsvc_2_s342_numpy.py,5c9d847f9e453fbdc54c0c8e2491118e40fdb32a16f4bc9694005c01617294c3,432
tsvc_2_s343,loop_level_reasoning,manifest,tsvc_2_s343.yaml,kernels/loop_level_reasoning/tsvc_2_s343/tsvc_2_s343.yaml,loop_level_reasoning/tsvc_2_s343/tsvc_2_s343.yaml,91f0d9ff754603f755c65440e147079f7b78cca1f7da2c0492add481b1e74c0e,926
tsvc_2_s343,loop_level_reasoning,numpy,tsvc_2_s343_numpy.py,kernels/loop_level_reasoning/tsvc_2_s343/tsvc_2_s343_numpy.py,loop_level_reasoning/tsvc_2_s343/tsvc_2_s343_numpy.py,f63ddb20d2b8ee1c1137ce3241b509d5b89dfba172330ea77590a222dc944e55,561
tsvc_2_s351,loop_level_reasoning,manifest,tsvc_2_s351.yaml,kernels/loop_level_reasoning/tsvc_2_s351/tsvc_2_s351.yaml,loop_level_reasoning/tsvc_2_s351/tsvc_2_s351.yaml,6682c3eaf1e0349ab5bc7bd40564dd653a268b9bb5e9c46c8138e5277a6703b1,966
tsvc_2_s351,loop_level_reasoning,numpy,tsvc_2_s351_numpy.py,kernels/loop_level_reasoning/tsvc_2_s351/tsvc_2_s351_numpy.py,loop_level_reasoning/tsvc_2_s351/tsvc_2_s351_numpy.py,72980423778d1663999f3119b9531e3393b68fbc89ca252b95a29c31d53dc45d,573
tsvc_2_s352,loop_level_reasoning,manifest,tsvc_2_s352.yaml,kernels/loop_level_reasoning/tsvc_2_s352/tsvc_2_s352.yaml,loop_level_reasoning/tsvc_2_s352/tsvc_2_s352.yaml,81486b359833e004c7606e4376f6ec11fe6a263aa2e87e4e3367af950ebe45eb,913
tsvc_2_s352,loop_level_reasoning,numpy,tsvc_2_s352_numpy.py,kernels/loop_level_reasoning/tsvc_2_s352/tsvc_2_s352_numpy.py,loop_level_reasoning/tsvc_2_s352/tsvc_2_s352_numpy.py,6030517d025a0aa7b69f7e1e23ca3a5c145e5ab252ef1be76792108d5927127a,560
tsvc_2_s353,loop_level_reasoning,manifest,tsvc_2_s353.yaml,kernels/loop_level_reasoning/tsvc_2_s353/tsvc_2_s353.yaml,loop_level_reasoning/tsvc_2_s353/tsvc_2_s353.yaml,8d0a363d529cdf6f7c137877ab5cb1a5716deb6d94a9a6d43c95559e575f2db9,1004
tsvc_2_s353,loop_level_reasoning,numpy,tsvc_2_s353_numpy.py,kernels/loop_level_reasoning/tsvc_2_s353/tsvc_2_s353_numpy.py,loop_level_reasoning/tsvc_2_s353/tsvc_2_s353_numpy.py,6a0656833b6a8214fbb67bc564e12a8080963ef475b1fb003b909c2a0d1f31b9,609
tsvc_2_s4112,loop_level_reasoning,manifest,tsvc_2_s4112.yaml,kernels/loop_level_reasoning/tsvc_2_s4112/tsvc_2_s4112.yaml,loop_level_reasoning/tsvc_2_s4112/tsvc_2_s4112.yaml,67f602975172935adbcacadcf5e15b1181a6a6f37ec8c39d0e49e3cc2e211a6e,991
tsvc_2_s4112,loop_level_reasoning,numpy,tsvc_2_s4112_numpy.py,kernels/loop_level_reasoning/tsvc_2_s4112/tsvc_2_s4112_numpy.py,loop_level_reasoning/tsvc_2_s4112/tsvc_2_s4112_numpy.py,179fa60645783d31ddcf260b802622898e8d33690fb608c0eb12f53d2d23f217,409
tsvc_2_s4113,loop_level_reasoning,manifest,tsvc_2_s4113.yaml,kernels/loop_level_reasoning/tsvc_2_s4113/tsvc_2_s4113.yaml,loop_level_reasoning/tsvc_2_s4113/tsvc_2_s4113.yaml,530769a683f69a85f3aca2bfacba7ca2fbd470e055f198f849081c6565d09509,1030
tsvc_2_s4113,loop_level_reasoning,numpy,tsvc_2_s4113_numpy.py,kernels/loop_level_reasoning/tsvc_2_s4113/tsvc_2_s4113_numpy.py,loop_level_reasoning/tsvc_2_s4113/tsvc_2_s4113_numpy.py,6739b922c4f213f7664ae3570dc95d6c5b19d0be09fb0077206920e0d3f899ec,423
tsvc_2_s4114,loop_level_reasoning,manifest,tsvc_2_s4114.yaml,kernels/loop_level_reasoning/tsvc_2_s4114/tsvc_2_s4114.yaml,loop_level_reasoning/tsvc_2_s4114/tsvc_2_s4114.yaml,38fe933edae47db5881fb811866aa28be508dc1d2628466c5190847a7e3c2cfe,1098
tsvc_2_s4114,loop_level_reasoning,numpy,tsvc_2_s4114_numpy.py,kernels/loop_level_reasoning/tsvc_2_s4114/tsvc_2_s4114_numpy.py,loop_level_reasoning/tsvc_2_s4114/tsvc_2_s4114_numpy.py,2409d7a3b1da42b4e2d2df332e39742dfa43adc8bc3115c1e25c14a6bb65921c,484
tsvc_2_s4115,loop_level_reasoning,manifest,tsvc_2_s4115.yaml,kernels/loop_level_reasoning/tsvc_2_s4115/tsvc_2_s4115.yaml,loop_level_reasoning/tsvc_2_s4115/tsvc_2_s4115.yaml,df4518166d462974bc7945a6b524c7d9bda23c902b3f591994f1a25368a088a2,982
tsvc_2_s4115,loop_level_reasoning,numpy,tsvc_2_s4115_numpy.py,kernels/loop_level_reasoning/tsvc_2_s4115/tsvc_2_s4115_numpy.py,loop_level_reasoning/tsvc_2_s4115/tsvc_2_s4115_numpy.py,55e0f7fbe1bcf58cd67d3f301c90b2c492278b9d62049790834b0a8223c92411,500
tsvc_2_s4116,loop_level_reasoning,manifest,tsvc_2_s4116.yaml,kernels/loop_level_reasoning/tsvc_2_s4116/tsvc_2_s4116.yaml,loop_level_reasoning/tsvc_2_s4116/tsvc_2_s4116.yaml,d983b7f237827d49970ea9afd6995d269a8042bcd934328ff7daa02dd36de966,1668
tsvc_2_s4116,loop_level_reasoning,numpy,tsvc_2_s4116_numpy.py,kernels/loop_level_reasoning/tsvc_2_s4116/tsvc_2_s4116_numpy.py,loop_level_reasoning/tsvc_2_s4116/tsvc_2_s4116_numpy.py,e005573acc9bcb406ecd03df1262c0f16afe964400db36feb64075fe7799d283,547
tsvc_2_s4117,loop_level_reasoning,manifest,tsvc_2_s4117.yaml,kernels/loop_level_reasoning/tsvc_2_s4117/tsvc_2_s4117.yaml,loop_level_reasoning/tsvc_2_s4117/tsvc_2_s4117.yaml,82f34f1a0d7e43d960ffab71a197580fcd9eb3a7d5db06fff07b95c8852ef84d,979
tsvc_2_s4117,loop_level_reasoning,numpy,tsvc_2_s4117_numpy.py,kernels/loop_level_reasoning/tsvc_2_s4117/tsvc_2_s4117_numpy.py,loop_level_reasoning/tsvc_2_s4117/tsvc_2_s4117_numpy.py,0ad5fcc9c6867207ba4acc7a6269eeda13947435ae854e6861aa2336ea141f5e,439
tsvc_2_s4121,loop_level_reasoning,manifest,tsvc_2_s4121.yaml,kernels/loop_level_reasoning/tsvc_2_s4121/tsvc_2_s4121.yaml,loop_level_reasoning/tsvc_2_s4121/tsvc_2_s4121.yaml,5b6bfd3d17dd51a0763bd237ec2815529613a10d30ced9e028c683cca9ac5d4a,883
tsvc_2_s4121,loop_level_reasoning,numpy,tsvc_2_s4121_numpy.py,kernels/loop_level_reasoning/tsvc_2_s4121/tsvc_2_s4121_numpy.py,loop_level_reasoning/tsvc_2_s4121/tsvc_2_s4121_numpy.py,9da8415611d7564bc1af9094ec5c37a1ed4c38ad72f66c6684f817c2644c7653,404
tsvc_2_s421,loop_level_reasoning,manifest,tsvc_2_s421.yaml,kernels/loop_level_reasoning/tsvc_2_s421/tsvc_2_s421.yaml,loop_level_reasoning/tsvc_2_s421/tsvc_2_s421.yaml,10934d506521ebe23c2907cf238f32c0688beafa3a99aae28ce58d38a3297d12,926
tsvc_2_s421,loop_level_reasoning,numpy,tsvc_2_s421_numpy.py,kernels/loop_level_reasoning/tsvc_2_s421/tsvc_2_s421_numpy.py,loop_level_reasoning/tsvc_2_s421/tsvc_2_s421_numpy.py,d423a22b4448595ae10f994d158bedf8fba4f6a21cb9533b466e46e35e640294,435
tsvc_2_s422,loop_level_reasoning,manifest,tsvc_2_s422.yaml,kernels/loop_level_reasoning/tsvc_2_s422/tsvc_2_s422.yaml,loop_level_reasoning/tsvc_2_s422/tsvc_2_s422.yaml,cd04c65ce143faeb4601b21bfa41370aa99b8886e7f02b9c6a10ca347a93ee93,960
tsvc_2_s422,loop_level_reasoning,numpy,tsvc_2_s422_numpy.py,kernels/loop_level_reasoning/tsvc_2_s422/tsvc_2_s422_numpy.py,loop_level_reasoning/tsvc_2_s422/tsvc_2_s422_numpy.py,3c407ae048653b71513736666b2fb89bc0957ca3d003e13ecc3ab4b6d5b25469,439
tsvc_2_s423,loop_level_reasoning,manifest,tsvc_2_s423.yaml,kernels/loop_level_reasoning/tsvc_2_s423/tsvc_2_s423.yaml,loop_level_reasoning/tsvc_2_s423/tsvc_2_s423.yaml,31bd5e544a11dd2921ea331c5ec1a80cb9108384bd8342f9cbfb9b208bc0756c,913
tsvc_2_s423,loop_level_reasoning,numpy,tsvc_2_s423_numpy.py,kernels/loop_level_reasoning/tsvc_2_s423/tsvc_2_s423_numpy.py,loop_level_reasoning/tsvc_2_s423/tsvc_2_s423_numpy.py,4ee0d40ad15a7b08d49dfbc592a5911f126c80974cf3683ebb0975a366c207b1,457
tsvc_2_s424,loop_level_reasoning,manifest,tsvc_2_s424.yaml,kernels/loop_level_reasoning/tsvc_2_s424/tsvc_2_s424.yaml,loop_level_reasoning/tsvc_2_s424/tsvc_2_s424.yaml,05c81335f0be7532bfec7a94fe397bb84b99a7bf9db186abac3f47477042093f,922
tsvc_2_s424,loop_level_reasoning,numpy,tsvc_2_s424_numpy.py,kernels/loop_level_reasoning/tsvc_2_s424/tsvc_2_s424_numpy.py,loop_level_reasoning/tsvc_2_s424/tsvc_2_s424_numpy.py,f1c5e541f3d9ae9bc1d2b7269a9d2bed6fbfb3071bc0ce8f1e02810a6f6f7c30,415
tsvc_2_s431,loop_level_reasoning,manifest,tsvc_2_s431.yaml,kernels/loop_level_reasoning/tsvc_2_s431/tsvc_2_s431.yaml,loop_level_reasoning/tsvc_2_s431/tsvc_2_s431.yaml,7011349303be12a2250404ed4647e317ae1da779107d91b0bb224c59f04d80ad,846
tsvc_2_s431,loop_level_reasoning,numpy,tsvc_2_s431_numpy.py,kernels/loop_level_reasoning/tsvc_2_s431/tsvc_2_s431_numpy.py,loop_level_reasoning/tsvc_2_s431/tsvc_2_s431_numpy.py,2bc3ffb393676405263b6150a2b237bcfd7b90c7e43cf2299f2395c9faf93cd7,379
tsvc_2_s441,loop_level_reasoning,manifest,tsvc_2_s441.yaml,kernels/loop_level_reasoning/tsvc_2_s441/tsvc_2_s441.yaml,loop_level_reasoning/tsvc_2_s441/tsvc_2_s441.yaml,fac218d41caff2fcfd4dd666763a53cdac4e935532e4dd2db843f0760cbccdd4,910
tsvc_2_s441,loop_level_reasoning,numpy,tsvc_2_s441_numpy.py,kernels/loop_level_reasoning/tsvc_2_s441/tsvc_2_s441_numpy.py,loop_level_reasoning/tsvc_2_s441/tsvc_2_s441_numpy.py,3b24fd58e4268daeff0ff2f361e5fac0330b526aafb3e3e7cff231a848730dd6,561
tsvc_2_s442,loop_level_reasoning,manifest,tsvc_2_s442.yaml,kernels/loop_level_reasoning/tsvc_2_s442/tsvc_2_s442.yaml,loop_level_reasoning/tsvc_2_s442/tsvc_2_s442.yaml,f5b07d8d6fe24e298c17d9ce8be6f67b35cbc1fe3b35100fe5dd9a21f5f06f9d,948
tsvc_2_s442,loop_level_reasoning,numpy,tsvc_2_s442_numpy.py,kernels/loop_level_reasoning/tsvc_2_s442/tsvc_2_s442_numpy.py,loop_level_reasoning/tsvc_2_s442/tsvc_2_s442_numpy.py,2ee260f7d6a09287bb04bab5df3a6672723a733324b79420eaf9d9d8e8a0040b,680
tsvc_2_s443,loop_level_reasoning,manifest,tsvc_2_s443.yaml,kernels/loop_level_reasoning/tsvc_2_s443/tsvc_2_s443.yaml,loop_level_reasoning/tsvc_2_s443/tsvc_2_s443.yaml,2ba78a40aefa4f971433a1b87a7151fa653cf9b550cdb956d79eef60777f2ea3,845
tsvc_2_s443,loop_level_reasoning,numpy,tsvc_2_s443_numpy.py,kernels/loop_level_reasoning/tsvc_2_s443/tsvc_2_s443_numpy.py,loop_level_reasoning/tsvc_2_s443/tsvc_2_s443_numpy.py,2e6f787e4cec968002b6df3d9accfed9aff36bcb4a1c574114461dfa5c76ab12,498
tsvc_2_s451,loop_level_reasoning,manifest,tsvc_2_s451.yaml,kernels/loop_level_reasoning/tsvc_2_s451/tsvc_2_s451.yaml,loop_level_reasoning/tsvc_2_s451/tsvc_2_s451.yaml,b9a129f88f313e8cf59394e2faba23e1bb87260c6bfc8ee719254df4838455bb,867
tsvc_2_s451,loop_level_reasoning,numpy,tsvc_2_s451_numpy.py,kernels/loop_level_reasoning/tsvc_2_s451/tsvc_2_s451_numpy.py,loop_level_reasoning/tsvc_2_s451/tsvc_2_s451_numpy.py,d357d634d932a82e9e69afd8507f345245c62d5879badf11affe99a77584d24a,432
tsvc_2_s452,loop_level_reasoning,manifest,tsvc_2_s452.yaml,kernels/loop_level_reasoning/tsvc_2_s452/tsvc_2_s452.yaml,loop_level_reasoning/tsvc_2_s452/tsvc_2_s452.yaml,24207f2ba56e98d3af5621bd92b3b4fa9ef9c9fa2eac2f28f474415858c0a3c1,883
tsvc_2_s452,loop_level_reasoning,numpy,tsvc_2_s452_numpy.py,kernels/loop_level_reasoning/tsvc_2_s452/tsvc_2_s452_numpy.py,loop_level_reasoning/tsvc_2_s452/tsvc_2_s452_numpy.py,cb569c3d239b10b3a57ce171fbd0ac84b6287b4a80b880dcea3bde3ec49b73e5,405
tsvc_2_s453,loop_level_reasoning,manifest,tsvc_2_s453.yaml,kernels/loop_level_reasoning/tsvc_2_s453/tsvc_2_s453.yaml,loop_level_reasoning/tsvc_2_s453/tsvc_2_s453.yaml,492344b644cc23a2a7889c1c8d476e540013e522627fa726690ac43193c06e44,885
tsvc_2_s453,loop_level_reasoning,numpy,tsvc_2_s453_numpy.py,kernels/loop_level_reasoning/tsvc_2_s453/tsvc_2_s453_numpy.py,loop_level_reasoning/tsvc_2_s453/tsvc_2_s453_numpy.py,256ed63b2c2326fd0311197936272f2ff0ddf65b798104f6d0e22b2e248ee8b2,408
tsvc_2_s471,loop_level_reasoning,manifest,tsvc_2_s471.yaml,kernels/loop_level_reasoning/tsvc_2_s471/tsvc_2_s471.yaml,loop_level_reasoning/tsvc_2_s471/tsvc_2_s471.yaml,14b38bc73bbb0d3628489bef1a9cb7f80e0eafac0a735adb6784567316ca4510,942
tsvc_2_s471,loop_level_reasoning,numpy,tsvc_2_s471_numpy.py,kernels/loop_level_reasoning/tsvc_2_s471/tsvc_2_s471_numpy.py,loop_level_reasoning/tsvc_2_s471/tsvc_2_s471_numpy.py,0bbf1a65ea8996f28a618dc0cb45eec519651a295caf0aca0360d33337e00895,468
tsvc_2_s481,loop_level_reasoning,manifest,tsvc_2_s481.yaml,kernels/loop_level_reasoning/tsvc_2_s481/tsvc_2_s481.yaml,loop_level_reasoning/tsvc_2_s481/tsvc_2_s481.yaml,351759c852d91eab176acb7a36db3ef84ef2fa1772f422fd788d4e425f389495,962
tsvc_2_s481,loop_level_reasoning,numpy,tsvc_2_s481_numpy.py,kernels/loop_level_reasoning/tsvc_2_s481/tsvc_2_s481_numpy.py,loop_level_reasoning/tsvc_2_s481/tsvc_2_s481_numpy.py,efe142d1cd67d2b41909351d5ffa29862b48fbbb043ce6a396f28b99cc35141a,459
tsvc_2_s482,loop_level_reasoning,manifest,tsvc_2_s482.yaml,kernels/loop_level_reasoning/tsvc_2_s482/tsvc_2_s482.yaml,loop_level_reasoning/tsvc_2_s482/tsvc_2_s482.yaml,3f3b2c80cb87990990a074ba95927ec6c78ac71f8819379e70b271f476bb3a95,1309
tsvc_2_s482,loop_level_reasoning,numpy,tsvc_2_s482_numpy.py,kernels/loop_level_reasoning/tsvc_2_s482/tsvc_2_s482_numpy.py,loop_level_reasoning/tsvc_2_s482/tsvc_2_s482_numpy.py,4bd9ad63f60c3593a01287aa15d5d33c940cc0c52fa984c25e1a3a7e1f95934a,444
tsvc_2_s491,loop_level_reasoning,manifest,tsvc_2_s491.yaml,kernels/loop_level_reasoning/tsvc_2_s491/tsvc_2_s491.yaml,loop_level_reasoning/tsvc_2_s491/tsvc_2_s491.yaml,3b44d5819099279eaba7cbc1a950c3593fc0e90bb8291f7af348fd0f98310110,1234
tsvc_2_s491,loop_level_reasoning,numpy,tsvc_2_s491_numpy.py,kernels/loop_level_reasoning/tsvc_2_s491/tsvc_2_s491_numpy.py,loop_level_reasoning/tsvc_2_s491/tsvc_2_s491_numpy.py,63890c541797ba05c9be26c97d8ee4b19973f17752d1fb501667eb4362128232,440
tsvc_2_va,loop_level_reasoning,manifest,tsvc_2_va.yaml,kernels/loop_level_reasoning/tsvc_2_va/tsvc_2_va.yaml,loop_level_reasoning/tsvc_2_va/tsvc_2_va.yaml,8f7da798d7f3ddff7ac767a235ae987d967eea6e07a99c426fa09bcbf009e978,948
tsvc_2_va,loop_level_reasoning,numpy,tsvc_2_va_numpy.py,kernels/loop_level_reasoning/tsvc_2_va/tsvc_2_va_numpy.py,loop_level_reasoning/tsvc_2_va/tsvc_2_va_numpy.py,4839e81fe0cc62f0db464af6b6cf770f24ba191b5b7b2ba1df75858ef1d822df,368
tsvc_2_vag,loop_level_reasoning,manifest,tsvc_2_vag.yaml,kernels/loop_level_reasoning/tsvc_2_vag/tsvc_2_vag.yaml,loop_level_reasoning/tsvc_2_vag/tsvc_2_vag.yaml,1ebe673ebb6f10c24ee9bc1ad47f1f1478746f29e9b9e53fbfed878bc02b9f97,1119
tsvc_2_vag,loop_level_reasoning,numpy,tsvc_2_vag_numpy.py,kernels/loop_level_reasoning/tsvc_2_vag/tsvc_2_vag_numpy.py,loop_level_reasoning/tsvc_2_vag/tsvc_2_vag_numpy.py,542c0077aa250729089ff6a678b36654a50d14c5b6a4af752adb0ea4b1e8efd8,392
tsvc_2_vas,loop_level_reasoning,manifest,tsvc_2_vas.yaml,kernels/loop_level_reasoning/tsvc_2_vas/tsvc_2_vas.yaml,loop_level_reasoning/tsvc_2_vas/tsvc_2_vas.yaml,8ce9252fa736d2503a7d3783a47fc2729ba7057bae0a9d64cf79c8fd57a36605,1124
tsvc_2_vas,loop_level_reasoning,numpy,tsvc_2_vas_numpy.py,kernels/loop_level_reasoning/tsvc_2_vas/tsvc_2_vas_numpy.py,loop_level_reasoning/tsvc_2_vas/tsvc_2_vas_numpy.py,28f8e91f767f8cc434fda0c730a849418e2a4ce4f7d1f66c125583816b76cc39,392
tsvc_2_vbor,loop_level_reasoning,manifest,tsvc_2_vbor.yaml,kernels/loop_level_reasoning/tsvc_2_vbor/tsvc_2_vbor.yaml,loop_level_reasoning/tsvc_2_vbor/tsvc_2_vbor.yaml,ca5f591210d67c97748645c24b080c5c6eba57e0de0e917a2adc298c8a434b2b,1221
tsvc_2_vbor,loop_level_reasoning,numpy,tsvc_2_vbor_numpy.py,kernels/loop_level_reasoning/tsvc_2_vbor/tsvc_2_vbor_numpy.py,loop_level_reasoning/tsvc_2_vbor/tsvc_2_vbor_numpy.py,9cff4f22a73c57c3ffd133209c9a8be1df3e5b64b025eefb58cee60f9c58df0e,1033
tsvc_2_vdotr,loop_level_reasoning,manifest,tsvc_2_vdotr.yaml,kernels/loop_level_reasoning/tsvc_2_vdotr/tsvc_2_vdotr.yaml,loop_level_reasoning/tsvc_2_vdotr/tsvc_2_vdotr.yaml,2d902ab5a1869c5fc1a3d09aa810ed9db94636d359528f40c08b6f0d6ef9b658,1102
tsvc_2_vdotr,loop_level_reasoning,numpy,tsvc_2_vdotr_numpy.py,kernels/loop_level_reasoning/tsvc_2_vdotr/tsvc_2_vdotr_numpy.py,loop_level_reasoning/tsvc_2_vdotr/tsvc_2_vdotr_numpy.py,06ddd35d37b70cdcec4e7b0b325c6eed5c02349bff5572e1c956cd6527eb9129,470
tsvc_2_vif,loop_level_reasoning,manifest,tsvc_2_vif.yaml,kernels/loop_level_reasoning/tsvc_2_vif/tsvc_2_vif.yaml,loop_level_reasoning/tsvc_2_vif/tsvc_2_vif.yaml,1a61389b3b618af7cc498d6fca6d5849ebee96798e075d93fdd8e5a55d8a7bb2,981
tsvc_2_vif,loop_level_reasoning,numpy,tsvc_2_vif_numpy.py,kernels/loop_level_reasoning/tsvc_2_vif/tsvc_2_vif_numpy.py,loop_level_reasoning/tsvc_2_vif/tsvc_2_vif_numpy.py,589512c778eaadfb376c8c6a843c7d378ad225c88313750291031d1b58e9f0a8,397
tsvc_2_vpv,loop_level_reasoning,manifest,tsvc_2_vpv.yaml,kernels/loop_level_reasoning/tsvc_2_vpv/tsvc_2_vpv.yaml,loop_level_reasoning/tsvc_2_vpv/tsvc_2_vpv.yaml,af970a02ebc57592a564228ce2656b08b4ac598d9d565ef0504331d5b644f8ff,899
tsvc_2_vpv,loop_level_reasoning,numpy,tsvc_2_vpv_numpy.py,kernels/loop_level_reasoning/tsvc_2_vpv/tsvc_2_vpv_numpy.py,loop_level_reasoning/tsvc_2_vpv/tsvc_2_vpv_numpy.py,0569f2c79e842461be14080ca286d7863840a3c17056460c053b069ea384df8c,377
tsvc_2_vpvpv,loop_level_reasoning,manifest,tsvc_2_vpvpv.yaml,kernels/loop_level_reasoning/tsvc_2_vpvpv/tsvc_2_vpvpv.yaml,loop_level_reasoning/tsvc_2_vpvpv/tsvc_2_vpvpv.yaml,886ea2e0edb22035f6562c72dab96d93fd7fa4f1bda0c818a73b34fad98a3ad9,994
tsvc_2_vpvpv,loop_level_reasoning,numpy,tsvc_2_vpvpv_numpy.py,kernels/loop_level_reasoning/tsvc_2_vpvpv/tsvc_2_vpvpv_numpy.py,loop_level_reasoning/tsvc_2_vpvpv/tsvc_2_vpvpv_numpy.py,ea96961195a17e83a3f6c38ccb4a408b83e045e2a4a2105585807369262ed799,404
tsvc_2_vpvts,loop_level_reasoning,manifest,tsvc_2_vpvts.yaml,kernels/loop_level_reasoning/tsvc_2_vpvts/tsvc_2_vpvts.yaml,loop_level_reasoning/tsvc_2_vpvts/tsvc_2_vpvts.yaml,b96725a363d249e61662d5beff2a9b02ffc2bb5d74e9f2b977af47fc035c6277,1021
tsvc_2_vpvts,loop_level_reasoning,numpy,tsvc_2_vpvts_numpy.py,kernels/loop_level_reasoning/tsvc_2_vpvts/tsvc_2_vpvts_numpy.py,loop_level_reasoning/tsvc_2_vpvts/tsvc_2_vpvts_numpy.py,bc943f289762f11baa1c8d23716642acc16ced4f48266bbd9e15110b392e59fb,388
tsvc_2_vpvtv,loop_level_reasoning,manifest,tsvc_2_vpvtv.yaml,kernels/loop_level_reasoning/tsvc_2_vpvtv/tsvc_2_vpvtv.yaml,loop_level_reasoning/tsvc_2_vpvtv/tsvc_2_vpvtv.yaml,42be73a3e35beeee731dd53d5aa19d9c252fda3d3919a77f524161f1f620ea63,995
tsvc_2_vpvtv,loop_level_reasoning,numpy,tsvc_2_vpvtv_numpy.py,kernels/loop_level_reasoning/tsvc_2_vpvtv/tsvc_2_vpvtv_numpy.py,loop_level_reasoning/tsvc_2_vpvtv/tsvc_2_vpvtv_numpy.py,59c8d0714d128d173931c576bd7e72a2127a3cc463d5b5252b7d59dd6dad9d2f,404
tsvc_2_vsumr,loop_level_reasoning,manifest,tsvc_2_vsumr.yaml,kernels/loop_level_reasoning/tsvc_2_vsumr/tsvc_2_vsumr.yaml,loop_level_reasoning/tsvc_2_vsumr/tsvc_2_vsumr.yaml,91bb586dfdf7e587531da3aaa49d274f06bd77dec427f54be0588123165c32ec,1012
tsvc_2_vsumr,loop_level_reasoning,numpy,tsvc_2_vsumr_numpy.py,kernels/loop_level_reasoning/tsvc_2_vsumr/tsvc_2_vsumr_numpy.py,loop_level_reasoning/tsvc_2_vsumr/tsvc_2_vsumr_numpy.py,31e5425b6f46a4ca8d8044da3ec54554d9abffec82c6751103d5eab484acaad2,425
tsvc_2_vtv,loop_level_reasoning,manifest,tsvc_2_vtv.yaml,kernels/loop_level_reasoning/tsvc_2_vtv/tsvc_2_vtv.yaml,loop_level_reasoning/tsvc_2_vtv/tsvc_2_vtv.yaml,e85d0e9c5220291a075e6714410c49cf88b57d89954e1329b283a13387d01b6d,904
tsvc_2_vtv,loop_level_reasoning,numpy,tsvc_2_vtv_numpy.py,kernels/loop_level_reasoning/tsvc_2_vtv/tsvc_2_vtv_numpy.py,loop_level_reasoning/tsvc_2_vtv/tsvc_2_vtv_numpy.py,14092c30382cc6bd7eca7ed329121437d778cb501e8fcb7f79ad2d1c2f45177b,377
tsvc_2_vtvtv,loop_level_reasoning,manifest,tsvc_2_vtvtv.yaml,kernels/loop_level_reasoning/tsvc_2_vtvtv/tsvc_2_vtvtv.yaml,loop_level_reasoning/tsvc_2_vtvtv/tsvc_2_vtvtv.yaml,3d9d38c4071c65c48154fd4fe39c5d60278a508ae4f80290b649beb0991f23df,1032
tsvc_2_vtvtv,loop_level_reasoning,numpy,tsvc_2_vtvtv_numpy.py,kernels/loop_level_reasoning/tsvc_2_vtvtv/tsvc_2_vtvtv_numpy.py,loop_level_reasoning/tsvc_2_vtvtv/tsvc_2_vtvtv_numpy.py,bd046827bf424232b14e289fd80c70d08ff53525d832439b7840abd00f53ec1d,404
twin_reduction_shared_stencil,loop_level_reasoning,manifest,twin_reduction_shared_stencil.yaml,kernels/loop_level_reasoning/twin_reduction_shared_stencil/twin_reduction_shared_stencil.yaml,loop_level_reasoning/twin_reduction_shared_stencil/twin_reduction_shared_stencil.yaml,8f269d44662dda2b1f9e2827869b3b3f2caec8df29e9c54c2c9b82bb9811bac6,588
twin_reduction_shared_stencil,loop_level_reasoning,numpy,twin_reduction_shared_stencil_numpy.py,kernels/loop_level_reasoning/twin_reduction_shared_stencil/twin_reduction_shared_stencil_numpy.py,loop_level_reasoning/twin_reduction_shared_stencil/twin_reduction_shared_stencil_numpy.py,5136cf66524e52e6990566adc2216152b521e250c19f2fc1a886c9ea91d5aa0a,631
two_stream_reftrans,loop_level_reasoning,manifest,two_stream_reftrans.yaml,kernels/loop_level_reasoning/two_stream_reftrans/two_stream_reftrans.yaml,loop_level_reasoning/two_stream_reftrans/two_stream_reftrans.yaml,86faa4ae0fee115d8b22a171345973e0aa51ce157ce5573156a20ddbf3eb13f5,1386
two_stream_reftrans,loop_level_reasoning,numpy,two_stream_reftrans_numpy.py,kernels/loop_level_reasoning/two_stream_reftrans/two_stream_reftrans_numpy.py,loop_level_reasoning/two_stream_reftrans/two_stream_reftrans_numpy.py,190b8a39d2284ae3bcd439a5b3ed0d28138b4ac58ca1fa9e219e24b40094cd15,803
unroll_body_plus_remainder,loop_level_reasoning,manifest,unroll_body_plus_remainder.yaml,kernels/loop_level_reasoning/unroll_body_plus_remainder/unroll_body_plus_remainder.yaml,loop_level_reasoning/unroll_body_plus_remainder/unroll_body_plus_remainder.yaml,24d47e381016f84857321f01af6e43661ac39f54315c80ec548d9f60d46ed0cf,433
unroll_body_plus_remainder,loop_level_reasoning,numpy,unroll_body_plus_remainder_numpy.py,kernels/loop_level_reasoning/unroll_body_plus_remainder/unroll_body_plus_remainder_numpy.py,loop_level_reasoning/unroll_body_plus_remainder/unroll_body_plus_remainder_numpy.py,55b114af85958ba16767feb8d3c75fa5d5495da94666e6c47bf2d4e05acf2e68,735
unroll_partial_5_then_12,loop_level_reasoning,manifest,unroll_partial_5_then_12.yaml,kernels/loop_level_reasoning/unroll_partial_5_then_12/unroll_partial_5_then_12.yaml,loop_level_reasoning/unroll_partial_5_then_12/unroll_partial_5_then_12.yaml,5cd87cae1df568197af57a70658da18539ab05c616843aea7b53ebe821b51dcb,431
unroll_partial_5_then_12,loop_level_reasoning,numpy,unroll_partial_5_then_12_numpy.py,kernels/loop_level_reasoning/unroll_partial_5_then_12/unroll_partial_5_then_12_numpy.py,loop_level_reasoning/unroll_partial_5_then_12/unroll_partial_5_then_12_numpy.py,0fd7c1d9acf34dc8a18e8420623204ea07e36fdd75790f0a3ccc7c726d285c35,1001
unroll_prime_17_uniform,loop_level_reasoning,manifest,unroll_prime_17_uniform.yaml,kernels/loop_level_reasoning/unroll_prime_17_uniform/unroll_prime_17_uniform.yaml,loop_level_reasoning/unroll_prime_17_uniform/unroll_prime_17_uniform.yaml,e3115d1937e66418d5908c31000c1d2ab7e9f06c00a7806d108c643487b7ffdd,430
unroll_prime_17_uniform,loop_level_reasoning,numpy,unroll_prime_17_uniform_numpy.py,kernels/loop_level_reasoning/unroll_prime_17_uniform/unroll_prime_17_uniform_numpy.py,loop_level_reasoning/unroll_prime_17_uniform/unroll_prime_17_uniform_numpy.py,0fb2fbb79023176d399940ef46c1bc9100dd63490220bdbcf73a53be4a9e1765,982
unroll_reduction_11_accs,loop_level_reasoning,manifest,unroll_reduction_11_accs.yaml,kernels/loop_level_reasoning/unroll_reduction_11_accs/unroll_reduction_11_accs.yaml,loop_level_reasoning/unroll_reduction_11_accs/unroll_reduction_11_accs.yaml,5179996260ca1a819915f070a77103c419fa130d10fb2f579fd74fa35c810bfd,435
unroll_reduction_11_accs,loop_level_reasoning,numpy,unroll_reduction_11_accs_numpy.py,kernels/loop_level_reasoning/unroll_reduction_11_accs/unroll_reduction_11_accs_numpy.py,loop_level_reasoning/unroll_reduction_11_accs/unroll_reduction_11_accs_numpy.py,cdf2dee55dc788b89b0cc5bc28a98d73709a60abe2180872d3998658767b7409,788
unrolled_dense,loop_level_reasoning,manifest,unrolled_dense.yaml,kernels/loop_level_reasoning/unrolled_dense/unrolled_dense.yaml,loop_level_reasoning/unrolled_dense/unrolled_dense.yaml,67c3d20c733a3d1c5eb265dc3d8af13fdc149483a692cf499e96b048432a6276,503
unrolled_dense,loop_level_reasoning,numpy,unrolled_dense_numpy.py,kernels/loop_level_reasoning/unrolled_dense/unrolled_dense_numpy.py,loop_level_reasoning/unrolled_dense/unrolled_dense_numpy.py,bfbfc1b550165417c9570cc49b0819e4231366a538d803841273cb52b10de8d0,328
unrolled_indirect,loop_level_reasoning,manifest,unrolled_indirect.yaml,kernels/loop_level_reasoning/unrolled_indirect/unrolled_indirect.yaml,loop_level_reasoning/unrolled_indirect/unrolled_indirect.yaml,2643fb578335fb3f0ca496b16dcd7f9bc3fd5094a71859f01c53f0a205c79817,589
unrolled_indirect,loop_level_reasoning,numpy,unrolled_indirect_numpy.py,kernels/loop_level_reasoning/unrolled_indirect/unrolled_indirect_numpy.py,loop_level_reasoning/unrolled_indirect/unrolled_indirect_numpy.py,e20e550ba700091914be147b956b983af9479deb3c067498676c9e531b52a962,354
unrolled_unit_step2,loop_level_reasoning,manifest,unrolled_unit_step2.yaml,kernels/loop_level_reasoning/unrolled_unit_step2/unrolled_unit_step2.yaml,loop_level_reasoning/unrolled_unit_step2/unrolled_unit_step2.yaml,33853a71c00770c9d24c5d11362c8b43ded08214c167886b1b58de2a36f27bff,700
unrolled_unit_step2,loop_level_reasoning,numpy,unrolled_unit_step2_numpy.py,kernels/loop_level_reasoning/unrolled_unit_step2/unrolled_unit_step2_numpy.py,loop_level_reasoning/unrolled_unit_step2/unrolled_unit_step2_numpy.py,4adce681925ac367c62781c3b674d0419f1d5a251a9f2295b8414c5fe1fe2f22,292
vas_ssym,loop_level_reasoning,manifest,vas_ssym.yaml,kernels/loop_level_reasoning/vas_ssym/vas_ssym.yaml,loop_level_reasoning/vas_ssym/vas_ssym.yaml,e41dc44b8bebdf48058a4bedccccfa3f35f6bfb6e6b185a6b1550a90e3613218,549
vas_ssym,loop_level_reasoning,numpy,vas_ssym_numpy.py,kernels/loop_level_reasoning/vas_ssym/vas_ssym_numpy.py,loop_level_reasoning/vas_ssym/vas_ssym_numpy.py,b88580594e319fe88aa3cdda42462e5ef24bb940644686b5d6bf44023f6af8a6,531
versioned_distance_update,loop_level_reasoning,manifest,versioned_distance_update.yaml,kernels/loop_level_reasoning/versioned_distance_update/versioned_distance_update.yaml,loop_level_reasoning/versioned_distance_update/versioned_distance_update.yaml,ac4e745537caf7a8f7b9525bdb34de0f8ae80f80faf03707d4ba04a8c55504f6,1087
versioned_distance_update,loop_level_reasoning,numpy,versioned_distance_update_numpy.py,kernels/loop_level_reasoning/versioned_distance_update/versioned_distance_update_numpy.py,loop_level_reasoning/versioned_distance_update/versioned_distance_update_numpy.py,b1c5d0bbe5bf3b6afc3b835fc6eaa63cb0bf185ccc36f6f44a6575ca274be48b,745
vertical_flux_prefix_scan,loop_level_reasoning,manifest,vertical_flux_prefix_scan.yaml,kernels/loop_level_reasoning/vertical_flux_prefix_scan/vertical_flux_prefix_scan.yaml,loop_level_reasoning/vertical_flux_prefix_scan/vertical_flux_prefix_scan.yaml,86344c4f85be802200cb77fd56f85268e94021f86db4361c0a67d1016c2726e9,474
vertical_flux_prefix_scan,loop_level_reasoning,numpy,vertical_flux_prefix_scan_numpy.py,kernels/loop_level_reasoning/vertical_flux_prefix_scan/vertical_flux_prefix_scan_numpy.py,loop_level_reasoning/vertical_flux_prefix_scan/vertical_flux_prefix_scan_numpy.py,b51aa7d39851791a86342708adcb78d11dbd4937a56c5c698b87008988552707,285
wavefront2d,loop_level_reasoning,manifest,wavefront2d.yaml,kernels/loop_level_reasoning/wavefront2d/wavefront2d.yaml,loop_level_reasoning/wavefront2d/wavefront2d.yaml,c46edc25c855841d7b471d4cbf7dd9bd53973842aafcb7a1cf8ffe2c5cd1da69,406
wavefront2d,loop_level_reasoning,numpy,wavefront2d_numpy.py,kernels/loop_level_reasoning/wavefront2d/wavefront2d_numpy.py,loop_level_reasoning/wavefront2d/wavefront2d_numpy.py,ca8ba8202ff84962371c5ebc75e94440111fb42283fbed4c458050ad8c063daa,592
wavefront_2d,loop_level_reasoning,manifest,wavefront_2d.yaml,kernels/loop_level_reasoning/wavefront_2d/wavefront_2d.yaml,loop_level_reasoning/wavefront_2d/wavefront_2d.yaml,fa73c204c6ef6410f9cdabab850efd3979f107fb588fb938412d2a3ebc9e3b13,395
wavefront_2d,loop_level_reasoning,numpy,wavefront_2d_numpy.py,kernels/loop_level_reasoning/wavefront_2d/wavefront_2d_numpy.py,loop_level_reasoning/wavefront_2d/wavefront_2d_numpy.py,aa5398d67d0824ee92d9b9fe4e889f1f2c2aea4dab84a52738b87f6d1a0c7a06,257
wf_diff_skew,loop_level_reasoning,manifest,wf_diff_skew.yaml,kernels/loop_level_reasoning/wf_diff_skew/wf_diff_skew.yaml,loop_level_reasoning/wf_diff_skew/wf_diff_skew.yaml,3856836a5f92d0436c89a2283ba754d986018f0af7a2b0f3ef21131b03b0cdf3,448
wf_diff_skew,loop_level_reasoning,numpy,wf_diff_skew_numpy.py,kernels/loop_level_reasoning/wf_diff_skew/wf_diff_skew_numpy.py,loop_level_reasoning/wf_diff_skew/wf_diff_skew_numpy.py,068fdcba01d8c995e01e47c8d1da4031dbec84825b0d0bb5d249361c2d9da7cc,374
wf_north_west,loop_level_reasoning,manifest,wf_north_west.yaml,kernels/loop_level_reasoning/wf_north_west/wf_north_west.yaml,loop_level_reasoning/wf_north_west/wf_north_west.yaml,574fad315f2b3435d7cf5175a45e01c41c6fef2bfa5ba55d930b9936ff167d02,425
wf_north_west,loop_level_reasoning,numpy,wf_north_west_numpy.py,kernels/loop_level_reasoning/wf_north_west/wf_north_west_numpy.py,loop_level_reasoning/wf_north_west/wf_north_west_numpy.py,068d1d128b0fce84b94541797a07e9b27b6a645533ca5c7949c2e258d64ccb3c,359
wf_triangular,loop_level_reasoning,manifest,wf_triangular.yaml,kernels/loop_level_reasoning/wf_triangular/wf_triangular.yaml,loop_level_reasoning/wf_triangular/wf_triangular.yaml,f85ae144a7aac438900ff0ee627f2a915541a24d846e51c59059798d5c4c8d77,448
wf_triangular,loop_level_reasoning,numpy,wf_triangular_numpy.py,kernels/loop_level_reasoning/wf_triangular/wf_triangular_numpy.py,loop_level_reasoning/wf_triangular/wf_triangular_numpy.py,87d0cdda91a6d217a64feff2a917209cfa43b9ef82aa69763a72fa1abc44a2a4,387
addusxx_g,scientific_computing,manifest,addusxx_g.yaml,kernels/scientific_computing/dense_linear_algebra/addusxx_g/addusxx_g.yaml,scientific_computing/dense_linear_algebra/addusxx_g/addusxx_g.yaml,7a8d33c8140efab1158d43a74bafea091a08decc19a82df68fae4d6c0d3355a7,3424
addusxx_g,scientific_computing,numpy,addusxx_g_numpy.py,kernels/scientific_computing/dense_linear_algebra/addusxx_g/addusxx_g_numpy.py,scientific_computing/dense_linear_algebra/addusxx_g/addusxx_g_numpy.py,412f6a4517355119e648396b89c7ea57c6253f82036d9f0ef211ea421a7bd491,3452
adi,scientific_computing,manifest,adi.yaml,kernels/scientific_computing/structured_grids/adi/adi.yaml,scientific_computing/structured_grids/adi/adi.yaml,6c8809654613ba831d3c2a024dc4256cfcab083e6fc65b8eda19924c6648925c,600
adi,scientific_computing,numpy,adi_numpy.py,kernels/scientific_computing/structured_grids/adi/adi_numpy.py,scientific_computing/structured_grids/adi/adi_numpy.py,a5fd04649b3d4cf5dd77736ca5895ce177d4bc0c575fc725c68649cc4dc52142,2850
arc_distance,scientific_computing,manifest,arc_distance.yaml,kernels/scientific_computing/map_reduce/arc_distance/arc_distance.yaml,scientific_computing/map_reduce/arc_distance/arc_distance.yaml,c365e0c10eb9a22ba44c5a3d51424cf44699fc14252c7cf1b285c0d1289cbb1b,729
arc_distance,scientific_computing,numpy,arc_distance_numpy.py,kernels/scientific_computing/map_reduce/arc_distance/arc_distance_numpy.py,scientific_computing/map_reduce/arc_distance/arc_distance_numpy.py,cb68c69ef37740de6b3d1faf4506a3b39114a88f47e0b7af7009e23be15c17f8,2204
atax,scientific_computing,manifest,atax.yaml,kernels/scientific_computing/dense_linear_algebra/atax/atax.yaml,scientific_computing/dense_linear_algebra/atax/atax.yaml,5f4f1697d4c2f1c88bc134bf53293ab0d251c7ca3b6b300f19b495e8ee9b9fe7,624
atax,scientific_computing,numpy,atax_numpy.py,kernels/scientific_computing/dense_linear_algebra/atax/atax_numpy.py,scientific_computing/dense_linear_algebra/atax/atax_numpy.py,712c3a37ce06aab5632587f36b32abb6b1b00d9df8a4a57997abae0a523620ca,248
azimint_hist,scientific_computing,manifest,azimint_hist.yaml,kernels/scientific_computing/map_reduce/azimint_hist/azimint_hist.yaml,scientific_computing/map_reduce/azimint_hist/azimint_hist.yaml,c15b5d75b9d87f8ddcb490e79242d12bdc56dbd87f93ff581d566f6e080485c7,725
azimint_hist,scientific_computing,numpy,azimint_hist_numpy.py,kernels/scientific_computing/map_reduce/azimint_hist/azimint_hist_numpy.py,scientific_computing/map_reduce/azimint_hist/azimint_hist_numpy.py,a841714ab06d6b774bf254b9319dc92b96163f0d6a301aac5d0bfa41ee492101,966
azimint_naive,scientific_computing,manifest,azimint_naive.yaml,kernels/scientific_computing/map_reduce/azimint_naive/azimint_naive.yaml,scientific_computing/map_reduce/azimint_naive/azimint_naive.yaml,0ed115bc32b011d87f568bd2f76086cc007e7a5540f9298603fc568e25c2bbc6,658
azimint_naive,scientific_computing,numpy,azimint_naive_numpy.py,kernels/scientific_computing/map_reduce/azimint_naive/azimint_naive_numpy.py,scientific_computing/map_reduce/azimint_naive/azimint_naive_numpy.py,9c97c84031f65e911a416891664e32a66a873f75dca24804e8a2c7461879fdad,2653
banded_mmt,scientific_computing,manifest,banded_mmt.yaml,kernels/scientific_computing/sparse_linear_algebra/banded_mmt/banded_mmt.yaml,scientific_computing/sparse_linear_algebra/banded_mmt/banded_mmt.yaml,59822f094ffa560251fe41774868f9ebd17f1a481957c553f0d9c8e114e89759,1913
banded_mmt,scientific_computing,numpy,banded_mmt_numpy.py,kernels/scientific_computing/sparse_linear_algebra/banded_mmt/banded_mmt_numpy.py,scientific_computing/sparse_linear_algebra/banded_mmt/banded_mmt_numpy.py,900c4530eedae61d71ddad61589cc8407e18887ca6739752804a7afc796456b3,1254
banded_mmt,scientific_computing,numpy,banded_mmt_numpytoc_numpy.py,kernels/scientific_computing/sparse_linear_algebra/banded_mmt/banded_mmt_numpytoc_numpy.py,scientific_computing/sparse_linear_algebra/banded_mmt/banded_mmt_numpytoc_numpy.py,f612f5d4b961b50f687bc6f55ea0b580a7261c273b6b9178f042aba5fcac008d,2969
banded_mmt,scientific_computing,numpy,banded_mmt_sparse_numpy.py,kernels/scientific_computing/sparse_linear_algebra/banded_mmt/banded_mmt_sparse_numpy.py,scientific_computing/sparse_linear_algebra/banded_mmt/banded_mmt_sparse_numpy.py,369619c6f52e4d8bab7121be26bbec9164a8ceeb9279019d7cb88bb63855fb02,700
bellman_ford,scientific_computing,manifest,bellman_ford.yaml,kernels/scientific_computing/graph_traversal/bellman_ford/bellman_ford.yaml,scientific_computing/graph_traversal/bellman_ford/bellman_ford.yaml,b3ac3beb93c17592c138d01c616d955fa6606d0e5744345c0c366bec016b41b5,507
bellman_ford,scientific_computing,numpy,bellman_ford_numpy.py,kernels/scientific_computing/graph_traversal/bellman_ford/bellman_ford_numpy.py,scientific_computing/graph_traversal/bellman_ford/bellman_ford_numpy.py,731221cd409f0ecf0714fc87a8195c4b9ac54b05f3707fe9ec2e40029b46cae0,248
bfs,scientific_computing,manifest,bfs.yaml,kernels/scientific_computing/graph_traversal/bfs/bfs.yaml,scientific_computing/graph_traversal/bfs/bfs.yaml,373d3697810380f2ed2589a68014fe63d965bb65c686b698849663722f2b511a,600
bfs,scientific_computing,numpy,bfs_numpy.py,kernels/scientific_computing/graph_traversal/bfs/bfs_numpy.py,scientific_computing/graph_traversal/bfs/bfs_numpy.py,fe71393275eff3eab3f7623f3cb7b182c8ccd0506f8297acd8459c7175fb6e55,663
bicg,scientific_computing,manifest,bicg_solvers.yaml,kernels/scientific_computing/sparse_linear_algebra/bicg/bicg_solvers.yaml,scientific_computing/sparse_linear_algebra/bicg/bicg_solvers.yaml,14ef08fc905c634aec9e54b1816d75481c3ba3544a64b4a092aa3fb92f3c1366,2331
bicg,scientific_computing,manifest,sp_bicg.yaml,kernels/scientific_computing/sparse_linear_algebra/bicg/sp_bicg.yaml,scientific_computing/sparse_linear_algebra/bicg/sp_bicg.yaml,bb834372da96176dd03f05d3d8d4fcb29c252031320010d5cd78a679e8d4893b,3768
bicg,scientific_computing,numpy,sp_bicg_numpy.py,kernels/scientific_computing/sparse_linear_algebra/bicg/sp_bicg_numpy.py,scientific_computing/sparse_linear_algebra/bicg/sp_bicg_numpy.py,bd600c2103de11293c0b1032393504976c834fb6f2dbc3e5e6d29d87fb7da282,1284
bicgstab,scientific_computing,manifest,bicgstab.yaml,kernels/scientific_computing/sparse_linear_algebra/bicgstab/bicgstab.yaml,scientific_computing/sparse_linear_algebra/bicgstab/bicgstab.yaml,108015f0614b7529c10777e50ce582a692ba25f0937edbfab19c2ddda40a9b31,1419
bicgstab,scientific_computing,manifest,sp_bicgstab.yaml,kernels/scientific_computing/sparse_linear_algebra/bicgstab/sp_bicgstab.yaml,scientific_computing/sparse_linear_algebra/bicgstab/sp_bicgstab.yaml,bae0c89c507c34248f2ad13651fc9487ac997fd5bc4c3073ea0f804ebed4927d,3773
bicgstab,scientific_computing,numpy,bicgstab_numpy.py,kernels/scientific_computing/sparse_linear_algebra/bicgstab/bicgstab_numpy.py,scientific_computing/sparse_linear_algebra/bicgstab/bicgstab_numpy.py,7843b148f6c052bbcf3d41a1d7fb212afcd7a9e7f5aa120211fd55c2eb5de673,1359
bitonic_sort,scientific_computing,manifest,bitonic_sort.yaml,kernels/scientific_computing/combinational_logic/bitonic_sort/bitonic_sort.yaml,scientific_computing/combinational_logic/bitonic_sort/bitonic_sort.yaml,9cf8a3e81afee0b11dcc974eb8b5a886c09b049768e37acb64846bd43b1cfeb0,522
bitonic_sort,scientific_computing,numpy,bitonic_sort_numpy.py,kernels/scientific_computing/combinational_logic/bitonic_sort/bitonic_sort_numpy.py,scientific_computing/combinational_logic/bitonic_sort/bitonic_sort_numpy.py,4d02ffbf60f4c46e57abf9bda49c599ee42c8e1c24233442ae1cdef978d9cd76,1088
boris_push,scientific_computing,manifest,warpx_boris_push.yaml,kernels/scientific_computing/n_body_methods/boris_push/warpx_boris_push.yaml,scientific_computing/n_body_methods/boris_push/warpx_boris_push.yaml,80b2eab538feea73b9a856b67a7c29538c659dde05daca71c5fc59c633092ecb,2419
boris_push,scientific_computing,numpy,warpx_boris_push_numpy.py,kernels/scientific_computing/n_body_methods/boris_push/warpx_boris_push_numpy.py,scientific_computing/n_body_methods/boris_push/warpx_boris_push_numpy.py,3bf193e73b925a2970d9550a2d99627ca76e818d9c4b1d2cd05641f33bfe40eb,4954
bout_arakawa,scientific_computing,manifest,bout_arakawa.yaml,kernels/scientific_computing/structured_grids/bout_arakawa/bout_arakawa.yaml,scientific_computing/structured_grids/bout_arakawa/bout_arakawa.yaml,a9501a586852339adf944657aab986a941ce0b99699a62a15538418c2f853305,1223
bout_arakawa,scientific_computing,numpy,bout_arakawa_numpy.py,kernels/scientific_computing/structured_grids/bout_arakawa/bout_arakawa_numpy.py,scientific_computing/structured_grids/bout_arakawa/bout_arakawa_numpy.py,fd1ae34ab26f32798383e2c96375460c47746ac9dae2f18a79a0ca3efd7e37a3,5654
bout_elm_pb,scientific_computing,manifest,bout_elm_pb.yaml,kernels/scientific_computing/structured_grids/bout_elm_pb/bout_elm_pb.yaml,scientific_computing/structured_grids/bout_elm_pb/bout_elm_pb.yaml,3fd5d18daee6ccfcac4f4f221fbc18e6b0ab73110bee5af64041642c15e3cbda,2818
bout_elm_pb,scientific_computing,numpy,bout_elm_pb_numpy.py,kernels/scientific_computing/structured_grids/bout_elm_pb/bout_elm_pb_numpy.py,scientific_computing/structured_grids/bout_elm_pb/bout_elm_pb_numpy.py,5dfb59e948ac8debd3fffff962ad240ff22667ca7742c8204d0765ef083f5cb5,20375
bout_hasegawa_wakatani,scientific_computing,manifest,bout_hasegawa_wakatani.yaml,kernels/scientific_computing/structured_grids/bout_hasegawa_wakatani/bout_hasegawa_wakatani.yaml,scientific_computing/structured_grids/bout_hasegawa_wakatani/bout_hasegawa_wakatani.yaml,0a2e2974e0efabdcccbda792cb55ce387d465686742c189b2010828b07fbb619,1640
bout_hasegawa_wakatani,scientific_computing,numpy,bout_hasegawa_wakatani_numpy.py,kernels/scientific_computing/structured_grids/bout_hasegawa_wakatani/bout_hasegawa_wakatani_numpy.py,scientific_computing/structured_grids/bout_hasegawa_wakatani/bout_hasegawa_wakatani_numpy.py,aabe345862734c56b84933dac2eaa47c291e21049b163ee9625738bfa353a3dd,17912
cavity_flow,scientific_computing,manifest,cavity_flow.yaml,kernels/scientific_computing/structured_grids/cavity_flow/cavity_flow.yaml,scientific_computing/structured_grids/cavity_flow/cavity_flow.yaml,39d15826bfe20ff0eecc48dfaab2b3c5ed859fb11bdee9e44340272f94c061b2,824
cavity_flow,scientific_computing,numpy,cavity_flow_numpy.py,kernels/scientific_computing/structured_grids/cavity_flow/cavity_flow_numpy.py,scientific_computing/structured_grids/cavity_flow/cavity_flow_numpy.py,e143e03f20483ba36a2e8ddb297dfe60f05e2906b5e3096ee5a832fe32f6f143,4281
cegterg,scientific_computing,manifest,cegterg.yaml,kernels/scientific_computing/spectral_methods/cegterg/cegterg.yaml,scientific_computing/spectral_methods/cegterg/cegterg.yaml,f405cb3868636dc7875ea2addcd93e8e44a2fb0c0de79df7aff622b01270d27d,5281
cegterg,scientific_computing,numpy,cegterg_numpy.py,kernels/scientific_computing/spectral_methods/cegterg/cegterg_numpy.py,scientific_computing/spectral_methods/cegterg/cegterg_numpy.py,4d9d75f6e9f35eed92a4a2d3ad737eb14c38ab7a5c220ee9b488ddcc2fc9d475,28633
cfd,scientific_computing,manifest,cfd.yaml,kernels/scientific_computing/unstructured_grids/cfd/cfd.yaml,scientific_computing/unstructured_grids/cfd/cfd.yaml,b9b7fa5e4cc46e1c7110e089da1456e624a176a712aa9b4efae7de06031cf1be,1191
cfd,scientific_computing,numpy,cfd_numpy.py,kernels/scientific_computing/unstructured_grids/cfd/cfd_numpy.py,scientific_computing/unstructured_grids/cfd/cfd_numpy.py,ebe07fd6232a3d2c7c3abaa9b9d67b47977de011bd70245191826ff8f39490f7,2148
cg,scientific_computing,manifest,cg.yaml,kernels/scientific_computing/sparse_linear_algebra/cg/cg.yaml,scientific_computing/sparse_linear_algebra/cg/cg.yaml,29094ea88ecc8e6b07bda2c44939bae45f3e50a5c6a3034d17d699153fc578b3,2223
cg,scientific_computing,manifest,sp_cg.yaml,kernels/scientific_computing/sparse_linear_algebra/cg/sp_cg.yaml,scientific_computing/sparse_linear_algebra/cg/sp_cg.yaml,2e7da7e678f924e75ef038a2ff50d6306c526d81d92deeb9e1fc00e689547c53,4008
cg,scientific_computing,numpy,cg_numpy.py,kernels/scientific_computing/sparse_linear_algebra/cg/cg_numpy.py,scientific_computing/sparse_linear_algebra/cg/cg_numpy.py,f1afa62f079ac2c877ef572fd08cfd2a4bb43a952d64f7c3884c61e0d950ffea,720
channel_flow,scientific_computing,manifest,channel_flow.yaml,kernels/scientific_computing/structured_grids/channel_flow/channel_flow.yaml,scientific_computing/structured_grids/channel_flow/channel_flow.yaml,b9dbf804381ade213629b3ac4c08c93b4e1c4cde64f825e3865baeb269a8bb10,820
channel_flow,scientific_computing,numpy,channel_flow_numpy.py,kernels/scientific_computing/structured_grids/channel_flow/channel_flow_numpy.py,scientific_computing/structured_grids/channel_flow/channel_flow_numpy.py,850bdc739d93e88f0c02b92144458252223458f180739952073ef8e837fde539,7065
chebyshev_filter_subspace,scientific_computing,manifest,chebyshev_filter_subspace.yaml,kernels/scientific_computing/spectral_methods/chebyshev_filter_subspace/chebyshev_filter_subspace.yaml,scientific_computing/spectral_methods/chebyshev_filter_subspace/chebyshev_filter_subspace.yaml,a5c9eceb212b98502501e873551ed413b07aeba119af7a2c663d3b0c959ee4cc,904
chebyshev_filter_subspace,scientific_computing,numpy,chebyshev_filter_subspace_numpy.py,kernels/scientific_computing/spectral_methods/chebyshev_filter_subspace/chebyshev_filter_subspace_numpy.py,scientific_computing/spectral_methods/chebyshev_filter_subspace/chebyshev_filter_subspace_numpy.py,55c9060bf6bd118c512386d13d490bc5cea573419f99cac71ca5b6fe8d57b836,1511
cholesky,scientific_computing,manifest,cholesky.yaml,kernels/scientific_computing/dense_linear_algebra/cholesky/cholesky.yaml,scientific_computing/dense_linear_algebra/cholesky/cholesky.yaml,12c977b006ad40d8ca994cc2303be6438d248dd70da97137a05ee5b24c524ab0,481
cholesky,scientific_computing,numpy,cholesky_numpy.py,kernels/scientific_computing/dense_linear_algebra/cholesky/cholesky_numpy.py,scientific_computing/dense_linear_algebra/cholesky/cholesky_numpy.py,1c09862964a3b5922b341db11858d2b3fb2093eeac57ae04a4c9504f9dea870a,530
cholesky2,scientific_computing,manifest,cholesky2.yaml,kernels/scientific_computing/dense_linear_algebra/cholesky2/cholesky2.yaml,scientific_computing/dense_linear_algebra/cholesky2/cholesky2.yaml,af09206ddb0b78b8ec64a24110ebef3c8fd044cddd42de5e08ef5d6a3dbaa620,494
cholesky2,scientific_computing,numpy,cholesky2_numpy.py,kernels/scientific_computing/dense_linear_algebra/cholesky2/cholesky2_numpy.py,scientific_computing/dense_linear_algebra/cholesky2/cholesky2_numpy.py,85ea9d748227fe8752234a9e50f89d9f12a9dcf30f63f55e56113bdbbc028555,286
cloudsc,scientific_computing,manifest,cloudsc.yaml,kernels/scientific_computing/structured_grids/cloudsc/cloudsc.yaml,scientific_computing/structured_grids/cloudsc/cloudsc.yaml,858e6ae7823f7f4a5e84654f4fc2c9692caf859021e0bbff2ae2a47f3ac06b37,6341
cloudsc,scientific_computing,numpy,cloudsc_numpy.py,kernels/scientific_computing/structured_grids/cloudsc/cloudsc_numpy.py,scientific_computing/structured_grids/cloudsc/cloudsc_numpy.py,23c4b81d03f4464596615133b66e8bf55fe71b10e7defc32409e3afa2790526f,108213
cloudsc_init,scientific_computing,manifest,cloudsc_init.yaml,kernels/scientific_computing/structured_grids/cloudsc_init/cloudsc_init.yaml,scientific_computing/structured_grids/cloudsc_init/cloudsc_init.yaml,32a23ce2e2ce70469566eb0775c679bcb0dbbb5d81a3a5b2f2463762f1f56600,1707
cloudsc_init,scientific_computing,numpy,cloudsc_init_numpy.py,kernels/scientific_computing/structured_grids/cloudsc_init/cloudsc_init_numpy.py,scientific_computing/structured_grids/cloudsc_init/cloudsc_init_numpy.py,9d881301313e8dbe6bf1aa6c388867ab25d7cc7fc4e5d6a575dccc8b137cb708,1035
cloudsc_liq_ice_frac,scientific_computing,manifest,cloudsc_liq_ice_frac.yaml,kernels/scientific_computing/structured_grids/cloudsc_liq_ice_frac/cloudsc_liq_ice_frac.yaml,scientific_computing/structured_grids/cloudsc_liq_ice_frac/cloudsc_liq_ice_frac.yaml,7f736bee104fa75188d84d094dcf4e1b8ca0fb9d7e6c6bfc238d47251a29f931,1318
cloudsc_liq_ice_frac,scientific_computing,numpy,cloudsc_liq_ice_frac_numpy.py,kernels/scientific_computing/structured_grids/cloudsc_liq_ice_frac/cloudsc_liq_ice_frac_numpy.py,scientific_computing/structured_grids/cloudsc_liq_ice_frac/cloudsc_liq_ice_frac_numpy.py,285f1980bb725e58d4d07680914ecd1d957aa43cb3d34a3314921b8be572e0a9,1156
cloudsc_tidy,scientific_computing,manifest,cloudsc_tidy.yaml,kernels/scientific_computing/structured_grids/cloudsc_tidy/cloudsc_tidy.yaml,scientific_computing/structured_grids/cloudsc_tidy/cloudsc_tidy.yaml,5467ecf0d112a61749a7bc1595e0cd2f73854b03224da8ab030e7b2d19bb13dd,1332
cloudsc_tidy,scientific_computing,numpy,cloudsc_tidy_numpy.py,kernels/scientific_computing/structured_grids/cloudsc_tidy/cloudsc_tidy_numpy.py,scientific_computing/structured_grids/cloudsc_tidy/cloudsc_tidy_numpy.py,a5c17f864e2ca026cf6d94e14a65779b1fa970ad46a639fea81ab514a4210e69,1781
comet_int4_gemm,scientific_computing,manifest,comet_int4_gemm.yaml,kernels/scientific_computing/dense_linear_algebra/comet_int4_gemm/comet_int4_gemm.yaml,scientific_computing/dense_linear_algebra/comet_int4_gemm/comet_int4_gemm.yaml,29c1e3193936b0fde8d96b5b0a18d2dd846c182467248777a38cd43e97cce800,1819
comet_int4_gemm,scientific_computing,numpy,comet_int4_gemm_numpy.py,kernels/scientific_computing/dense_linear_algebra/comet_int4_gemm/comet_int4_gemm_numpy.py,scientific_computing/dense_linear_algebra/comet_int4_gemm/comet_int4_gemm_numpy.py,55424c25330d846c5ba5247d39e55c99dee073d8e42999348d11aad7278bdeae,716
compute,scientific_computing,manifest,compute.yaml,kernels/scientific_computing/map_reduce/compute/compute.yaml,scientific_computing/map_reduce/compute/compute.yaml,cb98aa359f8a5b8f2a83a13883148e03df842366482f0ef8b8fb1afa8f3b594f,1196
compute,scientific_computing,numpy,compute_numpy.py,kernels/scientific_computing/map_reduce/compute/compute_numpy.py,scientific_computing/map_reduce/compute/compute_numpy.py,07f78dffec942ecbffed6e388e217fa4307f754978a269e85f234560ec47eb52,501
contour_integral,scientific_computing,manifest,contour_integral.yaml,kernels/scientific_computing/dense_linear_algebra/contour_integral/contour_integral.yaml,scientific_computing/dense_linear_algebra/contour_integral/contour_integral.yaml,7ac56c51c26313ac505faf445cbb5fd1748eaa5bb7f7b2ebd178ce20a15b1048,1043
contour_integral,scientific_computing,numpy,contour_integral_numpy.py,kernels/scientific_computing/dense_linear_algebra/contour_integral/contour_integral_numpy.py,scientific_computing/dense_linear_algebra/contour_integral/contour_integral_numpy.py,c41d111ee97b5e4deb9636648c0007de0e961bbc1a00407075cdba98402c81a5,1234
conv_2d,scientific_computing,manifest,conv_2d.yaml,kernels/scientific_computing/structured_grids/conv_2d/conv_2d.yaml,scientific_computing/structured_grids/conv_2d/conv_2d.yaml,83c56ea19901ccb54e68815fe1c3d4cf9dad62e9fc0fbecee2383f5cc3a79814,681
conv_2d,scientific_computing,numpy,conv_2d_numpy.py,kernels/scientific_computing/structured_grids/conv_2d/conv_2d_numpy.py,scientific_computing/structured_grids/conv_2d/conv_2d_numpy.py,eae97161b078212abc86d4b03f72724435ddff56c98e3aaa3f8ddafd2c68c546,727
conv_3d,scientific_computing,manifest,conv_3d.yaml,kernels/scientific_computing/structured_grids/conv_3d/conv_3d.yaml,scientific_computing/structured_grids/conv_3d/conv_3d.yaml,edb7fb545b7ad991e741b3a91b4022e938298ce3f1e7ed54ac4323631b709f52,693
conv_3d,scientific_computing,numpy,conv_3d_numpy.py,kernels/scientific_computing/structured_grids/conv_3d/conv_3d_numpy.py,scientific_computing/structured_grids/conv_3d/conv_3d_numpy.py,432f5eeb402a8aae8afd4567aa64f39d27723a7e637a6b60734b49bb0edef7a4,500
correlation,scientific_computing,manifest,correlation.yaml,kernels/scientific_computing/dense_linear_algebra/correlation/correlation.yaml,scientific_computing/dense_linear_algebra/correlation/correlation.yaml,6cfe6664766994152dd9dc545e41eb247edfae1a736669422366b8f0d06f8525,698
correlation,scientific_computing,numpy,correlation_numpy.py,kernels/scientific_computing/dense_linear_algebra/correlation/correlation_numpy.py,scientific_computing/dense_linear_algebra/correlation/correlation_numpy.py,2183fbb8f5f2033419d942e835a13bcd80661129927c8e0c5a2aeff407617e56,660
covariance,scientific_computing,manifest,covariance.yaml,kernels/scientific_computing/dense_linear_algebra/covariance/covariance.yaml,scientific_computing/dense_linear_algebra/covariance/covariance.yaml,0f53d6a0eeb61ae7d18e2c4abedb08e256cd0eb259fa72fa8331612ac54de57b,596
covariance,scientific_computing,numpy,covariance_numpy.py,kernels/scientific_computing/dense_linear_algebra/covariance/covariance_numpy.py,scientific_computing/dense_linear_algebra/covariance/covariance_numpy.py,7f37329ede6731ec9cc24fb1e1f4a7bd4de37daa13fcdd479e05a6baad747d28,400
covariance2,scientific_computing,manifest,covariance2.yaml,kernels/scientific_computing/dense_linear_algebra/covariance2/covariance2.yaml,scientific_computing/dense_linear_algebra/covariance2/covariance2.yaml,59b55b95b3494dcdec9ed2041c76040a76e133efc589a59bee688f4352a57e95,592
covariance2,scientific_computing,numpy,covariance2_numpy.py,kernels/scientific_computing/dense_linear_algebra/covariance2/covariance2_numpy.py,scientific_computing/dense_linear_algebra/covariance2/covariance2_numpy.py,489d283f36b759d23d9bc589c9ef17a3b3e9d9f1c7773495f4822ff6b2a0fc30,482
cp2k_density_matrix_trs4,scientific_computing,manifest,cp2k_density_matrix_trs4.yaml,kernels/scientific_computing/sparse_linear_algebra/cp2k_density_matrix_trs4/cp2k_density_matrix_trs4.yaml,scientific_computing/sparse_linear_algebra/cp2k_density_matrix_trs4/cp2k_density_matrix_trs4.yaml,9289ded602df520fdb216cb2d4f04c46befbf98e34367b5ef06f0a5226d33f4e,3950
cp2k_density_matrix_trs4,scientific_computing,numpy,cp2k_density_matrix_trs4_numpy.py,kernels/scientific_computing/sparse_linear_algebra/cp2k_density_matrix_trs4/cp2k_density_matrix_trs4_numpy.py,scientific_computing/sparse_linear_algebra/cp2k_density_matrix_trs4/cp2k_density_matrix_trs4_numpy.py,778b3569ba70c646ed18d1e0a2fb6242ceb1b606d14421db834604c92ac4a05d,15298
cp2k_grid_integrate,scientific_computing,manifest,cp2k_grid_integrate.yaml,kernels/scientific_computing/structured_grids/cp2k_grid_integrate/cp2k_grid_integrate.yaml,scientific_computing/structured_grids/cp2k_grid_integrate/cp2k_grid_integrate.yaml,2d677eba3fd1eaef07273d66511b2c60c563c5dcae90fbb1bd4a2b898af9cb56,2149
cp2k_grid_integrate,scientific_computing,numpy,cp2k_grid_integrate_numpy.py,kernels/scientific_computing/structured_grids/cp2k_grid_integrate/cp2k_grid_integrate_numpy.py,scientific_computing/structured_grids/cp2k_grid_integrate/cp2k_grid_integrate_numpy.py,589522cf470a6f416faa91705382d482ca2f924427ce6734c6421aa4ad33a5ae,14679
crc16,scientific_computing,manifest,crc16.yaml,kernels/scientific_computing/combinational_logic/crc16/crc16.yaml,scientific_computing/combinational_logic/crc16/crc16.yaml,c9e940c698ed86a7f1f96779139121ee34e447a413f1d7754cfcf8009171ce90,785
crc16,scientific_computing,numpy,crc16_numpy.py,kernels/scientific_computing/combinational_logic/crc16/crc16_numpy.py,scientific_computing/combinational_logic/crc16/crc16_numpy.py,4f161b0de38df4a742a67ee3558f8fc58fd170eb7b5e74b167b7d85e945a2680,1026
daubechies_dwt2d,scientific_computing,manifest,daubechies_dwt2d.yaml,kernels/scientific_computing/spectral_methods/daubechies_dwt2d/daubechies_dwt2d.yaml,scientific_computing/spectral_methods/daubechies_dwt2d/daubechies_dwt2d.yaml,4a36de3faa0bd1e3c75aa6fbff6523874268e62ec952e3783529925717361d7d,810
daubechies_dwt2d,scientific_computing,numpy,daubechies_dwt2d_numpy.py,kernels/scientific_computing/spectral_methods/daubechies_dwt2d/daubechies_dwt2d_numpy.py,scientific_computing/spectral_methods/daubechies_dwt2d/daubechies_dwt2d_numpy.py,cc0fdf585ecb42e69819e954d7c37f569549ced6516434008fb406fcbd32e7f3,2337
dbcsr,scientific_computing,manifest,dbcsr.yaml,kernels/scientific_computing/sparse_linear_algebra/dbcsr/dbcsr.yaml,scientific_computing/sparse_linear_algebra/dbcsr/dbcsr.yaml,bbd28befa0bc2a6bb94cc93e0e1e4468399b75a47e321ce0a7a279c68f25bfaf,1876
dbcsr,scientific_computing,numpy,dbcsr_numpy.py,kernels/scientific_computing/sparse_linear_algebra/dbcsr/dbcsr_numpy.py,scientific_computing/sparse_linear_algebra/dbcsr/dbcsr_numpy.py,731f715d175d49a54f725f1983c6649fa42e5f64b8c3a4a0ad8dc8fd7bd22a14,3886
deriche,scientific_computing,manifest,deriche.yaml,kernels/scientific_computing/structured_grids/deriche/deriche.yaml,scientific_computing/structured_grids/deriche/deriche.yaml,34795e19661fa6385c526e2bbc169abdf4df23ac9365c30b964e2289e316917d,637
deriche,scientific_computing,numpy,deriche_numpy.py,kernels/scientific_computing/structured_grids/deriche/deriche_numpy.py,scientific_computing/structured_grids/deriche/deriche_numpy.py,a6326bb25323d15f9ecf1afdad2279f7416b8141f2a629755812e38c32d8b214,1786
dfa,scientific_computing,manifest,dfa.yaml,kernels/scientific_computing/finite_state_machine/dfa/dfa.yaml,scientific_computing/finite_state_machine/dfa/dfa.yaml,2ec1bcd52c52b65bb534e1a4d6ba46cee904f74a8ae5c12ef00aeab2cb2f681b,848
dfa,scientific_computing,numpy,dfa_numpy.py,kernels/scientific_computing/finite_state_machine/dfa/dfa_numpy.py,scientific_computing/finite_state_machine/dfa/dfa_numpy.py,235914a79e6b1a5a239366a871eed96b0db17f885397f6006289a2b407e42506,263
distribution_search,scientific_computing,manifest,distribution_search.yaml,kernels/scientific_computing/dense_linear_algebra/distribution_search/distribution_search.yaml,scientific_computing/dense_linear_algebra/distribution_search/distribution_search.yaml,94bcc79f8e3565da8e6a7ebbeb018ad89a40d35a290f29a3b27cf7f93a41d06b,1291
distribution_search,scientific_computing,numpy,distribution_search_numpy.py,kernels/scientific_computing/dense_linear_algebra/distribution_search/distribution_search_numpy.py,scientific_computing/dense_linear_algebra/distribution_search/distribution_search_numpy.py,e41aabe10c397b5152d836fa7f07bb9057cc63cdd39fe4f54666feb7efef9ff1,7373
doitgen,scientific_computing,manifest,doitgen.yaml,kernels/scientific_computing/dense_linear_algebra/doitgen/doitgen.yaml,scientific_computing/dense_linear_algebra/doitgen/doitgen.yaml,c5628a2bf62089056c47aabfabd80b5470e1bbc852321e4719c082a642188ebd,652
doitgen,scientific_computing,numpy,doitgen_numpy.py,kernels/scientific_computing/dense_linear_algebra/doitgen/doitgen_numpy.py,scientific_computing/dense_linear_algebra/doitgen/doitgen_numpy.py,0d2f59d92188d18c6dada4b033530f3d010cad51216c8230c436ca33197991f3,385
durbin,scientific_computing,manifest,durbin.yaml,kernels/scientific_computing/dense_linear_algebra/durbin/durbin.yaml,scientific_computing/dense_linear_algebra/durbin/durbin.yaml,1880466959c737ac8f7cf0266298acbede66fa49ad7b7a941868a43dbe7b95ef,446
durbin,scientific_computing,numpy,durbin_numpy.py,kernels/scientific_computing/dense_linear_algebra/durbin/durbin_numpy.py,scientific_computing/dense_linear_algebra/durbin/durbin_numpy.py,696ddb3652257a17eb9beb8baff6f3605e334c3865d09eb5ad90f491afd71653,585
dwt2d,scientific_computing,manifest,dwt2d.yaml,kernels/scientific_computing/spectral_methods/dwt2d/dwt2d.yaml,scientific_computing/spectral_methods/dwt2d/dwt2d.yaml,8cec2654c48cb11ee2eac647de3ffbed6eaf95f2ff56d97b28496916c8d57696,802
dwt2d,scientific_computing,numpy,dwt2d_numpy.py,kernels/scientific_computing/spectral_methods/dwt2d/dwt2d_numpy.py,scientific_computing/spectral_methods/dwt2d/dwt2d_numpy.py,5ce68480b16b9156c958bc3248f2d387ca5a51de9aba8675ab8877fa6404a85c,1890
edge_laplacian,scientific_computing,manifest,edge_laplacian.yaml,kernels/scientific_computing/unstructured_grids/edge_laplacian/edge_laplacian.yaml,scientific_computing/unstructured_grids/edge_laplacian/edge_laplacian.yaml,abab7893733c4bf88d064da7d38d68792b15d7acf03a5c823d8a36fe9ed0f0cf,815
edge_laplacian,scientific_computing,numpy,edge_laplacian_numpy.py,kernels/scientific_computing/unstructured_grids/edge_laplacian/edge_laplacian_numpy.py,scientific_computing/unstructured_grids/edge_laplacian/edge_laplacian_numpy.py,7493635b6081cf4b454902be5fa094268e2594e4ca59673386e29f91ba375ccb,634
eigh_test,scientific_computing,manifest,eigh_test.yaml,kernels/scientific_computing/dense_linear_algebra/eigh_test/eigh_test.yaml,scientific_computing/dense_linear_algebra/eigh_test/eigh_test.yaml,4d530cd34c8356a8a6a254b111754107c307c8fb8d62647c790aa869f1dad7fd,1168
eigh_test,scientific_computing,numpy,eigh_test_numpy.py,kernels/scientific_computing/dense_linear_algebra/eigh_test/eigh_test_numpy.py,scientific_computing/dense_linear_algebra/eigh_test/eigh_test_numpy.py,3746eb8201d8b0d3afada710fb3287109b1ee05d1d7b6bfc2c55506beb7906a0,3313
esirkepov_deposition,scientific_computing,manifest,warpx_esirkepov_deposition.yaml,kernels/scientific_computing/n_body_methods/esirkepov_deposition/warpx_esirkepov_deposition.yaml,scientific_computing/n_body_methods/esirkepov_deposition/warpx_esirkepov_deposition.yaml,aadf4aab2d3c6182e7292abd6aef1686800c841004370d5f557e64032df92e04,4135
esirkepov_deposition,scientific_computing,numpy,warpx_esirkepov_deposition_numpy.py,kernels/scientific_computing/n_body_methods/esirkepov_deposition/warpx_esirkepov_deposition_numpy.py,scientific_computing/n_body_methods/esirkepov_deposition/warpx_esirkepov_deposition_numpy.py,8fb6efabf8c8d20fa1fdc0e50a48c9643b3c397709bd4ee710276e3c52bdbc50,31404
examinimd,scientific_computing,manifest,examinimd.yaml,kernels/scientific_computing/n_body_methods/examinimd/examinimd.yaml,scientific_computing/n_body_methods/examinimd/examinimd.yaml,2411f60385be05d8d9160cf11cdaeb9e9953c0795e8f0f4332e56baba4ff36d0,2038
examinimd,scientific_computing,numpy,examinimd_numpy.py,kernels/scientific_computing/n_body_methods/examinimd/examinimd_numpy.py,scientific_computing/n_body_methods/examinimd/examinimd_numpy.py,8f0f381512286abb3aeaec10f37d481b8f760dc2deda76579c491e35f79ca5c6,17416
fdtd_2d,scientific_computing,manifest,fdtd_2d.yaml,kernels/scientific_computing/structured_grids/fdtd_2d/fdtd_2d.yaml,scientific_computing/structured_grids/fdtd_2d/fdtd_2d.yaml,8d57d633dad28e36d666364fad4d5795d52dbf088a0db0d70e7a179cb65ae4a5,883
fdtd_2d,scientific_computing,numpy,fdtd_2d_numpy.py,kernels/scientific_computing/structured_grids/fdtd_2d/fdtd_2d_numpy.py,scientific_computing/structured_grids/fdtd_2d/fdtd_2d_numpy.py,3fb3291232dbb6142b08fab6b8095217ee903b728c25f9df6613e7debd4ddf82,749
fft_1d,scientific_computing,manifest,fft_1d.yaml,kernels/scientific_computing/spectral_methods/fft_1d/fft_1d.yaml,scientific_computing/spectral_methods/fft_1d/fft_1d.yaml,099a2f78ad9204fecc096cb4a5c8e8a2810127b6a6e3589775b2a614ffd2b9ad,776
fft_1d,scientific_computing,numpy,fft_1d_numpy.py,kernels/scientific_computing/spectral_methods/fft_1d/fft_1d_numpy.py,scientific_computing/spectral_methods/fft_1d/fft_1d_numpy.py,c7474151f17b4cdee7970d905baae6a2e374c49ce05e89c574c8d9eae153d1df,740
fft_3d,scientific_computing,manifest,fft_3d.yaml,kernels/scientific_computing/spectral_methods/fft_3d/fft_3d.yaml,scientific_computing/spectral_methods/fft_3d/fft_3d.yaml,6eccb30d8b99c36df9d50b05dfdd23db7f113195adc9ec6f150e13cdab2c47fa,1057
fft_3d,scientific_computing,numpy,fft_3d_numpy.py,kernels/scientific_computing/spectral_methods/fft_3d/fft_3d_numpy.py,scientific_computing/spectral_methods/fft_3d/fft_3d_numpy.py,c2c611ddbe61e6ef02b05085a57be3e046630cced18fcaa510651622036251d6,1327
field_gather,scientific_computing,manifest,warpx_field_gather.yaml,kernels/scientific_computing/n_body_methods/field_gather/warpx_field_gather.yaml,scientific_computing/n_body_methods/field_gather/warpx_field_gather.yaml,9c70da7c347d1c65adbd71be81dd7594bc3eab1c5428ca75363c3e60506ff83f,5144
field_gather,scientific_computing,numpy,warpx_field_gather_numpy.py,kernels/scientific_computing/n_body_methods/field_gather/warpx_field_gather_numpy.py,scientific_computing/n_body_methods/field_gather/warpx_field_gather_numpy.py,3e44d682645354c630a6f0a7b08fd38fc86ed38f4c02bc6c3c38c82555abb70f,26763
floyd_warshall,scientific_computing,manifest,floyd_warshall.yaml,kernels/scientific_computing/dynamic_programming/floyd_warshall/floyd_warshall.yaml,scientific_computing/dynamic_programming/floyd_warshall/floyd_warshall.yaml,30aac4451f21cb24f33eeacc6fcc4fc565cb0e15a8d3a7937b0173e8db205722,499
floyd_warshall,scientific_computing,numpy,floyd_warshall_numpy.py,kernels/scientific_computing/dynamic_programming/floyd_warshall/floyd_warshall_numpy.py,scientific_computing/dynamic_programming/floyd_warshall/floyd_warshall_numpy.py,f5f96d4f233fcb97889d6a8b0075a8523f92fedd2402a37d067e44200985c84d,416
force_lj,scientific_computing,manifest,force_lj.yaml,kernels/scientific_computing/n_body_methods/force_lj/force_lj.yaml,scientific_computing/n_body_methods/force_lj/force_lj.yaml,33114af4fd59d428017eebd3a6deb156f02c071c6bf8f9bf66e48fa4ee3ba7e7,702
force_lj,scientific_computing,numpy,force_lj_numpy.py,kernels/scientific_computing/n_body_methods/force_lj/force_lj_numpy.py,scientific_computing/n_body_methods/force_lj/force_lj_numpy.py,40d3452792cc3bdd7be310f1f453c60642b62abbd6f858247ee75710ba3ef68c,2087
fragment_patch_density,scientific_computing,manifest,fragment_patch_density.yaml,kernels/scientific_computing/map_reduce/fragment_patch_density/fragment_patch_density.yaml,scientific_computing/map_reduce/fragment_patch_density/fragment_patch_density.yaml,b8495b6289fa7383d3f5bc3137ac70293288eb9de6c0639625491378df428f08,1045
fragment_patch_density,scientific_computing,numpy,fragment_patch_density_numpy.py,kernels/scientific_computing/map_reduce/fragment_patch_density/fragment_patch_density_numpy.py,scientific_computing/map_reduce/fragment_patch_density/fragment_patch_density_numpy.py,05bd617de333bbf0ab3003f5979c3a32cc3439f34fe9c91b81f6550ed42af27c,1241
fv3_dycore,scientific_computing,manifest,fv3_dycore.yaml,kernels/scientific_computing/structured_grids/fv3_dycore/fv3_dycore.yaml,scientific_computing/structured_grids/fv3_dycore/fv3_dycore.yaml,37f09b2c9fb595c4a2f65a1a3cd3ae8fe83ccec3baea2bd9d51143cf636a1366,4046
fv3_dycore,scientific_computing,numpy,fv3_dycore_numpy.py,kernels/scientific_computing/structured_grids/fv3_dycore/fv3_dycore_numpy.py,scientific_computing/structured_grids/fv3_dycore/fv3_dycore_numpy.py,2bdbcfd604de5751c8e3b6ee51850fbd404b260bdaf0a21069dc01ff652382f5,128016
fv3_xppm,scientific_computing,manifest,fv3_xppm.yaml,kernels/scientific_computing/structured_grids/fv3_xppm/fv3_xppm.yaml,scientific_computing/structured_grids/fv3_xppm/fv3_xppm.yaml,03f0441cd3d2a2a33683fadd72274c264ccf8cd3a654b4a9661ce31f17fb9835,2782
fv3_xppm,scientific_computing,numpy,fv3_xppm_numpy.py,kernels/scientific_computing/structured_grids/fv3_xppm/fv3_xppm_numpy.py,scientific_computing/structured_grids/fv3_xppm/fv3_xppm_numpy.py,43086d6515a6fc9d1a08accca3fda1f177cb20b894dd796df1d78e019228526e,2717
gaussian,scientific_computing,manifest,gaussian.yaml,kernels/scientific_computing/dense_linear_algebra/gaussian/gaussian.yaml,scientific_computing/dense_linear_algebra/gaussian/gaussian.yaml,2b255881243b6d8e6a678622065c4a77cb9d69459e7538b92d623ab5a247ee0a,513
gaussian,scientific_computing,numpy,gaussian_numpy.py,kernels/scientific_computing/dense_linear_algebra/gaussian/gaussian_numpy.py,scientific_computing/dense_linear_algebra/gaussian/gaussian_numpy.py,7168b5f1509c92dc00111af7fda5eb2bfa5828490a2c3118d9ab3367e2f04ab6,407
gem,scientific_computing,manifest,gem.yaml,kernels/scientific_computing/n_body_methods/gem/gem.yaml,scientific_computing/n_body_methods/gem/gem.yaml,ffd2306869ef565592aadd92d0a7bf1b76ec45d2fd0b8659ae5fc888f84a65d9,823
gem,scientific_computing,numpy,gem_numpy.py,kernels/scientific_computing/n_body_methods/gem/gem_numpy.py,scientific_computing/n_body_methods/gem/gem_numpy.py,45a5bd014942ea6175ff20c01ad26ee7f0e93a55f48a417f09d3db77a63cf184,781
gemm,scientific_computing,manifest,gemm.yaml,kernels/scientific_computing/dense_linear_algebra/gemm/gemm.yaml,scientific_computing/dense_linear_algebra/gemm/gemm.yaml,4bf8ee316035975e7a37993d1ed9874e8a58035433c1b0dec759017b5a968397,720
gemm,scientific_computing,manifest,gemm_long_k.yaml,kernels/scientific_computing/dense_linear_algebra/gemm/gemm_long_k.yaml,scientific_computing/dense_linear_algebra/gemm/gemm_long_k.yaml,8d4a3dc84e8c4acb62aff8c0a4628e412d29a215546bc2e5bd753a7aca7eab4b,998
gemm,scientific_computing,manifest,gemm_tall_skinny.yaml,kernels/scientific_computing/dense_linear_algebra/gemm/gemm_tall_skinny.yaml,scientific_computing/dense_linear_algebra/gemm/gemm_tall_skinny.yaml,42dfc885d5bbbb17cc49b61eaad167164f224ae9a8fc44710ce3696d008b9126,1007
gemm,scientific_computing,numpy,gemm_numpy.py,kernels/scientific_computing/dense_linear_algebra/gemm/gemm_numpy.py,scientific_computing/dense_linear_algebra/gemm/gemm_numpy.py,6b3ab8e1b8cfef47559aebcde86eec84e3ed0ac0e485128bb6a691ed1b039c93,270
gemver,scientific_computing,manifest,gemver.yaml,kernels/scientific_computing/dense_linear_algebra/gemver/gemver.yaml,scientific_computing/dense_linear_algebra/gemver/gemver.yaml,f9ff697469ee554832a80bd800f67a44f4f06385d1b09d5fc8dabfadce62ede9,822
gemver,scientific_computing,numpy,gemver_numpy.py,kernels/scientific_computing/dense_linear_algebra/gemver/gemver_numpy.py,scientific_computing/dense_linear_algebra/gemver/gemver_numpy.py,e5c2a0e6708826787aa88310c0918413f010d6bf6438ea54e19497c3a1087d89,371
gesummv,scientific_computing,manifest,gesummv.yaml,kernels/scientific_computing/dense_linear_algebra/gesummv/gesummv.yaml,scientific_computing/dense_linear_algebra/gesummv/gesummv.yaml,60d401f8246bfee3ea7efec9a7587a3271370f701073fd844be1e97819de92c7,635
gesummv,scientific_computing,numpy,gesummv_numpy.py,kernels/scientific_computing/dense_linear_algebra/gesummv/gesummv_numpy.py,scientific_computing/dense_linear_algebra/gesummv/gesummv_numpy.py,28f22bd2ed76aed75db16dc544ae012e8671870b0d403347f9bd460e1054b160,281
gmres,scientific_computing,manifest,gmres.yaml,kernels/scientific_computing/sparse_linear_algebra/gmres/gmres.yaml,scientific_computing/sparse_linear_algebra/gmres/gmres.yaml,aad256dee6b15492a43b55100eb73d985455f91d8393e3acdf726daee281d59e,1350
gmres,scientific_computing,manifest,sp_gmres.yaml,kernels/scientific_computing/sparse_linear_algebra/gmres/sp_gmres.yaml,scientific_computing/sparse_linear_algebra/gmres/sp_gmres.yaml,ccfc222f0816739e59d08f4b2774da7b4260309ecb7e982757b3c9ea00a189be,3806
gmres,scientific_computing,numpy,gmres_numpy.py,kernels/scientific_computing/sparse_linear_algebra/gmres/gmres_numpy.py,scientific_computing/sparse_linear_algebra/gmres/gmres_numpy.py,0b3c1092ba5cf5628094cda0f37f9afb5ca35dee2c6634b7809ea4f3e7947201,1536
gmres,scientific_computing,numpy,gmres_numpytoc_numpy.py,kernels/scientific_computing/sparse_linear_algebra/gmres/gmres_numpytoc_numpy.py,scientific_computing/sparse_linear_algebra/gmres/gmres_numpytoc_numpy.py,65f9e5ca33e7be361f6f8229bd4a8006d9c65e94f88f8e3de7a0ca0895cd0804,1032
go_fast,scientific_computing,manifest,go_fast.yaml,kernels/scientific_computing/map_reduce/go_fast/go_fast.yaml,scientific_computing/map_reduce/go_fast/go_fast.yaml,ad3b07bf0b26e2777cba7a6710af074ecb1466b381cfb4998b8d780e0f74d43d,501
go_fast,scientific_computing,numpy,go_fast_numpy.py,kernels/scientific_computing/map_reduce/go_fast/go_fast_numpy.py,scientific_computing/map_reduce/go_fast/go_fast_numpy.py,31c56e776e8c3533699a3ef7e25bc125204cd5e0d2d967ca9e9a54080041245b,750
gramschmidt,scientific_computing,manifest,gramschmidt.yaml,kernels/scientific_computing/dense_linear_algebra/gramschmidt/gramschmidt.yaml,scientific_computing/dense_linear_algebra/gramschmidt/gramschmidt.yaml,cfe7dd011f2d3638265fcc5e9bdd7edf3951757e2e7953625f317b5b78e78ad6,619
gramschmidt,scientific_computing,numpy,gramschmidt_numpy.py,kernels/scientific_computing/dense_linear_algebra/gramschmidt/gramschmidt_numpy.py,scientific_computing/dense_linear_algebra/gramschmidt/gramschmidt_numpy.py,d6e3ad4d34615f6cd22cd29bd7e59bcee40d42367c2965b9dbad67d66a7c92a0,574
harris_corner,scientific_computing,manifest,harris_corner.yaml,kernels/scientific_computing/structured_grids/harris_corner/harris_corner.yaml,scientific_computing/structured_grids/harris_corner/harris_corner.yaml,0a5565db12ca30121864f0596799d994432f312114bbec60c7831a1bd07d7fd3,753
harris_corner,scientific_computing,numpy,harris_corner_numpy.py,kernels/scientific_computing/structured_grids/harris_corner/harris_corner_numpy.py,scientific_computing/structured_grids/harris_corner/harris_corner_numpy.py,a6f7da8426297ef27bd1e49b8b857498271edf31293d5adeab346e51f7464a0e,3422
hdiff,scientific_computing,manifest,hdiff.yaml,kernels/scientific_computing/structured_grids/hdiff/hdiff.yaml,scientific_computing/structured_grids/hdiff/hdiff.yaml,38ab971f000cb7de1c51c58184aeb8b46199128eda731432b3a2885f69feabe7,730
hdiff,scientific_computing,numpy,hdiff_numpy.py,kernels/scientific_computing/structured_grids/hdiff/hdiff_numpy.py,scientific_computing/structured_grids/hdiff/hdiff_numpy.py,17e88a7f27d33f2a87053f70e3154d76379822893c772c6dd9190a885d302350,1430
heat_3d,scientific_computing,manifest,heat_3d.yaml,kernels/scientific_computing/structured_grids/heat_3d/heat_3d.yaml,scientific_computing/structured_grids/heat_3d/heat_3d.yaml,46ee0b1cc5f04fb051442beb882ef41bc76c8ae213c991fc3afb8b1bc2870450,714
heat_3d,scientific_computing,numpy,heat_3d_numpy.py,kernels/scientific_computing/structured_grids/heat_3d/heat_3d_numpy.py,scientific_computing/structured_grids/heat_3d/heat_3d_numpy.py,a2040609ba9e150b03d25a3e20ada317d449df477f9906c0fe3efd99b493cf0f,1178
histogram_equalization,scientific_computing,manifest,histogram_equalization.yaml,kernels/scientific_computing/map_reduce/histogram_equalization/histogram_equalization.yaml,scientific_computing/map_reduce/histogram_equalization/histogram_equalization.yaml,4098b678733a8a725ad0ecf1fb97edd733b80a4c9dbbe7089a36144c38b62060,758
histogram_equalization,scientific_computing,numpy,histogram_equalization_numpy.py,kernels/scientific_computing/map_reduce/histogram_equalization/histogram_equalization_numpy.py,scientific_computing/map_reduce/histogram_equalization/histogram_equalization_numpy.py,4ebbf9f7438f8fd34327c6cd925d4375691377c8f10f149209a70227da728690,1880
hmm_forward,scientific_computing,manifest,hmm_forward.yaml,kernels/scientific_computing/graphical_models/hmm_forward/hmm_forward.yaml,scientific_computing/graphical_models/hmm_forward/hmm_forward.yaml,246993e1d3bbe2292bb9eb093d68c4a528a4f550475887a13c0e6faab05015b9,918
hmm_forward,scientific_computing,numpy,hmm_forward_numpy.py,kernels/scientific_computing/graphical_models/hmm_forward/hmm_forward_numpy.py,scientific_computing/graphical_models/hmm_forward/hmm_forward_numpy.py,486efaeab783c4ea19824b8aa0ccc869d16e092c982fca460db503b9bf785589,471
hotspot,scientific_computing,manifest,hotspot.yaml,kernels/scientific_computing/structured_grids/hotspot/hotspot.yaml,scientific_computing/structured_grids/hotspot/hotspot.yaml,72af50eb85620f7404e41c002d78189e62d48649d2028e3e1bb033a941a49585,869
hotspot,scientific_computing,numpy,hotspot_numpy.py,kernels/scientific_computing/structured_grids/hotspot/hotspot_numpy.py,scientific_computing/structured_grids/hotspot/hotspot_numpy.py,77540bf32706fe038cf212ccd7fbe0cb4226f3e8d49abe20df1623ac41bc3e0a,1714
hotspot_3d,scientific_computing,manifest,hotspot_3d.yaml,kernels/scientific_computing/structured_grids/hotspot_3d/hotspot_3d.yaml,scientific_computing/structured_grids/hotspot_3d/hotspot_3d.yaml,16b9f35c2a98cfa50db14888e0302879c348750390b186f9d4676f1640f1cdc9,938
hotspot_3d,scientific_computing,numpy,hotspot_3d_numpy.py,kernels/scientific_computing/structured_grids/hotspot_3d/hotspot_3d_numpy.py,scientific_computing/structured_grids/hotspot_3d/hotspot_3d_numpy.py,c116d9fe0b05c601d3ef16d14195d968850cd68929d54d981f78f976e6fb2265,1601
hotspot_rodinia,scientific_computing,manifest,hotspot_rodinia.yaml,kernels/scientific_computing/structured_grids/hotspot_rodinia/hotspot_rodinia.yaml,scientific_computing/structured_grids/hotspot_rodinia/hotspot_rodinia.yaml,a1f9c67e3e2851acddf7e9a7bb3d5fd30a4043aa6df59dbc5a4a8bc5784cc54f,1809
hotspot_rodinia,scientific_computing,numpy,hotspot_rodinia_numpy.py,kernels/scientific_computing/structured_grids/hotspot_rodinia/hotspot_rodinia_numpy.py,scientific_computing/structured_grids/hotspot_rodinia/hotspot_rodinia_numpy.py,7f0e7b80ee0a3b882a4e00a63138c577757de2cc47d3b0fe2413577a9442848b,10338
icon_gather,scientific_computing,manifest,icon_gather.yaml,kernels/scientific_computing/unstructured_grids/icon_gather/icon_gather.yaml,scientific_computing/unstructured_grids/icon_gather/icon_gather.yaml,f396f72de96124e947c7a8fb8ae7e72ffe9b955634293cd6479586009744aab5,1246
icon_gather,scientific_computing,numpy,icon_gather_numpy.py,kernels/scientific_computing/unstructured_grids/icon_gather/icon_gather_numpy.py,scientific_computing/unstructured_grids/icon_gather/icon_gather_numpy.py,f866bad9d6b36d8fba90eb08d0a3498f90f5f43fe947fa51fdc5bab44acd7025,1339
icon_one_loop,scientific_computing,manifest,icon_one_loop.yaml,kernels/scientific_computing/structured_grids/icon_one_loop/icon_one_loop.yaml,scientific_computing/structured_grids/icon_one_loop/icon_one_loop.yaml,546b67fccb681a4ae5845a529e8b1ab58e4e022740fc9d7167542d99f684581a,1463
icon_one_loop,scientific_computing,numpy,icon_one_loop_numpy.py,kernels/scientific_computing/structured_grids/icon_one_loop/icon_one_loop_numpy.py,scientific_computing/structured_grids/icon_one_loop/icon_one_loop_numpy.py,38a0d7b1459d3675af933907122a313acfe9d7f0ceb514a0aae1ce6dbf59706f,981
icon_scatter,scientific_computing,manifest,icon_scatter.yaml,kernels/scientific_computing/unstructured_grids/icon_scatter/icon_scatter.yaml,scientific_computing/unstructured_grids/icon_scatter/icon_scatter.yaml,6e59b8733a1f986f19782503032bef5d2278ca7325812261c5ec27a5208b3c7c,1172
icon_scatter,scientific_computing,numpy,icon_scatter_numpy.py,kernels/scientific_computing/unstructured_grids/icon_scatter/icon_scatter_numpy.py,scientific_computing/unstructured_grids/icon_scatter/icon_scatter_numpy.py,3603b9ceebe541a59d857d3994e36330f610d6171df28b33befbc92b4e2379eb,1137
jacobi_1d,scientific_computing,manifest,jacobi_1d.yaml,kernels/scientific_computing/structured_grids/jacobi_1d/jacobi_1d.yaml,scientific_computing/structured_grids/jacobi_1d/jacobi_1d.yaml,b6032e23b54ae61689cc5bee391102b27a58681d89547256bb095c8ea3fd07c5,599
jacobi_1d,scientific_computing,numpy,jacobi_1d_numpy.py,kernels/scientific_computing/structured_grids/jacobi_1d/jacobi_1d_numpy.py,scientific_computing/structured_grids/jacobi_1d/jacobi_1d_numpy.py,1a8d305d4dc632b67aec38195f37e7a5bbcc1b5f3fd5b225518cab342df0b47e,367
jacobi_2d,scientific_computing,manifest,jacobi_2d.yaml,kernels/scientific_computing/structured_grids/jacobi_2d/jacobi_2d.yaml,scientific_computing/structured_grids/jacobi_2d/jacobi_2d.yaml,7febe89d9d04bbd4e2284fd94a6d3e12d957fb99a27620cd41dfe5d1c796ba51,682
jacobi_2d,scientific_computing,numpy,jacobi_2d_numpy.py,kernels/scientific_computing/structured_grids/jacobi_2d/jacobi_2d_numpy.py,scientific_computing/structured_grids/jacobi_2d/jacobi_2d_numpy.py,cb76b327b8d8aa9a856e9aadde9a689b997e0b57725e049e280055e29774f183,565
k2mm,scientific_computing,manifest,k2mm.yaml,kernels/scientific_computing/dense_linear_algebra/k2mm/k2mm.yaml,scientific_computing/dense_linear_algebra/k2mm/k2mm.yaml,62c7fdee0b62320ada6767b4c474f0af627ad662f7ca40ae2227943605215a2f,816
k2mm,scientific_computing,numpy,k2mm_numpy.py,kernels/scientific_computing/dense_linear_algebra/k2mm/k2mm_numpy.py,scientific_computing/dense_linear_algebra/k2mm/k2mm_numpy.py,6607f519f90767c392c24ea96b662cb370f2d5957a6c3cdaa107a9fe594c15a2,276
k3mm,scientific_computing,manifest,k3mm.yaml,kernels/scientific_computing/dense_linear_algebra/k3mm/k3mm.yaml,scientific_computing/dense_linear_algebra/k3mm/k3mm.yaml,2a47305ff27eee1fff5d91b21151a7f22fa7394351c3fe3b186a07b7797e0598,903
k3mm,scientific_computing,numpy,k3mm_numpy.py,kernels/scientific_computing/dense_linear_algebra/k3mm/k3mm_numpy.py,scientific_computing/dense_linear_algebra/k3mm/k3mm_numpy.py,710e0e42fee4421a5bc0ba2137b0942b6fae176f70ef673d109a5d61b88de456,256
kleinman_bylander_nonlocal,scientific_computing,manifest,kleinman_bylander_nonlocal.yaml,kernels/scientific_computing/dense_linear_algebra/kleinman_bylander_nonlocal/kleinman_bylander_nonlocal.yaml,scientific_computing/dense_linear_algebra/kleinman_bylander_nonlocal/kleinman_bylander_nonlocal.yaml,663ca5fc59fbd20b6179eeec98d5f5c95ff2e05116fc00bb1dba6ca1dc91995e,1078
kleinman_bylander_nonlocal,scientific_computing,numpy,kleinman_bylander_nonlocal_numpy.py,kernels/scientific_computing/dense_linear_algebra/kleinman_bylander_nonlocal/kleinman_bylander_nonlocal_numpy.py,scientific_computing/dense_linear_algebra/kleinman_bylander_nonlocal/kleinman_bylander_nonlocal_numpy.py,a2a5817affded4678dda87cce3b7e2de4fa253c39233223269ae61f8bc5ca8d2,1129
kmeans,scientific_computing,manifest,kmeans.yaml,kernels/scientific_computing/map_reduce/kmeans/kmeans.yaml,scientific_computing/map_reduce/kmeans/kmeans.yaml,9807a2d2bf38b240acd29d25ce797d96e502521b6ad4c0969718af0f564a9dc9,758
kmeans,scientific_computing,numpy,kmeans_numpy.py,kernels/scientific_computing/map_reduce/kmeans/kmeans_numpy.py,scientific_computing/map_reduce/kmeans/kmeans_numpy.py,b3b77df09699711fee651499934a3ad9f1616b3d5d6894280b8dfbdcb99e4f31,1176
kmp,scientific_computing,manifest,kmp.yaml,kernels/scientific_computing/finite_state_machine/kmp/kmp.yaml,scientific_computing/finite_state_machine/kmp/kmp.yaml,f2de9c2541d16aacfe5efec01e159c0ce5a84e78a8539e90de90a4de929f048b,712
kmp,scientific_computing,numpy,kmp_numpy.py,kernels/scientific_computing/finite_state_machine/kmp/kmp_numpy.py,scientific_computing/finite_state_machine/kmp/kmp_numpy.py,acfa5cfa389f60cf2ddc332cdde92fc52640c0de27bb88f27d813748e32e786f,828
laplacian_stencil_3d,scientific_computing,manifest,laplacian_stencil_3d.yaml,kernels/scientific_computing/structured_grids/laplacian_stencil_3d/laplacian_stencil_3d.yaml,scientific_computing/structured_grids/laplacian_stencil_3d/laplacian_stencil_3d.yaml,3b8b99b389db34af48ee527e18a2590c1ff9826ff62d7fdcb79e76387fb43bda,833
laplacian_stencil_3d,scientific_computing,numpy,laplacian_stencil_3d_numpy.py,kernels/scientific_computing/structured_grids/laplacian_stencil_3d/laplacian_stencil_3d_numpy.py,scientific_computing/structured_grids/laplacian_stencil_3d/laplacian_stencil_3d_numpy.py,6cbd1d6a437c32544838956972840e77598e0fa4203b432b7e0998d5adb54fa7,1716
largest_eigenval,scientific_computing,manifest,largest_eigenval.yaml,kernels/scientific_computing/dense_linear_algebra/largest_eigenval/largest_eigenval.yaml,scientific_computing/dense_linear_algebra/largest_eigenval/largest_eigenval.yaml,b20b451a5bbcc0fefab6d7f5ea679d595c81ac3f8c0d3e659cbf2e8b0defc8cc,1201
largest_eigenval,scientific_computing,numpy,largest_eigenval_numpy.py,kernels/scientific_computing/dense_linear_algebra/largest_eigenval/largest_eigenval_numpy.py,scientific_computing/dense_linear_algebra/largest_eigenval/largest_eigenval_numpy.py,7f4d296a989b7b58690f6ffec9f8a5d29942ab400d4ddee566439c072766ae90,915
lavamd,scientific_computing,manifest,lavamd.yaml,kernels/scientific_computing/n_body_methods/lavamd/lavamd.yaml,scientific_computing/n_body_methods/lavamd/lavamd.yaml,343ba04f87258bd552167e252272d27f784d459ed29d7edb4e08b1078053ec26,1193
lavamd,scientific_computing,numpy,lavamd_numpy.py,kernels/scientific_computing/n_body_methods/lavamd/lavamd_numpy.py,scientific_computing/n_body_methods/lavamd/lavamd_numpy.py,24b3dfe98cd9cc89a0d70b1022eecf8b95791d044027a4225f2f67fca36b6213,10123
lda_xc_potential,scientific_computing,manifest,lda_xc_potential.yaml,kernels/scientific_computing/map_reduce/lda_xc_potential/lda_xc_potential.yaml,scientific_computing/map_reduce/lda_xc_potential/lda_xc_potential.yaml,7957e02a1c485fec8b7a86742380f43fa0ef58283929fad75344662eb2001c80,750
lda_xc_potential,scientific_computing,numpy,lda_xc_potential_numpy.py,kernels/scientific_computing/map_reduce/lda_xc_potential/lda_xc_potential_numpy.py,scientific_computing/map_reduce/lda_xc_potential/lda_xc_potential_numpy.py,30c428b67d285b6f5a9d3cd2d5f45de2fc9267ed2dcaf7f83f1a6d250ee1fa49,1874
ls3df_scf,scientific_computing,manifest,ls3df_scf.yaml,kernels/scientific_computing/spectral_methods/ls3df_scf/ls3df_scf.yaml,scientific_computing/spectral_methods/ls3df_scf/ls3df_scf.yaml,7b07c669dd205240f84355ee0b77a7945df976c4debbdba3df27bd2c83933865,1811
ls3df_scf,scientific_computing,numpy,ls3df_scf_numpy.py,kernels/scientific_computing/spectral_methods/ls3df_scf/ls3df_scf_numpy.py,scientific_computing/spectral_methods/ls3df_scf/ls3df_scf_numpy.py,ce941d47d4970dcbed6ad411750829f3059c043be11118f6607483b557468069,9486
lu,scientific_computing,manifest,lu.yaml,kernels/scientific_computing/dense_linear_algebra/lu/lu.yaml,scientific_computing/dense_linear_algebra/lu/lu.yaml,dc7564c190621209e63614c8b1a9599ff14d805d6160f9f8c31ac8b0c0a5a930,473
lu,scientific_computing,numpy,lu_numpy.py,kernels/scientific_computing/dense_linear_algebra/lu/lu_numpy.py,scientific_computing/dense_linear_algebra/lu/lu_numpy.py,fe8286cee60b011310bddb1e4f654a45b090b0adb0372156e15eba1e78f95f50,598
lu_solver,scientific_computing,manifest,lu_solver.yaml,kernels/scientific_computing/dense_linear_algebra/lu_solver/lu_solver.yaml,scientific_computing/dense_linear_algebra/lu_solver/lu_solver.yaml,6168214b590f628ee9f2c52583ebc2af22f969ab45e2deebbab82a2b47741395,1102
lu_solver,scientific_computing,numpy,lu_solver_numpy.py,kernels/scientific_computing/dense_linear_algebra/lu_solver/lu_solver_numpy.py,scientific_computing/dense_linear_algebra/lu_solver/lu_solver_numpy.py,3aa4a839c8ebc475bb8f8a72706d6f859ef2e4b37da083efa47c10f46e7013f0,2111
ludcmp,scientific_computing,manifest,ludcmp.yaml,kernels/scientific_computing/dense_linear_algebra/ludcmp/ludcmp.yaml,scientific_computing/dense_linear_algebra/ludcmp/ludcmp.yaml,026282ad63f600063beb0ab26f3defd812a6fd811746a07740865001b7689866,586
ludcmp,scientific_computing,numpy,ludcmp_numpy.py,kernels/scientific_computing/dense_linear_algebra/ludcmp/ludcmp_numpy.py,scientific_computing/dense_linear_algebra/ludcmp/ludcmp_numpy.py,92c73fd3d4765cbd35e03bbbf60d7c85935877649506ce9b70a2aa0a5bdfb0a5,1253
mandelbrot1,scientific_computing,manifest,mandelbrot1.yaml,kernels/scientific_computing/map_reduce/mandelbrot1/mandelbrot1.yaml,scientific_computing/map_reduce/mandelbrot1/mandelbrot1.yaml,bf82246c2a70c2200602bc7be955ea87cf841302858ba20d2862afa4d26ba31d,2047
mandelbrot1,scientific_computing,numpy,mandelbrot1_numpy.py,kernels/scientific_computing/map_reduce/mandelbrot1/mandelbrot1_numpy.py,scientific_computing/map_reduce/mandelbrot1/mandelbrot1_numpy.py,555e1369d5fce1681d3aebf74215350726ceb71c96f09188dcbb03a8a5228b4d,1474
mandelbrot2,scientific_computing,manifest,mandelbrot2.yaml,kernels/scientific_computing/map_reduce/mandelbrot2/mandelbrot2.yaml,scientific_computing/map_reduce/mandelbrot2/mandelbrot2.yaml,d139034cbf6bfcf3faddb05a8aa58b3396f31f133fda8ac716a1d9576e8b4720,1086
mandelbrot2,scientific_computing,numpy,mandelbrot2_numpy.py,kernels/scientific_computing/map_reduce/mandelbrot2/mandelbrot2_numpy.py,scientific_computing/map_reduce/mandelbrot2/mandelbrot2_numpy.py,fd22f608732852d82e41301cb27d47dd858e5598a0afc2d78944958a76f2f95e,1536
mandelbrot2,scientific_computing,numpy,mandelbrot2_numpytoc_numpy.py,kernels/scientific_computing/map_reduce/mandelbrot2/mandelbrot2_numpytoc_numpy.py,scientific_computing/map_reduce/mandelbrot2/mandelbrot2_numpytoc_numpy.py,e80611d4947b27b5e3760d920f73d94d1c79786432b461fd81cdaf412c141047,2494
max_filter,scientific_computing,manifest,max_filter.yaml,kernels/scientific_computing/structured_grids/max_filter/max_filter.yaml,scientific_computing/structured_grids/max_filter/max_filter.yaml,e12337ec060aa0ee3567fdaabeb6d28c16f3650c7adcbf67c4053d0088ac7b9d,653
max_filter,scientific_computing,numpy,max_filter_numpy.py,kernels/scientific_computing/structured_grids/max_filter/max_filter_numpy.py,scientific_computing/structured_grids/max_filter/max_filter_numpy.py,11711ce1815cd3661f0ec77e367e45f02e47a2efc7a468e4f4897b949906c87a,4065
minife,scientific_computing,manifest,minife.yaml,kernels/scientific_computing/sparse_linear_algebra/minife/minife.yaml,scientific_computing/sparse_linear_algebra/minife/minife.yaml,92fe7754023e9f0e3b41d6db5074fde35d4e862b7f404041f21cdf62248d904c,1297
minife,scientific_computing,numpy,minife_numpy.py,kernels/scientific_computing/sparse_linear_algebra/minife/minife_numpy.py,scientific_computing/sparse_linear_algebra/minife/minife_numpy.py,e7da1916068dffe4f79911793002fd76993de95fe8020735ab8d4d6c06c8cf19,14090
minres,scientific_computing,manifest,minres.yaml,kernels/scientific_computing/sparse_linear_algebra/minres/minres.yaml,scientific_computing/sparse_linear_algebra/minres/minres.yaml,08758783aebf41e6f4dd4a48f3b7d9efbb7ba692b3d729e1ee9163cf74d3e938,1307
minres,scientific_computing,manifest,sp_minres.yaml,kernels/scientific_computing/sparse_linear_algebra/minres/sp_minres.yaml,scientific_computing/sparse_linear_algebra/minres/sp_minres.yaml,ae75ff422271762ebe9f8d39ddf5d719c31f415cdaa4ce344010fd71117fda65,3756
minres,scientific_computing,numpy,minres_numpy.py,kernels/scientific_computing/sparse_linear_algebra/minres/minres_numpy.py,scientific_computing/sparse_linear_algebra/minres/minres_numpy.py,2f229590c929d91e8663a1540a6964fcf4fa6dcde95465051080afc108857af2,912
mvt,scientific_computing,manifest,mvt.yaml,kernels/scientific_computing/dense_linear_algebra/mvt/mvt.yaml,scientific_computing/dense_linear_algebra/mvt/mvt.yaml,5ecfe2059bcb5e7cf7dda4935e6bbe667843c532a1d447c99513c25c1e9348e1,661
mvt,scientific_computing,numpy,mvt_numpy.py,kernels/scientific_computing/dense_linear_algebra/mvt/mvt_numpy.py,scientific_computing/dense_linear_algebra/mvt/mvt_numpy.py,856c499a1105fa0b3b6efbf15d105f09e3d58eecdf11e3585f530effe5cfe2ef,269
nbnxm,scientific_computing,manifest,gromacs_nbnxm.yaml,kernels/scientific_computing/n_body_methods/gromacs/nbnxm/gromacs_nbnxm.yaml,scientific_computing/n_body_methods/gromacs/nbnxm/gromacs_nbnxm.yaml,af30bfa93d89e45d4f2bbe56e3be6574fdf4e22b6da1dedcbbdec586619bf655,3026
nbnxm,scientific_computing,numpy,gromacs_nbnxm_numpy.py,kernels/scientific_computing/n_body_methods/gromacs/nbnxm/gromacs_nbnxm_numpy.py,scientific_computing/n_body_methods/gromacs/nbnxm/gromacs_nbnxm_numpy.py,d99ba54a8b958593c3476c2863c10f8c1a81d0401bffe5752134566c6c7f1967,20450
nbody,scientific_computing,manifest,nbody.yaml,kernels/scientific_computing/n_body_methods/nbody/nbody.yaml,scientific_computing/n_body_methods/nbody/nbody.yaml,c6122f3a48c47abaf548ec4677da48b86ddd765ae7c7d0738dae55302e8ff60d,1785
nbody,scientific_computing,numpy,nbody_numpy.py,kernels/scientific_computing/n_body_methods/nbody/nbody_numpy.py,scientific_computing/n_body_methods/nbody/nbody_numpy.py,33c5c3c1fdb59f06c98f91bf7476a192c1eecc3e1d85415aedd648c201a0f311,3554
needleman_wunsch,scientific_computing,manifest,needleman_wunsch.yaml,kernels/scientific_computing/dynamic_programming/needleman_wunsch/needleman_wunsch.yaml,scientific_computing/dynamic_programming/needleman_wunsch/needleman_wunsch.yaml,a7c04c2c62e0c41e283cd163caec31b67b701586b3972e954a98bc4ffc582378,770
needleman_wunsch,scientific_computing,numpy,needleman_wunsch_numpy.py,kernels/scientific_computing/dynamic_programming/needleman_wunsch/needleman_wunsch_numpy.py,scientific_computing/dynamic_programming/needleman_wunsch/needleman_wunsch_numpy.py,bab5ce58db2bc5dcdb3c53a2ed69aa07bf09b2308f4f314b8c01da3d7bb9ef55,1055
newdxx_g,scientific_computing,manifest,newdxx_g.yaml,kernels/scientific_computing/dense_linear_algebra/newdxx_g/newdxx_g.yaml,scientific_computing/dense_linear_algebra/newdxx_g/newdxx_g.yaml,90391a6fe7e54732f3413175b2bca80588bd57246d0f3b272403026c34ab923f,3055
newdxx_g,scientific_computing,numpy,newdxx_g_numpy.py,kernels/scientific_computing/dense_linear_algebra/newdxx_g/newdxx_g_numpy.py,scientific_computing/dense_linear_algebra/newdxx_g/newdxx_g_numpy.py,a7b4635558db9df2c4609de54155e04b4c691ff37c99ccdb94cca84af811e23f,3198
nfa_frontier,scientific_computing,manifest,nfa_frontier.yaml,kernels/scientific_computing/finite_state_machine/nfa_frontier/nfa_frontier.yaml,scientific_computing/finite_state_machine/nfa_frontier/nfa_frontier.yaml,4d1e340f98da8299438e71fea5d14608e5f0aea3451f397983a70a786b22bbd7,1938
nfa_frontier,scientific_computing,numpy,nfa_frontier_numpy.py,kernels/scientific_computing/finite_state_machine/nfa_frontier/nfa_frontier_numpy.py,scientific_computing/finite_state_machine/nfa_frontier/nfa_frontier_numpy.py,2007711aff5d90aeca399618ab08948216548bc8cb114712416d46cec8198a57,10444
nqueens,scientific_computing,manifest,nqueens.yaml,kernels/scientific_computing/backtrack_branch_bound/nqueens/nqueens.yaml,scientific_computing/backtrack_branch_bound/nqueens/nqueens.yaml,782ed554eff6ff06ad0078e9d318660ca35b0339a3cd5778a352a75aedce66c0,397
nqueens,scientific_computing,numpy,nqueens_numpy.py,kernels/scientific_computing/backtrack_branch_bound/nqueens/nqueens_numpy.py,scientific_computing/backtrack_branch_bound/nqueens/nqueens_numpy.py,37e9d4285a85d6905fbe211d5148a520e497fb5251796951c5c94a6997d91918,1328
nussinov,scientific_computing,manifest,nussinov.yaml,kernels/scientific_computing/dynamic_programming/nussinov/nussinov.yaml,scientific_computing/dynamic_programming/nussinov/nussinov.yaml,2d9ee4655207ca2912aefa2413d7f3f8da6f583fc7287f9a8a6a2e5b16a88222,705
nussinov,scientific_computing,numpy,nussinov_numpy.py,kernels/scientific_computing/dynamic_programming/nussinov/nussinov_numpy.py,scientific_computing/dynamic_programming/nussinov/nussinov_numpy.py,b4e5876cda70d644b07781a49d5a3472adbd7e45f77246da105bd2bea2fb74c6,1543
pagerank,scientific_computing,manifest,pagerank.yaml,kernels/scientific_computing/graph_traversal/pagerank/pagerank.yaml,scientific_computing/graph_traversal/pagerank/pagerank.yaml,c75ec8ed51566fd25c53b5ab7fd4597722ca1816a467333b8d0a77fea3d6a307,651
pagerank,scientific_computing,numpy,pagerank_numpy.py,kernels/scientific_computing/graph_traversal/pagerank/pagerank_numpy.py,scientific_computing/graph_traversal/pagerank/pagerank_numpy.py,7ec367a831f0ded62c98f18da491fba6a20311dc25fbdce6f5f022e46da8a3bb,980
pathfinder,scientific_computing,manifest,pathfinder.yaml,kernels/scientific_computing/dynamic_programming/pathfinder/pathfinder.yaml,scientific_computing/dynamic_programming/pathfinder/pathfinder.yaml,b11c6e1bf18ad0b6c9b132cfbbfd844870639a434817c3266eb9b39c66f79cba,591
pathfinder,scientific_computing,numpy,pathfinder_numpy.py,kernels/scientific_computing/dynamic_programming/pathfinder/pathfinder_numpy.py,scientific_computing/dynamic_programming/pathfinder/pathfinder_numpy.py,4e609fd169e2e4be9d02cc937eeca8fc12e9750f74cb9d7043c9802d5dee32d7,940
permute_3d,scientific_computing,manifest,permute_3d.yaml,kernels/scientific_computing/dense_linear_algebra/permute_3d/permute_3d.yaml,scientific_computing/dense_linear_algebra/permute_3d/permute_3d.yaml,35bc527c012cd8487cadccf556f623dae8cb610ce5eac5060fa047d9f0974b7b,498
permute_3d,scientific_computing,numpy,permute_3d_numpy.py,kernels/scientific_computing/dense_linear_algebra/permute_3d/permute_3d_numpy.py,scientific_computing/dense_linear_algebra/permute_3d/permute_3d_numpy.py,fc70747d22f045da02114fb8db1ae9195945ef6d5acb389964b8019827e81bff,144
poisson_cg_3d,scientific_computing,manifest,poisson_cg_3d.yaml,kernels/scientific_computing/structured_grids/poisson_cg_3d/poisson_cg_3d.yaml,scientific_computing/structured_grids/poisson_cg_3d/poisson_cg_3d.yaml,3d705e39f6e1d5ae15d57a9825177d5f9f80b0f3b460773bced2ba716e679ac7,816
poisson_cg_3d,scientific_computing,numpy,poisson_cg_3d_numpy.py,kernels/scientific_computing/structured_grids/poisson_cg_3d/poisson_cg_3d_numpy.py,scientific_computing/structured_grids/poisson_cg_3d/poisson_cg_3d_numpy.py,104169256cf3fb6d198ae0bb6e818cd0eb23ea83e93233573290f5b097d7b5ff,2072
portfolio_optimization,scientific_computing,manifest,portfolio_optimization.yaml,kernels/scientific_computing/dense_linear_algebra/portfolio_optimization/portfolio_optimization.yaml,scientific_computing/dense_linear_algebra/portfolio_optimization/portfolio_optimization.yaml,9269295a404bef099a135348dbeb76269b99f8b4e2fea6afb0bd9d9ebfb37e4b,1305
portfolio_optimization,scientific_computing,numpy,portfolio_optimization_numpy.py,kernels/scientific_computing/dense_linear_algebra/portfolio_optimization/portfolio_optimization_numpy.py,scientific_computing/dense_linear_algebra/portfolio_optimization/portfolio_optimization_numpy.py,3b6ed4d62a14ab44e632b5f55be0fc3664f54cd7fc25a7917349fa50f7ecb8aa,777
quatrex_rgf,scientific_computing,manifest,quatrex_rgf.yaml,kernels/scientific_computing/sparse_linear_algebra/quatrex_rgf/quatrex_rgf.yaml,scientific_computing/sparse_linear_algebra/quatrex_rgf/quatrex_rgf.yaml,f8529f0562cbeeb3bb99fc50082a313857461ae29e2fdd0763ac8888d27bb655,1955
quatrex_rgf,scientific_computing,numpy,quatrex_rgf_numpy.py,kernels/scientific_computing/sparse_linear_algebra/quatrex_rgf/quatrex_rgf_numpy.py,scientific_computing/sparse_linear_algebra/quatrex_rgf/quatrex_rgf_numpy.py,a8804575255cc0ee8056c1bfed59e6b31809f32a025d5293084beb6ba7034ff0,10249
raman_fitting,scientific_computing,manifest,raman_fitting.yaml,kernels/scientific_computing/spectral_methods/raman_fitting/raman_fitting.yaml,scientific_computing/spectral_methods/raman_fitting/raman_fitting.yaml,fffdab7844e255f96fb9a058b1351864af12ef8a8bd8343aef7eb4dad9360e81,2162
raman_fitting,scientific_computing,numpy,raman_fitting_numpy.py,kernels/scientific_computing/spectral_methods/raman_fitting/raman_fitting_numpy.py,scientific_computing/spectral_methods/raman_fitting/raman_fitting_numpy.py,b1ff2211c8ebe9f4f196b367f56d2e14a7727154fd1e39a8564ef037a49a408f,5877
rayleigh_ritz_rotation,scientific_computing,manifest,rayleigh_ritz_rotation.yaml,kernels/scientific_computing/dense_linear_algebra/rayleigh_ritz_rotation/rayleigh_ritz_rotation.yaml,scientific_computing/dense_linear_algebra/rayleigh_ritz_rotation/rayleigh_ritz_rotation.yaml,6342d8277d8246cf45711a17c5deb8d548e1464dbdbde69d8d3eefb16a401c7a,894
rayleigh_ritz_rotation,scientific_computing,numpy,rayleigh_ritz_rotation_numpy.py,kernels/scientific_computing/dense_linear_algebra/rayleigh_ritz_rotation/rayleigh_ritz_rotation_numpy.py,scientific_computing/dense_linear_algebra/rayleigh_ritz_rotation/rayleigh_ritz_rotation_numpy.py,0432ef845f01117b71b78e20c7a5c2f942b3734bf2361cc48adea11c628b6803,2063
reduce_2d,scientific_computing,manifest,reduce_2d.yaml,kernels/scientific_computing/dense_linear_algebra/reduce_2d/reduce_2d.yaml,scientific_computing/dense_linear_algebra/reduce_2d/reduce_2d.yaml,e94808de0ed5693a03fafc718065d5e7ebb02d640164eb04951c60de89e98bdd,684
reduce_2d,scientific_computing,numpy,reduce_2d_numpy.py,kernels/scientific_computing/dense_linear_algebra/reduce_2d/reduce_2d_numpy.py,scientific_computing/dense_linear_algebra/reduce_2d/reduce_2d_numpy.py,510a47cf150cf954872d15c1d5acc09c74d16287ac8486289a155bcded4f00a3,92
scattering_self_energies,scientific_computing,manifest,scattering_self_energies.yaml,kernels/scientific_computing/dense_linear_algebra/scattering_self_energies/scattering_self_energies.yaml,scientific_computing/dense_linear_algebra/scattering_self_energies/scattering_self_energies.yaml,edac96b4e46fdf4d845402c50ea5801eb0679d1eb199eb730c6942fcf5fcc9c1,1164
scattering_self_energies,scientific_computing,numpy,scattering_self_energies_numpy.py,kernels/scientific_computing/dense_linear_algebra/scattering_self_energies/scattering_self_energies_numpy.py,scientific_computing/dense_linear_algebra/scattering_self_energies/scattering_self_energies_numpy.py,8db9316335c72b57d69cf816269ba3936475ee0407bff60b5acc8b314a4c71ce,1193
seidel_2d,scientific_computing,manifest,seidel_2d.yaml,kernels/scientific_computing/structured_grids/seidel_2d/seidel_2d.yaml,scientific_computing/structured_grids/seidel_2d/seidel_2d.yaml,7d6e3e6ebf0ec098e21e5a17838af328004606ec517f12dae97c61d9e2d7d58a,539
seidel_2d,scientific_computing,numpy,seidel_2d_numpy.py,kernels/scientific_computing/structured_grids/seidel_2d/seidel_2d_numpy.py,scientific_computing/structured_grids/seidel_2d/seidel_2d_numpy.py,2ebac4ce293b7c19190756cd426d217612655488639cda10b272738ed6b3be54,559
seissol_batched_gemm,scientific_computing,manifest,seissol_batched_gemm.yaml,kernels/scientific_computing/dense_linear_algebra/seissol_batched_gemm/seissol_batched_gemm.yaml,scientific_computing/dense_linear_algebra/seissol_batched_gemm/seissol_batched_gemm.yaml,89772be7a961abc4d3797f0620dd2681e1d915e113246f1e691fffeb6397f496,2771
seissol_batched_gemm,scientific_computing,numpy,seissol_batched_gemm_numpy.py,kernels/scientific_computing/dense_linear_algebra/seissol_batched_gemm/seissol_batched_gemm_numpy.py,scientific_computing/dense_linear_algebra/seissol_batched_gemm/seissol_batched_gemm_numpy.py,4f3c9e6977fad148d5d2a55dba166a5ceed6f8f9eaac570c9315849f9063c565,1316
seissol_tensor_contraction,scientific_computing,manifest,seissol_tensor_contraction.yaml,kernels/scientific_computing/dense_linear_algebra/seissol_tensor_contraction/seissol_tensor_contraction.yaml,scientific_computing/dense_linear_algebra/seissol_tensor_contraction/seissol_tensor_contraction.yaml,e5c98ec38c59fa50fcc5d615eb30332862bfd575909aceb0af43892fadbfdb9b,3119
seissol_tensor_contraction,scientific_computing,numpy,seissol_tensor_contraction_numpy.py,kernels/scientific_computing/dense_linear_algebra/seissol_tensor_contraction/seissol_tensor_contraction_numpy.py,scientific_computing/dense_linear_algebra/seissol_tensor_contraction/seissol_tensor_contraction_numpy.py,6ab769ab8b3d9bd8708dff071e850311cb4e61be53ccfec6a632df73869c575c,1582
smith_waterman,scientific_computing,manifest,smith_waterman.yaml,kernels/scientific_computing/dynamic_programming/smith_waterman/smith_waterman.yaml,scientific_computing/dynamic_programming/smith_waterman/smith_waterman.yaml,c575605ec7615fa2a936ba17f464808ff0f6e281388fd9eb16c6f01379f2d668,734
smith_waterman,scientific_computing,numpy,smith_waterman_numpy.py,kernels/scientific_computing/dynamic_programming/smith_waterman/smith_waterman_numpy.py,scientific_computing/dynamic_programming/smith_waterman/smith_waterman_numpy.py,3c34ff99975127e46836f71b0d6b74af9314a8642a39af7ed8fbd35d108b7b3c,960
spgemm_hash,scientific_computing,manifest,spgemm_hash.yaml,kernels/scientific_computing/sparse_linear_algebra/spgemm_hash/spgemm_hash.yaml,scientific_computing/sparse_linear_algebra/spgemm_hash/spgemm_hash.yaml,f26f2afff6a22765374b8b749478d85280320d4115f943affdfedfaf6637da29,1791
spgemm_hash,scientific_computing,numpy,spgemm_hash_numpy.py,kernels/scientific_computing/sparse_linear_algebra/spgemm_hash/spgemm_hash_numpy.py,scientific_computing/sparse_linear_algebra/spgemm_hash/spgemm_hash_numpy.py,1010dc1edc5b3b259924478a5bb32935c5143ea795c8ebf3ed1a9d98943627fd,13376
spmm,scientific_computing,manifest,spmm.yaml,kernels/scientific_computing/sparse_linear_algebra/spmm/spmm.yaml,scientific_computing/sparse_linear_algebra/spmm/spmm.yaml,ae9856b53c02b52cb5e6e3b54c7289e9a5781e2c43195e14321a21c83fb7fd4e,1920
spmm,scientific_computing,numpy,spmm_numpy.py,kernels/scientific_computing/sparse_linear_algebra/spmm/spmm_numpy.py,scientific_computing/sparse_linear_algebra/spmm/spmm_numpy.py,1cf8df1e5c8481195b9ffbf873e8266b595c4fa608827888f345ca9417bca7a9,174
spmv,scientific_computing,manifest,spmv.yaml,kernels/scientific_computing/sparse_linear_algebra/spmv/spmv.yaml,scientific_computing/sparse_linear_algebra/spmv/spmv.yaml,14408a3c4406be40f2233517fc50951a3ca13650d29bc2e1d39f82366e80118f,3807
spmv,scientific_computing,numpy,spmv_numpy.py,kernels/scientific_computing/sparse_linear_algebra/spmv/spmv_numpy.py,scientific_computing/sparse_linear_algebra/spmv/spmv_numpy.py,932b1a0a9408bfd5971398b99874a79eceb9eaedbcb436519fe35ea0728c2fbf,739
srad,scientific_computing,manifest,srad.yaml,kernels/scientific_computing/structured_grids/srad/srad.yaml,scientific_computing/structured_grids/srad/srad.yaml,227fdf037fda9644ec17d3b4048f9b4bf9123f1876d7c8045e78c4b7c5cfc2b1,2028
srad,scientific_computing,numpy,srad_numpy.py,kernels/scientific_computing/structured_grids/srad/srad_numpy.py,scientific_computing/structured_grids/srad/srad_numpy.py,e129379cfabd92b4eff2b5d1052095ca18222b3afe182c5269331b7838bf44a3,10747
stencil_3d,scientific_computing,manifest,stencil_3d.yaml,kernels/scientific_computing/structured_grids/stencil_3d/stencil_3d.yaml,scientific_computing/structured_grids/stencil_3d/stencil_3d.yaml,5695eea81d60dd409ec6fcb1a7371e42dad0e6596599437be2935c214e30a1b4,634
stencil_3d,scientific_computing,numpy,stencil_3d_numpy.py,kernels/scientific_computing/structured_grids/stencil_3d/stencil_3d_numpy.py,scientific_computing/structured_grids/stencil_3d/stencil_3d_numpy.py,cedc0a218caf048715429827e7577e67218b39feb8a9204c7385adf86ed86120,1030
stencil_4d,scientific_computing,manifest,stencil_4d.yaml,kernels/scientific_computing/structured_grids/stencil_4d/stencil_4d.yaml,scientific_computing/structured_grids/stencil_4d/stencil_4d.yaml,c66bc959487105636d503d9af4e9110ea5ee76efd924c60fb40c558ecfe54818,691
stencil_4d,scientific_computing,numpy,stencil_4d_numpy.py,kernels/scientific_computing/structured_grids/stencil_4d/stencil_4d_numpy.py,scientific_computing/structured_grids/stencil_4d/stencil_4d_numpy.py,6d9ac550631c48975ef0d6df28c2223fa7b27993e59202108b9beb6ab6aedabc,758
stencil_4d_vc,scientific_computing,manifest,stencil_4d_vc.yaml,kernels/scientific_computing/structured_grids/stencil_4d_vc/stencil_4d_vc.yaml,scientific_computing/structured_grids/stencil_4d_vc/stencil_4d_vc.yaml,eca22c7c915acf8f197f7d49df0673de8b49ce28277933939ac54af7d0782a46,773
stencil_4d_vc,scientific_computing,numpy,stencil_4d_vc_numpy.py,kernels/scientific_computing/structured_grids/stencil_4d_vc/stencil_4d_vc_numpy.py,scientific_computing/structured_grids/stencil_4d_vc/stencil_4d_vc_numpy.py,19c5e06899d86dcc543364b2202f96a3a4ba0b56cd398d7e36775d06d13fa4f7,1146
stockham_fft,scientific_computing,manifest,stockham_fft.yaml,kernels/scientific_computing/spectral_methods/stockham_fft/stockham_fft.yaml,scientific_computing/spectral_methods/stockham_fft/stockham_fft.yaml,62c04e2bc1aa5d8184434f7f9e0e42ad909093f4454a52aa0236ffdb4284804d,631
stockham_fft,scientific_computing,numpy,stockham_fft_numpy.py,kernels/scientific_computing/spectral_methods/stockham_fft/stockham_fft_numpy.py,scientific_computing/spectral_methods/stockham_fft/stockham_fft_numpy.py,9d2df310ac9b315a60af9778c9ca7ce0dc51634043426b93f944583ebf4d243f,1502
subset_sum,scientific_computing,manifest,subset_sum.yaml,kernels/scientific_computing/backtrack_branch_bound/subset_sum/subset_sum.yaml,scientific_computing/backtrack_branch_bound/subset_sum/subset_sum.yaml,b8ef04ca72e90ac6acec4360a06b329cc197b11adc71c92e5611adb8e3e20bea,646
subset_sum,scientific_computing,numpy,subset_sum_numpy.py,kernels/scientific_computing/backtrack_branch_bound/subset_sum/subset_sum_numpy.py,scientific_computing/backtrack_branch_bound/subset_sum/subset_sum_numpy.py,79b69cdfc69593c5cf7a140a1de49c553261142cbbb069d262a0df49ffc10932,1105
sw4_rhs4sg,scientific_computing,manifest,sw4_rhs4sg.yaml,kernels/scientific_computing/structured_grids/sw4_rhs4sg/sw4_rhs4sg.yaml,scientific_computing/structured_grids/sw4_rhs4sg/sw4_rhs4sg.yaml,b53bf9d98f22bb858bae77014e503726a41c1bbab90964c395efcdcb24c7a198,1444
sw4_rhs4sg,scientific_computing,numpy,sw4_rhs4sg_numpy.py,kernels/scientific_computing/structured_grids/sw4_rhs4sg/sw4_rhs4sg_numpy.py,scientific_computing/structured_grids/sw4_rhs4sg/sw4_rhs4sg_numpy.py,067fe0cf99fea707f77d2e7cc5be7cb58a38082a911ffabc9920c5577abf538c,64627
symm,scientific_computing,manifest,symm.yaml,kernels/scientific_computing/dense_linear_algebra/symm/symm.yaml,scientific_computing/dense_linear_algebra/symm/symm.yaml,56140c1a50f97168f1785e7019d2bca29d986c690540f735fb73405061ecdc80,625
symm,scientific_computing,numpy,symm_numpy.py,kernels/scientific_computing/dense_linear_algebra/symm/symm_numpy.py,scientific_computing/dense_linear_algebra/symm/symm_numpy.py,951a44f6466f8483e6c9ad712b02632bb98dfc0bf52df527889acebc588287db,522
syr2k,scientific_computing,manifest,syr2k.yaml,kernels/scientific_computing/dense_linear_algebra/syr2k/syr2k.yaml,scientific_computing/dense_linear_algebra/syr2k/syr2k.yaml,035a7e39ef0c59eea59d284f1c20bd4d646f1cd7122ab7b922c23eb4ca75b945,631
syr2k,scientific_computing,numpy,syr2k_numpy.py,kernels/scientific_computing/dense_linear_algebra/syr2k/syr2k_numpy.py,scientific_computing/dense_linear_algebra/syr2k/syr2k_numpy.py,3293a2c20c71ca172817d2440e2f5cbe2f707ce517c1f443d945a77d4ea9f431,415
syrk,scientific_computing,manifest,syrk.yaml,kernels/scientific_computing/dense_linear_algebra/syrk/syrk.yaml,scientific_computing/dense_linear_algebra/syrk/syrk.yaml,4791ecae174d7b6160d9e39c82be3cae64c9e7dc99d72b25e494fa411c56f4e8,590
syrk,scientific_computing,numpy,syrk_numpy.py,kernels/scientific_computing/dense_linear_algebra/syrk/syrk_numpy.py,scientific_computing/dense_linear_algebra/syrk/syrk_numpy.py,9e037cb77410a94b7e16a0e95ca6a44db5fbed20562d5e169c963759fc06069e,378
triangle_count,scientific_computing,manifest,triangle_count.yaml,kernels/scientific_computing/graph_traversal/triangle_count/triangle_count.yaml,scientific_computing/graph_traversal/triangle_count/triangle_count.yaml,6578efa4c7711d5691ffcf2c800bfcb50efece05846ad5505c3d4af00299cec9,1028
triangle_count,scientific_computing,numpy,triangle_count_numpy.py,kernels/scientific_computing/graph_traversal/triangle_count/triangle_count_numpy.py,scientific_computing/graph_traversal/triangle_count/triangle_count_numpy.py,f5f13ed476d583a6ac5a1a1637f83de523857ff08a68bc48a1ce3ac988aee5ae,7123
trisolv,scientific_computing,manifest,trisolv.yaml,kernels/scientific_computing/dense_linear_algebra/trisolv/trisolv.yaml,scientific_computing/dense_linear_algebra/trisolv/trisolv.yaml,3c0ce6353a12a32fce497a0dd2587d544a13dc287aa549b1848b3dce49d0fad5,549
trisolv,scientific_computing,numpy,trisolv_numpy.py,kernels/scientific_computing/dense_linear_algebra/trisolv/trisolv_numpy.py,scientific_computing/dense_linear_algebra/trisolv/trisolv_numpy.py,3302311453a9c5045199a53b1a5516a1e541d917f321e6e4a27a8daaf5c8d417,297
trmm,scientific_computing,manifest,trmm.yaml,kernels/scientific_computing/dense_linear_algebra/trmm/trmm.yaml,scientific_computing/dense_linear_algebra/trmm/trmm.yaml,db9f9f1aa8e4608e830cf0d11389785784ac7cf9d721949477f2ff4b8139cf58,580
trmm,scientific_computing,numpy,trmm_numpy.py,kernels/scientific_computing/dense_linear_algebra/trmm/trmm_numpy.py,scientific_computing/dense_linear_algebra/trmm/trmm_numpy.py,b5b5a31b8c0c0e75cfcd221254c8b9043c0af1b8b832fe4b18a09722de1d03bc,377
vadv,scientific_computing,manifest,vadv.yaml,kernels/scientific_computing/structured_grids/vadv/vadv.yaml,scientific_computing/structured_grids/vadv/vadv.yaml,6bf4e37bc27bd9b57e911b88fade113f780ac6ea38c04ca52342308c2f42db48,692
vadv,scientific_computing,numpy,vadv_numpy.py,kernels/scientific_computing/structured_grids/vadv/vadv_numpy.py,scientific_computing/structured_grids/vadv/vadv_numpy.py,a88f7bfed78a79e5329f43dbb57b2036e3d37953a6d1f35c853b533217e3e2b3,3415
vector_stencil_4d,scientific_computing,manifest,vector_stencil_4d.yaml,kernels/scientific_computing/structured_grids/vector_stencil_4d/vector_stencil_4d.yaml,scientific_computing/structured_grids/vector_stencil_4d/vector_stencil_4d.yaml,74bc80b0edd909a7c1603b01d419b9f2422d4c824b92e3bbd9414b910c823f27,705
vector_stencil_4d,scientific_computing,numpy,vector_stencil_4d_numpy.py,kernels/scientific_computing/structured_grids/vector_stencil_4d/vector_stencil_4d_numpy.py,scientific_computing/structured_grids/vector_stencil_4d/vector_stencil_4d_numpy.py,9f3309be39ccd6ef91bab8ad95f4590dfb3dc0edd8406d5760371b4c1e0fce97,747
vector_stencil_4d_vc,scientific_computing,manifest,vector_stencil_4d_vc.yaml,kernels/scientific_computing/structured_grids/vector_stencil_4d_vc/vector_stencil_4d_vc.yaml,scientific_computing/structured_grids/vector_stencil_4d_vc/vector_stencil_4d_vc.yaml,ede35c706524631d8f831b2f17ba5027e5daf20b29e980f944b6995a277577ae,787
vector_stencil_4d_vc,scientific_computing,numpy,vector_stencil_4d_vc_numpy.py,kernels/scientific_computing/structured_grids/vector_stencil_4d_vc/vector_stencil_4d_vc_numpy.py,scientific_computing/structured_grids/vector_stencil_4d_vc/vector_stencil_4d_vc_numpy.py,5b5e288a5e508bcf44da7e18428b2a77220cbb3277173a74b79ee92df61e6ebe,1552
velocity_tendencies,scientific_computing,manifest,velocity_tendencies.yaml,kernels/scientific_computing/unstructured_grids/velocity_tendencies/velocity_tendencies.yaml,scientific_computing/unstructured_grids/velocity_tendencies/velocity_tendencies.yaml,4e113091104f1724a561af9f1cb4a7c6cb2c4e3fd868520b7caddf426c9539f7,13146
velocity_tendencies,scientific_computing,numpy,velocity_tendencies_numpy.py,kernels/scientific_computing/unstructured_grids/velocity_tendencies/velocity_tendencies_numpy.py,scientific_computing/unstructured_grids/velocity_tendencies/velocity_tendencies_numpy.py,a8a4fa443d61d887a66a3fa090953130783b9a505014cef6d45b2acdab328e70,17170
vexx,scientific_computing,manifest,vexx_k.yaml,kernels/scientific_computing/spectral_methods/vexx/vexx_k.yaml,scientific_computing/spectral_methods/vexx/vexx_k.yaml,68338095b5ad51ae246698a9d2b45dab4204593d180d309a86eefe348d615c4d,9599
vexx,scientific_computing,numpy,vexx_k_numpy.py,kernels/scientific_computing/spectral_methods/vexx/vexx_k_numpy.py,scientific_computing/spectral_methods/vexx/vexx_k_numpy.py,16a861e2c3cd46e7bb90f45a5cc0d3d265e68d421d88754ec44496fb858e3808,25766
viterbi,scientific_computing,manifest,viterbi.yaml,kernels/scientific_computing/graphical_models/viterbi/viterbi.yaml,scientific_computing/graphical_models/viterbi/viterbi.yaml,5ef5b3170d80f539bf134e890d2e3be5a3bfb8f04d35e5389d9677e651c4fd3c,940
viterbi,scientific_computing,numpy,viterbi_numpy.py,kernels/scientific_computing/graphical_models/viterbi/viterbi_numpy.py,scientific_computing/graphical_models/viterbi/viterbi_numpy.py,426b6a18f2e5f5293b6d98941a1d92777366f63d61bd0376cc953c8043fb637c,538
xsbench,scientific_computing,manifest,xsbench.yaml,kernels/scientific_computing/map_reduce/xsbench/xsbench.yaml,scientific_computing/map_reduce/xsbench/xsbench.yaml,217de6b36f07cc4a6a72290c6e57b74c021512ad7fc8e4245f04c1eb77c86b56,1842
xsbench,scientific_computing,numpy,xsbench_numpy.py,kernels/scientific_computing/map_reduce/xsbench/xsbench_numpy.py,scientific_computing/map_reduce/xsbench/xsbench_numpy.py,ea30c270a04f54f9f51053195e6843705f910d72dd7002fd3c562a79df367656,14372
zekin_gather,scientific_computing,manifest,zekin_gather.yaml,kernels/scientific_computing/unstructured_grids/zekin_gather/zekin_gather.yaml,scientific_computing/unstructured_grids/zekin_gather/zekin_gather.yaml,0bc22ec09c0f808432856be40f7712a388cee98d13027b47ad3425cb40ba8e2c,1103
zekin_gather,scientific_computing,numpy,zekin_gather_numpy.py,kernels/scientific_computing/unstructured_grids/zekin_gather/zekin_gather_numpy.py,scientific_computing/unstructured_grids/zekin_gather/zekin_gather_numpy.py,027fbbbad5c5f2a6fa8ece33756a2f11c63295043bfa6597d82eec7e61eb75f2,1166
zekin_gather_scatter,scientific_computing,manifest,zekin_gather_scatter.yaml,kernels/scientific_computing/unstructured_grids/zekin_gather_scatter/zekin_gather_scatter.yaml,scientific_computing/unstructured_grids/zekin_gather_scatter/zekin_gather_scatter.yaml,ec89a5ffa2afd611a46ee502f406ccbb3bc72c290d4f4c225b9e792a52fb81b3,1660
zekin_gather_scatter,scientific_computing,numpy,zekin_gather_scatter_numpy.py,kernels/scientific_computing/unstructured_grids/zekin_gather_scatter/zekin_gather_scatter_numpy.py,scientific_computing/unstructured_grids/zekin_gather_scatter/zekin_gather_scatter_numpy.py,88eb2d80e85389e211724b75ecf561b55d62a3617ed0085b01bce6ca98214c87,990
zekin_scatter,scientific_computing,manifest,zekin_scatter.yaml,kernels/scientific_computing/unstructured_grids/zekin_scatter/zekin_scatter.yaml,scientific_computing/unstructured_grids/zekin_scatter/zekin_scatter.yaml,f2be571621e60eaae1021251ef6e8745a533008c2be19b7347e4a0ebe9d12ab7,1524
zekin_scatter,scientific_computing,numpy,zekin_scatter_numpy.py,kernels/scientific_computing/unstructured_grids/zekin_scatter/zekin_scatter_numpy.py,scientific_computing/unstructured_grids/zekin_scatter/zekin_scatter_numpy.py,ab2bbf9b05481bee12643712c04b8c1690579f93b6efd91c69e84c045b67bf38,1102
