arm,language,benchmark,run_id,attempt_index,speedup,baseline_ns,native_ns,suspect,source_provenance,source_path,sha256
llr40v10-kimi27sglang-c,c,argmax_with_index,llr40v10-kimi27sglang-c.n0.p0.w0,1,15.277645,363575458.000000,22088738.000000,0.000000,graded_attempt,sources/llr40v10-kimi27sglang-c/argmax_with_index/621017.621017.llr40v10-kimi27sglang-c.n0.p0.w0/candidate_01_submission.txt,a6cea46e209e382a152267f01f8fea494c7e621f240245aa4e8f6b9181404dd1
llr40v10-kimi27sglang-fortran,fortran,argmax_with_index,llr40v10-kimi27sglang-fortran.n0.p0.w0,2,15.584726,363992887.000000,21905791.000000,0.000000,graded_attempt,sources/llr40v10-kimi27sglang-fortran/argmax_with_index/621731.621731.llr40v10-kimi27sglang-fortran.n0.p0.w0/candidate_02_submission.txt,8ed19a4f8f2520197fb750e24ddbded1b6d311fbdf2be1916cc38b1740b3dd4f
llr40v10-kimi27sglang-fortran,fortran,argmax_with_index,llr40v10-kimi27sglang-fortran.n0.p0.w0,1,1.000000,363594074.000000,363970781.000000,0.000000,graded_attempt,sources/llr40v10-kimi27sglang-fortran/argmax_with_index/621021.621021.llr40v10-kimi27sglang-fortran.n0.p0.w0/candidate_01_submission.txt,ff69d2d5f033bdac3319e25f20aeb928d0e64bc5aefe7d5a7bbd4375de425fe4
llr40v10-kimi27sglang-fortran,fortran,argmax_with_index,llr40v10-kimi27sglang-fortran.n0.p0.w0,1,1.000000,363992887.000000,364791061.000000,0.000000,graded_attempt,sources/llr40v10-kimi27sglang-fortran/argmax_with_index/621731.621731.llr40v10-kimi27sglang-fortran.n0.p0.w0/candidate_01_submission.txt,64f7a32680dc53a36d70442e296118428b65a3dfb4fd34f3e93484c78c2b71bb
llr40v10-oss120b-c,c,argmax_with_index,llr40v10-oss120b-c.n0.p0.w0,1,20.186214,364468438.000000,17382862.000000,0.000000,graded_attempt,sources/llr40v10-oss120b-c/argmax_with_index/621382.621382.llr40v10-oss120b-c.n0.p0.w0/candidate_01_submission.txt,18d4fde5cfdfb8d0f4b56a55c3bca9b810af5b7dc94ea09a804e2a9cd6dd238c
llr40v10-oss120b-c,c,argmax_with_index,llr40v10-oss120b-c.n0.p0.w0,2,20.186214,363929507.000000,17411881.000000,0.000000,graded_attempt,sources/llr40v10-oss120b-c/argmax_with_index/621382.621382.llr40v10-oss120b-c.n0.p0.w0/candidate_01_submission.txt,18d4fde5cfdfb8d0f4b56a55c3bca9b810af5b7dc94ea09a804e2a9cd6dd238c
llr40v10-oss120b-c,c,argmax_with_index,llr40v10-oss120b-c.n0.p0.w0,1,9.570880,363686116.000000,36266802.000000,0.000000,graded_attempt,sources/llr40v10-oss120b-c/argmax_with_index/621015.621015.llr40v10-oss120b-c.n0.p0.w0/candidate_01_submission.txt,bbd8c3d19835dc554066d8bf36321584f9d999841b866f622af836610f45a882
llr40v10-qwen38-c,c,argmax_with_index,llr40v10-qwen38-c.n0.p0.w0,1,20.797877,363790577.000000,17214438.000000,0.000000,graded_attempt,sources/llr40v10-qwen38-c/argmax_with_index/621383.621383.llr40v10-qwen38-c.n0.p0.w0/candidate_01_submission.txt,f0f0bd5fc00d6edd7f844142986b31c29c784c166aaae3ad990c4ce6c2c09bfe
llr40v10-qwen38-c,c,argmax_with_index,llr40v10-qwen38-c.n0.p0.w0,2,20.797877,363609557.000000,17221751.000000,0.000000,graded_attempt,sources/llr40v10-qwen38-c/argmax_with_index/621383.621383.llr40v10-qwen38-c.n0.p0.w0/candidate_02_submission.txt,25ebf77a28d70e5c10e671cfefc55b618a0a57038dbe44f727fa21b6febe607b
llr40v10-qwen38-c,c,argmax_with_index,llr40v10-qwen38-c.n0.p0.w0,3,20.797877,363478161.000000,17226521.000000,0.000000,graded_attempt,sources/llr40v10-qwen38-c/argmax_with_index/621383.621383.llr40v10-qwen38-c.n0.p0.w0/candidate_03_submission.txt,7504ab500f0e4840e16ed69a05f5a931274eac32b4dc6dd582e1e27a8de1009c
llr40v10-qwen38-c,c,argmax_with_index,llr40v10-qwen38-c.n0.p0.w0,4,20.797877,363444330.000000,17205031.000000,0.000000,graded_attempt,sources/llr40v10-qwen38-c/argmax_with_index/621383.621383.llr40v10-qwen38-c.n0.p0.w0/candidate_03_submission.txt,7504ab500f0e4840e16ed69a05f5a931274eac32b4dc6dd582e1e27a8de1009c
llr40v10-qwen38-c,c,argmax_with_index,llr40v10-qwen38-c.n0.p0.w0,5,20.797877,363429721.000000,17249488.000000,0.000000,graded_attempt,sources/llr40v10-qwen38-c/argmax_with_index/621383.621383.llr40v10-qwen38-c.n0.p0.w0/candidate_03_submission.txt,7504ab500f0e4840e16ed69a05f5a931274eac32b4dc6dd582e1e27a8de1009c
llr40v10-qwen38-c,c,argmax_with_index,llr40v10-qwen38-c.n0.p0.w0,1,15.584726,363791422.000000,22102592.000000,0.000000,graded_attempt,sources/llr40v10-qwen38-c/argmax_with_index/621016.621016.llr40v10-qwen38-c.n0.p0.w0/candidate_01_submission.txt,5360f2a4292b3ea0cd036e9cce26e34bdaf385b7a87cf9dbc0216ad3f62fedc9
llr40v10-qwen38-fortran,fortran,argmax_with_index,llr40v10-qwen38-fortran.n0.p0.w0,1,15.430422,363933843.000000,22310692.000000,0.000000,graded_attempt,sources/llr40v10-qwen38-fortran/argmax_with_index/621020.621020.llr40v10-qwen38-fortran.n0.p0.w0/candidate_01_submission.txt,be8ad04b13d35bc6a44f007be789a54ba5af1b961780647c91e6c1cb1b6461f8
llr40v10-qwen38-fortran,fortran,argmax_with_index,llr40v10-qwen38-fortran.n0.p0.w0,1,1.000000,364499697.000000,364128804.000000,0.000000,graded_attempt,sources/llr40v10-qwen38-fortran/argmax_with_index/621728.621728.llr40v10-qwen38-fortran.n0.p0.w0/candidate_01_submission.txt,7218d9dce3c35a8cbd1642e42fdcd64cb71dd0eb52bdcd8a30ffa553e6259234
llr40v9-kimi27sglang-c,c,argmax_with_index,llr40v9-kimi27sglang-c.n0.p0.w0,2,21.005856,363290326.000000,17087270.000000,0.000000,graded_attempt,sources/llr40v9-kimi27sglang-c/argmax_with_index/619185.619185.llr40v9-kimi27sglang-c.n0.p0.w0/candidate_02_submission.txt,8e9d2b30ff84b54ef62a53319c4544c3ecfd0da88875e426bf0adaf6288dab24
llr40v9-kimi27sglang-c,c,argmax_with_index,llr40v9-kimi27sglang-c.n0.p0.w0,3,21.005856,363522083.000000,17134392.000000,0.000000,graded_attempt,sources/llr40v9-kimi27sglang-c/argmax_with_index/619185.619185.llr40v9-kimi27sglang-c.n0.p0.w0/candidate_03_submission.txt,c8804d9d36125f27ac6f725b7364b9f5054dedd2edd8ae15cfd3150898ca7812
llr40v9-kimi27sglang-c,c,argmax_with_index,llr40v9-kimi27sglang-c.n0.p0.w0,9,21.005856,363386165.000000,17130431.000000,0.000000,graded_attempt,sources/llr40v9-kimi27sglang-c/argmax_with_index/619185.619185.llr40v9-kimi27sglang-c.n0.p0.w0/candidate_09_submission.txt,737177d5cc1286e4010757a0a00c437daf48a5eb22af36d4cf82ebf3be7abe9e
llr40v9-kimi27sglang-c,c,argmax_with_index,llr40v9-kimi27sglang-c.n0.p0.w0,17,21.005856,363520744.000000,17077273.000000,0.000000,graded_attempt,sources/llr40v9-kimi27sglang-c/argmax_with_index/619185.619185.llr40v9-kimi27sglang-c.n0.p0.w0/candidate_17_submission.txt,16f3455eeee3f61bcf1362b34229d457ac7a9e3c8d66b06c0ed8d2571a84a180
llr40v9-kimi27sglang-c,c,argmax_with_index,llr40v9-kimi27sglang-c.n0.p0.w0,19,21.005856,363080463.000000,17113302.000000,0.000000,graded_attempt,sources/llr40v9-kimi27sglang-c/argmax_with_index/619185.619185.llr40v9-kimi27sglang-c.n0.p0.w0/candidate_19_submission.txt,4b25f5e12c75cfaddad51b3f4348ad9c5c7f5d938bfb128dee1fc4f2bd2b2cb0
llr40v9-kimi27sglang-c,c,argmax_with_index,llr40v9-kimi27sglang-c.n0.p0.w0,20,21.005856,363634033.000000,17109701.000000,0.000000,graded_attempt,sources/llr40v9-kimi27sglang-c/argmax_with_index/619185.619185.llr40v9-kimi27sglang-c.n0.p0.w0/candidate_20_submission.txt,920c9e19aaf8b8178c62578039d796c5d34557b0cf2512dfe824bfef1c146de7
llr40v9-kimi27sglang-c,c,argmax_with_index,llr40v9-kimi27sglang-c.n0.p0.w0,3,20.797877,363915873.000000,17135420.000000,0.000000,graded_attempt,sources/llr40v9-kimi27sglang-c/argmax_with_index/618223.618223.llr40v9-kimi27sglang-c.n0.p0.w0/candidate_03_submission.txt,aec0225e5b123cf41971f82feb52a29359ae7708c5aea02e2514dd0354834327
llr40v9-kimi27sglang-c,c,argmax_with_index,llr40v9-kimi27sglang-c.n0.p0.w0,4,20.797877,363431971.000000,17134361.000000,0.000000,graded_attempt,sources/llr40v9-kimi27sglang-c/argmax_with_index/618223.618223.llr40v9-kimi27sglang-c.n0.p0.w0/candidate_03_submission.txt,aec0225e5b123cf41971f82feb52a29359ae7708c5aea02e2514dd0354834327
llr40v9-kimi27sglang-c,c,argmax_with_index,llr40v9-kimi27sglang-c.n0.p0.w0,5,20.797877,363594712.000000,17143268.000000,0.000000,graded_attempt,sources/llr40v9-kimi27sglang-c/argmax_with_index/618223.618223.llr40v9-kimi27sglang-c.n0.p0.w0/candidate_03_submission.txt,aec0225e5b123cf41971f82feb52a29359ae7708c5aea02e2514dd0354834327
llr40v9-kimi27sglang-c,c,argmax_with_index,llr40v9-kimi27sglang-c.n0.p0.w0,1,20.797877,363298882.000000,17130810.000000,0.000000,graded_attempt,sources/llr40v9-kimi27sglang-c/argmax_with_index/619185.619185.llr40v9-kimi27sglang-c.n0.p0.w0/candidate_01_submission.txt,68b0ae30e27f0f28b3ed678f2ab93d0c876fd759beb84e1c74d5b3fdef84cbff
llr40v9-kimi27sglang-c,c,argmax_with_index,llr40v9-kimi27sglang-c.n0.p0.w0,4,20.797877,363328561.000000,17128493.000000,0.000000,graded_attempt,sources/llr40v9-kimi27sglang-c/argmax_with_index/619185.619185.llr40v9-kimi27sglang-c.n0.p0.w0/candidate_04_submission.txt,f0db4ce65f30d4a4a58416fb127ab2cea0bca0b7fcf37ab41f7585ad9987eb03
llr40v9-kimi27sglang-c,c,argmax_with_index,llr40v9-kimi27sglang-c.n0.p0.w0,5,20.797877,363487816.000000,17103202.000000,0.000000,graded_attempt,sources/llr40v9-kimi27sglang-c/argmax_with_index/619185.619185.llr40v9-kimi27sglang-c.n0.p0.w0/candidate_05_submission.txt,e496725676a2f37041fe8e61d7046a1ee1dba1c33dca1234787ab8458007d662
llr40v9-kimi27sglang-c,c,argmax_with_index,llr40v9-kimi27sglang-c.n0.p0.w0,6,20.797877,363446898.000000,17112401.000000,0.000000,graded_attempt,sources/llr40v9-kimi27sglang-c/argmax_with_index/619185.619185.llr40v9-kimi27sglang-c.n0.p0.w0/candidate_06_submission.txt,e4e65828fa0276f1fd59e9d2ae8c1dac948d674ba9ca35d2bd3a25396c3068d4
llr40v9-kimi27sglang-c,c,argmax_with_index,llr40v9-kimi27sglang-c.n0.p0.w0,7,20.797877,362824581.000000,17120781.000000,0.000000,graded_attempt,sources/llr40v9-kimi27sglang-c/argmax_with_index/619185.619185.llr40v9-kimi27sglang-c.n0.p0.w0/candidate_07_submission.txt,e0406c39a1c7e400bb04a69f93da9b4cf14e47af97f3012a1844c975f73ef6a9
llr40v9-kimi27sglang-c,c,argmax_with_index,llr40v9-kimi27sglang-c.n0.p0.w0,10,20.797877,362801965.000000,17114061.000000,0.000000,graded_attempt,sources/llr40v9-kimi27sglang-c/argmax_with_index/619185.619185.llr40v9-kimi27sglang-c.n0.p0.w0/candidate_10_submission.txt,8054543dd1e1c434075c30db1d8095021bf9f33fef3728ce0efe73c206ea6faa
llr40v9-kimi27sglang-c,c,argmax_with_index,llr40v9-kimi27sglang-c.n0.p0.w0,11,20.797877,363507478.000000,17148160.000000,0.000000,graded_attempt,sources/llr40v9-kimi27sglang-c/argmax_with_index/619185.619185.llr40v9-kimi27sglang-c.n0.p0.w0/candidate_11_submission.txt,9f515c9008a4bbbf3004c1fc52b58a9d4eb27bfa33a16b8aa8277eaacf1fd484
llr40v9-kimi27sglang-c,c,argmax_with_index,llr40v9-kimi27sglang-c.n0.p0.w0,12,20.797877,363267617.000000,17103452.000000,0.000000,graded_attempt,sources/llr40v9-kimi27sglang-c/argmax_with_index/619185.619185.llr40v9-kimi27sglang-c.n0.p0.w0/candidate_04_submission.txt,f0db4ce65f30d4a4a58416fb127ab2cea0bca0b7fcf37ab41f7585ad9987eb03
llr40v9-kimi27sglang-c,c,argmax_with_index,llr40v9-kimi27sglang-c.n0.p0.w0,14,20.797877,363153396.000000,17160982.000000,0.000000,graded_attempt,sources/llr40v9-kimi27sglang-c/argmax_with_index/619185.619185.llr40v9-kimi27sglang-c.n0.p0.w0/candidate_14_submission.txt,5baecdedfb949117afac86d0db004add2891f16a5abefc5a1cbd121168a42c77
llr40v9-kimi27sglang-c,c,argmax_with_index,llr40v9-kimi27sglang-c.n0.p0.w0,16,20.797877,363254400.000000,17141913.000000,0.000000,graded_attempt,sources/llr40v9-kimi27sglang-c/argmax_with_index/619185.619185.llr40v9-kimi27sglang-c.n0.p0.w0/candidate_16_submission.txt,92cac26bb645d6ef7663a900f6ed7e4b5bbfce2fa23a41b5411151bb807a3866
llr40v9-kimi27sglang-c,c,argmax_with_index,llr40v9-kimi27sglang-c.n0.p0.w0,18,20.797877,363218267.000000,17105422.000000,0.000000,graded_attempt,sources/llr40v9-kimi27sglang-c/argmax_with_index/619185.619185.llr40v9-kimi27sglang-c.n0.p0.w0/candidate_18_submission.txt,675d80f5fcfade399db6c0accd0b594467cf48d3266b4b759e10c6bc188284de
llr40v9-kimi27sglang-c,c,argmax_with_index,llr40v9-kimi27sglang-c.n0.p0.w0,2,20.591957,363210203.000000,17129700.000000,0.000000,graded_attempt,sources/llr40v9-kimi27sglang-c/argmax_with_index/618223.618223.llr40v9-kimi27sglang-c.n0.p0.w0/candidate_02_submission.txt,103c46042476f97369a9d54bccb4d13c8a3db9f095c630ebfdf41c86934a6210
llr40v9-kimi27sglang-c,c,argmax_with_index,llr40v9-kimi27sglang-c.n0.p0.w0,15,20.591957,362862729.000000,17160982.000000,0.000000,graded_attempt,sources/llr40v9-kimi27sglang-c/argmax_with_index/619185.619185.llr40v9-kimi27sglang-c.n0.p0.w0/candidate_15_submission.txt,e672d6c46bf0a92c1a75cbbe9d9ae6699ca5845fc30b917d5bebb623ad21012d
llr40v9-kimi27sglang-c,c,argmax_with_index,llr40v9-kimi27sglang-c.n0.p0.w0,8,16.217528,363454816.000000,22039859.000000,0.000000,graded_attempt,sources/llr40v9-kimi27sglang-c/argmax_with_index/619185.619185.llr40v9-kimi27sglang-c.n0.p0.w0/candidate_08_submission.txt,e7a3c6a3c18b44a329388d750883ca7946909b323329fd38b90c815817fec348
llr40v9-kimi27sglang-c,c,argmax_with_index,llr40v9-kimi27sglang-c.n0.p0.w0,1,15.584726,363666379.000000,21817645.000000,0.000000,graded_attempt,sources/llr40v9-kimi27sglang-c/argmax_with_index/618223.618223.llr40v9-kimi27sglang-c.n0.p0.w0/candidate_01_submission.txt,91e0a3f0087cdbb904c05e7e49c0d0ce3c734be128446e9198a4384644879579
llr40v9-kimi27sglang-c,c,argmax_with_index,llr40v9-kimi27sglang-c.n0.p0.w0,13,10.784707,363390990.000000,33399247.000000,0.000000,graded_attempt,sources/llr40v9-kimi27sglang-c/argmax_with_index/619185.619185.llr40v9-kimi27sglang-c.n0.p0.w0/candidate_13_submission.txt,e21f8078da5fe36fcde6033d15a53cbc2c79084d50796370674c102d32a36673
llr40v9-kimi27sglang-c-skills,c,argmax_with_index,llr40v9-kimi27sglang-c-skills.n0.p0.w0,5,18.274317,364758851.000000,19438785.000000,0.000000,graded_attempt,sources/llr40v9-kimi27sglang-c-skills/argmax_with_index/618232.618232.llr40v9-kimi27sglang-c-skills.n0.p0.w0/candidate_05_submission.txt,3ef9be1b62d9469f5a5fb6652d6164afa1ecef1928135f278f5115da8ade755c
llr40v9-kimi27sglang-c-skills,c,argmax_with_index,llr40v9-kimi27sglang-c-skills.n0.p0.w0,6,18.274317,363775274.000000,19389236.000000,0.000000,graded_attempt,sources/llr40v9-kimi27sglang-c-skills/argmax_with_index/618232.618232.llr40v9-kimi27sglang-c-skills.n0.p0.w0/candidate_06_submission.txt,c40fa92e247f80a62345688c0449fd1cdffef43a4645df2d919c1c326dfafea5
llr40v9-kimi27sglang-c-skills,c,argmax_with_index,llr40v9-kimi27sglang-c-skills.n0.p0.w0,4,18.093383,364405321.000000,19361197.000000,0.000000,graded_attempt,sources/llr40v9-kimi27sglang-c-skills/argmax_with_index/618232.618232.llr40v9-kimi27sglang-c-skills.n0.p0.w0/candidate_04_submission.txt,5f5a5b8d6431038df2b26f9faa03a04969c759189cc00dac471fc158a0cd1100
llr40v9-kimi27sglang-c-skills,c,argmax_with_index,llr40v9-kimi27sglang-c-skills.n0.p0.w0,3,17.914240,364068174.000000,19673035.000000,0.000000,graded_attempt,sources/llr40v9-kimi27sglang-c-skills/argmax_with_index/618232.618232.llr40v9-kimi27sglang-c-skills.n0.p0.w0/candidate_03_submission.txt,e26857ac35104f8432cefd781a7251549695c8427d392eadd424f0c9f7dcf1a0
llr40v9-kimi27sglang-c-skills,c,argmax_with_index,llr40v9-kimi27sglang-c-skills.n0.p0.w0,2,17.736872,363994196.000000,19594205.000000,0.000000,graded_attempt,sources/llr40v9-kimi27sglang-c-skills/argmax_with_index/618232.618232.llr40v9-kimi27sglang-c-skills.n0.p0.w0/candidate_02_submission.txt,29ee3bd4725146bc6ffacf43c87a6c6d0a3ac7c2bc87f2baa50e58d048b397d8
llr40v9-kimi27sglang-c-skills,c,argmax_with_index,llr40v9-kimi27sglang-c-skills.n0.p0.w0,1,14.392233,364020195.000000,23232891.000000,0.000000,graded_attempt,sources/llr40v9-kimi27sglang-c-skills/argmax_with_index/618232.618232.llr40v9-kimi27sglang-c-skills.n0.p0.w0/candidate_01_submission.txt,f003a8375ea9664e899af0397078e1a14369d0353c7a847f3fc0f809569ccb3b
llr40v9-kimi27sglang-cpp,cpp,argmax_with_index,llr40v9-kimi27sglang-cpp.n0.p0.w0,1,20.591957,362928313.000000,17200532.000000,0.000000,graded_attempt,sources/llr40v9-kimi27sglang-cpp/argmax_with_index/618224.618224.llr40v9-kimi27sglang-cpp.n0.p0.w0/candidate_01_submission.txt,232b11cdc3c863d7f48a934bd36ca660ee9603040fb64a3f302dda556f5d4d29
llr40v9-kimi27sglang-cpp,cpp,argmax_with_index,llr40v9-kimi27sglang-cpp.n0.p0.w0,2,20.591957,363091737.000000,17158200.000000,0.000000,graded_attempt,sources/llr40v9-kimi27sglang-cpp/argmax_with_index/618224.618224.llr40v9-kimi27sglang-cpp.n0.p0.w0/candidate_02_submission.txt,1a4c8a699f32735c837e15c2a91a6ad4a60c3bceac12b2943cd9f5c1ae8b53d9
llr40v9-kimi27sglang-fortran,fortran,argmax_with_index,llr40v9-kimi27sglang-fortran.n0.p0.w0,5,21.005856,363599210.000000,17116172.000000,0.000000,graded_attempt,sources/llr40v9-kimi27sglang-fortran/argmax_with_index/619186.619186.llr40v9-kimi27sglang-fortran.n0.p0.w0/candidate_05_submission.txt,48d51c638e3ed872d15c6ec64fce83c45bccdf9e8389117828918ebe569eaaeb
llr40v9-kimi27sglang-fortran,fortran,argmax_with_index,llr40v9-kimi27sglang-fortran.n0.p0.w0,3,20.797877,363218328.000000,17101841.000000,0.000000,graded_attempt,sources/llr40v9-kimi27sglang-fortran/argmax_with_index/619186.619186.llr40v9-kimi27sglang-fortran.n0.p0.w0/candidate_03_submission.txt,979d2ea5994583154aa64d476d146547c703c68994500c61fe73470946817f73
llr40v9-kimi27sglang-fortran,fortran,argmax_with_index,llr40v9-kimi27sglang-fortran.n0.p0.w0,4,20.797877,362908434.000000,17111323.000000,0.000000,graded_attempt,sources/llr40v9-kimi27sglang-fortran/argmax_with_index/619186.619186.llr40v9-kimi27sglang-fortran.n0.p0.w0/candidate_04_submission.txt,62868ebafbbaf8c88c64e86cba854fd364ce52132e62f72cf4f01ee08a9df610
llr40v9-kimi27sglang-fortran,fortran,argmax_with_index,llr40v9-kimi27sglang-fortran.n0.p0.w0,6,18.457060,363523613.000000,17860051.000000,0.000000,graded_attempt,sources/llr40v9-kimi27sglang-fortran/argmax_with_index/618225.618225.llr40v9-kimi27sglang-fortran.n0.p0.w0/candidate_06_submission.txt,418dd577f6e9276421d7b3544e998d47d662f5622005dd1142c2be5dbb991be2
llr40v9-kimi27sglang-fortran,fortran,argmax_with_index,llr40v9-kimi27sglang-fortran.n0.p0.w0,3,18.274317,363567534.000000,18004172.000000,0.000000,graded_attempt,sources/llr40v9-kimi27sglang-fortran/argmax_with_index/618225.618225.llr40v9-kimi27sglang-fortran.n0.p0.w0/candidate_03_submission.txt,cd122f0954003eb46adbb3056cd942843cfdbe26c384b8ce77548118e3217507
llr40v9-kimi27sglang-fortran,fortran,argmax_with_index,llr40v9-kimi27sglang-fortran.n0.p0.w0,4,18.274317,363899763.000000,18143603.000000,0.000000,graded_attempt,sources/llr40v9-kimi27sglang-fortran/argmax_with_index/618225.618225.llr40v9-kimi27sglang-fortran.n0.p0.w0/candidate_04_submission.txt,829d6bb6e809686831b2f63d7e3dad911ff4ff2d3cc7ccc214cacecc8cff8ed9
llr40v9-kimi27sglang-fortran,fortran,argmax_with_index,llr40v9-kimi27sglang-fortran.n0.p0.w0,5,18.274317,363643727.000000,18334581.000000,0.000000,graded_attempt,sources/llr40v9-kimi27sglang-fortran/argmax_with_index/618225.618225.llr40v9-kimi27sglang-fortran.n0.p0.w0/candidate_05_submission.txt,2995110f48c9cc7273b07c469f6c0bf57a50eedf4927db69549bcd186365fda9
llr40v9-kimi27sglang-fortran,fortran,argmax_with_index,llr40v9-kimi27sglang-fortran.n0.p0.w0,8,18.274317,363871672.000000,18096383.000000,0.000000,graded_attempt,sources/llr40v9-kimi27sglang-fortran/argmax_with_index/618225.618225.llr40v9-kimi27sglang-fortran.n0.p0.w0/candidate_07_submission.txt,0ba8ce384361da616a959f0fef072f14624324fbcfa24917f3abd6b9f59afe86
llr40v9-kimi27sglang-fortran,fortran,argmax_with_index,llr40v9-kimi27sglang-fortran.n0.p0.w0,7,18.093383,363590630.000000,17420800.000000,0.000000,graded_attempt,sources/llr40v9-kimi27sglang-fortran/argmax_with_index/618225.618225.llr40v9-kimi27sglang-fortran.n0.p0.w0/candidate_07_submission.txt,0ba8ce384361da616a959f0fef072f14624324fbcfa24917f3abd6b9f59afe86
llr40v9-kimi27sglang-fortran,fortran,argmax_with_index,llr40v9-kimi27sglang-fortran.n0.p0.w0,9,18.093383,363611667.000000,17766552.000000,0.000000,graded_attempt,sources/llr40v9-kimi27sglang-fortran/argmax_with_index/618225.618225.llr40v9-kimi27sglang-fortran.n0.p0.w0/candidate_07_submission.txt,0ba8ce384361da616a959f0fef072f14624324fbcfa24917f3abd6b9f59afe86
llr40v9-kimi27sglang-fortran,fortran,argmax_with_index,llr40v9-kimi27sglang-fortran.n0.p0.w0,2,17.387385,363348341.000000,18099120.000000,0.000000,graded_attempt,sources/llr40v9-kimi27sglang-fortran/argmax_with_index/619186.619186.llr40v9-kimi27sglang-fortran.n0.p0.w0/candidate_02_submission.txt,f4a2fe276bb01eecca9186dfd21621226f44d0290847d09dcd62704c9d9d6269
llr40v9-kimi27sglang-fortran,fortran,argmax_with_index,llr40v9-kimi27sglang-fortran.n0.p0.w0,1,15.740573,363605332.000000,21953076.000000,0.000000,graded_attempt,sources/llr40v9-kimi27sglang-fortran/argmax_with_index/618225.618225.llr40v9-kimi27sglang-fortran.n0.p0.w0/candidate_01_submission.txt,777b59392051d4803781308f8cec84eece5cbf906def95b19d665fb42f4e7795
llr40v9-kimi27sglang-fortran,fortran,argmax_with_index,llr40v9-kimi27sglang-fortran.n0.p0.w0,1,15.740573,363364399.000000,21774778.000000,0.000000,graded_attempt,sources/llr40v9-kimi27sglang-fortran/argmax_with_index/619186.619186.llr40v9-kimi27sglang-fortran.n0.p0.w0/candidate_01_submission.txt,8258cb32222efa4afc6cbd13db41aeb722c66f1acbe44f09b80e286d6953566d
llr40v9-kimi27sglang-fortran,fortran,argmax_with_index,llr40v9-kimi27sglang-fortran.n0.p0.w0,2,15.584726,363574618.000000,21758525.000000,0.000000,graded_attempt,sources/llr40v9-kimi27sglang-fortran/argmax_with_index/618225.618225.llr40v9-kimi27sglang-fortran.n0.p0.w0/candidate_02_submission.txt,000e0af98e258d5f7857751e98a6a5a9b98ce51479be83b6dda4c3e094dd8183
llr40v9-kimi27sglang-fortran-skills,fortran,argmax_with_index,llr40v9-kimi27sglang-fortran-skills.n0.p0.w0,4,19.016327,363288891.000000,18697394.000000,0.000000,graded_attempt,sources/llr40v9-kimi27sglang-fortran-skills/argmax_with_index/618234.618234.llr40v9-kimi27sglang-fortran-skills.n0.p0.w0/candidate_03_submission.txt,023bd0f4e54a8cd88729fd8891be82d658112a15deabe36d35b47b34b361b5d5
llr40v9-kimi27sglang-fortran-skills,fortran,argmax_with_index,llr40v9-kimi27sglang-fortran-skills.n0.p0.w0,2,18.828047,363327904.000000,18874563.000000,0.000000,graded_attempt,sources/llr40v9-kimi27sglang-fortran-skills/argmax_with_index/618234.618234.llr40v9-kimi27sglang-fortran-skills.n0.p0.w0/candidate_02_submission.txt,c97dca2341392fc200e76449147c287711d86b497437ae6754db4432ae5e10c4
llr40v9-kimi27sglang-fortran-skills,fortran,argmax_with_index,llr40v9-kimi27sglang-fortran-skills.n0.p0.w0,3,18.828047,363560201.000000,18728300.000000,0.000000,graded_attempt,sources/llr40v9-kimi27sglang-fortran-skills/argmax_with_index/618234.618234.llr40v9-kimi27sglang-fortran-skills.n0.p0.w0/candidate_03_submission.txt,023bd0f4e54a8cd88729fd8891be82d658112a15deabe36d35b47b34b361b5d5
llr40v9-kimi27sglang-fortran-skills,fortran,argmax_with_index,llr40v9-kimi27sglang-fortran-skills.n0.p0.w0,5,18.828047,363361988.000000,19028543.000000,0.000000,graded_attempt,sources/llr40v9-kimi27sglang-fortran-skills/argmax_with_index/618234.618234.llr40v9-kimi27sglang-fortran-skills.n0.p0.w0/candidate_03_submission.txt,023bd0f4e54a8cd88729fd8891be82d658112a15deabe36d35b47b34b361b5d5
llr40v9-kimi27sglang-fortran-skills,fortran,argmax_with_index,llr40v9-kimi27sglang-fortran-skills.n0.p0.w0,1,18.457060,363438780.000000,19317190.000000,0.000000,graded_attempt,sources/llr40v9-kimi27sglang-fortran-skills/argmax_with_index/618234.618234.llr40v9-kimi27sglang-fortran-skills.n0.p0.w0/candidate_01_submission.txt,d749c4e3e761e5f671bee1f70258261c49f6259d8819075178ba634af63ebf99
llr40v9-oss120b-c,c,argmax_with_index,llr40v9-oss120b-c.n0.p0.w0,1,20.388077,362988373.000000,17271801.000000,0.000000,graded_attempt,sources/llr40v9-oss120b-c/argmax_with_index/618220.618220.llr40v9-oss120b-c.n0.p0.w0/candidate_01_submission.txt,aedd4236b75840f77833e481885945543a59e3ba3647313aefcea7b8fc499ca0
llr40v9-oss120b-c-skills,c,argmax_with_index,llr40v9-oss120b-c-skills.n0.p0.w0,1,15.277645,363654836.000000,22033288.000000,0.000000,graded_attempt,sources/llr40v9-oss120b-c-skills/argmax_with_index/618229.618229.llr40v9-oss120b-c-skills.n0.p0.w0/candidate_01_submission.txt,e2d72313fcc2a89428c84bc667dbb6f4e8c21c7eb04ece1715e9da722c220278
llr40v9-oss120b-cpp,cpp,argmax_with_index,llr40v9-oss120b-cpp.n0.p0.w0,1,13.159392,363450546.000000,25849292.000000,0.000000,graded_attempt,sources/llr40v9-oss120b-cpp/argmax_with_index/618221.618221.llr40v9-oss120b-cpp.n0.p0.w0/candidate_01_submission.txt,9e6646d09d566e51fd64ea64908e4f727c16fe91f9b464fbf150c343ece424a6
llr40v9-oss120b-fortran,fortran,argmax_with_index,llr40v9-oss120b-fortran.n0.p0.w0,1,15.430422,363433951.000000,21679582.000000,0.000000,graded_attempt,sources/llr40v9-oss120b-fortran/argmax_with_index/618222.618222.llr40v9-oss120b-fortran.n0.p0.w0/candidate_01_submission.txt,e7f4a3b302c779da0e3fca0a1f8924067d32f2a74c62283c7c681035b779004e
llr40v9-oss120b-fortran-skills,fortran,argmax_with_index,llr40v9-oss120b-fortran-skills.n0.p0.w0,1,3.793710,364023611.000000,92364449.000000,0.000000,graded_attempt,sources/llr40v9-oss120b-fortran-skills/argmax_with_index/618231.618231.llr40v9-oss120b-fortran-skills.n0.p0.w0/candidate_01_submission.txt,65b1d11beaccb511826cf74f5cc1f7252d24f1aaa28acafc41f138cd085c5926
llr40v9-qwen38-c,c,argmax_with_index,llr40v9-qwen38-c.n0.p0.w0,1,20.797877,362763419.000000,17231707.000000,0.000000,graded_attempt,sources/llr40v9-qwen38-c/argmax_with_index/618217.618217.llr40v9-qwen38-c.n0.p0.w0/candidate_01_submission.txt,71ecc997a63b92977df22e1a53895e07b0b2fd8a4af4c883d452bf5f7decacb4
llr40v9-qwen38-c,c,argmax_with_index,llr40v9-qwen38-c.n0.p0.w0,2,20.797877,362779001.000000,17205421.000000,0.000000,graded_attempt,sources/llr40v9-qwen38-c/argmax_with_index/618217.618217.llr40v9-qwen38-c.n0.p0.w0/candidate_01_submission.txt,71ecc997a63b92977df22e1a53895e07b0b2fd8a4af4c883d452bf5f7decacb4
llr40v9-qwen38-c,c,argmax_with_index,llr40v9-qwen38-c.n0.p0.w0,3,3.300387,363397241.000000,109538015.000000,0.000000,graded_attempt,sources/llr40v9-qwen38-c/argmax_with_index/619183.619183.llr40v9-qwen38-c.n0.p0.w0/candidate_03_submission.txt,62c85de8881a0a02876548cbfbd51ea0db077e2ac0ff1f2278bd0c8b180cc7e8
llr40v9-qwen38-c,c,argmax_with_index,llr40v9-qwen38-c.n0.p0.w0,2,3.017675,363527678.000000,119606107.000000,0.000000,graded_attempt,sources/llr40v9-qwen38-c/argmax_with_index/619183.619183.llr40v9-qwen38-c.n0.p0.w0/candidate_02_submission.txt,97edc03912fe881bf071e996536adbe23c0ad044c7707332ce3d679b0e1501ff
llr40v9-qwen38-c,c,argmax_with_index,llr40v9-qwen38-c.n0.p0.w0,1,2.651518,363735235.000000,133325914.000000,0.000000,graded_attempt,sources/llr40v9-qwen38-c/argmax_with_index/619183.619183.llr40v9-qwen38-c.n0.p0.w0/candidate_01_submission.txt,3fc63ffc77fc5441a2101bb346c361f6e98a12288dc4fb2f369d27503289af09
llr40v9-qwen38-c-skills,c,argmax_with_index,llr40v9-qwen38-c-skills.n0.p0.w0,1,10.572205,363529048.000000,33921948.000000,0.000000,graded_attempt,sources/llr40v9-qwen38-c-skills/argmax_with_index/618226.618226.llr40v9-qwen38-c-skills.n0.p0.w0/candidate_01_submission.txt,148834949f56c49fbb53d43ab2210f5c53a46c71c4fd8ade3262507dacf512da
llr40v9-qwen38-cpp,cpp,argmax_with_index,llr40v9-qwen38-cpp.n0.p0.w0,1,12.274002,363380689.000000,29039267.000000,0.000000,graded_attempt,sources/llr40v9-qwen38-cpp/argmax_with_index/618218.618218.llr40v9-qwen38-cpp.n0.p0.w0/candidate_01_submission.txt,d0048bce6486cdcb15887c34fb8caabe99c4e3e2825d9171b953e292687e538e
llr40v9-qwen38-fortran,fortran,argmax_with_index,llr40v9-qwen38-fortran.n0.p0.w0,3,20.797877,363498572.000000,17150953.000000,0.000000,graded_attempt,sources/llr40v9-qwen38-fortran/argmax_with_index/619184.619184.llr40v9-qwen38-fortran.n0.p0.w0/candidate_03_submission.txt,504ac846edfc2ac4bed4f0c5672ab45b6cfe3103beaddf498090fbc9de1da0ce
llr40v9-qwen38-fortran,fortran,argmax_with_index,llr40v9-qwen38-fortran.n0.p0.w0,4,20.797877,363658062.000000,17205130.000000,0.000000,graded_attempt,sources/llr40v9-qwen38-fortran/argmax_with_index/619184.619184.llr40v9-qwen38-fortran.n0.p0.w0/candidate_04_submission.txt,58465dd4167306ccef6bb8d6913a59becda698483fc8748219d26163b4be2b98
llr40v9-qwen38-fortran,fortran,argmax_with_index,llr40v9-qwen38-fortran.n0.p0.w0,5,20.797877,363611278.000000,17224423.000000,0.000000,graded_attempt,sources/llr40v9-qwen38-fortran/argmax_with_index/619184.619184.llr40v9-qwen38-fortran.n0.p0.w0/candidate_03_submission.txt,504ac846edfc2ac4bed4f0c5672ab45b6cfe3103beaddf498090fbc9de1da0ce
llr40v9-qwen38-fortran,fortran,argmax_with_index,llr40v9-qwen38-fortran.n0.p0.w0,3,18.641630,364266177.000000,18505377.000000,0.000000,graded_attempt,sources/llr40v9-qwen38-fortran/argmax_with_index/618219.618219.llr40v9-qwen38-fortran.n0.p0.w0/candidate_03_submission.txt,0d4fcca757063ef8442b4714a7050f3b633573204deed3d8e9c415c6cbe7c297
llr40v9-qwen38-fortran,fortran,argmax_with_index,llr40v9-qwen38-fortran.n0.p0.w0,2,15.584726,362665827.000000,21715468.000000,0.000000,graded_attempt,sources/llr40v9-qwen38-fortran/argmax_with_index/619184.619184.llr40v9-qwen38-fortran.n0.p0.w0/candidate_02_submission.txt,bef44ab7b85f7e683f8bb83d88c1493ed5b1d0b028ffd7985c54ce128a176935
llr40v9-qwen38-fortran,fortran,argmax_with_index,llr40v9-qwen38-fortran.n0.p0.w0,2,10.363891,363898874.000000,33135190.000000,0.000000,graded_attempt,sources/llr40v9-qwen38-fortran/argmax_with_index/618219.618219.llr40v9-qwen38-fortran.n0.p0.w0/candidate_02_submission.txt,2774d1ab461de4a4f09d51d171c44bd1128c257b315b1924090448d58c34561c
llr40v9-qwen38-fortran,fortran,argmax_with_index,llr40v9-qwen38-fortran.n0.p0.w0,1,1.000000,364379073.000000,614386891.000000,0.000000,graded_attempt,sources/llr40v9-qwen38-fortran/argmax_with_index/618219.618219.llr40v9-qwen38-fortran.n0.p0.w0/candidate_01_submission.txt,99e750286df444443fb5375da3ba5e3c6d203645ae43ff5afd4935e0db22101c
llr40v9-qwen38-fortran,fortran,argmax_with_index,llr40v9-qwen38-fortran.n0.p0.w0,1,1.000000,363536413.000000,363593053.000000,0.000000,graded_attempt,sources/llr40v9-qwen38-fortran/argmax_with_index/619184.619184.llr40v9-qwen38-fortran.n0.p0.w0/candidate_01_submission.txt,e3257bca342004954302158b666f0deded3506106090ad4e6c1f83d76b10c639
llr40v9-qwen38-fortran-skills,fortran,argmax_with_index,llr40v9-qwen38-fortran-skills.n0.p0.w0,4,20.388077,363825252.000000,17150145.000000,0.000000,graded_attempt,sources/llr40v9-qwen38-fortran-skills/argmax_with_index/618228.618228.llr40v9-qwen38-fortran-skills.n0.p0.w0/candidate_03_submission.txt,035751a2e07518674e43ce8afded48b505dd11e3af41ee769eb1b2cc37b55b7c
llr40v9-qwen38-fortran-skills,fortran,argmax_with_index,llr40v9-qwen38-fortran-skills.n0.p0.w0,2,20.186214,363785065.000000,17279610.000000,0.000000,graded_attempt,sources/llr40v9-qwen38-fortran-skills/argmax_with_index/618228.618228.llr40v9-qwen38-fortran-skills.n0.p0.w0/candidate_02_submission.txt,5b545982a02b3b1fd1cb3824f8d9bf62321b5c4d9d5b6149b52884d14bcd11b5
llr40v9-qwen38-fortran-skills,fortran,argmax_with_index,llr40v9-qwen38-fortran-skills.n0.p0.w0,3,20.186214,363584893.000000,17187014.000000,0.000000,graded_attempt,sources/llr40v9-qwen38-fortran-skills/argmax_with_index/618228.618228.llr40v9-qwen38-fortran-skills.n0.p0.w0/candidate_03_submission.txt,035751a2e07518674e43ce8afded48b505dd11e3af41ee769eb1b2cc37b55b7c
llr40v9-qwen38-fortran-skills,fortran,argmax_with_index,llr40v9-qwen38-fortran-skills.n0.p0.w0,1,15.584726,363813893.000000,22088074.000000,0.000000,graded_attempt,sources/llr40v9-qwen38-fortran-skills/argmax_with_index/618228.618228.llr40v9-qwen38-fortran-skills.n0.p0.w0/candidate_01_submission.txt,f6fb7a6faf1a9b41a98d3b9260a7fa10d13f62064d2c376554d64bbb2efc8601
llr40v10-kimi27sglang-c,c,compact_threshold_pack,llr40v10-kimi27sglang-c.n0.p1.w1,1,14.249735,340551500.000000,22788492.000000,0.000000,graded_attempt,sources/llr40v10-kimi27sglang-c/compact_threshold_pack/621729.621729.llr40v10-kimi27sglang-c.n0.p1.w1/candidate_01_submission.txt,b66837e425b7170cfb19ff45f999d7baa40f185e719536f8b43f4fd7788d53d8
llr40v10-kimi27sglang-c,c,compact_threshold_pack,llr40v10-kimi27sglang-c.n0.p1.w1,1,11.111494,251510039.000000,21601926.000000,0.000000,graded_attempt,sources/llr40v10-kimi27sglang-c/compact_threshold_pack/621017.621017.llr40v10-kimi27sglang-c.n0.p1.w1/candidate_01_submission.txt,b2ee30029eb06004647b10b6d9e4e8915fbe4e3970f3440d88612dcab5e1312d
llr40v10-kimi27sglang-c,c,compact_threshold_pack,llr40v10-kimi27sglang-c.n0.p1.w1,3,10.892554,251810492.000000,21976399.000000,0.000000,graded_attempt,sources/llr40v10-kimi27sglang-c/compact_threshold_pack/621017.621017.llr40v10-kimi27sglang-c.n0.p1.w1/candidate_02_submission.txt,dbd81d105c15ef31ee6ae9a166d0ca6c80be261b34566b5932364232757149ef
llr40v10-kimi27sglang-c,c,compact_threshold_pack,llr40v10-kimi27sglang-c.n0.p1.w1,2,10.677927,251691683.000000,21834149.000000,0.000000,graded_attempt,sources/llr40v10-kimi27sglang-c/compact_threshold_pack/621017.621017.llr40v10-kimi27sglang-c.n0.p1.w1/candidate_02_submission.txt,dbd81d105c15ef31ee6ae9a166d0ca6c80be261b34566b5932364232757149ef
llr40v10-qwen38-c,c,compact_threshold_pack,llr40v10-qwen38-c.n0.p1.w1,1,11.678292,251073517.000000,20403802.000000,0.000000,graded_attempt,sources/llr40v10-qwen38-c/compact_threshold_pack/621383.621383.llr40v10-qwen38-c.n0.p1.w1/candidate_01_submission.txt,c3bbca9bc6710a077f33249a5f14b1ab7d9ad3b6fe967fa98f2e8db81a0027e9
llr40v10-qwen38-c,c,compact_threshold_pack,llr40v10-qwen38-c.n0.p1.w1,1,1.347849,341334222.000000,250748796.000000,0.000000,graded_attempt,sources/llr40v10-qwen38-c/compact_threshold_pack/621727.621727.llr40v10-qwen38-c.n0.p1.w1/candidate_01_submission.txt,d007aba7a4df29986e747dc6fb29030c2f43a66233bd28160fcdd2ba3f5db47f
llr40v9-kimi27sglang-c,c,compact_threshold_pack,llr40v9-kimi27sglang-c.n0.p1.w1,7,15.430422,250827942.000000,16036773.000000,0.000000,graded_attempt,sources/llr40v9-kimi27sglang-c/compact_threshold_pack/619185.619185.llr40v9-kimi27sglang-c.n0.p1.w1/candidate_07_submission.txt,79f4d6907f7e8e2885258357bc88da9544c29c52f6eb72a9521d57d614e5e3ad
llr40v9-kimi27sglang-c,c,compact_threshold_pack,llr40v9-kimi27sglang-c.n0.p1.w1,8,15.430422,250734872.000000,16009713.000000,0.000000,graded_attempt,sources/llr40v9-kimi27sglang-c/compact_threshold_pack/619185.619185.llr40v9-kimi27sglang-c.n0.p1.w1/candidate_08_submission.txt,e4004eac9acac1b9e594855b07ba069effb92a5f621add70446a3004a6827406
llr40v9-kimi27sglang-c,c,compact_threshold_pack,llr40v9-kimi27sglang-c.n0.p1.w1,9,15.430422,251113473.000000,15978213.000000,0.000000,graded_attempt,sources/llr40v9-kimi27sglang-c/compact_threshold_pack/619185.619185.llr40v9-kimi27sglang-c.n0.p1.w1/candidate_09_submission.txt,8c6cd7d963d575099b55346f213b76ca52aed3a8577a7f34e1c88cd364453403
llr40v9-kimi27sglang-c,c,compact_threshold_pack,llr40v9-kimi27sglang-c.n0.p1.w1,10,15.430422,250848310.000000,15980902.000000,0.000000,graded_attempt,sources/llr40v9-kimi27sglang-c/compact_threshold_pack/619185.619185.llr40v9-kimi27sglang-c.n0.p1.w1/candidate_09_submission.txt,8c6cd7d963d575099b55346f213b76ca52aed3a8577a7f34e1c88cd364453403
llr40v9-kimi27sglang-c,c,compact_threshold_pack,llr40v9-kimi27sglang-c.n0.p1.w1,6,15.277645,250899964.000000,16020994.000000,0.000000,graded_attempt,sources/llr40v9-kimi27sglang-c/compact_threshold_pack/619185.619185.llr40v9-kimi27sglang-c.n0.p1.w1/candidate_06_submission.txt,1062f8d1652c08ef62b0a63e940b39dc6e9ca135d033a68910e08fff23601784
llr40v9-kimi27sglang-c,c,compact_threshold_pack,llr40v9-kimi27sglang-c.n0.p1.w1,3,12.520710,250953383.000000,19471600.000000,0.000000,graded_attempt,sources/llr40v9-kimi27sglang-c/compact_threshold_pack/619185.619185.llr40v9-kimi27sglang-c.n0.p1.w1/candidate_03_submission.txt,122ecb58ab8c1c0266b4b6111dd8f360c7257452013a102c3c20383e1f6cb8d3
llr40v9-kimi27sglang-c,c,compact_threshold_pack,llr40v9-kimi27sglang-c.n0.p1.w1,4,12.520710,250975411.000000,19474590.000000,0.000000,graded_attempt,sources/llr40v9-kimi27sglang-c/compact_threshold_pack/619185.619185.llr40v9-kimi27sglang-c.n0.p1.w1/candidate_04_submission.txt,9e26238b8d748d13fefaa4e5ccb476e22310856d604834c3b1d5f628d1628eef
llr40v9-kimi27sglang-c,c,compact_threshold_pack,llr40v9-kimi27sglang-c.n0.p1.w1,5,12.520710,251166790.000000,19329540.000000,0.000000,graded_attempt,sources/llr40v9-kimi27sglang-c/compact_threshold_pack/619185.619185.llr40v9-kimi27sglang-c.n0.p1.w1/candidate_05_submission.txt,d1100aa1f17cf17c1e230c5ed2a24a6d3767e13ab27fa033ccaf43b6668725b0
llr40v9-kimi27sglang-c,c,compact_threshold_pack,llr40v9-kimi27sglang-c.n0.p1.w1,2,11.334835,250987452.000000,20801910.000000,0.000000,graded_attempt,sources/llr40v9-kimi27sglang-c/compact_threshold_pack/619185.619185.llr40v9-kimi27sglang-c.n0.p1.w1/candidate_02_submission.txt,b53130f55e7e0fc428ed7d4a63f260d56e9db028a48705094ca2149f25237240
llr40v9-kimi27sglang-c,c,compact_threshold_pack,llr40v9-kimi27sglang-c.n0.p1.w1,1,11.222609,251067406.000000,20831982.000000,0.000000,graded_attempt,sources/llr40v9-kimi27sglang-c/compact_threshold_pack/619185.619185.llr40v9-kimi27sglang-c.n0.p1.w1/candidate_01_submission.txt,190153f569772d4a625fdbdb2fdc81eaf2be85e644e7f755d7a652047dd398e7
llr40v9-kimi27sglang-c,c,compact_threshold_pack,llr40v9-kimi27sglang-c.n0.p1.w1,1,10.261278,251699398.000000,22465381.000000,0.000000,graded_attempt,sources/llr40v9-kimi27sglang-c/compact_threshold_pack/618223.618223.llr40v9-kimi27sglang-c.n0.p1.w1/candidate_01_submission.txt,2f48a897e4c35046af180ecb92989997c0a8a24bfa89ad6a618aabe4d01152c2
llr40v9-kimi27sglang-c-skills,c,compact_threshold_pack,llr40v9-kimi27sglang-c-skills.n0.p1.w1,7,13.290985,290821142.000000,21048549.000000,0.000000,graded_attempt,sources/llr40v9-kimi27sglang-c-skills/compact_threshold_pack/618232.618232.llr40v9-kimi27sglang-c-skills.n0.p1.w1/candidate_05_submission.txt,f47ef5e83000bfa33376f40b5935627f45e6d8be05a1e217d669757c6bbb6530
llr40v9-kimi27sglang-c-skills,c,compact_threshold_pack,llr40v9-kimi27sglang-c-skills.n0.p1.w1,8,13.159392,291252368.000000,21149858.000000,0.000000,graded_attempt,sources/llr40v9-kimi27sglang-c-skills/compact_threshold_pack/618232.618232.llr40v9-kimi27sglang-c-skills.n0.p1.w1/candidate_08_submission.txt,9c3298912638d440d8b325b7e4abb5791bbc622a27b0fccb5c8cb88d29ddacbb
llr40v9-kimi27sglang-c-skills,c,compact_threshold_pack,llr40v9-kimi27sglang-c-skills.n0.p1.w1,9,13.159392,291288456.000000,21007417.000000,0.000000,graded_attempt,sources/llr40v9-kimi27sglang-c-skills/compact_threshold_pack/618232.618232.llr40v9-kimi27sglang-c-skills.n0.p1.w1/candidate_09_submission.txt,1761e384b5992f0ed9b02e114edf26c37f662729a65b4ab5d57e2a06af999a80
llr40v9-kimi27sglang-c-skills,c,compact_threshold_pack,llr40v9-kimi27sglang-c-skills.n0.p1.w1,1,11.562665,251653089.000000,19962761.000000,0.000000,graded_attempt,sources/llr40v9-kimi27sglang-c-skills/compact_threshold_pack/618232.618232.llr40v9-kimi27sglang-c-skills.n0.p1.w1/candidate_01_submission.txt,69f5466a8b76eac2d09b6bd7d33a69ce1d3ca378fc44c957a9c1101a5a7460f9
llr40v9-kimi27sglang-c-skills,c,compact_threshold_pack,llr40v9-kimi27sglang-c-skills.n0.p1.w1,4,11.448183,251547053.000000,20636846.000000,0.000000,graded_attempt,sources/llr40v9-kimi27sglang-c-skills/compact_threshold_pack/618232.618232.llr40v9-kimi27sglang-c-skills.n0.p1.w1/candidate_04_submission.txt,3fd0c79a8f05181abb7e2bebcb3b206c3a86fcf3cf1f32352cdcebf82fb92896
llr40v9-kimi27sglang-c-skills,c,compact_threshold_pack,llr40v9-kimi27sglang-c-skills.n0.p1.w1,5,11.448183,251102910.000000,21008069.000000,0.000000,graded_attempt,sources/llr40v9-kimi27sglang-c-skills/compact_threshold_pack/618232.618232.llr40v9-kimi27sglang-c-skills.n0.p1.w1/candidate_05_submission.txt,f47ef5e83000bfa33376f40b5935627f45e6d8be05a1e217d669757c6bbb6530
llr40v9-kimi27sglang-c-skills,c,compact_threshold_pack,llr40v9-kimi27sglang-c-skills.n0.p1.w1,6,11.448183,251545252.000000,20806336.000000,0.000000,graded_attempt,sources/llr40v9-kimi27sglang-c-skills/compact_threshold_pack/618232.618232.llr40v9-kimi27sglang-c-skills.n0.p1.w1/candidate_05_submission.txt,f47ef5e83000bfa33376f40b5935627f45e6d8be05a1e217d669757c6bbb6530
llr40v9-kimi27sglang-c-skills,c,compact_threshold_pack,llr40v9-kimi27sglang-c-skills.n0.p1.w1,2,11.334835,251217115.000000,20755037.000000,0.000000,graded_attempt,sources/llr40v9-kimi27sglang-c-skills/compact_threshold_pack/618232.618232.llr40v9-kimi27sglang-c-skills.n0.p1.w1/candidate_02_submission.txt,0eca2c895fe847b1ee84a3f662a14a139483f912928fc6475af15984d76a483a
llr40v9-kimi27sglang-c-skills,c,compact_threshold_pack,llr40v9-kimi27sglang-c-skills.n0.p1.w1,3,11.334835,251086208.000000,20625164.000000,0.000000,graded_attempt,sources/llr40v9-kimi27sglang-c-skills/compact_threshold_pack/618232.618232.llr40v9-kimi27sglang-c-skills.n0.p1.w1/candidate_03_submission.txt,256a714f4df334fb5a4814e87d156f62cc4718db5f8e54a342d4f0195974e8b4
llr40v9-kimi27sglang-fortran,fortran,compact_threshold_pack,llr40v9-kimi27sglang-fortran.n0.p1.w1,6,12.645917,250650627.000000,18365195.000000,0.000000,graded_attempt,sources/llr40v9-kimi27sglang-fortran/compact_threshold_pack/618225.618225.llr40v9-kimi27sglang-fortran.n0.p1.w1/candidate_06_submission.txt,59a309bb47ee8138305edfd60a49de76694aad53bbdfc3052052c6b7e416b910
llr40v9-kimi27sglang-fortran,fortran,compact_threshold_pack,llr40v9-kimi27sglang-fortran.n0.p1.w1,5,12.520710,250945959.000000,18392894.000000,0.000000,graded_attempt,sources/llr40v9-kimi27sglang-fortran/compact_threshold_pack/618225.618225.llr40v9-kimi27sglang-fortran.n0.p1.w1/candidate_05_submission.txt,b012f2c3927cefa016dcf74405e8f47180e86e06b4e63730a619f839abfb9ebd
llr40v9-kimi27sglang-fortran,fortran,compact_threshold_pack,llr40v9-kimi27sglang-fortran.n0.p1.w1,4,12.396742,250896973.000000,18498647.000000,0.000000,graded_attempt,sources/llr40v9-kimi27sglang-fortran/compact_threshold_pack/618225.618225.llr40v9-kimi27sglang-fortran.n0.p1.w1/candidate_04_submission.txt,eb6142de072a752fa11f723866857496fb3182db679618ab703e70914c9bd041
llr40v9-kimi27sglang-fortran,fortran,compact_threshold_pack,llr40v9-kimi27sglang-fortran.n0.p1.w1,7,12.032156,250922664.000000,18384983.000000,0.000000,graded_attempt,sources/llr40v9-kimi27sglang-fortran/compact_threshold_pack/618225.618225.llr40v9-kimi27sglang-fortran.n0.p1.w1/candidate_07_submission.txt,6f62c5c1caded9dc30d1fc99aaf39d7ea4592e06e5e4fef26fecd27c693982b7
llr40v9-kimi27sglang-fortran,fortran,compact_threshold_pack,llr40v9-kimi27sglang-fortran.n0.p1.w1,4,11.562665,251135982.000000,20662430.000000,0.000000,graded_attempt,sources/llr40v9-kimi27sglang-fortran/compact_threshold_pack/619186.619186.llr40v9-kimi27sglang-fortran.n0.p1.w1/candidate_03_submission.txt,86134a7f83174248e217ebe688fa21fb11ba21d626cfab708b710b15a147772f
llr40v9-kimi27sglang-fortran,fortran,compact_threshold_pack,llr40v9-kimi27sglang-fortran.n0.p1.w1,2,11.448183,250840826.000000,20581981.000000,0.000000,graded_attempt,sources/llr40v9-kimi27sglang-fortran/compact_threshold_pack/618225.618225.llr40v9-kimi27sglang-fortran.n0.p1.w1/candidate_02_submission.txt,b50daf565cebd48a866a814f5491ad079b4da39f2aede7eadf011f6be7bd877d
llr40v9-kimi27sglang-fortran,fortran,compact_threshold_pack,llr40v9-kimi27sglang-fortran.n0.p1.w1,3,11.448183,250836390.000000,20364831.000000,0.000000,graded_attempt,sources/llr40v9-kimi27sglang-fortran/compact_threshold_pack/618225.618225.llr40v9-kimi27sglang-fortran.n0.p1.w1/candidate_03_submission.txt,eb498faa92c68c311eaa5cfdc45a27cee1c2474f0024bd2b205a8769b82f4062
llr40v9-kimi27sglang-fortran,fortran,compact_threshold_pack,llr40v9-kimi27sglang-fortran.n0.p1.w1,3,11.448183,250600292.000000,20771632.000000,0.000000,graded_attempt,sources/llr40v9-kimi27sglang-fortran/compact_threshold_pack/619186.619186.llr40v9-kimi27sglang-fortran.n0.p1.w1/candidate_03_submission.txt,86134a7f83174248e217ebe688fa21fb11ba21d626cfab708b710b15a147772f
llr40v9-kimi27sglang-fortran,fortran,compact_threshold_pack,llr40v9-kimi27sglang-fortran.n0.p1.w1,6,11.448183,250996899.000000,20296360.000000,0.000000,graded_attempt,sources/llr40v9-kimi27sglang-fortran/compact_threshold_pack/619186.619186.llr40v9-kimi27sglang-fortran.n0.p1.w1/candidate_06_submission.txt,4aa5577275306d312f316ba33b53e02e3ce0b0024c7a17546f0f4ee547b769c7
llr40v9-kimi27sglang-fortran,fortran,compact_threshold_pack,llr40v9-kimi27sglang-fortran.n0.p1.w1,1,11.334835,250783283.000000,20541978.000000,0.000000,graded_attempt,sources/llr40v9-kimi27sglang-fortran/compact_threshold_pack/619186.619186.llr40v9-kimi27sglang-fortran.n0.p1.w1/candidate_01_submission.txt,2a72c68149aa76c65bd771a0c3cbeebf121272a0554591d499cd49c76987e2a6
llr40v9-kimi27sglang-fortran,fortran,compact_threshold_pack,llr40v9-kimi27sglang-fortran.n0.p1.w1,5,11.222609,251112412.000000,20904541.000000,0.000000,graded_attempt,sources/llr40v9-kimi27sglang-fortran/compact_threshold_pack/619186.619186.llr40v9-kimi27sglang-fortran.n0.p1.w1/candidate_03_submission.txt,86134a7f83174248e217ebe688fa21fb11ba21d626cfab708b710b15a147772f
llr40v9-kimi27sglang-fortran,fortran,compact_threshold_pack,llr40v9-kimi27sglang-fortran.n0.p1.w1,1,9.666588,250541597.000000,23314984.000000,0.000000,graded_attempt,sources/llr40v9-kimi27sglang-fortran/compact_threshold_pack/618225.618225.llr40v9-kimi27sglang-fortran.n0.p1.w1/candidate_01_submission.txt,e2b0fce9a2b005dcdc0124eec884270071eb3846d15df01775dd70062f965dde
llr40v9-kimi27sglang-fortran,fortran,compact_threshold_pack,llr40v9-kimi27sglang-fortran.n0.p1.w1,2,1.000000,251148066.000000,250663212.000000,0.000000,graded_attempt,sources/llr40v9-kimi27sglang-fortran/compact_threshold_pack/619186.619186.llr40v9-kimi27sglang-fortran.n0.p1.w1/candidate_02_submission.txt,42c684b1cd5571515db12a5de7478a744202b678f9003e18245be5e49c1ed213
llr40v9-kimi27sglang-fortran-skills,fortran,compact_threshold_pack,llr40v9-kimi27sglang-fortran-skills.n0.p1.w1,4,15.126381,292846973.000000,19102124.000000,0.000000,graded_attempt,sources/llr40v9-kimi27sglang-fortran-skills/compact_threshold_pack/618234.618234.llr40v9-kimi27sglang-fortran-skills.n0.p1.w1/candidate_04_submission.txt,603df35849a096b2359fd2d6ade7fe55eaac4222eee53901120cd722b64fa6af
llr40v9-kimi27sglang-fortran-skills,fortran,compact_threshold_pack,llr40v9-kimi27sglang-fortran-skills.n0.p1.w1,5,14.536155,292459825.000000,19978600.000000,0.000000,graded_attempt,sources/llr40v9-kimi27sglang-fortran-skills/compact_threshold_pack/618234.618234.llr40v9-kimi27sglang-fortran-skills.n0.p1.w1/candidate_05_submission.txt,444aadda961740779a9c6cb3364d122105c633da8cc7077acee4f413652760e7
llr40v9-kimi27sglang-fortran-skills,fortran,compact_threshold_pack,llr40v9-kimi27sglang-fortran-skills.n0.p1.w1,3,13.290985,250566183.000000,18717060.000000,0.000000,graded_attempt,sources/llr40v9-kimi27sglang-fortran-skills/compact_threshold_pack/618234.618234.llr40v9-kimi27sglang-fortran-skills.n0.p1.w1/candidate_03_submission.txt,b48bd97f3b37ac89b247fb0ca96823d8a3019d7eef53306ff087ceb6f5ff85a7
llr40v9-kimi27sglang-fortran-skills,fortran,compact_threshold_pack,llr40v9-kimi27sglang-fortran-skills.n0.p1.w1,6,12.900100,292481703.000000,19262008.000000,0.000000,graded_attempt,sources/llr40v9-kimi27sglang-fortran-skills/compact_threshold_pack/618234.618234.llr40v9-kimi27sglang-fortran-skills.n0.p1.w1/candidate_06_submission.txt,e9bf76479cf7137000dbecef79781a7a531a909f552255f7d1fe49c1ec59ddbe
llr40v9-kimi27sglang-fortran-skills,fortran,compact_threshold_pack,llr40v9-kimi27sglang-fortran-skills.n0.p1.w1,7,12.900100,292433706.000000,19169135.000000,0.000000,graded_attempt,sources/llr40v9-kimi27sglang-fortran-skills/compact_threshold_pack/618234.618234.llr40v9-kimi27sglang-fortran-skills.n0.p1.w1/candidate_07_submission.txt,37c25e2ab2c4dff12e2a39b571c557b9601e5670881d20d6f463416144a10148
llr40v9-kimi27sglang-fortran-skills,fortran,compact_threshold_pack,llr40v9-kimi27sglang-fortran-skills.n0.p1.w1,1,12.645917,251172239.000000,19570038.000000,0.000000,graded_attempt,sources/llr40v9-kimi27sglang-fortran-skills/compact_threshold_pack/618234.618234.llr40v9-kimi27sglang-fortran-skills.n0.p1.w1/candidate_01_submission.txt,5e637c1b1c33e903a0aea67c3d55c3268eaaab2a36c48000af72d8d066a7dc0a
llr40v9-kimi27sglang-fortran-skills,fortran,compact_threshold_pack,llr40v9-kimi27sglang-fortran-skills.n0.p1.w1,2,12.645917,250574949.000000,19641378.000000,0.000000,graded_attempt,sources/llr40v9-kimi27sglang-fortran-skills/compact_threshold_pack/618234.618234.llr40v9-kimi27sglang-fortran-skills.n0.p1.w1/candidate_02_submission.txt,6e781d5c10e131bdd9dca13e7fbfd8b3a7d5c58556b04600425a9a666d920d20
llr40v9-oss120b-c-skills,c,compact_threshold_pack,llr40v9-oss120b-c-skills.n0.p1.w1,1,11.334835,250848231.000000,20920443.000000,0.000000,graded_attempt,sources/llr40v9-oss120b-c-skills/compact_threshold_pack/618229.618229.llr40v9-oss120b-c-skills.n0.p1.w1/candidate_01_submission.txt,6150ab40187a2384e8adfecf1a575eedd516d7c66541c40f09f83cfe904b5e4c
llr40v9-qwen38-c,c,compact_threshold_pack,llr40v9-qwen38-c.n0.p1.w1,5,17.914240,250649219.000000,13841235.000000,0.000000,graded_attempt,sources/llr40v9-qwen38-c/compact_threshold_pack/618217.618217.llr40v9-qwen38-c.n0.p1.w1/candidate_05_submission.txt,a195cfbcab77c1e3a8a17d10583eb4c45b315fe917256a0383af7a833004d8e7
llr40v9-qwen38-c,c,compact_threshold_pack,llr40v9-qwen38-c.n0.p1.w1,6,17.914240,250755667.000000,13807397.000000,0.000000,graded_attempt,sources/llr40v9-qwen38-c/compact_threshold_pack/618217.618217.llr40v9-qwen38-c.n0.p1.w1/candidate_06_submission.txt,a0ff175aad12c5ba01e1edb1389af65b4f26b2e954996de195ed87f8aede6d1b
llr40v9-qwen38-c,c,compact_threshold_pack,llr40v9-qwen38-c.n0.p1.w1,7,17.914240,250622676.000000,13794634.000000,0.000000,graded_attempt,sources/llr40v9-qwen38-c/compact_threshold_pack/618217.618217.llr40v9-qwen38-c.n0.p1.w1/candidate_07_submission.txt,e3a0ad3cf2b595c5c24cb5762e0d88de260153cc93feb9ab7e8b3e89707ae01c
llr40v9-qwen38-c,c,compact_threshold_pack,llr40v9-qwen38-c.n0.p1.w1,3,17.561259,250653192.000000,14039203.000000,0.000000,graded_attempt,sources/llr40v9-qwen38-c/compact_threshold_pack/618217.618217.llr40v9-qwen38-c.n0.p1.w1/candidate_03_submission.txt,c5251b5448e6d78810b2e272bb0032e67932af446b96ea2da0fa15a01b050abb
llr40v9-qwen38-c,c,compact_threshold_pack,llr40v9-qwen38-c.n0.p1.w1,4,16.876025,250613902.000000,14623850.000000,0.000000,graded_attempt,sources/llr40v9-qwen38-c/compact_threshold_pack/618217.618217.llr40v9-qwen38-c.n0.p1.w1/candidate_04_submission.txt,ed433b26db1e1434d1bd984ce0ae97ea9c7f59894aeb14cdd8501471ba2f164b
llr40v9-qwen38-c,c,compact_threshold_pack,llr40v9-qwen38-c.n0.p1.w1,7,14.828332,251136083.000000,15465612.000000,0.000000,graded_attempt,sources/llr40v9-qwen38-c/compact_threshold_pack/619183.619183.llr40v9-qwen38-c.n0.p1.w1/candidate_07_submission.txt,212900ba05e4bce13d3ae389a7d8f8e1c4475342df706952fcce933e9e56b0e8
llr40v9-qwen38-c,c,compact_threshold_pack,llr40v9-qwen38-c.n0.p1.w1,2,13.029101,250900956.000000,19205049.000000,0.000000,graded_attempt,sources/llr40v9-qwen38-c/compact_threshold_pack/618217.618217.llr40v9-qwen38-c.n0.p1.w1/candidate_02_submission.txt,d8bf5580cc854db8f77db1400eef0884b749382a1a2b37f5442b343b43d0cbc1
llr40v9-qwen38-c,c,compact_threshold_pack,llr40v9-qwen38-c.n0.p1.w1,1,12.900100,250904495.000000,19268237.000000,0.000000,graded_attempt,sources/llr40v9-qwen38-c/compact_threshold_pack/618217.618217.llr40v9-qwen38-c.n0.p1.w1/candidate_01_submission.txt,5e94fc01a18867ab24e4ea1654fdbe82591f8f8ca6f8983d25f8c6a67b424340
llr40v9-qwen38-c,c,compact_threshold_pack,llr40v9-qwen38-c.n0.p1.w1,6,12.900100,250926532.000000,19142735.000000,0.000000,graded_attempt,sources/llr40v9-qwen38-c/compact_threshold_pack/619183.619183.llr40v9-qwen38-c.n0.p1.w1/candidate_06_submission.txt,5dbf1d9f1abbf64a223fe1d71ef2dadd12d828fb89f0b4874b42246ccf9a7fad
llr40v9-qwen38-c,c,compact_threshold_pack,llr40v9-qwen38-c.n0.p1.w1,4,12.396742,251324454.000000,19447896.000000,0.000000,graded_attempt,sources/llr40v9-qwen38-c/compact_threshold_pack/619183.619183.llr40v9-qwen38-c.n0.p1.w1/candidate_04_submission.txt,284d609caea296b0948b0c35d50a89d2a2f1197263ec58d3305e72d107df8083
llr40v9-qwen38-c,c,compact_threshold_pack,llr40v9-qwen38-c.n0.p1.w1,5,11.222609,251053804.000000,19297006.000000,0.000000,graded_attempt,sources/llr40v9-qwen38-c/compact_threshold_pack/619183.619183.llr40v9-qwen38-c.n0.p1.w1/candidate_05_submission.txt,1288e40e1ca7799be1df4954e48fd00dc47ec7c780ab9043e3944b35fe241b87
llr40v9-qwen38-c,c,compact_threshold_pack,llr40v9-qwen38-c.n0.p1.w1,2,10.059091,251210703.000000,23477931.000000,0.000000,graded_attempt,sources/llr40v9-qwen38-c/compact_threshold_pack/619183.619183.llr40v9-qwen38-c.n0.p1.w1/candidate_02_submission.txt,9f544d6f77dc79375cc393728cced4f07dfeb750dcfe4c679a3b082134604837
llr40v9-qwen38-c,c,compact_threshold_pack,llr40v9-qwen38-c.n0.p1.w1,3,9.959496,250914793.000000,23472432.000000,0.000000,graded_attempt,sources/llr40v9-qwen38-c/compact_threshold_pack/619183.619183.llr40v9-qwen38-c.n0.p1.w1/candidate_03_submission.txt,bbb7ac3852f32df149e1746e5443803188fb4926666dfd8b69575e52e661f4a6
llr40v9-qwen38-c,c,compact_threshold_pack,llr40v9-qwen38-c.n0.p1.w1,1,9.382295,250895210.000000,25524820.000000,0.000000,graded_attempt,sources/llr40v9-qwen38-c/compact_threshold_pack/619183.619183.llr40v9-qwen38-c.n0.p1.w1/candidate_01_submission.txt,7246315d873097ce3160fdd0ce17580499cd67a15803481949598f78fe50fb7a
llr40v9-qwen38-c-skills,c,compact_threshold_pack,llr40v9-qwen38-c-skills.n0.p1.w1,4,11.334835,251226357.000000,20710819.000000,0.000000,graded_attempt,sources/llr40v9-qwen38-c-skills/compact_threshold_pack/618226.618226.llr40v9-qwen38-c-skills.n0.p1.w1/candidate_02_submission.txt,9a2ebcb31e00e15c821f6df560ae81edfe0fa83fa30296ad86618d12e55f1131
llr40v9-qwen38-c-skills,c,compact_threshold_pack,llr40v9-qwen38-c-skills.n0.p1.w1,2,11.111494,250747493.000000,20883367.000000,0.000000,graded_attempt,sources/llr40v9-qwen38-c-skills/compact_threshold_pack/618226.618226.llr40v9-qwen38-c-skills.n0.p1.w1/candidate_02_submission.txt,9a2ebcb31e00e15c821f6df560ae81edfe0fa83fa30296ad86618d12e55f1131
llr40v9-qwen38-c-skills,c,compact_threshold_pack,llr40v9-qwen38-c-skills.n0.p1.w1,3,11.001479,250842171.000000,21266001.000000,0.000000,graded_attempt,sources/llr40v9-qwen38-c-skills/compact_threshold_pack/618226.618226.llr40v9-qwen38-c-skills.n0.p1.w1/candidate_03_submission.txt,f7478ffa9e6fa4027e177721e920e2b1c133a4324824f64636ba5d80b9ff1798
llr40v9-qwen38-c-skills,c,compact_threshold_pack,llr40v9-qwen38-c-skills.n0.p1.w1,1,10.892554,251058241.000000,21201688.000000,0.000000,graded_attempt,sources/llr40v9-qwen38-c-skills/compact_threshold_pack/618226.618226.llr40v9-qwen38-c-skills.n0.p1.w1/candidate_01_submission.txt,e8783969b31e087c0056cd4cb5255d56f2ea514e2c848e10d0fe1f1ca4754e84
llr40v9-qwen38-fortran,fortran,compact_threshold_pack,llr40v9-qwen38-fortran.n0.p1.w1,2,11.678292,251282034.000000,20154519.000000,0.000000,graded_attempt,sources/llr40v9-qwen38-fortran/compact_threshold_pack/619184.619184.llr40v9-qwen38-fortran.n0.p1.w1/candidate_02_submission.txt,81270769c83a28e47de2077d1b8936781ae35d57a00fd666d46f2c9ed425e206
llr40v9-qwen38-fortran,fortran,compact_threshold_pack,llr40v9-qwen38-fortran.n0.p1.w1,3,11.562665,251521498.000000,20877407.000000,0.000000,graded_attempt,sources/llr40v9-qwen38-fortran/compact_threshold_pack/619184.619184.llr40v9-qwen38-fortran.n0.p1.w1/candidate_02_submission.txt,81270769c83a28e47de2077d1b8936781ae35d57a00fd666d46f2c9ed425e206
llr40v9-qwen38-fortran,fortran,compact_threshold_pack,llr40v9-qwen38-fortran.n0.p1.w1,1,11.448183,251107814.000000,21052651.000000,0.000000,graded_attempt,sources/llr40v9-qwen38-fortran/compact_threshold_pack/618219.618219.llr40v9-qwen38-fortran.n0.p1.w1/candidate_01_submission.txt,ee8227a8ab65c04586b37c330e9428725fd57f753f0a5d56b595b3b318a98c78
llr40v9-qwen38-fortran,fortran,compact_threshold_pack,llr40v9-qwen38-fortran.n0.p1.w1,5,11.448183,251331325.000000,20850732.000000,0.000000,graded_attempt,sources/llr40v9-qwen38-fortran/compact_threshold_pack/618219.618219.llr40v9-qwen38-fortran.n0.p1.w1/candidate_01_submission.txt,ee8227a8ab65c04586b37c330e9428725fd57f753f0a5d56b595b3b318a98c78
llr40v9-qwen38-fortran,fortran,compact_threshold_pack,llr40v9-qwen38-fortran.n0.p1.w1,1,11.448183,251347598.000000,20933190.000000,0.000000,graded_attempt,sources/llr40v9-qwen38-fortran/compact_threshold_pack/619184.619184.llr40v9-qwen38-fortran.n0.p1.w1/candidate_01_submission.txt,d9972cbef34d51b106a4c7f67c7afd72f144774c286e8d78539ddeb4abd1ba46
llr40v9-qwen38-fortran,fortran,compact_threshold_pack,llr40v9-qwen38-fortran.n0.p1.w1,2,11.334835,250920302.000000,20626121.000000,0.000000,graded_attempt,sources/llr40v9-qwen38-fortran/compact_threshold_pack/618219.618219.llr40v9-qwen38-fortran.n0.p1.w1/candidate_02_submission.txt,e9c9d62a53db7996452df57e647df95dce80f047ab1678822bd54d29c28c59aa
llr40v9-qwen38-fortran,fortran,compact_threshold_pack,llr40v9-qwen38-fortran.n0.p1.w1,3,11.334835,250745419.000000,19882705.000000,0.000000,graded_attempt,sources/llr40v9-qwen38-fortran/compact_threshold_pack/618219.618219.llr40v9-qwen38-fortran.n0.p1.w1/candidate_02_submission.txt,e9c9d62a53db7996452df57e647df95dce80f047ab1678822bd54d29c28c59aa
llr40v9-qwen38-fortran,fortran,compact_threshold_pack,llr40v9-qwen38-fortran.n0.p1.w1,4,11.222609,251147599.000000,20959452.000000,0.000000,graded_attempt,sources/llr40v9-qwen38-fortran/compact_threshold_pack/618219.618219.llr40v9-qwen38-fortran.n0.p1.w1/candidate_04_submission.txt,56589b0bb5d0e961f3942d1043b3affb7d7472ee068b8479d84e745e28998baa
llr40v9-qwen38-fortran-skills,fortran,compact_threshold_pack,llr40v9-qwen38-fortran-skills.n0.p1.w1,6,11.562665,251204887.000000,20695504.000000,0.000000,graded_attempt,sources/llr40v9-qwen38-fortran-skills/compact_threshold_pack/618228.618228.llr40v9-qwen38-fortran-skills.n0.p1.w1/candidate_06_submission.txt,0ed9a9bf00a9eb13b8c90497e17086981ca908853077b0effdde63002c0a9f6d
llr40v9-qwen38-fortran-skills,fortran,compact_threshold_pack,llr40v9-qwen38-fortran-skills.n0.p1.w1,9,11.562665,251007348.000000,20685614.000000,0.000000,graded_attempt,sources/llr40v9-qwen38-fortran-skills/compact_threshold_pack/618228.618228.llr40v9-qwen38-fortran-skills.n0.p1.w1/candidate_07_submission.txt,d070612b1dc8bd9f9f5181bf3050c5ac6e73dfa782b24338880c8642624a4bbe
llr40v9-qwen38-fortran-skills,fortran,compact_threshold_pack,llr40v9-qwen38-fortran-skills.n0.p1.w1,1,11.448183,251294842.000000,20867056.000000,0.000000,graded_attempt,sources/llr40v9-qwen38-fortran-skills/compact_threshold_pack/618228.618228.llr40v9-qwen38-fortran-skills.n0.p1.w1/candidate_01_submission.txt,ea285de207b3f54e381a5c95616555e8507e7cd5ba7c3a0f567fa07d625a6cd0
llr40v9-qwen38-fortran-skills,fortran,compact_threshold_pack,llr40v9-qwen38-fortran-skills.n0.p1.w1,2,11.448183,251135569.000000,20597302.000000,0.000000,graded_attempt,sources/llr40v9-qwen38-fortran-skills/compact_threshold_pack/618228.618228.llr40v9-qwen38-fortran-skills.n0.p1.w1/candidate_02_submission.txt,b428ee1e2f314c2390a0103880ff4204cda8180ed8f0db4962e10980ce357758
llr40v9-qwen38-fortran-skills,fortran,compact_threshold_pack,llr40v9-qwen38-fortran-skills.n0.p1.w1,5,11.448183,250987462.000000,20547615.000000,0.000000,graded_attempt,sources/llr40v9-qwen38-fortran-skills/compact_threshold_pack/618228.618228.llr40v9-qwen38-fortran-skills.n0.p1.w1/candidate_05_submission.txt,419bbbb67040cd53867db6200db4792473e546cf7ec7017d672565d608fb8001
llr40v9-qwen38-fortran-skills,fortran,compact_threshold_pack,llr40v9-qwen38-fortran-skills.n0.p1.w1,7,11.448183,250685144.000000,20983335.000000,0.000000,graded_attempt,sources/llr40v9-qwen38-fortran-skills/compact_threshold_pack/618228.618228.llr40v9-qwen38-fortran-skills.n0.p1.w1/candidate_07_submission.txt,d070612b1dc8bd9f9f5181bf3050c5ac6e73dfa782b24338880c8642624a4bbe
llr40v9-qwen38-fortran-skills,fortran,compact_threshold_pack,llr40v9-qwen38-fortran-skills.n0.p1.w1,3,11.222609,251100383.000000,21312175.000000,0.000000,graded_attempt,sources/llr40v9-qwen38-fortran-skills/compact_threshold_pack/618228.618228.llr40v9-qwen38-fortran-skills.n0.p1.w1/candidate_03_submission.txt,7234ccb9a640a39d438fb369dbd2742c4315c42a284d8215e2a72696e575a386
llr40v9-qwen38-fortran-skills,fortran,compact_threshold_pack,llr40v9-qwen38-fortran-skills.n0.p1.w1,4,11.222609,251063322.000000,20624943.000000,0.000000,graded_attempt,sources/llr40v9-qwen38-fortran-skills/compact_threshold_pack/618228.618228.llr40v9-qwen38-fortran-skills.n0.p1.w1/candidate_03_submission.txt,7234ccb9a640a39d438fb369dbd2742c4315c42a284d8215e2a72696e575a386
llr40v9-qwen38-fortran-skills,fortran,compact_threshold_pack,llr40v9-qwen38-fortran-skills.n0.p1.w1,8,11.111494,250698068.000000,21017316.000000,0.000000,graded_attempt,sources/llr40v9-qwen38-fortran-skills/compact_threshold_pack/618228.618228.llr40v9-qwen38-fortran-skills.n0.p1.w1/candidate_07_submission.txt,d070612b1dc8bd9f9f5181bf3050c5ac6e73dfa782b24338880c8642624a4bbe
llr40v10-kimi27sglang-c,c,ext_break_capture,llr40v10-kimi27sglang-c.n0.p2.w2,2,14.536155,78941970.000000,5355295.000000,0.000000,graded_attempt,sources/llr40v10-kimi27sglang-c/ext_break_capture/621729.621729.llr40v10-kimi27sglang-c.n0.p2.w2/candidate_02_submission.txt,93364bf6fdb3600e383225dc644b4ce6d1991ff21a6d954f399802195aa0cc53
llr40v10-kimi27sglang-c,c,ext_break_capture,llr40v10-kimi27sglang-c.n0.p2.w2,2,6.756220,61017291.000000,8932891.000000,0.000000,graded_attempt,sources/llr40v10-kimi27sglang-c/ext_break_capture/621017.621017.llr40v10-kimi27sglang-c.n0.p2.w2/candidate_02_submission.txt,ca0548a64d5bf52fa88ddbe01d9779f844ab42871aa82f0d06dda27c017f3d2f
llr40v10-kimi27sglang-c,c,ext_break_capture,llr40v10-kimi27sglang-c.n0.p2.w2,1,5.995802,59347946.000000,9634406.000000,0.000000,graded_attempt,sources/llr40v10-kimi27sglang-c/ext_break_capture/621017.621017.llr40v10-kimi27sglang-c.n0.p2.w2/candidate_01_submission.txt,b5515b508639d5d75d2965d527eb46300ea1fb323df5c93c389802343257f83b
llr40v10-kimi27sglang-c,c,ext_break_capture,llr40v10-kimi27sglang-c.n0.p2.w2,1,3.078330,78941970.000000,25691012.000000,0.000000,graded_attempt,sources/llr40v10-kimi27sglang-c/ext_break_capture/621729.621729.llr40v10-kimi27sglang-c.n0.p2.w2/candidate_01_submission.txt,4e7b3922448693df443af6498430b67ff9cdeb6e6785b7e7266a9d94575e6356
llr40v10-oss120b-c,c,ext_break_capture,llr40v10-oss120b-c.n0.p2.w2,1,3.987227,92080328.000000,22345559.000000,0.000000,graded_attempt,sources/llr40v10-oss120b-c/ext_break_capture/621015.621015.llr40v10-oss120b-c.n0.p2.w2/candidate_01_submission.txt,d296479f97f2a010afafa1f506603f61f38138e2118110e50413e2e9ab35ebfc
llr40v10-oss120b-c,c,ext_break_capture,llr40v10-oss120b-c.n0.p2.w2,1,2.759181,64608014.000000,21593903.000000,0.000000,graded_attempt,sources/llr40v10-oss120b-c/ext_break_capture/621382.621382.llr40v10-oss120b-c.n0.p2.w2/candidate_01_submission.txt,68012c0a81a5b0c24c181f85bfdcd9e3cfb68b6e6084cf3c26fc6f1648847225
llr40v10-qwen38-c,c,ext_break_capture,llr40v10-qwen38-c.n0.p2.w2,1,9.763254,62723845.000000,6376221.000000,0.000000,graded_attempt,sources/llr40v10-qwen38-c/ext_break_capture/621383.621383.llr40v10-qwen38-c.n0.p2.w2/candidate_01_submission.txt,099bb334d19621576b31e76626c7fc754630899481001ae3e7bbf66e14a0ece5
llr40v10-qwen38-c,c,ext_break_capture,llr40v10-qwen38-c.n0.p2.w2,3,7.537701,78940176.000000,10330401.000000,0.000000,graded_attempt,sources/llr40v10-qwen38-c/ext_break_capture/621727.621727.llr40v10-qwen38-c.n0.p2.w2/candidate_03_submission.txt,12e7a7b3c63af68e8c1a3fd6ad5c8d2f541631bfd0021d09501180410b865091
llr40v10-qwen38-c,c,ext_break_capture,llr40v10-qwen38-c.n0.p2.w2,2,4.817005,78940176.000000,16061048.000000,0.000000,graded_attempt,sources/llr40v10-qwen38-c/ext_break_capture/621727.621727.llr40v10-qwen38-c.n0.p2.w2/candidate_02_submission.txt,d900b6fb079fcf732f5925b81eccd4350643eb12c2cc6d45ba41a4c8ec074163
llr40v10-qwen38-c,c,ext_break_capture,llr40v10-qwen38-c.n0.p2.w2,1,1.334504,79073591.000000,57723298.000000,0.000000,graded_attempt,sources/llr40v10-qwen38-c/ext_break_capture/622265.622265.llr40v10-qwen38-c.n0.p2.w2/candidate_01_submission.txt,9e09fdb6a0017f8d02705ae66eced50967cd4b62066fe4c3aff5292b30f87987
llr40v10-qwen38-c,c,ext_break_capture,llr40v10-qwen38-c.n0.p2.w2,1,1.020100,78940176.000000,77055314.000000,0.000000,graded_attempt,sources/llr40v10-qwen38-c/ext_break_capture/621727.621727.llr40v10-qwen38-c.n0.p2.w2/candidate_01_submission.txt,a47488156663b57fb9618480cad0b0c9ef602130e756762c16dba6844b5ab602
llr40v10-qwen38-fortran,fortran,ext_break_capture,llr40v10-qwen38-fortran.n0.p2.w2,1,1.347849,78893461.000000,58195026.000000,0.000000,graded_attempt,sources/llr40v10-qwen38-fortran/ext_break_capture/621728.621728.llr40v10-qwen38-fortran.n0.p2.w2/candidate_01_submission.txt,e794a3acde4b74722de7e6f1873b130464edda0f6fb23bfa7fc288d6d621bffb
llr40v10-kimi27sglang-c,c,ext_war_unit,llr40v10-kimi27sglang-c.n0.p3.w3,3,5.995802,111301633.000000,18508384.000000,0.000000,graded_attempt,sources/llr40v10-kimi27sglang-c/ext_war_unit/621729.621729.llr40v10-kimi27sglang-c.n0.p3.w3/candidate_03_submission.txt,20906b99b5e25abfd8818bb16a1580e1d2f3ec4b8eaccfd8bf2aceb753afe306
llr40v10-kimi27sglang-c,c,ext_war_unit,llr40v10-kimi27sglang-c.n0.p3.w3,2,5.592393,111301633.000000,19643813.000000,0.000000,graded_attempt,sources/llr40v10-kimi27sglang-c/ext_war_unit/621729.621729.llr40v10-kimi27sglang-c.n0.p3.w3/candidate_02_submission.txt,73b0b9c5a9e2226dcf355f7abf7c56850d218e7cd454afea945f8c53fa686a2e
llr40v10-kimi27sglang-c,c,ext_war_unit,llr40v10-kimi27sglang-c.n0.p3.w3,1,5.320970,111301633.000000,20440836.000000,0.000000,graded_attempt,sources/llr40v10-kimi27sglang-c/ext_war_unit/621729.621729.llr40v10-kimi27sglang-c.n0.p3.w3/candidate_01_submission.txt,81a2b2839aa3624fcbc07daf9180d2919e014f6fae2de3a5f79ebf9f08183a5b
llr40v10-kimi27sglang-c,c,ext_war_unit,llr40v10-kimi27sglang-c.n0.p3.w3,2,3.869963,88926071.000000,22135377.000000,0.000000,graded_attempt,sources/llr40v10-kimi27sglang-c/ext_war_unit/621017.621017.llr40v10-kimi27sglang-c.n0.p3.w3/candidate_02_submission.txt,5b697b23de3b33aa30765d8a72ab58b8a2c0649e760f00e2011385a0c0efd928
llr40v10-kimi27sglang-c,c,ext_war_unit,llr40v10-kimi27sglang-c.n0.p3.w3,1,1.612226,92889050.000000,57136543.000000,0.000000,graded_attempt,sources/llr40v10-kimi27sglang-c/ext_war_unit/621017.621017.llr40v10-kimi27sglang-c.n0.p3.w3/candidate_01_submission.txt,cec1569d45a7bd7be9ef11e382b1929a5335fffb0e295bea63237360cee9b370
llr40v10-kimi27sglang-fortran,fortran,ext_war_unit,llr40v10-kimi27sglang-fortran.n0.p3.w3,1,1.000000,96193869.000000,95548424.000000,0.000000,graded_attempt,sources/llr40v10-kimi27sglang-fortran/ext_war_unit/621731.621731.llr40v10-kimi27sglang-fortran.n0.p3.w3/candidate_01_submission.txt,106a80d24ca461546d66233d3c1e5deb2e20a365a244ad34b5e2499ddc1c6de2
llr40v10-oss120b-c,c,ext_war_unit,llr40v10-oss120b-c.n0.p3.w3,1,1.853212,144031290.000000,77410584.000000,0.000000,graded_attempt,sources/llr40v10-oss120b-c/ext_war_unit/621015.621015.llr40v10-oss120b-c.n0.p3.w3/candidate_01_submission.txt,def5cb77f1a93e42506b96c3eb9f64da7a2331b22f4e088df3b96ef4861f6760
llr40v10-oss120b-c,c,ext_war_unit,llr40v10-oss120b-c.n0.p3.w3,1,1.000000,86712423.000000,87668688.000000,0.000000,graded_attempt,sources/llr40v10-oss120b-c/ext_war_unit/621382.621382.llr40v10-oss120b-c.n0.p3.w3/candidate_01_submission.txt,2807796e0070cd0a840743b44301d1b7f9e5b6e3eb3bbd1df648d109239eb097
llr40v10-oss120b-fortran,fortran,ext_war_unit,llr40v10-oss120b-fortran.n0.p3.w3,4,1.628348,93480943.000000,56894328.000000,0.000000,graded_attempt,sources/llr40v10-oss120b-fortran/ext_war_unit/621019.621019.llr40v10-oss120b-fortran.n0.p3.w3/candidate_04_submission.txt,c2c4af08e06b5b220806f166799de5cb36450c0647f75efaaf79c42443ea56ec
llr40v10-oss120b-fortran,fortran,ext_war_unit,llr40v10-oss120b-fortran.n0.p3.w3,1,1.474123,84797771.000000,56780658.000000,0.000000,graded_attempt,sources/llr40v10-oss120b-fortran/ext_war_unit/621384.621384.llr40v10-oss120b-fortran.n0.p3.w3/candidate_01_submission.txt,8c732927ecce10790d27bdca86fb1d0f266663ae313f7d44cdcf03d2048724cf
llr40v10-oss120b-fortran,fortran,ext_war_unit,llr40v10-oss120b-fortran.n0.p3.w3,1,1.000000,92911763.000000,386539226.000000,0.000000,graded_attempt,sources/llr40v10-oss120b-fortran/ext_war_unit/621019.621019.llr40v10-oss120b-fortran.n0.p3.w3/candidate_01_submission.txt,e5fcceefec5049372304a434aec161ec10cdbba8823401870477177e27e4f2fd
llr40v10-oss120b-fortran,fortran,ext_war_unit,llr40v10-oss120b-fortran.n0.p3.w3,2,1.000000,88268033.000000,88750705.000000,0.000000,graded_attempt,sources/llr40v10-oss120b-fortran/ext_war_unit/621019.621019.llr40v10-oss120b-fortran.n0.p3.w3/candidate_02_submission.txt,4ef67924cde8ca0c9219fd0b636c21aeeb95d96c08081cf0009833de064ba4e2
llr40v10-oss120b-fortran,fortran,ext_war_unit,llr40v10-oss120b-fortran.n0.p3.w3,3,1.000000,85953543.000000,89155199.000000,0.000000,graded_attempt,sources/llr40v10-oss120b-fortran/ext_war_unit/621019.621019.llr40v10-oss120b-fortran.n0.p3.w3/candidate_03_submission.txt,8b9a3cd38900c7b9111c936ba1bc75bc461a8485eb399bc5f210e9ccb149f471
llr40v10-qwen38-c,c,ext_war_unit,llr40v10-qwen38-c.n0.p3.w3,1,5.012594,89883486.000000,18417306.000000,0.000000,graded_attempt,sources/llr40v10-qwen38-c/ext_war_unit/621383.621383.llr40v10-qwen38-c.n0.p3.w3/candidate_01_submission.txt,7751681fa93851ff6366b9422e743d08edaace6b336b6844a46b7e3c58feade4
llr40v10-qwen38-c,c,ext_war_unit,llr40v10-qwen38-c.n0.p3.w3,1,4.537836,85283862.000000,18484519.000000,0.000000,graded_attempt,sources/llr40v10-qwen38-c/ext_war_unit/621016.621016.llr40v10-qwen38-c.n0.p3.w3/candidate_01_submission.txt,d42f3680624ba6d5e6e8c3aa17be0c093f16659cf229331db821b8257d2e4d36
llr40v10-qwen38-fortran,fortran,ext_war_unit,llr40v10-qwen38-fortran.n0.p3.w3,2,5.761848,114706923.000000,20007806.000000,0.000000,graded_attempt,sources/llr40v10-qwen38-fortran/ext_war_unit/621385.621385.llr40v10-qwen38-fortran.n0.p3.w3/candidate_02_submission.txt,d47481cc9527815045c9a9e0aa75459925094d2a15bcd51a5825f50e89df19f8
llr40v10-qwen38-fortran,fortran,ext_war_unit,llr40v10-qwen38-fortran.n0.p3.w3,1,4.865175,90373278.000000,18419416.000000,0.000000,graded_attempt,sources/llr40v10-qwen38-fortran/ext_war_unit/621728.621728.llr40v10-qwen38-fortran.n0.p3.w3/candidate_01_submission.txt,8533bd0b5e7ceae85552c715b81638b4c9a347283d4cb931b555e6eda0839f56
llr40v10-qwen38-fortran,fortran,ext_war_unit,llr40v10-qwen38-fortran.n0.p3.w3,1,1.000000,111404810.000000,110987620.000000,0.000000,graded_attempt,sources/llr40v10-qwen38-fortran/ext_war_unit/621385.621385.llr40v10-qwen38-fortran.n0.p3.w3/candidate_01_submission.txt,d5e8774d4554e6ee3738654e56e7514c56221daf55c15c88a4e4910af8e4842c
llr40v10-kimi27sglang-c,c,fuse_diamond,llr40v10-kimi27sglang-c.n0.p4.w4,3,88.907741,770071917.000000,8210555.000000,0.000000,graded_attempt,sources/llr40v10-kimi27sglang-c/fuse_diamond/621017.621017.llr40v10-kimi27sglang-c.n0.p4.w4/candidate_03_submission.txt,d5da9b5da4b9559c689bc404e0b42638ccd97eed6e127dea1d472309ff59b8f2
llr40v10-kimi27sglang-c,c,fuse_diamond,llr40v10-kimi27sglang-c.n0.p4.w4,2,64.022738,818595494.000000,12588913.000000,0.000000,graded_attempt,sources/llr40v10-kimi27sglang-c/fuse_diamond/621017.621017.llr40v10-kimi27sglang-c.n0.p4.w4/candidate_02_submission.txt,811907d2e59b5a5c7c57a26ceb7beb54dc9d1389584b8f6eef5fc997068070f3
llr40v10-kimi27sglang-c,c,fuse_diamond,llr40v10-kimi27sglang-c.n0.p4.w4,1,59.123924,809444270.000000,13216919.000000,0.000000,graded_attempt,sources/llr40v10-kimi27sglang-c/fuse_diamond/621017.621017.llr40v10-kimi27sglang-c.n0.p4.w4/candidate_01_submission.txt,2a6222f9a932dbc82c87ce8048274c163deb25d8bcd64e74e90abfad2b356cfe
llr40v10-kimi27sglang-c,c,fuse_diamond,llr40v10-kimi27sglang-c.n0.p4.w4,2,19.788466,245402934.000000,12547257.000000,0.000000,graded_attempt,sources/llr40v10-kimi27sglang-c/fuse_diamond/621729.621729.llr40v10-kimi27sglang-c.n0.p4.w4/candidate_02_submission.txt,d576c205ed17b9f4ec8775a3e00e485125208f5877dad7cfd7f6ef96e372dc97
llr40v10-kimi27sglang-c,c,fuse_diamond,llr40v10-kimi27sglang-c.n0.p4.w4,1,19.592541,245402934.000000,12566885.000000,0.000000,graded_attempt,sources/llr40v10-kimi27sglang-c/fuse_diamond/621729.621729.llr40v10-kimi27sglang-c.n0.p4.w4/candidate_01_submission.txt,7b727d98b6ef98e0885c2acaa280894ca7dc6abba34bdb26ea58a8ecb866056d
llr40v10-oss120b-c,c,fuse_diamond,llr40v10-oss120b-c.n0.p4.w4,1,59.715163,739909711.000000,12461508.000000,0.000000,graded_attempt,sources/llr40v10-oss120b-c/fuse_diamond/621382.621382.llr40v10-oss120b-c.n0.p4.w4/candidate_01_submission.txt,05082f35abb90046dc1c34592764f17a970e88cd404f1cf3ed040ff9934f11b8
llr40v10-oss120b-c,c,fuse_diamond,llr40v10-oss120b-c.n0.p4.w4,1,56.816929,754497284.000000,12613687.000000,0.000000,graded_attempt,sources/llr40v10-oss120b-c/fuse_diamond/621015.621015.llr40v10-oss120b-c.n0.p4.w4/candidate_01_submission.txt,14a8158c3c0520e76cc8a820d9d05f75c2e706e9b3a98bcb1d898f83722b932b
llr40v10-oss120b-fortran,fortran,fuse_diamond,llr40v10-oss120b-fortran.n0.p4.w4,1,62.761237,786937414.000000,12378525.000000,0.000000,graded_attempt,sources/llr40v10-oss120b-fortran/fuse_diamond/621019.621019.llr40v10-oss120b-fortran.n0.p4.w4/candidate_01_submission.txt,1f00f370099f0e484bf53a04aa19ee003163adb6277f4028e1d8f895b133f537
llr40v10-oss120b-fortran,fortran,fuse_diamond,llr40v10-oss120b-fortran.n0.p4.w4,1,62.139838,773090849.000000,12344439.000000,0.000000,graded_attempt,sources/llr40v10-oss120b-fortran/fuse_diamond/621384.621384.llr40v10-oss120b-fortran.n0.p4.w4/candidate_01_submission.txt,a77fa2c9c720ac876baa0d21873b88f4e67dcd308e2ba3b9b52f32a49dd1a354
llr40v10-qwen38-c,c,fuse_diamond,llr40v10-qwen38-c.n0.p4.w4,1,60.915438,773363342.000000,12535631.000000,0.000000,graded_attempt,sources/llr40v10-qwen38-c/fuse_diamond/621383.621383.llr40v10-qwen38-c.n0.p4.w4/candidate_01_submission.txt,688af64594ae31bd75bc1792bccfe4ff9fcc5bab7f95b6daadb1454fa49a71f3
llr40v10-qwen38-c,c,fuse_diamond,llr40v10-qwen38-c.n0.p4.w4,1,22.077365,276664632.000000,12948790.000000,0.000000,graded_attempt,sources/llr40v10-qwen38-c/fuse_diamond/621727.621727.llr40v10-qwen38-c.n0.p4.w4/candidate_01_submission.txt,a3674dcd6e4dd2c169eb08ef721153c1ed95dae5b717c0bf34e8425b20ffef42
llr40v10-qwen38-c,c,fuse_diamond,llr40v10-qwen38-c.n0.p4.w4,1,19.986351,250731823.000000,12529297.000000,0.000000,graded_attempt,sources/llr40v10-qwen38-c/fuse_diamond/622265.622265.llr40v10-qwen38-c.n0.p4.w4/candidate_01_submission.txt,1232ad75317e88aaa6301e7907d64c972e1d804a7f38b9031497134c45d98a93
llr40v10-qwen38-c,c,fuse_diamond,llr40v10-qwen38-c.n0.p4.w4,2,18.641630,782129930.000000,41389878.000000,0.000000,graded_attempt,sources/llr40v10-qwen38-c/fuse_diamond/621016.621016.llr40v10-qwen38-c.n0.p4.w4/candidate_02_submission.txt,ad3fc8951e17a7eedffd381a8c0c156d9d504ec7ad57dfe79e880d102952cfdd
llr40v10-qwen38-c,c,fuse_diamond,llr40v10-qwen38-c.n0.p4.w4,1,11.678292,777470579.000000,66010901.000000,0.000000,graded_attempt,sources/llr40v10-qwen38-c/fuse_diamond/621016.621016.llr40v10-qwen38-c.n0.p4.w4/candidate_01_submission.txt,c489f98b9d752b0938d2b301000288a2960a454ff039e7a3af546289406a0076
llr40v10-qwen38-fortran,fortran,fuse_diamond,llr40v10-qwen38-fortran.n0.p4.w4,1,57.385098,763849271.000000,12525531.000000,0.000000,graded_attempt,sources/llr40v10-qwen38-fortran/fuse_diamond/621385.621385.llr40v10-qwen38-fortran.n0.p4.w4/candidate_01_submission.txt,c8a9ece9f79e1e99c43408e51582a16569f269642f9a7614d27c5a542118a492
llr40v10-qwen38-fortran,fortran,fuse_diamond,llr40v10-qwen38-fortran.n0.p4.w4,1,56.816929,739517606.000000,12537325.000000,0.000000,graded_attempt,sources/llr40v10-qwen38-fortran/fuse_diamond/621020.621020.llr40v10-qwen38-fortran.n0.p4.w4/candidate_01_submission.txt,d3c068b9721d715693c78f6d7f815629ae5177fddbee893ecd6b4f6a31ff37d8
llr40v10-qwen38-fortran,fortran,fuse_diamond,llr40v10-qwen38-fortran.n0.p4.w4,1,19.986351,252176025.000000,12472734.000000,0.000000,graded_attempt,sources/llr40v10-qwen38-fortran/fuse_diamond/622266.622266.llr40v10-qwen38-fortran.n0.p4.w4/candidate_01_submission.txt,d8247975a803b5a7ee271e87b8b758aaa71e35981d157e7935a73d5d5fc3e22c
llr40v10-kimi27sglang-c,c,fuse_move_ifs,llr40v10-kimi27sglang-c.n0.p5.w5,2,8.838547,96552114.000000,10848003.000000,0.000000,graded_attempt,sources/llr40v10-kimi27sglang-c/fuse_move_ifs/621017.621017.llr40v10-kimi27sglang-c.n0.p5.w5/candidate_02_submission.txt,4be046ffc4b2dabd407a646cfd716a0c85cfdb4620dc74996662bf82cf2a10ea
llr40v10-kimi27sglang-c,c,fuse_move_ifs,llr40v10-kimi27sglang-c.n0.p5.w5,1,7.766100,99033055.000000,12645595.000000,0.000000,graded_attempt,sources/llr40v10-kimi27sglang-c/fuse_move_ifs/621017.621017.llr40v10-kimi27sglang-c.n0.p5.w5/candidate_01_submission.txt,4991c2e7c8fcd7c65f651b5a38ecf2a0f0e652d004b80577b5a3d374fe2d1224
llr40v10-kimi27sglang-c,c,fuse_move_ifs,llr40v10-kimi27sglang-c.n0.p5.w5,3,5.268287,45375013.000000,8474408.000000,0.000000,graded_attempt,sources/llr40v10-kimi27sglang-c/fuse_move_ifs/621729.621729.llr40v10-kimi27sglang-c.n0.p5.w5/candidate_03_submission.txt,8412876a394798f52781ce90af79d0ada34e3446692c9828e53107b9874e11c7
llr40v10-kimi27sglang-c,c,fuse_move_ifs,llr40v10-kimi27sglang-c.n0.p5.w5,1,5.113347,45375013.000000,8777599.000000,0.000000,graded_attempt,sources/llr40v10-kimi27sglang-c/fuse_move_ifs/621729.621729.llr40v10-kimi27sglang-c.n0.p5.w5/candidate_01_submission.txt,9f7fc2f9ff20d856da0f22310688a9f06d720a2ecd3a25e4602aadf58c6e82f1
llr40v10-kimi27sglang-c,c,fuse_move_ifs,llr40v10-kimi27sglang-c.n0.p5.w5,2,5.062720,45375013.000000,8752146.000000,0.000000,graded_attempt,sources/llr40v10-kimi27sglang-c/fuse_move_ifs/621729.621729.llr40v10-kimi27sglang-c.n0.p5.w5/candidate_02_submission.txt,dd6fca0ea553067e9a0d8c625641dd0623ce489909daacf8e06cbde9c5abfc04
llr40v10-kimi27sglang-fortran,fortran,fuse_move_ifs,llr40v10-kimi27sglang-fortran.n0.p5.w5,2,7.389178,67635963.000000,8876828.000000,0.000000,graded_attempt,sources/llr40v10-kimi27sglang-fortran/fuse_move_ifs/621021.621021.llr40v10-kimi27sglang-fortran.n0.p5.w5/candidate_02_submission.txt,5098574107e7ed3be11ab774b4fe5467b82dcf1c4b276c41051e3decc04ee488
llr40v10-kimi27sglang-fortran,fortran,fuse_move_ifs,llr40v10-kimi27sglang-fortran.n0.p5.w5,1,6.756220,71877737.000000,10449815.000000,0.000000,graded_attempt,sources/llr40v10-kimi27sglang-fortran/fuse_move_ifs/621021.621021.llr40v10-kimi27sglang-fortran.n0.p5.w5/candidate_01_submission.txt,5741108dad25fbbec88baf2740c544e0878dabb0b74e0b6a7f305c75e501e697
llr40v10-oss120b-c,c,fuse_move_ifs,llr40v10-oss120b-c.n0.p5.w5,1,7.689208,68462552.000000,8895192.000000,0.000000,graded_attempt,sources/llr40v10-oss120b-c/fuse_move_ifs/621382.621382.llr40v10-oss120b-c.n0.p5.w5/candidate_01_submission.txt,270a29793e3db4c5670b32a284ba3a458654e59a6957bd95ca05bee465478132
llr40v10-oss120b-c,c,fuse_move_ifs,llr40v10-oss120b-c.n0.p5.w5,1,7.613078,99792615.000000,12794083.000000,0.000000,graded_attempt,sources/llr40v10-oss120b-c/fuse_move_ifs/621015.621015.llr40v10-oss120b-c.n0.p5.w5/candidate_01_submission.txt,372d5f20d5ea12ffde7d1223b771e0af9432187f608b166a3b27b0453039e89a
llr40v10-oss120b-fortran,fortran,fuse_move_ifs,llr40v10-oss120b-fortran.n0.p5.w5,1,7.537701,68724390.000000,8912807.000000,0.000000,graded_attempt,sources/llr40v10-oss120b-fortran/fuse_move_ifs/621384.621384.llr40v10-oss120b-fortran.n0.p5.w5/candidate_01_submission.txt,08bcfad6054630ce0c2ecc967c5bcd41c7f9e18dd8d5f88021fb05d26b4e0336
llr40v10-oss120b-fortran,fortran,fuse_move_ifs,llr40v10-oss120b-fortran.n0.p5.w5,1,6.823782,74965115.000000,10657865.000000,0.000000,graded_attempt,sources/llr40v10-oss120b-fortran/fuse_move_ifs/621019.621019.llr40v10-oss120b-fortran.n0.p5.w5/candidate_01_submission.txt,08a84a6932c5ca917618a3416c3001603cbd4130be53be9d02811fb15cb659bc
llr40v10-qwen38-c,c,fuse_move_ifs,llr40v10-qwen38-c.n0.p5.w5,2,7.171863,42170405.000000,5837907.000000,0.000000,graded_attempt,sources/llr40v10-qwen38-c/fuse_move_ifs/622265.622265.llr40v10-qwen38-c.n0.p5.w5/candidate_02_submission.txt,7398e109498c379e2a7d06844c8f2a9c9647b3f929f01c0457bd1a367e3af822
llr40v10-qwen38-c,c,fuse_move_ifs,llr40v10-qwen38-c.n0.p5.w5,1,5.427921,68958183.000000,8899132.000000,0.000000,graded_attempt,sources/llr40v10-qwen38-c/fuse_move_ifs/621016.621016.llr40v10-qwen38-c.n0.p5.w5/candidate_01_submission.txt,2938f4e1457c13d0d76b7da80edadde0f355ed5eb52513b4f6465a006dc1fdff
llr40v10-qwen38-c,c,fuse_move_ifs,llr40v10-qwen38-c.n0.p5.w5,1,4.722091,42170405.000000,8848161.000000,0.000000,graded_attempt,sources/llr40v10-qwen38-c/fuse_move_ifs/622265.622265.llr40v10-qwen38-c.n0.p5.w5/candidate_01_submission.txt,1cf238b74de387916f718730672235209176265ff1d80ed0c9f4bf0919b1b4ef
llr40v10-qwen38-fortran,fortran,fuse_move_ifs,llr40v10-qwen38-fortran.n0.p5.w5,1,5.819466,74223345.000000,9014527.000000,0.000000,graded_attempt,sources/llr40v10-qwen38-fortran/fuse_move_ifs/621385.621385.llr40v10-qwen38-fortran.n0.p5.w5/candidate_01_submission.txt,9713011782a9a2e7e9545c320c51f3e505fc2b5fa864a541871507528cbbb9a2
llr40v10-qwen38-fortran,fortran,fuse_move_ifs,llr40v10-qwen38-fortran.n0.p5.w5,1,3.987227,42348383.000000,10467744.000000,0.000000,graded_attempt,sources/llr40v10-qwen38-fortran/fuse_move_ifs/621728.621728.llr40v10-qwen38-fortran.n0.p5.w5/candidate_01_submission.txt,e12460fb55df36e78fb8c23be29c2aaf76154e8adf889342c4b865963477837b
llr40v10-kimi27sglang-c,c,fuse_stencil_through_transient,llr40v10-kimi27sglang-c.n0.p6.w6,1,28.881805,529864204.000000,18301153.000000,0.000000,graded_attempt,sources/llr40v10-kimi27sglang-c/fuse_stencil_through_transient/621017.621017.llr40v10-kimi27sglang-c.n0.p6.w6/candidate_01_submission.txt,19dae12d481d043351db72315919d27e67b03c6f55fe694cb4850053c1d21faf
llr40v10-kimi27sglang-c,c,fuse_stencil_through_transient,llr40v10-kimi27sglang-c.n0.p6.w6,2,23.435568,432731585.000000,18252694.000000,0.000000,graded_attempt,sources/llr40v10-kimi27sglang-c/fuse_stencil_through_transient/621017.621017.llr40v10-kimi27sglang-c.n0.p6.w6/candidate_02_submission.txt,8b90d2ea61ab27ebf8a526f08ef2b4ea6422712bda20010f1eeeeb4dfcec277a
llr40v10-kimi27sglang-c,c,fuse_stencil_through_transient,llr40v10-kimi27sglang-c.n0.p6.w6,1,7.243582,135040216.000000,18671095.000000,0.000000,graded_attempt,sources/llr40v10-kimi27sglang-c/fuse_stencil_through_transient/621729.621729.llr40v10-kimi27sglang-c.n0.p6.w6/candidate_01_submission.txt,f5a332b26c9e6c6b4703581b0ad57ca03a2a5bb2632af6981d520cc2d30e830a
llr40v10-kimi27sglang-fortran,fortran,fuse_stencil_through_transient,llr40v10-kimi27sglang-fortran.n0.p6.w6,1,24.145689,448071712.000000,18260957.000000,0.000000,graded_attempt,sources/llr40v10-kimi27sglang-fortran/fuse_stencil_through_transient/621021.621021.llr40v10-kimi27sglang-fortran.n0.p6.w6/candidate_01_submission.txt,59eb81bd49fa5468a3c91a12ed85b7cc4c1c953d1400a9e2113606a6f3c2817a
llr40v10-kimi27sglang-fortran,fortran,fuse_stencil_through_transient,llr40v10-kimi27sglang-fortran.n0.p6.w6,1,11.001479,195479087.000000,19564545.000000,0.000000,graded_attempt,sources/llr40v10-kimi27sglang-fortran/fuse_stencil_through_transient/621731.621731.llr40v10-kimi27sglang-fortran.n0.p6.w6/candidate_01_submission.txt,4a8cd0d033f73a4406f763fc925ea3762c35769abf127212d4fd132ace8795e7
llr40v10-oss120b-c,c,fuse_stencil_through_transient,llr40v10-oss120b-c.n0.p6.w6,1,24.387146,445555447.000000,18064036.000000,0.000000,graded_attempt,sources/llr40v10-oss120b-c/fuse_stencil_through_transient/621382.621382.llr40v10-oss120b-c.n0.p6.w6/candidate_01_submission.txt,395d15a7540151d912e8e11a799e5927e5e94c08510b0e0d528f603519fa5991
llr40v10-oss120b-c,c,fuse_stencil_through_transient,llr40v10-oss120b-c.n0.p6.w6,1,18.828047,528725357.000000,27559144.000000,0.000000,graded_attempt,sources/llr40v10-oss120b-c/fuse_stencil_through_transient/621015.621015.llr40v10-oss120b-c.n0.p6.w6/candidate_01_submission.txt,383a3c027c11ccf6bb31c693a56999eaeee65e52625468b2d41cdba5c5984a1f
llr40v10-oss120b-fortran,fortran,fuse_stencil_through_transient,llr40v10-oss120b-fortran.n0.p6.w6,1,23.669924,439619410.000000,18418095.000000,0.000000,graded_attempt,sources/llr40v10-oss120b-fortran/fuse_stencil_through_transient/621019.621019.llr40v10-oss120b-fortran.n0.p6.w6/candidate_01_submission.txt,77af3530042909d49f6c49f414771d3ea169667192d32f78bb7740a2bc993588
llr40v10-oss120b-fortran,fortran,fuse_stencil_through_transient,llr40v10-oss120b-fortran.n0.p6.w6,1,22.973795,436845251.000000,18333344.000000,0.000000,graded_attempt,sources/llr40v10-oss120b-fortran/fuse_stencil_through_transient/621384.621384.llr40v10-oss120b-fortran.n0.p6.w6/candidate_01_submission.txt,955234cc952f46ab13f0d7230af64996e581c6093ddd58526ba9fd956cc7d729
llr40v10-qwen38-c,c,fuse_stencil_through_transient,llr40v10-qwen38-c.n0.p6.w6,3,26.146322,484025532.000000,18226292.000000,0.000000,graded_attempt,sources/llr40v10-qwen38-c/fuse_stencil_through_transient/621016.621016.llr40v10-qwen38-c.n0.p6.w6/candidate_03_submission.txt,145cde2190f1185747a59d873195cf5405acaf229af94972854fec0fe675d959
llr40v10-qwen38-c,c,fuse_stencil_through_transient,llr40v10-qwen38-c.n0.p6.w6,1,25.126101,463743675.000000,18166708.000000,0.000000,graded_attempt,sources/llr40v10-qwen38-c/fuse_stencil_through_transient/621383.621383.llr40v10-qwen38-c.n0.p6.w6/candidate_01_submission.txt,2df01da4415d46645ce90d42db6211d1245b71a04aeab9c921ced90ef1a0cbd0
llr40v10-qwen38-c,c,fuse_stencil_through_transient,llr40v10-qwen38-c.n0.p6.w6,2,23.669924,437821347.000000,18221818.000000,0.000000,graded_attempt,sources/llr40v10-qwen38-c/fuse_stencil_through_transient/621383.621383.llr40v10-qwen38-c.n0.p6.w6/candidate_02_submission.txt,888a399ea314fe2fa1f7a600d63ea1d99cf098a76a2e426e7f973bddf86c75b2
llr40v10-qwen38-c,c,fuse_stencil_through_transient,llr40v10-qwen38-c.n0.p6.w6,2,18.093383,466214137.000000,24670131.000000,0.000000,graded_attempt,sources/llr40v10-qwen38-c/fuse_stencil_through_transient/621016.621016.llr40v10-qwen38-c.n0.p6.w6/candidate_02_submission.txt,8dd799fdca774d18fff429fae57ea0262d4ee150e4743d07135b13562576e5aa
llr40v10-qwen38-c,c,fuse_stencil_through_transient,llr40v10-qwen38-c.n0.p6.w6,1,7.537701,137809489.000000,18184769.000000,0.000000,graded_attempt,sources/llr40v10-qwen38-c/fuse_stencil_through_transient/621727.621727.llr40v10-qwen38-c.n0.p6.w6/candidate_01_submission.txt,508c5cf43c15092e73a8d950bc5084488e5792da216a7e6d94a47ba9418b9c0a
llr40v10-qwen38-c,c,fuse_stencil_through_transient,llr40v10-qwen38-c.n0.p6.w6,1,7.030549,121952843.000000,18299124.000000,0.000000,graded_attempt,sources/llr40v10-qwen38-c/fuse_stencil_through_transient/622265.622265.llr40v10-qwen38-c.n0.p6.w6/candidate_01_submission.txt,0fc584bf4c730b136b240bdbeffc9291aa4ced362dcf421d952c934297c400b4
llr40v10-qwen38-c,c,fuse_stencil_through_transient,llr40v10-qwen38-c.n0.p6.w6,1,4.274847,524438620.000000,116183526.000000,0.000000,graded_attempt,sources/llr40v10-qwen38-c/fuse_stencil_through_transient/621016.621016.llr40v10-qwen38-c.n0.p6.w6/candidate_01_submission.txt,b26b46359590ea7c5145afeb5d79aff9035ab96dcaa0d6614c93f8e05b7be106
llr40v10-qwen38-fortran,fortran,fuse_stencil_through_transient,llr40v10-qwen38-fortran.n0.p6.w6,1,24.387146,450809457.000000,18247485.000000,0.000000,graded_attempt,sources/llr40v10-qwen38-fortran/fuse_stencil_through_transient/621020.621020.llr40v10-qwen38-fortran.n0.p6.w6/candidate_01_submission.txt,43e53a4aaa7c41b325d6923de03b256935d4d736e12ae0552bacccb1ca8ee83b
llr40v10-qwen38-fortran,fortran,fuse_stencil_through_transient,llr40v10-qwen38-fortran.n0.p6.w6,1,23.906623,467677210.000000,19320937.000000,0.000000,graded_attempt,sources/llr40v10-qwen38-fortran/fuse_stencil_through_transient/621385.621385.llr40v10-qwen38-fortran.n0.p6.w6/candidate_01_submission.txt,47d70355e593dc6a9c0b129aa104fca42f51471733eb283f369f6d3a3fce7d0b
llr40v10-kimi27sglang-c,c,quasi_affine_reduce_odd,llr40v10-kimi27sglang-c.n0.p7.w7,2,10.363891,183045280.000000,17500306.000000,0.000000,graded_attempt,sources/llr40v10-kimi27sglang-c/quasi_affine_reduce_odd/621729.621729.llr40v10-kimi27sglang-c.n0.p7.w7/candidate_02_submission.txt,6c4c03f974f776cca8fa23b2f318fe7b96ae1ab0a021bfc56fb0c31a195813ee
llr40v10-kimi27sglang-c,c,quasi_affine_reduce_odd,llr40v10-kimi27sglang-c.n0.p7.w7,3,10.363891,183045280.000000,17492379.000000,0.000000,graded_attempt,sources/llr40v10-kimi27sglang-c/quasi_affine_reduce_odd/621729.621729.llr40v10-kimi27sglang-c.n0.p7.w7/candidate_03_submission.txt,116dddd744243352dccc83c858dc8c5c9b1f52ac3b03ef97fb8e1bf22cab7897
llr40v10-kimi27sglang-c,c,quasi_affine_reduce_odd,llr40v10-kimi27sglang-c.n0.p7.w7,3,10.261278,182673914.000000,17503189.000000,0.000000,graded_attempt,sources/llr40v10-kimi27sglang-c/quasi_affine_reduce_odd/621017.621017.llr40v10-kimi27sglang-c.n0.p7.w7/candidate_02_submission.txt,d0cb02826848a2908985ed54e66b058c091e94b84c43243a5f4c8fb952a09c24
llr40v10-kimi27sglang-c,c,quasi_affine_reduce_odd,llr40v10-kimi27sglang-c.n0.p7.w7,4,10.261278,182867735.000000,17538211.000000,0.000000,graded_attempt,sources/llr40v10-kimi27sglang-c/quasi_affine_reduce_odd/621017.621017.llr40v10-kimi27sglang-c.n0.p7.w7/candidate_02_submission.txt,d0cb02826848a2908985ed54e66b058c091e94b84c43243a5f4c8fb952a09c24
llr40v10-kimi27sglang-c,c,quasi_affine_reduce_odd,llr40v10-kimi27sglang-c.n0.p7.w7,5,10.261278,183442880.000000,17530790.000000,0.000000,graded_attempt,sources/llr40v10-kimi27sglang-c/quasi_affine_reduce_odd/621017.621017.llr40v10-kimi27sglang-c.n0.p7.w7/candidate_05_submission.txt,52d3f252a0db80d5d3aa866bd9adc752210401ac774d8bd679eec7cfa7438ad8
llr40v10-kimi27sglang-c,c,quasi_affine_reduce_odd,llr40v10-kimi27sglang-c.n0.p7.w7,6,10.261278,182819605.000000,17534118.000000,0.000000,graded_attempt,sources/llr40v10-kimi27sglang-c/quasi_affine_reduce_odd/621017.621017.llr40v10-kimi27sglang-c.n0.p7.w7/candidate_06_submission.txt,87eb3fe26656ec896d7038150bbb219728307f0f40934db51c97d8238a9a84e7
llr40v10-kimi27sglang-c,c,quasi_affine_reduce_odd,llr40v10-kimi27sglang-c.n0.p7.w7,2,10.159681,182367138.000000,17551017.000000,0.000000,graded_attempt,sources/llr40v10-kimi27sglang-c/quasi_affine_reduce_odd/621017.621017.llr40v10-kimi27sglang-c.n0.p7.w7/candidate_02_submission.txt,d0cb02826848a2908985ed54e66b058c091e94b84c43243a5f4c8fb952a09c24
llr40v10-kimi27sglang-c,c,quasi_affine_reduce_odd,llr40v10-kimi27sglang-c.n0.p7.w7,1,10.159681,183045280.000000,17526202.000000,0.000000,graded_attempt,sources/llr40v10-kimi27sglang-c/quasi_affine_reduce_odd/621729.621729.llr40v10-kimi27sglang-c.n0.p7.w7/candidate_01_submission.txt,ec76986c781263bdd68edc89ea344c17ccbd16201f721f97644d310ef5326cf5
llr40v10-kimi27sglang-c,c,quasi_affine_reduce_odd,llr40v10-kimi27sglang-c.n0.p7.w7,1,2.283884,182693825.000000,79562586.000000,0.000000,graded_attempt,sources/llr40v10-kimi27sglang-c/quasi_affine_reduce_odd/621017.621017.llr40v10-kimi27sglang-c.n0.p7.w7/candidate_01_submission.txt,e1d3597d78a5ab46b24128e9eaffde11ec00cfcd4f911c76c23743881a19a61c
llr40v10-kimi27sglang-fortran,fortran,quasi_affine_reduce_odd,llr40v10-kimi27sglang-fortran.n0.p7.w7,1,10.363891,183484067.000000,17465615.000000,0.000000,graded_attempt,sources/llr40v10-kimi27sglang-fortran/quasi_affine_reduce_odd/621731.621731.llr40v10-kimi27sglang-fortran.n0.p7.w7/candidate_01_submission.txt,f17b4834899e95ea966d4c9cb273e9c22f802374f614b0445fa4819dab586ed9
llr40v10-kimi27sglang-fortran,fortran,quasi_affine_reduce_odd,llr40v10-kimi27sglang-fortran.n0.p7.w7,1,10.261278,182642618.000000,17459875.000000,0.000000,graded_attempt,sources/llr40v10-kimi27sglang-fortran/quasi_affine_reduce_odd/621021.621021.llr40v10-kimi27sglang-fortran.n0.p7.w7/candidate_01_submission.txt,a12bc234c7b8c3bac8e9f8e3038337b898b693d863c8b779092dd6fad81a8ddd
llr40v10-oss120b-c,c,quasi_affine_reduce_odd,llr40v10-oss120b-c.n0.p7.w7,1,10.059091,182921977.000000,17577494.000000,0.000000,graded_attempt,sources/llr40v10-oss120b-c/quasi_affine_reduce_odd/621382.621382.llr40v10-oss120b-c.n0.p7.w7/candidate_01_submission.txt,2acf062eafc1d4851050079e8e6cedb27b5b3f28a99ac7d44244f63e3b2b653f
llr40v10-oss120b-c,c,quasi_affine_reduce_odd,llr40v10-oss120b-c.n0.p7.w7,1,1.295256,184332996.000000,140894804.000000,0.000000,graded_attempt,sources/llr40v10-oss120b-c/quasi_affine_reduce_odd/621015.621015.llr40v10-oss120b-c.n0.p7.w7/candidate_01_submission.txt,7e6abbf361b467ee9386f84b0887781b4bf544fe701d4075ec59f6efdec575b1
llr40v10-oss120b-fortran,fortran,quasi_affine_reduce_odd,llr40v10-oss120b-fortran.n0.p7.w7,1,10.261278,183520456.000000,17612663.000000,0.000000,graded_attempt,sources/llr40v10-oss120b-fortran/quasi_affine_reduce_odd/621019.621019.llr40v10-oss120b-fortran.n0.p7.w7/candidate_01_submission.txt,4006ec5d10b7e95d4ca8a394c6eea00a91fa355a7c9c9c2a6909aad17aeb4f50
llr40v10-oss120b-fortran,fortran,quasi_affine_reduce_odd,llr40v10-oss120b-fortran.n0.p7.w7,1,10.261278,182520429.000000,17509752.000000,0.000000,graded_attempt,sources/llr40v10-oss120b-fortran/quasi_affine_reduce_odd/621384.621384.llr40v10-oss120b-fortran.n0.p7.w7/candidate_01_submission.txt,5e15efc53665e1541c5fa58b63216e2711c84e0b18fff3141a4c4ac4343a3526
llr40v10-qwen38-c,c,quasi_affine_reduce_odd,llr40v10-qwen38-c.n0.p7.w7,1,10.159681,183913746.000000,17629279.000000,0.000000,graded_attempt,sources/llr40v10-qwen38-c/quasi_affine_reduce_odd/622265.622265.llr40v10-qwen38-c.n0.p7.w7/candidate_01_submission.txt,d75e063f839152edc1349766df928d191973761851237bc690e4889cbb31b204
llr40v10-qwen38-fortran,fortran,quasi_affine_reduce_odd,llr40v10-qwen38-fortran.n0.p7.w7,1,10.363891,183645362.000000,17405217.000000,0.000000,graded_attempt,sources/llr40v10-qwen38-fortran/quasi_affine_reduce_odd/621728.621728.llr40v10-qwen38-fortran.n0.p7.w7/candidate_01_submission.txt,fb86640f50a897ed824091ae38ffa7d2b17e06d8176bb11699a481e57e96fde3
llr40v10-qwen38-fortran,fortran,quasi_affine_reduce_odd,llr40v10-qwen38-fortran.n0.p7.w7,1,10.159681,184863399.000000,17645641.000000,0.000000,graded_attempt,sources/llr40v10-qwen38-fortran/quasi_affine_reduce_odd/622266.622266.llr40v10-qwen38-fortran.n0.p7.w7/candidate_01_submission.txt,cc9acf6d1f47e0965836a502a04018688e2965e3203128682b13df5b8cbfbe1c
llr40v10-kimi27sglang-c,c,scan_affine_decay,llr40v10-kimi27sglang-c.n0.p8.w8,1,4.913826,162698126.000000,31667993.000000,0.000000,graded_attempt,sources/llr40v10-kimi27sglang-c/scan_affine_decay/621017.621017.llr40v10-kimi27sglang-c.n0.p8.w8/candidate_01_submission.txt,be6623dca15163dee6a27e55a65bbffa8ef2ea227e49caec527a2afec76b680c
llr40v10-oss120b-c,c,scan_affine_decay,llr40v10-oss120b-c.n0.p8.w8,1,1.000000,163591783.000000,162468436.000000,0.000000,graded_attempt,sources/llr40v10-oss120b-c/scan_affine_decay/621382.621382.llr40v10-oss120b-c.n0.p8.w8/candidate_01_submission.txt,ddf32c5fdb55742c7c0bb78b23d78a7238fbf1b0695570eb9baa0123d5e253ff
llr40v10-oss120b-fortran,fortran,scan_affine_decay,llr40v10-oss120b-fortran.n0.p8.w8,1,5.012594,162503097.000000,30471880.000000,0.000000,graded_attempt,sources/llr40v10-oss120b-fortran/scan_affine_decay/621384.621384.llr40v10-oss120b-fortran.n0.p8.w8/candidate_01_submission.txt,07e659ccde227b7af60c154065ce46525f4ba56d80cafe9323cf6e4c124580c5
llr40v10-qwen38-c,c,scan_affine_decay,llr40v10-qwen38-c.n0.p8.w8,2,8.243872,243854201.000000,27800394.000000,0.000000,graded_attempt,sources/llr40v10-qwen38-c/scan_affine_decay/621727.621727.llr40v10-qwen38-c.n0.p8.w8/candidate_02_submission.txt,7764c69a6bf0b57246b043ab8d80803fbd068467d5a7c4a0d966e56b82d45da3
llr40v10-qwen38-c,c,scan_affine_decay,llr40v10-qwen38-c.n0.p8.w8,1,7.389178,243854201.000000,30888665.000000,0.000000,graded_attempt,sources/llr40v10-qwen38-c/scan_affine_decay/621727.621727.llr40v10-qwen38-c.n0.p8.w8/candidate_01_submission.txt,2d48dcdc13032613951f4cbd9c8345062b75104ad1322a2b1f3c374f81556f6e
llr40v10-qwen38-c,c,scan_affine_decay,llr40v10-qwen38-c.n0.p8.w8,1,1.000000,162700928.000000,162678409.000000,0.000000,graded_attempt,sources/llr40v10-qwen38-c/scan_affine_decay/621383.621383.llr40v10-qwen38-c.n0.p8.w8/candidate_01_submission.txt,b88bc26453d91304cd1826a3fe2d271b1f6b0959467807ffedc01474caac5801
llr40v9-kimi27sglang-c,c,scan_affine_decay,llr40v9-kimi27sglang-c.n0.p2.w2,6,6.557520,162415655.000000,23322256.000000,0.000000,graded_attempt,sources/llr40v9-kimi27sglang-c/scan_affine_decay/618223.618223.llr40v9-kimi27sglang-c.n0.p2.w2/candidate_06_submission.txt,0ab95260daee4ba9f859df4f836241f1ad7ba8887fef2121be581dc66ca2d62a
llr40v9-kimi27sglang-c,c,scan_affine_decay,llr40v9-kimi27sglang-c.n0.p2.w2,5,6.428311,162401159.000000,23793560.000000,0.000000,graded_attempt,sources/llr40v9-kimi27sglang-c/scan_affine_decay/618223.618223.llr40v9-kimi27sglang-c.n0.p2.w2/candidate_05_submission.txt,ff43046cb61b5f4e40787fa5730748f152a548ce905bbc8b52e6dadee3284690
llr40v9-kimi27sglang-c,c,scan_affine_decay,llr40v9-kimi27sglang-c.n0.p2.w2,3,6.116318,162447724.000000,25110859.000000,0.000000,graded_attempt,sources/llr40v9-kimi27sglang-c/scan_affine_decay/618223.618223.llr40v9-kimi27sglang-c.n0.p2.w2/candidate_03_submission.txt,ca0498d771df2b5687cffc90ce2708ed0390f6e3450341cfc955ffa5ccbfbe96
llr40v9-kimi27sglang-c,c,scan_affine_decay,llr40v9-kimi27sglang-c.n0.p2.w2,2,5.995802,162376407.000000,25285925.000000,0.000000,graded_attempt,sources/llr40v9-kimi27sglang-c/scan_affine_decay/618223.618223.llr40v9-kimi27sglang-c.n0.p2.w2/candidate_02_submission.txt,648b591b53acabac055bdb0decceb79ef07caaacffc0a026024816d1827e4386
llr40v9-kimi27sglang-c,c,scan_affine_decay,llr40v9-kimi27sglang-c.n0.p2.w2,4,5.995802,162441546.000000,25010131.000000,0.000000,graded_attempt,sources/llr40v9-kimi27sglang-c/scan_affine_decay/618223.618223.llr40v9-kimi27sglang-c.n0.p2.w2/candidate_04_submission.txt,ae5edde2a05ec4f58e4d761268f4310ea59bcf35e301302006ee2e7d5a8dea6a
llr40v9-kimi27sglang-c,c,scan_affine_decay,llr40v9-kimi27sglang-c.n0.p2.w2,2,5.482201,163101789.000000,28898423.000000,0.000000,graded_attempt,sources/llr40v9-kimi27sglang-c/scan_affine_decay/619185.619185.llr40v9-kimi27sglang-c.n0.p2.w2/candidate_02_submission.txt,7fc166e3e8dd0143c1018b5b9f756599440ee958ff76fbe53d2a718d47231a95
llr40v9-kimi27sglang-c,c,scan_affine_decay,llr40v9-kimi27sglang-c.n0.p2.w2,1,5.012594,162366307.000000,30553852.000000,0.000000,graded_attempt,sources/llr40v9-kimi27sglang-c/scan_affine_decay/618223.618223.llr40v9-kimi27sglang-c.n0.p2.w2/candidate_01_submission.txt,77a404758326bb96a45aec0218630c06be99846ec312e07b1129b386f2a7c7c8
llr40v9-kimi27sglang-c,c,scan_affine_decay,llr40v9-kimi27sglang-c.n0.p2.w2,1,4.962965,162579405.000000,30739725.000000,0.000000,graded_attempt,sources/llr40v9-kimi27sglang-c/scan_affine_decay/619185.619185.llr40v9-kimi27sglang-c.n0.p2.w2/candidate_01_submission.txt,84816525a39c84a1312fec4871082ab30dfa991f0f284fd9ba5489c5e925943d
llr40v9-kimi27sglang-c-skills,c,scan_affine_decay,llr40v9-kimi27sglang-c-skills.n0.p2.w2,3,5.113347,163721487.000000,30356575.000000,0.000000,graded_attempt,sources/llr40v9-kimi27sglang-c-skills/scan_affine_decay/618232.618232.llr40v9-kimi27sglang-c-skills.n0.p2.w2/candidate_03_submission.txt,582e339328d185ed67304c91f1e10707108af867661de9693a37816b28568a71
llr40v9-kimi27sglang-c-skills,c,scan_affine_decay,llr40v9-kimi27sglang-c-skills.n0.p2.w2,4,5.062720,163331076.000000,30445755.000000,0.000000,graded_attempt,sources/llr40v9-kimi27sglang-c-skills/scan_affine_decay/618232.618232.llr40v9-kimi27sglang-c-skills.n0.p2.w2/candidate_04_submission.txt,9269657191f7ef6dfb9efc69f633f045fa0ea4f48a8002a8271ddc1603d48114
llr40v9-kimi27sglang-c-skills,c,scan_affine_decay,llr40v9-kimi27sglang-c-skills.n0.p2.w2,2,4.962965,162674412.000000,30553516.000000,0.000000,graded_attempt,sources/llr40v9-kimi27sglang-c-skills/scan_affine_decay/618232.618232.llr40v9-kimi27sglang-c-skills.n0.p2.w2/candidate_02_submission.txt,e368cd5ab41eaec88813f9e4be933127b470950611c487b7198e72eb40c39b47
llr40v9-kimi27sglang-c-skills,c,scan_affine_decay,llr40v9-kimi27sglang-c-skills.n0.p2.w2,1,4.913826,164049359.000000,31213031.000000,0.000000,graded_attempt,sources/llr40v9-kimi27sglang-c-skills/scan_affine_decay/618232.618232.llr40v9-kimi27sglang-c-skills.n0.p2.w2/candidate_01_submission.txt,d80d94b7b2bff2eb4de28a46803f565b706161408b931b61d87063201608f9c8
llr40v9-kimi27sglang-fortran,fortran,scan_affine_decay,llr40v9-kimi27sglang-fortran.n0.p2.w2,3,5.374180,163682266.000000,29937578.000000,0.000000,graded_attempt,sources/llr40v9-kimi27sglang-fortran/scan_affine_decay/619186.619186.llr40v9-kimi27sglang-fortran.n0.p2.w2/candidate_03_submission.txt,33426b6598d905d97fda373f35bda701be7206e67b4376400bae7492a3c39cce
llr40v9-kimi27sglang-fortran,fortran,scan_affine_decay,llr40v9-kimi27sglang-fortran.n0.p2.w2,1,5.320970,163357369.000000,30020755.000000,0.000000,graded_attempt,sources/llr40v9-kimi27sglang-fortran/scan_affine_decay/619186.619186.llr40v9-kimi27sglang-fortran.n0.p2.w2/candidate_01_submission.txt,33b4c3cdae694ec90f057405c68da6a4f1230a2014b6a54f1830616ff63f8c5e
llr40v9-kimi27sglang-fortran,fortran,scan_affine_decay,llr40v9-kimi27sglang-fortran.n0.p2.w2,2,5.320970,163045289.000000,30073717.000000,0.000000,graded_attempt,sources/llr40v9-kimi27sglang-fortran/scan_affine_decay/619186.619186.llr40v9-kimi27sglang-fortran.n0.p2.w2/candidate_02_submission.txt,f8c2e1f71f4b1e50d6fda1cda1fe789d4985911455a0129c5a7c292f6b2bcf06
llr40v9-kimi27sglang-fortran,fortran,scan_affine_decay,llr40v9-kimi27sglang-fortran.n0.p2.w2,4,5.320970,162721476.000000,29923868.000000,0.000000,graded_attempt,sources/llr40v9-kimi27sglang-fortran/scan_affine_decay/619186.619186.llr40v9-kimi27sglang-fortran.n0.p2.w2/candidate_03_submission.txt,33426b6598d905d97fda373f35bda701be7206e67b4376400bae7492a3c39cce
llr40v9-kimi27sglang-fortran,fortran,scan_affine_decay,llr40v9-kimi27sglang-fortran.n0.p2.w2,2,5.012594,162374861.000000,30536280.000000,0.000000,graded_attempt,sources/llr40v9-kimi27sglang-fortran/scan_affine_decay/618225.618225.llr40v9-kimi27sglang-fortran.n0.p2.w2/candidate_02_submission.txt,f26eaf3074ee940a7f96530cfbfa266865d099629620eb7d2ceccc3ef731a68d
llr40v9-kimi27sglang-fortran,fortran,scan_affine_decay,llr40v9-kimi27sglang-fortran.n0.p2.w2,3,4.962965,162692403.000000,30002955.000000,0.000000,graded_attempt,sources/llr40v9-kimi27sglang-fortran/scan_affine_decay/618225.618225.llr40v9-kimi27sglang-fortran.n0.p2.w2/candidate_03_submission.txt,c10dc1ce96b3fd892aacb3b0276f5040869b37c2166136245a68c13075c247f7
llr40v9-kimi27sglang-fortran,fortran,scan_affine_decay,llr40v9-kimi27sglang-fortran.n0.p2.w2,1,1.000000,162815515.000000,162143754.000000,0.000000,graded_attempt,sources/llr40v9-kimi27sglang-fortran/scan_affine_decay/618225.618225.llr40v9-kimi27sglang-fortran.n0.p2.w2/candidate_01_submission.txt,9b45c32b1f559165bf9246282131bd32c4ca7c2fd2562359f03c2548bfd200c3
llr40v9-kimi27sglang-fortran-skills,fortran,scan_affine_decay,llr40v9-kimi27sglang-fortran-skills.n0.p2.w2,2,5.537023,162593972.000000,29116607.000000,0.000000,graded_attempt,sources/llr40v9-kimi27sglang-fortran-skills/scan_affine_decay/618234.618234.llr40v9-kimi27sglang-fortran-skills.n0.p2.w2/candidate_02_submission.txt,9bdf9b29d8c34cd8e7104a523efe134e9fd849eeeabebe94afdb5778b97aecb1
llr40v9-kimi27sglang-fortran-skills,fortran,scan_affine_decay,llr40v9-kimi27sglang-fortran-skills.n0.p2.w2,3,5.537023,162953346.000000,29054325.000000,0.000000,graded_attempt,sources/llr40v9-kimi27sglang-fortran-skills/scan_affine_decay/618234.618234.llr40v9-kimi27sglang-fortran-skills.n0.p2.w2/candidate_03_submission.txt,1aa101fcfe88f73cd7c1f7cb1178398d46b15f2320ab9f0c4c81eef2f98a936f
llr40v9-kimi27sglang-fortran-skills,fortran,scan_affine_decay,llr40v9-kimi27sglang-fortran-skills.n0.p2.w2,4,5.537023,162940564.000000,29134775.000000,0.000000,graded_attempt,sources/llr40v9-kimi27sglang-fortran-skills/scan_affine_decay/618234.618234.llr40v9-kimi27sglang-fortran-skills.n0.p2.w2/candidate_04_submission.txt,01685fdd7259e760ff176e0fccc0d4d96d5e9be1a105978e1501fc44749958ad
llr40v9-kimi27sglang-fortran-skills,fortran,scan_affine_decay,llr40v9-kimi27sglang-fortran-skills.n0.p2.w2,5,5.537023,162196455.000000,28929084.000000,0.000000,graded_attempt,sources/llr40v9-kimi27sglang-fortran-skills/scan_affine_decay/618234.618234.llr40v9-kimi27sglang-fortran-skills.n0.p2.w2/candidate_05_submission.txt,3a5f62bbad02b0759cbd1f8ae9c135864f69009937fe8b6d661922ab8b262238
llr40v9-kimi27sglang-fortran-skills,fortran,scan_affine_decay,llr40v9-kimi27sglang-fortran-skills.n0.p2.w2,6,5.537023,162426021.000000,28993714.000000,0.000000,graded_attempt,sources/llr40v9-kimi27sglang-fortran-skills/scan_affine_decay/618234.618234.llr40v9-kimi27sglang-fortran-skills.n0.p2.w2/candidate_06_submission.txt,315df390420b8dd78782d3c94cab1179ee0abe79e675ad71dedd75d03b66ce57
llr40v9-kimi27sglang-fortran-skills,fortran,scan_affine_decay,llr40v9-kimi27sglang-fortran-skills.n0.p2.w2,1,5.374180,164001105.000000,29831612.000000,0.000000,graded_attempt,sources/llr40v9-kimi27sglang-fortran-skills/scan_affine_decay/618234.618234.llr40v9-kimi27sglang-fortran-skills.n0.p2.w2/candidate_01_submission.txt,0aa9f5647c4a3a984433af607bb6986d71b30e0aed8c5fd920ba8706c6b9229d
llr40v9-oss120b-c,c,scan_affine_decay,llr40v9-oss120b-c.n0.p2.w2,1,5.592393,162884854.000000,28951532.000000,0.000000,graded_attempt,sources/llr40v9-oss120b-c/scan_affine_decay/618220.618220.llr40v9-oss120b-c.n0.p2.w2/candidate_01_submission.txt,cdf84fd290e552e73dbd79debe5e5c0817c06b4c9c04afcc015532f59e730b7d
llr40v9-oss120b-cpp,cpp,scan_affine_decay,llr40v9-oss120b-cpp.n0.p2.w2,1,5.012594,162530952.000000,30249272.000000,0.000000,graded_attempt,sources/llr40v9-oss120b-cpp/scan_affine_decay/618221.618221.llr40v9-oss120b-cpp.n0.p2.w2/candidate_01_submission.txt,9c8943f9f596201a9decbc4283d3e30e625dc26921948ee351cdf4abe447d16e
llr40v9-oss120b-fortran,fortran,scan_affine_decay,llr40v9-oss120b-fortran.n0.p2.w2,1,1.000000,163671306.000000,164157064.000000,0.000000,graded_attempt,sources/llr40v9-oss120b-fortran/scan_affine_decay/618222.618222.llr40v9-oss120b-fortran.n0.p2.w2/candidate_01_submission.txt,bba6736f15d1dbf5c054ff91f562643261543f5bd5af560c42bbf9b4397b9c8d
llr40v9-qwen38-c,c,scan_affine_decay,llr40v9-qwen38-c.n0.p2.w2,3,6.557520,162581878.000000,24361610.000000,0.000000,graded_attempt,sources/llr40v9-qwen38-c/scan_affine_decay/618217.618217.llr40v9-qwen38-c.n0.p2.w2/candidate_03_submission.txt,61a18539f2bd2bc8c1319151e517572a489b2f37c7b62f099d2c610a7f89bd2a
llr40v9-qwen38-c,c,scan_affine_decay,llr40v9-qwen38-c.n0.p2.w2,2,6.428311,162474366.000000,24617734.000000,0.000000,graded_attempt,sources/llr40v9-qwen38-c/scan_affine_decay/618217.618217.llr40v9-qwen38-c.n0.p2.w2/candidate_02_submission.txt,c5e8d2198f342c5d43e908b14f7b11b7ad364f1a7a3ab45eaa4871983f1630ca
llr40v9-qwen38-c,c,scan_affine_decay,llr40v9-qwen38-c.n0.p2.w2,1,5.427921,162464475.000000,29468917.000000,0.000000,graded_attempt,sources/llr40v9-qwen38-c/scan_affine_decay/618217.618217.llr40v9-qwen38-c.n0.p2.w2/candidate_01_submission.txt,7cc0712b01f886d04ad8cbfdc9124242cf2ef2480c6a929820af674b6cba8ed2
llr40v9-qwen38-c,c,scan_affine_decay,llr40v9-qwen38-c.n0.p2.w2,2,5.012594,162565019.000000,29936366.000000,0.000000,graded_attempt,sources/llr40v9-qwen38-c/scan_affine_decay/619183.619183.llr40v9-qwen38-c.n0.p2.w2/candidate_01_submission.txt,cc0880da8820f07474f913d13275656a8cdb7c19ea1cb06b2d7f8abe55d58b3f
llr40v9-qwen38-c,c,scan_affine_decay,llr40v9-qwen38-c.n0.p2.w2,1,4.962965,163084282.000000,30310399.000000,0.000000,graded_attempt,sources/llr40v9-qwen38-c/scan_affine_decay/619183.619183.llr40v9-qwen38-c.n0.p2.w2/candidate_01_submission.txt,cc0880da8820f07474f913d13275656a8cdb7c19ea1cb06b2d7f8abe55d58b3f
llr40v9-qwen38-fortran,fortran,scan_affine_decay,llr40v9-qwen38-fortran.n0.p2.w2,1,5.012594,162315448.000000,30886124.000000,0.000000,graded_attempt,sources/llr40v9-qwen38-fortran/scan_affine_decay/618219.618219.llr40v9-qwen38-fortran.n0.p2.w2/candidate_01_submission.txt,4e25ff317c2d7ad6c015e5a4d94b8afa96ff79e949e56576003aa6e97604f8f2
llr40v9-qwen38-fortran,fortran,scan_affine_decay,llr40v9-qwen38-fortran.n0.p2.w2,1,1.000000,163970839.000000,163989492.000000,0.000000,graded_attempt,sources/llr40v9-qwen38-fortran/scan_affine_decay/619184.619184.llr40v9-qwen38-fortran.n0.p2.w2/candidate_01_submission.txt,a146b1d746c3a25e70aa11de548778134d918c72c0d62bbccdbd6fb68a0a83a2
llr40v9-qwen38-fortran-skills,fortran,scan_affine_decay,llr40v9-qwen38-fortran-skills.n0.p2.w2,3,9.016201,162368126.000000,17471876.000000,0.000000,graded_attempt,sources/llr40v9-qwen38-fortran-skills/scan_affine_decay/618228.618228.llr40v9-qwen38-fortran-skills.n0.p2.w2/candidate_03_submission.txt,ba7184b3230daf701f69953c338bdfded9221a8e0c8babcb7a12abd409c31d12
llr40v9-qwen38-fortran-skills,fortran,scan_affine_decay,llr40v9-qwen38-fortran-skills.n0.p2.w2,2,5.012594,162196155.000000,30612165.000000,0.000000,graded_attempt,sources/llr40v9-qwen38-fortran-skills/scan_affine_decay/618228.618228.llr40v9-qwen38-fortran-skills.n0.p2.w2/candidate_02_submission.txt,79ceadfe9d79621dd44648501c467ae5e93d7da78d23c642bc44f7abc1fd5a94
llr40v9-qwen38-fortran-skills,fortran,scan_affine_decay,llr40v9-qwen38-fortran-skills.n0.p2.w2,1,1.000000,162252055.000000,162629957.000000,0.000000,graded_attempt,sources/llr40v9-qwen38-fortran-skills/scan_affine_decay/618228.618228.llr40v9-qwen38-fortran-skills.n0.p2.w2/candidate_01_submission.txt,7ee2fa7621d463e6999c753c4b8fc9da48d404927e7c1eb0129baa5c8565690b
llr40v10-kimi27sglang-c,c,scatter_accum_dup,llr40v10-kimi27sglang-c.n0.p9.w9,3,22.973795,958871322.000000,41093182.000000,0.000000,graded_attempt,sources/llr40v10-kimi27sglang-c/scatter_accum_dup/621017.621017.llr40v10-kimi27sglang-c.n0.p9.w9/candidate_03_submission.txt,6bbaaa7607f2b8f977cf110490fb8b033e48be43e5366c0461ed067b77902e6b
llr40v10-kimi27sglang-c,c,scatter_accum_dup,llr40v10-kimi27sglang-c.n0.p9.w9,2,15.430422,911500278.000000,58083597.000000,0.000000,graded_attempt,sources/llr40v10-kimi27sglang-c/scatter_accum_dup/621017.621017.llr40v10-kimi27sglang-c.n0.p9.w9/candidate_02_submission.txt,4ee09ebdd23a20b7621c59cd318f4b73213df57aeaff7f5290ef9451c401ffd6
llr40v10-kimi27sglang-c,c,scatter_accum_dup,llr40v10-kimi27sglang-c.n0.p9.w9,1,11.111494,944971967.000000,83756868.000000,0.000000,graded_attempt,sources/llr40v10-kimi27sglang-c/scatter_accum_dup/621017.621017.llr40v10-kimi27sglang-c.n0.p9.w9/candidate_01_submission.txt,136f983e0571d7ca831feddd9077841aca5321b7da4d4c0d0aad3b48e6980565
llr40v10-kimi27sglang-c,c,scatter_accum_dup,llr40v10-kimi27sglang-c.n0.p9.w9,1,10.467530,813042349.000000,76230788.000000,0.000000,graded_attempt,sources/llr40v10-kimi27sglang-c/scatter_accum_dup/621729.621729.llr40v10-kimi27sglang-c.n0.p9.w9/candidate_01_submission.txt,734804ff87e5cf5a9f760aa61cb9541da4b2b44782ade2b799a4304d965bc6de
llr40v10-oss120b-c,c,scatter_accum_dup,llr40v10-oss120b-c.n0.p9.w9,1,10.677927,966353502.000000,89474944.000000,0.000000,graded_attempt,sources/llr40v10-oss120b-c/scatter_accum_dup/621015.621015.llr40v10-oss120b-c.n0.p9.w9/candidate_01_submission.txt,6efeae1dcc96261b250528ee008b5ec3a1f08cf0b738adfab7ffc41bc3edb02c
llr40v10-oss120b-c,c,scatter_accum_dup,llr40v10-oss120b-c.n0.p9.w9,1,8.409574,785778434.000000,78230183.000000,0.000000,graded_attempt,sources/llr40v10-oss120b-c/scatter_accum_dup/621382.621382.llr40v10-oss120b-c.n0.p9.w9/candidate_01_submission.txt,074ea258ae032b43ad91c05d5e167f2b10e9b580c60fbf7a2c07f7af88717779
llr40v10-qwen38-c,c,scatter_accum_dup,llr40v10-qwen38-c.n0.p9.w9,5,17.736872,759622829.000000,42525183.000000,0.000000,graded_attempt,sources/llr40v10-qwen38-c/scatter_accum_dup/621727.621727.llr40v10-qwen38-c.n0.p9.w9/candidate_05_submission.txt,420c4bdf8babe5c90f4ab9dcacbd4ae1a7c2085eef0037e8b1c6dbb7691a2d68
llr40v10-qwen38-c,c,scatter_accum_dup,llr40v10-qwen38-c.n0.p9.w9,6,17.736872,759622829.000000,41895620.000000,0.000000,graded_attempt,sources/llr40v10-qwen38-c/scatter_accum_dup/621727.621727.llr40v10-qwen38-c.n0.p9.w9/candidate_06_submission.txt,49f098e2c1cde4cdfc1aec4b035f70da99dfcdca3fcfa9139d78a84c4b0ccf94
llr40v10-qwen38-c,c,scatter_accum_dup,llr40v10-qwen38-c.n0.p9.w9,4,17.561259,759622829.000000,42964397.000000,0.000000,graded_attempt,sources/llr40v10-qwen38-c/scatter_accum_dup/621727.621727.llr40v10-qwen38-c.n0.p9.w9/candidate_04_submission.txt,e518a0dc50b1fd60b2b22e8a12bf19f2f5dd385a13581a69624cc4963c78adde
llr40v10-qwen38-c,c,scatter_accum_dup,llr40v10-qwen38-c.n0.p9.w9,2,15.897979,759622829.000000,47133904.000000,0.000000,graded_attempt,sources/llr40v10-qwen38-c/scatter_accum_dup/621727.621727.llr40v10-qwen38-c.n0.p9.w9/candidate_02_submission.txt,c0ec71ddb3f40148d38f3fe92a951edbd613bde773a00c952100695e30be85bc
llr40v10-qwen38-c,c,scatter_accum_dup,llr40v10-qwen38-c.n0.p9.w9,3,15.740573,759622829.000000,46627932.000000,0.000000,graded_attempt,sources/llr40v10-qwen38-c/scatter_accum_dup/621727.621727.llr40v10-qwen38-c.n0.p9.w9/candidate_03_submission.txt,73874afa96d6d8908ce0b4cf79233447a5194d4fc889c12919b5840a10d33e7d
llr40v10-qwen38-c,c,scatter_accum_dup,llr40v10-qwen38-c.n0.p9.w9,1,10.159681,791303323.000000,76560605.000000,0.000000,graded_attempt,sources/llr40v10-qwen38-c/scatter_accum_dup/621016.621016.llr40v10-qwen38-c.n0.p9.w9/candidate_01_submission.txt,7e54834f360ac462934d4c9b2a32eb48eec3096e95638fcb0f5a9182939b4d29
llr40v10-qwen38-c,c,scatter_accum_dup,llr40v10-qwen38-c.n0.p9.w9,1,9.666588,759622829.000000,77518096.000000,0.000000,graded_attempt,sources/llr40v10-qwen38-c/scatter_accum_dup/621727.621727.llr40v10-qwen38-c.n0.p9.w9/candidate_01_submission.txt,f41b2bcabbc2f8b0f6d237db0691cac060396dc92c9cba795a6d724fe68b1fe6
llr40v10-qwen38-fortran,fortran,scatter_accum_dup,llr40v10-qwen38-fortran.n0.p9.w9,1,9.959496,792814549.000000,78152762.000000,0.000000,graded_attempt,sources/llr40v10-qwen38-fortran/scatter_accum_dup/621385.621385.llr40v10-qwen38-fortran.n0.p9.w9/candidate_01_submission.txt,8d045b33e3dc2118f816494f27082db2354c1eaaec421eb353dcae52bdd2171c
llr40v9-kimi27sglang-c,c,scatter_accum_dup,llr40v9-kimi27sglang-c.n0.p3.w3,4,19.016327,835033320.000000,43309121.000000,0.000000,graded_attempt,sources/llr40v9-kimi27sglang-c/scatter_accum_dup/618223.618223.llr40v9-kimi27sglang-c.n0.p3.w3/candidate_04_submission.txt,b586d1ec27a718f3093326c8cce231404461c5bf1fdbadb4d4fddd7b95c037c0
llr40v9-kimi27sglang-c,c,scatter_accum_dup,llr40v9-kimi27sglang-c.n0.p3.w3,2,18.641630,871774014.000000,45687994.000000,0.000000,graded_attempt,sources/llr40v9-kimi27sglang-c/scatter_accum_dup/618223.618223.llr40v9-kimi27sglang-c.n0.p3.w3/candidate_02_submission.txt,42d1dcb001c5417f2dafc10f49957c70e71b64d53b2044840ecedeb989abc8b3
llr40v9-kimi27sglang-c,c,scatter_accum_dup,llr40v9-kimi27sglang-c.n0.p3.w3,3,17.914240,834059590.000000,45743452.000000,0.000000,graded_attempt,sources/llr40v9-kimi27sglang-c/scatter_accum_dup/618223.618223.llr40v9-kimi27sglang-c.n0.p3.w3/candidate_03_submission.txt,7091feef3b9414c1340672c8394551f7e3469d4a9360e5d3348065a7c54a84a7
llr40v9-kimi27sglang-c,c,scatter_accum_dup,llr40v9-kimi27sglang-c.n0.p3.w3,1,10.059091,831482395.000000,81295389.000000,0.000000,graded_attempt,sources/llr40v9-kimi27sglang-c/scatter_accum_dup/618223.618223.llr40v9-kimi27sglang-c.n0.p3.w3/candidate_01_submission.txt,d2d3d3054710a43f284489cd8af2f79db16985e1c3c4d5c73ec9b48a6e782f74
llr40v9-kimi27sglang-c-skills,c,scatter_accum_dup,llr40v9-kimi27sglang-c-skills.n0.p3.w3,4,19.206490,788358855.000000,40397965.000000,0.000000,graded_attempt,sources/llr40v9-kimi27sglang-c-skills/scatter_accum_dup/618232.618232.llr40v9-kimi27sglang-c-skills.n0.p3.w3/candidate_04_submission.txt,b7623100920ae55ac8fbc2773450c6f91deb480dbe009c943eb920f528085487
llr40v9-kimi27sglang-c-skills,c,scatter_accum_dup,llr40v9-kimi27sglang-c-skills.n0.p3.w3,5,18.641630,790230217.000000,41478634.000000,0.000000,graded_attempt,sources/llr40v9-kimi27sglang-c-skills/scatter_accum_dup/618232.618232.llr40v9-kimi27sglang-c-skills.n0.p3.w3/candidate_05_submission.txt,015cc592a899e5fe00f55585fed4132a335aa49d8c3caac840313f79beb4eea1
llr40v9-kimi27sglang-c-skills,c,scatter_accum_dup,llr40v9-kimi27sglang-c-skills.n0.p3.w3,3,18.457060,789515866.000000,42082721.000000,0.000000,graded_attempt,sources/llr40v9-kimi27sglang-c-skills/scatter_accum_dup/618232.618232.llr40v9-kimi27sglang-c-skills.n0.p3.w3/candidate_03_submission.txt,bfc8fcb72973354b0275c74dc6c050f225c939f3874fcb07f49e25b44ae80292
llr40v9-kimi27sglang-c-skills,c,scatter_accum_dup,llr40v9-kimi27sglang-c-skills.n0.p3.w3,2,18.274317,792978357.000000,42039100.000000,0.000000,graded_attempt,sources/llr40v9-kimi27sglang-c-skills/scatter_accum_dup/618232.618232.llr40v9-kimi27sglang-c-skills.n0.p3.w3/candidate_02_submission.txt,acfd48e0d69872e6b6df64fe98fc60c43250e0259160e528e235d19d0a3dc621
llr40v9-kimi27sglang-c-skills,c,scatter_accum_dup,llr40v9-kimi27sglang-c-skills.n0.p3.w3,6,18.274317,757492513.000000,40775648.000000,0.000000,graded_attempt,sources/llr40v9-kimi27sglang-c-skills/scatter_accum_dup/618232.618232.llr40v9-kimi27sglang-c-skills.n0.p3.w3/candidate_04_submission.txt,b7623100920ae55ac8fbc2773450c6f91deb480dbe009c943eb920f528085487
llr40v9-kimi27sglang-c-skills,c,scatter_accum_dup,llr40v9-kimi27sglang-c-skills.n0.p3.w3,7,18.274317,756128100.000000,40550546.000000,0.000000,graded_attempt,sources/llr40v9-kimi27sglang-c-skills/scatter_accum_dup/618232.618232.llr40v9-kimi27sglang-c-skills.n0.p3.w3/candidate_07_submission.txt,46f10a40b0ec33077415794ac6570037d22ba9e35c3607f702286c1976cb96ba
llr40v9-kimi27sglang-c-skills,c,scatter_accum_dup,llr40v9-kimi27sglang-c-skills.n0.p3.w3,1,10.159681,791209293.000000,76662739.000000,0.000000,graded_attempt,sources/llr40v9-kimi27sglang-c-skills/scatter_accum_dup/618232.618232.llr40v9-kimi27sglang-c-skills.n0.p3.w3/candidate_01_submission.txt,4b1dcb790c0492513fb29e9a907cf409f079031942ee6392fd6de1065ae351fa
llr40v9-kimi27sglang-fortran,fortran,scatter_accum_dup,llr40v9-kimi27sglang-fortran.n0.p3.w3,6,11.678292,852756933.000000,71857407.000000,0.000000,graded_attempt,sources/llr40v9-kimi27sglang-fortran/scatter_accum_dup/619186.619186.llr40v9-kimi27sglang-fortran.n0.p3.w3/candidate_06_submission.txt,809630d2dc8cdc015d47d4039208a3910ae84f373383d16f0b241939eb03e603
llr40v9-kimi27sglang-fortran,fortran,scatter_accum_dup,llr40v9-kimi27sglang-fortran.n0.p3.w3,4,11.562665,855827040.000000,73369488.000000,0.000000,graded_attempt,sources/llr40v9-kimi27sglang-fortran/scatter_accum_dup/619186.619186.llr40v9-kimi27sglang-fortran.n0.p3.w3/candidate_03_submission.txt,723e3a8034f8ad3559aae8d1319a6ab0f134de6d52070d84efb0d858740101ca
llr40v9-kimi27sglang-fortran,fortran,scatter_accum_dup,llr40v9-kimi27sglang-fortran.n0.p3.w3,5,11.562665,855641566.000000,73169916.000000,0.000000,graded_attempt,sources/llr40v9-kimi27sglang-fortran/scatter_accum_dup/619186.619186.llr40v9-kimi27sglang-fortran.n0.p3.w3/candidate_05_submission.txt,92a436ca2de80110567bd160d7560274b73065da73e2647af43a9c8a12702e91
llr40v9-kimi27sglang-fortran,fortran,scatter_accum_dup,llr40v9-kimi27sglang-fortran.n0.p3.w3,7,11.222609,826095379.000000,71947809.000000,0.000000,graded_attempt,sources/llr40v9-kimi27sglang-fortran/scatter_accum_dup/619186.619186.llr40v9-kimi27sglang-fortran.n0.p3.w3/candidate_06_submission.txt,809630d2dc8cdc015d47d4039208a3910ae84f373383d16f0b241939eb03e603
llr40v9-kimi27sglang-fortran,fortran,scatter_accum_dup,llr40v9-kimi27sglang-fortran.n0.p3.w3,3,11.001479,821241779.000000,73555679.000000,0.000000,graded_attempt,sources/llr40v9-kimi27sglang-fortran/scatter_accum_dup/619186.619186.llr40v9-kimi27sglang-fortran.n0.p3.w3/candidate_03_submission.txt,723e3a8034f8ad3559aae8d1319a6ab0f134de6d52070d84efb0d858740101ca
llr40v9-kimi27sglang-fortran,fortran,scatter_accum_dup,llr40v9-kimi27sglang-fortran.n0.p3.w3,2,10.572205,749492765.000000,69807760.000000,0.000000,graded_attempt,sources/llr40v9-kimi27sglang-fortran/scatter_accum_dup/618225.618225.llr40v9-kimi27sglang-fortran.n0.p3.w3/candidate_02_submission.txt,c9318c800aaa7557e7ce18a060799d2a1966f68fb34d53b4510e93e54880828a
llr40v9-kimi27sglang-fortran,fortran,scatter_accum_dup,llr40v9-kimi27sglang-fortran.n0.p3.w3,1,10.467530,864284259.000000,82036935.000000,0.000000,graded_attempt,sources/llr40v9-kimi27sglang-fortran/scatter_accum_dup/619186.619186.llr40v9-kimi27sglang-fortran.n0.p3.w3/candidate_01_submission.txt,831ee18a2f2e9b6b95df6be3ee0f620feae285b6bf37dae927ce568eadb4b937
llr40v9-kimi27sglang-fortran,fortran,scatter_accum_dup,llr40v9-kimi27sglang-fortran.n0.p3.w3,2,10.363891,862900872.000000,81967706.000000,0.000000,graded_attempt,sources/llr40v9-kimi27sglang-fortran/scatter_accum_dup/619186.619186.llr40v9-kimi27sglang-fortran.n0.p3.w3/candidate_02_submission.txt,73c2f16fc02ebe04e443749c38ff49d1fe5df6e141880f1c1a731208e51cebb8
llr40v9-kimi27sglang-fortran,fortran,scatter_accum_dup,llr40v9-kimi27sglang-fortran.n0.p3.w3,1,5.537023,789286716.000000,84787437.000000,0.000000,graded_attempt,sources/llr40v9-kimi27sglang-fortran/scatter_accum_dup/618225.618225.llr40v9-kimi27sglang-fortran.n0.p3.w3/candidate_01_submission.txt,a10d8f890a5eb550b040c00b58cda4c89ab33c9d49126634424cfdad3fbac3b6
llr40v9-oss120b-fortran,fortran,scatter_accum_dup,llr40v9-oss120b-fortran.n0.p3.w3,1,10.059091,817474827.000000,80502881.000000,0.000000,graded_attempt,sources/llr40v9-oss120b-fortran/scatter_accum_dup/618222.618222.llr40v9-oss120b-fortran.n0.p3.w3/candidate_01_submission.txt,04235fb83f5520202e9360f38295b02c2b017ebad21dd10a3438059af341246e
llr40v9-oss120b-fortran-skills,fortran,scatter_accum_dup,llr40v9-oss120b-fortran-skills.n0.p3.w3,1,9.476118,752637100.000000,78263200.000000,0.000000,graded_attempt,sources/llr40v9-oss120b-fortran-skills/scatter_accum_dup/618231.618231.llr40v9-oss120b-fortran-skills.n0.p3.w3/candidate_01_submission.txt,2f655af45267acf265ae62e60afb570214202c331f651b35381fd16e74aabe77
llr40v9-qwen38-c,c,scatter_accum_dup,llr40v9-qwen38-c.n0.p3.w3,1,11.448183,793927963.000000,68454941.000000,0.000000,graded_attempt,sources/llr40v9-qwen38-c/scatter_accum_dup/619183.619183.llr40v9-qwen38-c.n0.p3.w3/candidate_01_submission.txt,ae7db1510de9f661982cf43cbfb0a25e5ef3b06e88146217d273a822241402a2
llr40v9-qwen38-fortran,fortran,scatter_accum_dup,llr40v9-qwen38-fortran.n0.p3.w3,1,9.959496,815109914.000000,80622853.000000,0.000000,graded_attempt,sources/llr40v9-qwen38-fortran/scatter_accum_dup/619184.619184.llr40v9-qwen38-fortran.n0.p3.w3/candidate_01_submission.txt,452a8de1922c5454cbc322f1b04990c147831f453b69e5997f7d40f99d048057
llr40v10-kimi27sglang-c,c,segment_reduce_ragged,llr40v10-kimi27sglang-c.n0.p10.w10,3,13.968959,188542881.000000,12780996.000000,0.000000,graded_attempt,sources/llr40v10-kimi27sglang-c/segment_reduce_ragged/621729.621729.llr40v10-kimi27sglang-c.n0.p10.w10/candidate_03_submission.txt,387cc5b48888c0868a8ec8784a053b52780bf04a2c2a2987f6252643154b578b
llr40v10-kimi27sglang-c,c,segment_reduce_ragged,llr40v10-kimi27sglang-c.n0.p10.w10,1,13.693716,188542881.000000,13079889.000000,0.000000,graded_attempt,sources/llr40v10-kimi27sglang-c/segment_reduce_ragged/621729.621729.llr40v10-kimi27sglang-c.n0.p10.w10/candidate_01_submission.txt,c76e5ac3e61f89613be272d0f44b772a7ff92c13f0561c40d79fa5bcdc856597
llr40v10-kimi27sglang-c,c,segment_reduce_ragged,llr40v10-kimi27sglang-c.n0.p10.w10,2,13.693716,188542881.000000,12935138.000000,0.000000,graded_attempt,sources/llr40v10-kimi27sglang-c/segment_reduce_ragged/621729.621729.llr40v10-kimi27sglang-c.n0.p10.w10/candidate_02_submission.txt,cc2f4f2b643cc32252e559072631a22300ad46b646207567eec71f304c6dcd87
llr40v10-kimi27sglang-c,c,segment_reduce_ragged,llr40v10-kimi27sglang-c.n0.p10.w10,4,11.678292,155027984.000000,12884647.000000,0.000000,graded_attempt,sources/llr40v10-kimi27sglang-c/segment_reduce_ragged/621017.621017.llr40v10-kimi27sglang-c.n0.p10.w10/candidate_03_submission.txt,1ff57e3981b0f5f3abe274f2e8d5c7b8e967420d57681b42868f2f9372e0dcc4
llr40v10-kimi27sglang-c,c,segment_reduce_ragged,llr40v10-kimi27sglang-c.n0.p10.w10,7,11.448183,152626417.000000,12751555.000000,0.000000,graded_attempt,sources/llr40v10-kimi27sglang-c/segment_reduce_ragged/621017.621017.llr40v10-kimi27sglang-c.n0.p10.w10/candidate_07_submission.txt,17097623e3a0229a3f4f1f7d92626b7a62c8bdc0dbc06dfaec4e8da9429118b6
llr40v10-kimi27sglang-c,c,segment_reduce_ragged,llr40v10-kimi27sglang-c.n0.p10.w10,6,11.334835,152106074.000000,12967146.000000,0.000000,graded_attempt,sources/llr40v10-kimi27sglang-c/segment_reduce_ragged/621017.621017.llr40v10-kimi27sglang-c.n0.p10.w10/candidate_03_submission.txt,1ff57e3981b0f5f3abe274f2e8d5c7b8e967420d57681b42868f2f9372e0dcc4
llr40v10-kimi27sglang-c,c,segment_reduce_ragged,llr40v10-kimi27sglang-c.n0.p10.w10,3,11.222609,152378607.000000,13075798.000000,0.000000,graded_attempt,sources/llr40v10-kimi27sglang-c/segment_reduce_ragged/621017.621017.llr40v10-kimi27sglang-c.n0.p10.w10/candidate_03_submission.txt,1ff57e3981b0f5f3abe274f2e8d5c7b8e967420d57681b42868f2f9372e0dcc4
llr40v10-kimi27sglang-c,c,segment_reduce_ragged,llr40v10-kimi27sglang-c.n0.p10.w10,5,11.111494,150916368.000000,12821697.000000,0.000000,graded_attempt,sources/llr40v10-kimi27sglang-c/segment_reduce_ragged/621017.621017.llr40v10-kimi27sglang-c.n0.p10.w10/candidate_03_submission.txt,1ff57e3981b0f5f3abe274f2e8d5c7b8e967420d57681b42868f2f9372e0dcc4
llr40v10-kimi27sglang-c,c,segment_reduce_ragged,llr40v10-kimi27sglang-c.n0.p10.w10,2,10.784707,150859590.000000,13150977.000000,0.000000,graded_attempt,sources/llr40v10-kimi27sglang-c/segment_reduce_ragged/621017.621017.llr40v10-kimi27sglang-c.n0.p10.w10/candidate_02_submission.txt,d5bb5edf1e4f223cdd99a0bd90e697a83505a4dfa97ca7fb993605128612acdc
llr40v10-kimi27sglang-c,c,segment_reduce_ragged,llr40v10-kimi27sglang-c.n0.p10.w10,1,10.261278,153127996.000000,14057971.000000,0.000000,graded_attempt,sources/llr40v10-kimi27sglang-c/segment_reduce_ragged/621017.621017.llr40v10-kimi27sglang-c.n0.p10.w10/candidate_01_submission.txt,b140d576eb47a61713c5cbb07c56835a5b51e97ef253e214dc7c0367399e7973
llr40v10-qwen38-c,c,segment_reduce_ragged,llr40v10-qwen38-c.n0.p10.w10,1,13.693716,197750962.000000,13656516.000000,0.000000,graded_attempt,sources/llr40v10-qwen38-c/segment_reduce_ragged/621727.621727.llr40v10-qwen38-c.n0.p10.w10/candidate_01_submission.txt,2c890814bf081a70ead24ba6612d72502ed6fdb5eabed5de02646d83e7513660
llr40v10-qwen38-c,c,segment_reduce_ragged,llr40v10-qwen38-c.n0.p10.w10,2,13.423895,197750962.000000,13868216.000000,0.000000,graded_attempt,sources/llr40v10-qwen38-c/segment_reduce_ragged/621727.621727.llr40v10-qwen38-c.n0.p10.w10/candidate_02_submission.txt,d8cbf497ded4148fe59aeff6af7b2ebb6e8db9436f9d4b517f1061fedf2c7693
llr40v10-qwen38-c,c,segment_reduce_ragged,llr40v10-qwen38-c.n0.p10.w10,1,10.784707,155787387.000000,13902308.000000,0.000000,graded_attempt,sources/llr40v10-qwen38-c/segment_reduce_ragged/621383.621383.llr40v10-qwen38-c.n0.p10.w10/candidate_01_submission.txt,b69557c7ab8caa415a79b6751dfe03219554a282ecea93eb62800b52f777beb4
llr40v10-qwen38-fortran,fortran,segment_reduce_ragged,llr40v10-qwen38-fortran.n0.p10.w10,1,13.423895,186084109.000000,13396040.000000,0.000000,graded_attempt,sources/llr40v10-qwen38-fortran/segment_reduce_ragged/621728.621728.llr40v10-qwen38-fortran.n0.p10.w10/candidate_01_submission.txt,8d8779e109441f7ece1ae65dfb4b790b293d70b0967267a855e0ba2073183dbe
llr40v9-kimi27sglang-fortran,fortran,segment_reduce_ragged,llr40v9-kimi27sglang-fortran.n0.p4.w4,2,11.795075,153434944.000000,12698547.000000,0.000000,graded_attempt,sources/llr40v9-kimi27sglang-fortran/segment_reduce_ragged/619186.619186.llr40v9-kimi27sglang-fortran.n0.p4.w4/candidate_02_submission.txt,25cb6e53d6ef035a0305d37d6ba5691d871050c80414d442315ab4d548fbe1b0
llr40v9-kimi27sglang-fortran,fortran,segment_reduce_ragged,llr40v9-kimi27sglang-fortran.n0.p4.w4,4,11.795075,152335306.000000,12690204.000000,0.000000,graded_attempt,sources/llr40v9-kimi27sglang-fortran/segment_reduce_ragged/619186.619186.llr40v9-kimi27sglang-fortran.n0.p4.w4/candidate_04_submission.txt,791c4953b77758ecb4a7604f871208d2a70a1a25b005b643de8f76c0da83908a
llr40v9-kimi27sglang-fortran,fortran,segment_reduce_ragged,llr40v9-kimi27sglang-fortran.n0.p4.w4,7,11.795075,152955542.000000,12598677.000000,0.000000,graded_attempt,sources/llr40v9-kimi27sglang-fortran/segment_reduce_ragged/619186.619186.llr40v9-kimi27sglang-fortran.n0.p4.w4/candidate_04_submission.txt,791c4953b77758ecb4a7604f871208d2a70a1a25b005b643de8f76c0da83908a
llr40v9-kimi27sglang-fortran,fortran,segment_reduce_ragged,llr40v9-kimi27sglang-fortran.n0.p4.w4,5,11.678292,150609660.000000,12682588.000000,0.000000,graded_attempt,sources/llr40v9-kimi27sglang-fortran/segment_reduce_ragged/619186.619186.llr40v9-kimi27sglang-fortran.n0.p4.w4/candidate_04_submission.txt,791c4953b77758ecb4a7604f871208d2a70a1a25b005b643de8f76c0da83908a
llr40v9-kimi27sglang-fortran,fortran,segment_reduce_ragged,llr40v9-kimi27sglang-fortran.n0.p4.w4,6,11.678292,152362290.000000,12606556.000000,0.000000,graded_attempt,sources/llr40v9-kimi27sglang-fortran/segment_reduce_ragged/619186.619186.llr40v9-kimi27sglang-fortran.n0.p4.w4/candidate_04_submission.txt,791c4953b77758ecb4a7604f871208d2a70a1a25b005b643de8f76c0da83908a
llr40v9-kimi27sglang-fortran,fortran,segment_reduce_ragged,llr40v9-kimi27sglang-fortran.n0.p4.w4,3,11.562665,152116098.000000,12673578.000000,0.000000,graded_attempt,sources/llr40v9-kimi27sglang-fortran/segment_reduce_ragged/619186.619186.llr40v9-kimi27sglang-fortran.n0.p4.w4/candidate_03_submission.txt,49c70772a3e252be08be07de901f648e00fa686022e98a8fdbf92817718a9336
llr40v9-kimi27sglang-fortran,fortran,segment_reduce_ragged,llr40v9-kimi27sglang-fortran.n0.p4.w4,1,11.001479,153513184.000000,13187994.000000,0.000000,graded_attempt,sources/llr40v9-kimi27sglang-fortran/segment_reduce_ragged/619186.619186.llr40v9-kimi27sglang-fortran.n0.p4.w4/candidate_01_submission.txt,3527eddcbb7296989623743ff3f45db245ffcf2758f7e8f1700b960f5af63d48
llr40v9-oss120b-c,c,segment_reduce_ragged,llr40v9-oss120b-c.n0.p4.w4,1,1.149474,161553285.000000,139321360.000000,0.000000,graded_attempt,sources/llr40v9-oss120b-c/segment_reduce_ragged/618220.618220.llr40v9-oss120b-c.n0.p4.w4/candidate_01_submission.txt,b6de377f8c53230baca15344005682a8bd8382e3a0689af6904eee9680827629
llr40v9-oss120b-fortran-skills,fortran,segment_reduce_ragged,llr40v9-oss120b-fortran-skills.n0.p4.w4,1,11.222609,154754958.000000,12915834.000000,0.000000,graded_attempt,sources/llr40v9-oss120b-fortran-skills/segment_reduce_ragged/618231.618231.llr40v9-oss120b-fortran-skills.n0.p4.w4/candidate_01_submission.txt,914ab9bf0681ca1d2d6c74a5a818f900adc449652a8a10ba37cfc61a4055b947
llr40v10-kimi27sglang-c,c,tsvc_2_s115,llr40v10-kimi27sglang-c.n0.p11.w11,2,3.017675,132111857.000000,41830751.000000,0.000000,graded_attempt,sources/llr40v10-kimi27sglang-c/tsvc_2_s115/621729.621729.llr40v10-kimi27sglang-c.n0.p11.w11/candidate_02_submission.txt,881ca8bcf492d072ffd94301f8a7cd608e49b5c5bcb3b398866c643b2614e4a1
llr40v10-kimi27sglang-c,c,tsvc_2_s115,llr40v10-kimi27sglang-c.n0.p11.w11,3,2.958215,132111857.000000,42432285.000000,0.000000,graded_attempt,sources/llr40v10-kimi27sglang-c/tsvc_2_s115/621729.621729.llr40v10-kimi27sglang-c.n0.p11.w11/candidate_03_submission.txt,3cdf9afc27a4ebf541ae4266f58ad10f8d4ec47791c27daaa8bb500b4a0fc456
llr40v10-kimi27sglang-c,c,tsvc_2_s115,llr40v10-kimi27sglang-c.n0.p11.w11,4,2.928926,132111857.000000,44003144.000000,0.000000,graded_attempt,sources/llr40v10-kimi27sglang-c/tsvc_2_s115/621729.621729.llr40v10-kimi27sglang-c.n0.p11.w11/candidate_03_submission.txt,3cdf9afc27a4ebf541ae4266f58ad10f8d4ec47791c27daaa8bb500b4a0fc456
llr40v10-kimi27sglang-c,c,tsvc_2_s115,llr40v10-kimi27sglang-c.n0.p11.w11,1,1.518790,132111857.000000,85054383.000000,0.000000,graded_attempt,sources/llr40v10-kimi27sglang-c/tsvc_2_s115/621729.621729.llr40v10-kimi27sglang-c.n0.p11.w11/candidate_01_submission.txt,0939022f0aa46bc9ca56fec4906ffb21330fd28c3994ef2b713634b7080fb1ec
llr40v10-kimi27sglang-fortran,fortran,tsvc_2_s115,llr40v10-kimi27sglang-fortran.n0.p11.w11,1,1.115668,145121599.000000,127760764.000000,0.000000,graded_attempt,sources/llr40v10-kimi27sglang-fortran/tsvc_2_s115/621731.621731.llr40v10-kimi27sglang-fortran.n0.p11.w11/candidate_01_submission.txt,924accf76f2b7689eb26e3a5624738cb603c4d5c39aa5000b635c89fcb5dec95
llr40v10-oss120b-c,c,tsvc_2_s115,llr40v10-oss120b-c.n0.p11.w11,1,2.088246,94829627.000000,43930939.000000,0.000000,graded_attempt,sources/llr40v10-oss120b-c/tsvc_2_s115/621382.621382.llr40v10-oss120b-c.n0.p11.w11/candidate_01_submission.txt,b33e9390be3691b810d79aa864354175d7ff12d1b42492b329567bf13b45a36b
llr40v10-oss120b-c,c,tsvc_2_s115,llr40v10-oss120b-c.n0.p11.w11,1,1.000000,113316861.000000,114031834.000000,0.000000,graded_attempt,sources/llr40v10-oss120b-c/tsvc_2_s115/621015.621015.llr40v10-oss120b-c.n0.p11.w11/candidate_01_submission.txt,e5bd0b9f8d766261b4936c1c63ef416841af055ad013b4c6f7fe9c6256e31b77
llr40v10-oss120b-fortran,fortran,tsvc_2_s115,llr40v10-oss120b-fortran.n0.p11.w11,1,2.130220,91273764.000000,40782913.000000,0.000000,graded_attempt,sources/llr40v10-oss120b-fortran/tsvc_2_s115/621019.621019.llr40v10-oss120b-fortran.n0.p11.w11/candidate_01_submission.txt,d06e65ce905ca4398248f0c40f6983b7cafd5a788dbe327a1e75132355c0a083
llr40v10-oss120b-fortran,fortran,tsvc_2_s115,llr40v10-oss120b-fortran.n0.p11.w11,2,1.061520,93980408.000000,85518333.000000,0.000000,graded_attempt,sources/llr40v10-oss120b-fortran/tsvc_2_s115/621384.621384.llr40v10-oss120b-fortran.n0.p11.w11/candidate_02_submission.txt,2087d7eb6551dbf0ddaede032820036ed3ca9f8caeeb08b8042293c2a53cb938
llr40v10-oss120b-fortran,fortran,tsvc_2_s115,llr40v10-oss120b-fortran.n0.p11.w11,1,1.000000,95310002.000000,95560563.000000,0.000000,graded_attempt,sources/llr40v10-oss120b-fortran/tsvc_2_s115/621384.621384.llr40v10-oss120b-fortran.n0.p11.w11/candidate_02_submission.txt,2087d7eb6551dbf0ddaede032820036ed3ca9f8caeeb08b8042293c2a53cb938
llr40v10-qwen38-c,c,tsvc_2_s115,llr40v10-qwen38-c.n0.p11.w11,2,2.026831,89680665.000000,42342151.000000,0.000000,graded_attempt,sources/llr40v10-qwen38-c/tsvc_2_s115/621383.621383.llr40v10-qwen38-c.n0.p11.w11/candidate_02_submission.txt,790a60721ae27536b2f75078a27ea9fcd25e543a77f4b352ef41b912d1367b2f
llr40v10-qwen38-c,c,tsvc_2_s115,llr40v10-qwen38-c.n0.p11.w11,1,1.533978,140771201.000000,90126399.000000,0.000000,graded_attempt,sources/llr40v10-qwen38-c/tsvc_2_s115/621727.621727.llr40v10-qwen38-c.n0.p11.w11/candidate_01_submission.txt,c1daeb1336a6f5ff64b2adaf2e7664928a7d82432ee01d6c1669fd818d20415a
llr40v10-qwen38-c,c,tsvc_2_s115,llr40v10-qwen38-c.n0.p11.w11,1,1.000000,92711161.000000,93803579.000000,0.000000,graded_attempt,sources/llr40v10-qwen38-c/tsvc_2_s115/621383.621383.llr40v10-qwen38-c.n0.p11.w11/candidate_01_submission.txt,91ce0b4fa3ddfcd8bb5393c0b9fa1562d413974825df93b957b94abf473beb18
llr40v10-qwen38-fortran,fortran,tsvc_2_s115,llr40v10-qwen38-fortran.n0.p11.w11,1,1.402577,130097987.000000,90269185.000000,0.000000,graded_attempt,sources/llr40v10-qwen38-fortran/tsvc_2_s115/621728.621728.llr40v10-qwen38-fortran.n0.p11.w11/candidate_01_submission.txt,d92c1b14968b60102c4271137c3b212827728acdd8f8c010f9252a102f6d9f40
llr40v10-qwen38-fortran,fortran,tsvc_2_s115,llr40v10-qwen38-fortran.n0.p11.w11,1,1.000000,88884035.000000,92977681.000000,0.000000,graded_attempt,sources/llr40v10-qwen38-fortran/tsvc_2_s115/621020.621020.llr40v10-qwen38-fortran.n0.p11.w11/candidate_01_submission.txt,b14c1def615f55b1d26056aed9efb6b3b84080a5cd0d56962e89baac2d1690f0
llr40v10-qwen38-fortran,fortran,tsvc_2_s115,llr40v10-qwen38-fortran.n0.p11.w11,1,1.000000,102072971.000000,103406504.000000,0.000000,graded_attempt,sources/llr40v10-qwen38-fortran/tsvc_2_s115/621385.621385.llr40v10-qwen38-fortran.n0.p11.w11/candidate_01_submission.txt,023c0d4acad56f3276891ac9704a1ef2b2425ab78d77c9c64b1a7fd3f4c7bfa7
llr40v10-kimi27sglang-c,c,tsvc_2_s119,llr40v10-kimi27sglang-c.n0.p12.w12,1,1.745810,92655036.000000,50804543.000000,0.000000,graded_attempt,sources/llr40v10-kimi27sglang-c/tsvc_2_s119/621017.621017.llr40v10-kimi27sglang-c.n0.p12.w12/candidate_01_submission.txt,2a671325b27507603d8d1937f308bc7248a51f673b1d3204a8c9804c10947f08
llr40v10-kimi27sglang-fortran,fortran,tsvc_2_s119,llr40v10-kimi27sglang-fortran.n0.p12.w12,1,3.434396,160112222.000000,44648998.000000,0.000000,graded_attempt,sources/llr40v10-kimi27sglang-fortran/tsvc_2_s119/621731.621731.llr40v10-kimi27sglang-fortran.n0.p12.w12/candidate_01_submission.txt,43fd78e97194819915445f0a390e00bc8e389203157325ff663e2a3b1b6240e3
llr40v10-oss120b-c,c,tsvc_2_s119,llr40v10-oss120b-c.n0.p12.w12,2,1.126825,99903968.000000,76679235.000000,0.000000,graded_attempt,sources/llr40v10-oss120b-c/tsvc_2_s119/621015.621015.llr40v10-oss120b-c.n0.p12.w12/candidate_01_submission.txt,d38cd893183214cb61a2755b786a7fe2ed6899e9d2cd5be62ea8dbc5782b05a8
llr40v10-oss120b-c,c,tsvc_2_s119,llr40v10-oss120b-c.n0.p12.w12,1,1.093685,97000039.000000,77122488.000000,0.000000,graded_attempt,sources/llr40v10-oss120b-c/tsvc_2_s119/621015.621015.llr40v10-oss120b-c.n0.p12.w12/candidate_01_submission.txt,d38cd893183214cb61a2755b786a7fe2ed6899e9d2cd5be62ea8dbc5782b05a8
llr40v10-oss120b-c,c,tsvc_2_s119,llr40v10-oss120b-c.n0.p12.w12,1,1.000000,87512050.000000,86854727.000000,0.000000,graded_attempt,sources/llr40v10-oss120b-c/tsvc_2_s119/621382.621382.llr40v10-oss120b-c.n0.p12.w12/candidate_01_submission.txt,ad63ce3d874d32ddd5b930ae912bfca0d271582dee8a5caffe7a4f03f00fbe7f
llr40v10-oss120b-fortran,fortran,tsvc_2_s119,llr40v10-oss120b-fortran.n0.p12.w12,1,1.000000,84900548.000000,88637105.000000,0.000000,graded_attempt,sources/llr40v10-oss120b-fortran/tsvc_2_s119/621019.621019.llr40v10-oss120b-fortran.n0.p12.w12/candidate_01_submission.txt,73d07b0ddf70de07fe77417e429081d844cff694b0a98bffa398a72abb9317d7
llr40v10-oss120b-fortran,fortran,tsvc_2_s119,llr40v10-oss120b-fortran.n0.p12.w12,1,1.000000,89199062.000000,88576670.000000,0.000000,graded_attempt,sources/llr40v10-oss120b-fortran/tsvc_2_s119/621384.621384.llr40v10-oss120b-fortran.n0.p12.w12/candidate_01_submission.txt,81d7c4cde4fe973a340d3af0b4688ac1e00cd049fb4a7be313faf331164cc3d5
llr40v10-qwen38-c,c,tsvc_2_s119,llr40v10-qwen38-c.n0.p12.w12,1,1.361327,124830265.000000,91134029.000000,0.000000,graded_attempt,sources/llr40v10-qwen38-c/tsvc_2_s119/621727.621727.llr40v10-qwen38-c.n0.p12.w12/candidate_01_submission.txt,370e94b2a49688b7f07d0de1816a888a94676997c587174a84a3f93465e9f785
llr40v10-kimi27sglang-c,c,tsvc_2_s1232,llr40v10-kimi27sglang-c.n0.p13.w13,2,242.883676,323562800.000000,1294009.000000,0.000000,graded_attempt,sources/llr40v10-kimi27sglang-c/tsvc_2_s1232/621017.621017.llr40v10-kimi27sglang-c.n0.p13.w13/candidate_02_submission.txt,69961129f072ae1e8f41008d257375bc656345edf4270bd75fb9a24f4af9acfe
llr40v10-kimi27sglang-c,c,tsvc_2_s1232,llr40v10-kimi27sglang-c.n0.p13.w13,1,164.764919,317434747.000000,1880973.000000,0.000000,graded_attempt,sources/llr40v10-kimi27sglang-c/tsvc_2_s1232/621017.621017.llr40v10-kimi27sglang-c.n0.p13.w13/candidate_01_submission.txt,ad721ce2be8a5d94b6ace4e3ac2473f2eda0e1c821fafde85a247901524378c9
llr40v10-kimi27sglang-c,c,tsvc_2_s1232,llr40v10-kimi27sglang-c.n0.p13.w13,4,96.274344,175732877.000000,1786812.000000,0.000000,graded_attempt,sources/llr40v10-kimi27sglang-c/tsvc_2_s1232/621729.621729.llr40v10-kimi27sglang-c.n0.p13.w13/candidate_04_submission.txt,a9f2257ab4c9f4114ed7a7650148bf334fcd9558c76ccf8d77599321d4040d82
llr40v10-kimi27sglang-c,c,tsvc_2_s1232,llr40v10-kimi27sglang-c.n0.p13.w13,5,96.274344,175732877.000000,1794832.000000,0.000000,graded_attempt,sources/llr40v10-kimi27sglang-c/tsvc_2_s1232/621729.621729.llr40v10-kimi27sglang-c.n0.p13.w13/candidate_04_submission.txt,a9f2257ab4c9f4114ed7a7650148bf334fcd9558c76ccf8d77599321d4040d82
llr40v10-kimi27sglang-c,c,tsvc_2_s1232,llr40v10-kimi27sglang-c.n0.p13.w13,3,95.321132,175732877.000000,1799802.000000,0.000000,graded_attempt,sources/llr40v10-kimi27sglang-c/tsvc_2_s1232/621729.621729.llr40v10-kimi27sglang-c.n0.p13.w13/candidate_03_submission.txt,8460883f11a663dfa9c191b84ed81f5adbcd09e3b55b3d8718a04e3d82d28a0e
llr40v10-kimi27sglang-c,c,tsvc_2_s1232,llr40v10-kimi27sglang-c.n0.p13.w13,2,86.292978,175732877.000000,1942993.000000,0.000000,graded_attempt,sources/llr40v10-kimi27sglang-c/tsvc_2_s1232/621729.621729.llr40v10-kimi27sglang-c.n0.p13.w13/candidate_02_submission.txt,0239b6bdc9d28cf51a0fcb0519a66c567863726ae86dcc9b7b041bfaf779cfdf
llr40v10-kimi27sglang-c,c,tsvc_2_s1232,llr40v10-kimi27sglang-c.n0.p13.w13,1,64.022738,175732877.000000,2689168.000000,0.000000,graded_attempt,sources/llr40v10-kimi27sglang-c/tsvc_2_s1232/621729.621729.llr40v10-kimi27sglang-c.n0.p13.w13/candidate_01_submission.txt,2b3a4f2d1ccd6d3af34141c36e93a9b407ea36fe32b4c89db97e3bd9e535f0a1
llr40v10-kimi27sglang-fortran,fortran,tsvc_2_s1232,llr40v10-kimi27sglang-fortran.n0.p13.w13,1,43.865394,118759383.000000,2693334.000000,0.000000,graded_attempt,sources/llr40v10-kimi27sglang-fortran/tsvc_2_s1232/621731.621731.llr40v10-kimi27sglang-fortran.n0.p13.w13/candidate_01_submission.txt,32b011590d1c7ba5b72d76bd915b1cd8d4b5e8fad331d2be4d5e59418d968dc2
llr40v10-oss120b-c,c,tsvc_2_s1232,llr40v10-oss120b-c.n0.p13.w13,1,112.889239,313600902.000000,2738700.000000,0.000000,graded_attempt,sources/llr40v10-oss120b-c/tsvc_2_s1232/621382.621382.llr40v10-oss120b-c.n0.p13.w13/candidate_01_submission.txt,a30060c8d89aae5289085ce80668206c3742965feca43bcf6f3eaecdca14e69d
llr40v10-oss120b-c,c,tsvc_2_s1232,llr40v10-oss120b-c.n0.p13.w13,1,82.925855,230152084.000000,2707723.000000,0.000000,graded_attempt,sources/llr40v10-oss120b-c/tsvc_2_s1232/621015.621015.llr40v10-oss120b-c.n0.p13.w13/candidate_01_submission.txt,d9d4951ac366ae21af9c66964786679263c1c8c90235902c9b3d3526cd05c72d
llr40v10-oss120b-fortran,fortran,tsvc_2_s1232,llr40v10-oss120b-fortran.n0.p13.w13,1,115.158313,318828288.000000,2684651.000000,0.000000,graded_attempt,sources/llr40v10-oss120b-fortran/tsvc_2_s1232/621384.621384.llr40v10-oss120b-fortran.n0.p13.w13/candidate_01_submission.txt,ce86daaa4327547609a95bb39f562a881375e3ddf87c82b467d91aa69206f7de
llr40v10-qwen38-c,c,tsvc_2_s1232,llr40v10-qwen38-c.n0.p13.w13,2,164.764919,317733078.000000,1836562.000000,0.000000,graded_attempt,sources/llr40v10-qwen38-c/tsvc_2_s1232/621383.621383.llr40v10-qwen38-c.n0.p13.w13/candidate_02_submission.txt,d1c4fba43bce92c92c3f36d16e19dec7530c8c87dac4e05f34f13332ce80da84
llr40v10-qwen38-c,c,tsvc_2_s1232,llr40v10-qwen38-c.n0.p13.w13,2,116.309896,321551314.000000,2695902.000000,0.000000,graded_attempt,sources/llr40v10-qwen38-c/tsvc_2_s1232/621016.621016.llr40v10-qwen38-c.n0.p13.w13/candidate_02_submission.txt,5306bca9ace47de42984f7b4d3eec600bee124b923ac0205db6f3bd123cea870
llr40v10-qwen38-c,c,tsvc_2_s1232,llr40v10-qwen38-c.n0.p13.w13,1,102.197156,323299533.000000,3056139.000000,0.000000,graded_attempt,sources/llr40v10-qwen38-c/tsvc_2_s1232/621383.621383.llr40v10-qwen38-c.n0.p13.w13/candidate_01_submission.txt,2db2432811b7d67d3904f6bb52d3b1c7696c3fd90b7dc607800803ed5711363e
llr40v10-qwen38-c,c,tsvc_2_s1232,llr40v10-qwen38-c.n0.p13.w13,1,90.694787,174845173.000000,1856582.000000,0.000000,graded_attempt,sources/llr40v10-qwen38-c/tsvc_2_s1232/621727.621727.llr40v10-qwen38-c.n0.p13.w13/candidate_01_submission.txt,042096ec69dd72acdd61561ffa05b862d377fb9e67ae6e8a8932af98c045cc31
llr40v10-qwen38-c,c,tsvc_2_s1232,llr40v10-qwen38-c.n0.p13.w13,1,83.755114,162738288.000000,1870145.000000,0.000000,graded_attempt,sources/llr40v10-qwen38-c/tsvc_2_s1232/622265.622265.llr40v10-qwen38-c.n0.p13.w13/candidate_01_submission.txt,d3c943dd7c82a220e41a60c77319321150874071a334736bf9a50ab6f1b8bc36
llr40v10-qwen38-c,c,tsvc_2_s1232,llr40v10-qwen38-c.n0.p13.w13,1,8.326311,317833614.000000,37988094.000000,0.000000,graded_attempt,sources/llr40v10-qwen38-c/tsvc_2_s1232/621016.621016.llr40v10-qwen38-c.n0.p13.w13/candidate_01_submission.txt,caa0707b62bc1bbda06acd1ecf797c59874c7bd847d1bd0c89fd46c9330db7d4
llr40v10-qwen38-fortran,fortran,tsvc_2_s1232,llr40v10-qwen38-fortran.n0.p13.w13,1,169.757461,317676151.000000,1819582.000000,0.000000,graded_attempt,sources/llr40v10-qwen38-fortran/tsvc_2_s1232/621385.621385.llr40v10-qwen38-fortran.n0.p13.w13/candidate_01_submission.txt,6440021a759f92e9b8751d6017966c4315c5e8678c7ed8a53583848988ef5f93
llr40v10-qwen38-fortran,fortran,tsvc_2_s1232,llr40v10-qwen38-fortran.n0.p13.w13,1,115.158313,316133859.000000,2696599.000000,0.000000,graded_attempt,sources/llr40v10-qwen38-fortran/tsvc_2_s1232/621020.621020.llr40v10-qwen38-fortran.n0.p13.w13/candidate_01_submission.txt,2b6d8c994c39de6a7c09206d429758204ef7d1f8f6767d088658e3da9146c467
llr40v10-qwen38-fortran,fortran,tsvc_2_s1232,llr40v10-qwen38-fortran.n0.p13.w13,1,84.592665,165986086.000000,1886571.000000,0.000000,graded_attempt,sources/llr40v10-qwen38-fortran/tsvc_2_s1232/621728.621728.llr40v10-qwen38-fortran.n0.p13.w13/candidate_01_submission.txt,95eb732942f973a3829b8e6557bcbd2aa12c27e30c5c9406d7096058cb761f6d
llr40v10-kimi27sglang-c,c,tsvc_2_s1244,llr40v10-kimi27sglang-c.n0.p14.w14,3,4.583215,114098399.000000,21036611.000000,0.000000,graded_attempt,sources/llr40v10-kimi27sglang-c/tsvc_2_s1244/621017.621017.llr40v10-kimi27sglang-c.n0.p14.w14/candidate_03_submission.txt,49667be9882de6a9970bd8cfdc45c75d3021beb443022977c5399585e7f23e8a
llr40v10-kimi27sglang-c,c,tsvc_2_s1244,llr40v10-kimi27sglang-c.n0.p14.w14,1,4.190616,114821752.000000,27531463.000000,0.000000,graded_attempt,sources/llr40v10-kimi27sglang-c/tsvc_2_s1244/621017.621017.llr40v10-kimi27sglang-c.n0.p14.w14/candidate_01_submission.txt,d513d648d36b13ea3ca9c84eb798f2b85e8c625c938ac4586c9db88b9a2f2f6d
llr40v10-kimi27sglang-c,c,tsvc_2_s1244,llr40v10-kimi27sglang-c.n0.p14.w14,2,4.149124,114466503.000000,28042312.000000,0.000000,graded_attempt,sources/llr40v10-kimi27sglang-c/tsvc_2_s1244/621017.621017.llr40v10-kimi27sglang-c.n0.p14.w14/candidate_02_submission.txt,a8caaaf916038eafa8b5da44cde5ff894bf6a04875d4e48b1429245831296bc0
llr40v10-kimi27sglang-fortran,fortran,tsvc_2_s1244,llr40v10-kimi27sglang-fortran.n0.p14.w14,1,1.020100,1429371326.000000,133723932.000000,0.000000,graded_attempt,sources/llr40v10-kimi27sglang-fortran/tsvc_2_s1244/621731.621731.llr40v10-kimi27sglang-fortran.n0.p14.w14/candidate_01_submission.txt,b74f270f341d83b1b2a3c6748c7cc1722c2978986ee51bbe8d44829fa95d5109
llr40v10-oss120b-c,c,tsvc_2_s1244,llr40v10-oss120b-c.n0.p14.w14,1,2.625266,150730481.000000,56483621.000000,0.000000,graded_attempt,sources/llr40v10-oss120b-c/tsvc_2_s1244/621015.621015.llr40v10-oss120b-c.n0.p14.w14/candidate_01_submission.txt,ca15d85a0cab94ec26a8b3bf9bf5c3bbad85ece69bc746759e1c7579707e779d
llr40v10-oss120b-c,c,tsvc_2_s1244,llr40v10-oss120b-c.n0.p14.w14,1,2.473119,112977669.000000,46731249.000000,0.000000,graded_attempt,sources/llr40v10-oss120b-c/tsvc_2_s1244/621382.621382.llr40v10-oss120b-c.n0.p14.w14/candidate_01_submission.txt,89c5ba3eec9f113bebe06eca8a72fb7dc3a948a1d3850f0dcff24da521c71d2c
llr40v10-oss120b-fortran,fortran,tsvc_2_s1244,llr40v10-oss120b-fortran.n0.p14.w14,1,1.000000,114583607.000000,73734148.000000,0.000000,graded_attempt,sources/llr40v10-oss120b-fortran/tsvc_2_s1244/621019.621019.llr40v10-oss120b-fortran.n0.p14.w14/candidate_01_submission.txt,92843d5b9e0831363448b6948af42ddab66c43294b012d3fb93eb4e869354881
llr40v10-oss120b-fortran,fortran,tsvc_2_s1244,llr40v10-oss120b-fortran.n0.p14.w14,1,1.000000,114510959.000000,70129631.000000,0.000000,graded_attempt,sources/llr40v10-oss120b-fortran/tsvc_2_s1244/621384.621384.llr40v10-oss120b-fortran.n0.p14.w14/candidate_01_submission.txt,75aba5e45af12823a8f47f5039ee22dec689319fbd1ebcc478cebf9a64d8f1e7
llr40v10-qwen38-c,c,tsvc_2_s1244,llr40v10-qwen38-c.n0.p14.w14,1,5.592393,142440153.000000,18406972.000000,0.000000,graded_attempt,sources/llr40v10-qwen38-c/tsvc_2_s1244/622265.622265.llr40v10-qwen38-c.n0.p14.w14/candidate_01_submission.txt,4e6c66640f14417bf3097054dc0ffec3725409c4f1d0928564eb83012935d702
llr40v10-qwen38-c,c,tsvc_2_s1244,llr40v10-qwen38-c.n0.p14.w14,1,4.722091,143334777.000000,30070064.000000,0.000000,graded_attempt,sources/llr40v10-qwen38-c/tsvc_2_s1244/621727.621727.llr40v10-qwen38-c.n0.p14.w14/candidate_01_submission.txt,6856de6a541694691c349c8456f0feed1129d3c35a0512526de19b46c339a908
llr40v10-qwen38-c,c,tsvc_2_s1244,llr40v10-qwen38-c.n0.p14.w14,2,4.629047,112407131.000000,27357025.000000,0.000000,graded_attempt,sources/llr40v10-qwen38-c/tsvc_2_s1244/621383.621383.llr40v10-qwen38-c.n0.p14.w14/candidate_02_submission.txt,c589ad26cdade85dd8511c76416227944ed6a9672693dec46cd3a3019bea6fb8
llr40v10-qwen38-c,c,tsvc_2_s1244,llr40v10-qwen38-c.n0.p14.w14,1,4.274847,129406893.000000,30060595.000000,0.000000,graded_attempt,sources/llr40v10-qwen38-c/tsvc_2_s1244/621016.621016.llr40v10-qwen38-c.n0.p14.w14/candidate_01_submission.txt,001b5ee019885954374e61cc63dab6beefcc1088cd999fbe6983c8af3aee39d6
llr40v10-qwen38-c,c,tsvc_2_s1244,llr40v10-qwen38-c.n0.p14.w14,1,1.000000,114899250.000000,81993698.000000,0.000000,graded_attempt,sources/llr40v10-qwen38-c/tsvc_2_s1244/621383.621383.llr40v10-qwen38-c.n0.p14.w14/candidate_01_submission.txt,1ecea1745e5eb46ca09e3f55e53ee1c94560f201ee1b1e0ae986c6e28f8a9b05
llr40v10-kimi27sglang-c,c,tsvc_2_s152,llr40v10-kimi27sglang-c.n0.p15.w15,1,5.995802,136838231.000000,21029243.000000,0.000000,graded_attempt,sources/llr40v10-kimi27sglang-c/tsvc_2_s152/621017.621017.llr40v10-kimi27sglang-c.n0.p15.w15/candidate_01_submission.txt,3e1e7f3f61e43e64217e977178917a3e7613204a67a679815a1b2c327bb384c1
llr40v10-kimi27sglang-c,c,tsvc_2_s152,llr40v10-kimi27sglang-c.n0.p15.w15,5,4.027099,60670339.000000,15011574.000000,0.000000,graded_attempt,sources/llr40v10-kimi27sglang-c/tsvc_2_s152/621729.621729.llr40v10-kimi27sglang-c.n0.p15.w15/candidate_05_submission.txt,cb36389f82636aff50747d63d533d8bdc7fced628114015c0d63ce137b8dbf8d
llr40v10-kimi27sglang-c,c,tsvc_2_s152,llr40v10-kimi27sglang-c.n0.p15.w15,6,4.027099,60670339.000000,14979122.000000,0.000000,graded_attempt,sources/llr40v10-kimi27sglang-c/tsvc_2_s152/621729.621729.llr40v10-kimi27sglang-c.n0.p15.w15/candidate_05_submission.txt,cb36389f82636aff50747d63d533d8bdc7fced628114015c0d63ce137b8dbf8d
llr40v10-kimi27sglang-c,c,tsvc_2_s152,llr40v10-kimi27sglang-c.n0.p15.w15,7,4.027099,60670339.000000,14983370.000000,0.000000,graded_attempt,sources/llr40v10-kimi27sglang-c/tsvc_2_s152/621729.621729.llr40v10-kimi27sglang-c.n0.p15.w15/candidate_07_submission.txt,0cf248c28355ade726026aebbb7663c88e0bf39febbc111262db139c89dd9283
llr40v10-kimi27sglang-c,c,tsvc_2_s152,llr40v10-kimi27sglang-c.n0.p15.w15,8,4.027099,60670339.000000,15011745.000000,0.000000,graded_attempt,sources/llr40v10-kimi27sglang-c/tsvc_2_s152/621729.621729.llr40v10-kimi27sglang-c.n0.p15.w15/candidate_08_submission.txt,f3d408fd82bdd59b1c4badd0ae261cdf7e0caab736154cc877f906dbb05c6238
llr40v10-kimi27sglang-c,c,tsvc_2_s152,llr40v10-kimi27sglang-c.n0.p15.w15,9,4.027099,60670339.000000,14952144.000000,0.000000,graded_attempt,sources/llr40v10-kimi27sglang-c/tsvc_2_s152/621729.621729.llr40v10-kimi27sglang-c.n0.p15.w15/candidate_09_submission.txt,daa8ba8c9c41b200fdb27c4b72b9f05cbcbf1c57f64ab75cbc5322a65b10c4fc
llr40v10-kimi27sglang-c,c,tsvc_2_s152,llr40v10-kimi27sglang-c.n0.p15.w15,10,4.027099,60670339.000000,14973791.000000,0.000000,graded_attempt,sources/llr40v10-kimi27sglang-c/tsvc_2_s152/621729.621729.llr40v10-kimi27sglang-c.n0.p15.w15/candidate_10_submission.txt,ee4991aca8b44ae13871f246db5650123572d0ddcae9440657bb1f03ab695d3d
llr40v10-kimi27sglang-c,c,tsvc_2_s152,llr40v10-kimi27sglang-c.n0.p15.w15,4,3.987227,60670339.000000,14988262.000000,0.000000,graded_attempt,sources/llr40v10-kimi27sglang-c/tsvc_2_s152/621729.621729.llr40v10-kimi27sglang-c.n0.p15.w15/candidate_04_submission.txt,9c48edffc925a9531970617ad0141c98c09240e16733b15be92fbbac3cf1898f
llr40v10-kimi27sglang-c,c,tsvc_2_s152,llr40v10-kimi27sglang-c.n0.p15.w15,2,3.400392,60670339.000000,17781709.000000,0.000000,graded_attempt,sources/llr40v10-kimi27sglang-c/tsvc_2_s152/621729.621729.llr40v10-kimi27sglang-c.n0.p15.w15/candidate_02_submission.txt,1a576017ee1ce1ecddd9ffe57423584a186696f6a441df808e1625b9f58cca6d
llr40v10-kimi27sglang-c,c,tsvc_2_s152,llr40v10-kimi27sglang-c.n0.p15.w15,3,3.400392,60670339.000000,17751420.000000,0.000000,graded_attempt,sources/llr40v10-kimi27sglang-c/tsvc_2_s152/621729.621729.llr40v10-kimi27sglang-c.n0.p15.w15/candidate_03_submission.txt,4cf5833ffd6c2208eacd850030277aa4272ccfc4975d41c5290be7ab1adbb1ac
llr40v10-kimi27sglang-c,c,tsvc_2_s152,llr40v10-kimi27sglang-c.n0.p15.w15,1,2.678033,60670339.000000,21376638.000000,0.000000,graded_attempt,sources/llr40v10-kimi27sglang-c/tsvc_2_s152/621729.621729.llr40v10-kimi27sglang-c.n0.p15.w15/candidate_01_submission.txt,218d3c3f266a75c2ca13025583850451417463636d2bd794d3d1b2d73057b9b0
llr40v10-kimi27sglang-fortran,fortran,tsvc_2_s152,llr40v10-kimi27sglang-fortran.n0.p15.w15,1,5.062720,116285322.000000,21013267.000000,0.000000,graded_attempt,sources/llr40v10-kimi27sglang-fortran/tsvc_2_s152/621021.621021.llr40v10-kimi27sglang-fortran.n0.p15.w15/candidate_01_submission.txt,c82e49b73e8b91bfb1795ac856baca119aaafc3a6b54a24cbcadcb83df4ef772
llr40v10-kimi27sglang-fortran,fortran,tsvc_2_s152,llr40v10-kimi27sglang-fortran.n0.p15.w15,2,4.190616,97628611.000000,20748430.000000,0.000000,graded_attempt,sources/llr40v10-kimi27sglang-fortran/tsvc_2_s152/621021.621021.llr40v10-kimi27sglang-fortran.n0.p15.w15/candidate_02_submission.txt,1318e66a048824c44154aabb2c05ad71eb613a11ce0bef2b0dc0d406a2850bcf
llr40v10-kimi27sglang-fortran,fortran,tsvc_2_s152,llr40v10-kimi27sglang-fortran.n0.p15.w15,1,4.190616,98822391.000000,22183199.000000,0.000000,graded_attempt,sources/llr40v10-kimi27sglang-fortran/tsvc_2_s152/621731.621731.llr40v10-kimi27sglang-fortran.n0.p15.w15/candidate_01_submission.txt,62a6b9aca5bb713c5baca87edb4a661bc7aba3a52950f0efb98ccc450b341679
llr40v10-kimi27sglang-fortran,fortran,tsvc_2_s152,llr40v10-kimi27sglang-fortran.n0.p15.w15,2,4.190616,98822391.000000,22152599.000000,0.000000,graded_attempt,sources/llr40v10-kimi27sglang-fortran/tsvc_2_s152/621731.621731.llr40v10-kimi27sglang-fortran.n0.p15.w15/candidate_02_submission.txt,78d88394a8199de1a60aabe289f65a1aa00491c6a90000123998515a538fd05d
llr40v10-oss120b-c,c,tsvc_2_s152,llr40v10-oss120b-c.n0.p15.w15,1,6.055760,174456538.000000,27968186.000000,0.000000,graded_attempt,sources/llr40v10-oss120b-c/tsvc_2_s152/621015.621015.llr40v10-oss120b-c.n0.p15.w15/candidate_01_submission.txt,1e896fc39334095225bc95cd3c4d07f2deed13c987d6a979c59b8dac44329961
llr40v10-oss120b-c,c,tsvc_2_s152,llr40v10-oss120b-c.n0.p15.w15,1,4.583215,103415090.000000,21731670.000000,0.000000,graded_attempt,sources/llr40v10-oss120b-c/tsvc_2_s152/621382.621382.llr40v10-oss120b-c.n0.p15.w15/candidate_01_submission.txt,08372405d63a1ebaa65812e39ca6958236fe8a5efe8fd5e14710e696d345accb
llr40v10-oss120b-fortran,fortran,tsvc_2_s152,llr40v10-oss120b-fortran.n0.p15.w15,1,4.537836,101204954.000000,21074184.000000,0.000000,graded_attempt,sources/llr40v10-oss120b-fortran/tsvc_2_s152/621019.621019.llr40v10-oss120b-fortran.n0.p15.w15/candidate_01_submission.txt,fe2396581bbe3123ddc63f15bfd13d928450d25118b3c564539a4ed30680b575
llr40v10-oss120b-fortran,fortran,tsvc_2_s152,llr40v10-oss120b-fortran.n0.p15.w15,1,4.537836,102033826.000000,20554314.000000,0.000000,graded_attempt,sources/llr40v10-oss120b-fortran/tsvc_2_s152/621384.621384.llr40v10-oss120b-fortran.n0.p15.w15/candidate_01_submission.txt,2fb132f11b114b2ec4f253eda83d5d7e177fc94adddeee5a8d9c47f94fc742bf
llr40v10-qwen38-c,c,tsvc_2_s152,llr40v10-qwen38-c.n0.p15.w15,2,5.936438,101878917.000000,16124536.000000,0.000000,graded_attempt,sources/llr40v10-qwen38-c/tsvc_2_s152/621016.621016.llr40v10-qwen38-c.n0.p15.w15/candidate_02_submission.txt,281d6185bb1bc78f54275fc2fa1d30200f09915205b67e05fa57c27b75fb4ee5
llr40v10-qwen38-c,c,tsvc_2_s152,llr40v10-qwen38-c.n0.p15.w15,1,4.865175,110006346.000000,21077103.000000,0.000000,graded_attempt,sources/llr40v10-qwen38-c/tsvc_2_s152/621016.621016.llr40v10-qwen38-c.n0.p15.w15/candidate_01_submission.txt,f2a06dde8d8666702a4ba36b41a9460652ea71da87231ea374e034cd221d75c1
llr40v10-qwen38-c,c,tsvc_2_s152,llr40v10-qwen38-c.n0.p15.w15,1,4.149124,97714378.000000,21356118.000000,0.000000,graded_attempt,sources/llr40v10-qwen38-c/tsvc_2_s152/621383.621383.llr40v10-qwen38-c.n0.p15.w15/candidate_01_submission.txt,31a5da52626414512fc6a85469f68a80ae34418769e038ba8d8cf95d217a818b
llr40v10-qwen38-c,c,tsvc_2_s152,llr40v10-qwen38-c.n0.p15.w15,2,3.300387,64798681.000000,17360140.000000,0.000000,graded_attempt,sources/llr40v10-qwen38-c/tsvc_2_s152/621727.621727.llr40v10-qwen38-c.n0.p15.w15/candidate_02_submission.txt,aa79358c58d2505504f52fd310868623d993e7c0dd5053d05d081e65636ef559
llr40v10-qwen38-c,c,tsvc_2_s152,llr40v10-qwen38-c.n0.p15.w15,1,2.958215,66304134.000000,20504194.000000,0.000000,graded_attempt,sources/llr40v10-qwen38-c/tsvc_2_s152/621383.621383.llr40v10-qwen38-c.n0.p15.w15/candidate_01_submission.txt,31a5da52626414512fc6a85469f68a80ae34418769e038ba8d8cf95d217a818b
llr40v10-qwen38-c,c,tsvc_2_s152,llr40v10-qwen38-c.n0.p15.w15,1,2.678033,64798681.000000,22052307.000000,0.000000,graded_attempt,sources/llr40v10-qwen38-c/tsvc_2_s152/621727.621727.llr40v10-qwen38-c.n0.p15.w15/candidate_01_submission.txt,23e71d51101d8a5c992c580e6eadfb1943b05e1c3a5d8d991af28b93934a0afe
llr40v10-qwen38-fortran,fortran,tsvc_2_s152,llr40v10-qwen38-fortran.n0.p15.w15,1,4.962965,114931540.000000,22481250.000000,0.000000,graded_attempt,sources/llr40v10-qwen38-fortran/tsvc_2_s152/621385.621385.llr40v10-qwen38-fortran.n0.p15.w15/candidate_01_submission.txt,9f6429b89fce230eeaedbe667b08007f12f034b26a2e58cf0d61dcfd96620572
llr40v10-qwen38-fortran,fortran,tsvc_2_s152,llr40v10-qwen38-fortran.n0.p15.w15,1,3.503427,75642145.000000,20712391.000000,0.000000,graded_attempt,sources/llr40v10-qwen38-fortran/tsvc_2_s152/622266.622266.llr40v10-qwen38-fortran.n0.p15.w15/candidate_01_submission.txt,a9a4d4280d521482cc95d75b6cda2cb3d9f84c116c6a3b2cb0874701f07dd47e
llr40v10-qwen38-fortran,fortran,tsvc_2_s152,llr40v10-qwen38-fortran.n0.p15.w15,1,1.596263,61469376.000000,37630881.000000,0.000000,graded_attempt,sources/llr40v10-qwen38-fortran/tsvc_2_s152/621728.621728.llr40v10-qwen38-fortran.n0.p15.w15/candidate_01_submission.txt,f32c30e3a1b3f27a5a6b0da5d7402ed8e159bcb714412788b4ec6af938b8b65f
llr40v10-kimi27sglang-c,c,tsvc_2_s2275,llr40v10-kimi27sglang-c.n0.p17.w17,2,104.251319,1373956008.000000,13043827.000000,0.000000,graded_attempt,sources/llr40v10-kimi27sglang-c/tsvc_2_s2275/621017.621017.llr40v10-kimi27sglang-c.n0.p17.w17/candidate_02_submission.txt,35af95b04b67e9bc84abfcee979d32a6bb48f4f9226d7d0ebd51dafeb125bcac
llr40v10-kimi27sglang-c,c,tsvc_2_s2275,llr40v10-kimi27sglang-c.n0.p17.w17,3,104.251319,1374800858.000000,13101607.000000,0.000000,graded_attempt,sources/llr40v10-kimi27sglang-c/tsvc_2_s2275/621017.621017.llr40v10-kimi27sglang-c.n0.p17.w17/candidate_03_submission.txt,60b5ee6ac53b226324ee9aaf8718b1af1a298d546ca7cea9fce1f5b90bfa5ae8
llr40v10-kimi27sglang-c,c,tsvc_2_s2275,llr40v10-kimi27sglang-c.n0.p17.w17,4,104.251319,1377774807.000000,13099188.000000,0.000000,graded_attempt,sources/llr40v10-kimi27sglang-c/tsvc_2_s2275/621017.621017.llr40v10-kimi27sglang-c.n0.p17.w17/candidate_03_submission.txt,60b5ee6ac53b226324ee9aaf8718b1af1a298d546ca7cea9fce1f5b90bfa5ae8
llr40v10-kimi27sglang-c,c,tsvc_2_s2275,llr40v10-kimi27sglang-c.n0.p17.w17,5,104.251319,1379818165.000000,13127657.000000,0.000000,graded_attempt,sources/llr40v10-kimi27sglang-c/tsvc_2_s2275/621017.621017.llr40v10-kimi27sglang-c.n0.p17.w17/candidate_05_submission.txt,eb6c8f654dcf3b787335aab1b1a27a0468afab1b42869aca8e9bf6bbe3ed38eb
llr40v10-kimi27sglang-c,c,tsvc_2_s2275,llr40v10-kimi27sglang-c.n0.p17.w17,1,103.219127,1373912976.000000,13134589.000000,0.000000,graded_attempt,sources/llr40v10-kimi27sglang-c/tsvc_2_s2275/621017.621017.llr40v10-kimi27sglang-c.n0.p17.w17/candidate_01_submission.txt,9527aa6cb9effb8dcaf107ae8db2fc8af299bb5c432560b559b0f4520e563666
llr40v10-kimi27sglang-c,c,tsvc_2_s2275,llr40v10-kimi27sglang-c.n0.p17.w17,6,103.219127,1373701681.000000,13182598.000000,0.000000,graded_attempt,sources/llr40v10-kimi27sglang-c/tsvc_2_s2275/621017.621017.llr40v10-kimi27sglang-c.n0.p17.w17/candidate_06_submission.txt,2f98770ea8087ebc73610d069db993a67e08a6f9dcdd6abf16adf49b7c11726a
llr40v10-kimi27sglang-c,c,tsvc_2_s2275,llr40v10-kimi27sglang-c.n0.p17.w17,2,4.232522,45591914.000000,10748631.000000,0.000000,graded_attempt,sources/llr40v10-kimi27sglang-c/tsvc_2_s2275/621729.621729.llr40v10-kimi27sglang-c.n0.p17.w17/candidate_02_submission.txt,53538ca31b88c25fa59489ca137268377bf0cccc4416d1d976cf46d84ba071e1
llr40v10-kimi27sglang-c,c,tsvc_2_s2275,llr40v10-kimi27sglang-c.n0.p17.w17,3,4.232522,45591914.000000,10740222.000000,0.000000,graded_attempt,sources/llr40v10-kimi27sglang-c/tsvc_2_s2275/621729.621729.llr40v10-kimi27sglang-c.n0.p17.w17/candidate_03_submission.txt,8348949b32b8c05a7c53d773263146dda727d489923bdeae058affdb8baba4c4
llr40v10-kimi27sglang-c,c,tsvc_2_s2275,llr40v10-kimi27sglang-c.n0.p17.w17,4,4.232522,45591914.000000,10733433.000000,0.000000,graded_attempt,sources/llr40v10-kimi27sglang-c/tsvc_2_s2275/621729.621729.llr40v10-kimi27sglang-c.n0.p17.w17/candidate_03_submission.txt,8348949b32b8c05a7c53d773263146dda727d489923bdeae058affdb8baba4c4
llr40v10-kimi27sglang-c,c,tsvc_2_s2275,llr40v10-kimi27sglang-c.n0.p17.w17,6,4.232522,45591914.000000,10733514.000000,0.000000,graded_attempt,sources/llr40v10-kimi27sglang-c/tsvc_2_s2275/621729.621729.llr40v10-kimi27sglang-c.n0.p17.w17/candidate_06_submission.txt,e9b1b3395f664dd6f451f5259da0ba6dcefe36f402a9a41e139cd3dd6a7bbdb1
llr40v10-kimi27sglang-c,c,tsvc_2_s2275,llr40v10-kimi27sglang-c.n0.p17.w17,7,4.232522,45591914.000000,10750103.000000,0.000000,graded_attempt,sources/llr40v10-kimi27sglang-c/tsvc_2_s2275/621729.621729.llr40v10-kimi27sglang-c.n0.p17.w17/candidate_07_submission.txt,8aa068a131530e423224bc2c0a36272c3e7f876a0028be5fcd3abef7856779f4
llr40v10-kimi27sglang-c,c,tsvc_2_s2275,llr40v10-kimi27sglang-c.n0.p17.w17,8,4.232522,45591914.000000,10726482.000000,0.000000,graded_attempt,sources/llr40v10-kimi27sglang-c/tsvc_2_s2275/621729.621729.llr40v10-kimi27sglang-c.n0.p17.w17/candidate_08_submission.txt,bd38d8f405c8cc0f106d8d3639fd895b45f04cbd13d8699778f5e8cb1fa5b2f6
llr40v10-kimi27sglang-c,c,tsvc_2_s2275,llr40v10-kimi27sglang-c.n0.p17.w17,1,4.190616,45591914.000000,10804384.000000,0.000000,graded_attempt,sources/llr40v10-kimi27sglang-c/tsvc_2_s2275/621729.621729.llr40v10-kimi27sglang-c.n0.p17.w17/candidate_01_submission.txt,7eaf8fc396f17926c74c0681fe88caf5735141851f2494e513ec832ae3cde57d
llr40v10-kimi27sglang-c,c,tsvc_2_s2275,llr40v10-kimi27sglang-c.n0.p17.w17,5,4.190616,45591914.000000,10757792.000000,0.000000,graded_attempt,sources/llr40v10-kimi27sglang-c/tsvc_2_s2275/621729.621729.llr40v10-kimi27sglang-c.n0.p17.w17/candidate_05_submission.txt,0074b1d6385382831bbaf4423f6d054b42588de4169a53a3787dabed6f17042e
llr40v10-kimi27sglang-fortran,fortran,tsvc_2_s2275,llr40v10-kimi27sglang-fortran.n0.p17.w17,1,121.032544,1327614994.000000,10792096.000000,0.000000,graded_attempt,sources/llr40v10-kimi27sglang-fortran/tsvc_2_s2275/621021.621021.llr40v10-kimi27sglang-fortran.n0.p17.w17/candidate_01_submission.txt,2a92c9da7ab810a42bf45640be392b04635b5401927b828c551f9d2ae8b8cfe3
llr40v10-kimi27sglang-fortran,fortran,tsvc_2_s2275,llr40v10-kimi27sglang-fortran.n0.p17.w17,1,1.909366,29851646.000000,15771888.000000,0.000000,graded_attempt,sources/llr40v10-kimi27sglang-fortran/tsvc_2_s2275/621731.621731.llr40v10-kimi27sglang-fortran.n0.p17.w17/candidate_01_submission.txt,e1d5c07e2648200079380b0b7ce6c1cbc8d932617ac6dc31f2215cd0b802fbbd
llr40v10-oss120b-c,c,tsvc_2_s2275,llr40v10-oss120b-c.n0.p17.w17,1,124.699952,1374466551.000000,10817734.000000,0.000000,graded_attempt,sources/llr40v10-oss120b-c/tsvc_2_s2275/621382.621382.llr40v10-oss120b-c.n0.p17.w17/candidate_01_submission.txt,7693564ae803e00de865ef19ff57832c23bf51dd8ef6f0120d1ef4162a5285df
llr40v10-oss120b-c,c,tsvc_2_s2275,llr40v10-oss120b-c.n0.p17.w17,1,75.071695,1225140239.000000,15920479.000000,0.000000,graded_attempt,sources/llr40v10-oss120b-c/tsvc_2_s2275/621015.621015.llr40v10-oss120b-c.n0.p17.w17/candidate_01_submission.txt,95fea25eb175f6961333e31df16fed87c0c5f679130ec34faac1ef569fc0c7a5
llr40v10-oss120b-fortran,fortran,tsvc_2_s2275,llr40v10-oss120b-fortran.n0.p17.w17,1,42.153782,1377464339.000000,31959840.000000,0.000000,graded_attempt,sources/llr40v10-oss120b-fortran/tsvc_2_s2275/621384.621384.llr40v10-oss120b-fortran.n0.p17.w17/candidate_01_submission.txt,b3fb7f0f03d0a3e53459c66614b3dbfac9538854d3ffce30f17fd1d0655c3ad3
llr40v10-oss120b-fortran,fortran,tsvc_2_s2275,llr40v10-oss120b-fortran.n0.p17.w17,1,32.544741,1371753894.000000,40585868.000000,0.000000,graded_attempt,sources/llr40v10-oss120b-fortran/tsvc_2_s2275/621019.621019.llr40v10-oss120b-fortran.n0.p17.w17/candidate_01_submission.txt,c61df40e8b79d21e0b4a24be062281f5bc8e70c77c7c79e6131382c37b8fba3a
llr40v10-qwen38-c,c,tsvc_2_s2275,llr40v10-qwen38-c.n0.p17.w17,1,125.946951,1369000453.000000,10762082.000000,0.000000,graded_attempt,sources/llr40v10-qwen38-c/tsvc_2_s2275/621016.621016.llr40v10-qwen38-c.n0.p17.w17/candidate_01_submission.txt,a58a2749beacaa62226671d73338b603bb7e271fad8568cb8b39481dd94f7d7a
llr40v10-qwen38-c,c,tsvc_2_s2275,llr40v10-qwen38-c.n0.p17.w17,1,121.032544,1320389020.000000,10762959.000000,0.000000,graded_attempt,sources/llr40v10-qwen38-c/tsvc_2_s2275/621383.621383.llr40v10-qwen38-c.n0.p17.w17/candidate_01_submission.txt,23190b8bff60fa16c9d1191f93b33606a554d07e02f192a974cca78bdd47f8f8
llr40v10-qwen38-fortran,fortran,tsvc_2_s2275,llr40v10-qwen38-fortran.n0.p17.w17,1,4.317595,46606664.000000,10778231.000000,0.000000,graded_attempt,sources/llr40v10-qwen38-fortran/tsvc_2_s2275/621728.621728.llr40v10-qwen38-fortran.n0.p17.w17/candidate_01_submission.txt,9496ea5593883de21d7e23cd1f2cd332ed8de93416305171e9011a43299ec0ac
llr40v10-qwen38-fortran,fortran,tsvc_2_s2275,llr40v10-qwen38-fortran.n0.p17.w17,1,4.317595,47202849.000000,10914941.000000,0.000000,graded_attempt,sources/llr40v10-qwen38-fortran/tsvc_2_s2275/622266.622266.llr40v10-qwen38-fortran.n0.p17.w17/candidate_01_submission.txt,e2e65fda9a366093a8a4ece0f57f7be6c155a5023c0e1da8d6a7728b0349f244
llr40v10-kimi27sglang-c,c,tsvc_2_s231,llr40v10-kimi27sglang-c.n0.p18.w18,2,30.965205,1028806885.000000,31425033.000000,0.000000,graded_attempt,sources/llr40v10-kimi27sglang-c/tsvc_2_s231/621017.621017.llr40v10-kimi27sglang-c.n0.p18.w18/candidate_02_submission.txt,25bf0636daf4cbbd0c01aa753a95713205bfc619b4b9cf351f6978022c183f04
llr40v10-kimi27sglang-c,c,tsvc_2_s231,llr40v10-kimi27sglang-c.n0.p18.w18,1,23.203533,1023684571.000000,42622897.000000,0.000000,graded_attempt,sources/llr40v10-kimi27sglang-c/tsvc_2_s231/621017.621017.llr40v10-kimi27sglang-c.n0.p18.w18/candidate_01_submission.txt,72cc1b5c8ee8036027befe9c11211cf629f003d58e9a999f2e581a628b67c44b
llr40v10-kimi27sglang-c,c,tsvc_2_s231,llr40v10-kimi27sglang-c.n0.p18.w18,3,2.216715,25992575.000000,11342507.000000,0.000000,graded_attempt,sources/llr40v10-kimi27sglang-c/tsvc_2_s231/621729.621729.llr40v10-kimi27sglang-c.n0.p18.w18/candidate_03_submission.txt,2a63e9c03cc9bd2bcc447b25bc3bac380e3270240f46d0b2881b46cc0995b18d
llr40v10-kimi27sglang-c,c,tsvc_2_s231,llr40v10-kimi27sglang-c.n0.p18.w18,1,1.445076,25992575.000000,16519551.000000,0.000000,graded_attempt,sources/llr40v10-kimi27sglang-c/tsvc_2_s231/621729.621729.llr40v10-kimi27sglang-c.n0.p18.w18/candidate_01_submission.txt,6d91ca3e0c01561e1f05cd1142869eeef6d8514d8496fb0938f86316c979d5ba
llr40v10-kimi27sglang-c,c,tsvc_2_s231,llr40v10-kimi27sglang-c.n0.p18.w18,2,1.208109,25992575.000000,21185764.000000,0.000000,graded_attempt,sources/llr40v10-kimi27sglang-c/tsvc_2_s231/621729.621729.llr40v10-kimi27sglang-c.n0.p18.w18/candidate_02_submission.txt,e4301a2bbc39814957ffbfe78d3a2136ec9cb57e5ccb0ea668f0060f99d755cc
llr40v10-kimi27sglang-fortran,fortran,tsvc_2_s231,llr40v10-kimi27sglang-fortran.n0.p18.w18,1,22.521120,981040351.000000,42437293.000000,0.000000,graded_attempt,sources/llr40v10-kimi27sglang-fortran/tsvc_2_s231/621021.621021.llr40v10-kimi27sglang-fortran.n0.p18.w18/candidate_01_submission.txt,fb580a5c4ce2106f8e6878cf3fa462248588fb50f59584748db307306eaa31cc
llr40v10-oss120b-c,c,tsvc_2_s231,llr40v10-oss120b-c.n0.p18.w18,1,84.592665,1027214445.000000,11421540.000000,0.000000,graded_attempt,sources/llr40v10-oss120b-c/tsvc_2_s231/621382.621382.llr40v10-oss120b-c.n0.p18.w18/candidate_01_submission.txt,372e3086ed2193a48c22920d2aa8839dccff3d5118ac5ec82acdbb9a67a2530f
llr40v10-oss120b-c,c,tsvc_2_s231,llr40v10-oss120b-c.n0.p18.w18,1,26.407785,904218676.000000,33118839.000000,0.000000,graded_attempt,sources/llr40v10-oss120b-c/tsvc_2_s231/621015.621015.llr40v10-oss120b-c.n0.p18.w18/candidate_01_submission.txt,684c316174b4530338d7e0d3646c3a5d15ad2e68109e93d7d917578bab716355
llr40v10-oss120b-fortran,fortran,tsvc_2_s231,llr40v10-oss120b-fortran.n0.p18.w18,1,22.077365,978275456.000000,42752007.000000,0.000000,graded_attempt,sources/llr40v10-oss120b-fortran/tsvc_2_s231/621019.621019.llr40v10-oss120b-fortran.n0.p18.w18/candidate_01_submission.txt,5804040e7009f701d301bca032558cb3e8ceb03e286f974c9eb935b914de6431
llr40v10-oss120b-fortran,fortran,tsvc_2_s231,llr40v10-oss120b-fortran.n0.p18.w18,1,22.077365,975858750.000000,42628853.000000,0.000000,graded_attempt,sources/llr40v10-oss120b-fortran/tsvc_2_s231/621384.621384.llr40v10-oss120b-fortran.n0.p18.w18/candidate_01_submission.txt,e9977b402395fa132618bf1674782137933d0c2f7f33a009e434e4469a539eba
llr40v10-qwen38-c,c,tsvc_2_s231,llr40v10-qwen38-c.n0.p18.w18,2,96.274344,1139681037.000000,11370616.000000,0.000000,graded_attempt,sources/llr40v10-qwen38-c/tsvc_2_s231/621016.621016.llr40v10-qwen38-c.n0.p18.w18/candidate_02_submission.txt,04ed18204f6a6fb8ccd577bf63606b9e84659c90cb86858c27f269d517582254
llr40v10-qwen38-c,c,tsvc_2_s231,llr40v10-qwen38-c.n0.p18.w18,5,95.321132,1021452275.000000,10402995.000000,0.000000,graded_attempt,sources/llr40v10-qwen38-c/tsvc_2_s231/621383.621383.llr40v10-qwen38-c.n0.p18.w18/candidate_05_submission.txt,e356efa26f610e0e96d7000762937c83f3cf2a59adf591a719c50fb538ac416e
llr40v10-qwen38-c,c,tsvc_2_s231,llr40v10-qwen38-c.n0.p18.w18,4,74.328411,1023239438.000000,13489377.000000,0.000000,graded_attempt,sources/llr40v10-qwen38-c/tsvc_2_s231/621383.621383.llr40v10-qwen38-c.n0.p18.w18/candidate_04_submission.txt,f287e80b640fd13ebd778a62e79249e503250435a636d46933e5334143af6403
llr40v10-qwen38-c,c,tsvc_2_s231,llr40v10-qwen38-c.n0.p18.w18,3,70.720933,1026300263.000000,14340482.000000,0.000000,graded_attempt,sources/llr40v10-qwen38-c/tsvc_2_s231/621383.621383.llr40v10-qwen38-c.n0.p18.w18/candidate_03_submission.txt,913f7067f5c0efe070a585f751cd9c5e40c551d62e6e71cf111790992cbd87c5
llr40v10-qwen38-c,c,tsvc_2_s231,llr40v10-qwen38-c.n0.p18.w18,2,65.309595,1026848436.000000,15376728.000000,0.000000,graded_attempt,sources/llr40v10-qwen38-c/tsvc_2_s231/621383.621383.llr40v10-qwen38-c.n0.p18.w18/candidate_02_submission.txt,3596bef02d17335c341925254fd776eefe7d1379f2a37655fcd2c705426fec59
llr40v10-qwen38-c,c,tsvc_2_s231,llr40v10-qwen38-c.n0.p18.w18,1,19.016327,1137627295.000000,58979092.000000,0.000000,graded_attempt,sources/llr40v10-qwen38-c/tsvc_2_s231/621016.621016.llr40v10-qwen38-c.n0.p18.w18/candidate_01_submission.txt,abb05d65a43f34d2895653085313290ade71673bbc6b7f2497c8e87ab7b81352
llr40v10-qwen38-c,c,tsvc_2_s231,llr40v10-qwen38-c.n0.p18.w18,1,19.016327,1024411811.000000,53651998.000000,0.000000,graded_attempt,sources/llr40v10-qwen38-c/tsvc_2_s231/621383.621383.llr40v10-qwen38-c.n0.p18.w18/candidate_01_submission.txt,5e27402483e98c2c21e23de4a1f5cc787393fc173dceb67c3482bb8ecba7808e
llr40v10-qwen38-c,c,tsvc_2_s231,llr40v10-qwen38-c.n0.p18.w18,1,2.173037,24522711.000000,11134918.000000,0.000000,graded_attempt,sources/llr40v10-qwen38-c/tsvc_2_s231/621727.621727.llr40v10-qwen38-c.n0.p18.w18/candidate_01_submission.txt,c3e52a1b0d366792f3ba61d5fddd035636b7547c06c254193f10518acef9400b
llr40v10-qwen38-c,c,tsvc_2_s231,llr40v10-qwen38-c.n0.p18.w18,1,1.816697,20539036.000000,11156586.000000,0.000000,graded_attempt,sources/llr40v10-qwen38-c/tsvc_2_s231/622265.622265.llr40v10-qwen38-c.n0.p18.w18/candidate_01_submission.txt,f509f6bed74b401dc7d5d47ae11f8b181481f74bbefde9700104e1515f9af566
llr40v10-qwen38-fortran,fortran,tsvc_2_s231,llr40v10-qwen38-fortran.n0.p18.w18,1,34.204850,1024754220.000000,29229375.000000,0.000000,graded_attempt,sources/llr40v10-qwen38-fortran/tsvc_2_s231/621385.621385.llr40v10-qwen38-fortran.n0.p18.w18/candidate_01_submission.txt,fbe2bd3e4e8d9d6207fbe60bde6596ad969b054b214202cf8408e5e44c7b539d
llr40v10-qwen38-fortran,fortran,tsvc_2_s231,llr40v10-qwen38-fortran.n0.p18.w18,1,18.457060,1020442433.000000,54635503.000000,0.000000,graded_attempt,sources/llr40v10-qwen38-fortran/tsvc_2_s231/621020.621020.llr40v10-qwen38-fortran.n0.p18.w18/candidate_01_submission.txt,baf87893671545904d361ac4057201475df109786867b72570a32d1f48f64244
llr40v10-qwen38-fortran,fortran,tsvc_2_s231,llr40v10-qwen38-fortran.n0.p18.w18,1,1.000000,27272114.000000,20315958.000000,0.000000,graded_attempt,sources/llr40v10-qwen38-fortran/tsvc_2_s231/621728.621728.llr40v10-qwen38-fortran.n0.p18.w18/candidate_01_submission.txt,a5034273b90e5c32b11e69a1192a2c28afa3ebf71f914ec90028f1c8638b0fbd
llr40v10-kimi27sglang-c,c,tsvc_2_s233,llr40v10-kimi27sglang-c.n0.p19.w19,7,46.102970,770585235.000000,16324930.000000,0.000000,graded_attempt,sources/llr40v10-kimi27sglang-c/tsvc_2_s233/621017.621017.llr40v10-kimi27sglang-c.n0.p19.w19/candidate_07_submission.txt,56a45ebbbec82e0bbd9923975e57bb20e3623d8876ca0f9857b2540c85bfe8bc
llr40v10-kimi27sglang-c,c,tsvc_2_s233,llr40v10-kimi27sglang-c.n0.p19.w19,6,45.194560,771442334.000000,16467320.000000,0.000000,graded_attempt,sources/llr40v10-kimi27sglang-c/tsvc_2_s233/621017.621017.llr40v10-kimi27sglang-c.n0.p19.w19/candidate_06_submission.txt,18cf8068d42e5bf944744edbb5b70d7539c15cef7835536859bdbd6b4e0e8309
llr40v10-kimi27sglang-c,c,tsvc_2_s233,llr40v10-kimi27sglang-c.n0.p19.w19,5,44.304048,745991087.000000,16418240.000000,0.000000,graded_attempt,sources/llr40v10-kimi27sglang-c/tsvc_2_s233/621017.621017.llr40v10-kimi27sglang-c.n0.p19.w19/candidate_05_submission.txt,c01b5bcaef5efc77701ec03b9fe4474aabe8e6f076e61fdfdabe7ea6bac4d9ea
llr40v10-kimi27sglang-c,c,tsvc_2_s233,llr40v10-kimi27sglang-c.n0.p19.w19,2,43.431083,768253021.000000,17099766.000000,0.000000,graded_attempt,sources/llr40v10-kimi27sglang-c/tsvc_2_s233/621017.621017.llr40v10-kimi27sglang-c.n0.p19.w19/candidate_02_submission.txt,3c14da893bc9553e08ac6a49711629f94e1b06134f3e4237babc49979408295e
llr40v10-kimi27sglang-c,c,tsvc_2_s233,llr40v10-kimi27sglang-c.n0.p19.w19,4,43.431083,743979743.000000,16446640.000000,0.000000,graded_attempt,sources/llr40v10-kimi27sglang-c/tsvc_2_s233/621017.621017.llr40v10-kimi27sglang-c.n0.p19.w19/candidate_04_submission.txt,1d6fe4205da7a3b3cf899ef7ba9ae94867355975d82c21e194881be4426f00fd
llr40v10-kimi27sglang-c,c,tsvc_2_s233,llr40v10-kimi27sglang-c.n0.p19.w19,3,43.001073,744019079.000000,16805703.000000,0.000000,graded_attempt,sources/llr40v10-kimi27sglang-c/tsvc_2_s233/621017.621017.llr40v10-kimi27sglang-c.n0.p19.w19/candidate_03_submission.txt,34a989c7ae84225909b9b4e13825695fee33371f2a83b9eeafe63a4141d35d76
llr40v10-kimi27sglang-c,c,tsvc_2_s233,llr40v10-kimi27sglang-c.n0.p19.w19,1,39.710769,773446169.000000,19209136.000000,0.000000,graded_attempt,sources/llr40v10-kimi27sglang-c/tsvc_2_s233/621017.621017.llr40v10-kimi27sglang-c.n0.p19.w19/candidate_01_submission.txt,ab255ca54d62d6cbdf3548a460afd911fea5a8942373d0b0d69f71f44db5f8f7
llr40v10-kimi27sglang-c,c,tsvc_2_s233,llr40v10-kimi27sglang-c.n0.p19.w19,1,26.671863,1134198711.000000,38308979.000000,0.000000,graded_attempt,sources/llr40v10-kimi27sglang-c/tsvc_2_s233/621729.621729.llr40v10-kimi27sglang-c.n0.p19.w19/candidate_01_submission.txt,03b335e9e4177e0564e38604d42f4479da42ac3d3d4487d59d4f6c13b78d5207
llr40v10-oss120b-c,c,tsvc_2_s233,llr40v10-oss120b-c.n0.p19.w19,1,30.355068,750567554.000000,21994580.000000,0.000000,graded_attempt,sources/llr40v10-oss120b-c/tsvc_2_s233/621382.621382.llr40v10-oss120b-c.n0.p19.w19/candidate_01_submission.txt,99a28d37a8f1f9d87a177119bd777199c4120cdb9308331f1a6bc41c23f68b74
llr40v10-oss120b-fortran,fortran,tsvc_2_s233,llr40v10-oss120b-fortran.n0.p19.w19,1,29.756953,769527108.000000,24544548.000000,0.000000,graded_attempt,sources/llr40v10-oss120b-fortran/tsvc_2_s233/621384.621384.llr40v10-oss120b-fortran.n0.p19.w19/candidate_01_submission.txt,e75d60850260a9258b594b36e8b690e109ebcd815686375a5b655174e1509319
llr40v10-oss120b-fortran,fortran,tsvc_2_s233,llr40v10-oss120b-fortran.n0.p19.w19,1,23.203533,742885432.000000,30026475.000000,0.000000,graded_attempt,sources/llr40v10-oss120b-fortran/tsvc_2_s233/621019.621019.llr40v10-oss120b-fortran.n0.p19.w19/candidate_01_submission.txt,8331e18e795392b393ab3072388bbfbce544b74a15c334d41662b4fe56c4d5a0
llr40v10-qwen38-c,c,tsvc_2_s233,llr40v10-qwen38-c.n0.p19.w19,2,98.209458,1084015405.000000,10405130.000000,0.000000,graded_attempt,sources/llr40v10-qwen38-c/tsvc_2_s233/621727.621727.llr40v10-qwen38-c.n0.p19.w19/candidate_02_submission.txt,d6cf9370c2ede874c761feff8d79615a8dda0ec4a328af75e29028833eb01505
llr40v10-qwen38-c,c,tsvc_2_s233,llr40v10-qwen38-c.n0.p19.w19,1,75.071695,1084015405.000000,13944978.000000,0.000000,graded_attempt,sources/llr40v10-qwen38-c/tsvc_2_s233/621727.621727.llr40v10-qwen38-c.n0.p19.w19/candidate_01_submission.txt,5179b85fb41f95d21b8d4768329336440ef5d03ee515dfe5e39244b50f405684
llr40v10-qwen38-c,c,tsvc_2_s233,llr40v10-qwen38-c.n0.p19.w19,1,40.508956,769660270.000000,18188235.000000,0.000000,graded_attempt,sources/llr40v10-qwen38-c/tsvc_2_s233/621383.621383.llr40v10-qwen38-c.n0.p19.w19/candidate_01_submission.txt,a76bb06b9a338403406a4c4202c1f23b715d1a5b4ff62dec6e74a203e7a2c948
llr40v10-kimi27sglang-c,c,tsvc_2_s235,llr40v10-kimi27sglang-c.n0.p0.w0,1,2.238882,26583379.000000,11497750.000000,0.000000,graded_attempt,sources/llr40v10-kimi27sglang-c/tsvc_2_s235/621730.621730.llr40v10-kimi27sglang-c.n0.p0.w0/candidate_01_submission.txt,4277a2508c11804bb734df055b926cf6267753f2de6ddd393da8293ff44249db
llr40v10-kimi27sglang-c,c,tsvc_2_s235,llr40v10-kimi27sglang-c.n0.p0.w0,2,2.238882,26583379.000000,11456328.000000,0.000000,graded_attempt,sources/llr40v10-kimi27sglang-c/tsvc_2_s235/621730.621730.llr40v10-kimi27sglang-c.n0.p0.w0/candidate_02_submission.txt,38dedd9579917372dd5586e3153a6d8a5a3b8ae5bd577337068d29cd57360fa7
llr40v10-kimi27sglang-fortran,fortran,tsvc_2_s235,llr40v10-kimi27sglang-fortran.n0.p0.w0,2,32.222516,1044235569.000000,31290371.000000,0.000000,graded_attempt,sources/llr40v10-kimi27sglang-fortran/tsvc_2_s235/621022.621022.llr40v10-kimi27sglang-fortran.n0.p0.w0/candidate_02_submission.txt,a769df14b4e33607ec3503953f49b6c3523145f75ba30a61d5ea49dcfeecb5d8
llr40v10-kimi27sglang-fortran,fortran,tsvc_2_s235,llr40v10-kimi27sglang-fortran.n0.p0.w0,1,23.203533,1043149556.000000,43759079.000000,0.000000,graded_attempt,sources/llr40v10-kimi27sglang-fortran/tsvc_2_s235/621022.621022.llr40v10-kimi27sglang-fortran.n0.p0.w0/candidate_01_submission.txt,a8640aa3498f78d674f65b4beebeacce50d539478de09d376cde40496f6e6d78
llr40v10-oss120b-c,c,tsvc_2_s235,llr40v10-oss120b-c.n0.p20.w20,1,17.044785,1038453430.000000,60560376.000000,0.000000,graded_attempt,sources/llr40v10-oss120b-c/tsvc_2_s235/621382.621382.llr40v10-oss120b-c.n0.p20.w20/candidate_01_submission.txt,af4646ff172f3dc8373a4e81f24dcd7d60472dff5a9dc944f12374e61a39459d
llr40v10-oss120b-c,c,tsvc_2_s235,llr40v10-oss120b-c.n0.p20.w20,1,15.897979,1039827553.000000,64602832.000000,0.000000,graded_attempt,sources/llr40v10-oss120b-c/tsvc_2_s235/621015.621015.llr40v10-oss120b-c.n0.p20.w20/candidate_01_submission.txt,c145ab667d32771d0fe99c5cccd906be6d4b5a21e439afcac44c1d291e5e756a
llr40v10-oss120b-c,c,tsvc_2_s235,llr40v10-oss120b-c.n0.p20.w20,2,15.740573,1039098071.000000,64950831.000000,0.000000,graded_attempt,sources/llr40v10-oss120b-c/tsvc_2_s235/621015.621015.llr40v10-oss120b-c.n0.p20.w20/candidate_01_submission.txt,c145ab667d32771d0fe99c5cccd906be6d4b5a21e439afcac44c1d291e5e756a
llr40v10-oss120b-c,c,tsvc_2_s235,llr40v10-oss120b-c.n0.p20.w20,3,15.740573,1035452779.000000,65118034.000000,0.000000,graded_attempt,sources/llr40v10-oss120b-c/tsvc_2_s235/621015.621015.llr40v10-oss120b-c.n0.p20.w20/candidate_01_submission.txt,c145ab667d32771d0fe99c5cccd906be6d4b5a21e439afcac44c1d291e5e756a
llr40v10-oss120b-fortran,fortran,tsvc_2_s235,llr40v10-oss120b-fortran.n0.p20.w20,1,31.274857,996943657.000000,30450354.000000,0.000000,graded_attempt,sources/llr40v10-oss120b-fortran/tsvc_2_s235/621384.621384.llr40v10-oss120b-fortran.n0.p20.w20/candidate_01_submission.txt,327c0302a0bf15ef224f72a1f4ebe23287e07df6e66c4834406a0bc2cc47c853
llr40v10-oss120b-fortran,fortran,tsvc_2_s235,llr40v10-oss120b-fortran.n0.p20.w20,1,23.203533,1037716067.000000,43838506.000000,0.000000,graded_attempt,sources/llr40v10-oss120b-fortran/tsvc_2_s235/621019.621019.llr40v10-oss120b-fortran.n0.p20.w20/candidate_01_submission.txt,c69e20b2cf5f13bf9b1b05a35c21bab7cf3a812ea57358d0d2736758556fb7af
llr40v10-qwen38-fortran,fortran,tsvc_2_s235,llr40v10-qwen38-fortran.n0.p20.w20,1,23.203533,1037977226.000000,43730897.000000,0.000000,graded_attempt,sources/llr40v10-qwen38-fortran/tsvc_2_s235/621385.621385.llr40v10-qwen38-fortran.n0.p20.w20/candidate_01_submission.txt,235a3cd95117c2eab15d0e8677bbe3fe75efd79aa9966d53bbec745c256b5e2f
llr40v10-kimi27sglang-c,c,tsvc_2_s252,llr40v10-kimi27sglang-c.n0.p1.w1,2,5.216126,94833638.000000,17849699.000000,0.000000,graded_attempt,sources/llr40v10-kimi27sglang-c/tsvc_2_s252/621018.621018.llr40v10-kimi27sglang-c.n0.p1.w1/candidate_02_submission.txt,71abe07e7f72019f2e38136a4ad676701ad3a41355d2ef56e8cc4bd95ff3957f
llr40v10-kimi27sglang-c,c,tsvc_2_s252,llr40v10-kimi27sglang-c.n0.p1.w1,1,3.468740,94833638.000000,25856788.000000,0.000000,graded_attempt,sources/llr40v10-kimi27sglang-c/tsvc_2_s252/621018.621018.llr40v10-kimi27sglang-c.n0.p1.w1/candidate_01_submission.txt,6369ae89b30e4e83fba30adea4f1094eefea68c35986ef434911daa1008e18f8
llr40v10-kimi27sglang-fortran,fortran,tsvc_2_s252,llr40v10-kimi27sglang-fortran.n0.p1.w1,2,4.067370,109313911.000000,25900666.000000,0.000000,graded_attempt,sources/llr40v10-kimi27sglang-fortran/tsvc_2_s252/621022.621022.llr40v10-kimi27sglang-fortran.n0.p1.w1/candidate_02_submission.txt,80f5167e17808b18e9e632cfb2cc1fba7ffa24f6ff563a7b75f0b988db843846
llr40v10-kimi27sglang-fortran,fortran,tsvc_2_s252,llr40v10-kimi27sglang-fortran.n0.p1.w1,1,3.682137,101482530.000000,25689159.000000,0.000000,graded_attempt,sources/llr40v10-kimi27sglang-fortran/tsvc_2_s252/621022.621022.llr40v10-kimi27sglang-fortran.n0.p1.w1/candidate_01_submission.txt,59d749cb2f34e4b88960827d21b57a232973bd4d0215280865f341484bf4e63a
llr40v10-oss120b-c,c,tsvc_2_s252,llr40v10-oss120b-c.n0.p21.w21,1,5.062720,150309599.000000,28673207.000000,0.000000,graded_attempt,sources/llr40v10-oss120b-c/tsvc_2_s252/621015.621015.llr40v10-oss120b-c.n0.p21.w21/candidate_01_submission.txt,917a318dee59e43bb0db432f1e5f4bc47d50ac966e56973e1a323651c7e151ed
llr40v10-oss120b-c,c,tsvc_2_s252,llr40v10-oss120b-c.n0.p21.w21,1,2.573538,105673683.000000,40159712.000000,0.000000,graded_attempt,sources/llr40v10-oss120b-c/tsvc_2_s252/621382.621382.llr40v10-oss120b-c.n0.p21.w21/candidate_01_submission.txt,3d105fcdd9096448b867d7f0a65c0e4ad431df551314f066fca543bf6bb0dba6
llr40v10-oss120b-fortran,fortran,tsvc_2_s252,llr40v10-oss120b-fortran.n0.p21.w21,1,3.718959,102390028.000000,25803763.000000,0.000000,graded_attempt,sources/llr40v10-oss120b-fortran/tsvc_2_s252/621384.621384.llr40v10-oss120b-fortran.n0.p21.w21/candidate_01_submission.txt,06bb2845cbfdedec70fd55944a147ab2b4695fa81bc129571fc28f7a5b4e02f7
llr40v10-oss120b-fortran,fortran,tsvc_2_s252,llr40v10-oss120b-fortran.n0.p21.w21,1,2.958215,120353482.000000,39927843.000000,0.000000,graded_attempt,sources/llr40v10-oss120b-fortran/tsvc_2_s252/621019.621019.llr40v10-oss120b-fortran.n0.p21.w21/candidate_01_submission.txt,2b7e50dce40f609e295a8604294dc659d30ac309e616070570bf99cbba8fd2e8
llr40v10-qwen38-c,c,tsvc_2_s252,llr40v10-qwen38-c.n0.p21.w21,1,4.108044,107892030.000000,24852619.000000,0.000000,graded_attempt,sources/llr40v10-qwen38-c/tsvc_2_s252/621016.621016.llr40v10-qwen38-c.n0.p21.w21/candidate_01_submission.txt,7b633eb6cc3f9ac877c36d74b0ac30d22e42059ded716bd1adff7b98fcf37890
llr40v10-qwen38-c,c,tsvc_2_s252,llr40v10-qwen38-c.n0.p21.w21,1,4.108044,112585809.000000,25561165.000000,0.000000,graded_attempt,sources/llr40v10-qwen38-c/tsvc_2_s252/621383.621383.llr40v10-qwen38-c.n0.p21.w21/candidate_01_submission.txt,27e5943c3cb7a692ca24a082ad45fbf6cb960046afbd26ded43d8aa346a57da9
llr40v10-qwen38-fortran,fortran,tsvc_2_s252,llr40v10-qwen38-fortran.n0.p21.w21,1,4.448423,120383053.000000,25761509.000000,0.000000,graded_attempt,sources/llr40v10-qwen38-fortran/tsvc_2_s252/621020.621020.llr40v10-qwen38-fortran.n0.p21.w21/candidate_01_submission.txt,c1b199bb2a05676f2e1c9a812912df0c4858d10601874b67e89bb64bc754ccc6
llr40v10-qwen38-fortran,fortran,tsvc_2_s252,llr40v10-qwen38-fortran.n0.p21.w21,1,3.203323,89980046.000000,25729630.000000,0.000000,graded_attempt,sources/llr40v10-qwen38-fortran/tsvc_2_s252/622266.622266.llr40v10-qwen38-fortran.n0.p21.w21/candidate_01_submission.txt,b549676d46dd7c241906396acca5afa9d9a16c9df84d897ff5615cc3d425d4dc
llr40v10-qwen38-fortran,fortran,tsvc_2_s252,llr40v10-qwen38-fortran.n0.p21.w21,1,2.573538,103994824.000000,29828085.000000,0.000000,graded_attempt,sources/llr40v10-qwen38-fortran/tsvc_2_s252/621385.621385.llr40v10-qwen38-fortran.n0.p21.w21/candidate_01_submission.txt,413bdf6f304eade432764437e4ac7e8739a391288a7febe27f73e63ef914b580
llr40v10-kimi27sglang-c,c,tsvc_2_s255,llr40v10-kimi27sglang-c.n0.p2.w2,1,7.843761,147225066.000000,18259090.000000,0.000000,graded_attempt,sources/llr40v10-kimi27sglang-c/tsvc_2_s255/621018.621018.llr40v10-kimi27sglang-c.n0.p2.w2/candidate_01_submission.txt,cd5bee3870d9d937363d21cc230281a2db5c391ed358c947e6b0a7c18efb76f5
llr40v10-kimi27sglang-c,c,tsvc_2_s255,llr40v10-kimi27sglang-c.n0.p2.w2,2,7.766100,147862632.000000,18870252.000000,0.000000,graded_attempt,sources/llr40v10-kimi27sglang-c/tsvc_2_s255/621730.621730.llr40v10-kimi27sglang-c.n0.p2.w2/candidate_02_submission.txt,1776216390387315f56e73970ca566fee2ec617e0439ef45ec1aa02798e9c4f4
llr40v10-kimi27sglang-c,c,tsvc_2_s255,llr40v10-kimi27sglang-c.n0.p2.w2,3,7.766100,147862632.000000,18835340.000000,0.000000,graded_attempt,sources/llr40v10-kimi27sglang-c/tsvc_2_s255/621730.621730.llr40v10-kimi27sglang-c.n0.p2.w2/candidate_02_submission.txt,1776216390387315f56e73970ca566fee2ec617e0439ef45ec1aa02798e9c4f4
llr40v10-kimi27sglang-c,c,tsvc_2_s255,llr40v10-kimi27sglang-c.n0.p2.w2,1,1.196147,147862632.000000,120736749.000000,0.000000,graded_attempt,sources/llr40v10-kimi27sglang-c/tsvc_2_s255/621730.621730.llr40v10-kimi27sglang-c.n0.p2.w2/candidate_01_submission.txt,16124a4241f15df5183186c24b5cabafde67d53a30a645805489e411442e5c27
llr40v10-kimi27sglang-fortran,fortran,tsvc_2_s255,llr40v10-kimi27sglang-fortran.n0.p2.w2,1,6.301648,117198588.000000,18349437.000000,0.000000,graded_attempt,sources/llr40v10-kimi27sglang-fortran/tsvc_2_s255/621022.621022.llr40v10-kimi27sglang-fortran.n0.p2.w2/candidate_01_submission.txt,f057a637c0cd7c6354673445465dd2d4b68d60aa09f39636b906ce00a30723c4
llr40v10-kimi27sglang-fortran,fortran,tsvc_2_s255,llr40v10-kimi27sglang-fortran.n0.p2.w2,2,6.177481,113470525.000000,18193823.000000,0.000000,graded_attempt,sources/llr40v10-kimi27sglang-fortran/tsvc_2_s255/621022.621022.llr40v10-kimi27sglang-fortran.n0.p2.w2/candidate_02_submission.txt,7cef8d761986210d6c716150aced808600751cb5d804147e6ddafced9ca338f1
llr40v10-kimi27sglang-fortran,fortran,tsvc_2_s255,llr40v10-kimi27sglang-fortran.n0.p2.w2,3,6.177481,113738821.000000,18248845.000000,0.000000,graded_attempt,sources/llr40v10-kimi27sglang-fortran/tsvc_2_s255/621022.621022.llr40v10-kimi27sglang-fortran.n0.p2.w2/candidate_02_submission.txt,7cef8d761986210d6c716150aced808600751cb5d804147e6ddafced9ca338f1
llr40v10-oss120b-c,c,tsvc_2_s255,llr40v10-oss120b-c.n0.p22.w22,1,5.995802,110362947.000000,18162658.000000,0.000000,graded_attempt,sources/llr40v10-oss120b-c/tsvc_2_s255/621382.621382.llr40v10-oss120b-c.n0.p22.w22/candidate_01_submission.txt,0fe9872e650757d9cc33f63564cf83023db1a5f60aec3da5ea514a1858cefab6
llr40v10-oss120b-c,c,tsvc_2_s255,llr40v10-oss120b-c.n0.p22.w22,1,5.819466,163553555.000000,27522907.000000,0.000000,graded_attempt,sources/llr40v10-oss120b-c/tsvc_2_s255/621015.621015.llr40v10-oss120b-c.n0.p22.w22/candidate_01_submission.txt,b23f577ca43f832b118805e96073ad8403d25b68fd50e97de1e0d8196c93f9db
llr40v10-oss120b-fortran,fortran,tsvc_2_s255,llr40v10-oss120b-fortran.n0.p22.w22,1,6.364665,124323230.000000,19046966.000000,0.000000,graded_attempt,sources/llr40v10-oss120b-fortran/tsvc_2_s255/621019.621019.llr40v10-oss120b-fortran.n0.p22.w22/candidate_01_submission.txt,640c52d0059b0b28f55185d08288dbd7a98b4a6f64d5b11614c257854945bb95
llr40v10-oss120b-fortran,fortran,tsvc_2_s255,llr40v10-oss120b-fortran.n0.p22.w22,1,5.648317,107060361.000000,18293273.000000,0.000000,graded_attempt,sources/llr40v10-oss120b-fortran/tsvc_2_s255/621384.621384.llr40v10-oss120b-fortran.n0.p22.w22/candidate_01_submission.txt,a05519a9311e587b467de6c9889311d82f0823490f63b6d344d1cdb9f37cdf82
llr40v10-oss120b-fortran,fortran,tsvc_2_s255,llr40v10-oss120b-fortran.n0.p22.w22,2,5.592393,106818822.000000,18308895.000000,0.000000,graded_attempt,sources/llr40v10-oss120b-fortran/tsvc_2_s255/621019.621019.llr40v10-oss120b-fortran.n0.p22.w22/candidate_02_submission.txt,aeaa8a45ae9a402f9bbeede8e04724049f74f5a90132912ad6a4b8f9d61d35cf
llr40v10-qwen38-c,c,tsvc_2_s255,llr40v10-qwen38-c.n0.p22.w22,1,38.542881,3838552900.000000,100196580.000000,0.000000,graded_attempt,sources/llr40v10-qwen38-c/tsvc_2_s255/621727.621727.llr40v10-qwen38-c.n0.p22.w22/candidate_01_submission.txt,99c1758758239eb7893d96f45d8ce5509ec71dc088db184eb780148d4bf8a2ca
llr40v10-qwen38-c,c,tsvc_2_s255,llr40v10-qwen38-c.n0.p22.w22,1,7.243582,133864875.000000,18401962.000000,0.000000,graded_attempt,sources/llr40v10-qwen38-c/tsvc_2_s255/622265.622265.llr40v10-qwen38-c.n0.p22.w22/candidate_01_submission.txt,60ee6d1dbf096bf81f7ab896eb9f8c647f76d4b34fc0ad4556eb6540d7504fd4
llr40v10-qwen38-fortran,fortran,tsvc_2_s255,llr40v10-qwen38-fortran.n0.p22.w22,1,247.765638,4519603166.000000,18232606.000000,0.000000,graded_attempt,sources/llr40v10-qwen38-fortran/tsvc_2_s255/621728.621728.llr40v10-qwen38-fortran.n0.p22.w22/candidate_01_submission.txt,38ad53a4faa12be5f966ae762fdb72d34f108c23c474c833068aea46a8b0bf58
llr40v10-qwen38-fortran,fortran,tsvc_2_s255,llr40v10-qwen38-fortran.n0.p22.w22,1,245.312513,4377163150.000000,18100605.000000,0.000000,graded_attempt,sources/llr40v10-qwen38-fortran/tsvc_2_s255/622266.622266.llr40v10-qwen38-fortran.n0.p22.w22/candidate_01_submission.txt,7e65d4ae30ef6729a1454b8682091b4f3abdc776af03263b248996e1245a5d6e
llr40v10-qwen38-fortran,fortran,tsvc_2_s255,llr40v10-qwen38-fortran.n0.p22.w22,1,5.819466,112100082.000000,18657719.000000,0.000000,graded_attempt,sources/llr40v10-qwen38-fortran/tsvc_2_s255/621020.621020.llr40v10-qwen38-fortran.n0.p22.w22/candidate_01_submission.txt,32621e7d80cdf46646913e09f6faf23fd2c3108690cf7bb10b1cc4886f6e265f
llr40v10-kimi27sglang-c,c,tsvc_2_s2710,llr40v10-kimi27sglang-c.n0.p3.w3,1,1.661078,26805739.000000,16031289.000000,0.000000,graded_attempt,sources/llr40v10-kimi27sglang-c/tsvc_2_s2710/621018.621018.llr40v10-kimi27sglang-c.n0.p3.w3/candidate_01_submission.txt,04c1e85d77225f61cdc3f5bfdf199346d3b82bde84c4021e021ac0a57f565eaa
llr40v10-kimi27sglang-c,c,tsvc_2_s2710,llr40v10-kimi27sglang-c.n0.p3.w3,1,1.596263,26467238.000000,16011054.000000,0.000000,graded_attempt,sources/llr40v10-kimi27sglang-c/tsvc_2_s2710/621730.621730.llr40v10-kimi27sglang-c.n0.p3.w3/candidate_01_submission.txt,eb8b58b36592a2d3bcefc2b7d74e8336e7cf10b6f9e0f4c6835c1bfb5cc7363d
llr40v10-kimi27sglang-fortran,fortran,tsvc_2_s2710,llr40v10-kimi27sglang-fortran.n0.p3.w3,5,40.508956,642382863.000000,16043209.000000,0.000000,graded_attempt,sources/llr40v10-kimi27sglang-fortran/tsvc_2_s2710/621022.621022.llr40v10-kimi27sglang-fortran.n0.p3.w3/candidate_03_submission.txt,91c5abb4bd6419b5fb7c2b70c738108600714e607e713795e363271204528c9e
llr40v10-kimi27sglang-fortran,fortran,tsvc_2_s2710,llr40v10-kimi27sglang-fortran.n0.p3.w3,6,40.508956,647318835.000000,15964830.000000,0.000000,graded_attempt,sources/llr40v10-kimi27sglang-fortran/tsvc_2_s2710/621022.621022.llr40v10-kimi27sglang-fortran.n0.p3.w3/candidate_06_submission.txt,15c48a8b47e3c8c62b034fd7c23c9f45b542674e813085f2c04c9c17c1f287f9
llr40v10-kimi27sglang-fortran,fortran,tsvc_2_s2710,llr40v10-kimi27sglang-fortran.n0.p3.w3,3,40.107877,638284443.000000,15990330.000000,0.000000,graded_attempt,sources/llr40v10-kimi27sglang-fortran/tsvc_2_s2710/621022.621022.llr40v10-kimi27sglang-fortran.n0.p3.w3/candidate_03_submission.txt,91c5abb4bd6419b5fb7c2b70c738108600714e607e713795e363271204528c9e
llr40v10-kimi27sglang-fortran,fortran,tsvc_2_s2710,llr40v10-kimi27sglang-fortran.n0.p3.w3,2,39.710769,638060550.000000,15999449.000000,0.000000,graded_attempt,sources/llr40v10-kimi27sglang-fortran/tsvc_2_s2710/621022.621022.llr40v10-kimi27sglang-fortran.n0.p3.w3/candidate_02_submission.txt,5af2a931b60bb12e9c8c83262b551ebb4ca0df3b99171f934519ed06dc1716da
llr40v10-kimi27sglang-fortran,fortran,tsvc_2_s2710,llr40v10-kimi27sglang-fortran.n0.p3.w3,4,39.710769,638230495.000000,15973838.000000,0.000000,graded_attempt,sources/llr40v10-kimi27sglang-fortran/tsvc_2_s2710/621022.621022.llr40v10-kimi27sglang-fortran.n0.p3.w3/candidate_04_submission.txt,bc97790087a649fabe4e87684dad39bccc6ea5e8afb9f2b0e6ff344b071ff82a
llr40v10-kimi27sglang-fortran,fortran,tsvc_2_s2710,llr40v10-kimi27sglang-fortran.n0.p3.w3,1,23.669924,638512169.000000,25515527.000000,0.000000,graded_attempt,sources/llr40v10-kimi27sglang-fortran/tsvc_2_s2710/621022.621022.llr40v10-kimi27sglang-fortran.n0.p3.w3/candidate_01_submission.txt,eff31febab39c491db58a379d841a870c658f31678434af9e7c9b8db0a8d1dd1
llr40v10-oss120b-c,c,tsvc_2_s2710,llr40v10-oss120b-c.n0.p23.w23,1,25.377362,638454401.000000,24174056.000000,0.000000,graded_attempt,sources/llr40v10-oss120b-c/tsvc_2_s2710/621015.621015.llr40v10-oss120b-c.n0.p23.w23/candidate_01_submission.txt,67c8884acdd767fa7a679fcb91370dfe05b7b439252db1506ddf21d66c2b5b0e
llr40v10-oss120b-c,c,tsvc_2_s2710,llr40v10-oss120b-c.n0.p23.w23,1,21.642354,637706231.000000,26655437.000000,0.000000,graded_attempt,sources/llr40v10-oss120b-c/tsvc_2_s2710/621382.621382.llr40v10-oss120b-c.n0.p23.w23/candidate_01_submission.txt,c104b81ae6c4c8a7ea2dbcdb9a7426cb31939fb8012c8e9fbb5b988c21e5dfe7
llr40v10-oss120b-fortran,fortran,tsvc_2_s2710,llr40v10-oss120b-fortran.n0.p23.w23,1,21.215914,648871693.000000,26525828.000000,0.000000,graded_attempt,sources/llr40v10-oss120b-fortran/tsvc_2_s2710/621019.621019.llr40v10-oss120b-fortran.n0.p23.w23/candidate_01_submission.txt,b07bf3077d619eafbb154fbcca097f49745767f58772800e0b3f1c91ff0688fa
llr40v10-oss120b-fortran,fortran,tsvc_2_s2710,llr40v10-oss120b-fortran.n0.p23.w23,1,13.830653,647124056.000000,32069670.000000,0.000000,graded_attempt,sources/llr40v10-oss120b-fortran/tsvc_2_s2710/621384.621384.llr40v10-oss120b-fortran.n0.p23.w23/candidate_01_submission.txt,33913e0fb609e744bbb12feb323b4072fb563fa33ed2ee571cdc4fbaea9f5d3c
llr40v10-qwen38-c,c,tsvc_2_s2710,llr40v10-qwen38-c.n0.p23.w23,1,39.710769,638427614.000000,16051247.000000,0.000000,graded_attempt,sources/llr40v10-qwen38-c/tsvc_2_s2710/621016.621016.llr40v10-qwen38-c.n0.p23.w23/candidate_01_submission.txt,bb6617feff3e6d52731e3d99686cb9f21482cfab345d8b3d9a6273e990fbe066
llr40v10-qwen38-fortran,fortran,tsvc_2_s2710,llr40v10-qwen38-fortran.n0.p23.w23,1,32.870189,644976843.000000,17964717.000000,0.000000,graded_attempt,sources/llr40v10-qwen38-fortran/tsvc_2_s2710/621385.621385.llr40v10-qwen38-fortran.n0.p23.w23/candidate_01_submission.txt,9b56847d721db338fdcbaaf2662d9c43e74e9bbd7addf9fdf57cc8723149045a
llr40v10-qwen38-fortran,fortran,tsvc_2_s2710,llr40v10-qwen38-fortran.n0.p23.w23,1,1.000000,24622302.000000,23570360.000000,0.000000,graded_attempt,sources/llr40v10-qwen38-fortran/tsvc_2_s2710/621728.621728.llr40v10-qwen38-fortran.n0.p23.w23/candidate_01_submission.txt,ab5a8cef7bd608f234226f39fcd0267a69b47845147f2b6ed0e4e2c9c7fbc4ea
llr40v10-kimi27sglang-fortran,fortran,tsvc_2_s275,llr40v10-kimi27sglang-fortran.n0.p4.w4,1,23.435568,1128993107.000000,46777020.000000,0.000000,graded_attempt,sources/llr40v10-kimi27sglang-fortran/tsvc_2_s275/621022.621022.llr40v10-kimi27sglang-fortran.n0.p4.w4/candidate_01_submission.txt,4c678ddc62e45665f2335efa8bd7679382e0a5ca84a62596c98d1f81c593ec8e
llr40v10-oss120b-c,c,tsvc_2_s275,llr40v10-oss120b-c.n0.p24.w24,1,28.032396,1131658459.000000,39720566.000000,0.000000,graded_attempt,sources/llr40v10-oss120b-c/tsvc_2_s275/621382.621382.llr40v10-oss120b-c.n0.p24.w24/candidate_01_submission.txt,382633f4fed71024de007ead20eff5286037c70db608b432f49901f36ef3bcb4
llr40v10-oss120b-c,c,tsvc_2_s275,llr40v10-oss120b-c.n0.p24.w24,2,27.207967,1082465965.000000,38785185.000000,0.000000,graded_attempt,sources/llr40v10-oss120b-c/tsvc_2_s275/621015.621015.llr40v10-oss120b-c.n0.p24.w24/candidate_01_submission.txt,a759d004cfc5776e34441f01b34f9f319c27eff6ad817c6d0df7ac18ea227077
llr40v10-oss120b-c,c,tsvc_2_s275,llr40v10-oss120b-c.n0.p24.w24,1,26.938581,1083632082.000000,38852145.000000,0.000000,graded_attempt,sources/llr40v10-oss120b-c/tsvc_2_s275/621015.621015.llr40v10-oss120b-c.n0.p24.w24/candidate_01_submission.txt,a759d004cfc5776e34441f01b34f9f319c27eff6ad817c6d0df7ac18ea227077
llr40v10-oss120b-fortran,fortran,tsvc_2_s275,llr40v10-oss120b-fortran.n0.p24.w24,1,23.906623,1131287824.000000,46877222.000000,0.000000,graded_attempt,sources/llr40v10-oss120b-fortran/tsvc_2_s275/621384.621384.llr40v10-oss120b-fortran.n0.p24.w24/candidate_01_submission.txt,d5c4be5c44857d96200e00b07fcd5045984730dd1e7d266f7c73e4e972bc22aa
llr40v10-oss120b-fortran,fortran,tsvc_2_s275,llr40v10-oss120b-fortran.n0.p24.w24,1,22.973795,1078569161.000000,46338456.000000,0.000000,graded_attempt,sources/llr40v10-oss120b-fortran/tsvc_2_s275/621019.621019.llr40v10-oss120b-fortran.n0.p24.w24/candidate_01_submission.txt,cc4a1ff20853cb2f54629dc8bdccc246f12d1be809845950927c2fd3a437e2a1
llr40v10-qwen38-c,c,tsvc_2_s275,llr40v10-qwen38-c.n0.p24.w24,1,1.661078,34230099.000000,20773704.000000,0.000000,graded_attempt,sources/llr40v10-qwen38-c/tsvc_2_s275/622265.622265.llr40v10-qwen38-c.n0.p24.w24/candidate_01_submission.txt,51dfa34e0478b4e6a308d334003f55583675e6e83753d09e7ff65e1d5bebe35f
llr40v10-qwen38-fortran,fortran,tsvc_2_s275,llr40v10-qwen38-fortran.n0.p24.w24,2,52.994175,1132207617.000000,20568027.000000,0.000000,graded_attempt,sources/llr40v10-qwen38-fortran/tsvc_2_s275/621385.621385.llr40v10-qwen38-fortran.n0.p24.w24/candidate_02_submission.txt,0f148b2b32589e8dba4b7016937e7b57abbbd30e4b8148fafc5acca4c9242a73
llr40v10-qwen38-fortran,fortran,tsvc_2_s275,llr40v10-qwen38-fortran.n0.p24.w24,1,22.298139,1126506527.000000,49035402.000000,0.000000,graded_attempt,sources/llr40v10-qwen38-fortran/tsvc_2_s275/621385.621385.llr40v10-qwen38-fortran.n0.p24.w24/candidate_01_submission.txt,267ac17c9405b3d03df83f1275e0d077158f6a39d6e83d0fe583f4d89717896b
llr40v10-kimi27sglang-c,c,tsvc_2_s311,llr40v10-kimi27sglang-c.n0.p5.w5,1,12.520710,181983452.000000,12872998.000000,0.000000,graded_attempt,sources/llr40v10-kimi27sglang-c/tsvc_2_s311/621730.621730.llr40v10-kimi27sglang-c.n0.p5.w5/candidate_01_submission.txt,30c7373053dd9057f2b107f720cc2bd0398c94a7bf0042fbba5dd27d2ec4bd36
llr40v10-kimi27sglang-fortran,fortran,tsvc_2_s311,llr40v10-kimi27sglang-fortran.n0.p5.w5,1,19.592541,181527411.000000,8835641.000000,0.000000,graded_attempt,sources/llr40v10-kimi27sglang-fortran/tsvc_2_s311/621022.621022.llr40v10-kimi27sglang-fortran.n0.p5.w5/candidate_01_submission.txt,6068d63f890f663944aa313d5ed8848c63482522b5f8f9fa83fb1146905f4bee
llr40v10-oss120b-c,c,tsvc_2_s311,llr40v10-oss120b-c.n0.p25.w25,1,12.152477,181985119.000000,13206162.000000,0.000000,graded_attempt,sources/llr40v10-oss120b-c/tsvc_2_s311/621382.621382.llr40v10-oss120b-c.n0.p25.w25/candidate_01_submission.txt,3759516394fe563acc966ebf3a40555c788408c9fcdd987959d78cb5dbb7fc93
llr40v10-oss120b-c,c,tsvc_2_s311,llr40v10-oss120b-c.n0.p25.w25,1,11.913026,181639233.000000,13769479.000000,0.000000,graded_attempt,sources/llr40v10-oss120b-c/tsvc_2_s311/621015.621015.llr40v10-oss120b-c.n0.p25.w25/candidate_01_submission.txt,8874a393cc9c7d9435dbe26d6421c2734033dea148c85bd424fef6077a9cf949
llr40v10-oss120b-fortran,fortran,tsvc_2_s311,llr40v10-oss120b-fortran.n0.p25.w25,1,20.186214,181936045.000000,8846408.000000,0.000000,graded_attempt,sources/llr40v10-oss120b-fortran/tsvc_2_s311/621019.621019.llr40v10-oss120b-fortran.n0.p25.w25/candidate_01_submission.txt,73c7ee93798997297b126738887ed008e9ad2f06925b8012655e8a7d80e503db
llr40v10-oss120b-fortran,fortran,tsvc_2_s311,llr40v10-oss120b-fortran.n0.p25.w25,1,19.986351,181930537.000000,8811565.000000,0.000000,graded_attempt,sources/llr40v10-oss120b-fortran/tsvc_2_s311/621384.621384.llr40v10-oss120b-fortran.n0.p25.w25/candidate_01_submission.txt,1f97d229ee51f578c5273b3611fa4ed48b919495c924d56b211bccf0e8e215f7
llr40v10-qwen38-c,c,tsvc_2_s311,llr40v10-qwen38-c.n0.p25.w25,4,19.592541,182316506.000000,8815190.000000,0.000000,graded_attempt,sources/llr40v10-qwen38-c/tsvc_2_s311/621727.621727.llr40v10-qwen38-c.n0.p25.w25/candidate_04_submission.txt,57351b4f365d7b705d2a9efcfd91ec899824ff004b5ff3f3eb1f3c3c55e741ca
llr40v10-qwen38-c,c,tsvc_2_s311,llr40v10-qwen38-c.n0.p25.w25,2,19.398555,181819455.000000,8809761.000000,0.000000,graded_attempt,sources/llr40v10-qwen38-c/tsvc_2_s311/621016.621016.llr40v10-qwen38-c.n0.p25.w25/candidate_02_submission.txt,500d8343678fbc273161f9b65ccf182b77c9f355744a3f8781d0f4f87e8b4e2d
llr40v10-qwen38-c,c,tsvc_2_s311,llr40v10-qwen38-c.n0.p25.w25,1,12.274002,182005125.000000,13465275.000000,0.000000,graded_attempt,sources/llr40v10-qwen38-c/tsvc_2_s311/621016.621016.llr40v10-qwen38-c.n0.p25.w25/candidate_01_submission.txt,936c53975c219125c4565108b293430d906ebeb2536782f6b577ac38ef773308
llr40v10-qwen38-c,c,tsvc_2_s311,llr40v10-qwen38-c.n0.p25.w25,1,12.032156,181658277.000000,13314668.000000,0.000000,graded_attempt,sources/llr40v10-qwen38-c/tsvc_2_s311/621383.621383.llr40v10-qwen38-c.n0.p25.w25/candidate_01_submission.txt,3b5fff96710797984c45d05a91eb4122a820594d438dfe3278cc662f5d912d7d
llr40v10-qwen38-c,c,tsvc_2_s311,llr40v10-qwen38-c.n0.p25.w25,2,3.718959,182316506.000000,48489440.000000,0.000000,graded_attempt,sources/llr40v10-qwen38-c/tsvc_2_s311/621727.621727.llr40v10-qwen38-c.n0.p25.w25/candidate_02_submission.txt,a6b90e443e0656df8a49ab1a85a0d8849b7488d2c6ff9204e1055bd90266c1d2
llr40v10-qwen38-c,c,tsvc_2_s311,llr40v10-qwen38-c.n0.p25.w25,3,3.333391,182316506.000000,51156989.000000,0.000000,graded_attempt,sources/llr40v10-qwen38-c/tsvc_2_s311/621727.621727.llr40v10-qwen38-c.n0.p25.w25/candidate_02_submission.txt,a6b90e443e0656df8a49ab1a85a0d8849b7488d2c6ff9204e1055bd90266c1d2
llr40v10-qwen38-c,c,tsvc_2_s311,llr40v10-qwen38-c.n0.p25.w25,1,1.000000,182316506.000000,181562972.000000,0.000000,graded_attempt,sources/llr40v10-qwen38-c/tsvc_2_s311/621727.621727.llr40v10-qwen38-c.n0.p25.w25/candidate_01_submission.txt,4068c0e7aa0183934c1fa8fe9956a5d4a301fdbdf2a166d505380528a90ca22f
llr40v10-qwen38-fortran,fortran,tsvc_2_s311,llr40v10-qwen38-fortran.n0.p25.w25,1,20.388077,181964482.000000,8794500.000000,0.000000,graded_attempt,sources/llr40v10-qwen38-fortran/tsvc_2_s311/622266.622266.llr40v10-qwen38-fortran.n0.p25.w25/candidate_01_submission.txt,a0e8000562ea9700f96997690d9cde86a0f7a68a174988e3918332795a9e82ec
llr40v10-qwen38-fortran,fortran,tsvc_2_s311,llr40v10-qwen38-fortran.n0.p25.w25,1,20.186214,182142084.000000,8806099.000000,0.000000,graded_attempt,sources/llr40v10-qwen38-fortran/tsvc_2_s311/621728.621728.llr40v10-qwen38-fortran.n0.p25.w25/candidate_01_submission.txt,6cb5c4de3928e048599d268946814511be04e51b94b05faf3711afedfc9f6165
llr40v10-kimi27sglang-c,c,tsvc_2_s3110,llr40v10-kimi27sglang-c.n0.p6.w6,2,14.828332,311514731.000000,19791263.000000,0.000000,graded_attempt,sources/llr40v10-kimi27sglang-c/tsvc_2_s3110/621730.621730.llr40v10-kimi27sglang-c.n0.p6.w6/candidate_02_submission.txt,200d711633cc40042b10ef78f2c8529ecec726022c212ff9a6108016ccf4e949
llr40v10-kimi27sglang-c,c,tsvc_2_s3110,llr40v10-kimi27sglang-c.n0.p6.w6,1,9.476118,311514731.000000,30189631.000000,0.000000,graded_attempt,sources/llr40v10-kimi27sglang-c/tsvc_2_s3110/621730.621730.llr40v10-kimi27sglang-c.n0.p6.w6/candidate_01_submission.txt,f2d93baa0660d0e52b7d9be2bf13d479894e922616255b0ee7e86330fe7d7741
llr40v10-kimi27sglang-c,c,tsvc_2_s3110,llr40v10-kimi27sglang-c.n0.p6.w6,1,3.366725,311756646.000000,92232822.000000,0.000000,graded_attempt,sources/llr40v10-kimi27sglang-c/tsvc_2_s3110/621018.621018.llr40v10-kimi27sglang-c.n0.p6.w6/candidate_01_submission.txt,e1d7e3c0c0e6df058d7a933391814ee425ac4166ae47b6537d568b97fb02a679
llr40v10-kimi27sglang-fortran,fortran,tsvc_2_s3110,llr40v10-kimi27sglang-fortran.n0.p6.w6,3,7.389178,218493462.000000,29448062.000000,0.000000,graded_attempt,sources/llr40v10-kimi27sglang-fortran/tsvc_2_s3110/621022.621022.llr40v10-kimi27sglang-fortran.n0.p6.w6/candidate_03_submission.txt,49cf8e502e745efd916ada04b1b08175587a4113bf0b248262c709826be3501c
llr40v10-kimi27sglang-fortran,fortran,tsvc_2_s3110,llr40v10-kimi27sglang-fortran.n0.p6.w6,2,6.892020,219332913.000000,30924511.000000,0.000000,graded_attempt,sources/llr40v10-kimi27sglang-fortran/tsvc_2_s3110/621022.621022.llr40v10-kimi27sglang-fortran.n0.p6.w6/candidate_02_submission.txt,7023039834f3edbe922954f0220de3921a2bd87ee86d60c14eb9ff656395cedd
llr40v10-kimi27sglang-fortran,fortran,tsvc_2_s3110,llr40v10-kimi27sglang-fortran.n0.p6.w6,1,2.376619,219308854.000000,89378979.000000,0.000000,graded_attempt,sources/llr40v10-kimi27sglang-fortran/tsvc_2_s3110/621022.621022.llr40v10-kimi27sglang-fortran.n0.p6.w6/candidate_01_submission.txt,bb88c952a41511a2acb33d952f138ebc0e01afbc57028f533854a412815c28ed
llr40v10-oss120b-c,c,tsvc_2_s3110,llr40v10-oss120b-c.n0.p26.w26,1,10.363891,219349220.000000,19793380.000000,0.000000,graded_attempt,sources/llr40v10-oss120b-c/tsvc_2_s3110/621382.621382.llr40v10-oss120b-c.n0.p26.w26/candidate_01_submission.txt,ac95566a2b3c38ec28b34b49e06d4f12d8ef75a18862ffd30d1fc9f11f912824
llr40v10-oss120b-c,c,tsvc_2_s3110,llr40v10-oss120b-c.n0.p26.w26,1,5.704800,219590001.000000,38019002.000000,0.000000,graded_attempt,sources/llr40v10-oss120b-c/tsvc_2_s3110/621015.621015.llr40v10-oss120b-c.n0.p26.w26/candidate_01_submission.txt,5bb6dfabb5bde98ca5036cf9363a56dad46d80dd3f41303b874202bc3bc724a6
llr40v10-oss120b-fortran,fortran,tsvc_2_s3110,llr40v10-oss120b-fortran.n0.p26.w26,1,10.059091,219341478.000000,19763521.000000,0.000000,graded_attempt,sources/llr40v10-oss120b-fortran/tsvc_2_s3110/621384.621384.llr40v10-oss120b-fortran.n0.p26.w26/candidate_01_submission.txt,2fc3ada69f46addd38341be9d73df9afe6b379d35772466b7aa0d0c551fde017
llr40v10-oss120b-fortran,fortran,tsvc_2_s3110,llr40v10-oss120b-fortran.n0.p26.w26,1,7.613078,219195081.000000,26897306.000000,0.000000,graded_attempt,sources/llr40v10-oss120b-fortran/tsvc_2_s3110/621019.621019.llr40v10-oss120b-fortran.n0.p26.w26/candidate_01_submission.txt,9e3e2721727aa4fb36827d76f998eda2e23cffef02505aac7a8b2688a0dd0104
llr40v10-qwen38-c,c,tsvc_2_s3110,llr40v10-qwen38-c.n0.p26.w26,1,20.797877,311780409.000000,14714964.000000,0.000000,graded_attempt,sources/llr40v10-qwen38-c/tsvc_2_s3110/621727.621727.llr40v10-qwen38-c.n0.p26.w26/candidate_01_submission.txt,6e1055ffc77468160e59fba39cc9eba3475ee639c90b69e9d9230715b1abf468
llr40v10-qwen38-c,c,tsvc_2_s3110,llr40v10-qwen38-c.n0.p26.w26,1,20.797877,311730971.000000,14839126.000000,0.000000,graded_attempt,sources/llr40v10-qwen38-c/tsvc_2_s3110/622265.622265.llr40v10-qwen38-c.n0.p26.w26/candidate_01_submission.txt,124fa3e04083bdff6ed18309eff84059544c6f5162db95f98d267e007d3e4d17
llr40v10-qwen38-fortran,fortran,tsvc_2_s3110,llr40v10-qwen38-fortran.n0.p26.w26,2,13.693716,219687604.000000,15330633.000000,0.000000,graded_attempt,sources/llr40v10-qwen38-fortran/tsvc_2_s3110/621385.621385.llr40v10-qwen38-fortran.n0.p26.w26/candidate_02_submission.txt,50a37041397885b9e80bb64db38c759bb0acdfbe21ece7556d160e62cc76cfeb
llr40v10-qwen38-fortran,fortran,tsvc_2_s3110,llr40v10-qwen38-fortran.n0.p26.w26,1,7.389178,218849136.000000,29396223.000000,0.000000,graded_attempt,sources/llr40v10-qwen38-fortran/tsvc_2_s3110/621385.621385.llr40v10-qwen38-fortran.n0.p26.w26/candidate_01_submission.txt,35fdb56bbedbc4bbefd26d3ae7f9d2ee74497137043060d7da9d50724ad68344
llr40v10-kimi27sglang-c,c,tsvc_2_s3111,llr40v10-kimi27sglang-c.n0.p7.w7,1,21.642354,514025081.000000,22540973.000000,0.000000,graded_attempt,sources/llr40v10-kimi27sglang-c/tsvc_2_s3111/621730.621730.llr40v10-kimi27sglang-c.n0.p7.w7/candidate_01_submission.txt,a01e1a95dbca3db9c9422dae67fa3ef9abff44fc2a2ce5ceb86291a9f5c32bc1
llr40v10-kimi27sglang-c,c,tsvc_2_s3111,llr40v10-kimi27sglang-c.n0.p7.w7,1,7.463070,513529123.000000,66188815.000000,0.000000,graded_attempt,sources/llr40v10-kimi27sglang-c/tsvc_2_s3111/621018.621018.llr40v10-kimi27sglang-c.n0.p7.w7/candidate_01_submission.txt,7f14e40b7890d999b0d357fad4aa5571c16fb27d1f4808125943b26b817fd8a7
llr40v10-kimi27sglang-fortran,fortran,tsvc_2_s3111,llr40v10-kimi27sglang-fortran.n0.p7.w7,2,21.215914,373055215.000000,17434228.000000,0.000000,graded_attempt,sources/llr40v10-kimi27sglang-fortran/tsvc_2_s3111/621022.621022.llr40v10-kimi27sglang-fortran.n0.p7.w7/candidate_02_submission.txt,90deab5ae3928ef0c19731e409ecaf1d616a652061d2cb369c3a9ff40ddf7a0d
llr40v10-kimi27sglang-fortran,fortran,tsvc_2_s3111,llr40v10-kimi27sglang-fortran.n0.p7.w7,3,21.215914,372309370.000000,17406740.000000,0.000000,graded_attempt,sources/llr40v10-kimi27sglang-fortran/tsvc_2_s3111/621022.621022.llr40v10-kimi27sglang-fortran.n0.p7.w7/candidate_02_submission.txt,90deab5ae3928ef0c19731e409ecaf1d616a652061d2cb369c3a9ff40ddf7a0d
llr40v10-kimi27sglang-fortran,fortran,tsvc_2_s3111,llr40v10-kimi27sglang-fortran.n0.p7.w7,1,21.005856,371751909.000000,17452229.000000,0.000000,graded_attempt,sources/llr40v10-kimi27sglang-fortran/tsvc_2_s3111/621022.621022.llr40v10-kimi27sglang-fortran.n0.p7.w7/candidate_01_submission.txt,280419754b671ed2b5597f21d7055dcc96d70790ccc002d87b85d6478f63c776
llr40v10-oss120b-c,c,tsvc_2_s3111,llr40v10-oss120b-c.n0.p27.w27,1,21.215914,373211068.000000,17489360.000000,0.000000,graded_attempt,sources/llr40v10-oss120b-c/tsvc_2_s3111/621382.621382.llr40v10-oss120b-c.n0.p27.w27/candidate_01_submission.txt,ddc3b19777b76051df1f6e579d7a51bf4cffc6761731295068ab55a672cef04d
llr40v10-oss120b-c,c,tsvc_2_s3111,llr40v10-oss120b-c.n0.p27.w27,1,14.249735,370509377.000000,24430129.000000,0.000000,graded_attempt,sources/llr40v10-oss120b-c/tsvc_2_s3111/621015.621015.llr40v10-oss120b-c.n0.p27.w27/candidate_01_submission.txt,8c660f085e695fb849df8ea0d49b102d8f17061785c8eb240e8f6bd20039e8c7
llr40v10-oss120b-fortran,fortran,tsvc_2_s3111,llr40v10-oss120b-fortran.n0.p27.w27,1,21.005856,371545103.000000,17513490.000000,0.000000,graded_attempt,sources/llr40v10-oss120b-fortran/tsvc_2_s3111/621384.621384.llr40v10-oss120b-fortran.n0.p27.w27/candidate_01_submission.txt,a5be7b1bf8db49031eb2ca45026f9beda09bf9fcf006f153265b3425ea6ae4cd
llr40v10-oss120b-fortran,fortran,tsvc_2_s3111,llr40v10-oss120b-fortran.n0.p27.w27,1,20.797877,368486136.000000,17539725.000000,0.000000,graded_attempt,sources/llr40v10-oss120b-fortran/tsvc_2_s3111/621019.621019.llr40v10-oss120b-fortran.n0.p27.w27/candidate_01_submission.txt,815d4614c5c53eaf6181221d00cf787d90d5f7d2e08e1c3623c2b1558c3b4145
llr40v10-qwen38-c,c,tsvc_2_s3111,llr40v10-qwen38-c.n0.p27.w27,3,28.881805,512565209.000000,17581103.000000,0.000000,graded_attempt,sources/llr40v10-qwen38-c/tsvc_2_s3111/621727.621727.llr40v10-qwen38-c.n0.p27.w27/candidate_03_submission.txt,f964f27fa15b92fa6b46d081e108a6d3e71f5663b0e76196e766ea6d21500042
llr40v10-qwen38-c,c,tsvc_2_s3111,llr40v10-qwen38-c.n0.p27.w27,1,28.881805,513570948.000000,17543057.000000,0.000000,graded_attempt,sources/llr40v10-qwen38-c/tsvc_2_s3111/622265.622265.llr40v10-qwen38-c.n0.p27.w27/candidate_01_submission.txt,d001c96b2307f5759935040da1374bd633a6668649f3d6d62d6c514c5445592a
llr40v10-qwen38-c,c,tsvc_2_s3111,llr40v10-qwen38-c.n0.p27.w27,2,21.428073,372183507.000000,17447706.000000,0.000000,graded_attempt,sources/llr40v10-qwen38-c/tsvc_2_s3111/621016.621016.llr40v10-qwen38-c.n0.p27.w27/candidate_02_submission.txt,99f88ed38b1a659dba94c3bf63fc2919e1ce458be044a1e7123b5330a1b891cb
llr40v10-qwen38-c,c,tsvc_2_s3111,llr40v10-qwen38-c.n0.p27.w27,2,21.428073,512565209.000000,21995306.000000,0.000000,graded_attempt,sources/llr40v10-qwen38-c/tsvc_2_s3111/621727.621727.llr40v10-qwen38-c.n0.p27.w27/candidate_02_submission.txt,60d647b2c86fee7a1b9f50216a3221de1cacde332694525b55148665b8be4aac
llr40v10-qwen38-c,c,tsvc_2_s3111,llr40v10-qwen38-c.n0.p27.w27,2,21.215914,372472022.000000,17393701.000000,0.000000,graded_attempt,sources/llr40v10-qwen38-c/tsvc_2_s3111/621383.621383.llr40v10-qwen38-c.n0.p27.w27/candidate_02_submission.txt,765bc1d939574a941b709f4b4ef3c31c40fb937492b17b56ecea822cd4a5b5b1
llr40v10-qwen38-c,c,tsvc_2_s3111,llr40v10-qwen38-c.n0.p27.w27,1,15.897979,372654001.000000,22080167.000000,0.000000,graded_attempt,sources/llr40v10-qwen38-c/tsvc_2_s3111/621016.621016.llr40v10-qwen38-c.n0.p27.w27/candidate_01_submission.txt,f348c76f291374f698921283723c6c4065ae4fb2ed7c618ba3fd926013badeee
llr40v10-qwen38-c,c,tsvc_2_s3111,llr40v10-qwen38-c.n0.p27.w27,1,15.897979,369933369.000000,21882071.000000,0.000000,graded_attempt,sources/llr40v10-qwen38-c/tsvc_2_s3111/621383.621383.llr40v10-qwen38-c.n0.p27.w27/candidate_01_submission.txt,9ab2b6847c92e8fc8bb92a09ad577bc53b7c3e12fb2c1f87c6a3bf560b99a9b6
llr40v10-qwen38-c,c,tsvc_2_s3111,llr40v10-qwen38-c.n0.p27.w27,1,1.361327,512565209.000000,369750469.000000,0.000000,graded_attempt,sources/llr40v10-qwen38-c/tsvc_2_s3111/621727.621727.llr40v10-qwen38-c.n0.p27.w27/candidate_01_submission.txt,2eab9c969c5ef0d26797431dc5fce2b6dc436f7856317b0634b7593273fc5604
llr40v10-qwen38-fortran,fortran,tsvc_2_s3111,llr40v10-qwen38-fortran.n0.p27.w27,1,27.480047,512110510.000000,17513841.000000,0.000000,graded_attempt,sources/llr40v10-qwen38-fortran/tsvc_2_s3111/621728.621728.llr40v10-qwen38-fortran.n0.p27.w27/candidate_01_submission.txt,f8e8079f96c016320b94b7da9af7f5364a4fe4cc4fa9c27d86a6c93a2935b69a
llr40v10-qwen38-fortran,fortran,tsvc_2_s3111,llr40v10-qwen38-fortran.n0.p27.w27,1,21.005856,370407284.000000,17551545.000000,0.000000,graded_attempt,sources/llr40v10-qwen38-fortran/tsvc_2_s3111/621385.621385.llr40v10-qwen38-fortran.n0.p27.w27/candidate_01_submission.txt,ea022990d54eb5651f8d005a8762cd21e5457c3dc56c207f261fdf21cdcefb2a
llr40v10-qwen38-fortran,fortran,tsvc_2_s3111,llr40v10-qwen38-fortran.n0.p27.w27,1,3.756148,371775462.000000,97939927.000000,0.000000,graded_attempt,sources/llr40v10-qwen38-fortran/tsvc_2_s3111/621020.621020.llr40v10-qwen38-fortran.n0.p27.w27/candidate_01_submission.txt,9ec81c0a752c14549514529d72686b625c4fe28122c2a40cae70efd7db20e20f
llr40v10-oss120b-c,c,tsvc_2_s3112,llr40v10-oss120b-c.n0.p28.w28,1,1.000000,182406427.000000,183676077.000000,0.000000,graded_attempt,sources/llr40v10-oss120b-c/tsvc_2_s3112/621382.621382.llr40v10-oss120b-c.n0.p28.w28/candidate_01_submission.txt,e7ee971e4c878db479d820475e075716f27b78f2f18b7ad71073b77c795c4efd
llr40v10-oss120b-c,c,tsvc_2_s3112,llr40v10-oss120b-c.n0.p28.w28,2,1.000000,183470041.000000,183080459.000000,0.000000,graded_attempt,sources/llr40v10-oss120b-c/tsvc_2_s3112/621382.621382.llr40v10-oss120b-c.n0.p28.w28/candidate_02_submission.txt,c123d604f9582c25aac0d5fa0110099f537b9cdba34bf2d8ec59dbd4066ac63f
llr40v10-oss120b-fortran,fortran,tsvc_2_s3112,llr40v10-oss120b-fortran.n0.p28.w28,1,1.000000,182757873.000000,182644451.000000,0.000000,graded_attempt,sources/llr40v10-oss120b-fortran/tsvc_2_s3112/621019.621019.llr40v10-oss120b-fortran.n0.p28.w28/candidate_01_submission.txt,a24bd69bafc495b7f36dc657ece4fe7554c1d592654d0f4ed65bfb0acfa691cd
llr40v10-qwen38-fortran,fortran,tsvc_2_s3112,llr40v10-qwen38-fortran.n0.p28.w28,1,1.000000,183168502.000000,182465163.000000,0.000000,graded_attempt,sources/llr40v10-qwen38-fortran/tsvc_2_s3112/621020.621020.llr40v10-qwen38-fortran.n0.p28.w28/candidate_01_submission.txt,9dc4726bc9e6e47aa04a3a3257d28c14924033aa283a0b62c0fbcc20e50cc359
llr40v10-qwen38-fortran,fortran,tsvc_2_s3112,llr40v10-qwen38-fortran.n0.p28.w28,1,1.000000,183353680.000000,182116399.000000,0.000000,graded_attempt,sources/llr40v10-qwen38-fortran/tsvc_2_s3112/621385.621385.llr40v10-qwen38-fortran.n0.p28.w28/candidate_01_submission.txt,4d83c493d592a8dfaec1b96bac8fac06422ef19068abb051df9e791c29c0f7fa
llr40v10-kimi27sglang-c,c,tsvc_2_s316,llr40v10-kimi27sglang-c.n0.p9.w9,2,13.830653,243717166.000000,17456111.000000,0.000000,graded_attempt,sources/llr40v10-kimi27sglang-c/tsvc_2_s316/621730.621730.llr40v10-kimi27sglang-c.n0.p9.w9/candidate_02_submission.txt,f381dd7a170c6483eb5e2d8cddc7f16d4eef34344e757f378702d04bae746e27
llr40v10-kimi27sglang-c,c,tsvc_2_s316,llr40v10-kimi27sglang-c.n0.p9.w9,1,12.152477,243717166.000000,18103844.000000,0.000000,graded_attempt,sources/llr40v10-kimi27sglang-c/tsvc_2_s316/621730.621730.llr40v10-kimi27sglang-c.n0.p9.w9/candidate_01_submission.txt,230b22124a37b9d124c3fa4a4bcabada4c33ea0c7348ba1ac6b5e46e6dd27b12
llr40v10-kimi27sglang-c,c,tsvc_2_s316,llr40v10-kimi27sglang-c.n0.p9.w9,1,5.012594,243156936.000000,46750583.000000,0.000000,graded_attempt,sources/llr40v10-kimi27sglang-c/tsvc_2_s316/621018.621018.llr40v10-kimi27sglang-c.n0.p9.w9/candidate_01_submission.txt,dd9bb483ae7fe43345d32e5ee0080b42861dfc25dda614568fc88940944cdb5e
llr40v10-kimi27sglang-fortran,fortran,tsvc_2_s316,llr40v10-kimi27sglang-fortran.n0.p9.w9,1,13.830653,243548110.000000,17491010.000000,0.000000,graded_attempt,sources/llr40v10-kimi27sglang-fortran/tsvc_2_s316/621022.621022.llr40v10-kimi27sglang-fortran.n0.p9.w9/candidate_01_submission.txt,c8fa2e72319822eb19eb7c8bd9d1ce7ba55265cb4d37666efab62a027e676bec
llr40v10-kimi27sglang-fortran,fortran,tsvc_2_s316,llr40v10-kimi27sglang-fortran.n0.p9.w9,5,13.830653,243328195.000000,17451680.000000,0.000000,graded_attempt,sources/llr40v10-kimi27sglang-fortran/tsvc_2_s316/621022.621022.llr40v10-kimi27sglang-fortran.n0.p9.w9/candidate_01_submission.txt,c8fa2e72319822eb19eb7c8bd9d1ce7ba55265cb4d37666efab62a027e676bec
llr40v10-kimi27sglang-fortran,fortran,tsvc_2_s316,llr40v10-kimi27sglang-fortran.n0.p9.w9,2,13.693716,243612766.000000,17537349.000000,0.000000,graded_attempt,sources/llr40v10-kimi27sglang-fortran/tsvc_2_s316/621022.621022.llr40v10-kimi27sglang-fortran.n0.p9.w9/candidate_02_submission.txt,e56ce1cf32b0ba23ea8620f6ccb486c5ab1cb92c5bb1e91061a78220a6878f86
llr40v10-kimi27sglang-fortran,fortran,tsvc_2_s316,llr40v10-kimi27sglang-fortran.n0.p9.w9,3,13.693716,243349889.000000,17561229.000000,0.000000,graded_attempt,sources/llr40v10-kimi27sglang-fortran/tsvc_2_s316/621022.621022.llr40v10-kimi27sglang-fortran.n0.p9.w9/candidate_03_submission.txt,821d1c207594f8f0984459f17b9f0d5c40a306e6da0979e8805a4008f1c96d62
llr40v10-kimi27sglang-fortran,fortran,tsvc_2_s316,llr40v10-kimi27sglang-fortran.n0.p9.w9,4,13.693716,243453447.000000,17521729.000000,0.000000,graded_attempt,sources/llr40v10-kimi27sglang-fortran/tsvc_2_s316/621022.621022.llr40v10-kimi27sglang-fortran.n0.p9.w9/candidate_01_submission.txt,c8fa2e72319822eb19eb7c8bd9d1ce7ba55265cb4d37666efab62a027e676bec
llr40v10-kimi27sglang-fortran,fortran,tsvc_2_s316,llr40v10-kimi27sglang-fortran.n0.p9.w9,6,13.693716,243837897.000000,17513109.000000,0.000000,graded_attempt,sources/llr40v10-kimi27sglang-fortran/tsvc_2_s316/621022.621022.llr40v10-kimi27sglang-fortran.n0.p9.w9/candidate_01_submission.txt,c8fa2e72319822eb19eb7c8bd9d1ce7ba55265cb4d37666efab62a027e676bec
llr40v10-oss120b-c,c,tsvc_2_s316,llr40v10-oss120b-c.n0.p29.w29,1,13.558134,243379827.000000,17536209.000000,0.000000,graded_attempt,sources/llr40v10-oss120b-c/tsvc_2_s316/621382.621382.llr40v10-oss120b-c.n0.p29.w29/candidate_01_submission.txt,d160484a15c9533f51fedef53b9bf13c42386fcd656b437a596778f9258e7abc
llr40v10-oss120b-c,c,tsvc_2_s316,llr40v10-oss120b-c.n0.p29.w29,1,10.784707,243882557.000000,22390228.000000,0.000000,graded_attempt,sources/llr40v10-oss120b-c/tsvc_2_s316/621015.621015.llr40v10-oss120b-c.n0.p29.w29/candidate_01_submission.txt,48ef7024c4fde0872e749ed782bdbffb75eb32a96d246c10a4f4201531fddf8d
llr40v10-oss120b-fortran,fortran,tsvc_2_s316,llr40v10-oss120b-fortran.n0.p29.w29,1,13.830653,243276896.000000,17500665.000000,0.000000,graded_attempt,sources/llr40v10-oss120b-fortran/tsvc_2_s316/621019.621019.llr40v10-oss120b-fortran.n0.p29.w29/candidate_01_submission.txt,5db746384e6f0c8f33c3e2c625157314eb2321c32c4b6ccfc76934bf38c80020
llr40v10-oss120b-fortran,fortran,tsvc_2_s316,llr40v10-oss120b-fortran.n0.p29.w29,1,13.830653,243467819.000000,17429842.000000,0.000000,graded_attempt,sources/llr40v10-oss120b-fortran/tsvc_2_s316/621384.621384.llr40v10-oss120b-fortran.n0.p29.w29/candidate_01_submission.txt,09f29edca27d275d1df868f259aa3c5fa7f25596f30d259a5e8016005d8e7fdc
llr40v10-qwen38-c,c,tsvc_2_s316,llr40v10-qwen38-c.n0.p29.w29,1,13.693716,243692891.000000,17534990.000000,0.000000,graded_attempt,sources/llr40v10-qwen38-c/tsvc_2_s316/621016.621016.llr40v10-qwen38-c.n0.p29.w29/candidate_01_submission.txt,bef0d1a38147e5893a5a7bd7b65edf9151776390f4203a73b61fb71296745bc4
llr40v10-qwen38-c,c,tsvc_2_s316,llr40v10-qwen38-c.n0.p29.w29,1,11.562665,242991768.000000,18586640.000000,0.000000,graded_attempt,sources/llr40v10-qwen38-c/tsvc_2_s316/621727.621727.llr40v10-qwen38-c.n0.p29.w29/candidate_01_submission.txt,e60fa4a3d8116ea99467c2fb2fb8fdc572465f6e63d4b4c3a287368bc284c9da
llr40v10-qwen38-fortran,fortran,tsvc_2_s316,llr40v10-qwen38-fortran.n0.p29.w29,1,4.274847,243586685.000000,55399888.000000,0.000000,graded_attempt,sources/llr40v10-qwen38-fortran/tsvc_2_s316/622266.622266.llr40v10-qwen38-fortran.n0.p29.w29/candidate_01_submission.txt,5a41a304c33bcd48b579e9feb8656f2d24c8c746882eef03edb391b0267ff180
llr40v10-qwen38-fortran,fortran,tsvc_2_s316,llr40v10-qwen38-fortran.n0.p29.w29,1,1.000000,243652001.000000,243515021.000000,0.000000,graded_attempt,sources/llr40v10-qwen38-fortran/tsvc_2_s316/621385.621385.llr40v10-qwen38-fortran.n0.p29.w29/candidate_01_submission.txt,7a07b92234a6845430830af468bb4150a6152f41ad820f7590b562a2ce45a008
llr40v10-kimi27sglang-c,c,tsvc_2_s318,llr40v10-kimi27sglang-c.n0.p10.w10,1,14.536155,317907908.000000,20463154.000000,0.000000,graded_attempt,sources/llr40v10-kimi27sglang-c/tsvc_2_s318/621730.621730.llr40v10-kimi27sglang-c.n0.p10.w10/candidate_01_submission.txt,10e8d7317d8d2c796a3667b87e28435fcf201bf956cbde8b567b8eb22284691c
llr40v10-kimi27sglang-c,c,tsvc_2_s318,llr40v10-kimi27sglang-c.n0.p10.w10,1,14.249735,317582610.000000,20630805.000000,0.000000,graded_attempt,sources/llr40v10-kimi27sglang-c/tsvc_2_s318/621018.621018.llr40v10-kimi27sglang-c.n0.p10.w10/candidate_01_submission.txt,d69716da9b0dca8bb2c5e382e684efb4dede0b2e43aa16958b267ca6d96814a1
llr40v10-kimi27sglang-fortran,fortran,tsvc_2_s318,llr40v10-kimi27sglang-fortran.n0.p10.w10,4,16.217528,310624831.000000,17141337.000000,0.000000,graded_attempt,sources/llr40v10-kimi27sglang-fortran/tsvc_2_s318/621022.621022.llr40v10-kimi27sglang-fortran.n0.p10.w10/candidate_04_submission.txt,c7b51f9e96e435a4209e70472bdcba5b5ae185e053157710dcbd047835201389
llr40v10-kimi27sglang-fortran,fortran,tsvc_2_s318,llr40v10-kimi27sglang-fortran.n0.p10.w10,5,16.217528,310904839.000000,17373254.000000,0.000000,graded_attempt,sources/llr40v10-kimi27sglang-fortran/tsvc_2_s318/621022.621022.llr40v10-kimi27sglang-fortran.n0.p10.w10/candidate_05_submission.txt,f83608dadd09b6851974523fa90b8917b1dd726edfbc3fe5fd41e51266a02b5c
llr40v10-kimi27sglang-fortran,fortran,tsvc_2_s318,llr40v10-kimi27sglang-fortran.n0.p10.w10,3,14.536155,310719555.000000,17374902.000000,0.000000,graded_attempt,sources/llr40v10-kimi27sglang-fortran/tsvc_2_s318/621022.621022.llr40v10-kimi27sglang-fortran.n0.p10.w10/candidate_03_submission.txt,f92a00230480202c7a430b1420f3d28beeaa2804df7712d81762839cc254ce6e
llr40v10-kimi27sglang-fortran,fortran,tsvc_2_s318,llr40v10-kimi27sglang-fortran.n0.p10.w10,2,13.830653,310383295.000000,21572197.000000,0.000000,graded_attempt,sources/llr40v10-kimi27sglang-fortran/tsvc_2_s318/621022.621022.llr40v10-kimi27sglang-fortran.n0.p10.w10/candidate_02_submission.txt,8851dd1ea9b61279871adb182d4e7e80e9ce4495e8663521c646a77aa0190eee
llr40v10-kimi27sglang-fortran,fortran,tsvc_2_s318,llr40v10-kimi27sglang-fortran.n0.p10.w10,1,13.423895,310440180.000000,21756057.000000,0.000000,graded_attempt,sources/llr40v10-kimi27sglang-fortran/tsvc_2_s318/621022.621022.llr40v10-kimi27sglang-fortran.n0.p10.w10/candidate_01_submission.txt,67b884a7fb1df0cbd360490627c5c3e4dc16f63453f26a30358ca230ea750582
llr40v10-oss120b-c,c,tsvc_2_s318,llr40v10-oss120b-c.n0.p30.w30,1,8.162250,310874848.000000,35946923.000000,0.000000,graded_attempt,sources/llr40v10-oss120b-c/tsvc_2_s318/621382.621382.llr40v10-oss120b-c.n0.p30.w30/candidate_01_submission.txt,a24f92205558257807024f5876fdc8504c96c35a3eaec3427aa7513d8a7a5a12
llr40v10-oss120b-c,c,tsvc_2_s318,llr40v10-oss120b-c.n0.p30.w30,1,6.623096,310896583.000000,45271581.000000,0.000000,graded_attempt,sources/llr40v10-oss120b-c/tsvc_2_s318/621015.621015.llr40v10-oss120b-c.n0.p30.w30/candidate_01_submission.txt,9838a9e97becda55824abfcc0a70bee02304698faf86eb7ddf2f4249759a72bf
llr40v10-oss120b-fortran,fortran,tsvc_2_s318,llr40v10-oss120b-fortran.n0.p30.w30,1,14.976615,310951757.000000,18620357.000000,0.000000,graded_attempt,sources/llr40v10-oss120b-fortran/tsvc_2_s318/621384.621384.llr40v10-oss120b-fortran.n0.p30.w30/candidate_01_submission.txt,99585e41230732d5162184636638e922d5fc28bacc8bbcc1bd4d78e431a1db86
llr40v10-oss120b-fortran,fortran,tsvc_2_s318,llr40v10-oss120b-fortran.n0.p30.w30,1,3.171607,310458970.000000,95441206.000000,0.000000,graded_attempt,sources/llr40v10-oss120b-fortran/tsvc_2_s318/621019.621019.llr40v10-oss120b-fortran.n0.p30.w30/candidate_01_submission.txt,818191e89aecd8cecbb8e800918a4df6a17113e16612316916c38b012e62eec2
llr40v10-qwen38-c,c,tsvc_2_s318,llr40v10-qwen38-c.n0.p30.w30,1,17.736872,315959981.000000,17172118.000000,0.000000,graded_attempt,sources/llr40v10-qwen38-c/tsvc_2_s318/621016.621016.llr40v10-qwen38-c.n0.p30.w30/candidate_01_submission.txt,cf4f123ba92a246c1d0e846bf47e8a53406c116cd276250bb32afde85ca6c316
llr40v10-qwen38-c,c,tsvc_2_s318,llr40v10-qwen38-c.n0.p30.w30,1,1.020100,317854290.000000,310324097.000000,0.000000,graded_attempt,sources/llr40v10-qwen38-c/tsvc_2_s318/621727.621727.llr40v10-qwen38-c.n0.p30.w30/candidate_01_submission.txt,e44779bdfea48915bb94b6d94b3d66dc4c595f3b249f8d8aab83fe253e34d135
llr40v10-qwen38-c,c,tsvc_2_s318,llr40v10-qwen38-c.n0.p30.w30,1,1.020100,317250411.000000,310476409.000000,0.000000,graded_attempt,sources/llr40v10-qwen38-c/tsvc_2_s318/622265.622265.llr40v10-qwen38-c.n0.p30.w30/candidate_01_submission.txt,d5f70e60d107b42f1596a4de5d942eaa7369ba1f308083bae6af8456cb12b8eb
llr40v10-qwen38-fortran,fortran,tsvc_2_s318,llr40v10-qwen38-fortran.n0.p30.w30,1,15.897979,310891400.000000,18000390.000000,0.000000,graded_attempt,sources/llr40v10-qwen38-fortran/tsvc_2_s318/621020.621020.llr40v10-qwen38-fortran.n0.p30.w30/candidate_01_submission.txt,6c53e92826cb3a91e3ff23ec11d6cff0914efd9517e074fd0a4790347b38e78f
llr40v10-qwen38-fortran,fortran,tsvc_2_s318,llr40v10-qwen38-fortran.n0.p30.w30,1,1.000000,311657832.000000,311016962.000000,0.000000,graded_attempt,sources/llr40v10-qwen38-fortran/tsvc_2_s318/621385.621385.llr40v10-qwen38-fortran.n0.p30.w30/candidate_01_submission.txt,382b185ff4eee1d28b5c2191ea6387b9c28e4e60ed1ce15ab91a6c57ff487c47
llr40v10-kimi27sglang-c,c,tsvc_2_s319,llr40v10-kimi27sglang-c.n0.p11.w11,1,92.517752,2699781614.000000,19798044.000000,0.000000,graded_attempt,sources/llr40v10-kimi27sglang-c/tsvc_2_s319/621730.621730.llr40v10-kimi27sglang-c.n0.p11.w11/candidate_01_submission.txt,a9eb81276e9442c37ddab37e0d963b8c33e2778d1819c4a5e3bd79e489ec5603
llr40v10-kimi27sglang-c,c,tsvc_2_s319,llr40v10-kimi27sglang-c.n0.p11.w11,1,78.119907,2666104492.000000,20662514.000000,0.000000,graded_attempt,sources/llr40v10-kimi27sglang-c/tsvc_2_s319/621018.621018.llr40v10-kimi27sglang-c.n0.p11.w11/candidate_01_submission.txt,b0040bf241d027eeef632a101d025c302a50b2ba045e5da7a0c53c6c5774ed11
llr40v10-kimi27sglang-fortran,fortran,tsvc_2_s319,llr40v10-kimi27sglang-fortran.n0.p11.w11,3,56.254385,1113350618.000000,17766411.000000,0.000000,graded_attempt,sources/llr40v10-kimi27sglang-fortran/tsvc_2_s319/621022.621022.llr40v10-kimi27sglang-fortran.n0.p11.w11/candidate_03_submission.txt,c4f68b885ec19155b31c63c8252c19d37514c66473b8eafd6aa17521b9daac2e
llr40v10-kimi27sglang-fortran,fortran,tsvc_2_s319,llr40v10-kimi27sglang-fortran.n0.p11.w11,2,55.145951,1116628980.000000,17800022.000000,0.000000,graded_attempt,sources/llr40v10-kimi27sglang-fortran/tsvc_2_s319/621022.621022.llr40v10-kimi27sglang-fortran.n0.p11.w11/candidate_02_submission.txt,0bae0c30e9bf73e6cf5c50bb4d07f734afccdac275ce428f7e7bf500ad7b7cfb
llr40v10-kimi27sglang-fortran,fortran,tsvc_2_s319,llr40v10-kimi27sglang-fortran.n0.p11.w11,4,52.994175,1113525122.000000,17743299.000000,0.000000,graded_attempt,sources/llr40v10-kimi27sglang-fortran/tsvc_2_s319/621022.621022.llr40v10-kimi27sglang-fortran.n0.p11.w11/candidate_04_submission.txt,9a2475c63b0b171e3414774a5bae53c9b631e367c2bba44c11530c89850a4951
llr40v10-kimi27sglang-fortran,fortran,tsvc_2_s319,llr40v10-kimi27sglang-fortran.n0.p11.w11,1,50.926361,1113292167.000000,17919891.000000,0.000000,graded_attempt,sources/llr40v10-kimi27sglang-fortran/tsvc_2_s319/621022.621022.llr40v10-kimi27sglang-fortran.n0.p11.w11/candidate_01_submission.txt,e13cb8de701883652dae7d4a17fca918de1e4a55ee094b6c22fcc6cd592064bc
llr40v10-oss120b-c,c,tsvc_2_s319,llr40v10-oss120b-c.n0.p31.w31,1,8.243872,148690453.000000,17805175.000000,0.000000,graded_attempt,sources/llr40v10-oss120b-c/tsvc_2_s319/621382.621382.llr40v10-oss120b-c.n0.p31.w31/candidate_01_submission.txt,ea66d6ec2e51312b8bd74bc0ba0b1ac6d95bd28baa51d0e1b6aba23db888bfe8
llr40v10-oss120b-c,c,tsvc_2_s319,llr40v10-oss120b-c.n0.p31.w31,1,5.877661,157988118.000000,26647389.000000,0.000000,graded_attempt,sources/llr40v10-oss120b-c/tsvc_2_s319/621015.621015.llr40v10-oss120b-c.n0.p31.w31/candidate_01_submission.txt,ff2e17beb911a7a34e6a10196d4aa2e6799d46452d7cfde7aa2e17a4662831ac
llr40v10-oss120b-fortran,fortran,tsvc_2_s319,llr40v10-oss120b-fortran.n0.p31.w31,1,8.162250,147542007.000000,17859541.000000,0.000000,graded_attempt,sources/llr40v10-oss120b-fortran/tsvc_2_s319/621019.621019.llr40v10-oss120b-fortran.n0.p31.w31/candidate_01_submission.txt,1c8b5a2a6565720e15eed02b769afb0afe173c26f063f334461b4b5b458dfd8f
llr40v10-oss120b-fortran,fortran,tsvc_2_s319,llr40v10-oss120b-fortran.n0.p31.w31,1,6.689326,147485781.000000,20901656.000000,0.000000,graded_attempt,sources/llr40v10-oss120b-fortran/tsvc_2_s319/621384.621384.llr40v10-oss120b-fortran.n0.p31.w31/candidate_01_submission.txt,78cc00cdbd077b0f2e62676f8b9eb886f44b330540fa9854f48e1b37fc752602
llr40v10-qwen38-c,c,tsvc_2_s319,llr40v10-qwen38-c.n0.p31.w31,2,207.136364,2543388985.000000,12113763.000000,0.000000,graded_attempt,sources/llr40v10-qwen38-c/tsvc_2_s319/621727.621727.llr40v10-qwen38-c.n0.p31.w31/candidate_02_submission.txt,cb37d4f9f6a1c7354fa345279fd017b83b3369943097ed47f4695e0f280aa7ff
llr40v10-qwen38-c,c,tsvc_2_s319,llr40v10-qwen38-c.n0.p31.w31,1,139.123789,2543388985.000000,18196012.000000,0.000000,graded_attempt,sources/llr40v10-qwen38-c/tsvc_2_s319/621727.621727.llr40v10-qwen38-c.n0.p31.w31/candidate_01_submission.txt,305b5a45c60aade5836dcdb05dccb0885e6f43363d33bfebd6517248039fe183
llr40v10-qwen38-c,c,tsvc_2_s319,llr40v10-qwen38-c.n0.p31.w31,2,44.304048,1113664493.000000,21460576.000000,0.000000,graded_attempt,sources/llr40v10-qwen38-c/tsvc_2_s319/621383.621383.llr40v10-qwen38-c.n0.p31.w31/candidate_02_submission.txt,7adefbe5ec80d141d7d0f175dadab6081f0cf1c93970eb23ee94285c89043ced
llr40v10-qwen38-c,c,tsvc_2_s319,llr40v10-qwen38-c.n0.p31.w31,1,32.870189,1113519840.000000,21467089.000000,0.000000,graded_attempt,sources/llr40v10-qwen38-c/tsvc_2_s319/621383.621383.llr40v10-qwen38-c.n0.p31.w31/candidate_01_submission.txt,9417fa7523a79b140dc98868509cfc1ab2284d30e10a6e7e8b5d6aef9de7db9e
llr40v10-qwen38-c,c,tsvc_2_s319,llr40v10-qwen38-c.n0.p31.w31,1,17.561259,2591707500.000000,146610229.000000,0.000000,graded_attempt,sources/llr40v10-qwen38-c/tsvc_2_s319/622265.622265.llr40v10-qwen38-c.n0.p31.w31/candidate_01_submission.txt,e348cecdc42d514827ddf0a7ff8e31ec7413bd4a35d657be307ce38d938100dd
llr40v10-kimi27sglang-fortran,fortran,tsvc_2_s323,llr40v10-kimi27sglang-fortran.n0.p12.w12,1,1.020100,151238914.000000,147880621.000000,0.000000,graded_attempt,sources/llr40v10-kimi27sglang-fortran/tsvc_2_s323/621022.621022.llr40v10-kimi27sglang-fortran.n0.p12.w12/candidate_01_submission.txt,86c6e7e86beeed9266b622a8b88769429480394724436b84434aff93ee47aead
llr40v10-oss120b-fortran,fortran,tsvc_2_s323,llr40v10-oss120b-fortran.n0.p32.w32,1,1.000000,148864438.000000,147305902.000000,0.000000,graded_attempt,sources/llr40v10-oss120b-fortran/tsvc_2_s323/621384.621384.llr40v10-oss120b-fortran.n0.p32.w32/candidate_01_submission.txt,e6deff29877534d4e12c02f42976bc647fe5d8a56a2dd83db56fd9e75c0fff9e
llr40v10-qwen38-c,c,tsvc_2_s323,llr40v10-qwen38-c.n0.p32.w32,1,16.056959,2438305033.000000,147421831.000000,0.000000,graded_attempt,sources/llr40v10-qwen38-c/tsvc_2_s323/621727.621727.llr40v10-qwen38-c.n0.p32.w32/candidate_01_submission.txt,1d8d4e93f9f4125810ba6a443bdf5a06ddd04bd87a6373b09c0e954a5ae53df9
llr40v10-qwen38-fortran,fortran,tsvc_2_s323,llr40v10-qwen38-fortran.n0.p32.w32,1,15.897979,2349573674.000000,147236664.000000,0.000000,graded_attempt,sources/llr40v10-qwen38-fortran/tsvc_2_s323/622266.622266.llr40v10-qwen38-fortran.n0.p32.w32/candidate_01_submission.txt,f02b795a5efe7dc179d5f69b9d0e7c626045e9f900fc54365d22a42b3ab58a65
llr40v10-qwen38-fortran,fortran,tsvc_2_s323,llr40v10-qwen38-fortran.n0.p32.w32,1,1.020100,150214159.000000,146936129.000000,0.000000,graded_attempt,sources/llr40v10-qwen38-fortran/tsvc_2_s323/621020.621020.llr40v10-qwen38-fortran.n0.p32.w32/candidate_01_submission.txt,d89c3e3c463e6ef6184a9d4aaa95626048a879e9d7a90108dfc2f45339103524
llr40v10-kimi27sglang-c,c,tsvc_2_s4112,llr40v10-kimi27sglang-c.n0.p13.w13,1,1.020100,36445647.000000,35558215.000000,0.000000,graded_attempt,sources/llr40v10-kimi27sglang-c/tsvc_2_s4112/621730.621730.llr40v10-kimi27sglang-c.n0.p13.w13/candidate_01_submission.txt,90819fe509d7ee2c64fae59894f1afec307dd2c72f3412d64c0052797f18bd7a
llr40v10-kimi27sglang-fortran,fortran,tsvc_2_s4112,llr40v10-kimi27sglang-fortran.n0.p13.w13,1,22.521120,811206874.000000,35333121.000000,0.000000,graded_attempt,sources/llr40v10-kimi27sglang-fortran/tsvc_2_s4112/621022.621022.llr40v10-kimi27sglang-fortran.n0.p13.w13/candidate_01_submission.txt,732c18a8db690a5bae092c5b9ee0eba3e409c6f18162fdede66ad6905f6c46a1
llr40v10-oss120b-c,c,tsvc_2_s4112,llr40v10-oss120b-c.n0.p33.w33,1,22.746332,813578699.000000,35261025.000000,0.000000,graded_attempt,sources/llr40v10-oss120b-c/tsvc_2_s4112/621382.621382.llr40v10-oss120b-c.n0.p33.w33/candidate_01_submission.txt,93fee5121e469a3cd0494d7bc204914c47da3f416131ce01839c2b65770f3fcc
llr40v10-oss120b-c,c,tsvc_2_s4112,llr40v10-oss120b-c.n0.p33.w33,1,19.986351,962342109.000000,47726634.000000,0.000000,graded_attempt,sources/llr40v10-oss120b-c/tsvc_2_s4112/621015.621015.llr40v10-oss120b-c.n0.p33.w33/candidate_01_submission.txt,3fe8ab8329a4fa42734bb0f40032f330b4a9bf28acd8f02f9cfe2b98a8444d6a
llr40v10-oss120b-fortran,fortran,tsvc_2_s4112,llr40v10-oss120b-fortran.n0.p33.w33,1,21.428073,764346657.000000,34865300.000000,0.000000,graded_attempt,sources/llr40v10-oss120b-fortran/tsvc_2_s4112/621384.621384.llr40v10-oss120b-fortran.n0.p33.w33/candidate_01_submission.txt,bae0dfd83bbd73b559ceaf4021b480a6800adadd99a7c88c1ea205203d76cb99
llr40v10-qwen38-c,c,tsvc_2_s4112,llr40v10-qwen38-c.n0.p33.w33,1,22.298139,804683522.000000,35353962.000000,0.000000,graded_attempt,sources/llr40v10-qwen38-c/tsvc_2_s4112/621016.621016.llr40v10-qwen38-c.n0.p33.w33/candidate_01_submission.txt,e27d548a0f6b2f3fbee4712cf5dd003d6e0257d1cce9afaea61123d46fcdd3a3
llr40v10-qwen38-fortran,fortran,tsvc_2_s4112,llr40v10-qwen38-fortran.n0.p33.w33,1,22.298139,800050479.000000,35155121.000000,0.000000,graded_attempt,sources/llr40v10-qwen38-fortran/tsvc_2_s4112/621020.621020.llr40v10-qwen38-fortran.n0.p33.w33/candidate_01_submission.txt,0b578c8e37ac8876afc6859408894fec7c78a33d5d50ad44498d4eb2c288b196
llr40v10-qwen38-fortran,fortran,tsvc_2_s4112,llr40v10-qwen38-fortran.n0.p33.w33,1,21.428073,769691289.000000,35196921.000000,0.000000,graded_attempt,sources/llr40v10-qwen38-fortran/tsvc_2_s4112/621385.621385.llr40v10-qwen38-fortran.n0.p33.w33/candidate_01_submission.txt,42c3a8a91c7188b0452dc3ffe3f465f76d3ad95aec509fba6351fff97b1219df
llr40v10-qwen38-fortran,fortran,tsvc_2_s4112,llr40v10-qwen38-fortran.n0.p33.w33,1,1.000000,35227135.000000,35118835.000000,0.000000,graded_attempt,sources/llr40v10-qwen38-fortran/tsvc_2_s4112/621728.621728.llr40v10-qwen38-fortran.n0.p33.w33/candidate_01_submission.txt,e457036b787815f81c8053608546a9c20f4631f96e53207cfd3edb2ad3fe6cc9
llr40v10-kimi27sglang-fortran,fortran,tsvc_2_vag,llr40v10-kimi27sglang-fortran.n0.p14.w14,2,23.435568,829490791.000000,35431453.000000,0.000000,graded_attempt,sources/llr40v10-kimi27sglang-fortran/tsvc_2_vag/621022.621022.llr40v10-kimi27sglang-fortran.n0.p14.w14/candidate_02_submission.txt,d7a97d2985f6e004a7cba919c243fd5ee72718034eb1fb818ea4fc69fc7f9955
llr40v10-kimi27sglang-fortran,fortran,tsvc_2_vag,llr40v10-kimi27sglang-fortran.n0.p14.w14,5,23.435568,829736033.000000,35275340.000000,0.000000,graded_attempt,sources/llr40v10-kimi27sglang-fortran/tsvc_2_vag/621022.621022.llr40v10-kimi27sglang-fortran.n0.p14.w14/candidate_05_submission.txt,81ab32de8a6d4ee788b4acff1cd5808ecfe0aebf427159b90ef02283652fdcfd
llr40v10-kimi27sglang-fortran,fortran,tsvc_2_vag,llr40v10-kimi27sglang-fortran.n0.p14.w14,6,23.435568,826729049.000000,35146718.000000,0.000000,graded_attempt,sources/llr40v10-kimi27sglang-fortran/tsvc_2_vag/621022.621022.llr40v10-kimi27sglang-fortran.n0.p14.w14/candidate_06_submission.txt,c7763e3e2eb1cfdf993555feedacaa12bbc92882f3cb526fed559981450afeac
llr40v10-kimi27sglang-fortran,fortran,tsvc_2_vag,llr40v10-kimi27sglang-fortran.n0.p14.w14,7,23.435568,829312967.000000,35156941.000000,0.000000,graded_attempt,sources/llr40v10-kimi27sglang-fortran/tsvc_2_vag/621022.621022.llr40v10-kimi27sglang-fortran.n0.p14.w14/candidate_06_submission.txt,c7763e3e2eb1cfdf993555feedacaa12bbc92882f3cb526fed559981450afeac
llr40v10-kimi27sglang-fortran,fortran,tsvc_2_vag,llr40v10-kimi27sglang-fortran.n0.p14.w14,3,23.203533,829379693.000000,35314533.000000,0.000000,graded_attempt,sources/llr40v10-kimi27sglang-fortran/tsvc_2_vag/621022.621022.llr40v10-kimi27sglang-fortran.n0.p14.w14/candidate_03_submission.txt,87a65f3b5e3ea4058cae1fdef9dbd7d4080b3cac79fa9002880f145fae61196b
llr40v10-kimi27sglang-fortran,fortran,tsvc_2_vag,llr40v10-kimi27sglang-fortran.n0.p14.w14,4,23.203533,825549561.000000,35179388.000000,0.000000,graded_attempt,sources/llr40v10-kimi27sglang-fortran/tsvc_2_vag/621022.621022.llr40v10-kimi27sglang-fortran.n0.p14.w14/candidate_04_submission.txt,fa53a2d2cb21890465ff96637ca89ad6751ca946d9bbeb2bee7ad546f7b39e2b
llr40v10-kimi27sglang-fortran,fortran,tsvc_2_vag,llr40v10-kimi27sglang-fortran.n0.p14.w14,1,22.746332,827261876.000000,35741132.000000,0.000000,graded_attempt,sources/llr40v10-kimi27sglang-fortran/tsvc_2_vag/621022.621022.llr40v10-kimi27sglang-fortran.n0.p14.w14/candidate_01_submission.txt,d0e009f134dfbcc67df21fb5036ca6c675150abe5fe6d145e86715bb4f0f1485
llr40v10-oss120b-c,c,tsvc_2_vag,llr40v10-oss120b-c.n0.p34.w34,1,22.973795,828621521.000000,35432637.000000,0.000000,graded_attempt,sources/llr40v10-oss120b-c/tsvc_2_vag/621382.621382.llr40v10-oss120b-c.n0.p34.w34/candidate_01_submission.txt,35dfecf29d003d143aea0aedd2cd5d86b6a970cd63fb4ec90fba9771c2990bd4
llr40v10-oss120b-c,c,tsvc_2_vag,llr40v10-oss120b-c.n0.p34.w34,1,20.388077,989154689.000000,47989053.000000,0.000000,graded_attempt,sources/llr40v10-oss120b-c/tsvc_2_vag/621015.621015.llr40v10-oss120b-c.n0.p34.w34/candidate_01_submission.txt,d974ec177b1a3e6ccb2ad0080aebc095c202ec57314534f03449f15c0c5c0c38
llr40v10-oss120b-fortran,fortran,tsvc_2_vag,llr40v10-oss120b-fortran.n0.p34.w34,1,22.746332,823386439.000000,35647413.000000,0.000000,graded_attempt,sources/llr40v10-oss120b-fortran/tsvc_2_vag/621384.621384.llr40v10-oss120b-fortran.n0.p34.w34/candidate_01_submission.txt,998bb4faa6e9fa6c360a0e5c16dcec3bc222e0c95a38de4b2936dee25e0dd738
llr40v10-qwen38-c,c,tsvc_2_vag,llr40v10-qwen38-c.n0.p34.w34,2,25.126101,821125204.000000,32521242.000000,0.000000,graded_attempt,sources/llr40v10-qwen38-c/tsvc_2_vag/621383.621383.llr40v10-qwen38-c.n0.p34.w34/candidate_02_submission.txt,76b313675ea1ffa383d6532831efff6ac69803677e9fa6c19e2da655aeaee168
llr40v10-qwen38-c,c,tsvc_2_vag,llr40v10-qwen38-c.n0.p34.w34,1,22.746332,828463795.000000,35677139.000000,0.000000,graded_attempt,sources/llr40v10-qwen38-c/tsvc_2_vag/621383.621383.llr40v10-qwen38-c.n0.p34.w34/candidate_01_submission.txt,9eea4e934d36f5d37026c6ed7d4880388331d82e44107c4ed36fc30d2e6dabb2
llr40v10-qwen38-c,c,tsvc_2_vag,llr40v10-qwen38-c.n0.p34.w34,1,22.077365,821581375.000000,36473526.000000,0.000000,graded_attempt,sources/llr40v10-qwen38-c/tsvc_2_vag/621016.621016.llr40v10-qwen38-c.n0.p34.w34/candidate_01_submission.txt,226be0c087436da9bd3726ae142d6e212978b97b31b69e692d5fec3d29b8f522
llr40v10-qwen38-c,c,tsvc_2_vag,llr40v10-qwen38-c.n0.p34.w34,1,1.000000,36000811.000000,35655466.000000,0.000000,graded_attempt,sources/llr40v10-qwen38-c/tsvc_2_vag/622265.622265.llr40v10-qwen38-c.n0.p34.w34/candidate_01_submission.txt,9f00c9ee6fc226d26f4ebc24a53a937b2cfecade1fef0b27df2eeddfeac84727
llr40v10-qwen38-fortran,fortran,tsvc_2_vag,llr40v10-qwen38-fortran.n0.p34.w34,1,22.746332,865022588.000000,37342032.000000,0.000000,graded_attempt,sources/llr40v10-qwen38-fortran/tsvc_2_vag/621385.621385.llr40v10-qwen38-fortran.n0.p34.w34/candidate_01_submission.txt,00b8db514951d1211c46c96d0a02b5a049642887e4a45caa7e898717059e2cd3
llr40v10-qwen38-fortran,fortran,tsvc_2_vag,llr40v10-qwen38-fortran.n0.p34.w34,1,21.642354,786090630.000000,35881024.000000,0.000000,graded_attempt,sources/llr40v10-qwen38-fortran/tsvc_2_vag/621020.621020.llr40v10-qwen38-fortran.n0.p34.w34/candidate_01_submission.txt,44e790aa2d7251ac88184aae7c2d9c795f55786be2b45d2fd3f6915e2324fd68
llr40v10-kimi27sglang-c,c,tsvc_2_vpvts,llr40v10-kimi27sglang-c.n0.p15.w15,1,1.020100,18937155.000000,18368524.000000,0.000000,graded_attempt,sources/llr40v10-kimi27sglang-c/tsvc_2_vpvts/621730.621730.llr40v10-kimi27sglang-c.n0.p15.w15/candidate_01_submission.txt,d596caf61e362a0170ab34d017759c217d5926383dbb997c03e08cd5c089ac9d
llr40v10-kimi27sglang-fortran,fortran,tsvc_2_vpvts,llr40v10-kimi27sglang-fortran.n0.p15.w15,1,4.583215,82054728.000000,18346374.000000,0.000000,graded_attempt,sources/llr40v10-kimi27sglang-fortran/tsvc_2_vpvts/621022.621022.llr40v10-kimi27sglang-fortran.n0.p15.w15/candidate_01_submission.txt,5b70d0223c23fe753e336db4267f946bee3ed87fa8b001f2ce21a0b8e6e35d6d
llr40v10-oss120b-c,c,tsvc_2_vpvts,llr40v10-oss120b-c.n0.p35.w35,1,5.216126,145185933.000000,27777705.000000,0.000000,graded_attempt,sources/llr40v10-oss120b-c/tsvc_2_vpvts/621015.621015.llr40v10-oss120b-c.n0.p35.w35/candidate_01_submission.txt,9aa863176d2e8ebc2c065c4dd06dd4c56744dc2aa032768fc5a1f158cf2fb5a3
llr40v10-oss120b-c,c,tsvc_2_vpvts,llr40v10-oss120b-c.n0.p35.w35,1,4.537836,83170276.000000,18315916.000000,0.000000,graded_attempt,sources/llr40v10-oss120b-c/tsvc_2_vpvts/621382.621382.llr40v10-oss120b-c.n0.p35.w35/candidate_01_submission.txt,86aa80a656d761b40d932be6f680191f70d27380fadbb1c40516c365d38c58f5
llr40v10-oss120b-fortran,fortran,tsvc_2_vpvts,llr40v10-oss120b-fortran.n0.p35.w35,1,5.374180,101002034.000000,18443451.000000,0.000000,graded_attempt,sources/llr40v10-oss120b-fortran/tsvc_2_vpvts/621019.621019.llr40v10-oss120b-fortran.n0.p35.w35/candidate_01_submission.txt,8c4753c422a397d70ee3cbb6e007454b52d6ee05a15be4508e28f1c6583a5f85
llr40v10-oss120b-fortran,fortran,tsvc_2_vpvts,llr40v10-oss120b-fortran.n0.p35.w35,1,4.448423,83048594.000000,18441404.000000,0.000000,graded_attempt,sources/llr40v10-oss120b-fortran/tsvc_2_vpvts/621384.621384.llr40v10-oss120b-fortran.n0.p35.w35/candidate_01_submission.txt,c00ad330c3c9850000355ee8a06c03c0c29b545e691d71afc925d2505b20a3ad
llr40v10-qwen38-c,c,tsvc_2_vpvts,llr40v10-qwen38-c.n0.p35.w35,1,4.629047,85714581.000000,18344849.000000,0.000000,graded_attempt,sources/llr40v10-qwen38-c/tsvc_2_vpvts/621383.621383.llr40v10-qwen38-c.n0.p35.w35/candidate_01_submission.txt,4274c35317efba9284152d761a57a7996e5dbbc70479700e19f915a127daf003
llr40v10-qwen38-c,c,tsvc_2_vpvts,llr40v10-qwen38-c.n0.p35.w35,1,4.317595,89440904.000000,20156488.000000,0.000000,graded_attempt,sources/llr40v10-qwen38-c/tsvc_2_vpvts/621016.621016.llr40v10-qwen38-c.n0.p35.w35/candidate_01_submission.txt,214401c74d86e42804ad6253cdb0c2acab554cdb14f78659aaa421488d1a59de
llr40v10-qwen38-c,c,tsvc_2_vpvts,llr40v10-qwen38-c.n0.p35.w35,2,4.232522,83506339.000000,19763721.000000,0.000000,graded_attempt,sources/llr40v10-qwen38-c/tsvc_2_vpvts/621016.621016.llr40v10-qwen38-c.n0.p35.w35/candidate_02_submission.txt,521dc53e7c8c56121a6c03a7c99b621b8e259017159b65e20a13a3bf8fc6beb0
llr40v10-qwen38-fortran,fortran,tsvc_2_vpvts,llr40v10-qwen38-fortran.n0.p35.w35,1,6.055760,109265252.000000,18372627.000000,0.000000,graded_attempt,sources/llr40v10-qwen38-fortran/tsvc_2_vpvts/621020.621020.llr40v10-qwen38-fortran.n0.p35.w35/candidate_01_submission.txt,99a20955df4554d2e19038d8a67a39ce49ff874acb66899fee51dbfd3261cb69
llr40v10-qwen38-fortran,fortran,tsvc_2_vpvts,llr40v10-qwen38-fortran.n0.p35.w35,1,5.164481,104279039.000000,19912688.000000,0.000000,graded_attempt,sources/llr40v10-qwen38-fortran/tsvc_2_vpvts/621385.621385.llr40v10-qwen38-fortran.n0.p35.w35/candidate_01_submission.txt,4fc0d9cf50555a39677e5c18e53f44332609efb262d38eaa14f9ee31f0b0b3e9
llr40v10-kimi27sglang-fortran,fortran,tsvc_2_vtvtv,llr40v10-kimi27sglang-fortran.n0.p16.w16,2,5.320970,101028367.000000,18699167.000000,0.000000,graded_attempt,sources/llr40v10-kimi27sglang-fortran/tsvc_2_vtvtv/621022.621022.llr40v10-kimi27sglang-fortran.n0.p16.w16/candidate_02_submission.txt,aa3e23d066d003dd3015c5cef90f610e1bf813762bc96ddf5278d964affc8cf5
llr40v10-kimi27sglang-fortran,fortran,tsvc_2_vtvtv,llr40v10-kimi27sglang-fortran.n0.p16.w16,3,5.320970,101916013.000000,18561897.000000,0.000000,graded_attempt,sources/llr40v10-kimi27sglang-fortran/tsvc_2_vtvtv/621022.621022.llr40v10-kimi27sglang-fortran.n0.p16.w16/candidate_03_submission.txt,e3f438eb1508d25054bd0327648c2c912411b00b5b04cc29d8b0f7bfe65a6eb8
llr40v10-kimi27sglang-fortran,fortran,tsvc_2_vtvtv,llr40v10-kimi27sglang-fortran.n0.p16.w16,1,5.268287,100285720.000000,18652999.000000,0.000000,graded_attempt,sources/llr40v10-kimi27sglang-fortran/tsvc_2_vtvtv/621022.621022.llr40v10-kimi27sglang-fortran.n0.p16.w16/candidate_01_submission.txt,89408c2cf67a2c54cb88990b3fb750165ef0efbb28aa67fc9496037ad46d51b9
llr40v10-oss120b-c,c,tsvc_2_vtvtv,llr40v10-oss120b-c.n0.p36.w36,1,5.012594,89055218.000000,17395135.000000,0.000000,graded_attempt,sources/llr40v10-oss120b-c/tsvc_2_vtvtv/621015.621015.llr40v10-oss120b-c.n0.p36.w36/candidate_01_submission.txt,13f027a340ba5e9068eccdfcd405af2743bd24535da1ad16d439c95c1feb8afd
llr40v10-oss120b-c,c,tsvc_2_vtvtv,llr40v10-oss120b-c.n0.p36.w36,1,4.722091,83522220.000000,17349812.000000,0.000000,graded_attempt,sources/llr40v10-oss120b-c/tsvc_2_vtvtv/621382.621382.llr40v10-oss120b-c.n0.p36.w36/candidate_01_submission.txt,2c9c4b4b86d6f989c2db5f8142bbf446826469b64c4eb6c799b4eeac2cc76691
llr40v10-oss120b-fortran,fortran,tsvc_2_vtvtv,llr40v10-oss120b-fortran.n0.p36.w36,1,4.962965,85776448.000000,17227259.000000,0.000000,graded_attempt,sources/llr40v10-oss120b-fortran/tsvc_2_vtvtv/621384.621384.llr40v10-oss120b-fortran.n0.p36.w36/candidate_01_submission.txt,a0afb9e6fe0603e58094ce151ad9600b65a104296a789c0597592c04f7667c6b
llr40v10-oss120b-fortran,fortran,tsvc_2_vtvtv,llr40v10-oss120b-fortran.n0.p36.w36,2,4.865175,84778106.000000,17300443.000000,0.000000,graded_attempt,sources/llr40v10-oss120b-fortran/tsvc_2_vtvtv/621019.621019.llr40v10-oss120b-fortran.n0.p36.w36/candidate_01_submission.txt,7c90da9e1776c0f908f741cf7eb6899db475c2a36e1bda198614c811f29181d6
llr40v10-oss120b-fortran,fortran,tsvc_2_vtvtv,llr40v10-oss120b-fortran.n0.p36.w36,1,4.817005,84171003.000000,17284655.000000,0.000000,graded_attempt,sources/llr40v10-oss120b-fortran/tsvc_2_vtvtv/621019.621019.llr40v10-oss120b-fortran.n0.p36.w36/candidate_01_submission.txt,7c90da9e1776c0f908f741cf7eb6899db475c2a36e1bda198614c811f29181d6
llr40v10-qwen38-c,c,tsvc_2_vtvtv,llr40v10-qwen38-c.n0.p36.w36,2,5.012594,88402336.000000,17541486.000000,0.000000,graded_attempt,sources/llr40v10-qwen38-c/tsvc_2_vtvtv/621016.621016.llr40v10-qwen38-c.n0.p36.w36/candidate_02_submission.txt,871829301f10a297deadeccc8fd06b61e36e6691fe2088f7e011d22822337e81
llr40v10-qwen38-c,c,tsvc_2_vtvtv,llr40v10-qwen38-c.n0.p36.w36,5,4.865175,85460282.000000,17384622.000000,0.000000,graded_attempt,sources/llr40v10-qwen38-c/tsvc_2_vtvtv/621383.621383.llr40v10-qwen38-c.n0.p36.w36/candidate_02_submission.txt,a1bc20c66a47f85e4f17303bf124e356bf00c94dc0d0a5b2112175877a223b45
llr40v10-qwen38-c,c,tsvc_2_vtvtv,llr40v10-qwen38-c.n0.p36.w36,2,4.817005,84740934.000000,17419682.000000,0.000000,graded_attempt,sources/llr40v10-qwen38-c/tsvc_2_vtvtv/621383.621383.llr40v10-qwen38-c.n0.p36.w36/candidate_02_submission.txt,a1bc20c66a47f85e4f17303bf124e356bf00c94dc0d0a5b2112175877a223b45
llr40v10-qwen38-c,c,tsvc_2_vtvtv,llr40v10-qwen38-c.n0.p36.w36,6,4.817005,84766567.000000,17438388.000000,0.000000,graded_attempt,sources/llr40v10-qwen38-c/tsvc_2_vtvtv/621383.621383.llr40v10-qwen38-c.n0.p36.w36/candidate_02_submission.txt,a1bc20c66a47f85e4f17303bf124e356bf00c94dc0d0a5b2112175877a223b45
llr40v10-qwen38-c,c,tsvc_2_vtvtv,llr40v10-qwen38-c.n0.p36.w36,1,4.769311,85004770.000000,17358512.000000,0.000000,graded_attempt,sources/llr40v10-qwen38-c/tsvc_2_vtvtv/621383.621383.llr40v10-qwen38-c.n0.p36.w36/candidate_01_submission.txt,d62207885782c33658c6e49b317ac9e26538813ce79ec0ca8ba909b99483f5cc
llr40v10-qwen38-c,c,tsvc_2_vtvtv,llr40v10-qwen38-c.n0.p36.w36,3,4.769311,83956599.000000,17384680.000000,0.000000,graded_attempt,sources/llr40v10-qwen38-c/tsvc_2_vtvtv/621383.621383.llr40v10-qwen38-c.n0.p36.w36/candidate_02_submission.txt,a1bc20c66a47f85e4f17303bf124e356bf00c94dc0d0a5b2112175877a223b45
llr40v10-qwen38-c,c,tsvc_2_vtvtv,llr40v10-qwen38-c.n0.p36.w36,4,4.492907,79235664.000000,17397392.000000,0.000000,graded_attempt,sources/llr40v10-qwen38-c/tsvc_2_vtvtv/621383.621383.llr40v10-qwen38-c.n0.p36.w36/candidate_02_submission.txt,a1bc20c66a47f85e4f17303bf124e356bf00c94dc0d0a5b2112175877a223b45
llr40v10-qwen38-c,c,tsvc_2_vtvtv,llr40v10-qwen38-c.n0.p36.w36,1,1.000000,89253960.000000,89082999.000000,0.000000,graded_attempt,sources/llr40v10-qwen38-c/tsvc_2_vtvtv/621016.621016.llr40v10-qwen38-c.n0.p36.w36/candidate_01_submission.txt,a1b7036cb4605215ad593c12baa48309bef84ad001156eaf3a24f9f2005271b5
llr40v10-qwen38-fortran,fortran,tsvc_2_vtvtv,llr40v10-qwen38-fortran.n0.p36.w36,1,4.865175,85860374.000000,17362779.000000,0.000000,graded_attempt,sources/llr40v10-qwen38-fortran/tsvc_2_vtvtv/621020.621020.llr40v10-qwen38-fortran.n0.p36.w36/candidate_01_submission.txt,3dff47b701cc99845573fbbbccf941957058a04cc67621555ed7b834f63d9682
llr40v10-kimi27sglang-fortran,fortran,versioned_distance_update,llr40v10-kimi27sglang-fortran.n0.p17.w17,1,3.609585,468041502.000000,128522520.000000,0.000000,graded_attempt,sources/llr40v10-kimi27sglang-fortran/versioned_distance_update/621022.621022.llr40v10-kimi27sglang-fortran.n0.p17.w17/candidate_01_submission.txt,9712b2f8171e2e3db31c5a6e24805b31aecdf9f292cd18ae15465d43bc22624a
llr40v10-oss120b-c,c,versioned_distance_update,llr40v10-oss120b-c.n0.p37.w37,1,3.468740,467699541.000000,133646595.000000,0.000000,graded_attempt,sources/llr40v10-oss120b-c/versioned_distance_update/621015.621015.llr40v10-oss120b-c.n0.p37.w37/candidate_01_submission.txt,968caf9be8aa9c4abe6f4945186a1e0f07bb4a98c2c51e131ad0a4eaa5656756
llr40v10-oss120b-c,c,versioned_distance_update,llr40v10-oss120b-c.n0.p37.w37,1,1.115668,468260207.000000,416020317.000000,0.000000,graded_attempt,sources/llr40v10-oss120b-c/versioned_distance_update/621382.621382.llr40v10-oss120b-c.n0.p37.w37/candidate_01_submission.txt,16bfcbda0a37272da4f5370ecfed1fdadcbff887100699059e9c25040d19cf7c
llr40v10-oss120b-fortran,fortran,versioned_distance_update,llr40v10-oss120b-fortran.n0.p37.w37,1,3.609585,468162567.000000,128666238.000000,0.000000,graded_attempt,sources/llr40v10-oss120b-fortran/versioned_distance_update/621384.621384.llr40v10-oss120b-fortran.n0.p37.w37/candidate_01_submission.txt,b720ac85a7f4e4ce76e665f722afe721bea88ae6f773ceaae42116f48fd2c14b
llr40v10-oss120b-fortran,fortran,versioned_distance_update,llr40v10-oss120b-fortran.n0.p37.w37,1,3.434396,469028206.000000,134600910.000000,0.000000,graded_attempt,sources/llr40v10-oss120b-fortran/versioned_distance_update/621019.621019.llr40v10-oss120b-fortran.n0.p37.w37/candidate_01_submission.txt,0c932e3663ba4ab612e5467131d37cda1aed5746915994f9c6c8df25e968d535
llr40v10-qwen38-c,c,versioned_distance_update,llr40v10-qwen38-c.n0.p37.w37,1,17.387385,468626961.000000,26728096.000000,0.000000,graded_attempt,sources/llr40v10-qwen38-c/versioned_distance_update/621383.621383.llr40v10-qwen38-c.n0.p37.w37/candidate_01_submission.txt,def6b05cde8f86bbde02108baea570adb4ed96852e23ea70d20d34335201e38f
llr40v10-qwen38-fortran,fortran,versioned_distance_update,llr40v10-qwen38-fortran.n0.p37.w37,3,30.054523,467571379.000000,14996383.000000,0.000000,graded_attempt,sources/llr40v10-qwen38-fortran/versioned_distance_update/621385.621385.llr40v10-qwen38-fortran.n0.p37.w37/candidate_03_submission.txt,01661d852f138e7e9788a82e7d49fe32d331e275d901a366586f7cbf350f9d1d
llr40v10-qwen38-fortran,fortran,versioned_distance_update,llr40v10-qwen38-fortran.n0.p37.w37,2,16.379703,467740607.000000,28125182.000000,0.000000,graded_attempt,sources/llr40v10-qwen38-fortran/versioned_distance_update/621385.621385.llr40v10-qwen38-fortran.n0.p37.w37/candidate_02_submission.txt,6ad73ef36820987c99b77a64281827abca9bd4ab27494c31fc8aaaef1ae92817
llr40v10-qwen38-fortran,fortran,versioned_distance_update,llr40v10-qwen38-fortran.n0.p37.w37,1,1.126825,468006534.000000,415277980.000000,0.000000,graded_attempt,sources/llr40v10-qwen38-fortran/versioned_distance_update/621385.621385.llr40v10-qwen38-fortran.n0.p37.w37/candidate_01_submission.txt,b63a671acae4303b2b9969efc8eea8f128bfca15adaaeb7c1c293ac4a9f1b7f8
llr40v9-kimi27sglang-fortran,fortran,versioned_distance_update,llr40v9-kimi27sglang-fortran.n0.p5.w5,1,3.573846,467855584.000000,129250491.000000,0.000000,graded_attempt,sources/llr40v9-kimi27sglang-fortran/versioned_distance_update/619186.619186.llr40v9-kimi27sglang-fortran.n0.p5.w5/candidate_01_submission.txt,d21943b1ec544f1502c0ba7c911827064ef394c330ba2efcd9f9be4e11ba5a9d
llr40v9-oss120b-c,c,versioned_distance_update,llr40v9-oss120b-c.n0.p5.w5,1,19.788466,467030469.000000,23186816.000000,0.000000,graded_attempt,sources/llr40v9-oss120b-c/versioned_distance_update/618220.618220.llr40v9-oss120b-c.n0.p5.w5/candidate_01_submission.txt,0820cff23c7981874d82a76f7c40e2882eb807eb25c7b814f75dbe555b8ab616
llr40v9-oss120b-c-skills,c,versioned_distance_update,llr40v9-oss120b-c-skills.n0.p5.w5,1,3.609585,468230201.000000,128610271.000000,0.000000,graded_attempt,sources/llr40v9-oss120b-c-skills/versioned_distance_update/618229.618229.llr40v9-oss120b-c-skills.n0.p5.w5/candidate_01_submission.txt,012ad7ca021bcae9e35f574d1159563f47218916035a4d9d53e967e2f467a0c5
llr40v9-oss120b-cpp,cpp,versioned_distance_update,llr40v9-oss120b-cpp.n0.p5.w5,1,3.609585,467744791.000000,128752078.000000,0.000000,graded_attempt,sources/llr40v9-oss120b-cpp/versioned_distance_update/618221.618221.llr40v9-oss120b-cpp.n0.p5.w5/candidate_01_submission.txt,ff91379b5807461466629cae09017d3180be1804e7684e0f6e77243a340c4042
llr40v9-oss120b-fortran,fortran,versioned_distance_update,llr40v9-oss120b-fortran.n0.p5.w5,1,3.573846,467833480.000000,130398801.000000,0.000000,graded_attempt,sources/llr40v9-oss120b-fortran/versioned_distance_update/618222.618222.llr40v9-oss120b-fortran.n0.p5.w5/candidate_01_submission.txt,294cfbcf696db078d6d1aaab9370589c7039606eb9a9ca404c7dfa1a77cb8257
llr40v9-oss120b-fortran-skills,fortran,versioned_distance_update,llr40v9-oss120b-fortran-skills.n0.p5.w5,1,3.609585,469554285.000000,128648289.000000,0.000000,graded_attempt,sources/llr40v9-oss120b-fortran-skills/versioned_distance_update/618231.618231.llr40v9-oss120b-fortran-skills.n0.p5.w5/candidate_01_submission.txt,f2a86de94b136d2d7e5aec9467b87f4064a4bc4ff6696e0c7e1ef07629071863
llr40v10-kimi27sglang-c,c,wf_diff_skew,llr40v10-kimi27sglang-c.n0.p18.w18,1,1.416603,199294386.000000,140361138.000000,0.000000,graded_attempt,sources/llr40v10-kimi27sglang-c/wf_diff_skew/621018.621018.llr40v10-kimi27sglang-c.n0.p18.w18/candidate_01_submission.txt,5b0026c033d4488f0cc9c9e59f95e41c176d8a531e085ae6d85f9fac65d9f7cb
llr40v10-kimi27sglang-fortran,fortran,wf_diff_skew,llr40v10-kimi27sglang-fortran.n0.p18.w18,3,2.573538,150259537.000000,56749735.000000,0.000000,graded_attempt,sources/llr40v10-kimi27sglang-fortran/wf_diff_skew/621022.621022.llr40v10-kimi27sglang-fortran.n0.p18.w18/candidate_03_submission.txt,72ab04ba2e2842360bd8891162ec66e534694e55d76b7b8167b7de3e71a251c6
llr40v10-kimi27sglang-fortran,fortran,wf_diff_skew,llr40v10-kimi27sglang-fortran.n0.p18.w18,2,1.051010,144226633.000000,136791672.000000,0.000000,graded_attempt,sources/llr40v10-kimi27sglang-fortran/wf_diff_skew/621022.621022.llr40v10-kimi27sglang-fortran.n0.p18.w18/candidate_02_submission.txt,a8eab6bd187a4f1bfd7d96dda0c83ab00c277d51b04ae16bba2fbb4182c791e4
llr40v10-kimi27sglang-fortran,fortran,wf_diff_skew,llr40v10-kimi27sglang-fortran.n0.p18.w18,1,1.040604,162726741.000000,154870576.000000,0.000000,graded_attempt,sources/llr40v10-kimi27sglang-fortran/wf_diff_skew/621022.621022.llr40v10-kimi27sglang-fortran.n0.p18.w18/candidate_01_submission.txt,4adfafb84b5509bcb4f5d3053c74810d3f11b2fd38a8c806f74925ad2a866ba5
llr40v10-oss120b-c,c,wf_diff_skew,llr40v10-oss120b-c.n0.p38.w38,1,3.468740,214035302.000000,59277383.000000,0.000000,graded_attempt,sources/llr40v10-oss120b-c/wf_diff_skew/621015.621015.llr40v10-oss120b-c.n0.p38.w38/candidate_01_submission.txt,620a8bb7753cad61dbf8c94ef9f915957303d14a62525ba4fff4b281ebfed2a9
llr40v10-oss120b-c,c,wf_diff_skew,llr40v10-oss120b-c.n0.p38.w38,1,1.072135,149234004.000000,138797874.000000,0.000000,graded_attempt,sources/llr40v10-oss120b-c/wf_diff_skew/621382.621382.llr40v10-oss120b-c.n0.p38.w38/candidate_01_submission.txt,c0c7f89271d9ac2989d45a8c58add4245a15ae92c2439a71b52b5e7e22dce66a
llr40v10-oss120b-fortran,fortran,wf_diff_skew,llr40v10-oss120b-fortran.n0.p38.w38,1,2.238882,141163883.000000,61396693.000000,0.000000,graded_attempt,sources/llr40v10-oss120b-fortran/wf_diff_skew/621019.621019.llr40v10-oss120b-fortran.n0.p38.w38/candidate_01_submission.txt,32aff7131eba71da8e175f851e2e165e0e8c1248f9420c03366e20e471e72fba
llr40v10-oss120b-fortran,fortran,wf_diff_skew,llr40v10-oss120b-fortran.n0.p38.w38,1,2.216715,138748603.000000,61225135.000000,0.000000,graded_attempt,sources/llr40v10-oss120b-fortran/wf_diff_skew/621384.621384.llr40v10-oss120b-fortran.n0.p38.w38/candidate_01_submission.txt,654784e355fd848567628774479d984b7551f5c09930612abccb7cb3a2461468
llr40v10-qwen38-fortran,fortran,wf_diff_skew,llr40v10-qwen38-fortran.n0.p38.w38,1,1.000000,143770055.000000,159282869.000000,0.000000,graded_attempt,sources/llr40v10-qwen38-fortran/wf_diff_skew/621020.621020.llr40v10-qwen38-fortran.n0.p38.w38/candidate_01_submission.txt,4127a3bfc66e400a9a3dc523db7451b2970613ba384c399c43a57e9707d01876
llr40v10-kimi27sglang-c,c,wf_triangular,llr40v10-kimi27sglang-c.n0.p19.w19,1,13.290985,625609745.000000,43790446.000000,0.000000,graded_attempt,sources/llr40v10-kimi27sglang-c/wf_triangular/621730.621730.llr40v10-kimi27sglang-c.n0.p19.w19/candidate_01_submission.txt,88d2c0e0c018f868c1967eaa9bb2d78d2daeffc2a8adbeb86db574d9799e8480
llr40v10-kimi27sglang-c,c,wf_triangular,llr40v10-kimi27sglang-c.n0.p19.w19,1,7.537701,625142007.000000,76250833.000000,0.000000,graded_attempt,sources/llr40v10-kimi27sglang-c/wf_triangular/621018.621018.llr40v10-kimi27sglang-c.n0.p19.w19/candidate_01_submission.txt,fed620fcf8f9b56e95ee064b1ee0e7708c3f2f1ca6ed221de39a08cc6f2bc8de
llr40v10-oss120b-c,c,wf_triangular,llr40v10-oss120b-c.n0.p39.w39,1,2.151522,167027202.000000,74532982.000000,0.000000,graded_attempt,sources/llr40v10-oss120b-c/wf_triangular/621382.621382.llr40v10-oss120b-c.n0.p39.w39/candidate_01_submission.txt,ae30959d788ceb22dd3a254634428ee3c8946077be90e3561016ac3e4d5faed7
llr40v10-oss120b-c,c,wf_triangular,llr40v10-oss120b-c.n0.p39.w39,1,1.986894,179780759.000000,87337689.000000,0.000000,graded_attempt,sources/llr40v10-oss120b-c/wf_triangular/621015.621015.llr40v10-oss120b-c.n0.p39.w39/candidate_01_submission.txt,4c4aa0ac2912a48052cb536147eb4af41a3c4b385b8316f9df77abef95cca7a4
llr40v10-oss120b-fortran,fortran,wf_triangular,llr40v10-oss120b-fortran.n0.p39.w39,1,1.890462,167008633.000000,84037429.000000,0.000000,graded_attempt,sources/llr40v10-oss120b-fortran/wf_triangular/621384.621384.llr40v10-oss120b-fortran.n0.p39.w39/candidate_01_submission.txt,c4380d714f937ff39d6ba4d8d8dd2953bf7dba7252fd33fd9bd6d50b0bced8ea
llr40v10-oss120b-fortran,fortran,wf_triangular,llr40v10-oss120b-fortran.n0.p39.w39,1,1.612226,166098560.000000,101326632.000000,0.000000,graded_attempt,sources/llr40v10-oss120b-fortran/wf_triangular/621019.621019.llr40v10-oss120b-fortran.n0.p39.w39/candidate_01_submission.txt,86f45b24ee65e41b6799be29f36a03ab37f39b0514517ac4f766b59175aa2fcb
llr40v10-qwen38-c,c,wf_triangular,llr40v10-qwen38-c.n0.p39.w39,1,3.718959,624905671.000000,166373140.000000,0.000000,graded_attempt,sources/llr40v10-qwen38-c/wf_triangular/621727.621727.llr40v10-qwen38-c.n0.p39.w39/candidate_01_submission.txt,7c5c63567836ba24486254a3f76d22b4ea64c3ae73fc0568ec2ea495e30e0db2
llr40v10-qwen38-fortran,fortran,wf_triangular,llr40v10-qwen38-fortran.n0.p39.w39,1,3.718959,624287546.000000,166893296.000000,0.000000,graded_attempt,sources/llr40v10-qwen38-fortran/wf_triangular/621728.621728.llr40v10-qwen38-fortran.n0.p39.w39/candidate_01_submission.txt,0b60c87a96ff6baedea7cbbc126fd8e2f2613a4949318f5fbd04f2b6753e28e3
llr40v10-qwen38-fortran,fortran,wf_triangular,llr40v10-qwen38-fortran.n0.p39.w39,1,1.000000,167117733.000000,166395050.000000,0.000000,graded_attempt,sources/llr40v10-qwen38-fortran/wf_triangular/621020.621020.llr40v10-qwen38-fortran.n0.p39.w39/candidate_01_submission.txt,0b14b06ec76a1e180befffa6ba44608a8b6db58f2c9d7e53f29a206d94be47f2
