arm,model,benchmark,scaling_mode,ranks,nodes,single_rank_ns,ranked_ns,work_ratio,achieved_speedup,ideal_speedup,efficiency,mean_efficiency
mlscale-kimi27sglang-hip,kimi27sglang,dist_cross_entropy,strong,1,1,19418889,6274746,1.0,3.094768935666878,1.0,3.094768935666878,2.4224840669995213
mlscale-kimi27sglang-hip,kimi27sglang,dist_cross_entropy,strong,2,1,19418889,3244468,1.0,5.9852305524357154,2.0,2.9926152762178577,2.4224840669995213
mlscale-kimi27sglang-hip,kimi27sglang,dist_cross_entropy,strong,4,1,19418889,1614738,1.0,12.026030848348153,4.0,3.0065077120870383,2.4224840669995213
mlscale-kimi27sglang-hip,kimi27sglang,dist_cross_entropy,strong,8,2,19418889,1098050,1.0,17.684885934156004,8.0,2.2106107417695005,2.4224840669995213
mlscale-kimi27sglang-hip,kimi27sglang,dist_cross_entropy,strong,16,4,19418889,895475,1.0,21.685573578268517,16.0,1.3553483486417823,2.4224840669995213
mlscale-kimi27sglang-hip,kimi27sglang,dist_cross_entropy,weak,1,1,19418889,6274746,1.0,3.094768935666878,1.0,3.094768935666878,2.9690989285885228
mlscale-kimi27sglang-hip,kimi27sglang,dist_cross_entropy,weak,2,1,19418889,6431456,2.0,3.0193612457272505,1.0,3.0193612457272505,2.9690989285885228
mlscale-kimi27sglang-hip,kimi27sglang,dist_cross_entropy,weak,4,1,19418889,6502670,4.0,2.9862947066358894,1.0,2.9862947066358894,2.9690989285885228
mlscale-kimi27sglang-hip,kimi27sglang,dist_cross_entropy,weak,8,2,19418889,6741348,8.0,2.8805646882492937,1.0,2.8805646882492937,2.9690989285885228
mlscale-kimi27sglang-hip,kimi27sglang,dist_cross_entropy,weak,16,4,19418889,6764795,16.0,2.8705805571343994,1.0,2.8705805571343994,2.9690989285885228
mlscale-kimi27sglang-hip,kimi27sglang,dist_gemm_add_relu,strong,1,1,458047248,88802474,1.0,5.158046024708726,1.0,5.158046024708726,1.3508761234274027
mlscale-kimi27sglang-hip,kimi27sglang,dist_gemm_add_relu,strong,2,1,458047248,93994482,1.0,4.8731291268778945,2.0,2.4365645634389472,1.3508761234274027
mlscale-kimi27sglang-hip,kimi27sglang,dist_gemm_add_relu,strong,4,1,458047248,52269909,1.0,8.763115466682752,4.0,2.190778866670688,1.3508761234274027
mlscale-kimi27sglang-hip,kimi27sglang,dist_gemm_add_relu,strong,8,2,458047248,104161117,1.0,4.39748786488148,8.0,0.549685983110185,1.3508761234274027
mlscale-kimi27sglang-hip,kimi27sglang,dist_gemm_add_relu,strong,16,4,458047248,96313909,1.0,4.755774661788465,16.0,0.29723591636177904,1.3508761234274027
mlscale-kimi27sglang-hip,kimi27sglang,dist_gemm_add_relu,weak,1,1,458047248,88802474,1.0,5.158046024708726,1.0,5.158046024708726,3.459883782813586
mlscale-kimi27sglang-hip,kimi27sglang,dist_gemm_add_relu,weak,2,1,458047248,134083277,2.0,3.416140015730672,1.0,3.416140015730672,3.459883782813586
mlscale-kimi27sglang-hip,kimi27sglang,dist_gemm_add_relu,weak,4,1,458047248,112399036,4.0,4.075188402861391,1.0,4.075188402861391,3.459883782813586
mlscale-kimi27sglang-hip,kimi27sglang,dist_gemm_add_relu,weak,8,2,458047248,168687518,8.0,2.7153594612732403,1.0,2.7153594612732403,3.459883782813586
mlscale-kimi27sglang-hip,kimi27sglang,dist_gemm_add_relu,weak,16,4,458047248,180135214,16.0,2.5427968126209906,1.0,2.5427968126209906,3.459883782813586
mlscale-kimi27sglang-hip,kimi27sglang,dist_gemm_gn_swish,strong,1,1,152625039,94939582,1.0,1.6076017587690665,1.0,1.6076017587690665,0.6757809404181994
mlscale-kimi27sglang-hip,kimi27sglang,dist_gemm_gn_swish,strong,2,1,152625039,61049906,1.0,2.5000044881313985,2.0,1.2500022440656993,0.6757809404181994
mlscale-kimi27sglang-hip,kimi27sglang,dist_gemm_gn_swish,strong,4,1,152625039,48129163,1.0,3.1711550645499487,4.0,0.7927887661374872,0.6757809404181994
mlscale-kimi27sglang-hip,kimi27sglang,dist_gemm_gn_swish,strong,8,2,152625039,48261690,1.0,3.1624470465083174,8.0,0.3953058808135397,0.6757809404181994
mlscale-kimi27sglang-hip,kimi27sglang,dist_gemm_gn_swish,strong,16,4,152625039,42624190,1.0,3.5807141203152484,16.0,0.22379463251970302,0.6757809404181994
mlscale-kimi27sglang-hip,kimi27sglang,dist_gemm_gn_swish,weak,1,1,152625039,94939582,1.0,1.6076017587690665,1.0,1.6076017587690665,1.3135319806008885
mlscale-kimi27sglang-hip,kimi27sglang,dist_gemm_gn_swish,weak,2,1,152625039,107508857,2.0,1.4196508386281141,1.0,1.4196508386281141,1.3135319806008885
mlscale-kimi27sglang-hip,kimi27sglang,dist_gemm_gn_swish,weak,4,1,152625039,118528845,4.0,1.2876615730120378,1.0,1.2876615730120378,1.3135319806008885
mlscale-kimi27sglang-hip,kimi27sglang,dist_gemm_gn_swish,weak,8,2,152625039,131449174,8.0,1.1610954588425182,1.0,1.1610954588425182,1.3135319806008885
mlscale-kimi27sglang-hip,kimi27sglang,dist_gemm_gn_swish,weak,16,4,152625039,133184048,16.0,1.1459708673218882,1.0,1.1459708673218882,1.3135319806008885
mlscale-kimi27sglang-hip,kimi27sglang,dist_layer_norm,strong,1,1,7140364,6154977,1.0,1.1600959678647054,1.0,1.1600959678647054,1.1262979405523235
mlscale-kimi27sglang-hip,kimi27sglang,dist_layer_norm,strong,2,1,7140364,2865032,1.0,2.492245810867034,2.0,1.246122905433517,1.1262979405523235
mlscale-kimi27sglang-hip,kimi27sglang,dist_layer_norm,strong,4,1,7140364,1465106,1.0,4.873615970448554,4.0,1.2184039926121386,1.1262979405523235
mlscale-kimi27sglang-hip,kimi27sglang,dist_layer_norm,strong,8,2,7140364,813832,1.0,8.773756745864011,8.0,1.0967195932330014,1.1262979405523235
mlscale-kimi27sglang-hip,kimi27sglang,dist_layer_norm,strong,16,4,7140364,475637,1.0,15.012213095280645,16.0,0.9382633184550403,1.1262979405523235
mlscale-kimi27sglang-hip,kimi27sglang,dist_layer_norm,weak,1,1,7140364,6154977,1.0,1.1600959678647054,1.0,1.1600959678647054,1.1319981235967742
mlscale-kimi27sglang-hip,kimi27sglang,dist_layer_norm,weak,2,1,7140364,6150436,2.0,1.1609524918233438,1.0,1.1609524918233438,1.1319981235967742
mlscale-kimi27sglang-hip,kimi27sglang,dist_layer_norm,weak,4,1,7140364,6236627,4.0,1.1449079766995847,1.0,1.1449079766995847,1.1319981235967742
mlscale-kimi27sglang-hip,kimi27sglang,dist_layer_norm,weak,8,2,7140364,6508270,8.0,1.0971216621314113,1.0,1.0971216621314113,1.1319981235967742
mlscale-kimi27sglang-hip,kimi27sglang,dist_layer_norm,weak,16,4,7140364,6498686,16.0,1.0987396529082956,1.0,1.0987396529082956,1.1319981235967742
mlscale-kimi27sglang-hip,kimi27sglang,dist_matmul_large_k,strong,1,1,153491411,53151218,1.0,2.887824903655077,1.0,2.887824903655077,2.2383939116466975
mlscale-kimi27sglang-hip,kimi27sglang,dist_matmul_large_k,strong,2,1,153491411,69749394,1.0,2.200612825396017,2.0,1.1003064126980084,2.2383939116466975
mlscale-kimi27sglang-hip,kimi27sglang,dist_matmul_large_k,strong,4,1,153491411,11083098,1.0,13.84914317278436,4.0,3.46228579319609,2.2383939116466975
mlscale-kimi27sglang-hip,kimi27sglang,dist_matmul_large_k,strong,8,2,153491411,7371866,1.0,20.821242681296702,8.0,2.602655335162088,2.2383939116466975
mlscale-kimi27sglang-hip,kimi27sglang,dist_matmul_large_k,strong,16,4,153491411,4888162,1.0,31.400639135936984,16.0,1.9625399459960615,2.2383939116466975
mlscale-kimi27sglang-hip,kimi27sglang,dist_matmul_large_k,weak,1,1,153491411,53151218,1.0,2.887824903655077,1.0,2.887824903655077,2.804995613346406
mlscale-kimi27sglang-hip,kimi27sglang,dist_matmul_large_k,weak,2,1,153491411,53159903,2.0,2.88735310521541,1.0,2.88735310521541,2.804995613346406
mlscale-kimi27sglang-hip,kimi27sglang,dist_matmul_large_k,weak,4,1,153491411,53937324,4.0,2.8457364885213807,1.0,2.8457364885213807,2.804995613346406
mlscale-kimi27sglang-hip,kimi27sglang,dist_matmul_large_k,weak,8,2,153491411,56244980,8.0,2.728979741836516,1.0,2.728979741836516,2.804995613346406
mlscale-kimi27sglang-hip,kimi27sglang,dist_matmul_large_k,weak,16,4,153491411,57238586,16.0,2.6816073164351053,1.0,2.6816073164351053,2.804995613346406
mlscale-kimi27sglang-hip,kimi27sglang,dist_sdpa,strong,1,1,73771484,46147332578,1.0,0.0015986077608127966,1.0,0.0015986077608127966,0.001551625382099485
mlscale-kimi27sglang-hip,kimi27sglang,dist_sdpa,strong,2,1,73771484,23407161226,1.0,0.0031516630012381323,2.0,0.0015758315006190661,0.001551625382099485
mlscale-kimi27sglang-hip,kimi27sglang,dist_sdpa,strong,4,1,73771484,11885945050,1.0,0.006206614929622277,4.0,0.0015516537324055692,0.001551625382099485
mlscale-kimi27sglang-hip,kimi27sglang,dist_sdpa,strong,8,2,73771484,6062314658,1.0,0.012168864231197417,8.0,0.001521108028899677,0.001551625382099485
mlscale-kimi27sglang-hip,kimi27sglang,dist_sdpa,strong,16,4,73771484,3048180808,1.0,0.02420180712587178,16.0,0.0015126129453669863,0.001551625382099485
mlscale-kimi27sglang-hip,kimi27sglang,dist_sdpa,weak,1,1,73771484,46147332578,1.0,0.0015986077608127966,1.0,0.0015986077608127966,0.0015596222619465058
mlscale-kimi27sglang-hip,kimi27sglang,dist_sdpa,weak,2,1,73771484,46177361810,1.9775390625,0.0015975681829450967,1.011358024691358,0.0015796267433905375,0.0015596222619465058
mlscale-kimi27sglang-hip,kimi27sglang,dist_sdpa,weak,4,1,73771484,47477229542,4.0,0.001553828745098515,1.0,0.001553828745098515,0.0015596222619465058
mlscale-kimi27sglang-hip,kimi27sglang,dist_sdpa,weak,8,2,73771484,49798425146,8.265625,0.0014814019476261612,0.9678638941398866,0.001530589121668436,0.0015596222619465058
mlscale-kimi27sglang-hip,kimi27sglang,dist_sdpa,weak,16,4,73771484,48011973780,16.0,0.0015365226253358168,1.0,0.0015365226253358168,0.0015596222619465058
mlscale-kimi27sglang-hip-gemmhint,kimi27sglang,dist_cross_entropy,strong,1,1,19418889,6601530,1.0,2.941573998754834,1.0,2.941573998754834,2.33951950927178
mlscale-kimi27sglang-hip-gemmhint,kimi27sglang,dist_cross_entropy,strong,2,1,19418889,3263377,1.0,5.950550304178769,2.0,2.9752751520893845,2.33951950927178
mlscale-kimi27sglang-hip-gemmhint,kimi27sglang,dist_cross_entropy,strong,4,1,19418889,1674636,1.0,11.59588650906824,4.0,2.89897162726706,2.33951950927178
mlscale-kimi27sglang-hip-gemmhint,kimi27sglang,dist_cross_entropy,strong,8,2,19418889,1135048,1.0,17.108429775657065,8.0,2.138553721957133,2.33951950927178
mlscale-kimi27sglang-hip-gemmhint,kimi27sglang,dist_cross_entropy,strong,16,4,19418889,939598,1.0,20.667231092445917,16.0,1.2917019432778698,2.33951950927178
mlscale-kimi27sglang-hip-gemmhint,kimi27sglang,dist_cross_entropy,weak,1,1,19418889,6601530,1.0,2.941573998754834,1.0,2.941573998754834,2.9143599486920864
mlscale-kimi27sglang-hip-gemmhint,kimi27sglang,dist_cross_entropy,weak,2,1,19418889,6524118,2.0,2.9764772801472934,1.0,2.9764772801472934,2.9143599486920864
mlscale-kimi27sglang-hip-gemmhint,kimi27sglang,dist_cross_entropy,weak,4,1,19418889,6675427,4.0,2.9090107644050334,1.0,2.9090107644050334,2.9143599486920864
mlscale-kimi27sglang-hip-gemmhint,kimi27sglang,dist_cross_entropy,weak,8,2,19418889,6760917,8.0,2.872227095821469,1.0,2.872227095821469,2.9143599486920864
mlscale-kimi27sglang-hip-gemmhint,kimi27sglang,dist_cross_entropy,weak,16,4,19418889,6757015,16.0,2.8738857320873197,1.0,2.8738857320873197,2.9143599486920864
mlscale-kimi27sglang-hip-gemmhint,kimi27sglang,dist_gemm_add_relu,strong,1,1,458047248,93596884,1.0,4.893830098019075,1.0,4.893830098019075,0.9244065207858403
mlscale-kimi27sglang-hip-gemmhint,kimi27sglang,dist_gemm_add_relu,strong,2,1,458047248,97865171,1.0,4.680390820550449,2.0,2.3401954102752245,0.9244065207858403
mlscale-kimi27sglang-hip-gemmhint,kimi27sglang,dist_gemm_add_relu,strong,4,1,458047248,57770340,1.0,7.928761506336989,4.0,1.9821903765842472,0.9244065207858403
mlscale-kimi27sglang-hip-gemmhint,kimi27sglang,dist_gemm_add_relu,strong,8,2,458047248,236813164,1.0,1.934213623360904,8.0,0.241776702920113,0.9244065207858403
mlscale-kimi27sglang-hip-gemmhint,kimi27sglang,dist_gemm_add_relu,strong,16,4,458047248,232774884,1.0,1.9677692031413492,16.0,0.12298557519633432,0.9244065207858403
mlscale-kimi27sglang-hip-gemmhint,kimi27sglang,dist_gemm_add_relu,weak,1,1,458047248,93596884,1.0,4.893830098019075,1.0,4.893830098019075,2.694113844609535
mlscale-kimi27sglang-hip-gemmhint,kimi27sglang,dist_gemm_add_relu,weak,2,1,458047248,136080680,2.0,3.3659976419870916,1.0,3.3659976419870916,2.694113844609535
mlscale-kimi27sglang-hip-gemmhint,kimi27sglang,dist_gemm_add_relu,weak,4,1,458047248,116956539,4.0,3.916388531298793,1.0,3.916388531298793,2.694113844609535
mlscale-kimi27sglang-hip-gemmhint,kimi27sglang,dist_gemm_add_relu,weak,8,2,458047248,310199303,8.0,1.4766224281296982,1.0,1.4766224281296982,2.694113844609535
mlscale-kimi27sglang-hip-gemmhint,kimi27sglang,dist_gemm_add_relu,weak,16,4,458047248,307431586,16.0,1.489916029643096,1.0,1.489916029643096,2.694113844609535
mlscale-kimi27sglang-hip-gemmhint,kimi27sglang,dist_gemm_gn_swish,strong,1,1,152625039,437244190,1.0,0.349061331152279,1.0,0.349061331152279,0.33632076783841036
mlscale-kimi27sglang-hip-gemmhint,kimi27sglang,dist_gemm_gn_swish,strong,2,1,152625039,217649622,1.0,0.7012419208336599,2.0,0.35062096041682994,0.33632076783841036
mlscale-kimi27sglang-hip-gemmhint,kimi27sglang,dist_gemm_gn_swish,strong,4,1,152625039,111981550,1.0,1.3629480838584571,4.0,0.3407370209646143,0.33632076783841036
mlscale-kimi27sglang-hip-gemmhint,kimi27sglang,dist_gemm_gn_swish,strong,8,2,152625039,57863536,1.0,2.637672177517807,8.0,0.32970902218972586,0.33632076783841036
mlscale-kimi27sglang-hip-gemmhint,kimi27sglang,dist_gemm_gn_swish,strong,16,4,152625039,30480855,1.0,5.007242710219251,16.0,0.3129526693887032,0.33632076783841036
mlscale-kimi27sglang-hip-gemmhint,kimi27sglang,dist_gemm_gn_swish,weak,1,1,152625039,437244190,1.0,0.349061331152279,1.0,0.349061331152279,0.3402447601645581
mlscale-kimi27sglang-hip-gemmhint,kimi27sglang,dist_gemm_gn_swish,weak,2,1,152625039,449622315,2.0,0.33945165510746506,1.0,0.33945165510746506,0.3402447601645581
mlscale-kimi27sglang-hip-gemmhint,kimi27sglang,dist_gemm_gn_swish,weak,4,1,152625039,451170126,4.0,0.33828711212142626,1.0,0.33828711212142626,0.3402447601645581
mlscale-kimi27sglang-hip-gemmhint,kimi27sglang,dist_gemm_gn_swish,weak,8,2,152625039,452581532,8.0,0.33723214097034787,1.0,0.33723214097034787,0.3402447601645581
mlscale-kimi27sglang-hip-gemmhint,kimi27sglang,dist_gemm_gn_swish,weak,16,4,152625039,452441718,16.0,0.33733635278964264,1.0,0.33733635278964264,0.3402447601645581
mlscale-kimi27sglang-hip-gemmhint,kimi27sglang,dist_layer_norm,strong,1,1,7140364,5938858,1.0,1.202312633169542,1.0,1.202312633169542,1.0957641319805786
mlscale-kimi27sglang-hip-gemmhint,kimi27sglang,dist_layer_norm,strong,2,1,7140364,3091162,1.0,2.309928758182198,2.0,1.154964379091099,1.0957641319805786
mlscale-kimi27sglang-hip-gemmhint,kimi27sglang,dist_layer_norm,strong,4,1,7140364,1676686,1.0,4.258617296261793,4.0,1.0646543240654482,1.0957641319805786
mlscale-kimi27sglang-hip-gemmhint,kimi27sglang,dist_layer_norm,strong,8,2,7140364,809414,1.0,8.821646277430338,8.0,1.1027057846787922,1.0957641319805786
mlscale-kimi27sglang-hip-gemmhint,kimi27sglang,dist_layer_norm,strong,16,4,7140364,460542,1.0,15.5042623691216,16.0,0.9690163980701,1.0957641319805786
mlscale-kimi27sglang-hip-gemmhint,kimi27sglang,dist_layer_norm,weak,1,1,7140364,5938858,1.0,1.202312633169542,1.0,1.202312633169542,1.1316150770260804
mlscale-kimi27sglang-hip-gemmhint,kimi27sglang,dist_layer_norm,weak,2,1,7140364,6018155,2.0,1.1864706043629651,1.0,1.1864706043629651,1.1316150770260804
mlscale-kimi27sglang-hip-gemmhint,kimi27sglang,dist_layer_norm,weak,4,1,7140364,6303685,4.0,1.1327285548056414,1.0,1.1327285548056414,1.1316150770260804
mlscale-kimi27sglang-hip-gemmhint,kimi27sglang,dist_layer_norm,weak,8,2,7140364,6604122,8.0,1.0811980759895108,1.0,1.0811980759895108,1.1316150770260804
mlscale-kimi27sglang-hip-gemmhint,kimi27sglang,dist_layer_norm,weak,16,4,7140364,6722522,16.0,1.062155542220613,1.0,1.062155542220613,1.1316150770260804
mlscale-kimi27sglang-hip-gemmhint,kimi27sglang,dist_matmul_gelu_softmax,strong,1,1,128488865,1248220218,1.0,0.10293765727162738,1.0,0.10293765727162738,0.10182007932958836
mlscale-kimi27sglang-hip-gemmhint,kimi27sglang,dist_matmul_gelu_softmax,strong,2,1,128488865,626169660,1.0,0.2051981646635514,2.0,0.1025990823317757,0.10182007932958836
mlscale-kimi27sglang-hip-gemmhint,kimi27sglang,dist_matmul_gelu_softmax,strong,4,1,128488865,313257196,1.0,0.41017051368869434,4.0,0.10254262842217358,0.10182007932958836
mlscale-kimi27sglang-hip-gemmhint,kimi27sglang,dist_matmul_gelu_softmax,strong,8,2,128488865,157871092,1.0,0.8138846914417999,8.0,0.10173558643022498,0.10182007932958836
mlscale-kimi27sglang-hip-gemmhint,kimi27sglang,dist_matmul_gelu_softmax,strong,16,4,128488865,80848776,1.0,1.5892493536327625,16.0,0.09932808460204766,0.10182007932958836
mlscale-kimi27sglang-hip-gemmhint,kimi27sglang,dist_matmul_gelu_softmax,weak,1,1,128488865,1248220218,1.0,0.10293765727162738,1.0,0.10293765727162738,0.10251499262800554
mlscale-kimi27sglang-hip-gemmhint,kimi27sglang,dist_matmul_gelu_softmax,weak,2,1,128488865,1248582055,2.0,0.10290782610999483,1.0,0.10290782610999483,0.10251499262800554
mlscale-kimi27sglang-hip-gemmhint,kimi27sglang,dist_matmul_gelu_softmax,weak,4,1,128488865,1249049498,4.0,0.10286931399094962,1.0,0.10286931399094962,0.10251499262800554
mlscale-kimi27sglang-hip-gemmhint,kimi27sglang,dist_matmul_gelu_softmax,weak,8,2,128488865,1264029512,8.0,0.10165020973022978,1.0,0.10165020973022978,0.10251499262800554
mlscale-kimi27sglang-hip-gemmhint,kimi27sglang,dist_matmul_gelu_softmax,weak,16,4,128488865,1257029227,16.0,0.10221629079114483,1.0,0.10221629079114483,0.10251499262800554
mlscale-kimi27sglang-hip-gemmhint,kimi27sglang,dist_matmul_large_k,strong,1,1,153491411,81403338,1.0,1.885566547651891,1.0,1.885566547651891,1.6883441664368866
mlscale-kimi27sglang-hip-gemmhint,kimi27sglang,dist_matmul_large_k,strong,2,1,153491411,40853947,1.0,3.7570766663010553,2.0,1.8785383331505277,1.6883441664368866
mlscale-kimi27sglang-hip-gemmhint,kimi27sglang,dist_matmul_large_k,strong,4,1,153491411,20633375,1.0,7.438987126439567,4.0,1.8597467816098918,1.6883441664368866
mlscale-kimi27sglang-hip-gemmhint,kimi27sglang,dist_matmul_large_k,strong,8,2,153491411,12018290,1.0,12.771485044877434,8.0,1.5964356306096792,1.6883441664368866
mlscale-kimi27sglang-hip-gemmhint,kimi27sglang,dist_matmul_large_k,strong,16,4,153491411,7354046,1.0,20.871695798476104,16.0,1.3044809874047565,1.6883441664368866
mlscale-kimi27sglang-hip-gemmhint,kimi27sglang,dist_matmul_large_k,weak,1,1,153491411,81403338,1.0,1.885566547651891,1.0,1.885566547651891,1.8481393224667435
mlscale-kimi27sglang-hip-gemmhint,kimi27sglang,dist_matmul_large_k,weak,2,1,153491411,81685366,2.0,1.8790564150743965,1.0,1.8790564150743965,1.8481393224667435
mlscale-kimi27sglang-hip-gemmhint,kimi27sglang,dist_matmul_large_k,weak,4,1,153491411,81575096,4.0,1.8815964494850241,1.0,1.8815964494850241,1.8481393224667435
mlscale-kimi27sglang-hip-gemmhint,kimi27sglang,dist_matmul_large_k,weak,8,2,153491411,83619344,8.0,1.8355969283853746,1.0,1.8355969283853746,1.8481393224667435
mlscale-kimi27sglang-hip-gemmhint,kimi27sglang,dist_matmul_large_k,weak,16,4,153491411,87115620,16.0,1.7619275509948733,1.0,1.7619275509948733,1.8481393224667435
mlscale-kimi27sglang-hip-gemmhint,kimi27sglang,dist_sdpa,strong,1,1,73771484,643490430,1.0,0.11464270571980378,1.0,0.11464270571980378,0.05724182936334627
mlscale-kimi27sglang-hip-gemmhint,kimi27sglang,dist_sdpa,strong,2,1,73771484,363989908,1.0,0.20267453129497207,2.0,0.10133726564748603,0.05724182936334627
mlscale-kimi27sglang-hip-gemmhint,kimi27sglang,dist_sdpa,strong,4,1,73771484,211514170,1.0,0.3487779754897745,4.0,0.08719449387244363,0.05724182936334627
mlscale-kimi27sglang-hip-gemmhint,kimi27sglang,dist_sdpa,strong,8,2,73771484,276655598,1.0,0.26665458618336,8.0,0.03333182327292,0.05724182936334627
mlscale-kimi27sglang-hip-gemmhint,kimi27sglang,dist_sdpa,strong,16,4,73771484,253317244,1.0,0.2912217219606258,16.0,0.018201357622539112,0.05724182936334627
mlscale-kimi27sglang-hip-gemmhint,kimi27sglang,dist_sdpa,weak,1,1,73771484,643490430,1.0,0.11464270571980378,1.0,0.11464270571980378,0.08061144462355849
mlscale-kimi27sglang-hip-gemmhint,kimi27sglang,dist_sdpa,weak,2,1,73771484,675564582,1.9775390625,0.10919975079451397,1.011358024691358,0.10797338640570839,0.08061144462355849
mlscale-kimi27sglang-hip-gemmhint,kimi27sglang,dist_sdpa,weak,4,1,73771484,744531666,4.0,0.0990844142282593,1.0,0.0990844142282593,0.08061144462355849
mlscale-kimi27sglang-hip-gemmhint,kimi27sglang,dist_sdpa,weak,8,2,73771484,1284923936,8.265625,0.05741311367399105,0.9678638941398866,0.05931940846394779,0.08061144462355849
mlscale-kimi27sglang-hip-gemmhint,kimi27sglang,dist_sdpa,weak,16,4,73771484,1576777111,16.0,0.0467862473937193,1.0,0.0467862473937193,0.08061144462355849
mlscale-kimi27sglang-hip-gemmhint,kimi27sglang,dist_softmax,strong,1,1,7513093,4717742,1.0,1.5925188363416227,1.0,1.5925188363416227,0.9246422937249756
mlscale-kimi27sglang-hip-gemmhint,kimi27sglang,dist_softmax,strong,2,1,7513093,3468347,1.0,2.166188388878045,2.0,1.0830941944390224,0.9246422937249756
mlscale-kimi27sglang-hip-gemmhint,kimi27sglang,dist_softmax,strong,4,1,7513093,1771797,1.0,4.240380246721267,4.0,1.0600950616803166,0.9246422937249756
mlscale-kimi27sglang-hip-gemmhint,kimi27sglang,dist_softmax,strong,8,2,7513093,1193468,1.0,6.295177583311827,8.0,0.7868971979139784,0.9246422937249756
mlscale-kimi27sglang-hip-gemmhint,kimi27sglang,dist_softmax,strong,16,4,7513093,999640,1.0,7.51579868752751,16.0,0.46973741797046936,0.9246422937249756
mlscale-kimi27sglang-hip-gemmhint,kimi27sglang,dist_softmax,weak,1,1,7513093,4717742,1.0,1.5925188363416227,1.0,1.5925188363416227,1.153765557441107
mlscale-kimi27sglang-hip-gemmhint,kimi27sglang,dist_softmax,weak,2,1,7513093,6937925,2.0,1.0829020204167672,1.0,1.0829020204167672,1.153765557441107
mlscale-kimi27sglang-hip-gemmhint,kimi27sglang,dist_softmax,weak,4,1,7513093,7041620,4.0,1.0669551892888285,1.0,1.0669551892888285,1.153765557441107
mlscale-kimi27sglang-hip-gemmhint,kimi27sglang,dist_softmax,weak,8,2,7513093,7133790,8.0,1.0531699138886903,1.0,1.0531699138886903,1.153765557441107
mlscale-kimi27sglang-hip-gemmhint,kimi27sglang,dist_softmax,weak,16,4,7513093,7121136,16.0,1.0550413585697562,1.0,1.0550413585697562,1.153765557441107
mlscale-oss120b-hip,oss120b,dist_cross_entropy,strong,1,1,19418889,9927350,1.0,1.9560999662548415,1.0,1.9560999662548415,1.5174884985509391
mlscale-oss120b-hip,oss120b,dist_cross_entropy,strong,2,1,19418889,5103120,1.0,3.8052973475050558,2.0,1.9026486737525279,1.5174884985509391
mlscale-oss120b-hip,oss120b,dist_cross_entropy,strong,4,1,19418889,2639068,1.0,7.35823745352526,4.0,1.839559363381315,1.5174884985509391
mlscale-oss120b-hip,oss120b,dist_cross_entropy,strong,8,2,19418889,1781030,1.0,10.903179059308378,8.0,1.3628973824135473,1.5174884985509391
mlscale-oss120b-hip,oss120b,dist_cross_entropy,strong,16,4,19418889,1407356,1.0,13.798135652954903,16.0,0.8623834783096814,1.5174884985509391
mlscale-oss120b-hip,oss120b,dist_cross_entropy,weak,1,1,19418889,9927350,1.0,1.9560999662548415,1.0,1.9560999662548415,1.8312131077496054
mlscale-oss120b-hip,oss120b,dist_cross_entropy,weak,2,1,19418889,10247552,2.0,1.8949783323861153,1.0,1.8949783323861153,1.8312131077496054
mlscale-oss120b-hip,oss120b,dist_cross_entropy,weak,4,1,19418889,10388201,4.0,1.8693216467413367,1.0,1.8693216467413367,1.8312131077496054
mlscale-oss120b-hip,oss120b,dist_cross_entropy,weak,8,2,19418889,11103075,8.0,1.7489649488992913,1.0,1.7489649488992913,1.8312131077496054
mlscale-oss120b-hip,oss120b,dist_cross_entropy,weak,16,4,19418889,11428530,16.0,1.6991589469511827,1.0,1.6991589469511827,1.8312131077496054
mlscale-oss120b-hip,oss120b,dist_gemm_add_relu,strong,1,1,458047248,4080278678,1.0,0.11225881469069598,1.0,0.11225881469069598,0.06921047055594882
mlscale-oss120b-hip,oss120b,dist_gemm_add_relu,strong,2,1,458047248,2382997892,1.0,0.19221470968888293,2.0,0.09610735484444147,0.06921047055594882
mlscale-oss120b-hip,oss120b,dist_gemm_add_relu,strong,4,1,458047248,1459461512,1.0,0.3138467470596785,4.0,0.07846168676491963,0.06921047055594882
mlscale-oss120b-hip,oss120b,dist_gemm_add_relu,strong,8,2,458047248,1021690266,1.0,0.4483230028150234,8.0,0.056040375351877926,0.06921047055594882
mlscale-oss120b-hip,oss120b,dist_gemm_add_relu,strong,16,4,458047248,855198712,1.0,0.5356032949684798,16.0,0.03347520593552999,0.06921047055594882
mlscale-oss120b-hip,oss120b,dist_gemm_add_relu,weak,1,1,458047248,4080278678,1.0,0.11225881469069598,1.0,0.11225881469069598,0.10945831322383498
mlscale-oss120b-hip,oss120b,dist_gemm_add_relu,weak,2,1,458047248,4171603902,2.0,0.10980123203461324,1.0,0.10980123203461324,0.10945831322383498
mlscale-oss120b-hip,oss120b,dist_gemm_add_relu,weak,4,1,458047248,4168664700,4.0,0.1098786496308998,1.0,0.1098786496308998,0.10945831322383498
mlscale-oss120b-hip,oss120b,dist_gemm_add_relu,weak,8,2,458047248,4225271879,8.0,0.10840657385304317,1.0,0.10840657385304317,0.10945831322383498
mlscale-oss120b-hip,oss120b,dist_gemm_add_relu,weak,16,4,458047248,4280190706,16.0,0.10701561670088819,1.0,0.10701561670088819,0.10945831322383498
mlscale-oss120b-hip,oss120b,dist_layer_norm,strong,1,1,7140364,119129032,1.0,0.05993806782548187,1.0,0.05993806782548187,0.04413721016313303
mlscale-oss120b-hip,oss120b,dist_layer_norm,strong,2,1,7140364,65951432,1.0,0.10826700472553803,2.0,0.054133502362769016,0.04413721016313303
mlscale-oss120b-hip,oss120b,dist_layer_norm,strong,4,1,7140364,38430379,1.0,0.18579998911798398,4.0,0.046449997279495996,0.04413721016313303
mlscale-oss120b-hip,oss120b,dist_layer_norm,strong,8,2,7140364,23329100,1.0,0.3060711300478801,8.0,0.038258891255985014,0.04413721016313303
mlscale-oss120b-hip,oss120b,dist_layer_norm,strong,16,4,7140364,15362536,1.0,0.4647907090339772,16.0,0.029049419314623574,0.04413721016313303
mlscale-oss120b-hip,oss120b,dist_layer_norm,weak,1,1,7140364,119129032,1.0,0.05993806782548187,1.0,0.05993806782548187,0.055925154476840905
mlscale-oss120b-hip,oss120b,dist_layer_norm,weak,2,1,7140364,129150728,2.0,0.05528705962849857,1.0,0.05528705962849857,0.055925154476840905
mlscale-oss120b-hip,oss120b,dist_layer_norm,weak,4,1,7140364,130263352,4.0,0.05481483387591623,1.0,0.05481483387591623,0.055925154476840905
mlscale-oss120b-hip,oss120b,dist_layer_norm,weak,8,2,7140364,129338436,8.0,0.0552068218916765,1.0,0.0552068218916765,0.055925154476840905
mlscale-oss120b-hip,oss120b,dist_layer_norm,weak,16,4,7140364,130888494,16.0,0.054553030459652166,1.0,0.054553030459652166,0.055925154476840905
mlscale-oss120b-hip,oss120b,dist_matmul_gelu_softmax,strong,1,1,128488865,5155675616,1.0,0.024921828790246372,1.0,0.024921828790246372,0.027251067817052596
mlscale-oss120b-hip,oss120b,dist_matmul_gelu_softmax,strong,2,1,128488865,2317567116,1.0,0.05544127033600869,2.0,0.027720635168004343,0.027251067817052596
mlscale-oss120b-hip,oss120b,dist_matmul_gelu_softmax,strong,4,1,128488865,1081530076,1.0,0.11880285888600661,4.0,0.029700714721501653,0.027251067817052596
mlscale-oss120b-hip,oss120b,dist_matmul_gelu_softmax,strong,8,2,128488865,573886762,1.0,0.22389236606924903,8.0,0.02798654575865613,0.027251067817052596
mlscale-oss120b-hip,oss120b,dist_matmul_gelu_softmax,strong,16,4,128488865,306850738,1.0,0.4187340914917402,16.0,0.02617088071823376,0.027251067817052596
mlscale-oss120b-hip,oss120b,dist_matmul_gelu_softmax,weak,1,1,128488865,5155675616,1.0,0.024921828790246372,1.0,0.024921828790246372,0.02456840975305403
mlscale-oss120b-hip,oss120b,dist_matmul_gelu_softmax,weak,2,1,128488865,5200284907,2.0,0.024708043366440113,1.0,0.024708043366440113,0.02456840975305403
mlscale-oss120b-hip,oss120b,dist_matmul_gelu_softmax,weak,4,1,128488865,5198492426,4.0,0.024716562893766926,1.0,0.024716562893766926,0.02456840975305403
mlscale-oss120b-hip,oss120b,dist_matmul_gelu_softmax,weak,8,2,128488865,5271386303,8.0,0.024374776883051744,1.0,0.024374776883051744,0.02456840975305403
mlscale-oss120b-hip,oss120b,dist_matmul_gelu_softmax,weak,16,4,128488865,5325093636,16.0,0.024128940030529823,1.0,0.024128940030529823,0.02456840975305403
mlscale-oss120b-hip,oss120b,dist_matmul_large_k,strong,1,1,153491411,793033578,1.0,0.19354969985898882,1.0,0.19354969985898882,0.18407457384372106
mlscale-oss120b-hip,oss120b,dist_matmul_large_k,strong,2,1,153491411,468983116,1.0,0.3272855797222346,2.0,0.1636427898611173,0.18407457384372106
mlscale-oss120b-hip,oss120b,dist_matmul_large_k,strong,4,1,153491411,197087593,1.0,0.7787979378285877,4.0,0.19469948445714694,0.18407457384372106
mlscale-oss120b-hip,oss120b,dist_matmul_large_k,strong,8,2,153491411,101969752,1.0,1.5052641395067823,8.0,0.18815801743834779,0.18407457384372106
mlscale-oss120b-hip,oss120b,dist_matmul_large_k,strong,16,4,153491411,52671051,1.0,2.914151285874284,16.0,0.18213445536714276,0.18407457384372106
mlscale-oss120b-hip,oss120b,dist_matmul_large_k,weak,1,1,153491411,793033578,1.0,0.19354969985898882,1.0,0.19354969985898882,0.18938997279875955
mlscale-oss120b-hip,oss120b,dist_matmul_large_k,weak,2,1,153491411,804246434,2.0,0.1908512173769862,1.0,0.1908512173769862,0.18938997279875955
mlscale-oss120b-hip,oss120b,dist_matmul_large_k,weak,4,1,153491411,816651332,4.0,0.1879521957358419,1.0,0.1879521957358419,0.18938997279875955
mlscale-oss120b-hip,oss120b,dist_matmul_large_k,weak,8,2,153491411,819431716,8.0,0.1873144619654922,1.0,0.1873144619654922,0.18938997279875955
mlscale-oss120b-hip,oss120b,dist_matmul_large_k,weak,16,4,153491411,819229004,16.0,0.18736081150759648,1.0,0.18736081150759648,0.18938997279875955
mlscale-oss120b-hip,oss120b,dist_sdpa,strong,1,1,73771484,95677114324,1.0,0.0007710462896088296,1.0,0.0007710462896088296,0.0007504921218714438
mlscale-oss120b-hip,oss120b,dist_sdpa,strong,2,1,73771484,48471245064,1.0,0.0015219638757493089,2.0,0.0007609819378746544,0.0007504921218714438
mlscale-oss120b-hip,oss120b,dist_sdpa,strong,4,1,73771484,24629277856,1.0,0.002995275965106234,4.0,0.0007488189912765585,0.0007504921218714438
mlscale-oss120b-hip,oss120b,dist_sdpa,strong,8,2,73771484,12436643320,1.0,0.0059317841721298155,8.0,0.0007414730215162269,0.0007504921218714438
mlscale-oss120b-hip,oss120b,dist_sdpa,strong,16,4,73771484,6309062843,1.0,0.01169293852919068,16.0,0.0007308086580744176,0.0007504921218714438
mlscale-oss120b-hip,oss120b,dist_sdpa,weak,1,1,73771484,95677114324,1.0,0.0007710462896088296,1.0,0.0007710462896088296,0.0007541558123499239
mlscale-oss120b-hip,oss120b,dist_sdpa,weak,2,1,73771484,95797446603,1.9775390625,0.0007700777694599824,1.011358024691358,0.0007614294351349923,0.0007541558123499239
mlscale-oss120b-hip,oss120b,dist_sdpa,weak,4,1,73771484,98285536793,4.0,0.0007505833147696059,1.0,0.0007505833147696059,0.0007541558123499239
mlscale-oss120b-hip,oss120b,dist_sdpa,weak,8,2,73771484,102182769929,8.265625,0.0007219561972263904,0.9678638941398866,0.0007459273990874229,0.0007541558123499239
mlscale-oss120b-hip,oss120b,dist_sdpa,weak,16,4,73771484,99400526818,16.0,0.0007421639136286856,1.0,0.0007421639136286856,0.0007541558123499239
mlscale-oss120b-hip,oss120b,dist_softmax,strong,1,1,7513093,9614024,1.0,0.7814722534497521,1.0,0.7814722534497521,0.6391311400557921
mlscale-oss120b-hip,oss120b,dist_softmax,strong,2,1,7513093,4853881,1.0,1.5478527388701948,2.0,0.7739263694350974,0.6391311400557921
mlscale-oss120b-hip,oss120b,dist_softmax,strong,4,1,7513093,2573518,1.0,2.9193862253926337,4.0,0.7298465563481584,0.6391311400557921
mlscale-oss120b-hip,oss120b,dist_softmax,strong,8,2,7513093,1566440,1.0,4.79628520722147,8.0,0.5995356509026838,0.6391311400557921
mlscale-oss120b-hip,oss120b,dist_softmax,strong,16,4,7513093,1165222,1.0,6.447778191623571,16.0,0.4029861369764732,0.6391311400557921
mlscale-oss120b-hip,oss120b,dist_softmax,weak,1,1,7513093,9614024,1.0,0.7814722534497521,1.0,0.7814722534497521,0.7633417163932577
mlscale-oss120b-hip,oss120b,dist_softmax,weak,2,1,7513093,9736294,2.0,0.7716583948676982,1.0,0.7716583948676982,0.7633417163932577
mlscale-oss120b-hip,oss120b,dist_softmax,weak,4,1,7513093,9537506,4.0,0.7877418897560851,1.0,0.7877418897560851,0.7633417163932577
mlscale-oss120b-hip,oss120b,dist_softmax,weak,8,2,7513093,9856826,8.0,0.7622223421616654,1.0,0.7622223421616654,0.7633417163932577
mlscale-oss120b-hip,oss120b,dist_softmax,weak,16,4,7513093,10496102,16.0,0.7157983983006263,1.0,0.7157983983006263,0.7633417163932577
mlscale-oss120b-hip-dist-rccl-amd,oss120b,dist_gemm_gn_swish,strong,1,1,152625039,12417088178,1.0,0.012291532186299015,1.0,0.012291532186299015,0.012249735880402825
mlscale-oss120b-hip-dist-rccl-amd,oss120b,dist_gemm_gn_swish,strong,2,1,152625039,6227630317,1.0,0.024507723039270443,2.0,0.012253861519635222,0.012249735880402825
mlscale-oss120b-hip-dist-rccl-amd,oss120b,dist_gemm_gn_swish,strong,4,1,152625039,3114702878,1.0,0.049001476217212396,4.0,0.012250369054303099,0.012249735880402825
mlscale-oss120b-hip-dist-rccl-amd,oss120b,dist_gemm_gn_swish,strong,8,2,152625039,1558336744,1.0,0.09794098713750152,8.0,0.01224262339218769,0.012249735880402825
mlscale-oss120b-hip-dist-rccl-amd,oss120b,dist_gemm_gn_swish,strong,16,4,152625039,781222664,1.0,0.1953668858229643,16.0,0.012210430363935269,0.012249735880402825
mlscale-oss120b-hip-dist-rccl-amd,oss120b,dist_gemm_gn_swish,weak,1,1,152625039,12417088178,1.0,0.012291532186299015,1.0,0.012291532186299015,0.012260857842184706
mlscale-oss120b-hip-dist-rccl-amd,oss120b,dist_gemm_gn_swish,weak,2,1,152625039,12453103570,2.0,0.012255984071928827,1.0,0.012255984071928827,0.012260857842184706
mlscale-oss120b-hip-dist-rccl-amd,oss120b,dist_gemm_gn_swish,weak,4,1,152625039,12455899812,4.0,0.012253232709286984,1.0,0.012253232709286984,0.012260857842184706
mlscale-oss120b-hip-dist-rccl-amd,oss120b,dist_gemm_gn_swish,weak,8,2,152625039,12457487857,8.0,0.012251670702150297,1.0,0.012251670702150297,0.012260857842184706
mlscale-oss120b-hip-dist-rccl-amd,oss120b,dist_gemm_gn_swish,weak,16,4,152625039,12457236518,16.0,0.01225191789362476,1.0,0.01225191789362476,0.012260857842184706
mlscale-oss120b-hip-dist-rccl-amd,oss120b,dist_layer_norm,strong,1,1,7140364,11297347486,1.0,0.0006320389816148035,1.0,0.0006320389816148035,0.0006379123848340399
mlscale-oss120b-hip-dist-rccl-amd,oss120b,dist_layer_norm,strong,2,1,7140364,5506245894,1.0,0.0012967753597384114,2.0,0.0006483876798692057,0.0006379123848340399
mlscale-oss120b-hip-dist-rccl-amd,oss120b,dist_layer_norm,strong,4,1,7140364,2688132702,1.0,0.002656254281898915,4.0,0.0006640635704747288,0.0006379123848340399
mlscale-oss120b-hip-dist-rccl-amd,oss120b,dist_layer_norm,strong,8,2,7140364,1406558964,1.0,0.005076476836558698,8.0,0.0006345596045698373,0.0006379123848340399
mlscale-oss120b-hip-dist-rccl-amd,oss120b,dist_layer_norm,strong,16,4,7140364,729551402,1.0,0.00978733503962206,16.0,0.0006117084399763788,0.0006379123848340399
mlscale-oss120b-hip-dist-rccl-amd,oss120b,dist_layer_norm,weak,1,1,7140364,11297347486,1.0,0.0006320389816148035,1.0,0.0006320389816148035,0.0006214711199475985
mlscale-oss120b-hip-dist-rccl-amd,oss120b,dist_layer_norm,weak,2,1,7140364,11248646254,2.0,0.0006347754066371229,1.0,0.0006347754066371229,0.0006214711199475985
mlscale-oss120b-hip-dist-rccl-amd,oss120b,dist_layer_norm,weak,4,1,7140364,11299339868,4.0,0.0006319275358927543,1.0,0.0006319275358927543,0.0006214711199475985
mlscale-oss120b-hip-dist-rccl-amd,oss120b,dist_layer_norm,weak,8,2,7140364,12161448809,8.0,0.0005871310328351521,1.0,0.0005871310328351521,0.0006214711199475985
mlscale-oss120b-hip-dist-rccl-amd,oss120b,dist_layer_norm,weak,16,4,7140364,11465206108,16.0,0.0006227854896579413,1.0,0.0006227854896579413,0.0006214711199475985
mlscale-oss120b-hip-dist-rccl-amd,oss120b,dist_softmax,strong,1,1,7513093,9657278,1.0,0.7779721159523418,1.0,0.7779721159523418,0.630534732398152
mlscale-oss120b-hip-dist-rccl-amd,oss120b,dist_softmax,strong,2,1,7513093,4851488,1.0,1.548616218364345,2.0,0.7743081091821725,0.630534732398152
mlscale-oss120b-hip-dist-rccl-amd,oss120b,dist_softmax,strong,4,1,7513093,2544709,1.0,2.952436997707793,4.0,0.7381092494269482,0.630534732398152
mlscale-oss120b-hip-dist-rccl-amd,oss120b,dist_softmax,strong,8,2,7513093,1634449,1.0,4.596713020718297,8.0,0.5745891275897871,0.630534732398152
mlscale-oss120b-hip-dist-rccl-amd,oss120b,dist_softmax,strong,16,4,7513093,1203676,1.0,6.241790149508672,16.0,0.390111884344292,0.630534732398152
mlscale-oss120b-hip-dist-rccl-amd,oss120b,dist_softmax,weak,1,1,7513093,9657278,1.0,0.7779721159523418,1.0,0.7779721159523418,0.7522124832397626
mlscale-oss120b-hip-dist-rccl-amd,oss120b,dist_softmax,weak,2,1,7513093,9731236,2.0,0.7720594793919292,1.0,0.7720594793919292,0.7522124832397626
mlscale-oss120b-hip-dist-rccl-amd,oss120b,dist_softmax,weak,4,1,7513093,9774550,4.0,0.7686382493311713,1.0,0.7686382493311713,0.7522124832397626
mlscale-oss120b-hip-dist-rccl-amd,oss120b,dist_softmax,weak,8,2,7513093,10249204,8.0,0.7330416098655076,1.0,0.7330416098655076,0.7522124832397626
mlscale-oss120b-hip-dist-rccl-amd,oss120b,dist_softmax,weak,16,4,7513093,10557996,16.0,0.7116021828384856,1.0,0.7116021828384856,0.7522124832397626
mlscale-part2-kimi27sglang-hip-gemmhint,kimi27sglang,dist_adamw_zero,strong,1,1,3839943,4147598,1.0,0.9258233319622586,1.0,0.9258233319622586,0.8448513231445535
mlscale-part2-kimi27sglang-hip-gemmhint,kimi27sglang,dist_adamw_zero,strong,2,1,3839943,2039434,1.0,1.8828473978564642,2.0,0.9414236989282321,0.8448513231445535
mlscale-part2-kimi27sglang-hip-gemmhint,kimi27sglang,dist_adamw_zero,strong,4,1,3839943,1044074,1.0,3.6778456316314743,4.0,0.9194614079078686,0.8448513231445535
mlscale-part2-kimi27sglang-hip-gemmhint,kimi27sglang,dist_adamw_zero,strong,8,2,3839943,589698,1.0,6.511711079230386,8.0,0.8139638849037982,0.8448513231445535
mlscale-part2-kimi27sglang-hip-gemmhint,kimi27sglang,dist_adamw_zero,strong,16,4,3839943,363710,1.0,10.557705314673779,16.0,0.6598565821671112,0.8448513231445535
mlscale-part2-kimi27sglang-hip-gemmhint,kimi27sglang,dist_adamw_zero,weak,1,1,3839943,4147598,1.0,0.9258233319622586,1.0,0.9258233319622586,0.9250207219534117
mlscale-part2-kimi27sglang-hip-gemmhint,kimi27sglang,dist_adamw_zero,weak,2,1,3839943,4158292,2.0,0.9234423652788212,1.0,0.9234423652788212,0.9250207219534117
mlscale-part2-kimi27sglang-hip-gemmhint,kimi27sglang,dist_adamw_zero,weak,4,1,3839943,4129172,4.0,0.929954722157372,1.0,0.929954722157372,0.9250207219534117
mlscale-part2-kimi27sglang-hip-gemmhint,kimi27sglang,dist_adamw_zero,weak,8,2,3839943,4135744,8.0,0.9284769560204887,1.0,0.9284769560204887,0.9250207219534117
mlscale-part2-kimi27sglang-hip-gemmhint,kimi27sglang,dist_adamw_zero,weak,16,4,3839943,4185413,16.0,0.9174585638263177,1.0,0.9174585638263177,0.9250207219534117
mlscale-part2-kimi27sglang-hip-gemmhint,kimi27sglang,dist_all_to_all_transpose,strong,1,1,62923847,3021196,1.0,20.827462700202172,1.0,20.827462700202172,1.643952801289007
mlscale-part2-kimi27sglang-hip-gemmhint,kimi27sglang,dist_all_to_all_transpose,strong,2,1,62923847,14447656,1.0,4.355297980516701,2.0,2.1776489902583505,1.643952801289007
mlscale-part2-kimi27sglang-hip-gemmhint,kimi27sglang,dist_all_to_all_transpose,strong,4,1,62923847,4807602,1.0,13.088406028618842,4.0,3.2721015071547104,1.643952801289007
mlscale-part2-kimi27sglang-hip-gemmhint,kimi27sglang,dist_all_to_all_transpose,strong,8,2,62923847,20946547,1.0,3.0040200420623027,8.0,0.37550250525778783,1.643952801289007
mlscale-part2-kimi27sglang-hip-gemmhint,kimi27sglang,dist_all_to_all_transpose,strong,16,4,62923847,18252082,1.0,3.4474887303267647,16.0,0.2154680456454228,1.643952801289007
mlscale-part2-kimi27sglang-hip-gemmhint,kimi27sglang,dist_all_to_all_transpose,weak,1,1,62923847,3021196,1.0,20.827462700202172,1.0,20.827462700202172,1.6338066452215574
mlscale-part2-kimi27sglang-hip-gemmhint,kimi27sglang,dist_all_to_all_transpose,weak,2,1,62923847,29314606,2.0,2.146501542609851,1.0,2.146501542609851,1.6338066452215574
mlscale-part2-kimi27sglang-hip-gemmhint,kimi27sglang,dist_all_to_all_transpose,weak,4,1,62923847,18958412,4.0,3.3190462893200126,1.0,3.3190462893200126,1.6338066452215574
mlscale-part2-kimi27sglang-hip-gemmhint,kimi27sglang,dist_all_to_all_transpose,weak,8,2,62923847,169647443,8.0,0.370909492576319,1.0,0.370909492576319,1.6338066452215574
mlscale-part2-kimi27sglang-hip-gemmhint,kimi27sglang,dist_all_to_all_transpose,weak,16,4,62923847,297482076,16.0,0.21152147331390816,1.0,0.21152147331390816,1.6338066452215574
mlscale-part2-kimi27sglang-hip-gemmhint,kimi27sglang,dist_causal_attention,strong,1,1,211395930,1839883468,1.0,0.11489636907808772,1.0,0.11489636907808772,0.07316643830340641
mlscale-part2-kimi27sglang-hip-gemmhint,kimi27sglang,dist_causal_attention,strong,2,1,211395930,1375342017,1.0,0.15370426220316658,2.0,0.07685213110158329,0.07316643830340641
mlscale-part2-kimi27sglang-hip-gemmhint,kimi27sglang,dist_causal_attention,strong,4,1,211395930,802223134,1.0,0.2635126326337031,4.0,0.06587815815842578,0.07316643830340641
mlscale-part2-kimi27sglang-hip-gemmhint,kimi27sglang,dist_causal_attention,strong,8,2,211395930,433085544,1.0,0.4881158767100294,8.0,0.06101448458875367,0.07316643830340641
mlscale-part2-kimi27sglang-hip-gemmhint,kimi27sglang,dist_causal_attention,strong,16,4,211395930,223642162,1.0,0.9452418457660948,16.0,0.059077615360380926,0.07316643830340641
mlscale-part2-kimi27sglang-hip-gemmhint,kimi27sglang,dist_causal_attention,weak,1,1,211395930,1839883468,1.0,0.11489636907808772,1.0,0.11489636907808772,0.07354009621166414
mlscale-part2-kimi27sglang-hip-gemmhint,kimi27sglang,dist_causal_attention,weak,2,1,211395930,2712801760,1.9775390625,0.07792531438050969,1.011358024691358,0.07705017657252544,0.07354009621166414
mlscale-part2-kimi27sglang-hip-gemmhint,kimi27sglang,dist_causal_attention,weak,4,1,211395930,3202108460,4.0,0.06601772945567247,1.0,0.06601772945567247,0.07354009621166414
mlscale-part2-kimi27sglang-hip-gemmhint,kimi27sglang,dist_causal_attention,weak,8,2,211395930,3542865676,8.265625,0.0596680623349718,0.9678638941398866,0.06164922846718766,0.07354009621166414
mlscale-part2-kimi27sglang-hip-gemmhint,kimi27sglang,dist_causal_attention,weak,16,4,211395930,3541145937,16.0,0.059697039817311545,1.0,0.059697039817311545,0.07354009621166414
mlscale-part2-kimi27sglang-hip-gemmhint,kimi27sglang,dist_conv2d_halo,strong,1,1,24845216,33441432,1.0,0.7429471321682636,1.0,0.7429471321682636,0.7207807274243191
mlscale-part2-kimi27sglang-hip-gemmhint,kimi27sglang,dist_conv2d_halo,strong,2,1,24845216,16895498,1.0,1.470522857627517,2.0,0.7352614288137586,0.7207807274243191
mlscale-part2-kimi27sglang-hip-gemmhint,kimi27sglang,dist_conv2d_halo,strong,4,1,24845216,8450670,1.0,2.9400291337846585,4.0,0.7350072834461646,0.7207807274243191
mlscale-part2-kimi27sglang-hip-gemmhint,kimi27sglang,dist_conv2d_halo,strong,8,2,24845216,4306638,1.0,5.769051403902534,8.0,0.7211314254878167,0.7207807274243191
mlscale-part2-kimi27sglang-hip-gemmhint,kimi27sglang,dist_conv2d_halo,strong,16,4,24845216,2311068,1.0,10.750534384968335,16.0,0.6719083990605209,0.7207807274243191
mlscale-part2-kimi27sglang-hip-gemmhint,kimi27sglang,dist_conv2d_halo,weak,1,1,24845216,33441432,1.0,0.7429471321682636,1.0,0.7429471321682636,0.735147982681811
mlscale-part2-kimi27sglang-hip-gemmhint,kimi27sglang,dist_conv2d_halo,weak,2,1,24845216,33732038,2.0,0.736546543674592,1.0,0.736546543674592,0.735147982681811
mlscale-part2-kimi27sglang-hip-gemmhint,kimi27sglang,dist_conv2d_halo,weak,4,1,24845216,33757414,4.0,0.7359928695959945,1.0,0.7359928695959945,0.735147982681811
mlscale-part2-kimi27sglang-hip-gemmhint,kimi27sglang,dist_conv2d_halo,weak,8,2,24845216,33632495,8.0,0.7387265202893809,1.0,0.7387265202893809,0.735147982681811
mlscale-part2-kimi27sglang-hip-gemmhint,kimi27sglang,dist_conv2d_halo,weak,16,4,24845216,34425823,16.0,0.7217028914602855,1.0,0.7217028914602855,0.735147982681811
mlscale-part2-kimi27sglang-hip-gemmhint,kimi27sglang,dist_moe_router,strong,1,1,71955174,117254008,1.0,0.6136692060880341,1.0,0.6136692060880341,0.6083702118887708
mlscale-part2-kimi27sglang-hip-gemmhint,kimi27sglang,dist_moe_router,strong,2,1,71955174,58682215,1.0,1.2261836742188412,2.0,0.6130918371094206,0.6083702118887708
mlscale-part2-kimi27sglang-hip-gemmhint,kimi27sglang,dist_moe_router,strong,4,1,71955174,29386720,1.0,2.448560914589992,4.0,0.612140228647498,0.6083702118887708
mlscale-part2-kimi27sglang-hip-gemmhint,kimi27sglang,dist_moe_router,strong,8,2,71955174,14776174,1.0,4.869675600733992,8.0,0.608709450091749,0.6083702118887708
mlscale-part2-kimi27sglang-hip-gemmhint,kimi27sglang,dist_moe_router,strong,16,4,71955174,7565248,1.0,9.51127762103767,16.0,0.5944548513148544,0.6083702118887708
mlscale-part2-kimi27sglang-hip-gemmhint,kimi27sglang,dist_moe_router,weak,1,1,71955174,117254008,1.0,0.6136692060880341,1.0,0.6136692060880341,0.6118877957305384
mlscale-part2-kimi27sglang-hip-gemmhint,kimi27sglang,dist_moe_router,weak,2,1,71955174,117536008,2.0,0.6121968511981452,1.0,0.6121968511981452,0.6118877957305384
mlscale-part2-kimi27sglang-hip-gemmhint,kimi27sglang,dist_moe_router,weak,4,1,71955174,117668628,4.0,0.6115068665540997,1.0,0.6115068665540997,0.6118877957305384
mlscale-part2-kimi27sglang-hip-gemmhint,kimi27sglang,dist_moe_router,weak,8,2,71955174,117674463,8.0,0.6114765444053907,1.0,0.6114765444053907,0.6118877957305384
mlscale-part2-kimi27sglang-hip-gemmhint,kimi27sglang,dist_moe_router,weak,16,4,71955174,117844586,16.0,0.6105938036050295,1.0,0.6105938036050295,0.6118877957305384
mlscale-part2-kimi27sglang-hip-gemmhint,kimi27sglang,dist_rmsnorm,strong,1,1,10171861,4128209,1.0,2.463988862966967,1.0,2.463988862966967,1.7163726350918995
mlscale-part2-kimi27sglang-hip-gemmhint,kimi27sglang,dist_rmsnorm,strong,2,1,10171861,2118267,1.0,4.801973027951623,2.0,2.4009865139758113,1.7163726350918995
mlscale-part2-kimi27sglang-hip-gemmhint,kimi27sglang,dist_rmsnorm,strong,4,1,10171861,1203536,1.0,8.451646647877588,4.0,2.112911661969397,1.7163726350918995
mlscale-part2-kimi27sglang-hip-gemmhint,kimi27sglang,dist_rmsnorm,strong,8,2,10171861,867513,1.0,11.725312473703564,8.0,1.4656640592129455,1.7163726350918995
mlscale-part2-kimi27sglang-hip-gemmhint,kimi27sglang,dist_rmsnorm,strong,16,4,10171861,781928,1.0,13.008692616199957,16.0,0.8130432885124973,1.7163726350918995
mlscale-part2-kimi27sglang-hip-gemmhint,kimi27sglang,dist_rmsnorm,weak,1,1,10171861,4128209,1.0,2.463988862966967,1.0,2.463988862966967,2.307394091999122
mlscale-part2-kimi27sglang-hip-gemmhint,kimi27sglang,dist_rmsnorm,weak,2,1,10171861,4163340,2.0,2.4431972887153104,1.0,2.4431972887153104,2.307394091999122
mlscale-part2-kimi27sglang-hip-gemmhint,kimi27sglang,dist_rmsnorm,weak,4,1,10171861,4371366,4.0,2.3269296142212754,1.0,2.3269296142212754,2.307394091999122
mlscale-part2-kimi27sglang-hip-gemmhint,kimi27sglang,dist_rmsnorm,weak,8,2,10171861,4578946,8.0,2.2214415719250673,1.0,2.2214415719250673,2.307394091999122
mlscale-part2-kimi27sglang-hip-gemmhint,kimi27sglang,dist_rmsnorm,weak,16,4,10171861,4839572,16.0,2.101810036094101,1.0,2.101810036094101,2.307394091999122
mlscale-part2-kimi27sglang-hip-gemmhint,kimi27sglang,dist_sync_batchnorm,strong,1,1,12728913,5169223,1.0,2.462442227777753,1.0,2.462442227777753,1.929670729707028
mlscale-part2-kimi27sglang-hip-gemmhint,kimi27sglang,dist_sync_batchnorm,strong,2,1,12728913,2706060,1.0,4.7038546817143745,2.0,2.3519273408571872,1.929670729707028
mlscale-part2-kimi27sglang-hip-gemmhint,kimi27sglang,dist_sync_batchnorm,strong,4,1,12728913,1579773,1.0,8.057431668980291,4.0,2.0143579172450727,1.929670729707028
mlscale-part2-kimi27sglang-hip-gemmhint,kimi27sglang,dist_sync_batchnorm,strong,8,2,12728913,1004128,1.0,12.676584060996207,8.0,1.584573007624526,1.929670729707028
mlscale-part2-kimi27sglang-hip-gemmhint,kimi27sglang,dist_sync_batchnorm,strong,16,4,12728913,549660,1.0,23.157793908961903,16.0,1.447362119310119,1.929670729707028
mlscale-part2-kimi27sglang-hip-gemmhint,kimi27sglang,dist_sync_batchnorm,weak,1,1,12728913,5169223,1.0,2.462442227777753,1.0,2.462442227777753,2.4157323751115696
mlscale-part2-kimi27sglang-hip-gemmhint,kimi27sglang,dist_sync_batchnorm,weak,2,1,12728913,5206434,2.0,2.444842861736075,1.0,2.444842861736075,2.4157323751115696
mlscale-part2-kimi27sglang-hip-gemmhint,kimi27sglang,dist_sync_batchnorm,weak,4,1,12728913,5247036,4.0,2.4259244647835465,1.0,2.4259244647835465,2.4157323751115696
mlscale-part2-kimi27sglang-hip-gemmhint,kimi27sglang,dist_sync_batchnorm,weak,8,2,12728913,5314674,8.0,2.395050571305032,1.0,2.395050571305032,2.4157323751115696
mlscale-part2-kimi27sglang-hip-gemmhint,kimi27sglang,dist_sync_batchnorm,weak,16,4,12728913,5411980,16.0,2.351988181774508,1.0,2.351988181774508,2.4157323751115696
mlscale-part2-kimi27sglang-hip-gemmhint,kimi27sglang,dist_vocab_embedding,strong,1,1,24262122,2589100,1.0,9.37087095902051,1.0,9.37087095902051,0.5963445249946571
mlscale-part2-kimi27sglang-hip-gemmhint,kimi27sglang,dist_vocab_embedding,strong,2,1,24262122,16164948,1.0,1.5009093750255182,2.0,0.7504546875127591,0.5963445249946571
mlscale-part2-kimi27sglang-hip-gemmhint,kimi27sglang,dist_vocab_embedding,strong,4,1,24262122,5539932,1.0,4.379498159905212,4.0,1.094874539976303,0.5963445249946571
mlscale-part2-kimi27sglang-hip-gemmhint,kimi27sglang,dist_vocab_embedding,strong,8,2,24262122,23388171,1.0,1.0373672229435982,8.0,0.12967090286794977,0.5963445249946571
mlscale-part2-kimi27sglang-hip-gemmhint,kimi27sglang,dist_vocab_embedding,strong,16,4,24262122,20074001,1.0,1.2086340934226316,16.0,0.07553963083891448,0.5963445249946571
mlscale-part2-kimi27sglang-hip-gemmhint,kimi27sglang,dist_vocab_embedding,weak,1,1,24262122,2589100,1.0,9.37087095902051,1.0,9.37087095902051,0.6052405907642308
mlscale-part2-kimi27sglang-hip-gemmhint,kimi27sglang,dist_vocab_embedding,weak,2,1,24262122,31824906,2.0,0.7623627230823556,1.0,0.7623627230823556,0.6052405907642308
mlscale-part2-kimi27sglang-hip-gemmhint,kimi27sglang,dist_vocab_embedding,weak,4,1,24262122,21669941,4.0,1.1196210455764508,1.0,1.1196210455764508,0.6052405907642308
mlscale-part2-kimi27sglang-hip-gemmhint,kimi27sglang,dist_vocab_embedding,weak,8,2,24262122,184745878,8.0,0.1313270004324535,1.0,0.1313270004324535,0.6052405907642308
mlscale-part2-kimi27sglang-hip-gemmhint,kimi27sglang,dist_vocab_embedding,weak,16,4,24262122,313801661,16.0,0.07731674180016529,1.0,0.07731674180016529,0.6052405907642308
mlscale-part2-oss120b-hip-gemmhint,oss120b,dist_adamw_zero,strong,1,1,3839943,35502035,1.0,0.1081612082236976,1.0,0.1081612082236976,0.10730946128399246
mlscale-part2-oss120b-hip-gemmhint,oss120b,dist_adamw_zero,strong,2,1,3839943,17735945,1.0,0.21650625326138528,2.0,0.10825312663069264,0.10730946128399246
mlscale-part2-oss120b-hip-gemmhint,oss120b,dist_adamw_zero,strong,4,1,3839943,8886390,1.0,0.4321150658478865,4.0,0.10802876646197163,0.10730946128399246
mlscale-part2-oss120b-hip-gemmhint,oss120b,dist_adamw_zero,strong,8,2,3839943,4482344,1.0,0.8566819057171873,8.0,0.10708523821464841,0.10730946128399246
mlscale-part2-oss120b-hip-gemmhint,oss120b,dist_adamw_zero,strong,16,4,3839943,2284524,1.0,1.6808503653277445,16.0,0.10505314783298403,0.10730946128399246
mlscale-part2-oss120b-hip-gemmhint,oss120b,dist_adamw_zero,weak,1,1,3839943,35502035,1.0,0.1081612082236976,1.0,0.1081612082236976,0.10782646130049461
mlscale-part2-oss120b-hip-gemmhint,oss120b,dist_adamw_zero,weak,2,1,3839943,35469189,2.0,0.1082613701711646,1.0,0.1082613701711646,0.10782646130049461
mlscale-part2-oss120b-hip-gemmhint,oss120b,dist_adamw_zero,weak,4,1,3839943,35533864,4.0,0.10806432421759705,1.0,0.10806432421759705,0.10782646130049461
mlscale-part2-oss120b-hip-gemmhint,oss120b,dist_adamw_zero,weak,8,2,3839943,35669138,8.0,0.10765449392132773,1.0,0.10765449392132773,0.10782646130049461
mlscale-part2-oss120b-hip-gemmhint,oss120b,dist_adamw_zero,weak,16,4,3839943,35888687,16.0,0.10699591768291775,1.0,0.10699591768291775,0.10782646130049461
mlscale-part2-oss120b-hip-gemmhint,oss120b,dist_all_to_all_transpose,strong,1,1,62923847,30829973,1.0,2.040995851666818,1.0,2.040995851666818,0.778078331490662
mlscale-part2-oss120b-hip-gemmhint,oss120b,dist_all_to_all_transpose,strong,2,1,62923847,25572252,1.0,2.460629865527682,2.0,1.230314932763841,0.778078331490662
mlscale-part2-oss120b-hip-gemmhint,oss120b,dist_all_to_all_transpose,strong,4,1,62923847,10171216,1.0,6.186462562588387,4.0,1.5466156406470968,0.778078331490662
mlscale-part2-oss120b-hip-gemmhint,oss120b,dist_all_to_all_transpose,strong,8,2,62923847,21704190,1.0,2.89915666053421,8.0,0.36239458256677626,0.778078331490662
mlscale-part2-oss120b-hip-gemmhint,oss120b,dist_all_to_all_transpose,strong,16,4,62923847,19408912,1.0,3.242007949750094,16.0,0.2026254968593809,0.778078331490662
mlscale-part2-oss120b-hip-gemmhint,oss120b,dist_all_to_all_transpose,weak,1,1,62923847,30829973,1.0,2.040995851666818,1.0,2.040995851666818,1.0817802078488137
mlscale-part2-oss120b-hip-gemmhint,oss120b,dist_all_to_all_transpose,weak,2,1,62923847,51260228,2.0,1.2275373999506987,1.0,1.2275373999506987,1.0817802078488137
mlscale-part2-oss120b-hip-gemmhint,oss120b,dist_all_to_all_transpose,weak,4,1,62923847,41355006,4.0,1.5215533277881763,1.0,1.5215533277881763,1.0817802078488137
mlscale-part2-oss120b-hip-gemmhint,oss120b,dist_all_to_all_transpose,weak,8,2,62923847,175155256,8.0,0.35924612504919634,1.0,0.35924612504919634,1.0817802078488137
mlscale-part2-oss120b-hip-gemmhint,oss120b,dist_causal_attention,strong,1,1,211395930,298258302053,1.0,0.000708767965702545,1.0,0.000708767965702545,0.00044130301240520456
mlscale-part2-oss120b-hip-gemmhint,oss120b,dist_causal_attention,strong,2,1,211395930,228521853221,1.0,0.000925057831539473,2.0,0.0004625289157697365,0.00044130301240520456
mlscale-part2-oss120b-hip-gemmhint,oss120b,dist_causal_attention,strong,4,1,211395930,133329216893,1.0,0.0015855184251899602,4.0,0.00039637960629749006,0.00044130301240520456
mlscale-part2-oss120b-hip-gemmhint,oss120b,dist_causal_attention,strong,8,2,211395930,72436603534,1.0,0.002918357842396294,8.0,0.00036479473029953676,0.00044130301240520456
mlscale-part2-oss120b-hip-gemmhint,oss120b,dist_causal_attention,strong,16,4,211395930,37419243730,1.0,0.005649390766027649,16.0,0.00035308692287672807,0.00044130301240520456
mlscale-part2-oss120b-hip-gemmhint,oss120b,dist_moe_router,strong,1,1,71955174,164089618,1.0,0.4385114358667104,1.0,0.4385114358667104,0.403729001748824
mlscale-part2-oss120b-hip-gemmhint,oss120b,dist_moe_router,strong,2,1,71955174,84737391,1.0,0.8491549379895352,2.0,0.4245774689947676,0.403729001748824
mlscale-part2-oss120b-hip-gemmhint,oss120b,dist_moe_router,strong,4,1,71955174,43315986,1.0,1.6611690196778621,4.0,0.41529225491946553,0.403729001748824
mlscale-part2-oss120b-hip-gemmhint,oss120b,dist_moe_router,strong,8,2,71955174,22907858,1.0,3.141069496763949,8.0,0.3926336870954936,0.403729001748824
mlscale-part2-oss120b-hip-gemmhint,oss120b,dist_moe_router,strong,16,4,71955174,12728334,1.0,5.653149422383165,16.0,0.3533218388989478,0.403729001748824
mlscale-part2-oss120b-hip-gemmhint,oss120b,dist_moe_router,weak,1,1,71955174,164089618,1.0,0.4385114358667104,1.0,0.4385114358667104,0.43462129492498647
mlscale-part2-oss120b-hip-gemmhint,oss120b,dist_moe_router,weak,2,1,71955174,163936806,2.0,0.43892018977117314,1.0,0.43892018977117314,0.43462129492498647
mlscale-part2-oss120b-hip-gemmhint,oss120b,dist_moe_router,weak,4,1,71955174,166532080,4.0,0.43207995720704384,1.0,0.43207995720704384,0.43462129492498647
mlscale-part2-oss120b-hip-gemmhint,oss120b,dist_moe_router,weak,8,2,71955174,166508464,8.0,0.43214123937867804,1.0,0.43214123937867804,0.43462129492498647
mlscale-part2-oss120b-hip-gemmhint,oss120b,dist_moe_router,weak,16,4,71955174,166749038,16.0,0.43151777583268575,1.0,0.43151777583268575,0.43462129492498647
mlscale-part2-oss120b-hip-gemmhint,oss120b,dist_rmsnorm,strong,1,1,10171861,4378057224,1.0,0.0023233732405869532,1.0,0.0023233732405869532,0.0033493416457086125
mlscale-part2-oss120b-hip-gemmhint,oss120b,dist_rmsnorm,strong,2,1,10171861,1422881139,1.0,0.007148777730758858,2.0,0.003574388865379429,0.0033493416457086125
mlscale-part2-oss120b-hip-gemmhint,oss120b,dist_rmsnorm,strong,4,1,10171861,693508294,1.0,0.014667252126619843,4.0,0.003666813031654961,0.0033493416457086125
mlscale-part2-oss120b-hip-gemmhint,oss120b,dist_rmsnorm,strong,8,2,10171861,345071330,1.0,0.029477560480031768,8.0,0.003684695060003971,0.0033493416457086125
mlscale-part2-oss120b-hip-gemmhint,oss120b,dist_rmsnorm,strong,16,4,10171861,169236598,1.0,0.06010438120482663,16.0,0.0037565238253016646,0.0033493416457086125
mlscale-part2-oss120b-hip-gemmhint,oss120b,dist_rmsnorm,weak,1,1,10171861,4378057224,1.0,0.0023233732405869532,1.0,0.0023233732405869532,0.00230433047125399
mlscale-part2-oss120b-hip-gemmhint,oss120b,dist_rmsnorm,weak,2,1,10171861,4401739846,2.0,0.002310872826626383,1.0,0.002310872826626383,0.00230433047125399
mlscale-part2-oss120b-hip-gemmhint,oss120b,dist_rmsnorm,weak,4,1,10171861,4419176780,4.0,0.002301754717311852,1.0,0.002301754717311852,0.00230433047125399
mlscale-part2-oss120b-hip-gemmhint,oss120b,dist_rmsnorm,weak,8,2,10171861,4427311503,8.0,0.0022975254831532465,1.0,0.0022975254831532465,0.00230433047125399
mlscale-part2-oss120b-hip-gemmhint,oss120b,dist_rmsnorm,weak,16,4,10171861,4445196983,16.0,0.002288281270526544,1.0,0.002288281270526544,0.00230433047125399
mlscale-part2-oss120b-hip-gemmhint,oss120b,dist_split_kv_decode,strong,1,1,3990842,43442380,1.0,0.09186517865733876,1.0,0.09186517865733876,0.0875937711060233
mlscale-part2-oss120b-hip-gemmhint,oss120b,dist_split_kv_decode,strong,2,1,3990842,21794631,1.0,0.18311124423258188,2.0,0.09155562211629094,0.0875937711060233
mlscale-part2-oss120b-hip-gemmhint,oss120b,dist_split_kv_decode,strong,4,1,3990842,10943173,1.0,0.3646878286581049,4.0,0.09117195716452622,0.0875937711060233
mlscale-part2-oss120b-hip-gemmhint,oss120b,dist_split_kv_decode,strong,8,2,3990842,5801032,1.0,0.6879537985654967,8.0,0.08599422482068708,0.0875937711060233
mlscale-part2-oss120b-hip-gemmhint,oss120b,dist_split_kv_decode,strong,16,4,3990842,3189664,1.0,1.2511794345736729,16.0,0.07819871466085455,0.0875937711060233
mlscale-part2-oss120b-hip-gemmhint,oss120b,dist_split_kv_decode,weak,1,1,3990842,43442380,1.0,0.09186517865733876,1.0,0.09186517865733876,0.09128772800179324
mlscale-part2-oss120b-hip-gemmhint,oss120b,dist_split_kv_decode,weak,2,1,3990842,43448639,2.0,0.0918519450056882,1.0,0.0918519450056882,0.09128772800179324
mlscale-part2-oss120b-hip-gemmhint,oss120b,dist_split_kv_decode,weak,4,1,3990842,43576060,4.0,0.09158336022118567,1.0,0.09158336022118567,0.09128772800179324
mlscale-part2-oss120b-hip-gemmhint,oss120b,dist_split_kv_decode,weak,8,2,3990842,43842310,8.0,0.09102718355853057,1.0,0.09102718355853057,0.09128772800179324
mlscale-part2-oss120b-hip-gemmhint,oss120b,dist_split_kv_decode,weak,16,4,3990842,44282232,16.0,0.09012287366183348,1.0,0.09012287366183348,0.09128772800179324
mlscale-part2-oss120b-hip-gemmhint,oss120b,dist_sync_batchnorm,strong,1,1,12728913,34000336,1.0,0.37437609440094943,1.0,0.37437609440094943,0.3491521898540231
mlscale-part2-oss120b-hip-gemmhint,oss120b,dist_sync_batchnorm,strong,2,1,12728913,17561723,1.0,0.7248100314530641,2.0,0.36240501572653205,0.3491521898540231
mlscale-part2-oss120b-hip-gemmhint,oss120b,dist_sync_batchnorm,strong,4,1,12728913,9083924,1.0,1.4012570999052831,4.0,0.3503142749763208,0.3491521898540231
mlscale-part2-oss120b-hip-gemmhint,oss120b,dist_sync_batchnorm,strong,8,2,12728913,4673957,1.0,2.7233697271926123,8.0,0.34042121589907653,0.3491521898540231
mlscale-part2-oss120b-hip-gemmhint,oss120b,dist_sync_batchnorm,strong,16,4,12728913,2480700,1.0,5.131177893336559,16.0,0.3206986183335349,0.3491521898540231
mlscale-part2-oss120b-hip-gemmhint,oss120b,dist_sync_batchnorm,weak,1,1,12728913,34000336,1.0,0.37437609440094943,1.0,0.37437609440094943,0.3713482096141828
mlscale-part2-oss120b-hip-gemmhint,oss120b,dist_sync_batchnorm,weak,2,1,12728913,34134132,2.0,0.37290864756719166,1.0,0.37290864756719166,0.3713482096141828
mlscale-part2-oss120b-hip-gemmhint,oss120b,dist_sync_batchnorm,weak,4,1,12728913,34291651,4.0,0.3711956884199014,1.0,0.3711956884199014,0.3713482096141828
mlscale-part2-oss120b-hip-gemmhint,oss120b,dist_sync_batchnorm,weak,8,2,12728913,34426753,8.0,0.3697389933927257,1.0,0.3697389933927257,0.3713482096141828
mlscale-part2-oss120b-hip-gemmhint,oss120b,dist_sync_batchnorm,weak,16,4,12728913,34537698,16.0,0.36855128561260797,1.0,0.36855128561260797,0.3713482096141828
mlscale-part2-qwen38-hip-gemmhint,qwen38,dist_all_to_all_transpose,strong,1,1,62923847,3139234,1.0,20.044331515267736,1.0,20.044331515267736,1.7811451164947085
mlscale-part2-qwen38-hip-gemmhint,qwen38,dist_all_to_all_transpose,strong,2,1,62923847,13125158,1.0,4.794140154350904,2.0,2.397070077175452,1.7811451164947085
mlscale-part2-qwen38-hip-gemmhint,qwen38,dist_all_to_all_transpose,strong,4,1,62923847,4311117,1.0,14.595717768736037,4.0,3.6489294421840093,1.7811451164947085
mlscale-part2-qwen38-hip-gemmhint,qwen38,dist_all_to_all_transpose,strong,8,2,62923847,18581647,1.0,3.386343901592792,8.0,0.423292987699099,1.7811451164947085
mlscale-part2-qwen38-hip-gemmhint,qwen38,dist_all_to_all_transpose,strong,16,4,62923847,16280870,1.0,3.8648946278669385,16.0,0.24155591424168366,1.7811451164947085
mlscale-part2-qwen38-hip-gemmhint,qwen38,dist_all_to_all_transpose,weak,1,1,62923847,3139234,1.0,20.044331515267736,1.0,20.044331515267736,2.980377077769546
mlscale-part2-qwen38-hip-gemmhint,qwen38,dist_all_to_all_transpose,weak,2,1,62923847,25920846,2.0,2.427538321858785,1.0,2.427538321858785,2.980377077769546
mlscale-part2-qwen38-hip-gemmhint,qwen38,dist_all_to_all_transpose,weak,4,1,62923847,16484256,4.0,3.817208796077906,1.0,3.817208796077906,2.980377077769546
mlscale-part2-qwen38-hip-gemmhint,qwen38,dist_all_to_all_transpose,weak,8,2,62923847,148126921,8.0,0.4247968335208966,1.0,0.4247968335208966,2.980377077769546
mlscale-part2-qwen38-hip-gemmhint,qwen38,dist_causal_attention,strong,1,1,211395930,91993726,1.0,2.297938557244654,1.0,2.297938557244654,1.430637742483146
mlscale-part2-qwen38-hip-gemmhint,qwen38,dist_causal_attention,strong,2,1,211395930,68927126,1.0,3.0669482722955834,2.0,1.5334741361477917,1.430637742483146
mlscale-part2-qwen38-hip-gemmhint,qwen38,dist_causal_attention,strong,4,1,211395930,40587930,1.0,5.208344697549247,4.0,1.3020861743873118,1.430637742483146
mlscale-part2-qwen38-hip-gemmhint,qwen38,dist_causal_attention,strong,8,2,211395930,22431670,1.0,9.423994290215575,8.0,1.1779992862769468,1.430637742483146
mlscale-part2-qwen38-hip-gemmhint,qwen38,dist_causal_attention,strong,16,4,211395930,11915928,1.0,17.740618271610906,16.0,1.1087886419756816,1.430637742483146
mlscale-part2-qwen38-hip-gemmhint,qwen38,dist_causal_attention,weak,1,1,211395930,91993726,1.0,2.297938557244654,1.0,2.297938557244654,1.5003078811764001
mlscale-part2-qwen38-hip-gemmhint,qwen38,dist_causal_attention,weak,2,1,211395930,134742079,1.9775390625,1.568893188890161,1.011358024691358,1.551273782960242,1.5003078811764001
mlscale-part2-qwen38-hip-gemmhint,qwen38,dist_causal_attention,weak,4,1,211395930,156380640,4.0,1.3518037143216706,1.0,1.3518037143216706,1.5003078811764001
mlscale-part2-qwen38-hip-gemmhint,qwen38,dist_causal_attention,weak,8,2,211395930,172613666,8.265625,1.2246766718922475,0.9678638941398866,1.2653397645136697,1.5003078811764001
mlscale-part2-qwen38-hip-gemmhint,qwen38,dist_causal_attention,weak,16,4,211395930,169567386,16.0,1.2466780021011823,1.0,1.2466780021011823,1.5003078811764001
mlscale-part2-qwen38-hip-gemmhint,qwen38,dist_conv2d_halo,strong,1,1,24845216,15757674,1.0,1.5767058006149892,1.0,1.5767058006149892,1.028248277503107
mlscale-part2-qwen38-hip-gemmhint,qwen38,dist_conv2d_halo,strong,2,1,24845216,8885978,1.0,2.796002420892782,2.0,1.398001210446391,1.028248277503107
mlscale-part2-qwen38-hip-gemmhint,qwen38,dist_conv2d_halo,strong,4,1,24845216,5499888,1.0,4.517403990772176,4.0,1.129350997693044,1.028248277503107
mlscale-part2-qwen38-hip-gemmhint,qwen38,dist_conv2d_halo,strong,8,2,24845216,3987501,1.0,6.230773609837339,8.0,0.7788467012296674,1.028248277503107
mlscale-part2-qwen38-hip-gemmhint,qwen38,dist_conv2d_halo,strong,16,4,24845216,2619220,1.0,9.485730866441154,16.0,0.5928581791525721,1.028248277503107
mlscale-part2-qwen38-hip-gemmhint,qwen38,dist_conv2d_halo,weak,1,1,24845216,15757674,1.0,1.5767058006149892,1.0,1.5767058006149892,1.4280402587554877
mlscale-part2-qwen38-hip-gemmhint,qwen38,dist_conv2d_halo,weak,2,1,24845216,16666714,2.0,1.490708726387217,1.0,1.490708726387217,1.4280402587554877
mlscale-part2-qwen38-hip-gemmhint,qwen38,dist_conv2d_halo,weak,4,1,24845216,17140732,4.0,1.4494839543608755,1.0,1.4494839543608755,1.4280402587554877
mlscale-part2-qwen38-hip-gemmhint,qwen38,dist_conv2d_halo,weak,8,2,24845216,18799022,8.0,1.3216227950581685,1.0,1.3216227950581685,1.4280402587554877
mlscale-part2-qwen38-hip-gemmhint,qwen38,dist_conv2d_halo,weak,16,4,24845216,18836704,16.0,1.31897894663525,1.0,1.31897894663525,1.4280402587554877
mlscale-part2-qwen38-hip-gemmhint,qwen38,dist_moe_router,strong,1,1,71955174,5507389,1.0,13.06520639816799,1.0,13.06520639816799,11.328665002943776
mlscale-part2-qwen38-hip-gemmhint,qwen38,dist_moe_router,strong,2,1,71955174,2676805,1.0,26.88099207824253,2.0,13.440496039121266,11.328665002943776
mlscale-part2-qwen38-hip-gemmhint,qwen38,dist_moe_router,strong,4,1,71955174,1395688,1.0,51.55534331455168,4.0,12.88883582863792,11.328665002943776
mlscale-part2-qwen38-hip-gemmhint,qwen38,dist_moe_router,strong,8,2,71955174,828372,1.0,86.86335849111269,8.0,10.857919811389086,11.328665002943776
mlscale-part2-qwen38-hip-gemmhint,qwen38,dist_moe_router,strong,16,4,71955174,592298,1.0,121.48474923096144,16.0,7.59279682693509,11.328665002943776
mlscale-part2-qwen38-hip-gemmhint,qwen38,dist_moe_router,weak,1,1,71955174,5507389,1.0,13.06520639816799,1.0,13.06520639816799,12.537957991047092
mlscale-part2-qwen38-hip-gemmhint,qwen38,dist_moe_router,weak,2,1,71955174,5620740,2.0,12.801726107238549,1.0,12.801726107238549,12.537957991047092
mlscale-part2-qwen38-hip-gemmhint,qwen38,dist_moe_router,weak,4,1,71955174,5761174,4.0,12.48967207031067,1.0,12.48967207031067,12.537957991047092
mlscale-part2-qwen38-hip-gemmhint,qwen38,dist_moe_router,weak,8,2,71955174,5871912,8.0,12.25413017088812,1.0,12.25413017088812,12.537957991047092
mlscale-part2-qwen38-hip-gemmhint,qwen38,dist_moe_router,weak,16,4,71955174,5944924,16.0,12.103632275198136,1.0,12.103632275198136,12.537957991047092
mlscale-part2-qwen38-hip-gemmhint,qwen38,dist_rmsnorm,strong,1,1,10171861,4288852,1.0,2.3716978342922537,1.0,2.3716978342922537,1.6386459254464398
mlscale-part2-qwen38-hip-gemmhint,qwen38,dist_rmsnorm,strong,2,1,10171861,2595324,1.0,3.9193029463758666,2.0,1.9596514731879333,1.6386459254464398
mlscale-part2-qwen38-hip-gemmhint,qwen38,dist_rmsnorm,strong,4,1,10171861,1297818,1.0,7.837663678574345,4.0,1.9594159196435863,1.6386459254464398
mlscale-part2-qwen38-hip-gemmhint,qwen38,dist_rmsnorm,strong,8,2,10171861,856902,1.0,11.870506779071587,8.0,1.4838133473839483,1.6386459254464398
mlscale-part2-qwen38-hip-gemmhint,qwen38,dist_rmsnorm,strong,16,4,10171861,727108,1.0,13.98947749165186,16.0,0.8743423432282412,1.6386459254464398
mlscale-part2-qwen38-hip-gemmhint,qwen38,dist_rmsnorm,weak,1,1,10171861,4288852,1.0,2.3716978342922537,1.0,2.3716978342922537,2.251934985806132
mlscale-part2-qwen38-hip-gemmhint,qwen38,dist_rmsnorm,weak,2,1,10171861,4385466,2.0,2.3194481498659436,1.0,2.3194481498659436,2.251934985806132
mlscale-part2-qwen38-hip-gemmhint,qwen38,dist_rmsnorm,weak,4,1,10171861,4398496,4.0,2.3125770717990877,1.0,2.3125770717990877,2.251934985806132
mlscale-part2-qwen38-hip-gemmhint,qwen38,dist_rmsnorm,weak,8,2,10171861,4668337,8.0,2.178904607786456,1.0,2.178904607786456,2.251934985806132
mlscale-part2-qwen38-hip-gemmhint,qwen38,dist_rmsnorm,weak,16,4,10171861,4868550,16.0,2.089299894219018,1.0,2.089299894219018,2.251934985806132
mlscale-part2-qwen38-hip-gemmhint,qwen38,dist_split_kv_decode,strong,1,1,3990842,7394969,1.0,0.5396698755599922,1.0,0.5396698755599922,0.4830120017989969
mlscale-part2-qwen38-hip-gemmhint,qwen38,dist_split_kv_decode,strong,2,1,3990842,3584854,1.0,1.1132509162158348,2.0,0.5566254581079174,0.4830120017989969
mlscale-part2-qwen38-hip-gemmhint,qwen38,dist_split_kv_decode,strong,4,1,3990842,1766447,1.0,2.259248083865522,4.0,0.5648120209663805,0.4830120017989969
mlscale-part2-qwen38-hip-gemmhint,qwen38,dist_split_kv_decode,strong,8,2,3990842,1073090,1.0,3.7190189080133074,8.0,0.4648773635016634,0.4830120017989969
mlscale-part2-qwen38-hip-gemmhint,qwen38,dist_split_kv_decode,strong,16,4,3990842,748322,1.0,5.33305448723945,16.0,0.33331590545246564,0.4830120017989969
mlscale-part2-qwen38-hip-gemmhint,qwen38,dist_split_kv_decode,weak,1,1,3990842,7394969,1.0,0.5396698755599922,1.0,0.5396698755599922,0.5228620619139295
mlscale-part2-qwen38-hip-gemmhint,qwen38,dist_split_kv_decode,weak,2,1,3990842,7523290,2.0,0.530464996032321,1.0,0.530464996032321,0.5228620619139295
mlscale-part2-qwen38-hip-gemmhint,qwen38,dist_split_kv_decode,weak,4,1,3990842,7590200,4.0,0.5257887802692947,1.0,0.5257887802692947,0.5228620619139295
mlscale-part2-qwen38-hip-gemmhint,qwen38,dist_split_kv_decode,weak,8,2,3990842,7774346,8.0,0.5133347551035161,1.0,0.5133347551035161,0.5228620619139295
mlscale-part2-qwen38-hip-gemmhint,qwen38,dist_split_kv_decode,weak,16,4,3990842,7890886,16.0,0.5057533463289167,1.0,0.5057533463289167,0.5228620619139295
mlscale-part2-qwen38-hip-gemmhint,qwen38,dist_sync_batchnorm,strong,1,1,12728913,4109457,1.0,3.0974683516581387,1.0,3.0974683516581387,2.688718175285952
mlscale-part2-qwen38-hip-gemmhint,qwen38,dist_sync_batchnorm,strong,2,1,12728913,2135123,1.0,5.9616766809218955,2.0,2.9808383404609478,2.688718175285952
mlscale-part2-qwen38-hip-gemmhint,qwen38,dist_sync_batchnorm,strong,4,1,12728913,1137288,1.0,11.192339143646992,4.0,2.798084785911748,2.688718175285952
mlscale-part2-qwen38-hip-gemmhint,qwen38,dist_sync_batchnorm,strong,8,2,12728913,623438,1.0,20.41728768538331,8.0,2.552160960672914,2.688718175285952
mlscale-part2-qwen38-hip-gemmhint,qwen38,dist_sync_batchnorm,strong,16,4,12728913,373301,1.0,34.09825583108537,16.0,2.1311409894428355,2.688718175285952
mlscale-part2-qwen38-hip-gemmhint,qwen38,dist_sync_batchnorm,weak,1,1,12728913,4109457,1.0,3.0974683516581387,1.0,3.0974683516581387,3.057591612138529
mlscale-part2-qwen38-hip-gemmhint,qwen38,dist_sync_batchnorm,weak,2,1,12728913,4140827,2.0,3.0740026086576426,1.0,3.0740026086576426,3.057591612138529
mlscale-part2-qwen38-hip-gemmhint,qwen38,dist_sync_batchnorm,weak,4,1,12728913,4169012,4.0,3.053220523231883,1.0,3.053220523231883,3.057591612138529
mlscale-part2-qwen38-hip-gemmhint,qwen38,dist_sync_batchnorm,weak,8,2,12728913,4154214,8.0,3.064096601667608,1.0,3.064096601667608,3.057591612138529
mlscale-part2-qwen38-hip-gemmhint,qwen38,dist_sync_batchnorm,weak,16,4,12728913,4242928,16.0,3.0000304035326546,1.0,3.0000304035326546,3.057591612138529
mlscale-part2-qwen38-hip-gemmhint,qwen38,dist_vocab_embedding,strong,1,1,24262122,464070084,1.0,0.052281159325926294,1.0,0.052281159325926294,0.08530114520543003
mlscale-part2-qwen38-hip-gemmhint,qwen38,dist_vocab_embedding,strong,2,1,24262122,255975696,1.0,0.09478291251525692,2.0,0.04739145625762846,0.08530114520543003
mlscale-part2-qwen38-hip-gemmhint,qwen38,dist_vocab_embedding,strong,4,1,24262122,28015150,1.0,0.8660357699316262,4.0,0.21650894248290656,0.08530114520543003
mlscale-part2-qwen38-hip-gemmhint,qwen38,dist_vocab_embedding,strong,8,2,24262122,25002484,1.0,0.9703884622023956,8.0,0.12129855777529945,0.08530114520543003
mlscale-part2-qwen38-hip-gemmhint,qwen38,dist_vocab_embedding,strong,16,4,24262122,21847977,1.0,1.1104974158477008,16.0,0.0694060884904813,0.08530114520543003
mlscale-part2-qwen38-hip-gemmhint,qwen38,dist_vocab_embedding,weak,1,1,24262122,464070084,1.0,0.052281159325926294,1.0,0.052281159325926294,0.16330144753302409
mlscale-part2-qwen38-hip-gemmhint,qwen38,dist_vocab_embedding,weak,2,1,24262122,277366535,2.0,0.0874731409108168,1.0,0.0874731409108168,0.16330144753302409
mlscale-part2-qwen38-hip-gemmhint,qwen38,dist_vocab_embedding,weak,4,1,24262122,71952866,4.0,0.3371946574025279,1.0,0.3371946574025279,0.16330144753302409
mlscale-part2-qwen38-hip-gemmhint,qwen38,dist_vocab_embedding,weak,8,2,24262122,87316249,8.0,0.27786491378025185,1.0,0.27786491378025185,0.16330144753302409
mlscale-part2-qwen38-hip-gemmhint,qwen38,dist_vocab_embedding,weak,16,4,24262122,89518529,16.0,0.27102905142688394,1.0,0.27102905142688394,0.16330144753302409
mlscale-qwen38-hip,qwen38,dist_gemm_add_relu,strong,1,1,458047248,88781308,1.0,5.1592757340317625,1.0,5.1592757340317625,0.8241778161438349
mlscale-qwen38-hip,qwen38,dist_gemm_add_relu,strong,2,1,458047248,124130159,1.0,3.6900560805694287,2.0,1.8450280402847143,0.8241778161438349
mlscale-qwen38-hip,qwen38,dist_gemm_add_relu,strong,4,1,458047248,51973557,1.0,8.81308254503343,4.0,2.2032706362583574,0.8241778161438349
mlscale-qwen38-hip,qwen38,dist_gemm_add_relu,strong,8,2,458047248,287278198,1.0,1.5944379044037307,8.0,0.19930473805046633,0.8241778161438349
mlscale-qwen38-hip,qwen38,dist_gemm_add_relu,strong,16,4,458047248,314675457,1.0,1.4556179638757147,16.0,0.09097612274223217,0.8241778161438349
mlscale-qwen38-hip,qwen38,dist_gemm_add_relu,weak,1,1,458047248,88781308,1.0,5.1592757340317625,1.0,5.1592757340317625,2.7644406492153166
mlscale-qwen38-hip,qwen38,dist_gemm_add_relu,weak,2,1,458047248,162641494,2.0,2.8163000519412345,1.0,2.8163000519412345,2.7644406492153166
mlscale-qwen38-hip,qwen38,dist_gemm_add_relu,weak,4,1,458047248,121609634,4.0,3.766537509684471,1.0,3.766537509684471,2.7644406492153166
mlscale-qwen38-hip,qwen38,dist_gemm_add_relu,weak,8,2,458047248,258572798,8.0,1.7714440635012194,1.0,1.7714440635012194,2.7644406492153166
mlscale-qwen38-hip,qwen38,dist_gemm_add_relu,weak,16,4,458047248,275049797,16.0,1.6653247993489702,1.0,1.6653247993489702,2.7644406492153166
mlscale-qwen38-hip,qwen38,dist_gemm_gn_swish,strong,1,1,152625039,98974810,1.0,1.5420594290607883,1.0,1.5420594290607883,1.284372395051153
mlscale-qwen38-hip,qwen38,dist_gemm_gn_swish,strong,2,1,152625039,49305044,1.0,3.095525865467233,2.0,1.5477629327336164,1.284372395051153
mlscale-qwen38-hip,qwen38,dist_gemm_gn_swish,strong,4,1,152625039,26171016,1.0,5.83183469071281,4.0,1.4579586726782026,1.284372395051153
mlscale-qwen38-hip,qwen38,dist_gemm_gn_swish,strong,8,2,152625039,16244616,1.0,9.395423012769276,8.0,1.1744278765961595,1.284372395051153
mlscale-qwen38-hip,qwen38,dist_gemm_gn_swish,strong,16,4,152625039,11153935,1.0,13.683515189930729,16.0,0.8552196993706705,1.284372395051153
mlscale-qwen38-hip,qwen38,dist_gemm_gn_swish,weak,1,1,152625039,98974810,1.0,1.5420594290607883,1.0,1.5420594290607883,1.5259852723962617
mlscale-qwen38-hip,qwen38,dist_gemm_gn_swish,weak,2,1,152625039,98586962,2.0,1.5481259986487867,1.0,1.5481259986487867,1.5259852723962617
mlscale-qwen38-hip,qwen38,dist_gemm_gn_swish,weak,4,1,152625039,99556339,4.0,1.5330519435834216,1.0,1.5330519435834216,1.5259852723962617
mlscale-qwen38-hip,qwen38,dist_gemm_gn_swish,weak,8,2,152625039,101009471,8.0,1.5109973103413243,1.0,1.5109973103413243,1.5259852723962617
mlscale-qwen38-hip,qwen38,dist_gemm_gn_swish,weak,16,4,152625039,102000442,16.0,1.496317427722519,1.0,1.496317427722519,1.5259852723962617
mlscale-qwen38-hip,qwen38,dist_layer_norm,strong,1,1,7140364,4103030,1.0,1.7402660960314695,1.0,1.7402660960314695,1.5587508441478328
mlscale-qwen38-hip,qwen38,dist_layer_norm,strong,2,1,7140364,2117572,1.0,3.371958072736134,2.0,1.685979036368067,1.5587508441478328
mlscale-qwen38-hip,qwen38,dist_layer_norm,strong,4,1,7140364,1140874,1.0,6.258678872513529,4.0,1.5646697181283822,1.5587508441478328
mlscale-qwen38-hip,qwen38,dist_layer_norm,strong,8,2,7140364,562137,1.0,12.702177583044703,8.0,1.5877721978805879,1.5587508441478328
mlscale-qwen38-hip,qwen38,dist_layer_norm,strong,16,4,7140364,353505,1.0,20.198763808149813,16.0,1.2624227380093633,1.5587508441478328
mlscale-qwen38-hip,qwen38,dist_layer_norm,weak,1,1,7140364,4103030,1.0,1.7402660960314695,1.0,1.7402660960314695,1.6582973153850022
mlscale-qwen38-hip,qwen38,dist_layer_norm,weak,2,1,7140364,4130777,2.0,1.728576488152229,1.0,1.728576488152229,1.6582973153850022
mlscale-qwen38-hip,qwen38,dist_layer_norm,weak,4,1,7140364,4160168,4.0,1.7163643391324581,1.0,1.7163643391324581,1.6582973153850022
mlscale-qwen38-hip,qwen38,dist_layer_norm,weak,8,2,7140364,4460278,8.0,1.600878689624279,1.0,1.600878689624279,1.6582973153850022
mlscale-qwen38-hip,qwen38,dist_layer_norm,weak,16,4,7140364,4706310,16.0,1.5171894754064223,1.0,1.5171894754064223,1.6582973153850022
mlscale-qwen38-hip,qwen38,dist_matmul_gelu_softmax,strong,1,1,128488865,97058269,1.0,1.3238322331917953,1.0,1.3238322331917953,1.0820818770366325
mlscale-qwen38-hip,qwen38,dist_matmul_gelu_softmax,strong,2,1,128488865,50021254,1.0,2.568685403208804,2.0,1.284342701604402,1.0820818770366325
mlscale-qwen38-hip,qwen38,dist_matmul_gelu_softmax,strong,4,1,128488865,27249568,1.0,4.715262458472736,4.0,1.178815614618184,1.0820818770366325
mlscale-qwen38-hip,qwen38,dist_matmul_gelu_softmax,strong,8,2,128488865,16615954,1.0,7.732861140564062,8.0,0.9666076425705078,1.0820818770366325
mlscale-qwen38-hip,qwen38,dist_matmul_gelu_softmax,strong,16,4,128488865,10487087,1.0,12.252102514263493,16.0,0.7657564071414683,1.0820818770366325
mlscale-qwen38-hip,qwen38,dist_matmul_gelu_softmax,weak,1,1,128488865,97058269,1.0,1.3238322331917953,1.0,1.3238322331917953,1.2723935869428926
mlscale-qwen38-hip,qwen38,dist_matmul_gelu_softmax,weak,2,1,128488865,99742491,2.0,1.2882058961210423,1.0,1.2882058961210423,1.2723935869428926
mlscale-qwen38-hip,qwen38,dist_matmul_gelu_softmax,weak,4,1,128488865,102385770,4.0,1.2549484659831147,1.0,1.2549484659831147,1.2723935869428926
mlscale-qwen38-hip,qwen38,dist_matmul_gelu_softmax,weak,8,2,128488865,102752954,8.0,1.2504639525983847,1.0,1.2504639525983847,1.2723935869428926
mlscale-qwen38-hip,qwen38,dist_matmul_gelu_softmax,weak,16,4,128488865,103103507,16.0,1.2462123621071395,1.0,1.2462123621071395,1.2723935869428926
mlscale-qwen38-hip,qwen38,dist_matmul_large_k,strong,1,1,153491411,37392185,1.0,4.104906172238932,1.0,4.104906172238932,3.436992630090542
mlscale-qwen38-hip,qwen38,dist_matmul_large_k,strong,2,1,153491411,19929707,1.0,7.701639115918764,2.0,3.850819557959382,3.436992630090542
mlscale-qwen38-hip,qwen38,dist_matmul_large_k,strong,4,1,153491411,8571207,1.0,17.9077941998134,4.0,4.47694854995335,3.436992630090542
mlscale-qwen38-hip,qwen38,dist_matmul_large_k,strong,8,2,153491411,5970426,1.0,25.708619619437542,8.0,3.2135774524296927,3.436992630090542
mlscale-qwen38-hip,qwen38,dist_matmul_large_k,strong,16,4,153491411,4548816,1.0,33.743156680771435,16.0,2.1089472925482147,3.436992630090542
mlscale-qwen38-hip,qwen38,dist_matmul_large_k,weak,1,1,153491411,37392185,1.0,4.104906172238932,1.0,4.104906172238932,3.904590874496203
mlscale-qwen38-hip,qwen38,dist_matmul_large_k,weak,2,1,153491411,39253737,2.0,3.910236903049511,1.0,3.910236903049511,3.904590874496203
mlscale-qwen38-hip,qwen38,dist_matmul_large_k,weak,4,1,153491411,38631339,4.0,3.9732355898924445,1.0,3.9732355898924445,3.904590874496203
mlscale-qwen38-hip,qwen38,dist_matmul_large_k,weak,8,2,153491411,39749597,8.0,3.86145829352685,1.0,3.86145829352685,3.904590874496203
mlscale-qwen38-hip,qwen38,dist_matmul_large_k,weak,16,4,153491411,41649364,16.0,3.6853242464878937,1.0,3.6853242464878937,3.904590874496203
mlscale-qwen38-hip,qwen38,dist_sdpa,strong,1,1,73771484,317646745,1.0,0.23224379018900382,1.0,0.23224379018900382,0.21799653308792083
mlscale-qwen38-hip,qwen38,dist_sdpa,strong,2,1,73771484,160061217,1.0,0.4608954335265363,2.0,0.23044771676326814,0.21799653308792083
mlscale-qwen38-hip,qwen38,dist_sdpa,strong,4,1,73771484,82614047,1.0,0.8929653815409866,4.0,0.22324134538524665,0.21799653308792083
mlscale-qwen38-hip,qwen38,dist_sdpa,strong,8,2,73771484,41955625,1.0,1.7583216553203533,8.0,0.21979020691504417,0.21799653308792083
mlscale-qwen38-hip,qwen38,dist_sdpa,strong,16,4,73771484,24593486,1.0,2.9996351066294547,16.0,0.18747719416434092,0.21799653308792083
mlscale-qwen38-hip,qwen38,dist_sdpa,weak,1,1,73771484,317646745,1.0,0.23224379018900382,1.0,0.23224379018900382,0.22990903638410656
mlscale-qwen38-hip,qwen38,dist_sdpa,weak,2,1,73771484,314162112,1.9775390625,0.23481979902146827,1.011358024691358,0.2321826626066764,0.22990903638410656
mlscale-qwen38-hip,qwen38,dist_sdpa,weak,4,1,73771484,318351971,4.0,0.23172931446998957,1.0,0.23172931446998957,0.22990903638410656
mlscale-qwen38-hip,qwen38,dist_sdpa,weak,8,2,73771484,330946270,8.265625,0.22291075829318155,0.9678638941398866,0.23031209206463485,0.22990903638410656
mlscale-qwen38-hip,qwen38,dist_sdpa,weak,16,4,73771484,330506442,16.0,0.22320740120399832,1.0,0.22320740120399832,0.22990903638410656
mlscale-qwen38-hip,qwen38,dist_softmax,strong,1,1,7513093,4644331,1.0,1.6176911163308558,1.0,1.6176911163308558,1.1298123364116903
mlscale-qwen38-hip,qwen38,dist_softmax,strong,2,1,7513093,2550546,1.0,2.945680258266269,2.0,1.4728401291331346,1.1298123364116903
mlscale-qwen38-hip,qwen38,dist_softmax,strong,4,1,7513093,1328066,1.0,5.657168393739468,4.0,1.414292098434867,1.1298123364116903
mlscale-qwen38-hip,qwen38,dist_softmax,strong,8,2,7513093,909534,1.0,8.260376192643706,8.0,1.0325470240804633,1.1298123364116903
mlscale-qwen38-hip,qwen38,dist_softmax,strong,16,4,7513093,887498,1.0,8.465475978537416,16.0,0.5290922486585885,1.1298123364116903
mlscale-qwen38-hip,qwen38,dist_softmax,weak,1,1,7513093,4644331,1.0,1.6176911163308558,1.0,1.6176911163308558,1.519524334835629
mlscale-qwen38-hip,qwen38,dist_softmax,weak,2,1,7513093,4789277,2.0,1.568732190683479,1.0,1.568732190683479,1.519524334835629
mlscale-qwen38-hip,qwen38,dist_softmax,weak,4,1,7513093,4868568,4.0,1.5431833344014092,1.0,1.5431833344014092,1.519524334835629
mlscale-qwen38-hip,qwen38,dist_softmax,weak,8,2,7513093,5066150,8.0,1.4829985294553063,1.0,1.4829985294553063,1.519524334835629
mlscale-qwen38-hip,qwen38,dist_softmax,weak,16,4,7513093,5386208,16.0,1.394876135492725,1.0,1.394876135492725,1.519524334835629
mlscale-qwen38-hip-dist-rccl-amd,qwen38,dist_gemm_add_relu,strong,1,1,458047248,88480646,1.0,5.1768072308152,1.0,5.1768072308152,1.4895172821419715
mlscale-qwen38-hip-dist-rccl-amd,qwen38,dist_gemm_add_relu,strong,2,1,458047248,83743407,1.0,5.469651455666235,2.0,2.7348257278331176,1.4895172821419715
mlscale-qwen38-hip-dist-rccl-amd,qwen38,dist_gemm_add_relu,strong,4,1,458047248,42334513,1.0,10.819712228649,4.0,2.70492805716225,1.4895172821419715
mlscale-qwen38-hip-dist-rccl-amd,qwen38,dist_gemm_add_relu,strong,8,2,458047248,88681348,1.0,5.16509117565511,8.0,0.6456363969568888,1.4895172821419715
mlscale-qwen38-hip-dist-rccl-amd,qwen38,dist_gemm_add_relu,strong,16,4,458047248,96537920,1.0,4.744739144990901,16.0,0.2965461965619313,1.4895172821419715
mlscale-qwen38-hip-dist-rccl-amd,qwen38,dist_gemm_add_relu,weak,1,1,458047248,88480646,1.0,5.1768072308152,1.0,5.1768072308152,3.7276747449746415
mlscale-qwen38-hip-dist-rccl-amd,qwen38,dist_gemm_add_relu,weak,2,1,458047248,138449405,2.0,3.3084089310459657,1.0,3.3084089310459657,3.7276747449746415
mlscale-qwen38-hip-dist-rccl-amd,qwen38,dist_gemm_add_relu,weak,4,1,458047248,116746855,4.0,3.9234225881288194,1.0,3.9234225881288194,3.7276747449746415
mlscale-qwen38-hip-dist-rccl-amd,qwen38,dist_gemm_add_relu,weak,8,2,458047248,140871515,8.0,3.2515249658527487,1.0,3.2515249658527487,3.7276747449746415
mlscale-qwen38-hip-dist-rccl-amd,qwen38,dist_gemm_add_relu,weak,16,4,458047248,139044425,16.0,3.2942510855793032,1.0,3.2942510855793032,3.7276747449746415
mlscale-qwen38-hip-dist-rccl-amd,qwen38,dist_layer_norm,strong,1,1,7140364,5466989,1.0,1.306087134984175,1.0,1.306087134984175,1.2219354104467848
mlscale-qwen38-hip-dist-rccl-amd,qwen38,dist_layer_norm,strong,2,1,7140364,2776336,1.0,2.5718659412981713,2.0,1.2859329706490856,1.2219354104467848
mlscale-qwen38-hip-dist-rccl-amd,qwen38,dist_layer_norm,strong,4,1,7140364,1332076,1.0,5.360327789105126,4.0,1.3400819472762815,1.2219354104467848
mlscale-qwen38-hip-dist-rccl-amd,qwen38,dist_layer_norm,strong,8,2,7140364,731078,1.0,9.76689764977198,8.0,1.2208622062214975,1.2219354104467848
mlscale-qwen38-hip-dist-rccl-amd,qwen38,dist_layer_norm,strong,16,4,7140364,450140,1.0,15.862540542942195,16.0,0.9914087839338872,1.2219354104467848
mlscale-qwen38-hip-dist-rccl-amd,qwen38,dist_layer_norm,weak,1,1,7140364,5466989,1.0,1.306087134984175,1.0,1.306087134984175,1.2715498838024684
mlscale-qwen38-hip-dist-rccl-amd,qwen38,dist_layer_norm,weak,2,1,7140364,5536210,2.0,1.2897567108184118,1.0,1.2897567108184118,1.2715498838024684
mlscale-qwen38-hip-dist-rccl-amd,qwen38,dist_layer_norm,weak,4,1,7140364,5566154,4.0,1.2828182619453217,1.0,1.2828182619453217,1.2715498838024684
mlscale-qwen38-hip-dist-rccl-amd,qwen38,dist_layer_norm,weak,8,2,7140364,5668690,8.0,1.259614478830206,1.0,1.259614478830206,1.2715498838024684
mlscale-qwen38-hip-dist-rccl-amd,qwen38,dist_layer_norm,weak,16,4,7140364,5847040,16.0,1.2211929454903678,1.0,1.2211929454903678,1.2715498838024684
mlscale-qwen38-hip-dist-rccl-amd,qwen38,dist_matmul_gelu_softmax,strong,1,1,128488865,324981950,1.0,0.39537231221610925,1.0,0.39537231221610925,0.3728389207541324
mlscale-qwen38-hip-dist-rccl-amd,qwen38,dist_matmul_gelu_softmax,strong,2,1,128488865,164570346,1.0,0.7807534475257164,2.0,0.3903767237628582,0.3728389207541324
mlscale-qwen38-hip-dist-rccl-amd,qwen38,dist_matmul_gelu_softmax,strong,4,1,128488865,84620802,1.0,1.5184075542087156,4.0,0.3796018885521789,0.3728389207541324
mlscale-qwen38-hip-dist-rccl-amd,qwen38,dist_matmul_gelu_softmax,strong,8,2,128488865,44502003,1.0,2.887260265566024,8.0,0.360907533195753,0.3728389207541324
mlscale-qwen38-hip-dist-rccl-amd,qwen38,dist_matmul_gelu_softmax,strong,16,4,128488865,23569685,1.0,5.4514459993843785,16.0,0.34071537496152365,0.3728389207541324
mlscale-qwen38-hip-dist-rccl-amd,qwen38,dist_matmul_gelu_softmax,weak,1,1,128488865,324981950,1.0,0.39537231221610925,1.0,0.39537231221610925,0.38729978205085897
mlscale-qwen38-hip-dist-rccl-amd,qwen38,dist_matmul_gelu_softmax,weak,2,1,128488865,325745971,2.0,0.3944449860900966,1.0,0.3944449860900966,0.38729978205085897
mlscale-qwen38-hip-dist-rccl-amd,qwen38,dist_matmul_gelu_softmax,weak,4,1,128488865,334789456,4.0,0.38379005878847033,1.0,0.38379005878847033,0.38729978205085897
mlscale-qwen38-hip-dist-rccl-amd,qwen38,dist_matmul_gelu_softmax,weak,8,2,128488865,335704692,8.0,0.38274372703733317,1.0,0.38274372703733317,0.38729978205085897
mlscale-qwen38-hip-dist-rccl-amd,qwen38,dist_matmul_gelu_softmax,weak,16,4,128488865,337772062,16.0,0.3804011031557725,1.0,0.3804011031557725,0.38729978205085897
mlscale-qwen38-hip-dist-rccl-amd,qwen38,dist_matmul_large_k,strong,1,1,153491411,192063935,1.0,0.7991683134056375,1.0,0.7991683134056375,0.7463276853969796
mlscale-qwen38-hip-dist-rccl-amd,qwen38,dist_matmul_large_k,strong,2,1,153491411,122437384,1.0,1.2536319054317593,2.0,0.6268159527158796,0.7463276853969796
mlscale-qwen38-hip-dist-rccl-amd,qwen38,dist_matmul_large_k,strong,4,1,153491411,48958700,1.0,3.135120233993141,4.0,0.7837800584982852,0.7463276853969796
mlscale-qwen38-hip-dist-rccl-amd,qwen38,dist_matmul_large_k,strong,8,2,153491411,25435554,1.0,6.034522031641221,8.0,0.7543152539551526,0.7463276853969796
mlscale-qwen38-hip-dist-rccl-amd,qwen38,dist_matmul_large_k,strong,16,4,153491411,12269920,1.0,12.509569011044897,16.0,0.7818480631903061,0.7463276853969796
mlscale-qwen38-hip-dist-rccl-amd,qwen38,dist_matmul_large_k,weak,1,1,153491411,192063935,1.0,0.7991683134056375,1.0,0.7991683134056375,0.7865437615058167
mlscale-qwen38-hip-dist-rccl-amd,qwen38,dist_matmul_large_k,weak,2,1,153491411,194193632,2.0,0.7904039355935214,1.0,0.7904039355935214,0.7865437615058167
mlscale-qwen38-hip-dist-rccl-amd,qwen38,dist_matmul_large_k,weak,4,1,153491411,193059268,4.0,0.7950481351664506,1.0,0.7950481351664506,0.7865437615058167
mlscale-qwen38-hip-dist-rccl-amd,qwen38,dist_matmul_large_k,weak,8,2,153491411,197555340,8.0,0.7769539967889504,1.0,0.7769539967889504,0.7865437615058167
mlscale-qwen38-hip-dist-rccl-amd,qwen38,dist_matmul_large_k,weak,16,4,153491411,198950806,16.0,0.7715043436416136,1.0,0.7715043436416136,0.7865437615058167
mlscale-qwen38-hip-dist-rccl-amd,qwen38,dist_sdpa,strong,1,1,73771484,1304001326,1.0,0.05657316639875871,1.0,0.05657316639875871,0.054332163459667494
mlscale-qwen38-hip-dist-rccl-amd,qwen38,dist_sdpa,strong,2,1,73771484,667072023,1.0,0.11058998347469295,2.0,0.05529499173734648,0.054332163459667494
mlscale-qwen38-hip-dist-rccl-amd,qwen38,dist_sdpa,strong,4,1,73771484,341576142,1.0,0.21597376083719572,4.0,0.05399344020929893,0.054332163459667494
mlscale-qwen38-hip-dist-rccl-amd,qwen38,dist_sdpa,strong,8,2,73771484,170814039,1.0,0.4318818548632294,8.0,0.05398523185790367,0.054332163459667494
mlscale-qwen38-hip-dist-rccl-amd,qwen38,dist_sdpa,strong,16,4,73771484,88796490,1.0,0.8307927937241664,16.0,0.0519245496077604,0.054332163459667494
mlscale-qwen38-hip-dist-rccl-amd,qwen38,dist_sdpa,weak,1,1,73771484,1304001326,1.0,0.05657316639875871,1.0,0.05657316639875871,0.054503863875728364
mlscale-qwen38-hip-dist-rccl-amd,qwen38,dist_sdpa,weak,2,1,73771484,1338387113,1.9775390625,0.0551196909200963,1.011358024691358,0.054500670953708495,0.054503863875728364
mlscale-qwen38-hip-dist-rccl-amd,qwen38,dist_sdpa,weak,4,1,73771484,1344928792,4.0,0.054851590982967074,1.0,0.054851590982967074,0.054503863875728364
mlscale-qwen38-hip-dist-rccl-amd,qwen38,dist_sdpa,weak,8,2,73771484,1401000612,8.265625,0.05265628249418638,0.9678638941398866,0.05440463562387616,0.054503863875728364
mlscale-qwen38-hip-dist-rccl-amd,qwen38,dist_sdpa,weak,16,4,73771484,1411203140,16.0,0.05227559513508452,1.0,0.05227559513508452,0.054503863875728364
torch_dist,torch_dist,dist_adamw_zero,strong,1,1,3737884,3942002,1.0,0.9482197117099382,1.0,0.9482197117099382,0.6935683987092102
torch_dist,torch_dist,dist_adamw_zero,strong,1,1,3737884,3737884,1.0,1.0,1.0,1.0,0.6935683987092102
torch_dist,torch_dist,dist_adamw_zero,strong,2,1,3737884,2013095,1.0,1.8567847021625905,2.0,0.9283923510812953,0.6935683987092102
torch_dist,torch_dist,dist_adamw_zero,strong,2,1,3737884,1988740,1.0,1.879523718535354,2.0,0.939761859267677,0.6935683987092102
torch_dist,torch_dist,dist_adamw_zero,strong,4,1,3737884,1254595,1.0,2.979355090686636,4.0,0.744838772671659,0.6935683987092102
torch_dist,torch_dist,dist_adamw_zero,strong,4,1,3737884,1221864,1.0,3.0591653408235286,4.0,0.7647913352058822,0.6935683987092102
torch_dist,torch_dist,dist_adamw_zero,strong,8,2,3737884,828939,1.0,4.509238918665909,8.0,0.5636548648332387,0.6935683987092102
torch_dist,torch_dist,dist_adamw_zero,strong,8,2,3737884,870118,1.0,4.295835737221848,8.0,0.536979467152731,0.6935683987092102
torch_dist,torch_dist,dist_adamw_zero,strong,16,4,3737884,548952,1.0,6.809127209664962,16.0,0.4255704506040601,0.6935683987092102
torch_dist,torch_dist,dist_adamw_zero,strong,16,4,3737884,550578,1.0,6.789018086447333,16.0,0.42431363040295833,0.6935683987092102
torch_dist,torch_dist,dist_adamw_zero,weak,1,1,3737884,3942002,1.0,0.9482197117099382,1.0,0.9482197117099382,0.967713171888655
torch_dist,torch_dist,dist_adamw_zero,weak,1,1,3737884,3737884,1.0,1.0,1.0,1.0,0.967713171888655
torch_dist,torch_dist,dist_adamw_zero,weak,2,1,3737884,3813452,2.0,0.9801838334401481,1.0,0.9801838334401481,0.967713171888655
torch_dist,torch_dist,dist_adamw_zero,weak,2,1,3737884,3767151,2.0,0.9922309989697785,1.0,0.9922309989697785,0.967713171888655
torch_dist,torch_dist,dist_adamw_zero,weak,4,1,3737884,3904492,4.0,0.95732914806843,1.0,0.95732914806843,0.967713171888655
torch_dist,torch_dist,dist_adamw_zero,weak,4,1,3737884,3767446,4.0,0.9921533049179736,1.0,0.9921533049179736,0.967713171888655
torch_dist,torch_dist,dist_adamw_zero,weak,8,2,3737884,3858612,8.0,0.9687120653748031,1.0,0.9687120653748031,0.967713171888655
torch_dist,torch_dist,dist_adamw_zero,weak,8,2,3737884,3869800,8.0,0.9659114166106776,1.0,0.9659114166106776,0.967713171888655
torch_dist,torch_dist,dist_adamw_zero,weak,16,4,3737884,4023018,16.0,0.9291243539054511,1.0,0.9291243539054511,0.967713171888655
torch_dist,torch_dist,dist_adamw_zero,weak,16,4,3737884,3952160,16.0,0.9457825594105502,1.0,0.9457825594105502,0.967713171888655
torch_dist,torch_dist,dist_all_to_all_transpose,strong,1,1,62922422,62925272,1.0,0.9999547081814759,1.0,0.9999547081814759,0.5279871428568654
torch_dist,torch_dist,dist_all_to_all_transpose,strong,1,1,62922422,62922422,1.0,1.0,1.0,1.0,0.5279871428568654
torch_dist,torch_dist,dist_all_to_all_transpose,strong,2,1,62922422,43915888,1.0,1.4327940266174284,2.0,0.7163970133087142,0.5279871428568654
torch_dist,torch_dist,dist_all_to_all_transpose,strong,2,1,62922422,43715592,1.0,1.4393587990298748,2.0,0.7196793995149374,0.5279871428568654
torch_dist,torch_dist,dist_all_to_all_transpose,strong,4,1,62922422,17494516,1.0,3.5966940725882326,4.0,0.8991735181470581,0.5279871428568654
torch_dist,torch_dist,dist_all_to_all_transpose,strong,4,1,62922422,17360412,1.0,3.624477460557964,4.0,0.906119365139491,0.5279871428568654
torch_dist,torch_dist,dist_all_to_all_transpose,strong,8,2,62922422,24135803,1.0,2.607015892531108,8.0,0.3258769865663885,0.5279871428568654
torch_dist,torch_dist,dist_all_to_all_transpose,strong,8,2,62922422,24062897,1.0,2.6149146547067876,8.0,0.32686433183834845,0.5279871428568654
torch_dist,torch_dist,dist_all_to_all_transpose,strong,16,4,62922422,20029465,1.0,3.1414928955915697,16.0,0.1963433059744731,0.5279871428568654
torch_dist,torch_dist,dist_all_to_all_transpose,strong,16,4,62922422,20520663,1.0,3.0662957624712224,16.0,0.1916434851544514,0.5279871428568654
torch_dist,torch_dist,dist_all_to_all_transpose,weak,1,1,62922422,62925272,1.0,0.9999547081814759,1.0,0.9999547081814759,0.5061379322599145
torch_dist,torch_dist,dist_all_to_all_transpose,weak,1,1,62922422,62922422,1.0,1.0,1.0,1.0,0.5061379322599145
torch_dist,torch_dist,dist_all_to_all_transpose,weak,2,1,62922422,86099423,2.0,0.7308111925442288,1.0,0.7308111925442288,0.5061379322599145
torch_dist,torch_dist,dist_all_to_all_transpose,weak,2,1,62922422,86017117,2.0,0.7315104736653752,1.0,0.7315104736653752,0.5061379322599145
torch_dist,torch_dist,dist_all_to_all_transpose,weak,4,1,62922422,77114873,4.0,0.8159570203791946,1.0,0.8159570203791946,0.5061379322599145
torch_dist,torch_dist,dist_all_to_all_transpose,weak,4,1,62922422,76413855,4.0,0.8234425811915915,1.0,0.8234425811915915,0.5061379322599145
torch_dist,torch_dist,dist_all_to_all_transpose,weak,8,2,62922422,208801598,8.0,0.30135028947431713,1.0,0.30135028947431713,0.5061379322599145
torch_dist,torch_dist,dist_all_to_all_transpose,weak,8,2,62922422,210034363,8.0,0.29958155942320736,1.0,0.29958155942320736,0.5061379322599145
torch_dist,torch_dist,dist_all_to_all_transpose,weak,16,4,62922422,338102176,16.0,0.18610475313829392,1.0,0.18610475313829392,0.5061379322599145
torch_dist,torch_dist,dist_all_to_all_transpose,weak,16,4,62922422,344165548,16.0,0.1828260334761921,1.0,0.1828260334761921,0.5061379322599145
torch_dist,torch_dist,dist_causal_attention,strong,1,1,211522154,211269706,1.0,1.00119490865387,1.0,1.00119490865387,0.5899938405884286
torch_dist,torch_dist,dist_causal_attention,strong,1,1,211522154,211522154,1.0,1.0,1.0,1.0,0.5899938405884286
torch_dist,torch_dist,dist_causal_attention,strong,2,1,211522154,136964046,1.0,1.5443626278388418,2.0,0.7721813139194209,0.5899938405884286
torch_dist,torch_dist,dist_causal_attention,strong,2,1,211522154,136384584,1.0,1.5509242158923182,2.0,0.7754621079461591,0.5899938405884286
torch_dist,torch_dist,dist_causal_attention,strong,4,1,211522154,50931059,1.0,4.1531073210160425,4.0,1.0382768302540106,0.5899938405884286
torch_dist,torch_dist,dist_causal_attention,strong,4,1,211522154,50218526,1.0,4.212034299851812,4.0,1.053008574962953,0.5899938405884286
torch_dist,torch_dist,dist_causal_attention,strong,8,2,211522154,63533488,1.0,3.3293017691709292,8.0,0.41616272114636615,0.5899938405884286
torch_dist,torch_dist,dist_causal_attention,strong,8,2,211522154,62053999,1.0,3.408678850818301,8.0,0.4260848563522876,0.5899938405884286
torch_dist,torch_dist,dist_causal_attention,strong,16,4,211522154,63758548,1.0,3.3175497346645972,16.0,0.20734685841653733,0.5899938405884286
torch_dist,torch_dist,dist_causal_attention,strong,16,4,211522154,62339226,1.0,3.3930827758432547,16.0,0.21206767349020342,0.5899938405884286
torch_dist,torch_dist,dist_causal_attention,weak,1,1,211522154,211269706,1.0,1.00119490865387,1.0,1.00119490865387,0.7484046127839913
torch_dist,torch_dist,dist_causal_attention,weak,1,1,211522154,211522154,1.0,1.0,1.0,1.0,0.7484046127839913
torch_dist,torch_dist,dist_causal_attention,weak,2,1,211522154,245808974,1.9775390625,0.8605143683647611,1.011358024691358,0.8508503886419146,0.7484046127839913
torch_dist,torch_dist,dist_causal_attention,weak,2,1,211522154,245026260,1.9775390625,0.8632632028909881,1.011358024691358,0.853568352467896,0.7484046127839913
torch_dist,torch_dist,dist_causal_attention,weak,4,1,211522154,248007216,4.0,0.852887095027106,1.0,0.852887095027106,0.7484046127839913
torch_dist,torch_dist,dist_causal_attention,weak,4,1,211522154,245406344,4.0,0.8619261855757079,1.0,0.8619261855757079,0.7484046127839913
torch_dist,torch_dist,dist_causal_attention,weak,8,2,211522154,361444146,8.265625,0.5852139434013686,0.9678638941398866,0.6046448751158671,0.7484046127839913
torch_dist,torch_dist,dist_causal_attention,weak,8,2,211522154,354441508,8.265625,0.596775911471407,0.9678638941398866,0.616590736656981,0.7484046127839913
torch_dist,torch_dist,dist_causal_attention,weak,16,4,211522154,398988694,16.0,0.5301457339039286,1.0,0.5301457339039286,0.7484046127839913
torch_dist,torch_dist,dist_causal_attention,weak,16,4,211522154,405373826,16.0,0.5217952922298441,1.0,0.5217952922298441,0.7484046127839913
torch_dist,torch_dist,dist_contrastive_loss,strong,1,1,478661284,479393110,1.0,0.9984734323778662,1.0,0.9984734323778662,0.7383105835316215
torch_dist,torch_dist,dist_contrastive_loss,strong,1,1,478661284,478661284,1.0,1.0,1.0,1.0,0.7383105835316215
torch_dist,torch_dist,dist_contrastive_loss,strong,2,1,478661284,249141693,1.0,1.921241195065653,2.0,0.9606205975328265,0.7383105835316215
torch_dist,torch_dist,dist_contrastive_loss,strong,2,1,478661284,903625369,1.0,0.5297120913390381,2.0,0.26485604566951904,0.7383105835316215
torch_dist,torch_dist,dist_contrastive_loss,strong,4,1,478661284,129666470,1.0,3.691480796847481,4.0,0.9228701992118703,0.7383105835316215
torch_dist,torch_dist,dist_contrastive_loss,strong,4,1,478661284,129036672,1.0,3.7094980564904834,4.0,0.9273745141226208,0.7383105835316215
torch_dist,torch_dist,dist_contrastive_loss,strong,8,2,478661284,76484632,1.0,6.258267464763379,8.0,0.7822834330954224,0.7383105835316215
torch_dist,torch_dist,dist_contrastive_loss,strong,8,2,478661284,79301112,1.0,6.035997124479162,8.0,0.7544996405598953,0.7383105835316215
torch_dist,torch_dist,dist_contrastive_loss,strong,16,4,478661284,47694467,1.0,10.035991889793003,16.0,0.6272494931120627,0.7383105835316215
torch_dist,torch_dist,dist_contrastive_loss,strong,16,4,478661284,50035120,1.0,9.566506166068953,16.0,0.5979066353793095,0.7383105835316215
torch_dist,torch_dist,dist_contrastive_loss,weak,1,1,478661284,479393110,1.0,0.9984734323778662,1.0,0.9984734323778662,0.5790186865859379
torch_dist,torch_dist,dist_contrastive_loss,weak,1,1,478661284,478661284,1.0,1.0,1.0,1.0,0.5790186865859379
torch_dist,torch_dist,dist_contrastive_loss,weak,2,1,478661284,489449262,1.99957275390625,0.9779589452113628,1.0002136686914318,0.9777500306417682,0.5790186865859379
torch_dist,torch_dist,dist_contrastive_loss,weak,2,1,478661284,496536746,1.99957275390625,0.9639997197709915,1.0002136686914318,0.9637937872136675,0.5790186865859379
torch_dist,torch_dist,dist_contrastive_loss,weak,4,1,478661284,1762834728,4.0,0.27152930243384676,1.0,0.27152930243384676,0.5790186865859379
torch_dist,torch_dist,dist_contrastive_loss,weak,4,1,478661284,1802718282,4.0,0.265521955803852,1.0,0.265521955803852,0.5790186865859379
torch_dist,torch_dist,dist_contrastive_loss,weak,8,2,478661284,512300820,7.998291015625,0.9343363612027793,1.0002136686914318,0.9341367654224931,0.5790186865859379
torch_dist,torch_dist,dist_contrastive_loss,weak,8,2,478661284,513647526,7.998291015625,0.9318866728076093,1.0002136686914318,0.931687600337222,0.5790186865859379
torch_dist,torch_dist,dist_contrastive_loss,weak,16,4,478661284,1790298224,16.0,0.26736399421239665,1.0,0.26736399421239665,0.5790186865859379
torch_dist,torch_dist,dist_contrastive_loss,weak,16,4,478661284,1783823252,16.0,0.26833447958665807,1.0,0.26833447958665807,0.5790186865859379
torch_dist,torch_dist,dist_conv2d_halo,strong,1,1,24706653,24983780,1.0,0.988907723330897,1.0,0.988907723330897,0.5654373276801209
torch_dist,torch_dist,dist_conv2d_halo,strong,1,1,24706653,24706653,1.0,1.0,1.0,1.0,0.5654373276801209
torch_dist,torch_dist,dist_conv2d_halo,strong,2,1,24706653,12852511,1.0,1.9223210935201689,2.0,0.9611605467600844,0.5654373276801209
torch_dist,torch_dist,dist_conv2d_halo,strong,2,1,24706653,12778556,1.0,1.933446392534493,2.0,0.9667231962672465,0.5654373276801209
torch_dist,torch_dist,dist_conv2d_halo,strong,4,1,24706653,7019832,1.0,3.5195504678744447,4.0,0.8798876169686112,0.5654373276801209
torch_dist,torch_dist,dist_conv2d_halo,strong,4,1,24706653,6852700,1.0,3.605389554482175,4.0,0.9013473886205438,0.5654373276801209
torch_dist,torch_dist,dist_conv2d_halo,strong,8,2,24706653,7650978,1.0,3.2292150101594856,8.0,0.4036518762699357,0.5654373276801209
torch_dist,torch_dist,dist_conv2d_halo,strong,8,2,24706653,7551097,1.0,3.2719289660826765,8.0,0.40899112076033456,0.5654373276801209
torch_dist,torch_dist,dist_conv2d_halo,strong,16,4,24706653,9248052,1.0,2.6715521279508376,16.0,0.16697200799692735,0.5654373276801209
torch_dist,torch_dist,dist_conv2d_halo,strong,16,4,24706653,9285108,1.0,2.6608902125855725,16.0,0.16630563828659828,0.5654373276801209
torch_dist,torch_dist,dist_conv2d_halo,weak,1,1,24706653,24983780,1.0,0.988907723330897,1.0,0.988907723330897,0.8296159321124582
torch_dist,torch_dist,dist_conv2d_halo,weak,1,1,24706653,24706653,1.0,1.0,1.0,1.0,0.8296159321124582
torch_dist,torch_dist,dist_conv2d_halo,weak,2,1,24706653,27124600,2.0,0.9108577822345767,1.0,0.9108577822345767,0.8296159321124582
torch_dist,torch_dist,dist_conv2d_halo,weak,2,1,24706653,26862062,2.0,0.9197601062792573,1.0,0.9197601062792573,0.8296159321124582
torch_dist,torch_dist,dist_conv2d_halo,weak,4,1,24706653,26761730,4.0,0.9232083650795371,1.0,0.9232083650795371,0.8296159321124582
torch_dist,torch_dist,dist_conv2d_halo,weak,4,1,24706653,27169590,4.0,0.9093494969927776,1.0,0.9093494969927776,0.8296159321124582
torch_dist,torch_dist,dist_conv2d_halo,weak,8,2,24706653,31459604,8.0,0.7853453272965547,1.0,0.7853453272965547,0.8296159321124582
torch_dist,torch_dist,dist_conv2d_halo,weak,8,2,24706653,33361570,8.0,0.7405722512459696,1.0,0.7405722512459696,0.8296159321124582
torch_dist,torch_dist,dist_conv2d_halo,weak,16,4,24706653,40068429,16.0,0.616611472338983,1.0,0.616611472338983,0.8296159321124582
torch_dist,torch_dist,dist_conv2d_halo,weak,16,4,24706653,39901962,16.0,0.6191839138135613,1.0,0.6191839138135613,0.8296159321124582
torch_dist,torch_dist,dist_cross_entropy,strong,1,1,19942514,18895264,1.0,1.0554239411526614,1.0,1.0554239411526614,0.6602811318963604
torch_dist,torch_dist,dist_cross_entropy,strong,1,1,19942514,19942514,1.0,1.0,1.0,1.0,0.6602811318963604
torch_dist,torch_dist,dist_cross_entropy,strong,2,1,19942514,10526565,1.0,1.8944939778550742,2.0,0.9472469889275371,0.6602811318963604
torch_dist,torch_dist,dist_cross_entropy,strong,2,1,19942514,10649000,1.0,1.8727123673584374,2.0,0.9363561836792187,0.6602811318963604
torch_dist,torch_dist,dist_cross_entropy,strong,4,1,19942514,5534962,1.0,3.6030082952692357,4.0,0.9007520738173089,0.6602811318963604
torch_dist,torch_dist,dist_cross_entropy,strong,4,1,19942514,5544986,1.0,3.596494923521899,4.0,0.8991237308804747,0.6602811318963604
torch_dist,torch_dist,dist_cross_entropy,strong,8,2,19942514,8363113,1.0,2.3845802394395483,8.0,0.29807252992994354,0.6602811318963604
torch_dist,torch_dist,dist_cross_entropy,strong,8,2,19942514,9402426,1.0,2.1209966449084523,8.0,0.26512458061355654,0.6602811318963604
torch_dist,torch_dist,dist_cross_entropy,strong,16,4,19942514,2469995,1.0,8.073908651636946,16.0,0.5046192907273092,0.6602811318963604
torch_dist,torch_dist,dist_cross_entropy,strong,16,4,19942514,2392560,1.0,8.335220015381015,16.0,0.5209512509613135,0.6602811318963604
torch_dist,torch_dist,dist_cross_entropy,weak,1,1,19942514,18895264,1.0,1.0554239411526614,1.0,1.0554239411526614,0.8637376281930829
torch_dist,torch_dist,dist_cross_entropy,weak,1,1,19942514,19942514,1.0,1.0,1.0,1.0,0.8637376281930829
torch_dist,torch_dist,dist_cross_entropy,weak,2,1,19942514,19795014,2.0,1.007451371340278,1.0,1.007451371340278,0.8637376281930829
torch_dist,torch_dist,dist_cross_entropy,weak,2,1,19942514,20708896,2.0,0.962992619210604,1.0,0.962992619210604,0.8637376281930829
torch_dist,torch_dist,dist_cross_entropy,weak,4,1,19942514,21168473,4.0,0.9420856194965032,1.0,0.9420856194965032,0.8637376281930829
torch_dist,torch_dist,dist_cross_entropy,weak,4,1,19942514,21555474,4.0,0.9251716756495357,1.0,0.9251716756495357,0.8637376281930829
torch_dist,torch_dist,dist_cross_entropy,weak,8,2,19942514,26734423,8.0,0.745948921358804,1.0,0.745948921358804,0.8637376281930829
torch_dist,torch_dist,dist_cross_entropy,weak,8,2,19942514,27270506,8.0,0.731285074064999,1.0,0.731285074064999,0.8637376281930829
torch_dist,torch_dist,dist_cross_entropy,weak,16,4,19942514,27659676,16.0,0.7209959364672239,1.0,0.7209959364672239,0.8637376281930829
torch_dist,torch_dist,dist_cross_entropy,weak,16,4,19942514,30288434,16.0,0.658420108481013,1.0,0.658420108481013,0.8637376281930829
torch_dist,torch_dist,dist_gemm_add_relu,strong,1,1,466465592,449628904,1.0,1.0374457421447265,1.0,1.0374457421447265,0.45774626150905773
torch_dist,torch_dist,dist_gemm_add_relu,strong,1,1,466465592,466465592,1.0,1.0,1.0,1.0,0.45774626150905773
torch_dist,torch_dist,dist_gemm_add_relu,strong,2,1,466465592,311831712,1.0,1.4958888850919692,2.0,0.7479444425459846,0.45774626150905773
torch_dist,torch_dist,dist_gemm_add_relu,strong,2,1,466465592,316694647,1.0,1.472919092314181,2.0,0.7364595461570905,0.45774626150905773
torch_dist,torch_dist,dist_gemm_add_relu,strong,4,1,466465592,161975130,1.0,2.879859346308288,4.0,0.719964836577072,0.45774626150905773
torch_dist,torch_dist,dist_gemm_add_relu,strong,4,1,466465592,163772024,1.0,2.84826175195832,4.0,0.71206543798958,0.45774626150905773
torch_dist,torch_dist,dist_gemm_add_relu,strong,8,2,466465592,153703406,1.0,3.0348422597739964,8.0,0.37935528247174954,0.45774626150905773
torch_dist,torch_dist,dist_gemm_add_relu,strong,8,2,466465592,294182539,1.0,1.5856331704309616,8.0,0.1982041463038702,0.45774626150905773
torch_dist,torch_dist,dist_gemm_add_relu,strong,16,4,466465592,215633072,1.0,2.163237705948928,16.0,0.135202356621808,0.45774626150905773
torch_dist,torch_dist,dist_gemm_add_relu,strong,16,4,466465592,214985676,1.0,2.169751960591086,16.0,0.13560949753694287,0.45774626150905773
torch_dist,torch_dist,dist_gemm_add_relu,weak,1,1,466465592,449628904,1.0,1.0374457421447265,1.0,1.0374457421447265,0.8369020515626523
torch_dist,torch_dist,dist_gemm_add_relu,weak,1,1,466465592,466465592,1.0,1.0,1.0,1.0,0.8369020515626523
torch_dist,torch_dist,dist_gemm_add_relu,weak,2,1,466465592,551579684,2.0,0.8456903064616862,1.0,0.8456903064616862,0.8369020515626523
torch_dist,torch_dist,dist_gemm_add_relu,weak,2,1,466465592,558943092,2.0,0.8345493462150169,1.0,0.8345493462150169,0.8369020515626523
torch_dist,torch_dist,dist_gemm_add_relu,weak,4,1,466465592,506104410,4.0,0.9216785761657362,1.0,0.9216785761657362,0.8369020515626523
torch_dist,torch_dist,dist_gemm_add_relu,weak,4,1,466465592,503359079,4.0,0.9267054304984533,1.0,0.9267054304984533,0.8369020515626523
torch_dist,torch_dist,dist_gemm_add_relu,weak,8,2,466465592,563164324,8.0,0.8282939314884584,1.0,0.8282939314884584,0.8369020515626523
torch_dist,torch_dist,dist_gemm_add_relu,weak,8,2,466465592,555037260,8.0,0.8404221222913936,1.0,0.8404221222913936,0.8369020515626523
torch_dist,torch_dist,dist_gemm_add_relu,weak,16,4,466465592,638778388,16.0,0.7302463589297263,1.0,0.7302463589297263,0.8369020515626523
torch_dist,torch_dist,dist_gemm_add_relu,weak,16,4,466465592,879781068,16.0,0.5302064444969393,1.0,0.5302064444969393,0.8369020515626523
torch_dist,torch_dist,dist_gemm_gn_swish,strong,1,1,153054185,152195893,1.0,1.0056393900195455,1.0,1.0056393900195455,0.42424881494084515
torch_dist,torch_dist,dist_gemm_gn_swish,strong,1,1,153054185,153054185,1.0,1.0,1.0,1.0,0.42424881494084515
torch_dist,torch_dist,dist_gemm_gn_swish,strong,2,1,153054185,102389798,1.0,1.4948187025430013,2.0,0.7474093512715007,0.42424881494084515
torch_dist,torch_dist,dist_gemm_gn_swish,strong,2,1,153054185,106074419,1.0,1.4428943985071463,2.0,0.7214471992535731,0.42424881494084515
torch_dist,torch_dist,dist_gemm_gn_swish,strong,4,1,153054185,58880798,1.0,2.599390466820779,4.0,0.6498476167051948,0.42424881494084515
torch_dist,torch_dist,dist_gemm_gn_swish,strong,4,1,153054185,59846833,1.0,2.5574316522312883,4.0,0.6393579130578221,0.42424881494084515
torch_dist,torch_dist,dist_gemm_gn_swish,strong,8,2,153054185,69725219,1.0,2.1951051168444518,8.0,0.27438813960555647,0.42424881494084515
torch_dist,torch_dist,dist_gemm_gn_swish,strong,8,2,153054185,69976248,1.0,2.187230515702985,8.0,0.27340381446287315,0.42424881494084515
torch_dist,torch_dist,dist_gemm_gn_swish,strong,16,4,153054185,63562718,1.0,2.4079238556161178,16.0,0.15049524097600736,0.42424881494084515
torch_dist,torch_dist,dist_gemm_gn_swish,strong,16,4,153054185,128816783,1.0,1.1881540699553101,16.0,0.07425962937220688,0.42424881494084515
torch_dist,torch_dist,dist_gemm_gn_swish,weak,1,1,153054185,152195893,1.0,1.0056393900195455,1.0,1.0056393900195455,0.8540184833715753
torch_dist,torch_dist,dist_gemm_gn_swish,weak,1,1,153054185,153054185,1.0,1.0,1.0,1.0,0.8540184833715753
torch_dist,torch_dist,dist_gemm_gn_swish,weak,2,1,153054185,168367855,2.0,0.9090463556716334,1.0,0.9090463556716334,0.8540184833715753
torch_dist,torch_dist,dist_gemm_gn_swish,weak,2,1,153054185,175100237,2.0,0.8740946764109748,1.0,0.8740946764109748,0.8540184833715753
torch_dist,torch_dist,dist_gemm_gn_swish,weak,4,1,153054185,157584056,4.0,0.9712542555701194,1.0,0.9712542555701194,0.8540184833715753
torch_dist,torch_dist,dist_gemm_gn_swish,weak,4,1,153054185,164440348,4.0,0.9307580947225921,1.0,0.9307580947225921,0.8540184833715753
torch_dist,torch_dist,dist_gemm_gn_swish,weak,8,2,153054185,192826569,8.0,0.7937401250965577,1.0,0.7937401250965577,0.8540184833715753
torch_dist,torch_dist,dist_gemm_gn_swish,weak,8,2,153054185,194201842,8.0,0.7881191209298622,1.0,0.7881191209298622,0.8540184833715753
torch_dist,torch_dist,dist_gemm_gn_swish,weak,16,4,153054185,197835066,16.0,0.7736453809457622,1.0,0.7736453809457622,0.8540184833715753
torch_dist,torch_dist,dist_gemm_gn_swish,weak,16,4,153054185,259263382,16.0,0.5903424688026325,1.0,0.5903424688026325,0.8540184833715753
torch_dist,torch_dist,dist_layer_norm,strong,1,1,7069180,7211548,1.0,0.9802583301116488,1.0,0.9802583301116488,0.760667303300147
torch_dist,torch_dist,dist_layer_norm,strong,1,1,7069180,7069180,1.0,1.0,1.0,1.0,0.760667303300147
torch_dist,torch_dist,dist_layer_norm,strong,2,1,7069180,3737328,1.0,1.8915064452464434,2.0,0.9457532226232217,0.760667303300147
torch_dist,torch_dist,dist_layer_norm,strong,2,1,7069180,3864096,1.0,1.8294524773711627,2.0,0.9147262386855813,0.760667303300147
torch_dist,torch_dist,dist_layer_norm,strong,4,1,7069180,2263260,1.0,3.1234502443378136,4.0,0.7808625610844534,0.760667303300147
torch_dist,torch_dist,dist_layer_norm,strong,4,1,7069180,2308358,1.0,3.062427924957914,4.0,0.7656069812394785,0.760667303300147
torch_dist,torch_dist,dist_layer_norm,strong,8,2,7069180,1314033,1.0,5.3797583470125945,8.0,0.6724697933765743,0.760667303300147
torch_dist,torch_dist,dist_layer_norm,strong,8,2,7069180,1294035,1.0,5.4628970622896595,8.0,0.6828621327862074,0.760667303300147
torch_dist,torch_dist,dist_layer_norm,strong,16,4,7069180,835068,1.0,8.465394434944221,16.0,0.5290871521840138,0.760667303300147
torch_dist,torch_dist,dist_layer_norm,strong,16,4,7069180,839121,1.0,8.424506120094717,16.0,0.5265316325059198,0.760667303300147
torch_dist,torch_dist,dist_layer_norm,weak,1,1,7069180,7211548,1.0,0.9802583301116488,1.0,0.9802583301116488,0.9548070650590272
torch_dist,torch_dist,dist_layer_norm,weak,1,1,7069180,7069180,1.0,1.0,1.0,1.0,0.9548070650590272
torch_dist,torch_dist,dist_layer_norm,weak,2,1,7069180,7006023,2.0,1.0090146720900002,1.0,1.0090146720900002,0.9548070650590272
torch_dist,torch_dist,dist_layer_norm,weak,2,1,7069180,7111034,2.0,0.9941142174260452,1.0,0.9941142174260452,0.9548070650590272
torch_dist,torch_dist,dist_layer_norm,weak,4,1,7069180,7447418,4.0,0.9492121967640329,1.0,0.9492121967640329,0.9548070650590272
torch_dist,torch_dist,dist_layer_norm,weak,4,1,7069180,7452269,4.0,0.9485943140270433,1.0,0.9485943140270433,0.9548070650590272
torch_dist,torch_dist,dist_layer_norm,weak,8,2,7069180,7494135,8.0,0.9432949900155255,1.0,0.9432949900155255,0.9548070650590272
torch_dist,torch_dist,dist_layer_norm,weak,8,2,7069180,7788501,8.0,0.9076432037435702,1.0,0.9076432037435702,0.9548070650590272
torch_dist,torch_dist,dist_layer_norm,weak,16,4,7069180,7781909,16.0,0.9084120618732499,1.0,0.9084120618732499,0.9548070650590272
torch_dist,torch_dist,dist_layer_norm,weak,16,4,7069180,7729947,16.0,0.9145185600884457,1.0,0.9145185600884457,0.9548070650590272
torch_dist,torch_dist,dist_matmul_gelu_softmax,strong,1,1,132591218,124386512,1.0,1.065961380121343,1.0,1.065961380121343,0.4273978887206372
torch_dist,torch_dist,dist_matmul_gelu_softmax,strong,1,1,132591218,132591218,1.0,1.0,1.0,1.0,0.4273978887206372
torch_dist,torch_dist,dist_matmul_gelu_softmax,strong,2,1,132591218,96759256,1.0,1.3703207680720488,2.0,0.6851603840360244,0.4273978887206372
torch_dist,torch_dist,dist_matmul_gelu_softmax,strong,2,1,132591218,96230526,1.0,1.3778498727108692,2.0,0.6889249363554346,0.4273978887206372
torch_dist,torch_dist,dist_matmul_gelu_softmax,strong,4,1,132591218,53627897,1.0,2.4724299369785094,4.0,0.6181074842446274,0.4273978887206372
torch_dist,torch_dist,dist_matmul_gelu_softmax,strong,4,1,132591218,56616308,1.0,2.3419262520615085,4.0,0.5854815630153771,0.4273978887206372
torch_dist,torch_dist,dist_matmul_gelu_softmax,strong,8,2,132591218,69092196,1.0,1.9190476736330684,8.0,0.23988095920413355,0.4273978887206372
torch_dist,torch_dist,dist_matmul_gelu_softmax,strong,8,2,132591218,66790380,1.0,1.9851843633768815,8.0,0.2481480454221102,0.4273978887206372
torch_dist,torch_dist,dist_matmul_gelu_softmax,strong,16,4,132591218,58932144,1.0,2.2498963893117483,16.0,0.14061852433198427,0.4273978887206372
torch_dist,torch_dist,dist_matmul_gelu_softmax,strong,16,4,132591218,62101640,1.0,2.1350678983679012,16.0,0.13344174364799383,0.4273978887206372
torch_dist,torch_dist,dist_matmul_gelu_softmax,weak,1,1,132591218,124386512,1.0,1.065961380121343,1.0,1.065961380121343,0.8590406775930406
torch_dist,torch_dist,dist_matmul_gelu_softmax,weak,1,1,132591218,132591218,1.0,1.0,1.0,1.0,0.8590406775930406
torch_dist,torch_dist,dist_matmul_gelu_softmax,weak,2,1,132591218,149306692,2.0,0.8880460495367481,1.0,0.8880460495367481,0.8590406775930406
torch_dist,torch_dist,dist_matmul_gelu_softmax,weak,2,1,132591218,154889732,2.0,0.8560362025805558,1.0,0.8560362025805558,0.8590406775930406
torch_dist,torch_dist,dist_matmul_gelu_softmax,weak,4,1,132591218,144118584,4.0,0.9200147151043339,1.0,0.9200147151043339,0.8590406775930406
torch_dist,torch_dist,dist_matmul_gelu_softmax,weak,4,1,132591218,147769228,4.0,0.8972857190537668,1.0,0.8972857190537668,0.8590406775930406
torch_dist,torch_dist,dist_matmul_gelu_softmax,weak,8,2,132591218,174213246,8.0,0.7610857443067217,1.0,0.7610857443067217,0.8590406775930406
torch_dist,torch_dist,dist_matmul_gelu_softmax,weak,8,2,132591218,174272664,8.0,0.760826253278598,1.0,0.760826253278598,0.8590406775930406
torch_dist,torch_dist,dist_matmul_gelu_softmax,weak,16,4,132591218,176964261,16.0,0.7492542124084591,1.0,0.7492542124084591,0.8590406775930406
torch_dist,torch_dist,dist_matmul_gelu_softmax,weak,16,4,132591218,175841086,16.0,0.7540400313496699,1.0,0.7540400313496699,0.8590406775930406
torch_dist,torch_dist,dist_matmul_large_k,strong,1,1,154948078,152034744,1.0,1.0191622909563356,1.0,1.0191622909563356,0.9328468957243938
torch_dist,torch_dist,dist_matmul_large_k,strong,1,1,154948078,154948078,1.0,1.0,1.0,1.0,0.9328468957243938
torch_dist,torch_dist,dist_matmul_large_k,strong,2,1,154948078,77097744,1.0,2.0097615048243176,2.0,1.0048807524121588,0.9328468957243938
torch_dist,torch_dist,dist_matmul_large_k,strong,2,1,154948078,76874308,1.0,2.0156028981750316,2.0,1.0078014490875158,0.9328468957243938
torch_dist,torch_dist,dist_matmul_large_k,strong,4,1,154948078,38904095,1.0,3.9828218083469107,4.0,0.9957054520867277,0.9328468957243938
torch_dist,torch_dist,dist_matmul_large_k,strong,4,1,154948078,39064544,1.0,3.9664632460576015,4.0,0.9916158115144004,0.9328468957243938
torch_dist,torch_dist,dist_matmul_large_k,strong,8,2,154948078,20725645,1.0,7.476152274151178,8.0,0.9345190342688973,0.9328468957243938
torch_dist,torch_dist,dist_matmul_large_k,strong,8,2,154948078,20853726,1.0,7.430234673650167,8.0,0.9287793342062709,0.9328468957243938
torch_dist,torch_dist,dist_matmul_large_k,strong,16,4,154948078,13165806,1.0,11.768977759508228,16.0,0.7355611099692643,0.9328468957243938
torch_dist,torch_dist,dist_matmul_large_k,strong,16,4,154948078,12626679,1.0,12.271483103355997,16.0,0.7669676939597498,0.9328468957243938
torch_dist,torch_dist,dist_matmul_large_k,weak,1,1,154948078,152034744,1.0,1.0191622909563356,1.0,1.0191622909563356,0.9753649569134522
torch_dist,torch_dist,dist_matmul_large_k,weak,1,1,154948078,154948078,1.0,1.0,1.0,1.0,0.9753649569134522
torch_dist,torch_dist,dist_matmul_large_k,weak,2,1,154948078,154243142,2.0,1.004570290716718,1.0,1.004570290716718,0.9753649569134522
torch_dist,torch_dist,dist_matmul_large_k,weak,2,1,154948078,155859217,2.0,0.9941540897128978,1.0,0.9941540897128978,0.9753649569134522
torch_dist,torch_dist,dist_matmul_large_k,weak,4,1,154948078,154865384,4.0,1.0005339734281742,1.0,1.0005339734281742,0.9753649569134522
torch_dist,torch_dist,dist_matmul_large_k,weak,4,1,154948078,155792445,4.0,0.9945801800594374,1.0,0.9945801800594374,0.9753649569134522
torch_dist,torch_dist,dist_matmul_large_k,weak,8,2,154948078,157344214,8.0,0.9847713751965483,1.0,0.9847713751965483,0.9753649569134522
torch_dist,torch_dist,dist_matmul_large_k,weak,8,2,154948078,158029512,8.0,0.9805008953011258,1.0,0.9805008953011258,0.9753649569134522
torch_dist,torch_dist,dist_matmul_large_k,weak,16,4,154948078,189755030,16.0,0.8165690153246531,1.0,0.8165690153246531,0.9753649569134522
torch_dist,torch_dist,dist_matmul_large_k,weak,16,4,154948078,158796176,16.0,0.9757670612924584,1.0,0.9757670612924584,0.9753649569134522
torch_dist,torch_dist,dist_moe_dispatch,strong,1,1,199119009,199119009,1.0,1.0,1.0,1.0,0.490006833503546
torch_dist,torch_dist,dist_moe_dispatch,strong,2,1,199119009,133220866,1.0,1.4946533150445067,2.0,0.7473266575222534,0.490006833503546
torch_dist,torch_dist,dist_moe_dispatch,strong,4,1,199119009,61210016,1.0,3.2530461844675878,4.0,0.8132615461168969,0.490006833503546
torch_dist,torch_dist,dist_moe_dispatch,strong,8,2,199119009,91745578,1.0,2.170339032579859,8.0,0.2712923790724824,0.490006833503546
torch_dist,torch_dist,dist_moe_dispatch,strong,16,4,199119009,72637412,1.0,2.741273450105849,16.0,0.17132959063161557,0.490006833503546
torch_dist,torch_dist,dist_moe_dispatch,weak,1,1,199119009,199119009,1.0,1.0,1.0,1.0,0.503010165539442
torch_dist,torch_dist,dist_moe_dispatch,weak,2,1,199119009,267323404,2.0,0.7448618640214532,1.0,0.7448618640214532,0.503010165539442
torch_dist,torch_dist,dist_moe_dispatch,weak,4,1,199119009,244142466,4.0,0.8155853107504861,1.0,0.8155853107504861,0.503010165539442
torch_dist,torch_dist,dist_moe_dispatch,weak,8,2,199119009,682169884,8.0,0.291890647286329,1.0,0.291890647286329,0.503010165539442
torch_dist,torch_dist,dist_moe_dispatch,weak,16,4,199119009,1096463620,16.0,0.18160110866241053,1.0,0.18160110866241053,0.503010165539442
torch_dist,torch_dist,dist_moe_router,strong,1,1,70942614,72967734,1.0,0.9722463630294453,1.0,0.9722463630294453,0.9301840190982041
torch_dist,torch_dist,dist_moe_router,strong,1,1,70942614,70942614,1.0,1.0,1.0,1.0,0.9301840190982041
torch_dist,torch_dist,dist_moe_router,strong,2,1,70942614,37689999,1.0,1.8822662744034564,2.0,0.9411331372017282,0.9301840190982041
torch_dist,torch_dist,dist_moe_router,strong,2,1,70942614,36764516,1.0,1.9296490670515014,2.0,0.9648245335257507,0.9301840190982041
torch_dist,torch_dist,dist_moe_router,strong,4,1,70942614,18765448,1.0,3.780491358373112,4.0,0.945122839593278,0.9301840190982041
torch_dist,torch_dist,dist_moe_router,strong,4,1,70942614,18988496,1.0,3.7360838899510527,4.0,0.9340209724877632,0.9301840190982041
torch_dist,torch_dist,dist_moe_router,strong,8,2,70942614,9567854,1.0,7.4146840033303185,8.0,0.9268355004162898,0.9301840190982041
torch_dist,torch_dist,dist_moe_router,strong,8,2,70942614,9676729,1.0,7.3312597676342905,8.0,0.9164074709542863,0.9301840190982041
torch_dist,torch_dist,dist_moe_router,strong,16,4,70942614,5194853,1.0,13.656327522645974,16.0,0.8535204701653734,0.9301840190982041
torch_dist,torch_dist,dist_moe_router,strong,16,4,70942614,5165642,1.0,13.733552189640706,16.0,0.8583470118525441,0.9301840190982041
torch_dist,torch_dist,dist_moe_router,weak,1,1,70942614,72967734,1.0,0.9722463630294453,1.0,0.9722463630294453,0.9447626227527515
torch_dist,torch_dist,dist_moe_router,weak,1,1,70942614,70942614,1.0,1.0,1.0,1.0,0.9447626227527515
torch_dist,torch_dist,dist_moe_router,weak,2,1,70942614,73962390,2.0,0.9591714653893688,1.0,0.9591714653893688,0.9447626227527515
torch_dist,torch_dist,dist_moe_router,weak,2,1,70942614,74103978,2.0,0.9573388084510119,1.0,0.9573388084510119,0.9447626227527515
torch_dist,torch_dist,dist_moe_router,weak,4,1,70942614,75085193,4.0,0.9448282832541963,1.0,0.9448282832541963,0.9447626227527515
torch_dist,torch_dist,dist_moe_router,weak,4,1,70942614,75639278,4.0,0.937907075210316,1.0,0.937907075210316,0.9447626227527515
torch_dist,torch_dist,dist_moe_router,weak,8,2,70942614,76133546,8.0,0.9318180713663331,1.0,0.9318180713663331,0.9447626227527515
torch_dist,torch_dist,dist_moe_router,weak,8,2,70942614,76607958,8.0,0.9260475785035284,1.0,0.9260475785035284,0.9447626227527515
torch_dist,torch_dist,dist_moe_router,weak,16,4,70942614,78069582,16.0,0.9087100530396076,1.0,0.9087100530396076,0.9447626227527515
torch_dist,torch_dist,dist_moe_router,weak,16,4,70942614,77682082,16.0,0.9132429535037436,1.0,0.9132429535037436,0.9447626227527515
torch_dist,torch_dist,dist_rmsnorm,strong,1,1,9947438,10396285,1.0,0.9568262124403092,1.0,0.9568262124403092,0.7359381017995534
torch_dist,torch_dist,dist_rmsnorm,strong,1,1,9947438,9947438,1.0,1.0,1.0,1.0,0.7359381017995534
torch_dist,torch_dist,dist_rmsnorm,strong,2,1,9947438,5336205,1.0,1.8641409016332768,2.0,0.9320704508166384,0.7359381017995534
torch_dist,torch_dist,dist_rmsnorm,strong,2,1,9947438,5256367,1.0,1.8924549979101535,2.0,0.9462274989550767,0.7359381017995534
torch_dist,torch_dist,dist_rmsnorm,strong,4,1,9947438,2855162,1.0,3.484018770213389,4.0,0.8710046925533472,0.7359381017995534
torch_dist,torch_dist,dist_rmsnorm,strong,4,1,9947438,3073784,1.0,3.2362189405631625,4.0,0.8090547351407906,0.7359381017995534
torch_dist,torch_dist,dist_rmsnorm,strong,8,2,9947438,1902188,1.0,5.22947153488509,8.0,0.6536839418606363,0.7359381017995534
torch_dist,torch_dist,dist_rmsnorm,strong,8,2,9947438,2030978,1.0,4.897856106762358,8.0,0.6122320133452948,0.7359381017995534
torch_dist,torch_dist,dist_rmsnorm,strong,16,4,9947438,1434290,1.0,6.935444017597557,16.0,0.4334652510998473,0.7359381017995534
torch_dist,torch_dist,dist_rmsnorm,strong,16,4,9947438,1376234,1.0,7.22801355002129,16.0,0.4517508468763306,0.7359381017995534
torch_dist,torch_dist,dist_rmsnorm,weak,1,1,9947438,10396285,1.0,0.9568262124403092,1.0,0.9568262124403092,0.9296525426307419
torch_dist,torch_dist,dist_rmsnorm,weak,1,1,9947438,9947438,1.0,1.0,1.0,1.0,0.9296525426307419
torch_dist,torch_dist,dist_rmsnorm,weak,2,1,9947438,10928156,2.0,0.9102576866582066,1.0,0.9102576866582066,0.9296525426307419
torch_dist,torch_dist,dist_rmsnorm,weak,2,1,9947438,10082710,2.0,0.9865837656741094,1.0,0.9865837656741094,0.9296525426307419
torch_dist,torch_dist,dist_rmsnorm,weak,4,1,9947438,10887032,4.0,0.9136960376344995,1.0,0.9136960376344995,0.9296525426307419
torch_dist,torch_dist,dist_rmsnorm,weak,4,1,9947438,10624994,4.0,0.9362299875181106,1.0,0.9362299875181106,0.9296525426307419
torch_dist,torch_dist,dist_rmsnorm,weak,8,2,9947438,10668980,8.0,0.9323701047335359,1.0,0.9323701047335359,0.9296525426307419
torch_dist,torch_dist,dist_rmsnorm,weak,8,2,9947438,10925012,8.0,0.910519640619159,1.0,0.910519640619159,0.9296525426307419
torch_dist,torch_dist,dist_rmsnorm,weak,16,4,9947438,11196388,16.0,0.8884506324718293,1.0,0.8884506324718293,0.9296525426307419
torch_dist,torch_dist,dist_rmsnorm,weak,16,4,9947438,11437504,16.0,0.8697210510265176,1.0,0.8697210510265176,0.9296525426307419
torch_dist,torch_dist,dist_sdpa,strong,1,1,73634178,73908791,1.0,0.996284433877426,1.0,0.996284433877426,0.2808933626129208
torch_dist,torch_dist,dist_sdpa,strong,1,1,73634178,73634178,1.0,1.0,1.0,1.0,0.2808933626129208
torch_dist,torch_dist,dist_sdpa,strong,2,1,73634178,72400310,1.0,1.017042302719422,2.0,0.508521151359711,0.2808933626129208
torch_dist,torch_dist,dist_sdpa,strong,2,1,73634178,71271673,1.0,1.033147881908146,2.0,0.516573940954073,0.2808933626129208
torch_dist,torch_dist,dist_sdpa,strong,4,1,73634178,45718242,1.0,1.6106082556717731,4.0,0.4026520639179433,0.2808933626129208
torch_dist,torch_dist,dist_sdpa,strong,4,1,73634178,43521478,1.0,1.6919043512263072,4.0,0.4229760878065768,0.2808933626129208
torch_dist,torch_dist,dist_sdpa,strong,8,2,73634178,60393356,1.0,1.2192430240174101,8.0,0.15240537800217627,0.2808933626129208
torch_dist,torch_dist,dist_sdpa,strong,8,2,73634178,59922242,1.0,1.2288288211913032,8.0,0.1536036026489129,0.2808933626129208
torch_dist,torch_dist,dist_sdpa,strong,16,4,73634178,57934690,1.0,1.2709859671295385,16.0,0.07943662294559616,0.2808933626129208
torch_dist,torch_dist,dist_sdpa,strong,16,4,73634178,124749198,1.0,0.5902577265466669,16.0,0.03689110790916668,0.2808933626129208
torch_dist,torch_dist,dist_sdpa,weak,1,1,73634178,73908791,1.0,0.996284433877426,1.0,0.996284433877426,0.478386600354539
torch_dist,torch_dist,dist_sdpa,weak,1,1,73634178,73634178,1.0,1.0,1.0,1.0,0.478386600354539
torch_dist,torch_dist,dist_sdpa,weak,2,1,73634178,109368060,1.9775390625,0.6732694901966808,1.011358024691358,0.6657083582266985,0.478386600354539
torch_dist,torch_dist,dist_sdpa,weak,2,1,73634178,110563524,1.9775390625,0.6659897888204069,1.011358024691358,0.6585104113092403,0.478386600354539
torch_dist,torch_dist,dist_sdpa,weak,4,1,73634178,118907899,4.0,0.6192538815272483,1.0,0.6192538815272483,0.478386600354539
torch_dist,torch_dist,dist_sdpa,weak,4,1,73634178,118492812,4.0,0.6214231627822285,1.0,0.6214231627822285,0.478386600354539
torch_dist,torch_dist,dist_sdpa,weak,8,2,73634178,242305704,8.265625,0.3038895774405707,0.9678638941398866,0.31397966106652714,0.478386600354539
torch_dist,torch_dist,dist_sdpa,weak,8,2,73634178,441301182,8.265625,0.16685696980526102,0.9678638941398866,0.1723971426308263,0.478386600354539
torch_dist,torch_dist,dist_sdpa,weak,16,4,73634178,264837936,16.0,0.27803485826894525,1.0,0.27803485826894525,0.478386600354539
torch_dist,torch_dist,dist_sdpa,weak,16,4,73634178,296692372,16.0,0.24818358997109638,1.0,0.24818358997109638,0.478386600354539
torch_dist,torch_dist,dist_softmax,strong,1,1,7592488,7433698,1.0,1.0213608354818826,1.0,1.0213608354818826,0.7403332199068046
torch_dist,torch_dist,dist_softmax,strong,1,1,7592488,7592488,1.0,1.0,1.0,1.0,0.7403332199068046
torch_dist,torch_dist,dist_softmax,strong,2,1,7592488,3637579,1.0,2.0872365933495876,2.0,1.0436182966747938,0.7403332199068046
torch_dist,torch_dist,dist_softmax,strong,2,1,7592488,3663707,1.0,2.072351309752663,2.0,1.0361756548763315,0.7403332199068046
torch_dist,torch_dist,dist_softmax,strong,4,1,7592488,2052600,1.0,3.6989613173536005,4.0,0.9247403293384001,0.7403332199068046
torch_dist,torch_dist,dist_softmax,strong,4,1,7592488,2004782,1.0,3.787188831503874,4.0,0.9467972078759685,0.7403332199068046
torch_dist,torch_dist,dist_softmax,strong,8,2,7592488,1638130,1.0,4.634850713923804,8.0,0.5793563392404755,0.7403332199068046
torch_dist,torch_dist,dist_softmax,strong,8,2,7592488,1715680,1.0,4.4253520470017715,8.0,0.5531690058752214,0.7403332199068046
torch_dist,torch_dist,dist_softmax,strong,16,4,7592488,1211781,1.0,6.265561186385989,16.0,0.39159757414912433,0.7403332199068046
torch_dist,torch_dist,dist_softmax,strong,16,4,7592488,1164304,1.0,6.521052920886642,16.0,0.4075658075554151,0.7403332199068046
torch_dist,torch_dist,dist_softmax,weak,1,1,7592488,7433698,1.0,1.0213608354818826,1.0,1.0213608354818826,0.9844207451045918
torch_dist,torch_dist,dist_softmax,weak,1,1,7592488,7592488,1.0,1.0,1.0,1.0,0.9844207451045918
torch_dist,torch_dist,dist_softmax,weak,2,1,7592488,7540282,2.0,1.0069236137322186,1.0,1.0069236137322186,0.9844207451045918
torch_dist,torch_dist,dist_softmax,weak,2,1,7592488,7545736,2.0,1.0061958170813292,1.0,1.0061958170813292,0.9844207451045918
torch_dist,torch_dist,dist_softmax,weak,4,1,7592488,7527890,4.0,1.0085811562071179,1.0,1.0085811562071179,0.9844207451045918
torch_dist,torch_dist,dist_softmax,weak,4,1,7592488,7464443,4.0,1.0171539926019932,1.0,1.0171539926019932,0.9844207451045918
torch_dist,torch_dist,dist_softmax,weak,8,2,7592488,7841486,8.0,0.9682460696862814,1.0,0.9682460696862814,0.9844207451045918
torch_dist,torch_dist,dist_softmax,weak,8,2,7592488,7760289,8.0,0.9783769650846766,1.0,0.9783769650846766,0.9844207451045918
torch_dist,torch_dist,dist_softmax,weak,16,4,7592488,8158798,16.0,0.9305890401993039,1.0,0.9305890401993039,0.9844207451045918
torch_dist,torch_dist,dist_softmax,weak,16,4,7592488,8313468,16.0,0.9132756630566209,1.0,0.9132756630566209,0.9844207451045918
torch_dist,torch_dist,dist_split_kv_decode,strong,1,1,3964426,4017259,1.0,0.9868484954542388,1.0,0.9868484954542388,0.5361656386149689
torch_dist,torch_dist,dist_split_kv_decode,strong,1,1,3964426,3964426,1.0,1.0,1.0,1.0,0.5361656386149689
torch_dist,torch_dist,dist_split_kv_decode,strong,2,1,3964426,2086912,1.0,1.8996613177747792,2.0,0.9498306588873896,0.5361656386149689
torch_dist,torch_dist,dist_split_kv_decode,strong,2,1,3964426,2183259,1.0,1.8158294549570162,2.0,0.9079147274785081,0.5361656386149689
torch_dist,torch_dist,dist_split_kv_decode,strong,4,1,3964426,1345795,1.0,2.9457874341931722,4.0,0.7364468585482931,0.5361656386149689
torch_dist,torch_dist,dist_split_kv_decode,strong,4,1,3964426,1431249,1.0,2.769906564126857,4.0,0.6924766410317142,0.5361656386149689
torch_dist,torch_dist,dist_split_kv_decode,strong,8,2,3964426,987458,1.0,4.014779362767834,8.0,0.5018474203459793,0.5361656386149689
torch_dist,torch_dist,dist_split_kv_decode,strong,8,2,3964426,1015792,1.0,3.902793091499047,8.0,0.48784913643738087,0.5361656386149689
torch_dist,torch_dist,dist_split_kv_decode,strong,16,4,3964426,1086280,1.0,3.649543395809552,16.0,0.228096462238097,0.5361656386149689
torch_dist,torch_dist,dist_split_kv_decode,strong,16,4,3964426,3058684,1.0,1.2961214692331735,16.0,0.08100759182707334,0.5361656386149689
torch_dist,torch_dist,dist_split_kv_decode,weak,1,1,3964426,4017259,1.0,0.9868484954542388,1.0,0.9868484954542388,0.865270410747336
torch_dist,torch_dist,dist_split_kv_decode,weak,1,1,3964426,3964426,1.0,1.0,1.0,1.0,0.865270410747336
torch_dist,torch_dist,dist_split_kv_decode,weak,2,1,3964426,4333937,2.0,0.9147401081280139,1.0,0.9147401081280139,0.865270410747336
torch_dist,torch_dist,dist_split_kv_decode,weak,2,1,3964426,4333116,2.0,0.9149134248886944,1.0,0.9149134248886944,0.865270410747336
torch_dist,torch_dist,dist_split_kv_decode,weak,4,1,3964426,4359990,4.0,0.9092741038396877,1.0,0.9092741038396877,0.865270410747336
torch_dist,torch_dist,dist_split_kv_decode,weak,4,1,3964426,4575722,4.0,0.8664044712506572,1.0,0.8664044712506572,0.865270410747336
torch_dist,torch_dist,dist_split_kv_decode,weak,8,2,3964426,4879250,8.0,0.8125072500896654,1.0,0.8125072500896654,0.865270410747336
torch_dist,torch_dist,dist_split_kv_decode,weak,8,2,3964426,5065576,8.0,0.7826209694613209,1.0,0.7826209694613209,0.865270410747336
torch_dist,torch_dist,dist_split_kv_decode,weak,16,4,3964426,5232835,16.0,0.7576057720145963,1.0,0.7576057720145963,0.865270410747336
torch_dist,torch_dist,dist_split_kv_decode,weak,16,4,3964426,5282354,16.0,0.7505036580282199,1.0,0.7505036580282199,0.865270410747336
torch_dist,torch_dist,dist_sync_batchnorm,strong,1,1,12841990,12615836,1.0,1.0179262000552323,1.0,1.0179262000552323,0.8354168227452892
torch_dist,torch_dist,dist_sync_batchnorm,strong,1,1,12841990,12841990,1.0,1.0,1.0,1.0,0.8354168227452892
torch_dist,torch_dist,dist_sync_batchnorm,strong,2,1,12841990,6408073,1.0,2.0040330377010376,2.0,1.0020165188505188,0.8354168227452892
torch_dist,torch_dist,dist_sync_batchnorm,strong,2,1,12841990,6451522,1.0,1.9905364966592378,2.0,0.9952682483296189,0.8354168227452892
torch_dist,torch_dist,dist_sync_batchnorm,strong,4,1,12841990,3416102,1.0,3.75925250475542,4.0,0.939813126188855,0.8354168227452892
torch_dist,torch_dist,dist_sync_batchnorm,strong,4,1,12841990,3534464,1.0,3.63336279560352,4.0,0.90834069890088,0.8354168227452892
torch_dist,torch_dist,dist_sync_batchnorm,strong,8,2,12841990,2059214,1.0,6.236355230685106,8.0,0.7795444038356383,0.8354168227452892
torch_dist,torch_dist,dist_sync_batchnorm,strong,8,2,12841990,2143158,1.0,5.9920873775988515,8.0,0.7490109221998564,0.8354168227452892
torch_dist,torch_dist,dist_sync_batchnorm,strong,16,4,12841990,1435014,1.0,8.949034643564453,16.0,0.5593146652227783,0.8354168227452892
torch_dist,torch_dist,dist_sync_batchnorm,strong,16,4,12841990,1371788,1.0,9.361497549183985,16.0,0.5850935968239991,0.8354168227452892
torch_dist,torch_dist,dist_sync_batchnorm,weak,1,1,12841990,12615836,1.0,1.0179262000552323,1.0,1.0179262000552323,0.9721062964231442
torch_dist,torch_dist,dist_sync_batchnorm,weak,1,1,12841990,12841990,1.0,1.0,1.0,1.0,0.9721062964231442
torch_dist,torch_dist,dist_sync_batchnorm,weak,2,1,12841990,13110864,2.0,0.9794922744984618,1.0,0.9794922744984618,0.9721062964231442
torch_dist,torch_dist,dist_sync_batchnorm,weak,2,1,12841990,12812230,2.0,1.0023227806556705,1.0,1.0023227806556705,0.9721062964231442
torch_dist,torch_dist,dist_sync_batchnorm,weak,4,1,12841990,13124530,4.0,0.9784723719630342,1.0,0.9784723719630342,0.9721062964231442
torch_dist,torch_dist,dist_sync_batchnorm,weak,4,1,12841990,13409142,4.0,0.9577040797986925,1.0,0.9577040797986925,0.9721062964231442
torch_dist,torch_dist,dist_sync_batchnorm,weak,8,2,12841990,13300755,8.0,0.9655083489621454,1.0,0.9655083489621454,0.9721062964231442
torch_dist,torch_dist,dist_sync_batchnorm,weak,8,2,12841990,13312090,8.0,0.9646862363460583,1.0,0.9646862363460583,0.9721062964231442
torch_dist,torch_dist,dist_sync_batchnorm,weak,16,4,12841990,13745630,16.0,0.9342598338526499,1.0,0.9342598338526499,0.9721062964231442
torch_dist,torch_dist,dist_sync_batchnorm,weak,16,4,12841990,13887030,16.0,0.9247470481449237,1.0,0.9247470481449237,0.9721062964231442
torch_dist,torch_dist,dist_vocab_embedding,strong,1,1,24276124,24248120,1.0,1.001154893657735,1.0,1.001154893657735,0.07215680929192425
torch_dist,torch_dist,dist_vocab_embedding,strong,1,1,24276124,24276124,1.0,1.0,1.0,1.0,0.07215680929192425
torch_dist,torch_dist,dist_vocab_embedding,strong,2,1,24276124,107364014,1.0,0.2261104358486448,2.0,0.1130552179243224,0.07215680929192425
torch_dist,torch_dist,dist_vocab_embedding,strong,2,1,24276124,105926126,1.0,0.22917975873109908,2.0,0.11458987936554954,0.07215680929192425
torch_dist,torch_dist,dist_vocab_embedding,strong,4,1,24276124,43320894,1.0,0.5603791094431246,4.0,0.14009477736078116,0.07215680929192425
torch_dist,torch_dist,dist_vocab_embedding,strong,4,1,24276124,50163899,1.0,0.48393614698889337,4.0,0.12098403674722334,0.07215680929192425
torch_dist,torch_dist,dist_vocab_embedding,strong,8,2,24276124,154546834,1.0,0.1570794002806942,8.0,0.019634925035086775,0.07215680929192425
torch_dist,torch_dist,dist_vocab_embedding,strong,8,2,24276124,132590875,1.0,0.1830904577709439,8.0,0.022886307221367988,0.07215680929192425
torch_dist,torch_dist,dist_vocab_embedding,strong,16,4,24276124,201538287,1.0,0.12045415469865535,16.0,0.007528384668665959,0.07215680929192425
torch_dist,torch_dist,dist_vocab_embedding,strong,16,4,24276124,294904292,1.0,0.08231865272411837,16.0,0.005144915795257398,0.07215680929192425
torch_dist,torch_dist,dist_vocab_embedding,weak,1,1,24276124,24248120,1.0,1.001154893657735,1.0,1.001154893657735,0.08263618739860412
torch_dist,torch_dist,dist_vocab_embedding,weak,1,1,24276124,24276124,1.0,1.0,1.0,1.0,0.08263618739860412
torch_dist,torch_dist,dist_vocab_embedding,weak,2,1,24276124,214087665,2.0,0.11339338023047708,1.0,0.11339338023047708,0.08263618739860412
torch_dist,torch_dist,dist_vocab_embedding,weak,2,1,24276124,209426552,2.0,0.11591712592393728,1.0,0.11591712592393728,0.08263618739860412
torch_dist,torch_dist,dist_vocab_embedding,weak,4,1,24276124,164005756,4.0,0.1480199512022005,1.0,0.1480199512022005,0.08263618739860412
torch_dist,torch_dist,dist_vocab_embedding,weak,4,1,24276124,184297770,4.0,0.13172228833805205,1.0,0.13172228833805205,0.08263618739860412
torch_dist,torch_dist,dist_vocab_embedding,weak,8,2,24276124,882706016,8.0,0.027501935593469435,1.0,0.027501935593469435,0.08263618739860412
torch_dist,torch_dist,dist_vocab_embedding,weak,8,2,24276124,866036176,8.0,0.0280313047800442,1.0,0.0280313047800442,0.08263618739860412
torch_dist,torch_dist,dist_vocab_embedding,weak,16,4,24276124,1948561072,16.0,0.012458487623938327,1.0,0.012458487623938327,0.08263618739860412
torch_dist,torch_dist,dist_vocab_embedding,weak,16,4,24276124,4028697252,16.0,0.006025800024548482,1.0,0.006025800024548482,0.08263618739860412
