policy,baseline,arm_a,arm_b,n_a,n_b,n_both,n_only_a,n_only_b,n_neither,unmatched_ratio,matched_ratio,geomean_a_matched,geomean_b_matched,coverage_p,direction_flips
served,c,llr40v10-kimi27sglang-c,llr40v10-kimi27sglang-fortran,20,36,16,4,20,0,2.213,4.2168,12.0922,2.8676,0.0015,False
served,c,llr40v10-kimi27sglang-c,llr40v10-oss120b-c,20,40,20,0,20,0,1.552,1.5625,11.5627,7.4002,0.0,False
served,c,llr40v10-kimi27sglang-c,llr40v10-oss120b-fortran,20,40,20,0,20,0,1.9256,2.4547,11.5627,4.7104,0.0,False
served,c,llr40v10-kimi27sglang-c,llr40v10-qwen38-c,20,40,20,0,20,0,1.6405,1.1961,11.5627,9.6666,0.0,False
served,c,llr40v10-kimi27sglang-c,llr40v10-qwen38-fortran,20,36,16,4,20,0,2.1016,2.4793,12.6381,5.0975,0.0015,False
served,c,llr40v10-kimi27sglang-c,llr40v9-kimi27sglang-c,20,4,4,16,0,20,0.8155,0.8257,11.7074,14.179,0.0,False
served,c,llr40v10-kimi27sglang-c,llr40v9-kimi27sglang-c-skills,20,4,4,16,0,20,0.9467,0.9586,11.7074,12.2131,0.0,False
served,c,llr40v10-kimi27sglang-c,llr40v9-kimi27sglang-cpp,20,1,1,19,0,20,0.5615,0.7419,15.2776,20.592,0.0,False
served,c,llr40v10-kimi27sglang-c,llr40v9-kimi27sglang-fortran,20,6,5,15,1,19,1.2468,1.0385,11.6551,11.2226,0.0005,False
served,c,llr40v10-kimi27sglang-c,llr40v9-kimi27sglang-fortran-skills,20,3,3,17,0,20,1.0475,0.8472,9.3512,11.038,0.0,True
served,c,llr40v10-kimi27sglang-c,llr40v9-oss120b-c,20,6,5,15,1,19,3.1194,4.3956,11.6551,2.6515,0.0005,False
served,c,llr40v10-kimi27sglang-c,llr40v9-oss120b-c-skills,20,6,5,15,1,19,3.9543,4.1574,11.6551,2.8035,0.0005,False
served,c,llr40v10-kimi27sglang-c,llr40v9-oss120b-cpp,20,6,5,15,1,19,4.6444,5.0426,11.6551,2.3113,0.0005,False
served,c,llr40v10-kimi27sglang-c,llr40v9-oss120b-fortran,20,6,5,15,1,19,4.0338,4.2494,11.6551,2.7428,0.0005,False
served,c,llr40v10-kimi27sglang-c,llr40v9-oss120b-fortran-skills,20,6,5,15,1,19,3.4344,3.5104,11.6551,3.3201,0.0005,False
served,c,llr40v10-kimi27sglang-c,llr40v9-qwen38-c,20,4,4,16,0,20,0.8941,0.9053,11.7074,12.9322,0.0,False
served,c,llr40v10-kimi27sglang-c,llr40v9-qwen38-c-skills,20,3,3,17,0,20,2.3453,1.8967,9.3512,4.9302,0.0,False
served,c,llr40v10-kimi27sglang-c,llr40v9-qwen38-cpp,20,1,1,19,0,20,0.942,1.2447,15.2776,12.274,0.0,True
served,c,llr40v10-kimi27sglang-c,llr40v9-qwen38-fortran,20,4,4,16,0,20,1.1046,1.1184,11.7074,10.4675,0.0,False
served,c,llr40v10-kimi27sglang-c,llr40v9-qwen38-fortran-skills,20,3,3,17,0,20,0.8993,0.7273,9.3512,12.8574,0.0,False
served,c,llr40v10-kimi27sglang-fortran,llr40v10-oss120b-c,36,40,36,0,4,0,0.7013,0.6306,5.2248,8.285,0.125,False
served,c,llr40v10-kimi27sglang-fortran,llr40v10-oss120b-fortran,36,40,36,0,4,0,0.8701,0.8365,5.2248,6.2462,0.125,False
served,c,llr40v10-kimi27sglang-fortran,llr40v10-qwen38-c,36,40,36,0,4,0,0.7413,0.7146,5.2248,7.312,0.125,False
served,c,llr40v10-kimi27sglang-fortran,llr40v10-qwen38-fortran,36,36,34,2,2,2,0.9496,1.0665,5.7585,5.3994,1.0,True
served,c,llr40v10-kimi27sglang-fortran,llr40v9-kimi27sglang-c,36,4,3,33,1,3,0.3685,0.0545,1.0,18.335,0.0,False
served,c,llr40v10-kimi27sglang-fortran,llr40v9-kimi27sglang-c-skills,36,4,3,33,1,3,0.4278,0.0611,1.0,16.3797,0.0,False
served,c,llr40v10-kimi27sglang-fortran,llr40v9-kimi27sglang-cpp,36,1,1,35,0,4,0.2537,0.0486,1.0,20.592,0.0,False
served,c,llr40v10-kimi27sglang-fortran,llr40v9-kimi27sglang-fortran,36,6,4,32,2,2,0.5634,0.1374,1.3784,10.0341,0.0,False
served,c,llr40v10-kimi27sglang-fortran,llr40v9-kimi27sglang-fortran-skills,36,3,2,34,1,3,0.4733,0.0642,1.0,15.5847,0.0,False
served,c,llr40v10-kimi27sglang-fortran,llr40v9-oss120b-c,36,6,4,32,2,2,1.4096,0.3076,1.3784,4.4817,0.0,True
served,c,llr40v10-kimi27sglang-fortran,llr40v9-oss120b-c-skills,36,6,4,32,2,2,1.7868,0.2757,1.3784,5.0001,0.0,True
served,c,llr40v10-kimi27sglang-fortran,llr40v9-oss120b-cpp,36,6,4,32,2,2,2.0987,0.525,1.3784,2.6253,0.0,True
served,c,llr40v10-kimi27sglang-fortran,llr40v9-oss120b-fortran,36,6,4,32,2,2,1.8227,0.284,1.3784,4.8531,0.0,True
served,c,llr40v10-kimi27sglang-fortran,llr40v9-oss120b-fortran-skills,36,6,4,32,2,2,1.5519,0.4084,1.3784,3.3751,0.0,True
served,c,llr40v10-kimi27sglang-fortran,llr40v9-qwen38-c,36,4,3,33,1,3,0.404,0.0617,1.0,16.2175,0.0,False
served,c,llr40v10-kimi27sglang-fortran,llr40v9-qwen38-c-skills,36,3,2,34,1,3,1.0598,0.0914,1.0,10.9469,0.0,True
served,c,llr40v10-kimi27sglang-fortran,llr40v9-qwen38-cpp,36,1,1,35,0,4,0.4257,0.0815,1.0,12.274,0.0,False
served,c,llr40v10-kimi27sglang-fortran,llr40v9-qwen38-fortran,36,4,3,33,1,3,0.4991,0.0747,1.0,13.3794,0.0,False
served,c,llr40v10-kimi27sglang-fortran,llr40v9-qwen38-fortran-skills,36,3,2,34,1,3,0.4064,0.0651,1.0,15.3538,0.0,False
served,c,llr40v10-oss120b-c,llr40v10-oss120b-fortran,40,40,40,0,0,0,1.2407,1.2407,7.4501,6.0048,1.0,False
served,c,llr40v10-oss120b-c,llr40v10-qwen38-c,40,40,40,0,0,0,1.057,1.057,7.4501,7.0481,1.0,False
served,c,llr40v10-oss120b-c,llr40v10-qwen38-fortran,40,36,36,4,0,0,1.3541,1.5344,8.4422,5.5019,0.125,False
served,c,llr40v10-oss120b-c,llr40v9-kimi27sglang-c,40,4,4,36,0,0,0.5254,0.2702,3.8316,14.179,0.0,False
served,c,llr40v10-oss120b-c,llr40v9-kimi27sglang-c-skills,40,4,4,36,0,0,0.61,0.3137,3.8316,12.2131,0.0,False
served,c,llr40v10-oss120b-c,llr40v9-kimi27sglang-cpp,40,1,1,39,0,0,0.3618,0.9803,20.1862,20.592,0.0,False
served,c,llr40v10-oss120b-c,llr40v9-kimi27sglang-fortran,40,6,6,34,0,0,0.8033,0.3249,3.0127,9.274,0.0,False
served,c,llr40v10-oss120b-c,llr40v9-kimi27sglang-fortran-skills,40,3,3,37,0,0,0.6749,0.2467,2.7228,11.038,0.0,False
served,c,llr40v10-oss120b-c,llr40v9-oss120b-c,40,6,6,34,0,0,2.0099,0.8128,3.0127,3.7066,0.0,True
served,c,llr40v10-oss120b-c,llr40v9-oss120b-c-skills,40,6,6,34,0,0,2.5478,1.0303,3.0127,2.9241,0.0,False
served,c,llr40v10-oss120b-c,llr40v9-oss120b-cpp,40,6,6,34,0,0,2.9925,1.2101,3.0127,2.4896,0.0,False
served,c,llr40v10-oss120b-c,llr40v9-oss120b-fortran,40,6,6,34,0,0,2.5991,1.051,3.0127,2.8665,0.0,False
served,c,llr40v10-oss120b-c,llr40v9-oss120b-fortran-skills,40,6,6,34,0,0,2.2129,0.8948,3.0127,3.3667,0.0,True
served,c,llr40v10-oss120b-c,llr40v9-qwen38-c,40,4,4,36,0,0,0.5761,0.2963,3.8316,12.9322,0.0,False
served,c,llr40v10-oss120b-c,llr40v9-qwen38-c-skills,40,3,3,37,0,0,1.5111,0.5523,2.7228,4.9302,0.0,True
served,c,llr40v10-oss120b-c,llr40v9-qwen38-cpp,40,1,1,39,0,0,0.607,1.6446,20.1862,12.274,0.0,True
served,c,llr40v10-oss120b-c,llr40v9-qwen38-fortran,40,4,4,36,0,0,0.7117,0.3661,3.8316,10.4675,0.0,False
served,c,llr40v10-oss120b-c,llr40v9-qwen38-fortran-skills,40,3,3,37,0,0,0.5794,0.2118,2.7228,12.8574,0.0,False
served,c,llr40v10-oss120b-fortran,llr40v10-qwen38-c,40,40,40,0,0,0,0.852,0.852,6.0048,7.0481,1.0,False
served,c,llr40v10-oss120b-fortran,llr40v10-qwen38-fortran,40,36,36,4,0,0,1.0914,1.159,6.377,5.5019,0.125,False
served,c,llr40v10-oss120b-fortran,llr40v9-kimi27sglang-c,40,4,4,36,0,0,0.4235,0.1055,1.4963,14.179,0.0,False
served,c,llr40v10-oss120b-fortran,llr40v9-kimi27sglang-c-skills,40,4,4,36,0,0,0.4917,0.1225,1.4963,12.2131,0.0,False
served,c,llr40v10-oss120b-fortran,llr40v9-kimi27sglang-cpp,40,1,1,39,0,0,0.2916,0.0486,1.0,20.592,0.0,False
served,c,llr40v10-oss120b-fortran,llr40v9-kimi27sglang-fortran,40,6,6,34,0,0,0.6475,0.1747,1.6203,9.274,0.0,False
served,c,llr40v10-oss120b-fortran,llr40v9-kimi27sglang-fortran-skills,40,3,3,37,0,0,0.544,0.155,1.7114,11.038,0.0,False
served,c,llr40v10-oss120b-fortran,llr40v9-oss120b-c,40,6,6,34,0,0,1.62,0.4371,1.6203,3.7066,0.0,True
served,c,llr40v10-oss120b-fortran,llr40v9-oss120b-c-skills,40,6,6,34,0,0,2.0536,0.5541,1.6203,2.9241,0.0,True
served,c,llr40v10-oss120b-fortran,llr40v9-oss120b-cpp,40,6,6,34,0,0,2.412,0.6508,1.6203,2.4896,0.0,True
served,c,llr40v10-oss120b-fortran,llr40v9-oss120b-fortran,40,6,6,34,0,0,2.0948,0.5653,1.6203,2.8665,0.0,True
served,c,llr40v10-oss120b-fortran,llr40v9-oss120b-fortran-skills,40,6,6,34,0,0,1.7836,0.4813,1.6203,3.3667,0.0,True
served,c,llr40v10-oss120b-fortran,llr40v9-qwen38-c,40,4,4,36,0,0,0.4643,0.1157,1.4963,12.9322,0.0,False
served,c,llr40v10-oss120b-fortran,llr40v9-qwen38-c-skills,40,3,3,37,0,0,1.218,0.3471,1.7114,4.9302,0.0,True
served,c,llr40v10-oss120b-fortran,llr40v9-qwen38-cpp,40,1,1,39,0,0,0.4892,0.0815,1.0,12.274,0.0,False
served,c,llr40v10-oss120b-fortran,llr40v9-qwen38-fortran,40,4,4,36,0,0,0.5737,0.1429,1.4963,10.4675,0.0,False
served,c,llr40v10-oss120b-fortran,llr40v9-qwen38-fortran-skills,40,3,3,37,0,0,0.467,0.1331,1.7114,12.8574,0.0,False
served,c,llr40v10-qwen38-c,llr40v10-qwen38-fortran,40,36,36,4,0,0,1.281,1.3412,7.379,5.5019,0.125,False
served,c,llr40v10-qwen38-c,llr40v9-kimi27sglang-c,40,4,4,36,0,0,0.4971,0.4971,7.0481,14.179,0.0,False
served,c,llr40v10-qwen38-c,llr40v9-kimi27sglang-c-skills,40,4,4,36,0,0,0.5771,0.5771,7.0481,12.2131,0.0,False
served,c,llr40v10-qwen38-c,llr40v9-kimi27sglang-cpp,40,1,1,39,0,0,0.3423,1.01,20.7979,20.592,0.0,True
served,c,llr40v10-qwen38-c,llr40v9-kimi27sglang-fortran,40,6,6,34,0,0,0.76,0.9483,8.7947,9.274,0.0,False
served,c,llr40v10-qwen38-c,llr40v9-kimi27sglang-fortran-skills,40,3,3,37,0,0,0.6385,0.5653,6.2393,11.038,0.0,False
served,c,llr40v10-qwen38-c,llr40v9-oss120b-c,40,6,6,34,0,0,1.9015,2.3727,8.7947,3.7066,0.0,False
served,c,llr40v10-qwen38-c,llr40v9-oss120b-c-skills,40,6,6,34,0,0,2.4104,3.0077,8.7947,2.9241,0.0,False
served,c,llr40v10-qwen38-c,llr40v9-oss120b-cpp,40,6,6,34,0,0,2.831,3.5326,8.7947,2.4896,0.0,False
served,c,llr40v10-qwen38-c,llr40v9-oss120b-fortran,40,6,6,34,0,0,2.4588,3.0681,8.7947,2.8665,0.0,False
served,c,llr40v10-qwen38-c,llr40v9-oss120b-fortran-skills,40,6,6,34,0,0,2.0934,2.6122,8.7947,3.3667,0.0,False
served,c,llr40v10-qwen38-c,llr40v9-qwen38-c,40,4,4,36,0,0,0.545,0.545,7.0481,12.9322,0.0,False
served,c,llr40v10-qwen38-c,llr40v9-qwen38-c-skills,40,3,3,37,0,0,1.4296,1.2655,6.2393,4.9302,0.0,False
served,c,llr40v10-qwen38-c,llr40v9-qwen38-cpp,40,1,1,39,0,0,0.5742,1.6945,20.7979,12.274,0.0,True
served,c,llr40v10-qwen38-c,llr40v9-qwen38-fortran,40,4,4,36,0,0,0.6733,0.6733,7.0481,10.4675,0.0,False
served,c,llr40v10-qwen38-c,llr40v9-qwen38-fortran-skills,40,3,3,37,0,0,0.5482,0.4853,6.2393,12.8574,0.0,False
served,c,llr40v10-qwen38-fortran,llr40v9-kimi27sglang-c,36,4,2,34,2,2,0.388,0.6203,12.3967,19.9864,0.0,False
served,c,llr40v10-qwen38-fortran,llr40v9-kimi27sglang-c-skills,36,4,2,34,2,2,0.4505,0.6784,12.3967,18.2743,0.0,False
served,c,llr40v10-qwen38-fortran,llr40v9-kimi27sglang-cpp,36,1,1,35,0,4,0.2672,0.7493,15.4304,20.592,0.0,False
served,c,llr40v10-qwen38-fortran,llr40v9-kimi27sglang-fortran,36,6,4,32,2,2,0.5933,0.8257,8.2439,9.9843,0.0,False
served,c,llr40v10-qwen38-fortran,llr40v9-kimi27sglang-fortran-skills,36,3,1,35,2,2,0.4985,0.8195,15.4304,18.828,0.0,False
served,c,llr40v10-qwen38-fortran,llr40v9-oss120b-c,36,6,4,32,2,2,1.4843,1.7765,8.2439,4.6406,0.0,False
served,c,llr40v10-qwen38-fortran,llr40v9-oss120b-c-skills,36,6,4,32,2,2,1.8816,3.0252,8.2439,2.7251,0.0,False
served,c,llr40v10-qwen38-fortran,llr40v9-oss120b-cpp,36,6,4,32,2,2,2.21,3.1402,8.2439,2.6253,0.0,False
served,c,llr40v10-qwen38-fortran,llr40v9-oss120b-fortran,36,6,4,32,2,2,1.9194,1.6987,8.2439,4.8531,0.0,False
served,c,llr40v10-qwen38-fortran,llr40v9-oss120b-fortran-skills,36,6,4,32,2,2,1.6342,1.3345,8.2439,6.1775,0.0,False
served,c,llr40v10-qwen38-fortran,llr40v9-qwen38-c,36,4,2,34,2,2,0.4254,0.8034,12.3967,15.4304,0.0,False
served,c,llr40v10-qwen38-fortran,llr40v9-qwen38-c-skills,36,3,1,35,2,2,1.116,1.4595,15.4304,10.5722,0.0,False
served,c,llr40v10-qwen38-fortran,llr40v9-qwen38-cpp,36,1,1,35,0,4,0.4483,1.2572,15.4304,12.274,0.0,True
served,c,llr40v10-qwen38-fortran,llr40v9-qwen38-fortran,36,4,2,34,2,2,0.5256,0.8613,12.3967,14.3922,0.0,False
served,c,llr40v10-qwen38-fortran,llr40v9-qwen38-fortran-skills,36,3,1,35,2,2,0.4279,0.7568,15.4304,20.3881,0.0,False
served,c,llr40v9-kimi27sglang-c,llr40v9-kimi27sglang-c-skills,4,4,4,0,0,36,1.161,1.161,14.179,12.2131,1.0,False
served,c,llr40v9-kimi27sglang-c,llr40v9-kimi27sglang-cpp,4,1,1,3,0,36,0.6886,1.0201,21.0059,20.592,0.25,True
served,c,llr40v9-kimi27sglang-c,llr40v9-kimi27sglang-fortran,4,6,4,0,2,34,1.5289,1.2792,14.179,11.0839,0.5,False
served,c,llr40v9-kimi27sglang-c,llr40v9-kimi27sglang-fortran-skills,4,3,3,1,0,36,1.2846,1.1648,12.8574,11.038,1.0,False
served,c,llr40v9-kimi27sglang-c,llr40v9-oss120b-c,4,6,4,0,2,34,3.8253,4.3391,14.179,3.2677,0.5,False
served,c,llr40v9-kimi27sglang-c,llr40v9-oss120b-c-skills,4,6,4,0,2,34,4.8491,3.9087,14.179,3.6276,0.5,False
served,c,llr40v9-kimi27sglang-c,llr40v9-oss120b-cpp,4,6,4,0,2,34,5.6953,4.9753,14.179,2.8499,0.5,False
served,c,llr40v9-kimi27sglang-c,llr40v9-oss120b-fortran,4,6,4,0,2,34,4.9465,4.0171,14.179,3.5297,0.5,False
served,c,llr40v9-kimi27sglang-c,llr40v9-oss120b-fortran-skills,4,6,4,0,2,34,4.2115,5.7906,14.179,2.4486,0.5,False
served,c,llr40v9-kimi27sglang-c,llr40v9-qwen38-c,4,4,4,0,0,36,1.0964,1.0964,14.179,12.9322,1.0,False
served,c,llr40v9-kimi27sglang-c,llr40v9-qwen38-c-skills,4,3,3,1,0,36,2.876,2.6079,12.8574,4.9302,1.0,False
served,c,llr40v9-kimi27sglang-c,llr40v9-qwen38-cpp,4,1,1,3,0,36,1.1552,1.7114,21.0059,12.274,0.25,False
served,c,llr40v9-kimi27sglang-c,llr40v9-qwen38-fortran,4,4,4,0,0,36,1.3546,1.3546,14.179,10.4675,1.0,False
served,c,llr40v9-kimi27sglang-c,llr40v9-qwen38-fortran-skills,4,3,3,1,0,36,1.1028,1.0,12.8574,12.8574,1.0,False
served,c,llr40v9-kimi27sglang-c-skills,llr40v9-kimi27sglang-cpp,4,1,1,3,0,36,0.5931,0.8874,18.2743,20.592,0.25,False
served,c,llr40v9-kimi27sglang-c-skills,llr40v9-kimi27sglang-fortran,4,6,4,0,2,34,1.3169,1.1019,12.2131,11.0839,0.5,False
served,c,llr40v9-kimi27sglang-c-skills,llr40v9-kimi27sglang-fortran-skills,4,3,3,1,0,36,1.1065,0.9674,10.6779,11.038,1.0,True
served,c,llr40v9-kimi27sglang-c-skills,llr40v9-oss120b-c,4,6,4,0,2,34,3.2949,3.7375,12.2131,3.2677,0.5,False
served,c,llr40v9-kimi27sglang-c-skills,llr40v9-oss120b-c-skills,4,6,4,0,2,34,4.1767,3.3667,12.2131,3.6276,0.5,False
served,c,llr40v9-kimi27sglang-c-skills,llr40v9-oss120b-cpp,4,6,4,0,2,34,4.9057,4.2855,12.2131,2.8499,0.5,False
served,c,llr40v9-kimi27sglang-c-skills,llr40v9-oss120b-fortran,4,6,4,0,2,34,4.2607,3.4601,12.2131,3.5297,0.5,False
served,c,llr40v9-kimi27sglang-c-skills,llr40v9-oss120b-fortran-skills,4,6,4,0,2,34,3.6276,4.9877,12.2131,2.4486,0.5,False
served,c,llr40v9-kimi27sglang-c-skills,llr40v9-qwen38-c,4,4,4,0,0,36,0.9444,0.9444,12.2131,12.9322,1.0,False
served,c,llr40v9-kimi27sglang-c-skills,llr40v9-qwen38-c-skills,4,3,3,1,0,36,2.4772,2.1658,10.6779,4.9302,1.0,False
served,c,llr40v9-kimi27sglang-c-skills,llr40v9-qwen38-cpp,4,1,1,3,0,36,0.995,1.4889,18.2743,12.274,0.25,True
served,c,llr40v9-kimi27sglang-c-skills,llr40v9-qwen38-fortran,4,4,4,0,0,36,1.1668,1.1668,12.2131,10.4675,1.0,False
served,c,llr40v9-kimi27sglang-c-skills,llr40v9-qwen38-fortran-skills,4,3,3,1,0,36,0.9499,0.8305,10.6779,12.8574,1.0,False
served,c,llr40v9-kimi27sglang-cpp,llr40v9-kimi27sglang-fortran,1,6,1,0,5,34,2.2204,0.9803,20.592,21.0059,0.0625,True
served,c,llr40v9-kimi27sglang-cpp,llr40v9-kimi27sglang-fortran-skills,1,3,1,0,2,37,1.8655,1.0937,20.592,18.828,0.5,False
served,c,llr40v9-kimi27sglang-cpp,llr40v9-oss120b-c,1,6,1,0,5,34,5.5554,1.01,20.592,20.3881,0.0625,False
served,c,llr40v9-kimi27sglang-cpp,llr40v9-oss120b-c-skills,1,6,1,0,5,34,7.0422,1.3478,20.592,15.2776,0.0625,False
served,c,llr40v9-kimi27sglang-cpp,llr40v9-oss120b-cpp,1,6,1,0,5,34,8.2713,1.5648,20.592,13.1594,0.0625,False
served,c,llr40v9-kimi27sglang-cpp,llr40v9-oss120b-fortran,1,6,1,0,5,34,7.1838,1.3345,20.592,15.4304,0.0625,False
served,c,llr40v9-kimi27sglang-cpp,llr40v9-oss120b-fortran-skills,1,6,1,0,5,34,6.1163,5.4279,20.592,3.7937,0.0625,False
served,c,llr40v9-kimi27sglang-cpp,llr40v9-qwen38-c,1,4,1,0,3,36,1.5923,0.9901,20.592,20.7979,0.25,True
served,c,llr40v9-kimi27sglang-cpp,llr40v9-qwen38-c-skills,1,3,1,0,2,37,4.1767,1.9477,20.592,10.5722,0.5,False
served,c,llr40v9-kimi27sglang-cpp,llr40v9-qwen38-cpp,1,1,1,0,0,39,1.6777,1.6777,20.592,12.274,1.0,False
served,c,llr40v9-kimi27sglang-cpp,llr40v9-qwen38-fortran,1,4,1,0,3,36,1.9672,0.9901,20.592,20.7979,0.25,True
served,c,llr40v9-kimi27sglang-cpp,llr40v9-qwen38-fortran-skills,1,3,1,0,2,37,1.6016,1.01,20.592,20.3881,0.5,False
served,c,llr40v9-kimi27sglang-fortran,llr40v9-kimi27sglang-fortran-skills,6,3,3,3,0,34,0.8402,1.0,11.038,11.038,0.25,False
served,c,llr40v9-kimi27sglang-fortran,llr40v9-oss120b-c,6,6,6,0,0,34,2.502,2.502,9.274,3.7066,1.0,False
served,c,llr40v9-kimi27sglang-fortran,llr40v9-oss120b-c-skills,6,6,6,0,0,34,3.1716,3.1716,9.274,2.9241,1.0,False
served,c,llr40v9-kimi27sglang-fortran,llr40v9-oss120b-cpp,6,6,6,0,0,34,3.7251,3.7251,9.274,2.4896,1.0,False
served,c,llr40v9-kimi27sglang-fortran,llr40v9-oss120b-fortran,6,6,6,0,0,34,3.2354,3.2354,9.274,2.8665,1.0,False
served,c,llr40v9-kimi27sglang-fortran,llr40v9-oss120b-fortran-skills,6,6,6,0,0,34,2.7546,2.7546,9.274,3.3667,1.0,False
served,c,llr40v9-kimi27sglang-fortran,llr40v9-qwen38-c,6,4,4,2,0,34,0.7171,0.8571,11.0839,12.9322,0.5,False
served,c,llr40v9-kimi27sglang-fortran,llr40v9-qwen38-c-skills,6,3,3,3,0,34,1.8811,2.2389,11.038,4.9302,0.25,False
served,c,llr40v9-kimi27sglang-fortran,llr40v9-qwen38-cpp,6,1,1,5,0,34,0.7556,1.7114,21.0059,12.274,0.0625,True
served,c,llr40v9-kimi27sglang-fortran,llr40v9-qwen38-fortran,6,4,4,2,0,34,0.886,1.0589,11.0839,10.4675,0.5,True
served,c,llr40v9-kimi27sglang-fortran,llr40v9-qwen38-fortran-skills,6,3,3,3,0,34,0.7213,0.8585,11.038,12.8574,0.25,False
served,c,llr40v9-kimi27sglang-fortran-skills,llr40v9-oss120b-c,3,6,3,0,3,34,2.9779,2.2763,11.038,4.8491,0.25,False
served,c,llr40v9-kimi27sglang-fortran-skills,llr40v9-oss120b-c-skills,3,6,3,0,3,34,3.7749,1.9803,11.038,5.5739,0.25,False
served,c,llr40v9-kimi27sglang-fortran-skills,llr40v9-oss120b-cpp,3,6,3,0,3,34,4.4337,2.7319,11.038,4.0405,0.25,False
served,c,llr40v9-kimi27sglang-fortran-skills,llr40v9-oss120b-fortran,3,6,3,0,3,34,3.8508,4.4337,11.038,2.4896,0.25,False
served,c,llr40v9-kimi27sglang-fortran-skills,llr40v9-oss120b-fortran-skills,3,6,3,0,3,34,3.2786,7.0773,11.038,1.5596,0.25,False
served,c,llr40v9-kimi27sglang-fortran-skills,llr40v9-qwen38-c,3,4,3,0,1,36,0.8535,0.8195,11.038,13.4685,1.0,False
served,c,llr40v9-kimi27sglang-fortran-skills,llr40v9-qwen38-c-skills,3,3,3,0,0,37,2.2389,2.2389,11.038,4.9302,1.0,False
served,c,llr40v9-kimi27sglang-fortran-skills,llr40v9-qwen38-cpp,3,1,1,2,0,37,0.8993,1.534,18.828,12.274,0.5,True
served,c,llr40v9-kimi27sglang-fortran-skills,llr40v9-qwen38-fortran,3,4,3,0,1,36,1.0545,1.0372,11.038,10.6426,1.0,False
served,c,llr40v9-kimi27sglang-fortran-skills,llr40v9-qwen38-fortran-skills,3,3,3,0,0,37,0.8585,0.8585,11.038,12.8574,1.0,False
served,c,llr40v9-oss120b-c,llr40v9-oss120b-c-skills,6,6,6,0,0,34,1.2676,1.2676,3.7066,2.9241,1.0,False
served,c,llr40v9-oss120b-c,llr40v9-oss120b-cpp,6,6,6,0,0,34,1.4889,1.4889,3.7066,2.4896,1.0,False
served,c,llr40v9-oss120b-c,llr40v9-oss120b-fortran,6,6,6,0,0,34,1.2931,1.2931,3.7066,2.8665,1.0,False
served,c,llr40v9-oss120b-c,llr40v9-oss120b-fortran-skills,6,6,6,0,0,34,1.101,1.101,3.7066,3.3667,1.0,False
served,c,llr40v9-oss120b-c,llr40v9-qwen38-c,6,4,4,2,0,34,0.2866,0.2527,3.2677,12.9322,0.5,False
served,c,llr40v9-oss120b-c,llr40v9-qwen38-c-skills,6,3,3,3,0,34,0.7518,0.9836,4.8491,4.9302,0.25,False
served,c,llr40v9-oss120b-c,llr40v9-qwen38-cpp,6,1,1,5,0,34,0.302,1.6611,20.3881,12.274,0.0625,True
served,c,llr40v9-oss120b-c,llr40v9-qwen38-fortran,6,4,4,2,0,34,0.3541,0.3122,3.2677,10.4675,0.5,False
served,c,llr40v9-oss120b-c,llr40v9-qwen38-fortran-skills,6,3,3,3,0,34,0.2883,0.3771,4.8491,12.8574,0.25,False
served,c,llr40v9-oss120b-c-skills,llr40v9-oss120b-cpp,6,6,6,0,0,34,1.1745,1.1745,2.9241,2.4896,1.0,False
served,c,llr40v9-oss120b-c-skills,llr40v9-oss120b-fortran,6,6,6,0,0,34,1.0201,1.0201,2.9241,2.8665,1.0,False
served,c,llr40v9-oss120b-c-skills,llr40v9-oss120b-fortran-skills,6,6,6,0,0,34,0.8685,0.8685,2.9241,3.3667,1.0,False
served,c,llr40v9-oss120b-c-skills,llr40v9-qwen38-c,6,4,4,2,0,34,0.2261,0.2805,3.6276,12.9322,0.5,False
served,c,llr40v9-oss120b-c-skills,llr40v9-qwen38-c-skills,6,3,3,3,0,34,0.5931,1.1306,5.5739,4.9302,0.25,True
served,c,llr40v9-oss120b-c-skills,llr40v9-qwen38-cpp,6,1,1,5,0,34,0.2382,1.2447,15.2776,12.274,0.0625,True
served,c,llr40v9-oss120b-c-skills,llr40v9-qwen38-fortran,6,4,4,2,0,34,0.2793,0.3466,3.6276,10.4675,0.5,False
served,c,llr40v9-oss120b-c-skills,llr40v9-qwen38-fortran-skills,6,3,3,3,0,34,0.2274,0.4335,5.5739,12.8574,0.25,False
served,c,llr40v9-oss120b-cpp,llr40v9-oss120b-fortran,6,6,6,0,0,34,0.8685,0.8685,2.4896,2.8665,1.0,False
served,c,llr40v9-oss120b-cpp,llr40v9-oss120b-fortran-skills,6,6,6,0,0,34,0.7395,0.7395,2.4896,3.3667,1.0,False
served,c,llr40v9-oss120b-cpp,llr40v9-qwen38-c,6,4,4,2,0,34,0.1925,0.2204,2.8499,12.9322,0.5,False
served,c,llr40v9-oss120b-cpp,llr40v9-qwen38-c-skills,6,3,3,3,0,34,0.505,0.8195,4.0405,4.9302,0.25,False
served,c,llr40v9-oss120b-cpp,llr40v9-qwen38-cpp,6,1,1,5,0,34,0.2028,1.0721,13.1594,12.274,0.0625,True
served,c,llr40v9-oss120b-cpp,llr40v9-qwen38-fortran,6,4,4,2,0,34,0.2378,0.2723,2.8499,10.4675,0.5,False
served,c,llr40v9-oss120b-cpp,llr40v9-qwen38-fortran-skills,6,3,3,3,0,34,0.1936,0.3143,4.0405,12.8574,0.25,False
served,c,llr40v9-oss120b-fortran,llr40v9-oss120b-fortran-skills,6,6,6,0,0,34,0.8514,0.8514,2.8665,3.3667,1.0,False
served,c,llr40v9-oss120b-fortran,llr40v9-qwen38-c,6,4,4,2,0,34,0.2217,0.2729,3.5297,12.9322,0.5,False
served,c,llr40v9-oss120b-fortran,llr40v9-qwen38-c-skills,6,3,3,3,0,34,0.5814,0.505,2.4896,4.9302,0.25,False
served,c,llr40v9-oss120b-fortran,llr40v9-qwen38-cpp,6,1,1,5,0,34,0.2335,1.2572,15.4304,12.274,0.0625,True
served,c,llr40v9-oss120b-fortran,llr40v9-qwen38-fortran,6,4,4,2,0,34,0.2738,0.3372,3.5297,10.4675,0.5,False
served,c,llr40v9-oss120b-fortran,llr40v9-qwen38-fortran-skills,6,3,3,3,0,34,0.2229,0.1936,2.4896,12.8574,0.25,False
served,c,llr40v9-oss120b-fortran-skills,llr40v9-qwen38-c,6,4,4,2,0,34,0.2603,0.1893,2.4486,12.9322,0.5,False
served,c,llr40v9-oss120b-fortran-skills,llr40v9-qwen38-c-skills,6,3,3,3,0,34,0.6829,0.3163,1.5596,4.9302,0.25,False
served,c,llr40v9-oss120b-fortran-skills,llr40v9-qwen38-cpp,6,1,1,5,0,34,0.2743,0.3091,3.7937,12.274,0.0625,False
served,c,llr40v9-oss120b-fortran-skills,llr40v9-qwen38-fortran,6,4,4,2,0,34,0.3216,0.2339,2.4486,10.4675,0.5,False
served,c,llr40v9-oss120b-fortran-skills,llr40v9-qwen38-fortran-skills,6,3,3,3,0,34,0.2619,0.1213,1.5596,12.8574,0.25,False
served,c,llr40v9-qwen38-c,llr40v9-qwen38-c-skills,4,3,3,1,0,36,2.6231,2.7319,13.4685,4.9302,1.0,False
served,c,llr40v9-qwen38-c,llr40v9-qwen38-cpp,4,1,1,3,0,36,1.0536,1.6945,20.7979,12.274,0.25,False
served,c,llr40v9-qwen38-c,llr40v9-qwen38-fortran,4,4,4,0,0,36,1.2355,1.2355,12.9322,10.4675,1.0,False
served,c,llr40v9-qwen38-c,llr40v9-qwen38-fortran-skills,4,3,3,1,0,36,1.0058,1.0475,13.4685,12.8574,1.0,False
served,c,llr40v9-qwen38-c-skills,llr40v9-qwen38-cpp,3,1,1,2,0,37,0.4017,0.8613,10.5722,12.274,0.5,False
served,c,llr40v9-qwen38-c-skills,llr40v9-qwen38-fortran,3,4,3,0,1,36,0.471,0.4632,4.9302,10.6426,1.0,False
served,c,llr40v9-qwen38-c-skills,llr40v9-qwen38-fortran-skills,3,3,3,0,0,37,0.3834,0.3834,4.9302,12.8574,1.0,False
served,c,llr40v9-qwen38-cpp,llr40v9-qwen38-fortran,1,4,1,0,3,36,1.1726,0.5902,12.274,20.7979,0.25,True
served,c,llr40v9-qwen38-cpp,llr40v9-qwen38-fortran-skills,1,3,1,0,2,37,0.9546,0.602,12.274,20.3881,0.5,False
served,c,llr40v9-qwen38-fortran,llr40v9-qwen38-fortran-skills,4,3,3,1,0,36,0.8141,0.8277,10.6426,12.8574,1.0,False
served,numba,gpuv2-llr40-oss120b-hip,gpuv2-llr40-oss120b-hip-skills,39,40,39,0,1,0,1.0437,1.1089,21.439,19.3343,1.0,False
served,numba,gpuv2-llr40-oss120b-hip,gpuv2-llr40-oss120b-omp,39,40,39,0,1,0,9.4503,9.9773,21.439,2.1488,1.0,False
served,numba,gpuv2-llr40-oss120b-hip,gpuv2-llr40-oss120b-omp-skills,39,40,39,0,1,0,7.7488,8.1041,21.439,2.6454,1.0,False
served,numba,gpuv2-llr40-oss120b-hip,gpuv2-llr40-qwen38-hip,39,32,31,8,1,0,0.4915,0.5695,28.0594,49.2702,0.0391,False
served,numba,gpuv2-llr40-oss120b-hip,gpuv2-llr40-qwen38-hip-skills,39,36,35,4,1,0,0.604,0.7688,25.8213,33.5881,0.375,False
served,numba,gpuv2-llr40-oss120b-hip,gpuv2-llr40-qwen38-omp,39,35,34,5,1,0,6.0657,7.3654,24.7901,3.3657,0.2188,False
served,numba,gpuv2-llr40-oss120b-hip,gpuv2-llr40-qwen38-omp-skills,39,38,37,2,1,0,7.3389,7.3042,21.9648,3.0071,1.0,False
served,numba,gpuv2-llr40-oss120b-hip,gpuv4-llr40-oss120b-pytriton,39,40,39,0,1,0,11.9875,12.1494,21.439,1.7646,1.0,False
served,numba,gpuv2-llr40-oss120b-hip,gpuv4-llr40-oss120b-pytriton-skills,39,40,39,0,1,0,10.2079,10.3085,21.439,2.0797,1.0,False
served,numba,gpuv2-llr40-oss120b-hip,gpuv4-llr40-qwen38-pytriton,39,40,39,0,1,0,3.9655,4.0986,21.439,5.2308,1.0,False
served,numba,gpuv2-llr40-oss120b-hip,gpuv4-llr40-qwen38-pytriton-skills,39,38,37,2,1,0,3.3386,3.5902,22.4848,6.2628,1.0,False
served,numba,gpuv2-llr40-oss120b-hip,llr40v10-kimi27sglang-c,39,40,39,0,1,0,4.1626,4.3121,21.439,4.9718,1.0,False
served,numba,gpuv2-llr40-oss120b-hip,llr40v10-kimi27sglang-c-skills,39,40,39,0,1,0,4.0593,4.2013,21.439,5.1029,1.0,False
served,numba,gpuv2-llr40-oss120b-hip,llr40v10-kimi27sglang-fortran,39,40,39,0,1,0,4.5176,4.6909,21.439,4.5704,1.0,False
served,numba,gpuv2-llr40-oss120b-hip,llr40v10-kimi27sglang-fortran-skills,39,39,38,1,1,0,4.9063,4.9254,20.6676,4.1961,1.0,False
served,numba,gpuv2-llr40-oss120b-hip,llr40v10-oss120b-c-skills,39,40,39,0,1,0,4.881,5.0744,21.439,4.225,1.0,False
served,numba,gpuv2-llr40-oss120b-hip,llr40v10-oss120b-fortran-skills,39,40,39,0,1,0,6.4685,6.7683,21.439,3.1676,1.0,False
served,numba,gpuv2-llr40-oss120b-hip,llr40v10-qwen38-c,39,40,39,0,1,0,4.493,4.6587,21.439,4.602,1.0,False
served,numba,gpuv2-llr40-oss120b-hip,llr40v10-qwen38-c-skills,39,32,31,8,1,0,2.981,3.0912,21.497,6.9542,0.0391,False
served,numba,gpuv2-llr40-oss120b-hip,llr40v10-qwen38-fortran,39,35,34,5,1,0,7.2062,6.8298,19.2009,2.8113,0.2188,False
served,numba,gpuv2-llr40-oss120b-hip,llr40v10-qwen38-fortran-skills,39,38,37,2,1,0,4.8233,4.7539,20.2842,4.2668,1.0,False
served,numba,gpuv2-llr40-oss120b-hip,llr40v11-kimi27sglang-c,39,40,39,0,1,0,5.4253,5.6584,21.439,3.7889,1.0,False
served,numba,gpuv2-llr40-oss120b-hip,llr40v11-kimi27sglang-c-skills,39,40,39,0,1,0,5.6879,5.938,21.439,3.6105,1.0,False
served,numba,gpuv2-llr40-oss120b-hip,llr40v11-kimi27sglang-fortran,39,40,39,0,1,0,6.8562,7.1939,21.439,2.9802,1.0,False
served,numba,gpuv2-llr40-oss120b-hip,llr40v11-kimi27sglang-fortran-skills,39,40,39,0,1,0,4.9816,5.1856,21.439,4.1343,1.0,False
served,numba,gpuv2-llr40-oss120b-hip,llr40v11-oss120b-c,39,39,38,1,1,0,5.381,5.2463,20.0283,3.8176,1.0,False
served,numba,gpuv2-llr40-oss120b-hip,llr40v11-oss120b-c-skills,39,40,39,0,1,0,5.7605,6.0157,21.439,3.5638,1.0,False
served,numba,gpuv2-llr40-oss120b-hip,llr40v11-oss120b-fortran,39,40,39,0,1,0,6.6512,6.9716,21.439,3.0752,1.0,False
served,numba,gpuv2-llr40-oss120b-hip,llr40v11-oss120b-fortran-skills,39,40,39,0,1,0,6.9489,7.2899,21.439,2.9409,1.0,False
served,numba,gpuv2-llr40-oss120b-hip,llr40v11-qwen38-c,39,38,37,2,1,0,4.4159,4.3188,20.742,4.8028,1.0,False
served,numba,gpuv2-llr40-oss120b-hip,llr40v11-qwen38-c-skills,39,38,37,2,1,0,4.5473,4.5832,20.7755,4.533,1.0,False
served,numba,gpuv2-llr40-oss120b-hip,llr40v11-qwen38-fortran,39,34,33,6,1,0,7.1462,7.0709,20.0225,2.8317,0.125,False
served,numba,gpuv2-llr40-oss120b-hip,llr40v11-qwen38-fortran-skills,39,37,36,3,1,0,4.8624,4.9905,21.0873,4.2255,0.625,False
served,numba,gpuv2-llr40-oss120b-hip,v11w2-kimi27sglang-c,39,13,13,26,0,1,5.3482,1.8804,7.5377,4.0086,0.0,False
served,numba,gpuv2-llr40-oss120b-hip,v11w2-kimi27sglang-c-skills,39,15,15,24,0,1,4.165,1.7715,9.1185,5.1474,0.0,False
served,numba,gpuv2-llr40-oss120b-hip,v11w2-kimi27sglang-fortran,39,14,14,25,0,1,3.2347,0.9562,6.3376,6.6278,0.0,True
served,numba,gpuv2-llr40-oss120b-hip,v11w2-kimi27sglang-fortran-skills,39,14,14,25,0,1,4.4318,3.6769,17.7874,4.8376,0.0,False
served,numba,gpuv2-llr40-oss120b-hip,v11w2-oss120b-c,39,8,8,31,0,1,3.7441,2.9035,16.626,5.7261,0.0,False
served,numba,gpuv2-llr40-oss120b-hip,v11w2-oss120b-c-skills,39,5,5,34,0,1,4.0694,1.9869,10.4675,5.2683,0.0,False
served,numba,gpuv2-llr40-oss120b-hip,v11w2-oss120b-fortran,39,14,14,25,0,1,7.196,3.7776,11.2546,2.9793,0.0,False
served,numba,gpuv2-llr40-oss120b-hip,v11w2-oss120b-fortran-skills,39,14,14,25,0,1,5.4928,4.7254,18.4439,3.9031,0.0,False
served,numba,gpuv2-llr40-oss120b-hip,v11w2-qwen38-c,39,16,16,23,0,1,4.8015,3.8724,17.2903,4.4651,0.0,False
served,numba,gpuv2-llr40-oss120b-hip,v11w2-qwen38-c-skills,39,14,14,25,0,1,3.6037,1.7078,10.1597,5.9491,0.0,False
served,numba,gpuv2-llr40-oss120b-hip,v11w2-qwen38-fortran,39,23,23,16,0,1,2.9572,2.6264,19.041,7.2499,0.0,False
served,numba,gpuv2-llr40-oss120b-hip,v11w2-qwen38-fortran-skills,39,17,17,22,0,1,3.6348,2.5406,14.9854,5.8983,0.0,False
served,numba,gpuv2-llr40-oss120b-hip-skills,gpuv2-llr40-oss120b-omp,40,40,40,0,0,0,9.0544,9.0544,20.5408,2.2686,1.0,False
served,numba,gpuv2-llr40-oss120b-hip-skills,gpuv2-llr40-oss120b-omp-skills,40,40,40,0,0,0,7.4242,7.4242,20.5408,2.7667,1.0,False
served,numba,gpuv2-llr40-oss120b-hip-skills,gpuv2-llr40-qwen38-hip,40,32,32,8,0,0,0.4709,0.557,24.2963,43.6206,0.0078,False
served,numba,gpuv2-llr40-oss120b-hip-skills,gpuv2-llr40-qwen38-hip-skills,40,36,36,4,0,0,0.5787,0.6869,24.3804,35.4955,0.125,False
served,numba,gpuv2-llr40-oss120b-hip-skills,gpuv2-llr40-qwen38-omp,40,35,35,5,0,0,5.8116,6.39,22.5852,3.5344,0.0625,False
served,numba,gpuv2-llr40-oss120b-hip-skills,gpuv2-llr40-qwen38-omp-skills,40,38,38,2,0,0,7.0315,7.0158,20.4951,2.9213,0.5,False
served,numba,gpuv2-llr40-oss120b-hip-skills,gpuv4-llr40-oss120b-pytriton,40,40,40,0,0,0,11.4853,11.4853,20.5408,1.7884,1.0,False
served,numba,gpuv2-llr40-oss120b-hip-skills,gpuv4-llr40-oss120b-pytriton-skills,40,40,40,0,0,0,9.7803,9.7803,20.5408,2.1002,1.0,False
served,numba,gpuv2-llr40-oss120b-hip-skills,gpuv4-llr40-qwen38-pytriton,40,40,40,0,0,0,3.7994,3.7994,20.5408,5.4064,1.0,False
served,numba,gpuv2-llr40-oss120b-hip-skills,gpuv4-llr40-qwen38-pytriton-skills,40,38,38,2,0,0,3.1987,3.3809,21.7105,6.4216,0.5,False
served,numba,gpuv2-llr40-oss120b-hip-skills,llr40v10-kimi27sglang-c,40,40,40,0,0,0,3.9882,3.9882,20.5408,5.1504,1.0,False
served,numba,gpuv2-llr40-oss120b-hip-skills,llr40v10-kimi27sglang-c-skills,40,40,40,0,0,0,3.8893,3.8893,20.5408,5.2814,1.0,False
served,numba,gpuv2-llr40-oss120b-hip-skills,llr40v10-kimi27sglang-fortran,40,40,40,0,0,0,4.3283,4.3283,20.5408,4.7456,1.0,False
served,numba,gpuv2-llr40-oss120b-hip-skills,llr40v10-kimi27sglang-fortran-skills,40,39,39,1,0,0,4.7008,4.5113,19.7129,4.3697,1.0,False
served,numba,gpuv2-llr40-oss120b-hip-skills,llr40v10-oss120b-c-skills,40,40,40,0,0,0,4.6765,4.6765,20.5408,4.3923,1.0,False
served,numba,gpuv2-llr40-oss120b-hip-skills,llr40v10-oss120b-fortran-skills,40,40,40,0,0,0,6.1975,6.1975,20.5408,3.3144,1.0,False
served,numba,gpuv2-llr40-oss120b-hip-skills,llr40v10-qwen38-c,40,40,40,0,0,0,4.3047,4.3047,20.5408,4.7717,1.0,False
served,numba,gpuv2-llr40-oss120b-hip-skills,llr40v10-qwen38-c-skills,40,32,32,8,0,0,2.8561,2.961,21.2952,7.192,0.0078,False
served,numba,gpuv2-llr40-oss120b-hip-skills,llr40v10-qwen38-fortran,40,35,35,5,0,0,6.9043,6.4686,19.2448,2.9751,0.0625,False
served,numba,gpuv2-llr40-oss120b-hip-skills,llr40v10-qwen38-fortran-skills,40,38,38,2,0,0,4.6212,4.6717,20.7652,4.4449,0.5,False
served,numba,gpuv2-llr40-oss120b-hip-skills,llr40v11-kimi27sglang-c,40,40,40,0,0,0,5.198,5.198,20.5408,3.9517,1.0,False
served,numba,gpuv2-llr40-oss120b-hip-skills,llr40v11-kimi27sglang-c-skills,40,40,40,0,0,0,5.4496,5.4496,20.5408,3.7693,1.0,False
served,numba,gpuv2-llr40-oss120b-hip-skills,llr40v11-kimi27sglang-fortran,40,40,40,0,0,0,6.5689,6.5689,20.5408,3.127,1.0,False
served,numba,gpuv2-llr40-oss120b-hip-skills,llr40v11-kimi27sglang-fortran-skills,40,40,40,0,0,0,4.7729,4.7729,20.5408,4.3037,1.0,False
served,numba,gpuv2-llr40-oss120b-hip-skills,llr40v11-oss120b-c,40,39,39,1,0,0,5.1556,4.8318,19.2506,3.9842,1.0,False
served,numba,gpuv2-llr40-oss120b-hip-skills,llr40v11-oss120b-c-skills,40,40,40,0,0,0,5.5191,5.5191,20.5408,3.7217,1.0,False
served,numba,gpuv2-llr40-oss120b-hip-skills,llr40v11-oss120b-fortran,40,40,40,0,0,0,6.3726,6.3726,20.5408,3.2233,1.0,False
served,numba,gpuv2-llr40-oss120b-hip-skills,llr40v11-oss120b-fortran-skills,40,40,40,0,0,0,6.6578,6.6578,20.5408,3.0852,1.0,False
served,numba,gpuv2-llr40-oss120b-hip-skills,llr40v11-qwen38-c,40,38,38,2,0,0,4.2309,4.247,20.6189,4.855,0.5,False
served,numba,gpuv2-llr40-oss120b-hip-skills,llr40v11-qwen38-c-skills,40,38,38,2,0,0,4.3568,4.0229,18.9666,4.7147,0.5,False
served,numba,gpuv2-llr40-oss120b-hip-skills,llr40v11-qwen38-fortran,40,34,34,6,0,0,6.8468,6.9304,20.7918,3.0001,0.0312,False
served,numba,gpuv2-llr40-oss120b-hip-skills,llr40v11-qwen38-fortran-skills,40,37,37,3,0,0,4.6587,4.389,19.3517,4.4091,0.25,False
served,numba,gpuv2-llr40-oss120b-hip-skills,v11w2-kimi27sglang-c,40,13,13,27,0,0,5.1241,2.5093,10.0591,4.0086,0.0,False
served,numba,gpuv2-llr40-oss120b-hip-skills,v11w2-kimi27sglang-c-skills,40,15,15,25,0,0,3.9905,1.3924,7.1671,5.1474,0.0,False
served,numba,gpuv2-llr40-oss120b-hip-skills,v11w2-kimi27sglang-fortran,40,14,14,26,0,0,3.0992,1.326,8.7884,6.6278,0.0,False
served,numba,gpuv2-llr40-oss120b-hip-skills,v11w2-kimi27sglang-fortran-skills,40,14,14,26,0,0,4.2461,3.3931,16.4147,4.8376,0.0,False
served,numba,gpuv2-llr40-oss120b-hip-skills,v11w2-oss120b-c,40,8,8,32,0,0,3.5872,3.4817,19.9367,5.7261,0.0,False
served,numba,gpuv2-llr40-oss120b-hip-skills,v11w2-oss120b-c-skills,40,5,5,35,0,0,3.899,0.6975,3.6748,5.2683,0.0,True
served,numba,gpuv2-llr40-oss120b-hip-skills,v11w2-oss120b-fortran,40,14,14,26,0,0,6.8945,3.1291,9.3225,2.9793,0.0,False
served,numba,gpuv2-llr40-oss120b-hip-skills,v11w2-oss120b-fortran-skills,40,14,14,26,0,0,5.2627,3.4271,13.3763,3.9031,0.0,False
served,numba,gpuv2-llr40-oss120b-hip-skills,v11w2-qwen38-c,40,16,16,24,0,0,4.6003,4.2115,18.8046,4.4651,0.0,False
served,numba,gpuv2-llr40-oss120b-hip-skills,v11w2-qwen38-c-skills,40,14,14,26,0,0,3.4528,2.5845,15.3757,5.9491,0.0,False
served,numba,gpuv2-llr40-oss120b-hip-skills,v11w2-qwen38-fortran,40,23,23,17,0,0,2.8333,3.162,22.9242,7.2499,0.0,False
served,numba,gpuv2-llr40-oss120b-hip-skills,v11w2-qwen38-fortran-skills,40,17,17,23,0,0,3.4825,1.8359,10.829,5.8983,0.0,False
served,numba,gpuv2-llr40-oss120b-omp,gpuv2-llr40-oss120b-omp-skills,40,40,40,0,0,0,0.82,0.82,2.2686,2.7667,1.0,False
served,numba,gpuv2-llr40-oss120b-omp,gpuv2-llr40-qwen38-hip,40,32,32,8,0,0,0.052,0.0629,2.7429,43.6206,0.0078,False
served,numba,gpuv2-llr40-oss120b-omp,gpuv2-llr40-qwen38-hip-skills,40,36,36,4,0,0,0.0639,0.0694,2.4629,35.4955,0.125,False
served,numba,gpuv2-llr40-oss120b-omp,gpuv2-llr40-qwen38-omp,40,35,35,5,0,0,0.6419,0.7209,2.5481,3.5344,0.0625,False
served,numba,gpuv2-llr40-oss120b-omp,gpuv2-llr40-qwen38-omp-skills,40,38,38,2,0,0,0.7766,0.7936,2.3182,2.9213,0.5,False
served,numba,gpuv2-llr40-oss120b-omp,gpuv4-llr40-oss120b-pytriton,40,40,40,0,0,0,1.2685,1.2685,2.2686,1.7884,1.0,False
served,numba,gpuv2-llr40-oss120b-omp,gpuv4-llr40-oss120b-pytriton-skills,40,40,40,0,0,0,1.0802,1.0802,2.2686,2.1002,1.0,False
served,numba,gpuv2-llr40-oss120b-omp,gpuv4-llr40-qwen38-pytriton,40,40,40,0,0,0,0.4196,0.4196,2.2686,5.4064,1.0,False
served,numba,gpuv2-llr40-oss120b-omp,gpuv4-llr40-qwen38-pytriton-skills,40,38,38,2,0,0,0.3533,0.3686,2.3667,6.4216,0.5,False
served,numba,gpuv2-llr40-oss120b-omp,llr40v10-kimi27sglang-c,40,40,40,0,0,0,0.4405,0.4405,2.2686,5.1504,1.0,False
served,numba,gpuv2-llr40-oss120b-omp,llr40v10-kimi27sglang-c-skills,40,40,40,0,0,0,0.4295,0.4295,2.2686,5.2814,1.0,False
served,numba,gpuv2-llr40-oss120b-omp,llr40v10-kimi27sglang-fortran,40,40,40,0,0,0,0.478,0.478,2.2686,4.7456,1.0,False
served,numba,gpuv2-llr40-oss120b-omp,llr40v10-kimi27sglang-fortran-skills,40,39,39,1,0,0,0.5192,0.5302,2.3167,4.3697,1.0,False
served,numba,gpuv2-llr40-oss120b-omp,llr40v10-oss120b-c-skills,40,40,40,0,0,0,0.5165,0.5165,2.2686,4.3923,1.0,False
served,numba,gpuv2-llr40-oss120b-omp,llr40v10-oss120b-fortran-skills,40,40,40,0,0,0,0.6845,0.6845,2.2686,3.3144,1.0,False
served,numba,gpuv2-llr40-oss120b-omp,llr40v10-qwen38-c,40,40,40,0,0,0,0.4754,0.4754,2.2686,4.7717,1.0,False
served,numba,gpuv2-llr40-oss120b-omp,llr40v10-qwen38-c-skills,40,32,32,8,0,0,0.3154,0.3871,2.7842,7.192,0.0078,False
served,numba,gpuv2-llr40-oss120b-omp,llr40v10-qwen38-fortran,40,35,35,5,0,0,0.7625,0.6912,2.0564,2.9751,0.0625,False
served,numba,gpuv2-llr40-oss120b-omp,llr40v10-qwen38-fortran-skills,40,38,38,2,0,0,0.5104,0.527,2.3426,4.4449,0.5,False
served,numba,gpuv2-llr40-oss120b-omp,llr40v11-kimi27sglang-c,40,40,40,0,0,0,0.5741,0.5741,2.2686,3.9517,1.0,False
served,numba,gpuv2-llr40-oss120b-omp,llr40v11-kimi27sglang-c-skills,40,40,40,0,0,0,0.6019,0.6019,2.2686,3.7693,1.0,False
served,numba,gpuv2-llr40-oss120b-omp,llr40v11-kimi27sglang-fortran,40,40,40,0,0,0,0.7255,0.7255,2.2686,3.127,1.0,False
served,numba,gpuv2-llr40-oss120b-omp,llr40v11-kimi27sglang-fortran-skills,40,40,40,0,0,0,0.5271,0.5271,2.2686,4.3037,1.0,False
served,numba,gpuv2-llr40-oss120b-omp,llr40v11-oss120b-c,40,39,39,1,0,0,0.5694,0.54,2.1515,3.9842,1.0,False
served,numba,gpuv2-llr40-oss120b-omp,llr40v11-oss120b-c-skills,40,40,40,0,0,0,0.6096,0.6096,2.2686,3.7217,1.0,False
served,numba,gpuv2-llr40-oss120b-omp,llr40v11-oss120b-fortran,40,40,40,0,0,0,0.7038,0.7038,2.2686,3.2233,1.0,False
served,numba,gpuv2-llr40-oss120b-omp,llr40v11-oss120b-fortran-skills,40,40,40,0,0,0,0.7353,0.7353,2.2686,3.0852,1.0,False
served,numba,gpuv2-llr40-oss120b-omp,llr40v11-qwen38-c,40,38,38,2,0,0,0.4673,0.4879,2.3685,4.855,0.5,False
served,numba,gpuv2-llr40-oss120b-omp,llr40v11-qwen38-c-skills,40,38,38,2,0,0,0.4812,0.4784,2.2554,4.7147,0.5,False
served,numba,gpuv2-llr40-oss120b-omp,llr40v11-qwen38-fortran,40,34,34,6,0,0,0.7562,0.8268,2.4804,3.0001,0.0312,False
served,numba,gpuv2-llr40-oss120b-omp,llr40v11-qwen38-fortran-skills,40,37,37,3,0,0,0.5145,0.5499,2.4244,4.4091,0.25,False
served,numba,gpuv2-llr40-oss120b-omp,v11w2-kimi27sglang-c,40,13,13,27,0,0,0.5659,0.3723,1.4923,4.0086,0.0,False
served,numba,gpuv2-llr40-oss120b-omp,v11w2-kimi27sglang-c-skills,40,15,15,25,0,0,0.4407,0.2891,1.4879,5.1474,0.0,False
served,numba,gpuv2-llr40-oss120b-omp,v11w2-kimi27sglang-fortran,40,14,14,26,0,0,0.3423,0.2356,1.5615,6.6278,0.0,False
served,numba,gpuv2-llr40-oss120b-omp,v11w2-kimi27sglang-fortran-skills,40,14,14,26,0,0,0.469,0.3875,1.8744,4.8376,0.0,False
served,numba,gpuv2-llr40-oss120b-omp,v11w2-oss120b-c,40,8,8,32,0,0,0.3962,0.2934,1.6798,5.7261,0.0,False
served,numba,gpuv2-llr40-oss120b-omp,v11w2-oss120b-c-skills,40,5,5,35,0,0,0.4306,0.1898,1.0,5.2683,0.0,False
served,numba,gpuv2-llr40-oss120b-omp,v11w2-oss120b-fortran,40,14,14,26,0,0,0.7614,0.4916,1.4647,2.9793,0.0,False
served,numba,gpuv2-llr40-oss120b-omp,v11w2-oss120b-fortran-skills,40,14,14,26,0,0,0.5812,0.3326,1.298,3.9031,0.0,False
served,numba,gpuv2-llr40-oss120b-omp,v11w2-qwen38-c,40,16,16,24,0,0,0.5081,0.4125,1.8417,4.4651,0.0,False
served,numba,gpuv2-llr40-oss120b-omp,v11w2-qwen38-c-skills,40,14,14,26,0,0,0.3813,0.3223,1.9175,5.9491,0.0,False
served,numba,gpuv2-llr40-oss120b-omp,v11w2-qwen38-fortran,40,23,23,17,0,0,0.3129,0.2754,1.9964,7.2499,0.0,False
served,numba,gpuv2-llr40-oss120b-omp,v11w2-qwen38-fortran-skills,40,17,17,23,0,0,0.3846,0.2683,1.5823,5.8983,0.0,False
served,numba,gpuv2-llr40-oss120b-omp-skills,gpuv2-llr40-qwen38-hip,40,32,32,8,0,0,0.0634,0.0775,3.3793,43.6206,0.0078,False
served,numba,gpuv2-llr40-oss120b-omp-skills,gpuv2-llr40-qwen38-hip-skills,40,36,36,4,0,0,0.0779,0.086,3.0538,35.4955,0.125,False
served,numba,gpuv2-llr40-oss120b-omp-skills,gpuv2-llr40-qwen38-omp,40,35,35,5,0,0,0.7828,0.8589,3.0357,3.5344,0.0625,False
served,numba,gpuv2-llr40-oss120b-omp-skills,gpuv2-llr40-qwen38-omp-skills,40,38,38,2,0,0,0.9471,0.9067,2.6487,2.9213,0.5,False
served,numba,gpuv2-llr40-oss120b-omp-skills,gpuv4-llr40-oss120b-pytriton,40,40,40,0,0,0,1.547,1.547,2.7667,1.7884,1.0,False
served,numba,gpuv2-llr40-oss120b-omp-skills,gpuv4-llr40-oss120b-pytriton-skills,40,40,40,0,0,0,1.3174,1.3174,2.7667,2.1002,1.0,False
served,numba,gpuv2-llr40-oss120b-omp-skills,gpuv4-llr40-qwen38-pytriton,40,40,40,0,0,0,0.5118,0.5118,2.7667,5.4064,1.0,False
served,numba,gpuv2-llr40-oss120b-omp-skills,gpuv4-llr40-qwen38-pytriton-skills,40,38,38,2,0,0,0.4309,0.4401,2.8265,6.4216,0.5,False
served,numba,gpuv2-llr40-oss120b-omp-skills,llr40v10-kimi27sglang-c,40,40,40,0,0,0,0.5372,0.5372,2.7667,5.1504,1.0,False
served,numba,gpuv2-llr40-oss120b-omp-skills,llr40v10-kimi27sglang-c-skills,40,40,40,0,0,0,0.5239,0.5239,2.7667,5.2814,1.0,False
served,numba,gpuv2-llr40-oss120b-omp-skills,llr40v10-kimi27sglang-fortran,40,40,40,0,0,0,0.583,0.583,2.7667,4.7456,1.0,False
served,numba,gpuv2-llr40-oss120b-omp-skills,llr40v10-kimi27sglang-fortran-skills,40,39,39,1,0,0,0.6332,0.6499,2.8399,4.3697,1.0,False
served,numba,gpuv2-llr40-oss120b-omp-skills,llr40v10-oss120b-c-skills,40,40,40,0,0,0,0.6299,0.6299,2.7667,4.3923,1.0,False
served,numba,gpuv2-llr40-oss120b-omp-skills,llr40v10-oss120b-fortran-skills,40,40,40,0,0,0,0.8348,0.8348,2.7667,3.3144,1.0,False
served,numba,gpuv2-llr40-oss120b-omp-skills,llr40v10-qwen38-c,40,40,40,0,0,0,0.5798,0.5798,2.7667,4.7717,1.0,False
served,numba,gpuv2-llr40-oss120b-omp-skills,llr40v10-qwen38-c-skills,40,32,32,8,0,0,0.3847,0.4867,3.5002,7.192,0.0078,False
served,numba,gpuv2-llr40-oss120b-omp-skills,llr40v10-qwen38-fortran,40,35,35,5,0,0,0.93,0.8519,2.5343,2.9751,0.0625,False
served,numba,gpuv2-llr40-oss120b-omp-skills,llr40v10-qwen38-fortran-skills,40,38,38,2,0,0,0.6224,0.6521,2.8984,4.4449,0.5,False
served,numba,gpuv2-llr40-oss120b-omp-skills,llr40v11-kimi27sglang-c,40,40,40,0,0,0,0.7001,0.7001,2.7667,3.9517,1.0,False
served,numba,gpuv2-llr40-oss120b-omp-skills,llr40v11-kimi27sglang-c-skills,40,40,40,0,0,0,0.734,0.734,2.7667,3.7693,1.0,False
served,numba,gpuv2-llr40-oss120b-omp-skills,llr40v11-kimi27sglang-fortran,40,40,40,0,0,0,0.8848,0.8848,2.7667,3.127,1.0,False
served,numba,gpuv2-llr40-oss120b-omp-skills,llr40v11-kimi27sglang-fortran-skills,40,40,40,0,0,0,0.6429,0.6429,2.7667,4.3037,1.0,False
served,numba,gpuv2-llr40-oss120b-omp-skills,llr40v11-oss120b-c,40,39,39,1,0,0,0.6944,0.6593,2.6266,3.9842,1.0,False
served,numba,gpuv2-llr40-oss120b-omp-skills,llr40v11-oss120b-c-skills,40,40,40,0,0,0,0.7434,0.7434,2.7667,3.7217,1.0,False
served,numba,gpuv2-llr40-oss120b-omp-skills,llr40v11-oss120b-fortran,40,40,40,0,0,0,0.8584,0.8584,2.7667,3.2233,1.0,False
served,numba,gpuv2-llr40-oss120b-omp-skills,llr40v11-oss120b-fortran-skills,40,40,40,0,0,0,0.8968,0.8968,2.7667,3.0852,1.0,False
served,numba,gpuv2-llr40-oss120b-omp-skills,llr40v11-qwen38-c,40,38,38,2,0,0,0.5699,0.6012,2.919,4.855,0.5,False
served,numba,gpuv2-llr40-oss120b-omp-skills,llr40v11-qwen38-c-skills,40,38,38,2,0,0,0.5868,0.5886,2.7751,4.7147,0.5,False
served,numba,gpuv2-llr40-oss120b-omp-skills,llr40v11-qwen38-fortran,40,34,34,6,0,0,0.9222,0.9627,2.8881,3.0001,0.0312,False
served,numba,gpuv2-llr40-oss120b-omp-skills,llr40v11-qwen38-fortran-skills,40,37,37,3,0,0,0.6275,0.6796,2.9966,4.4091,0.25,False
served,numba,gpuv2-llr40-oss120b-omp-skills,v11w2-kimi27sglang-c,40,13,13,27,0,0,0.6902,0.378,1.5153,4.0086,0.0,False
served,numba,gpuv2-llr40-oss120b-omp-skills,v11w2-kimi27sglang-c-skills,40,15,15,25,0,0,0.5375,0.3113,1.6026,5.1474,0.0,False
served,numba,gpuv2-llr40-oss120b-omp-skills,v11w2-kimi27sglang-fortran,40,14,14,26,0,0,0.4174,0.2856,1.8932,6.6278,0.0,False
served,numba,gpuv2-llr40-oss120b-omp-skills,v11w2-kimi27sglang-fortran-skills,40,14,14,26,0,0,0.5719,0.4664,2.2565,4.8376,0.0,False
served,numba,gpuv2-llr40-oss120b-omp-skills,v11w2-oss120b-c,40,8,8,32,0,0,0.4832,0.3289,1.8834,5.7261,0.0,False
served,numba,gpuv2-llr40-oss120b-omp-skills,v11w2-oss120b-c-skills,40,5,5,35,0,0,0.5252,0.3042,1.6026,5.2683,0.0,False
served,numba,gpuv2-llr40-oss120b-omp-skills,v11w2-oss120b-fortran,40,14,14,26,0,0,0.9287,0.5263,1.5682,2.9793,0.0,False
served,numba,gpuv2-llr40-oss120b-omp-skills,v11w2-oss120b-fortran-skills,40,14,14,26,0,0,0.7089,0.453,1.7683,3.9031,0.0,False
served,numba,gpuv2-llr40-oss120b-omp-skills,v11w2-qwen38-c,40,16,16,24,0,0,0.6196,0.4659,2.0805,4.4651,0.0,False
served,numba,gpuv2-llr40-oss120b-omp-skills,v11w2-qwen38-c-skills,40,14,14,26,0,0,0.4651,0.3911,2.3265,5.9491,0.0,False
served,numba,gpuv2-llr40-oss120b-omp-skills,v11w2-qwen38-fortran,40,23,23,17,0,0,0.3816,0.3304,2.3952,7.2499,0.0,False
served,numba,gpuv2-llr40-oss120b-omp-skills,v11w2-qwen38-fortran-skills,40,17,17,23,0,0,0.4691,0.2939,1.7336,5.8983,0.0,False
served,numba,gpuv2-llr40-qwen38-hip,gpuv2-llr40-qwen38-hip-skills,32,36,32,0,4,4,1.2289,1.1895,43.6206,36.6722,0.125,False
served,numba,gpuv2-llr40-qwen38-hip,gpuv2-llr40-qwen38-omp,32,35,30,2,5,3,12.3416,10.3605,41.2274,3.9793,0.4531,False
served,numba,gpuv2-llr40-qwen38-hip,gpuv2-llr40-qwen38-omp-skills,32,38,30,2,8,0,14.9321,15.8874,45.2096,2.8456,0.1094,False
served,numba,gpuv2-llr40-qwen38-hip,gpuv4-llr40-oss120b-pytriton,32,40,32,0,8,0,24.3902,22.5071,43.6206,1.9381,0.0078,False
served,numba,gpuv2-llr40-qwen38-hip,gpuv4-llr40-oss120b-pytriton-skills,32,40,32,0,8,0,20.7694,19.623,43.6206,2.2229,0.0078,False
served,numba,gpuv2-llr40-qwen38-hip,gpuv4-llr40-qwen38-pytriton,32,40,32,0,8,0,8.0684,7.7733,43.6206,5.6116,0.0078,False
served,numba,gpuv2-llr40-qwen38-hip,gpuv4-llr40-qwen38-pytriton-skills,32,38,32,0,6,2,6.7928,6.6852,43.6206,6.525,0.0312,False
served,numba,gpuv2-llr40-qwen38-hip,llr40v10-kimi27sglang-c,32,40,32,0,8,0,8.4694,8.1699,43.6206,5.3392,0.0078,False
served,numba,gpuv2-llr40-qwen38-hip,llr40v10-kimi27sglang-c-skills,32,40,32,0,8,0,8.2593,7.3024,43.6206,5.9735,0.0078,False
served,numba,gpuv2-llr40-qwen38-hip,llr40v10-kimi27sglang-fortran,32,40,32,0,8,0,9.1917,8.5175,43.6206,5.1213,0.0078,False
served,numba,gpuv2-llr40-qwen38-hip,llr40v10-kimi27sglang-fortran-skills,32,39,31,1,8,0,9.9826,9.9435,41.0719,4.1305,0.0391,False
served,numba,gpuv2-llr40-qwen38-hip,llr40v10-oss120b-c-skills,32,40,32,0,8,0,9.931,8.6429,43.6206,5.047,0.0078,False
served,numba,gpuv2-llr40-qwen38-hip,llr40v10-oss120b-fortran-skills,32,40,32,0,8,0,13.161,11.6312,43.6206,3.7503,0.0078,False
served,numba,gpuv2-llr40-qwen38-hip,llr40v10-qwen38-c,32,40,32,0,8,0,9.1415,8.8743,43.6206,4.9154,0.0078,False
served,numba,gpuv2-llr40-qwen38-hip,llr40v10-qwen38-c-skills,32,32,27,5,5,3,6.0652,4.7553,36.6182,7.7006,1.0,False
served,numba,gpuv2-llr40-qwen38-hip,llr40v10-qwen38-fortran,32,35,28,4,7,1,14.662,10.4378,34.8552,3.3393,0.5488,False
served,numba,gpuv2-llr40-qwen38-hip,llr40v10-qwen38-fortran-skills,32,38,30,2,8,0,9.8136,9.6698,46.6722,4.8266,0.1094,False
served,numba,gpuv2-llr40-qwen38-hip,llr40v11-kimi27sglang-c,32,40,32,0,8,0,11.0385,9.5175,43.6206,4.5832,0.0078,False
served,numba,gpuv2-llr40-qwen38-hip,llr40v11-kimi27sglang-c-skills,32,40,32,0,8,0,11.5727,10.0685,43.6206,4.3324,0.0078,False
served,numba,gpuv2-llr40-qwen38-hip,llr40v11-kimi27sglang-fortran,32,40,32,0,8,0,13.9499,11.7438,43.6206,3.7143,0.0078,False
served,numba,gpuv2-llr40-qwen38-hip,llr40v11-kimi27sglang-fortran-skills,32,40,32,0,8,0,10.1357,8.8248,43.6206,4.9429,0.0078,False
served,numba,gpuv2-llr40-qwen38-hip,llr40v11-oss120b-c,32,39,31,1,8,0,10.9485,8.5648,41.0851,4.7969,0.0391,False
served,numba,gpuv2-llr40-qwen38-hip,llr40v11-oss120b-c-skills,32,40,32,0,8,0,11.7205,11.046,43.6206,3.949,0.0078,False
served,numba,gpuv2-llr40-qwen38-hip,llr40v11-oss120b-fortran,32,40,32,0,8,0,13.5329,12.0884,43.6206,3.6085,0.0078,False
served,numba,gpuv2-llr40-qwen38-hip,llr40v11-oss120b-fortran-skills,32,40,32,0,8,0,14.1385,12.7803,43.6206,3.4131,0.0078,False
served,numba,gpuv2-llr40-qwen38-hip,llr40v11-qwen38-c,32,38,30,2,8,0,8.9847,8.2002,42.0839,5.132,0.1094,False
served,numba,gpuv2-llr40-qwen38-hip,llr40v11-qwen38-c-skills,32,38,31,1,7,1,9.2521,8.4583,42.3572,5.0078,0.0703,False
served,numba,gpuv2-llr40-qwen38-hip,llr40v11-qwen38-fortran,32,34,27,5,7,1,14.5399,14.1191,44.3858,3.1437,0.7744,False
served,numba,gpuv2-llr40-qwen38-hip,llr40v11-qwen38-fortran-skills,32,37,30,2,7,1,9.8933,9.4698,41.2274,4.3535,0.1797,False
served,numba,gpuv2-llr40-qwen38-hip,v11w2-kimi27sglang-c,32,13,10,22,3,5,10.8816,4.9334,18.0395,3.6566,0.0002,False
served,numba,gpuv2-llr40-qwen38-hip,v11w2-kimi27sglang-c-skills,32,15,10,22,5,3,8.4743,3.3037,18.5861,5.6259,0.0015,False
served,numba,gpuv2-llr40-qwen38-hip,v11w2-kimi27sglang-fortran,32,14,9,23,5,3,6.5814,6.6451,33.6795,5.0683,0.0009,False
served,numba,gpuv2-llr40-qwen38-hip,v11w2-kimi27sglang-fortran-skills,32,14,11,21,3,5,9.017,7.4901,28.2871,3.7766,0.0003,False
served,numba,gpuv2-llr40-qwen38-hip,v11w2-oss120b-c,32,8,4,28,4,4,7.6178,6.2393,28.81,4.6175,0.0,False
served,numba,gpuv2-llr40-qwen38-hip,v11w2-oss120b-c-skills,32,5,4,28,1,7,8.2798,4.5378,36.2189,7.9815,0.0,False
served,numba,gpuv2-llr40-qwen38-hip,v11w2-oss120b-fortran,32,14,10,22,4,4,14.6411,6.5315,21.3005,3.2612,0.0005,False
served,numba,gpuv2-llr40-qwen38-hip,v11w2-oss120b-fortran-skills,32,14,9,23,5,3,11.1758,8.4468,38.4578,4.5529,0.0009,False
served,numba,gpuv2-llr40-qwen38-hip,v11w2-qwen38-c,32,16,12,20,4,4,9.7693,6.3278,25.695,4.0606,0.0015,False
served,numba,gpuv2-llr40-qwen38-hip,v11w2-qwen38-c-skills,32,14,10,22,4,4,7.3323,5.2526,24.7539,4.7127,0.0005,False
served,numba,gpuv2-llr40-qwen38-hip,v11w2-qwen38-fortran,32,23,19,13,4,4,6.0168,5.9927,40.2341,6.7139,0.049,False
served,numba,gpuv2-llr40-qwen38-hip,v11w2-qwen38-fortran-skills,32,17,13,19,4,4,7.3954,3.7019,17.8458,4.8207,0.0026,False
served,numba,gpuv2-llr40-qwen38-hip-skills,gpuv2-llr40-qwen38-omp,36,35,33,3,2,2,10.0427,11.8378,41.5481,3.5098,1.0,False
served,numba,gpuv2-llr40-qwen38-hip-skills,gpuv2-llr40-qwen38-omp-skills,36,38,34,2,4,0,12.1507,16.0523,43.7884,2.7279,0.6875,False
served,numba,gpuv2-llr40-qwen38-hip-skills,gpuv4-llr40-oss120b-pytriton,36,40,36,0,4,0,19.8471,19.4093,35.4955,1.8288,0.125,False
served,numba,gpuv2-llr40-qwen38-hip-skills,gpuv4-llr40-oss120b-pytriton-skills,36,40,36,0,4,0,16.9008,16.3661,35.4955,2.1688,0.125,False
served,numba,gpuv2-llr40-qwen38-hip-skills,gpuv4-llr40-qwen38-pytriton,36,40,36,0,4,0,6.5655,7.093,35.4955,5.0043,0.125,False
served,numba,gpuv2-llr40-qwen38-hip-skills,gpuv4-llr40-qwen38-pytriton-skills,36,38,34,2,4,0,5.5275,6.3183,38.9853,6.1703,0.6875,False
served,numba,gpuv2-llr40-qwen38-hip-skills,llr40v10-kimi27sglang-c,36,40,36,0,4,0,6.8918,6.2444,35.4955,5.6843,0.125,False
served,numba,gpuv2-llr40-qwen38-hip-skills,llr40v10-kimi27sglang-c-skills,36,40,36,0,4,0,6.7208,6.0107,35.4955,5.9053,0.125,False
served,numba,gpuv2-llr40-qwen38-hip-skills,llr40v10-kimi27sglang-fortran,36,40,36,0,4,0,7.4796,6.8673,35.4955,5.1688,0.125,False
served,numba,gpuv2-llr40-qwen38-hip-skills,llr40v10-kimi27sglang-fortran-skills,36,39,35,1,4,0,8.1231,8.1715,34.7933,4.2579,0.375,False
served,numba,gpuv2-llr40-qwen38-hip-skills,llr40v10-oss120b-c-skills,36,40,36,0,4,0,8.0812,7.091,35.4955,5.0057,0.125,False
served,numba,gpuv2-llr40-qwen38-hip-skills,llr40v10-oss120b-fortran-skills,36,40,36,0,4,0,10.7096,9.7309,35.4955,3.6477,0.125,False
served,numba,gpuv2-llr40-qwen38-hip-skills,llr40v10-qwen38-c,36,40,36,0,4,0,7.4388,7.2216,35.4955,4.9152,0.125,False
served,numba,gpuv2-llr40-qwen38-hip-skills,llr40v10-qwen38-c-skills,36,32,30,6,2,2,4.9354,4.4765,34.4782,7.702,0.2891,False
served,numba,gpuv2-llr40-qwen38-hip-skills,llr40v10-qwen38-fortran,36,35,31,5,4,0,11.9309,9.6449,30.2093,3.1322,1.0,False
served,numba,gpuv2-llr40-qwen38-hip-skills,llr40v10-qwen38-fortran-skills,36,38,34,2,4,0,7.9856,7.83,33.8761,4.3264,0.6875,False
served,numba,gpuv2-llr40-qwen38-hip-skills,llr40v11-kimi27sglang-c,36,40,36,0,4,0,8.9824,8.3933,35.4955,4.229,0.125,False
served,numba,gpuv2-llr40-qwen38-hip-skills,llr40v11-kimi27sglang-c-skills,36,40,36,0,4,0,9.4171,8.1262,35.4955,4.368,0.125,False
served,numba,gpuv2-llr40-qwen38-hip-skills,llr40v11-kimi27sglang-fortran,36,40,36,0,4,0,11.3515,10.7609,35.4955,3.2986,0.125,False
served,numba,gpuv2-llr40-qwen38-hip-skills,llr40v11-kimi27sglang-fortran-skills,36,40,36,0,4,0,8.2477,7.2938,35.4955,4.8665,0.125,False
served,numba,gpuv2-llr40-qwen38-hip-skills,llr40v11-oss120b-c,36,39,35,1,4,0,8.9091,7.2498,33.6168,4.6369,0.375,False
served,numba,gpuv2-llr40-qwen38-hip-skills,llr40v11-oss120b-c-skills,36,40,36,0,4,0,9.5373,9.0662,35.4955,3.9152,0.125,False
served,numba,gpuv2-llr40-qwen38-hip-skills,llr40v11-oss120b-fortran,36,40,36,0,4,0,11.0121,10.0286,35.4955,3.5394,0.125,False
served,numba,gpuv2-llr40-qwen38-hip-skills,llr40v11-oss120b-fortran-skills,36,40,36,0,4,0,11.505,10.482,35.4955,3.3863,0.125,False
served,numba,gpuv2-llr40-qwen38-hip-skills,llr40v11-qwen38-c,36,38,34,2,4,0,7.3111,6.8078,34.3553,5.0464,0.6875,False
served,numba,gpuv2-llr40-qwen38-hip-skills,llr40v11-qwen38-c-skills,36,38,34,2,4,0,7.5287,6.9426,34.1149,4.9138,0.6875,False
served,numba,gpuv2-llr40-qwen38-hip-skills,llr40v11-qwen38-fortran,36,34,30,6,4,0,11.8316,10.0424,29.394,2.927,0.7539,False
served,numba,gpuv2-llr40-qwen38-hip-skills,llr40v11-qwen38-fortran-skills,36,37,33,3,4,0,8.0505,7.9894,36.8607,4.6137,1.0,False
served,numba,gpuv2-llr40-qwen38-hip-skills,v11w2-kimi27sglang-c,36,13,12,24,1,3,8.8547,3.1585,13.435,4.2536,0.0,False
served,numba,gpuv2-llr40-qwen38-hip-skills,v11w2-kimi27sglang-c-skills,36,15,11,25,4,0,6.8958,4.7909,28.007,5.8458,0.0001,False
served,numba,gpuv2-llr40-qwen38-hip-skills,v11w2-kimi27sglang-fortran,36,14,12,24,2,2,5.3555,2.9484,18.244,6.1877,0.0,False
served,numba,gpuv2-llr40-qwen38-hip-skills,v11w2-kimi27sglang-fortran-skills,36,14,12,24,2,2,7.3374,5.0376,20.3881,4.0472,0.0,False
served,numba,gpuv2-llr40-qwen38-hip-skills,v11w2-oss120b-c,36,8,5,31,3,1,6.1989,10.5722,35.9496,3.4004,0.0,False
served,numba,gpuv2-llr40-qwen38-hip-skills,v11w2-oss120b-c-skills,36,5,4,32,1,3,6.7376,10.3897,82.9259,7.9815,0.0,False
served,numba,gpuv2-llr40-qwen38-hip-skills,v11w2-oss120b-fortran,36,14,12,24,2,2,11.914,9.7795,26.8494,2.7455,0.0,False
served,numba,gpuv2-llr40-qwen38-hip-skills,v11w2-oss120b-fortran-skills,36,14,11,25,3,1,9.0941,8.2215,32.6037,3.9656,0.0,False
served,numba,gpuv2-llr40-qwen38-hip-skills,v11w2-qwen38-c,36,16,14,22,2,2,7.9496,3.5009,14.9341,4.2657,0.0,False
served,numba,gpuv2-llr40-qwen38-hip-skills,v11w2-qwen38-c-skills,36,14,12,24,2,2,5.9665,1.7942,8.5573,4.7693,0.0,False
served,numba,gpuv2-llr40-qwen38-hip-skills,v11w2-qwen38-fortran,36,23,22,14,1,3,4.896,4.6479,32.5447,7.002,0.001,False
served,numba,gpuv2-llr40-qwen38-hip-skills,v11w2-qwen38-fortran-skills,36,17,15,21,2,2,6.0179,3.2742,16.8313,5.1406,0.0001,False
served,numba,gpuv2-llr40-qwen38-omp,gpuv2-llr40-qwen38-omp-skills,35,38,33,2,5,0,1.2099,1.1666,3.2805,2.8121,0.4531,False
served,numba,gpuv2-llr40-qwen38-omp,gpuv4-llr40-oss120b-pytriton,35,40,35,0,5,0,1.9763,1.9841,3.5344,1.7814,0.0625,False
served,numba,gpuv2-llr40-qwen38-omp,gpuv4-llr40-oss120b-pytriton-skills,35,40,35,0,5,0,1.6829,1.6418,3.5344,2.1527,0.0625,False
served,numba,gpuv2-llr40-qwen38-omp,gpuv4-llr40-qwen38-pytriton,35,40,35,0,5,0,0.6538,0.7224,3.5344,4.8929,0.0625,False
served,numba,gpuv2-llr40-qwen38-omp,gpuv4-llr40-qwen38-pytriton-skills,35,38,34,1,4,1,0.5504,0.6025,3.6682,6.0877,0.375,False
served,numba,gpuv2-llr40-qwen38-omp,llr40v10-kimi27sglang-c,35,40,35,0,5,0,0.6862,0.6475,3.5344,5.4589,0.0625,False
served,numba,gpuv2-llr40-qwen38-omp,llr40v10-kimi27sglang-c-skills,35,40,35,0,5,0,0.6692,0.6117,3.5344,5.7783,0.0625,False
served,numba,gpuv2-llr40-qwen38-omp,llr40v10-kimi27sglang-fortran,35,40,35,0,5,0,0.7448,0.8128,3.5344,4.3484,0.0625,False
served,numba,gpuv2-llr40-qwen38-omp,llr40v10-kimi27sglang-fortran-skills,35,39,34,1,5,0,0.8089,0.9056,3.6682,4.0507,0.2188,False
served,numba,gpuv2-llr40-qwen38-omp,llr40v10-oss120b-c-skills,35,40,35,0,5,0,0.8047,0.7745,3.5344,4.5637,0.0625,False
served,numba,gpuv2-llr40-qwen38-omp,llr40v10-oss120b-fortran-skills,35,40,35,0,5,0,1.0664,1.03,3.5344,3.4315,0.0625,False
served,numba,gpuv2-llr40-qwen38-omp,llr40v10-qwen38-c,35,40,35,0,5,0,0.7407,0.7105,3.5344,4.9743,0.0625,False
served,numba,gpuv2-llr40-qwen38-omp,llr40v10-qwen38-c-skills,35,32,30,5,2,3,0.4914,0.5418,3.9793,7.3452,0.4531,False
served,numba,gpuv2-llr40-qwen38-omp,llr40v10-qwen38-fortran,35,35,31,4,4,1,1.188,1.0333,3.1021,3.0022,1.0,False
served,numba,gpuv2-llr40-qwen38-omp,llr40v10-qwen38-fortran-skills,35,38,34,1,4,1,0.7952,0.7354,3.5592,4.8396,0.375,False
served,numba,gpuv2-llr40-qwen38-omp,llr40v11-kimi27sglang-c,35,40,35,0,5,0,0.8944,0.8557,3.5344,4.1303,0.0625,False
served,numba,gpuv2-llr40-qwen38-omp,llr40v11-kimi27sglang-c-skills,35,40,35,0,5,0,0.9377,0.8945,3.5344,3.9511,0.0625,False
served,numba,gpuv2-llr40-qwen38-omp,llr40v11-kimi27sglang-fortran,35,40,35,0,5,0,1.1303,1.0825,3.5344,3.2649,0.0625,False
served,numba,gpuv2-llr40-qwen38-omp,llr40v11-kimi27sglang-fortran-skills,35,40,35,0,5,0,0.8213,0.7782,3.5344,4.5417,0.0625,False
served,numba,gpuv2-llr40-qwen38-omp,llr40v11-oss120b-c,35,39,34,1,5,0,0.8871,0.8224,3.3618,4.0877,0.2188,False
served,numba,gpuv2-llr40-qwen38-omp,llr40v11-oss120b-c-skills,35,40,35,0,5,0,0.9497,1.0256,3.5344,3.4461,0.0625,True
served,numba,gpuv2-llr40-qwen38-omp,llr40v11-oss120b-fortran,35,40,35,0,5,0,1.0965,0.9836,3.5344,3.5932,0.0625,True
served,numba,gpuv2-llr40-qwen38-omp,llr40v11-oss120b-fortran-skills,35,40,35,0,5,0,1.1456,1.0712,3.5344,3.2994,0.0625,False
served,numba,gpuv2-llr40-qwen38-omp,llr40v11-qwen38-c,35,38,33,2,5,0,0.728,0.7612,3.8155,5.0126,0.4531,False
served,numba,gpuv2-llr40-qwen38-omp,llr40v11-qwen38-c-skills,35,38,33,2,5,0,0.7497,0.6843,3.5024,5.118,0.4531,False
served,numba,gpuv2-llr40-qwen38-omp,llr40v11-qwen38-fortran,35,34,30,5,4,1,1.1781,1.4523,4.1149,2.8334,1.0,False
served,numba,gpuv2-llr40-qwen38-omp,llr40v11-qwen38-fortran-skills,35,37,34,1,3,2,0.8016,0.8466,3.6682,4.3328,0.625,False
served,numba,gpuv2-llr40-qwen38-omp,v11w2-kimi27sglang-c,35,13,10,25,3,2,0.8817,0.4924,1.6106,3.271,0.0,False
served,numba,gpuv2-llr40-qwen38-omp,v11w2-kimi27sglang-c-skills,35,15,12,23,3,2,0.6866,0.3621,2.0118,5.5554,0.0001,False
served,numba,gpuv2-llr40-qwen38-omp,v11w2-kimi27sglang-fortran,35,14,11,24,3,2,0.5333,0.4961,2.8019,5.6483,0.0,False
served,numba,gpuv2-llr40-qwen38-omp,v11w2-kimi27sglang-fortran-skills,35,14,12,23,2,3,0.7306,0.4564,1.8471,4.0472,0.0,False
served,numba,gpuv2-llr40-qwen38-omp,v11w2-oss120b-c,35,8,6,29,2,3,0.6172,0.772,3.3334,4.3176,0.0,False
served,numba,gpuv2-llr40-qwen38-omp,v11w2-oss120b-c-skills,35,5,5,30,0,5,0.6709,0.4676,2.4633,5.2683,0.0,False
served,numba,gpuv2-llr40-qwen38-omp,v11w2-oss120b-fortran,35,14,11,24,3,2,1.1863,0.6858,1.8415,2.6853,0.0,True
served,numba,gpuv2-llr40-qwen38-omp,v11w2-oss120b-fortran-skills,35,14,11,24,3,2,0.9055,0.5692,2.3702,4.1642,0.0,False
served,numba,gpuv2-llr40-qwen38-omp,v11w2-qwen38-c,35,16,14,21,2,3,0.7916,0.6391,2.7299,4.2718,0.0001,False
served,numba,gpuv2-llr40-qwen38-omp,v11w2-qwen38-c-skills,35,14,11,24,3,2,0.5941,0.5372,1.9905,3.7055,0.0,False
served,numba,gpuv2-llr40-qwen38-omp,v11w2-qwen38-fortran,35,23,21,14,2,3,0.4875,0.4548,2.9123,6.404,0.0042,False
served,numba,gpuv2-llr40-qwen38-omp,v11w2-qwen38-fortran-skills,35,17,14,21,3,2,0.5992,0.3122,1.4773,4.7322,0.0003,False
served,numba,gpuv2-llr40-qwen38-omp-skills,gpuv4-llr40-oss120b-pytriton,38,40,38,0,2,0,1.6334,1.6559,2.9213,1.7642,0.5,False
served,numba,gpuv2-llr40-qwen38-omp-skills,gpuv4-llr40-oss120b-pytriton-skills,38,40,38,0,2,0,1.3909,1.3507,2.9213,2.1628,0.5,False
served,numba,gpuv2-llr40-qwen38-omp-skills,gpuv4-llr40-qwen38-pytriton,38,40,38,0,2,0,0.5403,0.5529,2.9213,5.2835,0.5,False
served,numba,gpuv2-llr40-qwen38-omp-skills,gpuv4-llr40-qwen38-pytriton-skills,38,38,36,2,2,0,0.4549,0.4849,3.1005,6.3946,1.0,False
served,numba,gpuv2-llr40-qwen38-omp-skills,llr40v10-kimi27sglang-c,38,40,38,0,2,0,0.5672,0.5835,2.9213,5.006,0.5,False
served,numba,gpuv2-llr40-qwen38-omp-skills,llr40v10-kimi27sglang-c-skills,38,40,38,0,2,0,0.5531,0.5897,2.9213,4.9539,0.5,False
served,numba,gpuv2-llr40-qwen38-omp-skills,llr40v10-kimi27sglang-fortran,38,40,38,0,2,0,0.6156,0.6326,2.9213,4.6182,0.5,False
served,numba,gpuv2-llr40-qwen38-omp-skills,llr40v10-kimi27sglang-fortran-skills,38,39,37,1,2,0,0.6685,0.7326,3.0071,4.1047,1.0,False
served,numba,gpuv2-llr40-qwen38-omp-skills,llr40v10-oss120b-c-skills,38,40,38,0,2,0,0.6651,0.6798,2.9213,4.2973,0.5,False
served,numba,gpuv2-llr40-qwen38-omp-skills,llr40v10-oss120b-fortran-skills,38,40,38,0,2,0,0.8814,0.9148,2.9213,3.1933,0.5,False
served,numba,gpuv2-llr40-qwen38-omp-skills,llr40v10-qwen38-c,38,40,38,0,2,0,0.6122,0.6434,2.9213,4.5402,0.5,False
served,numba,gpuv2-llr40-qwen38-omp-skills,llr40v10-qwen38-c-skills,38,32,30,8,2,0,0.4062,0.4719,3.3367,7.0703,0.1094,False
served,numba,gpuv2-llr40-qwen38-omp-skills,llr40v10-qwen38-fortran,38,35,33,5,2,0,0.9819,0.776,2.4413,3.1459,0.4531,False
served,numba,gpuv2-llr40-qwen38-omp-skills,llr40v10-qwen38-fortran-skills,38,38,36,2,2,0,0.6572,0.735,3.1005,4.2185,1.0,False
served,numba,gpuv2-llr40-qwen38-omp-skills,llr40v11-kimi27sglang-c,38,40,38,0,2,0,0.7392,0.7753,2.9213,3.768,0.5,False
served,numba,gpuv2-llr40-qwen38-omp-skills,llr40v11-kimi27sglang-c-skills,38,40,38,0,2,0,0.775,0.8386,2.9213,3.4833,0.5,False
served,numba,gpuv2-llr40-qwen38-omp-skills,llr40v11-kimi27sglang-fortran,38,40,38,0,2,0,0.9342,0.9878,2.9213,2.9574,0.5,False
served,numba,gpuv2-llr40-qwen38-omp-skills,llr40v11-kimi27sglang-fortran-skills,38,40,38,0,2,0,0.6788,0.7386,2.9213,3.955,0.5,False
served,numba,gpuv2-llr40-qwen38-omp-skills,llr40v11-oss120b-c,38,39,37,1,2,0,0.7332,0.6933,2.7407,3.9531,1.0,False
served,numba,gpuv2-llr40-qwen38-omp-skills,llr40v11-oss120b-c-skills,38,40,38,0,2,0,0.7849,0.8367,2.9213,3.4915,0.5,False
served,numba,gpuv2-llr40-qwen38-omp-skills,llr40v11-oss120b-fortran,38,40,38,0,2,0,0.9063,0.9542,2.9213,3.0614,0.5,False
served,numba,gpuv2-llr40-qwen38-omp-skills,llr40v11-oss120b-fortran-skills,38,40,38,0,2,0,0.9469,0.9013,2.9213,3.2413,0.5,False
served,numba,gpuv2-llr40-qwen38-omp-skills,llr40v11-qwen38-c,38,38,36,2,2,0,0.6017,0.6163,3.1005,5.0306,1.0,False
served,numba,gpuv2-llr40-qwen38-omp-skills,llr40v11-qwen38-c-skills,38,38,36,2,2,0,0.6196,0.6391,2.9354,4.5934,1.0,False
served,numba,gpuv2-llr40-qwen38-omp-skills,llr40v11-qwen38-fortran,38,34,32,6,2,0,0.9737,0.9464,3.0412,3.2133,0.2891,False
served,numba,gpuv2-llr40-qwen38-omp-skills,llr40v11-qwen38-fortran-skills,38,37,35,3,2,0,0.6626,0.754,3.2024,4.247,1.0,False
served,numba,gpuv2-llr40-qwen38-omp-skills,v11w2-kimi27sglang-c,38,13,13,25,0,2,0.7287,0.4612,1.849,4.0086,0.0,False
served,numba,gpuv2-llr40-qwen38-omp-skills,v11w2-kimi27sglang-c-skills,38,15,15,23,0,2,0.5675,0.4076,2.098,5.1474,0.0,False
served,numba,gpuv2-llr40-qwen38-omp-skills,v11w2-kimi27sglang-fortran,38,14,14,24,0,2,0.4408,0.4782,3.1694,6.6278,0.0,False
served,numba,gpuv2-llr40-qwen38-omp-skills,v11w2-kimi27sglang-fortran-skills,38,14,14,24,0,2,0.6039,0.4211,2.0369,4.8376,0.0,False
served,numba,gpuv2-llr40-qwen38-omp-skills,v11w2-oss120b-c,38,8,8,30,0,2,0.5102,0.7273,4.1646,5.7261,0.0,False
served,numba,gpuv2-llr40-qwen38-omp-skills,v11w2-oss120b-c-skills,38,5,5,33,0,2,0.5545,0.3147,1.6578,5.2683,0.0,False
served,numba,gpuv2-llr40-qwen38-omp-skills,v11w2-oss120b-fortran,38,14,14,24,0,2,0.9805,0.5354,1.5951,2.9793,0.0,False
served,numba,gpuv2-llr40-qwen38-omp-skills,v11w2-oss120b-fortran-skills,38,14,13,25,1,1,0.7484,0.6236,2.0206,3.2403,0.0,False
served,numba,gpuv2-llr40-qwen38-omp-skills,v11w2-qwen38-c,38,16,15,23,1,1,0.6543,0.6052,2.2493,3.7165,0.0,False
served,numba,gpuv2-llr40-qwen38-omp-skills,v11w2-qwen38-c-skills,38,14,13,25,1,1,0.491,0.3835,2.2944,5.9821,0.0,False
served,numba,gpuv2-llr40-qwen38-omp-skills,v11w2-qwen38-fortran,38,23,21,17,2,0,0.4029,0.3036,2.0077,6.6137,0.0007,False
served,numba,gpuv2-llr40-qwen38-omp-skills,v11w2-qwen38-fortran-skills,38,17,16,22,1,1,0.4953,0.4486,2.5671,5.7226,0.0,False
served,numba,gpuv4-llr40-oss120b-pytriton,gpuv4-llr40-oss120b-pytriton-skills,40,40,40,0,0,0,0.8515,0.8515,1.7884,2.1002,1.0,False
served,numba,gpuv4-llr40-oss120b-pytriton,gpuv4-llr40-qwen38-pytriton,40,40,40,0,0,0,0.3308,0.3308,1.7884,5.4064,1.0,False
served,numba,gpuv4-llr40-oss120b-pytriton,gpuv4-llr40-qwen38-pytriton-skills,40,38,38,2,0,0,0.2785,0.2872,1.844,6.4216,0.5,False
served,numba,gpuv4-llr40-oss120b-pytriton,llr40v10-kimi27sglang-c,40,40,40,0,0,0,0.3472,0.3472,1.7884,5.1504,1.0,False
served,numba,gpuv4-llr40-oss120b-pytriton,llr40v10-kimi27sglang-c-skills,40,40,40,0,0,0,0.3386,0.3386,1.7884,5.2814,1.0,False
served,numba,gpuv4-llr40-oss120b-pytriton,llr40v10-kimi27sglang-fortran,40,40,40,0,0,0,0.3769,0.3769,1.7884,4.7456,1.0,False
served,numba,gpuv4-llr40-oss120b-pytriton,llr40v10-kimi27sglang-fortran-skills,40,39,39,1,0,0,0.4093,0.4154,1.8153,4.3697,1.0,False
served,numba,gpuv4-llr40-oss120b-pytriton,llr40v10-oss120b-c-skills,40,40,40,0,0,0,0.4072,0.4072,1.7884,4.3923,1.0,False
served,numba,gpuv4-llr40-oss120b-pytriton,llr40v10-oss120b-fortran-skills,40,40,40,0,0,0,0.5396,0.5396,1.7884,3.3144,1.0,False
served,numba,gpuv4-llr40-oss120b-pytriton,llr40v10-qwen38-c,40,40,40,0,0,0,0.3748,0.3748,1.7884,4.7717,1.0,False
served,numba,gpuv4-llr40-oss120b-pytriton,llr40v10-qwen38-c-skills,40,32,32,8,0,0,0.2487,0.264,1.8987,7.192,0.0078,False
served,numba,gpuv4-llr40-oss120b-pytriton,llr40v10-qwen38-fortran,40,35,35,5,0,0,0.6011,0.5654,1.682,2.9751,0.0625,False
served,numba,gpuv4-llr40-oss120b-pytriton,llr40v10-qwen38-fortran-skills,40,38,38,2,0,0,0.4024,0.4016,1.7851,4.4449,0.5,False
served,numba,gpuv4-llr40-oss120b-pytriton,llr40v11-kimi27sglang-c,40,40,40,0,0,0,0.4526,0.4526,1.7884,3.9517,1.0,False
served,numba,gpuv4-llr40-oss120b-pytriton,llr40v11-kimi27sglang-c-skills,40,40,40,0,0,0,0.4745,0.4745,1.7884,3.7693,1.0,False
served,numba,gpuv4-llr40-oss120b-pytriton,llr40v11-kimi27sglang-fortran,40,40,40,0,0,0,0.5719,0.5719,1.7884,3.127,1.0,False
served,numba,gpuv4-llr40-oss120b-pytriton,llr40v11-kimi27sglang-fortran-skills,40,40,40,0,0,0,0.4156,0.4156,1.7884,4.3037,1.0,False
served,numba,gpuv4-llr40-oss120b-pytriton,llr40v11-oss120b-c,40,39,39,1,0,0,0.4489,0.4216,1.6798,3.9842,1.0,False
served,numba,gpuv4-llr40-oss120b-pytriton,llr40v11-oss120b-c-skills,40,40,40,0,0,0,0.4805,0.4805,1.7884,3.7217,1.0,False
served,numba,gpuv4-llr40-oss120b-pytriton,llr40v11-oss120b-fortran,40,40,40,0,0,0,0.5548,0.5548,1.7884,3.2233,1.0,False
served,numba,gpuv4-llr40-oss120b-pytriton,llr40v11-oss120b-fortran-skills,40,40,40,0,0,0,0.5797,0.5797,1.7884,3.0852,1.0,False
served,numba,gpuv4-llr40-oss120b-pytriton,llr40v11-qwen38-c,40,38,38,2,0,0,0.3684,0.3792,1.8411,4.855,0.5,False
served,numba,gpuv4-llr40-oss120b-pytriton,llr40v11-qwen38-c-skills,40,38,38,2,0,0,0.3793,0.3745,1.7656,4.7147,0.5,False
served,numba,gpuv4-llr40-oss120b-pytriton,llr40v11-qwen38-fortran,40,34,34,6,0,0,0.5961,0.5789,1.7366,3.0001,0.0312,False
served,numba,gpuv4-llr40-oss120b-pytriton,llr40v11-qwen38-fortran-skills,40,37,37,3,0,0,0.4056,0.4075,1.7968,4.4091,0.25,False
served,numba,gpuv4-llr40-oss120b-pytriton,v11w2-kimi27sglang-c,40,13,13,27,0,0,0.4461,0.3037,1.2174,4.0086,0.0,False
served,numba,gpuv4-llr40-oss120b-pytriton,v11w2-kimi27sglang-c-skills,40,15,15,25,0,0,0.3474,0.2953,1.5198,5.1474,0.0,False
served,numba,gpuv4-llr40-oss120b-pytriton,v11w2-kimi27sglang-fortran,40,14,14,26,0,0,0.2698,0.224,1.4846,6.6278,0.0,False
served,numba,gpuv4-llr40-oss120b-pytriton,v11w2-kimi27sglang-fortran-skills,40,14,14,26,0,0,0.3697,0.2473,1.1961,4.8376,0.0,False
served,numba,gpuv4-llr40-oss120b-pytriton,v11w2-oss120b-c,40,8,8,32,0,0,0.3123,0.3285,1.8811,5.7261,0.0,False
served,numba,gpuv4-llr40-oss120b-pytriton,v11w2-oss120b-c-skills,40,5,5,35,0,0,0.3395,0.306,1.6122,5.2683,0.0,False
served,numba,gpuv4-llr40-oss120b-pytriton,v11w2-oss120b-fortran,40,14,14,26,0,0,0.6003,0.4602,1.371,2.9793,0.0,False
served,numba,gpuv4-llr40-oss120b-pytriton,v11w2-oss120b-fortran-skills,40,14,14,26,0,0,0.4582,0.3855,1.5048,3.9031,0.0,False
served,numba,gpuv4-llr40-oss120b-pytriton,v11w2-qwen38-c,40,16,16,24,0,0,0.4005,0.3106,1.387,4.4651,0.0,False
served,numba,gpuv4-llr40-oss120b-pytriton,v11w2-qwen38-c-skills,40,14,14,26,0,0,0.3006,0.2364,1.4066,5.9491,0.0,False
served,numba,gpuv4-llr40-oss120b-pytriton,v11w2-qwen38-fortran,40,23,23,17,0,0,0.2467,0.2295,1.664,7.2499,0.0,False
served,numba,gpuv4-llr40-oss120b-pytriton,v11w2-qwen38-fortran-skills,40,17,17,23,0,0,0.3032,0.2518,1.4854,5.8983,0.0,False
served,numba,gpuv4-llr40-oss120b-pytriton-skills,gpuv4-llr40-qwen38-pytriton,40,40,40,0,0,0,0.3885,0.3885,2.1002,5.4064,1.0,False
served,numba,gpuv4-llr40-oss120b-pytriton-skills,gpuv4-llr40-qwen38-pytriton-skills,40,38,38,2,0,0,0.3271,0.3296,2.1163,6.4216,0.5,False
served,numba,gpuv4-llr40-oss120b-pytriton-skills,llr40v10-kimi27sglang-c,40,40,40,0,0,0,0.4078,0.4078,2.1002,5.1504,1.0,False
served,numba,gpuv4-llr40-oss120b-pytriton-skills,llr40v10-kimi27sglang-c-skills,40,40,40,0,0,0,0.3977,0.3977,2.1002,5.2814,1.0,False
served,numba,gpuv4-llr40-oss120b-pytriton-skills,llr40v10-kimi27sglang-fortran,40,40,40,0,0,0,0.4426,0.4426,2.1002,4.7456,1.0,False
served,numba,gpuv4-llr40-oss120b-pytriton-skills,llr40v10-kimi27sglang-fortran-skills,40,39,39,1,0,0,0.4806,0.4899,2.1406,4.3697,1.0,False
served,numba,gpuv4-llr40-oss120b-pytriton-skills,llr40v10-oss120b-c-skills,40,40,40,0,0,0,0.4782,0.4782,2.1002,4.3923,1.0,False
served,numba,gpuv4-llr40-oss120b-pytriton-skills,llr40v10-oss120b-fortran-skills,40,40,40,0,0,0,0.6337,0.6337,2.1002,3.3144,1.0,False
served,numba,gpuv4-llr40-oss120b-pytriton-skills,llr40v10-qwen38-c,40,40,40,0,0,0,0.4401,0.4401,2.1002,4.7717,1.0,False
served,numba,gpuv4-llr40-oss120b-pytriton-skills,llr40v10-qwen38-c-skills,40,32,32,8,0,0,0.292,0.3323,2.39,7.192,0.0078,False
served,numba,gpuv4-llr40-oss120b-pytriton-skills,llr40v10-qwen38-fortran,40,35,35,5,0,0,0.7059,0.6451,1.9192,2.9751,0.0625,False
served,numba,gpuv4-llr40-oss120b-pytriton-skills,llr40v10-qwen38-fortran-skills,40,38,38,2,0,0,0.4725,0.4913,2.1839,4.4449,0.5,False
served,numba,gpuv4-llr40-oss120b-pytriton-skills,llr40v11-kimi27sglang-c,40,40,40,0,0,0,0.5315,0.5315,2.1002,3.9517,1.0,False
served,numba,gpuv4-llr40-oss120b-pytriton-skills,llr40v11-kimi27sglang-c-skills,40,40,40,0,0,0,0.5572,0.5572,2.1002,3.7693,1.0,False
served,numba,gpuv4-llr40-oss120b-pytriton-skills,llr40v11-kimi27sglang-fortran,40,40,40,0,0,0,0.6717,0.6717,2.1002,3.127,1.0,False
served,numba,gpuv4-llr40-oss120b-pytriton-skills,llr40v11-kimi27sglang-fortran-skills,40,40,40,0,0,0,0.488,0.488,2.1002,4.3037,1.0,False
served,numba,gpuv4-llr40-oss120b-pytriton-skills,llr40v11-oss120b-c,40,39,39,1,0,0,0.5271,0.497,1.9803,3.9842,1.0,False
served,numba,gpuv4-llr40-oss120b-pytriton-skills,llr40v11-oss120b-c-skills,40,40,40,0,0,0,0.5643,0.5643,2.1002,3.7217,1.0,False
served,numba,gpuv4-llr40-oss120b-pytriton-skills,llr40v11-oss120b-fortran,40,40,40,0,0,0,0.6516,0.6516,2.1002,3.2233,1.0,False
served,numba,gpuv4-llr40-oss120b-pytriton-skills,llr40v11-oss120b-fortran-skills,40,40,40,0,0,0,0.6807,0.6807,2.1002,3.0852,1.0,False
served,numba,gpuv4-llr40-oss120b-pytriton-skills,llr40v11-qwen38-c,40,38,38,2,0,0,0.4326,0.4485,2.1776,4.855,0.5,False
served,numba,gpuv4-llr40-oss120b-pytriton-skills,llr40v11-qwen38-c-skills,40,38,38,2,0,0,0.4455,0.4598,2.1679,4.7147,0.5,False
served,numba,gpuv4-llr40-oss120b-pytriton-skills,llr40v11-qwen38-fortran,40,34,34,6,0,0,0.7001,0.7235,2.1705,3.0001,0.0312,False
served,numba,gpuv4-llr40-oss120b-pytriton-skills,llr40v11-qwen38-fortran-skills,40,37,37,3,0,0,0.4763,0.4925,2.1713,4.4091,0.25,False
served,numba,gpuv4-llr40-oss120b-pytriton-skills,v11w2-kimi27sglang-c,40,13,13,27,0,0,0.5239,0.3155,1.2649,4.0086,0.0,False
served,numba,gpuv4-llr40-oss120b-pytriton-skills,v11w2-kimi27sglang-c-skills,40,15,15,25,0,0,0.408,0.2707,1.3933,5.1474,0.0,False
served,numba,gpuv4-llr40-oss120b-pytriton-skills,v11w2-kimi27sglang-fortran,40,14,14,26,0,0,0.3169,0.3065,2.0312,6.6278,0.0,False
served,numba,gpuv4-llr40-oss120b-pytriton-skills,v11w2-kimi27sglang-fortran-skills,40,14,14,26,0,0,0.4341,0.2469,1.1944,4.8376,0.0,False
served,numba,gpuv4-llr40-oss120b-pytriton-skills,v11w2-oss120b-c,40,8,8,32,0,0,0.3668,0.3318,1.8999,5.7261,0.0,False
served,numba,gpuv4-llr40-oss120b-pytriton-skills,v11w2-oss120b-c-skills,40,5,5,35,0,0,0.3987,0.3018,1.5899,5.2683,0.0,False
served,numba,gpuv4-llr40-oss120b-pytriton-skills,v11w2-oss120b-fortran,40,14,14,26,0,0,0.7049,0.4372,1.3026,2.9793,0.0,False
served,numba,gpuv4-llr40-oss120b-pytriton-skills,v11w2-oss120b-fortran-skills,40,14,14,26,0,0,0.5381,0.3671,1.4328,3.9031,0.0,False
served,numba,gpuv4-llr40-oss120b-pytriton-skills,v11w2-qwen38-c,40,16,16,24,0,0,0.4704,0.3324,1.4842,4.4651,0.0,False
served,numba,gpuv4-llr40-oss120b-pytriton-skills,v11w2-qwen38-c-skills,40,14,14,26,0,0,0.353,0.2358,1.4026,5.9491,0.0,False
served,numba,gpuv4-llr40-oss120b-pytriton-skills,v11w2-qwen38-fortran,40,23,23,17,0,0,0.2897,0.2511,1.8206,7.2499,0.0,False
served,numba,gpuv4-llr40-oss120b-pytriton-skills,v11w2-qwen38-fortran-skills,40,17,17,23,0,0,0.3561,0.2532,1.4932,5.8983,0.0,False
served,numba,gpuv4-llr40-qwen38-pytriton,gpuv4-llr40-qwen38-pytriton-skills,40,38,38,2,0,0,0.8419,0.883,5.6705,6.4216,0.5,False
served,numba,gpuv4-llr40-qwen38-pytriton,llr40v10-kimi27sglang-c,40,40,40,0,0,0,1.0497,1.0497,5.4064,5.1504,1.0,False
served,numba,gpuv4-llr40-qwen38-pytriton,llr40v10-kimi27sglang-c-skills,40,40,40,0,0,0,1.0237,1.0237,5.4064,5.2814,1.0,False
served,numba,gpuv4-llr40-qwen38-pytriton,llr40v10-kimi27sglang-fortran,40,40,40,0,0,0,1.1392,1.1392,5.4064,4.7456,1.0,False
served,numba,gpuv4-llr40-qwen38-pytriton,llr40v10-kimi27sglang-fortran-skills,40,39,39,1,0,0,1.2372,1.292,5.6454,4.3697,1.0,False
served,numba,gpuv4-llr40-qwen38-pytriton,llr40v10-oss120b-c-skills,40,40,40,0,0,0,1.2309,1.2309,5.4064,4.3923,1.0,False
served,numba,gpuv4-llr40-qwen38-pytriton,llr40v10-oss120b-fortran-skills,40,40,40,0,0,0,1.6312,1.6312,5.4064,3.3144,1.0,False
served,numba,gpuv4-llr40-qwen38-pytriton,llr40v10-qwen38-c,40,40,40,0,0,0,1.133,1.133,5.4064,4.7717,1.0,False
served,numba,gpuv4-llr40-qwen38-pytriton,llr40v10-qwen38-c-skills,40,32,32,8,0,0,0.7517,0.6968,5.011,7.192,0.0078,False
served,numba,gpuv4-llr40-qwen38-pytriton,llr40v10-qwen38-fortran,40,35,35,5,0,0,1.8172,1.5773,4.6926,2.9751,0.0625,False
served,numba,gpuv4-llr40-qwen38-pytriton,llr40v10-qwen38-fortran-skills,40,38,38,2,0,0,1.2163,1.176,5.2271,4.4449,0.5,False
served,numba,gpuv4-llr40-qwen38-pytriton,llr40v11-kimi27sglang-c,40,40,40,0,0,0,1.3681,1.3681,5.4064,3.9517,1.0,False
served,numba,gpuv4-llr40-qwen38-pytriton,llr40v11-kimi27sglang-c-skills,40,40,40,0,0,0,1.4343,1.4343,5.4064,3.7693,1.0,False
served,numba,gpuv4-llr40-qwen38-pytriton,llr40v11-kimi27sglang-fortran,40,40,40,0,0,0,1.729,1.729,5.4064,3.127,1.0,False
served,numba,gpuv4-llr40-qwen38-pytriton,llr40v11-kimi27sglang-fortran-skills,40,40,40,0,0,0,1.2562,1.2562,5.4064,4.3037,1.0,False
served,numba,gpuv4-llr40-qwen38-pytriton,llr40v11-oss120b-c,40,39,39,1,0,0,1.357,1.3099,5.2188,3.9842,1.0,False
served,numba,gpuv4-llr40-qwen38-pytriton,llr40v11-oss120b-c-skills,40,40,40,0,0,0,1.4526,1.4526,5.4064,3.7217,1.0,False
served,numba,gpuv4-llr40-qwen38-pytriton,llr40v11-oss120b-fortran,40,40,40,0,0,0,1.6773,1.6773,5.4064,3.2233,1.0,False
served,numba,gpuv4-llr40-qwen38-pytriton,llr40v11-oss120b-fortran-skills,40,40,40,0,0,0,1.7523,1.7523,5.4064,3.0852,1.0,False
served,numba,gpuv4-llr40-qwen38-pytriton,llr40v11-qwen38-c,40,38,38,2,0,0,1.1136,1.217,5.9085,4.855,0.5,False
served,numba,gpuv4-llr40-qwen38-pytriton,llr40v11-qwen38-c-skills,40,38,38,2,0,0,1.1467,1.1859,5.5909,4.7147,0.5,False
served,numba,gpuv4-llr40-qwen38-pytriton,llr40v11-qwen38-fortran,40,34,34,6,0,0,1.8021,1.901,5.7031,3.0001,0.0312,False
served,numba,gpuv4-llr40-qwen38-pytriton,llr40v11-qwen38-fortran-skills,40,37,37,3,0,0,1.2262,1.1585,5.1078,4.4091,0.25,False
served,numba,gpuv4-llr40-qwen38-pytriton,v11w2-kimi27sglang-c,40,13,13,27,0,0,1.3487,0.5417,2.1714,4.0086,0.0,True
served,numba,gpuv4-llr40-qwen38-pytriton,v11w2-kimi27sglang-c-skills,40,15,15,25,0,0,1.0503,0.6852,3.5267,5.1474,0.0,True
served,numba,gpuv4-llr40-qwen38-pytriton,v11w2-kimi27sglang-fortran,40,14,14,26,0,0,0.8157,0.4576,3.0327,6.6278,0.0,False
served,numba,gpuv4-llr40-qwen38-pytriton,v11w2-kimi27sglang-fortran-skills,40,14,14,26,0,0,1.1176,0.6561,3.1739,4.8376,0.0,True
served,numba,gpuv4-llr40-qwen38-pytriton,v11w2-oss120b-c,40,8,8,32,0,0,0.9442,0.8124,4.6521,5.7261,0.0,False
served,numba,gpuv4-llr40-qwen38-pytriton,v11w2-oss120b-c-skills,40,5,5,35,0,0,1.0262,0.6153,3.2418,5.2683,0.0,True
served,numba,gpuv4-llr40-qwen38-pytriton,v11w2-oss120b-fortran,40,14,14,26,0,0,1.8146,0.9866,2.9394,2.9793,0.0,True
served,numba,gpuv4-llr40-qwen38-pytriton,v11w2-oss120b-fortran-skills,40,14,14,26,0,0,1.3851,1.0921,4.2627,3.9031,0.0,False
served,numba,gpuv4-llr40-qwen38-pytriton,v11w2-qwen38-c,40,16,16,24,0,0,1.2108,0.5767,2.5751,4.4651,0.0,True
served,numba,gpuv4-llr40-qwen38-pytriton,v11w2-qwen38-c-skills,40,14,14,26,0,0,0.9088,0.455,2.7067,5.9491,0.0,False
served,numba,gpuv4-llr40-qwen38-pytriton,v11w2-qwen38-fortran,40,23,23,17,0,0,0.7457,0.5743,4.1635,7.2499,0.0,False
served,numba,gpuv4-llr40-qwen38-pytriton,v11w2-qwen38-fortran-skills,40,17,17,23,0,0,0.9166,0.4015,2.3683,5.8983,0.0,False
served,numba,gpuv4-llr40-qwen38-pytriton-skills,llr40v10-kimi27sglang-c,38,40,38,0,2,0,1.2468,1.3366,6.4216,4.8044,0.5,False
served,numba,gpuv4-llr40-qwen38-pytriton-skills,llr40v10-kimi27sglang-c-skills,38,40,38,0,2,0,1.2159,1.2279,6.4216,5.2298,0.5,False
served,numba,gpuv4-llr40-qwen38-pytriton-skills,llr40v10-kimi27sglang-fortran,38,40,38,0,2,0,1.3532,1.3851,6.4216,4.6363,0.5,False
served,numba,gpuv4-llr40-qwen38-pytriton-skills,llr40v10-kimi27sglang-fortran-skills,38,39,37,1,2,0,1.4696,1.4377,6.1065,4.2473,1.0,False
served,numba,gpuv4-llr40-qwen38-pytriton-skills,llr40v10-oss120b-c-skills,38,40,38,0,2,0,1.462,1.4819,6.4216,4.3335,0.5,False
served,numba,gpuv4-llr40-qwen38-pytriton-skills,llr40v10-oss120b-fortran-skills,38,40,38,0,2,0,1.9375,1.9174,6.4216,3.3491,0.5,False
served,numba,gpuv4-llr40-qwen38-pytriton-skills,llr40v10-qwen38-c,38,40,38,0,2,0,1.3458,1.3532,6.4216,4.7456,0.5,False
served,numba,gpuv4-llr40-qwen38-pytriton-skills,llr40v10-qwen38-c-skills,38,32,30,8,2,0,0.8929,0.8576,6.2704,7.3112,0.1094,False
served,numba,gpuv4-llr40-qwen38-pytriton-skills,llr40v10-qwen38-fortran,38,35,33,5,2,0,2.1585,2.2375,6.7725,3.0268,0.4531,False
served,numba,gpuv4-llr40-qwen38-pytriton-skills,llr40v10-qwen38-fortran-skills,38,38,36,2,2,0,1.4447,1.3024,6.2496,4.7984,1.0,False
served,numba,gpuv4-llr40-qwen38-pytriton-skills,llr40v11-kimi27sglang-c,38,40,38,0,2,0,1.625,1.5938,6.4216,4.0292,0.5,False
served,numba,gpuv4-llr40-qwen38-pytriton-skills,llr40v11-kimi27sglang-c-skills,38,40,38,0,2,0,1.7037,1.7272,6.4216,3.718,0.5,False
served,numba,gpuv4-llr40-qwen38-pytriton-skills,llr40v11-kimi27sglang-fortran,38,40,38,0,2,0,2.0536,1.9843,6.4216,3.2362,0.5,False
served,numba,gpuv4-llr40-qwen38-pytriton-skills,llr40v11-kimi27sglang-fortran-skills,38,40,38,0,2,0,1.4921,1.4893,6.4216,4.3119,0.5,False
served,numba,gpuv4-llr40-qwen38-pytriton-skills,llr40v11-oss120b-c,38,39,37,1,2,0,1.6118,1.5373,6.1875,4.0249,1.0,False
served,numba,gpuv4-llr40-qwen38-pytriton-skills,llr40v11-oss120b-c-skills,38,40,38,0,2,0,1.7254,1.7159,6.4216,3.7424,0.5,False
served,numba,gpuv4-llr40-qwen38-pytriton-skills,llr40v11-oss120b-fortran,38,40,38,0,2,0,1.9922,1.977,6.4216,3.2481,0.5,False
served,numba,gpuv4-llr40-qwen38-pytriton-skills,llr40v11-oss120b-fortran-skills,38,40,38,0,2,0,2.0814,2.0654,6.4216,3.1091,0.5,False
served,numba,gpuv4-llr40-qwen38-pytriton-skills,llr40v11-qwen38-c,38,38,36,2,2,0,1.3227,1.3147,6.4212,4.884,1.0,False
served,numba,gpuv4-llr40-qwen38-pytriton-skills,llr40v11-qwen38-c-skills,38,38,36,2,2,0,1.362,1.2928,6.3735,4.9302,1.0,False
served,numba,gpuv4-llr40-qwen38-pytriton-skills,llr40v11-qwen38-fortran,38,34,32,6,2,0,2.1405,2.1737,6.7081,3.086,0.2891,False
served,numba,gpuv4-llr40-qwen38-pytriton-skills,llr40v11-qwen38-fortran-skills,38,37,36,2,1,1,1.4564,1.5709,6.5793,4.1883,1.0,False
served,numba,gpuv4-llr40-qwen38-pytriton-skills,v11w2-kimi27sglang-c,38,13,12,26,1,1,1.6019,0.8067,3.0152,3.7375,0.0,True
served,numba,gpuv4-llr40-qwen38-pytriton-skills,v11w2-kimi27sglang-c-skills,38,15,15,23,0,2,1.2475,0.8013,4.1244,5.1474,0.0,True
served,numba,gpuv4-llr40-qwen38-pytriton-skills,v11w2-kimi27sglang-fortran,38,14,13,25,1,1,0.9689,0.9171,5.7839,6.3065,0.0,False
served,numba,gpuv4-llr40-qwen38-pytriton-skills,v11w2-kimi27sglang-fortran-skills,38,14,14,24,0,2,1.3274,0.8045,3.892,4.8376,0.0,True
served,numba,gpuv4-llr40-qwen38-pytriton-skills,v11w2-oss120b-c,38,8,8,30,0,2,1.1215,1.6324,9.3474,5.7261,0.0,False
served,numba,gpuv4-llr40-qwen38-pytriton-skills,v11w2-oss120b-c-skills,38,5,5,33,0,2,1.2189,1.1381,5.9958,5.2683,0.0,False
served,numba,gpuv4-llr40-qwen38-pytriton-skills,v11w2-oss120b-fortran,38,14,13,25,1,1,2.1554,1.092,3.4581,3.1668,0.0,False
served,numba,gpuv4-llr40-qwen38-pytriton-skills,v11w2-oss120b-fortran-skills,38,14,13,25,1,1,1.6452,1.6358,6.3113,3.8581,0.0,False
served,numba,gpuv4-llr40-qwen38-pytriton-skills,v11w2-qwen38-c,38,16,15,23,1,1,1.4382,0.8421,3.8063,4.5198,0.0,True
served,numba,gpuv4-llr40-qwen38-pytriton-skills,v11w2-qwen38-c-skills,38,14,13,25,1,1,1.0794,0.64,3.403,5.3169,0.0,True
served,numba,gpuv4-llr40-qwen38-pytriton-skills,v11w2-qwen38-fortran,38,23,22,16,1,1,0.8858,0.6047,4.3588,7.2076,0.0003,False
served,numba,gpuv4-llr40-qwen38-pytriton-skills,v11w2-qwen38-fortran-skills,38,17,16,22,1,1,1.0887,0.6347,3.6479,5.7475,0.0,True
served,numba,llr40v10-kimi27sglang-c,llr40v10-kimi27sglang-c-skills,40,40,40,0,0,0,0.9752,0.9752,5.1504,5.2814,1.0,False
served,numba,llr40v10-kimi27sglang-c,llr40v10-kimi27sglang-fortran,40,40,40,0,0,0,1.0853,1.0853,5.1504,4.7456,1.0,False
served,numba,llr40v10-kimi27sglang-c,llr40v10-kimi27sglang-fortran-skills,40,39,39,1,0,0,1.1787,1.2293,5.3714,4.3697,1.0,False
served,numba,llr40v10-kimi27sglang-c,llr40v10-oss120b-c-skills,40,40,40,0,0,0,1.1726,1.1726,5.1504,4.3923,1.0,False
served,numba,llr40v10-kimi27sglang-c,llr40v10-oss120b-fortran-skills,40,40,40,0,0,0,1.5539,1.5539,5.1504,3.3144,1.0,False
served,numba,llr40v10-kimi27sglang-c,llr40v10-qwen38-c,40,40,40,0,0,0,1.0794,1.0794,5.1504,4.7717,1.0,False
served,numba,llr40v10-kimi27sglang-c,llr40v10-qwen38-c-skills,40,32,32,8,0,0,0.7161,0.8216,5.9088,7.192,0.0078,False
served,numba,llr40v10-kimi27sglang-c,llr40v10-qwen38-fortran,40,35,35,5,0,0,1.7312,1.3982,4.1598,2.9751,0.0625,False
served,numba,llr40v10-kimi27sglang-c,llr40v10-qwen38-fortran-skills,40,38,38,2,0,0,1.1587,1.2049,5.3559,4.4449,0.5,False
served,numba,llr40v10-kimi27sglang-c,llr40v11-kimi27sglang-c,40,40,40,0,0,0,1.3033,1.3033,5.1504,3.9517,1.0,False
served,numba,llr40v10-kimi27sglang-c,llr40v11-kimi27sglang-c-skills,40,40,40,0,0,0,1.3664,1.3664,5.1504,3.7693,1.0,False
served,numba,llr40v10-kimi27sglang-c,llr40v11-kimi27sglang-fortran,40,40,40,0,0,0,1.6471,1.6471,5.1504,3.127,1.0,False
served,numba,llr40v10-kimi27sglang-c,llr40v11-kimi27sglang-fortran-skills,40,40,40,0,0,0,1.1967,1.1967,5.1504,4.3037,1.0,False
served,numba,llr40v10-kimi27sglang-c,llr40v11-oss120b-c,40,39,39,1,0,0,1.2927,1.2489,4.9756,3.9842,1.0,False
served,numba,llr40v10-kimi27sglang-c,llr40v11-oss120b-c-skills,40,40,40,0,0,0,1.3839,1.3839,5.1504,3.7217,1.0,False
served,numba,llr40v10-kimi27sglang-c,llr40v11-oss120b-fortran,40,40,40,0,0,0,1.5979,1.5979,5.1504,3.2233,1.0,False
served,numba,llr40v10-kimi27sglang-c,llr40v11-oss120b-fortran-skills,40,40,40,0,0,0,1.6694,1.6694,5.1504,3.0852,1.0,False
served,numba,llr40v10-kimi27sglang-c,llr40v11-qwen38-c,40,38,38,2,0,0,1.0608,1.1564,5.6144,4.855,0.5,False
served,numba,llr40v10-kimi27sglang-c,llr40v11-qwen38-c-skills,40,38,38,2,0,0,1.0924,1.1304,5.3293,4.7147,0.5,False
served,numba,llr40v10-kimi27sglang-c,llr40v11-qwen38-fortran,40,34,34,6,0,0,1.7168,1.83,5.4902,3.0001,0.0312,False
served,numba,llr40v10-kimi27sglang-c,llr40v11-qwen38-fortran-skills,40,37,37,3,0,0,1.1681,1.147,5.0573,4.4091,0.25,False
served,numba,llr40v10-kimi27sglang-c,v11w2-kimi27sglang-c,40,13,13,27,0,0,1.2848,0.6231,2.4979,4.0086,0.0,True
served,numba,llr40v10-kimi27sglang-c,v11w2-kimi27sglang-c-skills,40,15,15,25,0,0,1.0006,0.5192,2.6727,5.1474,0.0,True
served,numba,llr40v10-kimi27sglang-c,v11w2-kimi27sglang-fortran,40,14,14,26,0,0,0.7771,0.6636,4.3981,6.6278,0.0,False
served,numba,llr40v10-kimi27sglang-c,v11w2-kimi27sglang-fortran-skills,40,14,14,26,0,0,1.0647,0.4416,2.1363,4.8376,0.0,True
served,numba,llr40v10-kimi27sglang-c,v11w2-oss120b-c,40,8,8,32,0,0,0.8995,0.4161,2.3825,5.7261,0.0,False
served,numba,llr40v10-kimi27sglang-c,v11w2-oss120b-c-skills,40,5,5,35,0,0,0.9776,1.0262,5.4064,5.2683,0.0,True
served,numba,llr40v10-kimi27sglang-c,v11w2-oss120b-fortran,40,14,14,26,0,0,1.7287,0.9713,2.8937,2.9793,0.0,True
served,numba,llr40v10-kimi27sglang-c,v11w2-oss120b-fortran-skills,40,14,14,26,0,0,1.3196,0.6793,2.6515,3.9031,0.0,True
served,numba,llr40v10-kimi27sglang-c,v11w2-qwen38-c,40,16,16,24,0,0,1.1535,0.5137,2.2938,4.4651,0.0,True
served,numba,llr40v10-kimi27sglang-c,v11w2-qwen38-c-skills,40,14,14,26,0,0,0.8657,0.4382,2.6067,5.9491,0.0,False
served,numba,llr40v10-kimi27sglang-c,v11w2-qwen38-fortran,40,23,23,17,0,0,0.7104,0.667,4.8358,7.2499,0.0,False
served,numba,llr40v10-kimi27sglang-c,v11w2-qwen38-fortran-skills,40,17,17,23,0,0,0.8732,0.4427,2.6115,5.8983,0.0,False
served,numba,llr40v10-kimi27sglang-c-skills,llr40v10-kimi27sglang-fortran,40,40,40,0,0,0,1.1129,1.1129,5.2814,4.7456,1.0,False
served,numba,llr40v10-kimi27sglang-c-skills,llr40v10-kimi27sglang-fortran-skills,40,39,39,1,0,0,1.2086,1.2613,5.5117,4.3697,1.0,False
served,numba,llr40v10-kimi27sglang-c-skills,llr40v10-oss120b-c-skills,40,40,40,0,0,0,1.2024,1.2024,5.2814,4.3923,1.0,False
served,numba,llr40v10-kimi27sglang-c-skills,llr40v10-oss120b-fortran-skills,40,40,40,0,0,0,1.5935,1.5935,5.2814,3.3144,1.0,False
served,numba,llr40v10-kimi27sglang-c-skills,llr40v10-qwen38-c,40,40,40,0,0,0,1.1068,1.1068,5.2814,4.7717,1.0,False
served,numba,llr40v10-kimi27sglang-c-skills,llr40v10-qwen38-c-skills,40,32,32,8,0,0,0.7343,0.8444,6.0727,7.192,0.0078,False
served,numba,llr40v10-kimi27sglang-c-skills,llr40v10-qwen38-fortran,40,35,35,5,0,0,1.7752,1.5693,4.6687,2.9751,0.0625,False
served,numba,llr40v10-kimi27sglang-c-skills,llr40v10-qwen38-fortran-skills,40,38,38,2,0,0,1.1882,1.1393,5.064,4.4449,0.5,False
served,numba,llr40v10-kimi27sglang-c-skills,llr40v11-kimi27sglang-c,40,40,40,0,0,0,1.3365,1.3365,5.2814,3.9517,1.0,False
served,numba,llr40v10-kimi27sglang-c-skills,llr40v11-kimi27sglang-c-skills,40,40,40,0,0,0,1.4012,1.4012,5.2814,3.7693,1.0,False
served,numba,llr40v10-kimi27sglang-c-skills,llr40v11-kimi27sglang-fortran,40,40,40,0,0,0,1.689,1.689,5.2814,3.127,1.0,False
served,numba,llr40v10-kimi27sglang-c-skills,llr40v11-kimi27sglang-fortran-skills,40,40,40,0,0,0,1.2272,1.2272,5.2814,4.3037,1.0,False
served,numba,llr40v10-kimi27sglang-c-skills,llr40v11-oss120b-c,40,39,39,1,0,0,1.3256,1.2546,4.9985,3.9842,1.0,False
served,numba,llr40v10-kimi27sglang-c-skills,llr40v11-oss120b-c-skills,40,40,40,0,0,0,1.4191,1.4191,5.2814,3.7217,1.0,False
served,numba,llr40v10-kimi27sglang-c-skills,llr40v11-oss120b-fortran,40,40,40,0,0,0,1.6385,1.6385,5.2814,3.2233,1.0,False
served,numba,llr40v10-kimi27sglang-c-skills,llr40v11-oss120b-fortran-skills,40,40,40,0,0,0,1.7118,1.7118,5.2814,3.0852,1.0,False
served,numba,llr40v10-kimi27sglang-c-skills,llr40v11-qwen38-c,40,38,38,2,0,0,1.0878,1.1525,5.5953,4.855,0.5,False
served,numba,llr40v10-kimi27sglang-c-skills,llr40v11-qwen38-c-skills,40,38,38,2,0,0,1.1202,1.1567,5.4536,4.7147,0.5,False
served,numba,llr40v10-kimi27sglang-c-skills,llr40v11-qwen38-fortran,40,34,34,6,0,0,1.7604,1.729,5.1872,3.0001,0.0312,False
served,numba,llr40v10-kimi27sglang-c-skills,llr40v11-qwen38-fortran-skills,40,37,37,3,0,0,1.1978,1.212,5.3439,4.4091,0.25,False
served,numba,llr40v10-kimi27sglang-c-skills,v11w2-kimi27sglang-c,40,13,13,27,0,0,1.3175,0.457,1.8321,4.0086,0.0,True
served,numba,llr40v10-kimi27sglang-c-skills,v11w2-kimi27sglang-c-skills,40,15,15,25,0,0,1.026,0.4639,2.3877,5.1474,0.0,True
served,numba,llr40v10-kimi27sglang-c-skills,v11w2-kimi27sglang-fortran,40,14,14,26,0,0,0.7969,0.5286,3.5034,6.6278,0.0,False
served,numba,llr40v10-kimi27sglang-c-skills,v11w2-kimi27sglang-fortran-skills,40,14,14,26,0,0,1.0917,0.4262,2.0617,4.8376,0.0,True
served,numba,llr40v10-kimi27sglang-c-skills,v11w2-oss120b-c,40,8,8,32,0,0,0.9223,0.4202,2.4064,5.7261,0.0,False
served,numba,llr40v10-kimi27sglang-c-skills,v11w2-oss120b-c-skills,40,5,5,35,0,0,1.0025,1.016,5.3528,5.2683,0.0,False
served,numba,llr40v10-kimi27sglang-c-skills,v11w2-oss120b-fortran,40,14,14,26,0,0,1.7727,0.8938,2.6628,2.9793,0.0,True
served,numba,llr40v10-kimi27sglang-c-skills,v11w2-oss120b-fortran-skills,40,14,14,26,0,0,1.3531,0.9255,3.6122,3.9031,0.0,True
served,numba,llr40v10-kimi27sglang-c-skills,v11w2-qwen38-c,40,16,16,24,0,0,1.1828,0.525,2.3443,4.4651,0.0,True
served,numba,llr40v10-kimi27sglang-c-skills,v11w2-qwen38-c-skills,40,14,14,26,0,0,0.8878,0.326,1.9395,5.9491,0.0,False
served,numba,llr40v10-kimi27sglang-c-skills,v11w2-qwen38-fortran,40,23,23,17,0,0,0.7285,0.6673,4.8379,7.2499,0.0,False
served,numba,llr40v10-kimi27sglang-c-skills,v11w2-qwen38-fortran-skills,40,17,17,23,0,0,0.8954,0.4285,2.5273,5.8983,0.0,False
served,numba,llr40v10-kimi27sglang-fortran,llr40v10-kimi27sglang-fortran-skills,40,39,39,1,0,0,1.086,1.1303,4.939,4.3697,1.0,False
served,numba,llr40v10-kimi27sglang-fortran,llr40v10-oss120b-c-skills,40,40,40,0,0,0,1.0804,1.0804,4.7456,4.3923,1.0,False
served,numba,llr40v10-kimi27sglang-fortran,llr40v10-oss120b-fortran-skills,40,40,40,0,0,0,1.4318,1.4318,4.7456,3.3144,1.0,False
served,numba,llr40v10-kimi27sglang-fortran,llr40v10-qwen38-c,40,40,40,0,0,0,0.9945,0.9945,4.7456,4.7717,1.0,False
served,numba,llr40v10-kimi27sglang-fortran,llr40v10-qwen38-c-skills,40,32,32,8,0,0,0.6599,0.7291,5.2438,7.192,0.0078,False
served,numba,llr40v10-kimi27sglang-fortran,llr40v10-qwen38-fortran,40,35,35,5,0,0,1.5951,1.3828,4.1139,2.9751,0.0625,False
served,numba,llr40v10-kimi27sglang-fortran,llr40v10-qwen38-fortran-skills,40,38,38,2,0,0,1.0677,1.0346,4.5988,4.4449,0.5,False
served,numba,llr40v10-kimi27sglang-fortran,llr40v11-kimi27sglang-c,40,40,40,0,0,0,1.2009,1.2009,4.7456,3.9517,1.0,False
served,numba,llr40v10-kimi27sglang-fortran,llr40v11-kimi27sglang-c-skills,40,40,40,0,0,0,1.259,1.259,4.7456,3.7693,1.0,False
served,numba,llr40v10-kimi27sglang-fortran,llr40v11-kimi27sglang-fortran,40,40,40,0,0,0,1.5177,1.5177,4.7456,3.127,1.0,False
served,numba,llr40v10-kimi27sglang-fortran,llr40v11-kimi27sglang-fortran-skills,40,40,40,0,0,0,1.1027,1.1027,4.7456,4.3037,1.0,False
served,numba,llr40v10-kimi27sglang-fortran,llr40v11-oss120b-c,40,39,39,1,0,0,1.1911,1.2396,4.939,3.9842,1.0,False
served,numba,llr40v10-kimi27sglang-fortran,llr40v11-oss120b-c-skills,40,40,40,0,0,0,1.2751,1.2751,4.7456,3.7217,1.0,False
served,numba,llr40v10-kimi27sglang-fortran,llr40v11-oss120b-fortran,40,40,40,0,0,0,1.4723,1.4723,4.7456,3.2233,1.0,False
served,numba,llr40v10-kimi27sglang-fortran,llr40v11-oss120b-fortran-skills,40,40,40,0,0,0,1.5382,1.5382,4.7456,3.0852,1.0,False
served,numba,llr40v10-kimi27sglang-fortran,llr40v11-qwen38-c,40,38,38,2,0,0,0.9775,1.0271,4.9864,4.855,0.5,True
served,numba,llr40v10-kimi27sglang-fortran,llr40v11-qwen38-c-skills,40,38,38,2,0,0,1.0066,1.0257,4.836,4.7147,0.5,False
served,numba,llr40v10-kimi27sglang-fortran,llr40v11-qwen38-fortran,40,34,34,6,0,0,1.5818,1.6451,4.9354,3.0001,0.0312,False
served,numba,llr40v10-kimi27sglang-fortran,llr40v11-qwen38-fortran-skills,40,37,37,3,0,0,1.0763,1.0067,4.4389,4.4091,0.25,False
served,numba,llr40v10-kimi27sglang-fortran,v11w2-kimi27sglang-c,40,13,13,27,0,0,1.1839,0.5924,2.3748,4.0086,0.0,True
served,numba,llr40v10-kimi27sglang-fortran,v11w2-kimi27sglang-c-skills,40,15,15,25,0,0,0.922,0.4917,2.5312,5.1474,0.0,False
served,numba,llr40v10-kimi27sglang-fortran,v11w2-kimi27sglang-fortran,40,14,14,26,0,0,0.716,0.6172,4.0906,6.6278,0.0,False
served,numba,llr40v10-kimi27sglang-fortran,v11w2-kimi27sglang-fortran-skills,40,14,14,26,0,0,0.981,0.4508,2.1808,4.8376,0.0,False
served,numba,llr40v10-kimi27sglang-fortran,v11w2-oss120b-c,40,8,8,32,0,0,0.8288,0.2944,1.6861,5.7261,0.0,False
served,numba,llr40v10-kimi27sglang-fortran,v11w2-oss120b-c-skills,40,5,5,35,0,0,0.9008,0.387,2.039,5.2683,0.0,False
served,numba,llr40v10-kimi27sglang-fortran,v11w2-oss120b-fortran,40,14,14,26,0,0,1.5929,0.7617,2.2693,2.9793,0.0,True
served,numba,llr40v10-kimi27sglang-fortran,v11w2-oss120b-fortran-skills,40,14,14,26,0,0,1.2159,0.7726,3.0155,3.9031,0.0,True
served,numba,llr40v10-kimi27sglang-fortran,v11w2-qwen38-c,40,16,16,24,0,0,1.0628,0.6629,2.9601,4.4651,0.0,True
served,numba,llr40v10-kimi27sglang-fortran,v11w2-qwen38-c-skills,40,14,14,26,0,0,0.7977,0.4775,2.8408,5.9491,0.0,False
served,numba,llr40v10-kimi27sglang-fortran,v11w2-qwen38-fortran,40,23,23,17,0,0,0.6546,0.556,4.0306,7.2499,0.0,False
served,numba,llr40v10-kimi27sglang-fortran,v11w2-qwen38-fortran-skills,40,17,17,23,0,0,0.8046,0.5488,3.2373,5.8983,0.0,False
served,numba,llr40v10-kimi27sglang-fortran-skills,llr40v10-oss120b-c-skills,39,40,39,0,1,0,0.9948,0.9578,4.3697,4.5622,1.0,False
served,numba,llr40v10-kimi27sglang-fortran-skills,llr40v10-oss120b-fortran-skills,39,40,39,0,1,0,1.3184,1.2785,4.3697,3.4178,1.0,False
served,numba,llr40v10-kimi27sglang-fortran-skills,llr40v10-qwen38-c,39,40,39,0,1,0,0.9158,0.8798,4.3697,4.9668,1.0,False
served,numba,llr40v10-kimi27sglang-fortran-skills,llr40v10-qwen38-c-skills,39,32,32,7,0,1,0.6076,0.6011,4.323,7.192,0.0156,False
served,numba,llr40v10-kimi27sglang-fortran-skills,llr40v10-qwen38-fortran,39,35,34,5,1,0,1.4688,1.2252,3.7639,3.072,0.2188,False
served,numba,llr40v10-kimi27sglang-fortran-skills,llr40v10-qwen38-fortran-skills,39,38,37,2,1,0,0.9831,0.9599,4.4424,4.6278,1.0,False
served,numba,llr40v10-kimi27sglang-fortran-skills,llr40v11-kimi27sglang-c,39,40,39,0,1,0,1.1058,1.0675,4.3697,4.0934,1.0,False
served,numba,llr40v10-kimi27sglang-fortran-skills,llr40v11-kimi27sglang-c-skills,39,40,39,0,1,0,1.1593,1.1205,4.3697,3.8997,1.0,False
served,numba,llr40v10-kimi27sglang-fortran-skills,llr40v11-kimi27sglang-fortran,39,40,39,0,1,0,1.3974,1.3572,4.3697,3.2197,1.0,False
served,numba,llr40v10-kimi27sglang-fortran-skills,llr40v11-kimi27sglang-fortran-skills,39,40,39,0,1,0,1.0153,0.978,4.3697,4.4678,1.0,True
served,numba,llr40v10-kimi27sglang-fortran-skills,llr40v11-oss120b-c,39,39,38,1,1,0,1.0968,0.9937,4.1059,4.1318,1.0,True
served,numba,llr40v10-kimi27sglang-fortran-skills,llr40v11-oss120b-c-skills,39,40,39,0,1,0,1.1741,1.1352,4.3697,3.8493,1.0,False
served,numba,llr40v10-kimi27sglang-fortran-skills,llr40v11-oss120b-fortran,39,40,39,0,1,0,1.3557,1.3156,4.3697,3.3215,1.0,False
served,numba,llr40v10-kimi27sglang-fortran-skills,llr40v11-oss120b-fortran-skills,39,40,39,0,1,0,1.4163,1.376,4.3697,3.1757,1.0,False
served,numba,llr40v10-kimi27sglang-fortran-skills,llr40v11-qwen38-c,39,38,38,1,0,1,0.9,0.9158,4.4461,4.855,1.0,False
served,numba,llr40v10-kimi27sglang-fortran-skills,llr40v11-qwen38-c-skills,39,38,37,2,1,0,0.9268,0.9085,4.4664,4.9165,1.0,False
served,numba,llr40v10-kimi27sglang-fortran-skills,llr40v11-qwen38-fortran,39,34,33,6,1,0,1.4565,1.5848,4.9153,3.1016,0.125,False
served,numba,llr40v10-kimi27sglang-fortran-skills,llr40v11-qwen38-fortran-skills,39,37,36,3,1,0,0.9911,0.8801,4.0438,4.5946,0.625,False
served,numba,llr40v10-kimi27sglang-fortran-skills,v11w2-kimi27sglang-c,39,13,12,27,1,0,1.0901,0.5785,1.8889,3.265,0.0,True
served,numba,llr40v10-kimi27sglang-fortran-skills,v11w2-kimi27sglang-c-skills,39,15,14,25,1,0,0.8489,0.5732,2.4661,4.3023,0.0,False
served,numba,llr40v10-kimi27sglang-fortran-skills,v11w2-kimi27sglang-fortran,39,14,13,26,1,0,0.6593,0.6968,3.9538,5.6743,0.0,False
served,numba,llr40v10-kimi27sglang-fortran-skills,v11w2-kimi27sglang-fortran-skills,39,14,13,26,1,0,0.9033,0.374,1.498,4.0056,0.0,False
served,numba,llr40v10-kimi27sglang-fortran-skills,v11w2-oss120b-c,39,8,7,32,1,0,0.7631,0.8219,3.8535,4.6886,0.0,False
served,numba,llr40v10-kimi27sglang-fortran-skills,v11w2-oss120b-c-skills,39,5,4,35,1,0,0.8294,0.5343,1.9672,3.6821,0.0,False
served,numba,llr40v10-kimi27sglang-fortran-skills,v11w2-oss120b-fortran,39,14,13,26,1,0,1.4667,0.8233,2.1449,2.6052,0.0,True
served,numba,llr40v10-kimi27sglang-fortran-skills,v11w2-oss120b-fortran-skills,39,14,13,26,1,0,1.1195,0.8766,3.0807,3.5142,0.0,True
served,numba,llr40v10-kimi27sglang-fortran-skills,v11w2-qwen38-c,39,16,15,24,1,0,0.9786,0.712,2.6533,3.7264,0.0,False
served,numba,llr40v10-kimi27sglang-fortran-skills,v11w2-qwen38-c-skills,39,14,13,26,1,0,0.7345,0.6836,3.4661,5.0705,0.0,False
served,numba,llr40v10-kimi27sglang-fortran-skills,v11w2-qwen38-fortran,39,23,22,17,1,0,0.6027,0.5044,3.3774,6.6954,0.0001,False
served,numba,llr40v10-kimi27sglang-fortran-skills,v11w2-qwen38-fortran-skills,39,17,16,23,1,0,0.7408,0.5953,3.0233,5.0785,0.0,False
served,numba,llr40v10-oss120b-c-skills,llr40v10-oss120b-fortran-skills,40,40,40,0,0,0,1.3252,1.3252,4.3923,3.3144,1.0,False
served,numba,llr40v10-oss120b-c-skills,llr40v10-qwen38-c,40,40,40,0,0,0,0.9205,0.9205,4.3923,4.7717,1.0,False
served,numba,llr40v10-oss120b-c-skills,llr40v10-qwen38-c-skills,40,32,32,8,0,0,0.6107,0.7786,5.5994,7.192,0.0078,False
served,numba,llr40v10-oss120b-c-skills,llr40v10-qwen38-fortran,40,35,35,5,0,0,1.4764,1.3296,3.9556,2.9751,0.0625,False
served,numba,llr40v10-oss120b-c-skills,llr40v10-qwen38-fortran-skills,40,38,38,2,0,0,0.9882,0.9821,4.3653,4.4449,0.5,False
served,numba,llr40v10-oss120b-c-skills,llr40v11-kimi27sglang-c,40,40,40,0,0,0,1.1115,1.1115,4.3923,3.9517,1.0,False
served,numba,llr40v10-oss120b-c-skills,llr40v11-kimi27sglang-c-skills,40,40,40,0,0,0,1.1653,1.1653,4.3923,3.7693,1.0,False
served,numba,llr40v10-oss120b-c-skills,llr40v11-kimi27sglang-fortran,40,40,40,0,0,0,1.4047,1.4047,4.3923,3.127,1.0,False
served,numba,llr40v10-oss120b-c-skills,llr40v11-kimi27sglang-fortran-skills,40,40,40,0,0,0,1.0206,1.0206,4.3923,4.3037,1.0,False
served,numba,llr40v10-oss120b-c-skills,llr40v11-oss120b-c,40,39,39,1,0,0,1.1024,1.0356,4.1259,3.9842,1.0,False
served,numba,llr40v10-oss120b-c-skills,llr40v11-oss120b-c-skills,40,40,40,0,0,0,1.1802,1.1802,4.3923,3.7217,1.0,False
served,numba,llr40v10-oss120b-c-skills,llr40v11-oss120b-fortran,40,40,40,0,0,0,1.3627,1.3627,4.3923,3.2233,1.0,False
served,numba,llr40v10-oss120b-c-skills,llr40v11-oss120b-fortran-skills,40,40,40,0,0,0,1.4237,1.4237,4.3923,3.0852,1.0,False
served,numba,llr40v10-oss120b-c-skills,llr40v11-qwen38-c,40,38,38,2,0,0,0.9047,0.9716,4.7171,4.855,0.5,False
served,numba,llr40v10-oss120b-c-skills,llr40v11-qwen38-c-skills,40,38,38,2,0,0,0.9316,0.9542,4.4988,4.7147,0.5,False
served,numba,llr40v10-oss120b-c-skills,llr40v11-qwen38-fortran,40,34,34,6,0,0,1.4641,1.6236,4.8709,3.0001,0.0312,False
served,numba,llr40v10-oss120b-c-skills,llr40v11-qwen38-fortran-skills,40,37,37,3,0,0,0.9962,0.9667,4.2622,4.4091,0.25,False
served,numba,llr40v10-oss120b-c-skills,v11w2-kimi27sglang-c,40,13,13,27,0,0,1.0957,0.4106,1.6459,4.0086,0.0,True
served,numba,llr40v10-oss120b-c-skills,v11w2-kimi27sglang-c-skills,40,15,15,25,0,0,0.8533,0.2763,1.4223,5.1474,0.0,False
served,numba,llr40v10-oss120b-c-skills,v11w2-kimi27sglang-fortran,40,14,14,26,0,0,0.6627,0.4467,2.9603,6.6278,0.0,False
served,numba,llr40v10-oss120b-c-skills,v11w2-kimi27sglang-fortran-skills,40,14,14,26,0,0,0.908,0.3458,1.6729,4.8376,0.0,False
served,numba,llr40v10-oss120b-c-skills,v11w2-oss120b-c,40,8,8,32,0,0,0.7671,0.3091,1.7699,5.7261,0.0,False
served,numba,llr40v10-oss120b-c-skills,v11w2-oss120b-c-skills,40,5,5,35,0,0,0.8337,0.1898,1.0,5.2683,0.0,False
served,numba,llr40v10-oss120b-c-skills,v11w2-oss120b-fortran,40,14,14,26,0,0,1.4743,0.5226,1.557,2.9793,0.0,True
served,numba,llr40v10-oss120b-c-skills,v11w2-oss120b-fortran-skills,40,14,14,26,0,0,1.1253,0.4524,1.7658,3.9031,0.0,True
served,numba,llr40v10-oss120b-c-skills,v11w2-qwen38-c,40,16,16,24,0,0,0.9837,0.4858,2.169,4.4651,0.0,False
served,numba,llr40v10-oss120b-c-skills,v11w2-qwen38-c-skills,40,14,14,26,0,0,0.7383,0.3576,2.1272,5.9491,0.0,False
served,numba,llr40v10-oss120b-c-skills,v11w2-qwen38-fortran,40,23,23,17,0,0,0.6059,0.4277,3.1011,7.2499,0.0,False
served,numba,llr40v10-oss120b-c-skills,v11w2-qwen38-fortran-skills,40,17,17,23,0,0,0.7447,0.3318,1.9569,5.8983,0.0,False
served,numba,llr40v10-oss120b-fortran-skills,llr40v10-qwen38-c,40,40,40,0,0,0,0.6946,0.6946,3.3144,4.7717,1.0,False
served,numba,llr40v10-oss120b-fortran-skills,llr40v10-qwen38-c-skills,40,32,32,8,0,0,0.4608,0.5301,3.8126,7.192,0.0078,False
served,numba,llr40v10-oss120b-fortran-skills,llr40v10-qwen38-fortran,40,35,35,5,0,0,1.114,0.9415,2.8011,2.9751,0.0625,True
served,numba,llr40v10-oss120b-fortran-skills,llr40v10-qwen38-fortran-skills,40,38,38,2,0,0,0.7457,0.7517,3.3413,4.4449,0.5,False
served,numba,llr40v10-oss120b-fortran-skills,llr40v11-kimi27sglang-c,40,40,40,0,0,0,0.8387,0.8387,3.3144,3.9517,1.0,False
served,numba,llr40v10-oss120b-fortran-skills,llr40v11-kimi27sglang-c-skills,40,40,40,0,0,0,0.8793,0.8793,3.3144,3.7693,1.0,False
served,numba,llr40v10-oss120b-fortran-skills,llr40v11-kimi27sglang-fortran,40,40,40,0,0,0,1.0599,1.0599,3.3144,3.127,1.0,False
served,numba,llr40v10-oss120b-fortran-skills,llr40v11-kimi27sglang-fortran-skills,40,40,40,0,0,0,0.7701,0.7701,3.3144,4.3037,1.0,False
served,numba,llr40v10-oss120b-fortran-skills,llr40v11-oss120b-c,40,39,39,1,0,0,0.8319,0.7946,3.1659,3.9842,1.0,False
served,numba,llr40v10-oss120b-fortran-skills,llr40v11-oss120b-c-skills,40,40,40,0,0,0,0.8905,0.8905,3.3144,3.7217,1.0,False
served,numba,llr40v10-oss120b-fortran-skills,llr40v11-oss120b-fortran,40,40,40,0,0,0,1.0283,1.0283,3.3144,3.2233,1.0,False
served,numba,llr40v10-oss120b-fortran-skills,llr40v11-oss120b-fortran-skills,40,40,40,0,0,0,1.0743,1.0743,3.3144,3.0852,1.0,False
served,numba,llr40v10-oss120b-fortran-skills,llr40v11-qwen38-c,40,38,38,2,0,0,0.6827,0.7227,3.5089,4.855,0.5,False
served,numba,llr40v10-oss120b-fortran-skills,llr40v11-qwen38-c-skills,40,38,38,2,0,0,0.703,0.7074,3.3351,4.7147,0.5,False
served,numba,llr40v10-oss120b-fortran-skills,llr40v11-qwen38-fortran,40,34,34,6,0,0,1.1048,1.193,3.5791,3.0001,0.0312,False
served,numba,llr40v10-oss120b-fortran-skills,llr40v11-qwen38-fortran-skills,40,37,37,3,0,0,0.7517,0.7685,3.3885,4.4091,0.25,False
served,numba,llr40v10-oss120b-fortran-skills,v11w2-kimi27sglang-c,40,13,13,27,0,0,0.8268,0.3771,1.5118,4.0086,0.0,False
served,numba,llr40v10-oss120b-fortran-skills,v11w2-kimi27sglang-c-skills,40,15,15,25,0,0,0.6439,0.3378,1.7389,5.1474,0.0,False
served,numba,llr40v10-oss120b-fortran-skills,v11w2-kimi27sglang-fortran,40,14,14,26,0,0,0.5001,0.2895,1.9189,6.6278,0.0,False
served,numba,llr40v10-oss120b-fortran-skills,v11w2-kimi27sglang-fortran-skills,40,14,14,26,0,0,0.6851,0.3908,1.8905,4.8376,0.0,False
served,numba,llr40v10-oss120b-fortran-skills,v11w2-oss120b-c,40,8,8,32,0,0,0.5788,0.2581,1.4778,5.7261,0.0,False
served,numba,llr40v10-oss120b-fortran-skills,v11w2-oss120b-c-skills,40,5,5,35,0,0,0.6291,0.3024,1.5931,5.2683,0.0,False
served,numba,llr40v10-oss120b-fortran-skills,v11w2-oss120b-fortran,40,14,14,26,0,0,1.1125,0.4833,1.44,2.9793,0.0,True
served,numba,llr40v10-oss120b-fortran-skills,v11w2-oss120b-fortran-skills,40,14,14,26,0,0,0.8492,0.4046,1.5793,3.9031,0.0,False
served,numba,llr40v10-oss120b-fortran-skills,v11w2-qwen38-c,40,16,16,24,0,0,0.7423,0.4409,1.9684,4.4651,0.0,False
served,numba,llr40v10-oss120b-fortran-skills,v11w2-qwen38-c-skills,40,14,14,26,0,0,0.5571,0.39,2.3199,5.9491,0.0,False
served,numba,llr40v10-oss120b-fortran-skills,v11w2-qwen38-fortran,40,23,23,17,0,0,0.4572,0.3789,2.7473,7.2499,0.0,False
served,numba,llr40v10-oss120b-fortran-skills,v11w2-qwen38-fortran-skills,40,17,17,23,0,0,0.5619,0.2505,1.4776,5.8983,0.0,False
served,numba,llr40v10-qwen38-c,llr40v10-qwen38-c-skills,40,32,32,8,0,0,0.6635,0.7908,5.6871,7.192,0.0078,False
served,numba,llr40v10-qwen38-c,llr40v10-qwen38-fortran,40,35,35,5,0,0,1.6039,1.3664,4.0651,2.9751,0.0625,False
served,numba,llr40v10-qwen38-c,llr40v10-qwen38-fortran-skills,40,38,38,2,0,0,1.0735,1.1174,4.9669,4.4449,0.5,False
served,numba,llr40v10-qwen38-c,llr40v11-kimi27sglang-c,40,40,40,0,0,0,1.2075,1.2075,4.7717,3.9517,1.0,False
served,numba,llr40v10-qwen38-c,llr40v11-kimi27sglang-c-skills,40,40,40,0,0,0,1.266,1.266,4.7717,3.7693,1.0,False
served,numba,llr40v10-qwen38-c,llr40v11-kimi27sglang-fortran,40,40,40,0,0,0,1.526,1.526,4.7717,3.127,1.0,False
served,numba,llr40v10-qwen38-c,llr40v11-kimi27sglang-fortran-skills,40,40,40,0,0,0,1.1088,1.1088,4.7717,4.3037,1.0,False
served,numba,llr40v10-qwen38-c,llr40v11-oss120b-c,40,39,39,1,0,0,1.1977,1.1515,4.5879,3.9842,1.0,False
served,numba,llr40v10-qwen38-c,llr40v11-oss120b-c-skills,40,40,40,0,0,0,1.2821,1.2821,4.7717,3.7217,1.0,False
served,numba,llr40v10-qwen38-c,llr40v11-oss120b-fortran,40,40,40,0,0,0,1.4804,1.4804,4.7717,3.2233,1.0,False
served,numba,llr40v10-qwen38-c,llr40v11-oss120b-fortran-skills,40,40,40,0,0,0,1.5466,1.5466,4.7717,3.0852,1.0,False
served,numba,llr40v10-qwen38-c,llr40v11-qwen38-c,40,38,38,2,0,0,0.9828,1.0217,4.9604,4.855,0.5,True
served,numba,llr40v10-qwen38-c,llr40v11-qwen38-c-skills,40,38,38,2,0,0,1.0121,1.042,4.9125,4.7147,0.5,False
served,numba,llr40v10-qwen38-c,llr40v11-qwen38-fortran,40,34,34,6,0,0,1.5905,1.6601,4.9804,3.0001,0.0312,False
served,numba,llr40v10-qwen38-c,llr40v11-qwen38-fortran-skills,40,37,37,3,0,0,1.0822,1.1582,5.1065,4.4091,0.25,False
served,numba,llr40v10-qwen38-c,v11w2-kimi27sglang-c,40,13,13,27,0,0,1.1903,0.4957,1.9869,4.0086,0.0,True
served,numba,llr40v10-qwen38-c,v11w2-kimi27sglang-c-skills,40,15,15,25,0,0,0.927,0.5874,3.0237,5.1474,0.0,False
served,numba,llr40v10-qwen38-c,v11w2-kimi27sglang-fortran,40,14,14,26,0,0,0.7199,0.4448,2.9477,6.6278,0.0,False
served,numba,llr40v10-qwen38-c,v11w2-kimi27sglang-fortran-skills,40,14,14,26,0,0,0.9864,0.608,2.9414,4.8376,0.0,False
served,numba,llr40v10-qwen38-c,v11w2-oss120b-c,40,8,8,32,0,0,0.8333,0.4915,2.8146,5.7261,0.0,False
served,numba,llr40v10-qwen38-c,v11w2-oss120b-c-skills,40,5,5,35,0,0,0.9057,0.7031,3.7042,5.2683,0.0,False
served,numba,llr40v10-qwen38-c,v11w2-oss120b-fortran,40,14,14,26,0,0,1.6016,0.7547,2.2485,2.9793,0.0,True
served,numba,llr40v10-qwen38-c,v11w2-oss120b-fortran-skills,40,14,14,26,0,0,1.2225,1.0266,4.0071,3.9031,0.0,False
served,numba,llr40v10-qwen38-c,v11w2-qwen38-c,40,16,16,24,0,0,1.0687,0.5671,2.5323,4.4651,0.0,True
served,numba,llr40v10-qwen38-c,v11w2-qwen38-c-skills,40,14,14,26,0,0,0.8021,0.3203,1.9053,5.9491,0.0,False
served,numba,llr40v10-qwen38-c,v11w2-qwen38-fortran,40,23,23,17,0,0,0.6582,0.509,3.6901,7.2499,0.0,False
served,numba,llr40v10-qwen38-c,v11w2-qwen38-fortran-skills,40,17,17,23,0,0,0.809,0.3444,2.0316,5.8983,0.0,False
served,numba,llr40v10-qwen38-c-skills,llr40v10-qwen38-fortran,32,35,29,3,6,2,2.4174,1.8311,6.2008,3.3864,0.5078,False
served,numba,llr40v10-qwen38-c-skills,llr40v10-qwen38-fortran-skills,32,38,31,1,7,1,1.618,1.4428,7.2459,5.0223,0.0703,False
served,numba,llr40v10-qwen38-c-skills,llr40v11-kimi27sglang-c,32,40,32,0,8,0,1.82,1.6344,7.192,4.4003,0.0078,False
served,numba,llr40v10-qwen38-c-skills,llr40v11-kimi27sglang-c-skills,32,40,32,0,8,0,1.9081,1.5273,7.192,4.7089,0.0078,False
served,numba,llr40v10-qwen38-c-skills,llr40v11-kimi27sglang-fortran,32,40,32,0,8,0,2.3,2.1737,7.192,3.3086,0.0078,False
served,numba,llr40v10-qwen38-c-skills,llr40v11-kimi27sglang-fortran-skills,32,40,32,0,8,0,1.6711,1.363,7.192,5.2765,0.0078,False
served,numba,llr40v10-qwen38-c-skills,llr40v11-oss120b-c,32,39,31,1,8,0,1.8051,1.498,6.9453,4.6365,0.0391,False
served,numba,llr40v10-qwen38-c-skills,llr40v11-oss120b-c-skills,32,40,32,0,8,0,1.9324,1.7183,7.192,4.1854,0.0078,False
served,numba,llr40v10-qwen38-c-skills,llr40v11-oss120b-fortran,32,40,32,0,8,0,2.2312,1.6652,7.192,4.3189,0.0078,False
served,numba,llr40v10-qwen38-c-skills,llr40v11-oss120b-fortran-skills,32,40,32,0,8,0,2.3311,1.8688,7.192,3.8484,0.0078,False
served,numba,llr40v10-qwen38-c-skills,llr40v11-qwen38-c,32,38,31,1,7,1,1.4814,1.4956,7.4655,4.9917,0.0703,False
served,numba,llr40v10-qwen38-c-skills,llr40v11-qwen38-c-skills,32,38,31,1,7,1,1.5254,1.4276,7.1512,5.0094,0.0703,False
served,numba,llr40v10-qwen38-c-skills,llr40v11-qwen38-fortran,32,34,29,3,5,3,2.3973,2.2784,7.4503,3.27,0.7266,False
served,numba,llr40v10-qwen38-c-skills,llr40v11-qwen38-fortran-skills,32,37,31,1,6,2,1.6312,1.5242,7.6302,5.0062,0.125,False
served,numba,llr40v10-qwen38-c-skills,v11w2-kimi27sglang-c,32,13,9,23,4,4,1.7941,1.028,2.4568,2.3898,0.0003,False
served,numba,llr40v10-qwen38-c-skills,v11w2-kimi27sglang-c-skills,32,15,9,23,6,2,1.3972,1.0089,2.744,2.7198,0.0023,False
served,numba,llr40v10-qwen38-c-skills,v11w2-kimi27sglang-fortran,32,14,10,22,4,4,1.0851,1.48,6.7294,4.5469,0.0005,False
served,numba,llr40v10-qwen38-c-skills,v11w2-kimi27sglang-fortran-skills,32,14,10,22,4,4,1.4867,0.8385,2.259,2.6941,0.0005,True
served,numba,llr40v10-qwen38-c-skills,v11w2-oss120b-c,32,8,4,28,4,4,1.256,0.9634,2.9509,3.0631,0.0,True
served,numba,llr40v10-qwen38-c-skills,v11w2-oss120b-c-skills,32,5,1,31,4,4,1.3651,0.9143,11.3348,12.3967,0.0,True
served,numba,llr40v10-qwen38-c-skills,v11w2-oss120b-fortran,32,14,7,25,7,1,2.414,0.9986,1.6099,1.6122,0.0021,True
served,numba,llr40v10-qwen38-c-skills,v11w2-oss120b-fortran-skills,32,14,8,24,6,2,1.8426,0.9362,2.5386,2.7116,0.0014,True
served,numba,llr40v10-qwen38-c-skills,v11w2-qwen38-c,32,16,13,19,3,5,1.6107,1.0615,3.4318,3.2329,0.0009,False
served,numba,llr40v10-qwen38-c-skills,v11w2-qwen38-c-skills,32,14,10,22,4,4,1.2089,0.7876,3.1277,3.9714,0.0005,True
served,numba,llr40v10-qwen38-c-skills,v11w2-qwen38-fortran,32,23,17,15,6,2,0.992,0.7834,4.1637,5.3147,0.0784,False
served,numba,llr40v10-qwen38-c-skills,v11w2-qwen38-fortran-skills,32,17,11,21,6,2,1.2193,0.7247,2.8402,3.9193,0.0059,True
served,numba,llr40v10-qwen38-fortran,llr40v10-qwen38-fortran-skills,35,38,33,2,5,0,0.6693,0.7083,3.0295,4.2774,0.4531,False
served,numba,llr40v10-qwen38-fortran,llr40v11-kimi27sglang-c,35,40,35,0,5,0,0.7529,0.8429,2.9751,3.5294,0.0625,False
served,numba,llr40v10-qwen38-fortran,llr40v11-kimi27sglang-c-skills,35,40,35,0,5,0,0.7893,0.8284,2.9751,3.5912,0.0625,False
served,numba,llr40v10-qwen38-fortran,llr40v11-kimi27sglang-fortran,35,40,35,0,5,0,0.9514,1.0412,2.9751,2.8574,0.0625,True
served,numba,llr40v10-qwen38-fortran,llr40v11-kimi27sglang-fortran-skills,35,40,35,0,5,0,0.6913,0.7592,2.9751,3.9187,0.0625,False
served,numba,llr40v10-qwen38-fortran,llr40v11-oss120b-c,35,39,34,1,5,0,0.7467,0.8439,2.813,3.3334,0.2188,False
served,numba,llr40v10-qwen38-fortran,llr40v11-oss120b-c-skills,35,40,35,0,5,0,0.7994,0.8557,2.9751,3.4766,0.0625,False
served,numba,llr40v10-qwen38-fortran,llr40v11-oss120b-fortran,35,40,35,0,5,0,0.923,1.0043,2.9751,2.9624,0.0625,True
served,numba,llr40v10-qwen38-fortran,llr40v11-oss120b-fortran-skills,35,40,35,0,5,0,0.9643,1.122,2.9751,2.6515,0.0625,True
served,numba,llr40v10-qwen38-fortran,llr40v11-qwen38-c,35,38,33,2,5,0,0.6128,0.7227,3.1783,4.3977,0.4531,False
served,numba,llr40v10-qwen38-fortran,llr40v11-qwen38-c-skills,35,38,34,1,4,1,0.631,0.7305,3.0702,4.2029,0.375,False
served,numba,llr40v10-qwen38-fortran,llr40v11-qwen38-fortran,35,34,30,5,4,1,0.9917,1.0829,3.0277,2.796,1.0,True
served,numba,llr40v10-qwen38-fortran,llr40v11-qwen38-fortran-skills,35,37,33,2,4,1,0.6748,0.849,3.1497,3.71,0.6875,False
served,numba,llr40v10-qwen38-fortran,v11w2-kimi27sglang-c,35,13,12,23,1,4,0.7422,0.4519,1.5455,3.4202,0.0,False
served,numba,llr40v10-qwen38-fortran,v11w2-kimi27sglang-c-skills,35,15,12,23,3,2,0.578,0.4587,1.7868,3.8957,0.0001,False
served,numba,llr40v10-qwen38-fortran,v11w2-kimi27sglang-fortran,35,14,12,23,2,3,0.4489,0.3262,1.8379,5.6343,0.0,False
served,numba,llr40v10-qwen38-fortran,v11w2-kimi27sglang-fortran-skills,35,14,13,22,1,4,0.615,0.4634,2.0866,4.5032,0.0,False
served,numba,llr40v10-qwen38-fortran,v11w2-oss120b-c,35,8,8,27,0,5,0.5196,0.3597,2.0599,5.7261,0.0,False
served,numba,llr40v10-qwen38-fortran,v11w2-oss120b-c-skills,35,5,4,31,1,4,0.5647,0.4271,1.9141,4.4817,0.0,False
served,numba,llr40v10-qwen38-fortran,v11w2-oss120b-fortran,35,14,12,23,2,3,0.9986,0.4817,1.275,2.6471,0.0,False
served,numba,llr40v10-qwen38-fortran,v11w2-oss120b-fortran-skills,35,14,13,22,1,4,0.7622,0.4282,1.5481,3.6151,0.0,False
served,numba,llr40v10-qwen38-fortran,v11w2-qwen38-c,35,16,15,20,1,4,0.6663,0.3702,1.5889,4.2919,0.0,False
served,numba,llr40v10-qwen38-fortran,v11w2-qwen38-c-skills,35,14,12,23,2,3,0.5001,0.3838,1.9869,5.1773,0.0,False
served,numba,llr40v10-qwen38-fortran,v11w2-qwen38-fortran,35,23,20,15,3,2,0.4104,0.376,2.3956,6.371,0.0075,False
served,numba,llr40v10-qwen38-fortran,v11w2-qwen38-fortran-skills,35,17,16,19,1,4,0.5044,0.2581,1.5668,6.0708,0.0,False
served,numba,llr40v10-qwen38-fortran-skills,llr40v11-kimi27sglang-c,38,40,38,0,2,0,1.1248,1.1227,4.4449,3.9591,0.5,False
served,numba,llr40v10-qwen38-fortran-skills,llr40v11-kimi27sglang-c-skills,38,40,38,0,2,0,1.1793,1.1911,4.4449,3.7316,0.5,False
served,numba,llr40v10-qwen38-fortran-skills,llr40v11-kimi27sglang-fortran,38,40,38,0,2,0,1.4215,1.4409,4.4449,3.0848,0.5,False
served,numba,llr40v10-qwen38-fortran-skills,llr40v11-kimi27sglang-fortran-skills,38,40,38,0,2,0,1.0328,1.0474,4.4449,4.2436,0.5,False
served,numba,llr40v10-qwen38-fortran-skills,llr40v11-oss120b-c,38,39,37,1,2,0,1.1156,1.0744,4.276,3.9797,1.0,False
served,numba,llr40v10-qwen38-fortran-skills,llr40v11-oss120b-c-skills,38,40,38,0,2,0,1.1943,1.1999,4.4449,3.7044,0.5,False
served,numba,llr40v10-qwen38-fortran-skills,llr40v11-oss120b-fortran,38,40,38,0,2,0,1.379,1.3216,4.4449,3.3632,0.5,False
served,numba,llr40v10-qwen38-fortran-skills,llr40v11-oss120b-fortran-skills,38,40,38,0,2,0,1.4407,1.3731,4.4449,3.2371,0.5,False
served,numba,llr40v10-qwen38-fortran-skills,llr40v11-qwen38-c,38,38,36,2,2,0,0.9155,1.0277,4.7918,4.6624,1.0,True
served,numba,llr40v10-qwen38-fortran-skills,llr40v11-qwen38-c-skills,38,38,36,2,2,0,0.9428,1.012,4.5554,4.5016,1.0,True
served,numba,llr40v10-qwen38-fortran-skills,llr40v11-qwen38-fortran,38,34,33,5,1,1,1.4816,1.6117,4.7578,2.952,0.2188,False
served,numba,llr40v10-qwen38-fortran-skills,llr40v11-qwen38-fortran-skills,38,37,36,2,1,1,1.0081,1.0907,4.7601,4.3644,1.0,False
served,numba,llr40v10-qwen38-fortran-skills,v11w2-kimi27sglang-c,38,13,12,26,1,1,1.1088,0.3615,1.4237,3.9379,0.0,True
served,numba,llr40v10-qwen38-fortran-skills,v11w2-kimi27sglang-c-skills,38,15,14,24,1,1,0.8635,0.4341,2.3817,5.4861,0.0,False
served,numba,llr40v10-qwen38-fortran-skills,v11w2-kimi27sglang-fortran,38,14,14,24,0,2,0.6706,0.4498,2.9814,6.6278,0.0,False
served,numba,llr40v10-qwen38-fortran-skills,v11w2-kimi27sglang-fortran-skills,38,14,14,24,0,2,0.9188,0.4394,2.1257,4.8376,0.0,False
served,numba,llr40v10-qwen38-fortran-skills,v11w2-oss120b-c,38,8,8,30,0,2,0.7763,0.5953,3.4089,5.7261,0.0,False
served,numba,llr40v10-qwen38-fortran-skills,v11w2-oss120b-c-skills,38,5,5,33,0,2,0.8437,0.6532,3.4412,5.2683,0.0,False
served,numba,llr40v10-qwen38-fortran-skills,v11w2-oss120b-fortran,38,14,13,25,1,1,1.4919,0.6789,1.7823,2.6253,0.0,True
served,numba,llr40v10-qwen38-fortran-skills,v11w2-oss120b-fortran-skills,38,14,13,25,1,1,1.1388,0.7016,2.5893,3.6906,0.0,True
served,numba,llr40v10-qwen38-fortran-skills,v11w2-qwen38-c,38,16,16,22,0,2,0.9955,0.5319,2.3751,4.4651,0.0,False
served,numba,llr40v10-qwen38-fortran-skills,v11w2-qwen38-c-skills,38,14,14,24,0,2,0.7472,0.3737,2.223,5.9491,0.0,False
served,numba,llr40v10-qwen38-fortran-skills,v11w2-qwen38-fortran,38,23,22,16,1,1,0.6131,0.4941,3.4189,6.9201,0.0003,False
served,numba,llr40v10-qwen38-fortran-skills,v11w2-qwen38-fortran-skills,38,17,16,22,1,1,0.7536,0.4189,2.2825,5.4482,0.0,False
served,numba,llr40v11-kimi27sglang-c,llr40v11-kimi27sglang-c-skills,40,40,40,0,0,0,1.0484,1.0484,3.9517,3.7693,1.0,False
served,numba,llr40v11-kimi27sglang-c,llr40v11-kimi27sglang-fortran,40,40,40,0,0,0,1.2637,1.2637,3.9517,3.127,1.0,False
served,numba,llr40v11-kimi27sglang-c,llr40v11-kimi27sglang-fortran-skills,40,40,40,0,0,0,0.9182,0.9182,3.9517,4.3037,1.0,False
served,numba,llr40v11-kimi27sglang-c,llr40v11-oss120b-c,40,39,39,1,0,0,0.9918,0.9904,3.9457,3.9842,1.0,False
served,numba,llr40v11-kimi27sglang-c,llr40v11-oss120b-c-skills,40,40,40,0,0,0,1.0618,1.0618,3.9517,3.7217,1.0,False
served,numba,llr40v11-kimi27sglang-c,llr40v11-oss120b-fortran,40,40,40,0,0,0,1.226,1.226,3.9517,3.2233,1.0,False
served,numba,llr40v11-kimi27sglang-c,llr40v11-oss120b-fortran-skills,40,40,40,0,0,0,1.2808,1.2808,3.9517,3.0852,1.0,False
served,numba,llr40v11-kimi27sglang-c,llr40v11-qwen38-c,40,38,38,2,0,0,0.8139,0.849,4.1221,4.855,0.5,False
served,numba,llr40v11-kimi27sglang-c,llr40v11-qwen38-c-skills,40,38,38,2,0,0,0.8382,0.8455,3.9862,4.7147,0.5,False
served,numba,llr40v11-kimi27sglang-c,llr40v11-qwen38-fortran,40,34,34,6,0,0,1.3172,1.3502,4.0507,3.0001,0.0312,False
served,numba,llr40v11-kimi27sglang-c,llr40v11-qwen38-fortran-skills,40,37,37,3,0,0,0.8963,0.8827,3.8919,4.4091,0.25,False
served,numba,llr40v11-kimi27sglang-c,v11w2-kimi27sglang-c,40,13,13,27,0,0,0.9858,0.2495,1.0,4.0086,0.0,False
served,numba,llr40v11-kimi27sglang-c,v11w2-kimi27sglang-c-skills,40,15,15,25,0,0,0.7677,0.4138,2.1302,5.1474,0.0,False
served,numba,llr40v11-kimi27sglang-c,v11w2-kimi27sglang-fortran,40,14,14,26,0,0,0.5962,0.2873,1.9039,6.6278,0.0,False
served,numba,llr40v11-kimi27sglang-c,v11w2-kimi27sglang-fortran-skills,40,14,14,26,0,0,0.8169,0.5019,2.4278,4.8376,0.0,False
served,numba,llr40v11-kimi27sglang-c,v11w2-oss120b-c,40,8,8,32,0,0,0.6901,0.3208,1.8371,5.7261,0.0,False
served,numba,llr40v11-kimi27sglang-c,v11w2-oss120b-c-skills,40,5,5,35,0,0,0.7501,0.4885,2.5735,5.2683,0.0,False
served,numba,llr40v11-kimi27sglang-c,v11w2-oss120b-fortran,40,14,14,26,0,0,1.3264,0.6955,2.072,2.9793,0.0,True
served,numba,llr40v11-kimi27sglang-c,v11w2-oss120b-fortran-skills,40,14,14,26,0,0,1.0124,0.8881,3.4663,3.9031,0.0,True
served,numba,llr40v11-kimi27sglang-c,v11w2-qwen38-c,40,16,16,24,0,0,0.885,0.5529,2.4685,4.4651,0.0,False
served,numba,llr40v11-kimi27sglang-c,v11w2-qwen38-c-skills,40,14,14,26,0,0,0.6642,0.3279,1.9505,5.9491,0.0,False
served,numba,llr40v11-kimi27sglang-c,v11w2-qwen38-fortran,40,23,23,17,0,0,0.5451,0.418,3.0308,7.2499,0.0,False
served,numba,llr40v11-kimi27sglang-c,v11w2-qwen38-fortran-skills,40,17,17,23,0,0,0.67,0.4495,2.6515,5.8983,0.0,False
served,numba,llr40v11-kimi27sglang-c-skills,llr40v11-kimi27sglang-fortran,40,40,40,0,0,0,1.2054,1.2054,3.7693,3.127,1.0,False
served,numba,llr40v11-kimi27sglang-c-skills,llr40v11-kimi27sglang-fortran-skills,40,40,40,0,0,0,0.8758,0.8758,3.7693,4.3037,1.0,False
served,numba,llr40v11-kimi27sglang-c-skills,llr40v11-oss120b-c,40,39,39,1,0,0,0.9461,0.9048,3.605,3.9842,1.0,False
served,numba,llr40v11-kimi27sglang-c-skills,llr40v11-oss120b-c-skills,40,40,40,0,0,0,1.0128,1.0128,3.7693,3.7217,1.0,False
served,numba,llr40v11-kimi27sglang-c-skills,llr40v11-oss120b-fortran,40,40,40,0,0,0,1.1694,1.1694,3.7693,3.2233,1.0,False
served,numba,llr40v11-kimi27sglang-c-skills,llr40v11-oss120b-fortran-skills,40,40,40,0,0,0,1.2217,1.2217,3.7693,3.0852,1.0,False
served,numba,llr40v11-kimi27sglang-c-skills,llr40v11-qwen38-c,40,38,38,2,0,0,0.7764,0.8325,4.0419,4.855,0.5,False
served,numba,llr40v11-kimi27sglang-c-skills,llr40v11-qwen38-c-skills,40,38,38,2,0,0,0.7995,0.8573,4.0419,4.7147,0.5,False
served,numba,llr40v11-kimi27sglang-c-skills,llr40v11-qwen38-fortran,40,34,34,6,0,0,1.2564,1.3443,4.033,3.0001,0.0312,False
served,numba,llr40v11-kimi27sglang-c-skills,llr40v11-qwen38-fortran-skills,40,37,37,3,0,0,0.8549,0.8485,3.741,4.4091,0.25,False
served,numba,llr40v11-kimi27sglang-c-skills,v11w2-kimi27sglang-c,40,13,13,27,0,0,0.9403,0.3766,1.5095,4.0086,0.0,False
served,numba,llr40v11-kimi27sglang-c-skills,v11w2-kimi27sglang-c-skills,40,15,15,25,0,0,0.7323,0.1943,1.0,5.1474,0.0,False
served,numba,llr40v11-kimi27sglang-c-skills,v11w2-kimi27sglang-fortran,40,14,14,26,0,0,0.5687,0.3766,2.4961,6.6278,0.0,False
served,numba,llr40v11-kimi27sglang-c-skills,v11w2-kimi27sglang-fortran-skills,40,14,14,26,0,0,0.7792,0.3726,1.8025,4.8376,0.0,False
served,numba,llr40v11-kimi27sglang-c-skills,v11w2-oss120b-c,40,8,8,32,0,0,0.6583,0.2844,1.6283,5.7261,0.0,False
served,numba,llr40v11-kimi27sglang-c-skills,v11w2-oss120b-c-skills,40,5,5,35,0,0,0.7155,0.208,1.0959,5.2683,0.0,False
served,numba,llr40v11-kimi27sglang-c-skills,v11w2-oss120b-fortran,40,14,14,26,0,0,1.2651,0.5054,1.5059,2.9793,0.0,True
served,numba,llr40v11-kimi27sglang-c-skills,v11w2-oss120b-fortran-skills,40,14,14,26,0,0,0.9657,0.4566,1.7822,3.9031,0.0,False
served,numba,llr40v11-kimi27sglang-c-skills,v11w2-qwen38-c,40,16,16,24,0,0,0.8442,0.4174,1.8636,4.4651,0.0,False
served,numba,llr40v11-kimi27sglang-c-skills,v11w2-qwen38-c-skills,40,14,14,26,0,0,0.6336,0.2881,1.7138,5.9491,0.0,False
served,numba,llr40v11-kimi27sglang-c-skills,v11w2-qwen38-fortran,40,23,23,17,0,0,0.5199,0.47,3.4078,7.2499,0.0,False
served,numba,llr40v11-kimi27sglang-c-skills,v11w2-qwen38-fortran-skills,40,17,17,23,0,0,0.639,0.342,2.0174,5.8983,0.0,False
served,numba,llr40v11-kimi27sglang-fortran,llr40v11-kimi27sglang-fortran-skills,40,40,40,0,0,0,0.7266,0.7266,3.127,4.3037,1.0,False
served,numba,llr40v11-kimi27sglang-fortran,llr40v11-oss120b-c,40,39,39,1,0,0,0.7848,0.7329,2.92,3.9842,1.0,False
served,numba,llr40v11-kimi27sglang-fortran,llr40v11-oss120b-c-skills,40,40,40,0,0,0,0.8402,0.8402,3.127,3.7217,1.0,False
served,numba,llr40v11-kimi27sglang-fortran,llr40v11-oss120b-fortran,40,40,40,0,0,0,0.9701,0.9701,3.127,3.2233,1.0,False
served,numba,llr40v11-kimi27sglang-fortran,llr40v11-oss120b-fortran-skills,40,40,40,0,0,0,1.0135,1.0135,3.127,3.0852,1.0,False
served,numba,llr40v11-kimi27sglang-fortran,llr40v11-qwen38-c,40,38,38,2,0,0,0.6441,0.6659,3.2328,4.855,0.5,False
served,numba,llr40v11-kimi27sglang-fortran,llr40v11-qwen38-c-skills,40,38,38,2,0,0,0.6632,0.6655,3.1377,4.7147,0.5,False
served,numba,llr40v11-kimi27sglang-fortran,llr40v11-qwen38-fortran,40,34,34,6,0,0,1.0423,1.0171,3.0514,3.0001,0.0312,False
served,numba,llr40v11-kimi27sglang-fortran,llr40v11-qwen38-fortran-skills,40,37,37,3,0,0,0.7092,0.7036,3.1024,4.4091,0.25,False
served,numba,llr40v11-kimi27sglang-fortran,v11w2-kimi27sglang-c,40,13,13,27,0,0,0.7801,0.3284,1.3162,4.0086,0.0,False
served,numba,llr40v11-kimi27sglang-fortran,v11w2-kimi27sglang-c-skills,40,15,15,25,0,0,0.6075,0.3356,1.7274,5.1474,0.0,False
served,numba,llr40v11-kimi27sglang-fortran,v11w2-kimi27sglang-fortran,40,14,14,26,0,0,0.4718,0.1509,1.0,6.6278,0.0,False
served,numba,llr40v11-kimi27sglang-fortran,v11w2-kimi27sglang-fortran-skills,40,14,14,26,0,0,0.6464,0.4678,2.2629,4.8376,0.0,False
served,numba,llr40v11-kimi27sglang-fortran,v11w2-oss120b-c,40,8,8,32,0,0,0.5461,0.3711,2.1249,5.7261,0.0,False
served,numba,llr40v11-kimi27sglang-fortran,v11w2-oss120b-c-skills,40,5,5,35,0,0,0.5935,0.3546,1.868,5.2683,0.0,False
served,numba,llr40v11-kimi27sglang-fortran,v11w2-oss120b-fortran,40,14,14,26,0,0,1.0496,0.5748,1.7126,2.9793,0.0,True
served,numba,llr40v11-kimi27sglang-fortran,v11w2-oss120b-fortran-skills,40,14,14,26,0,0,0.8011,0.6413,2.5032,3.9031,0.0,False
served,numba,llr40v11-kimi27sglang-fortran,v11w2-qwen38-c,40,16,16,24,0,0,0.7003,0.5343,2.3855,4.4651,0.0,False
served,numba,llr40v11-kimi27sglang-fortran,v11w2-qwen38-c-skills,40,14,14,26,0,0,0.5256,0.3113,1.8519,5.9491,0.0,False
served,numba,llr40v11-kimi27sglang-fortran,v11w2-qwen38-fortran,40,23,23,17,0,0,0.4313,0.3525,2.5558,7.2499,0.0,False
served,numba,llr40v11-kimi27sglang-fortran,v11w2-qwen38-fortran-skills,40,17,17,23,0,0,0.5301,0.3073,1.8124,5.8983,0.0,False
served,numba,llr40v11-kimi27sglang-fortran-skills,llr40v11-oss120b-c,40,39,39,1,0,0,1.0802,1.0385,4.1375,3.9842,1.0,False
served,numba,llr40v11-kimi27sglang-fortran-skills,llr40v11-oss120b-c-skills,40,40,40,0,0,0,1.1564,1.1564,4.3037,3.7217,1.0,False
served,numba,llr40v11-kimi27sglang-fortran-skills,llr40v11-oss120b-fortran,40,40,40,0,0,0,1.3352,1.3352,4.3037,3.2233,1.0,False
served,numba,llr40v11-kimi27sglang-fortran-skills,llr40v11-oss120b-fortran-skills,40,40,40,0,0,0,1.3949,1.3949,4.3037,3.0852,1.0,False
served,numba,llr40v11-kimi27sglang-fortran-skills,llr40v11-qwen38-c,40,38,38,2,0,0,0.8864,0.9369,4.5485,4.855,0.5,False
served,numba,llr40v11-kimi27sglang-fortran-skills,llr40v11-qwen38-c-skills,40,38,38,2,0,0,0.9128,0.9361,4.4136,4.7147,0.5,False
served,numba,llr40v11-kimi27sglang-fortran-skills,llr40v11-qwen38-fortran,40,34,34,6,0,0,1.4345,1.4651,4.3954,3.0001,0.0312,False
served,numba,llr40v11-kimi27sglang-fortran-skills,llr40v11-qwen38-fortran-skills,40,37,37,3,0,0,0.9761,0.9441,4.1625,4.4091,0.25,False
served,numba,llr40v11-kimi27sglang-fortran-skills,v11w2-kimi27sglang-c,40,13,13,27,0,0,1.0736,0.4234,1.6971,4.0086,0.0,True
served,numba,llr40v11-kimi27sglang-fortran-skills,v11w2-kimi27sglang-c-skills,40,15,15,25,0,0,0.8361,0.3508,1.8059,5.1474,0.0,False
served,numba,llr40v11-kimi27sglang-fortran-skills,v11w2-kimi27sglang-fortran,40,14,14,26,0,0,0.6493,0.552,3.6587,6.6278,0.0,False
served,numba,llr40v11-kimi27sglang-fortran-skills,v11w2-kimi27sglang-fortran-skills,40,14,14,26,0,0,0.8896,0.2067,1.0,4.8376,0.0,False
served,numba,llr40v11-kimi27sglang-fortran-skills,v11w2-oss120b-c,40,8,8,32,0,0,0.7516,0.2597,1.487,5.7261,0.0,False
served,numba,llr40v11-kimi27sglang-fortran-skills,v11w2-oss120b-c-skills,40,5,5,35,0,0,0.8169,0.3988,2.1008,5.2683,0.0,False
served,numba,llr40v11-kimi27sglang-fortran-skills,v11w2-oss120b-fortran,40,14,14,26,0,0,1.4445,0.6533,1.9464,2.9793,0.0,True
served,numba,llr40v11-kimi27sglang-fortran-skills,v11w2-oss120b-fortran-skills,40,14,14,26,0,0,1.1026,0.6119,2.3885,3.9031,0.0,True
served,numba,llr40v11-kimi27sglang-fortran-skills,v11w2-qwen38-c,40,16,16,24,0,0,0.9639,0.4925,2.1989,4.4651,0.0,False
served,numba,llr40v11-kimi27sglang-fortran-skills,v11w2-qwen38-c-skills,40,14,14,26,0,0,0.7234,0.323,1.9216,5.9491,0.0,False
served,numba,llr40v11-kimi27sglang-fortran-skills,v11w2-qwen38-fortran,40,23,23,17,0,0,0.5936,0.4624,3.3522,7.2499,0.0,False
served,numba,llr40v11-kimi27sglang-fortran-skills,v11w2-qwen38-fortran-skills,40,17,17,23,0,0,0.7296,0.4725,2.7868,5.8983,0.0,False
served,numba,llr40v11-oss120b-c,llr40v11-oss120b-c-skills,39,40,39,0,1,0,1.0705,1.1168,3.9842,3.5675,1.0,False
served,numba,llr40v11-oss120b-c,llr40v11-oss120b-fortran,39,40,39,0,1,0,1.2361,1.3233,3.9842,3.0108,1.0,False
served,numba,llr40v11-oss120b-c,llr40v11-oss120b-fortran-skills,39,40,39,0,1,0,1.2914,1.3561,3.9842,2.9379,1.0,False
served,numba,llr40v11-oss120b-c,llr40v11-qwen38-c,39,38,37,2,1,0,0.8206,0.9119,4.2588,4.6703,1.0,False
served,numba,llr40v11-oss120b-c,llr40v11-qwen38-c-skills,39,38,37,2,1,0,0.8451,0.9104,4.0761,4.4772,1.0,False
served,numba,llr40v11-oss120b-c,llr40v11-qwen38-fortran,39,34,33,6,1,0,1.328,1.3313,3.7561,2.8214,0.125,False
served,numba,llr40v11-oss120b-c,llr40v11-qwen38-fortran-skills,39,37,36,3,1,0,0.9036,0.934,3.9445,4.2232,0.625,False
served,numba,llr40v11-oss120b-c,v11w2-kimi27sglang-c,39,13,13,26,0,1,0.9939,0.4147,1.6624,4.0086,0.0,False
served,numba,llr40v11-oss120b-c,v11w2-kimi27sglang-c-skills,39,15,15,24,0,1,0.774,0.3622,1.8643,5.1474,0.0,False
served,numba,llr40v11-oss120b-c,v11w2-kimi27sglang-fortran,39,14,14,25,0,1,0.6011,0.4651,3.0827,6.6278,0.0,False
served,numba,llr40v11-oss120b-c,v11w2-kimi27sglang-fortran-skills,39,14,14,25,0,1,0.8236,0.4023,1.9464,4.8376,0.0,False
served,numba,llr40v11-oss120b-c,v11w2-oss120b-c,39,8,7,32,1,0,0.6958,0.2076,1.0,4.817,0.0,False
served,numba,llr40v11-oss120b-c,v11w2-oss120b-c-skills,39,5,5,34,0,1,0.7563,0.5023,2.6462,5.2683,0.0,False
served,numba,llr40v11-oss120b-c,v11w2-oss120b-fortran,39,14,14,25,0,1,1.3373,0.6856,2.0427,2.9793,0.0,True
served,numba,llr40v11-oss120b-c,v11w2-oss120b-fortran-skills,39,14,14,25,0,1,1.0208,0.5851,2.2839,3.9031,0.0,True
served,numba,llr40v11-oss120b-c,v11w2-qwen38-c,39,16,16,23,0,1,0.8923,0.4287,1.9141,4.4651,0.0,False
served,numba,llr40v11-oss120b-c,v11w2-qwen38-c-skills,39,14,14,25,0,1,0.6697,0.3309,1.9686,5.9491,0.0,False
served,numba,llr40v11-oss120b-c,v11w2-qwen38-fortran,39,23,23,16,0,1,0.5496,0.4985,3.6143,7.2499,0.0,False
served,numba,llr40v11-oss120b-c,v11w2-qwen38-fortran-skills,39,17,17,22,0,1,0.6755,0.3426,2.0209,5.8983,0.0,False
served,numba,llr40v11-oss120b-c-skills,llr40v11-oss120b-fortran,40,40,40,0,0,0,1.1546,1.1546,3.7217,3.2233,1.0,False
served,numba,llr40v11-oss120b-c-skills,llr40v11-oss120b-fortran-skills,40,40,40,0,0,0,1.2063,1.2063,3.7217,3.0852,1.0,False
served,numba,llr40v11-oss120b-c-skills,llr40v11-qwen38-c,40,38,38,2,0,0,0.7666,0.814,3.9519,4.855,0.5,False
served,numba,llr40v11-oss120b-c-skills,llr40v11-qwen38-c-skills,40,38,38,2,0,0,0.7894,0.8009,3.7759,4.7147,0.5,False
served,numba,llr40v11-oss120b-c-skills,llr40v11-qwen38-fortran,40,34,34,6,0,0,1.2406,1.3408,4.0224,3.0001,0.0312,False
served,numba,llr40v11-oss120b-c-skills,llr40v11-qwen38-fortran-skills,40,37,37,3,0,0,0.8441,0.8342,3.6782,4.4091,0.25,False
served,numba,llr40v11-oss120b-c-skills,v11w2-kimi27sglang-c,40,13,13,27,0,0,0.9284,0.4221,1.6919,4.0086,0.0,False
served,numba,llr40v11-oss120b-c-skills,v11w2-kimi27sglang-c-skills,40,15,15,25,0,0,0.723,0.3159,1.6262,5.1474,0.0,False
served,numba,llr40v11-oss120b-c-skills,v11w2-kimi27sglang-fortran,40,14,14,26,0,0,0.5615,0.4072,2.6991,6.6278,0.0,False
served,numba,llr40v11-oss120b-c-skills,v11w2-kimi27sglang-fortran-skills,40,14,14,26,0,0,0.7693,0.4202,2.0326,4.8376,0.0,False
served,numba,llr40v11-oss120b-c-skills,v11w2-oss120b-c,40,8,8,32,0,0,0.65,0.392,2.2445,5.7261,0.0,False
served,numba,llr40v11-oss120b-c-skills,v11w2-oss120b-c-skills,40,5,5,35,0,0,0.7064,0.1898,1.0,5.2683,0.0,False
served,numba,llr40v11-oss120b-c-skills,v11w2-oss120b-fortran,40,14,14,26,0,0,1.2492,0.4738,1.4116,2.9793,0.0,True
served,numba,llr40v11-oss120b-c-skills,v11w2-oss120b-fortran-skills,40,14,14,26,0,0,0.9535,0.5427,2.1181,3.9031,0.0,False
served,numba,llr40v11-oss120b-c-skills,v11w2-qwen38-c,40,16,16,24,0,0,0.8335,0.5605,2.5025,4.4651,0.0,False
served,numba,llr40v11-oss120b-c-skills,v11w2-qwen38-c-skills,40,14,14,26,0,0,0.6256,0.4382,2.6067,5.9491,0.0,False
served,numba,llr40v11-oss120b-c-skills,v11w2-qwen38-fortran,40,23,23,17,0,0,0.5134,0.435,3.1538,7.2499,0.0,False
served,numba,llr40v11-oss120b-c-skills,v11w2-qwen38-fortran-skills,40,17,17,23,0,0,0.631,0.3626,2.139,5.8983,0.0,False
served,numba,llr40v11-oss120b-fortran,llr40v11-oss120b-fortran-skills,40,40,40,0,0,0,1.0448,1.0448,3.2233,3.0852,1.0,False
served,numba,llr40v11-oss120b-fortran,llr40v11-qwen38-c,40,38,38,2,0,0,0.6639,0.7008,3.4022,4.855,0.5,False
served,numba,llr40v11-oss120b-fortran,llr40v11-qwen38-c-skills,40,38,38,2,0,0,0.6837,0.6895,3.2506,4.7147,0.5,False
served,numba,llr40v11-oss120b-fortran,llr40v11-qwen38-fortran,40,34,34,6,0,0,1.0744,1.2281,3.6843,3.0001,0.0312,False
served,numba,llr40v11-oss120b-fortran,llr40v11-qwen38-fortran-skills,40,37,37,3,0,0,0.7311,0.8038,3.5442,4.4091,0.25,False
served,numba,llr40v11-oss120b-fortran,v11w2-kimi27sglang-c,40,13,13,27,0,0,0.8041,0.3853,1.5446,4.0086,0.0,False
served,numba,llr40v11-oss120b-fortran,v11w2-kimi27sglang-c-skills,40,15,15,25,0,0,0.6262,0.2612,1.3443,5.1474,0.0,False
served,numba,llr40v11-oss120b-fortran,v11w2-kimi27sglang-fortran,40,14,14,26,0,0,0.4863,0.3157,2.0927,6.6278,0.0,False
served,numba,llr40v11-oss120b-fortran,v11w2-kimi27sglang-fortran-skills,40,14,14,26,0,0,0.6663,0.338,1.6353,4.8376,0.0,False
served,numba,llr40v11-oss120b-fortran,v11w2-oss120b-c,40,8,8,32,0,0,0.5629,0.2926,1.6756,5.7261,0.0,False
served,numba,llr40v11-oss120b-fortran,v11w2-oss120b-c-skills,40,5,5,35,0,0,0.6118,0.1898,1.0,5.2683,0.0,False
served,numba,llr40v11-oss120b-fortran,v11w2-oss120b-fortran,40,14,14,26,0,0,1.0819,0.3356,1.0,2.9793,0.0,True
served,numba,llr40v11-oss120b-fortran,v11w2-oss120b-fortran-skills,40,14,14,26,0,0,0.8258,0.3414,1.3326,3.9031,0.0,False
served,numba,llr40v11-oss120b-fortran,v11w2-qwen38-c,40,16,16,24,0,0,0.7219,0.5005,2.2347,4.4651,0.0,False
served,numba,llr40v11-oss120b-fortran,v11w2-qwen38-c-skills,40,14,14,26,0,0,0.5418,0.3402,2.024,5.9491,0.0,False
served,numba,llr40v11-oss120b-fortran,v11w2-qwen38-fortran,40,23,23,17,0,0,0.4446,0.3468,2.5141,7.2499,0.0,False
served,numba,llr40v11-oss120b-fortran,v11w2-qwen38-fortran-skills,40,17,17,23,0,0,0.5465,0.2248,1.3259,5.8983,0.0,False
served,numba,llr40v11-oss120b-fortran-skills,llr40v11-qwen38-c,40,38,38,2,0,0,0.6355,0.6743,3.2737,4.855,0.5,False
served,numba,llr40v11-oss120b-fortran-skills,llr40v11-qwen38-c-skills,40,38,38,2,0,0,0.6544,0.6601,3.1124,4.7147,0.5,False
served,numba,llr40v11-oss120b-fortran-skills,llr40v11-qwen38-fortran,40,34,34,6,0,0,1.0284,1.1651,3.4952,3.0001,0.0312,False
served,numba,llr40v11-oss120b-fortran-skills,llr40v11-qwen38-fortran-skills,40,37,37,3,0,0,0.6997,0.7397,3.2616,4.4091,0.25,False
served,numba,llr40v11-oss120b-fortran-skills,v11w2-kimi27sglang-c,40,13,13,27,0,0,0.7696,0.4348,1.7431,4.0086,0.0,False
served,numba,llr40v11-oss120b-fortran-skills,v11w2-kimi27sglang-c-skills,40,15,15,25,0,0,0.5994,0.268,1.3795,5.1474,0.0,False
served,numba,llr40v11-oss120b-fortran-skills,v11w2-kimi27sglang-fortran,40,14,14,26,0,0,0.4655,0.3198,2.1196,6.6278,0.0,False
served,numba,llr40v11-oss120b-fortran-skills,v11w2-kimi27sglang-fortran-skills,40,14,14,26,0,0,0.6378,0.338,1.6353,4.8376,0.0,False
served,numba,llr40v11-oss120b-fortran-skills,v11w2-oss120b-c,40,8,8,32,0,0,0.5388,0.2676,1.5321,5.7261,0.0,False
served,numba,llr40v11-oss120b-fortran-skills,v11w2-oss120b-c-skills,40,5,5,35,0,0,0.5856,0.2147,1.1313,5.2683,0.0,False
served,numba,llr40v11-oss120b-fortran-skills,v11w2-oss120b-fortran,40,14,14,26,0,0,1.0356,0.3855,1.1487,2.9793,0.0,True
served,numba,llr40v11-oss120b-fortran-skills,v11w2-oss120b-fortran-skills,40,14,14,26,0,0,0.7905,0.2562,1.0,3.9031,0.0,False
served,numba,llr40v11-oss120b-fortran-skills,v11w2-qwen38-c,40,16,16,24,0,0,0.691,0.3727,1.6642,4.4651,0.0,False
served,numba,llr40v11-oss120b-fortran-skills,v11w2-qwen38-c-skills,40,14,14,26,0,0,0.5186,0.3568,2.1227,5.9491,0.0,False
served,numba,llr40v11-oss120b-fortran-skills,v11w2-qwen38-fortran,40,23,23,17,0,0,0.4256,0.3096,2.2447,7.2499,0.0,False
served,numba,llr40v11-oss120b-fortran-skills,v11w2-qwen38-fortran-skills,40,17,17,23,0,0,0.5231,0.245,1.4451,5.8983,0.0,False
served,numba,llr40v11-qwen38-c,llr40v11-qwen38-c-skills,38,38,36,2,2,0,1.0298,1.0748,5.3004,4.9315,1.0,False
served,numba,llr40v11-qwen38-c,llr40v11-qwen38-fortran,38,34,32,6,2,0,1.6183,1.475,4.6914,3.1805,0.2891,False
served,numba,llr40v11-qwen38-c,llr40v11-qwen38-fortran-skills,38,37,35,3,2,0,1.1011,0.9367,4.4955,4.7992,1.0,True
served,numba,llr40v11-qwen38-c,v11w2-kimi27sglang-c,38,13,12,26,1,1,1.2111,0.6428,2.0987,3.265,0.0,True
served,numba,llr40v11-qwen38-c,v11w2-kimi27sglang-c-skills,38,15,13,25,2,0,0.9432,0.6236,2.7214,4.3641,0.0,False
served,numba,llr40v11-qwen38-c,v11w2-kimi27sglang-fortran,38,14,13,25,1,1,0.7325,0.845,4.7949,5.6743,0.0,False
served,numba,llr40v11-qwen38-c,v11w2-kimi27sglang-fortran-skills,38,14,13,25,1,1,1.0036,0.6094,2.4411,4.0056,0.0,True
served,numba,llr40v11-qwen38-c,v11w2-oss120b-c,38,8,7,31,1,1,0.8479,0.6707,3.1447,4.6886,0.0,False
served,numba,llr40v11-qwen38-c,v11w2-oss120b-c-skills,38,5,4,34,1,1,0.9216,2.1302,7.8438,3.6821,0.0,True
served,numba,llr40v11-qwen38-c,v11w2-oss120b-fortran,38,14,13,25,1,1,1.6296,1.5576,4.058,2.6052,0.0,False
served,numba,llr40v11-qwen38-c,v11w2-oss120b-fortran-skills,38,14,12,26,2,0,1.2439,0.9746,3.7624,3.8603,0.0,True
served,numba,llr40v11-qwen38-c,v11w2-qwen38-c,38,16,14,24,2,0,1.0873,0.2712,1.0,3.6874,0.0,True
served,numba,llr40v11-qwen38-c,v11w2-qwen38-c-skills,38,14,13,25,1,1,0.8161,0.31,1.572,5.0705,0.0,False
served,numba,llr40v11-qwen38-c,v11w2-qwen38-fortran,38,23,22,16,1,1,0.6697,0.6282,4.2058,6.6954,0.0003,False
served,numba,llr40v11-qwen38-c,v11w2-qwen38-fortran-skills,38,17,15,23,2,0,0.8231,0.5866,3.0988,5.2823,0.0,False
served,numba,llr40v11-qwen38-c-skills,llr40v11-qwen38-fortran,38,34,33,5,1,1,1.5715,1.4889,4.3319,2.9096,0.2188,False
served,numba,llr40v11-qwen38-c-skills,llr40v11-qwen38-fortran-skills,38,37,35,3,2,0,1.0693,1.048,4.7315,4.5147,1.0,False
served,numba,llr40v11-qwen38-c-skills,v11w2-kimi27sglang-c,38,13,12,26,1,1,1.1761,0.5198,1.951,3.753,0.0,True
served,numba,llr40v11-qwen38-c-skills,v11w2-kimi27sglang-c-skills,38,15,13,25,2,0,0.9159,0.5924,2.8146,4.7511,0.0,False
served,numba,llr40v11-qwen38-c-skills,v11w2-kimi27sglang-fortran,38,14,13,25,1,1,0.7113,0.6366,4.2164,6.6231,0.0,False
served,numba,llr40v11-qwen38-c-skills,v11w2-kimi27sglang-fortran-skills,38,14,13,25,1,1,0.9746,0.4673,2.1614,4.6255,0.0,False
served,numba,llr40v11-qwen38-c-skills,v11w2-oss120b-c,38,8,7,31,1,1,0.8234,0.4622,3.3956,7.3473,0.0,False
served,numba,llr40v11-qwen38-c-skills,v11w2-oss120b-c-skills,38,5,5,33,0,2,0.8949,1.0365,5.4604,5.2683,0.0,True
served,numba,llr40v11-qwen38-c-skills,v11w2-oss120b-fortran,38,14,13,25,1,1,1.5825,1.0248,3.3207,3.2403,0.0,False
served,numba,llr40v11-qwen38-c-skills,v11w2-oss120b-fortran-skills,38,14,13,25,1,1,1.2079,1.0987,4.762,4.3342,0.0,False
served,numba,llr40v11-qwen38-c-skills,v11w2-qwen38-c,38,16,14,24,2,0,1.0559,0.4184,1.7053,4.0761,0.0,True
served,numba,llr40v11-qwen38-c-skills,v11w2-qwen38-c-skills,38,14,12,26,2,0,0.7925,0.1514,1.0,6.6066,0.0,False
served,numba,llr40v11-qwen38-c-skills,v11w2-qwen38-fortran,38,23,22,16,1,1,0.6503,0.6161,4.4949,7.2962,0.0003,False
served,numba,llr40v11-qwen38-c-skills,v11w2-qwen38-fortran-skills,38,17,16,22,1,1,0.7993,0.4274,2.4979,5.8449,0.0,False
served,numba,llr40v11-qwen38-fortran,llr40v11-qwen38-fortran-skills,34,37,32,2,5,1,0.6804,0.6729,3.2133,4.7752,0.4531,False
served,numba,llr40v11-qwen38-fortran,v11w2-kimi27sglang-c,34,13,11,23,2,4,0.7484,0.4802,1.602,3.3364,0.0,False
served,numba,llr40v11-qwen38-fortran,v11w2-kimi27sglang-c-skills,34,15,11,23,4,2,0.5828,0.5033,2.3088,4.5874,0.0003,False
served,numba,llr40v11-qwen38-fortran,v11w2-kimi27sglang-fortran,34,14,12,22,2,4,0.4526,0.3621,2.2519,6.2186,0.0,False
served,numba,llr40v11-qwen38-fortran,v11w2-kimi27sglang-fortran-skills,34,14,11,23,3,3,0.6202,0.414,2.0049,4.8432,0.0001,False
served,numba,llr40v11-qwen38-fortran,v11w2-oss120b-c,34,8,7,27,1,5,0.5239,0.4537,3.3334,7.3473,0.0,False
served,numba,llr40v11-qwen38-fortran,v11w2-oss120b-c-skills,34,5,3,31,2,4,0.5695,0.3369,1.0757,3.1927,0.0,False
served,numba,llr40v11-qwen38-fortran,v11w2-oss120b-fortran,34,14,9,25,5,1,1.007,0.5837,1.3568,2.3246,0.0003,True
served,numba,llr40v11-qwen38-fortran,v11w2-oss120b-fortran-skills,34,14,9,25,5,1,0.7686,0.4602,1.7711,3.8486,0.0003,False
served,numba,llr40v11-qwen38-fortran,v11w2-qwen38-c,34,16,15,19,1,5,0.6719,0.3817,1.6283,4.2663,0.0,False
served,numba,llr40v11-qwen38-fortran,v11w2-qwen38-c-skills,34,14,12,22,2,4,0.5043,0.2656,2.09,7.8698,0.0,False
served,numba,llr40v11-qwen38-fortran,v11w2-qwen38-fortran,34,23,17,17,6,0,0.4138,0.1395,1.0,7.1677,0.0347,False
served,numba,llr40v11-qwen38-fortran,v11w2-qwen38-fortran-skills,34,17,14,20,3,3,0.5086,0.3528,1.7758,5.034,0.0005,False
served,numba,llr40v11-qwen38-fortran-skills,v11w2-kimi27sglang-c,37,13,12,25,1,2,1.0999,0.6487,2.2186,3.4202,0.0,True
served,numba,llr40v11-qwen38-fortran-skills,v11w2-kimi27sglang-c-skills,37,15,14,23,1,2,0.8566,0.4664,2.1485,4.6061,0.0,False
served,numba,llr40v11-qwen38-fortran-skills,v11w2-kimi27sglang-fortran,37,14,13,24,1,2,0.6652,0.5446,3.3385,6.1304,0.0,False
served,numba,llr40v11-qwen38-fortran-skills,v11w2-kimi27sglang-fortran-skills,37,14,14,23,0,3,0.9114,0.4372,2.1151,4.8376,0.0,False
served,numba,llr40v11-qwen38-fortran-skills,v11w2-oss120b-c,37,8,8,29,0,3,0.77,0.4444,2.5449,5.7261,0.0,False
served,numba,llr40v11-qwen38-fortran-skills,v11w2-oss120b-c-skills,37,5,5,32,0,3,0.8369,0.5124,2.6994,5.2683,0.0,False
served,numba,llr40v11-qwen38-fortran-skills,v11w2-oss120b-fortran,37,14,11,26,3,0,1.4799,0.6771,1.8349,2.7097,0.0,True
served,numba,llr40v11-qwen38-fortran-skills,v11w2-oss120b-fortran-skills,37,14,12,25,2,1,1.1296,0.6869,2.4916,3.6276,0.0,True
served,numba,llr40v11-qwen38-fortran-skills,v11w2-qwen38-c,37,16,16,21,0,3,0.9875,0.487,2.1744,4.4651,0.0,False
served,numba,llr40v11-qwen38-fortran-skills,v11w2-qwen38-c-skills,37,14,13,24,1,2,0.7411,0.3694,2.0129,5.4487,0.0,False
served,numba,llr40v11-qwen38-fortran-skills,v11w2-qwen38-fortran,37,23,20,17,3,0,0.6082,0.5846,3.6968,6.3236,0.0026,False
served,numba,llr40v11-qwen38-fortran-skills,v11w2-qwen38-fortran-skills,37,17,14,23,3,0,0.7475,0.185,1.0,5.4048,0.0001,False
served,numba,v11w2-kimi27sglang-c,v11w2-kimi27sglang-c-skills,13,15,7,6,8,19,0.7788,1.1527,5.321,4.6159,0.7905,True
served,numba,v11w2-kimi27sglang-c,v11w2-kimi27sglang-fortran,13,14,8,5,6,21,0.6048,0.8412,4.6987,5.5854,1.0,False
served,numba,v11w2-kimi27sglang-c,v11w2-kimi27sglang-fortran-skills,13,14,8,5,6,21,0.8286,0.8624,2.5291,2.9326,1.0,False
served,numba,v11w2-kimi27sglang-c,v11w2-oss120b-c,13,8,4,9,4,23,0.7001,1.8999,6.1011,3.2113,0.2668,True
served,numba,v11w2-kimi27sglang-c,v11w2-oss120b-c-skills,13,5,2,11,3,24,0.7609,1.8717,10.6779,5.7048,0.0574,True
served,numba,v11w2-kimi27sglang-c,v11w2-oss120b-fortran,13,14,7,6,7,20,1.3455,2.5336,4.8376,1.9094,1.0,False
served,numba,v11w2-kimi27sglang-c,v11w2-oss120b-fortran-skills,13,14,5,8,9,18,1.027,2.2123,3.87,1.7493,1.0,False
served,numba,v11w2-kimi27sglang-c,v11w2-qwen38-c,13,16,8,5,8,19,0.8978,1.1088,3.0707,2.7695,0.5811,True
served,numba,v11w2-kimi27sglang-c,v11w2-qwen38-c-skills,13,14,7,6,7,20,0.6738,1.1826,5.3059,4.4865,1.0,True
served,numba,v11w2-kimi27sglang-c,v11w2-qwen38-fortran,13,23,9,4,14,13,0.5529,1.0662,4.0809,3.8274,0.0309,True
served,numba,v11w2-kimi27sglang-c,v11w2-qwen38-fortran-skills,13,17,7,6,10,17,0.6796,1.4166,4.7355,3.3429,0.4545,True
served,numba,v11w2-kimi27sglang-c-skills,v11w2-kimi27sglang-fortran,15,14,7,8,7,18,0.7766,0.8468,8.9269,10.5422,1.0,False
served,numba,v11w2-kimi27sglang-c-skills,v11w2-kimi27sglang-fortran-skills,15,14,8,7,6,19,1.064,0.6005,3.6051,6.0033,1.0,True
served,numba,v11w2-kimi27sglang-c-skills,v11w2-oss120b-c,15,8,5,10,3,22,0.8989,0.8018,7.2148,8.9983,0.0923,False
served,numba,v11w2-kimi27sglang-c-skills,v11w2-oss120b-c-skills,15,5,4,11,1,24,0.9771,3.0707,22.2427,7.2436,0.0063,True
served,numba,v11w2-kimi27sglang-c-skills,v11w2-oss120b-fortran,15,14,9,6,5,20,1.7277,1.9825,7.7318,3.9,1.0,False
served,numba,v11w2-kimi27sglang-c-skills,v11w2-oss120b-fortran-skills,15,14,10,5,4,21,1.3188,1.6844,5.4171,3.2161,1.0,False
served,numba,v11w2-kimi27sglang-c-skills,v11w2-qwen38-c,15,16,8,7,8,17,1.1528,0.7994,4.3662,5.4618,1.0,True
served,numba,v11w2-kimi27sglang-c-skills,v11w2-qwen38-c-skills,15,14,8,7,6,19,0.8652,0.8094,5.6343,6.9609,1.0,False
served,numba,v11w2-kimi27sglang-c-skills,v11w2-qwen38-fortran,15,23,9,6,14,11,0.71,1.0805,7.3974,6.8465,0.1153,True
served,numba,v11w2-kimi27sglang-c-skills,v11w2-qwen38-fortran-skills,15,17,8,7,9,16,0.8727,0.8581,6.8578,7.9915,0.8036,False
served,numba,v11w2-kimi27sglang-fortran,v11w2-kimi27sglang-fortran-skills,14,14,6,8,8,18,1.3701,0.995,4.0005,4.0204,1.0,True
served,numba,v11w2-kimi27sglang-fortran,v11w2-oss120b-c,14,8,4,10,4,22,1.1575,2.1784,13.5244,6.2083,0.1796,False
served,numba,v11w2-kimi27sglang-fortran,v11w2-oss120b-c-skills,14,5,3,11,2,24,1.2581,3.2786,21.2864,6.4926,0.0225,False
served,numba,v11w2-kimi27sglang-fortran,v11w2-oss120b-fortran,14,14,8,6,6,20,2.2246,2.2697,7.8535,3.4601,1.0,False
served,numba,v11w2-kimi27sglang-fortran,v11w2-oss120b-fortran-skills,14,14,7,7,7,19,1.6981,2.2485,6.9609,3.0959,1.0,False
served,numba,v11w2-kimi27sglang-fortran,v11w2-qwen38-c,14,16,6,8,10,16,1.4844,1.2021,4.3825,3.6457,0.8145,False
served,numba,v11w2-kimi27sglang-fortran,v11w2-qwen38-c-skills,14,14,6,8,8,18,1.1141,1.1324,6.525,5.7618,1.0,False
served,numba,v11w2-kimi27sglang-fortran,v11w2-qwen38-fortran,14,23,10,4,13,13,0.9142,0.9648,7.9617,8.2521,0.049,False
served,numba,v11w2-kimi27sglang-fortran,v11w2-qwen38-fortran-skills,14,17,7,7,10,16,1.1237,1.0332,6.4834,6.2748,0.6291,False
served,numba,v11w2-kimi27sglang-fortran-skills,v11w2-oss120b-c,14,8,6,8,2,24,0.8448,1.9902,8.0014,4.0204,0.1094,True
served,numba,v11w2-kimi27sglang-fortran-skills,v11w2-oss120b-c-skills,14,5,2,12,3,23,0.9182,1.7633,26.2767,14.9023,0.0352,True
served,numba,v11w2-kimi27sglang-fortran-skills,v11w2-oss120b-fortran,14,14,8,6,6,20,1.6237,2.1435,4.2962,2.0043,1.0,False
served,numba,v11w2-kimi27sglang-fortran-skills,v11w2-oss120b-fortran-skills,14,14,8,6,6,20,1.2394,2.678,5.9883,2.2361,1.0,False
served,numba,v11w2-kimi27sglang-fortran-skills,v11w2-qwen38-c,14,16,9,5,7,19,1.0834,1.1169,3.3929,3.0378,0.7744,False
served,numba,v11w2-kimi27sglang-fortran-skills,v11w2-qwen38-c-skills,14,14,8,6,6,20,0.8132,1.0923,4.4706,4.0927,1.0,True
served,numba,v11w2-kimi27sglang-fortran-skills,v11w2-qwen38-fortran,14,23,10,4,13,13,0.6673,1.1057,3.9793,3.5988,0.049,True
served,numba,v11w2-kimi27sglang-fortran-skills,v11w2-qwen38-fortran-skills,14,17,7,7,10,16,0.8202,1.0071,4.7965,4.7625,0.6291,True
served,numba,v11w2-oss120b-c,v11w2-oss120b-c-skills,8,5,2,6,3,29,1.0869,3.87,18.1836,4.6987,0.5078,False
served,numba,v11w2-oss120b-c,v11w2-oss120b-fortran,8,14,5,3,9,23,1.922,1.2978,4.309,3.3201,0.146,False
served,numba,v11w2-oss120b-c,v11w2-oss120b-fortran-skills,8,14,5,3,9,23,1.4671,2.3861,8.9983,3.7711,0.146,False
served,numba,v11w2-oss120b-c,v11w2-qwen38-c,8,16,5,3,11,21,1.2824,0.5396,3.9321,7.287,0.0574,True
served,numba,v11w2-oss120b-c,v11w2-qwen38-c-skills,8,14,3,5,11,21,0.9625,0.6223,9.7309,15.6365,0.2101,False
served,numba,v11w2-oss120b-c,v11w2-qwen38-fortran,8,23,4,4,19,13,0.7898,0.5356,4.2855,8.0014,0.0026,False
served,numba,v11w2-oss120b-c,v11w2-qwen38-fortran-skills,8,17,5,3,12,20,0.9708,0.4422,3.9321,8.8915,0.0352,False
served,numba,v11w2-oss120b-c-skills,v11w2-oss120b-fortran,5,14,5,0,9,26,1.7683,0.6378,5.2683,8.2603,0.0039,True
served,numba,v11w2-oss120b-c-skills,v11w2-oss120b-fortran-skills,5,14,4,1,10,25,1.3498,0.5657,7.2436,12.8042,0.0117,True
served,numba,v11w2-oss120b-c-skills,v11w2-qwen38-c,5,16,1,4,15,20,1.1799,0.3281,22.0774,67.2885,0.0192,True
served,numba,v11w2-oss120b-c-skills,v11w2-qwen38-c-skills,5,14,1,4,13,22,0.8856,0.4648,22.0774,47.4999,0.049,False
served,numba,v11w2-oss120b-c-skills,v11w2-qwen38-fortran,5,23,4,1,19,16,0.7267,0.425,7.2436,17.0448,0.0,False
served,numba,v11w2-oss120b-c-skills,v11w2-qwen38-fortran-skills,5,17,3,2,14,21,0.8932,0.6285,7.3892,11.756,0.0042,False
served,numba,v11w2-oss120b-fortran,v11w2-oss120b-fortran-skills,14,14,10,4,4,22,0.7633,1.013,4.0552,4.0031,1.0,True
served,numba,v11w2-oss120b-fortran,v11w2-qwen38-c,14,16,5,9,11,15,0.6673,0.4141,1.7668,4.2663,0.8238,False
served,numba,v11w2-oss120b-fortran,v11w2-qwen38-c-skills,14,14,5,9,9,17,0.5008,0.5494,2.2793,4.1491,1.0,False
served,numba,v11w2-oss120b-fortran,v11w2-qwen38-fortran,14,23,11,3,12,14,0.4109,0.5042,3.87,7.6753,0.0352,False
served,numba,v11w2-oss120b-fortran,v11w2-qwen38-fortran-skills,14,17,10,4,7,19,0.5051,0.5248,2.6647,5.0779,0.5488,False
served,numba,v11w2-oss120b-fortran-skills,v11w2-qwen38-c,14,16,7,7,9,17,0.8741,0.3969,3.1313,7.8885,0.8036,False
served,numba,v11w2-oss120b-fortran-skills,v11w2-qwen38-c-skills,14,14,5,9,9,17,0.6561,0.3824,2.23,5.8311,1.0,False
served,numba,v11w2-oss120b-fortran-skills,v11w2-qwen38-fortran,14,23,11,3,12,14,0.5384,0.6102,4.9765,8.1549,0.0352,False
served,numba,v11w2-oss120b-fortran-skills,v11w2-qwen38-fortran-skills,14,17,8,6,9,17,0.6617,0.3376,3.6231,10.7312,0.6072,False
served,numba,v11w2-qwen38-c,v11w2-qwen38-c-skills,16,14,10,6,4,20,0.7505,0.7591,4.4929,5.9187,0.7539,False
served,numba,v11w2-qwen38-c,v11w2-qwen38-fortran,16,23,10,6,13,11,0.6159,1.1201,4.2962,3.8355,0.1671,True
served,numba,v11w2-qwen38-c,v11w2-qwen38-fortran-skills,16,17,9,7,8,16,0.757,0.9154,4.1126,4.4929,1.0,False
served,numba,v11w2-qwen38-c-skills,v11w2-qwen38-fortran,14,23,9,5,14,12,0.8206,0.8519,3.3408,3.9216,0.0636,False
served,numba,v11w2-qwen38-c-skills,v11w2-qwen38-fortran-skills,14,17,7,7,10,16,1.0086,0.9394,8.3263,8.8637,0.6291,True
served,numba,v11w2-qwen38-fortran,v11w2-qwen38-fortran-skills,23,17,10,13,7,10,1.2291,1.1268,6.7294,5.972,0.2632,False
solved,c,llr40v10-kimi27sglang-c,llr40v10-kimi27sglang-fortran,18,25,7,11,18,4,1.4033,1.6237,18.042,11.1115,0.2649,False
solved,c,llr40v10-kimi27sglang-c,llr40v10-oss120b-c,18,36,16,2,20,2,1.6297,1.3529,15.77,11.6565,0.0001,False
solved,c,llr40v10-kimi27sglang-c,llr40v10-oss120b-fortran,18,34,13,5,21,1,1.842,1.6012,16.3922,10.2377,0.0025,False
solved,c,llr40v10-kimi27sglang-c,llr40v10-qwen38-c,18,29,16,2,13,9,1.0267,1.0916,17.8032,16.3086,0.0074,False
solved,c,llr40v10-kimi27sglang-c,llr40v10-qwen38-fortran,18,28,9,9,19,3,1.6947,1.2068,21.8346,18.0934,0.0872,False
solved,c,llr40v10-kimi27sglang-c,llr40v9-kimi27sglang-c,18,4,4,14,0,22,1.0704,0.8257,11.7074,14.179,0.0001,True
solved,c,llr40v10-kimi27sglang-c,llr40v9-kimi27sglang-c-skills,18,4,4,14,0,22,1.2427,0.9586,11.7074,12.2131,0.0001,True
solved,c,llr40v10-kimi27sglang-c,llr40v9-kimi27sglang-cpp,18,1,1,17,0,22,0.737,0.7419,15.2776,20.592,0.0,False
solved,c,llr40v10-kimi27sglang-c,llr40v9-kimi27sglang-fortran,18,6,5,13,1,21,1.6365,1.0385,11.6551,11.2226,0.0018,False
solved,c,llr40v10-kimi27sglang-c,llr40v9-kimi27sglang-fortran-skills,18,3,3,15,0,22,1.3749,0.8472,9.3512,11.038,0.0001,True
solved,c,llr40v10-kimi27sglang-c,llr40v9-oss120b-c,18,4,3,15,1,21,2.1267,1.8717,9.5076,5.0795,0.0005,False
solved,c,llr40v10-kimi27sglang-c,llr40v9-oss120b-c-skills,18,3,2,16,1,21,1.775,0.9803,12.9001,13.1594,0.0003,True
solved,c,llr40v10-kimi27sglang-c,llr40v9-oss120b-cpp,18,3,2,16,1,21,2.4486,1.0668,8.6644,8.1217,0.0003,False
solved,c,llr40v10-kimi27sglang-c,llr40v9-oss120b-fortran,18,4,3,15,1,21,3.1272,2.2315,11.9923,5.3742,0.0005,False
solved,c,llr40v10-kimi27sglang-c,llr40v9-oss120b-fortran-skills,18,4,3,15,1,21,2.4568,2.1515,15.898,7.3892,0.0005,False
solved,c,llr40v10-kimi27sglang-c,llr40v9-qwen38-c,18,4,4,14,0,22,1.1736,0.9053,11.7074,12.9322,0.0001,True
solved,c,llr40v10-kimi27sglang-c,llr40v9-qwen38-c-skills,18,2,2,16,0,22,1.3864,1.1784,12.9001,10.9469,0.0,False
solved,c,llr40v10-kimi27sglang-c,llr40v9-qwen38-cpp,18,1,1,17,0,22,1.2365,1.2447,15.2776,12.274,0.0,False
solved,c,llr40v10-kimi27sglang-c,llr40v9-qwen38-fortran,18,4,4,14,0,22,1.4499,1.1184,11.7074,10.4675,0.0001,False
solved,c,llr40v10-kimi27sglang-c,llr40v9-qwen38-fortran-skills,18,3,3,15,0,22,1.1804,0.7273,9.3512,12.8574,0.0001,True
solved,c,llr40v10-kimi27sglang-fortran,llr40v10-oss120b-c,25,36,24,1,12,3,1.1613,0.9339,11.9328,12.7777,0.0034,True
solved,c,llr40v10-kimi27sglang-fortran,llr40v10-oss120b-fortran,25,34,24,1,10,5,1.3126,1.1615,11.9427,10.2826,0.0117,False
solved,c,llr40v10-kimi27sglang-fortran,llr40v10-qwen38-c,25,29,18,7,11,4,0.7316,0.7114,12.723,17.8846,0.4807,False
solved,c,llr40v10-kimi27sglang-fortran,llr40v10-qwen38-fortran,25,28,21,4,7,8,1.2076,0.8795,8.7097,9.903,0.5488,True
solved,c,llr40v10-kimi27sglang-fortran,llr40v9-kimi27sglang-c,25,4,1,24,3,12,0.7627,0.0476,1.0,21.0059,0.0,False
solved,c,llr40v10-kimi27sglang-fortran,llr40v9-kimi27sglang-c-skills,25,4,1,24,3,12,0.8855,0.0547,1.0,18.2743,0.0,False
solved,c,llr40v10-kimi27sglang-fortran,llr40v9-kimi27sglang-cpp,25,1,1,24,0,15,0.5252,0.0486,1.0,20.592,0.0,False
solved,c,llr40v10-kimi27sglang-fortran,llr40v9-kimi27sglang-fortran,25,6,2,23,4,11,1.1661,0.2193,1.8999,8.6644,0.0003,True
solved,c,llr40v10-kimi27sglang-fortran,llr40v9-kimi27sglang-fortran-skills,25,3,1,24,2,13,0.9798,0.0531,1.0,18.828,0.0,False
solved,c,llr40v10-kimi27sglang-fortran,llr40v9-oss120b-c,25,4,2,23,2,13,1.5155,0.0946,1.8999,20.086,0.0,True
solved,c,llr40v10-kimi27sglang-fortran,llr40v9-oss120b-c-skills,25,3,2,23,1,14,1.2649,0.2558,1.8999,7.426,0.0,True
solved,c,llr40v10-kimi27sglang-fortran,llr40v9-oss120b-cpp,25,3,2,23,1,14,1.7449,0.2757,1.8999,6.892,0.0,True
solved,c,llr40v10-kimi27sglang-fortran,llr40v9-oss120b-fortran,25,4,2,23,2,13,2.2284,0.2558,1.8999,7.426,0.0,True
solved,c,llr40v10-kimi27sglang-fortran,llr40v9-oss120b-fortran-skills,25,4,2,23,2,13,1.7507,0.5134,1.8999,3.7005,0.0,True
solved,c,llr40v10-kimi27sglang-fortran,llr40v9-qwen38-c,25,4,1,24,3,12,0.8363,0.0481,1.0,20.7979,0.0,False
solved,c,llr40v10-kimi27sglang-fortran,llr40v9-qwen38-c-skills,25,2,1,24,1,14,0.9879,0.0946,1.0,10.5722,0.0,False
solved,c,llr40v10-kimi27sglang-fortran,llr40v9-qwen38-cpp,25,1,1,24,0,15,0.8811,0.0815,1.0,12.274,0.0,False
solved,c,llr40v10-kimi27sglang-fortran,llr40v9-qwen38-fortran,25,4,1,24,3,12,1.0332,0.0481,1.0,20.7979,0.0,True
solved,c,llr40v10-kimi27sglang-fortran,llr40v9-qwen38-fortran-skills,25,3,1,24,2,13,0.8411,0.049,1.0,20.3881,0.0,False
solved,c,llr40v10-oss120b-c,llr40v10-oss120b-fortran,36,34,33,3,1,3,1.1303,1.0583,9.295,8.7828,0.625,False
solved,c,llr40v10-oss120b-c,llr40v10-qwen38-c,36,29,27,9,2,2,0.63,0.7524,11.3516,15.0874,0.0654,False
solved,c,llr40v10-oss120b-c,llr40v10-qwen38-fortran,36,28,27,9,1,3,1.0399,1.051,10.201,9.7059,0.0215,False
solved,c,llr40v10-oss120b-c,llr40v9-kimi27sglang-c,36,4,3,33,1,3,0.6568,0.435,5.9958,13.7849,0.0,False
solved,c,llr40v10-oss120b-c,llr40v9-kimi27sglang-c-skills,36,4,3,33,1,3,0.7625,0.5033,5.9958,11.913,0.0,False
solved,c,llr40v10-oss120b-c,llr40v9-kimi27sglang-cpp,36,1,1,35,0,4,0.4522,0.9803,20.1862,20.592,0.0,False
solved,c,llr40v10-oss120b-c,llr40v9-kimi27sglang-fortran,36,6,4,32,2,2,1.0042,0.6391,5.2291,8.1826,0.0,True
solved,c,llr40v10-oss120b-c,llr40v9-kimi27sglang-fortran-skills,36,3,2,34,1,3,0.8437,0.44,4.4929,10.2104,0.0,False
solved,c,llr40v10-oss120b-c,llr40v9-oss120b-c,36,4,3,33,1,3,1.305,0.3143,4.1217,13.1158,0.0,True
solved,c,llr40v10-oss120b-c,llr40v9-oss120b-c-skills,36,3,2,34,1,3,1.0892,1.1268,8.3678,7.426,0.0,False
solved,c,llr40v10-oss120b-c,llr40v9-oss120b-cpp,36,3,3,33,0,4,1.5025,0.665,4.1217,6.198,0.0,True
solved,c,llr40v10-oss120b-c,llr40v9-oss120b-fortran,36,4,4,32,0,4,1.9189,1.0775,5.2291,4.8531,0.0,False
solved,c,llr40v10-oss120b-c,llr40v9-oss120b-fortran-skills,36,4,3,33,1,3,1.5075,1.7928,9.0762,5.0627,0.0,False
solved,c,llr40v10-oss120b-c,llr40v9-qwen38-c,36,4,3,33,1,3,0.7201,0.5168,5.9958,11.6011,0.0,False
solved,c,llr40v10-oss120b-c,llr40v9-qwen38-c-skills,36,2,1,35,1,3,0.8507,1.9094,20.1862,10.5722,0.0,True
solved,c,llr40v10-oss120b-c,llr40v9-qwen38-cpp,36,1,1,35,0,4,0.7587,1.6446,20.1862,12.274,0.0,True
solved,c,llr40v10-oss120b-c,llr40v9-qwen38-fortran,36,4,3,33,1,3,0.8897,0.5921,5.9958,10.126,0.0,False
solved,c,llr40v10-oss120b-c,llr40v9-qwen38-fortran-skills,36,3,2,34,1,3,0.7243,0.3314,4.4929,13.5581,0.0,False
solved,c,llr40v10-oss120b-fortran,llr40v10-qwen38-c,34,29,24,10,5,1,0.5573,0.7056,10.8745,15.4112,0.3018,False
solved,c,llr40v10-oss120b-fortran,llr40v10-qwen38-fortran,34,28,26,8,2,4,0.92,0.9687,8.4612,8.7343,0.1094,False
solved,c,llr40v10-oss120b-fortran,llr40v9-kimi27sglang-c,34,4,1,33,3,3,0.5811,0.7644,5.0126,6.5575,0.0,False
solved,c,llr40v10-oss120b-fortran,llr40v9-kimi27sglang-c-skills,34,4,1,33,3,3,0.6746,0.9901,5.0126,5.0627,0.0,False
solved,c,llr40v10-oss120b-fortran,llr40v9-kimi27sglang-cpp,34,1,0,34,1,5,0.4001,,,,0.0,False
solved,c,llr40v10-oss120b-fortran,llr40v9-kimi27sglang-fortran,34,6,2,32,4,2,0.8884,0.9754,4.2536,4.3608,0.0,False
solved,c,llr40v10-oss120b-fortran,llr40v9-kimi27sglang-fortran-skills,34,3,1,33,2,4,0.7464,0.9053,5.0126,5.537,0.0,False
solved,c,llr40v10-oss120b-fortran,llr40v9-oss120b-c,34,4,2,32,2,4,1.1545,0.4043,4.2536,10.5197,0.0,True
solved,c,llr40v10-oss120b-fortran,llr40v9-oss120b-c-skills,34,3,1,33,2,4,0.9636,1.0,3.6096,3.6096,0.0,False
solved,c,llr40v10-oss120b-fortran,llr40v9-oss120b-cpp,34,3,2,32,1,5,1.3293,1.0,4.2536,4.2536,0.0,False
solved,c,llr40v10-oss120b-fortran,llr40v9-oss120b-fortran,34,4,2,32,2,4,1.6977,2.25,4.2536,1.8905,0.0,False
solved,c,llr40v10-oss120b-fortran,llr40v9-oss120b-fortran-skills,34,4,1,33,3,3,1.3337,1.0,3.6096,3.6096,0.0,False
solved,c,llr40v10-oss120b-fortran,llr40v9-qwen38-c,34,4,1,33,3,3,0.6371,0.7644,5.0126,6.5575,0.0,False
solved,c,llr40v10-oss120b-fortran,llr40v9-qwen38-c-skills,34,2,0,34,2,4,0.7526,,,,0.0,False
solved,c,llr40v10-oss120b-fortran,llr40v9-qwen38-cpp,34,1,0,34,1,5,0.6713,,,,0.0,False
solved,c,llr40v10-oss120b-fortran,llr40v9-qwen38-fortran,34,4,1,33,3,3,0.7871,1.0,5.0126,5.0126,0.0,False
solved,c,llr40v10-oss120b-fortran,llr40v9-qwen38-fortran-skills,34,3,1,33,2,4,0.6408,0.556,5.0126,9.0162,0.0,False
solved,c,llr40v10-qwen38-c,llr40v10-qwen38-fortran,29,28,20,9,8,3,1.6507,1.2398,15.0064,12.1042,1.0,False
solved,c,llr40v10-qwen38-c,llr40v9-kimi27sglang-c,29,4,4,25,0,11,1.0426,0.4971,7.0481,14.179,0.0,True
solved,c,llr40v10-qwen38-c,llr40v9-kimi27sglang-c-skills,29,4,4,25,0,11,1.2104,0.5771,7.0481,12.2131,0.0,True
solved,c,llr40v10-qwen38-c,llr40v9-kimi27sglang-cpp,29,1,1,28,0,11,0.7179,1.01,20.7979,20.592,0.0,True
solved,c,llr40v10-qwen38-c,llr40v9-kimi27sglang-fortran,29,6,6,23,0,11,1.594,0.9483,8.7947,9.274,0.0,True
solved,c,llr40v10-qwen38-c,llr40v9-kimi27sglang-fortran-skills,29,3,3,26,0,11,1.3392,0.5653,6.2393,11.038,0.0,True
solved,c,llr40v10-qwen38-c,llr40v9-oss120b-c,29,4,4,25,0,11,2.0715,1.1074,7.9025,7.1363,0.0,False
solved,c,llr40v10-qwen38-c,llr40v9-oss120b-c-skills,29,3,3,26,0,11,1.7289,1.8905,16.1638,8.5502,0.0,False
solved,c,llr40v10-qwen38-c,llr40v9-oss120b-cpp,29,3,3,26,0,11,2.3851,1.1495,7.1244,6.198,0.0,False
solved,c,llr40v10-qwen38-c,llr40v9-oss120b-fortran,29,4,4,25,0,11,3.046,1.6042,7.7854,4.8531,0.0,False
solved,c,llr40v10-qwen38-c,llr40v9-oss120b-fortran-skills,29,4,4,25,0,11,2.393,2.2839,14.1086,6.1775,0.0,False
solved,c,llr40v10-qwen38-c,llr40v9-qwen38-c,29,4,4,25,0,11,1.1431,0.545,7.0481,12.9322,0.0,True
solved,c,llr40v10-qwen38-c,llr40v9-qwen38-c-skills,29,2,2,27,0,11,1.3504,1.4237,15.5847,10.9469,0.0,False
solved,c,llr40v10-qwen38-c,llr40v9-qwen38-cpp,29,1,1,28,0,11,1.2044,1.6945,20.7979,12.274,0.0,False
solved,c,llr40v10-qwen38-c,llr40v9-qwen38-fortran,29,4,4,25,0,11,1.4122,0.6733,7.0481,10.4675,0.0,True
solved,c,llr40v10-qwen38-c,llr40v9-qwen38-fortran-skills,29,3,3,26,0,11,1.1497,0.4853,6.2393,12.8574,0.0,True
solved,c,llr40v10-qwen38-fortran,llr40v9-kimi27sglang-c,28,4,2,26,2,10,0.6316,0.6203,12.3967,19.9864,0.0,False
solved,c,llr40v10-qwen38-fortran,llr40v9-kimi27sglang-c-skills,28,4,2,26,2,10,0.7333,0.6784,12.3967,18.2743,0.0,False
solved,c,llr40v10-qwen38-fortran,llr40v9-kimi27sglang-cpp,28,1,1,27,0,12,0.4349,0.7493,15.4304,20.592,0.0,False
solved,c,llr40v10-qwen38-fortran,llr40v9-kimi27sglang-fortran,28,6,3,25,3,9,0.9657,1.7633,16.6536,9.4447,0.0,True
solved,c,llr40v10-qwen38-fortran,llr40v9-kimi27sglang-fortran-skills,28,3,1,27,2,10,0.8113,0.8195,15.4304,18.828,0.0,False
solved,c,llr40v10-qwen38-fortran,llr40v9-oss120b-c,28,4,2,26,2,10,1.2549,1.0721,21.5349,20.086,0.0,False
solved,c,llr40v10-qwen38-fortran,llr40v9-oss120b-c-skills,28,3,2,26,1,11,1.0474,2.8999,21.5349,7.426,0.0,False
solved,c,llr40v10-qwen38-fortran,llr40v9-oss120b-cpp,28,3,2,26,1,11,1.4449,3.1246,21.5349,6.892,0.0,False
solved,c,llr40v10-qwen38-fortran,llr40v9-oss120b-fortran,28,4,3,25,1,11,1.8453,2.0268,16.6536,8.2166,0.0,False
solved,c,llr40v10-qwen38-fortran,llr40v9-oss120b-fortran-skills,28,4,3,25,1,11,1.4497,3.2895,16.6536,5.0627,0.0,False
solved,c,llr40v10-qwen38-fortran,llr40v9-qwen38-c,28,4,2,26,2,10,0.6925,0.8034,12.3967,15.4304,0.0,False
solved,c,llr40v10-qwen38-fortran,llr40v9-qwen38-c-skills,28,2,1,27,1,11,0.8181,1.4595,15.4304,10.5722,0.0,True
solved,c,llr40v10-qwen38-fortran,llr40v9-qwen38-cpp,28,1,1,27,0,12,0.7296,1.2572,15.4304,12.274,0.0,True
solved,c,llr40v10-qwen38-fortran,llr40v9-qwen38-fortran,28,4,2,26,2,10,0.8556,0.8613,12.3967,14.3922,0.0,False
solved,c,llr40v10-qwen38-fortran,llr40v9-qwen38-fortran-skills,28,3,1,27,2,10,0.6965,0.7568,15.4304,20.3881,0.0,False
solved,c,llr40v9-kimi27sglang-c,llr40v9-kimi27sglang-c-skills,4,4,4,0,0,36,1.161,1.161,14.179,12.2131,1.0,False
solved,c,llr40v9-kimi27sglang-c,llr40v9-kimi27sglang-cpp,4,1,1,3,0,36,0.6886,1.0201,21.0059,20.592,0.25,True
solved,c,llr40v9-kimi27sglang-c,llr40v9-kimi27sglang-fortran,4,6,4,0,2,34,1.5289,1.2792,14.179,11.0839,0.5,False
solved,c,llr40v9-kimi27sglang-c,llr40v9-kimi27sglang-fortran-skills,4,3,3,1,0,36,1.2846,1.1648,12.8574,11.038,1.0,False
solved,c,llr40v9-kimi27sglang-c,llr40v9-oss120b-c,4,4,2,2,2,34,1.9869,1.0991,11.7365,10.6779,1.0,False
solved,c,llr40v9-kimi27sglang-c,llr40v9-oss120b-c-skills,4,3,2,2,1,35,1.6583,1.3681,18.0036,13.1594,1.0,False
solved,c,llr40v9-kimi27sglang-c,llr40v9-oss120b-cpp,4,3,2,2,1,35,2.2877,1.4451,11.7365,8.1217,1.0,False
solved,c,llr40v9-kimi27sglang-c,llr40v9-oss120b-fortran,4,4,3,1,1,35,2.9216,2.565,13.7849,5.3742,1.0,False
solved,c,llr40v9-kimi27sglang-c,llr40v9-oss120b-fortran-skills,4,4,2,2,2,34,2.2953,3.3334,19.9864,5.9958,1.0,False
solved,c,llr40v9-kimi27sglang-c,llr40v9-qwen38-c,4,4,4,0,0,36,1.0964,1.0964,14.179,12.9322,1.0,False
solved,c,llr40v9-kimi27sglang-c,llr40v9-qwen38-c-skills,4,2,2,2,0,36,1.2953,1.6446,18.0036,10.9469,0.5,False
solved,c,llr40v9-kimi27sglang-c,llr40v9-qwen38-cpp,4,1,1,3,0,36,1.1552,1.7114,21.0059,12.274,0.25,False
solved,c,llr40v9-kimi27sglang-c,llr40v9-qwen38-fortran,4,4,4,0,0,36,1.3546,1.3546,14.179,10.4675,1.0,False
solved,c,llr40v9-kimi27sglang-c,llr40v9-qwen38-fortran-skills,4,3,3,1,0,36,1.1028,1.0,12.8574,12.8574,1.0,False
solved,c,llr40v9-kimi27sglang-c-skills,llr40v9-kimi27sglang-cpp,4,1,1,3,0,36,0.5931,0.8874,18.2743,20.592,0.25,False
solved,c,llr40v9-kimi27sglang-c-skills,llr40v9-kimi27sglang-fortran,4,6,4,0,2,34,1.3169,1.1019,12.2131,11.0839,0.5,False
solved,c,llr40v9-kimi27sglang-c-skills,llr40v9-kimi27sglang-fortran-skills,4,3,3,1,0,36,1.1065,0.9674,10.6779,11.038,1.0,True
solved,c,llr40v9-kimi27sglang-c-skills,llr40v9-oss120b-c,4,4,2,2,2,34,1.7114,0.9008,9.6186,10.6779,1.0,True
solved,c,llr40v9-kimi27sglang-c-skills,llr40v9-oss120b-c-skills,4,3,2,2,1,35,1.4284,1.1784,15.5074,13.1594,1.0,False
solved,c,llr40v9-kimi27sglang-c-skills,llr40v9-oss120b-cpp,4,3,2,2,1,35,1.9705,1.1843,9.6186,8.1217,1.0,False
solved,c,llr40v9-kimi27sglang-c-skills,llr40v9-oss120b-fortran,4,4,3,1,1,35,2.5166,2.2167,11.913,5.3742,1.0,False
solved,c,llr40v9-kimi27sglang-c-skills,llr40v9-oss120b-fortran-skills,4,4,2,2,2,34,1.977,3.0479,18.2743,5.9958,1.0,False
solved,c,llr40v9-kimi27sglang-c-skills,llr40v9-qwen38-c,4,4,4,0,0,36,0.9444,0.9444,12.2131,12.9322,1.0,False
solved,c,llr40v9-kimi27sglang-c-skills,llr40v9-qwen38-c-skills,4,2,2,2,0,36,1.1157,1.4166,15.5074,10.9469,0.5,False
solved,c,llr40v9-kimi27sglang-c-skills,llr40v9-qwen38-cpp,4,1,1,3,0,36,0.995,1.4889,18.2743,12.274,0.25,True
solved,c,llr40v9-kimi27sglang-c-skills,llr40v9-qwen38-fortran,4,4,4,0,0,36,1.1668,1.1668,12.2131,10.4675,1.0,False
solved,c,llr40v9-kimi27sglang-c-skills,llr40v9-qwen38-fortran-skills,4,3,3,1,0,36,0.9499,0.8305,10.6779,12.8574,1.0,False
solved,c,llr40v9-kimi27sglang-cpp,llr40v9-kimi27sglang-fortran,1,6,1,0,5,34,2.2204,0.9803,20.592,21.0059,0.0625,True
solved,c,llr40v9-kimi27sglang-cpp,llr40v9-kimi27sglang-fortran-skills,1,3,1,0,2,37,1.8655,1.0937,20.592,18.828,0.5,False
solved,c,llr40v9-kimi27sglang-cpp,llr40v9-oss120b-c,1,4,1,0,3,36,2.8855,1.01,20.592,20.3881,0.25,False
solved,c,llr40v9-kimi27sglang-cpp,llr40v9-oss120b-c-skills,1,3,1,0,2,37,2.4084,1.3478,20.592,15.2776,0.5,False
solved,c,llr40v9-kimi27sglang-cpp,llr40v9-oss120b-cpp,1,3,1,0,2,37,3.3224,1.5648,20.592,13.1594,0.5,False
solved,c,llr40v9-kimi27sglang-cpp,llr40v9-oss120b-fortran,1,4,1,0,3,36,4.2431,1.3345,20.592,15.4304,0.25,False
solved,c,llr40v9-kimi27sglang-cpp,llr40v9-oss120b-fortran-skills,1,4,1,0,3,36,3.3334,5.4279,20.592,3.7937,0.25,False
solved,c,llr40v9-kimi27sglang-cpp,llr40v9-qwen38-c,1,4,1,0,3,36,1.5923,0.9901,20.592,20.7979,0.25,True
solved,c,llr40v9-kimi27sglang-cpp,llr40v9-qwen38-c-skills,1,2,1,0,1,38,1.8811,1.9477,20.592,10.5722,1.0,False
solved,c,llr40v9-kimi27sglang-cpp,llr40v9-qwen38-cpp,1,1,1,0,0,39,1.6777,1.6777,20.592,12.274,1.0,False
solved,c,llr40v9-kimi27sglang-cpp,llr40v9-qwen38-fortran,1,4,1,0,3,36,1.9672,0.9901,20.592,20.7979,0.25,True
solved,c,llr40v9-kimi27sglang-cpp,llr40v9-qwen38-fortran-skills,1,3,1,0,2,37,1.6016,1.01,20.592,20.3881,0.5,False
solved,c,llr40v9-kimi27sglang-fortran,llr40v9-kimi27sglang-fortran-skills,6,3,3,3,0,34,0.8402,1.0,11.038,11.038,0.25,False
solved,c,llr40v9-kimi27sglang-fortran,llr40v9-oss120b-c,6,4,4,2,0,34,1.2996,1.161,8.285,7.1363,0.5,False
solved,c,llr40v9-kimi27sglang-fortran,llr40v9-oss120b-c-skills,6,3,3,3,0,34,1.0847,1.1306,9.6666,8.5502,0.25,False
solved,c,llr40v9-kimi27sglang-fortran,llr40v9-oss120b-cpp,6,3,3,3,0,34,1.4963,1.1882,7.3647,6.198,0.25,False
solved,c,llr40v9-kimi27sglang-fortran,llr40v9-oss120b-fortran,6,4,4,2,0,34,1.911,1.6861,8.1826,4.8531,0.5,False
solved,c,llr40v9-kimi27sglang-fortran,llr40v9-oss120b-fortran-skills,6,4,4,2,0,34,1.5013,1.6162,9.9843,6.1775,0.5,False
solved,c,llr40v9-kimi27sglang-fortran,llr40v9-qwen38-c,6,4,4,2,0,34,0.7171,0.8571,11.0839,12.9322,0.5,False
solved,c,llr40v9-kimi27sglang-fortran,llr40v9-qwen38-c-skills,6,2,2,4,0,34,0.8472,1.4523,15.898,10.9469,0.125,True
solved,c,llr40v9-kimi27sglang-fortran,llr40v9-qwen38-cpp,6,1,1,5,0,34,0.7556,1.7114,21.0059,12.274,0.0625,True
solved,c,llr40v9-kimi27sglang-fortran,llr40v9-qwen38-fortran,6,4,4,2,0,34,0.886,1.0589,11.0839,10.4675,0.5,True
solved,c,llr40v9-kimi27sglang-fortran,llr40v9-qwen38-fortran-skills,6,3,3,3,0,34,0.7213,0.8585,11.038,12.8574,0.25,False
solved,c,llr40v9-kimi27sglang-fortran-skills,llr40v9-oss120b-c,3,4,2,1,2,35,1.5468,0.9562,10.2104,10.6779,1.0,True
solved,c,llr40v9-kimi27sglang-fortran-skills,llr40v9-oss120b-c-skills,3,3,2,1,1,36,1.291,1.1843,15.5847,13.1594,1.0,False
solved,c,llr40v9-kimi27sglang-fortran-skills,llr40v9-oss120b-cpp,3,3,2,1,1,36,1.7809,1.2572,10.2104,8.1217,1.0,False
solved,c,llr40v9-kimi27sglang-fortran-skills,llr40v9-oss120b-fortran,3,4,2,1,2,35,2.2744,2.5993,10.2104,3.9282,1.0,False
solved,c,llr40v9-kimi27sglang-fortran-skills,llr40v9-oss120b-fortran-skills,3,4,1,2,3,34,1.7868,4.963,18.828,3.7937,1.0,False
solved,c,llr40v9-kimi27sglang-fortran-skills,llr40v9-qwen38-c,3,4,3,0,1,36,0.8535,0.8195,11.038,13.4685,1.0,False
solved,c,llr40v9-kimi27sglang-fortran-skills,llr40v9-qwen38-c-skills,3,2,2,1,0,37,1.0083,1.4237,15.5847,10.9469,1.0,False
solved,c,llr40v9-kimi27sglang-fortran-skills,llr40v9-qwen38-cpp,3,1,1,2,0,37,0.8993,1.534,18.828,12.274,0.5,True
solved,c,llr40v9-kimi27sglang-fortran-skills,llr40v9-qwen38-fortran,3,4,3,0,1,36,1.0545,1.0372,11.038,10.6426,1.0,False
solved,c,llr40v9-kimi27sglang-fortran-skills,llr40v9-qwen38-fortran-skills,3,3,3,0,0,37,0.8585,0.8585,11.038,12.8574,1.0,False
solved,c,llr40v9-oss120b-c,llr40v9-oss120b-c-skills,4,3,2,2,1,35,0.8346,2.7048,20.086,7.426,1.0,True
solved,c,llr40v9-oss120b-c,llr40v9-oss120b-cpp,4,3,3,1,0,36,1.1514,2.1161,13.1158,6.198,1.0,False
solved,c,llr40v9-oss120b-c,llr40v9-oss120b-fortran,4,4,3,1,1,35,1.4705,3.4458,13.1158,3.8063,1.0,False
solved,c,llr40v9-oss120b-c,llr40v9-oss120b-fortran-skills,4,4,3,1,1,35,1.1552,1.4451,7.7404,5.3564,1.0,False
solved,c,llr40v9-oss120b-c,llr40v9-qwen38-c,4,4,2,2,2,34,0.5518,0.9143,10.6779,11.6783,1.0,False
solved,c,llr40v9-oss120b-c,llr40v9-qwen38-c-skills,4,2,1,3,1,35,0.6519,1.9285,20.3881,10.5722,0.625,True
solved,c,llr40v9-oss120b-c,llr40v9-qwen38-cpp,4,1,1,3,0,36,0.5814,1.6611,20.3881,12.274,0.25,True
solved,c,llr40v9-oss120b-c,llr40v9-qwen38-fortran,4,4,2,2,2,34,0.6818,1.0458,10.6779,10.2104,1.0,True
solved,c,llr40v9-oss120b-c,llr40v9-qwen38-fortran-skills,4,3,2,2,1,35,0.555,0.7876,10.6779,13.5581,1.0,False
solved,c,llr40v9-oss120b-c-skills,llr40v9-oss120b-cpp,3,3,2,1,1,36,1.3795,1.0775,7.426,6.892,1.0,False
solved,c,llr40v9-oss120b-c-skills,llr40v9-oss120b-fortran,3,4,2,1,2,35,1.7618,1.0,7.426,7.426,1.0,False
solved,c,llr40v9-oss120b-c-skills,llr40v9-oss120b-fortran-skills,3,4,2,1,2,35,1.3841,2.0068,7.426,3.7005,1.0,False
solved,c,llr40v9-oss120b-c-skills,llr40v9-qwen38-c,3,4,2,1,2,35,0.6612,0.6818,13.1594,19.3023,1.0,False
solved,c,llr40v9-oss120b-c-skills,llr40v9-qwen38-c-skills,3,2,2,1,0,37,0.7811,1.2021,13.1594,10.9469,1.0,True
solved,c,llr40v9-oss120b-c-skills,llr40v9-qwen38-cpp,3,1,1,2,0,37,0.6966,1.2447,15.2776,12.274,0.5,True
solved,c,llr40v9-oss120b-c-skills,llr40v9-qwen38-fortran,3,4,2,1,2,35,0.8168,0.8486,13.1594,15.5074,1.0,False
solved,c,llr40v9-oss120b-c-skills,llr40v9-qwen38-fortran-skills,3,3,2,1,1,36,0.665,0.8571,13.1594,15.3538,1.0,False
solved,c,llr40v9-oss120b-cpp,llr40v9-oss120b-fortran,3,4,3,0,1,36,1.2771,1.6283,6.198,3.8063,1.0,False
solved,c,llr40v9-oss120b-cpp,llr40v9-oss120b-fortran-skills,3,4,2,1,2,35,1.0033,1.8625,6.892,3.7005,1.0,False
solved,c,llr40v9-oss120b-cpp,llr40v9-qwen38-c,3,4,2,1,2,35,0.4793,0.6955,8.1217,11.6783,1.0,False
solved,c,llr40v9-oss120b-cpp,llr40v9-qwen38-c-skills,3,2,1,2,1,36,0.5662,1.2447,13.1594,10.5722,1.0,True
solved,c,llr40v9-oss120b-cpp,llr40v9-qwen38-cpp,3,1,1,2,0,37,0.505,1.0721,13.1594,12.274,0.5,True
solved,c,llr40v9-oss120b-cpp,llr40v9-qwen38-fortran,3,4,2,1,2,35,0.5921,0.7954,8.1217,10.2104,1.0,False
solved,c,llr40v9-oss120b-cpp,llr40v9-qwen38-fortran-skills,3,3,2,1,1,36,0.4821,0.599,8.1217,13.5581,1.0,False
solved,c,llr40v9-oss120b-fortran,llr40v9-oss120b-fortran-skills,4,4,3,1,1,35,0.7856,1.623,8.2166,5.0627,1.0,True
solved,c,llr40v9-oss120b-fortran,llr40v9-qwen38-c,4,4,3,1,1,35,0.3753,0.4632,5.3742,11.6011,1.0,False
solved,c,llr40v9-oss120b-fortran,llr40v9-qwen38-c-skills,4,2,1,3,1,35,0.4433,1.4595,15.4304,10.5722,0.625,True
solved,c,llr40v9-oss120b-fortran,llr40v9-qwen38-cpp,4,1,1,3,0,36,0.3954,1.2572,15.4304,12.274,0.25,True
solved,c,llr40v9-oss120b-fortran,llr40v9-qwen38-fortran,4,4,3,1,1,35,0.4636,0.5307,5.3742,10.126,1.0,False
solved,c,llr40v9-oss120b-fortran,llr40v9-qwen38-fortran-skills,4,3,2,2,1,35,0.3775,0.2897,3.9282,13.5581,1.0,False
solved,c,llr40v9-oss120b-fortran-skills,llr40v9-qwen38-c,4,4,2,2,2,34,0.4777,0.3886,5.9958,15.4304,1.0,False
solved,c,llr40v9-oss120b-fortran-skills,llr40v9-qwen38-c-skills,4,2,1,3,1,35,0.5643,0.3588,3.7937,10.5722,0.625,False
solved,c,llr40v9-oss120b-fortran-skills,llr40v9-qwen38-cpp,4,1,1,3,0,36,0.5033,0.3091,3.7937,12.274,0.25,False
solved,c,llr40v9-oss120b-fortran-skills,llr40v9-qwen38-fortran,4,4,2,2,2,34,0.5902,0.4166,5.9958,14.3922,1.0,False
solved,c,llr40v9-oss120b-fortran-skills,llr40v9-qwen38-fortran-skills,4,3,1,3,2,34,0.4805,0.1861,3.7937,20.3881,1.0,False
solved,c,llr40v9-qwen38-c,llr40v9-qwen38-c-skills,4,2,2,2,0,36,1.1814,1.7633,19.3023,10.9469,0.5,False
solved,c,llr40v9-qwen38-c,llr40v9-qwen38-cpp,4,1,1,3,0,36,1.0536,1.6945,20.7979,12.274,0.25,False
solved,c,llr40v9-qwen38-c,llr40v9-qwen38-fortran,4,4,4,0,0,36,1.2355,1.2355,12.9322,10.4675,1.0,False
solved,c,llr40v9-qwen38-c,llr40v9-qwen38-fortran-skills,4,3,3,1,0,36,1.0058,1.0475,13.4685,12.8574,1.0,False
solved,c,llr40v9-qwen38-c-skills,llr40v9-qwen38-cpp,2,1,1,1,0,38,0.8919,0.8613,10.5722,12.274,1.0,False
solved,c,llr40v9-qwen38-c-skills,llr40v9-qwen38-fortran,2,4,2,0,2,36,1.0458,0.7059,10.9469,15.5074,0.5,True
solved,c,llr40v9-qwen38-c-skills,llr40v9-qwen38-fortran-skills,2,3,2,0,1,37,0.8514,0.713,10.9469,15.3538,1.0,False
solved,c,llr40v9-qwen38-cpp,llr40v9-qwen38-fortran,1,4,1,0,3,36,1.1726,0.5902,12.274,20.7979,0.25,True
solved,c,llr40v9-qwen38-cpp,llr40v9-qwen38-fortran-skills,1,3,1,0,2,37,0.9546,0.602,12.274,20.3881,0.5,False
solved,c,llr40v9-qwen38-fortran,llr40v9-qwen38-fortran-skills,4,3,3,1,0,36,0.8141,0.8277,10.6426,12.8574,1.0,False
solved,numba,gpuv2-llr40-oss120b-hip,gpuv2-llr40-oss120b-hip-skills,35,35,33,2,2,3,0.9621,0.9369,27.7047,29.5691,1.0,False
solved,numba,gpuv2-llr40-oss120b-hip,gpuv2-llr40-oss120b-omp,35,25,23,12,2,3,8.206,5.6753,20.2124,3.5615,0.0129,False
solved,numba,gpuv2-llr40-oss120b-hip,gpuv2-llr40-oss120b-omp-skills,35,22,20,15,2,3,4.7837,5.284,31.306,5.9246,0.0023,False
solved,numba,gpuv2-llr40-oss120b-hip,gpuv2-llr40-qwen38-hip,35,27,26,9,1,4,0.3467,0.4785,42.6079,89.0439,0.0215,False
solved,numba,gpuv2-llr40-oss120b-hip,gpuv2-llr40-qwen38-hip-skills,35,30,27,8,3,2,0.4199,0.6038,40.9442,67.8113,0.2266,False
solved,numba,gpuv2-llr40-oss120b-hip,gpuv2-llr40-qwen38-omp,35,16,12,23,4,1,1.9226,3.2758,61.6778,18.828,0.0003,False
solved,numba,gpuv2-llr40-oss120b-hip,gpuv2-llr40-qwen38-omp-skills,35,17,14,21,3,2,2.7711,4.287,46.2342,10.7847,0.0003,False
solved,numba,gpuv2-llr40-oss120b-hip,gpuv4-llr40-oss120b-pytriton,35,35,31,4,4,1,15.6602,15.0827,28.1858,1.8687,1.0,False
solved,numba,gpuv2-llr40-oss120b-hip,gpuv4-llr40-oss120b-pytriton-skills,35,32,28,7,4,1,12.0368,14.0736,35.4548,2.5192,0.5488,False
solved,numba,gpuv2-llr40-oss120b-hip,gpuv4-llr40-qwen38-pytriton,35,31,27,8,4,1,3.4487,4.8976,39.5793,8.0814,0.3877,False
solved,numba,gpuv2-llr40-oss120b-hip,gpuv4-llr40-qwen38-pytriton-skills,35,30,25,10,5,0,2.8862,4.7504,46.6382,9.8178,0.3018,False
solved,numba,gpuv2-llr40-oss120b-hip,llr40v10-kimi27sglang-c,35,31,28,7,3,2,3.6715,3.9128,30.2366,7.7276,0.3438,False
solved,numba,gpuv2-llr40-oss120b-hip,llr40v10-kimi27sglang-c-skills,35,32,28,7,4,1,3.8011,4.8085,37.5292,7.8048,0.5488,False
solved,numba,gpuv2-llr40-oss120b-hip,llr40v10-kimi27sglang-fortran,35,31,27,8,4,1,4.0804,4.4583,33.1989,7.4466,0.3877,False
solved,numba,gpuv2-llr40-oss120b-hip,llr40v10-kimi27sglang-fortran-skills,35,27,24,11,3,2,3.6162,3.9233,31.8506,8.1184,0.0574,False
solved,numba,gpuv2-llr40-oss120b-hip,llr40v10-oss120b-c-skills,35,33,31,4,2,3,5.0619,5.0465,27.5154,5.4524,0.6875,False
solved,numba,gpuv2-llr40-oss120b-hip,llr40v10-oss120b-fortran-skills,35,31,29,6,2,3,6.4842,6.1289,28.8917,4.714,0.2891,False
solved,numba,gpuv2-llr40-oss120b-hip,llr40v10-qwen38-c,35,31,26,9,5,0,4.0517,4.8188,36.7284,7.6218,0.424,False
solved,numba,gpuv2-llr40-oss120b-hip,llr40v10-qwen38-c-skills,35,28,25,10,3,2,3.1922,3.9984,33.7585,8.4431,0.0923,False
solved,numba,gpuv2-llr40-oss120b-hip,llr40v10-qwen38-fortran,35,25,22,13,3,2,6.6137,7.8154,34.3133,4.3905,0.0213,False
solved,numba,gpuv2-llr40-oss120b-hip,llr40v10-qwen38-fortran-skills,35,28,24,11,4,1,4.0188,5.5669,39.1063,7.0247,0.1185,False
solved,numba,gpuv2-llr40-oss120b-hip,llr40v11-kimi27sglang-c,35,27,23,12,4,1,3.9739,6.9821,57.7337,8.2689,0.0768,False
solved,numba,gpuv2-llr40-oss120b-hip,llr40v11-kimi27sglang-c-skills,35,25,23,12,2,3,3.642,5.1914,42.7784,8.2403,0.0129,False
solved,numba,gpuv2-llr40-oss120b-hip,llr40v11-kimi27sglang-fortran,35,26,25,10,1,4,5.2677,7.7229,42.4231,5.4931,0.0117,False
solved,numba,gpuv2-llr40-oss120b-hip,llr40v11-kimi27sglang-fortran-skills,35,26,22,13,4,1,3.2226,3.9406,36.6722,9.3062,0.049,False
solved,numba,gpuv2-llr40-oss120b-hip,llr40v11-oss120b-c,35,32,29,6,3,2,5.6452,5.5713,28.41,5.0993,0.5078,False
solved,numba,gpuv2-llr40-oss120b-hip,llr40v11-oss120b-c-skills,35,35,32,3,3,2,6.7774,6.529,29.0439,4.4484,1.0,False
solved,numba,gpuv2-llr40-oss120b-hip,llr40v11-oss120b-fortran,35,26,24,11,2,3,5.0274,6.0482,35.4758,5.8655,0.0225,False
solved,numba,gpuv2-llr40-oss120b-hip,llr40v11-oss120b-fortran-skills,35,26,24,11,2,3,5.3776,4.608,26.5946,5.7714,0.0225,False
solved,numba,gpuv2-llr40-oss120b-hip,llr40v11-qwen38-c,35,24,19,16,5,0,2.4939,3.8216,48.9905,12.8193,0.0266,False
solved,numba,gpuv2-llr40-oss120b-hip,llr40v11-qwen38-c-skills,35,26,21,14,5,0,3.1555,6.8303,63.2389,9.2586,0.0636,False
solved,numba,gpuv2-llr40-oss120b-hip,llr40v11-qwen38-fortran,35,17,14,21,3,2,3.3813,5.2833,40.3653,7.6402,0.0003,False
solved,numba,gpuv2-llr40-oss120b-hip,llr40v11-qwen38-fortran-skills,35,23,19,16,4,1,2.7975,4.2771,47.9247,11.205,0.0118,False
solved,numba,gpuv2-llr40-oss120b-hip,v11w2-kimi27sglang-c,35,13,12,23,1,4,7.5918,2.0969,8.9195,4.2536,0.0,False
solved,numba,gpuv2-llr40-oss120b-hip,v11w2-kimi27sglang-c-skills,35,15,12,23,3,2,5.9123,3.3031,15.8453,4.7971,0.0001,False
solved,numba,gpuv2-llr40-oss120b-hip,v11w2-kimi27sglang-fortran,35,14,10,25,4,1,4.5917,1.94,13.2646,6.8374,0.0001,False
solved,numba,gpuv2-llr40-oss120b-hip,v11w2-kimi27sglang-fortran-skills,35,14,13,22,1,4,6.2909,4.6789,22.196,4.7438,0.0,False
solved,numba,gpuv2-llr40-oss120b-hip,v11w2-oss120b-c,35,8,6,29,2,3,5.3147,8.285,42.4343,5.1218,0.0,False
solved,numba,gpuv2-llr40-oss120b-hip,v11w2-oss120b-c-skills,35,4,3,32,1,4,3.8129,7.2676,50.0888,6.892,0.0,False
solved,numba,gpuv2-llr40-oss120b-hip,v11w2-oss120b-fortran,35,14,11,24,3,2,10.2147,9.1974,21.7798,2.368,0.0,False
solved,numba,gpuv2-llr40-oss120b-hip,v11w2-oss120b-fortran-skills,35,13,11,24,2,3,7.0216,11.4897,40.8401,3.5545,0.0,False
solved,numba,gpuv2-llr40-oss120b-hip,v11w2-qwen38-c,35,16,16,19,0,5,6.8158,3.8724,17.2903,4.4651,0.0,False
solved,numba,gpuv2-llr40-oss120b-hip,v11w2-qwen38-c-skills,35,14,14,21,0,5,5.1155,1.7078,10.1597,5.9491,0.0,False
solved,numba,gpuv2-llr40-oss120b-hip,v11w2-qwen38-fortran,35,23,21,14,2,3,4.1977,3.7119,25.2096,6.7915,0.0042,False
solved,numba,gpuv2-llr40-oss120b-hip,v11w2-qwen38-fortran-skills,35,17,16,19,1,4,5.1596,3.1637,17.7479,5.6098,0.0,False
solved,numba,gpuv2-llr40-oss120b-hip-skills,gpuv2-llr40-oss120b-omp,35,25,24,11,1,4,8.5295,6.0961,23.1459,3.7969,0.0063,False
solved,numba,gpuv2-llr40-oss120b-hip-skills,gpuv2-llr40-oss120b-omp-skills,35,22,20,15,2,3,4.9723,5.1593,31.4778,6.1011,0.0023,False
solved,numba,gpuv2-llr40-oss120b-hip-skills,gpuv2-llr40-qwen38-hip,35,27,25,10,2,3,0.3604,0.5192,42.2378,81.3566,0.0386,False
solved,numba,gpuv2-llr40-oss120b-hip-skills,gpuv2-llr40-qwen38-hip-skills,35,30,28,7,2,3,0.4364,0.5958,40.8269,68.5192,0.1797,False
solved,numba,gpuv2-llr40-oss120b-hip-skills,gpuv2-llr40-qwen38-omp,35,16,14,21,2,3,1.9984,4.4075,75.0184,17.0206,0.0001,False
solved,numba,gpuv2-llr40-oss120b-hip-skills,gpuv2-llr40-qwen38-omp-skills,35,17,14,21,3,2,2.8804,4.692,50.7818,10.8231,0.0003,False
solved,numba,gpuv2-llr40-oss120b-hip-skills,gpuv4-llr40-oss120b-pytriton,35,35,31,4,4,1,16.2776,15.1167,29.2644,1.9359,1.0,False
solved,numba,gpuv2-llr40-oss120b-hip-skills,gpuv4-llr40-oss120b-pytriton-skills,35,32,28,7,4,1,12.5113,13.969,34.6453,2.4802,0.5488,False
solved,numba,gpuv2-llr40-oss120b-hip-skills,gpuv4-llr40-qwen38-pytriton,35,31,28,7,3,2,3.5847,4.7187,40.6965,8.6245,0.3438,False
solved,numba,gpuv2-llr40-oss120b-hip-skills,gpuv4-llr40-qwen38-pytriton-skills,35,30,26,9,4,1,3.0,4.9592,52.0694,10.4996,0.2668,False
solved,numba,gpuv2-llr40-oss120b-hip-skills,llr40v10-kimi27sglang-c,35,31,27,8,4,1,3.8162,3.9507,30.3215,7.6751,0.3877,False
solved,numba,gpuv2-llr40-oss120b-hip-skills,llr40v10-kimi27sglang-c-skills,35,32,28,7,4,1,3.9509,4.5946,34.29,7.4631,0.5488,False
solved,numba,gpuv2-llr40-oss120b-hip-skills,llr40v10-kimi27sglang-fortran,35,31,28,7,3,2,4.2413,4.1906,31.8808,7.6077,0.3438,False
solved,numba,gpuv2-llr40-oss120b-hip-skills,llr40v10-kimi27sglang-fortran-skills,35,27,25,10,2,3,3.7587,4.6015,37.039,8.0493,0.0386,False
solved,numba,gpuv2-llr40-oss120b-hip-skills,llr40v10-oss120b-c-skills,35,33,32,3,1,4,5.2615,4.7693,28.4009,5.9549,0.625,False
solved,numba,gpuv2-llr40-oss120b-hip-skills,llr40v10-oss120b-fortran-skills,35,31,30,5,1,4,6.7398,6.9818,31.9458,4.5756,0.2188,False
solved,numba,gpuv2-llr40-oss120b-hip-skills,llr40v10-qwen38-c,35,31,26,9,5,0,4.2114,4.239,34.6263,8.1685,0.424,False
solved,numba,gpuv2-llr40-oss120b-hip-skills,llr40v10-qwen38-c-skills,35,28,26,9,2,3,3.318,3.5534,32.8199,9.2362,0.0654,False
solved,numba,gpuv2-llr40-oss120b-hip-skills,llr40v10-qwen38-fortran,35,25,24,11,1,4,6.8744,7.491,32.9657,4.4007,0.0063,False
solved,numba,gpuv2-llr40-oss120b-hip-skills,llr40v10-qwen38-fortran-skills,35,28,25,10,3,2,4.1772,7.287,51.5997,7.0811,0.0923,False
solved,numba,gpuv2-llr40-oss120b-hip-skills,llr40v11-kimi27sglang-c,35,27,23,12,4,1,4.1306,6.6059,52.0174,7.8744,0.0768,False
solved,numba,gpuv2-llr40-oss120b-hip-skills,llr40v11-kimi27sglang-c-skills,35,25,24,11,1,4,3.7855,5.5118,44.9889,8.1622,0.0063,False
solved,numba,gpuv2-llr40-oss120b-hip-skills,llr40v11-kimi27sglang-fortran,35,26,25,10,1,4,5.4753,6.602,37.2904,5.6483,0.0117,False
solved,numba,gpuv2-llr40-oss120b-hip-skills,llr40v11-kimi27sglang-fortran-skills,35,26,23,12,3,2,3.3496,3.5339,34.9226,9.8822,0.0352,False
solved,numba,gpuv2-llr40-oss120b-hip-skills,llr40v11-oss120b-c,35,32,29,6,3,2,5.8677,5.6155,28.3127,5.0419,0.5078,False
solved,numba,gpuv2-llr40-oss120b-hip-skills,llr40v11-oss120b-c-skills,35,35,33,2,2,3,7.0446,7.1202,32.0191,4.497,1.0,False
solved,numba,gpuv2-llr40-oss120b-hip-skills,llr40v11-oss120b-fortran,35,26,25,10,1,4,5.2255,5.8125,36.0786,6.2071,0.0117,False
solved,numba,gpuv2-llr40-oss120b-hip-skills,llr40v11-oss120b-fortran-skills,35,26,25,10,1,4,5.5896,5.0991,29.4741,5.7802,0.0117,False
solved,numba,gpuv2-llr40-oss120b-hip-skills,llr40v11-qwen38-c,35,24,19,16,5,0,2.5922,4.0525,49.0162,12.0953,0.0266,False
solved,numba,gpuv2-llr40-oss120b-hip-skills,llr40v11-qwen38-c-skills,35,26,21,14,5,0,3.2799,5.6296,51.1682,9.0891,0.0636,False
solved,numba,gpuv2-llr40-oss120b-hip-skills,llr40v11-qwen38-fortran,35,17,15,20,2,3,3.5146,2.927,25.9735,8.8738,0.0001,False
solved,numba,gpuv2-llr40-oss120b-hip-skills,llr40v11-qwen38-fortran-skills,35,23,20,15,3,2,2.9078,4.9977,55.6974,11.1447,0.0075,False
solved,numba,gpuv2-llr40-oss120b-hip-skills,v11w2-kimi27sglang-c,35,13,12,23,1,4,7.8911,2.8665,12.1929,4.2536,0.0,False
solved,numba,gpuv2-llr40-oss120b-hip-skills,v11w2-kimi27sglang-c-skills,35,15,11,24,4,1,6.1454,3.45,14.6682,4.2517,0.0002,False
solved,numba,gpuv2-llr40-oss120b-hip-skills,v11w2-kimi27sglang-fortran,35,14,10,25,4,1,4.7727,3.4584,20.9641,6.0618,0.0001,False
solved,numba,gpuv2-llr40-oss120b-hip-skills,v11w2-kimi27sglang-fortran-skills,35,14,12,23,2,3,6.5389,5.971,26.168,4.3825,0.0,False
solved,numba,gpuv2-llr40-oss120b-hip-skills,v11w2-oss120b-c,35,8,6,29,2,3,5.5242,10.5547,54.0594,5.1218,0.0,False
solved,numba,gpuv2-llr40-oss120b-hip-skills,v11w2-oss120b-c-skills,35,4,2,33,2,3,3.9632,4.5378,25.8874,5.7048,0.0,False
solved,numba,gpuv2-llr40-oss120b-hip-skills,v11w2-oss120b-fortran,35,14,10,25,4,1,10.6174,11.1226,22.769,2.0471,0.0001,False
solved,numba,gpuv2-llr40-oss120b-hip-skills,v11w2-oss120b-fortran-skills,35,13,10,25,3,2,7.2984,11.8421,37.7459,3.1874,0.0,False
solved,numba,gpuv2-llr40-oss120b-hip-skills,v11w2-qwen38-c,35,16,16,19,0,5,7.0845,4.2115,18.8046,4.4651,0.0,False
solved,numba,gpuv2-llr40-oss120b-hip-skills,v11w2-qwen38-c-skills,35,14,14,21,0,5,5.3172,2.5845,15.3757,5.9491,0.0,False
solved,numba,gpuv2-llr40-oss120b-hip-skills,v11w2-qwen38-fortran,35,23,20,15,3,2,4.3632,5.4986,36.6722,6.6694,0.0075,False
solved,numba,gpuv2-llr40-oss120b-hip-skills,v11w2-qwen38-fortran-skills,35,17,15,20,2,3,5.363,2.8636,14.8776,5.1954,0.0001,False
solved,numba,gpuv2-llr40-oss120b-omp,gpuv2-llr40-oss120b-omp-skills,25,22,19,6,3,12,0.583,0.6834,4.9061,7.1794,0.5078,False
solved,numba,gpuv2-llr40-oss120b-omp,gpuv2-llr40-qwen38-hip,25,27,19,6,8,7,0.0423,0.0634,4.4671,70.4253,0.7905,False
solved,numba,gpuv2-llr40-oss120b-omp,gpuv2-llr40-qwen38-hip-skills,25,30,18,7,12,3,0.0512,0.0897,5.5523,61.8656,0.3593,False
solved,numba,gpuv2-llr40-oss120b-omp,gpuv2-llr40-qwen38-omp,25,16,13,12,3,12,0.2343,0.4065,6.2297,15.3245,0.0352,False
solved,numba,gpuv2-llr40-oss120b-omp,gpuv2-llr40-qwen38-omp-skills,25,17,12,13,5,10,0.3377,0.4857,5.4324,11.1854,0.0963,False
solved,numba,gpuv2-llr40-oss120b-omp,gpuv4-llr40-oss120b-pytriton,25,35,22,3,13,2,1.9084,1.7114,3.3606,1.9637,0.0213,False
solved,numba,gpuv2-llr40-oss120b-omp,gpuv4-llr40-oss120b-pytriton-skills,25,32,21,4,11,4,1.4668,1.4945,3.9759,2.6603,0.1185,False
solved,numba,gpuv2-llr40-oss120b-omp,gpuv4-llr40-qwen38-pytriton,25,31,21,4,10,5,0.4203,0.5896,4.1886,7.1042,0.1796,False
solved,numba,gpuv2-llr40-oss120b-omp,gpuv4-llr40-qwen38-pytriton-skills,25,30,19,6,11,4,0.3517,0.5639,4.7944,8.5026,0.3323,False
solved,numba,gpuv2-llr40-oss120b-omp,llr40v10-kimi27sglang-c,25,31,22,3,9,6,0.4474,0.429,3.6838,8.5864,0.146,False
solved,numba,gpuv2-llr40-oss120b-omp,llr40v10-kimi27sglang-c-skills,25,32,21,4,11,4,0.4632,0.4422,3.8957,8.8093,0.1185,False
solved,numba,gpuv2-llr40-oss120b-omp,llr40v10-kimi27sglang-fortran,25,31,20,5,11,4,0.4972,0.3853,3.4055,8.8385,0.2101,False
solved,numba,gpuv2-llr40-oss120b-omp,llr40v10-kimi27sglang-fortran-skills,25,27,20,5,7,8,0.4407,0.4203,3.4636,8.2398,0.7744,False
solved,numba,gpuv2-llr40-oss120b-omp,llr40v10-oss120b-c-skills,25,33,25,0,8,7,0.6169,0.626,3.7086,5.9246,0.0078,False
solved,numba,gpuv2-llr40-oss120b-omp,llr40v10-oss120b-fortran-skills,25,31,23,2,8,7,0.7902,0.7707,3.7773,4.9011,0.1094,False
solved,numba,gpuv2-llr40-oss120b-omp,llr40v10-qwen38-c,25,31,20,5,11,4,0.4937,0.5348,3.8164,7.1363,0.2101,False
solved,numba,gpuv2-llr40-oss120b-omp,llr40v10-qwen38-c-skills,25,28,21,4,7,8,0.389,0.3688,3.9552,10.7236,0.5488,False
solved,numba,gpuv2-llr40-oss120b-omp,llr40v10-qwen38-fortran,25,25,15,10,10,5,0.806,0.9414,4.4425,4.719,1.0,False
solved,numba,gpuv2-llr40-oss120b-omp,llr40v10-qwen38-fortran-skills,25,28,17,8,11,4,0.4897,0.4966,4.4641,8.9899,0.6476,False
solved,numba,gpuv2-llr40-oss120b-omp,llr40v11-kimi27sglang-c,25,27,17,8,10,5,0.4843,0.6872,5.0598,7.3633,0.8145,False
solved,numba,gpuv2-llr40-oss120b-omp,llr40v11-kimi27sglang-c-skills,25,25,18,7,7,8,0.4438,0.4564,4.4337,9.7148,1.0,False
solved,numba,gpuv2-llr40-oss120b-omp,llr40v11-kimi27sglang-fortran,25,26,16,9,10,5,0.6419,0.8324,5.2487,6.3056,1.0,False
solved,numba,gpuv2-llr40-oss120b-omp,llr40v11-kimi27sglang-fortran-skills,25,26,17,8,9,6,0.3927,0.3927,4.096,10.4308,1.0,False
solved,numba,gpuv2-llr40-oss120b-omp,llr40v11-oss120b-c,25,32,23,2,9,6,0.6879,0.7267,3.4702,4.7755,0.0654,False
solved,numba,gpuv2-llr40-oss120b-omp,llr40v11-oss120b-c-skills,25,35,25,0,10,5,0.8259,0.7446,3.7086,4.9808,0.002,False
solved,numba,gpuv2-llr40-oss120b-omp,llr40v11-oss120b-fortran,25,26,21,4,5,10,0.6126,0.5371,3.6909,6.8725,1.0,False
solved,numba,gpuv2-llr40-oss120b-omp,llr40v11-oss120b-fortran-skills,25,26,21,4,5,10,0.6553,0.7181,4.0005,5.5712,1.0,False
solved,numba,gpuv2-llr40-oss120b-omp,llr40v11-qwen38-c,25,24,15,10,9,6,0.3039,0.439,4.6321,10.5512,1.0,False
solved,numba,gpuv2-llr40-oss120b-omp,llr40v11-qwen38-c-skills,25,26,14,11,12,3,0.3845,0.3944,5.4164,13.7327,1.0,False
solved,numba,gpuv2-llr40-oss120b-omp,llr40v11-qwen38-fortran,25,17,11,14,6,9,0.4121,0.4367,4.6332,10.6105,0.1153,False
solved,numba,gpuv2-llr40-oss120b-omp,llr40v11-qwen38-fortran-skills,25,23,17,8,6,9,0.3409,0.4467,4.3429,9.7233,0.7905,False
solved,numba,gpuv2-llr40-oss120b-omp,v11w2-kimi27sglang-c,25,13,8,17,5,10,0.9252,0.7192,1.9165,2.6647,0.0169,False
solved,numba,gpuv2-llr40-oss120b-omp,v11w2-kimi27sglang-c-skills,25,15,7,18,8,7,0.7205,0.7536,2.3431,3.1091,0.0755,False
solved,numba,gpuv2-llr40-oss120b-omp,v11w2-kimi27sglang-fortran,25,14,9,16,5,10,0.5596,0.4506,2.0001,4.4386,0.0266,False
solved,numba,gpuv2-llr40-oss120b-omp,v11w2-kimi27sglang-fortran-skills,25,14,8,17,6,9,0.7666,1.2021,3.0027,2.4979,0.0347,True
solved,numba,gpuv2-llr40-oss120b-omp,v11w2-oss120b-c,25,8,2,23,6,9,0.6477,1.7987,7.9617,4.4263,0.0023,True
solved,numba,gpuv2-llr40-oss120b-omp,v11w2-oss120b-c-skills,25,4,0,25,4,11,0.4646,,,,0.0001,False
solved,numba,gpuv2-llr40-oss120b-omp,v11w2-oss120b-fortran,25,14,4,21,10,5,1.2448,2.7523,3.8032,1.3818,0.0708,False
solved,numba,gpuv2-llr40-oss120b-omp,v11w2-oss120b-fortran-skills,25,13,4,21,9,6,0.8557,0.9515,2.4916,2.6187,0.0428,False
solved,numba,gpuv2-llr40-oss120b-omp,v11w2-qwen38-c,25,16,10,15,6,9,0.8306,0.8874,2.6568,2.9937,0.0784,False
solved,numba,gpuv2-llr40-oss120b-omp,v11w2-qwen38-c-skills,25,14,11,14,3,12,0.6234,0.501,2.2901,4.5708,0.0127,False
solved,numba,gpuv2-llr40-oss120b-omp,v11w2-qwen38-fortran,25,23,14,11,9,6,0.5115,0.5897,3.1135,5.2795,0.8238,False
solved,numba,gpuv2-llr40-oss120b-omp,v11w2-qwen38-fortran-skills,25,17,8,17,9,6,0.6288,0.7456,2.6515,3.5561,0.1686,False
solved,numba,gpuv2-llr40-oss120b-omp-skills,gpuv2-llr40-qwen38-hip,22,27,16,6,11,7,0.0725,0.072,7.9025,109.7738,0.3323,False
solved,numba,gpuv2-llr40-oss120b-omp-skills,gpuv2-llr40-qwen38-hip-skills,22,30,15,7,15,3,0.0878,0.0844,7.7455,91.7842,0.1338,False
solved,numba,gpuv2-llr40-oss120b-omp-skills,gpuv2-llr40-qwen38-omp,22,16,12,10,4,14,0.4019,0.5709,11.1577,19.5439,0.1796,False
solved,numba,gpuv2-llr40-oss120b-omp-skills,gpuv2-llr40-qwen38-omp-skills,22,17,12,10,5,13,0.5793,0.4253,6.6949,15.7406,0.3018,False
solved,numba,gpuv2-llr40-oss120b-omp-skills,gpuv4-llr40-oss120b-pytriton,22,35,20,2,15,3,3.2737,2.3754,6.0588,2.5506,0.0023,False
solved,numba,gpuv2-llr40-oss120b-omp-skills,gpuv4-llr40-oss120b-pytriton-skills,22,32,20,2,12,6,2.5162,2.0779,6.8646,3.3037,0.0129,False
solved,numba,gpuv2-llr40-oss120b-omp-skills,gpuv4-llr40-qwen38-pytriton,22,31,18,4,13,5,0.7209,0.5941,6.2669,10.5489,0.049,False
solved,numba,gpuv2-llr40-oss120b-omp-skills,gpuv4-llr40-qwen38-pytriton-skills,22,30,18,4,12,6,0.6033,0.6148,7.7919,12.6739,0.0768,False
solved,numba,gpuv2-llr40-oss120b-omp-skills,llr40v10-kimi27sglang-c,22,31,20,2,11,7,0.7675,0.5797,6.773,11.6841,0.0225,False
solved,numba,gpuv2-llr40-oss120b-omp-skills,llr40v10-kimi27sglang-c-skills,22,32,18,4,14,4,0.7946,0.56,7.492,13.3794,0.0309,False
solved,numba,gpuv2-llr40-oss120b-omp-skills,llr40v10-kimi27sglang-fortran,22,31,19,3,12,6,0.853,0.5309,5.9302,11.1698,0.0352,False
solved,numba,gpuv2-llr40-oss120b-omp-skills,llr40v10-kimi27sglang-fortran-skills,22,27,17,5,10,8,0.7559,0.5253,6.192,11.7882,0.3018,False
solved,numba,gpuv2-llr40-oss120b-omp-skills,llr40v10-oss120b-c-skills,22,33,20,2,13,5,1.0582,0.9221,6.6297,7.1897,0.0074,True
solved,numba,gpuv2-llr40-oss120b-omp-skills,llr40v10-oss120b-fortran-skills,22,31,19,3,12,6,1.3555,1.0989,6.5301,5.9427,0.0352,False
solved,numba,gpuv2-llr40-oss120b-omp-skills,llr40v10-qwen38-c,22,31,19,3,12,6,0.847,0.7296,6.6023,9.0493,0.0352,False
solved,numba,gpuv2-llr40-oss120b-omp-skills,llr40v10-qwen38-c-skills,22,28,18,4,10,8,0.6673,0.5905,7.492,12.6879,0.1796,False
solved,numba,gpuv2-llr40-oss120b-omp-skills,llr40v10-qwen38-fortran,22,25,17,5,8,10,1.3825,0.801,4.9456,6.1739,0.5811,True
solved,numba,gpuv2-llr40-oss120b-omp-skills,llr40v10-qwen38-fortran-skills,22,28,17,5,11,7,0.8401,0.7445,7.8852,10.5908,0.2101,False
solved,numba,gpuv2-llr40-oss120b-omp-skills,llr40v11-kimi27sglang-c,22,27,16,6,11,7,0.8307,0.9206,9.0837,9.867,0.3323,False
solved,numba,gpuv2-llr40-oss120b-omp-skills,llr40v11-kimi27sglang-c-skills,22,25,16,6,9,9,0.7613,0.7156,8.1826,11.434,0.6072,False
solved,numba,gpuv2-llr40-oss120b-omp-skills,llr40v11-kimi27sglang-fortran,22,26,16,6,10,8,1.1012,0.9658,7.2842,7.5424,0.4545,True
solved,numba,gpuv2-llr40-oss120b-omp-skills,llr40v11-kimi27sglang-fortran-skills,22,26,16,6,10,8,0.6737,0.6005,6.247,10.4026,0.4545,False
solved,numba,gpuv2-llr40-oss120b-omp-skills,llr40v11-oss120b-c,22,32,19,3,13,5,1.1801,0.954,6.5267,6.8417,0.0213,True
solved,numba,gpuv2-llr40-oss120b-omp-skills,llr40v11-oss120b-c-skills,22,35,21,1,14,4,1.4168,0.8845,6.2098,7.0206,0.001,True
solved,numba,gpuv2-llr40-oss120b-omp-skills,llr40v11-oss120b-fortran,22,26,18,4,8,10,1.0509,0.8282,6.7637,8.1668,0.3877,True
solved,numba,gpuv2-llr40-oss120b-omp-skills,llr40v11-oss120b-fortran-skills,22,26,18,4,8,10,1.1242,0.8929,6.1604,6.8996,0.3877,True
solved,numba,gpuv2-llr40-oss120b-omp-skills,llr40v11-qwen38-c,22,24,15,7,9,9,0.5213,0.6515,6.9057,10.6003,0.8036,False
solved,numba,gpuv2-llr40-oss120b-omp-skills,llr40v11-qwen38-c-skills,22,26,13,9,13,5,0.6596,0.5458,9.2256,16.9019,0.5235,False
solved,numba,gpuv2-llr40-oss120b-omp-skills,llr40v11-qwen38-fortran,22,17,10,12,7,11,0.7068,0.6717,7.8594,11.7016,0.3593,False
solved,numba,gpuv2-llr40-oss120b-omp-skills,llr40v11-qwen38-fortran-skills,22,23,14,8,9,9,0.5848,0.6813,9.389,13.7816,1.0,False
solved,numba,gpuv2-llr40-oss120b-omp-skills,v11w2-kimi27sglang-c,22,13,6,16,7,11,1.587,0.4379,2.4608,5.6203,0.0931,True
solved,numba,gpuv2-llr40-oss120b-omp-skills,v11w2-kimi27sglang-c-skills,22,15,6,16,9,9,1.2359,0.6909,3.2515,4.7065,0.2295,True
solved,numba,gpuv2-llr40-oss120b-omp-skills,v11w2-kimi27sglang-fortran,22,14,6,16,8,10,0.9599,0.5325,4.4337,8.3263,0.1516,False
solved,numba,gpuv2-llr40-oss120b-omp-skills,v11w2-kimi27sglang-fortran-skills,22,14,6,16,8,10,1.3151,1.1629,6.6782,5.7428,0.1516,False
solved,numba,gpuv2-llr40-oss120b-omp-skills,v11w2-oss120b-c,22,8,3,19,5,13,1.111,0.5882,5.4099,9.1974,0.0066,True
solved,numba,gpuv2-llr40-oss120b-omp-skills,v11w2-oss120b-c-skills,22,4,1,21,3,15,0.7971,0.8528,10.5722,12.3967,0.0003,False
solved,numba,gpuv2-llr40-oss120b-omp-skills,v11w2-oss120b-fortran,22,14,4,18,10,8,2.1353,1.8122,4.829,2.6647,0.1849,False
solved,numba,gpuv2-llr40-oss120b-omp-skills,v11w2-oss120b-fortran-skills,22,13,4,18,9,9,1.4678,1.1129,7.3525,6.6066,0.1221,False
solved,numba,gpuv2-llr40-oss120b-omp-skills,v11w2-qwen38-c,22,16,7,15,9,9,1.4248,0.9803,5.3361,5.4434,0.3075,True
solved,numba,gpuv2-llr40-oss120b-omp-skills,v11w2-qwen38-c-skills,22,14,9,13,5,13,1.0694,0.4546,3.719,8.1803,0.0963,True
solved,numba,gpuv2-llr40-oss120b-omp-skills,v11w2-qwen38-fortran,22,23,12,10,11,7,0.8775,0.665,5.3342,8.0213,1.0,False
solved,numba,gpuv2-llr40-oss120b-omp-skills,v11w2-qwen38-fortran-skills,22,17,8,14,9,9,1.0786,0.4807,3.2193,6.6977,0.4049,True
solved,numba,gpuv2-llr40-qwen38-hip,gpuv2-llr40-qwen38-hip-skills,27,30,23,4,7,6,1.211,1.0117,78.2891,77.3799,0.5488,False
solved,numba,gpuv2-llr40-qwen38-hip,gpuv2-llr40-qwen38-omp,27,16,12,15,4,9,5.5448,7.5879,149.0359,19.6413,0.0192,False
solved,numba,gpuv2-llr40-qwen38-hip,gpuv2-llr40-qwen38-omp-skills,27,17,12,15,5,8,7.9919,7.5879,83.9637,11.0655,0.0414,False
solved,numba,gpuv2-llr40-qwen38-hip,gpuv4-llr40-oss120b-pytriton,27,35,23,4,12,1,45.1641,41.4127,84.8859,2.0498,0.0768,False
solved,numba,gpuv2-llr40-qwen38-hip,gpuv4-llr40-oss120b-pytriton-skills,27,32,22,5,10,3,34.714,39.282,107.4588,2.7356,0.3018,False
solved,numba,gpuv2-llr40-qwen38-hip,gpuv4-llr40-qwen38-pytriton,27,31,22,5,9,4,9.9461,10.496,103.8278,9.8922,0.424,False
solved,numba,gpuv2-llr40-qwen38-hip,gpuv4-llr40-qwen38-pytriton-skills,27,30,23,4,7,6,8.3239,10.1333,101.3167,9.9983,0.5488,False
solved,numba,gpuv2-llr40-qwen38-hip,llr40v10-kimi27sglang-c,27,31,21,6,10,3,10.5886,12.9001,106.2964,8.24,0.4545,False
solved,numba,gpuv2-llr40-qwen38-hip,llr40v10-kimi27sglang-c-skills,27,32,23,4,9,4,10.9623,12.8389,102.9515,8.0187,0.2668,False
solved,numba,gpuv2-llr40-qwen38-hip,llr40v10-kimi27sglang-fortran,27,31,20,7,11,2,11.7679,12.6585,114.9866,9.0837,0.4807,False
solved,numba,gpuv2-llr40-qwen38-hip,llr40v10-kimi27sglang-fortran-skills,27,27,19,8,8,5,10.429,12.8327,103.6525,8.0772,1.0,False
solved,numba,gpuv2-llr40-qwen38-hip,llr40v10-oss120b-c-skills,27,33,25,2,8,5,14.5986,12.1525,80.6153,6.6336,0.1094,False
solved,numba,gpuv2-llr40-qwen38-hip,llr40v10-oss120b-fortran-skills,27,31,24,3,7,6,18.7005,18.7501,88.6869,4.7299,0.3438,False
solved,numba,gpuv2-llr40-qwen38-hip,llr40v10-qwen38-c,27,31,21,6,10,3,11.6851,14.2026,111.9305,7.881,0.4545,False
solved,numba,gpuv2-llr40-qwen38-hip,llr40v10-qwen38-c-skills,27,28,19,8,9,4,9.2063,9.7735,114.6168,11.7273,1.0,False
solved,numba,gpuv2-llr40-qwen38-hip,llr40v10-qwen38-fortran,27,25,17,10,8,5,19.0739,17.9247,83.8532,4.6781,0.8145,False
solved,numba,gpuv2-llr40-qwen38-hip,llr40v10-qwen38-fortran-skills,27,28,18,9,10,3,11.5902,15.1682,137.2902,9.0512,1.0,False
solved,numba,gpuv2-llr40-qwen38-hip,llr40v11-kimi27sglang-c,27,27,18,9,9,4,11.4608,15.9332,164.856,10.3467,1.0,False
solved,numba,gpuv2-llr40-qwen38-hip,llr40v11-kimi27sglang-c-skills,27,25,19,8,6,7,10.5034,14.116,124.0486,8.7878,0.7905,False
solved,numba,gpuv2-llr40-qwen38-hip,llr40v11-kimi27sglang-fortran,27,26,19,8,7,6,15.1919,14.6431,109.1682,7.4553,1.0,False
solved,numba,gpuv2-llr40-qwen38-hip,llr40v11-kimi27sglang-fortran-skills,27,26,17,10,9,4,9.294,11.2489,140.3506,12.4768,1.0,False
solved,numba,gpuv2-llr40-qwen38-hip,llr40v11-oss120b-c,27,32,24,3,8,5,16.2808,14.927,87.6996,5.8752,0.2266,False
solved,numba,gpuv2-llr40-qwen38-hip,llr40v11-oss120b-c-skills,27,35,24,3,11,2,19.546,16.1237,84.4175,5.2356,0.0574,False
solved,numba,gpuv2-llr40-qwen38-hip,llr40v11-oss120b-fortran,27,26,19,8,7,6,14.4989,16.6827,115.4603,6.921,1.0,False
solved,numba,gpuv2-llr40-qwen38-hip,llr40v11-oss120b-fortran-skills,27,26,19,8,7,6,15.5091,15.8398,102.5188,6.4722,1.0,False
solved,numba,gpuv2-llr40-qwen38-hip,llr40v11-qwen38-c,27,24,16,11,8,5,7.1924,12.7962,166.7233,13.0291,0.6476,False
solved,numba,gpuv2-llr40-qwen38-hip,llr40v11-qwen38-c-skills,27,26,18,9,8,5,9.1004,12.943,138.2804,10.6838,1.0,False
solved,numba,gpuv2-llr40-qwen38-hip,llr40v11-qwen38-fortran,27,17,10,17,7,6,9.7516,11.9605,157.8639,13.1987,0.0639,False
solved,numba,gpuv2-llr40-qwen38-hip,llr40v11-qwen38-fortran-skills,27,23,17,10,6,7,8.0681,13.3768,134.7164,10.0709,0.4545,False
solved,numba,gpuv2-llr40-qwen38-hip,v11w2-kimi27sglang-c,27,13,9,18,4,9,21.8947,7.0383,24.8773,3.5346,0.0043,False
solved,numba,gpuv2-llr40-qwen38-hip,v11w2-kimi27sglang-c-skills,27,15,8,19,7,6,17.0511,6.7562,38.5909,5.7119,0.029,False
solved,numba,gpuv2-llr40-qwen38-hip,v11w2-kimi27sglang-fortran,27,14,8,19,6,7,13.2424,11.7219,52.2741,4.4595,0.0146,False
solved,numba,gpuv2-llr40-qwen38-hip,v11w2-kimi27sglang-fortran-skills,27,14,10,17,4,9,18.143,9.8805,39.5137,3.9991,0.0072,False
solved,numba,gpuv2-llr40-qwen38-hip,v11w2-oss120b-c,27,8,3,24,5,8,15.3277,11.4862,88.3199,7.6892,0.0005,False
solved,numba,gpuv2-llr40-qwen38-hip,v11w2-oss120b-c-skills,27,4,3,24,1,12,10.9964,17.3874,119.8342,6.892,0.0,False
solved,numba,gpuv2-llr40-qwen38-hip,v11w2-oss120b-fortran,27,14,8,19,6,7,29.4592,14.5181,45.7602,3.1519,0.0146,False
solved,numba,gpuv2-llr40-qwen38-hip,v11w2-oss120b-fortran-skills,27,13,8,19,5,8,20.2504,15.0513,60.6886,4.0321,0.0066,False
solved,numba,gpuv2-llr40-qwen38-hip,v11w2-qwen38-c,27,16,11,16,5,8,19.6567,8.0961,34.5157,4.2633,0.0266,False
solved,numba,gpuv2-llr40-qwen38-hip,v11w2-qwen38-c-skills,27,14,9,18,5,8,14.7532,7.6384,35.3584,4.629,0.0106,False
solved,numba,gpuv2-llr40-qwen38-hip,v11w2-qwen38-fortran,27,23,17,10,6,7,12.1062,9.5039,62.1398,6.5384,0.4545,False
solved,numba,gpuv2-llr40-qwen38-hip,v11w2-qwen38-fortran-skills,27,17,10,17,7,6,14.8802,9.2433,42.364,4.5832,0.0639,False
solved,numba,gpuv2-llr40-qwen38-hip-skills,gpuv2-llr40-qwen38-omp,30,16,14,16,2,8,4.5788,8.72,117.8074,13.51,0.0013,False
solved,numba,gpuv2-llr40-qwen38-hip-skills,gpuv2-llr40-qwen38-omp-skills,30,17,14,16,3,7,6.5996,8.7573,81.8136,9.3424,0.0044,False
solved,numba,gpuv2-llr40-qwen38-hip-skills,gpuv4-llr40-oss120b-pytriton,30,35,26,4,9,1,37.2961,35.0396,73.0034,2.0835,0.2668,False
solved,numba,gpuv2-llr40-qwen38-hip-skills,gpuv4-llr40-oss120b-pytriton-skills,30,32,23,7,9,1,28.6665,33.3573,96.5663,2.8949,0.8036,False
solved,numba,gpuv2-llr40-qwen38-hip-skills,gpuv4-llr40-qwen38-pytriton,30,31,23,7,8,2,8.2134,11.6783,97.2371,8.3263,1.0,False
solved,numba,gpuv2-llr40-qwen38-hip-skills,gpuv4-llr40-qwen38-pytriton-skills,30,30,24,6,6,4,6.8738,8.9195,81.0899,9.0913,1.0,False
solved,numba,gpuv2-llr40-qwen38-hip-skills,llr40v10-kimi27sglang-c,30,31,23,7,8,2,8.7439,11.1019,84.9594,7.6527,1.0,False
solved,numba,gpuv2-llr40-qwen38-hip-skills,llr40v10-kimi27sglang-c-skills,30,32,26,4,6,4,9.0525,12.0138,85.4059,7.109,0.7539,False
solved,numba,gpuv2-llr40-qwen38-hip-skills,llr40v10-kimi27sglang-fortran,30,31,22,8,9,1,9.7178,12.7205,96.667,7.5993,1.0,False
solved,numba,gpuv2-llr40-qwen38-hip-skills,llr40v10-kimi27sglang-fortran-skills,30,27,18,12,9,1,8.6122,14.7303,106.288,7.2156,0.6636,False
solved,numba,gpuv2-llr40-qwen38-hip-skills,llr40v10-oss120b-c-skills,30,33,26,4,7,3,12.0554,11.6337,69.4868,5.9729,0.5488,False
solved,numba,gpuv2-llr40-qwen38-hip-skills,llr40v10-oss120b-fortran-skills,30,31,25,5,6,4,15.4426,19.9546,87.5732,4.3886,1.0,False
solved,numba,gpuv2-llr40-qwen38-hip-skills,llr40v10-qwen38-c,30,31,22,8,9,1,9.6494,11.5053,104.2985,9.0653,1.0,False
solved,numba,gpuv2-llr40-qwen38-hip-skills,llr40v10-qwen38-c-skills,30,28,22,8,6,4,7.6024,10.1093,90.4899,8.9512,0.7905,False
solved,numba,gpuv2-llr40-qwen38-hip-skills,llr40v10-qwen38-fortran,30,25,21,9,4,6,15.751,18.8638,84.1529,4.4611,0.2668,False
solved,numba,gpuv2-llr40-qwen38-hip-skills,llr40v10-qwen38-fortran-skills,30,28,20,10,8,2,9.5711,15.4381,113.5652,7.3562,0.8145,False
solved,numba,gpuv2-llr40-qwen38-hip-skills,llr40v11-kimi27sglang-c,30,27,20,10,7,3,9.4643,15.6469,129.8278,8.2974,0.6291,False
solved,numba,gpuv2-llr40-qwen38-hip-skills,llr40v11-kimi27sglang-c-skills,30,25,20,10,5,5,8.6736,13.0551,98.6993,7.5602,0.3018,False
solved,numba,gpuv2-llr40-qwen38-hip-skills,llr40v11-kimi27sglang-fortran,30,26,21,9,5,5,12.5453,15.4012,86.4567,5.6136,0.424,False
solved,numba,gpuv2-llr40-qwen38-hip-skills,llr40v11-kimi27sglang-fortran-skills,30,26,19,11,7,3,7.6749,11.8694,128.8828,10.8584,0.4807,False
solved,numba,gpuv2-llr40-qwen38-hip-skills,llr40v11-oss120b-c,30,32,25,5,7,3,13.4445,15.0064,83.3892,5.5569,0.7744,False
solved,numba,gpuv2-llr40-qwen38-hip-skills,llr40v11-oss120b-c-skills,30,35,26,4,9,1,16.1409,17.9005,70.9921,3.9659,0.2668,False
solved,numba,gpuv2-llr40-qwen38-hip-skills,llr40v11-oss120b-fortran,30,26,19,11,7,3,11.9731,16.5956,108.314,6.5267,0.4807,False
solved,numba,gpuv2-llr40-qwen38-hip-skills,llr40v11-oss120b-fortran-skills,30,26,20,10,6,4,12.8073,14.4928,90.7851,6.2641,0.4545,False
solved,numba,gpuv2-llr40-qwen38-hip-skills,llr40v11-qwen38-c,30,24,18,12,6,4,5.9394,11.6718,153.8492,13.1812,0.2379,False
solved,numba,gpuv2-llr40-qwen38-hip-skills,llr40v11-qwen38-c-skills,30,26,22,8,4,6,7.515,12.4868,106.684,8.5438,0.3877,False
solved,numba,gpuv2-llr40-qwen38-hip-skills,llr40v11-qwen38-fortran,30,17,11,19,6,4,8.0528,10.5055,111.7715,10.6394,0.0146,False
solved,numba,gpuv2-llr40-qwen38-hip-skills,llr40v11-qwen38-fortran-skills,30,23,18,12,5,5,6.6626,12.6319,119.8342,9.4866,0.1435,False
solved,numba,gpuv2-llr40-qwen38-hip-skills,v11w2-kimi27sglang-c,30,13,10,20,3,7,18.0805,6.9057,22.5884,3.271,0.0005,False
solved,numba,gpuv2-llr40-qwen38-hip-skills,v11w2-kimi27sglang-c-skills,30,15,10,20,5,5,14.0806,7.7122,39.0836,5.0678,0.0041,False
solved,numba,gpuv2-llr40-qwen38-hip-skills,v11w2-kimi27sglang-fortran,30,14,9,21,5,5,10.9355,8.8483,48.028,5.4279,0.0025,False
solved,numba,gpuv2-llr40-qwen38-hip-skills,v11w2-kimi27sglang-fortran-skills,30,14,11,19,3,7,14.9823,7.133,26.817,3.7595,0.0009,False
solved,numba,gpuv2-llr40-qwen38-hip-skills,v11w2-oss120b-c,30,8,5,25,3,7,12.6575,10.5722,35.9496,3.4004,0.0,False
solved,numba,gpuv2-llr40-qwen38-hip-skills,v11w2-oss120b-c-skills,30,4,4,26,0,10,9.0807,10.3897,82.9259,7.9815,0.0,False
solved,numba,gpuv2-llr40-qwen38-hip-skills,v11w2-oss120b-fortran,30,14,11,19,3,7,24.3271,13.5214,36.2107,2.678,0.0009,False
solved,numba,gpuv2-llr40-qwen38-hip-skills,v11w2-oss120b-fortran-skills,30,13,10,20,3,7,16.7226,14.8136,46.1948,3.1184,0.0005,False
solved,numba,gpuv2-llr40-qwen38-hip-skills,v11w2-qwen38-c,30,16,12,18,4,6,16.2323,6.8578,23.4356,3.4174,0.0043,False
solved,numba,gpuv2-llr40-qwen38-hip-skills,v11w2-qwen38-c-skills,30,14,8,22,6,4,12.183,8.6214,25.0325,2.9035,0.0037,False
solved,numba,gpuv2-llr40-qwen38-hip-skills,v11w2-qwen38-fortran,30,23,19,11,4,6,9.9972,9.7428,56.4019,5.7891,0.1185,False
solved,numba,gpuv2-llr40-qwen38-hip-skills,v11w2-qwen38-fortran-skills,30,17,12,18,5,5,12.2879,7.5377,34.0916,4.5228,0.0106,False
solved,numba,gpuv2-llr40-qwen38-omp,gpuv2-llr40-qwen38-omp-skills,16,17,9,7,8,16,1.4413,1.0592,15.4646,14.6006,1.0,False
solved,numba,gpuv2-llr40-qwen38-omp,gpuv4-llr40-oss120b-pytriton,16,35,13,3,22,2,8.1453,4.8689,15.1148,3.1044,0.0002,False
solved,numba,gpuv2-llr40-qwen38-omp,gpuv4-llr40-oss120b-pytriton-skills,16,32,13,3,19,5,6.2606,5.0588,22.3323,4.4145,0.0009,False
solved,numba,gpuv2-llr40-qwen38-omp,gpuv4-llr40-qwen38-pytriton,16,31,14,2,17,7,1.7938,1.203,20.68,17.1908,0.0007,False
solved,numba,gpuv2-llr40-qwen38-omp,gpuv4-llr40-qwen38-pytriton-skills,16,30,15,1,15,9,1.5012,0.9661,16.4232,16.9996,0.0005,True
solved,numba,gpuv2-llr40-qwen38-omp,llr40v10-kimi27sglang-c,16,31,14,2,17,7,1.9096,1.4046,17.978,12.7996,0.0007,False
solved,numba,gpuv2-llr40-qwen38-omp,llr40v10-kimi27sglang-c-skills,16,32,15,1,17,7,1.977,1.3257,16.4232,12.3885,0.0001,False
solved,numba,gpuv2-llr40-qwen38-omp,llr40v10-kimi27sglang-fortran,16,31,13,3,18,6,2.1223,1.7338,20.063,11.5715,0.0015,False
solved,numba,gpuv2-llr40-qwen38-omp,llr40v10-kimi27sglang-fortran-skills,16,27,12,4,15,9,1.8809,1.7328,19.3986,11.1947,0.0192,False
solved,numba,gpuv2-llr40-qwen38-omp,llr40v10-oss120b-c-skills,16,33,14,2,19,5,2.6328,1.3507,17.0206,12.6011,0.0002,False
solved,numba,gpuv2-llr40-qwen38-omp,llr40v10-oss120b-fortran-skills,16,31,14,2,17,7,3.3726,2.1031,17.0206,8.0929,0.0007,False
solved,numba,gpuv2-llr40-qwen38-omp,llr40v10-qwen38-c,16,31,13,3,18,6,2.1074,1.4026,21.9426,15.6445,0.0015,False
solved,numba,gpuv2-llr40-qwen38-omp,llr40v10-qwen38-c-skills,16,28,14,2,14,10,1.6603,0.8577,16.4731,19.2065,0.0042,True
solved,numba,gpuv2-llr40-qwen38-omp,llr40v10-qwen38-fortran,16,25,11,5,14,10,3.44,1.238,11.9887,9.6841,0.0636,False
solved,numba,gpuv2-llr40-qwen38-omp,llr40v10-qwen38-fortran-skills,16,28,13,3,15,9,2.0903,1.3417,23.2925,17.3608,0.0075,False
solved,numba,gpuv2-llr40-qwen38-omp,llr40v11-kimi27sglang-c,16,27,12,4,15,9,2.067,1.8077,26.7161,14.7792,0.0192,False
solved,numba,gpuv2-llr40-qwen38-omp,llr40v11-kimi27sglang-c-skills,16,25,11,5,14,10,1.8943,1.9372,25.9109,13.3754,0.0636,False
solved,numba,gpuv2-llr40-qwen38-omp,llr40v11-kimi27sglang-fortran,16,26,11,5,15,9,2.7398,1.8973,19.8243,10.4486,0.0414,False
solved,numba,gpuv2-llr40-qwen38-omp,llr40v11-kimi27sglang-fortran-skills,16,26,12,4,14,10,1.6762,1.2835,21.5171,16.7644,0.0309,False
solved,numba,gpuv2-llr40-qwen38-omp,llr40v11-oss120b-c,16,32,13,3,19,5,2.9362,1.6932,17.1757,10.1441,0.0009,False
solved,numba,gpuv2-llr40-qwen38-omp,llr40v11-oss120b-c-skills,16,35,14,2,21,3,3.5251,2.3936,17.0206,7.111,0.0001,False
solved,numba,gpuv2-llr40-qwen38-omp,llr40v11-oss120b-fortran,16,26,13,3,13,11,2.6149,1.7232,17.8595,10.3639,0.0213,False
solved,numba,gpuv2-llr40-qwen38-omp,llr40v11-oss120b-fortran-skills,16,26,13,3,13,11,2.7971,1.7619,14.4253,8.1873,0.0213,False
solved,numba,gpuv2-llr40-qwen38-omp,llr40v11-qwen38-c,16,24,10,6,14,10,1.2971,0.8596,20.3475,23.6699,0.1153,True
solved,numba,gpuv2-llr40-qwen38-omp,llr40v11-qwen38-c-skills,16,26,12,4,14,10,1.6413,1.1485,21.1457,18.4112,0.0309,False
solved,numba,gpuv2-llr40-qwen38-omp,llr40v11-qwen38-fortran,16,17,7,9,10,14,1.7587,0.7633,22.3299,29.2537,1.0,True
solved,numba,gpuv2-llr40-qwen38-omp,llr40v11-qwen38-fortran-skills,16,23,13,3,10,14,1.4551,1.1286,19.6677,17.4274,0.0923,False
solved,numba,gpuv2-llr40-qwen38-omp,v11w2-kimi27sglang-c,16,13,4,12,9,15,3.9487,1.8717,3.2922,1.7589,0.6636,False
solved,numba,gpuv2-llr40-qwen38-omp,v11w2-kimi27sglang-c-skills,16,15,5,11,10,14,3.0751,1.0221,5.3528,5.2369,1.0,False
solved,numba,gpuv2-llr40-qwen38-omp,v11w2-kimi27sglang-fortran,16,14,5,11,9,15,2.3883,1.6978,9.6474,5.6821,0.8238,False
solved,numba,gpuv2-llr40-qwen38-omp,v11w2-kimi27sglang-fortran-skills,16,14,4,12,10,14,3.2721,1.9046,6.3016,3.3086,0.8318,False
solved,numba,gpuv2-llr40-qwen38-omp,v11w2-oss120b-c,16,8,3,13,5,19,2.7643,1.7001,11.1115,6.5358,0.0963,False
solved,numba,gpuv2-llr40-qwen38-omp,v11w2-oss120b-c-skills,16,4,1,15,3,21,1.9832,0.4648,5.7618,12.3967,0.0075,True
solved,numba,gpuv2-llr40-qwen38-omp,v11w2-oss120b-fortran,16,14,3,13,11,13,5.3129,1.5493,9.3823,6.0558,0.8388,False
solved,numba,gpuv2-llr40-qwen38-omp,v11w2-oss120b-fortran-skills,16,13,3,13,10,14,3.6521,1.2202,23.6699,19.3986,0.6776,False
solved,numba,gpuv2-llr40-qwen38-omp,v11w2-qwen38-c,16,16,6,10,10,14,3.5451,2.6296,10.4156,3.9609,1.0,False
solved,numba,gpuv2-llr40-qwen38-omp,v11w2-qwen38-c-skills,16,14,4,12,10,14,2.6607,2.3825,6.6396,2.7868,0.8318,False
solved,numba,gpuv2-llr40-qwen38-omp,v11w2-qwen38-fortran,16,23,9,7,14,10,2.1833,1.5004,12.1122,8.0725,0.1892,False
solved,numba,gpuv2-llr40-qwen38-omp,v11w2-qwen38-fortran-skills,16,17,3,13,14,10,2.6836,2.2915,6.1775,2.6959,1.0,False
solved,numba,gpuv2-llr40-qwen38-omp-skills,gpuv4-llr40-oss120b-pytriton,17,35,16,1,19,4,5.6512,4.4346,11.077,2.4979,0.0,False
solved,numba,gpuv2-llr40-qwen38-omp-skills,gpuv4-llr40-oss120b-pytriton-skills,17,32,16,1,16,7,4.3437,3.3667,12.7565,3.789,0.0003,False
solved,numba,gpuv2-llr40-qwen38-omp-skills,gpuv4-llr40-qwen38-pytriton,17,31,14,3,17,6,1.2445,1.4678,12.5118,8.5239,0.0026,False
solved,numba,gpuv2-llr40-qwen38-omp-skills,gpuv4-llr40-qwen38-pytriton-skills,17,30,15,2,15,8,1.0415,0.9071,11.0307,12.1605,0.0023,True
solved,numba,gpuv2-llr40-qwen38-omp-skills,llr40v10-kimi27sglang-c,17,31,12,5,19,4,1.3249,1.0624,11.4482,10.7758,0.0066,False
solved,numba,gpuv2-llr40-qwen38-omp-skills,llr40v10-kimi27sglang-c-skills,17,32,13,4,19,4,1.3717,1.2371,11.8494,9.5782,0.0026,False
solved,numba,gpuv2-llr40-qwen38-omp-skills,llr40v10-kimi27sglang-fortran,17,31,13,4,18,5,1.4725,1.3665,12.9496,9.4761,0.0043,False
solved,numba,gpuv2-llr40-qwen38-omp-skills,llr40v10-kimi27sglang-fortran-skills,17,27,13,4,14,9,1.305,1.4396,13.8837,9.6444,0.0309,False
solved,numba,gpuv2-llr40-qwen38-omp-skills,llr40v10-oss120b-c-skills,17,33,13,4,20,3,1.8267,1.3314,11.3609,8.5328,0.0015,False
solved,numba,gpuv2-llr40-qwen38-omp-skills,llr40v10-oss120b-fortran-skills,17,31,13,4,18,5,2.3399,2.3549,9.1343,3.8789,0.0043,False
solved,numba,gpuv2-llr40-qwen38-omp-skills,llr40v10-qwen38-c,17,31,14,3,17,6,1.4621,1.7053,14.1689,8.3086,0.0026,False
solved,numba,gpuv2-llr40-qwen38-omp-skills,llr40v10-qwen38-c-skills,17,28,12,5,16,7,1.152,0.9934,14.5603,14.6572,0.0266,True
solved,numba,gpuv2-llr40-qwen38-omp-skills,llr40v10-qwen38-fortran,17,25,11,6,14,9,2.3867,2.0508,9.3484,4.5584,0.1153,False
solved,numba,gpuv2-llr40-qwen38-omp-skills,llr40v10-qwen38-fortran-skills,17,28,13,4,15,8,1.4503,1.6598,14.6928,8.8521,0.0192,False
solved,numba,gpuv2-llr40-qwen38-omp-skills,llr40v11-kimi27sglang-c,17,27,11,6,16,7,1.4341,2.4156,19.628,8.1254,0.0525,False
solved,numba,gpuv2-llr40-qwen38-omp-skills,llr40v11-kimi27sglang-c-skills,17,25,12,5,13,10,1.3143,1.5038,11.8049,7.8503,0.0963,False
solved,numba,gpuv2-llr40-qwen38-omp-skills,llr40v11-kimi27sglang-fortran,17,26,8,9,18,5,1.9009,2.5671,21.6155,8.42,0.1221,False
solved,numba,gpuv2-llr40-qwen38-omp-skills,llr40v11-kimi27sglang-fortran-skills,17,26,11,6,15,8,1.1629,1.0586,16.4094,15.5004,0.0784,False
solved,numba,gpuv2-llr40-qwen38-omp-skills,llr40v11-oss120b-c,17,32,12,5,20,3,2.0372,1.6243,11.5148,7.0891,0.0041,False
solved,numba,gpuv2-llr40-qwen38-omp-skills,llr40v11-oss120b-c-skills,17,35,16,1,19,4,2.4457,2.074,10.8926,5.2519,0.0,False
solved,numba,gpuv2-llr40-qwen38-omp-skills,llr40v11-oss120b-fortran,17,26,13,4,13,10,1.8142,2.2032,13.8837,6.3016,0.049,False
solved,numba,gpuv2-llr40-qwen38-omp-skills,llr40v11-oss120b-fortran-skills,17,26,12,5,14,9,1.9406,2.0865,13.9112,6.6672,0.0636,False
solved,numba,gpuv2-llr40-qwen38-omp-skills,llr40v11-qwen38-c,17,24,10,7,14,9,0.9,1.0904,17.422,15.9773,0.1892,True
solved,numba,gpuv2-llr40-qwen38-omp-skills,llr40v11-qwen38-c-skills,17,26,11,6,15,8,1.1387,1.1578,15.2087,13.1356,0.0784,False
solved,numba,gpuv2-llr40-qwen38-omp-skills,llr40v11-qwen38-fortran,17,17,8,9,9,14,1.2202,1.6283,26.1138,16.037,1.0,False
solved,numba,gpuv2-llr40-qwen38-omp-skills,llr40v11-qwen38-fortran-skills,17,23,10,7,13,10,1.0095,1.316,13.0032,9.8805,0.2632,False
solved,numba,gpuv2-llr40-qwen38-omp-skills,v11w2-kimi27sglang-c,17,13,6,11,7,16,2.7396,1.3727,3.7874,2.7592,0.4807,False
solved,numba,gpuv2-llr40-qwen38-omp-skills,v11w2-kimi27sglang-c-skills,17,15,5,12,10,13,2.1335,1.9751,9.2341,4.6753,0.8318,False
solved,numba,gpuv2-llr40-qwen38-omp-skills,v11w2-kimi27sglang-fortran,17,14,9,8,5,18,1.657,1.2711,6.0157,4.7325,0.5811,False
solved,numba,gpuv2-llr40-qwen38-omp-skills,v11w2-kimi27sglang-fortran-skills,17,14,6,11,8,15,2.2702,1.4475,5.2596,3.6336,0.6476,False
solved,numba,gpuv2-llr40-qwen38-omp-skills,v11w2-oss120b-c,17,8,5,12,3,20,1.9179,1.917,9.8022,5.1133,0.0352,False
solved,numba,gpuv2-llr40-qwen38-omp-skills,v11w2-oss120b-c-skills,17,4,1,16,3,20,1.3759,1.01,12.5207,12.3967,0.0044,False
solved,numba,gpuv2-llr40-qwen38-omp-skills,v11w2-oss120b-fortran,17,14,4,13,10,13,3.6861,2.4004,5.1261,2.1355,0.6776,False
solved,numba,gpuv2-llr40-qwen38-omp-skills,v11w2-oss120b-fortran-skills,17,13,4,13,9,14,2.5339,2.3067,5.9217,2.5671,0.5235,False
solved,numba,gpuv2-llr40-qwen38-omp-skills,v11w2-qwen38-c,17,16,7,10,9,14,2.4596,1.6777,5.6805,3.3859,1.0,False
solved,numba,gpuv2-llr40-qwen38-omp-skills,v11w2-qwen38-c-skills,17,14,6,11,8,15,1.846,1.3841,6.0457,4.368,0.6476,False
solved,numba,gpuv2-llr40-qwen38-omp-skills,v11w2-qwen38-fortran,17,23,9,8,14,9,1.5148,1.0326,5.0852,4.9247,0.2863,False
solved,numba,gpuv2-llr40-qwen38-omp-skills,v11w2-qwen38-fortran-skills,17,17,7,10,10,13,1.8619,1.2429,8.6275,6.9412,1.0,False
solved,numba,gpuv4-llr40-oss120b-pytriton,gpuv4-llr40-oss120b-pytriton-skills,35,32,30,5,2,3,0.7686,0.8122,2.0786,2.5591,0.4531,False
solved,numba,gpuv4-llr40-oss120b-pytriton,gpuv4-llr40-qwen38-pytriton,35,31,27,8,4,1,0.2202,0.2375,2.1563,9.0796,0.3877,False
solved,numba,gpuv4-llr40-oss120b-pytriton,gpuv4-llr40-qwen38-pytriton-skills,35,30,25,10,5,0,0.1843,0.2222,2.3279,10.4759,0.3018,False
solved,numba,gpuv4-llr40-oss120b-pytriton,llr40v10-kimi27sglang-c,35,31,28,7,3,2,0.2344,0.2733,2.0853,7.6293,0.3438,False
solved,numba,gpuv4-llr40-oss120b-pytriton,llr40v10-kimi27sglang-c-skills,35,32,28,7,4,1,0.2427,0.2696,2.1295,7.8997,0.5488,False
solved,numba,gpuv4-llr40-oss120b-pytriton,llr40v10-kimi27sglang-fortran,35,31,28,7,3,2,0.2606,0.2653,2.0254,7.6348,0.3438,False
solved,numba,gpuv4-llr40-oss120b-pytriton,llr40v10-kimi27sglang-fortran-skills,35,27,25,10,2,3,0.2309,0.253,2.1387,8.4532,0.0386,False
solved,numba,gpuv4-llr40-oss120b-pytriton,llr40v10-oss120b-c-skills,35,33,30,5,3,2,0.3232,0.3161,1.9043,6.0237,0.7266,False
solved,numba,gpuv4-llr40-oss120b-pytriton,llr40v10-oss120b-fortran-skills,35,31,29,6,2,3,0.4141,0.449,1.9524,4.3488,0.2891,False
solved,numba,gpuv4-llr40-oss120b-pytriton,llr40v10-qwen38-c,35,31,28,7,3,2,0.2587,0.2802,2.1607,7.7111,0.3438,False
solved,numba,gpuv4-llr40-oss120b-pytriton,llr40v10-qwen38-c-skills,35,28,25,10,3,2,0.2038,0.2251,2.2371,9.9397,0.0923,False
solved,numba,gpuv4-llr40-oss120b-pytriton,llr40v10-qwen38-fortran,35,25,23,12,2,3,0.4223,0.5174,2.1037,4.0656,0.0129,False
solved,numba,gpuv4-llr40-oss120b-pytriton,llr40v10-qwen38-fortran-skills,35,28,25,10,3,2,0.2566,0.3391,2.3747,7.0026,0.0923,False
solved,numba,gpuv4-llr40-oss120b-pytriton,llr40v11-kimi27sglang-c,35,27,24,11,3,2,0.2538,0.3049,2.3687,7.7693,0.0574,False
solved,numba,gpuv4-llr40-oss120b-pytriton,llr40v11-kimi27sglang-c-skills,35,25,23,12,2,3,0.2326,0.2701,2.0919,7.746,0.0129,False
solved,numba,gpuv4-llr40-oss120b-pytriton,llr40v11-kimi27sglang-fortran,35,26,24,11,2,3,0.3364,0.4013,2.0926,5.214,0.0225,False
solved,numba,gpuv4-llr40-oss120b-pytriton,llr40v11-kimi27sglang-fortran-skills,35,26,24,11,2,3,0.2058,0.2229,2.3737,10.647,0.0225,False
solved,numba,gpuv4-llr40-oss120b-pytriton,llr40v11-oss120b-c,35,32,29,6,3,2,0.3605,0.3577,1.873,5.2358,0.5078,False
solved,numba,gpuv4-llr40-oss120b-pytriton,llr40v11-oss120b-c-skills,35,35,32,3,3,2,0.4328,0.4417,1.9195,4.3459,1.0,False
solved,numba,gpuv4-llr40-oss120b-pytriton,llr40v11-oss120b-fortran,35,26,24,11,2,3,0.321,0.3939,2.192,5.5646,0.0225,False
solved,numba,gpuv4-llr40-oss120b-pytriton,llr40v11-oss120b-fortran-skills,35,26,24,11,2,3,0.3434,0.4012,2.0762,5.1752,0.0225,False
solved,numba,gpuv4-llr40-oss120b-pytriton,llr40v11-qwen38-c,35,24,22,13,2,3,0.1592,0.2048,2.2684,11.0764,0.0074,False
solved,numba,gpuv4-llr40-oss120b-pytriton,llr40v11-qwen38-c-skills,35,26,23,12,3,2,0.2015,0.2456,2.2331,9.0906,0.0352,False
solved,numba,gpuv4-llr40-oss120b-pytriton,llr40v11-qwen38-fortran,35,17,17,18,0,5,0.2159,0.2191,1.9718,9.0004,0.0,False
solved,numba,gpuv4-llr40-oss120b-pytriton,llr40v11-qwen38-fortran-skills,35,23,20,15,3,2,0.1786,0.2203,2.285,10.3742,0.0075,False
solved,numba,gpuv4-llr40-oss120b-pytriton,v11w2-kimi27sglang-c,35,13,11,24,2,3,0.4848,0.3489,1.2617,3.6161,0.0,False
solved,numba,gpuv4-llr40-oss120b-pytriton,v11w2-kimi27sglang-c-skills,35,15,12,23,3,2,0.3775,0.3899,1.6875,4.3283,0.0001,False
solved,numba,gpuv4-llr40-oss120b-pytriton,v11w2-kimi27sglang-fortran,35,14,11,24,3,2,0.2932,0.2826,1.6536,5.8511,0.0,False
solved,numba,gpuv4-llr40-oss120b-pytriton,v11w2-kimi27sglang-fortran-skills,35,14,11,24,3,2,0.4017,0.3754,1.256,3.3455,0.0,False
solved,numba,gpuv4-llr40-oss120b-pytriton,v11w2-oss120b-c,35,8,6,29,2,3,0.3394,0.5961,2.3221,3.8957,0.0,False
solved,numba,gpuv4-llr40-oss120b-pytriton,v11w2-oss120b-c-skills,35,4,3,32,1,4,0.2435,0.3899,2.2167,5.6859,0.0,False
solved,numba,gpuv4-llr40-oss120b-pytriton,v11w2-oss120b-fortran,35,14,11,24,3,2,0.6523,0.6203,1.4943,2.4091,0.0,False
solved,numba,gpuv4-llr40-oss120b-pytriton,v11w2-oss120b-fortran-skills,35,13,10,25,3,2,0.4484,0.4357,1.7046,3.9126,0.0,False
solved,numba,gpuv4-llr40-oss120b-pytriton,v11w2-qwen38-c,35,16,13,22,3,2,0.4352,0.3689,1.4957,4.0549,0.0002,False
solved,numba,gpuv4-llr40-oss120b-pytriton,v11w2-qwen38-c-skills,35,14,12,23,2,3,0.3267,0.2948,1.4889,5.0501,0.0,False
solved,numba,gpuv4-llr40-oss120b-pytriton,v11w2-qwen38-fortran,35,23,18,17,5,0,0.268,0.312,1.9168,6.1434,0.0169,False
solved,numba,gpuv4-llr40-oss120b-pytriton,v11w2-qwen38-fortran-skills,35,17,15,20,2,3,0.3295,0.2767,1.5658,5.6596,0.0001,False
solved,numba,gpuv4-llr40-oss120b-pytriton-skills,gpuv4-llr40-qwen38-pytriton,32,31,27,5,4,4,0.2865,0.2699,2.5275,9.365,1.0,False
solved,numba,gpuv4-llr40-oss120b-pytriton-skills,gpuv4-llr40-qwen38-pytriton-skills,32,30,22,10,8,0,0.2398,0.2457,3.3606,13.6751,0.8145,False
solved,numba,gpuv4-llr40-oss120b-pytriton-skills,llr40v10-kimi27sglang-c,32,31,27,5,4,4,0.305,0.2928,2.8084,9.5921,1.0,False
solved,numba,gpuv4-llr40-oss120b-pytriton-skills,llr40v10-kimi27sglang-c-skills,32,32,27,5,5,3,0.3158,0.3137,2.7582,8.7931,1.0,False
solved,numba,gpuv4-llr40-oss120b-pytriton-skills,llr40v10-kimi27sglang-fortran,32,31,28,4,3,5,0.339,0.324,2.5544,7.8829,1.0,False
solved,numba,gpuv4-llr40-oss120b-pytriton-skills,llr40v10-kimi27sglang-fortran-skills,32,27,24,8,3,5,0.3004,0.3247,2.8891,8.8974,0.2266,False
solved,numba,gpuv4-llr40-oss120b-pytriton-skills,llr40v10-oss120b-c-skills,32,33,28,4,5,3,0.4205,0.3388,2.5032,7.3892,1.0,False
solved,numba,gpuv4-llr40-oss120b-pytriton-skills,llr40v10-oss120b-fortran-skills,32,31,26,6,5,3,0.5387,0.4256,2.4798,5.8262,1.0,False
solved,numba,gpuv4-llr40-oss120b-pytriton-skills,llr40v10-qwen38-c,32,31,28,4,3,5,0.3366,0.314,2.6857,8.5543,1.0,False
solved,numba,gpuv4-llr40-oss120b-pytriton-skills,llr40v10-qwen38-c-skills,32,28,25,7,3,5,0.2652,0.2578,2.9973,11.6273,0.3438,False
solved,numba,gpuv4-llr40-oss120b-pytriton-skills,llr40v10-qwen38-fortran,32,25,21,11,4,4,0.5495,0.4617,2.6327,5.7021,0.1185,False
solved,numba,gpuv4-llr40-oss120b-pytriton-skills,llr40v10-qwen38-fortran-skills,32,28,26,6,2,6,0.3339,0.3771,3.0004,7.9556,0.2891,False
solved,numba,gpuv4-llr40-oss120b-pytriton-skills,llr40v11-kimi27sglang-c,32,27,24,8,3,5,0.3302,0.3433,3.0327,8.8349,0.2266,False
solved,numba,gpuv4-llr40-oss120b-pytriton-skills,llr40v11-kimi27sglang-c-skills,32,25,24,8,1,7,0.3026,0.348,2.7995,8.0447,0.0391,False
solved,numba,gpuv4-llr40-oss120b-pytriton-skills,llr40v11-kimi27sglang-fortran,32,26,22,10,4,4,0.4376,0.3511,2.4553,6.9925,0.1796,False
solved,numba,gpuv4-llr40-oss120b-pytriton-skills,llr40v11-kimi27sglang-fortran-skills,32,26,23,9,3,5,0.2677,0.3018,3.2621,10.8081,0.146,False
solved,numba,gpuv4-llr40-oss120b-pytriton-skills,llr40v11-oss120b-c,32,32,27,5,5,3,0.469,0.383,2.4823,6.4806,1.0,False
solved,numba,gpuv4-llr40-oss120b-pytriton-skills,llr40v11-oss120b-c-skills,32,35,29,3,6,2,0.5631,0.4622,2.5691,5.558,0.5078,False
solved,numba,gpuv4-llr40-oss120b-pytriton-skills,llr40v11-oss120b-fortran,32,26,24,8,2,6,0.4177,0.4342,2.9521,6.7984,0.1094,False
solved,numba,gpuv4-llr40-oss120b-pytriton-skills,llr40v11-oss120b-fortran-skills,32,26,24,8,2,6,0.4468,0.4348,2.7926,6.423,0.1094,False
solved,numba,gpuv4-llr40-oss120b-pytriton-skills,llr40v11-qwen38-c,32,24,20,12,4,4,0.2072,0.2318,3.2161,13.872,0.0768,False
solved,numba,gpuv4-llr40-oss120b-pytriton-skills,llr40v11-qwen38-c-skills,32,26,22,10,4,4,0.2622,0.3085,3.1077,10.0727,0.1796,False
solved,numba,gpuv4-llr40-oss120b-pytriton-skills,llr40v11-qwen38-fortran,32,17,16,16,1,7,0.2809,0.2897,2.7015,9.3241,0.0003,False
solved,numba,gpuv4-llr40-oss120b-pytriton-skills,llr40v11-qwen38-fortran-skills,32,23,19,13,4,4,0.2324,0.2363,3.3316,14.1013,0.049,False
solved,numba,gpuv4-llr40-oss120b-pytriton-skills,v11w2-kimi27sglang-c,32,13,8,24,5,3,0.6307,0.4033,1.465,3.6321,0.0005,False
solved,numba,gpuv4-llr40-oss120b-pytriton-skills,v11w2-kimi27sglang-c-skills,32,15,8,24,7,1,0.4912,0.3041,1.8625,6.1239,0.0033,False
solved,numba,gpuv4-llr40-oss120b-pytriton-skills,v11w2-kimi27sglang-fortran,32,14,10,22,4,4,0.3815,0.4671,2.6968,5.7733,0.0005,False
solved,numba,gpuv4-llr40-oss120b-pytriton-skills,v11w2-kimi27sglang-fortran-skills,32,14,9,23,5,3,0.5226,0.2347,1.3184,5.6172,0.0009,False
solved,numba,gpuv4-llr40-oss120b-pytriton-skills,v11w2-oss120b-c,32,8,5,27,3,5,0.4415,0.5461,2.7923,5.1133,0.0,False
solved,numba,gpuv4-llr40-oss120b-pytriton-skills,v11w2-oss120b-c-skills,32,4,3,29,1,7,0.3168,0.3809,2.1658,5.6859,0.0,False
solved,numba,gpuv4-llr40-oss120b-pytriton-skills,v11w2-oss120b-fortran,32,14,8,24,6,2,0.8486,0.6675,1.5883,2.3796,0.0014,False
solved,numba,gpuv4-llr40-oss120b-pytriton-skills,v11w2-oss120b-fortran-skills,32,13,7,25,6,2,0.5833,0.3729,1.9422,5.2087,0.0009,False
solved,numba,gpuv4-llr40-oss120b-pytriton-skills,v11w2-qwen38-c,32,16,12,20,4,4,0.5662,0.3925,1.6931,4.314,0.0015,False
solved,numba,gpuv4-llr40-oss120b-pytriton-skills,v11w2-qwen38-c-skills,32,14,10,22,4,4,0.425,0.1987,1.6058,8.0814,0.0005,False
solved,numba,gpuv4-llr40-oss120b-pytriton-skills,v11w2-qwen38-fortran,32,23,16,16,7,1,0.3487,0.2885,2.3663,8.203,0.0931,False
solved,numba,gpuv4-llr40-oss120b-pytriton-skills,v11w2-qwen38-fortran-skills,32,17,13,19,4,4,0.4287,0.335,1.6893,5.0434,0.0026,False
solved,numba,gpuv4-llr40-qwen38-pytriton,gpuv4-llr40-qwen38-pytriton-skills,31,30,24,7,6,3,0.8369,0.93,11.3067,12.1575,1.0,False
solved,numba,gpuv4-llr40-qwen38-pytriton,llr40v10-kimi27sglang-c,31,31,25,6,6,3,1.0646,0.9376,8.7789,9.3636,1.0,True
solved,numba,gpuv4-llr40-qwen38-pytriton,llr40v10-kimi27sglang-c-skills,31,32,26,5,6,3,1.1022,1.0046,9.1518,9.1098,1.0,False
solved,numba,gpuv4-llr40-qwen38-pytriton,llr40v10-kimi27sglang-fortran,31,31,26,5,5,4,1.1832,1.3112,9.876,7.5319,1.0,False
solved,numba,gpuv4-llr40-qwen38-pytriton,llr40v10-kimi27sglang-fortran-skills,31,27,23,8,4,5,1.0486,1.1195,10.7521,9.6041,0.3877,False
solved,numba,gpuv4-llr40-qwen38-pytriton,llr40v10-oss120b-c-skills,31,33,27,4,6,3,1.4678,1.0639,7.9222,7.4466,0.7539,False
solved,numba,gpuv4-llr40-qwen38-pytriton,llr40v10-oss120b-fortran-skills,31,31,26,5,5,4,1.8802,1.5553,9.0128,5.795,1.0,False
solved,numba,gpuv4-llr40-qwen38-pytriton,llr40v10-qwen38-c,31,31,27,4,4,5,1.1748,1.2046,9.9192,8.2348,1.0,False
solved,numba,gpuv4-llr40-qwen38-pytriton,llr40v10-qwen38-c-skills,31,28,22,9,6,3,0.9256,0.8594,9.4933,11.0464,0.6072,False
solved,numba,gpuv4-llr40-qwen38-pytriton,llr40v10-qwen38-fortran,31,25,20,11,5,4,1.9177,1.6987,9.4057,5.537,0.2101,False
solved,numba,gpuv4-llr40-qwen38-pytriton,llr40v10-qwen38-fortran-skills,31,28,23,8,5,4,1.1653,1.3162,11.8821,9.0279,0.5811,False
solved,numba,gpuv4-llr40-qwen38-pytriton,llr40v11-kimi27sglang-c,31,27,22,9,5,4,1.1523,1.5514,13.6011,8.7669,0.424,False
solved,numba,gpuv4-llr40-qwen38-pytriton,llr40v11-kimi27sglang-c-skills,31,25,22,9,3,6,1.056,1.0434,9.1064,8.7273,0.146,False
solved,numba,gpuv4-llr40-qwen38-pytriton,llr40v11-kimi27sglang-fortran,31,26,22,9,4,5,1.5274,1.4451,10.6153,7.3459,0.2668,False
solved,numba,gpuv4-llr40-qwen38-pytriton,llr40v11-kimi27sglang-fortran-skills,31,26,22,9,4,5,0.9344,1.028,10.3125,10.0318,0.2668,True
solved,numba,gpuv4-llr40-qwen38-pytriton,llr40v11-oss120b-c,31,32,26,5,6,3,1.6369,1.376,8.3582,6.0743,1.0,False
solved,numba,gpuv4-llr40-qwen38-pytriton,llr40v11-oss120b-c-skills,31,35,28,3,7,2,1.9652,1.6493,9.0322,5.4764,0.3438,False
solved,numba,gpuv4-llr40-qwen38-pytriton,llr40v11-oss120b-fortran,31,26,22,9,4,5,1.4577,1.5188,10.8287,7.1298,0.2668,False
solved,numba,gpuv4-llr40-qwen38-pytriton,llr40v11-oss120b-fortran-skills,31,26,22,9,4,5,1.5593,1.2726,8.5476,6.7166,0.2668,False
solved,numba,gpuv4-llr40-qwen38-pytriton,llr40v11-qwen38-c,31,24,21,10,3,6,0.7231,0.907,12.1065,13.3478,0.0923,False
solved,numba,gpuv4-llr40-qwen38-pytriton,llr40v11-qwen38-c-skills,31,26,22,9,4,5,0.915,1.0746,11.412,10.6201,0.2668,True
solved,numba,gpuv4-llr40-qwen38-pytriton,llr40v11-qwen38-fortran,31,17,13,18,4,5,0.9804,1.1681,14.4253,12.3494,0.0043,True
solved,numba,gpuv4-llr40-qwen38-pytriton,llr40v11-qwen38-fortran-skills,31,23,20,11,3,6,0.8112,1.0684,14.0456,13.1463,0.0574,True
solved,numba,gpuv4-llr40-qwen38-pytriton,v11w2-kimi27sglang-c,31,13,9,22,4,5,2.2013,1.0372,3.0647,2.9549,0.0005,False
solved,numba,gpuv4-llr40-qwen38-pytriton,v11w2-kimi27sglang-c-skills,31,15,9,22,6,3,1.7143,1.6814,8.1713,4.8598,0.0037,False
solved,numba,gpuv4-llr40-qwen38-pytriton,v11w2-kimi27sglang-fortran,31,14,9,22,5,4,1.3314,1.1495,5.6172,4.8867,0.0015,False
solved,numba,gpuv4-llr40-qwen38-pytriton,v11w2-kimi27sglang-fortran-skills,31,14,9,22,5,4,1.8241,1.1318,6.029,5.3269,0.0015,False
solved,numba,gpuv4-llr40-qwen38-pytriton,v11w2-oss120b-c,31,8,5,26,3,6,1.5411,1.3452,11.7016,8.6989,0.0,False
solved,numba,gpuv4-llr40-qwen38-pytriton,v11w2-oss120b-c-skills,31,4,2,29,2,7,1.1056,1.4451,5.5646,3.8508,0.0,False
solved,numba,gpuv4-llr40-qwen38-pytriton,v11w2-oss120b-fortran,31,14,9,22,5,4,2.9619,1.7987,5.3505,2.9746,0.0015,False
solved,numba,gpuv4-llr40-qwen38-pytriton,v11w2-oss120b-fortran-skills,31,13,8,23,5,4,2.036,1.7987,9.9967,5.5577,0.0009,False
solved,numba,gpuv4-llr40-qwen38-pytriton,v11w2-qwen38-c,31,16,10,21,6,3,1.9763,1.1313,4.5424,4.0151,0.0059,False
solved,numba,gpuv4-llr40-qwen38-pytriton,v11w2-qwen38-c-skills,31,14,9,22,5,4,1.4833,0.6621,4.7065,7.1087,0.0015,True
solved,numba,gpuv4-llr40-qwen38-pytriton,v11w2-qwen38-fortran,31,23,18,13,5,4,1.2172,0.775,6.1877,7.9837,0.0963,True
solved,numba,gpuv4-llr40-qwen38-pytriton,v11w2-qwen38-fortran-skills,31,17,11,20,6,3,1.4961,0.7933,3.7903,4.7779,0.0094,True
solved,numba,gpuv4-llr40-qwen38-pytriton-skills,llr40v10-kimi27sglang-c,30,31,23,7,8,2,1.2721,1.1085,9.3823,8.4643,1.0,False
solved,numba,gpuv4-llr40-qwen38-pytriton-skills,llr40v10-kimi27sglang-c-skills,30,32,25,5,7,3,1.317,1.1838,10.455,8.8315,0.7744,False
solved,numba,gpuv4-llr40-qwen38-pytriton-skills,llr40v10-kimi27sglang-fortran,30,31,23,7,8,2,1.4138,1.4921,13.205,8.85,1.0,False
solved,numba,gpuv4-llr40-qwen38-pytriton-skills,llr40v10-kimi27sglang-fortran-skills,30,27,20,10,7,3,1.2529,1.4603,13.5043,9.2479,0.6291,False
solved,numba,gpuv4-llr40-qwen38-pytriton-skills,llr40v10-oss120b-c-skills,30,33,24,6,9,1,1.7538,1.2161,9.4369,7.7597,0.6072,False
solved,numba,gpuv4-llr40-qwen38-pytriton-skills,llr40v10-oss120b-fortran-skills,30,31,23,7,8,2,2.2466,1.9689,9.8524,5.0039,1.0,False
solved,numba,gpuv4-llr40-qwen38-pytriton-skills,llr40v10-qwen38-c,30,31,23,7,8,2,1.4038,1.5083,13.8666,9.1934,1.0,False
solved,numba,gpuv4-llr40-qwen38-pytriton-skills,llr40v10-qwen38-c-skills,30,28,21,9,7,3,1.106,0.9943,12.4911,12.5623,0.8036,True
solved,numba,gpuv4-llr40-qwen38-pytriton-skills,llr40v10-qwen38-fortran,30,25,20,10,5,5,2.2915,1.8005,11.007,6.1133,0.3018,False
solved,numba,gpuv4-llr40-qwen38-pytriton-skills,llr40v10-qwen38-fortran-skills,30,28,21,9,7,3,1.3924,1.4506,15.8679,10.9391,0.8036,False
solved,numba,gpuv4-llr40-qwen38-pytriton-skills,llr40v11-kimi27sglang-c,30,27,20,10,7,3,1.3769,1.697,17.6576,10.4052,0.6291,False
solved,numba,gpuv4-llr40-qwen38-pytriton-skills,llr40v11-kimi27sglang-c-skills,30,25,19,11,6,4,1.2618,1.3254,13.4732,10.165,0.3323,False
solved,numba,gpuv4-llr40-qwen38-pytriton-skills,llr40v11-kimi27sglang-fortran,30,26,20,10,6,4,1.8251,1.5286,10.9414,7.1576,0.4545,False
solved,numba,gpuv4-llr40-qwen38-pytriton-skills,llr40v11-kimi27sglang-fortran-skills,30,26,19,11,7,3,1.1166,1.2565,15.1502,12.0574,0.4807,False
solved,numba,gpuv4-llr40-qwen38-pytriton-skills,llr40v11-oss120b-c,30,32,23,7,9,1,1.9559,1.4501,9.9251,6.8445,0.8036,False
solved,numba,gpuv4-llr40-qwen38-pytriton-skills,llr40v11-oss120b-c-skills,30,35,26,4,9,1,2.3482,1.9537,10.7353,5.4948,0.2668,False
solved,numba,gpuv4-llr40-qwen38-pytriton-skills,llr40v11-oss120b-fortran,30,26,21,9,5,5,1.7419,1.9794,13.4239,6.7819,0.424,False
solved,numba,gpuv4-llr40-qwen38-pytriton-skills,llr40v11-oss120b-fortran-skills,30,26,19,11,7,3,1.8632,1.6173,11.6905,7.2284,0.4807,False
solved,numba,gpuv4-llr40-qwen38-pytriton-skills,llr40v11-qwen38-c,30,24,19,11,5,5,0.8641,1.1186,14.3546,12.8327,0.2101,True
solved,numba,gpuv4-llr40-qwen38-pytriton-skills,llr40v11-qwen38-c-skills,30,26,21,9,5,5,1.0933,1.2013,13.5581,11.2866,0.424,False
solved,numba,gpuv4-llr40-qwen38-pytriton-skills,llr40v11-qwen38-fortran,30,17,13,17,4,6,1.1715,1.2943,19.0018,14.6815,0.0072,False
solved,numba,gpuv4-llr40-qwen38-pytriton-skills,llr40v11-qwen38-fortran-skills,30,23,20,10,3,7,0.9693,1.1991,12.1585,10.1395,0.0923,True
solved,numba,gpuv4-llr40-qwen38-pytriton-skills,v11w2-kimi27sglang-c,30,13,10,20,3,7,2.6304,1.0839,3.7599,3.4687,0.0005,False
solved,numba,gpuv4-llr40-qwen38-pytriton-skills,v11w2-kimi27sglang-c-skills,30,15,11,19,4,6,2.0485,1.6656,6.9045,4.1454,0.0026,False
solved,numba,gpuv4-llr40-qwen38-pytriton-skills,v11w2-kimi27sglang-fortran,30,14,10,20,4,6,1.5909,1.5852,9.7924,6.1775,0.0015,False
solved,numba,gpuv4-llr40-qwen38-pytriton-skills,v11w2-kimi27sglang-fortran-skills,30,14,11,19,3,7,2.1796,1.0247,5.6381,5.5021,0.0009,False
solved,numba,gpuv4-llr40-qwen38-pytriton-skills,v11w2-oss120b-c,30,8,7,23,1,9,1.8414,1.7508,12.8635,7.3473,0.0,False
solved,numba,gpuv4-llr40-qwen38-pytriton-skills,v11w2-oss120b-c-skills,30,4,3,27,1,9,1.3211,1.2081,8.9269,7.3892,0.0,False
solved,numba,gpuv4-llr40-qwen38-pytriton-skills,v11w2-oss120b-fortran,30,14,9,21,5,5,3.5391,1.6945,6.0024,3.5424,0.0025,False
solved,numba,gpuv4-llr40-qwen38-pytriton-skills,v11w2-oss120b-fortran-skills,30,13,10,20,3,7,2.4328,1.9829,8.9447,4.5108,0.0005,False
solved,numba,gpuv4-llr40-qwen38-pytriton-skills,v11w2-qwen38-c,30,16,11,19,5,5,2.3615,1.1036,6.1887,5.6076,0.0066,False
solved,numba,gpuv4-llr40-qwen38-pytriton-skills,v11w2-qwen38-c-skills,30,14,9,21,5,5,1.7724,1.0913,5.8647,5.3742,0.0025,False
solved,numba,gpuv4-llr40-qwen38-pytriton-skills,v11w2-qwen38-fortran,30,23,17,13,6,4,1.4544,0.9504,6.7207,7.0718,0.1671,True
solved,numba,gpuv4-llr40-qwen38-pytriton-skills,v11w2-qwen38-fortran-skills,30,17,10,20,7,3,1.7877,0.9309,7.9301,8.5191,0.0192,True
solved,numba,llr40v10-kimi27sglang-c,llr40v10-kimi27sglang-c-skills,31,32,28,3,4,5,1.0353,1.0332,9.2367,8.9396,1.0,False
solved,numba,llr40v10-kimi27sglang-c,llr40v10-kimi27sglang-fortran,31,31,27,4,4,5,1.1114,1.2857,9.2826,7.2196,1.0,False
solved,numba,llr40v10-kimi27sglang-c,llr40v10-kimi27sglang-fortran-skills,31,27,23,8,4,5,0.9849,1.0375,9.1498,8.8194,0.3877,True
solved,numba,llr40v10-kimi27sglang-c,llr40v10-oss120b-c-skills,31,33,28,3,5,4,1.3787,1.2103,7.9138,6.5389,0.7266,False
solved,numba,llr40v10-kimi27sglang-c,llr40v10-oss120b-fortran-skills,31,31,26,5,5,4,1.7661,1.335,7.9495,5.9546,1.0,False
solved,numba,llr40v10-kimi27sglang-c,llr40v10-qwen38-c,31,31,25,6,6,3,1.1036,1.4138,12.1331,8.582,1.0,False
solved,numba,llr40v10-kimi27sglang-c,llr40v10-qwen38-c-skills,31,28,25,6,3,6,0.8695,0.9545,9.6974,10.1597,0.5078,False
solved,numba,llr40v10-kimi27sglang-c,llr40v10-qwen38-fortran,31,25,19,12,6,3,1.8014,1.2684,8.1622,6.435,0.2379,False
solved,numba,llr40v10-kimi27sglang-c,llr40v10-qwen38-fortran-skills,31,28,24,7,4,5,1.0946,1.1986,10.5023,8.7619,0.5488,False
solved,numba,llr40v10-kimi27sglang-c,llr40v11-kimi27sglang-c,31,27,23,8,4,5,1.0824,1.2997,10.3102,7.9325,0.3877,False
solved,numba,llr40v10-kimi27sglang-c,llr40v11-kimi27sglang-c-skills,31,25,22,9,3,6,0.992,1.1243,10.0727,8.9593,0.146,True
solved,numba,llr40v10-kimi27sglang-c,llr40v11-kimi27sglang-fortran,31,26,23,8,3,6,1.4347,1.2123,7.0214,5.7918,0.2266,False
solved,numba,llr40v10-kimi27sglang-c,llr40v11-kimi27sglang-fortran-skills,31,26,23,8,3,6,0.8777,1.1685,10.8973,9.3256,0.2266,True
solved,numba,llr40v10-kimi27sglang-c,llr40v11-oss120b-c,31,32,27,4,5,4,1.5376,1.4187,8.7672,6.1798,1.0,False
solved,numba,llr40v10-kimi27sglang-c,llr40v11-oss120b-c-skills,31,35,27,4,8,1,1.846,1.5689,8.2957,5.2877,0.3877,False
solved,numba,llr40v10-kimi27sglang-c,llr40v11-oss120b-fortran,31,26,23,8,3,6,1.3693,1.2708,9.0592,7.1286,0.2266,False
solved,numba,llr40v10-kimi27sglang-c,llr40v11-oss120b-fortran-skills,31,26,24,7,2,7,1.4647,1.3301,8.6968,6.5385,0.1797,False
solved,numba,llr40v10-kimi27sglang-c,llr40v11-qwen38-c,31,24,21,10,3,6,0.6793,0.9845,12.055,12.245,0.0923,False
solved,numba,llr40v10-kimi27sglang-c,llr40v11-qwen38-c-skills,31,26,21,10,5,4,0.8595,1.1078,11.981,10.8154,0.3018,True
solved,numba,llr40v10-kimi27sglang-c,llr40v11-qwen38-fortran,31,17,13,18,4,5,0.921,1.0754,9.5343,8.8656,0.0043,True
solved,numba,llr40v10-kimi27sglang-c,llr40v11-qwen38-fortran-skills,31,23,21,10,2,7,0.762,0.8917,10.4329,11.7004,0.0386,False
solved,numba,llr40v10-kimi27sglang-c,v11w2-kimi27sglang-c,31,13,8,23,5,4,2.0678,1.0923,4.4263,4.0522,0.0009,False
solved,numba,llr40v10-kimi27sglang-c,v11w2-kimi27sglang-c-skills,31,15,9,22,6,3,1.6103,0.8575,5.1474,6.0024,0.0037,True
solved,numba,llr40v10-kimi27sglang-c,v11w2-kimi27sglang-fortran,31,14,8,23,6,3,1.2506,1.3801,13.3573,9.6786,0.0023,False
solved,numba,llr40v10-kimi27sglang-c,v11w2-kimi27sglang-fortran-skills,31,14,8,23,6,3,1.7135,1.0471,3.7749,3.6051,0.0023,False
solved,numba,llr40v10-kimi27sglang-c,v11w2-oss120b-c,31,8,4,27,4,5,1.4476,1.3887,5.6765,4.0877,0.0,False
solved,numba,llr40v10-kimi27sglang-c,v11w2-oss120b-c-skills,31,4,3,28,1,8,1.0385,1.2081,6.8692,5.6859,0.0,False
solved,numba,llr40v10-kimi27sglang-c,v11w2-oss120b-fortran,31,14,8,23,6,3,2.7822,2.0068,6.4203,3.1993,0.0023,False
solved,numba,llr40v10-kimi27sglang-c,v11w2-oss120b-fortran-skills,31,13,7,24,6,3,1.9125,1.1349,7.0305,6.1951,0.0014,False
solved,numba,llr40v10-kimi27sglang-c,v11w2-qwen38-c,31,16,10,21,6,3,1.8564,0.9505,3.7749,3.9714,0.0059,True
solved,numba,llr40v10-kimi27sglang-c,v11w2-qwen38-c-skills,31,14,10,21,4,5,1.3933,0.7273,3.824,5.2578,0.0009,True
solved,numba,llr40v10-kimi27sglang-c,v11w2-qwen38-fortran,31,23,18,13,5,4,1.1433,0.9901,7.492,7.5669,0.0963,True
solved,numba,llr40v10-kimi27sglang-c,v11w2-qwen38-fortran-skills,31,17,10,21,7,2,1.4053,1.0375,5.1133,4.9285,0.0125,False
solved,numba,llr40v10-kimi27sglang-c-skills,llr40v10-kimi27sglang-fortran,32,31,28,4,3,5,1.0735,1.1393,8.5391,7.495,1.0,False
solved,numba,llr40v10-kimi27sglang-c-skills,llr40v10-kimi27sglang-fortran-skills,32,27,24,8,3,5,0.9514,1.0633,8.7365,8.2166,0.2266,True
solved,numba,llr40v10-kimi27sglang-c-skills,llr40v10-oss120b-c-skills,32,33,29,3,4,4,1.3317,1.0832,7.6419,7.0547,1.0,False
solved,numba,llr40v10-kimi27sglang-c-skills,llr40v10-oss120b-fortran-skills,32,31,26,6,5,3,1.7059,1.541,8.741,5.6721,1.0,False
solved,numba,llr40v10-kimi27sglang-c-skills,llr40v10-qwen38-c,32,31,27,5,4,4,1.0659,1.1665,9.7993,8.4003,1.0,False
solved,numba,llr40v10-kimi27sglang-c-skills,llr40v10-qwen38-c-skills,32,28,27,5,1,7,0.8398,0.8774,8.478,9.663,0.2188,False
solved,numba,llr40v10-kimi27sglang-c-skills,llr40v10-qwen38-fortran,32,25,21,11,4,4,1.74,1.4602,7.8698,5.3895,0.1185,False
solved,numba,llr40v10-kimi27sglang-c-skills,llr40v10-qwen38-fortran-skills,32,28,24,8,4,4,1.0573,1.1152,9.8486,8.8312,0.3877,False
solved,numba,llr40v10-kimi27sglang-c-skills,llr40v11-kimi27sglang-c,32,27,24,8,3,5,1.0455,1.3268,11.5387,8.6968,0.2266,False
solved,numba,llr40v10-kimi27sglang-c-skills,llr40v11-kimi27sglang-c-skills,32,25,24,8,1,7,0.9581,1.0286,9.2971,9.0387,0.0391,True
solved,numba,llr40v10-kimi27sglang-c-skills,llr40v11-kimi27sglang-fortran,32,26,23,9,3,5,1.3858,1.3009,8.4241,6.4758,0.146,False
solved,numba,llr40v10-kimi27sglang-c-skills,llr40v11-kimi27sglang-fortran-skills,32,26,24,8,2,6,0.8478,1.0265,10.5023,10.2315,0.1094,True
solved,numba,llr40v10-kimi27sglang-c-skills,llr40v11-oss120b-c,32,32,28,4,4,4,1.4852,1.293,8.3857,6.4857,1.0,False
solved,numba,llr40v10-kimi27sglang-c-skills,llr40v11-oss120b-c-skills,32,35,28,4,7,1,1.783,1.4482,7.9872,5.5154,0.5488,False
solved,numba,llr40v10-kimi27sglang-c-skills,llr40v11-oss120b-fortran,32,26,24,8,2,6,1.3226,1.3585,9.0462,6.6589,0.1094,False
solved,numba,llr40v10-kimi27sglang-c-skills,llr40v11-oss120b-fortran-skills,32,26,23,9,3,5,1.4148,1.2981,8.2689,6.3702,0.146,False
solved,numba,llr40v10-kimi27sglang-c-skills,llr40v11-qwen38-c,32,24,21,11,3,5,0.6561,0.863,12.4379,14.4127,0.0574,False
solved,numba,llr40v10-kimi27sglang-c-skills,llr40v11-qwen38-c-skills,32,26,25,7,1,7,0.8302,1.0152,9.8923,9.7438,0.0703,True
solved,numba,llr40v10-kimi27sglang-c-skills,llr40v11-qwen38-fortran,32,17,14,18,3,5,0.8896,0.8724,8.7138,9.9879,0.0015,False
solved,numba,llr40v10-kimi27sglang-c-skills,llr40v11-qwen38-fortran-skills,32,23,21,11,2,6,0.736,0.8929,11.2386,12.5861,0.0225,False
solved,numba,llr40v10-kimi27sglang-c-skills,v11w2-kimi27sglang-c,32,13,8,24,5,3,1.9973,0.9889,2.6747,2.7048,0.0005,True
solved,numba,llr40v10-kimi27sglang-c-skills,v11w2-kimi27sglang-c-skills,32,15,8,24,7,1,1.5554,1.0695,5.1133,4.7812,0.0033,False
solved,numba,llr40v10-kimi27sglang-c-skills,v11w2-kimi27sglang-fortran,32,14,9,23,5,3,1.208,1.2188,7.0305,5.7682,0.0009,False
solved,numba,llr40v10-kimi27sglang-c-skills,v11w2-kimi27sglang-fortran-skills,32,14,8,24,6,2,1.655,0.9562,3.5473,3.7097,0.0014,True
solved,numba,llr40v10-kimi27sglang-c-skills,v11w2-oss120b-c,32,8,4,28,4,4,1.3982,1.4166,5.7906,4.0877,0.0,False
solved,numba,llr40v10-kimi27sglang-c-skills,v11w2-oss120b-c-skills,32,4,3,29,1,7,1.0031,1.1961,6.8012,5.6859,0.0,False
solved,numba,llr40v10-kimi27sglang-c-skills,v11w2-oss120b-fortran,32,14,8,24,6,2,2.6873,1.4451,5.5508,3.8412,0.0014,False
solved,numba,llr40v10-kimi27sglang-c-skills,v11w2-oss120b-fortran-skills,32,13,9,23,4,4,1.8473,1.3841,7.3729,5.3269,0.0003,False
solved,numba,llr40v10-kimi27sglang-c-skills,v11w2-qwen38-c,32,16,11,21,5,3,1.7931,0.9741,3.4531,3.5449,0.0025,True
solved,numba,llr40v10-kimi27sglang-c-skills,v11w2-qwen38-c-skills,32,14,7,25,7,1,1.3458,0.714,3.7615,5.2683,0.0021,True
solved,numba,llr40v10-kimi27sglang-c-skills,v11w2-qwen38-fortran,32,23,18,14,5,3,1.1044,0.9906,7.4961,7.5669,0.0636,True
solved,numba,llr40v10-kimi27sglang-c-skills,v11w2-qwen38-fortran-skills,32,17,11,21,6,2,1.3574,0.8811,4.1906,4.7564,0.0059,True
solved,numba,llr40v10-kimi27sglang-fortran,llr40v10-kimi27sglang-fortran-skills,31,27,25,6,2,7,0.8862,0.8928,7.6374,8.5547,0.2891,False
solved,numba,llr40v10-kimi27sglang-fortran,llr40v10-oss120b-c-skills,31,33,28,3,5,4,1.2405,1.0536,7.5861,7.2,0.7266,False
solved,numba,llr40v10-kimi27sglang-fortran,llr40v10-oss120b-fortran-skills,31,31,25,6,6,3,1.5891,1.4445,7.9443,5.4997,1.0,False
solved,numba,llr40v10-kimi27sglang-fortran,llr40v10-qwen38-c,31,31,26,5,5,4,0.993,1.126,8.9577,7.9556,1.0,True
solved,numba,llr40v10-kimi27sglang-fortran,llr40v10-qwen38-c-skills,31,28,25,6,3,6,0.7823,0.7443,8.2111,11.0322,0.5078,False
solved,numba,llr40v10-kimi27sglang-fortran,llr40v10-qwen38-fortran,31,25,21,10,4,5,1.6208,1.3364,7.1244,5.3311,0.1796,False
solved,numba,llr40v10-kimi27sglang-fortran,llr40v10-qwen38-fortran-skills,31,28,26,5,2,7,0.9849,1.0065,7.9587,7.9071,0.4531,True
solved,numba,llr40v10-kimi27sglang-fortran,llr40v11-kimi27sglang-c,31,27,24,7,3,6,0.9739,0.9893,8.3887,8.4796,0.3438,False
solved,numba,llr40v10-kimi27sglang-fortran,llr40v11-kimi27sglang-c-skills,31,25,23,8,2,7,0.8925,0.9404,8.187,8.7057,0.1094,False
solved,numba,llr40v10-kimi27sglang-fortran,llr40v11-kimi27sglang-fortran,31,26,22,9,4,5,1.291,1.1521,6.9233,6.0094,0.2668,False
solved,numba,llr40v10-kimi27sglang-fortran,llr40v11-kimi27sglang-fortran-skills,31,26,25,6,1,8,0.7898,0.8518,7.8064,9.1645,0.125,False
solved,numba,llr40v10-kimi27sglang-fortran,llr40v11-oss120b-c,31,32,27,4,5,4,1.3835,1.302,8.6039,6.6085,1.0,False
solved,numba,llr40v10-kimi27sglang-fortran,llr40v11-oss120b-c-skills,31,35,28,3,7,2,1.661,1.4076,8.1449,5.7865,0.3438,False
solved,numba,llr40v10-kimi27sglang-fortran,llr40v11-oss120b-fortran,31,26,24,7,2,7,1.2321,1.391,8.3091,5.9735,0.1797,False
solved,numba,llr40v10-kimi27sglang-fortran,llr40v11-oss120b-fortran-skills,31,26,23,8,3,6,1.3179,1.2324,7.6626,6.2177,0.2266,False
solved,numba,llr40v10-kimi27sglang-fortran,llr40v11-qwen38-c,31,24,20,11,4,5,0.6112,0.693,9.4526,13.6393,0.1185,False
solved,numba,llr40v10-kimi27sglang-fortran,llr40v11-qwen38-c-skills,31,26,22,9,4,5,0.7733,0.8771,8.7313,9.955,0.2668,False
solved,numba,llr40v10-kimi27sglang-fortran,llr40v11-qwen38-fortran,31,17,15,16,2,7,0.8287,0.8775,7.5028,8.5502,0.0013,False
solved,numba,llr40v10-kimi27sglang-fortran,llr40v11-qwen38-fortran-skills,31,23,18,13,5,4,0.6856,0.7346,10.4965,14.2892,0.0963,False
solved,numba,llr40v10-kimi27sglang-fortran,v11w2-kimi27sglang-c,31,13,7,24,6,3,1.8605,1.0129,4.9842,4.9208,0.0014,False
solved,numba,llr40v10-kimi27sglang-fortran,v11w2-kimi27sglang-c-skills,31,15,8,23,7,2,1.4489,0.9053,5.7048,6.3016,0.0052,True
solved,numba,llr40v10-kimi27sglang-fortran,v11w2-kimi27sglang-fortran,31,14,9,22,5,4,1.1253,1.1896,8.9467,7.5211,0.0015,False
solved,numba,llr40v10-kimi27sglang-fortran,v11w2-kimi27sglang-fortran-skills,31,14,6,25,8,1,1.5417,0.9626,6.1672,6.407,0.0046,True
solved,numba,llr40v10-kimi27sglang-fortran,v11w2-oss120b-c,31,8,4,27,4,5,1.3025,0.58,2.8428,4.9016,0.0,True
solved,numba,llr40v10-kimi27sglang-fortran,v11w2-oss120b-c-skills,31,4,2,29,2,7,0.9344,1.2761,5.455,4.2748,0.0,True
solved,numba,llr40v10-kimi27sglang-fortran,v11w2-oss120b-fortran,31,14,7,24,7,2,2.5034,1.2843,5.1498,4.01,0.0033,False
solved,numba,llr40v10-kimi27sglang-fortran,v11w2-oss120b-fortran-skills,31,13,8,23,5,4,1.7208,1.2126,6.9006,5.6906,0.0009,False
solved,numba,llr40v10-kimi27sglang-fortran,v11w2-qwen38-c,31,16,11,20,5,4,1.6704,0.9838,4.8476,4.9272,0.0041,True
solved,numba,llr40v10-kimi27sglang-fortran,v11w2-qwen38-c-skills,31,14,9,22,5,4,1.2537,0.5044,5.0739,10.0591,0.0015,True
solved,numba,llr40v10-kimi27sglang-fortran,v11w2-qwen38-fortran,31,23,16,15,7,2,1.0287,0.7278,7.4168,10.1913,0.1338,True
solved,numba,llr40v10-kimi27sglang-fortran,v11w2-qwen38-fortran-skills,31,17,13,18,4,5,1.2645,0.729,4.6468,6.3744,0.0043,True
solved,numba,llr40v10-kimi27sglang-fortran-skills,llr40v10-oss120b-c-skills,27,33,25,2,8,5,1.3998,0.9873,8.0206,8.1234,0.1094,True
solved,numba,llr40v10-kimi27sglang-fortran-skills,llr40v10-oss120b-fortran-skills,27,31,23,4,8,5,1.7931,1.4074,7.8438,5.5731,0.3877,False
solved,numba,llr40v10-kimi27sglang-fortran-skills,llr40v10-qwen38-c,27,31,22,5,9,4,1.1204,1.3564,10.7458,7.9222,0.424,False
solved,numba,llr40v10-kimi27sglang-fortran-skills,llr40v10-qwen38-c-skills,27,28,22,5,6,7,0.8828,0.7724,8.4096,10.8876,1.0,False
solved,numba,llr40v10-kimi27sglang-fortran-skills,llr40v10-qwen38-fortran,27,25,17,10,8,5,1.8289,1.44,7.5377,5.2345,0.8145,False
solved,numba,llr40v10-kimi27sglang-fortran-skills,llr40v10-qwen38-fortran-skills,27,28,22,5,6,7,1.1113,1.223,10.4723,8.5631,1.0,False
solved,numba,llr40v10-kimi27sglang-fortran-skills,llr40v11-kimi27sglang-c,27,27,21,6,6,7,1.0989,1.3639,10.7541,7.8848,1.0,False
solved,numba,llr40v10-kimi27sglang-fortran-skills,llr40v11-kimi27sglang-c-skills,27,25,20,7,5,8,1.0071,1.002,9.4291,9.4103,0.7744,False
solved,numba,llr40v10-kimi27sglang-fortran-skills,llr40v11-kimi27sglang-fortran,27,26,19,8,7,6,1.4567,1.2343,8.0561,6.5267,1.0,False
solved,numba,llr40v10-kimi27sglang-fortran-skills,llr40v11-kimi27sglang-fortran-skills,27,26,22,5,4,9,0.8912,0.9856,10.7555,10.9123,1.0,False
solved,numba,llr40v10-kimi27sglang-fortran-skills,llr40v11-oss120b-c,27,32,23,4,9,4,1.5611,1.2593,8.0849,6.42,0.2668,False
solved,numba,llr40v10-kimi27sglang-fortran-skills,llr40v11-oss120b-c-skills,27,35,26,1,9,4,1.8742,1.3723,8.2313,5.9981,0.0215,False
solved,numba,llr40v10-kimi27sglang-fortran-skills,llr40v11-oss120b-fortran,27,26,23,4,3,10,1.3902,1.3708,7.9188,5.7768,1.0,False
solved,numba,llr40v10-kimi27sglang-fortran-skills,llr40v11-oss120b-fortran-skills,27,26,20,7,6,7,1.4871,1.2404,8.536,6.8817,1.0,False
solved,numba,llr40v10-kimi27sglang-fortran-skills,llr40v11-qwen38-c,27,24,17,10,7,6,0.6896,0.8409,12.4549,14.811,0.6291,False
solved,numba,llr40v10-kimi27sglang-fortran-skills,llr40v11-qwen38-c-skills,27,26,17,10,9,4,0.8726,0.9079,11.388,12.5427,1.0,False
solved,numba,llr40v10-kimi27sglang-fortran-skills,llr40v11-qwen38-fortran,27,17,13,14,4,9,0.935,0.8418,10.6371,12.6362,0.0309,False
solved,numba,llr40v10-kimi27sglang-fortran-skills,llr40v11-qwen38-fortran-skills,27,23,17,10,6,7,0.7736,0.8029,10.4004,12.9531,0.4545,False
solved,numba,llr40v10-kimi27sglang-fortran-skills,v11w2-kimi27sglang-c,27,13,6,21,7,6,2.0994,0.836,3.5679,4.2678,0.0125,True
solved,numba,llr40v10-kimi27sglang-fortran-skills,v11w2-kimi27sglang-c-skills,27,15,7,20,8,5,1.635,1.1944,6.0816,5.0916,0.0357,False
solved,numba,llr40v10-kimi27sglang-fortran-skills,v11w2-kimi27sglang-fortran,27,14,8,19,6,7,1.2698,1.3428,9.3357,6.9523,0.0146,False
solved,numba,llr40v10-kimi27sglang-fortran-skills,v11w2-kimi27sglang-fortran-skills,27,14,5,22,9,4,1.7397,0.8734,2.8598,3.2742,0.0294,True
solved,numba,llr40v10-kimi27sglang-fortran-skills,v11w2-oss120b-c,27,8,4,23,4,9,1.4697,1.0329,10.5985,10.2613,0.0003,False
solved,numba,llr40v10-kimi27sglang-fortran-skills,v11w2-oss120b-c-skills,27,4,0,27,4,9,1.0544,,,,0.0,False
solved,numba,llr40v10-kimi27sglang-fortran-skills,v11w2-oss120b-fortran,27,14,4,23,10,3,2.8247,2.0319,11.9427,5.8777,0.0351,False
solved,numba,llr40v10-kimi27sglang-fortran-skills,v11w2-oss120b-fortran-skills,27,13,7,20,6,7,1.9417,1.5805,8.0814,5.1133,0.0094,False
solved,numba,llr40v10-kimi27sglang-fortran-skills,v11w2-qwen38-c,27,16,10,17,6,7,1.8848,0.9911,4.3219,4.3608,0.0347,True
solved,numba,llr40v10-kimi27sglang-fortran-skills,v11w2-qwen38-c-skills,27,14,10,17,4,9,1.4146,0.6302,5.0326,7.9855,0.0072,True
solved,numba,llr40v10-kimi27sglang-fortran-skills,v11w2-qwen38-fortran,27,23,14,13,9,4,1.1608,0.8787,6.7706,7.7056,0.5235,True
solved,numba,llr40v10-kimi27sglang-fortran-skills,v11w2-qwen38-fortran-skills,27,17,10,17,7,6,1.4268,0.7583,5.8718,7.743,0.0639,True
solved,numba,llr40v10-oss120b-c-skills,llr40v10-oss120b-fortran-skills,33,31,29,4,2,5,1.281,1.3801,6.655,4.822,0.6875,False
solved,numba,llr40v10-oss120b-c-skills,llr40v10-qwen38-c,33,31,26,7,5,2,0.8004,1.0619,7.8018,7.3469,0.7744,True
solved,numba,llr40v10-oss120b-c-skills,llr40v10-qwen38-c-skills,33,28,27,6,1,6,0.6306,0.8102,7.6751,9.4726,0.125,False
solved,numba,llr40v10-oss120b-c-skills,llr40v10-qwen38-fortran,33,25,22,11,3,4,1.3066,1.4327,6.356,4.4364,0.0574,False
solved,numba,llr40v10-oss120b-c-skills,llr40v10-qwen38-fortran-skills,33,28,24,9,4,3,0.7939,1.1877,8.9752,7.5565,0.2668,True
solved,numba,llr40v10-oss120b-c-skills,llr40v11-kimi27sglang-c,33,27,23,10,4,3,0.7851,1.2496,9.8951,7.9188,0.1796,True
solved,numba,llr40v10-oss120b-c-skills,llr40v11-kimi27sglang-c-skills,33,25,25,8,0,7,0.7195,1.034,8.6403,8.3562,0.0078,True
solved,numba,llr40v10-oss120b-c-skills,llr40v11-kimi27sglang-fortran,33,26,24,9,2,5,1.0406,1.0946,6.2548,5.7143,0.0654,False
solved,numba,llr40v10-oss120b-c-skills,llr40v11-kimi27sglang-fortran-skills,33,26,24,9,2,5,0.6366,0.8621,8.7257,10.1218,0.0654,False
solved,numba,llr40v10-oss120b-c-skills,llr40v11-oss120b-c,33,32,30,3,2,5,1.1152,1.2045,6.1775,5.1286,1.0,False
solved,numba,llr40v10-oss120b-c-skills,llr40v11-oss120b-c-skills,33,35,32,1,3,4,1.3389,1.3571,6.3587,4.6855,0.625,False
solved,numba,llr40v10-oss120b-c-skills,llr40v11-oss120b-fortran,33,26,25,8,1,6,0.9932,1.2804,8.3296,6.5055,0.0391,True
solved,numba,llr40v10-oss120b-c-skills,llr40v11-oss120b-fortran-skills,33,26,26,7,0,7,1.0624,1.2678,7.1746,5.6591,0.0156,False
solved,numba,llr40v10-oss120b-c-skills,llr40v11-qwen38-c,33,24,20,13,4,3,0.4927,0.8406,10.3845,12.3536,0.049,False
solved,numba,llr40v10-oss120b-c-skills,llr40v11-qwen38-c-skills,33,26,22,11,4,3,0.6234,0.9723,9.1187,9.3781,0.1185,False
solved,numba,llr40v10-oss120b-c-skills,llr40v11-qwen38-fortran,33,17,15,18,2,5,0.668,1.0427,9.1245,8.751,0.0004,True
solved,numba,llr40v10-oss120b-c-skills,llr40v11-qwen38-fortran-skills,33,23,20,13,3,4,0.5527,0.9783,10.9034,11.1447,0.0213,False
solved,numba,llr40v10-oss120b-c-skills,v11w2-kimi27sglang-c,33,13,10,23,3,4,1.4998,0.6147,1.9113,3.1091,0.0001,True
solved,numba,llr40v10-oss120b-c-skills,v11w2-kimi27sglang-c-skills,33,15,8,25,7,0,1.168,0.6118,1.9357,3.1637,0.0021,True
solved,numba,llr40v10-oss120b-c-skills,v11w2-kimi27sglang-fortran,33,14,9,24,5,2,0.9071,1.2188,5.4099,4.4386,0.0005,True
solved,numba,llr40v10-oss120b-c-skills,v11w2-kimi27sglang-fortran-skills,33,14,9,24,5,2,1.2428,0.9073,2.2265,2.4541,0.0005,True
solved,numba,llr40v10-oss120b-c-skills,v11w2-oss120b-c,33,8,3,30,5,2,1.0499,1.7001,4.5832,2.6959,0.0,False
solved,numba,llr40v10-oss120b-c-skills,v11w2-oss120b-c-skills,33,4,1,32,3,4,0.7532,0.6784,1.0,1.4741,0.0,False
solved,numba,llr40v10-oss120b-c-skills,v11w2-oss120b-fortran,33,14,8,25,6,1,2.0179,1.2634,2.1703,1.7178,0.0009,False
solved,numba,llr40v10-oss120b-c-skills,v11w2-oss120b-fortran-skills,33,13,7,26,6,1,1.3871,1.0555,3.118,2.954,0.0005,False
solved,numba,llr40v10-oss120b-c-skills,v11w2-qwen38-c,33,16,13,20,3,4,1.3465,0.8022,2.5933,3.2329,0.0005,True
solved,numba,llr40v10-oss120b-c-skills,v11w2-qwen38-c-skills,33,14,11,22,3,4,1.0106,0.5718,2.6134,4.5708,0.0002,True
solved,numba,llr40v10-oss120b-c-skills,v11w2-qwen38-fortran,33,23,18,15,5,2,0.8293,0.7028,4.2466,6.0424,0.0414,False
solved,numba,llr40v10-oss120b-c-skills,v11w2-qwen38-fortran-skills,33,17,13,20,4,3,1.0193,0.6284,2.4059,3.8287,0.0015,True
solved,numba,llr40v10-oss120b-fortran-skills,llr40v10-qwen38-c,31,31,24,7,7,2,0.6249,0.7088,6.2341,8.7947,1.0,False
solved,numba,llr40v10-oss120b-fortran-skills,llr40v10-qwen38-c-skills,31,28,23,8,5,4,0.4923,0.5424,6.4367,11.8667,0.5811,False
solved,numba,llr40v10-oss120b-fortran-skills,llr40v10-qwen38-fortran,31,25,22,9,3,6,1.02,0.9838,4.3098,4.3805,0.146,True
solved,numba,llr40v10-oss120b-fortran-skills,llr40v10-qwen38-fortran-skills,31,28,22,9,6,3,0.6198,0.8166,6.3445,7.7696,0.6072,False
solved,numba,llr40v10-oss120b-fortran-skills,llr40v11-kimi27sglang-c,31,27,21,10,6,3,0.6129,0.9226,7.5879,8.2244,0.4545,False
solved,numba,llr40v10-oss120b-fortran-skills,llr40v11-kimi27sglang-c-skills,31,25,22,9,3,6,0.5617,0.6717,6.0585,9.0203,0.146,False
solved,numba,llr40v10-oss120b-fortran-skills,llr40v11-kimi27sglang-fortran,31,26,23,8,3,6,0.8124,0.8525,5.4045,6.3399,0.2266,False
solved,numba,llr40v10-oss120b-fortran-skills,llr40v11-kimi27sglang-fortran-skills,31,26,22,9,4,5,0.497,0.5757,5.891,10.2335,0.2668,False
solved,numba,llr40v10-oss120b-fortran-skills,llr40v11-oss120b-c,31,32,28,3,4,5,0.8706,0.8874,4.9542,5.5825,1.0,False
solved,numba,llr40v10-oss120b-fortran-skills,llr40v11-oss120b-c-skills,31,35,29,2,6,3,1.0452,0.9683,4.8187,4.9766,0.2891,True
solved,numba,llr40v10-oss120b-fortran-skills,llr40v11-oss120b-fortran,31,26,24,7,2,7,0.7753,0.8893,5.9562,6.6977,0.1797,False
solved,numba,llr40v10-oss120b-fortran-skills,llr40v11-oss120b-fortran-skills,31,26,24,7,2,7,0.8293,0.9075,5.6436,6.2186,0.1797,False
solved,numba,llr40v10-oss120b-fortran-skills,llr40v11-qwen38-c,31,24,19,12,5,4,0.3846,0.6049,7.0453,11.6478,0.1435,False
solved,numba,llr40v10-oss120b-fortran-skills,llr40v11-qwen38-c-skills,31,26,19,12,7,2,0.4866,0.5764,6.7034,11.6295,0.3593,False
solved,numba,llr40v10-oss120b-fortran-skills,llr40v11-qwen38-fortran,31,17,13,18,4,5,0.5215,0.6915,6.6791,9.6592,0.0043,False
solved,numba,llr40v10-oss120b-fortran-skills,llr40v11-qwen38-fortran-skills,31,23,21,10,2,7,0.4314,0.6464,7.1447,11.0537,0.0386,False
solved,numba,llr40v10-oss120b-fortran-skills,v11w2-kimi27sglang-c,31,13,10,21,3,6,1.1708,0.4453,1.7114,3.8431,0.0003,True
solved,numba,llr40v10-oss120b-fortran-skills,v11w2-kimi27sglang-c-skills,31,15,9,22,6,3,0.9118,0.5197,2.5145,4.8384,0.0037,False
solved,numba,llr40v10-oss120b-fortran-skills,v11w2-kimi27sglang-fortran,31,14,8,23,6,3,0.7081,0.5721,3.1285,5.4686,0.0023,False
solved,numba,llr40v10-oss120b-fortran-skills,v11w2-kimi27sglang-fortran-skills,31,14,9,22,5,4,0.9702,0.733,2.6929,3.674,0.0015,False
solved,numba,llr40v10-oss120b-fortran-skills,v11w2-oss120b-c,31,8,3,28,5,4,0.8196,1.051,2.8334,2.6959,0.0001,True
solved,numba,llr40v10-oss120b-fortran-skills,v11w2-oss120b-c-skills,31,4,2,29,2,7,0.588,0.8319,3.2033,3.8508,0.0,False
solved,numba,llr40v10-oss120b-fortran-skills,v11w2-oss120b-fortran,31,14,7,24,7,2,1.5753,0.8384,2.0735,2.4731,0.0033,True
solved,numba,llr40v10-oss120b-fortran-skills,v11w2-oss120b-fortran-skills,31,13,7,24,6,3,1.0829,0.7558,2.4943,3.3004,0.0014,True
solved,numba,llr40v10-oss120b-fortran-skills,v11w2-qwen38-c,31,16,12,19,4,5,1.0511,0.6203,2.467,3.9773,0.0026,True
solved,numba,llr40v10-oss120b-fortran-skills,v11w2-qwen38-c-skills,31,14,12,19,2,7,0.7889,0.6628,2.6692,4.0271,0.0002,False
solved,numba,llr40v10-oss120b-fortran-skills,v11w2-qwen38-fortran,31,23,18,13,5,4,0.6474,0.5553,3.6376,6.5503,0.0963,False
solved,numba,llr40v10-oss120b-fortran-skills,v11w2-qwen38-fortran-skills,31,17,10,21,7,2,0.7957,0.4827,1.9419,4.0231,0.0125,False
solved,numba,llr40v10-qwen38-c,llr40v10-qwen38-c-skills,31,28,23,8,5,4,0.7879,0.7992,10.2391,12.8111,0.5811,False
solved,numba,llr40v10-qwen38-c,llr40v10-qwen38-fortran,31,25,20,11,5,4,1.6323,1.2761,7.9855,6.2579,0.2101,False
solved,numba,llr40v10-qwen38-c,llr40v10-qwen38-fortran-skills,31,28,23,8,5,4,0.9919,1.0056,10.007,9.9509,0.5811,True
solved,numba,llr40v10-qwen38-c,llr40v11-kimi27sglang-c,31,27,22,9,5,4,0.9808,1.1859,11.4223,9.6317,0.424,True
solved,numba,llr40v10-qwen38-c,llr40v11-kimi27sglang-c-skills,31,25,21,10,4,5,0.8989,0.9036,8.9016,9.8515,0.1796,False
solved,numba,llr40v10-qwen38-c,llr40v11-kimi27sglang-fortran,31,26,19,12,7,2,1.3001,1.5164,12.1017,7.9805,0.3593,False
solved,numba,llr40v10-qwen38-c,llr40v11-kimi27sglang-fortran-skills,31,26,23,8,3,6,0.7954,0.7855,7.8539,9.9983,0.2266,False
solved,numba,llr40v10-qwen38-c,llr40v11-oss120b-c,31,32,27,4,5,4,1.3933,1.183,7.4521,6.2993,1.0,False
solved,numba,llr40v10-qwen38-c,llr40v11-oss120b-c-skills,31,35,27,4,8,1,1.6727,1.3558,7.9456,5.8604,0.3877,False
solved,numba,llr40v10-qwen38-c,llr40v11-oss120b-fortran,31,26,22,9,4,5,1.2408,1.4077,10.2335,7.2698,0.2668,False
solved,numba,llr40v10-qwen38-c,llr40v11-oss120b-fortran-skills,31,26,21,10,5,4,1.3273,1.0485,7.7771,7.4172,0.3018,False
solved,numba,llr40v10-qwen38-c,llr40v11-qwen38-c,31,24,22,9,2,7,0.6155,0.6581,8.7194,13.249,0.0654,False
solved,numba,llr40v10-qwen38-c,llr40v11-qwen38-c-skills,31,26,23,8,3,6,0.7788,0.9124,10.2303,11.2129,0.2266,False
solved,numba,llr40v10-qwen38-c,llr40v11-qwen38-fortran,31,17,15,16,2,7,0.8345,0.7624,8.7163,11.433,0.0013,False
solved,numba,llr40v10-qwen38-c,llr40v11-qwen38-fortran-skills,31,23,20,11,3,6,0.6905,0.8537,12.4648,14.6014,0.0574,False
solved,numba,llr40v10-qwen38-c,v11w2-kimi27sglang-c,31,13,9,22,4,5,1.8737,0.7552,2.6959,3.5699,0.0005,True
solved,numba,llr40v10-qwen38-c,v11w2-kimi27sglang-c-skills,31,15,10,21,5,4,1.4592,1.008,5.2578,5.2161,0.0025,False
solved,numba,llr40v10-qwen38-c,v11w2-kimi27sglang-fortran,31,14,12,19,2,7,1.1333,0.6306,3.5297,5.597,0.0002,True
solved,numba,llr40v10-qwen38-c,v11w2-kimi27sglang-fortran-skills,31,14,8,23,6,3,1.5527,1.0367,6.6066,6.3726,0.0023,False
solved,numba,llr40v10-qwen38-c,v11w2-oss120b-c,31,8,4,27,4,5,1.3117,0.5329,7.9222,14.8653,0.0,True
solved,numba,llr40v10-qwen38-c,v11w2-oss120b-c-skills,31,4,3,28,1,8,0.9411,1.4119,8.028,5.6859,0.0,True
solved,numba,llr40v10-qwen38-c,v11w2-oss120b-fortran,31,14,9,22,5,4,2.5211,1.1988,3.5267,2.9419,0.0015,False
solved,numba,llr40v10-qwen38-c,v11w2-oss120b-fortran-skills,31,13,9,22,4,5,1.733,1.4072,6.854,4.8706,0.0005,False
solved,numba,llr40v10-qwen38-c,v11w2-qwen38-c,31,16,9,22,7,2,1.6822,1.1726,5.2161,4.4484,0.0081,False
solved,numba,llr40v10-qwen38-c,v11w2-qwen38-c-skills,31,14,8,23,6,3,1.2626,0.3513,3.0898,8.7947,0.0023,True
solved,numba,llr40v10-qwen38-c,v11w2-qwen38-fortran,31,23,16,15,7,2,1.036,0.7103,6.5331,9.1974,0.1338,True
solved,numba,llr40v10-qwen38-c,v11w2-qwen38-fortran-skills,31,17,11,20,6,3,1.2734,0.547,2.9905,5.4673,0.0094,True
solved,numba,llr40v10-qwen38-c-skills,llr40v10-qwen38-fortran,28,25,19,9,6,6,2.0718,1.5116,9.7275,6.435,0.6072,False
solved,numba,llr40v10-qwen38-c-skills,llr40v10-qwen38-fortran-skills,28,28,23,5,5,7,1.259,1.3179,11.6028,8.8042,1.0,False
solved,numba,llr40v10-qwen38-c-skills,llr40v11-kimi27sglang-c,28,27,22,6,5,7,1.2449,1.4147,12.2076,8.6292,1.0,False
solved,numba,llr40v10-qwen38-c-skills,llr40v11-kimi27sglang-c-skills,28,25,21,7,4,8,1.1409,1.2524,13.1158,10.4725,0.5488,False
solved,numba,llr40v10-qwen38-c-skills,llr40v11-kimi27sglang-fortran,28,26,21,7,5,7,1.6502,1.3169,8.1545,6.1921,0.7744,False
solved,numba,llr40v10-qwen38-c-skills,llr40v11-kimi27sglang-fortran-skills,28,26,22,6,4,8,1.0095,1.0833,12.1745,11.2378,0.7539,False
solved,numba,llr40v10-qwen38-c-skills,llr40v11-oss120b-c,28,32,25,3,7,5,1.7684,1.5692,10.5093,6.6973,0.3438,False
solved,numba,llr40v10-qwen38-c-skills,llr40v11-oss120b-c-skills,28,35,27,1,8,4,2.1231,1.7646,9.4726,5.3682,0.0391,False
solved,numba,llr40v10-qwen38-c-skills,llr40v11-oss120b-fortran,28,26,24,4,2,10,1.5749,1.7185,12.0821,7.0305,0.6875,False
solved,numba,llr40v10-qwen38-c-skills,llr40v11-oss120b-fortran-skills,28,26,23,5,3,9,1.6846,1.7263,11.2566,6.5207,0.7266,False
solved,numba,llr40v10-qwen38-c-skills,llr40v11-qwen38-c,28,24,17,11,7,5,0.7812,0.9884,15.9726,16.1607,0.4807,False
solved,numba,llr40v10-qwen38-c-skills,llr40v11-qwen38-c-skills,28,26,21,7,5,7,0.9885,1.1978,11.7449,9.805,0.7744,True
solved,numba,llr40v10-qwen38-c-skills,llr40v11-qwen38-fortran,28,17,14,14,3,9,1.0592,1.5985,16.0798,10.0591,0.0127,False
solved,numba,llr40v10-qwen38-c-skills,llr40v11-qwen38-fortran-skills,28,23,18,10,5,7,0.8764,1.2101,17.6293,14.5683,0.3018,True
solved,numba,llr40v10-qwen38-c-skills,v11w2-kimi27sglang-c,28,13,6,22,7,5,2.3782,1.1843,3.8508,3.2515,0.0081,False
solved,numba,llr40v10-qwen38-c-skills,v11w2-kimi27sglang-c-skills,28,15,7,21,8,4,1.8521,1.0999,3.6613,3.3287,0.0241,False
solved,numba,llr40v10-qwen38-c-skills,v11w2-kimi27sglang-fortran,28,14,7,21,7,5,1.4384,2.3265,15.2343,6.5482,0.0125,False
solved,numba,llr40v10-qwen38-c-skills,v11w2-kimi27sglang-fortran-skills,28,14,6,22,8,4,1.9707,1.0286,3.8893,3.7811,0.0161,False
solved,numba,llr40v10-qwen38-c-skills,v11w2-oss120b-c,28,8,3,25,5,7,1.6649,1.57,4.2325,2.6959,0.0003,False
solved,numba,llr40v10-qwen38-c-skills,v11w2-oss120b-c-skills,28,4,1,27,3,9,1.1944,0.9143,11.3348,12.3967,0.0,True
solved,numba,llr40v10-qwen38-c-skills,v11w2-oss120b-fortran,28,14,4,24,10,2,3.1999,1.1019,2.301,2.0882,0.0243,False
solved,numba,llr40v10-qwen38-c-skills,v11w2-oss120b-fortran-skills,28,13,5,23,8,4,2.1996,0.8999,4.4396,4.9334,0.0107,True
solved,numba,llr40v10-qwen38-c-skills,v11w2-qwen38-c,28,16,11,17,5,7,2.1351,1.0789,4.2942,3.98,0.0169,False
solved,numba,llr40v10-qwen38-c-skills,v11w2-qwen38-c-skills,28,14,7,21,7,5,1.6025,0.7842,5.0988,6.5018,0.0125,True
solved,numba,llr40v10-qwen38-c-skills,v11w2-qwen38-fortran,28,23,14,14,9,3,1.315,0.744,5.6523,7.5969,0.4049,True
solved,numba,llr40v10-qwen38-c-skills,v11w2-qwen38-fortran-skills,28,17,10,18,7,5,1.6163,0.7017,3.1527,4.4929,0.0433,True
solved,numba,llr40v10-qwen38-fortran,llr40v10-qwen38-fortran-skills,25,28,19,6,9,6,0.6077,0.8609,6.0178,6.9902,0.6072,False
solved,numba,llr40v10-qwen38-fortran,llr40v11-kimi27sglang-c,25,27,18,7,9,6,0.6009,0.8448,6.2324,7.3769,0.8036,False
solved,numba,llr40v10-qwen38-fortran,llr40v11-kimi27sglang-c-skills,25,25,19,6,6,9,0.5507,0.7193,5.1645,7.1794,1.0,False
solved,numba,llr40v10-qwen38-fortran,llr40v11-kimi27sglang-fortran,25,26,19,6,7,8,0.7965,1.019,5.0733,4.9786,1.0,True
solved,numba,llr40v10-qwen38-fortran,llr40v11-kimi27sglang-fortran-skills,25,26,18,7,8,7,0.4873,0.5532,4.8976,8.8532,1.0,False
solved,numba,llr40v10-qwen38-fortran,llr40v11-oss120b-c,25,32,21,4,11,4,0.8536,0.8679,4.6731,5.3844,0.1185,False
solved,numba,llr40v10-qwen38-fortran,llr40v11-oss120b-c-skills,25,35,23,2,12,3,1.0248,0.9639,4.6936,4.8694,0.0129,True
solved,numba,llr40v10-qwen38-fortran,llr40v11-oss120b-fortran,25,26,18,7,8,7,0.7601,1.2175,7.0852,5.8195,1.0,True
solved,numba,llr40v10-qwen38-fortran,llr40v11-oss120b-fortran-skills,25,26,18,7,8,7,0.8131,1.04,6.0759,5.842,1.0,True
solved,numba,llr40v10-qwen38-fortran,llr40v11-qwen38-c,25,24,17,8,7,8,0.3771,0.5638,6.2722,11.1245,1.0,False
solved,numba,llr40v10-qwen38-fortran,llr40v11-qwen38-c-skills,25,26,17,8,9,6,0.4771,0.6788,5.8127,8.5636,1.0,False
solved,numba,llr40v10-qwen38-fortran,llr40v11-qwen38-fortran,25,17,11,14,6,9,0.5113,0.6495,6.5575,10.0956,0.1153,False
solved,numba,llr40v10-qwen38-fortran,llr40v11-qwen38-fortran-skills,25,23,14,11,9,6,0.423,0.777,9.1388,11.7616,0.8238,False
solved,numba,llr40v10-qwen38-fortran,v11w2-kimi27sglang-c,25,13,7,18,6,9,1.1479,0.4962,2.1091,4.2506,0.0227,True
solved,numba,llr40v10-qwen38-fortran,v11w2-kimi27sglang-c-skills,25,15,6,19,9,6,0.8939,0.9374,3.1927,3.406,0.0872,False
solved,numba,llr40v10-qwen38-fortran,v11w2-kimi27sglang-fortran,25,14,6,19,8,7,0.6943,0.5863,3.3779,5.7618,0.0522,False
solved,numba,llr40v10-qwen38-fortran,v11w2-kimi27sglang-fortran-skills,25,14,7,18,7,8,0.9512,0.6436,3.9198,6.0903,0.0433,False
solved,numba,llr40v10-qwen38-fortran,v11w2-oss120b-c,25,8,4,21,4,11,0.8036,0.8034,4.2431,5.2814,0.0009,False
solved,numba,llr40v10-qwen38-fortran,v11w2-oss120b-c-skills,25,4,2,23,2,13,0.5765,0.8571,3.6639,4.2748,0.0,False
solved,numba,llr40v10-qwen38-fortran,v11w2-oss120b-fortran,25,14,7,18,7,8,1.5445,0.6745,1.5166,2.2485,0.0433,True
solved,numba,llr40v10-qwen38-fortran,v11w2-oss120b-fortran-skills,25,13,7,18,6,9,1.0617,0.771,2.2516,2.9206,0.0227,True
solved,numba,llr40v10-qwen38-fortran,v11w2-qwen38-c,25,16,8,17,8,7,1.0306,0.5931,2.3825,4.0171,0.1078,True
solved,numba,llr40v10-qwen38-fortran,v11w2-qwen38-c-skills,25,14,8,17,6,9,0.7735,0.5064,2.8007,5.5301,0.0347,False
solved,numba,llr40v10-qwen38-fortran,v11w2-qwen38-fortran,25,23,14,11,9,6,0.6347,0.5532,3.4836,6.2972,0.8238,False
solved,numba,llr40v10-qwen38-fortran,v11w2-qwen38-fortran-skills,25,17,11,14,6,9,0.7801,0.3159,1.9215,6.0832,0.1153,False
solved,numba,llr40v10-qwen38-fortran-skills,llr40v11-kimi27sglang-c,28,27,23,5,4,8,0.9888,1.1726,9.7802,8.3407,1.0,True
solved,numba,llr40v10-qwen38-fortran-skills,llr40v11-kimi27sglang-c-skills,28,25,20,8,5,7,0.9062,0.9194,9.2709,10.0841,0.5811,False
solved,numba,llr40v10-qwen38-fortran-skills,llr40v11-kimi27sglang-fortran,28,26,20,8,6,6,1.3108,1.1079,7.9222,7.1505,0.7905,False
solved,numba,llr40v10-qwen38-fortran-skills,llr40v11-kimi27sglang-fortran-skills,28,26,22,6,4,8,0.8019,0.7623,8.1401,10.6779,0.7539,False
solved,numba,llr40v10-qwen38-fortran-skills,llr40v11-oss120b-c,28,32,22,6,10,2,1.4047,1.0853,8.421,7.7591,0.4545,False
solved,numba,llr40v10-qwen38-fortran-skills,llr40v11-oss120b-c-skills,28,35,25,3,10,2,1.6864,1.1947,7.5407,6.3117,0.0923,False
solved,numba,llr40v10-qwen38-fortran-skills,llr40v11-oss120b-fortran,28,26,21,7,5,7,1.251,1.3549,10.3983,7.6746,0.7744,False
solved,numba,llr40v10-qwen38-fortran-skills,llr40v11-oss120b-fortran-skills,28,26,21,7,5,7,1.3381,1.1451,8.2517,7.2059,0.7744,False
solved,numba,llr40v10-qwen38-fortran-skills,llr40v11-qwen38-c,28,24,18,10,6,6,0.6206,0.6993,10.8086,15.456,0.4545,False
solved,numba,llr40v10-qwen38-fortran-skills,llr40v11-qwen38-c-skills,28,26,20,8,6,6,0.7852,0.8945,9.7293,10.8763,0.7905,False
solved,numba,llr40v10-qwen38-fortran-skills,llr40v11-qwen38-fortran,28,17,13,15,4,8,0.8414,0.8977,9.7782,10.8926,0.0192,False
solved,numba,llr40v10-qwen38-fortran-skills,llr40v11-qwen38-fortran-skills,28,23,16,12,7,5,0.6961,0.8694,15.1452,17.4199,0.3593,False
solved,numba,llr40v10-qwen38-fortran-skills,v11w2-kimi27sglang-c,28,13,5,23,8,4,1.8891,0.349,2.3344,6.6893,0.0107,True
solved,numba,llr40v10-qwen38-fortran-skills,v11w2-kimi27sglang-c-skills,28,15,8,20,7,5,1.4712,0.608,4.5661,7.5096,0.0192,True
solved,numba,llr40v10-qwen38-fortran-skills,v11w2-kimi27sglang-fortran,28,14,8,20,6,6,1.1426,0.7568,6.7646,8.938,0.0094,True
solved,numba,llr40v10-qwen38-fortran-skills,v11w2-kimi27sglang-fortran-skills,28,14,6,22,8,4,1.5654,0.6327,5.8098,9.1822,0.0161,True
solved,numba,llr40v10-qwen38-fortran-skills,v11w2-oss120b-c,28,8,6,22,2,10,1.3225,1.0865,5.1303,4.7221,0.0,False
solved,numba,llr40v10-qwen38-fortran-skills,v11w2-oss120b-c-skills,28,4,2,26,2,10,0.9488,1.2888,5.5095,4.2748,0.0,True
solved,numba,llr40v10-qwen38-fortran-skills,v11w2-oss120b-fortran,28,14,7,21,7,5,2.5417,1.0782,2.9248,2.7125,0.0125,False
solved,numba,llr40v10-qwen38-fortran-skills,v11w2-oss120b-fortran-skills,28,13,7,21,6,6,1.7472,1.0813,5.8526,5.4125,0.0059,False
solved,numba,llr40v10-qwen38-fortran-skills,v11w2-qwen38-c,28,16,10,18,6,6,1.696,0.6372,3.9912,6.2641,0.0227,True
solved,numba,llr40v10-qwen38-fortran-skills,v11w2-qwen38-c-skills,28,14,8,20,6,6,1.2729,0.473,4.0472,8.5573,0.0094,True
solved,numba,llr40v10-qwen38-fortran-skills,v11w2-qwen38-fortran,28,23,15,13,8,4,1.0445,0.5515,6.0678,11.0015,0.3833,True
solved,numba,llr40v10-qwen38-fortran-skills,v11w2-qwen38-fortran-skills,28,17,12,16,5,7,1.2839,0.513,3.0052,5.8582,0.0266,True
solved,numba,llr40v11-kimi27sglang-c,llr40v11-kimi27sglang-c-skills,27,25,19,8,6,7,0.9165,0.8059,9.9335,12.3255,0.7905,False
solved,numba,llr40v11-kimi27sglang-c,llr40v11-kimi27sglang-fortran,27,26,21,6,5,8,1.3255,1.2053,8.9185,7.3997,1.0,False
solved,numba,llr40v11-kimi27sglang-c,llr40v11-kimi27sglang-fortran-skills,27,26,21,6,5,8,0.8109,0.6528,7.5843,11.6176,1.0,False
solved,numba,llr40v11-kimi27sglang-c,llr40v11-oss120b-c,27,32,23,4,9,4,1.4206,1.1293,8.8309,7.82,0.2668,False
solved,numba,llr40v11-kimi27sglang-c,llr40v11-oss120b-c-skills,27,35,24,3,11,2,1.7055,1.2066,8.1116,6.7227,0.0574,False
solved,numba,llr40v11-kimi27sglang-c,llr40v11-oss120b-fortran,27,26,20,7,6,7,1.2651,1.1973,9.3776,7.8321,1.0,False
solved,numba,llr40v11-kimi27sglang-c,llr40v11-oss120b-fortran-skills,27,26,18,9,8,5,1.3532,0.9846,8.0591,8.1848,1.0,True
solved,numba,llr40v11-kimi27sglang-c,llr40v11-qwen38-c,27,24,19,8,5,8,0.6276,0.5713,8.4316,14.7586,0.5811,False
solved,numba,llr40v11-kimi27sglang-c,llr40v11-qwen38-c-skills,27,26,20,7,6,7,0.794,0.7675,9.7827,12.747,1.0,False
solved,numba,llr40v11-kimi27sglang-c,llr40v11-qwen38-fortran,27,17,13,14,4,9,0.8509,0.8121,9.6444,11.8766,0.0309,False
solved,numba,llr40v11-kimi27sglang-c,llr40v11-qwen38-fortran-skills,27,23,17,10,6,7,0.704,0.6646,9.5653,14.3922,0.4545,False
solved,numba,llr40v11-kimi27sglang-c,v11w2-kimi27sglang-c,27,13,0,27,13,0,1.9104,,,,0.0385,False
solved,numba,llr40v11-kimi27sglang-c,v11w2-kimi27sglang-c-skills,27,15,8,19,7,6,1.4878,0.7291,4.1285,5.6624,0.029,True
solved,numba,llr40v11-kimi27sglang-c,v11w2-kimi27sglang-fortran,27,14,6,21,8,5,1.1555,0.5396,4.4929,8.3263,0.0241,True
solved,numba,llr40v11-kimi27sglang-c,v11w2-kimi27sglang-fortran-skills,27,14,6,21,8,5,1.583,0.8402,7.9222,9.4291,0.0241,True
solved,numba,llr40v11-kimi27sglang-c,v11w2-oss120b-c,27,8,4,23,4,9,1.3374,0.3306,3.3751,10.2104,0.0003,True
solved,numba,llr40v11-kimi27sglang-c,v11w2-oss120b-c-skills,27,4,2,25,2,11,0.9595,0.9515,10.6249,11.1669,0.0,False
solved,numba,llr40v11-kimi27sglang-c,v11w2-oss120b-fortran,27,14,7,20,7,6,2.5704,0.9235,4.2931,4.6488,0.0192,True
solved,numba,llr40v11-kimi27sglang-c,v11w2-oss120b-fortran-skills,27,13,9,18,4,9,1.7669,1.1343,6.9149,6.0961,0.0043,False
solved,numba,llr40v11-kimi27sglang-c,v11w2-qwen38-c,27,16,8,19,8,5,1.7151,0.8465,6.0935,7.1987,0.0522,True
solved,numba,llr40v11-kimi27sglang-c,v11w2-qwen38-c-skills,27,14,7,20,7,6,1.2873,0.4823,3.8045,7.8885,0.0192,True
solved,numba,llr40v11-kimi27sglang-c,v11w2-qwen38-fortran,27,23,14,13,9,4,1.0563,0.5655,6.1819,10.9313,0.5235,True
solved,numba,llr40v11-kimi27sglang-c,v11w2-qwen38-fortran-skills,27,17,10,17,7,6,1.2983,0.5978,5.2474,8.7772,0.0639,True
solved,numba,llr40v11-kimi27sglang-c-skills,llr40v11-kimi27sglang-fortran,25,26,18,7,8,7,1.4464,1.1726,9.3667,7.9882,1.0,False
solved,numba,llr40v11-kimi27sglang-c-skills,llr40v11-kimi27sglang-fortran-skills,25,26,19,6,7,8,0.8849,0.7814,10.5833,13.5439,1.0,False
solved,numba,llr40v11-kimi27sglang-c-skills,llr40v11-oss120b-c,25,32,22,3,10,5,1.5501,1.2329,9.3484,7.5822,0.0923,False
solved,numba,llr40v11-kimi27sglang-c-skills,llr40v11-oss120b-c-skills,25,35,24,1,11,4,1.8609,1.3579,8.9566,6.5957,0.0063,False
solved,numba,llr40v11-kimi27sglang-c-skills,llr40v11-oss120b-fortran,25,26,20,5,6,9,1.3804,1.2818,10.6673,8.3222,1.0,False
solved,numba,llr40v11-kimi27sglang-c-skills,llr40v11-oss120b-fortran-skills,25,26,21,4,5,10,1.4766,1.2536,8.5179,6.7947,1.0,False
solved,numba,llr40v11-kimi27sglang-c-skills,llr40v11-qwen38-c,25,24,17,8,7,8,0.6848,0.7945,12.6311,15.898,1.0,False
solved,numba,llr40v11-kimi27sglang-c-skills,llr40v11-qwen38-c-skills,25,26,19,6,7,8,0.8664,1.0031,10.9842,10.9497,1.0,True
solved,numba,llr40v11-kimi27sglang-c-skills,llr40v11-qwen38-fortran,25,17,11,14,6,9,0.9284,0.7426,9.5969,12.9235,0.1153,False
solved,numba,llr40v11-kimi27sglang-c-skills,llr40v11-qwen38-fortran-skills,25,23,16,9,7,8,0.7681,0.8267,13.0859,15.8289,0.8036,False
solved,numba,llr40v11-kimi27sglang-c-skills,v11w2-kimi27sglang-c,25,13,6,19,7,8,2.0845,0.8472,2.4405,2.8808,0.029,True
solved,numba,llr40v11-kimi27sglang-c-skills,v11w2-kimi27sglang-c-skills,25,15,0,25,15,0,1.6234,,,,0.1539,False
solved,numba,llr40v11-kimi27sglang-c-skills,v11w2-kimi27sglang-fortran,25,14,7,18,7,8,1.2608,1.4952,6.2304,4.1669,0.0433,False
solved,numba,llr40v11-kimi27sglang-c-skills,v11w2-kimi27sglang-fortran-skills,25,14,6,19,8,7,1.7273,1.0901,3.9543,3.6276,0.0522,False
solved,numba,llr40v11-kimi27sglang-c-skills,v11w2-oss120b-c,25,8,3,22,5,10,1.4593,1.3613,3.6699,2.6959,0.0015,False
solved,numba,llr40v11-kimi27sglang-c-skills,v11w2-oss120b-c-skills,25,4,1,24,3,12,1.0469,1.0721,1.5805,1.4741,0.0,False
solved,numba,llr40v11-kimi27sglang-c-skills,v11w2-oss120b-fortran,25,14,5,20,9,6,2.8047,1.7148,3.1465,1.8349,0.0614,False
solved,numba,llr40v11-kimi27sglang-c-skills,v11w2-oss120b-fortran-skills,25,13,4,21,9,6,1.928,1.1932,7.5565,6.3331,0.0428,False
solved,numba,llr40v11-kimi27sglang-c-skills,v11w2-qwen38-c,25,16,8,17,8,7,1.8715,0.9515,3.4731,3.6502,0.1078,True
solved,numba,llr40v11-kimi27sglang-c-skills,v11w2-qwen38-c-skills,25,14,6,19,8,7,1.4046,0.7285,3.5151,4.825,0.0522,True
solved,numba,llr40v11-kimi27sglang-c-skills,v11w2-qwen38-fortran,25,23,14,11,9,6,1.1526,0.9965,7.495,7.5216,0.8238,True
solved,numba,llr40v11-kimi27sglang-c-skills,v11w2-qwen38-fortran-skills,25,17,9,16,8,7,1.4167,0.836,3.7645,4.5029,0.1516,True
solved,numba,llr40v11-kimi27sglang-fortran,llr40v11-kimi27sglang-fortran-skills,26,26,18,8,8,6,0.6118,0.7146,6.6746,9.3409,1.0,False
solved,numba,llr40v11-kimi27sglang-fortran,llr40v11-oss120b-c,26,32,22,4,10,4,1.0717,1.0668,6.0421,5.6637,0.1796,False
solved,numba,llr40v11-kimi27sglang-fortran,llr40v11-oss120b-c-skills,26,35,24,2,11,3,1.2866,1.1721,5.8704,5.0084,0.0225,False
solved,numba,llr40v11-kimi27sglang-fortran,llr40v11-oss120b-fortran,26,26,20,6,6,8,0.9544,1.0829,6.7093,6.1959,1.0,True
solved,numba,llr40v11-kimi27sglang-fortran,llr40v11-oss120b-fortran-skills,26,26,19,7,7,7,1.0209,0.91,5.6071,6.1613,1.0,True
solved,numba,llr40v11-kimi27sglang-fortran,llr40v11-qwen38-c,26,24,16,10,8,6,0.4734,0.6077,7.2481,11.9279,0.8145,False
solved,numba,llr40v11-kimi27sglang-fortran,llr40v11-qwen38-c-skills,26,26,18,8,8,6,0.599,0.8351,7.8005,9.3409,1.0,False
solved,numba,llr40v11-kimi27sglang-fortran,llr40v11-qwen38-fortran,26,17,13,13,4,10,0.6419,0.7586,6.3452,8.3646,0.049,False
solved,numba,llr40v11-kimi27sglang-fortran,llr40v11-qwen38-fortran-skills,26,23,16,10,7,7,0.5311,0.792,9.1917,11.6059,0.6291,False
solved,numba,llr40v11-kimi27sglang-fortran,v11w2-kimi27sglang-c,26,13,5,21,8,6,1.4412,0.6571,2.043,3.1091,0.0241,True
solved,numba,llr40v11-kimi27sglang-fortran,v11w2-kimi27sglang-c-skills,26,15,8,18,7,7,1.1224,0.8765,2.7868,3.1795,0.0433,True
solved,numba,llr40v11-kimi27sglang-fortran,v11w2-kimi27sglang-fortran,26,14,0,26,14,0,0.8717,,,,0.0807,False
solved,numba,llr40v11-kimi27sglang-fortran,v11w2-kimi27sglang-fortran-skills,26,14,8,18,6,8,1.1943,0.7512,4.175,5.5577,0.0227,True
solved,numba,llr40v11-kimi27sglang-fortran,v11w2-oss120b-c,26,8,4,22,4,10,1.0089,0.8549,4.5153,5.2814,0.0005,True
solved,numba,llr40v11-kimi27sglang-fortran,v11w2-oss120b-c-skills,26,4,2,24,2,12,0.7238,1.2385,4.7693,3.8508,0.0,True
solved,numba,llr40v11-kimi27sglang-fortran,v11w2-oss120b-fortran,26,14,6,20,8,6,1.9391,1.4379,3.5092,2.4405,0.0357,False
solved,numba,llr40v11-kimi27sglang-fortran,v11w2-oss120b-fortran-skills,26,13,7,19,6,8,1.333,1.2733,6.2659,4.9208,0.0146,False
solved,numba,llr40v11-kimi27sglang-fortran,v11w2-qwen38-c,26,16,10,16,6,8,1.2939,0.797,4.0191,5.0426,0.0525,True
solved,numba,llr40v11-kimi27sglang-fortran,v11w2-qwen38-c-skills,26,14,8,18,6,8,0.9711,0.4825,2.9399,6.0935,0.0227,False
solved,numba,llr40v11-kimi27sglang-fortran,v11w2-qwen38-fortran,26,23,13,13,10,4,0.7969,0.8016,5.2602,6.5625,0.6776,False
solved,numba,llr40v11-kimi27sglang-fortran,v11w2-qwen38-fortran-skills,26,17,10,16,7,7,0.9795,0.4866,2.7482,5.6483,0.0931,False
solved,numba,llr40v11-kimi27sglang-fortran-skills,llr40v11-oss120b-c,26,32,24,2,8,6,1.7517,1.5564,9.976,6.4097,0.1094,False
solved,numba,llr40v11-kimi27sglang-fortran-skills,llr40v11-oss120b-c-skills,26,35,23,3,12,2,2.1031,1.6872,10.7707,6.384,0.0352,False
solved,numba,llr40v11-kimi27sglang-fortran-skills,llr40v11-oss120b-fortran,26,26,20,6,6,8,1.56,1.5781,11.6203,7.3635,1.0,False
solved,numba,llr40v11-kimi27sglang-fortran-skills,llr40v11-oss120b-fortran-skills,26,26,20,6,6,8,1.6687,1.4926,10.0691,6.7461,1.0,False
solved,numba,llr40v11-kimi27sglang-fortran-skills,llr40v11-qwen38-c,26,24,19,7,5,9,0.7739,0.8691,11.1231,12.7992,0.7744,False
solved,numba,llr40v11-kimi27sglang-fortran-skills,llr40v11-qwen38-c-skills,26,26,20,6,6,8,0.9792,1.0166,11.7249,11.5339,1.0,True
solved,numba,llr40v11-kimi27sglang-fortran-skills,llr40v11-qwen38-fortran,26,17,13,13,4,10,1.0492,1.068,10.4916,9.8232,0.049,False
solved,numba,llr40v11-kimi27sglang-fortran-skills,llr40v11-qwen38-fortran-skills,26,23,16,10,7,7,0.8681,0.8059,12.9322,16.047,0.6291,False
solved,numba,llr40v11-kimi27sglang-fortran-skills,v11w2-kimi27sglang-c,26,13,5,21,8,6,2.3558,0.4722,3.9556,8.3762,0.0241,True
solved,numba,llr40v11-kimi27sglang-fortran-skills,v11w2-kimi27sglang-c-skills,26,15,7,19,8,6,1.8346,0.4589,3.5485,7.7331,0.0522,True
solved,numba,llr40v11-kimi27sglang-fortran-skills,v11w2-kimi27sglang-fortran,26,14,8,18,6,8,1.4248,1.0,9.6786,9.6786,0.0227,False
solved,numba,llr40v11-kimi27sglang-fortran-skills,v11w2-kimi27sglang-fortran-skills,26,14,0,26,14,0,1.9521,,,,0.0807,False
solved,numba,llr40v11-kimi27sglang-fortran-skills,v11w2-oss120b-c,26,8,2,24,6,8,1.6492,0.2956,4.8894,16.5435,0.0014,True
solved,numba,llr40v11-kimi27sglang-fortran-skills,v11w2-oss120b-c-skills,26,4,2,24,2,12,1.1832,1.3681,5.8485,4.2748,0.0,False
solved,numba,llr40v11-kimi27sglang-fortran-skills,v11w2-oss120b-fortran,26,14,6,20,8,6,3.1697,0.9358,4.7299,5.0543,0.0357,True
solved,numba,llr40v11-kimi27sglang-fortran-skills,v11w2-oss120b-fortran-skills,26,13,6,20,7,7,2.1789,0.9296,7.6257,8.203,0.0192,True
solved,numba,llr40v11-kimi27sglang-fortran-skills,v11w2-qwen38-c,26,16,7,19,9,5,2.115,0.8266,6.0558,7.3264,0.0872,True
solved,numba,llr40v11-kimi27sglang-fortran-skills,v11w2-qwen38-c-skills,26,14,6,20,8,6,1.5874,0.4687,4.5908,9.7957,0.0357,True
solved,numba,llr40v11-kimi27sglang-fortran-skills,v11w2-qwen38-fortran,26,23,13,13,10,4,1.3026,0.6841,8.5002,12.4252,0.6776,True
solved,numba,llr40v11-kimi27sglang-fortran-skills,v11w2-qwen38-fortran-skills,26,17,10,16,7,7,1.601,0.8335,5.7105,6.851,0.0931,True
solved,numba,llr40v11-oss120b-c,llr40v11-oss120b-c-skills,32,35,29,3,6,2,1.2006,1.1069,5.4261,4.902,0.5078,False
solved,numba,llr40v11-oss120b-c,llr40v11-oss120b-fortran,32,26,23,9,3,5,0.8906,1.0547,6.7475,6.3978,0.146,True
solved,numba,llr40v11-oss120b-c,llr40v11-oss120b-fortran-skills,32,26,23,9,3,5,0.9526,1.0307,6.3044,6.1163,0.146,True
solved,numba,llr40v11-oss120b-c,llr40v11-qwen38-c,32,24,21,11,3,5,0.4418,0.6672,7.9448,11.9074,0.0574,False
solved,numba,llr40v11-oss120b-c,llr40v11-qwen38-c-skills,32,26,21,11,5,3,0.559,0.7536,8.2948,11.0067,0.2101,False
solved,numba,llr40v11-oss120b-c,llr40v11-qwen38-fortran,32,17,13,19,4,4,0.599,0.7038,6.5125,9.2539,0.0026,False
solved,numba,llr40v11-oss120b-c,llr40v11-qwen38-fortran-skills,32,23,20,12,3,5,0.4956,0.7606,8.146,10.7098,0.0352,False
solved,numba,llr40v11-oss120b-c,v11w2-kimi27sglang-c,32,13,9,23,4,4,1.3448,0.6265,2.0836,3.326,0.0003,True
solved,numba,llr40v11-oss120b-c,v11w2-kimi27sglang-c-skills,32,15,10,22,5,3,1.0473,0.5855,2.5455,4.3478,0.0015,True
solved,numba,llr40v11-oss120b-c,v11w2-kimi27sglang-fortran,32,14,10,22,4,4,0.8134,0.9706,4.8362,4.9828,0.0005,False
solved,numba,llr40v11-oss120b-c,v11w2-kimi27sglang-fortran-skills,32,14,8,24,6,2,1.1144,0.967,3.2073,3.3168,0.0014,True
solved,numba,llr40v11-oss120b-c,v11w2-oss120b-c,32,8,0,32,8,0,0.9415,,,,0.0002,False
solved,numba,llr40v11-oss120b-c,v11w2-oss120b-c-skills,32,4,3,29,1,7,0.6754,0.8904,5.0627,5.6859,0.0,False
solved,numba,llr40v11-oss120b-c,v11w2-oss120b-fortran,32,14,9,23,5,3,1.8094,1.0829,3.0378,2.8053,0.0009,False
solved,numba,llr40v11-oss120b-c,v11w2-oss120b-fortran-skills,32,13,9,23,4,4,1.2438,0.9083,3.6136,3.9784,0.0003,True
solved,numba,llr40v11-oss120b-c,v11w2-qwen38-c,32,16,11,21,5,3,1.2074,0.7195,2.5712,3.5738,0.0025,True
solved,numba,llr40v11-oss120b-c,v11w2-qwen38-c-skills,32,14,11,21,3,5,0.9062,0.5181,2.368,4.5708,0.0003,False
solved,numba,llr40v11-oss120b-c,v11w2-qwen38-fortran,32,23,19,13,4,4,0.7436,0.6671,4.737,7.1009,0.049,False
solved,numba,llr40v11-oss120b-c,v11w2-qwen38-fortran-skills,32,17,12,20,5,3,0.914,0.545,2.7093,4.9712,0.0041,False
solved,numba,llr40v11-oss120b-c-skills,llr40v11-oss120b-fortran,35,26,26,9,0,5,0.7418,1.0362,6.2728,6.0534,0.0039,True
solved,numba,llr40v11-oss120b-c-skills,llr40v11-oss120b-fortran-skills,35,26,25,10,1,4,0.7935,0.9089,5.3785,5.9176,0.0117,False
solved,numba,llr40v11-oss120b-c-skills,llr40v11-qwen38-c,35,24,20,15,4,1,0.368,0.4988,6.6495,13.3307,0.0192,False
solved,numba,llr40v11-oss120b-c-skills,llr40v11-qwen38-c-skills,35,26,22,13,4,1,0.4656,0.5988,5.9284,9.9011,0.049,False
solved,numba,llr40v11-oss120b-c-skills,llr40v11-qwen38-fortran,35,17,16,19,1,4,0.4989,0.5033,5.1261,10.185,0.0,False
solved,numba,llr40v11-oss120b-c-skills,llr40v11-qwen38-fortran-skills,35,23,21,14,2,3,0.4128,0.6127,6.6043,10.7796,0.0042,False
solved,numba,llr40v11-oss120b-c-skills,v11w2-kimi27sglang-c,35,13,11,24,2,3,1.1202,0.5549,1.8616,3.3546,0.0,True
solved,numba,llr40v11-oss120b-c-skills,v11w2-kimi27sglang-c-skills,35,15,11,24,4,1,0.8724,0.642,1.9407,3.0231,0.0002,False
solved,numba,llr40v11-oss120b-c-skills,v11w2-kimi27sglang-fortran,35,14,11,24,3,2,0.6775,0.7339,3.5385,4.8214,0.0,False
solved,numba,llr40v11-oss120b-c-skills,v11w2-kimi27sglang-fortran-skills,35,14,12,23,2,3,0.9282,0.627,2.2877,3.6487,0.0,False
solved,numba,llr40v11-oss120b-c-skills,v11w2-oss120b-c,35,8,6,29,2,3,0.7842,0.7543,2.9387,3.8957,0.0,False
solved,numba,llr40v11-oss120b-c-skills,v11w2-oss120b-c-skills,35,4,0,35,4,1,0.5626,,,,0.0,False
solved,numba,llr40v11-oss120b-c-skills,v11w2-oss120b-fortran,35,14,9,26,5,0,1.5072,1.0111,1.7095,1.6907,0.0002,False
solved,numba,llr40v11-oss120b-c-skills,v11w2-oss120b-fortran-skills,35,13,9,26,4,1,1.036,1.1444,3.0647,2.678,0.0001,False
solved,numba,llr40v11-oss120b-c-skills,v11w2-qwen38-c,35,16,15,20,1,4,1.0057,0.7139,2.6603,3.7264,0.0,True
solved,numba,llr40v11-oss120b-c-skills,v11w2-qwen38-c-skills,35,14,13,22,1,4,0.7548,0.5534,2.806,5.0705,0.0,False
solved,numba,llr40v11-oss120b-c-skills,v11w2-qwen38-fortran,35,23,19,16,4,1,0.6194,0.6633,4.0166,6.0558,0.0118,False
solved,numba,llr40v11-oss120b-c-skills,v11w2-qwen38-fortran-skills,35,17,14,21,3,2,0.7613,0.4948,2.5175,5.088,0.0003,False
solved,numba,llr40v11-oss120b-fortran,llr40v11-oss120b-fortran-skills,26,26,22,4,4,10,1.0697,0.9852,6.9957,7.1009,1.0,True
solved,numba,llr40v11-oss120b-fortran,llr40v11-qwen38-c,26,24,15,11,9,5,0.4961,0.5913,9.6154,16.2606,0.8238,False
solved,numba,llr40v11-oss120b-fortran,llr40v11-qwen38-c-skills,26,26,17,9,9,5,0.6277,0.6872,8.787,12.7873,1.0,False
solved,numba,llr40v11-oss120b-fortran,llr40v11-qwen38-fortran,26,17,14,12,3,11,0.6726,0.526,6.2304,11.8455,0.0352,False
solved,numba,llr40v11-oss120b-fortran,llr40v11-qwen38-fortran-skills,26,23,19,7,4,10,0.5565,0.7216,9.1302,12.6525,0.5488,False
solved,numba,llr40v11-oss120b-fortran,v11w2-kimi27sglang-c,26,13,6,20,7,7,1.5101,0.7968,2.565,3.2193,0.0192,True
solved,numba,llr40v11-oss120b-fortran,v11w2-kimi27sglang-c-skills,26,15,6,20,9,5,1.176,0.7493,2.0952,2.796,0.0614,True
solved,numba,llr40v11-oss120b-fortran,v11w2-kimi27sglang-fortran,26,14,6,20,8,6,0.9133,1.0598,5.6017,5.2858,0.0357,True
solved,numba,llr40v11-oss120b-fortran,v11w2-kimi27sglang-fortran-skills,26,14,6,20,8,6,1.2513,0.556,3.1506,5.6671,0.0357,True
solved,numba,llr40v11-oss120b-fortran,v11w2-oss120b-c,26,8,3,23,5,9,1.0572,0.4306,3.9609,9.1974,0.0009,True
solved,numba,llr40v11-oss120b-fortran,v11w2-oss120b-c-skills,26,4,0,26,4,10,0.7584,,,,0.0001,False
solved,numba,llr40v11-oss120b-fortran,v11w2-oss120b-fortran,26,14,0,26,14,0,2.0318,,,,0.0807,False
solved,numba,llr40v11-oss120b-fortran,v11w2-oss120b-fortran-skills,26,13,4,22,9,5,1.3967,0.7456,2.7319,3.6639,0.0294,True
solved,numba,llr40v11-oss120b-fortran,v11w2-qwen38-c,26,16,11,15,5,9,1.3557,0.7066,3.2208,4.5584,0.0414,True
solved,numba,llr40v11-oss120b-fortran,v11w2-qwen38-c-skills,26,14,9,17,5,9,1.0175,0.412,2.9944,7.2676,0.0169,True
solved,numba,llr40v11-oss120b-fortran,v11w2-qwen38-fortran,26,23,12,14,11,3,0.835,0.8507,5.8533,6.8806,0.69,False
solved,numba,llr40v11-oss120b-fortran,v11w2-qwen38-fortran-skills,26,17,7,19,10,4,1.0263,0.2716,1.9841,7.3056,0.136,True
solved,numba,llr40v11-oss120b-fortran-skills,llr40v11-qwen38-c,26,24,17,9,7,7,0.4638,0.6538,8.7715,13.416,0.8036,False
solved,numba,llr40v11-oss120b-fortran-skills,llr40v11-qwen38-c-skills,26,26,17,9,9,5,0.5868,0.7853,7.622,9.7063,1.0,False
solved,numba,llr40v11-oss120b-fortran-skills,llr40v11-qwen38-fortran,26,17,14,12,3,11,0.6288,0.6636,6.6231,9.9808,0.0352,False
solved,numba,llr40v11-oss120b-fortran-skills,llr40v11-qwen38-fortran-skills,26,23,17,9,6,8,0.5202,0.7393,9.8033,13.2599,0.6072,False
solved,numba,llr40v11-oss120b-fortran-skills,v11w2-kimi27sglang-c,26,13,8,18,5,9,1.4117,0.602,2.467,4.0978,0.0106,True
solved,numba,llr40v11-oss120b-fortran-skills,v11w2-kimi27sglang-c-skills,26,15,5,21,10,4,1.0994,0.5649,2.6253,4.6475,0.0708,True
solved,numba,llr40v11-oss120b-fortran-skills,v11w2-kimi27sglang-fortran,26,14,7,19,7,7,0.8538,0.712,4.4929,6.3106,0.029,False
solved,numba,llr40v11-oss120b-fortran-skills,v11w2-kimi27sglang-fortran-skills,26,14,6,20,8,6,1.1698,0.8656,3.1506,3.6396,0.0357,True
solved,numba,llr40v11-oss120b-fortran-skills,v11w2-oss120b-c,26,8,3,23,5,9,0.9883,1.1571,3.1194,2.6959,0.0009,True
solved,numba,llr40v11-oss120b-fortran-skills,v11w2-oss120b-c-skills,26,4,1,25,3,11,0.709,1.2572,1.8532,1.4741,0.0,True
solved,numba,llr40v11-oss120b-fortran-skills,v11w2-oss120b-fortran,26,14,4,22,10,4,1.8995,1.1784,1.6243,1.3784,0.0501,False
solved,numba,llr40v11-oss120b-fortran-skills,v11w2-oss120b-fortran-skills,26,13,0,26,13,1,1.3057,,,,0.0533,False
solved,numba,llr40v11-oss120b-fortran-skills,v11w2-qwen38-c,26,16,9,17,7,7,1.2674,0.8623,2.4731,2.868,0.0639,True
solved,numba,llr40v11-oss120b-fortran-skills,v11w2-qwen38-c-skills,26,14,9,17,5,9,0.9513,0.536,3.2246,6.0157,0.0169,False
solved,numba,llr40v11-oss120b-fortran-skills,v11w2-qwen38-fortran,26,23,12,14,11,3,0.7806,0.7237,4.7104,6.5088,0.69,False
solved,numba,llr40v11-oss120b-fortran-skills,v11w2-qwen38-fortran-skills,26,17,9,17,8,6,0.9594,0.5785,2.0045,3.4649,0.1078,False
solved,numba,llr40v11-qwen38-c,llr40v11-qwen38-c-skills,24,26,20,4,6,10,1.2653,1.1449,14.999,13.1006,0.7539,False
solved,numba,llr40v11-qwen38-c,llr40v11-qwen38-fortran,24,17,11,13,6,10,1.3558,0.8645,13.267,15.3469,0.1671,True
solved,numba,llr40v11-qwen38-c,llr40v11-qwen38-fortran-skills,24,23,16,8,7,9,1.1218,1.0387,14.7639,14.2143,1.0,False
solved,numba,llr40v11-qwen38-c,v11w2-kimi27sglang-c,24,13,5,19,8,8,3.0442,0.9648,5.9246,6.1407,0.0522,True
solved,numba,llr40v11-qwen38-c,v11w2-kimi27sglang-c-skills,24,15,7,17,8,8,2.3707,1.0332,6.4192,6.2127,0.1078,False
solved,numba,llr40v11-qwen38-c,v11w2-kimi27sglang-fortran,24,14,8,16,6,10,1.8412,1.4131,12.7724,9.0387,0.0525,False
solved,numba,llr40v11-qwen38-c,v11w2-kimi27sglang-fortran-skills,24,14,5,19,9,7,2.5225,1.1112,10.1799,9.1609,0.0872,False
solved,numba,llr40v11-qwen38-c,v11w2-oss120b-c,24,8,3,21,5,11,2.1311,1.3523,14.488,10.7134,0.0025,False
solved,numba,llr40v11-qwen38-c,v11w2-oss120b-c-skills,24,4,3,21,1,15,1.5289,1.1343,6.4497,5.6859,0.0,False
solved,numba,llr40v11-qwen38-c,v11w2-oss120b-fortran,24,14,9,15,5,11,4.0959,1.8988,7.5627,3.9828,0.0414,False
solved,numba,llr40v11-qwen38-c,v11w2-oss120b-fortran-skills,24,13,6,18,7,9,2.8155,1.5087,9.555,6.3331,0.0433,False
solved,numba,llr40v11-qwen38-c,v11w2-qwen38-c,24,16,0,24,16,0,2.733,,,,0.2682,False
solved,numba,llr40v11-qwen38-c,v11w2-qwen38-c-skills,24,14,4,20,10,6,2.0512,0.7219,4.3499,6.0257,0.0987,True
solved,numba,llr40v11-qwen38-c,v11w2-qwen38-fortran,24,23,13,11,10,6,1.6832,0.961,11.3696,11.8312,1.0,True
solved,numba,llr40v11-qwen38-c,v11w2-qwen38-fortran-skills,24,17,8,16,9,7,2.0689,1.0406,8.3367,8.0114,0.2295,False
solved,numba,llr40v11-qwen38-c-skills,llr40v11-qwen38-fortran,26,17,12,14,5,9,1.0716,0.8021,8.6285,10.7579,0.0636,True
solved,numba,llr40v11-qwen38-c-skills,llr40v11-qwen38-fortran-skills,26,23,16,10,7,7,0.8866,0.9092,15.9178,17.5067,0.6291,False
solved,numba,llr40v11-qwen38-c-skills,v11w2-kimi27sglang-c,26,13,6,20,7,7,2.4059,1.3169,3.8063,2.8903,0.0192,False
solved,numba,llr40v11-qwen38-c-skills,v11w2-kimi27sglang-c-skills,26,15,7,19,8,6,1.8737,1.472,6.8335,4.6422,0.0522,False
solved,numba,llr40v11-qwen38-c-skills,v11w2-kimi27sglang-fortran,26,14,8,18,6,8,1.4551,1.5455,10.3639,6.706,0.0227,False
solved,numba,llr40v11-qwen38-c-skills,v11w2-kimi27sglang-fortran-skills,26,14,6,20,8,6,1.9936,0.9885,5.3122,5.3742,0.0357,True
solved,numba,llr40v11-qwen38-c-skills,v11w2-oss120b-c,26,8,5,21,3,11,1.6843,1.3292,5.537,4.1657,0.0003,False
solved,numba,llr40v11-qwen38-c-skills,v11w2-oss120b-c-skills,26,4,3,23,1,13,1.2083,1.1765,6.6893,5.6859,0.0,False
solved,numba,llr40v11-qwen38-c-skills,v11w2-oss120b-fortran,26,14,9,17,5,9,3.2371,1.6374,5.6608,3.4573,0.0169,False
solved,numba,llr40v11-qwen38-c-skills,v11w2-oss120b-fortran-skills,26,13,8,18,5,9,2.2252,1.4963,9.8242,6.5657,0.0106,False
solved,numba,llr40v11-qwen38-c-skills,v11w2-qwen38-c,26,16,6,20,10,4,2.16,0.7863,3.4745,4.419,0.0987,True
solved,numba,llr40v11-qwen38-c-skills,v11w2-qwen38-c-skills,26,14,0,26,14,0,1.6212,,,,0.0807,False
solved,numba,llr40v11-qwen38-c-skills,v11w2-qwen38-fortran,26,23,14,12,9,5,1.3303,0.9859,10.6098,10.7617,0.6636,True
solved,numba,llr40v11-qwen38-c-skills,v11w2-qwen38-fortran-skills,26,17,10,16,7,7,1.6351,0.9754,4.3262,4.4352,0.0931,True
solved,numba,llr40v11-qwen38-fortran,llr40v11-qwen38-fortran-skills,17,23,10,7,13,10,0.8274,1.0584,18.7533,17.7192,0.2632,True
solved,numba,llr40v11-qwen38-fortran,v11w2-kimi27sglang-c,17,13,4,13,9,14,2.2452,0.9491,3.6548,3.8508,0.5235,True
solved,numba,llr40v11-qwen38-fortran,v11w2-kimi27sglang-c-skills,17,15,6,11,9,14,1.7485,1.5519,4.6367,2.9878,0.8238,False
solved,numba,llr40v11-qwen38-fortran,v11w2-kimi27sglang-fortran,17,14,4,13,10,13,1.358,2.7251,11.4197,4.1906,0.6776,False
solved,numba,llr40v11-qwen38-fortran,v11w2-kimi27sglang-fortran-skills,17,14,4,13,10,13,1.8605,0.8592,6.773,7.8829,0.6776,True
solved,numba,llr40v11-qwen38-fortran,v11w2-oss120b-c,17,8,4,13,4,19,1.5718,1.0748,8.2234,7.651,0.049,False
solved,numba,llr40v11-qwen38-fortran,v11w2-oss120b-c-skills,17,4,1,16,3,20,1.1276,0.8444,1.2447,1.4741,0.0044,True
solved,numba,llr40v11-qwen38-fortran,v11w2-oss120b-fortran,17,14,3,14,11,12,3.021,2.1875,2.4979,1.1419,0.69,False
solved,numba,llr40v11-qwen38-fortran,v11w2-oss120b-fortran-skills,17,13,2,15,11,12,2.0766,2.3298,4.7221,2.0268,0.5572,False
solved,numba,llr40v11-qwen38-fortran,v11w2-qwen38-c,17,16,6,11,10,13,2.0157,0.7106,3.3835,4.7614,1.0,True
solved,numba,llr40v11-qwen38-fortran,v11w2-qwen38-c-skills,17,14,5,12,9,14,1.5129,0.349,5.866,16.809,0.6636,True
solved,numba,llr40v11-qwen38-fortran,v11w2-qwen38-fortran,17,23,0,17,23,0,1.2415,,,,0.4296,False
solved,numba,llr40v11-qwen38-fortran,v11w2-qwen38-fortran-skills,17,17,7,10,10,13,1.5259,0.5442,3.1536,5.7947,1.0,True
solved,numba,llr40v11-qwen38-fortran-skills,v11w2-kimi27sglang-c,23,13,6,17,7,10,2.7137,1.4913,4.922,3.3004,0.0639,False
solved,numba,llr40v11-qwen38-fortran-skills,v11w2-kimi27sglang-c-skills,23,15,7,16,8,9,2.1134,1.2447,4.6159,3.7084,0.1516,False
solved,numba,llr40v11-qwen38-fortran-skills,v11w2-kimi27sglang-fortran,23,14,7,16,7,10,1.6413,1.3847,9.3823,6.7755,0.0931,False
solved,numba,llr40v11-qwen38-fortran-skills,v11w2-kimi27sglang-fortran-skills,23,14,7,16,7,10,2.2487,0.9169,4.4738,4.879,0.0931,True
solved,numba,llr40v11-qwen38-fortran-skills,v11w2-oss120b-c,23,8,3,20,5,12,1.8998,1.1268,12.0721,10.7134,0.0041,False
solved,numba,llr40v11-qwen38-fortran-skills,v11w2-oss120b-c-skills,23,4,1,22,3,14,1.3629,0.9327,9.3823,10.0591,0.0002,True
solved,numba,llr40v11-qwen38-fortran-skills,v11w2-oss120b-fortran,23,14,4,19,10,7,3.6513,1.3478,5.3077,3.9379,0.136,False
solved,numba,llr40v11-qwen38-fortran-skills,v11w2-oss120b-fortran-skills,23,13,5,18,8,9,2.5099,1.1002,6.352,5.7733,0.0755,False
solved,numba,llr40v11-qwen38-fortran-skills,v11w2-qwen38-c,23,16,7,16,9,8,2.4363,1.1894,5.9028,4.963,0.2295,False
solved,numba,llr40v11-qwen38-fortran-skills,v11w2-qwen38-c-skills,23,14,7,16,7,10,1.8286,0.8626,3.6665,4.2506,0.0931,True
solved,numba,llr40v11-qwen38-fortran-skills,v11w2-qwen38-fortran,23,23,13,10,10,7,1.5005,0.9736,7.4745,7.6774,1.0,True
solved,numba,llr40v11-qwen38-fortran-skills,v11w2-qwen38-fortran-skills,23,17,0,23,17,0,1.8443,,,,0.4296,False
solved,numba,v11w2-kimi27sglang-c,v11w2-kimi27sglang-c-skills,13,15,7,6,8,19,0.7788,1.1527,5.321,4.6159,0.7905,True
solved,numba,v11w2-kimi27sglang-c,v11w2-kimi27sglang-fortran,13,14,8,5,6,21,0.6048,0.8412,4.6987,5.5854,1.0,False
solved,numba,v11w2-kimi27sglang-c,v11w2-kimi27sglang-fortran-skills,13,14,8,5,6,21,0.8286,0.8624,2.5291,2.9326,1.0,False
solved,numba,v11w2-kimi27sglang-c,v11w2-oss120b-c,13,8,4,9,4,23,0.7001,1.8999,6.1011,3.2113,0.2668,True
solved,numba,v11w2-kimi27sglang-c,v11w2-oss120b-c-skills,13,4,2,11,2,25,0.5022,1.8717,10.6779,5.7048,0.0225,True
solved,numba,v11w2-kimi27sglang-c,v11w2-oss120b-fortran,13,14,7,6,7,20,1.3455,2.5336,4.8376,1.9094,1.0,False
solved,numba,v11w2-kimi27sglang-c,v11w2-oss120b-fortran-skills,13,13,4,9,9,18,0.9249,2.2782,4.5832,2.0118,1.0,True
solved,numba,v11w2-kimi27sglang-c,v11w2-qwen38-c,13,16,8,5,8,19,0.8978,1.1088,3.0707,2.7695,0.5811,True
solved,numba,v11w2-kimi27sglang-c,v11w2-qwen38-c-skills,13,14,7,6,7,20,0.6738,1.1826,5.3059,4.4865,1.0,True
solved,numba,v11w2-kimi27sglang-c,v11w2-qwen38-fortran,13,23,9,4,14,13,0.5529,1.0662,4.0809,3.8274,0.0309,True
solved,numba,v11w2-kimi27sglang-c,v11w2-qwen38-fortran-skills,13,17,7,6,10,17,0.6796,1.4166,4.7355,3.3429,0.4545,True
solved,numba,v11w2-kimi27sglang-c-skills,v11w2-kimi27sglang-fortran,15,14,7,8,7,18,0.7766,0.8468,8.9269,10.5422,1.0,False
solved,numba,v11w2-kimi27sglang-c-skills,v11w2-kimi27sglang-fortran-skills,15,14,8,7,6,19,1.064,0.6005,3.6051,6.0033,1.0,True
solved,numba,v11w2-kimi27sglang-c-skills,v11w2-oss120b-c,15,8,5,10,3,22,0.8989,0.8018,7.2148,8.9983,0.0923,False
solved,numba,v11w2-kimi27sglang-c-skills,v11w2-oss120b-c-skills,15,4,3,12,1,24,0.6449,1.7691,24.795,14.0154,0.0034,True
solved,numba,v11w2-kimi27sglang-c-skills,v11w2-oss120b-fortran,15,14,9,6,5,20,1.7277,1.9825,7.7318,3.9,1.0,False
solved,numba,v11w2-kimi27sglang-c-skills,v11w2-oss120b-fortran-skills,15,13,9,6,4,21,1.1876,1.7076,6.2531,3.6618,0.7539,False
solved,numba,v11w2-kimi27sglang-c-skills,v11w2-qwen38-c,15,16,8,7,8,17,1.1528,0.7994,4.3662,5.4618,1.0,True
solved,numba,v11w2-kimi27sglang-c-skills,v11w2-qwen38-c-skills,15,14,8,7,6,19,0.8652,0.8094,5.6343,6.9609,1.0,False
solved,numba,v11w2-kimi27sglang-c-skills,v11w2-qwen38-fortran,15,23,9,6,14,11,0.71,1.0805,7.3974,6.8465,0.1153,True
solved,numba,v11w2-kimi27sglang-c-skills,v11w2-qwen38-fortran-skills,15,17,8,7,9,16,0.8727,0.8581,6.8578,7.9915,0.8036,False
solved,numba,v11w2-kimi27sglang-fortran,v11w2-kimi27sglang-fortran-skills,14,14,6,8,8,18,1.3701,0.995,4.0005,4.0204,1.0,True
solved,numba,v11w2-kimi27sglang-fortran,v11w2-oss120b-c,14,8,4,10,4,22,1.1575,2.1784,13.5244,6.2083,0.1796,False
solved,numba,v11w2-kimi27sglang-fortran,v11w2-oss120b-c-skills,14,4,2,12,2,24,0.8304,1.6042,26.5395,16.5435,0.0129,True
solved,numba,v11w2-kimi27sglang-fortran,v11w2-oss120b-fortran,14,14,8,6,6,20,2.2246,2.2697,7.8535,3.4601,1.0,False
solved,numba,v11w2-kimi27sglang-fortran,v11w2-oss120b-fortran-skills,14,13,6,8,7,19,1.5292,1.8471,6.9035,3.7375,1.0,False
solved,numba,v11w2-kimi27sglang-fortran,v11w2-qwen38-c,14,16,6,8,10,16,1.4844,1.2021,4.3825,3.6457,0.8145,False
solved,numba,v11w2-kimi27sglang-fortran,v11w2-qwen38-c-skills,14,14,6,8,8,18,1.1141,1.1324,6.525,5.7618,1.0,False
solved,numba,v11w2-kimi27sglang-fortran,v11w2-qwen38-fortran,14,23,10,4,13,13,0.9142,0.9648,7.9617,8.2521,0.049,False
solved,numba,v11w2-kimi27sglang-fortran,v11w2-qwen38-fortran-skills,14,17,7,7,10,16,1.1237,1.0332,6.4834,6.2748,0.6291,False
solved,numba,v11w2-kimi27sglang-fortran-skills,v11w2-oss120b-c,14,8,6,8,2,24,0.8448,1.9902,8.0014,4.0204,0.1094,True
solved,numba,v11w2-kimi27sglang-fortran-skills,v11w2-oss120b-c-skills,14,4,2,12,2,24,0.6061,1.7633,26.2767,14.9023,0.0129,True
solved,numba,v11w2-kimi27sglang-fortran-skills,v11w2-oss120b-fortran,14,14,8,6,6,20,1.6237,2.1435,4.2962,2.0043,1.0,False
solved,numba,v11w2-kimi27sglang-fortran-skills,v11w2-oss120b-fortran-skills,14,13,7,7,6,20,1.1162,2.3732,5.9533,2.5085,1.0,False
solved,numba,v11w2-kimi27sglang-fortran-skills,v11w2-qwen38-c,14,16,9,5,7,19,1.0834,1.1169,3.3929,3.0378,0.7744,False
solved,numba,v11w2-kimi27sglang-fortran-skills,v11w2-qwen38-c-skills,14,14,8,6,6,20,0.8132,1.0923,4.4706,4.0927,1.0,True
solved,numba,v11w2-kimi27sglang-fortran-skills,v11w2-qwen38-fortran,14,23,10,4,13,13,0.6673,1.1057,3.9793,3.5988,0.049,True
solved,numba,v11w2-kimi27sglang-fortran-skills,v11w2-qwen38-fortran-skills,14,17,7,7,10,16,0.8202,1.0071,4.7965,4.7625,0.6291,True
solved,numba,v11w2-oss120b-c,v11w2-oss120b-c-skills,8,4,1,7,3,29,0.7174,1.051,23.2035,22.0774,0.3438,True
solved,numba,v11w2-oss120b-c,v11w2-oss120b-fortran,8,14,5,3,9,23,1.922,1.2978,4.309,3.3201,0.146,False
solved,numba,v11w2-oss120b-c,v11w2-oss120b-fortran-skills,8,13,4,4,9,23,1.3212,2.0369,10.7045,5.2552,0.2668,False
solved,numba,v11w2-oss120b-c,v11w2-qwen38-c,8,16,5,3,11,21,1.2824,0.5396,3.9321,7.287,0.0574,True
solved,numba,v11w2-oss120b-c,v11w2-qwen38-c-skills,8,14,3,5,11,21,0.9625,0.6223,9.7309,15.6365,0.2101,False
solved,numba,v11w2-oss120b-c,v11w2-qwen38-fortran,8,23,4,4,19,13,0.7898,0.5356,4.2855,8.0014,0.0026,False
solved,numba,v11w2-oss120b-c,v11w2-qwen38-fortran-skills,8,17,5,3,12,20,0.9708,0.4422,3.9321,8.8915,0.0352,False
solved,numba,v11w2-oss120b-c-skills,v11w2-oss120b-fortran,4,14,4,0,10,26,2.679,1.1381,7.9815,7.0131,0.002,False
solved,numba,v11w2-oss120b-c-skills,v11w2-oss120b-fortran-skills,4,13,3,1,10,26,1.8415,1.1231,14.0154,12.4792,0.0117,False
solved,numba,v11w2-oss120b-c-skills,v11w2-qwen38-c,4,16,1,3,15,21,1.7876,0.3281,22.0774,67.2885,0.0075,True
solved,numba,v11w2-oss120b-c-skills,v11w2-qwen38-c-skills,4,14,1,3,13,23,1.3416,0.4648,22.0774,47.4999,0.0213,True
solved,numba,v11w2-oss120b-c-skills,v11w2-qwen38-fortran,4,23,3,1,20,16,1.1009,0.7981,14.0154,17.5613,0.0,True
solved,numba,v11w2-oss120b-c-skills,v11w2-qwen38-fortran-skills,4,17,3,1,14,22,1.3532,0.6285,7.3892,11.756,0.001,True
solved,numba,v11w2-oss120b-fortran,v11w2-oss120b-fortran-skills,14,13,9,5,4,22,0.6874,0.9706,4.5328,4.6702,1.0,False
solved,numba,v11w2-oss120b-fortran,v11w2-qwen38-c,14,16,5,9,11,15,0.6673,0.4141,1.7668,4.2663,0.8238,False
solved,numba,v11w2-oss120b-fortran,v11w2-qwen38-c-skills,14,14,5,9,9,17,0.5008,0.5494,2.2793,4.1491,1.0,False
solved,numba,v11w2-oss120b-fortran,v11w2-qwen38-fortran,14,23,11,3,12,14,0.4109,0.5042,3.87,7.6753,0.0352,False
solved,numba,v11w2-oss120b-fortran,v11w2-qwen38-fortran-skills,14,17,10,4,7,19,0.5051,0.5248,2.6647,5.0779,0.5488,False
solved,numba,v11w2-oss120b-fortran-skills,v11w2-qwen38-c,13,16,7,6,9,18,0.9707,0.3969,3.1313,7.8885,0.6072,False
solved,numba,v11w2-oss120b-fortran-skills,v11w2-qwen38-c-skills,13,14,5,8,9,18,0.7285,0.3824,2.23,5.8311,1.0,False
solved,numba,v11w2-oss120b-fortran-skills,v11w2-qwen38-fortran,13,23,11,2,12,15,0.5978,0.6102,4.9765,8.1549,0.0129,False
solved,numba,v11w2-oss120b-fortran-skills,v11w2-qwen38-fortran-skills,13,17,8,5,9,18,0.7348,0.3376,3.6231,10.7312,0.424,False
solved,numba,v11w2-qwen38-c,v11w2-qwen38-c-skills,16,14,10,6,4,20,0.7505,0.7591,4.4929,5.9187,0.7539,False
solved,numba,v11w2-qwen38-c,v11w2-qwen38-fortran,16,23,10,6,13,11,0.6159,1.1201,4.2962,3.8355,0.1671,True
solved,numba,v11w2-qwen38-c,v11w2-qwen38-fortran-skills,16,17,9,7,8,16,0.757,0.9154,4.1126,4.4929,1.0,False
solved,numba,v11w2-qwen38-c-skills,v11w2-qwen38-fortran,14,23,9,5,14,12,0.8206,0.8519,3.3408,3.9216,0.0636,False
solved,numba,v11w2-qwen38-c-skills,v11w2-qwen38-fortran-skills,14,17,7,7,10,16,1.0086,0.9394,8.3263,8.8637,0.6291,True
solved,numba,v11w2-qwen38-fortran,v11w2-qwen38-fortran-skills,23,17,10,13,7,10,1.2291,1.1268,6.7294,5.972,0.2632,False
