arm,baseline,language,benchmark,run_root,job,run_id,attempt_index,speedup,baseline_ns,native_ns,suspect,source_provenance,source_path,sha256
gpuv2-llr40-oss120b-hip,numba,hip,argmax_with_index,627167,627167,gpuv2-llr40-oss120b-hip.n0.p0.w0,1,240.478888,363862789.000000,1452813.000000,0.000000,graded_attempt,sources/gpuv2-llr40-oss120b-hip/argmax_with_index/627167.627167.gpuv2-llr40-oss120b-hip.n0.p0.w0/candidate_01_submission.txt,9a2b49928d2554d91ecb5dbbb1ef25012b99ef86ecc52f141ee444de107ba88a
gpuv2-llr40-oss120b-hip-skills,numba,hip,argmax_with_index,627168,627168,gpuv2-llr40-oss120b-hip-skills.n0.p0.w0,1,240.478888,363901506.000000,1446002.000000,0.000000,graded_attempt,sources/gpuv2-llr40-oss120b-hip-skills/argmax_with_index/627168.627168.gpuv2-llr40-oss120b-hip-skills.n0.p0.w0/candidate_01_submission.txt,97a9b8aa1c621c1c904599ba46330b514abc13b50c786dd9edeb917f5dce978b
gpuv2-llr40-qwen38-hip,numba,hip,argmax_with_index,627017,627017,gpuv2-llr40-qwen38-hip.n0.p0.w0,1,250.243295,364142924.000000,1391319.000000,0.000000,graded_attempt,sources/gpuv2-llr40-qwen38-hip/argmax_with_index/627017.627017.gpuv2-llr40-qwen38-hip.n0.p0.w0/candidate_01_submission.txt,ee0320098af961300dd29c64376e1199629629be15114a0789c9bd23447f2acc
gpuv2-llr40-qwen38-hip-skills,numba,hip,argmax_with_index,626646,626646,gpuv2-llr40-qwen38-hip-skills.n0.p0.w0,1,247.765638,364318995.000000,1426666.000000,0.000000,graded_attempt,sources/gpuv2-llr40-qwen38-hip-skills/argmax_with_index/626646.626646.gpuv2-llr40-qwen38-hip-skills.n0.p0.w0/candidate_01_submission.txt,87d6ef3c5f2ea6f4e2350df568d24195b941aac8ff614c951efa7957a0077866
gpuv2-llr40-qwen38-hip-skills,numba,hip,argmax_with_index,627229,627229,gpuv2-llr40-qwen38-hip-skills.n0.p0.w0,1,137.746325,363610533.000000,2577342.000000,0.000000,graded_attempt,sources/gpuv2-llr40-qwen38-hip-skills/argmax_with_index/627229.627229.gpuv2-llr40-qwen38-hip-skills.n0.p0.w0/candidate_01_submission.txt,4933df6b92b7cdf6b65528ac4fa680a1a4696e74f77d79cb0514ac89cf8fe386
gpuv2-llr40-qwen38-hip-skills,numba,hip,argmax_with_index,627229,627229,gpuv2-llr40-qwen38-hip-skills.n0.p0.w0,2,137.746325,363610533.000000,2550241.000000,0.000000,graded_attempt,sources/gpuv2-llr40-qwen38-hip-skills/argmax_with_index/627229.627229.gpuv2-llr40-qwen38-hip-skills.n0.p0.w0/candidate_01_submission.txt,4933df6b92b7cdf6b65528ac4fa680a1a4696e74f77d79cb0514ac89cf8fe386
gpuv4-llr40-oss120b-pytriton,numba,python,argmax_with_index,627175,627175,gpuv4-llr40-oss120b-pytriton.n0.p0.w0,1,2.928926,363795401.000000,122846192.000000,0.000000,graded_attempt,sources/gpuv4-llr40-oss120b-pytriton/argmax_with_index/627175.627175.gpuv4-llr40-oss120b-pytriton.n0.p0.w0/candidate_01_submission.txt,b65bceca8f14ec18352a74864fbafa9aa50df4b65ec3df7aa8873d9462d70a05
gpuv4-llr40-qwen38-pytriton,numba,python,argmax_with_index,626523,626523,gpuv4-llr40-qwen38-pytriton.n0.p0.w0,1,18.457060,363959910.000000,18553725.000000,0.000000,graded_attempt,sources/gpuv4-llr40-qwen38-pytriton/argmax_with_index/626523.626523.gpuv4-llr40-qwen38-pytriton.n0.p0.w0/candidate_01_submission.txt,8472bab44fb0e0ceac292eb46be0e29f6e79c14544ac64b563dd6b0148c41b23
gpuv4-llr40-qwen38-pytriton,numba,python,argmax_with_index,627019,627019,gpuv4-llr40-qwen38-pytriton.n0.p0.w0,2,11.562665,363924670.000000,25792173.000000,0.000000,graded_attempt,sources/gpuv4-llr40-qwen38-pytriton/argmax_with_index/627019.627019.gpuv4-llr40-qwen38-pytriton.n0.p0.w0/candidate_02_submission.txt,414526e6fe5b5f8d630c16fb2233b14d0bdd424208f4dabfcf563ea018484081
gpuv4-llr40-qwen38-pytriton,numba,python,argmax_with_index,627019,627019,gpuv4-llr40-qwen38-pytriton.n0.p0.w0,1,3.017675,363924670.000000,116664088.000000,0.000000,graded_attempt,sources/gpuv4-llr40-qwen38-pytriton/argmax_with_index/627019.627019.gpuv4-llr40-qwen38-pytriton.n0.p0.w0/candidate_01_submission.txt,74470957a8c967b288d07427b0effe5a5e16a946c2026de707affcdfb3e16918
gpuv4-llr40-qwen38-pytriton-skills,numba,python,argmax_with_index,627231,627231,gpuv4-llr40-qwen38-pytriton-skills.n0.p0.w0,1,17.215233,363638170.000000,18026051.000000,0.000000,graded_attempt,sources/gpuv4-llr40-qwen38-pytriton-skills/argmax_with_index/627231.627231.gpuv4-llr40-qwen38-pytriton-skills.n0.p0.w0/candidate_01_submission.txt,be4f1859ae8f9587b5279f9d22cf789a55e2a196c855712231f6708f44fcb125
gpuv4-llr40-qwen38-pytriton-skills,numba,python,argmax_with_index,627020,627020,gpuv4-llr40-qwen38-pytriton-skills.n0.p0.w0,2,15.126381,364324640.000000,22430295.000000,0.000000,graded_attempt,sources/gpuv4-llr40-qwen38-pytriton-skills/argmax_with_index/627020.627020.gpuv4-llr40-qwen38-pytriton-skills.n0.p0.w0/candidate_02_submission.txt,9872594efe85abc966defd15907eba30c49c41967d00f8f4c0d2f166dab357a3
gpuv4-llr40-qwen38-pytriton-skills,numba,python,argmax_with_index,627020,627020,gpuv4-llr40-qwen38-pytriton-skills.n0.p0.w0,1,2.759181,364324640.000000,128554324.000000,0.000000,graded_attempt,sources/gpuv4-llr40-qwen38-pytriton-skills/argmax_with_index/627020.627020.gpuv4-llr40-qwen38-pytriton-skills.n0.p0.w0/candidate_01_submission.txt,dc662fd9763fba43c3794d8785b6194206b0a1be7020dcf83e5a9d1302670aeb
llr40v10-kimi27sglang-c,c,c,argmax_with_index,621017,621017,llr40v10-kimi27sglang-c.n0.p0.w0,1,15.277645,363575458.000000,22088738.000000,0.000000,graded_attempt,sources/llr40v10-kimi27sglang-c/argmax_with_index/621017.621017.llr40v10-kimi27sglang-c.n0.p0.w0/candidate_01_submission.txt,a6cea46e209e382a152267f01f8fea494c7e621f240245aa4e8f6b9181404dd1
llr40v10-kimi27sglang-c-skills,numba,c,argmax_with_index,621025,621025,llr40v10-kimi27sglang-c-skills.n0.p0.w0,3,20.388077,364147353.000000,17290978.000000,0.000000,graded_attempt,sources/llr40v10-kimi27sglang-c-skills/argmax_with_index/621025.621025.llr40v10-kimi27sglang-c-skills.n0.p0.w0/candidate_02_submission.txt,ec8285255f3f43d8a16fd1173190faf5cb1bf8ab4b30475d71d503789681ad20
llr40v10-kimi27sglang-c-skills,numba,c,argmax_with_index,621025,621025,llr40v10-kimi27sglang-c-skills.n0.p0.w0,2,17.561259,364194241.000000,19400046.000000,0.000000,graded_attempt,sources/llr40v10-kimi27sglang-c-skills/argmax_with_index/621025.621025.llr40v10-kimi27sglang-c-skills.n0.p0.w0/candidate_02_submission.txt,ec8285255f3f43d8a16fd1173190faf5cb1bf8ab4b30475d71d503789681ad20
llr40v10-kimi27sglang-c-skills,numba,c,argmax_with_index,621025,621025,llr40v10-kimi27sglang-c-skills.n0.p0.w0,1,15.430422,364194241.000000,22074847.000000,0.000000,graded_attempt,sources/llr40v10-kimi27sglang-c-skills/argmax_with_index/621025.621025.llr40v10-kimi27sglang-c-skills.n0.p0.w0/candidate_01_submission.txt,56eb2fc65001229c5cc5d5959d7c39970b412fea755a5d0f3dafeb58a4b98e6d
llr40v10-kimi27sglang-fortran,numba,fortran,argmax_with_index,621731,621731,llr40v10-kimi27sglang-fortran.n0.p0.w0,2,15.584726,363992887.000000,21905791.000000,0.000000,graded_attempt,sources/llr40v10-kimi27sglang-fortran/argmax_with_index/621731.621731.llr40v10-kimi27sglang-fortran.n0.p0.w0/candidate_02_submission.txt,8ed19a4f8f2520197fb750e24ddbded1b6d311fbdf2be1916cc38b1740b3dd4f
llr40v10-kimi27sglang-fortran,numba,fortran,argmax_with_index,621731,621731,llr40v10-kimi27sglang-fortran.n0.p0.w0,4,15.277645,363992887.000000,22319157.000000,0.000000,graded_attempt,sources/llr40v10-kimi27sglang-fortran/argmax_with_index/621731.621731.llr40v10-kimi27sglang-fortran.n0.p0.w0/candidate_03_submission.txt,5558ddac41d9ef8b2c5611e157e523065c00b8396278cc15ed2c4310cd993a16
llr40v10-kimi27sglang-fortran,numba,fortran,argmax_with_index,621731,621731,llr40v10-kimi27sglang-fortran.n0.p0.w0,3,15.126381,363992887.000000,22130285.000000,0.000000,graded_attempt,sources/llr40v10-kimi27sglang-fortran/argmax_with_index/621731.621731.llr40v10-kimi27sglang-fortran.n0.p0.w0/candidate_03_submission.txt,5558ddac41d9ef8b2c5611e157e523065c00b8396278cc15ed2c4310cd993a16
llr40v10-kimi27sglang-fortran,c,fortran,argmax_with_index,621021,621021,llr40v10-kimi27sglang-fortran.n0.p0.w0,1,1.000000,363594074.000000,363970781.000000,0.000000,graded_attempt,sources/llr40v10-kimi27sglang-fortran/argmax_with_index/621021.621021.llr40v10-kimi27sglang-fortran.n0.p0.w0/candidate_01_submission.txt,ff69d2d5f033bdac3319e25f20aeb928d0e64bc5aefe7d5a7bbd4375de425fe4
llr40v10-kimi27sglang-fortran,numba,fortran,argmax_with_index,621731,621731,llr40v10-kimi27sglang-fortran.n0.p0.w0,1,1.000000,363992887.000000,364791061.000000,0.000000,graded_attempt,sources/llr40v10-kimi27sglang-fortran/argmax_with_index/621731.621731.llr40v10-kimi27sglang-fortran.n0.p0.w0/candidate_01_submission.txt,64f7a32680dc53a36d70442e296118428b65a3dfb4fd34f3e93484c78c2b71bb
llr40v10-kimi27sglang-fortran-skills,numba,fortran,argmax_with_index,621029,621029,llr40v10-kimi27sglang-fortran-skills.n0.p0.w0,1,10.363891,363195022.000000,34475840.000000,0.000000,graded_attempt,sources/llr40v10-kimi27sglang-fortran-skills/argmax_with_index/621029.621029.llr40v10-kimi27sglang-fortran-skills.n0.p0.w0/candidate_01_submission.txt,fe1ab35385f1ef174440183ba0d0cd6c681e1c689a23a10cb4aa323be016aaa5
llr40v10-oss120b-c,c,c,argmax_with_index,621382,621382,llr40v10-oss120b-c.n0.p0.w0,1,20.186214,364468438.000000,17382862.000000,0.000000,graded_attempt,sources/llr40v10-oss120b-c/argmax_with_index/621382.621382.llr40v10-oss120b-c.n0.p0.w0/candidate_01_submission.txt,18d4fde5cfdfb8d0f4b56a55c3bca9b810af5b7dc94ea09a804e2a9cd6dd238c
llr40v10-oss120b-c,c,c,argmax_with_index,621382,621382,llr40v10-oss120b-c.n0.p0.w0,2,20.186214,363929507.000000,17411881.000000,0.000000,graded_attempt,sources/llr40v10-oss120b-c/argmax_with_index/621382.621382.llr40v10-oss120b-c.n0.p0.w0/candidate_01_submission.txt,18d4fde5cfdfb8d0f4b56a55c3bca9b810af5b7dc94ea09a804e2a9cd6dd238c
llr40v10-oss120b-c,c,c,argmax_with_index,621015,621015,llr40v10-oss120b-c.n0.p0.w0,1,9.570880,363686116.000000,36266802.000000,0.000000,graded_attempt,sources/llr40v10-oss120b-c/argmax_with_index/621015.621015.llr40v10-oss120b-c.n0.p0.w0/candidate_01_submission.txt,bbd8c3d19835dc554066d8bf36321584f9d999841b866f622af836610f45a882
llr40v10-oss120b-c-skills,numba,c,argmax_with_index,621023,621023,llr40v10-oss120b-c-skills.n0.p0.w0,1,15.584726,364116000.000000,21975279.000000,0.000000,graded_attempt,sources/llr40v10-oss120b-c-skills/argmax_with_index/621023.621023.llr40v10-oss120b-c-skills.n0.p0.w0/candidate_01_submission.txt,f8b5966c316536e31af4dfc0a11df60533e1e8e1d787303cb4e8b2208f1b3792
llr40v10-oss120b-fortran-skills,numba,fortran,argmax_with_index,621027,621027,llr40v10-oss120b-fortran-skills.n0.p0.w0,1,3.718959,363949240.000000,94262975.000000,0.000000,graded_attempt,sources/llr40v10-oss120b-fortran-skills/argmax_with_index/621027.621027.llr40v10-oss120b-fortran-skills.n0.p0.w0/candidate_01_submission.txt,686c14cdc0e29d3acacf9bf81e7bf30205fe0df8f3a8fba2b6c4ea2d4265b4ae
llr40v10-qwen38-c,c,c,argmax_with_index,621383,621383,llr40v10-qwen38-c.n0.p0.w0,1,20.797877,363790577.000000,17214438.000000,0.000000,graded_attempt,sources/llr40v10-qwen38-c/argmax_with_index/621383.621383.llr40v10-qwen38-c.n0.p0.w0/candidate_01_submission.txt,f0f0bd5fc00d6edd7f844142986b31c29c784c166aaae3ad990c4ce6c2c09bfe
llr40v10-qwen38-c,c,c,argmax_with_index,621383,621383,llr40v10-qwen38-c.n0.p0.w0,2,20.797877,363609557.000000,17221751.000000,0.000000,graded_attempt,sources/llr40v10-qwen38-c/argmax_with_index/621383.621383.llr40v10-qwen38-c.n0.p0.w0/candidate_02_submission.txt,25ebf77a28d70e5c10e671cfefc55b618a0a57038dbe44f727fa21b6febe607b
llr40v10-qwen38-c,c,c,argmax_with_index,621383,621383,llr40v10-qwen38-c.n0.p0.w0,3,20.797877,363478161.000000,17226521.000000,0.000000,graded_attempt,sources/llr40v10-qwen38-c/argmax_with_index/621383.621383.llr40v10-qwen38-c.n0.p0.w0/candidate_03_submission.txt,7504ab500f0e4840e16ed69a05f5a931274eac32b4dc6dd582e1e27a8de1009c
llr40v10-qwen38-c,c,c,argmax_with_index,621383,621383,llr40v10-qwen38-c.n0.p0.w0,4,20.797877,363444330.000000,17205031.000000,0.000000,graded_attempt,sources/llr40v10-qwen38-c/argmax_with_index/621383.621383.llr40v10-qwen38-c.n0.p0.w0/candidate_03_submission.txt,7504ab500f0e4840e16ed69a05f5a931274eac32b4dc6dd582e1e27a8de1009c
llr40v10-qwen38-c,c,c,argmax_with_index,621383,621383,llr40v10-qwen38-c.n0.p0.w0,5,20.797877,363429721.000000,17249488.000000,0.000000,graded_attempt,sources/llr40v10-qwen38-c/argmax_with_index/621383.621383.llr40v10-qwen38-c.n0.p0.w0/candidate_03_submission.txt,7504ab500f0e4840e16ed69a05f5a931274eac32b4dc6dd582e1e27a8de1009c
llr40v10-qwen38-c,c,c,argmax_with_index,621016,621016,llr40v10-qwen38-c.n0.p0.w0,1,15.584726,363791422.000000,22102592.000000,0.000000,graded_attempt,sources/llr40v10-qwen38-c/argmax_with_index/621016.621016.llr40v10-qwen38-c.n0.p0.w0/candidate_01_submission.txt,5360f2a4292b3ea0cd036e9cce26e34bdaf385b7a87cf9dbc0216ad3f62fedc9
llr40v10-qwen38-fortran,c,fortran,argmax_with_index,621020,621020,llr40v10-qwen38-fortran.n0.p0.w0,1,15.430422,363933843.000000,22310692.000000,0.000000,graded_attempt,sources/llr40v10-qwen38-fortran/argmax_with_index/621020.621020.llr40v10-qwen38-fortran.n0.p0.w0/candidate_01_submission.txt,be8ad04b13d35bc6a44f007be789a54ba5af1b961780647c91e6c1cb1b6461f8
llr40v10-qwen38-fortran,numba,fortran,argmax_with_index,621728,621728,llr40v10-qwen38-fortran.n0.p0.w0,1,1.000000,364499697.000000,364128804.000000,0.000000,graded_attempt,sources/llr40v10-qwen38-fortran/argmax_with_index/621728.621728.llr40v10-qwen38-fortran.n0.p0.w0/candidate_01_submission.txt,7218d9dce3c35a8cbd1642e42fdcd64cb71dd0eb52bdcd8a30ffa553e6259234
llr40v11-kimi27sglang-c,numba,c,argmax_with_index,625533,625533,llr40v11-kimi27sglang-c.n0.p0.w0,1,14.536155,364720974.000000,23415250.000000,0.000000,graded_attempt,sources/llr40v11-kimi27sglang-c/argmax_with_index/625533.625533.llr40v11-kimi27sglang-c.n0.p0.w0/candidate_01_submission.txt,da956ec94fcc42ddea7984511af5f75bd89ea16f03139cc6a7994c843089cd5b
llr40v11-kimi27sglang-c-skills,numba,c,argmax_with_index,625537,625537,llr40v11-kimi27sglang-c-skills.n0.p0.w0,2,20.797877,363957557.000000,17141281.000000,0.000000,graded_attempt,sources/llr40v11-kimi27sglang-c-skills/argmax_with_index/625537.625537.llr40v11-kimi27sglang-c-skills.n0.p0.w0/candidate_02_submission.txt,966aa5bf008a3e018883ee2d5eed8b976005281b129baa134e713fd57a5babfb
llr40v11-kimi27sglang-c-skills,numba,c,argmax_with_index,625537,625537,llr40v11-kimi27sglang-c-skills.n0.p0.w0,1,15.430422,363957557.000000,22411510.000000,0.000000,graded_attempt,sources/llr40v11-kimi27sglang-c-skills/argmax_with_index/625537.625537.llr40v11-kimi27sglang-c-skills.n0.p0.w0/candidate_01_submission.txt,4d8e257f2091ba6e9fb8e3c7602dc34f1ef08f5d6adda59dbb2688031ba39ec3
llr40v11-kimi27sglang-fortran,numba,fortran,argmax_with_index,625541,625541,llr40v11-kimi27sglang-fortran.n0.p0.w0,1,15.430422,363801744.000000,21505161.000000,0.000000,graded_attempt,sources/llr40v11-kimi27sglang-fortran/argmax_with_index/625541.625541.llr40v11-kimi27sglang-fortran.n0.p0.w0/candidate_01_submission.txt,d1363e350efa80c278e9cefb14c0755e2843de3d35317777ae6b4e19b68a23eb
llr40v11-kimi27sglang-fortran-skills,numba,fortran,argmax_with_index,625545,625545,llr40v11-kimi27sglang-fortran-skills.n0.p0.w0,2,15.740573,363243681.000000,21555086.000000,0.000000,graded_attempt,sources/llr40v11-kimi27sglang-fortran-skills/argmax_with_index/625545.625545.llr40v11-kimi27sglang-fortran-skills.n0.p0.w0/candidate_02_submission.txt,a0c3d0f0b3ceb8556bb3446aa1580a739c48b2c1a0109ef19d945d150d09dbc3
llr40v11-kimi27sglang-fortran-skills,numba,fortran,argmax_with_index,625545,625545,llr40v11-kimi27sglang-fortran-skills.n0.p0.w0,1,9.666588,363243681.000000,35832751.000000,0.000000,graded_attempt,sources/llr40v11-kimi27sglang-fortran-skills/argmax_with_index/625545.625545.llr40v11-kimi27sglang-fortran-skills.n0.p0.w0/candidate_01_submission.txt,758a8b0f4e8459a9cdf9b7516298e83168729db5c5d7a14d822097a896e24919
llr40v11-oss120b-c,numba,c,argmax_with_index,625531,625531,llr40v11-oss120b-c.n0.p0.w0,1,15.584726,364401458.000000,21861814.000000,0.000000,graded_attempt,sources/llr40v11-oss120b-c/argmax_with_index/625531.625531.llr40v11-oss120b-c.n0.p0.w0/candidate_01_submission.txt,320f122d21825dfa5f4a0319eae6a6c23c56c6dc46450b58932ebbf988bbbd45
llr40v11-oss120b-c-skills,numba,c,argmax_with_index,625535,625535,llr40v11-oss120b-c-skills.n0.p0.w0,2,15.126381,363762926.000000,22167368.000000,0.000000,graded_attempt,sources/llr40v11-oss120b-c-skills/argmax_with_index/625535.625535.llr40v11-oss120b-c-skills.n0.p0.w0/candidate_01_submission.txt,728d3d51c1ef74323c11e8c8a7fed252dcf977e13de154b5b701436339f65583
llr40v11-oss120b-c-skills,numba,c,argmax_with_index,625535,625535,llr40v11-oss120b-c-skills.n0.p0.w0,1,14.828332,363762926.000000,22946964.000000,0.000000,graded_attempt,sources/llr40v11-oss120b-c-skills/argmax_with_index/625535.625535.llr40v11-oss120b-c-skills.n0.p0.w0/candidate_01_submission.txt,728d3d51c1ef74323c11e8c8a7fed252dcf977e13de154b5b701436339f65583
llr40v11-qwen38-c,numba,c,argmax_with_index,625532,625532,llr40v11-qwen38-c.n0.p0.w0,1,20.388077,364055630.000000,17197364.000000,0.000000,graded_attempt,sources/llr40v11-qwen38-c/argmax_with_index/625532.625532.llr40v11-qwen38-c.n0.p0.w0/candidate_01_submission.txt,ab7ae18ebdedc955b7b82a0efa5f8d804c84fde79c33cbe3e2988e2eda40d505
llr40v11-qwen38-c-skills,numba,c,argmax_with_index,625536,625536,llr40v11-qwen38-c-skills.n0.p0.w0,1,20.797877,364082600.000000,17290359.000000,0.000000,graded_attempt,sources/llr40v11-qwen38-c-skills/argmax_with_index/625536.625536.llr40v11-qwen38-c-skills.n0.p0.w0/candidate_01_submission.txt,0437a056829839c9c745c9fecdb644549c889b21442ae2974dd72d554a0fcd3c
llr40v9-kimi27sglang-c,c,c,argmax_with_index,619185,619185,llr40v9-kimi27sglang-c.n0.p0.w0,2,21.005856,363290326.000000,17087270.000000,0.000000,graded_attempt,sources/llr40v9-kimi27sglang-c/argmax_with_index/619185.619185.llr40v9-kimi27sglang-c.n0.p0.w0/candidate_02_submission.txt,8e9d2b30ff84b54ef62a53319c4544c3ecfd0da88875e426bf0adaf6288dab24
llr40v9-kimi27sglang-c,c,c,argmax_with_index,619185,619185,llr40v9-kimi27sglang-c.n0.p0.w0,3,21.005856,363522083.000000,17134392.000000,0.000000,graded_attempt,sources/llr40v9-kimi27sglang-c/argmax_with_index/619185.619185.llr40v9-kimi27sglang-c.n0.p0.w0/candidate_03_submission.txt,c8804d9d36125f27ac6f725b7364b9f5054dedd2edd8ae15cfd3150898ca7812
llr40v9-kimi27sglang-c,c,c,argmax_with_index,619185,619185,llr40v9-kimi27sglang-c.n0.p0.w0,9,21.005856,363386165.000000,17130431.000000,0.000000,graded_attempt,sources/llr40v9-kimi27sglang-c/argmax_with_index/619185.619185.llr40v9-kimi27sglang-c.n0.p0.w0/candidate_09_submission.txt,737177d5cc1286e4010757a0a00c437daf48a5eb22af36d4cf82ebf3be7abe9e
llr40v9-kimi27sglang-c,c,c,argmax_with_index,619185,619185,llr40v9-kimi27sglang-c.n0.p0.w0,17,21.005856,363520744.000000,17077273.000000,0.000000,graded_attempt,sources/llr40v9-kimi27sglang-c/argmax_with_index/619185.619185.llr40v9-kimi27sglang-c.n0.p0.w0/candidate_17_submission.txt,16f3455eeee3f61bcf1362b34229d457ac7a9e3c8d66b06c0ed8d2571a84a180
llr40v9-kimi27sglang-c,c,c,argmax_with_index,619185,619185,llr40v9-kimi27sglang-c.n0.p0.w0,19,21.005856,363080463.000000,17113302.000000,0.000000,graded_attempt,sources/llr40v9-kimi27sglang-c/argmax_with_index/619185.619185.llr40v9-kimi27sglang-c.n0.p0.w0/candidate_19_submission.txt,4b25f5e12c75cfaddad51b3f4348ad9c5c7f5d938bfb128dee1fc4f2bd2b2cb0
llr40v9-kimi27sglang-c,c,c,argmax_with_index,619185,619185,llr40v9-kimi27sglang-c.n0.p0.w0,20,21.005856,363634033.000000,17109701.000000,0.000000,graded_attempt,sources/llr40v9-kimi27sglang-c/argmax_with_index/619185.619185.llr40v9-kimi27sglang-c.n0.p0.w0/candidate_20_submission.txt,920c9e19aaf8b8178c62578039d796c5d34557b0cf2512dfe824bfef1c146de7
llr40v9-kimi27sglang-c,c,c,argmax_with_index,618223,618223,llr40v9-kimi27sglang-c.n0.p0.w0,3,20.797877,363915873.000000,17135420.000000,0.000000,graded_attempt,sources/llr40v9-kimi27sglang-c/argmax_with_index/618223.618223.llr40v9-kimi27sglang-c.n0.p0.w0/candidate_03_submission.txt,aec0225e5b123cf41971f82feb52a29359ae7708c5aea02e2514dd0354834327
llr40v9-kimi27sglang-c,c,c,argmax_with_index,618223,618223,llr40v9-kimi27sglang-c.n0.p0.w0,4,20.797877,363431971.000000,17134361.000000,0.000000,graded_attempt,sources/llr40v9-kimi27sglang-c/argmax_with_index/618223.618223.llr40v9-kimi27sglang-c.n0.p0.w0/candidate_03_submission.txt,aec0225e5b123cf41971f82feb52a29359ae7708c5aea02e2514dd0354834327
llr40v9-kimi27sglang-c,c,c,argmax_with_index,618223,618223,llr40v9-kimi27sglang-c.n0.p0.w0,5,20.797877,363594712.000000,17143268.000000,0.000000,graded_attempt,sources/llr40v9-kimi27sglang-c/argmax_with_index/618223.618223.llr40v9-kimi27sglang-c.n0.p0.w0/candidate_03_submission.txt,aec0225e5b123cf41971f82feb52a29359ae7708c5aea02e2514dd0354834327
llr40v9-kimi27sglang-c,c,c,argmax_with_index,619185,619185,llr40v9-kimi27sglang-c.n0.p0.w0,1,20.797877,363298882.000000,17130810.000000,0.000000,graded_attempt,sources/llr40v9-kimi27sglang-c/argmax_with_index/619185.619185.llr40v9-kimi27sglang-c.n0.p0.w0/candidate_01_submission.txt,68b0ae30e27f0f28b3ed678f2ab93d0c876fd759beb84e1c74d5b3fdef84cbff
llr40v9-kimi27sglang-c,c,c,argmax_with_index,619185,619185,llr40v9-kimi27sglang-c.n0.p0.w0,4,20.797877,363328561.000000,17128493.000000,0.000000,graded_attempt,sources/llr40v9-kimi27sglang-c/argmax_with_index/619185.619185.llr40v9-kimi27sglang-c.n0.p0.w0/candidate_04_submission.txt,f0db4ce65f30d4a4a58416fb127ab2cea0bca0b7fcf37ab41f7585ad9987eb03
llr40v9-kimi27sglang-c,c,c,argmax_with_index,619185,619185,llr40v9-kimi27sglang-c.n0.p0.w0,5,20.797877,363487816.000000,17103202.000000,0.000000,graded_attempt,sources/llr40v9-kimi27sglang-c/argmax_with_index/619185.619185.llr40v9-kimi27sglang-c.n0.p0.w0/candidate_05_submission.txt,e496725676a2f37041fe8e61d7046a1ee1dba1c33dca1234787ab8458007d662
llr40v9-kimi27sglang-c,c,c,argmax_with_index,619185,619185,llr40v9-kimi27sglang-c.n0.p0.w0,6,20.797877,363446898.000000,17112401.000000,0.000000,graded_attempt,sources/llr40v9-kimi27sglang-c/argmax_with_index/619185.619185.llr40v9-kimi27sglang-c.n0.p0.w0/candidate_06_submission.txt,e4e65828fa0276f1fd59e9d2ae8c1dac948d674ba9ca35d2bd3a25396c3068d4
llr40v9-kimi27sglang-c,c,c,argmax_with_index,619185,619185,llr40v9-kimi27sglang-c.n0.p0.w0,7,20.797877,362824581.000000,17120781.000000,0.000000,graded_attempt,sources/llr40v9-kimi27sglang-c/argmax_with_index/619185.619185.llr40v9-kimi27sglang-c.n0.p0.w0/candidate_07_submission.txt,e0406c39a1c7e400bb04a69f93da9b4cf14e47af97f3012a1844c975f73ef6a9
llr40v9-kimi27sglang-c,c,c,argmax_with_index,619185,619185,llr40v9-kimi27sglang-c.n0.p0.w0,10,20.797877,362801965.000000,17114061.000000,0.000000,graded_attempt,sources/llr40v9-kimi27sglang-c/argmax_with_index/619185.619185.llr40v9-kimi27sglang-c.n0.p0.w0/candidate_10_submission.txt,8054543dd1e1c434075c30db1d8095021bf9f33fef3728ce0efe73c206ea6faa
llr40v9-kimi27sglang-c,c,c,argmax_with_index,619185,619185,llr40v9-kimi27sglang-c.n0.p0.w0,11,20.797877,363507478.000000,17148160.000000,0.000000,graded_attempt,sources/llr40v9-kimi27sglang-c/argmax_with_index/619185.619185.llr40v9-kimi27sglang-c.n0.p0.w0/candidate_11_submission.txt,9f515c9008a4bbbf3004c1fc52b58a9d4eb27bfa33a16b8aa8277eaacf1fd484
llr40v9-kimi27sglang-c,c,c,argmax_with_index,619185,619185,llr40v9-kimi27sglang-c.n0.p0.w0,12,20.797877,363267617.000000,17103452.000000,0.000000,graded_attempt,sources/llr40v9-kimi27sglang-c/argmax_with_index/619185.619185.llr40v9-kimi27sglang-c.n0.p0.w0/candidate_04_submission.txt,f0db4ce65f30d4a4a58416fb127ab2cea0bca0b7fcf37ab41f7585ad9987eb03
llr40v9-kimi27sglang-c,c,c,argmax_with_index,619185,619185,llr40v9-kimi27sglang-c.n0.p0.w0,14,20.797877,363153396.000000,17160982.000000,0.000000,graded_attempt,sources/llr40v9-kimi27sglang-c/argmax_with_index/619185.619185.llr40v9-kimi27sglang-c.n0.p0.w0/candidate_14_submission.txt,5baecdedfb949117afac86d0db004add2891f16a5abefc5a1cbd121168a42c77
llr40v9-kimi27sglang-c,c,c,argmax_with_index,619185,619185,llr40v9-kimi27sglang-c.n0.p0.w0,16,20.797877,363254400.000000,17141913.000000,0.000000,graded_attempt,sources/llr40v9-kimi27sglang-c/argmax_with_index/619185.619185.llr40v9-kimi27sglang-c.n0.p0.w0/candidate_16_submission.txt,92cac26bb645d6ef7663a900f6ed7e4b5bbfce2fa23a41b5411151bb807a3866
llr40v9-kimi27sglang-c,c,c,argmax_with_index,619185,619185,llr40v9-kimi27sglang-c.n0.p0.w0,18,20.797877,363218267.000000,17105422.000000,0.000000,graded_attempt,sources/llr40v9-kimi27sglang-c/argmax_with_index/619185.619185.llr40v9-kimi27sglang-c.n0.p0.w0/candidate_18_submission.txt,675d80f5fcfade399db6c0accd0b594467cf48d3266b4b759e10c6bc188284de
llr40v9-kimi27sglang-c,c,c,argmax_with_index,618223,618223,llr40v9-kimi27sglang-c.n0.p0.w0,2,20.591957,363210203.000000,17129700.000000,0.000000,graded_attempt,sources/llr40v9-kimi27sglang-c/argmax_with_index/618223.618223.llr40v9-kimi27sglang-c.n0.p0.w0/candidate_02_submission.txt,103c46042476f97369a9d54bccb4d13c8a3db9f095c630ebfdf41c86934a6210
llr40v9-kimi27sglang-c,c,c,argmax_with_index,619185,619185,llr40v9-kimi27sglang-c.n0.p0.w0,15,20.591957,362862729.000000,17160982.000000,0.000000,graded_attempt,sources/llr40v9-kimi27sglang-c/argmax_with_index/619185.619185.llr40v9-kimi27sglang-c.n0.p0.w0/candidate_15_submission.txt,e672d6c46bf0a92c1a75cbbe9d9ae6699ca5845fc30b917d5bebb623ad21012d
llr40v9-kimi27sglang-c,c,c,argmax_with_index,619185,619185,llr40v9-kimi27sglang-c.n0.p0.w0,8,16.217528,363454816.000000,22039859.000000,0.000000,graded_attempt,sources/llr40v9-kimi27sglang-c/argmax_with_index/619185.619185.llr40v9-kimi27sglang-c.n0.p0.w0/candidate_08_submission.txt,e7a3c6a3c18b44a329388d750883ca7946909b323329fd38b90c815817fec348
llr40v9-kimi27sglang-c,c,c,argmax_with_index,618223,618223,llr40v9-kimi27sglang-c.n0.p0.w0,1,15.584726,363666379.000000,21817645.000000,0.000000,graded_attempt,sources/llr40v9-kimi27sglang-c/argmax_with_index/618223.618223.llr40v9-kimi27sglang-c.n0.p0.w0/candidate_01_submission.txt,91e0a3f0087cdbb904c05e7e49c0d0ce3c734be128446e9198a4384644879579
llr40v9-kimi27sglang-c,c,c,argmax_with_index,619185,619185,llr40v9-kimi27sglang-c.n0.p0.w0,13,10.784707,363390990.000000,33399247.000000,0.000000,graded_attempt,sources/llr40v9-kimi27sglang-c/argmax_with_index/619185.619185.llr40v9-kimi27sglang-c.n0.p0.w0/candidate_13_submission.txt,e21f8078da5fe36fcde6033d15a53cbc2c79084d50796370674c102d32a36673
llr40v9-kimi27sglang-c-skills,c,c,argmax_with_index,618232,618232,llr40v9-kimi27sglang-c-skills.n0.p0.w0,5,18.274317,364758851.000000,19438785.000000,0.000000,graded_attempt,sources/llr40v9-kimi27sglang-c-skills/argmax_with_index/618232.618232.llr40v9-kimi27sglang-c-skills.n0.p0.w0/candidate_05_submission.txt,3ef9be1b62d9469f5a5fb6652d6164afa1ecef1928135f278f5115da8ade755c
llr40v9-kimi27sglang-c-skills,c,c,argmax_with_index,618232,618232,llr40v9-kimi27sglang-c-skills.n0.p0.w0,6,18.274317,363775274.000000,19389236.000000,0.000000,graded_attempt,sources/llr40v9-kimi27sglang-c-skills/argmax_with_index/618232.618232.llr40v9-kimi27sglang-c-skills.n0.p0.w0/candidate_06_submission.txt,c40fa92e247f80a62345688c0449fd1cdffef43a4645df2d919c1c326dfafea5
llr40v9-kimi27sglang-c-skills,c,c,argmax_with_index,618232,618232,llr40v9-kimi27sglang-c-skills.n0.p0.w0,4,18.093383,364405321.000000,19361197.000000,0.000000,graded_attempt,sources/llr40v9-kimi27sglang-c-skills/argmax_with_index/618232.618232.llr40v9-kimi27sglang-c-skills.n0.p0.w0/candidate_04_submission.txt,5f5a5b8d6431038df2b26f9faa03a04969c759189cc00dac471fc158a0cd1100
llr40v9-kimi27sglang-c-skills,c,c,argmax_with_index,618232,618232,llr40v9-kimi27sglang-c-skills.n0.p0.w0,3,17.914240,364068174.000000,19673035.000000,0.000000,graded_attempt,sources/llr40v9-kimi27sglang-c-skills/argmax_with_index/618232.618232.llr40v9-kimi27sglang-c-skills.n0.p0.w0/candidate_03_submission.txt,e26857ac35104f8432cefd781a7251549695c8427d392eadd424f0c9f7dcf1a0
llr40v9-kimi27sglang-c-skills,c,c,argmax_with_index,618232,618232,llr40v9-kimi27sglang-c-skills.n0.p0.w0,2,17.736872,363994196.000000,19594205.000000,0.000000,graded_attempt,sources/llr40v9-kimi27sglang-c-skills/argmax_with_index/618232.618232.llr40v9-kimi27sglang-c-skills.n0.p0.w0/candidate_02_submission.txt,29ee3bd4725146bc6ffacf43c87a6c6d0a3ac7c2bc87f2baa50e58d048b397d8
llr40v9-kimi27sglang-c-skills,c,c,argmax_with_index,618232,618232,llr40v9-kimi27sglang-c-skills.n0.p0.w0,1,14.392233,364020195.000000,23232891.000000,0.000000,graded_attempt,sources/llr40v9-kimi27sglang-c-skills/argmax_with_index/618232.618232.llr40v9-kimi27sglang-c-skills.n0.p0.w0/candidate_01_submission.txt,f003a8375ea9664e899af0397078e1a14369d0353c7a847f3fc0f809569ccb3b
llr40v9-kimi27sglang-cpp,c,cpp,argmax_with_index,618224,618224,llr40v9-kimi27sglang-cpp.n0.p0.w0,1,20.591957,362928313.000000,17200532.000000,0.000000,graded_attempt,sources/llr40v9-kimi27sglang-cpp/argmax_with_index/618224.618224.llr40v9-kimi27sglang-cpp.n0.p0.w0/candidate_01_submission.txt,232b11cdc3c863d7f48a934bd36ca660ee9603040fb64a3f302dda556f5d4d29
llr40v9-kimi27sglang-cpp,c,cpp,argmax_with_index,618224,618224,llr40v9-kimi27sglang-cpp.n0.p0.w0,2,20.591957,363091737.000000,17158200.000000,0.000000,graded_attempt,sources/llr40v9-kimi27sglang-cpp/argmax_with_index/618224.618224.llr40v9-kimi27sglang-cpp.n0.p0.w0/candidate_02_submission.txt,1a4c8a699f32735c837e15c2a91a6ad4a60c3bceac12b2943cd9f5c1ae8b53d9
llr40v9-kimi27sglang-fortran,c,fortran,argmax_with_index,619186,619186,llr40v9-kimi27sglang-fortran.n0.p0.w0,5,21.005856,363599210.000000,17116172.000000,0.000000,graded_attempt,sources/llr40v9-kimi27sglang-fortran/argmax_with_index/619186.619186.llr40v9-kimi27sglang-fortran.n0.p0.w0/candidate_05_submission.txt,48d51c638e3ed872d15c6ec64fce83c45bccdf9e8389117828918ebe569eaaeb
llr40v9-kimi27sglang-fortran,c,fortran,argmax_with_index,619186,619186,llr40v9-kimi27sglang-fortran.n0.p0.w0,3,20.797877,363218328.000000,17101841.000000,0.000000,graded_attempt,sources/llr40v9-kimi27sglang-fortran/argmax_with_index/619186.619186.llr40v9-kimi27sglang-fortran.n0.p0.w0/candidate_03_submission.txt,979d2ea5994583154aa64d476d146547c703c68994500c61fe73470946817f73
llr40v9-kimi27sglang-fortran,c,fortran,argmax_with_index,619186,619186,llr40v9-kimi27sglang-fortran.n0.p0.w0,4,20.797877,362908434.000000,17111323.000000,0.000000,graded_attempt,sources/llr40v9-kimi27sglang-fortran/argmax_with_index/619186.619186.llr40v9-kimi27sglang-fortran.n0.p0.w0/candidate_04_submission.txt,62868ebafbbaf8c88c64e86cba854fd364ce52132e62f72cf4f01ee08a9df610
llr40v9-kimi27sglang-fortran,c,fortran,argmax_with_index,618225,618225,llr40v9-kimi27sglang-fortran.n0.p0.w0,6,18.457060,363523613.000000,17860051.000000,0.000000,graded_attempt,sources/llr40v9-kimi27sglang-fortran/argmax_with_index/618225.618225.llr40v9-kimi27sglang-fortran.n0.p0.w0/candidate_06_submission.txt,418dd577f6e9276421d7b3544e998d47d662f5622005dd1142c2be5dbb991be2
llr40v9-kimi27sglang-fortran,c,fortran,argmax_with_index,618225,618225,llr40v9-kimi27sglang-fortran.n0.p0.w0,3,18.274317,363567534.000000,18004172.000000,0.000000,graded_attempt,sources/llr40v9-kimi27sglang-fortran/argmax_with_index/618225.618225.llr40v9-kimi27sglang-fortran.n0.p0.w0/candidate_03_submission.txt,cd122f0954003eb46adbb3056cd942843cfdbe26c384b8ce77548118e3217507
llr40v9-kimi27sglang-fortran,c,fortran,argmax_with_index,618225,618225,llr40v9-kimi27sglang-fortran.n0.p0.w0,4,18.274317,363899763.000000,18143603.000000,0.000000,graded_attempt,sources/llr40v9-kimi27sglang-fortran/argmax_with_index/618225.618225.llr40v9-kimi27sglang-fortran.n0.p0.w0/candidate_04_submission.txt,829d6bb6e809686831b2f63d7e3dad911ff4ff2d3cc7ccc214cacecc8cff8ed9
llr40v9-kimi27sglang-fortran,c,fortran,argmax_with_index,618225,618225,llr40v9-kimi27sglang-fortran.n0.p0.w0,5,18.274317,363643727.000000,18334581.000000,0.000000,graded_attempt,sources/llr40v9-kimi27sglang-fortran/argmax_with_index/618225.618225.llr40v9-kimi27sglang-fortran.n0.p0.w0/candidate_05_submission.txt,2995110f48c9cc7273b07c469f6c0bf57a50eedf4927db69549bcd186365fda9
llr40v9-kimi27sglang-fortran,c,fortran,argmax_with_index,618225,618225,llr40v9-kimi27sglang-fortran.n0.p0.w0,8,18.274317,363871672.000000,18096383.000000,0.000000,graded_attempt,sources/llr40v9-kimi27sglang-fortran/argmax_with_index/618225.618225.llr40v9-kimi27sglang-fortran.n0.p0.w0/candidate_07_submission.txt,0ba8ce384361da616a959f0fef072f14624324fbcfa24917f3abd6b9f59afe86
llr40v9-kimi27sglang-fortran,c,fortran,argmax_with_index,618225,618225,llr40v9-kimi27sglang-fortran.n0.p0.w0,7,18.093383,363590630.000000,17420800.000000,0.000000,graded_attempt,sources/llr40v9-kimi27sglang-fortran/argmax_with_index/618225.618225.llr40v9-kimi27sglang-fortran.n0.p0.w0/candidate_07_submission.txt,0ba8ce384361da616a959f0fef072f14624324fbcfa24917f3abd6b9f59afe86
llr40v9-kimi27sglang-fortran,c,fortran,argmax_with_index,618225,618225,llr40v9-kimi27sglang-fortran.n0.p0.w0,9,18.093383,363611667.000000,17766552.000000,0.000000,graded_attempt,sources/llr40v9-kimi27sglang-fortran/argmax_with_index/618225.618225.llr40v9-kimi27sglang-fortran.n0.p0.w0/candidate_07_submission.txt,0ba8ce384361da616a959f0fef072f14624324fbcfa24917f3abd6b9f59afe86
llr40v9-kimi27sglang-fortran,c,fortran,argmax_with_index,619186,619186,llr40v9-kimi27sglang-fortran.n0.p0.w0,2,17.387385,363348341.000000,18099120.000000,0.000000,graded_attempt,sources/llr40v9-kimi27sglang-fortran/argmax_with_index/619186.619186.llr40v9-kimi27sglang-fortran.n0.p0.w0/candidate_02_submission.txt,f4a2fe276bb01eecca9186dfd21621226f44d0290847d09dcd62704c9d9d6269
llr40v9-kimi27sglang-fortran,c,fortran,argmax_with_index,618225,618225,llr40v9-kimi27sglang-fortran.n0.p0.w0,1,15.740573,363605332.000000,21953076.000000,0.000000,graded_attempt,sources/llr40v9-kimi27sglang-fortran/argmax_with_index/618225.618225.llr40v9-kimi27sglang-fortran.n0.p0.w0/candidate_01_submission.txt,777b59392051d4803781308f8cec84eece5cbf906def95b19d665fb42f4e7795
llr40v9-kimi27sglang-fortran,c,fortran,argmax_with_index,619186,619186,llr40v9-kimi27sglang-fortran.n0.p0.w0,1,15.740573,363364399.000000,21774778.000000,0.000000,graded_attempt,sources/llr40v9-kimi27sglang-fortran/argmax_with_index/619186.619186.llr40v9-kimi27sglang-fortran.n0.p0.w0/candidate_01_submission.txt,8258cb32222efa4afc6cbd13db41aeb722c66f1acbe44f09b80e286d6953566d
llr40v9-kimi27sglang-fortran,c,fortran,argmax_with_index,618225,618225,llr40v9-kimi27sglang-fortran.n0.p0.w0,2,15.584726,363574618.000000,21758525.000000,0.000000,graded_attempt,sources/llr40v9-kimi27sglang-fortran/argmax_with_index/618225.618225.llr40v9-kimi27sglang-fortran.n0.p0.w0/candidate_02_submission.txt,000e0af98e258d5f7857751e98a6a5a9b98ce51479be83b6dda4c3e094dd8183
llr40v9-kimi27sglang-fortran-skills,c,fortran,argmax_with_index,618234,618234,llr40v9-kimi27sglang-fortran-skills.n0.p0.w0,4,19.016327,363288891.000000,18697394.000000,0.000000,graded_attempt,sources/llr40v9-kimi27sglang-fortran-skills/argmax_with_index/618234.618234.llr40v9-kimi27sglang-fortran-skills.n0.p0.w0/candidate_03_submission.txt,023bd0f4e54a8cd88729fd8891be82d658112a15deabe36d35b47b34b361b5d5
llr40v9-kimi27sglang-fortran-skills,c,fortran,argmax_with_index,618234,618234,llr40v9-kimi27sglang-fortran-skills.n0.p0.w0,2,18.828047,363327904.000000,18874563.000000,0.000000,graded_attempt,sources/llr40v9-kimi27sglang-fortran-skills/argmax_with_index/618234.618234.llr40v9-kimi27sglang-fortran-skills.n0.p0.w0/candidate_02_submission.txt,c97dca2341392fc200e76449147c287711d86b497437ae6754db4432ae5e10c4
llr40v9-kimi27sglang-fortran-skills,c,fortran,argmax_with_index,618234,618234,llr40v9-kimi27sglang-fortran-skills.n0.p0.w0,3,18.828047,363560201.000000,18728300.000000,0.000000,graded_attempt,sources/llr40v9-kimi27sglang-fortran-skills/argmax_with_index/618234.618234.llr40v9-kimi27sglang-fortran-skills.n0.p0.w0/candidate_03_submission.txt,023bd0f4e54a8cd88729fd8891be82d658112a15deabe36d35b47b34b361b5d5
llr40v9-kimi27sglang-fortran-skills,c,fortran,argmax_with_index,618234,618234,llr40v9-kimi27sglang-fortran-skills.n0.p0.w0,5,18.828047,363361988.000000,19028543.000000,0.000000,graded_attempt,sources/llr40v9-kimi27sglang-fortran-skills/argmax_with_index/618234.618234.llr40v9-kimi27sglang-fortran-skills.n0.p0.w0/candidate_03_submission.txt,023bd0f4e54a8cd88729fd8891be82d658112a15deabe36d35b47b34b361b5d5
llr40v9-kimi27sglang-fortran-skills,c,fortran,argmax_with_index,618234,618234,llr40v9-kimi27sglang-fortran-skills.n0.p0.w0,1,18.457060,363438780.000000,19317190.000000,0.000000,graded_attempt,sources/llr40v9-kimi27sglang-fortran-skills/argmax_with_index/618234.618234.llr40v9-kimi27sglang-fortran-skills.n0.p0.w0/candidate_01_submission.txt,d749c4e3e761e5f671bee1f70258261c49f6259d8819075178ba634af63ebf99
llr40v9-oss120b-c,c,c,argmax_with_index,618220,618220,llr40v9-oss120b-c.n0.p0.w0,1,20.388077,362988373.000000,17271801.000000,0.000000,graded_attempt,sources/llr40v9-oss120b-c/argmax_with_index/618220.618220.llr40v9-oss120b-c.n0.p0.w0/candidate_01_submission.txt,aedd4236b75840f77833e481885945543a59e3ba3647313aefcea7b8fc499ca0
llr40v9-oss120b-c-skills,c,c,argmax_with_index,618229,618229,llr40v9-oss120b-c-skills.n0.p0.w0,1,15.277645,363654836.000000,22033288.000000,0.000000,graded_attempt,sources/llr40v9-oss120b-c-skills/argmax_with_index/618229.618229.llr40v9-oss120b-c-skills.n0.p0.w0/candidate_01_submission.txt,e2d72313fcc2a89428c84bc667dbb6f4e8c21c7eb04ece1715e9da722c220278
llr40v9-oss120b-cpp,c,cpp,argmax_with_index,618221,618221,llr40v9-oss120b-cpp.n0.p0.w0,1,13.159392,363450546.000000,25849292.000000,0.000000,graded_attempt,sources/llr40v9-oss120b-cpp/argmax_with_index/618221.618221.llr40v9-oss120b-cpp.n0.p0.w0/candidate_01_submission.txt,9e6646d09d566e51fd64ea64908e4f727c16fe91f9b464fbf150c343ece424a6
llr40v9-oss120b-fortran,c,fortran,argmax_with_index,618222,618222,llr40v9-oss120b-fortran.n0.p0.w0,1,15.430422,363433951.000000,21679582.000000,0.000000,graded_attempt,sources/llr40v9-oss120b-fortran/argmax_with_index/618222.618222.llr40v9-oss120b-fortran.n0.p0.w0/candidate_01_submission.txt,e7f4a3b302c779da0e3fca0a1f8924067d32f2a74c62283c7c681035b779004e
llr40v9-oss120b-fortran-skills,c,fortran,argmax_with_index,618231,618231,llr40v9-oss120b-fortran-skills.n0.p0.w0,1,3.793710,364023611.000000,92364449.000000,0.000000,graded_attempt,sources/llr40v9-oss120b-fortran-skills/argmax_with_index/618231.618231.llr40v9-oss120b-fortran-skills.n0.p0.w0/candidate_01_submission.txt,65b1d11beaccb511826cf74f5cc1f7252d24f1aaa28acafc41f138cd085c5926
llr40v9-qwen38-c,c,c,argmax_with_index,618217,618217,llr40v9-qwen38-c.n0.p0.w0,1,20.797877,362763419.000000,17231707.000000,0.000000,graded_attempt,sources/llr40v9-qwen38-c/argmax_with_index/618217.618217.llr40v9-qwen38-c.n0.p0.w0/candidate_01_submission.txt,71ecc997a63b92977df22e1a53895e07b0b2fd8a4af4c883d452bf5f7decacb4
llr40v9-qwen38-c,c,c,argmax_with_index,618217,618217,llr40v9-qwen38-c.n0.p0.w0,2,20.797877,362779001.000000,17205421.000000,0.000000,graded_attempt,sources/llr40v9-qwen38-c/argmax_with_index/618217.618217.llr40v9-qwen38-c.n0.p0.w0/candidate_01_submission.txt,71ecc997a63b92977df22e1a53895e07b0b2fd8a4af4c883d452bf5f7decacb4
llr40v9-qwen38-c,c,c,argmax_with_index,619183,619183,llr40v9-qwen38-c.n0.p0.w0,3,3.300387,363397241.000000,109538015.000000,0.000000,graded_attempt,sources/llr40v9-qwen38-c/argmax_with_index/619183.619183.llr40v9-qwen38-c.n0.p0.w0/candidate_03_submission.txt,62c85de8881a0a02876548cbfbd51ea0db077e2ac0ff1f2278bd0c8b180cc7e8
llr40v9-qwen38-c,c,c,argmax_with_index,619183,619183,llr40v9-qwen38-c.n0.p0.w0,2,3.017675,363527678.000000,119606107.000000,0.000000,graded_attempt,sources/llr40v9-qwen38-c/argmax_with_index/619183.619183.llr40v9-qwen38-c.n0.p0.w0/candidate_02_submission.txt,97edc03912fe881bf071e996536adbe23c0ad044c7707332ce3d679b0e1501ff
llr40v9-qwen38-c,c,c,argmax_with_index,619183,619183,llr40v9-qwen38-c.n0.p0.w0,1,2.651518,363735235.000000,133325914.000000,0.000000,graded_attempt,sources/llr40v9-qwen38-c/argmax_with_index/619183.619183.llr40v9-qwen38-c.n0.p0.w0/candidate_01_submission.txt,3fc63ffc77fc5441a2101bb346c361f6e98a12288dc4fb2f369d27503289af09
llr40v9-qwen38-c-skills,c,c,argmax_with_index,618226,618226,llr40v9-qwen38-c-skills.n0.p0.w0,1,10.572205,363529048.000000,33921948.000000,0.000000,graded_attempt,sources/llr40v9-qwen38-c-skills/argmax_with_index/618226.618226.llr40v9-qwen38-c-skills.n0.p0.w0/candidate_01_submission.txt,148834949f56c49fbb53d43ab2210f5c53a46c71c4fd8ade3262507dacf512da
llr40v9-qwen38-cpp,c,cpp,argmax_with_index,618218,618218,llr40v9-qwen38-cpp.n0.p0.w0,1,12.274002,363380689.000000,29039267.000000,0.000000,graded_attempt,sources/llr40v9-qwen38-cpp/argmax_with_index/618218.618218.llr40v9-qwen38-cpp.n0.p0.w0/candidate_01_submission.txt,d0048bce6486cdcb15887c34fb8caabe99c4e3e2825d9171b953e292687e538e
llr40v9-qwen38-fortran,c,fortran,argmax_with_index,619184,619184,llr40v9-qwen38-fortran.n0.p0.w0,3,20.797877,363498572.000000,17150953.000000,0.000000,graded_attempt,sources/llr40v9-qwen38-fortran/argmax_with_index/619184.619184.llr40v9-qwen38-fortran.n0.p0.w0/candidate_03_submission.txt,504ac846edfc2ac4bed4f0c5672ab45b6cfe3103beaddf498090fbc9de1da0ce
llr40v9-qwen38-fortran,c,fortran,argmax_with_index,619184,619184,llr40v9-qwen38-fortran.n0.p0.w0,4,20.797877,363658062.000000,17205130.000000,0.000000,graded_attempt,sources/llr40v9-qwen38-fortran/argmax_with_index/619184.619184.llr40v9-qwen38-fortran.n0.p0.w0/candidate_04_submission.txt,58465dd4167306ccef6bb8d6913a59becda698483fc8748219d26163b4be2b98
llr40v9-qwen38-fortran,c,fortran,argmax_with_index,619184,619184,llr40v9-qwen38-fortran.n0.p0.w0,5,20.797877,363611278.000000,17224423.000000,0.000000,graded_attempt,sources/llr40v9-qwen38-fortran/argmax_with_index/619184.619184.llr40v9-qwen38-fortran.n0.p0.w0/candidate_03_submission.txt,504ac846edfc2ac4bed4f0c5672ab45b6cfe3103beaddf498090fbc9de1da0ce
llr40v9-qwen38-fortran,c,fortran,argmax_with_index,618219,618219,llr40v9-qwen38-fortran.n0.p0.w0,3,18.641630,364266177.000000,18505377.000000,0.000000,graded_attempt,sources/llr40v9-qwen38-fortran/argmax_with_index/618219.618219.llr40v9-qwen38-fortran.n0.p0.w0/candidate_03_submission.txt,0d4fcca757063ef8442b4714a7050f3b633573204deed3d8e9c415c6cbe7c297
llr40v9-qwen38-fortran,c,fortran,argmax_with_index,619184,619184,llr40v9-qwen38-fortran.n0.p0.w0,2,15.584726,362665827.000000,21715468.000000,0.000000,graded_attempt,sources/llr40v9-qwen38-fortran/argmax_with_index/619184.619184.llr40v9-qwen38-fortran.n0.p0.w0/candidate_02_submission.txt,bef44ab7b85f7e683f8bb83d88c1493ed5b1d0b028ffd7985c54ce128a176935
llr40v9-qwen38-fortran,c,fortran,argmax_with_index,618219,618219,llr40v9-qwen38-fortran.n0.p0.w0,2,10.363891,363898874.000000,33135190.000000,0.000000,graded_attempt,sources/llr40v9-qwen38-fortran/argmax_with_index/618219.618219.llr40v9-qwen38-fortran.n0.p0.w0/candidate_02_submission.txt,2774d1ab461de4a4f09d51d171c44bd1128c257b315b1924090448d58c34561c
llr40v9-qwen38-fortran,c,fortran,argmax_with_index,618219,618219,llr40v9-qwen38-fortran.n0.p0.w0,1,1.000000,364379073.000000,614386891.000000,0.000000,graded_attempt,sources/llr40v9-qwen38-fortran/argmax_with_index/618219.618219.llr40v9-qwen38-fortran.n0.p0.w0/candidate_01_submission.txt,99e750286df444443fb5375da3ba5e3c6d203645ae43ff5afd4935e0db22101c
llr40v9-qwen38-fortran,c,fortran,argmax_with_index,619184,619184,llr40v9-qwen38-fortran.n0.p0.w0,1,1.000000,363536413.000000,363593053.000000,0.000000,graded_attempt,sources/llr40v9-qwen38-fortran/argmax_with_index/619184.619184.llr40v9-qwen38-fortran.n0.p0.w0/candidate_01_submission.txt,e3257bca342004954302158b666f0deded3506106090ad4e6c1f83d76b10c639
llr40v9-qwen38-fortran-skills,c,fortran,argmax_with_index,618228,618228,llr40v9-qwen38-fortran-skills.n0.p0.w0,4,20.388077,363825252.000000,17150145.000000,0.000000,graded_attempt,sources/llr40v9-qwen38-fortran-skills/argmax_with_index/618228.618228.llr40v9-qwen38-fortran-skills.n0.p0.w0/candidate_03_submission.txt,035751a2e07518674e43ce8afded48b505dd11e3af41ee769eb1b2cc37b55b7c
llr40v9-qwen38-fortran-skills,c,fortran,argmax_with_index,618228,618228,llr40v9-qwen38-fortran-skills.n0.p0.w0,2,20.186214,363785065.000000,17279610.000000,0.000000,graded_attempt,sources/llr40v9-qwen38-fortran-skills/argmax_with_index/618228.618228.llr40v9-qwen38-fortran-skills.n0.p0.w0/candidate_02_submission.txt,5b545982a02b3b1fd1cb3824f8d9bf62321b5c4d9d5b6149b52884d14bcd11b5
llr40v9-qwen38-fortran-skills,c,fortran,argmax_with_index,618228,618228,llr40v9-qwen38-fortran-skills.n0.p0.w0,3,20.186214,363584893.000000,17187014.000000,0.000000,graded_attempt,sources/llr40v9-qwen38-fortran-skills/argmax_with_index/618228.618228.llr40v9-qwen38-fortran-skills.n0.p0.w0/candidate_03_submission.txt,035751a2e07518674e43ce8afded48b505dd11e3af41ee769eb1b2cc37b55b7c
llr40v9-qwen38-fortran-skills,c,fortran,argmax_with_index,618228,618228,llr40v9-qwen38-fortran-skills.n0.p0.w0,1,15.584726,363813893.000000,22088074.000000,0.000000,graded_attempt,sources/llr40v9-qwen38-fortran-skills/argmax_with_index/618228.618228.llr40v9-qwen38-fortran-skills.n0.p0.w0/candidate_01_submission.txt,f6fb7a6faf1a9b41a98d3b9260a7fa10d13f62064d2c376554d64bbb2efc8601
v11w2-oss120b-fortran,numba,fortran,argmax_with_index,628045,628045,v11w2-oss120b-fortran.n0.p0.w0,1,15.430422,364401601.000000,21710239.000000,0.000000,graded_attempt,sources/v11w2-oss120b-fortran/argmax_with_index/628045.628045.v11w2-oss120b-fortran.n0.p0.w0/candidate_01_submission.txt,81b98da84982805752f46cec5dfd5ec3d38b6db77062cb95db9a61b2dfd27670
v11w2-oss120b-fortran,numba,c,argmax_with_index,627372,627372,v11w2-oss120b-fortran.n0.p0.w0,1,1.000000,363887981.000000,363812825.000000,0.000000,,,
v11w2-oss120b-fortran-skills,numba,fortran,argmax_with_index,627373,627373,v11w2-oss120b-fortran-skills.n0.p0.w0,1,8.081435,363861224.000000,44395401.000000,0.000000,,,
v11w2-oss120b-fortran-skills,numba,fortran,argmax_with_index,627373,627373,v11w2-oss120b-fortran-skills.n0.p0.w0,2,8.081435,363861224.000000,44399206.000000,0.000000,graded_attempt,sources/v11w2-oss120b-fortran-skills/argmax_with_index/627373.627373.v11w2-oss120b-fortran-skills.n0.p0.w0/candidate_01_submission.txt,14a3233e220fc3144a53803a0017f3a78d7add587b28fb1d0a2462460bbe21ab
v11w2-oss120b-fortran-skills,numba,fortran,argmax_with_index,627373,627373,v11w2-oss120b-fortran-skills.n0.p0.w0,3,8.081435,363861224.000000,44557841.000000,0.000000,,,
v11w2-oss120b-fortran-skills,numba,fortran,argmax_with_index,627373,627373,v11w2-oss120b-fortran-skills.n0.p0.w0,4,8.081435,363861224.000000,44459031.000000,0.000000,,,
v11w2-oss120b-fortran-skills,numba,fortran,argmax_with_index,627373,627373,v11w2-oss120b-fortran-skills.n0.p0.w0,5,8.081435,363861224.000000,44498319.000000,0.000000,,,
v11w2-oss120b-fortran-skills,numba,fortran,argmax_with_index,627373,627373,v11w2-oss120b-fortran-skills.n0.p0.w0,6,8.081435,363861224.000000,44558140.000000,0.000000,,,
v11w2-qwen38-fortran,numba,fortran,argmax_with_index,627013,627013,v11w2-qwen38-fortran.n0.p0.w0,2,20.186214,363812181.000000,17447879.000000,0.000000,graded_attempt,sources/v11w2-qwen38-fortran/argmax_with_index/627013.627013.v11w2-qwen38-fortran.n0.p0.w0/candidate_02_submission.txt,06777a4abe85a582c8214ffe5c610aa2ad487b39ea3212a02c2914dc0ffcd29f
v11w2-qwen38-fortran,numba,fortran,argmax_with_index,627013,627013,v11w2-qwen38-fortran.n0.p0.w0,1,1.000000,363812181.000000,363676591.000000,0.000000,graded_attempt,sources/v11w2-qwen38-fortran/argmax_with_index/627013.627013.v11w2-qwen38-fortran.n0.p0.w0/candidate_01_submission.txt,3e04dcdf5afa2cc5ac5719019b9186754cca180ff94443f396dc0812e8e55f08
v11w2-qwen38-fortran-skills,numba,fortran,argmax_with_index,626372,626372,v11w2-qwen38-fortran-skills.n0.p0.w0,2,21.005856,363987012.000000,17130525.000000,0.000000,graded_attempt,sources/v11w2-qwen38-fortran-skills/argmax_with_index/626372.626372.v11w2-qwen38-fortran-skills.n0.p0.w0/candidate_02_submission.txt,e4d099ed01df5f1d975ec024a53a8021f0a3f38cb7db2fcb1aaac53bf145a4b5
v11w2-qwen38-fortran-skills,numba,fortran,argmax_with_index,626372,626372,v11w2-qwen38-fortran-skills.n0.p0.w0,1,20.797877,363987012.000000,17183196.000000,0.000000,graded_attempt,sources/v11w2-qwen38-fortran-skills/argmax_with_index/626372.626372.v11w2-qwen38-fortran-skills.n0.p0.w0/candidate_01_submission.txt,9caf1dc7212019b16d5122b2fb6ef7161c8971f3da261dd0267d5aa761c6a8c5
gpuv2-llr40-qwen38-omp,numba,c,compact_threshold_pack,627077,627077,gpuv2-llr40-qwen38-omp.n0.p1.w1,1,15.740573,343161951.000000,20478761.000000,0.000000,graded_attempt,sources/gpuv2-llr40-qwen38-omp/compact_threshold_pack/627077.627077.gpuv2-llr40-qwen38-omp.n0.p1.w1/candidate_01_submission.txt,209a6a952207df3694e001ccc7c66c1ae61deea114f155331f771ca9cf28741b
gpuv4-llr40-qwen38-pytriton,numba,python,compact_threshold_pack,627230,627230,gpuv4-llr40-qwen38-pytriton.n0.p1.w1,1,11.562665,294889249.000000,24483829.000000,0.000000,graded_attempt,sources/gpuv4-llr40-qwen38-pytriton/compact_threshold_pack/627230.627230.gpuv4-llr40-qwen38-pytriton.n0.p1.w1/candidate_01_submission.txt,08017f2ee9d510b4f807cb956dde36f69981c9cafbe846de9942fd34da7bf462
gpuv4-llr40-qwen38-pytriton-skills,numba,python,compact_threshold_pack,627020,627020,gpuv4-llr40-qwen38-pytriton-skills.n0.p1.w1,2,10.892554,301066023.000000,25677983.000000,0.000000,graded_attempt,sources/gpuv4-llr40-qwen38-pytriton-skills/compact_threshold_pack/627020.627020.gpuv4-llr40-qwen38-pytriton-skills.n0.p1.w1/candidate_02_submission.txt,1face47529581c2e6616765f6465a4efcf403f9fc083d7600fbb87b54934ae5c
gpuv4-llr40-qwen38-pytriton-skills,numba,python,compact_threshold_pack,626651,626651,gpuv4-llr40-qwen38-pytriton-skills.n0.p1.w1,1,10.467530,337776307.000000,30446517.000000,0.000000,graded_attempt,sources/gpuv4-llr40-qwen38-pytriton-skills/compact_threshold_pack/626651.626651.gpuv4-llr40-qwen38-pytriton-skills.n0.p1.w1/candidate_01_submission.txt,35878132f0fc28762425c00d2df44f59c56218721490d634fd9fc5ecde39ad6c
gpuv4-llr40-qwen38-pytriton-skills,numba,python,compact_threshold_pack,627020,627020,gpuv4-llr40-qwen38-pytriton-skills.n0.p1.w1,1,1.000000,301066023.000000,305212951.000000,0.000000,graded_attempt,sources/gpuv4-llr40-qwen38-pytriton-skills/compact_threshold_pack/627020.627020.gpuv4-llr40-qwen38-pytriton-skills.n0.p1.w1/candidate_01_submission.txt,6db2f403a8c59d3f29c7c6c16394632b2b4eab46f5f9293c801935eef55fb74d
llr40v10-kimi27sglang-c,numba,c,compact_threshold_pack,621729,621729,llr40v10-kimi27sglang-c.n0.p1.w1,1,14.249735,340551500.000000,22788492.000000,0.000000,graded_attempt,sources/llr40v10-kimi27sglang-c/compact_threshold_pack/621729.621729.llr40v10-kimi27sglang-c.n0.p1.w1/candidate_01_submission.txt,b66837e425b7170cfb19ff45f999d7baa40f185e719536f8b43f4fd7788d53d8
llr40v10-kimi27sglang-c,c,c,compact_threshold_pack,621017,621017,llr40v10-kimi27sglang-c.n0.p1.w1,1,11.111494,251510039.000000,21601926.000000,0.000000,graded_attempt,sources/llr40v10-kimi27sglang-c/compact_threshold_pack/621017.621017.llr40v10-kimi27sglang-c.n0.p1.w1/candidate_01_submission.txt,b2ee30029eb06004647b10b6d9e4e8915fbe4e3970f3440d88612dcab5e1312d
llr40v10-kimi27sglang-c,c,c,compact_threshold_pack,621017,621017,llr40v10-kimi27sglang-c.n0.p1.w1,3,10.892554,251810492.000000,21976399.000000,0.000000,graded_attempt,sources/llr40v10-kimi27sglang-c/compact_threshold_pack/621017.621017.llr40v10-kimi27sglang-c.n0.p1.w1/candidate_02_submission.txt,dbd81d105c15ef31ee6ae9a166d0ca6c80be261b34566b5932364232757149ef
llr40v10-kimi27sglang-c,c,c,compact_threshold_pack,621017,621017,llr40v10-kimi27sglang-c.n0.p1.w1,2,10.677927,251691683.000000,21834149.000000,0.000000,graded_attempt,sources/llr40v10-kimi27sglang-c/compact_threshold_pack/621017.621017.llr40v10-kimi27sglang-c.n0.p1.w1/candidate_02_submission.txt,dbd81d105c15ef31ee6ae9a166d0ca6c80be261b34566b5932364232757149ef
llr40v10-kimi27sglang-c-skills,numba,c,compact_threshold_pack,621025,621025,llr40v10-kimi27sglang-c-skills.n0.p1.w1,1,13.968959,340193483.000000,23204531.000000,0.000000,graded_attempt,sources/llr40v10-kimi27sglang-c-skills/compact_threshold_pack/621025.621025.llr40v10-kimi27sglang-c-skills.n0.p1.w1/candidate_01_submission.txt,4bf5eededd779cfa7314b686156882c15aa662ca037fe76b7c7e29f6e081d9c6
llr40v10-kimi27sglang-fortran,numba,fortran,compact_threshold_pack,621731,621731,llr40v10-kimi27sglang-fortran.n0.p1.w1,1,1.184304,296133969.000000,251078250.000000,0.000000,graded_attempt,sources/llr40v10-kimi27sglang-fortran/compact_threshold_pack/621731.621731.llr40v10-kimi27sglang-fortran.n0.p1.w1/candidate_01_submission.txt,a6db105ffd52eb49cd2eea45782204022bf12ed39a04e0e232e1212ff2101472
llr40v10-kimi27sglang-fortran-skills,numba,fortran,compact_threshold_pack,621029,621029,llr40v10-kimi27sglang-fortran-skills.n0.p1.w1,1,14.976615,295600151.000000,19660806.000000,0.000000,graded_attempt,sources/llr40v10-kimi27sglang-fortran-skills/compact_threshold_pack/621029.621029.llr40v10-kimi27sglang-fortran-skills.n0.p1.w1/candidate_01_submission.txt,326358bf8134224f439e24fe19c63dedd0b3875296a8fc099f095b55d560a781
llr40v10-qwen38-c,c,c,compact_threshold_pack,621383,621383,llr40v10-qwen38-c.n0.p1.w1,1,11.678292,251073517.000000,20403802.000000,0.000000,graded_attempt,sources/llr40v10-qwen38-c/compact_threshold_pack/621383.621383.llr40v10-qwen38-c.n0.p1.w1/candidate_01_submission.txt,c3bbca9bc6710a077f33249a5f14b1ab7d9ad3b6fe967fa98f2e8db81a0027e9
llr40v10-qwen38-c,numba,c,compact_threshold_pack,621727,621727,llr40v10-qwen38-c.n0.p1.w1,1,1.347849,341334222.000000,250748796.000000,0.000000,graded_attempt,sources/llr40v10-qwen38-c/compact_threshold_pack/621727.621727.llr40v10-qwen38-c.n0.p1.w1/candidate_01_submission.txt,d007aba7a4df29986e747dc6fb29030c2f43a66233bd28160fcdd2ba3f5db47f
llr40v10-qwen38-fortran-skills,numba,fortran,compact_threshold_pack,621028,621028,llr40v10-qwen38-fortran-skills.n0.p1.w1,2,15.897979,342343436.000000,20729021.000000,0.000000,graded_attempt,sources/llr40v10-qwen38-fortran-skills/compact_threshold_pack/621028.621028.llr40v10-qwen38-fortran-skills.n0.p1.w1/candidate_03_submission.txt,41078ba059df669feff64eca057f502fa859910582dd71164d1f13ea8d340dc4
llr40v10-qwen38-fortran-skills,numba,fortran,compact_threshold_pack,621028,621028,llr40v10-qwen38-fortran-skills.n0.p1.w1,1,9.197427,342343436.000000,35820134.000000,0.000000,graded_attempt,sources/llr40v10-qwen38-fortran-skills/compact_threshold_pack/621028.621028.llr40v10-qwen38-fortran-skills.n0.p1.w1/candidate_02_submission.txt,2a138ff23d1cbb844e948cd54c57d200c43b6dbde3f12d4ae8ed6a2deed27e64
llr40v11-kimi27sglang-c,numba,c,compact_threshold_pack,625533,625533,llr40v11-kimi27sglang-c.n0.p1.w1,1,1.000000,339708201.000000,357043558.000000,0.000000,graded_attempt,sources/llr40v11-kimi27sglang-c/compact_threshold_pack/625533.625533.llr40v11-kimi27sglang-c.n0.p1.w1/candidate_01_submission.txt,1be9ac3198d022706e1c0d0f01c47c63f37ac123e3cc87c8e2a97b247b9917ae
llr40v11-kimi27sglang-fortran-skills,numba,fortran,compact_threshold_pack,625545,625545,llr40v11-kimi27sglang-fortran-skills.n0.p1.w1,1,1.196147,300457039.000000,251040935.000000,0.000000,graded_attempt,sources/llr40v11-kimi27sglang-fortran-skills/compact_threshold_pack/625545.625545.llr40v11-kimi27sglang-fortran-skills.n0.p1.w1/candidate_01_submission.txt,f0b282b396ed659d1520330590e5b461d7912aa5a6524686c1f8ebb7c1f704a5
llr40v11-qwen38-c,numba,c,compact_threshold_pack,625532,625532,llr40v11-qwen38-c.n0.p1.w1,1,14.108649,301743699.000000,20613256.000000,0.000000,graded_attempt,sources/llr40v11-qwen38-c/compact_threshold_pack/625532.625532.llr40v11-qwen38-c.n0.p1.w1/candidate_01_submission.txt,1ffbbfca59e59d675037f1d57364f7d36ae6c040a21bffb353846fcbee689819
llr40v11-qwen38-c-skills,numba,c,compact_threshold_pack,625536,625536,llr40v11-qwen38-c-skills.n0.p1.w1,2,16.217528,334817601.000000,19875358.000000,0.000000,graded_attempt,sources/llr40v11-qwen38-c-skills/compact_threshold_pack/625536.625536.llr40v11-qwen38-c-skills.n0.p1.w1/candidate_02_submission.txt,fb96613d761a587f53527435e39062bbaf62f1e08f533e72c6fdabd60169e5c9
llr40v11-qwen38-c-skills,numba,c,compact_threshold_pack,625536,625536,llr40v11-qwen38-c-skills.n0.p1.w1,1,13.159392,334817601.000000,24121541.000000,0.000000,graded_attempt,sources/llr40v11-qwen38-c-skills/compact_threshold_pack/625536.625536.llr40v11-qwen38-c-skills.n0.p1.w1/candidate_01_submission.txt,6e9bd11a30bf93a77eb7d1946c5bb6f8210bd1ae0af79a52a98d606533a3cadc
llr40v11-qwen38-fortran-skills,numba,fortran,compact_threshold_pack,625544,625544,llr40v11-qwen38-fortran-skills.n0.p1.w1,2,15.277645,343326405.000000,20726320.000000,0.000000,graded_attempt,sources/llr40v11-qwen38-fortran-skills/compact_threshold_pack/625544.625544.llr40v11-qwen38-fortran-skills.n0.p1.w1/candidate_02_submission.txt,ec9ad545e7a65b622edfb04e750f57bdd1f4975b709f5cdb22c87be8bd382cb3
llr40v11-qwen38-fortran-skills,numba,fortran,compact_threshold_pack,625544,625544,llr40v11-qwen38-fortran-skills.n0.p1.w1,1,1.361327,343326405.000000,251125031.000000,0.000000,graded_attempt,sources/llr40v11-qwen38-fortran-skills/compact_threshold_pack/625544.625544.llr40v11-qwen38-fortran-skills.n0.p1.w1/candidate_01_submission.txt,c14a92faa54c567aac59837860ccb5e1b197ae2e6b7271881fa53042e49f0756
llr40v9-kimi27sglang-c,c,c,compact_threshold_pack,619185,619185,llr40v9-kimi27sglang-c.n0.p1.w1,7,15.430422,250827942.000000,16036773.000000,0.000000,graded_attempt,sources/llr40v9-kimi27sglang-c/compact_threshold_pack/619185.619185.llr40v9-kimi27sglang-c.n0.p1.w1/candidate_07_submission.txt,79f4d6907f7e8e2885258357bc88da9544c29c52f6eb72a9521d57d614e5e3ad
llr40v9-kimi27sglang-c,c,c,compact_threshold_pack,619185,619185,llr40v9-kimi27sglang-c.n0.p1.w1,8,15.430422,250734872.000000,16009713.000000,0.000000,graded_attempt,sources/llr40v9-kimi27sglang-c/compact_threshold_pack/619185.619185.llr40v9-kimi27sglang-c.n0.p1.w1/candidate_08_submission.txt,e4004eac9acac1b9e594855b07ba069effb92a5f621add70446a3004a6827406
llr40v9-kimi27sglang-c,c,c,compact_threshold_pack,619185,619185,llr40v9-kimi27sglang-c.n0.p1.w1,9,15.430422,251113473.000000,15978213.000000,0.000000,graded_attempt,sources/llr40v9-kimi27sglang-c/compact_threshold_pack/619185.619185.llr40v9-kimi27sglang-c.n0.p1.w1/candidate_09_submission.txt,8c6cd7d963d575099b55346f213b76ca52aed3a8577a7f34e1c88cd364453403
llr40v9-kimi27sglang-c,c,c,compact_threshold_pack,619185,619185,llr40v9-kimi27sglang-c.n0.p1.w1,10,15.430422,250848310.000000,15980902.000000,0.000000,graded_attempt,sources/llr40v9-kimi27sglang-c/compact_threshold_pack/619185.619185.llr40v9-kimi27sglang-c.n0.p1.w1/candidate_09_submission.txt,8c6cd7d963d575099b55346f213b76ca52aed3a8577a7f34e1c88cd364453403
llr40v9-kimi27sglang-c,c,c,compact_threshold_pack,619185,619185,llr40v9-kimi27sglang-c.n0.p1.w1,6,15.277645,250899964.000000,16020994.000000,0.000000,graded_attempt,sources/llr40v9-kimi27sglang-c/compact_threshold_pack/619185.619185.llr40v9-kimi27sglang-c.n0.p1.w1/candidate_06_submission.txt,1062f8d1652c08ef62b0a63e940b39dc6e9ca135d033a68910e08fff23601784
llr40v9-kimi27sglang-c,c,c,compact_threshold_pack,619185,619185,llr40v9-kimi27sglang-c.n0.p1.w1,3,12.520710,250953383.000000,19471600.000000,0.000000,graded_attempt,sources/llr40v9-kimi27sglang-c/compact_threshold_pack/619185.619185.llr40v9-kimi27sglang-c.n0.p1.w1/candidate_03_submission.txt,122ecb58ab8c1c0266b4b6111dd8f360c7257452013a102c3c20383e1f6cb8d3
llr40v9-kimi27sglang-c,c,c,compact_threshold_pack,619185,619185,llr40v9-kimi27sglang-c.n0.p1.w1,4,12.520710,250975411.000000,19474590.000000,0.000000,graded_attempt,sources/llr40v9-kimi27sglang-c/compact_threshold_pack/619185.619185.llr40v9-kimi27sglang-c.n0.p1.w1/candidate_04_submission.txt,9e26238b8d748d13fefaa4e5ccb476e22310856d604834c3b1d5f628d1628eef
llr40v9-kimi27sglang-c,c,c,compact_threshold_pack,619185,619185,llr40v9-kimi27sglang-c.n0.p1.w1,5,12.520710,251166790.000000,19329540.000000,0.000000,graded_attempt,sources/llr40v9-kimi27sglang-c/compact_threshold_pack/619185.619185.llr40v9-kimi27sglang-c.n0.p1.w1/candidate_05_submission.txt,d1100aa1f17cf17c1e230c5ed2a24a6d3767e13ab27fa033ccaf43b6668725b0
llr40v9-kimi27sglang-c,c,c,compact_threshold_pack,619185,619185,llr40v9-kimi27sglang-c.n0.p1.w1,2,11.334835,250987452.000000,20801910.000000,0.000000,graded_attempt,sources/llr40v9-kimi27sglang-c/compact_threshold_pack/619185.619185.llr40v9-kimi27sglang-c.n0.p1.w1/candidate_02_submission.txt,b53130f55e7e0fc428ed7d4a63f260d56e9db028a48705094ca2149f25237240
llr40v9-kimi27sglang-c,c,c,compact_threshold_pack,619185,619185,llr40v9-kimi27sglang-c.n0.p1.w1,1,11.222609,251067406.000000,20831982.000000,0.000000,graded_attempt,sources/llr40v9-kimi27sglang-c/compact_threshold_pack/619185.619185.llr40v9-kimi27sglang-c.n0.p1.w1/candidate_01_submission.txt,190153f569772d4a625fdbdb2fdc81eaf2be85e644e7f755d7a652047dd398e7
llr40v9-kimi27sglang-c,c,c,compact_threshold_pack,618223,618223,llr40v9-kimi27sglang-c.n0.p1.w1,1,10.261278,251699398.000000,22465381.000000,0.000000,graded_attempt,sources/llr40v9-kimi27sglang-c/compact_threshold_pack/618223.618223.llr40v9-kimi27sglang-c.n0.p1.w1/candidate_01_submission.txt,2f48a897e4c35046af180ecb92989997c0a8a24bfa89ad6a618aabe4d01152c2
llr40v9-kimi27sglang-c-skills,c,c,compact_threshold_pack,618232,618232,llr40v9-kimi27sglang-c-skills.n0.p1.w1,7,13.290985,290821142.000000,21048549.000000,0.000000,graded_attempt,sources/llr40v9-kimi27sglang-c-skills/compact_threshold_pack/618232.618232.llr40v9-kimi27sglang-c-skills.n0.p1.w1/candidate_05_submission.txt,f47ef5e83000bfa33376f40b5935627f45e6d8be05a1e217d669757c6bbb6530
llr40v9-kimi27sglang-c-skills,c,c,compact_threshold_pack,618232,618232,llr40v9-kimi27sglang-c-skills.n0.p1.w1,8,13.159392,291252368.000000,21149858.000000,0.000000,graded_attempt,sources/llr40v9-kimi27sglang-c-skills/compact_threshold_pack/618232.618232.llr40v9-kimi27sglang-c-skills.n0.p1.w1/candidate_08_submission.txt,9c3298912638d440d8b325b7e4abb5791bbc622a27b0fccb5c8cb88d29ddacbb
llr40v9-kimi27sglang-c-skills,c,c,compact_threshold_pack,618232,618232,llr40v9-kimi27sglang-c-skills.n0.p1.w1,9,13.159392,291288456.000000,21007417.000000,0.000000,graded_attempt,sources/llr40v9-kimi27sglang-c-skills/compact_threshold_pack/618232.618232.llr40v9-kimi27sglang-c-skills.n0.p1.w1/candidate_09_submission.txt,1761e384b5992f0ed9b02e114edf26c37f662729a65b4ab5d57e2a06af999a80
llr40v9-kimi27sglang-c-skills,c,c,compact_threshold_pack,618232,618232,llr40v9-kimi27sglang-c-skills.n0.p1.w1,1,11.562665,251653089.000000,19962761.000000,0.000000,graded_attempt,sources/llr40v9-kimi27sglang-c-skills/compact_threshold_pack/618232.618232.llr40v9-kimi27sglang-c-skills.n0.p1.w1/candidate_01_submission.txt,69f5466a8b76eac2d09b6bd7d33a69ce1d3ca378fc44c957a9c1101a5a7460f9
llr40v9-kimi27sglang-c-skills,c,c,compact_threshold_pack,618232,618232,llr40v9-kimi27sglang-c-skills.n0.p1.w1,4,11.448183,251547053.000000,20636846.000000,0.000000,graded_attempt,sources/llr40v9-kimi27sglang-c-skills/compact_threshold_pack/618232.618232.llr40v9-kimi27sglang-c-skills.n0.p1.w1/candidate_04_submission.txt,3fd0c79a8f05181abb7e2bebcb3b206c3a86fcf3cf1f32352cdcebf82fb92896
llr40v9-kimi27sglang-c-skills,c,c,compact_threshold_pack,618232,618232,llr40v9-kimi27sglang-c-skills.n0.p1.w1,5,11.448183,251102910.000000,21008069.000000,0.000000,graded_attempt,sources/llr40v9-kimi27sglang-c-skills/compact_threshold_pack/618232.618232.llr40v9-kimi27sglang-c-skills.n0.p1.w1/candidate_05_submission.txt,f47ef5e83000bfa33376f40b5935627f45e6d8be05a1e217d669757c6bbb6530
llr40v9-kimi27sglang-c-skills,c,c,compact_threshold_pack,618232,618232,llr40v9-kimi27sglang-c-skills.n0.p1.w1,6,11.448183,251545252.000000,20806336.000000,0.000000,graded_attempt,sources/llr40v9-kimi27sglang-c-skills/compact_threshold_pack/618232.618232.llr40v9-kimi27sglang-c-skills.n0.p1.w1/candidate_05_submission.txt,f47ef5e83000bfa33376f40b5935627f45e6d8be05a1e217d669757c6bbb6530
llr40v9-kimi27sglang-c-skills,c,c,compact_threshold_pack,618232,618232,llr40v9-kimi27sglang-c-skills.n0.p1.w1,2,11.334835,251217115.000000,20755037.000000,0.000000,graded_attempt,sources/llr40v9-kimi27sglang-c-skills/compact_threshold_pack/618232.618232.llr40v9-kimi27sglang-c-skills.n0.p1.w1/candidate_02_submission.txt,0eca2c895fe847b1ee84a3f662a14a139483f912928fc6475af15984d76a483a
llr40v9-kimi27sglang-c-skills,c,c,compact_threshold_pack,618232,618232,llr40v9-kimi27sglang-c-skills.n0.p1.w1,3,11.334835,251086208.000000,20625164.000000,0.000000,graded_attempt,sources/llr40v9-kimi27sglang-c-skills/compact_threshold_pack/618232.618232.llr40v9-kimi27sglang-c-skills.n0.p1.w1/candidate_03_submission.txt,256a714f4df334fb5a4814e87d156f62cc4718db5f8e54a342d4f0195974e8b4
llr40v9-kimi27sglang-fortran,c,fortran,compact_threshold_pack,618225,618225,llr40v9-kimi27sglang-fortran.n0.p1.w1,6,12.645917,250650627.000000,18365195.000000,0.000000,graded_attempt,sources/llr40v9-kimi27sglang-fortran/compact_threshold_pack/618225.618225.llr40v9-kimi27sglang-fortran.n0.p1.w1/candidate_06_submission.txt,59a309bb47ee8138305edfd60a49de76694aad53bbdfc3052052c6b7e416b910
llr40v9-kimi27sglang-fortran,c,fortran,compact_threshold_pack,618225,618225,llr40v9-kimi27sglang-fortran.n0.p1.w1,5,12.520710,250945959.000000,18392894.000000,0.000000,graded_attempt,sources/llr40v9-kimi27sglang-fortran/compact_threshold_pack/618225.618225.llr40v9-kimi27sglang-fortran.n0.p1.w1/candidate_05_submission.txt,b012f2c3927cefa016dcf74405e8f47180e86e06b4e63730a619f839abfb9ebd
llr40v9-kimi27sglang-fortran,c,fortran,compact_threshold_pack,618225,618225,llr40v9-kimi27sglang-fortran.n0.p1.w1,4,12.396742,250896973.000000,18498647.000000,0.000000,graded_attempt,sources/llr40v9-kimi27sglang-fortran/compact_threshold_pack/618225.618225.llr40v9-kimi27sglang-fortran.n0.p1.w1/candidate_04_submission.txt,eb6142de072a752fa11f723866857496fb3182db679618ab703e70914c9bd041
llr40v9-kimi27sglang-fortran,c,fortran,compact_threshold_pack,618225,618225,llr40v9-kimi27sglang-fortran.n0.p1.w1,7,12.032156,250922664.000000,18384983.000000,0.000000,graded_attempt,sources/llr40v9-kimi27sglang-fortran/compact_threshold_pack/618225.618225.llr40v9-kimi27sglang-fortran.n0.p1.w1/candidate_07_submission.txt,6f62c5c1caded9dc30d1fc99aaf39d7ea4592e06e5e4fef26fecd27c693982b7
llr40v9-kimi27sglang-fortran,c,fortran,compact_threshold_pack,619186,619186,llr40v9-kimi27sglang-fortran.n0.p1.w1,4,11.562665,251135982.000000,20662430.000000,0.000000,graded_attempt,sources/llr40v9-kimi27sglang-fortran/compact_threshold_pack/619186.619186.llr40v9-kimi27sglang-fortran.n0.p1.w1/candidate_03_submission.txt,86134a7f83174248e217ebe688fa21fb11ba21d626cfab708b710b15a147772f
llr40v9-kimi27sglang-fortran,c,fortran,compact_threshold_pack,618225,618225,llr40v9-kimi27sglang-fortran.n0.p1.w1,2,11.448183,250840826.000000,20581981.000000,0.000000,graded_attempt,sources/llr40v9-kimi27sglang-fortran/compact_threshold_pack/618225.618225.llr40v9-kimi27sglang-fortran.n0.p1.w1/candidate_02_submission.txt,b50daf565cebd48a866a814f5491ad079b4da39f2aede7eadf011f6be7bd877d
llr40v9-kimi27sglang-fortran,c,fortran,compact_threshold_pack,618225,618225,llr40v9-kimi27sglang-fortran.n0.p1.w1,3,11.448183,250836390.000000,20364831.000000,0.000000,graded_attempt,sources/llr40v9-kimi27sglang-fortran/compact_threshold_pack/618225.618225.llr40v9-kimi27sglang-fortran.n0.p1.w1/candidate_03_submission.txt,eb498faa92c68c311eaa5cfdc45a27cee1c2474f0024bd2b205a8769b82f4062
llr40v9-kimi27sglang-fortran,c,fortran,compact_threshold_pack,619186,619186,llr40v9-kimi27sglang-fortran.n0.p1.w1,3,11.448183,250600292.000000,20771632.000000,0.000000,graded_attempt,sources/llr40v9-kimi27sglang-fortran/compact_threshold_pack/619186.619186.llr40v9-kimi27sglang-fortran.n0.p1.w1/candidate_03_submission.txt,86134a7f83174248e217ebe688fa21fb11ba21d626cfab708b710b15a147772f
llr40v9-kimi27sglang-fortran,c,fortran,compact_threshold_pack,619186,619186,llr40v9-kimi27sglang-fortran.n0.p1.w1,6,11.448183,250996899.000000,20296360.000000,0.000000,graded_attempt,sources/llr40v9-kimi27sglang-fortran/compact_threshold_pack/619186.619186.llr40v9-kimi27sglang-fortran.n0.p1.w1/candidate_06_submission.txt,4aa5577275306d312f316ba33b53e02e3ce0b0024c7a17546f0f4ee547b769c7
llr40v9-kimi27sglang-fortran,c,fortran,compact_threshold_pack,619186,619186,llr40v9-kimi27sglang-fortran.n0.p1.w1,1,11.334835,250783283.000000,20541978.000000,0.000000,graded_attempt,sources/llr40v9-kimi27sglang-fortran/compact_threshold_pack/619186.619186.llr40v9-kimi27sglang-fortran.n0.p1.w1/candidate_01_submission.txt,2a72c68149aa76c65bd771a0c3cbeebf121272a0554591d499cd49c76987e2a6
llr40v9-kimi27sglang-fortran,c,fortran,compact_threshold_pack,619186,619186,llr40v9-kimi27sglang-fortran.n0.p1.w1,5,11.222609,251112412.000000,20904541.000000,0.000000,graded_attempt,sources/llr40v9-kimi27sglang-fortran/compact_threshold_pack/619186.619186.llr40v9-kimi27sglang-fortran.n0.p1.w1/candidate_03_submission.txt,86134a7f83174248e217ebe688fa21fb11ba21d626cfab708b710b15a147772f
llr40v9-kimi27sglang-fortran,c,fortran,compact_threshold_pack,618225,618225,llr40v9-kimi27sglang-fortran.n0.p1.w1,1,9.666588,250541597.000000,23314984.000000,0.000000,graded_attempt,sources/llr40v9-kimi27sglang-fortran/compact_threshold_pack/618225.618225.llr40v9-kimi27sglang-fortran.n0.p1.w1/candidate_01_submission.txt,e2b0fce9a2b005dcdc0124eec884270071eb3846d15df01775dd70062f965dde
llr40v9-kimi27sglang-fortran,c,fortran,compact_threshold_pack,619186,619186,llr40v9-kimi27sglang-fortran.n0.p1.w1,2,1.000000,251148066.000000,250663212.000000,0.000000,graded_attempt,sources/llr40v9-kimi27sglang-fortran/compact_threshold_pack/619186.619186.llr40v9-kimi27sglang-fortran.n0.p1.w1/candidate_02_submission.txt,42c684b1cd5571515db12a5de7478a744202b678f9003e18245be5e49c1ed213
llr40v9-kimi27sglang-fortran-skills,c,fortran,compact_threshold_pack,618234,618234,llr40v9-kimi27sglang-fortran-skills.n0.p1.w1,4,15.126381,292846973.000000,19102124.000000,0.000000,graded_attempt,sources/llr40v9-kimi27sglang-fortran-skills/compact_threshold_pack/618234.618234.llr40v9-kimi27sglang-fortran-skills.n0.p1.w1/candidate_04_submission.txt,603df35849a096b2359fd2d6ade7fe55eaac4222eee53901120cd722b64fa6af
llr40v9-kimi27sglang-fortran-skills,c,fortran,compact_threshold_pack,618234,618234,llr40v9-kimi27sglang-fortran-skills.n0.p1.w1,5,14.536155,292459825.000000,19978600.000000,0.000000,graded_attempt,sources/llr40v9-kimi27sglang-fortran-skills/compact_threshold_pack/618234.618234.llr40v9-kimi27sglang-fortran-skills.n0.p1.w1/candidate_05_submission.txt,444aadda961740779a9c6cb3364d122105c633da8cc7077acee4f413652760e7
llr40v9-kimi27sglang-fortran-skills,c,fortran,compact_threshold_pack,618234,618234,llr40v9-kimi27sglang-fortran-skills.n0.p1.w1,3,13.290985,250566183.000000,18717060.000000,0.000000,graded_attempt,sources/llr40v9-kimi27sglang-fortran-skills/compact_threshold_pack/618234.618234.llr40v9-kimi27sglang-fortran-skills.n0.p1.w1/candidate_03_submission.txt,b48bd97f3b37ac89b247fb0ca96823d8a3019d7eef53306ff087ceb6f5ff85a7
llr40v9-kimi27sglang-fortran-skills,c,fortran,compact_threshold_pack,618234,618234,llr40v9-kimi27sglang-fortran-skills.n0.p1.w1,6,12.900100,292481703.000000,19262008.000000,0.000000,graded_attempt,sources/llr40v9-kimi27sglang-fortran-skills/compact_threshold_pack/618234.618234.llr40v9-kimi27sglang-fortran-skills.n0.p1.w1/candidate_06_submission.txt,e9bf76479cf7137000dbecef79781a7a531a909f552255f7d1fe49c1ec59ddbe
llr40v9-kimi27sglang-fortran-skills,c,fortran,compact_threshold_pack,618234,618234,llr40v9-kimi27sglang-fortran-skills.n0.p1.w1,7,12.900100,292433706.000000,19169135.000000,0.000000,graded_attempt,sources/llr40v9-kimi27sglang-fortran-skills/compact_threshold_pack/618234.618234.llr40v9-kimi27sglang-fortran-skills.n0.p1.w1/candidate_07_submission.txt,37c25e2ab2c4dff12e2a39b571c557b9601e5670881d20d6f463416144a10148
llr40v9-kimi27sglang-fortran-skills,c,fortran,compact_threshold_pack,618234,618234,llr40v9-kimi27sglang-fortran-skills.n0.p1.w1,1,12.645917,251172239.000000,19570038.000000,0.000000,graded_attempt,sources/llr40v9-kimi27sglang-fortran-skills/compact_threshold_pack/618234.618234.llr40v9-kimi27sglang-fortran-skills.n0.p1.w1/candidate_01_submission.txt,5e637c1b1c33e903a0aea67c3d55c3268eaaab2a36c48000af72d8d066a7dc0a
llr40v9-kimi27sglang-fortran-skills,c,fortran,compact_threshold_pack,618234,618234,llr40v9-kimi27sglang-fortran-skills.n0.p1.w1,2,12.645917,250574949.000000,19641378.000000,0.000000,graded_attempt,sources/llr40v9-kimi27sglang-fortran-skills/compact_threshold_pack/618234.618234.llr40v9-kimi27sglang-fortran-skills.n0.p1.w1/candidate_02_submission.txt,6e781d5c10e131bdd9dca13e7fbfd8b3a7d5c58556b04600425a9a666d920d20
llr40v9-oss120b-c-skills,c,c,compact_threshold_pack,618229,618229,llr40v9-oss120b-c-skills.n0.p1.w1,1,11.334835,250848231.000000,20920443.000000,0.000000,graded_attempt,sources/llr40v9-oss120b-c-skills/compact_threshold_pack/618229.618229.llr40v9-oss120b-c-skills.n0.p1.w1/candidate_01_submission.txt,6150ab40187a2384e8adfecf1a575eedd516d7c66541c40f09f83cfe904b5e4c
llr40v9-qwen38-c,c,c,compact_threshold_pack,618217,618217,llr40v9-qwen38-c.n0.p1.w1,5,17.914240,250649219.000000,13841235.000000,0.000000,graded_attempt,sources/llr40v9-qwen38-c/compact_threshold_pack/618217.618217.llr40v9-qwen38-c.n0.p1.w1/candidate_05_submission.txt,a195cfbcab77c1e3a8a17d10583eb4c45b315fe917256a0383af7a833004d8e7
llr40v9-qwen38-c,c,c,compact_threshold_pack,618217,618217,llr40v9-qwen38-c.n0.p1.w1,6,17.914240,250755667.000000,13807397.000000,0.000000,graded_attempt,sources/llr40v9-qwen38-c/compact_threshold_pack/618217.618217.llr40v9-qwen38-c.n0.p1.w1/candidate_06_submission.txt,a0ff175aad12c5ba01e1edb1389af65b4f26b2e954996de195ed87f8aede6d1b
llr40v9-qwen38-c,c,c,compact_threshold_pack,618217,618217,llr40v9-qwen38-c.n0.p1.w1,7,17.914240,250622676.000000,13794634.000000,0.000000,graded_attempt,sources/llr40v9-qwen38-c/compact_threshold_pack/618217.618217.llr40v9-qwen38-c.n0.p1.w1/candidate_07_submission.txt,e3a0ad3cf2b595c5c24cb5762e0d88de260153cc93feb9ab7e8b3e89707ae01c
llr40v9-qwen38-c,c,c,compact_threshold_pack,618217,618217,llr40v9-qwen38-c.n0.p1.w1,3,17.561259,250653192.000000,14039203.000000,0.000000,graded_attempt,sources/llr40v9-qwen38-c/compact_threshold_pack/618217.618217.llr40v9-qwen38-c.n0.p1.w1/candidate_03_submission.txt,c5251b5448e6d78810b2e272bb0032e67932af446b96ea2da0fa15a01b050abb
llr40v9-qwen38-c,c,c,compact_threshold_pack,618217,618217,llr40v9-qwen38-c.n0.p1.w1,4,16.876025,250613902.000000,14623850.000000,0.000000,graded_attempt,sources/llr40v9-qwen38-c/compact_threshold_pack/618217.618217.llr40v9-qwen38-c.n0.p1.w1/candidate_04_submission.txt,ed433b26db1e1434d1bd984ce0ae97ea9c7f59894aeb14cdd8501471ba2f164b
llr40v9-qwen38-c,c,c,compact_threshold_pack,619183,619183,llr40v9-qwen38-c.n0.p1.w1,7,14.828332,251136083.000000,15465612.000000,0.000000,graded_attempt,sources/llr40v9-qwen38-c/compact_threshold_pack/619183.619183.llr40v9-qwen38-c.n0.p1.w1/candidate_07_submission.txt,212900ba05e4bce13d3ae389a7d8f8e1c4475342df706952fcce933e9e56b0e8
llr40v9-qwen38-c,c,c,compact_threshold_pack,618217,618217,llr40v9-qwen38-c.n0.p1.w1,2,13.029101,250900956.000000,19205049.000000,0.000000,graded_attempt,sources/llr40v9-qwen38-c/compact_threshold_pack/618217.618217.llr40v9-qwen38-c.n0.p1.w1/candidate_02_submission.txt,d8bf5580cc854db8f77db1400eef0884b749382a1a2b37f5442b343b43d0cbc1
llr40v9-qwen38-c,c,c,compact_threshold_pack,618217,618217,llr40v9-qwen38-c.n0.p1.w1,1,12.900100,250904495.000000,19268237.000000,0.000000,graded_attempt,sources/llr40v9-qwen38-c/compact_threshold_pack/618217.618217.llr40v9-qwen38-c.n0.p1.w1/candidate_01_submission.txt,5e94fc01a18867ab24e4ea1654fdbe82591f8f8ca6f8983d25f8c6a67b424340
llr40v9-qwen38-c,c,c,compact_threshold_pack,619183,619183,llr40v9-qwen38-c.n0.p1.w1,6,12.900100,250926532.000000,19142735.000000,0.000000,graded_attempt,sources/llr40v9-qwen38-c/compact_threshold_pack/619183.619183.llr40v9-qwen38-c.n0.p1.w1/candidate_06_submission.txt,5dbf1d9f1abbf64a223fe1d71ef2dadd12d828fb89f0b4874b42246ccf9a7fad
llr40v9-qwen38-c,c,c,compact_threshold_pack,619183,619183,llr40v9-qwen38-c.n0.p1.w1,4,12.396742,251324454.000000,19447896.000000,0.000000,graded_attempt,sources/llr40v9-qwen38-c/compact_threshold_pack/619183.619183.llr40v9-qwen38-c.n0.p1.w1/candidate_04_submission.txt,284d609caea296b0948b0c35d50a89d2a2f1197263ec58d3305e72d107df8083
llr40v9-qwen38-c,c,c,compact_threshold_pack,619183,619183,llr40v9-qwen38-c.n0.p1.w1,5,11.222609,251053804.000000,19297006.000000,0.000000,graded_attempt,sources/llr40v9-qwen38-c/compact_threshold_pack/619183.619183.llr40v9-qwen38-c.n0.p1.w1/candidate_05_submission.txt,1288e40e1ca7799be1df4954e48fd00dc47ec7c780ab9043e3944b35fe241b87
llr40v9-qwen38-c,c,c,compact_threshold_pack,619183,619183,llr40v9-qwen38-c.n0.p1.w1,2,10.059091,251210703.000000,23477931.000000,0.000000,graded_attempt,sources/llr40v9-qwen38-c/compact_threshold_pack/619183.619183.llr40v9-qwen38-c.n0.p1.w1/candidate_02_submission.txt,9f544d6f77dc79375cc393728cced4f07dfeb750dcfe4c679a3b082134604837
llr40v9-qwen38-c,c,c,compact_threshold_pack,619183,619183,llr40v9-qwen38-c.n0.p1.w1,3,9.959496,250914793.000000,23472432.000000,0.000000,graded_attempt,sources/llr40v9-qwen38-c/compact_threshold_pack/619183.619183.llr40v9-qwen38-c.n0.p1.w1/candidate_03_submission.txt,bbb7ac3852f32df149e1746e5443803188fb4926666dfd8b69575e52e661f4a6
llr40v9-qwen38-c,c,c,compact_threshold_pack,619183,619183,llr40v9-qwen38-c.n0.p1.w1,1,9.382295,250895210.000000,25524820.000000,0.000000,graded_attempt,sources/llr40v9-qwen38-c/compact_threshold_pack/619183.619183.llr40v9-qwen38-c.n0.p1.w1/candidate_01_submission.txt,7246315d873097ce3160fdd0ce17580499cd67a15803481949598f78fe50fb7a
llr40v9-qwen38-c-skills,c,c,compact_threshold_pack,618226,618226,llr40v9-qwen38-c-skills.n0.p1.w1,4,11.334835,251226357.000000,20710819.000000,0.000000,graded_attempt,sources/llr40v9-qwen38-c-skills/compact_threshold_pack/618226.618226.llr40v9-qwen38-c-skills.n0.p1.w1/candidate_02_submission.txt,9a2ebcb31e00e15c821f6df560ae81edfe0fa83fa30296ad86618d12e55f1131
llr40v9-qwen38-c-skills,c,c,compact_threshold_pack,618226,618226,llr40v9-qwen38-c-skills.n0.p1.w1,2,11.111494,250747493.000000,20883367.000000,0.000000,graded_attempt,sources/llr40v9-qwen38-c-skills/compact_threshold_pack/618226.618226.llr40v9-qwen38-c-skills.n0.p1.w1/candidate_02_submission.txt,9a2ebcb31e00e15c821f6df560ae81edfe0fa83fa30296ad86618d12e55f1131
llr40v9-qwen38-c-skills,c,c,compact_threshold_pack,618226,618226,llr40v9-qwen38-c-skills.n0.p1.w1,3,11.001479,250842171.000000,21266001.000000,0.000000,graded_attempt,sources/llr40v9-qwen38-c-skills/compact_threshold_pack/618226.618226.llr40v9-qwen38-c-skills.n0.p1.w1/candidate_03_submission.txt,f7478ffa9e6fa4027e177721e920e2b1c133a4324824f64636ba5d80b9ff1798
llr40v9-qwen38-c-skills,c,c,compact_threshold_pack,618226,618226,llr40v9-qwen38-c-skills.n0.p1.w1,1,10.892554,251058241.000000,21201688.000000,0.000000,graded_attempt,sources/llr40v9-qwen38-c-skills/compact_threshold_pack/618226.618226.llr40v9-qwen38-c-skills.n0.p1.w1/candidate_01_submission.txt,e8783969b31e087c0056cd4cb5255d56f2ea514e2c848e10d0fe1f1ca4754e84
llr40v9-qwen38-fortran,c,fortran,compact_threshold_pack,619184,619184,llr40v9-qwen38-fortran.n0.p1.w1,2,11.678292,251282034.000000,20154519.000000,0.000000,graded_attempt,sources/llr40v9-qwen38-fortran/compact_threshold_pack/619184.619184.llr40v9-qwen38-fortran.n0.p1.w1/candidate_02_submission.txt,81270769c83a28e47de2077d1b8936781ae35d57a00fd666d46f2c9ed425e206
llr40v9-qwen38-fortran,c,fortran,compact_threshold_pack,619184,619184,llr40v9-qwen38-fortran.n0.p1.w1,3,11.562665,251521498.000000,20877407.000000,0.000000,graded_attempt,sources/llr40v9-qwen38-fortran/compact_threshold_pack/619184.619184.llr40v9-qwen38-fortran.n0.p1.w1/candidate_02_submission.txt,81270769c83a28e47de2077d1b8936781ae35d57a00fd666d46f2c9ed425e206
llr40v9-qwen38-fortran,c,fortran,compact_threshold_pack,618219,618219,llr40v9-qwen38-fortran.n0.p1.w1,1,11.448183,251107814.000000,21052651.000000,0.000000,graded_attempt,sources/llr40v9-qwen38-fortran/compact_threshold_pack/618219.618219.llr40v9-qwen38-fortran.n0.p1.w1/candidate_01_submission.txt,ee8227a8ab65c04586b37c330e9428725fd57f753f0a5d56b595b3b318a98c78
llr40v9-qwen38-fortran,c,fortran,compact_threshold_pack,618219,618219,llr40v9-qwen38-fortran.n0.p1.w1,5,11.448183,251331325.000000,20850732.000000,0.000000,graded_attempt,sources/llr40v9-qwen38-fortran/compact_threshold_pack/618219.618219.llr40v9-qwen38-fortran.n0.p1.w1/candidate_01_submission.txt,ee8227a8ab65c04586b37c330e9428725fd57f753f0a5d56b595b3b318a98c78
llr40v9-qwen38-fortran,c,fortran,compact_threshold_pack,619184,619184,llr40v9-qwen38-fortran.n0.p1.w1,1,11.448183,251347598.000000,20933190.000000,0.000000,graded_attempt,sources/llr40v9-qwen38-fortran/compact_threshold_pack/619184.619184.llr40v9-qwen38-fortran.n0.p1.w1/candidate_01_submission.txt,d9972cbef34d51b106a4c7f67c7afd72f144774c286e8d78539ddeb4abd1ba46
llr40v9-qwen38-fortran,c,fortran,compact_threshold_pack,618219,618219,llr40v9-qwen38-fortran.n0.p1.w1,2,11.334835,250920302.000000,20626121.000000,0.000000,graded_attempt,sources/llr40v9-qwen38-fortran/compact_threshold_pack/618219.618219.llr40v9-qwen38-fortran.n0.p1.w1/candidate_02_submission.txt,e9c9d62a53db7996452df57e647df95dce80f047ab1678822bd54d29c28c59aa
llr40v9-qwen38-fortran,c,fortran,compact_threshold_pack,618219,618219,llr40v9-qwen38-fortran.n0.p1.w1,3,11.334835,250745419.000000,19882705.000000,0.000000,graded_attempt,sources/llr40v9-qwen38-fortran/compact_threshold_pack/618219.618219.llr40v9-qwen38-fortran.n0.p1.w1/candidate_02_submission.txt,e9c9d62a53db7996452df57e647df95dce80f047ab1678822bd54d29c28c59aa
llr40v9-qwen38-fortran,c,fortran,compact_threshold_pack,618219,618219,llr40v9-qwen38-fortran.n0.p1.w1,4,11.222609,251147599.000000,20959452.000000,0.000000,graded_attempt,sources/llr40v9-qwen38-fortran/compact_threshold_pack/618219.618219.llr40v9-qwen38-fortran.n0.p1.w1/candidate_04_submission.txt,56589b0bb5d0e961f3942d1043b3affb7d7472ee068b8479d84e745e28998baa
llr40v9-qwen38-fortran-skills,c,fortran,compact_threshold_pack,618228,618228,llr40v9-qwen38-fortran-skills.n0.p1.w1,6,11.562665,251204887.000000,20695504.000000,0.000000,graded_attempt,sources/llr40v9-qwen38-fortran-skills/compact_threshold_pack/618228.618228.llr40v9-qwen38-fortran-skills.n0.p1.w1/candidate_06_submission.txt,0ed9a9bf00a9eb13b8c90497e17086981ca908853077b0effdde63002c0a9f6d
llr40v9-qwen38-fortran-skills,c,fortran,compact_threshold_pack,618228,618228,llr40v9-qwen38-fortran-skills.n0.p1.w1,9,11.562665,251007348.000000,20685614.000000,0.000000,graded_attempt,sources/llr40v9-qwen38-fortran-skills/compact_threshold_pack/618228.618228.llr40v9-qwen38-fortran-skills.n0.p1.w1/candidate_07_submission.txt,d070612b1dc8bd9f9f5181bf3050c5ac6e73dfa782b24338880c8642624a4bbe
llr40v9-qwen38-fortran-skills,c,fortran,compact_threshold_pack,618228,618228,llr40v9-qwen38-fortran-skills.n0.p1.w1,1,11.448183,251294842.000000,20867056.000000,0.000000,graded_attempt,sources/llr40v9-qwen38-fortran-skills/compact_threshold_pack/618228.618228.llr40v9-qwen38-fortran-skills.n0.p1.w1/candidate_01_submission.txt,ea285de207b3f54e381a5c95616555e8507e7cd5ba7c3a0f567fa07d625a6cd0
llr40v9-qwen38-fortran-skills,c,fortran,compact_threshold_pack,618228,618228,llr40v9-qwen38-fortran-skills.n0.p1.w1,2,11.448183,251135569.000000,20597302.000000,0.000000,graded_attempt,sources/llr40v9-qwen38-fortran-skills/compact_threshold_pack/618228.618228.llr40v9-qwen38-fortran-skills.n0.p1.w1/candidate_02_submission.txt,b428ee1e2f314c2390a0103880ff4204cda8180ed8f0db4962e10980ce357758
llr40v9-qwen38-fortran-skills,c,fortran,compact_threshold_pack,618228,618228,llr40v9-qwen38-fortran-skills.n0.p1.w1,5,11.448183,250987462.000000,20547615.000000,0.000000,graded_attempt,sources/llr40v9-qwen38-fortran-skills/compact_threshold_pack/618228.618228.llr40v9-qwen38-fortran-skills.n0.p1.w1/candidate_05_submission.txt,419bbbb67040cd53867db6200db4792473e546cf7ec7017d672565d608fb8001
llr40v9-qwen38-fortran-skills,c,fortran,compact_threshold_pack,618228,618228,llr40v9-qwen38-fortran-skills.n0.p1.w1,7,11.448183,250685144.000000,20983335.000000,0.000000,graded_attempt,sources/llr40v9-qwen38-fortran-skills/compact_threshold_pack/618228.618228.llr40v9-qwen38-fortran-skills.n0.p1.w1/candidate_07_submission.txt,d070612b1dc8bd9f9f5181bf3050c5ac6e73dfa782b24338880c8642624a4bbe
llr40v9-qwen38-fortran-skills,c,fortran,compact_threshold_pack,618228,618228,llr40v9-qwen38-fortran-skills.n0.p1.w1,3,11.222609,251100383.000000,21312175.000000,0.000000,graded_attempt,sources/llr40v9-qwen38-fortran-skills/compact_threshold_pack/618228.618228.llr40v9-qwen38-fortran-skills.n0.p1.w1/candidate_03_submission.txt,7234ccb9a640a39d438fb369dbd2742c4315c42a284d8215e2a72696e575a386
llr40v9-qwen38-fortran-skills,c,fortran,compact_threshold_pack,618228,618228,llr40v9-qwen38-fortran-skills.n0.p1.w1,4,11.222609,251063322.000000,20624943.000000,0.000000,graded_attempt,sources/llr40v9-qwen38-fortran-skills/compact_threshold_pack/618228.618228.llr40v9-qwen38-fortran-skills.n0.p1.w1/candidate_03_submission.txt,7234ccb9a640a39d438fb369dbd2742c4315c42a284d8215e2a72696e575a386
llr40v9-qwen38-fortran-skills,c,fortran,compact_threshold_pack,618228,618228,llr40v9-qwen38-fortran-skills.n0.p1.w1,8,11.111494,250698068.000000,21017316.000000,0.000000,graded_attempt,sources/llr40v9-qwen38-fortran-skills/compact_threshold_pack/618228.618228.llr40v9-qwen38-fortran-skills.n0.p1.w1/candidate_07_submission.txt,d070612b1dc8bd9f9f5181bf3050c5ac6e73dfa782b24338880c8642624a4bbe
v11w2-kimi27sglang-c-skills,numba,c,compact_threshold_pack,626368,626368,v11w2-kimi27sglang-c-skills.n0.p0.w0,1,16.056959,340039936.000000,20464146.000000,0.000000,graded_attempt,sources/v11w2-kimi27sglang-c-skills/compact_threshold_pack/626368.626368.v11w2-kimi27sglang-c-skills.n0.p0.w0/candidate_01_submission.txt,dc7f7a4b6d84ac77a781cde741a835afe3722e426b9c3f8eb94298cff42008eb
v11w2-kimi27sglang-fortran,numba,fortran,compact_threshold_pack,626373,626373,v11w2-kimi27sglang-fortran.n0.p0.w0,1,13.693716,296250344.000000,20714407.000000,0.000000,graded_attempt,sources/v11w2-kimi27sglang-fortran/compact_threshold_pack/626373.626373.v11w2-kimi27sglang-fortran.n0.p0.w0/candidate_01_submission.txt,f3630ec339aeceea8cebb7213125cd52680f833e7ad03455c70d5952545957ea
v11w2-oss120b-c,numba,c,compact_threshold_pack,628043,628043,v11w2-oss120b-c.n0.p0.w0,1,14.392233,298584514.000000,20068891.000000,0.000000,,,
v11w2-oss120b-c,numba,c,compact_threshold_pack,628043,628043,v11w2-oss120b-c.n0.p0.w0,2,14.249735,298584514.000000,19987881.000000,0.000000,,,
v11w2-oss120b-c,numba,c,compact_threshold_pack,628162,628162,v11w2-oss120b-c.n0.p0.w0,1,13.968959,294695550.000000,20785441.000000,0.000000,,,9fa1d3c0686f89f19082ae450a2f122cb3f11fa38b5aa5447899f880d0ec2d95
v11w2-oss120b-fortran,numba,fortran,compact_threshold_pack,626369,626369,v11w2-oss120b-fortran.n0.p1.w1,1,15.897979,338720411.000000,20597132.000000,0.000000,graded_attempt,sources/v11w2-oss120b-fortran/compact_threshold_pack/626369.626369.v11w2-oss120b-fortran.n0.p1.w1/candidate_01_submission.txt,69e2f71c43333da1b42afe68dd533972f942a530368fa704be477422be2d224d
v11w2-oss120b-fortran-skills,numba,fortran,compact_threshold_pack,628542,628542,v11w2-oss120b-fortran-skills.n0.p0.w0,1,13.830653,294373277.000000,20573774.000000,0.000000,,,e9cfd1e38f6a3d7a66e4d9d17602e351c1d1d18f42b4e61bc719abf3d03001bf
v11w2-qwen38-fortran,numba,fortran,compact_threshold_pack,626371,626371,v11w2-qwen38-fortran.n0.p1.w1,1,15.584726,342828763.000000,20627320.000000,0.000000,graded_attempt,sources/v11w2-qwen38-fortran/compact_threshold_pack/626371.626371.v11w2-qwen38-fortran.n0.p1.w1/candidate_01_submission.txt,b5720ab25d8d9aa32d7b55f47bad52c31c3883b33645b49101ffb122bfb55445
gpuv2-llr40-oss120b-hip,numba,hip,ext_break_capture,627167,627167,gpuv2-llr40-oss120b-hip.n0.p2.w2,1,54.059358,79083052.000000,1406913.000000,0.000000,graded_attempt,sources/gpuv2-llr40-oss120b-hip/ext_break_capture/627167.627167.gpuv2-llr40-oss120b-hip.n0.p2.w2/candidate_01_submission.txt,de924c5de474e6e6f4686fde282566038277d1679f5d95c9d6c7dee6d132a472
gpuv2-llr40-oss120b-hip-skills,numba,hip,ext_break_capture,627168,627168,gpuv2-llr40-oss120b-hip-skills.n0.p2.w2,1,51.435625,79168893.000000,1473433.000000,0.000000,graded_attempt,sources/gpuv2-llr40-oss120b-hip-skills/ext_break_capture/627168.627168.gpuv2-llr40-oss120b-hip-skills.n0.p2.w2/candidate_01_submission.txt,9764e148bce096ee3784142dbea03b6f1ef279667308824bc4c754530581ba99
gpuv2-llr40-qwen38-hip-skills,numba,hip,ext_break_capture,627229,627229,gpuv2-llr40-qwen38-hip-skills.n0.p2.w2,1,51.949981,79037459.000000,1468286.000000,0.000000,graded_attempt,sources/gpuv2-llr40-qwen38-hip-skills/ext_break_capture/627229.627229.gpuv2-llr40-qwen38-hip-skills.n0.p2.w2/candidate_01_submission.txt,3857de7367e3961dd5fb8880b1a1cbbc890ba89606779e03c3fe439a93c3d5da
gpuv4-llr40-oss120b-pytriton,numba,python,ext_break_capture,627175,627175,gpuv4-llr40-oss120b-pytriton.n0.p2.w2,1,1.000000,78852580.000000,79285645.000000,0.000000,graded_attempt,sources/gpuv4-llr40-oss120b-pytriton/ext_break_capture/627175.627175.gpuv4-llr40-oss120b-pytriton.n0.p2.w2/candidate_01_submission.txt,21aa53406b73a9459e4f1bbc3b01fe2e4261e8e181c4bea3397afe5dc725c763
gpuv4-llr40-oss120b-pytriton-skills,numba,python,ext_break_capture,627176,627176,gpuv4-llr40-oss120b-pytriton-skills.n0.p2.w2,1,1.677689,78783645.000000,46261407.000000,0.000000,graded_attempt,sources/gpuv4-llr40-oss120b-pytriton-skills/ext_break_capture/627176.627176.gpuv4-llr40-oss120b-pytriton-skills.n0.p2.w2/candidate_01_submission.txt,6440e20a176005ac658b217390913767d55e0290c87f89c505ccf882f5760696
gpuv4-llr40-qwen38-pytriton,numba,python,ext_break_capture,627019,627019,gpuv4-llr40-qwen38-pytriton.n0.p2.w2,1,4.769311,79233044.000000,14320535.000000,0.000000,graded_attempt,sources/gpuv4-llr40-qwen38-pytriton/ext_break_capture/627019.627019.gpuv4-llr40-qwen38-pytriton.n0.p2.w2/candidate_01_submission.txt,4c2e6531843d6960fa028df222df9e5a499b8dcdf62bdb1cb102cd12d35e91cb
llr40v10-kimi27sglang-c,numba,c,ext_break_capture,621729,621729,llr40v10-kimi27sglang-c.n0.p2.w2,2,14.536155,78941970.000000,5355295.000000,0.000000,graded_attempt,sources/llr40v10-kimi27sglang-c/ext_break_capture/621729.621729.llr40v10-kimi27sglang-c.n0.p2.w2/candidate_02_submission.txt,93364bf6fdb3600e383225dc644b4ce6d1991ff21a6d954f399802195aa0cc53
llr40v10-kimi27sglang-c,c,c,ext_break_capture,621017,621017,llr40v10-kimi27sglang-c.n0.p2.w2,2,6.756220,61017291.000000,8932891.000000,0.000000,graded_attempt,sources/llr40v10-kimi27sglang-c/ext_break_capture/621017.621017.llr40v10-kimi27sglang-c.n0.p2.w2/candidate_02_submission.txt,ca0548a64d5bf52fa88ddbe01d9779f844ab42871aa82f0d06dda27c017f3d2f
llr40v10-kimi27sglang-c,c,c,ext_break_capture,621017,621017,llr40v10-kimi27sglang-c.n0.p2.w2,1,5.995802,59347946.000000,9634406.000000,0.000000,graded_attempt,sources/llr40v10-kimi27sglang-c/ext_break_capture/621017.621017.llr40v10-kimi27sglang-c.n0.p2.w2/candidate_01_submission.txt,b5515b508639d5d75d2965d527eb46300ea1fb323df5c93c389802343257f83b
llr40v10-kimi27sglang-c,numba,c,ext_break_capture,621729,621729,llr40v10-kimi27sglang-c.n0.p2.w2,1,3.078330,78941970.000000,25691012.000000,0.000000,graded_attempt,sources/llr40v10-kimi27sglang-c/ext_break_capture/621729.621729.llr40v10-kimi27sglang-c.n0.p2.w2/candidate_01_submission.txt,4e7b3922448693df443af6498430b67ff9cdeb6e6785b7e7266a9d94575e6356
llr40v10-kimi27sglang-c-skills,numba,c,ext_break_capture,621025,621025,llr40v10-kimi27sglang-c-skills.n0.p2.w2,3,4.675337,79728882.000000,17077846.000000,0.000000,graded_attempt,sources/llr40v10-kimi27sglang-c-skills/ext_break_capture/621025.621025.llr40v10-kimi27sglang-c-skills.n0.p2.w2/candidate_03_submission.txt,236b0b8653ce18777990d97ac02d03c85529b4af0744502e3a9fcc71cb652aec
llr40v10-kimi27sglang-c-skills,numba,c,ext_break_capture,621025,621025,llr40v10-kimi27sglang-c-skills.n0.p2.w2,2,4.583215,79728882.000000,17434258.000000,0.000000,graded_attempt,sources/llr40v10-kimi27sglang-c-skills/ext_break_capture/621025.621025.llr40v10-kimi27sglang-c-skills.n0.p2.w2/candidate_02_submission.txt,4b824124f03ce0aa8bb0afd744ab5d99e8024add9340a1ad5e8eb6daea86a0ba
llr40v10-kimi27sglang-c-skills,numba,c,ext_break_capture,621025,621025,llr40v10-kimi27sglang-c-skills.n0.p2.w2,1,3.400392,79728882.000000,21718580.000000,0.000000,graded_attempt,sources/llr40v10-kimi27sglang-c-skills/ext_break_capture/621025.621025.llr40v10-kimi27sglang-c-skills.n0.p2.w2/candidate_01_submission.txt,2d14f84a87d679ef74c886222d111a455cf5cfbf995647ac4632a49434a25e57
llr40v10-kimi27sglang-fortran,numba,fortran,ext_break_capture,621731,621731,llr40v10-kimi27sglang-fortran.n0.p2.w2,1,4.537836,79212198.000000,17352075.000000,0.000000,graded_attempt,sources/llr40v10-kimi27sglang-fortran/ext_break_capture/621731.621731.llr40v10-kimi27sglang-fortran.n0.p2.w2/candidate_01_submission.txt,c3592ff2812c8d3ed9931f1c45a860c6d4f7dae616337c02bd63e5bff9fb78ed
llr40v10-kimi27sglang-fortran-skills,numba,fortran,ext_break_capture,621029,621029,llr40v10-kimi27sglang-fortran-skills.n0.p2.w2,2,7.463070,78903544.000000,10517719.000000,0.000000,graded_attempt,sources/llr40v10-kimi27sglang-fortran-skills/ext_break_capture/621029.621029.llr40v10-kimi27sglang-fortran-skills.n0.p2.w2/candidate_02_submission.txt,805278a5653a5c6b3d83afb61d49918d67050b4d8ee50b2f232629ccca09315c
llr40v10-kimi27sglang-fortran-skills,numba,fortran,ext_break_capture,621029,621029,llr40v10-kimi27sglang-fortran-skills.n0.p2.w2,1,4.537836,78903544.000000,17210937.000000,0.000000,graded_attempt,sources/llr40v10-kimi27sglang-fortran-skills/ext_break_capture/621029.621029.llr40v10-kimi27sglang-fortran-skills.n0.p2.w2/candidate_01_submission.txt,6f3a152cdca492e94be9a8be318793f7c6c8699c69e37dc79c42a9dc11f5463b
llr40v10-oss120b-c,c,c,ext_break_capture,621015,621015,llr40v10-oss120b-c.n0.p2.w2,1,3.987227,92080328.000000,22345559.000000,0.000000,graded_attempt,sources/llr40v10-oss120b-c/ext_break_capture/621015.621015.llr40v10-oss120b-c.n0.p2.w2/candidate_01_submission.txt,d296479f97f2a010afafa1f506603f61f38138e2118110e50413e2e9ab35ebfc
llr40v10-oss120b-c,c,c,ext_break_capture,621382,621382,llr40v10-oss120b-c.n0.p2.w2,1,2.759181,64608014.000000,21593903.000000,0.000000,graded_attempt,sources/llr40v10-oss120b-c/ext_break_capture/621382.621382.llr40v10-oss120b-c.n0.p2.w2/candidate_01_submission.txt,68012c0a81a5b0c24c181f85bfdcd9e3cfb68b6e6084cf3c26fc6f1648847225
llr40v10-oss120b-c-skills,numba,c,ext_break_capture,621023,621023,llr40v10-oss120b-c-skills.n0.p2.w2,1,4.404379,78606016.000000,17285225.000000,0.000000,graded_attempt,sources/llr40v10-oss120b-c-skills/ext_break_capture/621023.621023.llr40v10-oss120b-c-skills.n0.p2.w2/candidate_01_submission.txt,854dfe38a76db3b55081987cdec7dc39d5405ba2685f8ef00757abd8ae5b8906
llr40v10-qwen38-c,c,c,ext_break_capture,621383,621383,llr40v10-qwen38-c.n0.p2.w2,1,9.763254,62723845.000000,6376221.000000,0.000000,graded_attempt,sources/llr40v10-qwen38-c/ext_break_capture/621383.621383.llr40v10-qwen38-c.n0.p2.w2/candidate_01_submission.txt,099bb334d19621576b31e76626c7fc754630899481001ae3e7bbf66e14a0ece5
llr40v10-qwen38-c,numba,c,ext_break_capture,621727,621727,llr40v10-qwen38-c.n0.p2.w2,3,7.537701,78940176.000000,10330401.000000,0.000000,graded_attempt,sources/llr40v10-qwen38-c/ext_break_capture/621727.621727.llr40v10-qwen38-c.n0.p2.w2/candidate_03_submission.txt,12e7a7b3c63af68e8c1a3fd6ad5c8d2f541631bfd0021d09501180410b865091
llr40v10-qwen38-c,numba,c,ext_break_capture,621727,621727,llr40v10-qwen38-c.n0.p2.w2,2,4.817005,78940176.000000,16061048.000000,0.000000,graded_attempt,sources/llr40v10-qwen38-c/ext_break_capture/621727.621727.llr40v10-qwen38-c.n0.p2.w2/candidate_02_submission.txt,d900b6fb079fcf732f5925b81eccd4350643eb12c2cc6d45ba41a4c8ec074163
llr40v10-qwen38-c,numba,c,ext_break_capture,622265,622265,llr40v10-qwen38-c.n0.p2.w2,1,1.334504,79073591.000000,57723298.000000,0.000000,graded_attempt,sources/llr40v10-qwen38-c/ext_break_capture/622265.622265.llr40v10-qwen38-c.n0.p2.w2/candidate_01_submission.txt,9e09fdb6a0017f8d02705ae66eced50967cd4b62066fe4c3aff5292b30f87987
llr40v10-qwen38-c,numba,c,ext_break_capture,621727,621727,llr40v10-qwen38-c.n0.p2.w2,1,1.020100,78940176.000000,77055314.000000,0.000000,graded_attempt,sources/llr40v10-qwen38-c/ext_break_capture/621727.621727.llr40v10-qwen38-c.n0.p2.w2/candidate_01_submission.txt,a47488156663b57fb9618480cad0b0c9ef602130e756762c16dba6844b5ab602
llr40v10-qwen38-c-skills,numba,c,ext_break_capture,621024,621024,llr40v10-qwen38-c-skills.n0.p2.w2,1,17.387385,78779514.000000,4415613.000000,0.000000,graded_attempt,sources/llr40v10-qwen38-c-skills/ext_break_capture/621024.621024.llr40v10-qwen38-c-skills.n0.p2.w2/candidate_01_submission.txt,37d320bcaa8ce14ea823321f9d3e29b26bcc1ec528ac5424650b8f33db631039
llr40v10-qwen38-c-skills,numba,c,ext_break_capture,621024,621024,llr40v10-qwen38-c-skills.n0.p2.w2,2,17.387385,78779514.000000,4503395.000000,0.000000,graded_attempt,sources/llr40v10-qwen38-c-skills/ext_break_capture/621024.621024.llr40v10-qwen38-c-skills.n0.p2.w2/candidate_01_submission.txt,37d320bcaa8ce14ea823321f9d3e29b26bcc1ec528ac5424650b8f33db631039
llr40v10-qwen38-c-skills,numba,c,ext_break_capture,621024,621024,llr40v10-qwen38-c-skills.n0.p2.w2,3,1.149474,78779514.000000,67870773.000000,0.000000,graded_attempt,sources/llr40v10-qwen38-c-skills/ext_break_capture/621024.621024.llr40v10-qwen38-c-skills.n0.p2.w2/candidate_03_submission.txt,7e8b123c099967f85b06b50d357c4cd7f2f933318d4a3a1c53fd36bf8a579c59
llr40v10-qwen38-fortran,numba,fortran,ext_break_capture,621728,621728,llr40v10-qwen38-fortran.n0.p2.w2,1,1.347849,78893461.000000,58195026.000000,0.000000,graded_attempt,sources/llr40v10-qwen38-fortran/ext_break_capture/621728.621728.llr40v10-qwen38-fortran.n0.p2.w2/candidate_01_submission.txt,e794a3acde4b74722de7e6f1873b130464edda0f6fb23bfa7fc288d6d621bffb
llr40v10-qwen38-fortran-skills,numba,fortran,ext_break_capture,621028,621028,llr40v10-qwen38-fortran-skills.n0.p2.w2,1,1.257163,79480159.000000,62963174.000000,0.000000,graded_attempt,sources/llr40v10-qwen38-fortran-skills/ext_break_capture/621028.621028.llr40v10-qwen38-fortran-skills.n0.p2.w2/candidate_01_submission.txt,cb6e493c5af136a7d3233d9d20b8cad6d4d282405aa5ebdec495c4c1d46f7495
llr40v11-kimi27sglang-c,numba,c,ext_break_capture,625533,625533,llr40v11-kimi27sglang-c.n0.p2.w2,2,7.463070,80793631.000000,10623785.000000,0.000000,graded_attempt,sources/llr40v11-kimi27sglang-c/ext_break_capture/625533.625533.llr40v11-kimi27sglang-c.n0.p2.w2/candidate_02_submission.txt,cc3e4c2f7082186f173bc58acea76829570dabb75a0722ead01a5c83cda3e598
llr40v11-kimi27sglang-c,numba,c,ext_break_capture,625533,625533,llr40v11-kimi27sglang-c.n0.p2.w2,1,3.645680,80793631.000000,21650412.000000,0.000000,graded_attempt,sources/llr40v11-kimi27sglang-c/ext_break_capture/625533.625533.llr40v11-kimi27sglang-c.n0.p2.w2/candidate_01_submission.txt,78fff4bb6b4f92bb95674e4375debbfdd5172ed48ce07009be49e73959d514fa
llr40v11-kimi27sglang-c-skills,numba,c,ext_break_capture,625537,625537,llr40v11-kimi27sglang-c-skills.n0.p2.w2,1,3.400392,78922544.000000,22233078.000000,0.000000,graded_attempt,sources/llr40v11-kimi27sglang-c-skills/ext_break_capture/625537.625537.llr40v11-kimi27sglang-c-skills.n0.p2.w2/candidate_01_submission.txt,7bf228ffc57417a755c4d818a74573585653b6683c4f0e51cf3d615363849319
llr40v11-kimi27sglang-fortran,numba,fortran,ext_break_capture,625541,625541,llr40v11-kimi27sglang-fortran.n0.p2.w2,1,2.651518,78730679.000000,29712298.000000,0.000000,graded_attempt,sources/llr40v11-kimi27sglang-fortran/ext_break_capture/625541.625541.llr40v11-kimi27sglang-fortran.n0.p2.w2/candidate_01_submission.txt,e66e41ebcd8a0bc44f7f2030f3fe57f6e0341d1f1768193d97ee0994d6114038
llr40v11-kimi27sglang-fortran-skills,numba,fortran,ext_break_capture,625545,625545,llr40v11-kimi27sglang-fortran-skills.n0.p2.w2,1,4.583215,78653412.000000,17087249.000000,0.000000,graded_attempt,sources/llr40v11-kimi27sglang-fortran-skills/ext_break_capture/625545.625545.llr40v11-kimi27sglang-fortran-skills.n0.p2.w2/candidate_01_submission.txt,ed2d0f30ace4c8f2f98e109d18e73b40f7b469d3618df9d66d892c4c9e2b5001
llr40v11-oss120b-c,numba,c,ext_break_capture,625531,625531,llr40v11-oss120b-c.n0.p2.w2,1,1.533978,78583983.000000,50881385.000000,0.000000,graded_attempt,sources/llr40v11-oss120b-c/ext_break_capture/625531.625531.llr40v11-oss120b-c.n0.p2.w2/candidate_01_submission.txt,85804e69644a45fe8e9d559d4efda7663d5a34936fa8385ad0fc80714186de13
llr40v11-oss120b-c-skills,numba,c,ext_break_capture,625535,625535,llr40v11-oss120b-c-skills.n0.p2.w2,1,1.402577,78626353.000000,55808828.000000,0.000000,graded_attempt,sources/llr40v11-oss120b-c-skills/ext_break_capture/625535.625535.llr40v11-oss120b-c-skills.n0.p2.w2/candidate_01_submission.txt,40df1791a638596db440ef53f200304d5ba247e9a8f7a84a0bf7f2829bf560f9
llr40v11-qwen38-c,numba,c,ext_break_capture,625532,625532,llr40v11-qwen38-c.n0.p2.w2,2,19.016327,78799813.000000,3663675.000000,0.000000,graded_attempt,sources/llr40v11-qwen38-c/ext_break_capture/625532.625532.llr40v11-qwen38-c.n0.p2.w2/candidate_02_submission.txt,c0f12c41b197f4873f42a5dfa28f896eba9968b3d7a11cf84b73576bf92e5ab9
llr40v11-qwen38-c,numba,c,ext_break_capture,625532,625532,llr40v11-qwen38-c.n0.p2.w2,1,18.828047,78799813.000000,3329145.000000,0.000000,graded_attempt,sources/llr40v11-qwen38-c/ext_break_capture/625532.625532.llr40v11-qwen38-c.n0.p2.w2/candidate_01_submission.txt,f93b0511847232932f078fec51b7cf1adc9f07220db0e56b55ec312deaf16f98
llr40v11-qwen38-c-skills,numba,c,ext_break_capture,625536,625536,llr40v11-qwen38-c-skills.n0.p2.w2,1,4.448423,79225651.000000,17144967.000000,0.000000,graded_attempt,sources/llr40v11-qwen38-c-skills/ext_break_capture/625536.625536.llr40v11-qwen38-c-skills.n0.p2.w2/candidate_01_submission.txt,446149354168ddd4a9b1c3199d7f4ea7c453f5a4b7f2ff2982d6251cb3224da5
v11w2-oss120b-fortran,numba,fortran,ext_break_capture,628164,628164,v11w2-oss120b-fortran.n0.p0.w0,1,1.347849,79013774.000000,57665461.000000,0.000000,,,31ccda6700565e0acc1cee4c31ac52ff1261ca0c646af26c9f440ee798e91c33
v11w2-oss120b-fortran-skills,numba,fortran,ext_break_capture,628165,628165,v11w2-oss120b-fortran-skills.n0.p1.w1,1,4.537836,78480173.000000,17003035.000000,0.000000,,,004de230ad39ddaf565d857b5438dad5e2189c5176f6c631b6726943ba1bfb06
v11w2-oss120b-fortran-skills,numba,fortran,ext_break_capture,627373,627373,v11w2-oss120b-fortran-skills.n0.p2.w2,1,3.947749,88191084.000000,22166034.000000,0.000000,,,
v11w2-qwen38-fortran,numba,fortran,ext_break_capture,626371,626371,v11w2-qwen38-fortran.n0.p2.w2,1,8.243872,79117114.000000,9126717.000000,0.000000,graded_attempt,sources/v11w2-qwen38-fortran/ext_break_capture/626371.626371.v11w2-qwen38-fortran.n0.p2.w2/candidate_01_submission.txt,013f0cede1aab5faf13b6d8c75f323d7671532f9a79378d3747271f5b028fec4
v11w2-qwen38-fortran-skills,numba,fortran,ext_break_capture,626372,626372,v11w2-qwen38-fortran-skills.n0.p1.w1,2,8.926932,78801209.000000,8328367.000000,0.000000,graded_attempt,sources/v11w2-qwen38-fortran-skills/ext_break_capture/626372.626372.v11w2-qwen38-fortran-skills.n0.p1.w1/candidate_02_submission.txt,179f4a7fa1ea956acbfff4bbd04e1447923e9ef27ebc79b381a6e0fb42feb6bb
v11w2-qwen38-fortran-skills,numba,fortran,ext_break_capture,626372,626372,v11w2-qwen38-fortran-skills.n0.p1.w1,1,1.093685,78801209.000000,71451553.000000,0.000000,graded_attempt,sources/v11w2-qwen38-fortran-skills/ext_break_capture/626372.626372.v11w2-qwen38-fortran-skills.n0.p1.w1/candidate_01_submission.txt,8401341889efc4a13821ee976e78dd069d4c2e3a0c0890321244f2ea4eb09cfd
gpuv2-llr40-oss120b-hip,numba,hip,ext_war_unit,627167,627167,gpuv2-llr40-oss120b-hip.n0.p3.w3,1,14.828332,90133687.000000,3200176.000000,0.000000,graded_attempt,sources/gpuv2-llr40-oss120b-hip/ext_war_unit/627167.627167.gpuv2-llr40-oss120b-hip.n0.p3.w3/candidate_01_submission.txt,1d35eb18fa634498957f4178d2760cfb6adb72f1cdb953e18cb27b1ef7d9d2bf
gpuv2-llr40-oss120b-hip-skills,numba,hip,ext_war_unit,627168,627168,gpuv2-llr40-oss120b-hip-skills.n0.p3.w3,1,1.160969,83947886.000000,67207237.000000,0.000000,graded_attempt,sources/gpuv2-llr40-oss120b-hip-skills/ext_war_unit/627168.627168.gpuv2-llr40-oss120b-hip-skills.n0.p3.w3/candidate_01_submission.txt,dd66c704b959dbdef6f753cfec73b07b617ed1036f89d5af40bc2f1146c3618a
gpuv2-llr40-oss120b-omp,numba,c,ext_war_unit,627173,627173,gpuv2-llr40-oss120b-omp.n0.p3.w3,1,1.518790,87421630.000000,56684101.000000,0.000000,graded_attempt,sources/gpuv2-llr40-oss120b-omp/ext_war_unit/627173.627173.gpuv2-llr40-oss120b-omp.n0.p3.w3/candidate_05_submission.txt,aea99c3fdfad364223a543a92adb17d68cd648be1e50626ca4a1bd8acd14dda2
gpuv2-llr40-oss120b-omp-skills,numba,c,ext_war_unit,627174,627174,gpuv2-llr40-oss120b-omp-skills.n0.p3.w3,1,1.308209,115531640.000000,87760355.000000,0.000000,graded_attempt,sources/gpuv2-llr40-oss120b-omp-skills/ext_war_unit/627174.627174.gpuv2-llr40-oss120b-omp-skills.n0.p3.w3/candidate_05_submission.txt,ac86241a1267d96bae1e2bb9f2c4c99162dc70466cf82aac1b6380bc6f75fe44
gpuv2-llr40-qwen38-hip-skills,numba,hip,ext_war_unit,627229,627229,gpuv2-llr40-qwen38-hip-skills.n0.p3.w3,1,24.877328,85609278.000000,3339225.000000,0.000000,graded_attempt,sources/gpuv2-llr40-qwen38-hip-skills/ext_war_unit/627229.627229.gpuv2-llr40-qwen38-hip-skills.n0.p3.w3/candidate_01_submission.txt,0f158a6fcfca1072139cf48c4fecaf011cd302f6c2411cca4c2bb8554cb5cf7c
gpuv2-llr40-qwen38-hip-skills,numba,hip,ext_war_unit,627018,627018,gpuv2-llr40-qwen38-hip-skills.n0.p3.w3,1,20.591957,110688342.000000,5284440.000000,0.000000,graded_attempt,sources/gpuv2-llr40-qwen38-hip-skills/ext_war_unit/627018.627018.gpuv2-llr40-qwen38-hip-skills.n0.p3.w3/candidate_01_submission.txt,908f8e6f11929c6b012d0e520b7aa1818e5814c860fc235c0ab04d667f8c194b
gpuv2-llr40-qwen38-omp,numba,c,ext_war_unit,626521,626521,gpuv2-llr40-qwen38-omp.n0.p3.w3,1,2.786772,87278531.000000,19857187.000000,0.000000,graded_attempt,sources/gpuv2-llr40-qwen38-omp/ext_war_unit/626521.626521.gpuv2-llr40-qwen38-omp.n0.p3.w3/candidate_01_submission.txt,ba83878f9d1ed21d39093a264a13dc7ee768c98fccc50e6403871b0ed33575f5
gpuv4-llr40-oss120b-pytriton,numba,python,ext_war_unit,627175,627175,gpuv4-llr40-oss120b-pytriton.n0.p3.w3,1,1.172579,114966706.000000,97082784.000000,0.000000,graded_attempt,sources/gpuv4-llr40-oss120b-pytriton/ext_war_unit/627175.627175.gpuv4-llr40-oss120b-pytriton.n0.p3.w3/candidate_01_submission.txt,227cd519164ebe3c214e819b218029d1a4a1f6d3e5562462c393b4074c112335
gpuv4-llr40-qwen38-pytriton,numba,python,ext_war_unit,627019,627019,gpuv4-llr40-qwen38-pytriton.n0.p3.w3,1,5.704800,109931865.000000,18853567.000000,0.000000,graded_attempt,sources/gpuv4-llr40-qwen38-pytriton/ext_war_unit/627019.627019.gpuv4-llr40-qwen38-pytriton.n0.p3.w3/candidate_01_submission.txt,8857d387b803ec1e6f69f7c79fc12e8e85363a4f92eea9f7c5a0f003623a12ca
gpuv4-llr40-qwen38-pytriton-skills,numba,python,ext_war_unit,627020,627020,gpuv4-llr40-qwen38-pytriton-skills.n0.p3.w3,2,6.364665,124962390.000000,18853192.000000,0.000000,graded_attempt,sources/gpuv4-llr40-qwen38-pytriton-skills/ext_war_unit/627020.627020.gpuv4-llr40-qwen38-pytriton-skills.n0.p3.w3/candidate_02_submission.txt,f0ddf712447c5bfdf68ea92ca03dea37779f9d6f04252325667c4b3a1666f561
gpuv4-llr40-qwen38-pytriton-skills,numba,python,ext_war_unit,627020,627020,gpuv4-llr40-qwen38-pytriton-skills.n0.p3.w3,1,6.055760,124962390.000000,19808539.000000,0.000000,graded_attempt,sources/gpuv4-llr40-qwen38-pytriton-skills/ext_war_unit/627020.627020.gpuv4-llr40-qwen38-pytriton-skills.n0.p3.w3/candidate_01_submission.txt,4a34103fc9be218e7dc34a97b2bbb92e8571018e1ca90066e15b5859f9a386f8
llr40v10-kimi27sglang-c,numba,c,ext_war_unit,621729,621729,llr40v10-kimi27sglang-c.n0.p3.w3,3,5.995802,111301633.000000,18508384.000000,0.000000,graded_attempt,sources/llr40v10-kimi27sglang-c/ext_war_unit/621729.621729.llr40v10-kimi27sglang-c.n0.p3.w3/candidate_03_submission.txt,20906b99b5e25abfd8818bb16a1580e1d2f3ec4b8eaccfd8bf2aceb753afe306
llr40v10-kimi27sglang-c,numba,c,ext_war_unit,621729,621729,llr40v10-kimi27sglang-c.n0.p3.w3,2,5.592393,111301633.000000,19643813.000000,0.000000,graded_attempt,sources/llr40v10-kimi27sglang-c/ext_war_unit/621729.621729.llr40v10-kimi27sglang-c.n0.p3.w3/candidate_02_submission.txt,73b0b9c5a9e2226dcf355f7abf7c56850d218e7cd454afea945f8c53fa686a2e
llr40v10-kimi27sglang-c,numba,c,ext_war_unit,621729,621729,llr40v10-kimi27sglang-c.n0.p3.w3,1,5.320970,111301633.000000,20440836.000000,0.000000,graded_attempt,sources/llr40v10-kimi27sglang-c/ext_war_unit/621729.621729.llr40v10-kimi27sglang-c.n0.p3.w3/candidate_01_submission.txt,81a2b2839aa3624fcbc07daf9180d2919e014f6fae2de3a5f79ebf9f08183a5b
llr40v10-kimi27sglang-c,c,c,ext_war_unit,621017,621017,llr40v10-kimi27sglang-c.n0.p3.w3,2,3.869963,88926071.000000,22135377.000000,0.000000,graded_attempt,sources/llr40v10-kimi27sglang-c/ext_war_unit/621017.621017.llr40v10-kimi27sglang-c.n0.p3.w3/candidate_02_submission.txt,5b697b23de3b33aa30765d8a72ab58b8a2c0649e760f00e2011385a0c0efd928
llr40v10-kimi27sglang-c,c,c,ext_war_unit,621017,621017,llr40v10-kimi27sglang-c.n0.p3.w3,1,1.612226,92889050.000000,57136543.000000,0.000000,graded_attempt,sources/llr40v10-kimi27sglang-c/ext_war_unit/621017.621017.llr40v10-kimi27sglang-c.n0.p3.w3/candidate_01_submission.txt,cec1569d45a7bd7be9ef11e382b1929a5335fffb0e295bea63237360cee9b370
llr40v10-kimi27sglang-c-skills,numba,c,ext_war_unit,621025,621025,llr40v10-kimi27sglang-c-skills.n0.p3.w3,2,6.756220,147874135.000000,21605610.000000,0.000000,graded_attempt,sources/llr40v10-kimi27sglang-c-skills/ext_war_unit/621025.621025.llr40v10-kimi27sglang-c-skills.n0.p3.w3/candidate_02_submission.txt,bc353203405adf4b0a70d9572f7185ff0a3f5aca8d4620034f79658c267f1a67
llr40v10-kimi27sglang-c-skills,numba,c,ext_war_unit,621025,621025,llr40v10-kimi27sglang-c-skills.n0.p3.w3,3,6.756220,147874135.000000,21711511.000000,0.000000,graded_attempt,sources/llr40v10-kimi27sglang-c-skills/ext_war_unit/621025.621025.llr40v10-kimi27sglang-c-skills.n0.p3.w3/candidate_02_submission.txt,bc353203405adf4b0a70d9572f7185ff0a3f5aca8d4620034f79658c267f1a67
llr40v10-kimi27sglang-c-skills,numba,c,ext_war_unit,621025,621025,llr40v10-kimi27sglang-c-skills.n0.p3.w3,6,6.756220,147874135.000000,21662721.000000,0.000000,graded_attempt,sources/llr40v10-kimi27sglang-c-skills/ext_war_unit/621025.621025.llr40v10-kimi27sglang-c-skills.n0.p3.w3/candidate_06_submission.txt,36e24897a8b87de7f85831cf6d8b51b2dcd0557c5e3dbd941d6816558b10399d
llr40v10-kimi27sglang-c-skills,numba,c,ext_war_unit,621025,621025,llr40v10-kimi27sglang-c-skills.n0.p3.w3,1,6.689326,147874135.000000,21909391.000000,0.000000,graded_attempt,sources/llr40v10-kimi27sglang-c-skills/ext_war_unit/621025.621025.llr40v10-kimi27sglang-c-skills.n0.p3.w3/candidate_01_submission.txt,9580d60901ebc2582dcaa03f43ec9d4348cf46028afa723d80033241b6b5653a
llr40v10-kimi27sglang-c-skills,numba,c,ext_war_unit,621025,621025,llr40v10-kimi27sglang-c-skills.n0.p3.w3,5,6.623096,147874135.000000,21662440.000000,0.000000,graded_attempt,sources/llr40v10-kimi27sglang-c-skills/ext_war_unit/621025.621025.llr40v10-kimi27sglang-c-skills.n0.p3.w3/candidate_05_submission.txt,8ac15943a0228fac705c7b351b319758a42628a247fde49be2931462b67f1c90
llr40v10-kimi27sglang-c-skills,numba,c,ext_war_unit,621025,621025,llr40v10-kimi27sglang-c-skills.n0.p3.w3,4,6.557520,147874135.000000,21660010.000000,0.000000,graded_attempt,sources/llr40v10-kimi27sglang-c-skills/ext_war_unit/621025.621025.llr40v10-kimi27sglang-c-skills.n0.p3.w3/candidate_04_submission.txt,0a67bbe76354722cc6b28da6744fe2904cd5404bcc4dbe8430ff3cdd40c5dc84
llr40v10-kimi27sglang-fortran,numba,fortran,ext_war_unit,621731,621731,llr40v10-kimi27sglang-fortran.n0.p3.w3,2,4.865175,96193869.000000,19166910.000000,0.000000,graded_attempt,sources/llr40v10-kimi27sglang-fortran/ext_war_unit/621731.621731.llr40v10-kimi27sglang-fortran.n0.p3.w3/candidate_02_submission.txt,50c378211c73a5f7effa729ea002ed2846a3a4d1324a76d2596897052730972f
llr40v10-kimi27sglang-fortran,numba,fortran,ext_war_unit,621731,621731,llr40v10-kimi27sglang-fortran.n0.p3.w3,3,4.865175,96193869.000000,19282876.000000,0.000000,graded_attempt,sources/llr40v10-kimi27sglang-fortran/ext_war_unit/621731.621731.llr40v10-kimi27sglang-fortran.n0.p3.w3/candidate_03_submission.txt,989ffeae7f4e7a16f33d0209b7c6edb3753f85cd87c5d1b8090ec4b3b9679f61
llr40v10-kimi27sglang-fortran,numba,fortran,ext_war_unit,621731,621731,llr40v10-kimi27sglang-fortran.n0.p3.w3,1,1.000000,96193869.000000,95548424.000000,0.000000,graded_attempt,sources/llr40v10-kimi27sglang-fortran/ext_war_unit/621731.621731.llr40v10-kimi27sglang-fortran.n0.p3.w3/candidate_01_submission.txt,106a80d24ca461546d66233d3c1e5deb2e20a365a244ad34b5e2499ddc1c6de2
llr40v10-oss120b-c,c,c,ext_war_unit,621015,621015,llr40v10-oss120b-c.n0.p3.w3,1,1.853212,144031290.000000,77410584.000000,0.000000,graded_attempt,sources/llr40v10-oss120b-c/ext_war_unit/621015.621015.llr40v10-oss120b-c.n0.p3.w3/candidate_01_submission.txt,def5cb77f1a93e42506b96c3eb9f64da7a2331b22f4e088df3b96ef4861f6760
llr40v10-oss120b-c,c,c,ext_war_unit,621382,621382,llr40v10-oss120b-c.n0.p3.w3,1,1.000000,86712423.000000,87668688.000000,0.000000,graded_attempt,sources/llr40v10-oss120b-c/ext_war_unit/621382.621382.llr40v10-oss120b-c.n0.p3.w3/candidate_01_submission.txt,2807796e0070cd0a840743b44301d1b7f9e5b6e3eb3bbd1df648d109239eb097
llr40v10-oss120b-c-skills,numba,c,ext_war_unit,621023,621023,llr40v10-oss120b-c-skills.n0.p3.w3,1,1.564811,90001945.000000,57070760.000000,0.000000,graded_attempt,sources/llr40v10-oss120b-c-skills/ext_war_unit/621023.621023.llr40v10-oss120b-c-skills.n0.p3.w3/candidate_01_submission.txt,bbe0c44379d7be40e2254bb75c4f906ffb602ec137e0c56f29b4b9f7670ebf05
llr40v10-oss120b-fortran,c,fortran,ext_war_unit,621019,621019,llr40v10-oss120b-fortran.n0.p3.w3,4,1.628348,93480943.000000,56894328.000000,0.000000,graded_attempt,sources/llr40v10-oss120b-fortran/ext_war_unit/621019.621019.llr40v10-oss120b-fortran.n0.p3.w3/candidate_04_submission.txt,c2c4af08e06b5b220806f166799de5cb36450c0647f75efaaf79c42443ea56ec
llr40v10-oss120b-fortran,c,fortran,ext_war_unit,621384,621384,llr40v10-oss120b-fortran.n0.p3.w3,1,1.474123,84797771.000000,56780658.000000,0.000000,graded_attempt,sources/llr40v10-oss120b-fortran/ext_war_unit/621384.621384.llr40v10-oss120b-fortran.n0.p3.w3/candidate_01_submission.txt,8c732927ecce10790d27bdca86fb1d0f266663ae313f7d44cdcf03d2048724cf
llr40v10-oss120b-fortran,c,fortran,ext_war_unit,621019,621019,llr40v10-oss120b-fortran.n0.p3.w3,1,1.000000,92911763.000000,386539226.000000,0.000000,graded_attempt,sources/llr40v10-oss120b-fortran/ext_war_unit/621019.621019.llr40v10-oss120b-fortran.n0.p3.w3/candidate_01_submission.txt,e5fcceefec5049372304a434aec161ec10cdbba8823401870477177e27e4f2fd
llr40v10-oss120b-fortran,c,fortran,ext_war_unit,621019,621019,llr40v10-oss120b-fortran.n0.p3.w3,2,1.000000,88268033.000000,88750705.000000,0.000000,graded_attempt,sources/llr40v10-oss120b-fortran/ext_war_unit/621019.621019.llr40v10-oss120b-fortran.n0.p3.w3/candidate_02_submission.txt,4ef67924cde8ca0c9219fd0b636c21aeeb95d96c08081cf0009833de064ba4e2
llr40v10-oss120b-fortran,c,fortran,ext_war_unit,621019,621019,llr40v10-oss120b-fortran.n0.p3.w3,3,1.000000,85953543.000000,89155199.000000,0.000000,graded_attempt,sources/llr40v10-oss120b-fortran/ext_war_unit/621019.621019.llr40v10-oss120b-fortran.n0.p3.w3/candidate_03_submission.txt,8b9a3cd38900c7b9111c936ba1bc75bc461a8485eb399bc5f210e9ccb149f471
llr40v10-oss120b-fortran-skills,numba,fortran,ext_war_unit,621027,621027,llr40v10-oss120b-fortran-skills.n0.p3.w3,1,2.173037,126257584.000000,57553760.000000,0.000000,graded_attempt,sources/llr40v10-oss120b-fortran-skills/ext_war_unit/621027.621027.llr40v10-oss120b-fortran-skills.n0.p3.w3/candidate_01_submission.txt,4ff0b7323bb80ee51a6a738685d936633815b65621b9f07ca057ef06242d0ab8
llr40v10-qwen38-c,c,c,ext_war_unit,621383,621383,llr40v10-qwen38-c.n0.p3.w3,1,5.012594,89883486.000000,18417306.000000,0.000000,graded_attempt,sources/llr40v10-qwen38-c/ext_war_unit/621383.621383.llr40v10-qwen38-c.n0.p3.w3/candidate_01_submission.txt,7751681fa93851ff6366b9422e743d08edaace6b336b6844a46b7e3c58feade4
llr40v10-qwen38-c,numba,c,ext_war_unit,622265,622265,llr40v10-qwen38-c.n0.p3.w3,1,4.962965,96344021.000000,18601727.000000,0.000000,graded_attempt,sources/llr40v10-qwen38-c/ext_war_unit/622265.622265.llr40v10-qwen38-c.n0.p3.w3/candidate_01_submission.txt,a183112243049a923a23562bc40bc15baadb3d7e302d266ca643261510929a5b
llr40v10-qwen38-c,c,c,ext_war_unit,621016,621016,llr40v10-qwen38-c.n0.p3.w3,1,4.537836,85283862.000000,18484519.000000,0.000000,graded_attempt,sources/llr40v10-qwen38-c/ext_war_unit/621016.621016.llr40v10-qwen38-c.n0.p3.w3/candidate_01_submission.txt,d42f3680624ba6d5e6e8c3aa17be0c093f16659cf229331db821b8257d2e4d36
llr40v10-qwen38-c-skills,numba,c,ext_war_unit,621024,621024,llr40v10-qwen38-c-skills.n0.p3.w3,1,5.704800,106701354.000000,18486530.000000,0.000000,graded_attempt,sources/llr40v10-qwen38-c-skills/ext_war_unit/621024.621024.llr40v10-qwen38-c-skills.n0.p3.w3/candidate_01_submission.txt,106cb6fc5a03a23e3062d7095fb90d2af0a7581cf49bd861d119e00d6d037055
llr40v10-qwen38-fortran,c,fortran,ext_war_unit,621385,621385,llr40v10-qwen38-fortran.n0.p3.w3,2,5.761848,114706923.000000,20007806.000000,0.000000,graded_attempt,sources/llr40v10-qwen38-fortran/ext_war_unit/621385.621385.llr40v10-qwen38-fortran.n0.p3.w3/candidate_02_submission.txt,d47481cc9527815045c9a9e0aa75459925094d2a15bcd51a5825f50e89df19f8
llr40v10-qwen38-fortran,numba,fortran,ext_war_unit,621728,621728,llr40v10-qwen38-fortran.n0.p3.w3,1,4.865175,90373278.000000,18419416.000000,0.000000,graded_attempt,sources/llr40v10-qwen38-fortran/ext_war_unit/621728.621728.llr40v10-qwen38-fortran.n0.p3.w3/candidate_01_submission.txt,8533bd0b5e7ceae85552c715b81638b4c9a347283d4cb931b555e6eda0839f56
llr40v10-qwen38-fortran,numba,fortran,ext_war_unit,622266,622266,llr40v10-qwen38-fortran.n0.p3.w3,1,2.376619,107163357.000000,44617448.000000,0.000000,graded_attempt,sources/llr40v10-qwen38-fortran/ext_war_unit/622266.622266.llr40v10-qwen38-fortran.n0.p3.w3/candidate_01_submission.txt,ea065e52d254ef1c0d30560ed0c390991a76d8a5fb1ab72f2ea4c85938b8deda
llr40v10-qwen38-fortran,c,fortran,ext_war_unit,621385,621385,llr40v10-qwen38-fortran.n0.p3.w3,1,1.000000,111404810.000000,110987620.000000,0.000000,graded_attempt,sources/llr40v10-qwen38-fortran/ext_war_unit/621385.621385.llr40v10-qwen38-fortran.n0.p3.w3/candidate_01_submission.txt,d5e8774d4554e6ee3738654e56e7514c56221daf55c15c88a4e4910af8e4842c
llr40v11-kimi27sglang-fortran,numba,fortran,ext_war_unit,625541,625541,llr40v11-kimi27sglang-fortran.n0.p3.w3,1,1.061520,103044081.000000,89935454.000000,0.000000,graded_attempt,sources/llr40v11-kimi27sglang-fortran/ext_war_unit/625541.625541.llr40v11-kimi27sglang-fortran.n0.p3.w3/candidate_01_submission.txt,4de574a6b1721e6fbc4a19a4a6a7cdf80ca21fdf925f87d179098f471983822f
llr40v11-kimi27sglang-fortran-skills,numba,fortran,ext_war_unit,625545,625545,llr40v11-kimi27sglang-fortran-skills.n0.p3.w3,2,2.006763,90145856.000000,44649834.000000,0.000000,graded_attempt,sources/llr40v11-kimi27sglang-fortran-skills/ext_war_unit/625545.625545.llr40v11-kimi27sglang-fortran-skills.n0.p3.w3/candidate_02_submission.txt,1305ca77149fbbb2137f2b18b28b7ea34b8a7a2ec891a9413c984a4ffd40e4ff
llr40v11-kimi27sglang-fortran-skills,numba,fortran,ext_war_unit,625545,625545,llr40v11-kimi27sglang-fortran-skills.n0.p3.w3,1,1.000000,90145856.000000,91772555.000000,0.000000,graded_attempt,sources/llr40v11-kimi27sglang-fortran-skills/ext_war_unit/625545.625545.llr40v11-kimi27sglang-fortran-skills.n0.p3.w3/candidate_01_submission.txt,1fee36a5b13a82f4f458613d7bad93c7e8d8dbfc103adcd703e3b3281f3cf4a0
llr40v11-oss120b-c,numba,c,ext_war_unit,625531,625531,llr40v11-oss120b-c.n0.p3.w3,1,1.061520,85201243.000000,79318609.000000,0.000000,graded_attempt,sources/llr40v11-oss120b-c/ext_war_unit/625531.625531.llr40v11-oss120b-c.n0.p3.w3/candidate_01_submission.txt,05bd89bcbfca3c41629af7911bb0192a73fcb2a1a948017ce07ff9efcb6dc5a8
llr40v11-oss120b-c-skills,numba,c,ext_war_unit,625535,625535,llr40v11-oss120b-c-skills.n0.p3.w3,1,1.093685,84298671.000000,76537749.000000,0.000000,graded_attempt,sources/llr40v11-oss120b-c-skills/ext_war_unit/625535.625535.llr40v11-oss120b-c-skills.n0.p3.w3/candidate_01_submission.txt,9059f565df4fc765d9d52ebdee9719d320ddebf417aec02ec3aa558aa9a60660
llr40v11-oss120b-fortran,numba,fortran,ext_war_unit,625539,625539,llr40v11-oss120b-fortran.n0.p3.w3,1,2.067570,118388609.000000,56894724.000000,0.000000,graded_attempt,sources/llr40v11-oss120b-fortran/ext_war_unit/625539.625539.llr40v11-oss120b-fortran.n0.p3.w3/candidate_01_submission.txt,32a7fb7295a84b8099362f9e704deea40fadeae115a55c643e5324ad5c7d9fed
llr40v11-oss120b-fortran-skills,numba,fortran,ext_war_unit,625543,625543,llr40v11-oss120b-fortran-skills.n0.p3.w3,1,1.533978,88359675.000000,56470347.000000,0.000000,graded_attempt,sources/llr40v11-oss120b-fortran-skills/ext_war_unit/625543.625543.llr40v11-oss120b-fortran-skills.n0.p3.w3/candidate_01_submission.txt,9ac8c312020c5dee34005b0592dd26afde9d40207c0e3fba26566dfaba9129ba
llr40v11-qwen38-c,numba,c,ext_war_unit,625532,625532,llr40v11-qwen38-c.n0.p3.w3,1,4.962965,92151032.000000,18308065.000000,0.000000,graded_attempt,sources/llr40v11-qwen38-c/ext_war_unit/625532.625532.llr40v11-qwen38-c.n0.p3.w3/candidate_01_submission.txt,7da7ad4156af8e9726de5942588df165ea48205dca680f10f59b8a71614d9c98
llr40v11-qwen38-c-skills,numba,c,ext_war_unit,625536,625536,llr40v11-qwen38-c-skills.n0.p3.w3,1,5.648317,105861961.000000,18425239.000000,0.000000,graded_attempt,sources/llr40v11-qwen38-c-skills/ext_war_unit/625536.625536.llr40v11-qwen38-c-skills.n0.p3.w3/candidate_01_submission.txt,e50e14f9e4ba93cabf1b9a6f6fa4c1b7047e8cae847dfbce132bfc7d7c986f2e
llr40v11-qwen38-fortran,numba,fortran,ext_war_unit,625540,625540,llr40v11-qwen38-fortran.n0.p3.w3,2,5.113347,98740440.000000,18971334.000000,0.000000,graded_attempt,sources/llr40v11-qwen38-fortran/ext_war_unit/625540.625540.llr40v11-qwen38-fortran.n0.p3.w3/candidate_02_submission.txt,6c2faa5d869f62ae62a23989426ed218646cae63ef1e17525575d337449aa5db
llr40v11-qwen38-fortran,numba,fortran,ext_war_unit,625540,625540,llr40v11-qwen38-fortran.n0.p3.w3,1,2.151522,98740440.000000,45547009.000000,0.000000,graded_attempt,sources/llr40v11-qwen38-fortran/ext_war_unit/625540.625540.llr40v11-qwen38-fortran.n0.p3.w3/candidate_01_submission.txt,c24d187c9798b0503b14b31c9aaea493fff1bc82ac3f95fa5c2b4cde689f65e6
llr40v11-qwen38-fortran-skills,numba,fortran,ext_war_unit,625544,625544,llr40v11-qwen38-fortran-skills.n0.p3.w3,1,6.364665,119876589.000000,18673789.000000,0.000000,graded_attempt,sources/llr40v11-qwen38-fortran-skills/ext_war_unit/625544.625544.llr40v11-qwen38-fortran-skills.n0.p3.w3/candidate_01_submission.txt,4081ec2770cd1d15723d79036921ddc907a0140402c2d41316501f3946e3bc2b
v11w2-kimi27sglang-c,numba,c,ext_war_unit,627009,627009,v11w2-kimi27sglang-c.n0.p0.w0,1,4.962965,91436397.000000,18215840.000000,0.000000,graded_attempt,sources/v11w2-kimi27sglang-c/ext_war_unit/627009.627009.v11w2-kimi27sglang-c.n0.p0.w0/candidate_01_submission.txt,9e74d2665df1f9817bce39e1bb0fa607c36bce49381cc7e84778fe868b0c6b6b
v11w2-kimi27sglang-c-skills,numba,c,ext_war_unit,626368,626368,v11w2-kimi27sglang-c-skills.n0.p1.w1,1,2.109128,127206197.000000,59398451.000000,0.000000,graded_attempt,sources/v11w2-kimi27sglang-c-skills/ext_war_unit/626368.626368.v11w2-kimi27sglang-c-skills.n0.p1.w1/candidate_01_submission.txt,1103469d245976b0c4b8f3f2a540d72ac177ea35a6a266f77faba83c1ab98b55
v11w2-kimi27sglang-c-skills,numba,c,ext_war_unit,626368,626368,v11w2-kimi27sglang-c-skills.n0.p1.w1,2,2.109128,127206197.000000,59000938.000000,0.000000,graded_attempt,sources/v11w2-kimi27sglang-c-skills/ext_war_unit/626368.626368.v11w2-kimi27sglang-c-skills.n0.p1.w1/candidate_03_submission.txt,50b3b61e42d8ecf3402ce1501c7f95ed277d7751ddafef3eb7b1340524658d25
gpuv2-llr40-oss120b-hip,numba,hip,fuse_diamond,627167,627167,gpuv2-llr40-oss120b-hip.n0.p4.w4,1,284.800212,247370667.000000,828521.000000,0.000000,graded_attempt,sources/gpuv2-llr40-oss120b-hip/fuse_diamond/627167.627167.gpuv2-llr40-oss120b-hip.n0.p4.w4/candidate_01_submission.txt,ff87cd5b0d2d980f647937bdc5cb5c4ef2c623a6d2fcfff0743cb425ff49b3ff
gpuv2-llr40-oss120b-hip-skills,numba,hip,fuse_diamond,627168,627168,gpuv2-llr40-oss120b-hip-skills.n0.p4.w4,1,257.825917,241264803.000000,859486.000000,0.000000,graded_attempt,sources/gpuv2-llr40-oss120b-hip-skills/fuse_diamond/627168.627168.gpuv2-llr40-oss120b-hip-skills.n0.p4.w4/candidate_01_submission.txt,9f5913bff45c7ea4cb33c5257327e2776a8371be064b5306173b3c874b5365ba
gpuv2-llr40-oss120b-omp,numba,c,fuse_diamond,627173,627173,gpuv2-llr40-oss120b-omp.n0.p4.w4,1,17.914240,230394928.000000,12754127.000000,0.000000,graded_attempt,sources/gpuv2-llr40-oss120b-omp/fuse_diamond/627173.627173.gpuv2-llr40-oss120b-omp.n0.p4.w4/candidate_01_submission.txt,9e089275661a679e3c9dba96da3523dba06abd53e1875164e7d3207fa0b950aa
gpuv2-llr40-oss120b-omp-skills,numba,c,fuse_diamond,627174,627174,gpuv2-llr40-oss120b-omp-skills.n0.p4.w4,1,21.005856,244574094.000000,12645250.000000,0.000000,graded_attempt,sources/gpuv2-llr40-oss120b-omp-skills/fuse_diamond/627174.627174.gpuv2-llr40-oss120b-omp-skills.n0.p4.w4/candidate_01_submission.txt,fea9ff69f7edd8adb3f1993c9f0aeaa5dc871624a260fa9585ca6ea5bb2df868
gpuv2-llr40-qwen38-hip,numba,hip,fuse_diamond,626645,626645,gpuv2-llr40-qwen38-hip.n0.p4.w4,1,281.980408,243266418.000000,848927.000000,0.000000,graded_attempt,sources/gpuv2-llr40-qwen38-hip/fuse_diamond/626645.626645.gpuv2-llr40-qwen38-hip.n0.p4.w4/candidate_01_submission.txt,7d74fafa2b091e7fff0ea0b6942bbc6d2b707a91950d02f2376bb1d58a66ccc5
gpuv2-llr40-qwen38-hip,numba,hip,fuse_diamond,626645,626645,gpuv2-llr40-qwen38-hip.n0.p4.w4,2,279.188523,243266418.000000,854086.000000,0.000000,graded_attempt,sources/gpuv2-llr40-qwen38-hip/fuse_diamond/626645.626645.gpuv2-llr40-qwen38-hip.n0.p4.w4/candidate_01_submission.txt,7d74fafa2b091e7fff0ea0b6942bbc6d2b707a91950d02f2376bb1d58a66ccc5
gpuv2-llr40-qwen38-hip,numba,hip,fuse_diamond,627228,627228,gpuv2-llr40-qwen38-hip.n0.p4.w4,2,233.406439,205046453.000000,869051.000000,0.000000,graded_attempt,sources/gpuv2-llr40-qwen38-hip/fuse_diamond/627228.627228.gpuv2-llr40-qwen38-hip.n0.p4.w4/candidate_02_submission.txt,5914b2eca23940055fcf3073f91ce3e55314bec288e4c5a23a46e6613a59be50
gpuv2-llr40-qwen38-hip,numba,hip,fuse_diamond,627228,627228,gpuv2-llr40-qwen38-hip.n0.p4.w4,1,226.541990,205046453.000000,896081.000000,0.000000,graded_attempt,sources/gpuv2-llr40-qwen38-hip/fuse_diamond/627228.627228.gpuv2-llr40-qwen38-hip.n0.p4.w4/candidate_01_submission.txt,ac29afd6b053e15ebfa999bf55d287a7cfe620b9ce11bfbba3be31114001273e
gpuv2-llr40-qwen38-hip-skills,numba,hip,fuse_diamond,627229,627229,gpuv2-llr40-qwen38-hip-skills.n0.p4.w4,1,240.478888,217046097.000000,882203.000000,0.000000,graded_attempt,sources/gpuv2-llr40-qwen38-hip-skills/fuse_diamond/627229.627229.gpuv2-llr40-qwen38-hip-skills.n0.p4.w4/candidate_01_submission.txt,c3a79b024b020d543fe3314491734787850b45c9ee6f1fc88d23e01573837055
gpuv2-llr40-qwen38-hip-skills,numba,hip,fuse_diamond,627229,627229,gpuv2-llr40-qwen38-hip-skills.n0.p4.w4,3,238.097908,217046097.000000,888683.000000,0.000000,graded_attempt,sources/gpuv2-llr40-qwen38-hip-skills/fuse_diamond/627229.627229.gpuv2-llr40-qwen38-hip-skills.n0.p4.w4/candidate_01_submission.txt,c3a79b024b020d543fe3314491734787850b45c9ee6f1fc88d23e01573837055
gpuv2-llr40-qwen38-hip-skills,numba,hip,fuse_diamond,627229,627229,gpuv2-llr40-qwen38-hip-skills.n0.p4.w4,2,235.740503,217046097.000000,897123.000000,0.000000,graded_attempt,sources/gpuv2-llr40-qwen38-hip-skills/fuse_diamond/627229.627229.gpuv2-llr40-qwen38-hip-skills.n0.p4.w4/candidate_01_submission.txt,c3a79b024b020d543fe3314491734787850b45c9ee6f1fc88d23e01573837055
gpuv2-llr40-qwen38-omp,numba,c,fuse_diamond,627077,627077,gpuv2-llr40-qwen38-omp.n0.p4.w4,1,19.398555,238758848.000000,12423300.000000,0.000000,graded_attempt,sources/gpuv2-llr40-qwen38-omp/fuse_diamond/627077.627077.gpuv2-llr40-qwen38-omp.n0.p4.w4/candidate_01_submission.txt,767dfd43ee7da8f4f95b8fc3e11e4aed26099c2b64e9439e6d27730fa0ca8107
gpuv2-llr40-qwen38-omp,numba,c,fuse_diamond,626521,626521,gpuv2-llr40-qwen38-omp.n0.p4.w4,1,18.641630,239978785.000000,12763971.000000,0.000000,graded_attempt,sources/gpuv2-llr40-qwen38-omp/fuse_diamond/626521.626521.gpuv2-llr40-qwen38-omp.n0.p4.w4/candidate_01_submission.txt,48aadc135077a65bcd597d96adbaf21a88efe53441926044a1449d3470668365
gpuv2-llr40-qwen38-omp-skills,numba,c,fuse_diamond,627078,627078,gpuv2-llr40-qwen38-omp-skills.n0.p4.w4,2,30.965205,250472359.000000,8224947.000000,0.000000,graded_attempt,sources/gpuv2-llr40-qwen38-omp-skills/fuse_diamond/627078.627078.gpuv2-llr40-qwen38-omp-skills.n0.p4.w4/candidate_02_submission.txt,0f4a1bb305527f413edce1abde1b70080187a46809faafb1c5ab2bb2e93202c8
gpuv2-llr40-qwen38-omp-skills,numba,c,fuse_diamond,626561,626561,gpuv2-llr40-qwen38-omp-skills.n0.p4.w4,1,20.591957,268486758.000000,12826720.000000,0.000000,graded_attempt,sources/gpuv2-llr40-qwen38-omp-skills/fuse_diamond/626561.626561.gpuv2-llr40-qwen38-omp-skills.n0.p4.w4/candidate_01_submission.txt,9129cd50c6feabe865d30f3ded4f29b841c8ba1c6a6937a1956a5cad0afbfd11
gpuv2-llr40-qwen38-omp-skills,numba,c,fuse_diamond,627078,627078,gpuv2-llr40-qwen38-omp-skills.n0.p4.w4,1,20.388077,250472359.000000,12574017.000000,0.000000,graded_attempt,sources/gpuv2-llr40-qwen38-omp-skills/fuse_diamond/627078.627078.gpuv2-llr40-qwen38-omp-skills.n0.p4.w4/candidate_01_submission.txt,2f97d4c66a8c38f36aabb721b8cb9e0a0af054f53459afdf0354a6bfba800a03
gpuv4-llr40-oss120b-pytriton,numba,python,fuse_diamond,627175,627175,gpuv4-llr40-oss120b-pytriton.n0.p4.w4,2,20.591957,250339379.000000,12635127.000000,0.000000,graded_attempt,sources/gpuv4-llr40-oss120b-pytriton/fuse_diamond/627175.627175.gpuv4-llr40-oss120b-pytriton.n0.p4.w4/candidate_02_submission.txt,975655c592baad0780ee45433ae56ba9d6a65ec9dfe09345a7f32d06dda6d399
gpuv4-llr40-oss120b-pytriton,numba,python,fuse_diamond,627175,627175,gpuv4-llr40-oss120b-pytriton.n0.p4.w4,1,4.274847,250339379.000000,61139331.000000,0.000000,graded_attempt,sources/gpuv4-llr40-oss120b-pytriton/fuse_diamond/627175.627175.gpuv4-llr40-oss120b-pytriton.n0.p4.w4/candidate_01_submission.txt,e12c5a0938be04335aaac4a9477398fbd23c624c97cf73a38e250531a37b1bf1
gpuv4-llr40-oss120b-pytriton-skills,numba,python,fuse_diamond,627176,627176,gpuv4-llr40-oss120b-pytriton-skills.n0.p4.w4,1,20.797877,271737371.000000,13425135.000000,0.000000,graded_attempt,sources/gpuv4-llr40-oss120b-pytriton-skills/fuse_diamond/627176.627176.gpuv4-llr40-oss120b-pytriton-skills.n0.p4.w4/candidate_01_submission.txt,6abbcb8f1b5a9ca4807fb3488dd8498a751176991bd5d326dd8eca9bd4efc563
gpuv4-llr40-qwen38-pytriton,numba,python,fuse_diamond,626557,626557,gpuv4-llr40-qwen38-pytriton.n0.p4.w4,2,21.642354,322973050.000000,14556857.000000,0.000000,graded_attempt,sources/gpuv4-llr40-qwen38-pytriton/fuse_diamond/626557.626557.gpuv4-llr40-qwen38-pytriton.n0.p4.w4/candidate_02_submission.txt,d5cf8477fb71ed674c206265a3b622140e1c664554c12c44d103e3e680257da4
gpuv4-llr40-qwen38-pytriton,numba,python,fuse_diamond,626557,626557,gpuv4-llr40-qwen38-pytriton.n0.p4.w4,3,21.642354,322973050.000000,14702118.000000,0.000000,graded_attempt,sources/gpuv4-llr40-qwen38-pytriton/fuse_diamond/626557.626557.gpuv4-llr40-qwen38-pytriton.n0.p4.w4/candidate_03_submission.txt,411799a5c989d083f8c032bd60010541aa021a806989d5cbf0d58cf8a07d3549
gpuv4-llr40-qwen38-pytriton,numba,python,fuse_diamond,626557,626557,gpuv4-llr40-qwen38-pytriton.n0.p4.w4,4,21.428073,322973050.000000,14578421.000000,0.000000,graded_attempt,sources/gpuv4-llr40-qwen38-pytriton/fuse_diamond/626557.626557.gpuv4-llr40-qwen38-pytriton.n0.p4.w4/candidate_04_submission.txt,c7e8218b024d605ad5d6a7e373ac2b4255994bdc39610d02015c173711d955ee
gpuv4-llr40-qwen38-pytriton,numba,python,fuse_diamond,627230,627230,gpuv4-llr40-qwen38-pytriton.n0.p4.w4,1,19.206490,277209204.000000,14341798.000000,0.000000,graded_attempt,sources/gpuv4-llr40-qwen38-pytriton/fuse_diamond/627230.627230.gpuv4-llr40-qwen38-pytriton.n0.p4.w4/candidate_01_submission.txt,cf3a5f0c5642195885f120dd3d4a5cae45e770ebe9700cbd6f71c30ff5f97f3e
gpuv4-llr40-qwen38-pytriton,numba,python,fuse_diamond,627019,627019,gpuv4-llr40-qwen38-pytriton.n0.p4.w4,1,12.520710,279869658.000000,23496911.000000,0.000000,graded_attempt,sources/gpuv4-llr40-qwen38-pytriton/fuse_diamond/627019.627019.gpuv4-llr40-qwen38-pytriton.n0.p4.w4/candidate_01_submission.txt,1bc1e50ec6a100c1ecd0bed8acbc0040508b8438e00aeabd8887a0162fab0728
gpuv4-llr40-qwen38-pytriton,numba,python,fuse_diamond,626557,626557,gpuv4-llr40-qwen38-pytriton.n0.p4.w4,1,4.027099,322973050.000000,80049053.000000,0.000000,graded_attempt,sources/gpuv4-llr40-qwen38-pytriton/fuse_diamond/626557.626557.gpuv4-llr40-qwen38-pytriton.n0.p4.w4/candidate_01_submission.txt,6cea5d69b0ac77a8f28c2534dca0ce254460aed99dff1e49ff0ff5ab664e122a
gpuv4-llr40-qwen38-pytriton-skills,numba,python,fuse_diamond,626651,626651,gpuv4-llr40-qwen38-pytriton-skills.n0.p4.w4,2,25.377362,322757828.000000,12560081.000000,0.000000,graded_attempt,sources/gpuv4-llr40-qwen38-pytriton-skills/fuse_diamond/626651.626651.gpuv4-llr40-qwen38-pytriton-skills.n0.p4.w4/candidate_01_submission.txt,d1a86f951dd00a579e0adb41837b10cd4b2754c60a25fdb3bc71e76ed0db5727
gpuv4-llr40-qwen38-pytriton-skills,numba,python,fuse_diamond,626651,626651,gpuv4-llr40-qwen38-pytriton-skills.n0.p4.w4,1,21.642354,322757828.000000,14648304.000000,0.000000,graded_attempt,sources/gpuv4-llr40-qwen38-pytriton-skills/fuse_diamond/626651.626651.gpuv4-llr40-qwen38-pytriton-skills.n0.p4.w4/candidate_01_submission.txt,d1a86f951dd00a579e0adb41837b10cd4b2754c60a25fdb3bc71e76ed0db5727
gpuv4-llr40-qwen38-pytriton-skills,numba,python,fuse_diamond,627231,627231,gpuv4-llr40-qwen38-pytriton-skills.n0.p4.w4,2,16.379703,206605896.000000,12491325.000000,0.000000,graded_attempt,sources/gpuv4-llr40-qwen38-pytriton-skills/fuse_diamond/627231.627231.gpuv4-llr40-qwen38-pytriton-skills.n0.p4.w4/candidate_02_submission.txt,de944e8442a0606cd8343ce077b6b3901b3a0d71817df72f9f844120fd7d9eff
gpuv4-llr40-qwen38-pytriton-skills,numba,python,fuse_diamond,627231,627231,gpuv4-llr40-qwen38-pytriton-skills.n0.p4.w4,1,16.217528,206605896.000000,12604975.000000,0.000000,graded_attempt,sources/gpuv4-llr40-qwen38-pytriton-skills/fuse_diamond/627231.627231.gpuv4-llr40-qwen38-pytriton-skills.n0.p4.w4/candidate_01_submission.txt,56528dae5416ebb7f183e05875465199c755463c4d84ea1f1dc4cc138cb245b3
gpuv4-llr40-qwen38-pytriton-skills,numba,python,fuse_diamond,627231,627231,gpuv4-llr40-qwen38-pytriton-skills.n0.p4.w4,3,16.217528,206605896.000000,12605867.000000,0.000000,graded_attempt,sources/gpuv4-llr40-qwen38-pytriton-skills/fuse_diamond/627231.627231.gpuv4-llr40-qwen38-pytriton-skills.n0.p4.w4/candidate_03_submission.txt,098bfd35170d3d09c6249bdf077a22d66bb069210af67b9c9fd64f3a654997d4
gpuv4-llr40-qwen38-pytriton-skills,numba,python,fuse_diamond,627231,627231,gpuv4-llr40-qwen38-pytriton-skills.n0.p4.w4,4,16.217528,206605896.000000,12587447.000000,0.000000,graded_attempt,sources/gpuv4-llr40-qwen38-pytriton-skills/fuse_diamond/627231.627231.gpuv4-llr40-qwen38-pytriton-skills.n0.p4.w4/candidate_04_submission.txt,830ca7f8c9d0aab776ad697b84f0a596515c8658331e9630110f809cbc19cc9e
llr40v10-kimi27sglang-c,c,c,fuse_diamond,621017,621017,llr40v10-kimi27sglang-c.n0.p4.w4,3,88.907741,770071917.000000,8210555.000000,0.000000,graded_attempt,sources/llr40v10-kimi27sglang-c/fuse_diamond/621017.621017.llr40v10-kimi27sglang-c.n0.p4.w4/candidate_03_submission.txt,d5da9b5da4b9559c689bc404e0b42638ccd97eed6e127dea1d472309ff59b8f2
llr40v10-kimi27sglang-c,c,c,fuse_diamond,621017,621017,llr40v10-kimi27sglang-c.n0.p4.w4,2,64.022738,818595494.000000,12588913.000000,0.000000,graded_attempt,sources/llr40v10-kimi27sglang-c/fuse_diamond/621017.621017.llr40v10-kimi27sglang-c.n0.p4.w4/candidate_02_submission.txt,811907d2e59b5a5c7c57a26ceb7beb54dc9d1389584b8f6eef5fc997068070f3
llr40v10-kimi27sglang-c,c,c,fuse_diamond,621017,621017,llr40v10-kimi27sglang-c.n0.p4.w4,1,59.123924,809444270.000000,13216919.000000,0.000000,graded_attempt,sources/llr40v10-kimi27sglang-c/fuse_diamond/621017.621017.llr40v10-kimi27sglang-c.n0.p4.w4/candidate_01_submission.txt,2a6222f9a932dbc82c87ce8048274c163deb25d8bcd64e74e90abfad2b356cfe
llr40v10-kimi27sglang-c,numba,c,fuse_diamond,621729,621729,llr40v10-kimi27sglang-c.n0.p4.w4,2,19.788466,245402934.000000,12547257.000000,0.000000,graded_attempt,sources/llr40v10-kimi27sglang-c/fuse_diamond/621729.621729.llr40v10-kimi27sglang-c.n0.p4.w4/candidate_02_submission.txt,d576c205ed17b9f4ec8775a3e00e485125208f5877dad7cfd7f6ef96e372dc97
llr40v10-kimi27sglang-c,numba,c,fuse_diamond,621729,621729,llr40v10-kimi27sglang-c.n0.p4.w4,1,19.592541,245402934.000000,12566885.000000,0.000000,graded_attempt,sources/llr40v10-kimi27sglang-c/fuse_diamond/621729.621729.llr40v10-kimi27sglang-c.n0.p4.w4/candidate_01_submission.txt,7b727d98b6ef98e0885c2acaa280894ca7dc6abba34bdb26ea58a8ecb866056d
llr40v10-kimi27sglang-c-skills,numba,c,fuse_diamond,621025,621025,llr40v10-kimi27sglang-c-skills.n0.p4.w4,1,45.194560,624777720.000000,13698944.000000,0.000000,graded_attempt,sources/llr40v10-kimi27sglang-c-skills/fuse_diamond/621025.621025.llr40v10-kimi27sglang-c-skills.n0.p4.w4/candidate_01_submission.txt,28a92accab1067c7aa36852777c1fcc95ec96ea15c510a7df3c5efb0497ce616
llr40v10-kimi27sglang-fortran-skills,numba,fortran,fuse_diamond,621029,621029,llr40v10-kimi27sglang-fortran-skills.n0.p4.w4,2,46.564000,568401147.000000,12380605.000000,0.000000,graded_attempt,sources/llr40v10-kimi27sglang-fortran-skills/fuse_diamond/621029.621029.llr40v10-kimi27sglang-fortran-skills.n0.p4.w4/candidate_02_submission.txt,c60cd57efa1cf6dbdb37164232b4cd5124c10b82d21b8c9a7b3bb115752f098c
llr40v10-kimi27sglang-fortran-skills,numba,fortran,fuse_diamond,621029,621029,llr40v10-kimi27sglang-fortran-skills.n0.p4.w4,3,46.564000,568401147.000000,12366585.000000,0.000000,graded_attempt,sources/llr40v10-kimi27sglang-fortran-skills/fuse_diamond/621029.621029.llr40v10-kimi27sglang-fortran-skills.n0.p4.w4/candidate_02_submission.txt,c60cd57efa1cf6dbdb37164232b4cd5124c10b82d21b8c9a7b3bb115752f098c
llr40v10-kimi27sglang-fortran-skills,numba,fortran,fuse_diamond,621029,621029,llr40v10-kimi27sglang-fortran-skills.n0.p4.w4,4,46.564000,568401147.000000,12374957.000000,0.000000,graded_attempt,sources/llr40v10-kimi27sglang-fortran-skills/fuse_diamond/621029.621029.llr40v10-kimi27sglang-fortran-skills.n0.p4.w4/candidate_04_submission.txt,6ec2c6f75094b2dca603f3ea25c0df1df16bff8ab7387a3b1827e2504105725d
llr40v10-kimi27sglang-fortran-skills,numba,fortran,fuse_diamond,621029,621029,llr40v10-kimi27sglang-fortran-skills.n0.p4.w4,5,46.564000,568401147.000000,12433256.000000,0.000000,graded_attempt,sources/llr40v10-kimi27sglang-fortran-skills/fuse_diamond/621029.621029.llr40v10-kimi27sglang-fortran-skills.n0.p4.w4/candidate_05_submission.txt,85ba1fca7e69ad12db2beee45a8ec744cb4eb24d04df963ece0d36c0eaa38629
llr40v10-kimi27sglang-fortran-skills,numba,fortran,fuse_diamond,621029,621029,llr40v10-kimi27sglang-fortran-skills.n0.p4.w4,1,45.194560,568401147.000000,12693541.000000,0.000000,graded_attempt,sources/llr40v10-kimi27sglang-fortran-skills/fuse_diamond/621029.621029.llr40v10-kimi27sglang-fortran-skills.n0.p4.w4/candidate_01_submission.txt,55f43dbd1ceb87944c87303c6ca6cc5a5ceb2236a290fa533c3679672d7e6549
llr40v10-oss120b-c,c,c,fuse_diamond,621382,621382,llr40v10-oss120b-c.n0.p4.w4,1,59.715163,739909711.000000,12461508.000000,0.000000,graded_attempt,sources/llr40v10-oss120b-c/fuse_diamond/621382.621382.llr40v10-oss120b-c.n0.p4.w4/candidate_01_submission.txt,05082f35abb90046dc1c34592764f17a970e88cd404f1cf3ed040ff9934f11b8
llr40v10-oss120b-c,c,c,fuse_diamond,621015,621015,llr40v10-oss120b-c.n0.p4.w4,1,56.816929,754497284.000000,12613687.000000,0.000000,graded_attempt,sources/llr40v10-oss120b-c/fuse_diamond/621015.621015.llr40v10-oss120b-c.n0.p4.w4/candidate_01_submission.txt,14a8158c3c0520e76cc8a820d9d05f75c2e706e9b3a98bcb1d898f83722b932b
llr40v10-oss120b-c-skills,numba,c,fuse_diamond,621023,621023,llr40v10-oss120b-c-skills.n0.p4.w4,1,50.422140,652996152.000000,12798303.000000,0.000000,graded_attempt,sources/llr40v10-oss120b-c-skills/fuse_diamond/621023.621023.llr40v10-oss120b-c-skills.n0.p4.w4/candidate_01_submission.txt,69231a39d5e428b4f7c059b1ffd3ccec73fca6a541216fb1f46d80955c968a83
llr40v10-oss120b-fortran,c,fortran,fuse_diamond,621019,621019,llr40v10-oss120b-fortran.n0.p4.w4,1,62.761237,786937414.000000,12378525.000000,0.000000,graded_attempt,sources/llr40v10-oss120b-fortran/fuse_diamond/621019.621019.llr40v10-oss120b-fortran.n0.p4.w4/candidate_01_submission.txt,1f00f370099f0e484bf53a04aa19ee003163adb6277f4028e1d8f895b133f537
llr40v10-oss120b-fortran,c,fortran,fuse_diamond,621384,621384,llr40v10-oss120b-fortran.n0.p4.w4,1,62.139838,773090849.000000,12344439.000000,0.000000,graded_attempt,sources/llr40v10-oss120b-fortran/fuse_diamond/621384.621384.llr40v10-oss120b-fortran.n0.p4.w4/candidate_01_submission.txt,a77fa2c9c720ac876baa0d21873b88f4e67dcd308e2ba3b9b52f32a49dd1a354
llr40v10-oss120b-fortran-skills,numba,fortran,fuse_diamond,621027,621027,llr40v10-oss120b-fortran-skills.n0.p4.w4,1,19.788466,246516101.000000,12496665.000000,0.000000,graded_attempt,sources/llr40v10-oss120b-fortran-skills/fuse_diamond/621027.621027.llr40v10-oss120b-fortran-skills.n0.p4.w4/candidate_01_submission.txt,3f45832950daa6562e275070b63f28b513ffc86aa5700d67ef15fdb99aef9061
llr40v10-qwen38-c,c,c,fuse_diamond,621383,621383,llr40v10-qwen38-c.n0.p4.w4,1,60.915438,773363342.000000,12535631.000000,0.000000,graded_attempt,sources/llr40v10-qwen38-c/fuse_diamond/621383.621383.llr40v10-qwen38-c.n0.p4.w4/candidate_01_submission.txt,688af64594ae31bd75bc1792bccfe4ff9fcc5bab7f95b6daadb1454fa49a71f3
llr40v10-qwen38-c,numba,c,fuse_diamond,621727,621727,llr40v10-qwen38-c.n0.p4.w4,1,22.077365,276664632.000000,12948790.000000,0.000000,graded_attempt,sources/llr40v10-qwen38-c/fuse_diamond/621727.621727.llr40v10-qwen38-c.n0.p4.w4/candidate_01_submission.txt,a3674dcd6e4dd2c169eb08ef721153c1ed95dae5b717c0bf34e8425b20ffef42
llr40v10-qwen38-c,numba,c,fuse_diamond,622265,622265,llr40v10-qwen38-c.n0.p4.w4,1,19.986351,250731823.000000,12529297.000000,0.000000,graded_attempt,sources/llr40v10-qwen38-c/fuse_diamond/622265.622265.llr40v10-qwen38-c.n0.p4.w4/candidate_01_submission.txt,1232ad75317e88aaa6301e7907d64c972e1d804a7f38b9031497134c45d98a93
llr40v10-qwen38-c,c,c,fuse_diamond,621016,621016,llr40v10-qwen38-c.n0.p4.w4,2,18.641630,782129930.000000,41389878.000000,0.000000,graded_attempt,sources/llr40v10-qwen38-c/fuse_diamond/621016.621016.llr40v10-qwen38-c.n0.p4.w4/candidate_02_submission.txt,ad3fc8951e17a7eedffd381a8c0c156d9d504ec7ad57dfe79e880d102952cfdd
llr40v10-qwen38-c,c,c,fuse_diamond,621016,621016,llr40v10-qwen38-c.n0.p4.w4,1,11.678292,777470579.000000,66010901.000000,0.000000,graded_attempt,sources/llr40v10-qwen38-c/fuse_diamond/621016.621016.llr40v10-qwen38-c.n0.p4.w4/candidate_01_submission.txt,c489f98b9d752b0938d2b301000288a2960a454ff039e7a3af546289406a0076
llr40v10-qwen38-c-skills,numba,c,fuse_diamond,621024,621024,llr40v10-qwen38-c-skills.n0.p4.w4,1,21.215914,288644954.000000,13487869.000000,0.000000,graded_attempt,sources/llr40v10-qwen38-c-skills/fuse_diamond/621024.621024.llr40v10-qwen38-c-skills.n0.p4.w4/candidate_01_submission.txt,1232ad75317e88aaa6301e7907d64c972e1d804a7f38b9031497134c45d98a93
llr40v10-qwen38-fortran,c,fortran,fuse_diamond,621385,621385,llr40v10-qwen38-fortran.n0.p4.w4,1,57.385098,763849271.000000,12525531.000000,0.000000,graded_attempt,sources/llr40v10-qwen38-fortran/fuse_diamond/621385.621385.llr40v10-qwen38-fortran.n0.p4.w4/candidate_01_submission.txt,c8a9ece9f79e1e99c43408e51582a16569f269642f9a7614d27c5a542118a492
llr40v10-qwen38-fortran,c,fortran,fuse_diamond,621020,621020,llr40v10-qwen38-fortran.n0.p4.w4,1,56.816929,739517606.000000,12537325.000000,0.000000,graded_attempt,sources/llr40v10-qwen38-fortran/fuse_diamond/621020.621020.llr40v10-qwen38-fortran.n0.p4.w4/candidate_01_submission.txt,d3c068b9721d715693c78f6d7f815629ae5177fddbee893ecd6b4f6a31ff37d8
llr40v10-qwen38-fortran,numba,fortran,fuse_diamond,622266,622266,llr40v10-qwen38-fortran.n0.p4.w4,1,19.986351,252176025.000000,12472734.000000,0.000000,graded_attempt,sources/llr40v10-qwen38-fortran/fuse_diamond/622266.622266.llr40v10-qwen38-fortran.n0.p4.w4/candidate_01_submission.txt,d8247975a803b5a7ee271e87b8b758aaa71e35981d157e7935a73d5d5fc3e22c
llr40v10-qwen38-fortran-skills,numba,fortran,fuse_diamond,621028,621028,llr40v10-qwen38-fortran-skills.n0.p4.w4,1,18.641630,233944902.000000,12479036.000000,0.000000,graded_attempt,sources/llr40v10-qwen38-fortran-skills/fuse_diamond/621028.621028.llr40v10-qwen38-fortran-skills.n0.p4.w4/candidate_01_submission.txt,0cb4711fd6e637e18dba59c87ac23db61b111b2b1c8d0df6b05410cdd3080007
llr40v11-kimi27sglang-c,numba,c,fuse_diamond,625533,625533,llr40v11-kimi27sglang-c.n0.p4.w4,1,4.190616,390645176.000000,93037394.000000,0.000000,graded_attempt,sources/llr40v11-kimi27sglang-c/fuse_diamond/625533.625533.llr40v11-kimi27sglang-c.n0.p4.w4/candidate_01_submission.txt,891c7b1fa9277f3f7941a59e635179038b780874234e2ef66071f6cfa6d3a6bd
llr40v11-kimi27sglang-c-skills,numba,c,fuse_diamond,625537,625537,llr40v11-kimi27sglang-c-skills.n0.p4.w4,1,21.428073,242213735.000000,12454165.000000,0.000000,graded_attempt,sources/llr40v11-kimi27sglang-c-skills/fuse_diamond/625537.625537.llr40v11-kimi27sglang-c-skills.n0.p4.w4/candidate_01_submission.txt,aa4a01ee8d847c5e36cd7fe31ddd341b2a290f74a76cea44b092859988849473
llr40v11-kimi27sglang-fortran,numba,fortran,fuse_diamond,625541,625541,llr40v11-kimi27sglang-fortran.n0.p4.w4,1,45.194560,568454288.000000,12488638.000000,0.000000,graded_attempt,sources/llr40v11-kimi27sglang-fortran/fuse_diamond/625541.625541.llr40v11-kimi27sglang-fortran.n0.p4.w4/candidate_01_submission.txt,cd63f32a766f8cae10251f85633d4c31c0c519626a12c88c7e78823a35613f43
llr40v11-kimi27sglang-fortran-skills,numba,fortran,fuse_diamond,625545,625545,llr40v11-kimi27sglang-fortran-skills.n0.p4.w4,1,19.986351,243899100.000000,12423743.000000,0.000000,graded_attempt,sources/llr40v11-kimi27sglang-fortran-skills/fuse_diamond/625545.625545.llr40v11-kimi27sglang-fortran-skills.n0.p4.w4/candidate_01_submission.txt,d274b33dd68bc2886b94daa4a607d64f55d0e401abc8d3e0604c06bbb76ec470
llr40v11-kimi27sglang-fortran-skills,numba,fortran,fuse_diamond,625545,625545,llr40v11-kimi27sglang-fortran-skills.n0.p4.w4,2,19.986351,243899100.000000,12437067.000000,0.000000,graded_attempt,sources/llr40v11-kimi27sglang-fortran-skills/fuse_diamond/625545.625545.llr40v11-kimi27sglang-fortran-skills.n0.p4.w4/candidate_02_submission.txt,08df273b479c213158b88f8117eb3d9dd767534c42e86fbc32479d123fd2f75e
llr40v11-kimi27sglang-fortran-skills,numba,fortran,fuse_diamond,625545,625545,llr40v11-kimi27sglang-fortran-skills.n0.p4.w4,3,19.986351,243899100.000000,12440014.000000,0.000000,graded_attempt,sources/llr40v11-kimi27sglang-fortran-skills/fuse_diamond/625545.625545.llr40v11-kimi27sglang-fortran-skills.n0.p4.w4/candidate_02_submission.txt,08df273b479c213158b88f8117eb3d9dd767534c42e86fbc32479d123fd2f75e
llr40v11-oss120b-c-skills,numba,c,fuse_diamond,625535,625535,llr40v11-oss120b-c-skills.n0.p4.w4,1,19.398555,242730412.000000,12442452.000000,0.000000,graded_attempt,sources/llr40v11-oss120b-c-skills/fuse_diamond/625535.625535.llr40v11-oss120b-c-skills.n0.p4.w4/candidate_01_submission.txt,2a6222f9a932dbc82c87ce8048274c163deb25d8bcd64e74e90abfad2b356cfe
llr40v11-oss120b-fortran,numba,fortran,fuse_diamond,625539,625539,llr40v11-oss120b-fortran.n0.p4.w4,1,46.102970,579196938.000000,12419031.000000,0.000000,graded_attempt,sources/llr40v11-oss120b-fortran/fuse_diamond/625539.625539.llr40v11-oss120b-fortran.n0.p4.w4/candidate_01_submission.txt,c5ad463716ccd5af61cb471f3f4af6a6a199fc40eee879bb6984af6e703d8a09
llr40v11-oss120b-fortran-skills,numba,fortran,fuse_diamond,625543,625543,llr40v11-oss120b-fortran-skills.n0.p4.w4,1,20.797877,246377847.000000,12497022.000000,0.000000,graded_attempt,sources/llr40v11-oss120b-fortran-skills/fuse_diamond/625543.625543.llr40v11-oss120b-fortran-skills.n0.p4.w4/candidate_02_submission.txt,7410396878d05c3e27bf602f8f055fd7bba60a0d04af47bb45107c375c44ce90
llr40v11-qwen38-c,numba,c,fuse_diamond,625532,625532,llr40v11-qwen38-c.n0.p4.w4,1,20.388077,251596909.000000,12768965.000000,0.000000,graded_attempt,sources/llr40v11-qwen38-c/fuse_diamond/625532.625532.llr40v11-qwen38-c.n0.p4.w4/candidate_01_submission.txt,e5a83d1d2ef2ba11252ea1e6f710f4b19104cdae8ca0595a364bb875487ffc15
llr40v11-qwen38-c-skills,numba,c,fuse_diamond,625536,625536,llr40v11-qwen38-c-skills.n0.p4.w4,3,31.903481,259275394.000000,8004210.000000,0.000000,graded_attempt,sources/llr40v11-qwen38-c-skills/fuse_diamond/625536.625536.llr40v11-qwen38-c-skills.n0.p4.w4/candidate_03_submission.txt,f4b67950db93232616f608c736dd9f123eb82ae3014850418c16e7ff776e47e7
llr40v11-qwen38-c-skills,numba,c,fuse_diamond,625536,625536,llr40v11-qwen38-c-skills.n0.p4.w4,2,31.587605,259275394.000000,8158867.000000,0.000000,graded_attempt,sources/llr40v11-qwen38-c-skills/fuse_diamond/625536.625536.llr40v11-qwen38-c-skills.n0.p4.w4/candidate_02_submission.txt,6cbece797948754161592c46a759d587d6ff73746e96b0f920114b8770981a00
llr40v11-qwen38-c-skills,numba,c,fuse_diamond,625536,625536,llr40v11-qwen38-c-skills.n0.p4.w4,1,20.591957,259275394.000000,12496454.000000,0.000000,graded_attempt,sources/llr40v11-qwen38-c-skills/fuse_diamond/625536.625536.llr40v11-qwen38-c-skills.n0.p4.w4/candidate_01_submission.txt,1232ad75317e88aaa6301e7907d64c972e1d804a7f38b9031497134c45d98a93
llr40v11-qwen38-fortran,numba,fortran,fuse_diamond,625540,625540,llr40v11-qwen38-fortran.n0.p4.w4,1,22.746332,309135904.000000,13474506.000000,0.000000,graded_attempt,sources/llr40v11-qwen38-fortran/fuse_diamond/625540.625540.llr40v11-qwen38-fortran.n0.p4.w4/candidate_01_submission.txt,145594f53a4bad5bb45f17ac1ccd376e693e94d9783ffe093cf464bc1a0e7711
llr40v11-qwen38-fortran-skills,numba,fortran,fuse_diamond,625544,625544,llr40v11-qwen38-fortran-skills.n0.p4.w4,1,20.797877,264886943.000000,12623582.000000,0.000000,graded_attempt,sources/llr40v11-qwen38-fortran-skills/fuse_diamond/625544.625544.llr40v11-qwen38-fortran-skills.n0.p4.w4/candidate_01_submission.txt,a8e35685f896fa5e190e304efcd0b84e9caff26c08bb951dd420c95f67f53a75
v11w2-oss120b-c,numba,c,fuse_diamond,626363,626363,v11w2-oss120b-c.n0.p1.w1,1,19.206490,242850105.000000,12643818.000000,0.000000,graded_attempt,sources/v11w2-oss120b-c/fuse_diamond/626363.626363.v11w2-oss120b-c.n0.p1.w1/candidate_01_submission.txt,d7374aee196de281486d32010690a80c9d43d70d0e59d4014eac62e2880865e3
gpuv2-llr40-oss120b-hip,numba,hip,fuse_move_ifs,627167,627167,gpuv2-llr40-oss120b-hip.n0.p5.w5,1,46.102970,40249516.000000,847072.000000,0.000000,graded_attempt,sources/gpuv2-llr40-oss120b-hip/fuse_move_ifs/627167.627167.gpuv2-llr40-oss120b-hip.n0.p5.w5/candidate_01_submission.txt,2c5674a0498beebebe010fd32ba0261fd4ac8f6951518a947bc68de5d8a24580
gpuv2-llr40-oss120b-hip-skills,numba,hip,fuse_move_ifs,627168,627168,gpuv2-llr40-oss120b-hip-skills.n0.p5.w5,1,65.309595,44330239.000000,626734.000000,0.000000,graded_attempt,sources/gpuv2-llr40-oss120b-hip-skills/fuse_move_ifs/627168.627168.gpuv2-llr40-oss120b-hip-skills.n0.p5.w5/candidate_01_submission.txt,9e9d0a80e143dcd2196512908c233d6fa9952641434573d2b938cbc327cad3cb
gpuv2-llr40-qwen38-hip,numba,hip,fuse_move_ifs,627017,627017,gpuv2-llr40-qwen38-hip.n0.p5.w5,1,64.022738,41133882.000000,626904.000000,0.000000,graded_attempt,sources/gpuv2-llr40-qwen38-hip/fuse_move_ifs/627017.627017.gpuv2-llr40-qwen38-hip.n0.p5.w5/candidate_01_submission.txt,f987aea03e57ba306c6114b229d3b118fe3b41e63335785a807bf0b559a448ed
gpuv2-llr40-qwen38-hip,numba,hip,fuse_move_ifs,627228,627228,gpuv2-llr40-qwen38-hip.n0.p5.w5,3,56.254385,36820587.000000,624001.000000,0.000000,graded_attempt,sources/gpuv2-llr40-qwen38-hip/fuse_move_ifs/627228.627228.gpuv2-llr40-qwen38-hip.n0.p5.w5/candidate_03_submission.txt,c36542c242878d67892fee15422f207806f8b7ff9ad39e76050c884322306313
gpuv2-llr40-qwen38-hip,numba,hip,fuse_move_ifs,627228,627228,gpuv2-llr40-qwen38-hip.n0.p5.w5,4,55.145951,36820587.000000,559280.000000,0.000000,graded_attempt,sources/gpuv2-llr40-qwen38-hip/fuse_move_ifs/627228.627228.gpuv2-llr40-qwen38-hip.n0.p5.w5/candidate_04_submission.txt,088850b5f23327fd6aaac63e5deaa840e041fd7a3403f75055a80cac5fafc353
gpuv2-llr40-qwen38-hip,numba,hip,fuse_move_ifs,626645,626645,gpuv2-llr40-qwen38-hip.n0.p5.w5,1,48.454685,41742737.000000,844946.000000,0.000000,graded_attempt,sources/gpuv2-llr40-qwen38-hip/fuse_move_ifs/626645.626645.gpuv2-llr40-qwen38-hip.n0.p5.w5/candidate_02_submission.txt,de97db8fca5fd521326c7808181b8e5eb247db2a72f7bfbda02b5ad63506e365
gpuv2-llr40-qwen38-hip,numba,hip,fuse_move_ifs,627228,627228,gpuv2-llr40-qwen38-hip.n0.p5.w5,1,45.646505,36820587.000000,789802.000000,0.000000,graded_attempt,sources/gpuv2-llr40-qwen38-hip/fuse_move_ifs/627228.627228.gpuv2-llr40-qwen38-hip.n0.p5.w5/candidate_01_submission.txt,aa257739dcb33188c4ee6f701760921c8338f8268c32ad499686e1d631ff79e8
gpuv2-llr40-qwen38-hip,numba,hip,fuse_move_ifs,627228,627228,gpuv2-llr40-qwen38-hip.n0.p5.w5,2,44.747089,36820587.000000,778721.000000,0.000000,graded_attempt,sources/gpuv2-llr40-qwen38-hip/fuse_move_ifs/627228.627228.gpuv2-llr40-qwen38-hip.n0.p5.w5/candidate_01_submission.txt,aa257739dcb33188c4ee6f701760921c8338f8268c32ad499686e1d631ff79e8
gpuv2-llr40-qwen38-hip-skills,numba,hip,fuse_move_ifs,626646,626646,gpuv2-llr40-qwen38-hip-skills.n0.p5.w5,1,67.961426,43573869.000000,627517.000000,0.000000,graded_attempt,sources/gpuv2-llr40-qwen38-hip-skills/fuse_move_ifs/626646.626646.gpuv2-llr40-qwen38-hip-skills.n0.p5.w5/candidate_01_submission.txt,423ec8a143329c03592e705959300fb7bb77fbe6fb8e9ec3ee55a07ca8d9dd26
gpuv2-llr40-qwen38-hip-skills,numba,hip,fuse_move_ifs,627018,627018,gpuv2-llr40-qwen38-hip-skills.n0.p5.w5,1,63.388849,41933604.000000,621913.000000,0.000000,graded_attempt,sources/gpuv2-llr40-qwen38-hip-skills/fuse_move_ifs/627018.627018.gpuv2-llr40-qwen38-hip-skills.n0.p5.w5/candidate_01_submission.txt,c1d93dab903deea433e8e2f7cc9c5ad5f2c297cc233df1a880177e156cfa55eb
gpuv2-llr40-qwen38-hip-skills,numba,hip,fuse_move_ifs,627229,627229,gpuv2-llr40-qwen38-hip-skills.n0.p5.w5,1,55.145951,37131887.000000,634602.000000,0.000000,graded_attempt,sources/gpuv2-llr40-qwen38-hip-skills/fuse_move_ifs/627229.627229.gpuv2-llr40-qwen38-hip-skills.n0.p5.w5/candidate_01_submission.txt,6ce5b46a7a3787f1cee6e74c3bcc72f6ce229e781926d88de071c27a6af4b786
gpuv4-llr40-oss120b-pytriton,numba,python,fuse_move_ifs,627175,627175,gpuv4-llr40-oss120b-pytriton.n0.p5.w5,1,3.468740,37147141.000000,10604180.000000,0.000000,graded_attempt,sources/gpuv4-llr40-oss120b-pytriton/fuse_move_ifs/627175.627175.gpuv4-llr40-oss120b-pytriton.n0.p5.w5/candidate_01_submission.txt,23991a7a8a6669acdbc21b3ac0bc49e999d503e7c44f2fe2790c2f50e448dc77
gpuv4-llr40-oss120b-pytriton-skills,numba,python,fuse_move_ifs,627176,627176,gpuv4-llr40-oss120b-pytriton-skills.n0.p5.w5,2,4.537836,40733845.000000,9036677.000000,0.000000,graded_attempt,sources/gpuv4-llr40-oss120b-pytriton-skills/fuse_move_ifs/627176.627176.gpuv4-llr40-oss120b-pytriton-skills.n0.p5.w5/candidate_02_submission.txt,d94effc064799cce15e756fafc26277f33bc11b5d377130780f983263a2e5937
gpuv4-llr40-oss120b-pytriton-skills,numba,python,fuse_move_ifs,627176,627176,gpuv4-llr40-oss120b-pytriton-skills.n0.p5.w5,1,1.000000,40733845.000000,74110246.000000,0.000000,graded_attempt,sources/gpuv4-llr40-oss120b-pytriton-skills/fuse_move_ifs/627176.627176.gpuv4-llr40-oss120b-pytriton-skills.n0.p5.w5/candidate_01_submission.txt,cd382cd7218a81179022eb2ec187e33568eb82c01ae3bc0a30b6c5cdac99de83
gpuv4-llr40-qwen38-pytriton,numba,python,fuse_move_ifs,626557,626557,gpuv4-llr40-qwen38-pytriton.n0.p5.w5,1,4.865175,42673751.000000,8955150.000000,0.000000,graded_attempt,sources/gpuv4-llr40-qwen38-pytriton/fuse_move_ifs/626557.626557.gpuv4-llr40-qwen38-pytriton.n0.p5.w5/candidate_01_submission.txt,20b1d2a60585c2e17b1d4c29e2d83642120d1842f58bd78f3052f3114a0fa01c
gpuv4-llr40-qwen38-pytriton,numba,python,fuse_move_ifs,626523,626523,gpuv4-llr40-qwen38-pytriton.n0.p5.w5,1,4.404379,39922089.000000,8963624.000000,0.000000,graded_attempt,sources/gpuv4-llr40-qwen38-pytriton/fuse_move_ifs/626523.626523.gpuv4-llr40-qwen38-pytriton.n0.p5.w5/candidate_01_submission.txt,12d22243e4b2e1989b88500fd40b873fc785f77f84365922c708f11ad4c37a30
gpuv4-llr40-qwen38-pytriton,numba,python,fuse_move_ifs,627230,627230,gpuv4-llr40-qwen38-pytriton.n0.p5.w5,1,4.067370,36655534.000000,8922714.000000,0.000000,graded_attempt,sources/gpuv4-llr40-qwen38-pytriton/fuse_move_ifs/627230.627230.gpuv4-llr40-qwen38-pytriton.n0.p5.w5/candidate_01_submission.txt,1ad43fc0242115ddeea5f41f0126a655a9fb31ae77d6fc6705a269a17aeb5c90
gpuv4-llr40-qwen38-pytriton,numba,python,fuse_move_ifs,627230,627230,gpuv4-llr40-qwen38-pytriton.n0.p5.w5,2,2.814640,36655534.000000,13056967.000000,0.000000,graded_attempt,sources/gpuv4-llr40-qwen38-pytriton/fuse_move_ifs/627230.627230.gpuv4-llr40-qwen38-pytriton.n0.p5.w5/candidate_02_submission.txt,af7d413b074698bc15808d46431d8d3e3c1f36ad7fb533ccf684ee01b4973df2
gpuv4-llr40-qwen38-pytriton-skills,numba,python,fuse_move_ifs,627020,627020,gpuv4-llr40-qwen38-pytriton-skills.n0.p5.w5,2,6.756220,40410942.000000,5880173.000000,0.000000,graded_attempt,sources/gpuv4-llr40-qwen38-pytriton-skills/fuse_move_ifs/627020.627020.gpuv4-llr40-qwen38-pytriton-skills.n0.p5.w5/candidate_02_submission.txt,01ecc38fb171e1fa8af08540f70ba037cc1e737e9fe983f30cee7936726dfc1b
gpuv4-llr40-qwen38-pytriton-skills,numba,python,fuse_move_ifs,626651,626651,gpuv4-llr40-qwen38-pytriton-skills.n0.p5.w5,3,5.113347,46095479.000000,8857484.000000,0.000000,graded_attempt,sources/gpuv4-llr40-qwen38-pytriton-skills/fuse_move_ifs/626651.626651.gpuv4-llr40-qwen38-pytriton-skills.n0.p5.w5/candidate_03_submission.txt,7327c381714f9fd31fd4bf5b3e25b0ae72926d990c27ab5e93270f0c9ce762f3
gpuv4-llr40-qwen38-pytriton-skills,numba,python,fuse_move_ifs,627020,627020,gpuv4-llr40-qwen38-pytriton-skills.n0.p5.w5,1,4.404379,40410942.000000,8904922.000000,0.000000,graded_attempt,sources/gpuv4-llr40-qwen38-pytriton-skills/fuse_move_ifs/627020.627020.gpuv4-llr40-qwen38-pytriton-skills.n0.p5.w5/candidate_01_submission.txt,9386e90b4c36bbf9826b9261eca44a9c91130c903bc5ac3af1b8051b150229e3
gpuv4-llr40-qwen38-pytriton-skills,numba,python,fuse_move_ifs,627231,627231,gpuv4-llr40-qwen38-pytriton-skills.n0.p5.w5,1,4.274847,38116581.000000,8806354.000000,0.000000,graded_attempt,sources/gpuv4-llr40-qwen38-pytriton-skills/fuse_move_ifs/627231.627231.gpuv4-llr40-qwen38-pytriton-skills.n0.p5.w5/candidate_01_submission.txt,204b9b8ed05a70c0f3e061f128cee6681b26c4d18dc3a4f61c414fa477d53395
gpuv4-llr40-qwen38-pytriton-skills,numba,python,fuse_move_ifs,627231,627231,gpuv4-llr40-qwen38-pytriton-skills.n0.p5.w5,2,4.190616,38116581.000000,8977465.000000,0.000000,graded_attempt,sources/gpuv4-llr40-qwen38-pytriton-skills/fuse_move_ifs/627231.627231.gpuv4-llr40-qwen38-pytriton-skills.n0.p5.w5/candidate_02_submission.txt,f4ba06694161f5879f48e31686cab83705487a018cf3b678a902700725df98de
gpuv4-llr40-qwen38-pytriton-skills,numba,python,fuse_move_ifs,626651,626651,gpuv4-llr40-qwen38-pytriton-skills.n0.p5.w5,2,3.503427,46095479.000000,12776131.000000,0.000000,graded_attempt,sources/gpuv4-llr40-qwen38-pytriton-skills/fuse_move_ifs/626651.626651.gpuv4-llr40-qwen38-pytriton-skills.n0.p5.w5/candidate_02_submission.txt,30b4b785d61910b3bddf3865007f5598ee300af7be999e9016af15ef5c008123
gpuv4-llr40-qwen38-pytriton-skills,numba,python,fuse_move_ifs,626651,626651,gpuv4-llr40-qwen38-pytriton-skills.n0.p5.w5,1,1.000000,46095479.000000,88298492.000000,0.000000,graded_attempt,sources/gpuv4-llr40-qwen38-pytriton-skills/fuse_move_ifs/626651.626651.gpuv4-llr40-qwen38-pytriton-skills.n0.p5.w5/candidate_01_submission.txt,30d99b815d6d04bda91b76bb6572bc836f27008a8f958eda6ad6f16542cd4141
llr40v10-kimi27sglang-c,c,c,fuse_move_ifs,621017,621017,llr40v10-kimi27sglang-c.n0.p5.w5,2,8.838547,96552114.000000,10848003.000000,0.000000,graded_attempt,sources/llr40v10-kimi27sglang-c/fuse_move_ifs/621017.621017.llr40v10-kimi27sglang-c.n0.p5.w5/candidate_02_submission.txt,4be046ffc4b2dabd407a646cfd716a0c85cfdb4620dc74996662bf82cf2a10ea
llr40v10-kimi27sglang-c,c,c,fuse_move_ifs,621017,621017,llr40v10-kimi27sglang-c.n0.p5.w5,1,7.766100,99033055.000000,12645595.000000,0.000000,graded_attempt,sources/llr40v10-kimi27sglang-c/fuse_move_ifs/621017.621017.llr40v10-kimi27sglang-c.n0.p5.w5/candidate_01_submission.txt,4991c2e7c8fcd7c65f651b5a38ecf2a0f0e652d004b80577b5a3d374fe2d1224
llr40v10-kimi27sglang-c,numba,c,fuse_move_ifs,621729,621729,llr40v10-kimi27sglang-c.n0.p5.w5,3,5.268287,45375013.000000,8474408.000000,0.000000,graded_attempt,sources/llr40v10-kimi27sglang-c/fuse_move_ifs/621729.621729.llr40v10-kimi27sglang-c.n0.p5.w5/candidate_03_submission.txt,8412876a394798f52781ce90af79d0ada34e3446692c9828e53107b9874e11c7
llr40v10-kimi27sglang-c,numba,c,fuse_move_ifs,621729,621729,llr40v10-kimi27sglang-c.n0.p5.w5,1,5.113347,45375013.000000,8777599.000000,0.000000,graded_attempt,sources/llr40v10-kimi27sglang-c/fuse_move_ifs/621729.621729.llr40v10-kimi27sglang-c.n0.p5.w5/candidate_01_submission.txt,9f7fc2f9ff20d856da0f22310688a9f06d720a2ecd3a25e4602aadf58c6e82f1
llr40v10-kimi27sglang-c,numba,c,fuse_move_ifs,621729,621729,llr40v10-kimi27sglang-c.n0.p5.w5,2,5.062720,45375013.000000,8752146.000000,0.000000,graded_attempt,sources/llr40v10-kimi27sglang-c/fuse_move_ifs/621729.621729.llr40v10-kimi27sglang-c.n0.p5.w5/candidate_02_submission.txt,dd6fca0ea553067e9a0d8c625641dd0623ce489909daacf8e06cbde9c5abfc04
llr40v10-kimi27sglang-c-skills,numba,c,fuse_move_ifs,621025,621025,llr40v10-kimi27sglang-c-skills.n0.p5.w5,3,4.962965,52403825.000000,10380206.000000,0.000000,graded_attempt,sources/llr40v10-kimi27sglang-c-skills/fuse_move_ifs/621025.621025.llr40v10-kimi27sglang-c-skills.n0.p5.w5/candidate_02_submission.txt,ee2ba2fbae7c20d6242c1deb54e398b4e679fc84a929439400937b8c93bfbaad
llr40v10-kimi27sglang-c-skills,numba,c,fuse_move_ifs,621025,621025,llr40v10-kimi27sglang-c-skills.n0.p5.w5,1,4.913826,52403825.000000,10369219.000000,0.000000,graded_attempt,sources/llr40v10-kimi27sglang-c-skills/fuse_move_ifs/621025.621025.llr40v10-kimi27sglang-c-skills.n0.p5.w5/candidate_01_submission.txt,38e9ca7c6b7989c26763d5c67ef4c0d683997df73394b79b9540de8f25f59489
llr40v10-kimi27sglang-c-skills,numba,c,fuse_move_ifs,621025,621025,llr40v10-kimi27sglang-c-skills.n0.p5.w5,2,4.865175,52403825.000000,10502986.000000,0.000000,graded_attempt,sources/llr40v10-kimi27sglang-c-skills/fuse_move_ifs/621025.621025.llr40v10-kimi27sglang-c-skills.n0.p5.w5/candidate_02_submission.txt,ee2ba2fbae7c20d6242c1deb54e398b4e679fc84a929439400937b8c93bfbaad
llr40v10-kimi27sglang-fortran,c,fortran,fuse_move_ifs,621021,621021,llr40v10-kimi27sglang-fortran.n0.p5.w5,2,7.389178,67635963.000000,8876828.000000,0.000000,graded_attempt,sources/llr40v10-kimi27sglang-fortran/fuse_move_ifs/621021.621021.llr40v10-kimi27sglang-fortran.n0.p5.w5/candidate_02_submission.txt,5098574107e7ed3be11ab774b4fe5467b82dcf1c4b276c41051e3decc04ee488
llr40v10-kimi27sglang-fortran,c,fortran,fuse_move_ifs,621021,621021,llr40v10-kimi27sglang-fortran.n0.p5.w5,1,6.756220,71877737.000000,10449815.000000,0.000000,graded_attempt,sources/llr40v10-kimi27sglang-fortran/fuse_move_ifs/621021.621021.llr40v10-kimi27sglang-fortran.n0.p5.w5/candidate_01_submission.txt,5741108dad25fbbec88baf2740c544e0878dabb0b74e0b6a7f305c75e501e697
llr40v10-kimi27sglang-fortran,numba,fortran,fuse_move_ifs,621731,621731,llr40v10-kimi27sglang-fortran.n0.p5.w5,3,4.629047,44707858.000000,9485687.000000,0.000000,graded_attempt,sources/llr40v10-kimi27sglang-fortran/fuse_move_ifs/621731.621731.llr40v10-kimi27sglang-fortran.n0.p5.w5/candidate_03_submission.txt,bc2388f853c06d33ce5f18507b0484c936eb68b086217acb732d0f5e03dabbbe
llr40v10-kimi27sglang-fortran,numba,fortran,fuse_move_ifs,621731,621731,llr40v10-kimi27sglang-fortran.n0.p5.w5,1,4.583215,44707858.000000,9527294.000000,0.000000,graded_attempt,sources/llr40v10-kimi27sglang-fortran/fuse_move_ifs/621731.621731.llr40v10-kimi27sglang-fortran.n0.p5.w5/candidate_01_submission.txt,385b36123b0614802c4e9e0c5c7f1805f669cdb827e3f40e1e92c189ec43296f
llr40v10-kimi27sglang-fortran,numba,fortran,fuse_move_ifs,621731,621731,llr40v10-kimi27sglang-fortran.n0.p5.w5,2,4.583215,44707858.000000,9307859.000000,0.000000,graded_attempt,sources/llr40v10-kimi27sglang-fortran/fuse_move_ifs/621731.621731.llr40v10-kimi27sglang-fortran.n0.p5.w5/candidate_02_submission.txt,ae261447fe5adf0d2c0c6ab9bd33e37c06da8015b3a1090f6b55d31fc0340c97
llr40v10-oss120b-c,c,c,fuse_move_ifs,621382,621382,llr40v10-oss120b-c.n0.p5.w5,1,7.689208,68462552.000000,8895192.000000,0.000000,graded_attempt,sources/llr40v10-oss120b-c/fuse_move_ifs/621382.621382.llr40v10-oss120b-c.n0.p5.w5/candidate_01_submission.txt,270a29793e3db4c5670b32a284ba3a458654e59a6957bd95ca05bee465478132
llr40v10-oss120b-c,c,c,fuse_move_ifs,621015,621015,llr40v10-oss120b-c.n0.p5.w5,1,7.613078,99792615.000000,12794083.000000,0.000000,graded_attempt,sources/llr40v10-oss120b-c/fuse_move_ifs/621015.621015.llr40v10-oss120b-c.n0.p5.w5/candidate_01_submission.txt,372d5f20d5ea12ffde7d1223b771e0af9432187f608b166a3b27b0453039e89a
llr40v10-oss120b-c-skills,numba,c,fuse_move_ifs,621023,621023,llr40v10-oss120b-c-skills.n0.p5.w5,1,4.865175,43438171.000000,8856235.000000,0.000000,graded_attempt,sources/llr40v10-oss120b-c-skills/fuse_move_ifs/621023.621023.llr40v10-oss120b-c-skills.n0.p5.w5/candidate_01_submission.txt,a57a3fa7312300abdbae5ca248a451958cc37f9acabefb18831910a337d96860
llr40v10-oss120b-fortran,c,fortran,fuse_move_ifs,621384,621384,llr40v10-oss120b-fortran.n0.p5.w5,1,7.537701,68724390.000000,8912807.000000,0.000000,graded_attempt,sources/llr40v10-oss120b-fortran/fuse_move_ifs/621384.621384.llr40v10-oss120b-fortran.n0.p5.w5/candidate_01_submission.txt,08bcfad6054630ce0c2ecc967c5bcd41c7f9e18dd8d5f88021fb05d26b4e0336
llr40v10-oss120b-fortran,c,fortran,fuse_move_ifs,621019,621019,llr40v10-oss120b-fortran.n0.p5.w5,1,6.823782,74965115.000000,10657865.000000,0.000000,graded_attempt,sources/llr40v10-oss120b-fortran/fuse_move_ifs/621019.621019.llr40v10-oss120b-fortran.n0.p5.w5/candidate_01_submission.txt,08a84a6932c5ca917618a3416c3001603cbd4130be53be9d02811fb15cb659bc
llr40v10-oss120b-fortran-skills,numba,fortran,fuse_move_ifs,621027,621027,llr40v10-oss120b-fortran-skills.n0.p5.w5,1,3.333391,43848066.000000,9137201.000000,0.000000,graded_attempt,sources/llr40v10-oss120b-fortran-skills/fuse_move_ifs/621027.621027.llr40v10-oss120b-fortran-skills.n0.p5.w5/candidate_01_submission.txt,e09e87b0c60f2058650d48f8b89d8d53b0a30b0456d432dd8eb6ecdea38a64a6
llr40v10-qwen38-c,numba,c,fuse_move_ifs,622265,622265,llr40v10-qwen38-c.n0.p5.w5,3,7.389178,42170405.000000,5670154.000000,0.000000,graded_attempt,sources/llr40v10-qwen38-c/fuse_move_ifs/622265.622265.llr40v10-qwen38-c.n0.p5.w5/candidate_03_submission.txt,5f7950645e3582e19d7f07b45952047a87f0908263a4d7e05fa74921dab462af
llr40v10-qwen38-c,numba,c,fuse_move_ifs,622265,622265,llr40v10-qwen38-c.n0.p5.w5,2,7.171863,42170405.000000,5837907.000000,0.000000,graded_attempt,sources/llr40v10-qwen38-c/fuse_move_ifs/622265.622265.llr40v10-qwen38-c.n0.p5.w5/candidate_02_submission.txt,7398e109498c379e2a7d06844c8f2a9c9647b3f929f01c0457bd1a367e3af822
llr40v10-qwen38-c,c,c,fuse_move_ifs,621016,621016,llr40v10-qwen38-c.n0.p5.w5,1,5.427921,68958183.000000,8899132.000000,0.000000,graded_attempt,sources/llr40v10-qwen38-c/fuse_move_ifs/621016.621016.llr40v10-qwen38-c.n0.p5.w5/candidate_01_submission.txt,2938f4e1457c13d0d76b7da80edadde0f355ed5eb52513b4f6465a006dc1fdff
llr40v10-qwen38-c,numba,c,fuse_move_ifs,622265,622265,llr40v10-qwen38-c.n0.p5.w5,1,4.722091,42170405.000000,8848161.000000,0.000000,graded_attempt,sources/llr40v10-qwen38-c/fuse_move_ifs/622265.622265.llr40v10-qwen38-c.n0.p5.w5/candidate_01_submission.txt,1cf238b74de387916f718730672235209176265ff1d80ed0c9f4bf0919b1b4ef
llr40v10-qwen38-c-skills,numba,c,fuse_move_ifs,621024,621024,llr40v10-qwen38-c-skills.n0.p5.w5,1,3.333391,40464639.000000,9190359.000000,0.000000,graded_attempt,sources/llr40v10-qwen38-c-skills/fuse_move_ifs/621024.621024.llr40v10-qwen38-c-skills.n0.p5.w5/candidate_01_submission.txt,68eaa3b68b78cc4ef9e1b4ea5a952bd5da2921c42ab31aad06afcca40d43e12b
llr40v10-qwen38-fortran,c,fortran,fuse_move_ifs,621385,621385,llr40v10-qwen38-fortran.n0.p5.w5,1,5.819466,74223345.000000,9014527.000000,0.000000,graded_attempt,sources/llr40v10-qwen38-fortran/fuse_move_ifs/621385.621385.llr40v10-qwen38-fortran.n0.p5.w5/candidate_01_submission.txt,9713011782a9a2e7e9545c320c51f3e505fc2b5fa864a541871507528cbbb9a2
llr40v10-qwen38-fortran,numba,fortran,fuse_move_ifs,621728,621728,llr40v10-qwen38-fortran.n0.p5.w5,1,3.987227,42348383.000000,10467744.000000,0.000000,graded_attempt,sources/llr40v10-qwen38-fortran/fuse_move_ifs/621728.621728.llr40v10-qwen38-fortran.n0.p5.w5/candidate_01_submission.txt,e12460fb55df36e78fb8c23be29c2aaf76154e8adf889342c4b865963477837b
llr40v10-qwen38-fortran-skills,numba,fortran,fuse_move_ifs,621028,621028,llr40v10-qwen38-fortran-skills.n0.p5.w5,1,3.078330,42123045.000000,9111385.000000,0.000000,graded_attempt,sources/llr40v10-qwen38-fortran-skills/fuse_move_ifs/621028.621028.llr40v10-qwen38-fortran-skills.n0.p5.w5/candidate_01_submission.txt,5a85e6642b48ab4ce06bcd44660a66c2440bfcc1bc0f00544c33fbd8830af126
llr40v11-kimi27sglang-c,numba,c,fuse_move_ifs,625533,625533,llr40v11-kimi27sglang-c.n0.p5.w5,1,4.913826,54815470.000000,10971014.000000,0.000000,graded_attempt,sources/llr40v11-kimi27sglang-c/fuse_move_ifs/625533.625533.llr40v11-kimi27sglang-c.n0.p5.w5/candidate_01_submission.txt,01fd65ceeaaa56d1b1cc98a1f55bbb2611309c9a0e32562a06f0cbbeb29d1b7e
llr40v11-kimi27sglang-c,numba,c,fuse_move_ifs,625533,625533,llr40v11-kimi27sglang-c.n0.p5.w5,2,4.913826,54815470.000000,10902932.000000,0.000000,graded_attempt,sources/llr40v11-kimi27sglang-c/fuse_move_ifs/625533.625533.llr40v11-kimi27sglang-c.n0.p5.w5/candidate_02_submission.txt,336b5f772e4e3f7c81a1be2f6e996a8fc38de8485fda190a64206902f628d577
llr40v11-kimi27sglang-c,numba,c,fuse_move_ifs,625533,625533,llr40v11-kimi27sglang-c.n0.p5.w5,3,4.913826,54815470.000000,10901760.000000,0.000000,graded_attempt,sources/llr40v11-kimi27sglang-c/fuse_move_ifs/625533.625533.llr40v11-kimi27sglang-c.n0.p5.w5/candidate_03_submission.txt,e6bf773a817dcc53832218e625ad13115d51986c9314ea458416055f4f91631b
llr40v11-kimi27sglang-c-skills,numba,c,fuse_move_ifs,625537,625537,llr40v11-kimi27sglang-c-skills.n0.p5.w5,2,6.960940,49010538.000000,6985488.000000,0.000000,graded_attempt,sources/llr40v11-kimi27sglang-c-skills/fuse_move_ifs/625537.625537.llr40v11-kimi27sglang-c-skills.n0.p5.w5/candidate_02_submission.txt,6e8023acd8732a43cbcf2d4b915ead283f0891ac316ee0d0e7a707780f60e5e1
llr40v11-kimi27sglang-c-skills,numba,c,fuse_move_ifs,625537,625537,llr40v11-kimi27sglang-c-skills.n0.p5.w5,1,5.062720,49010538.000000,9543084.000000,0.000000,graded_attempt,sources/llr40v11-kimi27sglang-c-skills/fuse_move_ifs/625537.625537.llr40v11-kimi27sglang-c-skills.n0.p5.w5/candidate_01_submission.txt,f2646263b3797042219ecaf6007cfdbc3274f518ded426c4e17b794a53ba6c8b
llr40v11-kimi27sglang-fortran,numba,fortran,fuse_move_ifs,625541,625541,llr40v11-kimi27sglang-fortran.n0.p5.w5,1,4.675337,42426049.000000,8794303.000000,0.000000,graded_attempt,sources/llr40v11-kimi27sglang-fortran/fuse_move_ifs/625541.625541.llr40v11-kimi27sglang-fortran.n0.p5.w5/candidate_01_submission.txt,4bd4e7a943a823f1030fabf39f8738554ce956bbd14a52edfaf2927e218a1671
llr40v11-kimi27sglang-fortran-skills,numba,fortran,fuse_move_ifs,625545,625545,llr40v11-kimi27sglang-fortran-skills.n0.p5.w5,2,4.817005,41210020.000000,8459919.000000,0.000000,graded_attempt,sources/llr40v11-kimi27sglang-fortran-skills/fuse_move_ifs/625545.625545.llr40v11-kimi27sglang-fortran-skills.n0.p5.w5/candidate_02_submission.txt,6542d503c1fcaae9ab62d54f48a6d68506c228c2bfd8609bd3482d2aaf345f44
llr40v11-kimi27sglang-fortran-skills,numba,fortran,fuse_move_ifs,625545,625545,llr40v11-kimi27sglang-fortran-skills.n0.p5.w5,1,4.629047,41647079.000000,8802210.000000,0.000000,graded_attempt,sources/llr40v11-kimi27sglang-fortran-skills/fuse_move_ifs/625545.625545.llr40v11-kimi27sglang-fortran-skills.n0.p5.w5/candidate_01_submission.txt,dcd496f77ce9ad181315aad84635df70a9833129fe58f297eeeb86233db238bd
llr40v11-oss120b-c,numba,c,fuse_move_ifs,625531,625531,llr40v11-oss120b-c.n0.p5.w5,1,4.629047,40897052.000000,8761063.000000,0.000000,graded_attempt,sources/llr40v11-oss120b-c/fuse_move_ifs/625531.625531.llr40v11-oss120b-c.n0.p5.w5/candidate_01_submission.txt,31dbbc58e3e61750ddbf5c1f8957d433335f7e989d9e4f786d9adde4a3a83118
llr40v11-oss120b-c-skills,numba,c,fuse_move_ifs,625535,625535,llr40v11-oss120b-c-skills.n0.p5.w5,1,3.987227,35087774.000000,8789819.000000,0.000000,graded_attempt,sources/llr40v11-oss120b-c-skills/fuse_move_ifs/625535.625535.llr40v11-oss120b-c-skills.n0.p5.w5/candidate_01_submission.txt,bd282aa1309c7cec1cf12a1d2948c584af44fe5dbbdfde1064d9877081e2d09f
llr40v11-oss120b-fortran,numba,fortran,fuse_move_ifs,625539,625539,llr40v11-oss120b-fortran.n0.p5.w5,1,4.962965,44611927.000000,8854885.000000,0.000000,graded_attempt,sources/llr40v11-oss120b-fortran/fuse_move_ifs/625539.625539.llr40v11-oss120b-fortran.n0.p5.w5/candidate_01_submission.txt,462d8ea4cca713fb8bb5063e23cbe5495826bed195b8ab0b9a11dd41e1fabbb6
llr40v11-oss120b-fortran-skills,numba,fortran,fuse_move_ifs,625543,625543,llr40v11-oss120b-fortran-skills.n0.p5.w5,1,3.609585,42929749.000000,9067660.000000,0.000000,graded_attempt,sources/llr40v11-oss120b-fortran-skills/fuse_move_ifs/625543.625543.llr40v11-oss120b-fortran-skills.n0.p5.w5/candidate_01_submission.txt,73fdb62dd3507c943c7d0396d8019bbca4392f479e58a42155decffceca5aab0
llr40v11-qwen38-c-skills,numba,c,fuse_move_ifs,625536,625536,llr40v11-qwen38-c-skills.n0.p5.w5,1,2.987797,36795402.000000,9246736.000000,0.000000,graded_attempt,sources/llr40v11-qwen38-c-skills/fuse_move_ifs/625536.625536.llr40v11-qwen38-c-skills.n0.p5.w5/candidate_01_submission.txt,8bc751850b88c747e06cdb6e8ed995112b676896c6690a4d0bf1f78e3f00f152
llr40v11-qwen38-fortran-skills,numba,fortran,fuse_move_ifs,625544,625544,llr40v11-qwen38-fortran-skills.n0.p5.w5,1,4.067370,42611189.000000,10505740.000000,0.000000,graded_attempt,sources/llr40v11-qwen38-fortran-skills/fuse_move_ifs/625544.625544.llr40v11-qwen38-fortran-skills.n0.p5.w5/candidate_01_submission.txt,d9bba246816eadebfe5251e978736df3db049681d3d6a10d433b2e1a766fbed5
v11w2-qwen38-c,numba,c,fuse_move_ifs,626365,626365,v11w2-qwen38-c.n0.p0.w0,1,7.100855,39964330.000000,5595353.000000,0.000000,graded_attempt,sources/v11w2-qwen38-c/fuse_move_ifs/626365.626365.v11w2-qwen38-c.n0.p0.w0/candidate_01_submission.txt,76044d9f7d2fc608237c74cfd9b14154283c56479217eaebb58c159ed8572a16
v11w2-qwen38-c,numba,c,fuse_move_ifs,626365,626365,v11w2-qwen38-c.n0.p0.w0,2,7.100855,39964330.000000,5614014.000000,0.000000,graded_attempt,sources/v11w2-qwen38-c/fuse_move_ifs/626365.626365.v11w2-qwen38-c.n0.p0.w0/candidate_02_submission.txt,a4165e4c9b58019ec10394676e07c61a30626cafc73f76897438ca5f137320a2
v11w2-qwen38-fortran,numba,fortran,fuse_move_ifs,627013,627013,v11w2-qwen38-fortran.n0.p1.w1,3,4.962965,44549742.000000,8888329.000000,0.000000,graded_attempt,sources/v11w2-qwen38-fortran/fuse_move_ifs/627013.627013.v11w2-qwen38-fortran.n0.p1.w1/candidate_03_submission.txt,f9042092fa4a8b983af04bf1a5130715a56e1e0f8c3c5e625314807991fea9c9
v11w2-qwen38-fortran,numba,fortran,fuse_move_ifs,627013,627013,v11w2-qwen38-fortran.n0.p1.w1,2,4.865175,44549742.000000,8873030.000000,0.000000,graded_attempt,sources/v11w2-qwen38-fortran/fuse_move_ifs/627013.627013.v11w2-qwen38-fortran.n0.p1.w1/candidate_02_submission.txt,1b1d84f9e9b248c8320fc241c1446c33201ff6985451073ef3ac3543bc9e73e6
v11w2-qwen38-fortran,numba,fortran,fuse_move_ifs,627013,627013,v11w2-qwen38-fortran.n0.p1.w1,1,4.232522,44549742.000000,10364102.000000,0.000000,graded_attempt,sources/v11w2-qwen38-fortran/fuse_move_ifs/627013.627013.v11w2-qwen38-fortran.n0.p1.w1/candidate_01_submission.txt,a5421b1821b842bf0ed8b818168a4769d2990271f5c6cca13dc83e47ce554b33
gpuv2-llr40-oss120b-hip,numba,hip,fuse_stencil_through_transient,627167,627167,gpuv2-llr40-oss120b-hip.n0.p6.w6,1,100.183468,152363230.000000,1396222.000000,0.000000,graded_attempt,sources/gpuv2-llr40-oss120b-hip/fuse_stencil_through_transient/627167.627167.gpuv2-llr40-oss120b-hip.n0.p6.w6/candidate_01_submission.txt,9ac024cdcb8626219c1e78b72966141e5dcbc3df15c5b608f3dac55106eafcc0
gpuv2-llr40-oss120b-hip-skills,numba,hip,fuse_stencil_through_transient,627168,627168,gpuv2-llr40-oss120b-hip-skills.n0.p6.w6,1,77.346442,115773872.000000,1345731.000000,0.000000,graded_attempt,sources/gpuv2-llr40-oss120b-hip-skills/fuse_stencil_through_transient/627168.627168.gpuv2-llr40-oss120b-hip-skills.n0.p6.w6/candidate_01_submission.txt,936dfec3b4c69c056b6357c7d00e03a9b3f2f5ae20d095d3fa609fab65765891
gpuv2-llr40-oss120b-omp,numba,c,fuse_stencil_through_transient,627173,627173,gpuv2-llr40-oss120b-omp.n0.p6.w6,1,6.428311,115001291.000000,18247692.000000,0.000000,graded_attempt,sources/gpuv2-llr40-oss120b-omp/fuse_stencil_through_transient/627173.627173.gpuv2-llr40-oss120b-omp.n0.p6.w6/candidate_01_submission.txt,b9378ab8aa5c2e5afe8cd3d55338091dd2e60af371842f926c58cdea7188645a
gpuv2-llr40-oss120b-omp-skills,numba,c,fuse_stencil_through_transient,627174,627174,gpuv2-llr40-oss120b-omp-skills.n0.p6.w6,1,6.823782,124555493.000000,18296943.000000,0.000000,graded_attempt,sources/gpuv2-llr40-oss120b-omp-skills/fuse_stencil_through_transient/627174.627174.gpuv2-llr40-oss120b-omp-skills.n0.p6.w6/candidate_01_submission.txt,8bc870cdfb8123d1b8d58829b3fa3e5e9fbd116ecbe781755024121e7c3f5712
gpuv2-llr40-qwen38-hip,numba,hip,fuse_stencil_through_transient,627017,627017,gpuv2-llr40-qwen38-hip.n0.p6.w6,3,108.484340,159788961.000000,1366688.000000,0.000000,graded_attempt,sources/gpuv2-llr40-qwen38-hip/fuse_stencil_through_transient/627017.627017.gpuv2-llr40-qwen38-hip.n0.p6.w6/candidate_01_submission.txt,f5a9ddc7b183d85fa4a34f35495c3fdbabf0e6e9c41912b0ee87a4343599366e
gpuv2-llr40-qwen38-hip,numba,hip,fuse_stencil_through_transient,627017,627017,gpuv2-llr40-qwen38-hip.n0.p6.w6,1,107.410238,159788961.000000,1357087.000000,0.000000,graded_attempt,sources/gpuv2-llr40-qwen38-hip/fuse_stencil_through_transient/627017.627017.gpuv2-llr40-qwen38-hip.n0.p6.w6/candidate_01_submission.txt,f5a9ddc7b183d85fa4a34f35495c3fdbabf0e6e9c41912b0ee87a4343599366e
gpuv2-llr40-qwen38-hip,numba,hip,fuse_stencil_through_transient,627017,627017,gpuv2-llr40-qwen38-hip.n0.p6.w6,2,106.346770,159788961.000000,1339848.000000,0.000000,graded_attempt,sources/gpuv2-llr40-qwen38-hip/fuse_stencil_through_transient/627017.627017.gpuv2-llr40-qwen38-hip.n0.p6.w6/candidate_02_submission.txt,8fdd408db55eeeee495edfa3631d94387f2767362181352f03af1799b1e6cdd5
gpuv2-llr40-qwen38-hip,numba,hip,fuse_stencil_through_transient,626645,626645,gpuv2-llr40-qwen38-hip.n0.p6.w6,2,101.185303,141829874.000000,1253180.000000,0.000000,graded_attempt,sources/gpuv2-llr40-qwen38-hip/fuse_stencil_through_transient/626645.626645.gpuv2-llr40-qwen38-hip.n0.p6.w6/candidate_02_submission.txt,2a8e24967c95872db89640f55bee7e6eaedc82af4569e8274c9e36611ee20724
gpuv2-llr40-qwen38-hip,numba,hip,fuse_stencil_through_transient,626645,626645,gpuv2-llr40-qwen38-hip.n0.p6.w6,1,95.321132,141829874.000000,1286731.000000,0.000000,graded_attempt,sources/gpuv2-llr40-qwen38-hip/fuse_stencil_through_transient/626645.626645.gpuv2-llr40-qwen38-hip.n0.p6.w6/candidate_01_submission.txt,7ae8437d7f48988b3168ec222dc5b0be831b38bbe0a70d32e1233f953b748c06
gpuv2-llr40-qwen38-hip,numba,hip,fuse_stencil_through_transient,627228,627228,gpuv2-llr40-qwen38-hip.n0.p6.w6,1,80.487018,108319631.000000,1314723.000000,0.000000,graded_attempt,sources/gpuv2-llr40-qwen38-hip/fuse_stencil_through_transient/627228.627228.gpuv2-llr40-qwen38-hip.n0.p6.w6/candidate_01_submission.txt,3b89cd7d5f1b94cb356507175fd11c560030ce76967e4052ad85d123c92fd801
gpuv2-llr40-qwen38-hip-skills,numba,hip,fuse_stencil_through_transient,626646,626646,gpuv2-llr40-qwen38-hip-skills.n0.p6.w6,1,107.410238,153902192.000000,1244917.000000,0.000000,graded_attempt,sources/gpuv2-llr40-qwen38-hip-skills/fuse_stencil_through_transient/626646.626646.gpuv2-llr40-qwen38-hip-skills.n0.p6.w6/candidate_01_submission.txt,bfd20256b76e1596b90094ff286408c773d5d8c56313349881290ab65e39f998
gpuv2-llr40-qwen38-hip-skills,numba,hip,fuse_stencil_through_transient,626646,626646,gpuv2-llr40-qwen38-hip-skills.n0.p6.w6,2,106.346770,153902192.000000,1273476.000000,0.000000,graded_attempt,sources/gpuv2-llr40-qwen38-hip-skills/fuse_stencil_through_transient/626646.626646.gpuv2-llr40-qwen38-hip-skills.n0.p6.w6/candidate_02_submission.txt,c7c0f41e8954c69c04280b685c93ddfe73adae95af508ff3cd22def98687cdda
gpuv2-llr40-qwen38-hip-skills,numba,hip,fuse_stencil_through_transient,627229,627229,gpuv2-llr40-qwen38-hip-skills.n0.p6.w6,1,74.328411,114000201.000000,1412045.000000,0.000000,graded_attempt,sources/gpuv2-llr40-qwen38-hip-skills/fuse_stencil_through_transient/627229.627229.gpuv2-llr40-qwen38-hip-skills.n0.p6.w6/candidate_01_submission.txt,2639d639ed26f32da92153899b6a0b313d5958a9f86a1f9b995a2121fba8c2d5
gpuv2-llr40-qwen38-omp,numba,c,fuse_stencil_through_transient,626521,626521,gpuv2-llr40-qwen38-omp.n0.p6.w6,1,16.876025,284111081.000000,17801389.000000,0.000000,graded_attempt,sources/gpuv2-llr40-qwen38-omp/fuse_stencil_through_transient/626521.626521.gpuv2-llr40-qwen38-omp.n0.p6.w6/candidate_01_submission.txt,e2b9975537b3c9d26fd5eb7a62b5c9d8d3beb94e8f2fd17814221cb962d6b7c7
gpuv2-llr40-qwen38-omp-skills,numba,c,fuse_stencil_through_transient,627078,627078,gpuv2-llr40-qwen38-omp-skills.n0.p6.w6,1,7.171863,149510776.000000,18295489.000000,0.000000,graded_attempt,sources/gpuv2-llr40-qwen38-omp-skills/fuse_stencil_through_transient/627078.627078.gpuv2-llr40-qwen38-omp-skills.n0.p6.w6/candidate_01_submission.txt,68fdf1aec67b4f1ae41caf167e1317783dbbc11575ce06161d0d2a89519f2f1c
gpuv2-llr40-qwen38-omp-skills,numba,c,fuse_stencil_through_transient,626561,626561,gpuv2-llr40-qwen38-omp-skills.n0.p6.w6,1,6.892020,133899981.000000,19780962.000000,0.000000,graded_attempt,sources/gpuv2-llr40-qwen38-omp-skills/fuse_stencil_through_transient/626561.626561.gpuv2-llr40-qwen38-omp-skills.n0.p6.w6/candidate_01_submission.txt,118d0927cc34e8447abe9d2659ad391ea94ab10dcb5e68391f85c23f236096a3
gpuv4-llr40-oss120b-pytriton,numba,python,fuse_stencil_through_transient,627175,627175,gpuv4-llr40-oss120b-pytriton.n0.p6.w6,1,4.865175,123522193.000000,25226806.000000,0.000000,graded_attempt,sources/gpuv4-llr40-oss120b-pytriton/fuse_stencil_through_transient/627175.627175.gpuv4-llr40-oss120b-pytriton.n0.p6.w6/candidate_01_submission.txt,8eb00d2384105f39a500bd8c422f59a6db651cde4287ef3c8c613defd4ce7243
gpuv4-llr40-oss120b-pytriton-skills,numba,python,fuse_stencil_through_transient,627176,627176,gpuv4-llr40-oss120b-pytriton-skills.n0.p6.w6,1,1.321291,125227694.000000,98846511.000000,0.000000,graded_attempt,sources/gpuv4-llr40-oss120b-pytriton-skills/fuse_stencil_through_transient/627176.627176.gpuv4-llr40-oss120b-pytriton-skills.n0.p6.w6/candidate_01_submission.txt,afc1bc242a0cb555e7060889d939c9c9406f0916440003b90f42448ad0129cc1
gpuv4-llr40-qwen38-pytriton,numba,python,fuse_stencil_through_transient,626557,626557,gpuv4-llr40-qwen38-pytriton.n0.p6.w6,2,8.162250,152567210.000000,18271328.000000,0.000000,graded_attempt,sources/gpuv4-llr40-qwen38-pytriton/fuse_stencil_through_transient/626557.626557.gpuv4-llr40-qwen38-pytriton.n0.p6.w6/candidate_02_submission.txt,cca3c305bc4ab124bb8ec9394adc97469c7a49e285e2fbfe84f870fc38c8cc00
gpuv4-llr40-qwen38-pytriton,numba,python,fuse_stencil_through_transient,627019,627019,gpuv4-llr40-qwen38-pytriton.n0.p6.w6,2,7.689208,142300076.000000,18465643.000000,0.000000,graded_attempt,sources/gpuv4-llr40-qwen38-pytriton/fuse_stencil_through_transient/627019.627019.gpuv4-llr40-qwen38-pytriton.n0.p6.w6/candidate_01_submission.txt,7e15e1d81c00586e576315595ef6aa4d111b4d57b29681f447f5261b01f4b282
gpuv4-llr40-qwen38-pytriton,numba,python,fuse_stencil_through_transient,627019,627019,gpuv4-llr40-qwen38-pytriton.n0.p6.w6,1,7.613078,142300076.000000,18609864.000000,0.000000,graded_attempt,sources/gpuv4-llr40-qwen38-pytriton/fuse_stencil_through_transient/627019.627019.gpuv4-llr40-qwen38-pytriton.n0.p6.w6/candidate_01_submission.txt,7e15e1d81c00586e576315595ef6aa4d111b4d57b29681f447f5261b01f4b282
gpuv4-llr40-qwen38-pytriton,numba,python,fuse_stencil_through_transient,626557,626557,gpuv4-llr40-qwen38-pytriton.n0.p6.w6,1,5.427921,152567210.000000,25328887.000000,0.000000,graded_attempt,sources/gpuv4-llr40-qwen38-pytriton/fuse_stencil_through_transient/626557.626557.gpuv4-llr40-qwen38-pytriton.n0.p6.w6/candidate_01_submission.txt,483f10a8ad5d476613576a645341735d071176ae05bc334762dee6126837a64a
gpuv4-llr40-qwen38-pytriton-skills,numba,python,fuse_stencil_through_transient,627020,627020,gpuv4-llr40-qwen38-pytriton-skills.n0.p6.w6,1,8.493670,157845136.000000,18416379.000000,0.000000,graded_attempt,sources/gpuv4-llr40-qwen38-pytriton-skills/fuse_stencil_through_transient/627020.627020.gpuv4-llr40-qwen38-pytriton-skills.n0.p6.w6/candidate_01_submission.txt,1e408cc42cd4f38f41badee2199a25625680e7f6b378d088de89fed1044883dc
gpuv4-llr40-qwen38-pytriton-skills,numba,python,fuse_stencil_through_transient,626651,626651,gpuv4-llr40-qwen38-pytriton-skills.n0.p6.w6,1,6.756220,142171652.000000,20581463.000000,0.000000,graded_attempt,sources/gpuv4-llr40-qwen38-pytriton-skills/fuse_stencil_through_transient/626651.626651.gpuv4-llr40-qwen38-pytriton-skills.n0.p6.w6/candidate_01_submission.txt,09621ce0a525f6a7f6cefa5abcaa4c71f1ba5bde6aff080bf2d91f50919c6cdb
gpuv4-llr40-qwen38-pytriton-skills,numba,python,fuse_stencil_through_transient,627231,627231,gpuv4-llr40-qwen38-pytriton-skills.n0.p6.w6,1,4.274847,115055802.000000,24801237.000000,0.000000,graded_attempt,sources/gpuv4-llr40-qwen38-pytriton-skills/fuse_stencil_through_transient/627231.627231.gpuv4-llr40-qwen38-pytriton-skills.n0.p6.w6/candidate_01_submission.txt,4adc9e7ce3e009eeded1e3e16c7d854d037ce8956506adfe6b2fa8540ae96ef3
llr40v10-kimi27sglang-c,c,c,fuse_stencil_through_transient,621017,621017,llr40v10-kimi27sglang-c.n0.p6.w6,1,28.881805,529864204.000000,18301153.000000,0.000000,graded_attempt,sources/llr40v10-kimi27sglang-c/fuse_stencil_through_transient/621017.621017.llr40v10-kimi27sglang-c.n0.p6.w6/candidate_01_submission.txt,19dae12d481d043351db72315919d27e67b03c6f55fe694cb4850053c1d21faf
llr40v10-kimi27sglang-c,c,c,fuse_stencil_through_transient,621017,621017,llr40v10-kimi27sglang-c.n0.p6.w6,2,23.435568,432731585.000000,18252694.000000,0.000000,graded_attempt,sources/llr40v10-kimi27sglang-c/fuse_stencil_through_transient/621017.621017.llr40v10-kimi27sglang-c.n0.p6.w6/candidate_02_submission.txt,8b90d2ea61ab27ebf8a526f08ef2b4ea6422712bda20010f1eeeeb4dfcec277a
llr40v10-kimi27sglang-c,numba,c,fuse_stencil_through_transient,621729,621729,llr40v10-kimi27sglang-c.n0.p6.w6,1,7.243582,135040216.000000,18671095.000000,0.000000,graded_attempt,sources/llr40v10-kimi27sglang-c/fuse_stencil_through_transient/621729.621729.llr40v10-kimi27sglang-c.n0.p6.w6/candidate_01_submission.txt,f5a332b26c9e6c6b4703581b0ad57ca03a2a5bb2632af6981d520cc2d30e830a
llr40v10-kimi27sglang-c-skills,numba,c,fuse_stencil_through_transient,621025,621025,llr40v10-kimi27sglang-c-skills.n0.p6.w6,2,8.409574,177088909.000000,21708074.000000,0.000000,graded_attempt,sources/llr40v10-kimi27sglang-c-skills/fuse_stencil_through_transient/621025.621025.llr40v10-kimi27sglang-c-skills.n0.p6.w6/candidate_02_submission.txt,55b4fd04a98443a5dcdf03994468cac17a6ca29a850bc9a76822f7ae42243acf
llr40v10-kimi27sglang-c-skills,numba,c,fuse_stencil_through_transient,621025,621025,llr40v10-kimi27sglang-c-skills.n0.p6.w6,1,8.326311,177088909.000000,21907615.000000,0.000000,graded_attempt,sources/llr40v10-kimi27sglang-c-skills/fuse_stencil_through_transient/621025.621025.llr40v10-kimi27sglang-c-skills.n0.p6.w6/candidate_01_submission.txt,16885f8a3e8a8d3143265a5469d7295e23d9bd5bd907f2edc09ae5156be667a4
llr40v10-kimi27sglang-c-skills,numba,c,fuse_stencil_through_transient,621025,621025,llr40v10-kimi27sglang-c-skills.n0.p6.w6,3,8.243872,177088909.000000,21957650.000000,0.000000,graded_attempt,sources/llr40v10-kimi27sglang-c-skills/fuse_stencil_through_transient/621025.621025.llr40v10-kimi27sglang-c-skills.n0.p6.w6/candidate_03_submission.txt,432cf933a0c78014f2a134acd773397685db2ac872439e782c1d7c3ab0d5e095
llr40v10-kimi27sglang-fortran,c,fortran,fuse_stencil_through_transient,621021,621021,llr40v10-kimi27sglang-fortran.n0.p6.w6,1,24.145689,448071712.000000,18260957.000000,0.000000,graded_attempt,sources/llr40v10-kimi27sglang-fortran/fuse_stencil_through_transient/621021.621021.llr40v10-kimi27sglang-fortran.n0.p6.w6/candidate_01_submission.txt,59eb81bd49fa5468a3c91a12ed85b7cc4c1c953d1400a9e2113606a6f3c2817a
llr40v10-kimi27sglang-fortran,numba,fortran,fuse_stencil_through_transient,621731,621731,llr40v10-kimi27sglang-fortran.n0.p6.w6,1,11.001479,195479087.000000,19564545.000000,0.000000,graded_attempt,sources/llr40v10-kimi27sglang-fortran/fuse_stencil_through_transient/621731.621731.llr40v10-kimi27sglang-fortran.n0.p6.w6/candidate_01_submission.txt,4a8cd0d033f73a4406f763fc925ea3762c35769abf127212d4fd132ace8795e7
llr40v10-kimi27sglang-fortran-skills,numba,fortran,fuse_stencil_through_transient,621029,621029,llr40v10-kimi27sglang-fortran-skills.n0.p6.w6,1,8.578606,155679932.000000,18164508.000000,0.000000,graded_attempt,sources/llr40v10-kimi27sglang-fortran-skills/fuse_stencil_through_transient/621029.621029.llr40v10-kimi27sglang-fortran-skills.n0.p6.w6/candidate_01_submission.txt,896b1812dbe2de8ffb80bd7867ac6fb43466928cab874d86fa09ed7cb0fe851a
llr40v10-kimi27sglang-fortran-skills,numba,fortran,fuse_stencil_through_transient,621029,621029,llr40v10-kimi27sglang-fortran-skills.n0.p6.w6,2,8.578606,155679932.000000,18173496.000000,0.000000,graded_attempt,sources/llr40v10-kimi27sglang-fortran-skills/fuse_stencil_through_transient/621029.621029.llr40v10-kimi27sglang-fortran-skills.n0.p6.w6/candidate_01_submission.txt,896b1812dbe2de8ffb80bd7867ac6fb43466928cab874d86fa09ed7cb0fe851a
llr40v10-kimi27sglang-fortran-skills,numba,fortran,fuse_stencil_through_transient,621029,621029,llr40v10-kimi27sglang-fortran-skills.n0.p6.w6,3,8.493670,155679932.000000,18202828.000000,0.000000,graded_attempt,sources/llr40v10-kimi27sglang-fortran-skills/fuse_stencil_through_transient/621029.621029.llr40v10-kimi27sglang-fortran-skills.n0.p6.w6/candidate_01_submission.txt,896b1812dbe2de8ffb80bd7867ac6fb43466928cab874d86fa09ed7cb0fe851a
llr40v10-oss120b-c,c,c,fuse_stencil_through_transient,621382,621382,llr40v10-oss120b-c.n0.p6.w6,1,24.387146,445555447.000000,18064036.000000,0.000000,graded_attempt,sources/llr40v10-oss120b-c/fuse_stencil_through_transient/621382.621382.llr40v10-oss120b-c.n0.p6.w6/candidate_01_submission.txt,395d15a7540151d912e8e11a799e5927e5e94c08510b0e0d528f603519fa5991
llr40v10-oss120b-c,c,c,fuse_stencil_through_transient,621015,621015,llr40v10-oss120b-c.n0.p6.w6,1,18.828047,528725357.000000,27559144.000000,0.000000,graded_attempt,sources/llr40v10-oss120b-c/fuse_stencil_through_transient/621015.621015.llr40v10-oss120b-c.n0.p6.w6/candidate_01_submission.txt,383a3c027c11ccf6bb31c693a56999eaeee65e52625468b2d41cdba5c5984a1f
llr40v10-oss120b-c-skills,numba,c,fuse_stencil_through_transient,621023,621023,llr40v10-oss120b-c-skills.n0.p6.w6,1,7.766100,136935309.000000,18222354.000000,0.000000,graded_attempt,sources/llr40v10-oss120b-c-skills/fuse_stencil_through_transient/621023.621023.llr40v10-oss120b-c-skills.n0.p6.w6/candidate_01_submission.txt,30336823fdb1aae972d0c891d674390d7a94ea4573ea1b034f14c4880df9b796
llr40v10-oss120b-c-skills,numba,c,fuse_stencil_through_transient,625311,625311,llr40v10-oss120b-c-skills.n0.p6.w6,1,6.960940,123602343.000000,18254832.000000,0.000000,graded_attempt,sources/llr40v10-oss120b-c-skills/fuse_stencil_through_transient/625311.625311.llr40v10-oss120b-c-skills.n0.p6.w6/candidate_01_submission.txt,70d2518b3071120cadcab66407eb9d29a5ba7eb9332dff4cd89870fdc8e49aa0
llr40v10-oss120b-fortran,c,fortran,fuse_stencil_through_transient,621019,621019,llr40v10-oss120b-fortran.n0.p6.w6,1,23.669924,439619410.000000,18418095.000000,0.000000,graded_attempt,sources/llr40v10-oss120b-fortran/fuse_stencil_through_transient/621019.621019.llr40v10-oss120b-fortran.n0.p6.w6/candidate_01_submission.txt,77af3530042909d49f6c49f414771d3ea169667192d32f78bb7740a2bc993588
llr40v10-oss120b-fortran,c,fortran,fuse_stencil_through_transient,621384,621384,llr40v10-oss120b-fortran.n0.p6.w6,1,22.973795,436845251.000000,18333344.000000,0.000000,graded_attempt,sources/llr40v10-oss120b-fortran/fuse_stencil_through_transient/621384.621384.llr40v10-oss120b-fortran.n0.p6.w6/candidate_01_submission.txt,955234cc952f46ab13f0d7230af64996e581c6093ddd58526ba9fd956cc7d729
llr40v10-oss120b-fortran-skills,numba,fortran,fuse_stencil_through_transient,621027,621027,llr40v10-oss120b-fortran-skills.n0.p6.w6,1,8.664392,160768928.000000,18858072.000000,0.000000,graded_attempt,sources/llr40v10-oss120b-fortran-skills/fuse_stencil_through_transient/621027.621027.llr40v10-oss120b-fortran-skills.n0.p6.w6/candidate_01_submission.txt,94ae1e9c6278bb16bb5704630f0247b3d73a57967baadca65fbe3826299987b5
llr40v10-qwen38-c,c,c,fuse_stencil_through_transient,621016,621016,llr40v10-qwen38-c.n0.p6.w6,3,26.146322,484025532.000000,18226292.000000,0.000000,graded_attempt,sources/llr40v10-qwen38-c/fuse_stencil_through_transient/621016.621016.llr40v10-qwen38-c.n0.p6.w6/candidate_03_submission.txt,145cde2190f1185747a59d873195cf5405acaf229af94972854fec0fe675d959
llr40v10-qwen38-c,c,c,fuse_stencil_through_transient,621383,621383,llr40v10-qwen38-c.n0.p6.w6,1,25.126101,463743675.000000,18166708.000000,0.000000,graded_attempt,sources/llr40v10-qwen38-c/fuse_stencil_through_transient/621383.621383.llr40v10-qwen38-c.n0.p6.w6/candidate_01_submission.txt,2df01da4415d46645ce90d42db6211d1245b71a04aeab9c921ced90ef1a0cbd0
llr40v10-qwen38-c,c,c,fuse_stencil_through_transient,621383,621383,llr40v10-qwen38-c.n0.p6.w6,2,23.669924,437821347.000000,18221818.000000,0.000000,graded_attempt,sources/llr40v10-qwen38-c/fuse_stencil_through_transient/621383.621383.llr40v10-qwen38-c.n0.p6.w6/candidate_02_submission.txt,888a399ea314fe2fa1f7a600d63ea1d99cf098a76a2e426e7f973bddf86c75b2
llr40v10-qwen38-c,c,c,fuse_stencil_through_transient,621016,621016,llr40v10-qwen38-c.n0.p6.w6,2,18.093383,466214137.000000,24670131.000000,0.000000,graded_attempt,sources/llr40v10-qwen38-c/fuse_stencil_through_transient/621016.621016.llr40v10-qwen38-c.n0.p6.w6/candidate_02_submission.txt,8dd799fdca774d18fff429fae57ea0262d4ee150e4743d07135b13562576e5aa
llr40v10-qwen38-c,numba,c,fuse_stencil_through_transient,621727,621727,llr40v10-qwen38-c.n0.p6.w6,1,7.537701,137809489.000000,18184769.000000,0.000000,graded_attempt,sources/llr40v10-qwen38-c/fuse_stencil_through_transient/621727.621727.llr40v10-qwen38-c.n0.p6.w6/candidate_01_submission.txt,508c5cf43c15092e73a8d950bc5084488e5792da216a7e6d94a47ba9418b9c0a
llr40v10-qwen38-c,numba,c,fuse_stencil_through_transient,622265,622265,llr40v10-qwen38-c.n0.p6.w6,1,7.030549,121952843.000000,18299124.000000,0.000000,graded_attempt,sources/llr40v10-qwen38-c/fuse_stencil_through_transient/622265.622265.llr40v10-qwen38-c.n0.p6.w6/candidate_01_submission.txt,0fc584bf4c730b136b240bdbeffc9291aa4ced362dcf421d952c934297c400b4
llr40v10-qwen38-c,c,c,fuse_stencil_through_transient,621016,621016,llr40v10-qwen38-c.n0.p6.w6,1,4.274847,524438620.000000,116183526.000000,0.000000,graded_attempt,sources/llr40v10-qwen38-c/fuse_stencil_through_transient/621016.621016.llr40v10-qwen38-c.n0.p6.w6/candidate_01_submission.txt,b26b46359590ea7c5145afeb5d79aff9035ab96dcaa0d6614c93f8e05b7be106
llr40v10-qwen38-c-skills,numba,c,fuse_stencil_through_transient,621024,621024,llr40v10-qwen38-c-skills.n0.p6.w6,2,8.578606,155029173.000000,18281708.000000,0.000000,graded_attempt,sources/llr40v10-qwen38-c-skills/fuse_stencil_through_transient/621024.621024.llr40v10-qwen38-c-skills.n0.p6.w6/candidate_02_submission.txt,70eea7e88fee09e6dd6cc25b2b4ad12a50e235b6f2ccdd12075ecb6bf5bee1d5
llr40v10-qwen38-c-skills,numba,c,fuse_stencil_through_transient,621024,621024,llr40v10-qwen38-c-skills.n0.p6.w6,1,8.493670,155029173.000000,18198339.000000,0.000000,graded_attempt,sources/llr40v10-qwen38-c-skills/fuse_stencil_through_transient/621024.621024.llr40v10-qwen38-c-skills.n0.p6.w6/candidate_01_submission.txt,50e10f6b7e68a6e1b12de537416bb52cb7277e6afccec034213e10cbc3dd7b87
llr40v10-qwen38-fortran,c,fortran,fuse_stencil_through_transient,621020,621020,llr40v10-qwen38-fortran.n0.p6.w6,1,24.387146,450809457.000000,18247485.000000,0.000000,graded_attempt,sources/llr40v10-qwen38-fortran/fuse_stencil_through_transient/621020.621020.llr40v10-qwen38-fortran.n0.p6.w6/candidate_01_submission.txt,43e53a4aaa7c41b325d6923de03b256935d4d736e12ae0552bacccb1ca8ee83b
llr40v10-qwen38-fortran,c,fortran,fuse_stencil_through_transient,621385,621385,llr40v10-qwen38-fortran.n0.p6.w6,1,23.906623,467677210.000000,19320937.000000,0.000000,graded_attempt,sources/llr40v10-qwen38-fortran/fuse_stencil_through_transient/621385.621385.llr40v10-qwen38-fortran.n0.p6.w6/candidate_01_submission.txt,47d70355e593dc6a9c0b129aa104fca42f51471733eb283f369f6d3a3fce7d0b
llr40v10-qwen38-fortran-skills,numba,fortran,fuse_stencil_through_transient,621028,621028,llr40v10-qwen38-fortran-skills.n0.p6.w6,1,8.162250,159906423.000000,19539170.000000,0.000000,graded_attempt,sources/llr40v10-qwen38-fortran-skills/fuse_stencil_through_transient/621028.621028.llr40v10-qwen38-fortran-skills.n0.p6.w6/candidate_01_submission.txt,ad1b2a3315c2966af90a9a1de6d71e7271c878faa0dfabb81c79087a7775a4ab
llr40v11-kimi27sglang-c,numba,c,fuse_stencil_through_transient,625533,625533,llr40v11-kimi27sglang-c.n0.p6.w6,1,11.222609,279014807.000000,25028275.000000,0.000000,graded_attempt,sources/llr40v11-kimi27sglang-c/fuse_stencil_through_transient/625533.625533.llr40v11-kimi27sglang-c.n0.p6.w6/candidate_01_submission.txt,ff69760c6ec0c3e21c5b69d097da3b4fe590d3b59a32ce227591bd7d207e71dd
llr40v11-kimi27sglang-fortran,numba,fortran,fuse_stencil_through_transient,625541,625541,llr40v11-kimi27sglang-fortran.n0.p6.w6,1,8.578606,155604189.000000,18159505.000000,0.000000,graded_attempt,sources/llr40v11-kimi27sglang-fortran/fuse_stencil_through_transient/625541.625541.llr40v11-kimi27sglang-fortran.n0.p6.w6/candidate_01_submission.txt,caa5b8b8a12309d17e021924ebac14a0b328ee82494d5c278e270b09a3dc250b
llr40v11-kimi27sglang-fortran-skills,numba,fortran,fuse_stencil_through_transient,625545,625545,llr40v11-kimi27sglang-fortran-skills.n0.p6.w6,2,7.100855,126377515.000000,18273178.000000,0.000000,graded_attempt,sources/llr40v11-kimi27sglang-fortran-skills/fuse_stencil_through_transient/625545.625545.llr40v11-kimi27sglang-fortran-skills.n0.p6.w6/candidate_02_submission.txt,e1791e4107ad4a6dd3d999ec570dc1014871e09dc7d028e99990b9236507b245
llr40v11-kimi27sglang-fortran-skills,numba,fortran,fuse_stencil_through_transient,625545,625545,llr40v11-kimi27sglang-fortran-skills.n0.p6.w6,1,7.030549,126377515.000000,18206595.000000,0.000000,graded_attempt,sources/llr40v11-kimi27sglang-fortran-skills/fuse_stencil_through_transient/625545.625545.llr40v11-kimi27sglang-fortran-skills.n0.p6.w6/candidate_01_submission.txt,00f872535a469e3c25b0a01d664e0c17837a4dcc10a930117e17a375f7dfe1b2
llr40v11-oss120b-c,numba,c,fuse_stencil_through_transient,625531,625531,llr40v11-oss120b-c.n0.p6.w6,1,6.823782,122341611.000000,18288324.000000,0.000000,graded_attempt,sources/llr40v11-oss120b-c/fuse_stencil_through_transient/625531.625531.llr40v11-oss120b-c.n0.p6.w6/candidate_01_submission.txt,be35ae1af67d2552dbc9cbdc552861bee87cd2e884e1e01aadcf03644218a000
llr40v11-oss120b-c-skills,numba,c,fuse_stencil_through_transient,625535,625535,llr40v11-oss120b-c-skills.n0.p6.w6,1,8.001421,145145541.000000,18286802.000000,0.000000,graded_attempt,sources/llr40v11-oss120b-c-skills/fuse_stencil_through_transient/625535.625535.llr40v11-oss120b-c-skills.n0.p6.w6/candidate_01_submission.txt,c73089ed6912b558f6cf673a018c0cd48bf7ec367bafb3112d50ad430d4e4b5b
llr40v11-oss120b-fortran,numba,fortran,fuse_stencil_through_transient,625539,625539,llr40v11-oss120b-fortran.n0.p6.w6,1,7.537701,137722239.000000,18318163.000000,0.000000,graded_attempt,sources/llr40v11-oss120b-fortran/fuse_stencil_through_transient/625539.625539.llr40v11-oss120b-fortran.n0.p6.w6/candidate_01_submission.txt,873f8b79f8b28f086c8498b3aad9c5a30701fb49ea3611238b36d963b842df3d
llr40v11-oss120b-fortran-skills,numba,fortran,fuse_stencil_through_transient,625543,625543,llr40v11-oss120b-fortran-skills.n0.p6.w6,1,6.823782,122395227.000000,18284985.000000,0.000000,graded_attempt,sources/llr40v11-oss120b-fortran-skills/fuse_stencil_through_transient/625543.625543.llr40v11-oss120b-fortran-skills.n0.p6.w6/candidate_01_submission.txt,38590b35f5e3fa560dac05157b42116dbf8a3164610241400e57903ad343656a
llr40v11-qwen38-fortran,numba,fortran,fuse_stencil_through_transient,625540,625540,llr40v11-qwen38-fortran.n0.p6.w6,1,8.243872,149165099.000000,18217807.000000,0.000000,graded_attempt,sources/llr40v11-qwen38-fortran/fuse_stencil_through_transient/625540.625540.llr40v11-qwen38-fortran.n0.p6.w6/candidate_01_submission.txt,adf69688e643dcf0e0a5e4569088e392442abb55ccf15ae261604f42c35d8a9b
llr40v11-qwen38-fortran-skills,numba,fortran,fuse_stencil_through_transient,625544,625544,llr40v11-qwen38-fortran-skills.n0.p6.w6,1,8.493670,157214272.000000,18616725.000000,0.000000,graded_attempt,sources/llr40v11-qwen38-fortran-skills/fuse_stencil_through_transient/625544.625544.llr40v11-qwen38-fortran-skills.n0.p6.w6/candidate_01_submission.txt,b696f683aa9753e4e7edb962f37f5b9278b2636922b06fce261a0cd13c866435
v11w2-kimi27sglang-c-skills,numba,c,fuse_stencil_through_transient,626368,626368,v11w2-kimi27sglang-c-skills.n0.p2.w2,3,8.838547,162493963.000000,18188894.000000,0.000000,graded_attempt,sources/v11w2-kimi27sglang-c-skills/fuse_stencil_through_transient/626368.626368.v11w2-kimi27sglang-c-skills.n0.p2.w2/candidate_03_submission.txt,2df01da4415d46645ce90d42db6211d1245b71a04aeab9c921ced90ef1a0cbd0
v11w2-kimi27sglang-c-skills,numba,c,fuse_stencil_through_transient,626368,626368,v11w2-kimi27sglang-c-skills.n0.p2.w2,4,8.838547,162493963.000000,18322167.000000,0.000000,graded_attempt,sources/v11w2-kimi27sglang-c-skills/fuse_stencil_through_transient/626368.626368.v11w2-kimi27sglang-c-skills.n0.p2.w2/candidate_04_submission.txt,1014507d4c9943ae810c41ae92f8d2bdb1efbcec3a18ef86e4aadfdc8f6cfd38
v11w2-kimi27sglang-c-skills,numba,c,fuse_stencil_through_transient,626368,626368,v11w2-kimi27sglang-c-skills.n0.p2.w2,5,8.751036,162493963.000000,18366524.000000,0.000000,graded_attempt,sources/v11w2-kimi27sglang-c-skills/fuse_stencil_through_transient/626368.626368.v11w2-kimi27sglang-c-skills.n0.p2.w2/candidate_05_submission.txt,08a66054b6391731240bf950e8c57ba8c894a5b8963d622e4c1ab43c1bd2ef1f
v11w2-kimi27sglang-c-skills,numba,c,fuse_stencil_through_transient,626368,626368,v11w2-kimi27sglang-c-skills.n0.p2.w2,2,8.409574,162493963.000000,19383217.000000,0.000000,graded_attempt,sources/v11w2-kimi27sglang-c-skills/fuse_stencil_through_transient/626368.626368.v11w2-kimi27sglang-c-skills.n0.p2.w2/candidate_02_submission.txt,0868c78e6ba2e4d1cb01df8b50c131355e2459e1cf6b9ea73db6c3dae51482a2
v11w2-kimi27sglang-c-skills,numba,c,fuse_stencil_through_transient,626368,626368,v11w2-kimi27sglang-c-skills.n0.p2.w2,1,1.334504,162493963.000000,115413927.000000,0.000000,graded_attempt,sources/v11w2-kimi27sglang-c-skills/fuse_stencil_through_transient/626368.626368.v11w2-kimi27sglang-c-skills.n0.p2.w2/candidate_01_submission.txt,241d948c906c6964d1e480cb931d226c62af2c728db26db17997a669dabc0304
v11w2-qwen38-c,numba,c,fuse_stencil_through_transient,626365,626365,v11w2-qwen38-c.n0.p1.w1,2,8.081435,148392514.000000,18450040.000000,0.000000,graded_attempt,sources/v11w2-qwen38-c/fuse_stencil_through_transient/626365.626365.v11w2-qwen38-c.n0.p1.w1/candidate_02_submission.txt,936caccb0870c8f8dc047006c533daae74a8cdc9871e0178a0b20b767b46a134
v11w2-qwen38-c,numba,c,fuse_stencil_through_transient,626365,626365,v11w2-qwen38-c.n0.p1.w1,3,8.081435,148392514.000000,18379133.000000,0.000000,graded_attempt,sources/v11w2-qwen38-c/fuse_stencil_through_transient/626365.626365.v11w2-qwen38-c.n0.p1.w1/candidate_02_submission.txt,936caccb0870c8f8dc047006c533daae74a8cdc9871e0178a0b20b767b46a134
v11w2-qwen38-c,numba,c,fuse_stencil_through_transient,626365,626365,v11w2-qwen38-c.n0.p1.w1,5,8.081435,148392514.000000,18409352.000000,0.000000,graded_attempt,sources/v11w2-qwen38-c/fuse_stencil_through_transient/626365.626365.v11w2-qwen38-c.n0.p1.w1/candidate_02_submission.txt,936caccb0870c8f8dc047006c533daae74a8cdc9871e0178a0b20b767b46a134
v11w2-qwen38-c,numba,c,fuse_stencil_through_transient,626365,626365,v11w2-qwen38-c.n0.p1.w1,6,8.081435,148392514.000000,18387132.000000,0.000000,graded_attempt,sources/v11w2-qwen38-c/fuse_stencil_through_transient/626365.626365.v11w2-qwen38-c.n0.p1.w1/candidate_02_submission.txt,936caccb0870c8f8dc047006c533daae74a8cdc9871e0178a0b20b767b46a134
v11w2-qwen38-c,numba,c,fuse_stencil_through_transient,626365,626365,v11w2-qwen38-c.n0.p1.w1,1,8.001421,148392514.000000,18465114.000000,0.000000,graded_attempt,sources/v11w2-qwen38-c/fuse_stencil_through_transient/626365.626365.v11w2-qwen38-c.n0.p1.w1/candidate_01_submission.txt,45ac417de3a43220be818afa93310729870d204272ed4d7bc501b1fbbe2e6d26
v11w2-qwen38-c,numba,c,fuse_stencil_through_transient,626365,626365,v11w2-qwen38-c.n0.p1.w1,4,7.843761,148392514.000000,18418784.000000,0.000000,graded_attempt,sources/v11w2-qwen38-c/fuse_stencil_through_transient/626365.626365.v11w2-qwen38-c.n0.p1.w1/candidate_02_submission.txt,936caccb0870c8f8dc047006c533daae74a8cdc9871e0178a0b20b767b46a134
v11w2-qwen38-c-skills,numba,c,fuse_stencil_through_transient,626366,626366,v11w2-qwen38-c-skills.n0.p0.w0,3,10.784707,134315989.000000,11960821.000000,0.000000,graded_attempt,sources/v11w2-qwen38-c-skills/fuse_stencil_through_transient/626366.626366.v11w2-qwen38-c-skills.n0.p0.w0/candidate_03_submission.txt,1283c5df8ba36599097ff97ba37d04c976ad32c35aa7bc42525ebe3db2dc684a
v11w2-qwen38-c-skills,numba,c,fuse_stencil_through_transient,626366,626366,v11w2-qwen38-c-skills.n0.p0.w0,4,10.467530,134315989.000000,12566685.000000,0.000000,graded_attempt,sources/v11w2-qwen38-c-skills/fuse_stencil_through_transient/626366.626366.v11w2-qwen38-c-skills.n0.p0.w0/candidate_04_submission.txt,55e43e1835273b2b050b10bfc51241362d829790ed5cb20dcf181df6c7b900d2
v11w2-qwen38-c-skills,numba,c,fuse_stencil_through_transient,626366,626366,v11w2-qwen38-c-skills.n0.p0.w0,5,10.059091,133339481.000000,13029949.000000,0.000000,graded_attempt,sources/v11w2-qwen38-c-skills/fuse_stencil_through_transient/626366.626366.v11w2-qwen38-c-skills.n0.p0.w0/candidate_04_submission.txt,55e43e1835273b2b050b10bfc51241362d829790ed5cb20dcf181df6c7b900d2
v11w2-qwen38-c-skills,numba,c,fuse_stencil_through_transient,626366,626366,v11w2-qwen38-c-skills.n0.p0.w0,6,10.059091,133339481.000000,12926918.000000,0.000000,graded_attempt,sources/v11w2-qwen38-c-skills/fuse_stencil_through_transient/626366.626366.v11w2-qwen38-c-skills.n0.p0.w0/candidate_04_submission.txt,55e43e1835273b2b050b10bfc51241362d829790ed5cb20dcf181df6c7b900d2
v11w2-qwen38-c-skills,numba,c,fuse_stencil_through_transient,626366,626366,v11w2-qwen38-c-skills.n0.p0.w0,1,7.463070,134315989.000000,18229483.000000,0.000000,graded_attempt,sources/v11w2-qwen38-c-skills/fuse_stencil_through_transient/626366.626366.v11w2-qwen38-c-skills.n0.p0.w0/candidate_01_submission.txt,0868c78e6ba2e4d1cb01df8b50c131355e2459e1cf6b9ea73db6c3dae51482a2
v11w2-qwen38-c-skills,numba,c,fuse_stencil_through_transient,626366,626366,v11w2-qwen38-c-skills.n0.p0.w0,2,5.648317,134315989.000000,23467937.000000,0.000000,graded_attempt,sources/v11w2-qwen38-c-skills/fuse_stencil_through_transient/626366.626366.v11w2-qwen38-c-skills.n0.p0.w0/candidate_02_submission.txt,a6a83c930e944666e35b7dd0b65e77a88dfa6a6f67721b43f969cc092350e97c
gpuv2-llr40-oss120b-hip,numba,hip,quasi_affine_reduce_odd,627167,627167,gpuv2-llr40-oss120b-hip.n0.p7.w7,1,22.973795,184009780.000000,7950421.000000,0.000000,graded_attempt,sources/gpuv2-llr40-oss120b-hip/quasi_affine_reduce_odd/627167.627167.gpuv2-llr40-oss120b-hip.n0.p7.w7/candidate_01_submission.txt,5c0645e112a226eb212f03e28172f96a99b8a3728eb00945a933994b13293cb4
gpuv2-llr40-oss120b-hip-skills,numba,hip,quasi_affine_reduce_odd,627168,627168,gpuv2-llr40-oss120b-hip-skills.n0.p7.w7,1,22.973795,183675460.000000,7951313.000000,0.000000,graded_attempt,sources/gpuv2-llr40-oss120b-hip-skills/quasi_affine_reduce_odd/627168.627168.gpuv2-llr40-oss120b-hip-skills.n0.p7.w7/candidate_01_submission.txt,7994ea57f2ece75cf30583ca310017d91f6674ea9902d0aa3e659770f134a283
gpuv2-llr40-oss120b-omp,numba,c,quasi_affine_reduce_odd,627173,627173,gpuv2-llr40-oss120b-omp.n0.p7.w7,1,1.000000,184186856.000000,182822626.000000,0.000000,graded_attempt,sources/gpuv2-llr40-oss120b-omp/quasi_affine_reduce_odd/627173.627173.gpuv2-llr40-oss120b-omp.n0.p7.w7/candidate_05_submission.txt,ee7cbbfdb88615cddc26d5acbcebd3443dfc9732c36ea851ce890bdfe878d7e6
gpuv2-llr40-oss120b-omp-skills,numba,c,quasi_affine_reduce_odd,627174,627174,gpuv2-llr40-oss120b-omp-skills.n0.p7.w7,1,9.860887,183265581.000000,17942152.000000,0.000000,graded_attempt,sources/gpuv2-llr40-oss120b-omp-skills/quasi_affine_reduce_odd/627174.627174.gpuv2-llr40-oss120b-omp-skills.n0.p7.w7/candidate_01_submission.txt,f8e2588f025e0f1cdcdf5a52d451274b89ec96144f0b7f2f41b179a4ee24ac69
gpuv2-llr40-qwen38-hip,numba,hip,quasi_affine_reduce_odd,627017,627017,gpuv2-llr40-qwen38-hip.n0.p7.w7,1,136.382500,184052987.000000,1304237.000000,0.000000,graded_attempt,sources/gpuv2-llr40-qwen38-hip/quasi_affine_reduce_odd/627017.627017.gpuv2-llr40-qwen38-hip.n0.p7.w7/candidate_01_submission.txt,106c9cc838f09d5c4b8cab83595a428ec2a1b1ea6f69de2baff4463ba8686b3b
gpuv4-llr40-oss120b-pytriton,numba,python,quasi_affine_reduce_odd,627175,627175,gpuv4-llr40-oss120b-pytriton.n0.p7.w7,1,1.596263,203124279.000000,125641977.000000,0.000000,graded_attempt,sources/gpuv4-llr40-oss120b-pytriton/quasi_affine_reduce_odd/627175.627175.gpuv4-llr40-oss120b-pytriton.n0.p7.w7/candidate_01_submission.txt,3ec825d1450db556d94fff824e308b6c5ef814cdeff4daaef86417b6c6b87063
gpuv4-llr40-oss120b-pytriton-skills,numba,python,quasi_affine_reduce_odd,627176,627176,gpuv4-llr40-oss120b-pytriton-skills.n0.p7.w7,1,1.402577,184013332.000000,129569192.000000,0.000000,graded_attempt,sources/gpuv4-llr40-oss120b-pytriton-skills/quasi_affine_reduce_odd/627176.627176.gpuv4-llr40-oss120b-pytriton-skills.n0.p7.w7/candidate_01_submission.txt,091e385e4687764ef756767d4f98a062255eec5cbead52d0208cb93547b23076
gpuv4-llr40-qwen38-pytriton,numba,python,quasi_affine_reduce_odd,626523,626523,gpuv4-llr40-qwen38-pytriton.n0.p7.w7,1,9.860887,184071723.000000,18153741.000000,0.000000,graded_attempt,sources/gpuv4-llr40-qwen38-pytriton/quasi_affine_reduce_odd/626523.626523.gpuv4-llr40-qwen38-pytriton.n0.p7.w7/candidate_01_submission.txt,d1e632ab0ee68dceeb0e09a315f1bd9a9254878dcf982945bc9ec0b11c248017
gpuv4-llr40-qwen38-pytriton,numba,python,quasi_affine_reduce_odd,626557,626557,gpuv4-llr40-qwen38-pytriton.n0.p7.w7,2,9.860887,183513542.000000,17977499.000000,0.000000,graded_attempt,sources/gpuv4-llr40-qwen38-pytriton/quasi_affine_reduce_odd/626557.626557.gpuv4-llr40-qwen38-pytriton.n0.p7.w7/candidate_03_submission.txt,59ecfd00e8979860408753473025dd6b91c72c0cec6b47214c460b4e2a82ca43
gpuv4-llr40-qwen38-pytriton,numba,python,quasi_affine_reduce_odd,626557,626557,gpuv4-llr40-qwen38-pytriton.n0.p7.w7,1,1.416603,183513542.000000,127713369.000000,0.000000,graded_attempt,sources/gpuv4-llr40-qwen38-pytriton/quasi_affine_reduce_odd/626557.626557.gpuv4-llr40-qwen38-pytriton.n0.p7.w7/candidate_01_submission.txt,30ec7337628d13cb8985bfa13b7375dd70eb7d59e9309e6d1fc88c05d4e3e514
gpuv4-llr40-qwen38-pytriton-skills,numba,python,quasi_affine_reduce_odd,627020,627020,gpuv4-llr40-qwen38-pytriton-skills.n0.p7.w7,1,10.467530,184516000.000000,17105185.000000,0.000000,graded_attempt,sources/gpuv4-llr40-qwen38-pytriton-skills/quasi_affine_reduce_odd/627020.627020.gpuv4-llr40-qwen38-pytriton-skills.n0.p7.w7/candidate_01_submission.txt,77114939661bd29d5cb8e91cc4490238ff7203527644fc873ddfa98a388f0e5f
gpuv4-llr40-qwen38-pytriton-skills,numba,python,quasi_affine_reduce_odd,627231,627231,gpuv4-llr40-qwen38-pytriton-skills.n0.p7.w7,1,9.763254,183465637.000000,18238103.000000,0.000000,graded_attempt,sources/gpuv4-llr40-qwen38-pytriton-skills/quasi_affine_reduce_odd/627231.627231.gpuv4-llr40-qwen38-pytriton-skills.n0.p7.w7/candidate_01_submission.txt,57a65645fe98bd71077a4fb437ebb9f148c988e99bbd916a783a981f16a4862e
gpuv4-llr40-qwen38-pytriton-skills,numba,python,quasi_affine_reduce_odd,626651,626651,gpuv4-llr40-qwen38-pytriton-skills.n0.p7.w7,1,1.503752,183251591.000000,120501498.000000,0.000000,graded_attempt,sources/gpuv4-llr40-qwen38-pytriton-skills/quasi_affine_reduce_odd/626651.626651.gpuv4-llr40-qwen38-pytriton-skills.n0.p7.w7/candidate_01_submission.txt,cf4908780f6c405afa97f55d7aa8c32d89575fb7566317b5dd9a5a63c2e4830b
llr40v10-kimi27sglang-c,numba,c,quasi_affine_reduce_odd,621729,621729,llr40v10-kimi27sglang-c.n0.p7.w7,2,10.363891,183045280.000000,17500306.000000,0.000000,graded_attempt,sources/llr40v10-kimi27sglang-c/quasi_affine_reduce_odd/621729.621729.llr40v10-kimi27sglang-c.n0.p7.w7/candidate_02_submission.txt,6c4c03f974f776cca8fa23b2f318fe7b96ae1ab0a021bfc56fb0c31a195813ee
llr40v10-kimi27sglang-c,numba,c,quasi_affine_reduce_odd,621729,621729,llr40v10-kimi27sglang-c.n0.p7.w7,3,10.363891,183045280.000000,17492379.000000,0.000000,graded_attempt,sources/llr40v10-kimi27sglang-c/quasi_affine_reduce_odd/621729.621729.llr40v10-kimi27sglang-c.n0.p7.w7/candidate_03_submission.txt,116dddd744243352dccc83c858dc8c5c9b1f52ac3b03ef97fb8e1bf22cab7897
llr40v10-kimi27sglang-c,c,c,quasi_affine_reduce_odd,621017,621017,llr40v10-kimi27sglang-c.n0.p7.w7,3,10.261278,182673914.000000,17503189.000000,0.000000,graded_attempt,sources/llr40v10-kimi27sglang-c/quasi_affine_reduce_odd/621017.621017.llr40v10-kimi27sglang-c.n0.p7.w7/candidate_02_submission.txt,d0cb02826848a2908985ed54e66b058c091e94b84c43243a5f4c8fb952a09c24
llr40v10-kimi27sglang-c,c,c,quasi_affine_reduce_odd,621017,621017,llr40v10-kimi27sglang-c.n0.p7.w7,4,10.261278,182867735.000000,17538211.000000,0.000000,graded_attempt,sources/llr40v10-kimi27sglang-c/quasi_affine_reduce_odd/621017.621017.llr40v10-kimi27sglang-c.n0.p7.w7/candidate_02_submission.txt,d0cb02826848a2908985ed54e66b058c091e94b84c43243a5f4c8fb952a09c24
llr40v10-kimi27sglang-c,c,c,quasi_affine_reduce_odd,621017,621017,llr40v10-kimi27sglang-c.n0.p7.w7,5,10.261278,183442880.000000,17530790.000000,0.000000,graded_attempt,sources/llr40v10-kimi27sglang-c/quasi_affine_reduce_odd/621017.621017.llr40v10-kimi27sglang-c.n0.p7.w7/candidate_05_submission.txt,52d3f252a0db80d5d3aa866bd9adc752210401ac774d8bd679eec7cfa7438ad8
llr40v10-kimi27sglang-c,c,c,quasi_affine_reduce_odd,621017,621017,llr40v10-kimi27sglang-c.n0.p7.w7,6,10.261278,182819605.000000,17534118.000000,0.000000,graded_attempt,sources/llr40v10-kimi27sglang-c/quasi_affine_reduce_odd/621017.621017.llr40v10-kimi27sglang-c.n0.p7.w7/candidate_06_submission.txt,87eb3fe26656ec896d7038150bbb219728307f0f40934db51c97d8238a9a84e7
llr40v10-kimi27sglang-c,c,c,quasi_affine_reduce_odd,621017,621017,llr40v10-kimi27sglang-c.n0.p7.w7,2,10.159681,182367138.000000,17551017.000000,0.000000,graded_attempt,sources/llr40v10-kimi27sglang-c/quasi_affine_reduce_odd/621017.621017.llr40v10-kimi27sglang-c.n0.p7.w7/candidate_02_submission.txt,d0cb02826848a2908985ed54e66b058c091e94b84c43243a5f4c8fb952a09c24
llr40v10-kimi27sglang-c,numba,c,quasi_affine_reduce_odd,621729,621729,llr40v10-kimi27sglang-c.n0.p7.w7,1,10.159681,183045280.000000,17526202.000000,0.000000,graded_attempt,sources/llr40v10-kimi27sglang-c/quasi_affine_reduce_odd/621729.621729.llr40v10-kimi27sglang-c.n0.p7.w7/candidate_01_submission.txt,ec76986c781263bdd68edc89ea344c17ccbd16201f721f97644d310ef5326cf5
llr40v10-kimi27sglang-c,c,c,quasi_affine_reduce_odd,621017,621017,llr40v10-kimi27sglang-c.n0.p7.w7,1,2.283884,182693825.000000,79562586.000000,0.000000,graded_attempt,sources/llr40v10-kimi27sglang-c/quasi_affine_reduce_odd/621017.621017.llr40v10-kimi27sglang-c.n0.p7.w7/candidate_01_submission.txt,e1d3597d78a5ab46b24128e9eaffde11ec00cfcd4f911c76c23743881a19a61c
llr40v10-kimi27sglang-c-skills,numba,c,quasi_affine_reduce_odd,621025,621025,llr40v10-kimi27sglang-c-skills.n0.p7.w7,1,10.159681,184416876.000000,17742401.000000,0.000000,graded_attempt,sources/llr40v10-kimi27sglang-c-skills/quasi_affine_reduce_odd/621025.621025.llr40v10-kimi27sglang-c-skills.n0.p7.w7/candidate_01_submission.txt,50a20dcd1e3b837f6de240990926185da59a6823b6512fa08a4fcadb8f5ed91a
llr40v10-kimi27sglang-fortran,numba,fortran,quasi_affine_reduce_odd,621731,621731,llr40v10-kimi27sglang-fortran.n0.p7.w7,1,10.363891,183484067.000000,17465615.000000,0.000000,graded_attempt,sources/llr40v10-kimi27sglang-fortran/quasi_affine_reduce_odd/621731.621731.llr40v10-kimi27sglang-fortran.n0.p7.w7/candidate_01_submission.txt,f17b4834899e95ea966d4c9cb273e9c22f802374f614b0445fa4819dab586ed9
llr40v10-kimi27sglang-fortran,c,fortran,quasi_affine_reduce_odd,621021,621021,llr40v10-kimi27sglang-fortran.n0.p7.w7,1,10.261278,182642618.000000,17459875.000000,0.000000,graded_attempt,sources/llr40v10-kimi27sglang-fortran/quasi_affine_reduce_odd/621021.621021.llr40v10-kimi27sglang-fortran.n0.p7.w7/candidate_01_submission.txt,a12bc234c7b8c3bac8e9f8e3038337b898b693d863c8b779092dd6fad81a8ddd
llr40v10-kimi27sglang-fortran,numba,fortran,quasi_affine_reduce_odd,621731,621731,llr40v10-kimi27sglang-fortran.n0.p7.w7,2,10.261278,183484067.000000,17429546.000000,0.000000,graded_attempt,sources/llr40v10-kimi27sglang-fortran/quasi_affine_reduce_odd/621731.621731.llr40v10-kimi27sglang-fortran.n0.p7.w7/candidate_01_submission.txt,f17b4834899e95ea966d4c9cb273e9c22f802374f614b0445fa4819dab586ed9
llr40v10-kimi27sglang-fortran-skills,numba,fortran,quasi_affine_reduce_odd,621029,621029,llr40v10-kimi27sglang-fortran-skills.n0.p7.w7,1,10.467530,183133355.000000,17422510.000000,0.000000,graded_attempt,sources/llr40v10-kimi27sglang-fortran-skills/quasi_affine_reduce_odd/621029.621029.llr40v10-kimi27sglang-fortran-skills.n0.p7.w7/candidate_01_submission.txt,4b477e0fc6227d7fedc9d7f7d7efe9360995bd56d37637972413c7bf0faa1e43
llr40v10-kimi27sglang-fortran-skills,numba,fortran,quasi_affine_reduce_odd,621029,621029,llr40v10-kimi27sglang-fortran-skills.n0.p7.w7,2,10.467530,183133355.000000,17384681.000000,0.000000,graded_attempt,sources/llr40v10-kimi27sglang-fortran-skills/quasi_affine_reduce_odd/621029.621029.llr40v10-kimi27sglang-fortran-skills.n0.p7.w7/candidate_03_submission.txt,7454bc3d48962af325a4320e1b0c99d5e757eab5ecec76523620b1ff8ae0976d
llr40v10-kimi27sglang-fortran-skills,numba,fortran,quasi_affine_reduce_odd,621029,621029,llr40v10-kimi27sglang-fortran-skills.n0.p7.w7,3,10.467530,183133355.000000,17400062.000000,0.000000,graded_attempt,sources/llr40v10-kimi27sglang-fortran-skills/quasi_affine_reduce_odd/621029.621029.llr40v10-kimi27sglang-fortran-skills.n0.p7.w7/candidate_04_submission.txt,35e3fb99664a2f7d0ddc2fd0457464de6ca6c82cf1290e5f60999d08542ca739
llr40v10-kimi27sglang-fortran-skills,numba,fortran,quasi_affine_reduce_odd,621029,621029,llr40v10-kimi27sglang-fortran-skills.n0.p7.w7,4,10.467530,183133355.000000,17416242.000000,0.000000,graded_attempt,sources/llr40v10-kimi27sglang-fortran-skills/quasi_affine_reduce_odd/621029.621029.llr40v10-kimi27sglang-fortran-skills.n0.p7.w7/candidate_04_submission.txt,35e3fb99664a2f7d0ddc2fd0457464de6ca6c82cf1290e5f60999d08542ca739
llr40v10-kimi27sglang-fortran-skills,numba,fortran,quasi_affine_reduce_odd,621029,621029,llr40v10-kimi27sglang-fortran-skills.n0.p7.w7,5,10.467530,183870104.000000,17453623.000000,0.000000,graded_attempt,sources/llr40v10-kimi27sglang-fortran-skills/quasi_affine_reduce_odd/621029.621029.llr40v10-kimi27sglang-fortran-skills.n0.p7.w7/candidate_06_submission.txt,92ddc11edf0af610ddf3a26943f923c6a85977c4532386e889f03243eebeced6
llr40v10-oss120b-c,c,c,quasi_affine_reduce_odd,621382,621382,llr40v10-oss120b-c.n0.p7.w7,1,10.059091,182921977.000000,17577494.000000,0.000000,graded_attempt,sources/llr40v10-oss120b-c/quasi_affine_reduce_odd/621382.621382.llr40v10-oss120b-c.n0.p7.w7/candidate_01_submission.txt,2acf062eafc1d4851050079e8e6cedb27b5b3f28a99ac7d44244f63e3b2b653f
llr40v10-oss120b-c,c,c,quasi_affine_reduce_odd,621015,621015,llr40v10-oss120b-c.n0.p7.w7,1,1.295256,184332996.000000,140894804.000000,0.000000,graded_attempt,sources/llr40v10-oss120b-c/quasi_affine_reduce_odd/621015.621015.llr40v10-oss120b-c.n0.p7.w7/candidate_01_submission.txt,7e6abbf361b467ee9386f84b0887781b4bf544fe701d4075ec59f6efdec575b1
llr40v10-oss120b-c-skills,numba,c,quasi_affine_reduce_odd,621023,621023,llr40v10-oss120b-c-skills.n0.p7.w7,1,10.059091,184044894.000000,17623954.000000,0.000000,graded_attempt,sources/llr40v10-oss120b-c-skills/quasi_affine_reduce_odd/621023.621023.llr40v10-oss120b-c-skills.n0.p7.w7/candidate_01_submission.txt,8e5d85a31f6180e9bb5af48ed29a0cbf890eb1dd54940cfba1d35b4c216a9a85
llr40v10-oss120b-fortran,c,fortran,quasi_affine_reduce_odd,621019,621019,llr40v10-oss120b-fortran.n0.p7.w7,1,10.261278,183520456.000000,17612663.000000,0.000000,graded_attempt,sources/llr40v10-oss120b-fortran/quasi_affine_reduce_odd/621019.621019.llr40v10-oss120b-fortran.n0.p7.w7/candidate_01_submission.txt,4006ec5d10b7e95d4ca8a394c6eea00a91fa355a7c9c9c2a6909aad17aeb4f50
llr40v10-oss120b-fortran,c,fortran,quasi_affine_reduce_odd,621384,621384,llr40v10-oss120b-fortran.n0.p7.w7,1,10.261278,182520429.000000,17509752.000000,0.000000,graded_attempt,sources/llr40v10-oss120b-fortran/quasi_affine_reduce_odd/621384.621384.llr40v10-oss120b-fortran.n0.p7.w7/candidate_01_submission.txt,5e15efc53665e1541c5fa58b63216e2711c84e0b18fff3141a4c4ac4343a3526
llr40v10-oss120b-fortran-skills,numba,fortran,quasi_affine_reduce_odd,621027,621027,llr40v10-oss120b-fortran-skills.n0.p7.w7,1,10.363891,185215330.000000,17444786.000000,0.000000,graded_attempt,sources/llr40v10-oss120b-fortran-skills/quasi_affine_reduce_odd/621027.621027.llr40v10-oss120b-fortran-skills.n0.p7.w7/candidate_01_submission.txt,2717a947c819882d68178db99699df50294ffdf30827721fd20269d8ef30e780
llr40v10-oss120b-fortran-skills,numba,fortran,quasi_affine_reduce_odd,625315,625315,llr40v10-oss120b-fortran-skills.n0.p7.w7,1,10.159681,185276438.000000,17711894.000000,0.000000,graded_attempt,sources/llr40v10-oss120b-fortran-skills/quasi_affine_reduce_odd/625315.625315.llr40v10-oss120b-fortran-skills.n0.p7.w7/candidate_01_submission.txt,c1a2057bbccec995e74d51a1cf08875c406555ce68d7103e33b5c1fb2e0f3594
llr40v10-qwen38-c,numba,c,quasi_affine_reduce_odd,622265,622265,llr40v10-qwen38-c.n0.p7.w7,1,10.159681,183913746.000000,17629279.000000,0.000000,graded_attempt,sources/llr40v10-qwen38-c/quasi_affine_reduce_odd/622265.622265.llr40v10-qwen38-c.n0.p7.w7/candidate_01_submission.txt,d75e063f839152edc1349766df928d191973761851237bc690e4889cbb31b204
llr40v10-qwen38-c-skills,numba,c,quasi_affine_reduce_odd,621024,621024,llr40v10-qwen38-c-skills.n0.p7.w7,2,10.467530,183749415.000000,17477703.000000,0.000000,graded_attempt,sources/llr40v10-qwen38-c-skills/quasi_affine_reduce_odd/621024.621024.llr40v10-qwen38-c-skills.n0.p7.w7/candidate_01_submission.txt,4d5f797497b22d8d67dc800466d5ce5fa45b15f3c72255bcbe2fa7e4fb7d53cc
llr40v10-qwen38-c-skills,numba,c,quasi_affine_reduce_odd,621024,621024,llr40v10-qwen38-c-skills.n0.p7.w7,1,9.382295,183960343.000000,17797677.000000,0.000000,graded_attempt,sources/llr40v10-qwen38-c-skills/quasi_affine_reduce_odd/621024.621024.llr40v10-qwen38-c-skills.n0.p7.w7/candidate_01_submission.txt,4d5f797497b22d8d67dc800466d5ce5fa45b15f3c72255bcbe2fa7e4fb7d53cc
llr40v10-qwen38-fortran,numba,fortran,quasi_affine_reduce_odd,621728,621728,llr40v10-qwen38-fortran.n0.p7.w7,1,10.363891,183645362.000000,17405217.000000,0.000000,graded_attempt,sources/llr40v10-qwen38-fortran/quasi_affine_reduce_odd/621728.621728.llr40v10-qwen38-fortran.n0.p7.w7/candidate_01_submission.txt,fb86640f50a897ed824091ae38ffa7d2b17e06d8176bb11699a481e57e96fde3
llr40v10-qwen38-fortran,numba,fortran,quasi_affine_reduce_odd,622266,622266,llr40v10-qwen38-fortran.n0.p7.w7,1,10.159681,184863399.000000,17645641.000000,0.000000,graded_attempt,sources/llr40v10-qwen38-fortran/quasi_affine_reduce_odd/622266.622266.llr40v10-qwen38-fortran.n0.p7.w7/candidate_01_submission.txt,cc9acf6d1f47e0965836a502a04018688e2965e3203128682b13df5b8cbfbe1c
llr40v10-qwen38-fortran-skills,numba,fortran,quasi_affine_reduce_odd,621028,621028,llr40v10-qwen38-fortran-skills.n0.p7.w7,1,10.467530,184334445.000000,17420725.000000,0.000000,graded_attempt,sources/llr40v10-qwen38-fortran-skills/quasi_affine_reduce_odd/621028.621028.llr40v10-qwen38-fortran-skills.n0.p7.w7/candidate_01_submission.txt,1576b79e64bed4de14ecf8863358de3f5d0ecab9f3f631c972b56a05c0afa55b
llr40v11-kimi27sglang-c,numba,c,quasi_affine_reduce_odd,625533,625533,llr40v11-kimi27sglang-c.n0.p7.w7,2,9.570880,185885898.000000,18955661.000000,0.000000,graded_attempt,sources/llr40v11-kimi27sglang-c/quasi_affine_reduce_odd/625533.625533.llr40v11-kimi27sglang-c.n0.p7.w7/candidate_02_submission.txt,bd8d6b1be40a76edacceb44b93ae7f2f143590b93c44f06f794610e80f601177
llr40v11-kimi27sglang-c,numba,c,quasi_affine_reduce_odd,625533,625533,llr40v11-kimi27sglang-c.n0.p7.w7,3,9.570880,185885898.000000,18897237.000000,0.000000,graded_attempt,sources/llr40v11-kimi27sglang-c/quasi_affine_reduce_odd/625533.625533.llr40v11-kimi27sglang-c.n0.p7.w7/candidate_03_submission.txt,b8cc785a0d77f91bc6271ed5209fbc4799162399d6f30a541a0af63547187a1b
llr40v11-kimi27sglang-c,numba,c,quasi_affine_reduce_odd,625533,625533,llr40v11-kimi27sglang-c.n0.p7.w7,1,9.382295,185885898.000000,18932403.000000,0.000000,graded_attempt,sources/llr40v11-kimi27sglang-c/quasi_affine_reduce_odd/625533.625533.llr40v11-kimi27sglang-c.n0.p7.w7/candidate_01_submission.txt,2c382a8252b6d52ad55c9a4ee9e46085693e5227f7354db92b08706b71e6c2b0
llr40v11-kimi27sglang-c-skills,numba,c,quasi_affine_reduce_odd,625537,625537,llr40v11-kimi27sglang-c-skills.n0.p7.w7,1,10.363891,184251371.000000,17605977.000000,0.000000,graded_attempt,sources/llr40v11-kimi27sglang-c-skills/quasi_affine_reduce_odd/625537.625537.llr40v11-kimi27sglang-c-skills.n0.p7.w7/candidate_02_submission.txt,e8a4a5ae9a1010f55b7e3a719ad6a19f295df33f6716f8e7c3939044d15a51fd
llr40v11-kimi27sglang-c-skills,numba,c,quasi_affine_reduce_odd,625537,625537,llr40v11-kimi27sglang-c-skills.n0.p7.w7,2,10.261278,184251371.000000,17599134.000000,0.000000,graded_attempt,sources/llr40v11-kimi27sglang-c-skills/quasi_affine_reduce_odd/625537.625537.llr40v11-kimi27sglang-c-skills.n0.p7.w7/candidate_02_submission.txt,e8a4a5ae9a1010f55b7e3a719ad6a19f295df33f6716f8e7c3939044d15a51fd
llr40v11-kimi27sglang-fortran,numba,fortran,quasi_affine_reduce_odd,625541,625541,llr40v11-kimi27sglang-fortran.n0.p7.w7,1,10.363891,183744746.000000,17416584.000000,0.000000,graded_attempt,sources/llr40v11-kimi27sglang-fortran/quasi_affine_reduce_odd/625541.625541.llr40v11-kimi27sglang-fortran.n0.p7.w7/candidate_01_submission.txt,df34925dfaa09bb4ea3f9f9f134ebaaa2b5903a764cb0dd753277e9d81f72350
llr40v11-oss120b-c,numba,c,quasi_affine_reduce_odd,625531,625531,llr40v11-oss120b-c.n0.p7.w7,1,10.363891,183698954.000000,17551683.000000,0.000000,graded_attempt,sources/llr40v11-oss120b-c/quasi_affine_reduce_odd/625531.625531.llr40v11-oss120b-c.n0.p7.w7/candidate_01_submission.txt,075c9b86889ddbef2638e77e3a400fea1ef4ee15a0311750a3456a82cc86a95d
llr40v11-oss120b-c-skills,numba,c,quasi_affine_reduce_odd,625535,625535,llr40v11-oss120b-c-skills.n0.p7.w7,1,10.261278,184221624.000000,17532047.000000,0.000000,graded_attempt,sources/llr40v11-oss120b-c-skills/quasi_affine_reduce_odd/625535.625535.llr40v11-oss120b-c-skills.n0.p7.w7/candidate_01_submission.txt,ef328d717a3a4f705cfb923ea6eb90dc5bdafa6ce23aae30c4b0ebf362ea116e
llr40v11-oss120b-fortran,numba,fortran,quasi_affine_reduce_odd,625539,625539,llr40v11-oss120b-fortran.n0.p7.w7,1,10.363891,184359694.000000,17507629.000000,0.000000,graded_attempt,sources/llr40v11-oss120b-fortran/quasi_affine_reduce_odd/625539.625539.llr40v11-oss120b-fortran.n0.p7.w7/candidate_01_submission.txt,186500b7e028cd3ea91e610525036b79db16fe6c377be4a3a46f3d19bdd989bb
llr40v11-oss120b-fortran-skills,numba,fortran,quasi_affine_reduce_odd,625543,625543,llr40v11-oss120b-fortran-skills.n0.p7.w7,1,10.467530,184181436.000000,17420674.000000,0.000000,graded_attempt,sources/llr40v11-oss120b-fortran-skills/quasi_affine_reduce_odd/625543.625543.llr40v11-oss120b-fortran-skills.n0.p7.w7/candidate_01_submission.txt,da1a3925502f3d3fac3f7683d9667e19d34fdd1ad792a94c30c9fab6b2da812c
llr40v11-qwen38-c,numba,c,quasi_affine_reduce_odd,625532,625532,llr40v11-qwen38-c.n0.p7.w7,2,10.467530,184107481.000000,17489162.000000,0.000000,graded_attempt,sources/llr40v11-qwen38-c/quasi_affine_reduce_odd/625532.625532.llr40v11-qwen38-c.n0.p7.w7/candidate_02_submission.txt,d183783aef9d7f5fb4e875248131c3616510077d3950c807ceae599aa8b3d067
llr40v11-qwen38-c,numba,c,quasi_affine_reduce_odd,625532,625532,llr40v11-qwen38-c.n0.p7.w7,1,10.363891,184107481.000000,17464592.000000,0.000000,graded_attempt,sources/llr40v11-qwen38-c/quasi_affine_reduce_odd/625532.625532.llr40v11-qwen38-c.n0.p7.w7/candidate_01_submission.txt,7f8a7cd0c37e2c124a6d293c68ea6731edb78bd2b17cdc1d8d289be8736bb377
llr40v11-qwen38-fortran,numba,fortran,quasi_affine_reduce_odd,625540,625540,llr40v11-qwen38-fortran.n0.p7.w7,1,10.467530,184340341.000000,17415794.000000,0.000000,graded_attempt,sources/llr40v11-qwen38-fortran/quasi_affine_reduce_odd/625540.625540.llr40v11-qwen38-fortran.n0.p7.w7/candidate_01_submission.txt,04335ea3dc7eee5f0470fb593d1619b170a069a8a00d07973c290f1c37c6b637
llr40v11-qwen38-fortran,numba,fortran,quasi_affine_reduce_odd,625540,625540,llr40v11-qwen38-fortran.n0.p7.w7,2,10.467530,184340341.000000,17438576.000000,0.000000,graded_attempt,sources/llr40v11-qwen38-fortran/quasi_affine_reduce_odd/625540.625540.llr40v11-qwen38-fortran.n0.p7.w7/candidate_02_submission.txt,308cdff889c0d1a87cda5561c61f14c19b0f619720eefee7339cbe7a0551bbae
llr40v11-qwen38-fortran-skills,numba,fortran,quasi_affine_reduce_odd,625544,625544,llr40v11-qwen38-fortran-skills.n0.p7.w7,1,10.467530,184196860.000000,17433685.000000,0.000000,graded_attempt,sources/llr40v11-qwen38-fortran-skills/quasi_affine_reduce_odd/625544.625544.llr40v11-qwen38-fortran-skills.n0.p7.w7/candidate_01_submission.txt,8ae52e4d955524f78d3b2fbbeda444299f4b88cca2a1f2c837f49d497fe3bd1b
llr40v11-qwen38-fortran-skills,numba,fortran,quasi_affine_reduce_odd,625544,625544,llr40v11-qwen38-fortran-skills.n0.p7.w7,2,10.467530,184196860.000000,17424446.000000,0.000000,graded_attempt,sources/llr40v11-qwen38-fortran-skills/quasi_affine_reduce_odd/625544.625544.llr40v11-qwen38-fortran-skills.n0.p7.w7/candidate_02_submission.txt,ef4ad6c96aaf751679f5e1caff5406e031bbe05c3de1cbc34f17c412bae83899
llr40v11-qwen38-fortran-skills,numba,fortran,quasi_affine_reduce_odd,625544,625544,llr40v11-qwen38-fortran-skills.n0.p7.w7,3,10.467530,184196860.000000,17416056.000000,0.000000,graded_attempt,sources/llr40v11-qwen38-fortran-skills/quasi_affine_reduce_odd/625544.625544.llr40v11-qwen38-fortran-skills.n0.p7.w7/candidate_03_submission.txt,5d1368dcd2324cbb5abd9a4373813e1e203e972aba9ba05edd39d7c9fcfef110
v11w2-kimi27sglang-fortran-skills,numba,fortran,quasi_affine_reduce_odd,626374,626374,v11w2-kimi27sglang-fortran-skills.n0.p0.w0,1,9.197427,185416311.000000,19668940.000000,0.000000,graded_attempt,sources/v11w2-kimi27sglang-fortran-skills/quasi_affine_reduce_odd/626374.626374.v11w2-kimi27sglang-fortran-skills.n0.p0.w0/candidate_01_submission.txt,9f4b4b324b3f2e01a89a78b2a5a0a29f27d14445a4ce0a2981d714a181555c7f
v11w2-kimi27sglang-fortran-skills,numba,fortran,quasi_affine_reduce_odd,626374,626374,v11w2-kimi27sglang-fortran-skills.n0.p0.w0,2,9.106363,185416311.000000,19616101.000000,0.000000,graded_attempt,sources/v11w2-kimi27sglang-fortran-skills/quasi_affine_reduce_odd/626374.626374.v11w2-kimi27sglang-fortran-skills.n0.p0.w0/candidate_02_submission.txt,d979c5bf6c127289d95adc8fbddc5b05e90fd2e1648c8507ebef262a30d5e946
v11w2-qwen38-c-skills,numba,c,quasi_affine_reduce_odd,626366,626366,v11w2-qwen38-c-skills.n0.p1.w1,1,10.363891,183813084.000000,17533457.000000,0.000000,graded_attempt,sources/v11w2-qwen38-c-skills/quasi_affine_reduce_odd/626366.626366.v11w2-qwen38-c-skills.n0.p1.w1/candidate_01_submission.txt,163122f8e1e13ac695e66aba6fa3cbb242a97e2d3ed4c381d818e62db75d5a87
v11w2-qwen38-c-skills,numba,c,quasi_affine_reduce_odd,626366,626366,v11w2-qwen38-c-skills.n0.p1.w1,2,10.363891,183813084.000000,17515668.000000,0.000000,graded_attempt,sources/v11w2-qwen38-c-skills/quasi_affine_reduce_odd/626366.626366.v11w2-qwen38-c-skills.n0.p1.w1/candidate_01_submission.txt,163122f8e1e13ac695e66aba6fa3cbb242a97e2d3ed4c381d818e62db75d5a87
gpuv2-llr40-qwen38-omp-skills,numba,c,scan_affine_decay,627078,627078,gpuv2-llr40-qwen38-omp-skills.n0.p8.w8,1,7.613078,243663358.000000,30361790.000000,0.000000,graded_attempt,sources/gpuv2-llr40-qwen38-omp-skills/scan_affine_decay/627078.627078.gpuv2-llr40-qwen38-omp-skills.n0.p8.w8/candidate_01_submission.txt,32548433e303bf76c88850664426aa8ed0e35de9d7cdadd1bac3f9a0b5734fab
gpuv4-llr40-oss120b-pytriton,numba,python,scan_affine_decay,627175,627175,gpuv4-llr40-oss120b-pytriton.n0.p8.w8,1,1.474123,243499964.000000,162736294.000000,0.000000,graded_attempt,sources/gpuv4-llr40-oss120b-pytriton/scan_affine_decay/627175.627175.gpuv4-llr40-oss120b-pytriton.n0.p8.w8/candidate_01_submission.txt,18fafac0e311cb16f302f7d506ad2144b5f191fd0c5c4d88d15fcb8adb8877a9
gpuv4-llr40-oss120b-pytriton-skills,numba,python,scan_affine_decay,627176,627176,gpuv4-llr40-oss120b-pytriton-skills.n0.p8.w8,1,1.474123,244352620.000000,163788286.000000,0.000000,graded_attempt,sources/gpuv4-llr40-oss120b-pytriton-skills/scan_affine_decay/627176.627176.gpuv4-llr40-oss120b-pytriton-skills.n0.p8.w8/candidate_01_submission.txt,c087ed151e01b907a071e15465801ec4fa3f7cffe050e5b19e985c779e3db3ca
gpuv4-llr40-qwen38-pytriton,numba,python,scan_affine_decay,626557,626557,gpuv4-llr40-qwen38-pytriton.n0.p8.w8,1,6.557520,244918414.000000,34421458.000000,0.000000,graded_attempt,sources/gpuv4-llr40-qwen38-pytriton/scan_affine_decay/626557.626557.gpuv4-llr40-qwen38-pytriton.n0.p8.w8/candidate_01_submission.txt,4a3f2dab88c762c4fa6449d30e928b3d107a77d723d9b193c9c65e6bda8ada30
gpuv4-llr40-qwen38-pytriton-skills,numba,python,scan_affine_decay,626651,626651,gpuv4-llr40-qwen38-pytriton-skills.n0.p8.w8,1,7.689208,243036399.000000,29570306.000000,0.000000,graded_attempt,sources/gpuv4-llr40-qwen38-pytriton-skills/scan_affine_decay/626651.626651.gpuv4-llr40-qwen38-pytriton-skills.n0.p8.w8/candidate_01_submission.txt,cc847480ce4fdcf570099db40e0d319a299848cb44eb4b1afb0b3a14fedd69e0
gpuv4-llr40-qwen38-pytriton-skills,numba,python,scan_affine_decay,627020,627020,gpuv4-llr40-qwen38-pytriton-skills.n0.p8.w8,1,6.492594,243251531.000000,33638167.000000,0.000000,graded_attempt,sources/gpuv4-llr40-qwen38-pytriton-skills/scan_affine_decay/627020.627020.gpuv4-llr40-qwen38-pytriton-skills.n0.p8.w8/candidate_01_submission.txt,de7c7b02a8a946a28d5626ab260763f27343c1302a94a09f66a0a4acf21fbc48
llr40v10-kimi27sglang-c,c,c,scan_affine_decay,621017,621017,llr40v10-kimi27sglang-c.n0.p8.w8,1,4.913826,162698126.000000,31667993.000000,0.000000,graded_attempt,sources/llr40v10-kimi27sglang-c/scan_affine_decay/621017.621017.llr40v10-kimi27sglang-c.n0.p8.w8/candidate_01_submission.txt,be6623dca15163dee6a27e55a65bbffa8ef2ea227e49caec527a2afec76b680c
llr40v10-oss120b-c,c,c,scan_affine_decay,621382,621382,llr40v10-oss120b-c.n0.p8.w8,1,1.000000,163591783.000000,162468436.000000,0.000000,graded_attempt,sources/llr40v10-oss120b-c/scan_affine_decay/621382.621382.llr40v10-oss120b-c.n0.p8.w8/candidate_01_submission.txt,ddf32c5fdb55742c7c0bb78b23d78a7238fbf1b0695570eb9baa0123d5e253ff
llr40v10-oss120b-fortran,c,fortran,scan_affine_decay,621384,621384,llr40v10-oss120b-fortran.n0.p8.w8,1,5.012594,162503097.000000,30471880.000000,0.000000,graded_attempt,sources/llr40v10-oss120b-fortran/scan_affine_decay/621384.621384.llr40v10-oss120b-fortran.n0.p8.w8/candidate_01_submission.txt,07e659ccde227b7af60c154065ce46525f4ba56d80cafe9323cf6e4c124580c5
llr40v10-qwen38-c,numba,c,scan_affine_decay,621727,621727,llr40v10-qwen38-c.n0.p8.w8,2,8.243872,243854201.000000,27800394.000000,0.000000,graded_attempt,sources/llr40v10-qwen38-c/scan_affine_decay/621727.621727.llr40v10-qwen38-c.n0.p8.w8/candidate_02_submission.txt,7764c69a6bf0b57246b043ab8d80803fbd068467d5a7c4a0d966e56b82d45da3
llr40v10-qwen38-c,numba,c,scan_affine_decay,622265,622265,llr40v10-qwen38-c.n0.p8.w8,1,8.001421,243383754.000000,29796450.000000,0.000000,graded_attempt,sources/llr40v10-qwen38-c/scan_affine_decay/622265.622265.llr40v10-qwen38-c.n0.p8.w8/candidate_01_submission.txt,5f5b00d5b96d0b5dc98014eaa97b3f0c2c5c8ed4d2607aacc31aed145193eef7
llr40v10-qwen38-c,numba,c,scan_affine_decay,621727,621727,llr40v10-qwen38-c.n0.p8.w8,1,7.389178,243854201.000000,30888665.000000,0.000000,graded_attempt,sources/llr40v10-qwen38-c/scan_affine_decay/621727.621727.llr40v10-qwen38-c.n0.p8.w8/candidate_01_submission.txt,2d48dcdc13032613951f4cbd9c8345062b75104ad1322a2b1f3c374f81556f6e
llr40v10-qwen38-c,c,c,scan_affine_decay,621383,621383,llr40v10-qwen38-c.n0.p8.w8,1,1.000000,162700928.000000,162678409.000000,0.000000,graded_attempt,sources/llr40v10-qwen38-c/scan_affine_decay/621383.621383.llr40v10-qwen38-c.n0.p8.w8/candidate_01_submission.txt,b88bc26453d91304cd1826a3fe2d271b1f6b0959467807ffedc01474caac5801
llr40v11-oss120b-c-skills,numba,c,scan_affine_decay,625535,625535,llr40v11-oss120b-c-skills.n0.p8.w8,1,1.533978,249673472.000000,162275024.000000,0.000000,graded_attempt,sources/llr40v11-oss120b-c-skills/scan_affine_decay/625535.625535.llr40v11-oss120b-c-skills.n0.p8.w8/candidate_01_submission.txt,da1b918cfa2e68c4eaaae9c45e1bba39d61470a1efb7592ddd07bcd3488fb43c
llr40v11-qwen38-c,numba,c,scan_affine_decay,625532,625532,llr40v11-qwen38-c.n0.p8.w8,2,10.572205,243775355.000000,21773769.000000,0.000000,graded_attempt,sources/llr40v11-qwen38-c/scan_affine_decay/625532.625532.llr40v11-qwen38-c.n0.p8.w8/candidate_02_submission.txt,9f91d08c9d29c678cf41cce968809f25e7c28137ab1b9de8f566aa8f08f7c98b
llr40v11-qwen38-c,numba,c,scan_affine_decay,625532,625532,llr40v11-qwen38-c.n0.p8.w8,1,7.537701,243775355.000000,30479308.000000,0.000000,graded_attempt,sources/llr40v11-qwen38-c/scan_affine_decay/625532.625532.llr40v11-qwen38-c.n0.p8.w8/candidate_01_submission.txt,6dacf92a5069c84913cb461f3d92cbe24253966525c04a5b1b93079d97c087ca
llr40v11-qwen38-c-skills,numba,c,scan_affine_decay,625536,625536,llr40v11-qwen38-c-skills.n0.p8.w8,1,7.463070,243281317.000000,30027004.000000,0.000000,graded_attempt,sources/llr40v11-qwen38-c-skills/scan_affine_decay/625536.625536.llr40v11-qwen38-c-skills.n0.p8.w8/candidate_01_submission.txt,7e1fb43d29154084ebebbe84cdefc2a9b83892a2c5313841b0329a0b082fd520
llr40v11-qwen38-fortran,numba,fortran,scan_affine_decay,625540,625540,llr40v11-qwen38-fortran.n0.p8.w8,1,7.689208,248801163.000000,31066270.000000,0.000000,graded_attempt,sources/llr40v11-qwen38-fortran/scan_affine_decay/625540.625540.llr40v11-qwen38-fortran.n0.p8.w8/candidate_01_submission.txt,4ed4fbf1b48d971db8db991590b182afab59f2717d5746d3c12d5587784b380a
llr40v11-qwen38-fortran-skills,numba,fortran,scan_affine_decay,625544,625544,llr40v11-qwen38-fortran-skills.n0.p8.w8,1,5.537023,243410381.000000,42931526.000000,0.000000,graded_attempt,sources/llr40v11-qwen38-fortran-skills/scan_affine_decay/625544.625544.llr40v11-qwen38-fortran-skills.n0.p8.w8/candidate_01_submission.txt,75744826451f8fe8f6ccabe65ed1ff7a4ecb2ba459dd01e8d6131750a082c97e
llr40v9-kimi27sglang-c,c,c,scan_affine_decay,618223,618223,llr40v9-kimi27sglang-c.n0.p2.w2,6,6.557520,162415655.000000,23322256.000000,0.000000,graded_attempt,sources/llr40v9-kimi27sglang-c/scan_affine_decay/618223.618223.llr40v9-kimi27sglang-c.n0.p2.w2/candidate_06_submission.txt,0ab95260daee4ba9f859df4f836241f1ad7ba8887fef2121be581dc66ca2d62a
llr40v9-kimi27sglang-c,c,c,scan_affine_decay,618223,618223,llr40v9-kimi27sglang-c.n0.p2.w2,5,6.428311,162401159.000000,23793560.000000,0.000000,graded_attempt,sources/llr40v9-kimi27sglang-c/scan_affine_decay/618223.618223.llr40v9-kimi27sglang-c.n0.p2.w2/candidate_05_submission.txt,ff43046cb61b5f4e40787fa5730748f152a548ce905bbc8b52e6dadee3284690
llr40v9-kimi27sglang-c,c,c,scan_affine_decay,618223,618223,llr40v9-kimi27sglang-c.n0.p2.w2,3,6.116318,162447724.000000,25110859.000000,0.000000,graded_attempt,sources/llr40v9-kimi27sglang-c/scan_affine_decay/618223.618223.llr40v9-kimi27sglang-c.n0.p2.w2/candidate_03_submission.txt,ca0498d771df2b5687cffc90ce2708ed0390f6e3450341cfc955ffa5ccbfbe96
llr40v9-kimi27sglang-c,c,c,scan_affine_decay,618223,618223,llr40v9-kimi27sglang-c.n0.p2.w2,2,5.995802,162376407.000000,25285925.000000,0.000000,graded_attempt,sources/llr40v9-kimi27sglang-c/scan_affine_decay/618223.618223.llr40v9-kimi27sglang-c.n0.p2.w2/candidate_02_submission.txt,648b591b53acabac055bdb0decceb79ef07caaacffc0a026024816d1827e4386
llr40v9-kimi27sglang-c,c,c,scan_affine_decay,618223,618223,llr40v9-kimi27sglang-c.n0.p2.w2,4,5.995802,162441546.000000,25010131.000000,0.000000,graded_attempt,sources/llr40v9-kimi27sglang-c/scan_affine_decay/618223.618223.llr40v9-kimi27sglang-c.n0.p2.w2/candidate_04_submission.txt,ae5edde2a05ec4f58e4d761268f4310ea59bcf35e301302006ee2e7d5a8dea6a
llr40v9-kimi27sglang-c,c,c,scan_affine_decay,619185,619185,llr40v9-kimi27sglang-c.n0.p2.w2,2,5.482201,163101789.000000,28898423.000000,0.000000,graded_attempt,sources/llr40v9-kimi27sglang-c/scan_affine_decay/619185.619185.llr40v9-kimi27sglang-c.n0.p2.w2/candidate_02_submission.txt,7fc166e3e8dd0143c1018b5b9f756599440ee958ff76fbe53d2a718d47231a95
llr40v9-kimi27sglang-c,c,c,scan_affine_decay,618223,618223,llr40v9-kimi27sglang-c.n0.p2.w2,1,5.012594,162366307.000000,30553852.000000,0.000000,graded_attempt,sources/llr40v9-kimi27sglang-c/scan_affine_decay/618223.618223.llr40v9-kimi27sglang-c.n0.p2.w2/candidate_01_submission.txt,77a404758326bb96a45aec0218630c06be99846ec312e07b1129b386f2a7c7c8
llr40v9-kimi27sglang-c,c,c,scan_affine_decay,619185,619185,llr40v9-kimi27sglang-c.n0.p2.w2,1,4.962965,162579405.000000,30739725.000000,0.000000,graded_attempt,sources/llr40v9-kimi27sglang-c/scan_affine_decay/619185.619185.llr40v9-kimi27sglang-c.n0.p2.w2/candidate_01_submission.txt,84816525a39c84a1312fec4871082ab30dfa991f0f284fd9ba5489c5e925943d
llr40v9-kimi27sglang-c-skills,c,c,scan_affine_decay,618232,618232,llr40v9-kimi27sglang-c-skills.n0.p2.w2,3,5.113347,163721487.000000,30356575.000000,0.000000,graded_attempt,sources/llr40v9-kimi27sglang-c-skills/scan_affine_decay/618232.618232.llr40v9-kimi27sglang-c-skills.n0.p2.w2/candidate_03_submission.txt,582e339328d185ed67304c91f1e10707108af867661de9693a37816b28568a71
llr40v9-kimi27sglang-c-skills,c,c,scan_affine_decay,618232,618232,llr40v9-kimi27sglang-c-skills.n0.p2.w2,4,5.062720,163331076.000000,30445755.000000,0.000000,graded_attempt,sources/llr40v9-kimi27sglang-c-skills/scan_affine_decay/618232.618232.llr40v9-kimi27sglang-c-skills.n0.p2.w2/candidate_04_submission.txt,9269657191f7ef6dfb9efc69f633f045fa0ea4f48a8002a8271ddc1603d48114
llr40v9-kimi27sglang-c-skills,c,c,scan_affine_decay,618232,618232,llr40v9-kimi27sglang-c-skills.n0.p2.w2,2,4.962965,162674412.000000,30553516.000000,0.000000,graded_attempt,sources/llr40v9-kimi27sglang-c-skills/scan_affine_decay/618232.618232.llr40v9-kimi27sglang-c-skills.n0.p2.w2/candidate_02_submission.txt,e368cd5ab41eaec88813f9e4be933127b470950611c487b7198e72eb40c39b47
llr40v9-kimi27sglang-c-skills,c,c,scan_affine_decay,618232,618232,llr40v9-kimi27sglang-c-skills.n0.p2.w2,1,4.913826,164049359.000000,31213031.000000,0.000000,graded_attempt,sources/llr40v9-kimi27sglang-c-skills/scan_affine_decay/618232.618232.llr40v9-kimi27sglang-c-skills.n0.p2.w2/candidate_01_submission.txt,d80d94b7b2bff2eb4de28a46803f565b706161408b931b61d87063201608f9c8
llr40v9-kimi27sglang-fortran,c,fortran,scan_affine_decay,619186,619186,llr40v9-kimi27sglang-fortran.n0.p2.w2,3,5.374180,163682266.000000,29937578.000000,0.000000,graded_attempt,sources/llr40v9-kimi27sglang-fortran/scan_affine_decay/619186.619186.llr40v9-kimi27sglang-fortran.n0.p2.w2/candidate_03_submission.txt,33426b6598d905d97fda373f35bda701be7206e67b4376400bae7492a3c39cce
llr40v9-kimi27sglang-fortran,c,fortran,scan_affine_decay,619186,619186,llr40v9-kimi27sglang-fortran.n0.p2.w2,1,5.320970,163357369.000000,30020755.000000,0.000000,graded_attempt,sources/llr40v9-kimi27sglang-fortran/scan_affine_decay/619186.619186.llr40v9-kimi27sglang-fortran.n0.p2.w2/candidate_01_submission.txt,33b4c3cdae694ec90f057405c68da6a4f1230a2014b6a54f1830616ff63f8c5e
llr40v9-kimi27sglang-fortran,c,fortran,scan_affine_decay,619186,619186,llr40v9-kimi27sglang-fortran.n0.p2.w2,2,5.320970,163045289.000000,30073717.000000,0.000000,graded_attempt,sources/llr40v9-kimi27sglang-fortran/scan_affine_decay/619186.619186.llr40v9-kimi27sglang-fortran.n0.p2.w2/candidate_02_submission.txt,f8c2e1f71f4b1e50d6fda1cda1fe789d4985911455a0129c5a7c292f6b2bcf06
llr40v9-kimi27sglang-fortran,c,fortran,scan_affine_decay,619186,619186,llr40v9-kimi27sglang-fortran.n0.p2.w2,4,5.320970,162721476.000000,29923868.000000,0.000000,graded_attempt,sources/llr40v9-kimi27sglang-fortran/scan_affine_decay/619186.619186.llr40v9-kimi27sglang-fortran.n0.p2.w2/candidate_03_submission.txt,33426b6598d905d97fda373f35bda701be7206e67b4376400bae7492a3c39cce
llr40v9-kimi27sglang-fortran,c,fortran,scan_affine_decay,618225,618225,llr40v9-kimi27sglang-fortran.n0.p2.w2,2,5.012594,162374861.000000,30536280.000000,0.000000,graded_attempt,sources/llr40v9-kimi27sglang-fortran/scan_affine_decay/618225.618225.llr40v9-kimi27sglang-fortran.n0.p2.w2/candidate_02_submission.txt,f26eaf3074ee940a7f96530cfbfa266865d099629620eb7d2ceccc3ef731a68d
llr40v9-kimi27sglang-fortran,c,fortran,scan_affine_decay,618225,618225,llr40v9-kimi27sglang-fortran.n0.p2.w2,3,4.962965,162692403.000000,30002955.000000,0.000000,graded_attempt,sources/llr40v9-kimi27sglang-fortran/scan_affine_decay/618225.618225.llr40v9-kimi27sglang-fortran.n0.p2.w2/candidate_03_submission.txt,c10dc1ce96b3fd892aacb3b0276f5040869b37c2166136245a68c13075c247f7
llr40v9-kimi27sglang-fortran,c,fortran,scan_affine_decay,618225,618225,llr40v9-kimi27sglang-fortran.n0.p2.w2,1,1.000000,162815515.000000,162143754.000000,0.000000,graded_attempt,sources/llr40v9-kimi27sglang-fortran/scan_affine_decay/618225.618225.llr40v9-kimi27sglang-fortran.n0.p2.w2/candidate_01_submission.txt,9b45c32b1f559165bf9246282131bd32c4ca7c2fd2562359f03c2548bfd200c3
llr40v9-kimi27sglang-fortran-skills,c,fortran,scan_affine_decay,618234,618234,llr40v9-kimi27sglang-fortran-skills.n0.p2.w2,2,5.537023,162593972.000000,29116607.000000,0.000000,graded_attempt,sources/llr40v9-kimi27sglang-fortran-skills/scan_affine_decay/618234.618234.llr40v9-kimi27sglang-fortran-skills.n0.p2.w2/candidate_02_submission.txt,9bdf9b29d8c34cd8e7104a523efe134e9fd849eeeabebe94afdb5778b97aecb1
llr40v9-kimi27sglang-fortran-skills,c,fortran,scan_affine_decay,618234,618234,llr40v9-kimi27sglang-fortran-skills.n0.p2.w2,3,5.537023,162953346.000000,29054325.000000,0.000000,graded_attempt,sources/llr40v9-kimi27sglang-fortran-skills/scan_affine_decay/618234.618234.llr40v9-kimi27sglang-fortran-skills.n0.p2.w2/candidate_03_submission.txt,1aa101fcfe88f73cd7c1f7cb1178398d46b15f2320ab9f0c4c81eef2f98a936f
llr40v9-kimi27sglang-fortran-skills,c,fortran,scan_affine_decay,618234,618234,llr40v9-kimi27sglang-fortran-skills.n0.p2.w2,4,5.537023,162940564.000000,29134775.000000,0.000000,graded_attempt,sources/llr40v9-kimi27sglang-fortran-skills/scan_affine_decay/618234.618234.llr40v9-kimi27sglang-fortran-skills.n0.p2.w2/candidate_04_submission.txt,01685fdd7259e760ff176e0fccc0d4d96d5e9be1a105978e1501fc44749958ad
llr40v9-kimi27sglang-fortran-skills,c,fortran,scan_affine_decay,618234,618234,llr40v9-kimi27sglang-fortran-skills.n0.p2.w2,5,5.537023,162196455.000000,28929084.000000,0.000000,graded_attempt,sources/llr40v9-kimi27sglang-fortran-skills/scan_affine_decay/618234.618234.llr40v9-kimi27sglang-fortran-skills.n0.p2.w2/candidate_05_submission.txt,3a5f62bbad02b0759cbd1f8ae9c135864f69009937fe8b6d661922ab8b262238
llr40v9-kimi27sglang-fortran-skills,c,fortran,scan_affine_decay,618234,618234,llr40v9-kimi27sglang-fortran-skills.n0.p2.w2,6,5.537023,162426021.000000,28993714.000000,0.000000,graded_attempt,sources/llr40v9-kimi27sglang-fortran-skills/scan_affine_decay/618234.618234.llr40v9-kimi27sglang-fortran-skills.n0.p2.w2/candidate_06_submission.txt,315df390420b8dd78782d3c94cab1179ee0abe79e675ad71dedd75d03b66ce57
llr40v9-kimi27sglang-fortran-skills,c,fortran,scan_affine_decay,618234,618234,llr40v9-kimi27sglang-fortran-skills.n0.p2.w2,1,5.374180,164001105.000000,29831612.000000,0.000000,graded_attempt,sources/llr40v9-kimi27sglang-fortran-skills/scan_affine_decay/618234.618234.llr40v9-kimi27sglang-fortran-skills.n0.p2.w2/candidate_01_submission.txt,0aa9f5647c4a3a984433af607bb6986d71b30e0aed8c5fd920ba8706c6b9229d
llr40v9-oss120b-c,c,c,scan_affine_decay,618220,618220,llr40v9-oss120b-c.n0.p2.w2,1,5.592393,162884854.000000,28951532.000000,0.000000,graded_attempt,sources/llr40v9-oss120b-c/scan_affine_decay/618220.618220.llr40v9-oss120b-c.n0.p2.w2/candidate_01_submission.txt,cdf84fd290e552e73dbd79debe5e5c0817c06b4c9c04afcc015532f59e730b7d
llr40v9-oss120b-cpp,c,cpp,scan_affine_decay,618221,618221,llr40v9-oss120b-cpp.n0.p2.w2,1,5.012594,162530952.000000,30249272.000000,0.000000,graded_attempt,sources/llr40v9-oss120b-cpp/scan_affine_decay/618221.618221.llr40v9-oss120b-cpp.n0.p2.w2/candidate_01_submission.txt,9c8943f9f596201a9decbc4283d3e30e625dc26921948ee351cdf4abe447d16e
llr40v9-oss120b-fortran,c,fortran,scan_affine_decay,618222,618222,llr40v9-oss120b-fortran.n0.p2.w2,1,1.000000,163671306.000000,164157064.000000,0.000000,graded_attempt,sources/llr40v9-oss120b-fortran/scan_affine_decay/618222.618222.llr40v9-oss120b-fortran.n0.p2.w2/candidate_01_submission.txt,bba6736f15d1dbf5c054ff91f562643261543f5bd5af560c42bbf9b4397b9c8d
llr40v9-qwen38-c,c,c,scan_affine_decay,618217,618217,llr40v9-qwen38-c.n0.p2.w2,3,6.557520,162581878.000000,24361610.000000,0.000000,graded_attempt,sources/llr40v9-qwen38-c/scan_affine_decay/618217.618217.llr40v9-qwen38-c.n0.p2.w2/candidate_03_submission.txt,61a18539f2bd2bc8c1319151e517572a489b2f37c7b62f099d2c610a7f89bd2a
llr40v9-qwen38-c,c,c,scan_affine_decay,618217,618217,llr40v9-qwen38-c.n0.p2.w2,2,6.428311,162474366.000000,24617734.000000,0.000000,graded_attempt,sources/llr40v9-qwen38-c/scan_affine_decay/618217.618217.llr40v9-qwen38-c.n0.p2.w2/candidate_02_submission.txt,c5e8d2198f342c5d43e908b14f7b11b7ad364f1a7a3ab45eaa4871983f1630ca
llr40v9-qwen38-c,c,c,scan_affine_decay,618217,618217,llr40v9-qwen38-c.n0.p2.w2,1,5.427921,162464475.000000,29468917.000000,0.000000,graded_attempt,sources/llr40v9-qwen38-c/scan_affine_decay/618217.618217.llr40v9-qwen38-c.n0.p2.w2/candidate_01_submission.txt,7cc0712b01f886d04ad8cbfdc9124242cf2ef2480c6a929820af674b6cba8ed2
llr40v9-qwen38-c,c,c,scan_affine_decay,619183,619183,llr40v9-qwen38-c.n0.p2.w2,2,5.012594,162565019.000000,29936366.000000,0.000000,graded_attempt,sources/llr40v9-qwen38-c/scan_affine_decay/619183.619183.llr40v9-qwen38-c.n0.p2.w2/candidate_01_submission.txt,cc0880da8820f07474f913d13275656a8cdb7c19ea1cb06b2d7f8abe55d58b3f
llr40v9-qwen38-c,c,c,scan_affine_decay,619183,619183,llr40v9-qwen38-c.n0.p2.w2,1,4.962965,163084282.000000,30310399.000000,0.000000,graded_attempt,sources/llr40v9-qwen38-c/scan_affine_decay/619183.619183.llr40v9-qwen38-c.n0.p2.w2/candidate_01_submission.txt,cc0880da8820f07474f913d13275656a8cdb7c19ea1cb06b2d7f8abe55d58b3f
llr40v9-qwen38-fortran,c,fortran,scan_affine_decay,618219,618219,llr40v9-qwen38-fortran.n0.p2.w2,1,5.012594,162315448.000000,30886124.000000,0.000000,graded_attempt,sources/llr40v9-qwen38-fortran/scan_affine_decay/618219.618219.llr40v9-qwen38-fortran.n0.p2.w2/candidate_01_submission.txt,4e25ff317c2d7ad6c015e5a4d94b8afa96ff79e949e56576003aa6e97604f8f2
llr40v9-qwen38-fortran,c,fortran,scan_affine_decay,619184,619184,llr40v9-qwen38-fortran.n0.p2.w2,1,1.000000,163970839.000000,163989492.000000,0.000000,graded_attempt,sources/llr40v9-qwen38-fortran/scan_affine_decay/619184.619184.llr40v9-qwen38-fortran.n0.p2.w2/candidate_01_submission.txt,a146b1d746c3a25e70aa11de548778134d918c72c0d62bbccdbd6fb68a0a83a2
llr40v9-qwen38-fortran-skills,c,fortran,scan_affine_decay,618228,618228,llr40v9-qwen38-fortran-skills.n0.p2.w2,3,9.016201,162368126.000000,17471876.000000,0.000000,graded_attempt,sources/llr40v9-qwen38-fortran-skills/scan_affine_decay/618228.618228.llr40v9-qwen38-fortran-skills.n0.p2.w2/candidate_03_submission.txt,ba7184b3230daf701f69953c338bdfded9221a8e0c8babcb7a12abd409c31d12
llr40v9-qwen38-fortran-skills,c,fortran,scan_affine_decay,618228,618228,llr40v9-qwen38-fortran-skills.n0.p2.w2,2,5.012594,162196155.000000,30612165.000000,0.000000,graded_attempt,sources/llr40v9-qwen38-fortran-skills/scan_affine_decay/618228.618228.llr40v9-qwen38-fortran-skills.n0.p2.w2/candidate_02_submission.txt,79ceadfe9d79621dd44648501c467ae5e93d7da78d23c642bc44f7abc1fd5a94
llr40v9-qwen38-fortran-skills,c,fortran,scan_affine_decay,618228,618228,llr40v9-qwen38-fortran-skills.n0.p2.w2,1,1.000000,162252055.000000,162629957.000000,0.000000,graded_attempt,sources/llr40v9-qwen38-fortran-skills/scan_affine_decay/618228.618228.llr40v9-qwen38-fortran-skills.n0.p2.w2/candidate_01_submission.txt,7ee2fa7621d463e6999c753c4b8fc9da48d404927e7c1eb0129baa5c8565690b
v11w2-kimi27sglang-c,numba,c,scan_affine_decay,627009,627009,v11w2-kimi27sglang-c.n0.p1.w1,1,1.967222,244069498.000000,122849862.000000,0.000000,graded_attempt,sources/v11w2-kimi27sglang-c/scan_affine_decay/627009.627009.v11w2-kimi27sglang-c.n0.p1.w1/candidate_01_submission.txt,6d30912746afea705ac0bd409746bec335045ae51efff449e07a566d63336a29
v11w2-kimi27sglang-c-skills,numba,c,scan_affine_decay,626368,626368,v11w2-kimi27sglang-c-skills.n0.p3.w3,1,1.488864,244260638.000000,163763099.000000,0.000000,graded_attempt,sources/v11w2-kimi27sglang-c-skills/scan_affine_decay/626368.626368.v11w2-kimi27sglang-c-skills.n0.p3.w3/candidate_01_submission.txt,207661105ed0e47dfccec62a3f58e643a8fc2bb089368d07331a263b43175739
v11w2-kimi27sglang-fortran,numba,fortran,scan_affine_decay,626373,626373,v11w2-kimi27sglang-fortran.n0.p1.w1,1,7.316018,243689573.000000,30715702.000000,0.000000,graded_attempt,sources/v11w2-kimi27sglang-fortran/scan_affine_decay/626373.626373.v11w2-kimi27sglang-fortran.n0.p1.w1/candidate_01_submission.txt,958abbccd6e3c45cabad012095049c09fea63cca18df1a4cb407b7da188a64fc
v11w2-kimi27sglang-fortran-skills,numba,fortran,scan_affine_decay,626374,626374,v11w2-kimi27sglang-fortran-skills.n0.p1.w1,1,6.239256,244529571.000000,37111426.000000,0.000000,graded_attempt,sources/v11w2-kimi27sglang-fortran-skills/scan_affine_decay/626374.626374.v11w2-kimi27sglang-fortran-skills.n0.p1.w1/candidate_01_submission.txt,5dd08a23504e8fe2197e31484c9fe18fd9a6b12468f77fcfcea7ca696314b16a
v11w2-oss120b-c,numba,c,scan_affine_decay,627366,627366,v11w2-oss120b-c.n0.p1.w1,1,4.492907,242421322.000000,51753848.000000,0.000000,,,
v11w2-oss120b-c,numba,c,scan_affine_decay,627366,627366,v11w2-oss120b-c.n0.p1.w1,2,4.492907,242421322.000000,52029639.000000,0.000000,,,
v11w2-oss120b-fortran,numba,fortran,scan_affine_decay,627372,627372,v11w2-oss120b-fortran.n0.p2.w2,1,1.488864,242646038.000000,162584691.000000,0.000000,,,
v11w2-oss120b-fortran,numba,fortran,scan_affine_decay,627372,627372,v11w2-oss120b-fortran.n0.p2.w2,2,1.488864,242646038.000000,162506120.000000,0.000000,,,
gpuv2-llr40-oss120b-hip,numba,hip,scatter_accum_dup,627167,627167,gpuv2-llr40-oss120b-hip.n0.p9.w9,1,228.807410,804172705.000000,3474966.000000,0.000000,graded_attempt,sources/gpuv2-llr40-oss120b-hip/scatter_accum_dup/627167.627167.gpuv2-llr40-oss120b-hip.n0.p9.w9/candidate_01_submission.txt,6ff99a6013701bf23c839112e5ebfba08886595cbbf4daeb38fde3e3a2f00ab6
gpuv2-llr40-qwen38-hip,numba,hip,scatter_accum_dup,626645,626645,gpuv2-llr40-qwen38-hip.n0.p9.w9,1,228.807410,798984932.000000,3415030.000000,0.000000,graded_attempt,sources/gpuv2-llr40-qwen38-hip/scatter_accum_dup/626645.626645.gpuv2-llr40-qwen38-hip.n0.p9.w9/candidate_01_submission.txt,1431663d6204f711934c1b50c1dcc51352fb15a19b28592d44770b8b68602980
gpuv2-llr40-qwen38-hip,numba,hip,scatter_accum_dup,627228,627228,gpuv2-llr40-qwen38-hip.n0.p9.w9,1,213.412802,757370931.000000,3490449.000000,0.000000,graded_attempt,sources/gpuv2-llr40-qwen38-hip/scatter_accum_dup/627228.627228.gpuv2-llr40-qwen38-hip.n0.p9.w9/candidate_01_submission.txt,c3bf2ce1b27393b90009faf9e149a2926e0e5fb56ea60a967c17670de977a99b
gpuv2-llr40-qwen38-hip,numba,hip,scatter_accum_dup,627228,627228,gpuv2-llr40-qwen38-hip.n0.p9.w9,2,213.412802,757370931.000000,3486769.000000,0.000000,graded_attempt,sources/gpuv2-llr40-qwen38-hip/scatter_accum_dup/627228.627228.gpuv2-llr40-qwen38-hip.n0.p9.w9/candidate_02_submission.txt,0bec598fff6f122d7eab9da0deb71debdaf0917c976f9aa91d4a52e2f86561b7
gpuv2-llr40-qwen38-hip-skills,numba,hip,scatter_accum_dup,627018,627018,gpuv2-llr40-qwen38-hip-skills.n0.p9.w9,1,226.541990,802985746.000000,3413180.000000,0.000000,graded_attempt,sources/gpuv2-llr40-qwen38-hip-skills/scatter_accum_dup/627018.627018.gpuv2-llr40-qwen38-hip-skills.n0.p9.w9/candidate_01_submission.txt,125b8b25132a204567dbf59f66ec4cb80cf6d12d08f531ab4953baee919a7f4d
gpuv2-llr40-qwen38-hip-skills,numba,hip,scatter_accum_dup,627229,627229,gpuv2-llr40-qwen38-hip-skills.n0.p9.w9,1,215.546930,799878357.000000,3684974.000000,0.000000,graded_attempt,sources/gpuv2-llr40-qwen38-hip-skills/scatter_accum_dup/627229.627229.gpuv2-llr40-qwen38-hip-skills.n0.p9.w9/candidate_01_submission.txt,2b616fe5aa7a56e7796c264977ccefb3cbd21d159ffde0ab038c14a9fc9caa5a
gpuv4-llr40-oss120b-pytriton,numba,python,scatter_accum_dup,627175,627175,gpuv4-llr40-oss120b-pytriton.n0.p9.w9,1,1.010000,760363926.000000,750128492.000000,0.000000,graded_attempt,sources/gpuv4-llr40-oss120b-pytriton/scatter_accum_dup/627175.627175.gpuv4-llr40-oss120b-pytriton.n0.p9.w9/candidate_01_submission.txt,671c7b55dae339d15ebfe6433b4e00afb7a62339423a715897eb58ab6d39ca43
gpuv4-llr40-oss120b-pytriton-skills,numba,python,scatter_accum_dup,627176,627176,gpuv4-llr40-oss120b-pytriton-skills.n0.p9.w9,1,1.000000,804804028.000000,796480926.000000,0.000000,graded_attempt,sources/gpuv4-llr40-oss120b-pytriton-skills/scatter_accum_dup/627176.627176.gpuv4-llr40-oss120b-pytriton-skills.n0.p9.w9/candidate_01_submission.txt,837250d19b653810e47ad16743b9741f618bb8a370150d8b675a4f8b9b579535
gpuv4-llr40-qwen38-pytriton,numba,python,scatter_accum_dup,627230,627230,gpuv4-llr40-qwen38-pytriton.n0.p9.w9,1,17.215233,755231522.000000,43323805.000000,0.000000,graded_attempt,sources/gpuv4-llr40-qwen38-pytriton/scatter_accum_dup/627230.627230.gpuv4-llr40-qwen38-pytriton.n0.p9.w9/candidate_01_submission.txt,34f059b44094d5ae698c0c4efef2213e7d51dc1f9efcf4cc7c25a080a3a68054
llr40v10-kimi27sglang-c,c,c,scatter_accum_dup,621017,621017,llr40v10-kimi27sglang-c.n0.p9.w9,3,22.973795,958871322.000000,41093182.000000,0.000000,graded_attempt,sources/llr40v10-kimi27sglang-c/scatter_accum_dup/621017.621017.llr40v10-kimi27sglang-c.n0.p9.w9/candidate_03_submission.txt,6bbaaa7607f2b8f977cf110490fb8b033e48be43e5366c0461ed067b77902e6b
llr40v10-kimi27sglang-c,c,c,scatter_accum_dup,621017,621017,llr40v10-kimi27sglang-c.n0.p9.w9,2,15.430422,911500278.000000,58083597.000000,0.000000,graded_attempt,sources/llr40v10-kimi27sglang-c/scatter_accum_dup/621017.621017.llr40v10-kimi27sglang-c.n0.p9.w9/candidate_02_submission.txt,4ee09ebdd23a20b7621c59cd318f4b73213df57aeaff7f5290ef9451c401ffd6
llr40v10-kimi27sglang-c,c,c,scatter_accum_dup,621017,621017,llr40v10-kimi27sglang-c.n0.p9.w9,1,11.111494,944971967.000000,83756868.000000,0.000000,graded_attempt,sources/llr40v10-kimi27sglang-c/scatter_accum_dup/621017.621017.llr40v10-kimi27sglang-c.n0.p9.w9/candidate_01_submission.txt,136f983e0571d7ca831feddd9077841aca5321b7da4d4c0d0aad3b48e6980565
llr40v10-kimi27sglang-c,numba,c,scatter_accum_dup,621729,621729,llr40v10-kimi27sglang-c.n0.p9.w9,1,10.467530,813042349.000000,76230788.000000,0.000000,graded_attempt,sources/llr40v10-kimi27sglang-c/scatter_accum_dup/621729.621729.llr40v10-kimi27sglang-c.n0.p9.w9/candidate_01_submission.txt,734804ff87e5cf5a9f760aa61cb9541da4b2b44782ade2b799a4304d965bc6de
llr40v10-kimi27sglang-c-skills,numba,c,scatter_accum_dup,621025,621025,llr40v10-kimi27sglang-c-skills.n0.p9.w9,1,11.001479,918746537.000000,82409327.000000,0.000000,graded_attempt,sources/llr40v10-kimi27sglang-c-skills/scatter_accum_dup/621025.621025.llr40v10-kimi27sglang-c-skills.n0.p9.w9/candidate_01_submission.txt,d659061cf0fb1ec1a78766ac130fa2995d320d1db88919a26c3fac702554ea42
llr40v10-oss120b-c,c,c,scatter_accum_dup,621015,621015,llr40v10-oss120b-c.n0.p9.w9,1,10.677927,966353502.000000,89474944.000000,0.000000,graded_attempt,sources/llr40v10-oss120b-c/scatter_accum_dup/621015.621015.llr40v10-oss120b-c.n0.p9.w9/candidate_01_submission.txt,6efeae1dcc96261b250528ee008b5ec3a1f08cf0b738adfab7ffc41bc3edb02c
llr40v10-oss120b-c,c,c,scatter_accum_dup,621382,621382,llr40v10-oss120b-c.n0.p9.w9,1,8.409574,785778434.000000,78230183.000000,0.000000,graded_attempt,sources/llr40v10-oss120b-c/scatter_accum_dup/621382.621382.llr40v10-oss120b-c.n0.p9.w9/candidate_01_submission.txt,074ea258ae032b43ad91c05d5e167f2b10e9b580c60fbf7a2c07f7af88717779
llr40v10-oss120b-fortran-skills,numba,fortran,scatter_accum_dup,621027,621027,llr40v10-oss120b-fortran-skills.n0.p9.w9,1,10.059091,805785793.000000,78331424.000000,0.000000,graded_attempt,sources/llr40v10-oss120b-fortran-skills/scatter_accum_dup/621027.621027.llr40v10-oss120b-fortran-skills.n0.p9.w9/candidate_01_submission.txt,b15b781b6cedf36b790a83b5368f3c3f5bd98bedc0d1c204d6aa243b786c595e
llr40v10-qwen38-c,numba,c,scatter_accum_dup,621727,621727,llr40v10-qwen38-c.n0.p9.w9,5,17.736872,759622829.000000,42525183.000000,0.000000,graded_attempt,sources/llr40v10-qwen38-c/scatter_accum_dup/621727.621727.llr40v10-qwen38-c.n0.p9.w9/candidate_05_submission.txt,420c4bdf8babe5c90f4ab9dcacbd4ae1a7c2085eef0037e8b1c6dbb7691a2d68
llr40v10-qwen38-c,numba,c,scatter_accum_dup,621727,621727,llr40v10-qwen38-c.n0.p9.w9,6,17.736872,759622829.000000,41895620.000000,0.000000,graded_attempt,sources/llr40v10-qwen38-c/scatter_accum_dup/621727.621727.llr40v10-qwen38-c.n0.p9.w9/candidate_06_submission.txt,49f098e2c1cde4cdfc1aec4b035f70da99dfcdca3fcfa9139d78a84c4b0ccf94
llr40v10-qwen38-c,numba,c,scatter_accum_dup,621727,621727,llr40v10-qwen38-c.n0.p9.w9,4,17.561259,759622829.000000,42964397.000000,0.000000,graded_attempt,sources/llr40v10-qwen38-c/scatter_accum_dup/621727.621727.llr40v10-qwen38-c.n0.p9.w9/candidate_04_submission.txt,e518a0dc50b1fd60b2b22e8a12bf19f2f5dd385a13581a69624cc4963c78adde
llr40v10-qwen38-c,numba,c,scatter_accum_dup,621727,621727,llr40v10-qwen38-c.n0.p9.w9,2,15.897979,759622829.000000,47133904.000000,0.000000,graded_attempt,sources/llr40v10-qwen38-c/scatter_accum_dup/621727.621727.llr40v10-qwen38-c.n0.p9.w9/candidate_02_submission.txt,c0ec71ddb3f40148d38f3fe92a951edbd613bde773a00c952100695e30be85bc
llr40v10-qwen38-c,numba,c,scatter_accum_dup,621727,621727,llr40v10-qwen38-c.n0.p9.w9,3,15.740573,759622829.000000,46627932.000000,0.000000,graded_attempt,sources/llr40v10-qwen38-c/scatter_accum_dup/621727.621727.llr40v10-qwen38-c.n0.p9.w9/candidate_03_submission.txt,73874afa96d6d8908ce0b4cf79233447a5194d4fc889c12919b5840a10d33e7d
llr40v10-qwen38-c,c,c,scatter_accum_dup,621016,621016,llr40v10-qwen38-c.n0.p9.w9,1,10.159681,791303323.000000,76560605.000000,0.000000,graded_attempt,sources/llr40v10-qwen38-c/scatter_accum_dup/621016.621016.llr40v10-qwen38-c.n0.p9.w9/candidate_01_submission.txt,7e54834f360ac462934d4c9b2a32eb48eec3096e95638fcb0f5a9182939b4d29
llr40v10-qwen38-c,numba,c,scatter_accum_dup,621727,621727,llr40v10-qwen38-c.n0.p9.w9,1,9.666588,759622829.000000,77518096.000000,0.000000,graded_attempt,sources/llr40v10-qwen38-c/scatter_accum_dup/621727.621727.llr40v10-qwen38-c.n0.p9.w9/candidate_01_submission.txt,f41b2bcabbc2f8b0f6d237db0691cac060396dc92c9cba795a6d724fe68b1fe6
llr40v10-qwen38-c,numba,c,scatter_accum_dup,622265,622265,llr40v10-qwen38-c.n0.p9.w9,1,6.623096,760684985.000000,112000065.000000,0.000000,graded_attempt,sources/llr40v10-qwen38-c/scatter_accum_dup/622265.622265.llr40v10-qwen38-c.n0.p9.w9/candidate_01_submission.txt,7cc7e2a4cdff733463c1b835f6aceceb74bb4d09f1898eba7544da1a7ce90f1f
llr40v10-qwen38-fortran,c,fortran,scatter_accum_dup,621385,621385,llr40v10-qwen38-fortran.n0.p9.w9,1,9.959496,792814549.000000,78152762.000000,0.000000,graded_attempt,sources/llr40v10-qwen38-fortran/scatter_accum_dup/621385.621385.llr40v10-qwen38-fortran.n0.p9.w9/candidate_01_submission.txt,8d045b33e3dc2118f816494f27082db2354c1eaaec421eb353dcae52bdd2171c
llr40v11-kimi27sglang-c,numba,c,scatter_accum_dup,625533,625533,llr40v11-kimi27sglang-c.n0.p9.w9,1,9.289401,944968363.000000,85799027.000000,0.000000,graded_attempt,sources/llr40v11-kimi27sglang-c/scatter_accum_dup/625533.625533.llr40v11-kimi27sglang-c.n0.p9.w9/candidate_01_submission.txt,e6144119e1e7e369cf522fa925b1f4c43e0dd92cd72e5302d17ea092bd9242bc
llr40v11-kimi27sglang-fortran,numba,fortran,scatter_accum_dup,625541,625541,llr40v11-kimi27sglang-fortran.n0.p9.w9,2,10.159681,804362814.000000,78217283.000000,0.000000,graded_attempt,sources/llr40v11-kimi27sglang-fortran/scatter_accum_dup/625541.625541.llr40v11-kimi27sglang-fortran.n0.p9.w9/candidate_02_submission.txt,77f57d89cdaff43d6abee3fc0a20d2df0088246f73ffa3d1fa49c62a83135889
llr40v11-kimi27sglang-fortran,numba,fortran,scatter_accum_dup,625541,625541,llr40v11-kimi27sglang-fortran.n0.p9.w9,1,5.592393,804362814.000000,84015412.000000,0.000000,graded_attempt,sources/llr40v11-kimi27sglang-fortran/scatter_accum_dup/625541.625541.llr40v11-kimi27sglang-fortran.n0.p9.w9/candidate_01_submission.txt,d923e72b5a800bd3fdc4fb19ba080402f8169a1ec2be8387363d4e276abd1cee
llr40v11-oss120b-c,numba,c,scatter_accum_dup,625531,625531,llr40v11-oss120b-c.n0.p9.w9,1,9.763254,756945427.000000,76403440.000000,0.000000,graded_attempt,sources/llr40v11-oss120b-c/scatter_accum_dup/625531.625531.llr40v11-oss120b-c.n0.p9.w9/candidate_02_submission.txt,cdce801eea77631190e9bf30933bbe4789375e6b6cb8d36d60755cdb217e2398
llr40v11-qwen38-c,numba,c,scatter_accum_dup,625532,625532,llr40v11-qwen38-c.n0.p9.w9,1,9.289401,762964138.000000,80422285.000000,0.000000,graded_attempt,sources/llr40v11-qwen38-c/scatter_accum_dup/625532.625532.llr40v11-qwen38-c.n0.p9.w9/candidate_01_submission.txt,4e4fe60ee9dbf93211e4f39c30127441bceefe578e246cb35553be71223ccff8
llr40v11-qwen38-c-skills,numba,c,scatter_accum_dup,625536,625536,llr40v11-qwen38-c-skills.n0.p9.w9,1,10.363891,800101028.000000,75921434.000000,0.000000,graded_attempt,sources/llr40v11-qwen38-c-skills/scatter_accum_dup/625536.625536.llr40v11-qwen38-c-skills.n0.p9.w9/candidate_01_submission.txt,c2f7c5f1352a817dfefbba77f649d67a5467358db2a222b42cb6bbcae5dcf3fb
llr40v11-qwen38-fortran-skills,numba,fortran,scatter_accum_dup,625544,625544,llr40v11-qwen38-fortran-skills.n0.p9.w9,1,9.382295,763764267.000000,78224034.000000,0.000000,graded_attempt,sources/llr40v11-qwen38-fortran-skills/scatter_accum_dup/625544.625544.llr40v11-qwen38-fortran-skills.n0.p9.w9/candidate_01_submission.txt,76e4612d7345b17d16d7581c46db53ebeb0a0f1d7b838e4794b36018bb180d9d
llr40v9-kimi27sglang-c,c,c,scatter_accum_dup,618223,618223,llr40v9-kimi27sglang-c.n0.p3.w3,4,19.016327,835033320.000000,43309121.000000,0.000000,graded_attempt,sources/llr40v9-kimi27sglang-c/scatter_accum_dup/618223.618223.llr40v9-kimi27sglang-c.n0.p3.w3/candidate_04_submission.txt,b586d1ec27a718f3093326c8cce231404461c5bf1fdbadb4d4fddd7b95c037c0
llr40v9-kimi27sglang-c,c,c,scatter_accum_dup,618223,618223,llr40v9-kimi27sglang-c.n0.p3.w3,2,18.641630,871774014.000000,45687994.000000,0.000000,graded_attempt,sources/llr40v9-kimi27sglang-c/scatter_accum_dup/618223.618223.llr40v9-kimi27sglang-c.n0.p3.w3/candidate_02_submission.txt,42d1dcb001c5417f2dafc10f49957c70e71b64d53b2044840ecedeb989abc8b3
llr40v9-kimi27sglang-c,c,c,scatter_accum_dup,618223,618223,llr40v9-kimi27sglang-c.n0.p3.w3,3,17.914240,834059590.000000,45743452.000000,0.000000,graded_attempt,sources/llr40v9-kimi27sglang-c/scatter_accum_dup/618223.618223.llr40v9-kimi27sglang-c.n0.p3.w3/candidate_03_submission.txt,7091feef3b9414c1340672c8394551f7e3469d4a9360e5d3348065a7c54a84a7
llr40v9-kimi27sglang-c,c,c,scatter_accum_dup,618223,618223,llr40v9-kimi27sglang-c.n0.p3.w3,1,10.059091,831482395.000000,81295389.000000,0.000000,graded_attempt,sources/llr40v9-kimi27sglang-c/scatter_accum_dup/618223.618223.llr40v9-kimi27sglang-c.n0.p3.w3/candidate_01_submission.txt,d2d3d3054710a43f284489cd8af2f79db16985e1c3c4d5c73ec9b48a6e782f74
llr40v9-kimi27sglang-c-skills,c,c,scatter_accum_dup,618232,618232,llr40v9-kimi27sglang-c-skills.n0.p3.w3,4,19.206490,788358855.000000,40397965.000000,0.000000,graded_attempt,sources/llr40v9-kimi27sglang-c-skills/scatter_accum_dup/618232.618232.llr40v9-kimi27sglang-c-skills.n0.p3.w3/candidate_04_submission.txt,b7623100920ae55ac8fbc2773450c6f91deb480dbe009c943eb920f528085487
llr40v9-kimi27sglang-c-skills,c,c,scatter_accum_dup,618232,618232,llr40v9-kimi27sglang-c-skills.n0.p3.w3,5,18.641630,790230217.000000,41478634.000000,0.000000,graded_attempt,sources/llr40v9-kimi27sglang-c-skills/scatter_accum_dup/618232.618232.llr40v9-kimi27sglang-c-skills.n0.p3.w3/candidate_05_submission.txt,015cc592a899e5fe00f55585fed4132a335aa49d8c3caac840313f79beb4eea1
llr40v9-kimi27sglang-c-skills,c,c,scatter_accum_dup,618232,618232,llr40v9-kimi27sglang-c-skills.n0.p3.w3,3,18.457060,789515866.000000,42082721.000000,0.000000,graded_attempt,sources/llr40v9-kimi27sglang-c-skills/scatter_accum_dup/618232.618232.llr40v9-kimi27sglang-c-skills.n0.p3.w3/candidate_03_submission.txt,bfc8fcb72973354b0275c74dc6c050f225c939f3874fcb07f49e25b44ae80292
llr40v9-kimi27sglang-c-skills,c,c,scatter_accum_dup,618232,618232,llr40v9-kimi27sglang-c-skills.n0.p3.w3,2,18.274317,792978357.000000,42039100.000000,0.000000,graded_attempt,sources/llr40v9-kimi27sglang-c-skills/scatter_accum_dup/618232.618232.llr40v9-kimi27sglang-c-skills.n0.p3.w3/candidate_02_submission.txt,acfd48e0d69872e6b6df64fe98fc60c43250e0259160e528e235d19d0a3dc621
llr40v9-kimi27sglang-c-skills,c,c,scatter_accum_dup,618232,618232,llr40v9-kimi27sglang-c-skills.n0.p3.w3,6,18.274317,757492513.000000,40775648.000000,0.000000,graded_attempt,sources/llr40v9-kimi27sglang-c-skills/scatter_accum_dup/618232.618232.llr40v9-kimi27sglang-c-skills.n0.p3.w3/candidate_04_submission.txt,b7623100920ae55ac8fbc2773450c6f91deb480dbe009c943eb920f528085487
llr40v9-kimi27sglang-c-skills,c,c,scatter_accum_dup,618232,618232,llr40v9-kimi27sglang-c-skills.n0.p3.w3,7,18.274317,756128100.000000,40550546.000000,0.000000,graded_attempt,sources/llr40v9-kimi27sglang-c-skills/scatter_accum_dup/618232.618232.llr40v9-kimi27sglang-c-skills.n0.p3.w3/candidate_07_submission.txt,46f10a40b0ec33077415794ac6570037d22ba9e35c3607f702286c1976cb96ba
llr40v9-kimi27sglang-c-skills,c,c,scatter_accum_dup,618232,618232,llr40v9-kimi27sglang-c-skills.n0.p3.w3,1,10.159681,791209293.000000,76662739.000000,0.000000,graded_attempt,sources/llr40v9-kimi27sglang-c-skills/scatter_accum_dup/618232.618232.llr40v9-kimi27sglang-c-skills.n0.p3.w3/candidate_01_submission.txt,4b1dcb790c0492513fb29e9a907cf409f079031942ee6392fd6de1065ae351fa
llr40v9-kimi27sglang-fortran,c,fortran,scatter_accum_dup,619186,619186,llr40v9-kimi27sglang-fortran.n0.p3.w3,6,11.678292,852756933.000000,71857407.000000,0.000000,graded_attempt,sources/llr40v9-kimi27sglang-fortran/scatter_accum_dup/619186.619186.llr40v9-kimi27sglang-fortran.n0.p3.w3/candidate_06_submission.txt,809630d2dc8cdc015d47d4039208a3910ae84f373383d16f0b241939eb03e603
llr40v9-kimi27sglang-fortran,c,fortran,scatter_accum_dup,619186,619186,llr40v9-kimi27sglang-fortran.n0.p3.w3,4,11.562665,855827040.000000,73369488.000000,0.000000,graded_attempt,sources/llr40v9-kimi27sglang-fortran/scatter_accum_dup/619186.619186.llr40v9-kimi27sglang-fortran.n0.p3.w3/candidate_03_submission.txt,723e3a8034f8ad3559aae8d1319a6ab0f134de6d52070d84efb0d858740101ca
llr40v9-kimi27sglang-fortran,c,fortran,scatter_accum_dup,619186,619186,llr40v9-kimi27sglang-fortran.n0.p3.w3,5,11.562665,855641566.000000,73169916.000000,0.000000,graded_attempt,sources/llr40v9-kimi27sglang-fortran/scatter_accum_dup/619186.619186.llr40v9-kimi27sglang-fortran.n0.p3.w3/candidate_05_submission.txt,92a436ca2de80110567bd160d7560274b73065da73e2647af43a9c8a12702e91
llr40v9-kimi27sglang-fortran,c,fortran,scatter_accum_dup,619186,619186,llr40v9-kimi27sglang-fortran.n0.p3.w3,7,11.222609,826095379.000000,71947809.000000,0.000000,graded_attempt,sources/llr40v9-kimi27sglang-fortran/scatter_accum_dup/619186.619186.llr40v9-kimi27sglang-fortran.n0.p3.w3/candidate_06_submission.txt,809630d2dc8cdc015d47d4039208a3910ae84f373383d16f0b241939eb03e603
llr40v9-kimi27sglang-fortran,c,fortran,scatter_accum_dup,619186,619186,llr40v9-kimi27sglang-fortran.n0.p3.w3,3,11.001479,821241779.000000,73555679.000000,0.000000,graded_attempt,sources/llr40v9-kimi27sglang-fortran/scatter_accum_dup/619186.619186.llr40v9-kimi27sglang-fortran.n0.p3.w3/candidate_03_submission.txt,723e3a8034f8ad3559aae8d1319a6ab0f134de6d52070d84efb0d858740101ca
llr40v9-kimi27sglang-fortran,c,fortran,scatter_accum_dup,618225,618225,llr40v9-kimi27sglang-fortran.n0.p3.w3,2,10.572205,749492765.000000,69807760.000000,0.000000,graded_attempt,sources/llr40v9-kimi27sglang-fortran/scatter_accum_dup/618225.618225.llr40v9-kimi27sglang-fortran.n0.p3.w3/candidate_02_submission.txt,c9318c800aaa7557e7ce18a060799d2a1966f68fb34d53b4510e93e54880828a
llr40v9-kimi27sglang-fortran,c,fortran,scatter_accum_dup,619186,619186,llr40v9-kimi27sglang-fortran.n0.p3.w3,1,10.467530,864284259.000000,82036935.000000,0.000000,graded_attempt,sources/llr40v9-kimi27sglang-fortran/scatter_accum_dup/619186.619186.llr40v9-kimi27sglang-fortran.n0.p3.w3/candidate_01_submission.txt,831ee18a2f2e9b6b95df6be3ee0f620feae285b6bf37dae927ce568eadb4b937
llr40v9-kimi27sglang-fortran,c,fortran,scatter_accum_dup,619186,619186,llr40v9-kimi27sglang-fortran.n0.p3.w3,2,10.363891,862900872.000000,81967706.000000,0.000000,graded_attempt,sources/llr40v9-kimi27sglang-fortran/scatter_accum_dup/619186.619186.llr40v9-kimi27sglang-fortran.n0.p3.w3/candidate_02_submission.txt,73c2f16fc02ebe04e443749c38ff49d1fe5df6e141880f1c1a731208e51cebb8
llr40v9-kimi27sglang-fortran,c,fortran,scatter_accum_dup,618225,618225,llr40v9-kimi27sglang-fortran.n0.p3.w3,1,5.537023,789286716.000000,84787437.000000,0.000000,graded_attempt,sources/llr40v9-kimi27sglang-fortran/scatter_accum_dup/618225.618225.llr40v9-kimi27sglang-fortran.n0.p3.w3/candidate_01_submission.txt,a10d8f890a5eb550b040c00b58cda4c89ab33c9d49126634424cfdad3fbac3b6
llr40v9-oss120b-fortran,c,fortran,scatter_accum_dup,618222,618222,llr40v9-oss120b-fortran.n0.p3.w3,1,10.059091,817474827.000000,80502881.000000,0.000000,graded_attempt,sources/llr40v9-oss120b-fortran/scatter_accum_dup/618222.618222.llr40v9-oss120b-fortran.n0.p3.w3/candidate_01_submission.txt,04235fb83f5520202e9360f38295b02c2b017ebad21dd10a3438059af341246e
llr40v9-oss120b-fortran-skills,c,fortran,scatter_accum_dup,618231,618231,llr40v9-oss120b-fortran-skills.n0.p3.w3,1,9.476118,752637100.000000,78263200.000000,0.000000,graded_attempt,sources/llr40v9-oss120b-fortran-skills/scatter_accum_dup/618231.618231.llr40v9-oss120b-fortran-skills.n0.p3.w3/candidate_01_submission.txt,2f655af45267acf265ae62e60afb570214202c331f651b35381fd16e74aabe77
llr40v9-qwen38-c,c,c,scatter_accum_dup,619183,619183,llr40v9-qwen38-c.n0.p3.w3,1,11.448183,793927963.000000,68454941.000000,0.000000,graded_attempt,sources/llr40v9-qwen38-c/scatter_accum_dup/619183.619183.llr40v9-qwen38-c.n0.p3.w3/candidate_01_submission.txt,ae7db1510de9f661982cf43cbfb0a25e5ef3b06e88146217d273a822241402a2
llr40v9-qwen38-fortran,c,fortran,scatter_accum_dup,619184,619184,llr40v9-qwen38-fortran.n0.p3.w3,1,9.959496,815109914.000000,80622853.000000,0.000000,graded_attempt,sources/llr40v9-qwen38-fortran/scatter_accum_dup/619184.619184.llr40v9-qwen38-fortran.n0.p3.w3/candidate_01_submission.txt,452a8de1922c5454cbc322f1b04990c147831f453b69e5997f7d40f99d048057
v11w2-kimi27sglang-c-skills,numba,c,scatter_accum_dup,626368,626368,v11w2-kimi27sglang-c-skills.n0.p4.w4,2,18.093383,842223212.000000,45926612.000000,0.000000,graded_attempt,sources/v11w2-kimi27sglang-c-skills/scatter_accum_dup/626368.626368.v11w2-kimi27sglang-c-skills.n0.p4.w4/candidate_02_submission.txt,abdc293908b5281128b5382098aa913cac7a36b4bb67ace38d9e2508dd94470a
v11w2-kimi27sglang-c-skills,numba,c,scatter_accum_dup,626368,626368,v11w2-kimi27sglang-c-skills.n0.p4.w4,1,10.467530,842223212.000000,79111826.000000,0.000000,graded_attempt,sources/v11w2-kimi27sglang-c-skills/scatter_accum_dup/626368.626368.v11w2-kimi27sglang-c-skills.n0.p4.w4/candidate_01_submission.txt,6f56d8a649307848efb39419f718ba9919616f1ddc114927977c91c39f15c84a
v11w2-kimi27sglang-fortran-skills,numba,fortran,scatter_accum_dup,626374,626374,v11w2-kimi27sglang-fortran-skills.n0.p2.w2,3,12.274002,978167433.000000,78642575.000000,0.000000,graded_attempt,sources/v11w2-kimi27sglang-fortran-skills/scatter_accum_dup/626374.626374.v11w2-kimi27sglang-fortran-skills.n0.p2.w2/candidate_03_submission.txt,9a5dde5f368487287fb1a44bb9e3acee2d403c3c15095e19a48033103f49b0a4
v11w2-kimi27sglang-fortran-skills,numba,fortran,scatter_accum_dup,626374,626374,v11w2-kimi27sglang-fortran-skills.n0.p2.w2,2,10.892554,978167433.000000,88621939.000000,0.000000,graded_attempt,sources/v11w2-kimi27sglang-fortran-skills/scatter_accum_dup/626374.626374.v11w2-kimi27sglang-fortran-skills.n0.p2.w2/candidate_02_submission.txt,c9b2afe28107740ad51698d695a6b5e0829f8e69173774ef2786d812c0d2a93e
v11w2-kimi27sglang-fortran-skills,numba,fortran,scatter_accum_dup,626374,626374,v11w2-kimi27sglang-fortran-skills.n0.p2.w2,1,9.197427,978167433.000000,90115808.000000,0.000000,graded_attempt,sources/v11w2-kimi27sglang-fortran-skills/scatter_accum_dup/626374.626374.v11w2-kimi27sglang-fortran-skills.n0.p2.w2/candidate_01_submission.txt,ec0b563acb957db9003f1dc54b78df599a3eafc4a7b6de9c097fa262b61cd255
v11w2-oss120b-c-skills,numba,c,scatter_accum_dup,626364,626364,v11w2-oss120b-c-skills.n0.p1.w1,1,10.059091,793346635.000000,76561450.000000,0.000000,graded_attempt,sources/v11w2-oss120b-c-skills/scatter_accum_dup/626364.626364.v11w2-oss120b-c-skills.n0.p1.w1/candidate_01_submission.txt,0114134b6cc4de84da98c14ac20c3cdfaa5e28b898b9194ef8b10a7d1d60a70c
v11w2-oss120b-fortran,numba,fortran,scatter_accum_dup,627011,627011,v11w2-oss120b-fortran.n0.p3.w3,1,10.159681,807327699.000000,78317531.000000,0.000000,graded_attempt,sources/v11w2-oss120b-fortran/scatter_accum_dup/627011.627011.v11w2-oss120b-fortran.n0.p3.w3/candidate_01_submission.txt,43c44f8773b814bf8656d4b56f3859ca3c6ae47159bb238e159dc518094f07f2
v11w2-oss120b-fortran-skills,numba,fortran,scatter_accum_dup,627012,627012,v11w2-oss120b-fortran-skills.n0.p1.w1,1,10.572205,969139214.000000,90746391.000000,0.000000,graded_attempt,sources/v11w2-oss120b-fortran-skills/scatter_accum_dup/627012.627012.v11w2-oss120b-fortran-skills.n0.p1.w1/candidate_01_submission.txt,c86094af1c84232797618735a310f4b8e1a940ac44a4ade7ea73b28abbac415b
v11w2-qwen38-fortran,numba,fortran,scatter_accum_dup,626371,626371,v11w2-qwen38-fortran.n0.p4.w4,2,9.763254,778757232.000000,78181294.000000,0.000000,graded_attempt,sources/v11w2-qwen38-fortran/scatter_accum_dup/626371.626371.v11w2-qwen38-fortran.n0.p4.w4/candidate_02_submission.txt,2dfc9e307e46e6e5bc48321363e82239eee936d196950c7f28aefe021415b73e
v11w2-qwen38-fortran,numba,fortran,scatter_accum_dup,626371,626371,v11w2-qwen38-fortran.n0.p4.w4,1,1.000000,778757232.000000,790886050.000000,0.000000,graded_attempt,sources/v11w2-qwen38-fortran/scatter_accum_dup/626371.626371.v11w2-qwen38-fortran.n0.p4.w4/candidate_01_submission.txt,313a91c6374a74f83d7d3f2fd033964c2615085d0c6cd56c3ced7c497df81bdf
gpuv2-llr40-oss120b-omp-skills,numba,c,segment_reduce_ragged,627174,627174,gpuv2-llr40-oss120b-omp-skills.n0.p10.w10,1,10.572205,185696426.000000,17079677.000000,0.000000,graded_attempt,sources/gpuv2-llr40-oss120b-omp-skills/segment_reduce_ragged/627174.627174.gpuv2-llr40-oss120b-omp-skills.n0.p10.w10/candidate_01_submission.txt,caedb7a8e3cca3e7d42a6bcb610ff9ad0f2f88afaefdfb75bd00fe6a8be8ce34
gpuv2-llr40-qwen38-hip-skills,numba,hip,segment_reduce_ragged,626646,626646,gpuv2-llr40-qwen38-hip-skills.n0.p10.w10,1,111.771524,205722747.000000,1739997.000000,0.000000,graded_attempt,sources/gpuv2-llr40-qwen38-hip-skills/segment_reduce_ragged/626646.626646.gpuv2-llr40-qwen38-hip-skills.n0.p10.w10/candidate_01_submission.txt,eeb4aa2598720c67e6e71ef4eb34522e14f8f9b7bd4aeb7b7e8bb8ce9fb79f2a
gpuv2-llr40-qwen38-hip-skills,numba,hip,segment_reduce_ragged,627018,627018,gpuv2-llr40-qwen38-hip-skills.n0.p10.w10,1,79.690117,196598186.000000,2413094.000000,0.000000,graded_attempt,sources/gpuv2-llr40-qwen38-hip-skills/segment_reduce_ragged/627018.627018.gpuv2-llr40-qwen38-hip-skills.n0.p10.w10/candidate_01_submission.txt,314f81f622d8015c3a2939bb9bc002490a042481194ba275f20ca74794dc578d
gpuv2-llr40-qwen38-omp,numba,c,segment_reduce_ragged,626521,626521,gpuv2-llr40-qwen38-omp.n0.p10.w10,1,5.761848,185949817.000000,31801056.000000,0.000000,graded_attempt,sources/gpuv2-llr40-qwen38-omp/segment_reduce_ragged/626521.626521.gpuv2-llr40-qwen38-omp.n0.p10.w10/candidate_01_submission.txt,aa12608eba8f3934e8e8f76fffa3cae566f578515fd3cb4532c5240a8aa470bb
gpuv2-llr40-qwen38-omp-skills,numba,c,segment_reduce_ragged,627078,627078,gpuv2-llr40-qwen38-omp-skills.n0.p10.w10,1,12.645917,185680559.000000,13715715.000000,0.000000,graded_attempt,sources/gpuv2-llr40-qwen38-omp-skills/segment_reduce_ragged/627078.627078.gpuv2-llr40-qwen38-omp-skills.n0.p10.w10/candidate_01_submission.txt,ddc7fac6e458b2dcbe529b32d4592ef240c8c24ede059647885c78d8353d1f57
gpuv2-llr40-qwen38-omp-skills,numba,c,segment_reduce_ragged,627078,627078,gpuv2-llr40-qwen38-omp-skills.n0.p10.w10,3,12.520710,185680559.000000,14075559.000000,0.000000,graded_attempt,sources/gpuv2-llr40-qwen38-omp-skills/segment_reduce_ragged/627078.627078.gpuv2-llr40-qwen38-omp-skills.n0.p10.w10/candidate_01_submission.txt,ddc7fac6e458b2dcbe529b32d4592ef240c8c24ede059647885c78d8353d1f57
gpuv2-llr40-qwen38-omp-skills,numba,c,segment_reduce_ragged,626561,626561,gpuv2-llr40-qwen38-omp-skills.n0.p10.w10,1,11.448183,192655691.000000,16375741.000000,0.000000,graded_attempt,sources/gpuv2-llr40-qwen38-omp-skills/segment_reduce_ragged/626561.626561.gpuv2-llr40-qwen38-omp-skills.n0.p10.w10/candidate_01_submission.txt,69800df8352afd3e8111fe93ba61c6ac2a773d93f7078df9ed3e10d4fdf0f706
gpuv2-llr40-qwen38-omp-skills,numba,c,segment_reduce_ragged,627078,627078,gpuv2-llr40-qwen38-omp-skills.n0.p10.w10,2,11.222609,185680559.000000,16055341.000000,0.000000,graded_attempt,sources/gpuv2-llr40-qwen38-omp-skills/segment_reduce_ragged/627078.627078.gpuv2-llr40-qwen38-omp-skills.n0.p10.w10/candidate_02_submission.txt,bca431f450815a910cbdbf47103c24cd5987d2f06aa65a9a8375cc9d0f17f854
gpuv4-llr40-oss120b-pytriton,numba,python,segment_reduce_ragged,627175,627175,gpuv4-llr40-oss120b-pytriton.n0.p10.w10,1,10.784707,191109999.000000,16631657.000000,0.000000,graded_attempt,sources/gpuv4-llr40-oss120b-pytriton/segment_reduce_ragged/627175.627175.gpuv4-llr40-oss120b-pytriton.n0.p10.w10/candidate_01_submission.txt,1c27a65f93f3fa7ed458a60fe78182045e00f46b0964902e6dc587ee79fce09e
gpuv4-llr40-oss120b-pytriton-skills,numba,python,segment_reduce_ragged,627176,627176,gpuv4-llr40-oss120b-pytriton-skills.n0.p10.w10,1,9.959496,179576242.000000,17211179.000000,0.000000,graded_attempt,sources/gpuv4-llr40-oss120b-pytriton-skills/segment_reduce_ragged/627176.627176.gpuv4-llr40-oss120b-pytriton-skills.n0.p10.w10/candidate_01_submission.txt,be458daf076c40fc8f67b2448c2eb8b89f36cadbac4464e1de403730693c1010
gpuv4-llr40-qwen38-pytriton-skills,numba,python,segment_reduce_ragged,627020,627020,gpuv4-llr40-qwen38-pytriton-skills.n0.p10.w10,1,11.334835,199189927.000000,15833375.000000,0.000000,graded_attempt,sources/gpuv4-llr40-qwen38-pytriton-skills/segment_reduce_ragged/627020.627020.gpuv4-llr40-qwen38-pytriton-skills.n0.p10.w10/candidate_01_submission.txt,5b7f383dc49969444a27b94f9dda0bf2bdd0a0da686fd879bee95484bcb8443c
gpuv4-llr40-qwen38-pytriton-skills,numba,python,segment_reduce_ragged,626651,626651,gpuv4-llr40-qwen38-pytriton-skills.n0.p10.w10,1,5.164481,186056933.000000,34470173.000000,0.000000,graded_attempt,sources/gpuv4-llr40-qwen38-pytriton-skills/segment_reduce_ragged/626651.626651.gpuv4-llr40-qwen38-pytriton-skills.n0.p10.w10/candidate_01_submission.txt,976dcf22a8bc4f8531d8d1a43c6a2353faa49b17dca59bd1167da2b890dd9920
llr40v10-kimi27sglang-c,numba,c,segment_reduce_ragged,621729,621729,llr40v10-kimi27sglang-c.n0.p10.w10,3,13.968959,188542881.000000,12780996.000000,0.000000,graded_attempt,sources/llr40v10-kimi27sglang-c/segment_reduce_ragged/621729.621729.llr40v10-kimi27sglang-c.n0.p10.w10/candidate_03_submission.txt,387cc5b48888c0868a8ec8784a053b52780bf04a2c2a2987f6252643154b578b
llr40v10-kimi27sglang-c,numba,c,segment_reduce_ragged,621729,621729,llr40v10-kimi27sglang-c.n0.p10.w10,1,13.693716,188542881.000000,13079889.000000,0.000000,graded_attempt,sources/llr40v10-kimi27sglang-c/segment_reduce_ragged/621729.621729.llr40v10-kimi27sglang-c.n0.p10.w10/candidate_01_submission.txt,c76e5ac3e61f89613be272d0f44b772a7ff92c13f0561c40d79fa5bcdc856597
llr40v10-kimi27sglang-c,numba,c,segment_reduce_ragged,621729,621729,llr40v10-kimi27sglang-c.n0.p10.w10,2,13.693716,188542881.000000,12935138.000000,0.000000,graded_attempt,sources/llr40v10-kimi27sglang-c/segment_reduce_ragged/621729.621729.llr40v10-kimi27sglang-c.n0.p10.w10/candidate_02_submission.txt,cc2f4f2b643cc32252e559072631a22300ad46b646207567eec71f304c6dcd87
llr40v10-kimi27sglang-c,c,c,segment_reduce_ragged,621017,621017,llr40v10-kimi27sglang-c.n0.p10.w10,4,11.678292,155027984.000000,12884647.000000,0.000000,graded_attempt,sources/llr40v10-kimi27sglang-c/segment_reduce_ragged/621017.621017.llr40v10-kimi27sglang-c.n0.p10.w10/candidate_03_submission.txt,1ff57e3981b0f5f3abe274f2e8d5c7b8e967420d57681b42868f2f9372e0dcc4
llr40v10-kimi27sglang-c,c,c,segment_reduce_ragged,621017,621017,llr40v10-kimi27sglang-c.n0.p10.w10,7,11.448183,152626417.000000,12751555.000000,0.000000,graded_attempt,sources/llr40v10-kimi27sglang-c/segment_reduce_ragged/621017.621017.llr40v10-kimi27sglang-c.n0.p10.w10/candidate_07_submission.txt,17097623e3a0229a3f4f1f7d92626b7a62c8bdc0dbc06dfaec4e8da9429118b6
llr40v10-kimi27sglang-c,c,c,segment_reduce_ragged,621017,621017,llr40v10-kimi27sglang-c.n0.p10.w10,6,11.334835,152106074.000000,12967146.000000,0.000000,graded_attempt,sources/llr40v10-kimi27sglang-c/segment_reduce_ragged/621017.621017.llr40v10-kimi27sglang-c.n0.p10.w10/candidate_03_submission.txt,1ff57e3981b0f5f3abe274f2e8d5c7b8e967420d57681b42868f2f9372e0dcc4
llr40v10-kimi27sglang-c,c,c,segment_reduce_ragged,621017,621017,llr40v10-kimi27sglang-c.n0.p10.w10,3,11.222609,152378607.000000,13075798.000000,0.000000,graded_attempt,sources/llr40v10-kimi27sglang-c/segment_reduce_ragged/621017.621017.llr40v10-kimi27sglang-c.n0.p10.w10/candidate_03_submission.txt,1ff57e3981b0f5f3abe274f2e8d5c7b8e967420d57681b42868f2f9372e0dcc4
llr40v10-kimi27sglang-c,c,c,segment_reduce_ragged,621017,621017,llr40v10-kimi27sglang-c.n0.p10.w10,5,11.111494,150916368.000000,12821697.000000,0.000000,graded_attempt,sources/llr40v10-kimi27sglang-c/segment_reduce_ragged/621017.621017.llr40v10-kimi27sglang-c.n0.p10.w10/candidate_03_submission.txt,1ff57e3981b0f5f3abe274f2e8d5c7b8e967420d57681b42868f2f9372e0dcc4
llr40v10-kimi27sglang-c,c,c,segment_reduce_ragged,621017,621017,llr40v10-kimi27sglang-c.n0.p10.w10,2,10.784707,150859590.000000,13150977.000000,0.000000,graded_attempt,sources/llr40v10-kimi27sglang-c/segment_reduce_ragged/621017.621017.llr40v10-kimi27sglang-c.n0.p10.w10/candidate_02_submission.txt,d5bb5edf1e4f223cdd99a0bd90e697a83505a4dfa97ca7fb993605128612acdc
llr40v10-kimi27sglang-c,c,c,segment_reduce_ragged,621017,621017,llr40v10-kimi27sglang-c.n0.p10.w10,1,10.261278,153127996.000000,14057971.000000,0.000000,graded_attempt,sources/llr40v10-kimi27sglang-c/segment_reduce_ragged/621017.621017.llr40v10-kimi27sglang-c.n0.p10.w10/candidate_01_submission.txt,b140d576eb47a61713c5cbb07c56835a5b51e97ef253e214dc7c0367399e7973
llr40v10-kimi27sglang-c-skills,numba,c,segment_reduce_ragged,621025,621025,llr40v10-kimi27sglang-c-skills.n0.p10.w10,1,12.900100,182420698.000000,13331322.000000,0.000000,graded_attempt,sources/llr40v10-kimi27sglang-c-skills/segment_reduce_ragged/621025.621025.llr40v10-kimi27sglang-c-skills.n0.p10.w10/candidate_01_submission.txt,d63a2b7755d9e0e817baa665a9b3aff5823b952867707769f0009ba14be6a87e
llr40v10-kimi27sglang-fortran,numba,fortran,segment_reduce_ragged,621731,621731,llr40v10-kimi27sglang-fortran.n0.p10.w10,3,14.392233,188659826.000000,12886238.000000,0.000000,graded_attempt,sources/llr40v10-kimi27sglang-fortran/segment_reduce_ragged/621731.621731.llr40v10-kimi27sglang-fortran.n0.p10.w10/candidate_03_submission.txt,d6a27a437ab126edaf1a941ac75d9e2b4a3bd8377a0376ec950a6a6311f4ed30
llr40v10-kimi27sglang-fortran,numba,fortran,segment_reduce_ragged,621731,621731,llr40v10-kimi27sglang-fortran.n0.p10.w10,4,14.249735,188659826.000000,12926043.000000,0.000000,graded_attempt,sources/llr40v10-kimi27sglang-fortran/segment_reduce_ragged/621731.621731.llr40v10-kimi27sglang-fortran.n0.p10.w10/candidate_03_submission.txt,d6a27a437ab126edaf1a941ac75d9e2b4a3bd8377a0376ec950a6a6311f4ed30
llr40v10-kimi27sglang-fortran,numba,fortran,segment_reduce_ragged,621731,621731,llr40v10-kimi27sglang-fortran.n0.p10.w10,2,13.968959,188659826.000000,12952309.000000,0.000000,graded_attempt,sources/llr40v10-kimi27sglang-fortran/segment_reduce_ragged/621731.621731.llr40v10-kimi27sglang-fortran.n0.p10.w10/candidate_02_submission.txt,0056bcfc6b20b17cc5d76a5cefa58d71d1bd60e8c2dbe9200d1a81cd954938aa
llr40v10-kimi27sglang-fortran,numba,fortran,segment_reduce_ragged,621731,621731,llr40v10-kimi27sglang-fortran.n0.p10.w10,1,10.892554,188659826.000000,16906323.000000,0.000000,graded_attempt,sources/llr40v10-kimi27sglang-fortran/segment_reduce_ragged/621731.621731.llr40v10-kimi27sglang-fortran.n0.p10.w10/candidate_01_submission.txt,12f4f0c1f05b09154ed08547ca813b0adb635bdc6011c7d9373fe5f372f9956c
llr40v10-qwen38-c,numba,c,segment_reduce_ragged,621727,621727,llr40v10-qwen38-c.n0.p10.w10,1,13.693716,197750962.000000,13656516.000000,0.000000,graded_attempt,sources/llr40v10-qwen38-c/segment_reduce_ragged/621727.621727.llr40v10-qwen38-c.n0.p10.w10/candidate_01_submission.txt,2c890814bf081a70ead24ba6612d72502ed6fdb5eabed5de02646d83e7513660
llr40v10-qwen38-c,numba,c,segment_reduce_ragged,621727,621727,llr40v10-qwen38-c.n0.p10.w10,2,13.423895,197750962.000000,13868216.000000,0.000000,graded_attempt,sources/llr40v10-qwen38-c/segment_reduce_ragged/621727.621727.llr40v10-qwen38-c.n0.p10.w10/candidate_02_submission.txt,d8cbf497ded4148fe59aeff6af7b2ebb6e8db9436f9d4b517f1061fedf2c7693
llr40v10-qwen38-c,numba,c,segment_reduce_ragged,622265,622265,llr40v10-qwen38-c.n0.p10.w10,2,13.159392,185982977.000000,13482166.000000,0.000000,graded_attempt,sources/llr40v10-qwen38-c/segment_reduce_ragged/622265.622265.llr40v10-qwen38-c.n0.p10.w10/candidate_02_submission.txt,f6be85eab7329bd8e0bc49d24cbd7dda8322177152def0f6989f41345b9320a4
llr40v10-qwen38-c,numba,c,segment_reduce_ragged,622265,622265,llr40v10-qwen38-c.n0.p10.w10,3,13.029101,185982977.000000,13640938.000000,0.000000,graded_attempt,sources/llr40v10-qwen38-c/segment_reduce_ragged/622265.622265.llr40v10-qwen38-c.n0.p10.w10/candidate_03_submission.txt,8844893c940f042822f97bde837093b192fea95b661079e9d3ebdc5dfefd3086
llr40v10-qwen38-c,numba,c,segment_reduce_ragged,622265,622265,llr40v10-qwen38-c.n0.p10.w10,1,12.520710,185982977.000000,13447112.000000,0.000000,graded_attempt,sources/llr40v10-qwen38-c/segment_reduce_ragged/622265.622265.llr40v10-qwen38-c.n0.p10.w10/candidate_01_submission.txt,c117cd4ace1bf61dd72c10e7789a6e436fd535708ec027287453d43a32e741dc
llr40v10-qwen38-c,c,c,segment_reduce_ragged,621383,621383,llr40v10-qwen38-c.n0.p10.w10,1,10.784707,155787387.000000,13902308.000000,0.000000,graded_attempt,sources/llr40v10-qwen38-c/segment_reduce_ragged/621383.621383.llr40v10-qwen38-c.n0.p10.w10/candidate_01_submission.txt,b69557c7ab8caa415a79b6751dfe03219554a282ecea93eb62800b52f777beb4
llr40v10-qwen38-c-skills,numba,c,segment_reduce_ragged,621024,621024,llr40v10-qwen38-c-skills.n0.p10.w10,1,11.334835,186299294.000000,14446576.000000,0.000000,graded_attempt,sources/llr40v10-qwen38-c-skills/segment_reduce_ragged/621024.621024.llr40v10-qwen38-c-skills.n0.p10.w10/candidate_01_submission.txt,5dd1824d1899d30890d059211b98bb0e51eb65699e07d79513c85a87dc883414
llr40v10-qwen38-fortran,numba,fortran,segment_reduce_ragged,621728,621728,llr40v10-qwen38-fortran.n0.p10.w10,1,13.423895,186084109.000000,13396040.000000,0.000000,graded_attempt,sources/llr40v10-qwen38-fortran/segment_reduce_ragged/621728.621728.llr40v10-qwen38-fortran.n0.p10.w10/candidate_01_submission.txt,8d8779e109441f7ece1ae65dfb4b790b293d70b0967267a855e0ba2073183dbe
llr40v10-qwen38-fortran,numba,fortran,segment_reduce_ragged,622266,622266,llr40v10-qwen38-fortran.n0.p10.w10,1,1.000000,185405763.000000,282883570.000000,0.000000,graded_attempt,sources/llr40v10-qwen38-fortran/segment_reduce_ragged/622266.622266.llr40v10-qwen38-fortran.n0.p10.w10/candidate_01_submission.txt,c5cc4764243bc43f186e8b0ed10363dc23819ba6bc7dfbb224a2ba5f0f780920
llr40v10-qwen38-fortran-skills,numba,fortran,segment_reduce_ragged,621028,621028,llr40v10-qwen38-fortran-skills.n0.p10.w10,1,13.423895,188253697.000000,13436497.000000,0.000000,graded_attempt,sources/llr40v10-qwen38-fortran-skills/segment_reduce_ragged/621028.621028.llr40v10-qwen38-fortran-skills.n0.p10.w10/candidate_01_submission.txt,f2dfe608927247f41945c45d0f628f84a38a418ee2daa31bd4a749be1abcbb61
llr40v11-kimi27sglang-c,numba,c,segment_reduce_ragged,625533,625533,llr40v11-kimi27sglang-c.n0.p10.w10,2,12.274002,199463960.000000,15921136.000000,0.000000,graded_attempt,sources/llr40v11-kimi27sglang-c/segment_reduce_ragged/625533.625533.llr40v11-kimi27sglang-c.n0.p10.w10/candidate_02_submission.txt,6b88b97cb590d254d12dde91e2e8837778d937845c0b1024ebbac677895e882f
llr40v11-kimi27sglang-c,numba,c,segment_reduce_ragged,625533,625533,llr40v11-kimi27sglang-c.n0.p10.w10,3,12.152477,199463960.000000,15679886.000000,0.000000,graded_attempt,sources/llr40v11-kimi27sglang-c/segment_reduce_ragged/625533.625533.llr40v11-kimi27sglang-c.n0.p10.w10/candidate_03_submission.txt,a9e725bbcd5796e8546286d881c4d09e199868dcec237d3b88547afae03ff1bc
llr40v11-kimi27sglang-c,numba,c,segment_reduce_ragged,625533,625533,llr40v11-kimi27sglang-c.n0.p10.w10,1,1.257163,199463960.000000,157492486.000000,0.000000,graded_attempt,sources/llr40v11-kimi27sglang-c/segment_reduce_ragged/625533.625533.llr40v11-kimi27sglang-c.n0.p10.w10/candidate_01_submission.txt,7cab4e12323aeb2973d4c2f6b9daf12f579dba6d9a0c038071dc0dfff74bbe37
llr40v11-kimi27sglang-fortran-skills,numba,fortran,segment_reduce_ragged,625545,625545,llr40v11-kimi27sglang-fortran-skills.n0.p10.w10,2,14.108649,187212493.000000,12861529.000000,0.000000,graded_attempt,sources/llr40v11-kimi27sglang-fortran-skills/segment_reduce_ragged/625545.625545.llr40v11-kimi27sglang-fortran-skills.n0.p10.w10/candidate_02_submission.txt,19128c890df6b87c95ec75d7d49fa45100aafbad0ac02ea7739bca7808742277
llr40v11-kimi27sglang-fortran-skills,numba,fortran,segment_reduce_ragged,625545,625545,llr40v11-kimi27sglang-fortran-skills.n0.p10.w10,3,14.108649,187212493.000000,12920744.000000,0.000000,graded_attempt,sources/llr40v11-kimi27sglang-fortran-skills/segment_reduce_ragged/625545.625545.llr40v11-kimi27sglang-fortran-skills.n0.p10.w10/candidate_03_submission.txt,3c55fb4280a33761c9d522c938bf89bf59354212c506fababb85d1f4a7d647b8
llr40v11-kimi27sglang-fortran-skills,numba,fortran,segment_reduce_ragged,625545,625545,llr40v11-kimi27sglang-fortran-skills.n0.p10.w10,1,11.795075,187212493.000000,15510470.000000,0.000000,graded_attempt,sources/llr40v11-kimi27sglang-fortran-skills/segment_reduce_ragged/625545.625545.llr40v11-kimi27sglang-fortran-skills.n0.p10.w10/candidate_01_submission.txt,40a6466698771adb7d12e9e764432755bdc02be8457acd2ae66c913cbdcb33c4
llr40v11-oss120b-c,numba,c,segment_reduce_ragged,625531,625531,llr40v11-oss120b-c.n0.p10.w10,1,13.290985,185836827.000000,13049513.000000,0.000000,graded_attempt,sources/llr40v11-oss120b-c/segment_reduce_ragged/625531.625531.llr40v11-oss120b-c.n0.p10.w10/candidate_01_submission.txt,6bbffe876a3ce33f83549e3c139872f5820413f7389669146d2a1520a26afb65
llr40v11-qwen38-c,numba,c,segment_reduce_ragged,625532,625532,llr40v11-qwen38-c.n0.p10.w10,2,12.520710,185027356.000000,13941437.000000,0.000000,graded_attempt,sources/llr40v11-qwen38-c/segment_reduce_ragged/625532.625532.llr40v11-qwen38-c.n0.p10.w10/candidate_02_submission.txt,9e2219144de9bcc1f451372ba58ce851173b1d2ef123b13446ac07d8cb94069a
llr40v11-qwen38-c,numba,c,segment_reduce_ragged,625532,625532,llr40v11-qwen38-c.n0.p10.w10,1,1.196147,185027356.000000,153646556.000000,0.000000,graded_attempt,sources/llr40v11-qwen38-c/segment_reduce_ragged/625532.625532.llr40v11-qwen38-c.n0.p10.w10/candidate_01_submission.txt,72efe07fed5ab4b871ee5306de62dc1766a42842b2740632d45234489fe6804c
llr40v11-qwen38-c-skills,numba,c,segment_reduce_ragged,625536,625536,llr40v11-qwen38-c-skills.n0.p10.w10,1,12.772376,186623885.000000,13889846.000000,0.000000,graded_attempt,sources/llr40v11-qwen38-c-skills/segment_reduce_ragged/625536.625536.llr40v11-qwen38-c-skills.n0.p10.w10/candidate_01_submission.txt,5a7754d01e5f7bc7ad283f76407d7bc57a2a6857aa1e216f88675e30e6b36a07
llr40v9-kimi27sglang-fortran,c,fortran,segment_reduce_ragged,619186,619186,llr40v9-kimi27sglang-fortran.n0.p4.w4,2,11.795075,153434944.000000,12698547.000000,0.000000,graded_attempt,sources/llr40v9-kimi27sglang-fortran/segment_reduce_ragged/619186.619186.llr40v9-kimi27sglang-fortran.n0.p4.w4/candidate_02_submission.txt,25cb6e53d6ef035a0305d37d6ba5691d871050c80414d442315ab4d548fbe1b0
llr40v9-kimi27sglang-fortran,c,fortran,segment_reduce_ragged,619186,619186,llr40v9-kimi27sglang-fortran.n0.p4.w4,4,11.795075,152335306.000000,12690204.000000,0.000000,graded_attempt,sources/llr40v9-kimi27sglang-fortran/segment_reduce_ragged/619186.619186.llr40v9-kimi27sglang-fortran.n0.p4.w4/candidate_04_submission.txt,791c4953b77758ecb4a7604f871208d2a70a1a25b005b643de8f76c0da83908a
llr40v9-kimi27sglang-fortran,c,fortran,segment_reduce_ragged,619186,619186,llr40v9-kimi27sglang-fortran.n0.p4.w4,7,11.795075,152955542.000000,12598677.000000,0.000000,graded_attempt,sources/llr40v9-kimi27sglang-fortran/segment_reduce_ragged/619186.619186.llr40v9-kimi27sglang-fortran.n0.p4.w4/candidate_04_submission.txt,791c4953b77758ecb4a7604f871208d2a70a1a25b005b643de8f76c0da83908a
llr40v9-kimi27sglang-fortran,c,fortran,segment_reduce_ragged,619186,619186,llr40v9-kimi27sglang-fortran.n0.p4.w4,5,11.678292,150609660.000000,12682588.000000,0.000000,graded_attempt,sources/llr40v9-kimi27sglang-fortran/segment_reduce_ragged/619186.619186.llr40v9-kimi27sglang-fortran.n0.p4.w4/candidate_04_submission.txt,791c4953b77758ecb4a7604f871208d2a70a1a25b005b643de8f76c0da83908a
llr40v9-kimi27sglang-fortran,c,fortran,segment_reduce_ragged,619186,619186,llr40v9-kimi27sglang-fortran.n0.p4.w4,6,11.678292,152362290.000000,12606556.000000,0.000000,graded_attempt,sources/llr40v9-kimi27sglang-fortran/segment_reduce_ragged/619186.619186.llr40v9-kimi27sglang-fortran.n0.p4.w4/candidate_04_submission.txt,791c4953b77758ecb4a7604f871208d2a70a1a25b005b643de8f76c0da83908a
llr40v9-kimi27sglang-fortran,c,fortran,segment_reduce_ragged,619186,619186,llr40v9-kimi27sglang-fortran.n0.p4.w4,3,11.562665,152116098.000000,12673578.000000,0.000000,graded_attempt,sources/llr40v9-kimi27sglang-fortran/segment_reduce_ragged/619186.619186.llr40v9-kimi27sglang-fortran.n0.p4.w4/candidate_03_submission.txt,49c70772a3e252be08be07de901f648e00fa686022e98a8fdbf92817718a9336
llr40v9-kimi27sglang-fortran,c,fortran,segment_reduce_ragged,619186,619186,llr40v9-kimi27sglang-fortran.n0.p4.w4,1,11.001479,153513184.000000,13187994.000000,0.000000,graded_attempt,sources/llr40v9-kimi27sglang-fortran/segment_reduce_ragged/619186.619186.llr40v9-kimi27sglang-fortran.n0.p4.w4/candidate_01_submission.txt,3527eddcbb7296989623743ff3f45db245ffcf2758f7e8f1700b960f5af63d48
llr40v9-oss120b-c,c,c,segment_reduce_ragged,618220,618220,llr40v9-oss120b-c.n0.p4.w4,1,1.149474,161553285.000000,139321360.000000,0.000000,graded_attempt,sources/llr40v9-oss120b-c/segment_reduce_ragged/618220.618220.llr40v9-oss120b-c.n0.p4.w4/candidate_01_submission.txt,b6de377f8c53230baca15344005682a8bd8382e3a0689af6904eee9680827629
llr40v9-oss120b-fortran-skills,c,fortran,segment_reduce_ragged,618231,618231,llr40v9-oss120b-fortran-skills.n0.p4.w4,1,11.222609,154754958.000000,12915834.000000,0.000000,graded_attempt,sources/llr40v9-oss120b-fortran-skills/segment_reduce_ragged/618231.618231.llr40v9-oss120b-fortran-skills.n0.p4.w4/candidate_01_submission.txt,914ab9bf0681ca1d2d6c74a5a818f900adc449652a8a10ba37cfc61a4055b947
v11w2-kimi27sglang-c-skills,numba,c,segment_reduce_ragged,626368,626368,v11w2-kimi27sglang-c-skills.n0.p5.w5,2,13.290985,191572556.000000,13697093.000000,0.000000,graded_attempt,sources/v11w2-kimi27sglang-c-skills/segment_reduce_ragged/626368.626368.v11w2-kimi27sglang-c-skills.n0.p5.w5/candidate_02_submission.txt,9aef7ac72da060d1a2272551b1e1dd654e05c65175d82cd3934ea2f01e58d323
v11w2-kimi27sglang-c-skills,numba,c,segment_reduce_ragged,626368,626368,v11w2-kimi27sglang-c-skills.n0.p5.w5,1,13.029101,191572556.000000,13570720.000000,0.000000,graded_attempt,sources/v11w2-kimi27sglang-c-skills/segment_reduce_ragged/626368.626368.v11w2-kimi27sglang-c-skills.n0.p5.w5/candidate_01_submission.txt,12729338148d1b730850a1f3f92d57df7990c96845506291d5a5b0b3ea61a2f5
v11w2-kimi27sglang-fortran,numba,fortran,segment_reduce_ragged,626373,626373,v11w2-kimi27sglang-fortran.n0.p2.w2,2,14.249735,190499435.000000,12722035.000000,0.000000,graded_attempt,sources/v11w2-kimi27sglang-fortran/segment_reduce_ragged/626373.626373.v11w2-kimi27sglang-fortran.n0.p2.w2/candidate_02_submission.txt,d40e9818c6253b3a296d9dcbd1d48c8b250c067837541078d4ce0dfb89286c6a
v11w2-kimi27sglang-fortran,numba,fortran,segment_reduce_ragged,626373,626373,v11w2-kimi27sglang-fortran.n0.p2.w2,3,14.108649,190499435.000000,13004209.000000,0.000000,graded_attempt,sources/v11w2-kimi27sglang-fortran/segment_reduce_ragged/626373.626373.v11w2-kimi27sglang-fortran.n0.p2.w2/candidate_03_submission.txt,83a00f950f5171bfa9edcd911b5432f393365f305658227b6819f0e5f43179a4
v11w2-kimi27sglang-fortran,numba,fortran,segment_reduce_ragged,626373,626373,v11w2-kimi27sglang-fortran.n0.p2.w2,1,10.892554,190499435.000000,16740820.000000,0.000000,graded_attempt,sources/v11w2-kimi27sglang-fortran/segment_reduce_ragged/626373.626373.v11w2-kimi27sglang-fortran.n0.p2.w2/candidate_01_submission.txt,ce7fa14370f6212d0ab9241023b86d5b71ab1dd7d99d0c95be8fdf5ee7d9fb96
v11w2-oss120b-c-skills,numba,c,segment_reduce_ragged,628163,628163,v11w2-oss120b-c-skills.n0.p1.w1,1,12.396742,177611551.000000,13609580.000000,0.000000,,,
v11w2-oss120b-fortran,numba,fortran,segment_reduce_ragged,627011,627011,v11w2-oss120b-fortran.n0.p4.w4,1,13.968959,185701580.000000,12603137.000000,0.000000,graded_attempt,sources/v11w2-oss120b-fortran/segment_reduce_ragged/627011.627011.v11w2-oss120b-fortran.n0.p4.w4/candidate_01_submission.txt,49f1b5ccf7965c8b37d9a4b1cb9663d3738e8421e623fab9a1845ef8d55db785
v11w2-oss120b-fortran-skills,numba,fortran,segment_reduce_ragged,627012,627012,v11w2-oss120b-fortran-skills.n0.p5.w5,1,12.032156,197684810.000000,15978044.000000,0.000000,graded_attempt,sources/v11w2-oss120b-fortran-skills/segment_reduce_ragged/627012.627012.v11w2-oss120b-fortran-skills.n0.p5.w5/candidate_01_submission.txt,5f5fd437fc38a2008ef3aaf0da6f4d0801b53ce4bd2706e070720748935a352d
v11w2-qwen38-fortran,numba,fortran,segment_reduce_ragged,626371,626371,v11w2-qwen38-fortran.n0.p5.w5,1,13.423895,188642583.000000,13713764.000000,0.000000,graded_attempt,sources/v11w2-qwen38-fortran/segment_reduce_ragged/626371.626371.v11w2-qwen38-fortran.n0.p5.w5/candidate_01_submission.txt,76b7cbe658ab7e94b9f881ebe927966121639887dfdbf003e9c2e93499614516
v11w2-qwen38-fortran,numba,fortran,segment_reduce_ragged,626371,626371,v11w2-qwen38-fortran.n0.p5.w5,2,13.290985,188642583.000000,13826927.000000,0.000000,graded_attempt,sources/v11w2-qwen38-fortran/segment_reduce_ragged/626371.626371.v11w2-qwen38-fortran.n0.p5.w5/candidate_02_submission.txt,7b44a08a86f81f8b5223734834901dcf8e3c98b129e6cc2f949780215fbe70f5
v11w2-qwen38-fortran-skills,numba,fortran,segment_reduce_ragged,626372,626372,v11w2-qwen38-fortran-skills.n0.p2.w2,1,13.290985,190894042.000000,13545664.000000,0.000000,graded_attempt,sources/v11w2-qwen38-fortran-skills/segment_reduce_ragged/626372.626372.v11w2-qwen38-fortran-skills.n0.p2.w2/candidate_01_submission.txt,bb63e6a07dffe1098a30f1b270da00cc19e06756260daeda3e50f220d1b54766
v11w2-qwen38-fortran-skills,numba,fortran,segment_reduce_ragged,626372,626372,v11w2-qwen38-fortran-skills.n0.p2.w2,2,13.290985,190894042.000000,13506835.000000,0.000000,graded_attempt,sources/v11w2-qwen38-fortran-skills/segment_reduce_ragged/626372.626372.v11w2-qwen38-fortran-skills.n0.p2.w2/candidate_02_submission.txt,e7660ef0d1d57e6077e0d1704cb4e72e958b3b352c0c576958e917db5baa4dcb
v11w2-qwen38-fortran-skills,numba,fortran,segment_reduce_ragged,626372,626372,v11w2-qwen38-fortran-skills.n0.p2.w2,3,13.159392,190894042.000000,13831334.000000,0.000000,graded_attempt,sources/v11w2-qwen38-fortran-skills/segment_reduce_ragged/626372.626372.v11w2-qwen38-fortran-skills.n0.p2.w2/candidate_02_submission.txt,e7660ef0d1d57e6077e0d1704cb4e72e958b3b352c0c576958e917db5baa4dcb
gpuv2-llr40-oss120b-hip,numba,hip,tsvc_2_s115,627167,627167,gpuv2-llr40-oss120b-hip.n0.p11.w11,1,1.208109,141862337.000000,109577148.000000,0.000000,graded_attempt,sources/gpuv2-llr40-oss120b-hip/tsvc_2_s115/627167.627167.gpuv2-llr40-oss120b-hip.n0.p11.w11/candidate_01_submission.txt,107a42239f7d3f10741a69f8b60cc1bb74c68dab8e5dc7b74877a9d77ddb4faa
gpuv2-llr40-oss120b-hip-skills,numba,hip,tsvc_2_s115,627168,627168,gpuv2-llr40-oss120b-hip-skills.n0.p11.w11,1,2.928926,134176551.000000,42060214.000000,0.000000,graded_attempt,sources/gpuv2-llr40-oss120b-hip-skills/tsvc_2_s115/627168.627168.gpuv2-llr40-oss120b-hip-skills.n0.p11.w11/candidate_01_submission.txt,ab18fe45f07a9231296192581a758d1dbfe3e0d073cabc9fcc06e413109a0eb9
gpuv2-llr40-oss120b-omp,numba,c,tsvc_2_s115,627173,627173,gpuv2-llr40-oss120b-omp.n0.p11.w11,1,1.644632,146736004.000000,88369604.000000,0.000000,graded_attempt,sources/gpuv2-llr40-oss120b-omp/tsvc_2_s115/627173.627173.gpuv2-llr40-oss120b-omp.n0.p11.w11/candidate_01_submission.txt,cd94359337f688448ee764726df7c8d190996a8e57321fe2b6d36208cfcfcd85
gpuv2-llr40-oss120b-omp-skills,numba,c,tsvc_2_s115,627174,627174,gpuv2-llr40-oss120b-omp-skills.n0.p11.w11,1,1.644632,150090476.000000,91009848.000000,0.000000,graded_attempt,sources/gpuv2-llr40-oss120b-omp-skills/tsvc_2_s115/627174.627174.gpuv2-llr40-oss120b-omp-skills.n0.p11.w11/candidate_01_submission.txt,a3d49dc65baad2e862142443bad59604c430e9d1dca66250ab87f39a91bd550d
gpuv4-llr40-oss120b-pytriton,numba,python,tsvc_2_s115,627175,627175,gpuv4-llr40-oss120b-pytriton.n0.p11.w11,1,2.786772,181620218.000000,64578038.000000,0.000000,graded_attempt,sources/gpuv4-llr40-oss120b-pytriton/tsvc_2_s115/627175.627175.gpuv4-llr40-oss120b-pytriton.n0.p11.w11/candidate_01_submission.txt,138f90aecd329f5960b3f1d57bd9e34392c171bc6d0fbad1a9793c5fb6e3ea5c
gpuv4-llr40-oss120b-pytriton-skills,numba,python,tsvc_2_s115,627176,627176,gpuv4-llr40-oss120b-pytriton-skills.n0.p11.w11,1,1.000000,131581835.000000,134039642.000000,0.000000,graded_attempt,sources/gpuv4-llr40-oss120b-pytriton-skills/tsvc_2_s115/627176.627176.gpuv4-llr40-oss120b-pytriton-skills.n0.p11.w11/candidate_01_submission.txt,03da1026204add7c579986e4363668fb70d19b5793959ae22deb1d98ee19dfc2
gpuv4-llr40-qwen38-pytriton,numba,python,tsvc_2_s115,626557,626557,gpuv4-llr40-qwen38-pytriton.n0.p11.w11,1,1.061520,139516116.000000,130872187.000000,0.000000,graded_attempt,sources/gpuv4-llr40-qwen38-pytriton/tsvc_2_s115/626557.626557.gpuv4-llr40-qwen38-pytriton.n0.p11.w11/candidate_01_submission.txt,9b421cade805171eaaed18afd2bca9f9f0b371dcc28a4534bad93c0a994b300d
gpuv4-llr40-qwen38-pytriton,numba,python,tsvc_2_s115,627019,627019,gpuv4-llr40-qwen38-pytriton.n0.p11.w11,1,1.061520,133662211.000000,133640131.000000,0.000000,graded_attempt,sources/gpuv4-llr40-qwen38-pytriton/tsvc_2_s115/627019.627019.gpuv4-llr40-qwen38-pytriton.n0.p11.w11/candidate_01_submission.txt,0fc498b2d68ec8008c3158573302ac3382926a718938344c10567852680efbd7
llr40v10-kimi27sglang-c,numba,c,tsvc_2_s115,621729,621729,llr40v10-kimi27sglang-c.n0.p11.w11,2,3.017675,132111857.000000,41830751.000000,0.000000,graded_attempt,sources/llr40v10-kimi27sglang-c/tsvc_2_s115/621729.621729.llr40v10-kimi27sglang-c.n0.p11.w11/candidate_02_submission.txt,881ca8bcf492d072ffd94301f8a7cd608e49b5c5bcb3b398866c643b2614e4a1
llr40v10-kimi27sglang-c,numba,c,tsvc_2_s115,621729,621729,llr40v10-kimi27sglang-c.n0.p11.w11,3,2.958215,132111857.000000,42432285.000000,0.000000,graded_attempt,sources/llr40v10-kimi27sglang-c/tsvc_2_s115/621729.621729.llr40v10-kimi27sglang-c.n0.p11.w11/candidate_03_submission.txt,3cdf9afc27a4ebf541ae4266f58ad10f8d4ec47791c27daaa8bb500b4a0fc456
llr40v10-kimi27sglang-c,numba,c,tsvc_2_s115,621729,621729,llr40v10-kimi27sglang-c.n0.p11.w11,4,2.928926,132111857.000000,44003144.000000,0.000000,graded_attempt,sources/llr40v10-kimi27sglang-c/tsvc_2_s115/621729.621729.llr40v10-kimi27sglang-c.n0.p11.w11/candidate_03_submission.txt,3cdf9afc27a4ebf541ae4266f58ad10f8d4ec47791c27daaa8bb500b4a0fc456
llr40v10-kimi27sglang-c,numba,c,tsvc_2_s115,621729,621729,llr40v10-kimi27sglang-c.n0.p11.w11,1,1.518790,132111857.000000,85054383.000000,0.000000,graded_attempt,sources/llr40v10-kimi27sglang-c/tsvc_2_s115/621729.621729.llr40v10-kimi27sglang-c.n0.p11.w11/candidate_01_submission.txt,0939022f0aa46bc9ca56fec4906ffb21330fd28c3994ef2b713634b7080fb1ec
llr40v10-kimi27sglang-c-skills,numba,c,tsvc_2_s115,621025,621025,llr40v10-kimi27sglang-c-skills.n0.p11.w11,7,3.756148,158321872.000000,40713056.000000,0.000000,graded_attempt,sources/llr40v10-kimi27sglang-c-skills/tsvc_2_s115/621025.621025.llr40v10-kimi27sglang-c-skills.n0.p11.w11/candidate_02_submission.txt,cc2893ccc91236d46f0606f2c90bd3765d800d374813cf76446c89eb3fce9491
llr40v10-kimi27sglang-c-skills,numba,c,tsvc_2_s115,621025,621025,llr40v10-kimi27sglang-c-skills.n0.p11.w11,5,3.645680,158321872.000000,42718057.000000,0.000000,graded_attempt,sources/llr40v10-kimi27sglang-c-skills/tsvc_2_s115/621025.621025.llr40v10-kimi27sglang-c-skills.n0.p11.w11/candidate_02_submission.txt,cc2893ccc91236d46f0606f2c90bd3765d800d374813cf76446c89eb3fce9491
llr40v10-kimi27sglang-c-skills,numba,c,tsvc_2_s115,621025,621025,llr40v10-kimi27sglang-c-skills.n0.p11.w11,2,3.609585,158321872.000000,42529307.000000,0.000000,graded_attempt,sources/llr40v10-kimi27sglang-c-skills/tsvc_2_s115/621025.621025.llr40v10-kimi27sglang-c-skills.n0.p11.w11/candidate_02_submission.txt,cc2893ccc91236d46f0606f2c90bd3765d800d374813cf76446c89eb3fce9491
llr40v10-kimi27sglang-c-skills,numba,c,tsvc_2_s115,621025,621025,llr40v10-kimi27sglang-c-skills.n0.p11.w11,3,3.538461,158321872.000000,41961383.000000,0.000000,graded_attempt,sources/llr40v10-kimi27sglang-c-skills/tsvc_2_s115/621025.621025.llr40v10-kimi27sglang-c-skills.n0.p11.w11/candidate_03_submission.txt,beee48af9cfc271e29fec9cf9a6b730ee612e7493b6b487c033e7c9fdf8bb34f
llr40v10-kimi27sglang-c-skills,numba,c,tsvc_2_s115,621025,621025,llr40v10-kimi27sglang-c-skills.n0.p11.w11,6,3.468740,158321872.000000,43363855.000000,0.000000,graded_attempt,sources/llr40v10-kimi27sglang-c-skills/tsvc_2_s115/621025.621025.llr40v10-kimi27sglang-c-skills.n0.p11.w11/candidate_06_submission.txt,d8af34c965736f3c0545b97642cdd3ebef1893f595972b7a1e67e46316870fdf
llr40v10-kimi27sglang-c-skills,numba,c,tsvc_2_s115,621025,621025,llr40v10-kimi27sglang-c-skills.n0.p11.w11,4,3.300387,158321872.000000,43985070.000000,0.000000,graded_attempt,sources/llr40v10-kimi27sglang-c-skills/tsvc_2_s115/621025.621025.llr40v10-kimi27sglang-c-skills.n0.p11.w11/candidate_03_submission.txt,beee48af9cfc271e29fec9cf9a6b730ee612e7493b6b487c033e7c9fdf8bb34f
llr40v10-kimi27sglang-c-skills,numba,c,tsvc_2_s115,621025,621025,llr40v10-kimi27sglang-c-skills.n0.p11.w11,1,3.235356,158321872.000000,45768241.000000,0.000000,graded_attempt,sources/llr40v10-kimi27sglang-c-skills/tsvc_2_s115/621025.621025.llr40v10-kimi27sglang-c-skills.n0.p11.w11/candidate_01_submission.txt,8a88353a0b935b1db8164a8aa56a4731e1ccb5535a5e80c67c718be4e5d8b814
llr40v10-kimi27sglang-fortran,numba,fortran,tsvc_2_s115,621731,621731,llr40v10-kimi27sglang-fortran.n0.p11.w11,1,1.115668,145121599.000000,127760764.000000,0.000000,graded_attempt,sources/llr40v10-kimi27sglang-fortran/tsvc_2_s115/621731.621731.llr40v10-kimi27sglang-fortran.n0.p11.w11/candidate_01_submission.txt,924accf76f2b7689eb26e3a5624738cb603c4d5c39aa5000b635c89fcb5dec95
llr40v10-kimi27sglang-fortran-skills,numba,fortran,tsvc_2_s115,621029,621029,llr40v10-kimi27sglang-fortran-skills.n0.p11.w11,1,3.538461,150552962.000000,41733743.000000,0.000000,graded_attempt,sources/llr40v10-kimi27sglang-fortran-skills/tsvc_2_s115/621029.621029.llr40v10-kimi27sglang-fortran-skills.n0.p11.w11/candidate_01_submission.txt,0d285701dca42e7c689d3b489e7f30122f244adc3f05684f459dc245f8156b8a
llr40v10-oss120b-c,c,c,tsvc_2_s115,621382,621382,llr40v10-oss120b-c.n0.p11.w11,1,2.088246,94829627.000000,43930939.000000,0.000000,graded_attempt,sources/llr40v10-oss120b-c/tsvc_2_s115/621382.621382.llr40v10-oss120b-c.n0.p11.w11/candidate_01_submission.txt,b33e9390be3691b810d79aa864354175d7ff12d1b42492b329567bf13b45a36b
llr40v10-oss120b-c,c,c,tsvc_2_s115,621015,621015,llr40v10-oss120b-c.n0.p11.w11,1,1.000000,113316861.000000,114031834.000000,0.000000,graded_attempt,sources/llr40v10-oss120b-c/tsvc_2_s115/621015.621015.llr40v10-oss120b-c.n0.p11.w11/candidate_01_submission.txt,e5bd0b9f8d766261b4936c1c63ef416841af055ad013b4c6f7fe9c6256e31b77
llr40v10-oss120b-c-skills,numba,c,tsvc_2_s115,621023,621023,llr40v10-oss120b-c-skills.n0.p11.w11,1,1.503752,135997544.000000,88955506.000000,0.000000,graded_attempt,sources/llr40v10-oss120b-c-skills/tsvc_2_s115/621023.621023.llr40v10-oss120b-c-skills.n0.p11.w11/candidate_01_submission.txt,2012cf8b082c549714d298221dc6e0f28af96111f087677fa22753047b38bfb8
llr40v10-oss120b-fortran,c,fortran,tsvc_2_s115,621019,621019,llr40v10-oss120b-fortran.n0.p11.w11,1,2.130220,91273764.000000,40782913.000000,0.000000,graded_attempt,sources/llr40v10-oss120b-fortran/tsvc_2_s115/621019.621019.llr40v10-oss120b-fortran.n0.p11.w11/candidate_01_submission.txt,d06e65ce905ca4398248f0c40f6983b7cafd5a788dbe327a1e75132355c0a083
llr40v10-oss120b-fortran,c,fortran,tsvc_2_s115,621384,621384,llr40v10-oss120b-fortran.n0.p11.w11,2,1.061520,93980408.000000,85518333.000000,0.000000,graded_attempt,sources/llr40v10-oss120b-fortran/tsvc_2_s115/621384.621384.llr40v10-oss120b-fortran.n0.p11.w11/candidate_02_submission.txt,2087d7eb6551dbf0ddaede032820036ed3ca9f8caeeb08b8042293c2a53cb938
llr40v10-oss120b-fortran,c,fortran,tsvc_2_s115,621384,621384,llr40v10-oss120b-fortran.n0.p11.w11,1,1.000000,95310002.000000,95560563.000000,0.000000,graded_attempt,sources/llr40v10-oss120b-fortran/tsvc_2_s115/621384.621384.llr40v10-oss120b-fortran.n0.p11.w11/candidate_02_submission.txt,2087d7eb6551dbf0ddaede032820036ed3ca9f8caeeb08b8042293c2a53cb938
llr40v10-oss120b-fortran-skills,numba,fortran,tsvc_2_s115,621027,621027,llr40v10-oss120b-fortran-skills.n0.p11.w11,1,3.538461,162442529.000000,44282940.000000,0.000000,graded_attempt,sources/llr40v10-oss120b-fortran-skills/tsvc_2_s115/621027.621027.llr40v10-oss120b-fortran-skills.n0.p11.w11/candidate_01_submission.txt,ca0da30c55ccf1048f2d960db052ce57776ddcd0b1ee2b23dfe3fc740d1a9d26
llr40v10-qwen38-c,c,c,tsvc_2_s115,621383,621383,llr40v10-qwen38-c.n0.p11.w11,2,2.026831,89680665.000000,42342151.000000,0.000000,graded_attempt,sources/llr40v10-qwen38-c/tsvc_2_s115/621383.621383.llr40v10-qwen38-c.n0.p11.w11/candidate_02_submission.txt,790a60721ae27536b2f75078a27ea9fcd25e543a77f4b352ef41b912d1367b2f
llr40v10-qwen38-c,numba,c,tsvc_2_s115,621727,621727,llr40v10-qwen38-c.n0.p11.w11,1,1.533978,140771201.000000,90126399.000000,0.000000,graded_attempt,sources/llr40v10-qwen38-c/tsvc_2_s115/621727.621727.llr40v10-qwen38-c.n0.p11.w11/candidate_01_submission.txt,c1daeb1336a6f5ff64b2adaf2e7664928a7d82432ee01d6c1669fd818d20415a
llr40v10-qwen38-c,c,c,tsvc_2_s115,621383,621383,llr40v10-qwen38-c.n0.p11.w11,1,1.000000,92711161.000000,93803579.000000,0.000000,graded_attempt,sources/llr40v10-qwen38-c/tsvc_2_s115/621383.621383.llr40v10-qwen38-c.n0.p11.w11/candidate_01_submission.txt,91ce0b4fa3ddfcd8bb5393c0b9fa1562d413974825df93b957b94abf473beb18
llr40v10-qwen38-c-skills,numba,c,tsvc_2_s115,621024,621024,llr40v10-qwen38-c-skills.n0.p11.w11,1,1.474123,141532710.000000,94537675.000000,0.000000,graded_attempt,sources/llr40v10-qwen38-c-skills/tsvc_2_s115/621024.621024.llr40v10-qwen38-c-skills.n0.p11.w11/candidate_01_submission.txt,dcbe0e65ae4063d2e31a36b7e92fd8c62262663263bc64cb653ad4977096ebb9
llr40v10-qwen38-fortran,numba,fortran,tsvc_2_s115,621728,621728,llr40v10-qwen38-fortran.n0.p11.w11,1,1.402577,130097987.000000,90269185.000000,0.000000,graded_attempt,sources/llr40v10-qwen38-fortran/tsvc_2_s115/621728.621728.llr40v10-qwen38-fortran.n0.p11.w11/candidate_01_submission.txt,d92c1b14968b60102c4271137c3b212827728acdd8f8c010f9252a102f6d9f40
llr40v10-qwen38-fortran,c,fortran,tsvc_2_s115,621020,621020,llr40v10-qwen38-fortran.n0.p11.w11,1,1.000000,88884035.000000,92977681.000000,0.000000,graded_attempt,sources/llr40v10-qwen38-fortran/tsvc_2_s115/621020.621020.llr40v10-qwen38-fortran.n0.p11.w11/candidate_01_submission.txt,b14c1def615f55b1d26056aed9efb6b3b84080a5cd0d56962e89baac2d1690f0
llr40v10-qwen38-fortran,c,fortran,tsvc_2_s115,621385,621385,llr40v10-qwen38-fortran.n0.p11.w11,1,1.000000,102072971.000000,103406504.000000,0.000000,graded_attempt,sources/llr40v10-qwen38-fortran/tsvc_2_s115/621385.621385.llr40v10-qwen38-fortran.n0.p11.w11/candidate_01_submission.txt,023c0d4acad56f3276891ac9704a1ef2b2425ab78d77c9c64b1a7fd3f4c7bfa7
llr40v10-qwen38-fortran-skills,numba,fortran,tsvc_2_s115,621028,621028,llr40v10-qwen38-fortran-skills.n0.p11.w11,1,3.171607,136455709.000000,41601561.000000,0.000000,graded_attempt,sources/llr40v10-qwen38-fortran-skills/tsvc_2_s115/621028.621028.llr40v10-qwen38-fortran-skills.n0.p11.w11/candidate_01_submission.txt,e1bfef18b3914fc05dc6c26ffe47366e398e03665fb342f0709083149fe4f5aa
llr40v11-kimi27sglang-c,numba,c,tsvc_2_s115,625533,625533,llr40v11-kimi27sglang-c.n0.p11.w11,1,1.661078,170973577.000000,101608506.000000,0.000000,graded_attempt,sources/llr40v11-kimi27sglang-c/tsvc_2_s115/625533.625533.llr40v11-kimi27sglang-c.n0.p11.w11/candidate_01_submission.txt,fd952c80da71686d393daa9797823ebf49e1160ea96257f3866d1ec241ab425e
llr40v11-kimi27sglang-c,numba,c,tsvc_2_s115,625533,625533,llr40v11-kimi27sglang-c.n0.p11.w11,2,1.430769,170973577.000000,118633602.000000,0.000000,graded_attempt,sources/llr40v11-kimi27sglang-c/tsvc_2_s115/625533.625533.llr40v11-kimi27sglang-c.n0.p11.w11/candidate_02_submission.txt,37ea3666ae82bfb42351ab9d47b8e83c78de4adc681af7fe14b4ee23a78b815d
llr40v11-kimi27sglang-c-skills,numba,c,tsvc_2_s115,625537,625537,llr40v11-kimi27sglang-c-skills.n0.p11.w11,2,6.301648,170627554.000000,26597211.000000,0.000000,graded_attempt,sources/llr40v11-kimi27sglang-c-skills/tsvc_2_s115/625537.625537.llr40v11-kimi27sglang-c-skills.n0.p11.w11/candidate_02_submission.txt,99633766fcb24cd9a1e246c24d923ca6542bccc29b73895bda4b61927f7a5ee9
llr40v11-kimi27sglang-c-skills,numba,c,tsvc_2_s115,625537,625537,llr40v11-kimi27sglang-c-skills.n0.p11.w11,1,3.682137,170627554.000000,44140391.000000,0.000000,graded_attempt,sources/llr40v11-kimi27sglang-c-skills/tsvc_2_s115/625537.625537.llr40v11-kimi27sglang-c-skills.n0.p11.w11/candidate_01_submission.txt,a5ca50bb8edbc1f6ba84691d027ac790bd4db1800c6ed7a0153da0a288be64dc
llr40v11-kimi27sglang-fortran,numba,fortran,tsvc_2_s115,625541,625541,llr40v11-kimi27sglang-fortran.n0.p11.w11,1,1.051010,145064954.000000,136276961.000000,0.000000,graded_attempt,sources/llr40v11-kimi27sglang-fortran/tsvc_2_s115/625541.625541.llr40v11-kimi27sglang-fortran.n0.p11.w11/candidate_01_submission.txt,a69c5fdd2d61fccd39b712ed47f8f787aae5582904a4de78ac89d2ba763653a0
llr40v11-kimi27sglang-fortran-skills,numba,fortran,tsvc_2_s115,625545,625545,llr40v11-kimi27sglang-fortran-skills.n0.p11.w11,5,6.428311,135135827.000000,20297908.000000,0.000000,graded_attempt,sources/llr40v11-kimi27sglang-fortran-skills/tsvc_2_s115/625545.625545.llr40v11-kimi27sglang-fortran-skills.n0.p11.w11/candidate_05_submission.txt,4b9588e921e3c203b6eb72189c0033e8e02d9d29fb209ea371d0b95ea3b93432
llr40v11-kimi27sglang-fortran-skills,numba,fortran,tsvc_2_s115,625545,625545,llr40v11-kimi27sglang-fortran-skills.n0.p11.w11,4,4.722091,135135827.000000,27312965.000000,0.000000,graded_attempt,sources/llr40v11-kimi27sglang-fortran-skills/tsvc_2_s115/625545.625545.llr40v11-kimi27sglang-fortran-skills.n0.p11.w11/candidate_04_submission.txt,b8c249a3809db279c699c5bb93e1de46723433a8af9983d97638cc96bb1ce1ed
llr40v11-kimi27sglang-fortran-skills,numba,fortran,tsvc_2_s115,625545,625545,llr40v11-kimi27sglang-fortran-skills.n0.p11.w11,3,4.404379,135135827.000000,28926373.000000,0.000000,graded_attempt,sources/llr40v11-kimi27sglang-fortran-skills/tsvc_2_s115/625545.625545.llr40v11-kimi27sglang-fortran-skills.n0.p11.w11/candidate_03_submission.txt,2e1b74ca5467f928f57df5a986f9268900b0f4caf5288e692a85e4fcbcc4c712
llr40v11-kimi27sglang-fortran-skills,numba,fortran,tsvc_2_s115,625545,625545,llr40v11-kimi27sglang-fortran-skills.n0.p11.w11,2,3.017675,135135827.000000,42582787.000000,0.000000,graded_attempt,sources/llr40v11-kimi27sglang-fortran-skills/tsvc_2_s115/625545.625545.llr40v11-kimi27sglang-fortran-skills.n0.p11.w11/candidate_02_submission.txt,0eae8d4ca41a46681d72b4e7cff71f0a1319fef679602132f92c659383de6712
llr40v11-kimi27sglang-fortran-skills,numba,fortran,tsvc_2_s115,625545,625545,llr40v11-kimi27sglang-fortran-skills.n0.p11.w11,1,2.899927,135135827.000000,44685009.000000,0.000000,graded_attempt,sources/llr40v11-kimi27sglang-fortran-skills/tsvc_2_s115/625545.625545.llr40v11-kimi27sglang-fortran-skills.n0.p11.w11/candidate_01_submission.txt,70cc314fe441dafb8d6a3bdd759f69b886af8b4a9df45a98a34a92e0c05ab48e
llr40v11-oss120b-c,numba,c,tsvc_2_s115,625531,625531,llr40v11-oss120b-c.n0.p11.w11,1,1.580459,148468915.000000,90910907.000000,0.000000,graded_attempt,sources/llr40v11-oss120b-c/tsvc_2_s115/625531.625531.llr40v11-oss120b-c.n0.p11.w11/candidate_01_submission.txt,911cc1b52b923e4b50fed986fede35a3bbc3ce5294ca30be8097ca9a5390f5fa
llr40v11-oss120b-c-skills,numba,c,tsvc_2_s115,625535,625535,llr40v11-oss120b-c-skills.n0.p11.w11,1,3.078330,144397428.000000,43379599.000000,0.000000,graded_attempt,sources/llr40v11-oss120b-c-skills/tsvc_2_s115/625535.625535.llr40v11-oss120b-c-skills.n0.p11.w11/candidate_01_submission.txt,e96da1ca39696b56066f258ac25e8e5fd908e90fdf586431e4c65581362383c0
llr40v11-oss120b-fortran,numba,fortran,tsvc_2_s115,625539,625539,llr40v11-oss120b-fortran.n0.p11.w11,1,1.780901,145288047.000000,80125408.000000,0.000000,graded_attempt,sources/llr40v11-oss120b-fortran/tsvc_2_s115/625539.625539.llr40v11-oss120b-fortran.n0.p11.w11/candidate_01_submission.txt,3a4dab267b33e9f4e119a61b15e26b621e6f24bc7537e5cec42f27018d109f23
llr40v11-oss120b-fortran-skills,numba,fortran,tsvc_2_s115,625543,625543,llr40v11-oss120b-fortran-skills.n0.p11.w11,1,1.459527,136433698.000000,93364439.000000,0.000000,graded_attempt,sources/llr40v11-oss120b-fortran-skills/tsvc_2_s115/625543.625543.llr40v11-oss120b-fortran-skills.n0.p11.w11/candidate_02_submission.txt,66c7b8bbc663a44a33d4f586bf6f8aae7257834421307ce75b5b72779ec91340
llr40v11-qwen38-c,numba,c,tsvc_2_s115,625532,625532,llr40v11-qwen38-c.n0.p11.w11,1,6.557520,146549255.000000,21439889.000000,0.000000,graded_attempt,sources/llr40v11-qwen38-c/tsvc_2_s115/625532.625532.llr40v11-qwen38-c.n0.p11.w11/candidate_01_submission.txt,33531dfed4f5488528b2cd78420f8c9fcf41d08df5a48d60ff2fce493e2f5b64
v11w2-qwen38-c-skills,numba,c,tsvc_2_s115,627008,627008,v11w2-qwen38-c-skills.n0.p0.w0,2,5.537023,160053358.000000,25303700.000000,0.000000,graded_attempt,sources/v11w2-qwen38-c-skills/tsvc_2_s115/627008.627008.v11w2-qwen38-c-skills.n0.p0.w0/candidate_02_submission.txt,242858e61f2bb40e3e2d45139390dddee04993873bf7c3766b33dce8de96c17a
v11w2-qwen38-c-skills,numba,c,tsvc_2_s115,627008,627008,v11w2-qwen38-c-skills.n0.p0.w0,1,4.190616,160053358.000000,37036629.000000,0.000000,graded_attempt,sources/v11w2-qwen38-c-skills/tsvc_2_s115/627008.627008.v11w2-qwen38-c-skills.n0.p0.w0/candidate_01_submission.txt,fc95da7566c082bcaf1b16ac9c07608dd24c2ba4c662073070e5c612e6b61368
v11w2-qwen38-fortran,numba,fortran,tsvc_2_s115,627013,627013,v11w2-qwen38-fortran.n0.p2.w2,1,5.320970,148753206.000000,26921069.000000,0.000000,graded_attempt,sources/v11w2-qwen38-fortran/tsvc_2_s115/627013.627013.v11w2-qwen38-fortran.n0.p2.w2/candidate_01_submission.txt,26f217d819b157a2415ed67f6e9126eadbabc27d88a6fd3a7a27aebd9cc04043
v11w2-qwen38-fortran-skills,numba,fortran,tsvc_2_s115,627014,627014,v11w2-qwen38-fortran-skills.n0.p0.w0,2,9.570880,139676408.000000,14222517.000000,0.000000,graded_attempt,sources/v11w2-qwen38-fortran-skills/tsvc_2_s115/627014.627014.v11w2-qwen38-fortran-skills.n0.p0.w0/candidate_02_submission.txt,4fac04b1a90843c0dcadb83286b11e345491433a9261f99f00c3f9be783ef0b0
v11w2-qwen38-fortran-skills,numba,fortran,tsvc_2_s115,627014,627014,v11w2-qwen38-fortran-skills.n0.p0.w0,1,8.838547,139676408.000000,15248174.000000,0.000000,graded_attempt,sources/v11w2-qwen38-fortran-skills/tsvc_2_s115/627014.627014.v11w2-qwen38-fortran-skills.n0.p0.w0/candidate_01_submission.txt,ba4c47d9312dd3b80a2e9bc7dcbf30d7e8b857d2918d7ab1a7a194861b8e3e3f
gpuv2-llr40-oss120b-hip,numba,hip,tsvc_2_s119,627167,627167,gpuv2-llr40-oss120b-hip.n0.p12.w12,1,18.093383,116131611.000000,6362093.000000,0.000000,graded_attempt,sources/gpuv2-llr40-oss120b-hip/tsvc_2_s119/627167.627167.gpuv2-llr40-oss120b-hip.n0.p12.w12/candidate_01_submission.txt,695b793373d7a52f691c67517d20247b3a44a7da30b178e32a954f8ad30ad2c1
gpuv2-llr40-oss120b-hip-skills,numba,hip,tsvc_2_s119,627168,627168,gpuv2-llr40-oss120b-hip-skills.n0.p12.w12,1,3.573846,118321434.000000,32856781.000000,0.000000,graded_attempt,sources/gpuv2-llr40-oss120b-hip-skills/tsvc_2_s119/627168.627168.gpuv2-llr40-oss120b-hip-skills.n0.p12.w12/candidate_02_submission.txt,1ad5830d632c4b5ab7d6ae492b63d3a853cdc3eb0c967578fc5de06b8d81d390
gpuv2-llr40-qwen38-hip,numba,hip,tsvc_2_s119,627017,627017,gpuv2-llr40-qwen38-hip.n0.p12.w12,1,19.788466,114123972.000000,5391232.000000,0.000000,graded_attempt,sources/gpuv2-llr40-qwen38-hip/tsvc_2_s119/627017.627017.gpuv2-llr40-qwen38-hip.n0.p12.w12/candidate_01_submission.txt,fd422c1d032d9c10395d88f8bf90cd2a809eebf9c55febb79f2e9058a1f4bca9
gpuv2-llr40-qwen38-hip-skills,numba,hip,tsvc_2_s119,626646,626646,gpuv2-llr40-qwen38-hip-skills.n0.p12.w12,1,53.524117,104117701.000000,1881916.000000,0.000000,graded_attempt,sources/gpuv2-llr40-qwen38-hip-skills/tsvc_2_s119/626646.626646.gpuv2-llr40-qwen38-hip-skills.n0.p12.w12/candidate_01_submission.txt,1ada283e2ab37251dc62ec1cfb9ede600715c3d1ff11e002473f45485fa93fc3
gpuv4-llr40-oss120b-pytriton,numba,python,tsvc_2_s119,627175,627175,gpuv4-llr40-oss120b-pytriton.n0.p12.w12,1,1.061520,127430082.000000,118916416.000000,0.000000,graded_attempt,sources/gpuv4-llr40-oss120b-pytriton/tsvc_2_s119/627175.627175.gpuv4-llr40-oss120b-pytriton.n0.p12.w12/candidate_01_submission.txt,174e909ffa36c16849d53c916abf62066e8e0755d7c6960645c548f9d91b5472
gpuv4-llr40-oss120b-pytriton-skills,numba,python,tsvc_2_s119,627176,627176,gpuv4-llr40-oss120b-pytriton-skills.n0.p12.w12,1,1.115668,134137382.000000,118993109.000000,0.000000,graded_attempt,sources/gpuv4-llr40-oss120b-pytriton-skills/tsvc_2_s119/627176.627176.gpuv4-llr40-oss120b-pytriton-skills.n0.p12.w12/candidate_01_submission.txt,ebec2fa4aac0b659c042e5ac5c065f866b4096b6f539e3057e10dfc3b6ed2cc0
llr40v10-kimi27sglang-c,c,c,tsvc_2_s119,621017,621017,llr40v10-kimi27sglang-c.n0.p12.w12,1,1.745810,92655036.000000,50804543.000000,0.000000,graded_attempt,sources/llr40v10-kimi27sglang-c/tsvc_2_s119/621017.621017.llr40v10-kimi27sglang-c.n0.p12.w12/candidate_01_submission.txt,2a671325b27507603d8d1937f308bc7248a51f673b1d3204a8c9804c10947f08
llr40v10-kimi27sglang-c-skills,numba,c,tsvc_2_s119,621025,621025,llr40v10-kimi27sglang-c-skills.n0.p12.w12,1,3.109114,143232164.000000,44991404.000000,0.000000,graded_attempt,sources/llr40v10-kimi27sglang-c-skills/tsvc_2_s119/621025.621025.llr40v10-kimi27sglang-c-skills.n0.p12.w12/candidate_01_submission.txt,e7e0d561280f8ef499d79a874b83467f2c9a6b094ed988e36b4ece0d65188e11
llr40v10-kimi27sglang-fortran,numba,fortran,tsvc_2_s119,621731,621731,llr40v10-kimi27sglang-fortran.n0.p12.w12,1,3.434396,160112222.000000,44648998.000000,0.000000,graded_attempt,sources/llr40v10-kimi27sglang-fortran/tsvc_2_s119/621731.621731.llr40v10-kimi27sglang-fortran.n0.p12.w12/candidate_01_submission.txt,43fd78e97194819915445f0a390e00bc8e389203157325ff663e2a3b1b6240e3
llr40v10-kimi27sglang-fortran-skills,numba,fortran,tsvc_2_s119,621029,621029,llr40v10-kimi27sglang-fortran-skills.n0.p12.w12,1,2.473119,106797771.000000,41619235.000000,0.000000,graded_attempt,sources/llr40v10-kimi27sglang-fortran-skills/tsvc_2_s119/621029.621029.llr40v10-kimi27sglang-fortran-skills.n0.p12.w12/candidate_01_submission.txt,3c3dc4133dbdc61e53ab33af520ad6b97eb7695bd087cea48b4f056799041756
llr40v10-kimi27sglang-fortran-skills,numba,fortran,tsvc_2_s119,621029,621029,llr40v10-kimi27sglang-fortran-skills.n0.p12.w12,2,2.261271,106797771.000000,46618729.000000,0.000000,graded_attempt,sources/llr40v10-kimi27sglang-fortran-skills/tsvc_2_s119/621029.621029.llr40v10-kimi27sglang-fortran-skills.n0.p12.w12/candidate_02_submission.txt,e5006f7d48b7f285c513a672ac121a844c9c3bcd3cc31255cf78206d9d1ba9c6
llr40v10-oss120b-c,c,c,tsvc_2_s119,621015,621015,llr40v10-oss120b-c.n0.p12.w12,2,1.126825,99903968.000000,76679235.000000,0.000000,graded_attempt,sources/llr40v10-oss120b-c/tsvc_2_s119/621015.621015.llr40v10-oss120b-c.n0.p12.w12/candidate_01_submission.txt,d38cd893183214cb61a2755b786a7fe2ed6899e9d2cd5be62ea8dbc5782b05a8
llr40v10-oss120b-c,c,c,tsvc_2_s119,621015,621015,llr40v10-oss120b-c.n0.p12.w12,1,1.093685,97000039.000000,77122488.000000,0.000000,graded_attempt,sources/llr40v10-oss120b-c/tsvc_2_s119/621015.621015.llr40v10-oss120b-c.n0.p12.w12/candidate_01_submission.txt,d38cd893183214cb61a2755b786a7fe2ed6899e9d2cd5be62ea8dbc5782b05a8
llr40v10-oss120b-c,c,c,tsvc_2_s119,621382,621382,llr40v10-oss120b-c.n0.p12.w12,1,1.000000,87512050.000000,86854727.000000,0.000000,graded_attempt,sources/llr40v10-oss120b-c/tsvc_2_s119/621382.621382.llr40v10-oss120b-c.n0.p12.w12/candidate_01_submission.txt,ad63ce3d874d32ddd5b930ae912bfca0d271582dee8a5caffe7a4f03f00fbe7f
llr40v10-oss120b-c-skills,numba,c,tsvc_2_s119,621023,621023,llr40v10-oss120b-c-skills.n0.p12.w12,4,1.503752,128570620.000000,73700233.000000,0.000000,graded_attempt,sources/llr40v10-oss120b-c-skills/tsvc_2_s119/621023.621023.llr40v10-oss120b-c-skills.n0.p12.w12/candidate_01_submission.txt,6cfd72eb96a4516c6fa7f9c2d112808be207a4cd0a7edc9a15bb203d83bdd3c7
llr40v10-oss120b-c-skills,numba,c,tsvc_2_s119,621023,621023,llr40v10-oss120b-c-skills.n0.p12.w12,5,1.503752,128570620.000000,74124843.000000,0.000000,graded_attempt,sources/llr40v10-oss120b-c-skills/tsvc_2_s119/621023.621023.llr40v10-oss120b-c-skills.n0.p12.w12/candidate_05_submission.txt,6d3c7174b2c3f511301e0c026e049c01adca6b2f188178aa6982069a75b2746a
llr40v10-oss120b-c-skills,numba,c,tsvc_2_s119,621023,621023,llr40v10-oss120b-c-skills.n0.p12.w12,3,1.474123,128570620.000000,75494913.000000,0.000000,graded_attempt,sources/llr40v10-oss120b-c-skills/tsvc_2_s119/621023.621023.llr40v10-oss120b-c-skills.n0.p12.w12/candidate_01_submission.txt,6cfd72eb96a4516c6fa7f9c2d112808be207a4cd0a7edc9a15bb203d83bdd3c7
llr40v10-oss120b-c-skills,numba,c,tsvc_2_s119,621023,621023,llr40v10-oss120b-c-skills.n0.p12.w12,1,1.459527,128570620.000000,75100744.000000,0.000000,graded_attempt,sources/llr40v10-oss120b-c-skills/tsvc_2_s119/621023.621023.llr40v10-oss120b-c-skills.n0.p12.w12/candidate_01_submission.txt,6cfd72eb96a4516c6fa7f9c2d112808be207a4cd0a7edc9a15bb203d83bdd3c7
llr40v10-oss120b-c-skills,numba,c,tsvc_2_s119,621023,621023,llr40v10-oss120b-c-skills.n0.p12.w12,2,1.402577,128570620.000000,80117383.000000,0.000000,graded_attempt,sources/llr40v10-oss120b-c-skills/tsvc_2_s119/621023.621023.llr40v10-oss120b-c-skills.n0.p12.w12/candidate_01_submission.txt,6cfd72eb96a4516c6fa7f9c2d112808be207a4cd0a7edc9a15bb203d83bdd3c7
llr40v10-oss120b-c-skills,numba,c,tsvc_2_s119,621023,621023,llr40v10-oss120b-c-skills.n0.p12.w12,6,1.282432,128570620.000000,99398487.000000,0.000000,graded_attempt,sources/llr40v10-oss120b-c-skills/tsvc_2_s119/621023.621023.llr40v10-oss120b-c-skills.n0.p12.w12/candidate_06_submission.txt,8b10a01bd1a863ec293944c8c10469b38f72708812cff7baea6da309cf2a2776
llr40v10-oss120b-fortran,c,fortran,tsvc_2_s119,621019,621019,llr40v10-oss120b-fortran.n0.p12.w12,1,1.000000,84900548.000000,88637105.000000,0.000000,graded_attempt,sources/llr40v10-oss120b-fortran/tsvc_2_s119/621019.621019.llr40v10-oss120b-fortran.n0.p12.w12/candidate_01_submission.txt,73d07b0ddf70de07fe77417e429081d844cff694b0a98bffa398a72abb9317d7
llr40v10-oss120b-fortran,c,fortran,tsvc_2_s119,621384,621384,llr40v10-oss120b-fortran.n0.p12.w12,1,1.000000,89199062.000000,88576670.000000,0.000000,graded_attempt,sources/llr40v10-oss120b-fortran/tsvc_2_s119/621384.621384.llr40v10-oss120b-fortran.n0.p12.w12/candidate_01_submission.txt,81d7c4cde4fe973a340d3af0b4688ac1e00cd049fb4a7be313faf331164cc3d5
llr40v10-oss120b-fortran-skills,numba,fortran,tsvc_2_s119,621027,621027,llr40v10-oss120b-fortran-skills.n0.p12.w12,1,1.257163,106528936.000000,75186441.000000,0.000000,graded_attempt,sources/llr40v10-oss120b-fortran-skills/tsvc_2_s119/621027.621027.llr40v10-oss120b-fortran-skills.n0.p12.w12/candidate_01_submission.txt,140a88728d8be0814f5ec70609b5ed167d936285726d817d875ca23b45b0fa23
llr40v10-qwen38-c,numba,c,tsvc_2_s119,622265,622265,llr40v10-qwen38-c.n0.p12.w12,2,5.216126,122413144.000000,23057098.000000,0.000000,graded_attempt,sources/llr40v10-qwen38-c/tsvc_2_s119/622265.622265.llr40v10-qwen38-c.n0.p12.w12/candidate_02_submission.txt,492393a159716217e0b9b61c30978be225988bae47256dbdad8c75a7e75fc76b
llr40v10-qwen38-c,numba,c,tsvc_2_s119,621727,621727,llr40v10-qwen38-c.n0.p12.w12,1,1.361327,124830265.000000,91134029.000000,0.000000,graded_attempt,sources/llr40v10-qwen38-c/tsvc_2_s119/621727.621727.llr40v10-qwen38-c.n0.p12.w12/candidate_01_submission.txt,370e94b2a49688b7f07d0de1816a888a94676997c587174a84a3f93465e9f785
llr40v10-qwen38-c,numba,c,tsvc_2_s119,622265,622265,llr40v10-qwen38-c.n0.p12.w12,1,1.282432,122413144.000000,94015902.000000,0.000000,graded_attempt,sources/llr40v10-qwen38-c/tsvc_2_s119/622265.622265.llr40v10-qwen38-c.n0.p12.w12/candidate_01_submission.txt,617df12c7a930c91e2739392f8f72e337e1da23d9f3b8720f44367fc44fc39dc
llr40v10-qwen38-c-skills,numba,c,tsvc_2_s119,621024,621024,llr40v10-qwen38-c-skills.n0.p12.w12,1,2.261271,121671873.000000,51476359.000000,0.000000,graded_attempt,sources/llr40v10-qwen38-c-skills/tsvc_2_s119/621024.621024.llr40v10-qwen38-c-skills.n0.p12.w12/candidate_01_submission.txt,8c91a302c0434b908da095973b1e09a18778045611ec6b8880a3928c46f68bd7
llr40v10-qwen38-fortran,numba,fortran,tsvc_2_s119,622266,622266,llr40v10-qwen38-fortran.n0.p12.w12,1,1.000000,111827182.000000,165878744.000000,0.000000,graded_attempt,sources/llr40v10-qwen38-fortran/tsvc_2_s119/622266.622266.llr40v10-qwen38-fortran.n0.p12.w12/candidate_01_submission.txt,17c4618da38729f1c361c6f282fa4d9bdef31465572aa1a9fe1ed36fbffc2ed9
llr40v10-qwen38-fortran-skills,numba,fortran,tsvc_2_s119,621028,621028,llr40v10-qwen38-fortran-skills.n0.p12.w12,1,1.321291,123978641.000000,92889462.000000,0.000000,graded_attempt,sources/llr40v10-qwen38-fortran-skills/tsvc_2_s119/621028.621028.llr40v10-qwen38-fortran-skills.n0.p12.w12/candidate_01_submission.txt,1173989ca7ba60a8ba749a81d57d160e4da57f5ee98956fdb0810088f8b28963
llr40v11-kimi27sglang-c,numba,c,tsvc_2_s119,625533,625533,llr40v11-kimi27sglang-c.n0.p12.w12,1,3.140205,151891620.000000,47321751.000000,0.000000,graded_attempt,sources/llr40v11-kimi27sglang-c/tsvc_2_s119/625533.625533.llr40v11-kimi27sglang-c.n0.p12.w12/candidate_01_submission.txt,350c33c97ff5b778f50c9efa7fe2e4edb9e14d86ce76b944a40d18acd028fdf9
llr40v11-kimi27sglang-fortran,numba,fortran,tsvc_2_s119,625541,625541,llr40v11-kimi27sglang-fortran.n0.p12.w12,1,2.759181,105065020.000000,36893244.000000,0.000000,graded_attempt,sources/llr40v11-kimi27sglang-fortran/tsvc_2_s119/625541.625541.llr40v11-kimi27sglang-fortran.n0.p12.w12/candidate_01_submission.txt,177edebbc93105eb8a476b22071791821c314f6fbd5abf496f7b5305519f0b38
llr40v11-kimi27sglang-fortran,numba,fortran,tsvc_2_s119,625541,625541,llr40v11-kimi27sglang-fortran.n0.p12.w12,2,2.759181,105065020.000000,36985946.000000,0.000000,graded_attempt,sources/llr40v11-kimi27sglang-fortran/tsvc_2_s119/625541.625541.llr40v11-kimi27sglang-fortran.n0.p12.w12/candidate_01_submission.txt,177edebbc93105eb8a476b22071791821c314f6fbd5abf496f7b5305519f0b38
llr40v11-kimi27sglang-fortran-skills,numba,fortran,tsvc_2_s119,625545,625545,llr40v11-kimi27sglang-fortran-skills.n0.p12.w12,1,2.261271,104911094.000000,44894967.000000,0.000000,graded_attempt,sources/llr40v11-kimi27sglang-fortran-skills/tsvc_2_s119/625545.625545.llr40v11-kimi27sglang-fortran-skills.n0.p12.w12/candidate_01_submission.txt,24b10d0ff4c1ab9f7d17807076b29fec225fbf3b1c86a88951879a832c56eca5
llr40v11-oss120b-c,numba,c,tsvc_2_s119,625531,625531,llr40v11-oss120b-c.n0.p12.w12,1,3.756148,117938465.000000,30278806.000000,0.000000,graded_attempt,sources/llr40v11-oss120b-c/tsvc_2_s119/625531.625531.llr40v11-oss120b-c.n0.p12.w12/candidate_01_submission.txt,a249c34a93f56cae11084ad608e72380e7a5053fbe9aa5cccf6994ea42b0d2f0
llr40v11-oss120b-c,numba,c,tsvc_2_s119,625531,625531,llr40v11-oss120b-c.n0.p12.w12,2,1.347849,117938465.000000,76207775.000000,0.000000,graded_attempt,sources/llr40v11-oss120b-c/tsvc_2_s119/625531.625531.llr40v11-oss120b-c.n0.p12.w12/candidate_02_submission.txt,a9a063511bacca6132dae8fc1a76075d33a0b06d6915e663388f3c1b846753ef
llr40v11-oss120b-c-skills,numba,c,tsvc_2_s119,625535,625535,llr40v11-oss120b-c-skills.n0.p12.w12,1,1.416603,122664303.000000,74350807.000000,0.000000,graded_attempt,sources/llr40v11-oss120b-c-skills/tsvc_2_s119/625535.625535.llr40v11-oss120b-c-skills.n0.p12.w12/candidate_01_submission.txt,9dbd6a855ac9bca6b4d1611b8dbf0b7c25238fffdc1195056c3495c2ca187f8e
llr40v11-oss120b-fortran,numba,fortran,tsvc_2_s119,625539,625539,llr40v11-oss120b-fortran.n0.p12.w12,1,1.334504,118907766.000000,88949746.000000,0.000000,graded_attempt,sources/llr40v11-oss120b-fortran/tsvc_2_s119/625539.625539.llr40v11-oss120b-fortran.n0.p12.w12/candidate_01_submission.txt,655ce1f7dbd83cbc2e5fce0126953f79ea5b72c45495e632dc480fc6fc1eb389
llr40v11-qwen38-c-skills,numba,c,tsvc_2_s119,625536,625536,llr40v11-qwen38-c-skills.n0.p12.w12,1,4.404379,104647397.000000,23603928.000000,0.000000,graded_attempt,sources/llr40v11-qwen38-c-skills/tsvc_2_s119/625536.625536.llr40v11-qwen38-c-skills.n0.p12.w12/candidate_01_submission.txt,53901b9855f3970c9c6332f4bc36956ca8fdbe98ab3c7e0d7387cb474b55f6d0
llr40v11-qwen38-fortran,numba,fortran,tsvc_2_s119,625540,625540,llr40v11-qwen38-fortran.n0.p12.w12,1,1.388690,150322268.000000,107686298.000000,0.000000,graded_attempt,sources/llr40v11-qwen38-fortran/tsvc_2_s119/625540.625540.llr40v11-qwen38-fortran.n0.p12.w12/candidate_01_submission.txt,d45b5a656cd7fb117eb93aca1e6f0fc9c8f74a62bbc987aacd50a48abc21de84
v11w2-kimi27sglang-c-skills,numba,c,tsvc_2_s119,626368,626368,v11w2-kimi27sglang-c-skills.n0.p6.w6,1,3.573846,113877914.000000,31408195.000000,0.000000,graded_attempt,sources/v11w2-kimi27sglang-c-skills/tsvc_2_s119/626368.626368.v11w2-kimi27sglang-c-skills.n0.p6.w6/candidate_01_submission.txt,05320f369ea948cc1f41bf665e2b0d66eb68ed9ffba31e48cae280e311e645dc
v11w2-oss120b-fortran-skills,numba,fortran,tsvc_2_s119,626370,626370,v11w2-oss120b-fortran-skills.n0.p6.w6,1,1.138093,156193267.000000,135882107.000000,0.000000,graded_attempt,sources/v11w2-oss120b-fortran-skills/tsvc_2_s119/626370.626370.v11w2-oss120b-fortran-skills.n0.p6.w6/candidate_01_submission.txt,29773cf52f16721ff79eb36f1cabae3a00f3e30cf8ea6755fab15ca12915e516
v11w2-qwen38-c,numba,c,tsvc_2_s119,626365,626365,v11w2-qwen38-c.n0.p2.w2,2,4.360771,105872659.000000,23493100.000000,0.000000,graded_attempt,sources/v11w2-qwen38-c/tsvc_2_s119/626365.626365.v11w2-qwen38-c.n0.p2.w2/candidate_02_submission.txt,f4f1466654c8ace42844f883a96736cc876f01665ebef45a66f8e1c590571342
v11w2-qwen38-c,numba,c,tsvc_2_s119,626365,626365,v11w2-qwen38-c.n0.p2.w2,4,4.317595,105872659.000000,23710934.000000,0.000000,graded_attempt,sources/v11w2-qwen38-c/tsvc_2_s119/626365.626365.v11w2-qwen38-c.n0.p2.w2/candidate_04_submission.txt,b42a2b85394eed39356e583413c57ebbb0c45eefa9ef0f73578546c6a0bd3618
v11w2-qwen38-c,numba,c,tsvc_2_s119,626365,626365,v11w2-qwen38-c.n0.p2.w2,3,4.274847,105872659.000000,23977255.000000,0.000000,graded_attempt,sources/v11w2-qwen38-c/tsvc_2_s119/626365.626365.v11w2-qwen38-c.n0.p2.w2/candidate_03_submission.txt,081e5c2494676cb5d1114b616e7039681c8fedea7eadde76f6e3df649ca7099a
v11w2-qwen38-c,numba,c,tsvc_2_s119,626365,626365,v11w2-qwen38-c.n0.p2.w2,1,4.067370,105872659.000000,24999216.000000,0.000000,graded_attempt,sources/v11w2-qwen38-c/tsvc_2_s119/626365.626365.v11w2-qwen38-c.n0.p2.w2/candidate_01_submission.txt,3ec892cae466523e73d86f308e0db597c3b193a0ccedd0eb08c89ef0c2dfdd4b
v11w2-qwen38-fortran-skills,numba,fortran,tsvc_2_s119,626372,626372,v11w2-qwen38-fortran-skills.n0.p4.w4,1,2.814640,140066260.000000,48459781.000000,0.000000,graded_attempt,sources/v11w2-qwen38-fortran-skills/tsvc_2_s119/626372.626372.v11w2-qwen38-fortran-skills.n0.p4.w4/candidate_01_submission.txt,47e446243172e0d3d6da2a0237578d0bd073d5fd9d075340f1236669307bf459
gpuv2-llr40-oss120b-hip,numba,hip,tsvc_2_s1232,627167,627167,gpuv2-llr40-oss120b-hip.n0.p13.w13,1,347.510382,172861850.000000,391759.000000,0.000000,graded_attempt,sources/gpuv2-llr40-oss120b-hip/tsvc_2_s1232/627167.627167.gpuv2-llr40-oss120b-hip.n0.p13.w13/candidate_01_submission.txt,fac357549b3a7ad77e45515f503ac7562bbcd3b01e6fc34e4224a52b29d4d8ce
gpuv2-llr40-oss120b-hip-skills,numba,hip,tsvc_2_s1232,627168,627168,gpuv2-llr40-oss120b-hip-skills.n0.p13.w13,1,538.403942,179393013.000000,315802.000000,0.000000,graded_attempt,sources/gpuv2-llr40-oss120b-hip-skills/tsvc_2_s1232/627168.627168.gpuv2-llr40-oss120b-hip-skills.n0.p13.w13/candidate_01_submission.txt,e2bccd48bd476c508e706dbbb5317e84cf50e47b87d9c1872d57c23f26e2a763
gpuv2-llr40-oss120b-omp,numba,c,tsvc_2_s1232,627173,627173,gpuv2-llr40-oss120b-omp.n0.p13.w13,1,8.664392,171627725.000000,19338922.000000,0.000000,graded_attempt,sources/gpuv2-llr40-oss120b-omp/tsvc_2_s1232/627173.627173.gpuv2-llr40-oss120b-omp.n0.p13.w13/candidate_01_submission.txt,1ced2bba79921156addc518fd8a3e4309f4f23b0f3bc8b68dd2e2fc21a79d9a4
gpuv2-llr40-oss120b-omp-skills,numba,c,tsvc_2_s1232,627174,627174,gpuv2-llr40-oss120b-omp-skills.n0.p13.w13,1,25.631136,175741181.000000,6545347.000000,0.000000,graded_attempt,sources/gpuv2-llr40-oss120b-omp-skills/tsvc_2_s1232/627174.627174.gpuv2-llr40-oss120b-omp-skills.n0.p13.w13/candidate_01_submission.txt,5184084bf3034cb4b20256ad9cd04f5f2ea7c65522433e61182a521053cc3a98
gpuv2-llr40-qwen38-hip,numba,hip,tsvc_2_s1232,626645,626645,gpuv2-llr40-qwen38-hip.n0.p13.w13,2,1254.368104,169938112.000000,132081.000000,0.000000,graded_attempt,sources/gpuv2-llr40-qwen38-hip/tsvc_2_s1232/626645.626645.gpuv2-llr40-qwen38-hip.n0.p13.w13/candidate_02_submission.txt,44cab03155fdaf8b905cfdce62af4a2fe30880cbc71f32e948439bde834da48b
gpuv2-llr40-qwen38-hip,numba,hip,tsvc_2_s1232,627017,627017,gpuv2-llr40-qwen38-hip.n0.p13.w13,1,997.776808,163336245.000000,157080.000000,0.000000,graded_attempt,sources/gpuv2-llr40-qwen38-hip/tsvc_2_s1232/627017.627017.gpuv2-llr40-qwen38-hip.n0.p13.w13/candidate_01_submission.txt,8bf3f50edb367f880a1f857540124b08cf9a29e84358c979c28ad43f0df65a7a
gpuv2-llr40-qwen38-hip,numba,hip,tsvc_2_s1232,627017,627017,gpuv2-llr40-qwen38-hip.n0.p13.w13,2,949.350397,163336245.000000,152780.000000,0.000000,graded_attempt,sources/gpuv2-llr40-qwen38-hip/tsvc_2_s1232/627017.627017.gpuv2-llr40-qwen38-hip.n0.p13.w13/candidate_02_submission.txt,a98174ad71aed5070f590eb94221aee51f982e4bcc5a993a9b582f249c26b182
gpuv2-llr40-qwen38-hip,numba,hip,tsvc_2_s1232,627228,627228,gpuv2-llr40-qwen38-hip.n0.p13.w13,3,930.644443,155131817.000000,155970.000000,0.000000,graded_attempt,sources/gpuv2-llr40-qwen38-hip/tsvc_2_s1232/627228.627228.gpuv2-llr40-qwen38-hip.n0.p13.w13/candidate_02_submission.txt,6c09ad62863962fb16b778927ff10b5a5a32df9b10c732d12ac03f530cacba81
gpuv2-llr40-qwen38-hip,numba,hip,tsvc_2_s1232,627228,627228,gpuv2-llr40-qwen38-hip.n0.p13.w13,2,921.430142,155131817.000000,162300.000000,0.000000,graded_attempt,sources/gpuv2-llr40-qwen38-hip/tsvc_2_s1232/627228.627228.gpuv2-llr40-qwen38-hip.n0.p13.w13/candidate_02_submission.txt,6c09ad62863962fb16b778927ff10b5a5a32df9b10c732d12ac03f530cacba81
gpuv2-llr40-qwen38-hip,numba,hip,tsvc_2_s1232,627228,627228,gpuv2-llr40-qwen38-hip.n0.p13.w13,1,631.320964,155131817.000000,238839.000000,0.000000,graded_attempt,sources/gpuv2-llr40-qwen38-hip/tsvc_2_s1232/627228.627228.gpuv2-llr40-qwen38-hip.n0.p13.w13/candidate_01_submission.txt,2075c985404deb4ddb5b51e426db84ae04c1ae6c9b3ef5bbf8b306685760f67e
gpuv2-llr40-qwen38-hip,numba,hip,tsvc_2_s1232,626645,626645,gpuv2-llr40-qwen38-hip.n0.p13.w13,1,543.787981,169938112.000000,307283.000000,0.000000,graded_attempt,sources/gpuv2-llr40-qwen38-hip/tsvc_2_s1232/626645.626645.gpuv2-llr40-qwen38-hip.n0.p13.w13/candidate_01_submission.txt,d7114abbc8e0917a1f6865dbce105b34bb2fe36ef6328f6d2bc0fbfd2060ddf6
gpuv2-llr40-qwen38-hip-skills,numba,hip,tsvc_2_s1232,626646,626646,gpuv2-llr40-qwen38-hip-skills.n0.p13.w13,1,1217.477323,176237587.000000,130319.000000,0.000000,graded_attempt,sources/gpuv2-llr40-qwen38-hip-skills/tsvc_2_s1232/626646.626646.gpuv2-llr40-qwen38-hip-skills.n0.p13.w13/candidate_01_submission.txt,90ca63543b4d998891ecc51dcaeac31d416f68b1ef8160c6208bca8c1c18bbac
gpuv2-llr40-qwen38-hip-skills,numba,hip,tsvc_2_s1232,626646,626646,gpuv2-llr40-qwen38-hip-skills.n0.p13.w13,2,1181.671495,176237587.000000,131880.000000,0.000000,graded_attempt,sources/gpuv2-llr40-qwen38-hip-skills/tsvc_2_s1232/626646.626646.gpuv2-llr40-qwen38-hip-skills.n0.p13.w13/candidate_01_submission.txt,90ca63543b4d998891ecc51dcaeac31d416f68b1ef8160c6208bca8c1c18bbac
gpuv2-llr40-qwen38-hip-skills,numba,hip,tsvc_2_s1232,626646,626646,gpuv2-llr40-qwen38-hip-skills.n0.p13.w13,3,1158.387899,176237587.000000,134839.000000,0.000000,graded_attempt,sources/gpuv2-llr40-qwen38-hip-skills/tsvc_2_s1232/626646.626646.gpuv2-llr40-qwen38-hip-skills.n0.p13.w13/candidate_03_submission.txt,b4e2a760cf7184f713b376c456ab6d4ceaab934ca1f9b4cdea6d801970952ae8
gpuv2-llr40-qwen38-hip-skills,numba,hip,tsvc_2_s1232,627229,627229,gpuv2-llr40-qwen38-hip-skills.n0.p13.w13,1,612.753908,153789889.000000,247481.000000,0.000000,graded_attempt,sources/gpuv2-llr40-qwen38-hip-skills/tsvc_2_s1232/627229.627229.gpuv2-llr40-qwen38-hip-skills.n0.p13.w13/candidate_01_submission.txt,1d1ee35563bdff5ab2f0d2b35188977e84f8bfe725ec637d6679fea5c57de806
gpuv2-llr40-qwen38-omp,numba,c,tsvc_2_s1232,626556,626556,gpuv2-llr40-qwen38-omp.n0.p13.w13,1,37.409341,166890891.000000,4423920.000000,0.000000,graded_attempt,sources/gpuv2-llr40-qwen38-omp/tsvc_2_s1232/626556.626556.gpuv2-llr40-qwen38-omp.n0.p13.w13/candidate_01_submission.txt,ef6a8279f619f93544d8d130fde1a84d090eab0936a11d114bcfa63c883ae69d
gpuv2-llr40-qwen38-omp,numba,c,tsvc_2_s1232,627077,627077,gpuv2-llr40-qwen38-omp.n0.p13.w13,1,6.689326,168918351.000000,23078750.000000,0.000000,graded_attempt,sources/gpuv2-llr40-qwen38-omp/tsvc_2_s1232/627077.627077.gpuv2-llr40-qwen38-omp.n0.p13.w13/candidate_01_submission.txt,a6937fdcf5030e372d53bfb360f2ba3c58327250a128cb22d38259de310ce32b
gpuv4-llr40-oss120b-pytriton-skills,numba,python,tsvc_2_s1232,627176,627176,gpuv4-llr40-oss120b-pytriton-skills.n0.p13.w13,1,1.000000,171706377.000000,324281405.000000,0.000000,graded_attempt,sources/gpuv4-llr40-oss120b-pytriton-skills/tsvc_2_s1232/627176.627176.gpuv4-llr40-oss120b-pytriton-skills.n0.p13.w13/candidate_02_submission.txt,9a2e4c07e91abaf5491310643107252203bc9c2a265df48e915f94c9262d387e
gpuv4-llr40-qwen38-pytriton,numba,python,tsvc_2_s1232,627230,627230,gpuv4-llr40-qwen38-pytriton.n0.p13.w13,2,58.538539,152037667.000000,2290183.000000,0.000000,graded_attempt,sources/gpuv4-llr40-qwen38-pytriton/tsvc_2_s1232/627230.627230.gpuv4-llr40-qwen38-pytriton.n0.p13.w13/candidate_02_submission.txt,f7cb7e79e25090cbdb769d1e7b38de2c2e2bd1baf5dda3c836b40d6b30f9034b
gpuv4-llr40-qwen38-pytriton,numba,python,tsvc_2_s1232,627230,627230,gpuv4-llr40-qwen38-pytriton.n0.p13.w13,1,54.599952,152037667.000000,2320874.000000,0.000000,graded_attempt,sources/gpuv4-llr40-qwen38-pytriton/tsvc_2_s1232/627230.627230.gpuv4-llr40-qwen38-pytriton.n0.p13.w13/candidate_01_submission.txt,c3427c2de7b65e216daf140945142b9af0289a47d68df9e56cd1e1d8b1b28af0
gpuv4-llr40-qwen38-pytriton-skills,numba,python,tsvc_2_s1232,627231,627231,gpuv4-llr40-qwen38-pytriton-skills.n0.p13.w13,2,51.949981,152509600.000000,2491291.000000,0.000000,graded_attempt,sources/gpuv4-llr40-qwen38-pytriton-skills/tsvc_2_s1232/627231.627231.gpuv4-llr40-qwen38-pytriton-skills.n0.p13.w13/candidate_02_submission.txt,00a7815647580403772b2a978497b5e997f6fd4166714ed933620a75fd4582cf
gpuv4-llr40-qwen38-pytriton-skills,numba,python,tsvc_2_s1232,627231,627231,gpuv4-llr40-qwen38-pytriton-skills.n0.p13.w13,1,10.572205,152509600.000000,14437513.000000,0.000000,graded_attempt,sources/gpuv4-llr40-qwen38-pytriton-skills/tsvc_2_s1232/627231.627231.gpuv4-llr40-qwen38-pytriton-skills.n0.p13.w13/candidate_01_submission.txt,556e5a0cfc65d1c30a5226dda7973e3770ecdcf3a66d1d0e6b7b192d6b8ab942
llr40v10-kimi27sglang-c,c,c,tsvc_2_s1232,621017,621017,llr40v10-kimi27sglang-c.n0.p13.w13,2,242.883676,323562800.000000,1294009.000000,0.000000,graded_attempt,sources/llr40v10-kimi27sglang-c/tsvc_2_s1232/621017.621017.llr40v10-kimi27sglang-c.n0.p13.w13/candidate_02_submission.txt,69961129f072ae1e8f41008d257375bc656345edf4270bd75fb9a24f4af9acfe
llr40v10-kimi27sglang-c,c,c,tsvc_2_s1232,621017,621017,llr40v10-kimi27sglang-c.n0.p13.w13,1,164.764919,317434747.000000,1880973.000000,0.000000,graded_attempt,sources/llr40v10-kimi27sglang-c/tsvc_2_s1232/621017.621017.llr40v10-kimi27sglang-c.n0.p13.w13/candidate_01_submission.txt,ad721ce2be8a5d94b6ace4e3ac2473f2eda0e1c821fafde85a247901524378c9
llr40v10-kimi27sglang-c,numba,c,tsvc_2_s1232,621729,621729,llr40v10-kimi27sglang-c.n0.p13.w13,4,96.274344,175732877.000000,1786812.000000,0.000000,graded_attempt,sources/llr40v10-kimi27sglang-c/tsvc_2_s1232/621729.621729.llr40v10-kimi27sglang-c.n0.p13.w13/candidate_04_submission.txt,a9f2257ab4c9f4114ed7a7650148bf334fcd9558c76ccf8d77599321d4040d82
llr40v10-kimi27sglang-c,numba,c,tsvc_2_s1232,621729,621729,llr40v10-kimi27sglang-c.n0.p13.w13,5,96.274344,175732877.000000,1794832.000000,0.000000,graded_attempt,sources/llr40v10-kimi27sglang-c/tsvc_2_s1232/621729.621729.llr40v10-kimi27sglang-c.n0.p13.w13/candidate_04_submission.txt,a9f2257ab4c9f4114ed7a7650148bf334fcd9558c76ccf8d77599321d4040d82
llr40v10-kimi27sglang-c,numba,c,tsvc_2_s1232,621729,621729,llr40v10-kimi27sglang-c.n0.p13.w13,3,95.321132,175732877.000000,1799802.000000,0.000000,graded_attempt,sources/llr40v10-kimi27sglang-c/tsvc_2_s1232/621729.621729.llr40v10-kimi27sglang-c.n0.p13.w13/candidate_03_submission.txt,8460883f11a663dfa9c191b84ed81f5adbcd09e3b55b3d8718a04e3d82d28a0e
llr40v10-kimi27sglang-c,numba,c,tsvc_2_s1232,621729,621729,llr40v10-kimi27sglang-c.n0.p13.w13,2,86.292978,175732877.000000,1942993.000000,0.000000,graded_attempt,sources/llr40v10-kimi27sglang-c/tsvc_2_s1232/621729.621729.llr40v10-kimi27sglang-c.n0.p13.w13/candidate_02_submission.txt,0239b6bdc9d28cf51a0fcb0519a66c567863726ae86dcc9b7b041bfaf779cfdf
llr40v10-kimi27sglang-c,numba,c,tsvc_2_s1232,621729,621729,llr40v10-kimi27sglang-c.n0.p13.w13,1,64.022738,175732877.000000,2689168.000000,0.000000,graded_attempt,sources/llr40v10-kimi27sglang-c/tsvc_2_s1232/621729.621729.llr40v10-kimi27sglang-c.n0.p13.w13/candidate_01_submission.txt,2b3a4f2d1ccd6d3af34141c36e93a9b407ea36fe32b4c89db97e3bd9e535f0a1
llr40v10-kimi27sglang-c-skills,numba,c,tsvc_2_s1232,621025,621025,llr40v10-kimi27sglang-c-skills.n0.p13.w13,7,93.442929,172902489.000000,1808368.000000,0.000000,graded_attempt,sources/llr40v10-kimi27sglang-c-skills/tsvc_2_s1232/621025.621025.llr40v10-kimi27sglang-c-skills.n0.p13.w13/candidate_04_submission.txt,e110c43df6741c7d046838dfd24f24166a6f03493ff3f7e8ce8a5fe846406697
llr40v10-kimi27sglang-c-skills,numba,c,tsvc_2_s1232,621025,621025,llr40v10-kimi27sglang-c-skills.n0.p13.w13,3,92.517752,172902489.000000,1792868.000000,0.000000,graded_attempt,sources/llr40v10-kimi27sglang-c-skills/tsvc_2_s1232/621025.621025.llr40v10-kimi27sglang-c-skills.n0.p13.w13/candidate_03_submission.txt,9fc465e63cfb94f8c2399210716435f3e13d8436a66a774f3711db6d66d8bf66
llr40v10-kimi27sglang-c-skills,numba,c,tsvc_2_s1232,621025,621025,llr40v10-kimi27sglang-c-skills.n0.p13.w13,4,92.517752,172902489.000000,1816058.000000,0.000000,graded_attempt,sources/llr40v10-kimi27sglang-c-skills/tsvc_2_s1232/621025.621025.llr40v10-kimi27sglang-c-skills.n0.p13.w13/candidate_04_submission.txt,e110c43df6741c7d046838dfd24f24166a6f03493ff3f7e8ce8a5fe846406697
llr40v10-kimi27sglang-c-skills,numba,c,tsvc_2_s1232,621025,621025,llr40v10-kimi27sglang-c-skills.n0.p13.w13,5,92.517752,172902489.000000,1823828.000000,0.000000,graded_attempt,sources/llr40v10-kimi27sglang-c-skills/tsvc_2_s1232/621025.621025.llr40v10-kimi27sglang-c-skills.n0.p13.w13/candidate_05_submission.txt,b4ea77f9f1ecc70097268b4280801328586b52e7ba8473c6a511e0645b54b413
llr40v10-kimi27sglang-c-skills,numba,c,tsvc_2_s1232,621025,621025,llr40v10-kimi27sglang-c-skills.n0.p13.w13,8,92.517752,172902489.000000,1820148.000000,0.000000,graded_attempt,sources/llr40v10-kimi27sglang-c-skills/tsvc_2_s1232/621025.621025.llr40v10-kimi27sglang-c-skills.n0.p13.w13/candidate_08_submission.txt,9763ed687b16957634505b7a91f81bb057ead9b22b5e963f25618b45ec6b5947
llr40v10-kimi27sglang-c-skills,numba,c,tsvc_2_s1232,621025,621025,llr40v10-kimi27sglang-c-skills.n0.p13.w13,9,92.517752,172902489.000000,1808928.000000,0.000000,graded_attempt,sources/llr40v10-kimi27sglang-c-skills/tsvc_2_s1232/621025.621025.llr40v10-kimi27sglang-c-skills.n0.p13.w13/candidate_04_submission.txt,e110c43df6741c7d046838dfd24f24166a6f03493ff3f7e8ce8a5fe846406697
llr40v10-kimi27sglang-c-skills,numba,c,tsvc_2_s1232,621025,621025,llr40v10-kimi27sglang-c-skills.n0.p13.w13,6,91.601735,172902489.000000,1839307.000000,0.000000,graded_attempt,sources/llr40v10-kimi27sglang-c-skills/tsvc_2_s1232/621025.621025.llr40v10-kimi27sglang-c-skills.n0.p13.w13/candidate_06_submission.txt,9596e3cc7a1c94034174b50a476e03afb9d02f9f66af130312455b49f9c85c20
llr40v10-kimi27sglang-c-skills,numba,c,tsvc_2_s1232,621025,621025,llr40v10-kimi27sglang-c-skills.n0.p13.w13,10,91.601735,172902489.000000,1808289.000000,0.000000,graded_attempt,sources/llr40v10-kimi27sglang-c-skills/tsvc_2_s1232/621025.621025.llr40v10-kimi27sglang-c-skills.n0.p13.w13/candidate_04_submission.txt,e110c43df6741c7d046838dfd24f24166a6f03493ff3f7e8ce8a5fe846406697
llr40v10-kimi27sglang-c-skills,numba,c,tsvc_2_s1232,621025,621025,llr40v10-kimi27sglang-c-skills.n0.p13.w13,2,89.796818,172902489.000000,1887188.000000,0.000000,graded_attempt,sources/llr40v10-kimi27sglang-c-skills/tsvc_2_s1232/621025.621025.llr40v10-kimi27sglang-c-skills.n0.p13.w13/candidate_02_submission.txt,13ad7ec1cca17d8d40525655502b995bc4d014241625bfc9a8add69da558606a
llr40v10-kimi27sglang-c-skills,numba,c,tsvc_2_s1232,621025,621025,llr40v10-kimi27sglang-c-skills.n0.p13.w13,1,61.524593,172902489.000000,2681518.000000,0.000000,graded_attempt,sources/llr40v10-kimi27sglang-c-skills/tsvc_2_s1232/621025.621025.llr40v10-kimi27sglang-c-skills.n0.p13.w13/candidate_01_submission.txt,dc21c513351e601aa80872bd62d062fa1213778b42dd25445e766e14a0f53d1b
llr40v10-kimi27sglang-fortran,numba,fortran,tsvc_2_s1232,621731,621731,llr40v10-kimi27sglang-fortran.n0.p13.w13,4,65.962691,118759383.000000,1779827.000000,0.000000,graded_attempt,sources/llr40v10-kimi27sglang-fortran/tsvc_2_s1232/621731.621731.llr40v10-kimi27sglang-fortran.n0.p13.w13/candidate_04_submission.txt,3596818e8736a6c22c22fe8ca1e7e0b04d03726103cfffc3ae2449e519500fb3
llr40v10-kimi27sglang-fortran,numba,fortran,tsvc_2_s1232,621731,621731,llr40v10-kimi27sglang-fortran.n0.p13.w13,3,63.388849,118759383.000000,1884891.000000,0.000000,graded_attempt,sources/llr40v10-kimi27sglang-fortran/tsvc_2_s1232/621731.621731.llr40v10-kimi27sglang-fortran.n0.p13.w13/candidate_03_submission.txt,c4c990a7dbce979c9f76422a1bf77bc145c12ad28e0ed89e2d443bc65d458d0d
llr40v10-kimi27sglang-fortran,numba,fortran,tsvc_2_s1232,621731,621731,llr40v10-kimi27sglang-fortran.n0.p13.w13,2,62.761237,118759383.000000,1879448.000000,0.000000,graded_attempt,sources/llr40v10-kimi27sglang-fortran/tsvc_2_s1232/621731.621731.llr40v10-kimi27sglang-fortran.n0.p13.w13/candidate_02_submission.txt,28b40cbeb13287edff166be55056cece92545633fa27de7e2891034852870336
llr40v10-kimi27sglang-fortran,numba,fortran,tsvc_2_s1232,621731,621731,llr40v10-kimi27sglang-fortran.n0.p13.w13,1,43.865394,118759383.000000,2693334.000000,0.000000,graded_attempt,sources/llr40v10-kimi27sglang-fortran/tsvc_2_s1232/621731.621731.llr40v10-kimi27sglang-fortran.n0.p13.w13/candidate_01_submission.txt,32b011590d1c7ba5b72d76bd915b1cd8d4b5e8fad331d2be4d5e59418d968dc2
llr40v10-oss120b-c,c,c,tsvc_2_s1232,621382,621382,llr40v10-oss120b-c.n0.p13.w13,1,112.889239,313600902.000000,2738700.000000,0.000000,graded_attempt,sources/llr40v10-oss120b-c/tsvc_2_s1232/621382.621382.llr40v10-oss120b-c.n0.p13.w13/candidate_01_submission.txt,a30060c8d89aae5289085ce80668206c3742965feca43bcf6f3eaecdca14e69d
llr40v10-oss120b-c,c,c,tsvc_2_s1232,621015,621015,llr40v10-oss120b-c.n0.p13.w13,1,82.925855,230152084.000000,2707723.000000,0.000000,graded_attempt,sources/llr40v10-oss120b-c/tsvc_2_s1232/621015.621015.llr40v10-oss120b-c.n0.p13.w13/candidate_01_submission.txt,d9d4951ac366ae21af9c66964786679263c1c8c90235902c9b3d3526cd05c72d
llr40v10-oss120b-c-skills,numba,c,tsvc_2_s1232,621023,621023,llr40v10-oss120b-c-skills.n0.p13.w13,1,63.388849,164644295.000000,2680878.000000,0.000000,graded_attempt,sources/llr40v10-oss120b-c-skills/tsvc_2_s1232/621023.621023.llr40v10-oss120b-c-skills.n0.p13.w13/candidate_01_submission.txt,e44d4a91d63a6a035088bd0727b7ca497fa885a693e39b40a6338432a7fdc8e0
llr40v10-oss120b-fortran,c,fortran,tsvc_2_s1232,621384,621384,llr40v10-oss120b-fortran.n0.p13.w13,1,115.158313,318828288.000000,2684651.000000,0.000000,graded_attempt,sources/llr40v10-oss120b-fortran/tsvc_2_s1232/621384.621384.llr40v10-oss120b-fortran.n0.p13.w13/candidate_01_submission.txt,ce86daaa4327547609a95bb39f562a881375e3ddf87c82b467d91aa69206f7de
llr40v10-oss120b-fortran-skills,numba,fortran,tsvc_2_s1232,621027,621027,llr40v10-oss120b-fortran-skills.n0.p13.w13,1,60.915438,171228640.000000,2717002.000000,0.000000,graded_attempt,sources/llr40v10-oss120b-fortran-skills/tsvc_2_s1232/621027.621027.llr40v10-oss120b-fortran-skills.n0.p13.w13/candidate_01_submission.txt,156b31282f045665bf336afed2b9407e47c7f361349cdadb453416c1e5e776fa
llr40v10-qwen38-c,c,c,tsvc_2_s1232,621383,621383,llr40v10-qwen38-c.n0.p13.w13,2,164.764919,317733078.000000,1836562.000000,0.000000,graded_attempt,sources/llr40v10-qwen38-c/tsvc_2_s1232/621383.621383.llr40v10-qwen38-c.n0.p13.w13/candidate_02_submission.txt,d1c4fba43bce92c92c3f36d16e19dec7530c8c87dac4e05f34f13332ce80da84
llr40v10-qwen38-c,c,c,tsvc_2_s1232,621016,621016,llr40v10-qwen38-c.n0.p13.w13,2,116.309896,321551314.000000,2695902.000000,0.000000,graded_attempt,sources/llr40v10-qwen38-c/tsvc_2_s1232/621016.621016.llr40v10-qwen38-c.n0.p13.w13/candidate_02_submission.txt,5306bca9ace47de42984f7b4d3eec600bee124b923ac0205db6f3bd123cea870
llr40v10-qwen38-c,c,c,tsvc_2_s1232,621383,621383,llr40v10-qwen38-c.n0.p13.w13,1,102.197156,323299533.000000,3056139.000000,0.000000,graded_attempt,sources/llr40v10-qwen38-c/tsvc_2_s1232/621383.621383.llr40v10-qwen38-c.n0.p13.w13/candidate_01_submission.txt,2db2432811b7d67d3904f6bb52d3b1c7696c3fd90b7dc607800803ed5711363e
llr40v10-qwen38-c,numba,c,tsvc_2_s1232,621727,621727,llr40v10-qwen38-c.n0.p13.w13,1,90.694787,174845173.000000,1856582.000000,0.000000,graded_attempt,sources/llr40v10-qwen38-c/tsvc_2_s1232/621727.621727.llr40v10-qwen38-c.n0.p13.w13/candidate_01_submission.txt,042096ec69dd72acdd61561ffa05b862d377fb9e67ae6e8a8932af98c045cc31
llr40v10-qwen38-c,numba,c,tsvc_2_s1232,622265,622265,llr40v10-qwen38-c.n0.p13.w13,1,83.755114,162738288.000000,1870145.000000,0.000000,graded_attempt,sources/llr40v10-qwen38-c/tsvc_2_s1232/622265.622265.llr40v10-qwen38-c.n0.p13.w13/candidate_01_submission.txt,d3c943dd7c82a220e41a60c77319321150874071a334736bf9a50ab6f1b8bc36
llr40v10-qwen38-c,c,c,tsvc_2_s1232,621016,621016,llr40v10-qwen38-c.n0.p13.w13,1,8.326311,317833614.000000,37988094.000000,0.000000,graded_attempt,sources/llr40v10-qwen38-c/tsvc_2_s1232/621016.621016.llr40v10-qwen38-c.n0.p13.w13/candidate_01_submission.txt,caa0707b62bc1bbda06acd1ecf797c59874c7bd847d1bd0c89fd46c9330db7d4
llr40v10-qwen38-c-skills,numba,c,tsvc_2_s1232,621024,621024,llr40v10-qwen38-c-skills.n0.p13.w13,1,87.155907,168544216.000000,1870420.000000,0.000000,graded_attempt,sources/llr40v10-qwen38-c-skills/tsvc_2_s1232/621024.621024.llr40v10-qwen38-c-skills.n0.p13.w13/candidate_01_submission.txt,088ea6c33fc5f917d31bce6d5bb94abfafe5e4889d6e9268db27518531e8718b
llr40v10-qwen38-fortran,c,fortran,tsvc_2_s1232,621385,621385,llr40v10-qwen38-fortran.n0.p13.w13,1,169.757461,317676151.000000,1819582.000000,0.000000,graded_attempt,sources/llr40v10-qwen38-fortran/tsvc_2_s1232/621385.621385.llr40v10-qwen38-fortran.n0.p13.w13/candidate_01_submission.txt,6440021a759f92e9b8751d6017966c4315c5e8678c7ed8a53583848988ef5f93
llr40v10-qwen38-fortran,c,fortran,tsvc_2_s1232,621020,621020,llr40v10-qwen38-fortran.n0.p13.w13,1,115.158313,316133859.000000,2696599.000000,0.000000,graded_attempt,sources/llr40v10-qwen38-fortran/tsvc_2_s1232/621020.621020.llr40v10-qwen38-fortran.n0.p13.w13/candidate_01_submission.txt,2b6d8c994c39de6a7c09206d429758204ef7d1f8f6767d088658e3da9146c467
llr40v10-qwen38-fortran,numba,fortran,tsvc_2_s1232,621728,621728,llr40v10-qwen38-fortran.n0.p13.w13,1,84.592665,165986086.000000,1886571.000000,0.000000,graded_attempt,sources/llr40v10-qwen38-fortran/tsvc_2_s1232/621728.621728.llr40v10-qwen38-fortran.n0.p13.w13/candidate_01_submission.txt,95eb732942f973a3829b8e6557bcbd2aa12c27e30c5c9406d7096058cb761f6d
llr40v10-qwen38-fortran-skills,numba,fortran,tsvc_2_s1232,621028,621028,llr40v10-qwen38-fortran-skills.n0.p13.w13,1,59.715163,162540634.000000,2716764.000000,0.000000,graded_attempt,sources/llr40v10-qwen38-fortran-skills/tsvc_2_s1232/621028.621028.llr40v10-qwen38-fortran-skills.n0.p13.w13/candidate_01_submission.txt,de20cddae6983015320432cab10207b83d17aed1ed3c5203f168041b1d8afe03
llr40v11-kimi27sglang-c,numba,c,tsvc_2_s1232,625533,625533,llr40v11-kimi27sglang-c.n0.p13.w13,4,90.694787,165591699.000000,1791371.000000,0.000000,graded_attempt,sources/llr40v11-kimi27sglang-c/tsvc_2_s1232/625533.625533.llr40v11-kimi27sglang-c.n0.p13.w13/candidate_02_submission.txt,7f16d1f4710b0d0fb1c7f2849b2ba708dd1a7cd23ebc9ca05c8880966021e6bb
llr40v11-kimi27sglang-c,numba,c,tsvc_2_s1232,625533,625533,llr40v11-kimi27sglang-c.n0.p13.w13,2,89.796818,165591699.000000,1800742.000000,0.000000,graded_attempt,sources/llr40v11-kimi27sglang-c/tsvc_2_s1232/625533.625533.llr40v11-kimi27sglang-c.n0.p13.w13/candidate_02_submission.txt,7f16d1f4710b0d0fb1c7f2849b2ba708dd1a7cd23ebc9ca05c8880966021e6bb
llr40v11-kimi27sglang-c,numba,c,tsvc_2_s1232,625533,625533,llr40v11-kimi27sglang-c.n0.p13.w13,5,89.796818,165591699.000000,1780432.000000,0.000000,graded_attempt,sources/llr40v11-kimi27sglang-c/tsvc_2_s1232/625533.625533.llr40v11-kimi27sglang-c.n0.p13.w13/candidate_05_submission.txt,477f5c33f6ea66d41892508f499c491945ad0b4c26e4772df9d7779737fe3d24
llr40v11-kimi27sglang-c,numba,c,tsvc_2_s1232,625533,625533,llr40v11-kimi27sglang-c.n0.p13.w13,3,88.907741,165591699.000000,1811802.000000,0.000000,graded_attempt,sources/llr40v11-kimi27sglang-c/tsvc_2_s1232/625533.625533.llr40v11-kimi27sglang-c.n0.p13.w13/candidate_02_submission.txt,7f16d1f4710b0d0fb1c7f2849b2ba708dd1a7cd23ebc9ca05c8880966021e6bb
llr40v11-kimi27sglang-c,numba,c,tsvc_2_s1232,625533,625533,llr40v11-kimi27sglang-c.n0.p13.w13,1,59.715163,165591699.000000,2688774.000000,0.000000,graded_attempt,sources/llr40v11-kimi27sglang-c/tsvc_2_s1232/625533.625533.llr40v11-kimi27sglang-c.n0.p13.w13/candidate_01_submission.txt,d84df73d3babcbe8e327ea55cb0cd2b5ce51d3c8b04d87db14415c96cc5c2113
llr40v11-kimi27sglang-c-skills,numba,c,tsvc_2_s1232,625537,625537,llr40v11-kimi27sglang-c-skills.n0.p13.w13,4,124.699952,173946798.000000,1354160.000000,0.000000,graded_attempt,sources/llr40v11-kimi27sglang-c-skills/tsvc_2_s1232/625537.625537.llr40v11-kimi27sglang-c-skills.n0.p13.w13/candidate_04_submission.txt,da6942d0e0e0a707e9dd11a80422c0ba922f89d1e76801da06e84f0ab2579685
llr40v11-kimi27sglang-c-skills,numba,c,tsvc_2_s1232,625537,625537,llr40v11-kimi27sglang-c-skills.n0.p13.w13,3,93.442929,173946798.000000,1800823.000000,0.000000,graded_attempt,sources/llr40v11-kimi27sglang-c-skills/tsvc_2_s1232/625537.625537.llr40v11-kimi27sglang-c-skills.n0.p13.w13/candidate_03_submission.txt,e8bbb339e31c18dde754109b860caabc86ba6d88d0c17b73c961b7ccb3e6926a
llr40v11-kimi27sglang-c-skills,numba,c,tsvc_2_s1232,625537,625537,llr40v11-kimi27sglang-c-skills.n0.p13.w13,2,91.601735,173946798.000000,1869683.000000,0.000000,graded_attempt,sources/llr40v11-kimi27sglang-c-skills/tsvc_2_s1232/625537.625537.llr40v11-kimi27sglang-c-skills.n0.p13.w13/candidate_02_submission.txt,f462ec5c1f94323cdf8b639b168722016dae3d0a673d1a449779dfdb08309c17
llr40v11-kimi27sglang-c-skills,numba,c,tsvc_2_s1232,625537,625537,llr40v11-kimi27sglang-c-skills.n0.p13.w13,1,63.388849,173946798.000000,2702178.000000,0.000000,graded_attempt,sources/llr40v11-kimi27sglang-c-skills/tsvc_2_s1232/625537.625537.llr40v11-kimi27sglang-c-skills.n0.p13.w13/candidate_01_submission.txt,85d13cf323fb2f1870433824b356b7d6fb50d1efbfca5afc6e4bb92b80990cb0
llr40v11-kimi27sglang-fortran,numba,fortran,tsvc_2_s1232,625541,625541,llr40v11-kimi27sglang-fortran.n0.p13.w13,3,93.442929,164515679.000000,1808607.000000,0.000000,graded_attempt,sources/llr40v11-kimi27sglang-fortran/tsvc_2_s1232/625541.625541.llr40v11-kimi27sglang-fortran.n0.p13.w13/candidate_03_submission.txt,4d663af21e2493d2637a2699a6e43c35a508c820b7d0475e4b701fd5de4026af
llr40v11-kimi27sglang-fortran,numba,fortran,tsvc_2_s1232,625541,625541,llr40v11-kimi27sglang-fortran.n0.p13.w13,2,88.907741,164515679.000000,1880227.000000,0.000000,graded_attempt,sources/llr40v11-kimi27sglang-fortran/tsvc_2_s1232/625541.625541.llr40v11-kimi27sglang-fortran.n0.p13.w13/candidate_02_submission.txt,ebaccdcfabacb9f1fa103a54164277e18827d1a052b4cb6c592d3c03a4535d0d
llr40v11-kimi27sglang-fortran,numba,fortran,tsvc_2_s1232,625541,625541,llr40v11-kimi27sglang-fortran.n0.p13.w13,1,62.139838,164515679.000000,2716140.000000,0.000000,graded_attempt,sources/llr40v11-kimi27sglang-fortran/tsvc_2_s1232/625541.625541.llr40v11-kimi27sglang-fortran.n0.p13.w13/candidate_01_submission.txt,50794c69986665f3be1a27b4fb938e69fdf55ab87647beed3ee6aa0174a80628
llr40v11-oss120b-c,numba,c,tsvc_2_s1232,625531,625531,llr40v11-oss120b-c.n0.p13.w13,1,57.958949,162645728.000000,2704236.000000,0.000000,graded_attempt,sources/llr40v11-oss120b-c/tsvc_2_s1232/625531.625531.llr40v11-oss120b-c.n0.p13.w13/candidate_01_submission.txt,d74bf1a7596fd5be8b5ac7c9c2048b9146331b0a87698b28479342327d2ab4b7
llr40v11-oss120b-c-skills,numba,c,tsvc_2_s1232,625535,625535,llr40v11-oss120b-c-skills.n0.p13.w13,1,58.538539,157135193.000000,2670099.000000,0.000000,graded_attempt,sources/llr40v11-oss120b-c-skills/tsvc_2_s1232/625535.625535.llr40v11-oss120b-c-skills.n0.p13.w13/candidate_01_submission.txt,1c04602a29aa2922d51a76d906abbc42a5d34030fa837d49c4545a028d07eb1f
llr40v11-oss120b-fortran,numba,fortran,tsvc_2_s1232,625539,625539,llr40v11-oss120b-fortran.n0.p13.w13,1,63.388849,175123658.000000,2693370.000000,0.000000,graded_attempt,sources/llr40v11-oss120b-fortran/tsvc_2_s1232/625539.625539.llr40v11-oss120b-fortran.n0.p13.w13/candidate_01_submission.txt,794f8e0401eefb7e4d3c199d8f330329c39c952bd71710339679de6cd6bcd6b3
llr40v11-oss120b-fortran-skills,numba,fortran,tsvc_2_s1232,625543,625543,llr40v11-oss120b-fortran-skills.n0.p13.w13,1,64.022738,174593642.000000,2711967.000000,0.000000,graded_attempt,sources/llr40v11-oss120b-fortran-skills/tsvc_2_s1232/625543.625543.llr40v11-oss120b-fortran-skills.n0.p13.w13/candidate_01_submission.txt,9821f4ea65ff3e05067cf4dbd9e180c202182c1588ee9bc9f2055556402601bc
llr40v11-qwen38-c,numba,c,tsvc_2_s1232,625532,625532,llr40v11-qwen38-c.n0.p13.w13,2,88.907741,164017269.000000,1857393.000000,0.000000,graded_attempt,sources/llr40v11-qwen38-c/tsvc_2_s1232/625532.625532.llr40v11-qwen38-c.n0.p13.w13/candidate_02_submission.txt,528a30023292eabe5c25a61ee706dd1013656af649b14b89c665ee0a14ced458
llr40v11-qwen38-c,numba,c,tsvc_2_s1232,625532,625532,llr40v11-qwen38-c.n0.p13.w13,1,60.915438,164017269.000000,2648693.000000,0.000000,graded_attempt,sources/llr40v11-qwen38-c/tsvc_2_s1232/625532.625532.llr40v11-qwen38-c.n0.p13.w13/candidate_01_submission.txt,0d56f2a4e9fffa3c3fec817b921eeeba4b83af115a8c0d18da5000a3484113df
llr40v11-qwen38-c-skills,numba,c,tsvc_2_s1232,625536,625536,llr40v11-qwen38-c-skills.n0.p13.w13,3,123.465299,176468353.000000,1356160.000000,0.000000,graded_attempt,sources/llr40v11-qwen38-c-skills/tsvc_2_s1232/625536.625536.llr40v11-qwen38-c-skills.n0.p13.w13/candidate_03_submission.txt,688a0f85b87d372279ab0594eaf4bbcc7f225a7d5de21270577f5e43900ede7f
llr40v11-qwen38-c-skills,numba,c,tsvc_2_s1232,625536,625536,llr40v11-qwen38-c-skills.n0.p13.w13,2,119.834202,176468353.000000,1428641.000000,0.000000,graded_attempt,sources/llr40v11-qwen38-c-skills/tsvc_2_s1232/625536.625536.llr40v11-qwen38-c-skills.n0.p13.w13/candidate_02_submission.txt,0cd03e21d91939e4b7b1985ce0cd073b55e30ef1772a16ccf74801bedbdd66b6
llr40v11-qwen38-c-skills,numba,c,tsvc_2_s1232,625536,625536,llr40v11-qwen38-c-skills.n0.p13.w13,1,93.442929,176468353.000000,1823984.000000,0.000000,graded_attempt,sources/llr40v11-qwen38-c-skills/tsvc_2_s1232/625536.625536.llr40v11-qwen38-c-skills.n0.p13.w13/candidate_01_submission.txt,b4ac40037ca37226cd236dbdc5fd77522514cecae054b13fd8283ed1c7711034
llr40v11-qwen38-fortran-skills,numba,fortran,tsvc_2_s1232,625544,625544,llr40v11-qwen38-fortran-skills.n0.p13.w13,1,63.388849,172560754.000000,2681637.000000,0.000000,graded_attempt,sources/llr40v11-qwen38-fortran-skills/tsvc_2_s1232/625544.625544.llr40v11-qwen38-fortran-skills.n0.p13.w13/candidate_01_submission.txt,6e0b89ba3bae66ec4d1e6d1bde483a8198e64493d467264b853d67e0f8fff74d
v11w2-kimi27sglang-fortran-skills,numba,fortran,tsvc_2_s1232,626374,626374,v11w2-kimi27sglang-fortran-skills.n0.p3.w3,3,88.027466,163689792.000000,1828762.000000,0.000000,graded_attempt,sources/v11w2-kimi27sglang-fortran-skills/tsvc_2_s1232/626374.626374.v11w2-kimi27sglang-fortran-skills.n0.p3.w3/candidate_02_submission.txt,cf2f3104f6bc724878c9beaf2d7d7613d44e1372388b18c9fc22c5238a44b1bc
v11w2-kimi27sglang-fortran-skills,numba,fortran,tsvc_2_s1232,626374,626374,v11w2-kimi27sglang-fortran-skills.n0.p3.w3,2,85.438592,163689792.000000,1817101.000000,0.000000,graded_attempt,sources/v11w2-kimi27sglang-fortran-skills/tsvc_2_s1232/626374.626374.v11w2-kimi27sglang-fortran-skills.n0.p3.w3/candidate_02_submission.txt,cf2f3104f6bc724878c9beaf2d7d7613d44e1372388b18c9fc22c5238a44b1bc
v11w2-kimi27sglang-fortran-skills,numba,fortran,tsvc_2_s1232,626374,626374,v11w2-kimi27sglang-fortran-skills.n0.p3.w3,1,59.123924,163689792.000000,2712473.000000,0.000000,graded_attempt,sources/v11w2-kimi27sglang-fortran-skills/tsvc_2_s1232/626374.626374.v11w2-kimi27sglang-fortran-skills.n0.p3.w3/candidate_01_submission.txt,cef6b076fd624c55583192bfe7f104df72e7fc32af3c3a2ad88c892f035065e6
v11w2-qwen38-fortran,numba,fortran,tsvc_2_s1232,626371,626371,v11w2-qwen38-fortran.n0.p7.w7,2,79.690117,156814879.000000,1912047.000000,0.000000,graded_attempt,sources/v11w2-qwen38-fortran/tsvc_2_s1232/626371.626371.v11w2-qwen38-fortran.n0.p7.w7/candidate_02_submission.txt,cad2bbbd994a2c2017f2e27bee25930fdfeb7309190be1c89708d9642e9394ce
v11w2-qwen38-fortran,numba,fortran,tsvc_2_s1232,626371,626371,v11w2-qwen38-fortran.n0.p7.w7,1,67.961426,156814879.000000,2192119.000000,0.000000,graded_attempt,sources/v11w2-qwen38-fortran/tsvc_2_s1232/626371.626371.v11w2-qwen38-fortran.n0.p7.w7/candidate_01_submission.txt,48d1bae22bf8b14b68405ff3b60767d2fe6748cd404e02a333623c3f34b5b69d
gpuv2-llr40-oss120b-hip-skills,numba,hip,tsvc_2_s1244,627168,627168,gpuv2-llr40-oss120b-hip-skills.n0.p14.w14,1,42.575320,1429950841.000000,5647720.000000,0.000000,graded_attempt,sources/gpuv2-llr40-oss120b-hip-skills/tsvc_2_s1244/627168.627168.gpuv2-llr40-oss120b-hip-skills.n0.p14.w14/candidate_01_submission.txt,f16f16581c157be25cef5eb201e0b4448b82d5d048c7102801af828c8c374e1a
gpuv2-llr40-oss120b-omp,numba,c,tsvc_2_s1244,627173,627173,gpuv2-llr40-oss120b-omp.n0.p14.w14,1,1.853212,131463636.000000,52166898.000000,0.000000,graded_attempt,sources/gpuv2-llr40-oss120b-omp/tsvc_2_s1244/627173.627173.gpuv2-llr40-oss120b-omp.n0.p14.w14/candidate_01_submission.txt,813a0e30cde921a6c33432fe5d49d9d7cfeba691cb094491877bea20695cc1d8
gpuv2-llr40-qwen38-hip,numba,hip,tsvc_2_s1244,627017,627017,gpuv2-llr40-qwen38-hip.n0.p14.w14,1,60.312315,143731212.000000,2249013.000000,0.000000,graded_attempt,sources/gpuv2-llr40-qwen38-hip/tsvc_2_s1244/627017.627017.gpuv2-llr40-qwen38-hip.n0.p14.w14/candidate_01_submission.txt,3bfac08bec12e3eb3f37703a9c7320523a5f7cbb380c1ae202fea7872e29693b
gpuv2-llr40-qwen38-hip-skills,numba,hip,tsvc_2_s1244,626646,626646,gpuv2-llr40-qwen38-hip-skills.n0.p14.w14,1,83.755114,143351235.000000,1556038.000000,0.000000,graded_attempt,sources/gpuv2-llr40-qwen38-hip-skills/tsvc_2_s1244/626646.626646.gpuv2-llr40-qwen38-hip-skills.n0.p14.w14/candidate_01_submission.txt,c7b824586032dcac6b0a3f200064a42dd98670d080b4b99d464bfb34b9e56280
gpuv2-llr40-qwen38-hip-skills,numba,hip,tsvc_2_s1244,627018,627018,gpuv2-llr40-qwen38-hip-skills.n0.p14.w14,1,50.926361,116836040.000000,2190834.000000,0.000000,graded_attempt,sources/gpuv2-llr40-qwen38-hip-skills/tsvc_2_s1244/627018.627018.gpuv2-llr40-qwen38-hip-skills.n0.p14.w14/candidate_01_submission.txt,a9f61b4853ddb269e1c7672093f26390bfee2907470ceaa39d581224d9509af5
gpuv2-llr40-qwen38-hip-skills,numba,hip,tsvc_2_s1244,627018,627018,gpuv2-llr40-qwen38-hip-skills.n0.p14.w14,2,50.926361,116836040.000000,2120942.000000,0.000000,graded_attempt,sources/gpuv2-llr40-qwen38-hip-skills/tsvc_2_s1244/627018.627018.gpuv2-llr40-qwen38-hip-skills.n0.p14.w14/candidate_01_submission.txt,a9f61b4853ddb269e1c7672093f26390bfee2907470ceaa39d581224d9509af5
gpuv2-llr40-qwen38-omp,numba,c,tsvc_2_s1244,626556,626556,gpuv2-llr40-qwen38-omp.n0.p14.w14,1,4.629047,140964961.000000,30306973.000000,0.000000,graded_attempt,sources/gpuv2-llr40-qwen38-omp/tsvc_2_s1244/626556.626556.gpuv2-llr40-qwen38-omp.n0.p14.w14/candidate_01_submission.txt,c306460eedd37b2cb182f0f8f76a7a04ce80ead1fbd3527e2db4c35c17c0b931
gpuv2-llr40-qwen38-omp-skills,numba,c,tsvc_2_s1244,626561,626561,gpuv2-llr40-qwen38-omp-skills.n0.p14.w14,1,17.914240,116252620.000000,6365032.000000,0.000000,graded_attempt,sources/gpuv2-llr40-qwen38-omp-skills/tsvc_2_s1244/626561.626561.gpuv2-llr40-qwen38-omp-skills.n0.p14.w14/candidate_02_submission.txt,0825cbd9288ea42a4fbece3c85fae5f73009545db1c5170c47ec7127b1879ad4
gpuv4-llr40-oss120b-pytriton,numba,python,tsvc_2_s1244,627175,627175,gpuv4-llr40-oss120b-pytriton.n0.p14.w14,1,1.000000,140611952.000000,71276960.000000,0.000000,graded_attempt,sources/gpuv4-llr40-oss120b-pytriton/tsvc_2_s1244/627175.627175.gpuv4-llr40-oss120b-pytriton.n0.p14.w14/candidate_01_submission.txt,0274700318791b065a940b60384cfb953c38a6d2283d3d79c0d5cbdd377b860e
gpuv4-llr40-oss120b-pytriton-skills,numba,python,tsvc_2_s1244,627176,627176,gpuv4-llr40-oss120b-pytriton-skills.n0.p14.w14,1,1.000000,143146214.000000,125307955.000000,0.000000,graded_attempt,sources/gpuv4-llr40-oss120b-pytriton-skills/tsvc_2_s1244/627176.627176.gpuv4-llr40-oss120b-pytriton-skills.n0.p14.w14/candidate_01_submission.txt,f6978906a7ceb8505e84be38c0777ab1a9263567b37b0a2b2c9d663eeb5329a9
gpuv4-llr40-qwen38-pytriton,numba,python,tsvc_2_s1244,626557,626557,gpuv4-llr40-qwen38-pytriton.n0.p14.w14,1,43.865394,1391516241.000000,29169505.000000,0.000000,graded_attempt,sources/gpuv4-llr40-qwen38-pytriton/tsvc_2_s1244/626557.626557.gpuv4-llr40-qwen38-pytriton.n0.p14.w14/candidate_01_submission.txt,21926816ebbff0cf9859424c0307884badc6df2c6c3c415a2adffae43b02c9a2
gpuv4-llr40-qwen38-pytriton,numba,python,tsvc_2_s1244,627019,627019,gpuv4-llr40-qwen38-pytriton.n0.p14.w14,1,3.718959,115765079.000000,30476105.000000,0.000000,graded_attempt,sources/gpuv4-llr40-qwen38-pytriton/tsvc_2_s1244/627019.627019.gpuv4-llr40-qwen38-pytriton.n0.p14.w14/candidate_01_submission.txt,0a133dddefa9334ceb84ef36d71377efab4edb635e2285eaab4db9007e4e86fe
gpuv4-llr40-qwen38-pytriton,numba,python,tsvc_2_s1244,627230,627230,gpuv4-llr40-qwen38-pytriton.n0.p14.w14,1,3.017675,92171349.000000,30337543.000000,0.000000,graded_attempt,sources/gpuv4-llr40-qwen38-pytriton/tsvc_2_s1244/627230.627230.gpuv4-llr40-qwen38-pytriton.n0.p14.w14/candidate_01_submission.txt,337299e8c2b11afc25d27fa38bfdd853feaf9984b640e1e118306b0b3305e7ed
gpuv4-llr40-qwen38-pytriton-skills,numba,python,tsvc_2_s1244,627020,627020,gpuv4-llr40-qwen38-pytriton-skills.n0.p14.w14,1,50.926361,1428801447.000000,27569581.000000,0.000000,graded_attempt,sources/gpuv4-llr40-qwen38-pytriton-skills/tsvc_2_s1244/627020.627020.gpuv4-llr40-qwen38-pytriton-skills.n0.p14.w14/candidate_01_submission.txt,07ee6c0ec170c8ec1fd9e3cba75797e447dada179a6b8a5e4c9994972239038d
gpuv4-llr40-qwen38-pytriton-skills,numba,python,tsvc_2_s1244,627020,627020,gpuv4-llr40-qwen38-pytriton-skills.n0.p14.w14,2,50.422140,1428801447.000000,27682854.000000,0.000000,graded_attempt,sources/gpuv4-llr40-qwen38-pytriton-skills/tsvc_2_s1244/627020.627020.gpuv4-llr40-qwen38-pytriton-skills.n0.p14.w14/candidate_02_submission.txt,844398bcc0dc283577fd61801d3e9d0a507c1c889d6ef6600a505188b9077739
llr40v10-kimi27sglang-c,c,c,tsvc_2_s1244,621017,621017,llr40v10-kimi27sglang-c.n0.p14.w14,3,4.583215,114098399.000000,21036611.000000,0.000000,graded_attempt,sources/llr40v10-kimi27sglang-c/tsvc_2_s1244/621017.621017.llr40v10-kimi27sglang-c.n0.p14.w14/candidate_03_submission.txt,49667be9882de6a9970bd8cfdc45c75d3021beb443022977c5399585e7f23e8a
llr40v10-kimi27sglang-c,c,c,tsvc_2_s1244,621017,621017,llr40v10-kimi27sglang-c.n0.p14.w14,1,4.190616,114821752.000000,27531463.000000,0.000000,graded_attempt,sources/llr40v10-kimi27sglang-c/tsvc_2_s1244/621017.621017.llr40v10-kimi27sglang-c.n0.p14.w14/candidate_01_submission.txt,d513d648d36b13ea3ca9c84eb798f2b85e8c625c938ac4586c9db88b9a2f2f6d
llr40v10-kimi27sglang-c,c,c,tsvc_2_s1244,621017,621017,llr40v10-kimi27sglang-c.n0.p14.w14,2,4.149124,114466503.000000,28042312.000000,0.000000,graded_attempt,sources/llr40v10-kimi27sglang-c/tsvc_2_s1244/621017.621017.llr40v10-kimi27sglang-c.n0.p14.w14/candidate_02_submission.txt,a8caaaf916038eafa8b5da44cde5ff894bf6a04875d4e48b1429245831296bc0
llr40v10-kimi27sglang-c-skills,numba,c,tsvc_2_s1244,621025,621025,llr40v10-kimi27sglang-c-skills.n0.p14.w14,3,3.987227,151389168.000000,36297592.000000,0.000000,graded_attempt,sources/llr40v10-kimi27sglang-c-skills/tsvc_2_s1244/621025.621025.llr40v10-kimi27sglang-c-skills.n0.p14.w14/candidate_05_submission.txt,6165ece6e47d216635358f26cd274158e3ce229ad2cd140463ebc562ba5dd4cf
llr40v10-kimi27sglang-c-skills,numba,c,tsvc_2_s1244,621025,621025,llr40v10-kimi27sglang-c-skills.n0.p14.w14,2,3.947749,151389168.000000,36119132.000000,0.000000,graded_attempt,sources/llr40v10-kimi27sglang-c-skills/tsvc_2_s1244/621025.621025.llr40v10-kimi27sglang-c-skills.n0.p14.w14/candidate_04_submission.txt,ae7c2012e8c461816a5d13cf67e5203cb0670e17d358227cb385ef3b3d9e41dc
llr40v10-kimi27sglang-c-skills,numba,c,tsvc_2_s1244,621025,621025,llr40v10-kimi27sglang-c-skills.n0.p14.w14,5,2.329790,151389168.000000,19733966.000000,0.000000,graded_attempt,sources/llr40v10-kimi27sglang-c-skills/tsvc_2_s1244/621025.621025.llr40v10-kimi27sglang-c-skills.n0.p14.w14/candidate_07_submission.txt,5abd5ad737b80576216b822b40aa87549aafbda50167a6280343827a30be12d3
llr40v10-kimi27sglang-c-skills,numba,c,tsvc_2_s1244,621025,621025,llr40v10-kimi27sglang-c-skills.n0.p14.w14,7,2.329790,151389168.000000,19774237.000000,0.000000,graded_attempt,sources/llr40v10-kimi27sglang-c-skills/tsvc_2_s1244/621025.621025.llr40v10-kimi27sglang-c-skills.n0.p14.w14/candidate_09_submission.txt,2c542936b2e1e9e052cfc8647d6d0ca9e2d3b237e09dd02da1268e1de00b4b7f
llr40v10-kimi27sglang-c-skills,numba,c,tsvc_2_s1244,621025,621025,llr40v10-kimi27sglang-c-skills.n0.p14.w14,4,2.306723,151389168.000000,20197444.000000,0.000000,graded_attempt,sources/llr40v10-kimi27sglang-c-skills/tsvc_2_s1244/621025.621025.llr40v10-kimi27sglang-c-skills.n0.p14.w14/candidate_06_submission.txt,62446402cd0abf90b971b46349049bad62c7897c88ea717dc09602246c684f10
llr40v10-kimi27sglang-c-skills,numba,c,tsvc_2_s1244,621025,621025,llr40v10-kimi27sglang-c-skills.n0.p14.w14,6,2.306723,151389168.000000,19928376.000000,0.000000,graded_attempt,sources/llr40v10-kimi27sglang-c-skills/tsvc_2_s1244/621025.621025.llr40v10-kimi27sglang-c-skills.n0.p14.w14/candidate_08_submission.txt,dcdf09dd10e2984c5f2380a261011f6f7e77db674cb83c4b54902708ec35e120
llr40v10-kimi27sglang-c-skills,numba,c,tsvc_2_s1244,621025,621025,llr40v10-kimi27sglang-c-skills.n0.p14.w14,8,2.306723,151389168.000000,19643210.000000,0.000000,graded_attempt,sources/llr40v10-kimi27sglang-c-skills/tsvc_2_s1244/621025.621025.llr40v10-kimi27sglang-c-skills.n0.p14.w14/candidate_09_submission.txt,2c542936b2e1e9e052cfc8647d6d0ca9e2d3b237e09dd02da1268e1de00b4b7f
llr40v10-kimi27sglang-c-skills,numba,c,tsvc_2_s1244,621025,621025,llr40v10-kimi27sglang-c-skills.n0.p14.w14,1,1.000000,151389168.000000,136319148.000000,0.000000,graded_attempt,sources/llr40v10-kimi27sglang-c-skills/tsvc_2_s1244/621025.621025.llr40v10-kimi27sglang-c-skills.n0.p14.w14/candidate_03_submission.txt,a8d79b0349744ab4b767bb97b185441fa22f9a36de24a9b2c61ad7c8bbc754ad
llr40v10-kimi27sglang-fortran,numba,fortran,tsvc_2_s1244,621731,621731,llr40v10-kimi27sglang-fortran.n0.p14.w14,2,9.289401,1429371326.000000,93269016.000000,0.000000,graded_attempt,sources/llr40v10-kimi27sglang-fortran/tsvc_2_s1244/621731.621731.llr40v10-kimi27sglang-fortran.n0.p14.w14/candidate_02_submission.txt,b10a48748874c0f6a2ac8256f309d89514d3589720c2e512075f69a5970f583e
llr40v10-kimi27sglang-fortran,numba,fortran,tsvc_2_s1244,621731,621731,llr40v10-kimi27sglang-fortran.n0.p14.w14,1,1.020100,1429371326.000000,133723932.000000,0.000000,graded_attempt,sources/llr40v10-kimi27sglang-fortran/tsvc_2_s1244/621731.621731.llr40v10-kimi27sglang-fortran.n0.p14.w14/candidate_01_submission.txt,b74f270f341d83b1b2a3c6748c7cc1722c2978986ee51bbe8d44829fa95d5109
llr40v10-kimi27sglang-fortran-skills,numba,fortran,tsvc_2_s1244,621029,621029,llr40v10-kimi27sglang-fortran-skills.n0.p14.w14,1,4.629047,140143361.000000,30135356.000000,0.000000,graded_attempt,sources/llr40v10-kimi27sglang-fortran-skills/tsvc_2_s1244/621029.621029.llr40v10-kimi27sglang-fortran-skills.n0.p14.w14/candidate_01_submission.txt,01fcfc706c771ae2d7222608580995018742d313028d67307f541adca6c25c47
llr40v10-oss120b-c,c,c,tsvc_2_s1244,621015,621015,llr40v10-oss120b-c.n0.p14.w14,1,2.625266,150730481.000000,56483621.000000,0.000000,graded_attempt,sources/llr40v10-oss120b-c/tsvc_2_s1244/621015.621015.llr40v10-oss120b-c.n0.p14.w14/candidate_01_submission.txt,ca15d85a0cab94ec26a8b3bf9bf5c3bbad85ece69bc746759e1c7579707e779d
llr40v10-oss120b-c,c,c,tsvc_2_s1244,621382,621382,llr40v10-oss120b-c.n0.p14.w14,1,2.473119,112977669.000000,46731249.000000,0.000000,graded_attempt,sources/llr40v10-oss120b-c/tsvc_2_s1244/621382.621382.llr40v10-oss120b-c.n0.p14.w14/candidate_01_submission.txt,89c5ba3eec9f113bebe06eca8a72fb7dc3a948a1d3850f0dcff24da521c71d2c
llr40v10-oss120b-c-skills,numba,c,tsvc_2_s1244,621023,621023,llr40v10-oss120b-c-skills.n0.p14.w14,1,37.409341,1385611210.000000,33695618.000000,0.000000,graded_attempt,sources/llr40v10-oss120b-c-skills/tsvc_2_s1244/621023.621023.llr40v10-oss120b-c-skills.n0.p14.w14/candidate_01_submission.txt,ab053fa83bbabf85bb232caae70aaca8e9211b00ff2a76a3182631c1e9911640
llr40v10-oss120b-fortran,c,fortran,tsvc_2_s1244,621019,621019,llr40v10-oss120b-fortran.n0.p14.w14,1,1.000000,114583607.000000,73734148.000000,0.000000,graded_attempt,sources/llr40v10-oss120b-fortran/tsvc_2_s1244/621019.621019.llr40v10-oss120b-fortran.n0.p14.w14/candidate_01_submission.txt,92843d5b9e0831363448b6948af42ddab66c43294b012d3fb93eb4e869354881
llr40v10-oss120b-fortran,c,fortran,tsvc_2_s1244,621384,621384,llr40v10-oss120b-fortran.n0.p14.w14,1,1.000000,114510959.000000,70129631.000000,0.000000,graded_attempt,sources/llr40v10-oss120b-fortran/tsvc_2_s1244/621384.621384.llr40v10-oss120b-fortran.n0.p14.w14/candidate_01_submission.txt,75aba5e45af12823a8f47f5039ee22dec689319fbd1ebcc478cebf9a64d8f1e7
llr40v10-oss120b-fortran-skills,numba,fortran,tsvc_2_s1244,621027,621027,llr40v10-oss120b-fortran-skills.n0.p14.w14,1,1.000000,116342133.000000,68429458.000000,0.000000,graded_attempt,sources/llr40v10-oss120b-fortran-skills/tsvc_2_s1244/621027.621027.llr40v10-oss120b-fortran-skills.n0.p14.w14/candidate_01_submission.txt,93eb051e7137a747e97ef05bb816ea0e0b4583bb4405535f2fc74acf2c22ba9b
llr40v10-qwen38-c,numba,c,tsvc_2_s1244,622265,622265,llr40v10-qwen38-c.n0.p14.w14,1,5.592393,142440153.000000,18406972.000000,0.000000,graded_attempt,sources/llr40v10-qwen38-c/tsvc_2_s1244/622265.622265.llr40v10-qwen38-c.n0.p14.w14/candidate_01_submission.txt,4e6c66640f14417bf3097054dc0ffec3725409c4f1d0928564eb83012935d702
llr40v10-qwen38-c,numba,c,tsvc_2_s1244,621727,621727,llr40v10-qwen38-c.n0.p14.w14,1,4.722091,143334777.000000,30070064.000000,0.000000,graded_attempt,sources/llr40v10-qwen38-c/tsvc_2_s1244/621727.621727.llr40v10-qwen38-c.n0.p14.w14/candidate_01_submission.txt,6856de6a541694691c349c8456f0feed1129d3c35a0512526de19b46c339a908
llr40v10-qwen38-c,c,c,tsvc_2_s1244,621383,621383,llr40v10-qwen38-c.n0.p14.w14,2,4.629047,112407131.000000,27357025.000000,0.000000,graded_attempt,sources/llr40v10-qwen38-c/tsvc_2_s1244/621383.621383.llr40v10-qwen38-c.n0.p14.w14/candidate_02_submission.txt,c589ad26cdade85dd8511c76416227944ed6a9672693dec46cd3a3019bea6fb8
llr40v10-qwen38-c,c,c,tsvc_2_s1244,621016,621016,llr40v10-qwen38-c.n0.p14.w14,1,4.274847,129406893.000000,30060595.000000,0.000000,graded_attempt,sources/llr40v10-qwen38-c/tsvc_2_s1244/621016.621016.llr40v10-qwen38-c.n0.p14.w14/candidate_01_submission.txt,001b5ee019885954374e61cc63dab6beefcc1088cd999fbe6983c8af3aee39d6
llr40v10-qwen38-c,c,c,tsvc_2_s1244,621383,621383,llr40v10-qwen38-c.n0.p14.w14,1,1.000000,114899250.000000,81993698.000000,0.000000,graded_attempt,sources/llr40v10-qwen38-c/tsvc_2_s1244/621383.621383.llr40v10-qwen38-c.n0.p14.w14/candidate_01_submission.txt,1ecea1745e5eb46ca09e3f55e53ee1c94560f201ee1b1e0ae986c6e28f8a9b05
llr40v10-qwen38-c-skills,numba,c,tsvc_2_s1244,621024,621024,llr40v10-qwen38-c-skills.n0.p14.w14,3,78.119907,1430047727.000000,17315643.000000,0.000000,graded_attempt,sources/llr40v10-qwen38-c-skills/tsvc_2_s1244/621024.621024.llr40v10-qwen38-c-skills.n0.p14.w14/candidate_03_submission.txt,4f5fc762ef2153233f57d2ad8ad0c1cacab898faa9fe491601b4a0890f3a1533
llr40v10-qwen38-c-skills,numba,c,tsvc_2_s1244,621024,621024,llr40v10-qwen38-c-skills.n0.p14.w14,1,45.194560,1430047727.000000,27472763.000000,0.000000,graded_attempt,sources/llr40v10-qwen38-c-skills/tsvc_2_s1244/621024.621024.llr40v10-qwen38-c-skills.n0.p14.w14/candidate_01_submission.txt,ef6d35a4fa1fb964679b489c52ea3f772a3f55b11af624cba2791593b5ed4dde
llr40v10-qwen38-c-skills,numba,c,tsvc_2_s1244,621024,621024,llr40v10-qwen38-c-skills.n0.p14.w14,2,21.642354,1430047727.000000,18694200.000000,0.000000,graded_attempt,sources/llr40v10-qwen38-c-skills/tsvc_2_s1244/621024.621024.llr40v10-qwen38-c-skills.n0.p14.w14/candidate_02_submission.txt,bbb2bde7d7403ae2eed6a9fdabfbf4ab0ebe7eddb8dccb308a156a3bdec117d6
llr40v10-qwen38-fortran,numba,fortran,tsvc_2_s1244,622266,622266,llr40v10-qwen38-fortran.n0.p14.w14,1,1.000000,122900018.000000,82285216.000000,0.000000,graded_attempt,sources/llr40v10-qwen38-fortran/tsvc_2_s1244/622266.622266.llr40v10-qwen38-fortran.n0.p14.w14/candidate_01_submission.txt,50dd724cfbccc3a82f8acccd1e1484044210c3665c2f9d262fa5bb9fb96573bf
llr40v10-qwen38-fortran-skills,numba,fortran,tsvc_2_s1244,621028,621028,llr40v10-qwen38-fortran-skills.n0.p14.w14,1,4.629047,144706178.000000,29323421.000000,0.000000,graded_attempt,sources/llr40v10-qwen38-fortran-skills/tsvc_2_s1244/621028.621028.llr40v10-qwen38-fortran-skills.n0.p14.w14/candidate_01_submission.txt,a94ba2a6820098cb6e278c1fa2534a175b5c200a79916825a93cee845d13f245
llr40v11-kimi27sglang-c,numba,c,tsvc_2_s1244,625533,625533,llr40v11-kimi27sglang-c.n0.p14.w14,1,2.376619,156766788.000000,25158086.000000,0.000000,graded_attempt,sources/llr40v11-kimi27sglang-c/tsvc_2_s1244/625533.625533.llr40v11-kimi27sglang-c.n0.p14.w14/candidate_01_submission.txt,40552adf442e934a40261a90963515cdab61c95092252aa6737d1ddfa51bb86e
llr40v11-kimi27sglang-c-skills,numba,c,tsvc_2_s1244,625537,625537,llr40v11-kimi27sglang-c-skills.n0.p14.w14,2,4.769311,147773595.000000,27661439.000000,0.000000,graded_attempt,sources/llr40v11-kimi27sglang-c-skills/tsvc_2_s1244/625537.625537.llr40v11-kimi27sglang-c-skills.n0.p14.w14/candidate_02_submission.txt,b0546d84ed385f65d2f4c3496ac83e453f2321f0dacb0b84976e64414ae9f9ab
llr40v11-kimi27sglang-c-skills,numba,c,tsvc_2_s1244,625537,625537,llr40v11-kimi27sglang-c-skills.n0.p14.w14,1,4.675337,147773595.000000,27590473.000000,0.000000,graded_attempt,sources/llr40v11-kimi27sglang-c-skills/tsvc_2_s1244/625537.625537.llr40v11-kimi27sglang-c-skills.n0.p14.w14/candidate_01_submission.txt,458ff16b65d1ad0d8977677aa634b76597d20f0e27d530b2129ea49d1bd57fe7
llr40v11-kimi27sglang-fortran-skills,numba,fortran,tsvc_2_s1244,625545,625545,llr40v11-kimi27sglang-fortran-skills.n0.p14.w14,6,31.587605,1429090789.000000,31261062.000000,0.000000,graded_attempt,sources/llr40v11-kimi27sglang-fortran-skills/tsvc_2_s1244/625545.625545.llr40v11-kimi27sglang-fortran-skills.n0.p14.w14/candidate_06_submission.txt,6a850d335f9f45074962641fe0157a0627fad930d41ad27381bd79ed41b8ba11
llr40v11-kimi27sglang-fortran-skills,numba,fortran,tsvc_2_s1244,625545,625545,llr40v11-kimi27sglang-fortran-skills.n0.p14.w14,2,9.382295,1429090789.000000,75425235.000000,0.000000,graded_attempt,sources/llr40v11-kimi27sglang-fortran-skills/tsvc_2_s1244/625545.625545.llr40v11-kimi27sglang-fortran-skills.n0.p14.w14/candidate_02_submission.txt,68b715cff6714bece19e9a33a30df21f86c6cd1057c0857eceddcb76efe2bc45
llr40v11-kimi27sglang-fortran-skills,numba,fortran,tsvc_2_s1244,625545,625545,llr40v11-kimi27sglang-fortran-skills.n0.p14.w14,5,1.347849,146193161.000000,99543137.000000,0.000000,graded_attempt,sources/llr40v11-kimi27sglang-fortran-skills/tsvc_2_s1244/625545.625545.llr40v11-kimi27sglang-fortran-skills.n0.p14.w14/candidate_01_submission.txt,67eb457d476466b09fd86f013d24603b2e8c851a37992407ba3e5cbd02b7a493
llr40v11-kimi27sglang-fortran-skills,numba,fortran,tsvc_2_s1244,625545,625545,llr40v11-kimi27sglang-fortran-skills.n0.p14.w14,1,1.020100,1429090789.000000,128006027.000000,0.000000,graded_attempt,sources/llr40v11-kimi27sglang-fortran-skills/tsvc_2_s1244/625545.625545.llr40v11-kimi27sglang-fortran-skills.n0.p14.w14/candidate_01_submission.txt,67eb457d476466b09fd86f013d24603b2e8c851a37992407ba3e5cbd02b7a493
llr40v11-kimi27sglang-fortran-skills,numba,fortran,tsvc_2_s1244,625545,625545,llr40v11-kimi27sglang-fortran-skills.n0.p14.w14,3,1.020100,1429090789.000000,127942848.000000,0.000000,graded_attempt,sources/llr40v11-kimi27sglang-fortran-skills/tsvc_2_s1244/625545.625545.llr40v11-kimi27sglang-fortran-skills.n0.p14.w14/candidate_01_submission.txt,67eb457d476466b09fd86f013d24603b2e8c851a37992407ba3e5cbd02b7a493
llr40v11-kimi27sglang-fortran-skills,numba,fortran,tsvc_2_s1244,625545,625545,llr40v11-kimi27sglang-fortran-skills.n0.p14.w14,4,1.020100,1429090789.000000,128442873.000000,0.000000,graded_attempt,sources/llr40v11-kimi27sglang-fortran-skills/tsvc_2_s1244/625545.625545.llr40v11-kimi27sglang-fortran-skills.n0.p14.w14/candidate_01_submission.txt,67eb457d476466b09fd86f013d24603b2e8c851a37992407ba3e5cbd02b7a493
llr40v11-oss120b-c,numba,c,tsvc_2_s1244,625531,625531,llr40v11-oss120b-c.n0.p14.w14,1,2.928926,117349619.000000,37466255.000000,0.000000,graded_attempt,sources/llr40v11-oss120b-c/tsvc_2_s1244/625531.625531.llr40v11-oss120b-c.n0.p14.w14/candidate_01_submission.txt,079a36890eb5b1aee9f735e82c65c89c257bb1b7fe9126ca28e00290a794cf42
llr40v11-oss120b-c-skills,numba,c,tsvc_2_s1244,625535,625535,llr40v11-oss120b-c-skills.n0.p14.w14,1,3.947749,155924975.000000,37489670.000000,0.000000,graded_attempt,sources/llr40v11-oss120b-c-skills/tsvc_2_s1244/625535.625535.llr40v11-oss120b-c-skills.n0.p14.w14/candidate_01_submission.txt,16e9921183ef15de350cf9fc77fa26e99f39c873cecedb0b177e00aecd1125fd
llr40v11-oss120b-fortran,numba,fortran,tsvc_2_s1244,625539,625539,llr40v11-oss120b-fortran.n0.p14.w14,1,3.869963,141775678.000000,35533213.000000,0.000000,graded_attempt,sources/llr40v11-oss120b-fortran/tsvc_2_s1244/625539.625539.llr40v11-oss120b-fortran.n0.p14.w14/candidate_02_submission.txt,5adbacacc8198557cc30aa978c530490a8f6b13b49a7ea90d075957a2b96d929
llr40v11-oss120b-fortran-skills,numba,fortran,tsvc_2_s1244,625543,625543,llr40v11-oss120b-fortran-skills.n0.p14.w14,1,1.000000,141692721.000000,79300389.000000,0.000000,graded_attempt,sources/llr40v11-oss120b-fortran-skills/tsvc_2_s1244/625543.625543.llr40v11-oss120b-fortran-skills.n0.p14.w14/candidate_01_submission.txt,d0ccdc2a41cd037a77b6ba56f9b57fdd81d98c0d1166348369d41521e0fd1678
llr40v11-qwen38-c,numba,c,tsvc_2_s1244,625532,625532,llr40v11-qwen38-c.n0.p14.w14,1,7.843761,141468603.000000,18107734.000000,0.000000,graded_attempt,sources/llr40v11-qwen38-c/tsvc_2_s1244/625532.625532.llr40v11-qwen38-c.n0.p14.w14/candidate_01_submission.txt,9fd29c8e0e9204933531b8d6a9df360859c3decafed21c9ef35ab9fde932ee94
llr40v11-qwen38-c-skills,numba,c,tsvc_2_s1244,625536,625536,llr40v11-qwen38-c-skills.n0.p14.w14,1,6.301648,115685523.000000,18193257.000000,0.000000,graded_attempt,sources/llr40v11-qwen38-c-skills/tsvc_2_s1244/625536.625536.llr40v11-qwen38-c-skills.n0.p14.w14/candidate_01_submission.txt,960f33b47667b31b3f07c8ef89f91778bd3f3dedc2d24b4ab220c394535ddb4d
llr40v11-qwen38-fortran,numba,fortran,tsvc_2_s1244,625540,625540,llr40v11-qwen38-fortran.n0.p14.w14,1,46.564000,1429623272.000000,30297339.000000,0.000000,graded_attempt,sources/llr40v11-qwen38-fortran/tsvc_2_s1244/625540.625540.llr40v11-qwen38-fortran.n0.p14.w14/candidate_01_submission.txt,d0231d005f8d4c67cec0e3f7f54a5971301e0670e17386d7760c17c13a3b5591
llr40v11-qwen38-fortran-skills,numba,fortran,tsvc_2_s1244,625544,625544,llr40v11-qwen38-fortran-skills.n0.p14.w14,1,4.629047,145217819.000000,27958519.000000,0.000000,graded_attempt,sources/llr40v11-qwen38-fortran-skills/tsvc_2_s1244/625544.625544.llr40v11-qwen38-fortran-skills.n0.p14.w14/candidate_01_submission.txt,838e4b9a7aecd7aa66359c6b22a1915c19894743cbd73a1eabc30aa1dbeeaf0e
v11w2-kimi27sglang-fortran,numba,fortran,tsvc_2_s1244,627015,627015,v11w2-kimi27sglang-fortran.n0.p0.w0,1,1.000000,119836011.000000,81077382.000000,0.000000,graded_attempt,sources/v11w2-kimi27sglang-fortran/tsvc_2_s1244/627015.627015.v11w2-kimi27sglang-fortran.n0.p0.w0/candidate_01_submission.txt,fa2242831149d346b43859a9f5666635b4fc782ba0e96b9474a830fa5fb59c54
v11w2-kimi27sglang-fortran,numba,fortran,tsvc_2_s1244,627015,627015,v11w2-kimi27sglang-fortran.n0.p0.w0,2,1.000000,119836011.000000,79451839.000000,0.000000,graded_attempt,sources/v11w2-kimi27sglang-fortran/tsvc_2_s1244/627015.627015.v11w2-kimi27sglang-fortran.n0.p0.w0/candidate_02_submission.txt,deb8eb0db61cf27a810682dee562fd9868c8636650cbe49e1897b40312643c0f
v11w2-kimi27sglang-fortran,numba,fortran,tsvc_2_s1244,627015,627015,v11w2-kimi27sglang-fortran.n0.p0.w0,3,1.000000,119836011.000000,74752496.000000,0.000000,graded_attempt,sources/v11w2-kimi27sglang-fortran/tsvc_2_s1244/627015.627015.v11w2-kimi27sglang-fortran.n0.p0.w0/candidate_02_submission.txt,deb8eb0db61cf27a810682dee562fd9868c8636650cbe49e1897b40312643c0f
v11w2-kimi27sglang-fortran,numba,fortran,tsvc_2_s1244,627015,627015,v11w2-kimi27sglang-fortran.n0.p0.w0,4,1.000000,119836011.000000,80497693.000000,0.000000,graded_attempt,sources/v11w2-kimi27sglang-fortran/tsvc_2_s1244/627015.627015.v11w2-kimi27sglang-fortran.n0.p0.w0/candidate_02_submission.txt,deb8eb0db61cf27a810682dee562fd9868c8636650cbe49e1897b40312643c0f
v11w2-kimi27sglang-fortran,numba,fortran,tsvc_2_s1244,627015,627015,v11w2-kimi27sglang-fortran.n0.p0.w0,5,1.000000,119836011.000000,81129415.000000,0.000000,graded_attempt,sources/v11w2-kimi27sglang-fortran/tsvc_2_s1244/627015.627015.v11w2-kimi27sglang-fortran.n0.p0.w0/candidate_02_submission.txt,deb8eb0db61cf27a810682dee562fd9868c8636650cbe49e1897b40312643c0f
v11w2-kimi27sglang-fortran,numba,fortran,tsvc_2_s1244,627015,627015,v11w2-kimi27sglang-fortran.n0.p0.w0,6,1.000000,119836011.000000,75370045.000000,0.000000,graded_attempt,sources/v11w2-kimi27sglang-fortran/tsvc_2_s1244/627015.627015.v11w2-kimi27sglang-fortran.n0.p0.w0/candidate_02_submission.txt,deb8eb0db61cf27a810682dee562fd9868c8636650cbe49e1897b40312643c0f
gpuv2-llr40-oss120b-hip,numba,hip,tsvc_2_s152,627167,627167,gpuv2-llr40-oss120b-hip.n0.p15.w15,1,35.241291,56885657.000000,1504083.000000,0.000000,graded_attempt,sources/gpuv2-llr40-oss120b-hip/tsvc_2_s152/627167.627167.gpuv2-llr40-oss120b-hip.n0.p15.w15/candidate_01_submission.txt,087bb461ddf2de33d46435dde0dd0a56fc1df666014287aececf2dbdc238f8e8
gpuv2-llr40-oss120b-hip-skills,numba,hip,tsvc_2_s152,627168,627168,gpuv2-llr40-oss120b-hip-skills.n0.p15.w15,1,39.710769,61005352.000000,1481533.000000,0.000000,graded_attempt,sources/gpuv2-llr40-oss120b-hip-skills/tsvc_2_s152/627168.627168.gpuv2-llr40-oss120b-hip-skills.n0.p15.w15/candidate_01_submission.txt,2fdd53edee5286a7bcfb5abe0a22299d1ec176f429d2deff34efb942ddb2f725
gpuv2-llr40-oss120b-omp,numba,c,tsvc_2_s152,627173,627173,gpuv2-llr40-oss120b-omp.n0.p15.w15,1,11.222609,66906969.000000,5854336.000000,0.000000,graded_attempt,sources/gpuv2-llr40-oss120b-omp/tsvc_2_s152/627173.627173.gpuv2-llr40-oss120b-omp.n0.p15.w15/candidate_01_submission.txt,0180ab598815e29eac598c2b06f22c4e0bb23f41885c75f353b853b5efc8c0a9
gpuv2-llr40-oss120b-omp-skills,numba,c,tsvc_2_s152,627174,627174,gpuv2-llr40-oss120b-omp-skills.n0.p15.w15,1,11.001479,64809437.000000,5834033.000000,0.000000,graded_attempt,sources/gpuv2-llr40-oss120b-omp-skills/tsvc_2_s152/627174.627174.gpuv2-llr40-oss120b-omp-skills.n0.p15.w15/candidate_01_submission.txt,e7782783755ba1200565fa7003d0f90c55055981cb9a9b08b503d74a0378aa4f
gpuv2-llr40-qwen38-hip,numba,hip,tsvc_2_s152,626645,626645,gpuv2-llr40-qwen38-hip.n0.p15.w15,1,40.914045,62740348.000000,1448994.000000,0.000000,graded_attempt,sources/gpuv2-llr40-qwen38-hip/tsvc_2_s152/626645.626645.gpuv2-llr40-qwen38-hip.n0.p15.w15/candidate_01_submission.txt,f68abccb4330980cee3cfdc35d785bffdfadbc75a1b270c260797555049ca87b
gpuv2-llr40-qwen38-hip,numba,hip,tsvc_2_s152,627017,627017,gpuv2-llr40-qwen38-hip.n0.p15.w15,1,38.542881,62852459.000000,1567610.000000,0.000000,graded_attempt,sources/gpuv2-llr40-qwen38-hip/tsvc_2_s152/627017.627017.gpuv2-llr40-qwen38-hip.n0.p15.w15/candidate_01_submission.txt,7461e5b75fbd47be9936b2cf1ec1391511fc35b071b285a447d8e3722fa98a9a
gpuv2-llr40-qwen38-hip-skills,numba,hip,tsvc_2_s152,626646,626646,gpuv2-llr40-qwen38-hip-skills.n0.p15.w15,3,54.059358,79964259.000000,1388118.000000,0.000000,graded_attempt,sources/gpuv2-llr40-qwen38-hip-skills/tsvc_2_s152/626646.626646.gpuv2-llr40-qwen38-hip-skills.n0.p15.w15/candidate_01_submission.txt,1db3dbebed121a0c27ebbe3ddab1b05cd2644f9bbfd263d896f102ea0859a501
gpuv2-llr40-qwen38-hip-skills,numba,hip,tsvc_2_s152,626646,626646,gpuv2-llr40-qwen38-hip-skills.n0.p15.w15,4,54.059358,79964259.000000,1387518.000000,0.000000,graded_attempt,sources/gpuv2-llr40-qwen38-hip-skills/tsvc_2_s152/626646.626646.gpuv2-llr40-qwen38-hip-skills.n0.p15.w15/candidate_01_submission.txt,1db3dbebed121a0c27ebbe3ddab1b05cd2644f9bbfd263d896f102ea0859a501
gpuv2-llr40-qwen38-hip-skills,numba,hip,tsvc_2_s152,626646,626646,gpuv2-llr40-qwen38-hip-skills.n0.p15.w15,1,52.469481,79964259.000000,1384359.000000,0.000000,graded_attempt,sources/gpuv2-llr40-qwen38-hip-skills/tsvc_2_s152/626646.626646.gpuv2-llr40-qwen38-hip-skills.n0.p15.w15/candidate_01_submission.txt,1db3dbebed121a0c27ebbe3ddab1b05cd2644f9bbfd263d896f102ea0859a501
gpuv2-llr40-qwen38-hip-skills,numba,hip,tsvc_2_s152,626646,626646,gpuv2-llr40-qwen38-hip-skills.n0.p15.w15,2,50.926361,79964259.000000,1476397.000000,0.000000,graded_attempt,sources/gpuv2-llr40-qwen38-hip-skills/tsvc_2_s152/626646.626646.gpuv2-llr40-qwen38-hip-skills.n0.p15.w15/candidate_02_submission.txt,71fe233c6aae8c38ae4ceef667313c11e13fac6d926d89c3d4c9b6085b5f9ce8
gpuv2-llr40-qwen38-hip-skills,numba,hip,tsvc_2_s152,627018,627018,gpuv2-llr40-qwen38-hip-skills.n0.p15.w15,1,41.736418,64871917.000000,1481487.000000,0.000000,graded_attempt,sources/gpuv2-llr40-qwen38-hip-skills/tsvc_2_s152/627018.627018.gpuv2-llr40-qwen38-hip-skills.n0.p15.w15/candidate_01_submission.txt,44a05d74b7ce1aee4ccdff01802dee6329600ff634d4f6a732610602aa3137b0
gpuv4-llr40-oss120b-pytriton,numba,python,tsvc_2_s152,627175,627175,gpuv4-llr40-oss120b-pytriton.n0.p15.w15,1,3.047852,62291116.000000,18525176.000000,0.000000,graded_attempt,sources/gpuv4-llr40-oss120b-pytriton/tsvc_2_s152/627175.627175.gpuv4-llr40-oss120b-pytriton.n0.p15.w15/candidate_01_submission.txt,461a1421e1f9647a4dbaa634e31e643c67d642562ae7e0765caad166d3a26cf2
gpuv4-llr40-oss120b-pytriton-skills,numba,python,tsvc_2_s152,627176,627176,gpuv4-llr40-oss120b-pytriton-skills.n0.p15.w15,1,3.171607,62143658.000000,18611222.000000,0.000000,graded_attempt,sources/gpuv4-llr40-oss120b-pytriton-skills/tsvc_2_s152/627176.627176.gpuv4-llr40-oss120b-pytriton-skills.n0.p15.w15/candidate_01_submission.txt,8c787fb27ec12b18fd9a118f5d66bc0c6698a5fb62f30cc79eec75111c61d6ce
gpuv4-llr40-qwen38-pytriton,numba,python,tsvc_2_s152,626557,626557,gpuv4-llr40-qwen38-pytriton.n0.p15.w15,3,3.609585,63550199.000000,14856157.000000,0.000000,graded_attempt,sources/gpuv4-llr40-qwen38-pytriton/tsvc_2_s152/626557.626557.gpuv4-llr40-qwen38-pytriton.n0.p15.w15/candidate_03_submission.txt,d144034a5b8690f750b36f35c7f28c4036e897b769d958aaff1b97a4d76e4260
gpuv4-llr40-qwen38-pytriton,numba,python,tsvc_2_s152,626523,626523,gpuv4-llr40-qwen38-pytriton.n0.p15.w15,1,3.573846,75430106.000000,20355483.000000,0.000000,graded_attempt,sources/gpuv4-llr40-qwen38-pytriton/tsvc_2_s152/626523.626523.gpuv4-llr40-qwen38-pytriton.n0.p15.w15/candidate_01_submission.txt,b2ef64b52f6cde0a1e926bff0aa0135fddff46a4d06398d441a692038bcb2dc9
gpuv4-llr40-qwen38-pytriton,numba,python,tsvc_2_s152,626557,626557,gpuv4-llr40-qwen38-pytriton.n0.p15.w15,2,3.573846,63550199.000000,17572645.000000,0.000000,graded_attempt,sources/gpuv4-llr40-qwen38-pytriton/tsvc_2_s152/626557.626557.gpuv4-llr40-qwen38-pytriton.n0.p15.w15/candidate_02_submission.txt,6392759562b46a0020e8bde59900741dc54fd2e335a70ca9ef88950eca9a8022
gpuv4-llr40-qwen38-pytriton,numba,python,tsvc_2_s152,626557,626557,gpuv4-llr40-qwen38-pytriton.n0.p15.w15,1,3.203323,63550199.000000,18421188.000000,0.000000,graded_attempt,sources/gpuv4-llr40-qwen38-pytriton/tsvc_2_s152/626557.626557.gpuv4-llr40-qwen38-pytriton.n0.p15.w15/candidate_01_submission.txt,8bcbef7dfb319393aa9a097275dd2f77bb533573f0673a5e07e096ddf46f831a
gpuv4-llr40-qwen38-pytriton,numba,python,tsvc_2_s152,627230,627230,gpuv4-llr40-qwen38-pytriton.n0.p15.w15,3,3.017675,55224080.000000,17958630.000000,0.000000,graded_attempt,sources/gpuv4-llr40-qwen38-pytriton/tsvc_2_s152/627230.627230.gpuv4-llr40-qwen38-pytriton.n0.p15.w15/candidate_02_submission.txt,1dc3976a092dd8ef3b35195f955ae97fc2b3830b9b3070188a8f1f4897484e1e
gpuv4-llr40-qwen38-pytriton,numba,python,tsvc_2_s152,627230,627230,gpuv4-llr40-qwen38-pytriton.n0.p15.w15,2,2.899927,55224080.000000,18062960.000000,0.000000,graded_attempt,sources/gpuv4-llr40-qwen38-pytriton/tsvc_2_s152/627230.627230.gpuv4-llr40-qwen38-pytriton.n0.p15.w15/candidate_02_submission.txt,1dc3976a092dd8ef3b35195f955ae97fc2b3830b9b3070188a8f1f4897484e1e
gpuv4-llr40-qwen38-pytriton,numba,python,tsvc_2_s152,627230,627230,gpuv4-llr40-qwen38-pytriton.n0.p15.w15,1,2.814640,55224080.000000,18190279.000000,0.000000,graded_attempt,sources/gpuv4-llr40-qwen38-pytriton/tsvc_2_s152/627230.627230.gpuv4-llr40-qwen38-pytriton.n0.p15.w15/candidate_01_submission.txt,49abf6f0f3ba23853b44855319dca2dbe6782f77a094a2fed3431044902217e0
gpuv4-llr40-qwen38-pytriton-skills,numba,python,tsvc_2_s152,627020,627020,gpuv4-llr40-qwen38-pytriton-skills.n0.p15.w15,3,3.503427,69692438.000000,19043812.000000,0.000000,graded_attempt,sources/gpuv4-llr40-qwen38-pytriton-skills/tsvc_2_s152/627020.627020.gpuv4-llr40-qwen38-pytriton-skills.n0.p15.w15/candidate_02_submission.txt,acb337c2ef72195cde88bc72c314d5f1936fda9d83cdd2dfac78ea11ad9b6be2
gpuv4-llr40-qwen38-pytriton-skills,numba,python,tsvc_2_s152,627020,627020,gpuv4-llr40-qwen38-pytriton-skills.n0.p15.w15,1,3.468740,69692438.000000,18910808.000000,0.000000,graded_attempt,sources/gpuv4-llr40-qwen38-pytriton-skills/tsvc_2_s152/627020.627020.gpuv4-llr40-qwen38-pytriton-skills.n0.p15.w15/candidate_01_submission.txt,ad6a0caa57d4134b5b679cddfa98114dd69417c14a6ae07197013498212d9a05
gpuv4-llr40-qwen38-pytriton-skills,numba,python,tsvc_2_s152,627020,627020,gpuv4-llr40-qwen38-pytriton-skills.n0.p15.w15,4,3.434396,69692438.000000,19331006.000000,0.000000,graded_attempt,sources/gpuv4-llr40-qwen38-pytriton-skills/tsvc_2_s152/627020.627020.gpuv4-llr40-qwen38-pytriton-skills.n0.p15.w15/candidate_02_submission.txt,acb337c2ef72195cde88bc72c314d5f1936fda9d83cdd2dfac78ea11ad9b6be2
gpuv4-llr40-qwen38-pytriton-skills,numba,python,tsvc_2_s152,627020,627020,gpuv4-llr40-qwen38-pytriton-skills.n0.p15.w15,2,3.400392,69692438.000000,18952393.000000,0.000000,graded_attempt,sources/gpuv4-llr40-qwen38-pytriton-skills/tsvc_2_s152/627020.627020.gpuv4-llr40-qwen38-pytriton-skills.n0.p15.w15/candidate_02_submission.txt,acb337c2ef72195cde88bc72c314d5f1936fda9d83cdd2dfac78ea11ad9b6be2
gpuv4-llr40-qwen38-pytriton-skills,numba,python,tsvc_2_s152,626651,626651,gpuv4-llr40-qwen38-pytriton-skills.n0.p15.w15,1,3.300387,62061649.000000,18121989.000000,0.000000,graded_attempt,sources/gpuv4-llr40-qwen38-pytriton-skills/tsvc_2_s152/626651.626651.gpuv4-llr40-qwen38-pytriton-skills.n0.p15.w15/candidate_01_submission.txt,b26e088190f987748ceb62ef5039448ac35b84eef520845432cc6f37ab36fc8d
gpuv4-llr40-qwen38-pytriton-skills,numba,python,tsvc_2_s152,627231,627231,gpuv4-llr40-qwen38-pytriton-skills.n0.p15.w15,1,3.109114,56547462.000000,17866840.000000,0.000000,graded_attempt,sources/gpuv4-llr40-qwen38-pytriton-skills/tsvc_2_s152/627231.627231.gpuv4-llr40-qwen38-pytriton-skills.n0.p15.w15/candidate_01_submission.txt,c08f9fdc635b7f3b6b90a431f5bdd0b638438ebc25a388e134d45c2a287ef062
llr40v10-kimi27sglang-c,c,c,tsvc_2_s152,621017,621017,llr40v10-kimi27sglang-c.n0.p15.w15,1,5.995802,136838231.000000,21029243.000000,0.000000,graded_attempt,sources/llr40v10-kimi27sglang-c/tsvc_2_s152/621017.621017.llr40v10-kimi27sglang-c.n0.p15.w15/candidate_01_submission.txt,3e1e7f3f61e43e64217e977178917a3e7613204a67a679815a1b2c327bb384c1
llr40v10-kimi27sglang-c,numba,c,tsvc_2_s152,621729,621729,llr40v10-kimi27sglang-c.n0.p15.w15,5,4.027099,60670339.000000,15011574.000000,0.000000,graded_attempt,sources/llr40v10-kimi27sglang-c/tsvc_2_s152/621729.621729.llr40v10-kimi27sglang-c.n0.p15.w15/candidate_05_submission.txt,cb36389f82636aff50747d63d533d8bdc7fced628114015c0d63ce137b8dbf8d
llr40v10-kimi27sglang-c,numba,c,tsvc_2_s152,621729,621729,llr40v10-kimi27sglang-c.n0.p15.w15,6,4.027099,60670339.000000,14979122.000000,0.000000,graded_attempt,sources/llr40v10-kimi27sglang-c/tsvc_2_s152/621729.621729.llr40v10-kimi27sglang-c.n0.p15.w15/candidate_05_submission.txt,cb36389f82636aff50747d63d533d8bdc7fced628114015c0d63ce137b8dbf8d
llr40v10-kimi27sglang-c,numba,c,tsvc_2_s152,621729,621729,llr40v10-kimi27sglang-c.n0.p15.w15,7,4.027099,60670339.000000,14983370.000000,0.000000,graded_attempt,sources/llr40v10-kimi27sglang-c/tsvc_2_s152/621729.621729.llr40v10-kimi27sglang-c.n0.p15.w15/candidate_07_submission.txt,0cf248c28355ade726026aebbb7663c88e0bf39febbc111262db139c89dd9283
llr40v10-kimi27sglang-c,numba,c,tsvc_2_s152,621729,621729,llr40v10-kimi27sglang-c.n0.p15.w15,8,4.027099,60670339.000000,15011745.000000,0.000000,graded_attempt,sources/llr40v10-kimi27sglang-c/tsvc_2_s152/621729.621729.llr40v10-kimi27sglang-c.n0.p15.w15/candidate_08_submission.txt,f3d408fd82bdd59b1c4badd0ae261cdf7e0caab736154cc877f906dbb05c6238
llr40v10-kimi27sglang-c,numba,c,tsvc_2_s152,621729,621729,llr40v10-kimi27sglang-c.n0.p15.w15,9,4.027099,60670339.000000,14952144.000000,0.000000,graded_attempt,sources/llr40v10-kimi27sglang-c/tsvc_2_s152/621729.621729.llr40v10-kimi27sglang-c.n0.p15.w15/candidate_09_submission.txt,daa8ba8c9c41b200fdb27c4b72b9f05cbcbf1c57f64ab75cbc5322a65b10c4fc
llr40v10-kimi27sglang-c,numba,c,tsvc_2_s152,621729,621729,llr40v10-kimi27sglang-c.n0.p15.w15,10,4.027099,60670339.000000,14973791.000000,0.000000,graded_attempt,sources/llr40v10-kimi27sglang-c/tsvc_2_s152/621729.621729.llr40v10-kimi27sglang-c.n0.p15.w15/candidate_10_submission.txt,ee4991aca8b44ae13871f246db5650123572d0ddcae9440657bb1f03ab695d3d
llr40v10-kimi27sglang-c,numba,c,tsvc_2_s152,621729,621729,llr40v10-kimi27sglang-c.n0.p15.w15,4,3.987227,60670339.000000,14988262.000000,0.000000,graded_attempt,sources/llr40v10-kimi27sglang-c/tsvc_2_s152/621729.621729.llr40v10-kimi27sglang-c.n0.p15.w15/candidate_04_submission.txt,9c48edffc925a9531970617ad0141c98c09240e16733b15be92fbbac3cf1898f
llr40v10-kimi27sglang-c,numba,c,tsvc_2_s152,621729,621729,llr40v10-kimi27sglang-c.n0.p15.w15,2,3.400392,60670339.000000,17781709.000000,0.000000,graded_attempt,sources/llr40v10-kimi27sglang-c/tsvc_2_s152/621729.621729.llr40v10-kimi27sglang-c.n0.p15.w15/candidate_02_submission.txt,1a576017ee1ce1ecddd9ffe57423584a186696f6a441df808e1625b9f58cca6d
llr40v10-kimi27sglang-c,numba,c,tsvc_2_s152,621729,621729,llr40v10-kimi27sglang-c.n0.p15.w15,3,3.400392,60670339.000000,17751420.000000,0.000000,graded_attempt,sources/llr40v10-kimi27sglang-c/tsvc_2_s152/621729.621729.llr40v10-kimi27sglang-c.n0.p15.w15/candidate_03_submission.txt,4cf5833ffd6c2208eacd850030277aa4272ccfc4975d41c5290be7ab1adbb1ac
llr40v10-kimi27sglang-c,numba,c,tsvc_2_s152,621729,621729,llr40v10-kimi27sglang-c.n0.p15.w15,1,2.678033,60670339.000000,21376638.000000,0.000000,graded_attempt,sources/llr40v10-kimi27sglang-c/tsvc_2_s152/621729.621729.llr40v10-kimi27sglang-c.n0.p15.w15/candidate_01_submission.txt,218d3c3f266a75c2ca13025583850451417463636d2bd794d3d1b2d73057b9b0
llr40v10-kimi27sglang-c-skills,numba,c,tsvc_2_s152,621025,621025,llr40v10-kimi27sglang-c-skills.n0.p15.w15,4,4.583215,81938071.000000,17754607.000000,0.000000,graded_attempt,sources/llr40v10-kimi27sglang-c-skills/tsvc_2_s152/621025.621025.llr40v10-kimi27sglang-c-skills.n0.p15.w15/candidate_04_submission.txt,453b5ed1aa3414a2c0613da45f88524bcc7ce06e1497073e938b4a57b460d264
llr40v10-kimi27sglang-c-skills,numba,c,tsvc_2_s152,621025,621025,llr40v10-kimi27sglang-c-skills.n0.p15.w15,3,4.537836,81938071.000000,17841206.000000,0.000000,graded_attempt,sources/llr40v10-kimi27sglang-c-skills/tsvc_2_s152/621025.621025.llr40v10-kimi27sglang-c-skills.n0.p15.w15/candidate_03_submission.txt,cdeaa5d1a3a374345124c2652b382d8def51a9c56212ecef48ee7bf90c70411e
llr40v10-kimi27sglang-c-skills,numba,c,tsvc_2_s152,621025,621025,llr40v10-kimi27sglang-c-skills.n0.p15.w15,2,3.869963,81938071.000000,20841018.000000,0.000000,graded_attempt,sources/llr40v10-kimi27sglang-c-skills/tsvc_2_s152/621025.621025.llr40v10-kimi27sglang-c-skills.n0.p15.w15/candidate_01_submission.txt,0877c1761176bf9ac3e7828da562af74206101ba1637ff92f80ffbe3041d1804
llr40v10-kimi27sglang-c-skills,numba,c,tsvc_2_s152,621025,621025,llr40v10-kimi27sglang-c-skills.n0.p15.w15,1,3.756148,79243062.000000,20883848.000000,0.000000,graded_attempt,sources/llr40v10-kimi27sglang-c-skills/tsvc_2_s152/621025.621025.llr40v10-kimi27sglang-c-skills.n0.p15.w15/candidate_01_submission.txt,0877c1761176bf9ac3e7828da562af74206101ba1637ff92f80ffbe3041d1804
llr40v10-kimi27sglang-fortran,c,fortran,tsvc_2_s152,621021,621021,llr40v10-kimi27sglang-fortran.n0.p15.w15,1,5.062720,116285322.000000,21013267.000000,0.000000,graded_attempt,sources/llr40v10-kimi27sglang-fortran/tsvc_2_s152/621021.621021.llr40v10-kimi27sglang-fortran.n0.p15.w15/candidate_01_submission.txt,c82e49b73e8b91bfb1795ac856baca119aaafc3a6b54a24cbcadcb83df4ef772
llr40v10-kimi27sglang-fortran,c,fortran,tsvc_2_s152,621021,621021,llr40v10-kimi27sglang-fortran.n0.p15.w15,2,4.190616,97628611.000000,20748430.000000,0.000000,graded_attempt,sources/llr40v10-kimi27sglang-fortran/tsvc_2_s152/621021.621021.llr40v10-kimi27sglang-fortran.n0.p15.w15/candidate_02_submission.txt,1318e66a048824c44154aabb2c05ad71eb613a11ce0bef2b0dc0d406a2850bcf
llr40v10-kimi27sglang-fortran,numba,fortran,tsvc_2_s152,621731,621731,llr40v10-kimi27sglang-fortran.n0.p15.w15,1,4.190616,98822391.000000,22183199.000000,0.000000,graded_attempt,sources/llr40v10-kimi27sglang-fortran/tsvc_2_s152/621731.621731.llr40v10-kimi27sglang-fortran.n0.p15.w15/candidate_01_submission.txt,62a6b9aca5bb713c5baca87edb4a661bc7aba3a52950f0efb98ccc450b341679
llr40v10-kimi27sglang-fortran,numba,fortran,tsvc_2_s152,621731,621731,llr40v10-kimi27sglang-fortran.n0.p15.w15,2,4.190616,98822391.000000,22152599.000000,0.000000,graded_attempt,sources/llr40v10-kimi27sglang-fortran/tsvc_2_s152/621731.621731.llr40v10-kimi27sglang-fortran.n0.p15.w15/candidate_02_submission.txt,78d88394a8199de1a60aabe289f65a1aa00491c6a90000123998515a538fd05d
llr40v10-kimi27sglang-fortran-skills,numba,fortran,tsvc_2_s152,621029,621029,llr40v10-kimi27sglang-fortran-skills.n0.p15.w15,5,3.538461,67987936.000000,19017833.000000,0.000000,graded_attempt,sources/llr40v10-kimi27sglang-fortran-skills/tsvc_2_s152/621029.621029.llr40v10-kimi27sglang-fortran-skills.n0.p15.w15/candidate_05_submission.txt,d4cfad8b27a2bfbad4bbb8a119cb9bdf3182c3e4a32fef7fbbc0eb74eee85421
llr40v10-kimi27sglang-fortran-skills,numba,fortran,tsvc_2_s152,621029,621029,llr40v10-kimi27sglang-fortran-skills.n0.p15.w15,3,3.503427,67987936.000000,19045922.000000,0.000000,graded_attempt,sources/llr40v10-kimi27sglang-fortran-skills/tsvc_2_s152/621029.621029.llr40v10-kimi27sglang-fortran-skills.n0.p15.w15/candidate_03_submission.txt,e479f4b818b96b63b8628b6cccfdb03b840dd9f65d3dd5058b9b1c7849c42b87
llr40v10-kimi27sglang-fortran-skills,numba,fortran,tsvc_2_s152,621029,621029,llr40v10-kimi27sglang-fortran-skills.n0.p15.w15,1,3.468740,67987936.000000,18878930.000000,0.000000,graded_attempt,sources/llr40v10-kimi27sglang-fortran-skills/tsvc_2_s152/621029.621029.llr40v10-kimi27sglang-fortran-skills.n0.p15.w15/candidate_01_submission.txt,28740fe024351e399d116476f13bdce12e403ef7cf9912973e953e4ba66265c3
llr40v10-kimi27sglang-fortran-skills,numba,fortran,tsvc_2_s152,621029,621029,llr40v10-kimi27sglang-fortran-skills.n0.p15.w15,4,3.468740,67987936.000000,19169683.000000,0.000000,graded_attempt,sources/llr40v10-kimi27sglang-fortran-skills/tsvc_2_s152/621029.621029.llr40v10-kimi27sglang-fortran-skills.n0.p15.w15/candidate_04_submission.txt,c499073cee44615dce0ea20f294a6c253156895ac356cb7641b65ac8bf553aa4
llr40v10-kimi27sglang-fortran-skills,numba,fortran,tsvc_2_s152,621029,621029,llr40v10-kimi27sglang-fortran-skills.n0.p15.w15,2,3.400392,67987936.000000,19161880.000000,0.000000,graded_attempt,sources/llr40v10-kimi27sglang-fortran-skills/tsvc_2_s152/621029.621029.llr40v10-kimi27sglang-fortran-skills.n0.p15.w15/candidate_02_submission.txt,1045ac0a842520da72e736e7088324a6ec2a520cc1f8206929c402513200aa77
llr40v10-oss120b-c,c,c,tsvc_2_s152,621015,621015,llr40v10-oss120b-c.n0.p15.w15,1,6.055760,174456538.000000,27968186.000000,0.000000,graded_attempt,sources/llr40v10-oss120b-c/tsvc_2_s152/621015.621015.llr40v10-oss120b-c.n0.p15.w15/candidate_01_submission.txt,1e896fc39334095225bc95cd3c4d07f2deed13c987d6a979c59b8dac44329961
llr40v10-oss120b-c,c,c,tsvc_2_s152,621382,621382,llr40v10-oss120b-c.n0.p15.w15,1,4.583215,103415090.000000,21731670.000000,0.000000,graded_attempt,sources/llr40v10-oss120b-c/tsvc_2_s152/621382.621382.llr40v10-oss120b-c.n0.p15.w15/candidate_01_submission.txt,08372405d63a1ebaa65812e39ca6958236fe8a5efe8fd5e14710e696d345accb
llr40v10-oss120b-c-skills,numba,c,tsvc_2_s152,621023,621023,llr40v10-oss120b-c-skills.n0.p15.w15,1,2.731862,63075602.000000,21753773.000000,0.000000,graded_attempt,sources/llr40v10-oss120b-c-skills/tsvc_2_s152/621023.621023.llr40v10-oss120b-c-skills.n0.p15.w15/candidate_01_submission.txt,9d7ac4f7df993790460877cbb39cf4baa296509219d90ff6738024613e06b863
llr40v10-oss120b-fortran,c,fortran,tsvc_2_s152,621019,621019,llr40v10-oss120b-fortran.n0.p15.w15,1,4.537836,101204954.000000,21074184.000000,0.000000,graded_attempt,sources/llr40v10-oss120b-fortran/tsvc_2_s152/621019.621019.llr40v10-oss120b-fortran.n0.p15.w15/candidate_01_submission.txt,fe2396581bbe3123ddc63f15bfd13d928450d25118b3c564539a4ed30680b575
llr40v10-oss120b-fortran,c,fortran,tsvc_2_s152,621384,621384,llr40v10-oss120b-fortran.n0.p15.w15,1,4.537836,102033826.000000,20554314.000000,0.000000,graded_attempt,sources/llr40v10-oss120b-fortran/tsvc_2_s152/621384.621384.llr40v10-oss120b-fortran.n0.p15.w15/candidate_01_submission.txt,2fb132f11b114b2ec4f253eda83d5d7e177fc94adddeee5a8d9c47f94fc742bf
llr40v10-oss120b-fortran-skills,numba,fortran,tsvc_2_s152,621027,621027,llr40v10-oss120b-fortran-skills.n0.p15.w15,1,2.899927,67835720.000000,21697485.000000,0.000000,graded_attempt,sources/llr40v10-oss120b-fortran-skills/tsvc_2_s152/621027.621027.llr40v10-oss120b-fortran-skills.n0.p15.w15/candidate_01_submission.txt,bb45dec8e0090d6f80715063c2a0bee50b923acedd2ab2ff195e8d3643c57e4f
llr40v10-qwen38-c,c,c,tsvc_2_s152,621016,621016,llr40v10-qwen38-c.n0.p15.w15,2,5.936438,101878917.000000,16124536.000000,0.000000,graded_attempt,sources/llr40v10-qwen38-c/tsvc_2_s152/621016.621016.llr40v10-qwen38-c.n0.p15.w15/candidate_02_submission.txt,281d6185bb1bc78f54275fc2fa1d30200f09915205b67e05fa57c27b75fb4ee5
llr40v10-qwen38-c,c,c,tsvc_2_s152,621016,621016,llr40v10-qwen38-c.n0.p15.w15,1,4.865175,110006346.000000,21077103.000000,0.000000,graded_attempt,sources/llr40v10-qwen38-c/tsvc_2_s152/621016.621016.llr40v10-qwen38-c.n0.p15.w15/candidate_01_submission.txt,f2a06dde8d8666702a4ba36b41a9460652ea71da87231ea374e034cd221d75c1
llr40v10-qwen38-c,c,c,tsvc_2_s152,621383,621383,llr40v10-qwen38-c.n0.p15.w15,1,4.149124,97714378.000000,21356118.000000,0.000000,graded_attempt,sources/llr40v10-qwen38-c/tsvc_2_s152/621383.621383.llr40v10-qwen38-c.n0.p15.w15/candidate_01_submission.txt,31a5da52626414512fc6a85469f68a80ae34418769e038ba8d8cf95d217a818b
llr40v10-qwen38-c,numba,c,tsvc_2_s152,621727,621727,llr40v10-qwen38-c.n0.p15.w15,2,3.300387,64798681.000000,17360140.000000,0.000000,graded_attempt,sources/llr40v10-qwen38-c/tsvc_2_s152/621727.621727.llr40v10-qwen38-c.n0.p15.w15/candidate_02_submission.txt,aa79358c58d2505504f52fd310868623d993e7c0dd5053d05d081e65636ef559
llr40v10-qwen38-c,numba,c,tsvc_2_s152,622265,622265,llr40v10-qwen38-c.n0.p15.w15,1,2.958215,66304134.000000,20504194.000000,0.000000,graded_attempt,sources/llr40v10-qwen38-c/tsvc_2_s152/621383.621383.llr40v10-qwen38-c.n0.p15.w15/candidate_01_submission.txt,31a5da52626414512fc6a85469f68a80ae34418769e038ba8d8cf95d217a818b
llr40v10-qwen38-c,numba,c,tsvc_2_s152,621727,621727,llr40v10-qwen38-c.n0.p15.w15,1,2.678033,64798681.000000,22052307.000000,0.000000,graded_attempt,sources/llr40v10-qwen38-c/tsvc_2_s152/621727.621727.llr40v10-qwen38-c.n0.p15.w15/candidate_01_submission.txt,23e71d51101d8a5c992c580e6eadfb1943b05e1c3a5d8d991af28b93934a0afe
llr40v10-qwen38-c-skills,numba,c,tsvc_2_s152,625312,625312,llr40v10-qwen38-c-skills.n0.p15.w15,1,3.333391,75318648.000000,21220176.000000,0.000000,graded_attempt,sources/llr40v10-qwen38-c-skills/tsvc_2_s152/625312.625312.llr40v10-qwen38-c-skills.n0.p15.w15/candidate_01_submission.txt,c5e958f10cfad3fb14ed1529de40c5c7c6243014ae502478ec90949755bc353d
llr40v10-qwen38-c-skills,numba,c,tsvc_2_s152,621024,621024,llr40v10-qwen38-c-skills.n0.p15.w15,1,2.871214,66301668.000000,21274125.000000,0.000000,graded_attempt,sources/llr40v10-qwen38-c-skills/tsvc_2_s152/621024.621024.llr40v10-qwen38-c-skills.n0.p15.w15/candidate_01_submission.txt,45987cbb99617d7b76e906e2674ed4bbfbea4bc2206253e7fc74462149366f02
llr40v10-qwen38-fortran,c,fortran,tsvc_2_s152,621385,621385,llr40v10-qwen38-fortran.n0.p15.w15,1,4.962965,114931540.000000,22481250.000000,0.000000,graded_attempt,sources/llr40v10-qwen38-fortran/tsvc_2_s152/621385.621385.llr40v10-qwen38-fortran.n0.p15.w15/candidate_01_submission.txt,9f6429b89fce230eeaedbe667b08007f12f034b26a2e58cf0d61dcfd96620572
llr40v10-qwen38-fortran,numba,fortran,tsvc_2_s152,622266,622266,llr40v10-qwen38-fortran.n0.p15.w15,1,3.503427,75642145.000000,20712391.000000,0.000000,graded_attempt,sources/llr40v10-qwen38-fortran/tsvc_2_s152/622266.622266.llr40v10-qwen38-fortran.n0.p15.w15/candidate_01_submission.txt,a9a4d4280d521482cc95d75b6cda2cb3d9f84c116c6a3b2cb0874701f07dd47e
llr40v10-qwen38-fortran,numba,fortran,tsvc_2_s152,621728,621728,llr40v10-qwen38-fortran.n0.p15.w15,1,1.596263,61469376.000000,37630881.000000,0.000000,graded_attempt,sources/llr40v10-qwen38-fortran/tsvc_2_s152/621728.621728.llr40v10-qwen38-fortran.n0.p15.w15/candidate_01_submission.txt,f32c30e3a1b3f27a5a6b0da5d7402ed8e159bcb714412788b4ec6af938b8b65f
llr40v10-qwen38-fortran-skills,numba,fortran,tsvc_2_s152,621028,621028,llr40v10-qwen38-fortran-skills.n0.p15.w15,1,2.871214,65259715.000000,20434126.000000,0.000000,graded_attempt,sources/llr40v10-qwen38-fortran-skills/tsvc_2_s152/621028.621028.llr40v10-qwen38-fortran-skills.n0.p15.w15/candidate_01_submission.txt,58663e8f607f3df688ca313c4237706410bf2e959f21cb61514e13628b5456bd
llr40v11-kimi27sglang-c,numba,c,tsvc_2_s152,625533,625533,llr40v11-kimi27sglang-c.n0.p15.w15,2,3.682137,84371601.000000,22840344.000000,0.000000,graded_attempt,sources/llr40v11-kimi27sglang-c/tsvc_2_s152/625533.625533.llr40v11-kimi27sglang-c.n0.p15.w15/candidate_02_submission.txt,2ac97836c7a7b461e01dd3900e7a7b0303a71bd568d24b81bc2d830c0f1ad099
llr40v11-kimi27sglang-c,numba,c,tsvc_2_s152,625533,625533,llr40v11-kimi27sglang-c.n0.p15.w15,1,3.171607,84371601.000000,25406086.000000,0.000000,graded_attempt,sources/llr40v11-kimi27sglang-c/tsvc_2_s152/625533.625533.llr40v11-kimi27sglang-c.n0.p15.w15/candidate_01_submission.txt,e9eca77510de1f49348e8e76af57d85b98a5cfffc2be8100765c4a872b8c2a68
llr40v11-kimi27sglang-c-skills,numba,c,tsvc_2_s152,625537,625537,llr40v11-kimi27sglang-c-skills.n0.p15.w15,1,2.899927,71754688.000000,22620330.000000,0.000000,graded_attempt,sources/llr40v11-kimi27sglang-c-skills/tsvc_2_s152/625537.625537.llr40v11-kimi27sglang-c-skills.n0.p15.w15/candidate_01_submission.txt,8207e8aaf79ec3e41eb4bf08398408401ea4a7dc1081c57ba9b66886d2ced771
llr40v11-kimi27sglang-fortran,numba,fortran,tsvc_2_s152,625541,625541,llr40v11-kimi27sglang-fortran.n0.p15.w15,1,2.548057,59252843.000000,20437588.000000,0.000000,graded_attempt,sources/llr40v11-kimi27sglang-fortran/tsvc_2_s152/625541.625541.llr40v11-kimi27sglang-fortran.n0.p15.w15/candidate_01_submission.txt,c590d4bc662ad0fc7184603c54f1c8c3d0bbddb5745754fa849489296957a4eb
llr40v11-kimi27sglang-fortran-skills,numba,fortran,tsvc_2_s152,625545,625545,llr40v11-kimi27sglang-fortran-skills.n0.p15.w15,2,3.503427,65680912.000000,18051715.000000,0.000000,graded_attempt,sources/llr40v11-kimi27sglang-fortran-skills/tsvc_2_s152/625545.625545.llr40v11-kimi27sglang-fortran-skills.n0.p15.w15/candidate_01_submission.txt,41a804ed990db513b82fe82c9588b51985d617b2c39d58c05c2c5dc1920d08ac
llr40v11-kimi27sglang-fortran-skills,numba,fortran,tsvc_2_s152,625545,625545,llr40v11-kimi27sglang-fortran-skills.n0.p15.w15,1,2.759181,61670152.000000,19858204.000000,0.000000,graded_attempt,sources/llr40v11-kimi27sglang-fortran-skills/tsvc_2_s152/625545.625545.llr40v11-kimi27sglang-fortran-skills.n0.p15.w15/candidate_01_submission.txt,41a804ed990db513b82fe82c9588b51985d617b2c39d58c05c2c5dc1920d08ac
llr40v11-oss120b-c,numba,c,tsvc_2_s152,625531,625531,llr40v11-oss120b-c.n0.p15.w15,1,2.678033,62127838.000000,21599762.000000,0.000000,graded_attempt,sources/llr40v11-oss120b-c/tsvc_2_s152/625531.625531.llr40v11-oss120b-c.n0.p15.w15/candidate_01_submission.txt,a470bd6e681df114221535777296a254ee8d5fa7c291d5e2532ab55eae8f0287
llr40v11-oss120b-c-skills,numba,c,tsvc_2_s152,625535,625535,llr40v11-oss120b-c-skills.n0.p15.w15,1,2.759181,62526275.000000,20411445.000000,0.000000,graded_attempt,sources/llr40v11-oss120b-c-skills/tsvc_2_s152/625535.625535.llr40v11-oss120b-c-skills.n0.p15.w15/candidate_01_submission.txt,92e5b8e9554e967985ee06c319cfb9c788882e145b3ec3b4c9fe7bb5acfc9325
llr40v11-oss120b-fortran,numba,fortran,tsvc_2_s152,625539,625539,llr40v11-oss120b-fortran.n0.p15.w15,1,2.871214,66878397.000000,21425736.000000,0.000000,graded_attempt,sources/llr40v11-oss120b-fortran/tsvc_2_s152/625539.625539.llr40v11-oss120b-fortran.n0.p15.w15/candidate_01_submission.txt,628fcd1bc159f9259f62449ade8273d768047230858dd9100401bee2ff476587
llr40v11-oss120b-fortran-skills,numba,fortran,tsvc_2_s152,625543,625543,llr40v11-oss120b-fortran-skills.n0.p15.w15,2,2.928926,64879195.000000,20147676.000000,0.000000,graded_attempt,sources/llr40v11-oss120b-fortran-skills/tsvc_2_s152/625543.625543.llr40v11-oss120b-fortran-skills.n0.p15.w15/candidate_02_submission.txt,3230036fc25f0b63ea15db3e1ae4ed3e534fc3a0ea1da54cf7cbe517b92ab61e
llr40v11-oss120b-fortran-skills,numba,fortran,tsvc_2_s152,625543,625543,llr40v11-oss120b-fortran-skills.n0.p15.w15,1,2.786772,64879195.000000,21145919.000000,0.000000,graded_attempt,sources/llr40v11-oss120b-fortran-skills/tsvc_2_s152/625543.625543.llr40v11-oss120b-fortran-skills.n0.p15.w15/candidate_01_submission.txt,f9b258cc3896d8ed30d4a8eea87488f35689cf1733ea5a3e24f66ce57b8ee120
llr40v11-qwen38-c,numba,c,tsvc_2_s152,625532,625532,llr40v11-qwen38-c.n0.p15.w15,2,3.300387,62140090.000000,17377972.000000,0.000000,graded_attempt,sources/llr40v11-qwen38-c/tsvc_2_s152/625532.625532.llr40v11-qwen38-c.n0.p15.w15/candidate_02_submission.txt,1c83eb5844b568474e8908d79fcdfba8204d495543ab85ad137cae48794a7220
llr40v11-qwen38-c,numba,c,tsvc_2_s152,625532,625532,llr40v11-qwen38-c.n0.p15.w15,1,3.171607,62140090.000000,18280571.000000,0.000000,graded_attempt,sources/llr40v11-qwen38-c/tsvc_2_s152/625532.625532.llr40v11-qwen38-c.n0.p15.w15/candidate_01_submission.txt,83f00864e8dcda6544c1fa64609603571ddaad124aab1801c6df503c3cec57e1
llr40v11-qwen38-c-skills,numba,c,tsvc_2_s152,625536,625536,llr40v11-qwen38-c-skills.n0.p15.w15,1,3.987227,59664553.000000,14786261.000000,0.000000,graded_attempt,sources/llr40v11-qwen38-c-skills/tsvc_2_s152/625536.625536.llr40v11-qwen38-c-skills.n0.p15.w15/candidate_01_submission.txt,87aaa3bc98a7f9eeab25175f0d6ce9d8f31bf6886c250098813d751aaaa27f40
llr40v11-qwen38-fortran-skills,numba,fortran,tsvc_2_s152,625544,625544,llr40v11-qwen38-fortran-skills.n0.p15.w15,1,2.958215,67459973.000000,21025801.000000,0.000000,graded_attempt,sources/llr40v11-qwen38-fortran-skills/tsvc_2_s152/625544.625544.llr40v11-qwen38-fortran-skills.n0.p15.w15/candidate_01_submission.txt,2529d7da25d1b6401fa2f03a40940ae5357a40a0595986816c5603a2c4e91142
v11w2-qwen38-fortran,numba,fortran,tsvc_2_s152,626371,626371,v11w2-qwen38-fortran.n0.p8.w8,2,3.831647,70070869.000000,18013184.000000,0.000000,graded_attempt,sources/v11w2-qwen38-fortran/tsvc_2_s152/626371.626371.v11w2-qwen38-fortran.n0.p8.w8/candidate_02_submission.txt,94d260033ca121fb5153e897129e0e991010875af0fc1893c14a84d9b238e87b
v11w2-qwen38-fortran,numba,fortran,tsvc_2_s152,626371,626371,v11w2-qwen38-fortran.n0.p8.w8,1,3.047852,70070869.000000,22635283.000000,0.000000,graded_attempt,sources/v11w2-qwen38-fortran/tsvc_2_s152/626371.626371.v11w2-qwen38-fortran.n0.p8.w8/candidate_01_submission.txt,bb126aebf93b920f4968fe7f48fcb99de7f3dca25267aa43d26bedde1d4db5d1
gpuv2-llr40-oss120b-hip,numba,hip,tsvc_2_s2233,627167,627167,gpuv2-llr40-oss120b-hip.n0.p16.w16,1,86.292978,739236176.000000,8565058.000000,0.000000,graded_attempt,sources/gpuv2-llr40-oss120b-hip/tsvc_2_s2233/627167.627167.gpuv2-llr40-oss120b-hip.n0.p16.w16/candidate_01_submission.txt,e11f190ec4ecc2c25f43f506150ac15a6ba9aad2f232a9130972bedf93450e73
gpuv2-llr40-oss120b-hip-skills,numba,hip,tsvc_2_s2233,627168,627168,gpuv2-llr40-oss120b-hip-skills.n0.p16.w16,1,102.197156,889973512.000000,9205285.000000,0.000000,graded_attempt,sources/gpuv2-llr40-oss120b-hip-skills/tsvc_2_s2233/627168.627168.gpuv2-llr40-oss120b-hip-skills.n0.p16.w16/candidate_01_submission.txt,86a874fd1517c7ca45d7a434da6ee9232e54b596248c83d0e45d9e69d494c2ca
gpuv2-llr40-qwen38-hip,numba,hip,tsvc_2_s2233,627228,627228,gpuv2-llr40-qwen38-hip.n0.p16.w16,1,281.980408,800363976.000000,4624573.000000,0.000000,graded_attempt,sources/gpuv2-llr40-qwen38-hip/tsvc_2_s2233/627228.627228.gpuv2-llr40-qwen38-hip.n0.p16.w16/candidate_01_submission.txt,ffd490fd2d75f0ff825d93af40ccb68a997a73f36ecb672229ed8895fbb55109
gpuv2-llr40-qwen38-hip-skills,numba,hip,tsvc_2_s2233,627018,627018,gpuv2-llr40-qwen38-hip-skills.n0.p16.w16,1,71.428142,762221992.000000,10523343.000000,0.000000,graded_attempt,sources/gpuv2-llr40-qwen38-hip-skills/tsvc_2_s2233/627018.627018.gpuv2-llr40-qwen38-hip-skills.n0.p16.w16/candidate_01_submission.txt,556f277ee0d6bf96b91aa9cf5bdbbad8645a54ff3df0b16cba7430d75ba7a687
gpuv2-llr40-qwen38-hip-skills,numba,hip,tsvc_2_s2233,627018,627018,gpuv2-llr40-qwen38-hip-skills.n0.p16.w16,2,71.428142,762221992.000000,10347520.000000,0.000000,graded_attempt,sources/gpuv2-llr40-qwen38-hip-skills/tsvc_2_s2233/627018.627018.gpuv2-llr40-qwen38-hip-skills.n0.p16.w16/candidate_01_submission.txt,556f277ee0d6bf96b91aa9cf5bdbbad8645a54ff3df0b16cba7430d75ba7a687
gpuv4-llr40-qwen38-pytriton-skills,numba,python,tsvc_2_s2233,627231,627231,gpuv4-llr40-qwen38-pytriton-skills.n0.p16.w16,1,41.323186,821619742.000000,29496419.000000,0.000000,graded_attempt,sources/gpuv4-llr40-qwen38-pytriton-skills/tsvc_2_s2233/627231.627231.gpuv4-llr40-qwen38-pytriton-skills.n0.p16.w16/candidate_01_submission.txt,f60ebdbd4ec6b0914ea9f5aa396b84780ad17ebeb291ebf64c1d6fac162b9bc9
v11w2-kimi27sglang-c,numba,c,tsvc_2_s2233,627370,627370,v11w2-kimi27sglang-c.n0.p0.w0,3,49.922910,1209742996.000000,25553653.000000,0.000000,graded_attempt,sources/v11w2-kimi27sglang-c/tsvc_2_s2233/627370.627370.v11w2-kimi27sglang-c.n0.p0.w0/candidate_03_submission.txt,0f4db329ec9224e728129902e121bc25e6cc6873cf47c6f375779975346661c7
v11w2-kimi27sglang-c,numba,c,tsvc_2_s2233,627370,627370,v11w2-kimi27sglang-c.n0.p0.w0,4,47.029640,1209742996.000000,25365380.000000,0.000000,graded_attempt,sources/v11w2-kimi27sglang-c/tsvc_2_s2233/627370.627370.v11w2-kimi27sglang-c.n0.p0.w0/candidate_03_submission.txt,0f4db329ec9224e728129902e121bc25e6cc6873cf47c6f375779975346661c7
v11w2-kimi27sglang-c,numba,c,tsvc_2_s2233,627370,627370,v11w2-kimi27sglang-c.n0.p0.w0,1,13.029101,1209742996.000000,100315059.000000,0.000000,graded_attempt,sources/v11w2-kimi27sglang-c/tsvc_2_s2233/627370.627370.v11w2-kimi27sglang-c.n0.p0.w0/candidate_01_submission.txt,44c7a4b67de0868e238e8ec90e9ca3dde056bbf364d0f0220b35b6b28afe3566
v11w2-kimi27sglang-c,numba,c,tsvc_2_s2233,627370,627370,v11w2-kimi27sglang-c.n0.p0.w0,2,13.029101,1209742996.000000,100439406.000000,0.000000,graded_attempt,sources/v11w2-kimi27sglang-c/tsvc_2_s2233/627370.627370.v11w2-kimi27sglang-c.n0.p0.w0/candidate_01_submission.txt,44c7a4b67de0868e238e8ec90e9ca3dde056bbf364d0f0220b35b6b28afe3566
v11w2-kimi27sglang-c-skills,numba,c,tsvc_2_s2233,627371,627371,v11w2-kimi27sglang-c-skills.n0.p0.w0,4,64.662965,1244429468.000000,18916537.000000,0.000000,graded_attempt,sources/v11w2-kimi27sglang-c-skills/tsvc_2_s2233/627371.627371.v11w2-kimi27sglang-c-skills.n0.p0.w0/candidate_04_submission.txt,ca3c28340b30e5333517236d0b822fc34deb7c7517abfee5579ddc1b6299e792
v11w2-kimi27sglang-c-skills,numba,c,tsvc_2_s2233,627371,627371,v11w2-kimi27sglang-c-skills.n0.p0.w0,5,63.388849,1244429468.000000,19112923.000000,0.000000,graded_attempt,sources/v11w2-kimi27sglang-c-skills/tsvc_2_s2233/627371.627371.v11w2-kimi27sglang-c-skills.n0.p0.w0/candidate_04_submission.txt,ca3c28340b30e5333517236d0b822fc34deb7c7517abfee5579ddc1b6299e792
v11w2-kimi27sglang-c-skills,numba,c,tsvc_2_s2233,627371,627371,v11w2-kimi27sglang-c-skills.n0.p0.w0,3,62.139838,1244429468.000000,19751766.000000,0.000000,graded_attempt,sources/v11w2-kimi27sglang-c-skills/tsvc_2_s2233/627371.627371.v11w2-kimi27sglang-c-skills.n0.p0.w0/candidate_03_submission.txt,85cd2874d5f1cb69bcb5fc1f6e9dd0103a243c772d0fcbc7aa674fc1f308b3ce
v11w2-kimi27sglang-c-skills,numba,c,tsvc_2_s2233,627371,627371,v11w2-kimi27sglang-c-skills.n0.p0.w0,2,60.312315,1244429468.000000,20375488.000000,0.000000,graded_attempt,sources/v11w2-kimi27sglang-c-skills/tsvc_2_s2233/627371.627371.v11w2-kimi27sglang-c-skills.n0.p0.w0/candidate_02_submission.txt,5863b8f43b1e1e069f47b8235affb53ec5173c02e85236ffae298260d9345ca8
v11w2-kimi27sglang-c-skills,numba,c,tsvc_2_s2233,627371,627371,v11w2-kimi27sglang-c-skills.n0.p0.w0,1,22.746332,1244429468.000000,49323894.000000,0.000000,graded_attempt,sources/v11w2-kimi27sglang-c-skills/tsvc_2_s2233/627371.627371.v11w2-kimi27sglang-c-skills.n0.p0.w0/candidate_01_submission.txt,d9837f0fe7f06be4a934e4af816d07f0a00022f62ab6f6ccf3187a570ac9484e
v11w2-kimi27sglang-fortran,numba,fortran,tsvc_2_s2233,627376,627376,v11w2-kimi27sglang-fortran.n0.p0.w0,7,50.422140,1303662840.000000,25446172.000000,0.000000,graded_attempt,sources/v11w2-kimi27sglang-fortran/tsvc_2_s2233/627376.627376.v11w2-kimi27sglang-fortran.n0.p0.w0/candidate_07_submission.txt,d491c35deda7a98d1cd43d4cbb1d8a8b4c08af73535d0a82a7d0299ee2d1aec9
v11w2-kimi27sglang-fortran,numba,fortran,tsvc_2_s2233,627376,627376,v11w2-kimi27sglang-fortran.n0.p0.w0,8,50.422140,1303662840.000000,25139284.000000,0.000000,graded_attempt,sources/v11w2-kimi27sglang-fortran/tsvc_2_s2233/627376.627376.v11w2-kimi27sglang-fortran.n0.p0.w0/candidate_07_submission.txt,d491c35deda7a98d1cd43d4cbb1d8a8b4c08af73535d0a82a7d0299ee2d1aec9
v11w2-kimi27sglang-fortran,numba,fortran,tsvc_2_s2233,627376,627376,v11w2-kimi27sglang-fortran.n0.p0.w0,9,49.922910,1303662840.000000,25379515.000000,0.000000,graded_attempt,sources/v11w2-kimi27sglang-fortran/tsvc_2_s2233/627376.627376.v11w2-kimi27sglang-fortran.n0.p0.w0/candidate_07_submission.txt,d491c35deda7a98d1cd43d4cbb1d8a8b4c08af73535d0a82a7d0299ee2d1aec9
v11w2-kimi27sglang-fortran,numba,fortran,tsvc_2_s2233,627376,627376,v11w2-kimi27sglang-fortran.n0.p0.w0,6,34.546899,1303662840.000000,34024306.000000,0.000000,graded_attempt,sources/v11w2-kimi27sglang-fortran/tsvc_2_s2233/627376.627376.v11w2-kimi27sglang-fortran.n0.p0.w0/candidate_06_submission.txt,8d6184e2aaa7298885dbfa92ca2073a81c432b3e072ef0491c08ec77a3e9cfa8
v11w2-kimi27sglang-fortran,numba,fortran,tsvc_2_s2233,627376,627376,v11w2-kimi27sglang-fortran.n0.p0.w0,5,24.877328,1303662840.000000,40680708.000000,0.000000,graded_attempt,sources/v11w2-kimi27sglang-fortran/tsvc_2_s2233/627376.627376.v11w2-kimi27sglang-fortran.n0.p0.w0/candidate_05_submission.txt,5feb0189a5434d65ac40c1203c0d8cb9debf0dc712c78c4555607e62e4826db9
v11w2-kimi27sglang-fortran,numba,fortran,tsvc_2_s2233,627376,627376,v11w2-kimi27sglang-fortran.n0.p0.w0,4,23.203533,1303662840.000000,55774339.000000,0.000000,graded_attempt,sources/v11w2-kimi27sglang-fortran/tsvc_2_s2233/627376.627376.v11w2-kimi27sglang-fortran.n0.p0.w0/candidate_04_submission.txt,106507931774013a6d17b28ea962c49d92dabc3556b4793b8585fe37bdc0b855
v11w2-kimi27sglang-fortran,numba,fortran,tsvc_2_s2233,627376,627376,v11w2-kimi27sglang-fortran.n0.p0.w0,3,21.642354,1303662840.000000,59225795.000000,0.000000,graded_attempt,sources/v11w2-kimi27sglang-fortran/tsvc_2_s2233/627376.627376.v11w2-kimi27sglang-fortran.n0.p0.w0/candidate_03_submission.txt,0b6732c834d502fc69b29739e5f963fca9fe12ba5d6afc1d44abd63fb0181619
v11w2-kimi27sglang-fortran,numba,fortran,tsvc_2_s2233,627376,627376,v11w2-kimi27sglang-fortran.n0.p0.w0,2,17.044785,1303662840.000000,75894357.000000,0.000000,graded_attempt,sources/v11w2-kimi27sglang-fortran/tsvc_2_s2233/627376.627376.v11w2-kimi27sglang-fortran.n0.p0.w0/candidate_02_submission.txt,42052a521b4bf17e5d04ea5fc541eaf34bb42bec7079be801dc5eda5e0637592
v11w2-kimi27sglang-fortran,numba,fortran,tsvc_2_s2233,627376,627376,v11w2-kimi27sglang-fortran.n0.p0.w0,1,12.900100,1303662840.000000,101490900.000000,0.000000,graded_attempt,sources/v11w2-kimi27sglang-fortran/tsvc_2_s2233/627376.627376.v11w2-kimi27sglang-fortran.n0.p0.w0/candidate_01_submission.txt,f2753681f820efd1125ae239451f772ceaeb0e7d06432cf65de8707db743f135
v11w2-kimi27sglang-fortran-skills,numba,fortran,tsvc_2_s2233,627377,627377,v11w2-kimi27sglang-fortran-skills.n0.p0.w0,5,56.254385,1310564921.000000,22895095.000000,0.000000,graded_attempt,sources/v11w2-kimi27sglang-fortran-skills/tsvc_2_s2233/627377.627377.v11w2-kimi27sglang-fortran-skills.n0.p0.w0/candidate_05_submission.txt,5dff96ea02a559f55793f8e92a89cf1d957ecc650814db3f9f5ee90f91a027a5
v11w2-kimi27sglang-fortran-skills,numba,fortran,tsvc_2_s2233,627377,627377,v11w2-kimi27sglang-fortran-skills.n0.p0.w0,4,55.697411,1310564921.000000,23246198.000000,0.000000,graded_attempt,sources/v11w2-kimi27sglang-fortran-skills/tsvc_2_s2233/627377.627377.v11w2-kimi27sglang-fortran-skills.n0.p0.w0/candidate_04_submission.txt,d1f83cd24462c2a07f4f91112865787947fb75206a939d917e4a40fe61a8a755
v11w2-kimi27sglang-fortran-skills,numba,fortran,tsvc_2_s2233,627377,627377,v11w2-kimi27sglang-fortran-skills.n0.p0.w0,3,52.994175,1310564921.000000,24043276.000000,0.000000,graded_attempt,sources/v11w2-kimi27sglang-fortran-skills/tsvc_2_s2233/627377.627377.v11w2-kimi27sglang-fortran-skills.n0.p0.w0/candidate_03_submission.txt,498827711ef5c660a0e7f2c4bc94e6e5d83a97af1f217bda3819657df595d5d3
v11w2-kimi27sglang-fortran-skills,numba,fortran,tsvc_2_s2233,627377,627377,v11w2-kimi27sglang-fortran-skills.n0.p0.w0,2,45.646505,1310564921.000000,28173924.000000,0.000000,graded_attempt,sources/v11w2-kimi27sglang-fortran-skills/tsvc_2_s2233/627377.627377.v11w2-kimi27sglang-fortran-skills.n0.p0.w0/candidate_02_submission.txt,54d0e59bf06a76dbbf4f5765f9156b1f81f8179bd92e32b508dbc086c6c78644
v11w2-kimi27sglang-fortran-skills,numba,fortran,tsvc_2_s2233,627377,627377,v11w2-kimi27sglang-fortran-skills.n0.p0.w0,1,25.126101,1310564921.000000,51709203.000000,0.000000,graded_attempt,sources/v11w2-kimi27sglang-fortran-skills/tsvc_2_s2233/627377.627377.v11w2-kimi27sglang-fortran-skills.n0.p0.w0/candidate_01_submission.txt,612d6b785e409f18efdf32c9a846f01b30be126c07c1c739c07dc55deab500c1
v11w2-oss120b-c,numba,c,tsvc_2_s2233,627366,627366,v11w2-oss120b-c.n0.p2.w2,2,23.669924,1219680969.000000,53924016.000000,0.000000,,,
v11w2-oss120b-c,numba,c,tsvc_2_s2233,627366,627366,v11w2-oss120b-c.n0.p2.w2,1,23.203533,1219680969.000000,53648894.000000,0.000000,,,
v11w2-oss120b-c,numba,c,tsvc_2_s2233,627366,627366,v11w2-oss120b-c.n0.p2.w2,3,23.203533,1219680969.000000,54971561.000000,0.000000,graded_attempt,sources/v11w2-oss120b-c/tsvc_2_s2233/627366.627366.v11w2-oss120b-c.n0.p2.w2/candidate_01_submission.txt,2b50e9efddc60b3c35b4ee017799806af090913d8156e543fc0fcdaefd0536cd
v11w2-oss120b-c-skills,numba,c,tsvc_2_s2233,627367,627367,v11w2-oss120b-c-skills.n0.p2.w2,1,22.077365,877563340.000000,54921968.000000,0.000000,graded_attempt,sources/v11w2-oss120b-c-skills/tsvc_2_s2233/627367.627367.v11w2-oss120b-c-skills.n0.p2.w2/candidate_01_submission.txt,4c3df445279e2acb91e0192cee85acd89153537e2e75895a04cf25e6cad26c74
v11w2-oss120b-fortran,numba,fortran,tsvc_2_s2233,627372,627372,v11w2-oss120b-fortran.n0.p3.w3,1,17.044785,1419437033.000000,82220198.000000,0.000000,,,
v11w2-oss120b-fortran,numba,fortran,tsvc_2_s2233,628045,628045,v11w2-oss120b-fortran.n0.p3.w3,1,13.290985,818807264.000000,115546239.000000,0.000000,,,
v11w2-oss120b-fortran,numba,fortran,tsvc_2_s2233,628045,628045,v11w2-oss120b-fortran.n0.p3.w3,2,12.645917,818807264.000000,120935148.000000,0.000000,,,
v11w2-oss120b-fortran,numba,fortran,tsvc_2_s2233,628045,628045,v11w2-oss120b-fortran.n0.p3.w3,3,12.520710,818807264.000000,123072307.000000,0.000000,,,
v11w2-oss120b-fortran,numba,fortran,tsvc_2_s2233,628164,628164,v11w2-oss120b-fortran.n0.p2.w2,1,9.289401,1193660039.000000,139512668.000000,0.000000,,,fe36bd0a0b09b706c012fd7475e3aac90fc14abb6c0a4d6969e7873a3746fc01
v11w2-oss120b-fortran-skills,numba,fortran,tsvc_2_s2233,628046,628046,v11w2-oss120b-fortran-skills.n0.p3.w3,1,15.430422,1013498743.000000,86434235.000000,0.000000,graded_attempt,sources/v11w2-oss120b-fortran-skills/tsvc_2_s2233/628046.628046.v11w2-oss120b-fortran-skills.n0.p3.w3/candidate_01_submission.txt,afa258a5fc9bfbd83fbf8b12936cc3899decc12cd358cdcfcd96fae2f6f0bbe2
v11w2-oss120b-fortran-skills,numba,fortran,tsvc_2_s2233,628046,628046,v11w2-oss120b-fortran-skills.n0.p3.w3,2,15.277645,1013498743.000000,87494781.000000,0.000000,,,
v11w2-oss120b-fortran-skills,numba,fortran,tsvc_2_s2233,628046,628046,v11w2-oss120b-fortran-skills.n0.p3.w3,3,15.277645,1013498743.000000,87737232.000000,0.000000,,,
v11w2-oss120b-fortran-skills,numba,fortran,tsvc_2_s2233,628046,628046,v11w2-oss120b-fortran-skills.n0.p3.w3,4,15.277645,1013498743.000000,85901880.000000,0.000000,,,
v11w2-qwen38-c,numba,c,tsvc_2_s2233,627368,627368,v11w2-qwen38-c.n0.p0.w0,7,67.288541,1191016523.000000,18891098.000000,0.000000,graded_attempt,sources/v11w2-qwen38-c/tsvc_2_s2233/627368.627368.v11w2-qwen38-c.n0.p0.w0/candidate_06_submission.txt,27a0da7dfe80365314c3984f93cf0a0dab47f619f51e619ecd7ed4b00cc7b2f0
v11w2-qwen38-c,numba,c,tsvc_2_s2233,627368,627368,v11w2-qwen38-c.n0.p0.w0,6,66.622318,1191016523.000000,19133910.000000,0.000000,graded_attempt,sources/v11w2-qwen38-c/tsvc_2_s2233/627368.627368.v11w2-qwen38-c.n0.p0.w0/candidate_06_submission.txt,27a0da7dfe80365314c3984f93cf0a0dab47f619f51e619ecd7ed4b00cc7b2f0
v11w2-qwen38-c,numba,c,tsvc_2_s2233,627368,627368,v11w2-qwen38-c.n0.p0.w0,5,62.139838,1191016523.000000,19189292.000000,0.000000,graded_attempt,sources/v11w2-qwen38-c/tsvc_2_s2233/627368.627368.v11w2-qwen38-c.n0.p0.w0/candidate_04_submission.txt,16c5dfe21c264b090d80dcf188297a0bcef880f58d37cde82e878b5f481eab71
v11w2-qwen38-c,numba,c,tsvc_2_s2233,627368,627368,v11w2-qwen38-c.n0.p0.w0,4,60.915438,1191016523.000000,20509999.000000,0.000000,graded_attempt,sources/v11w2-qwen38-c/tsvc_2_s2233/627368.627368.v11w2-qwen38-c.n0.p0.w0/candidate_04_submission.txt,16c5dfe21c264b090d80dcf188297a0bcef880f58d37cde82e878b5f481eab71
v11w2-qwen38-c,numba,c,tsvc_2_s2233,627368,627368,v11w2-qwen38-c.n0.p0.w0,2,51.949981,1191016523.000000,24243392.000000,0.000000,graded_attempt,sources/v11w2-qwen38-c/tsvc_2_s2233/627368.627368.v11w2-qwen38-c.n0.p0.w0/candidate_02_submission.txt,788e8d23d29ccab94d339d124eec9e22e257b7e912e49930e8797986c95f2279
v11w2-qwen38-c,numba,c,tsvc_2_s2233,627368,627368,v11w2-qwen38-c.n0.p0.w0,3,51.949981,1191016523.000000,24364509.000000,0.000000,graded_attempt,sources/v11w2-qwen38-c/tsvc_2_s2233/627368.627368.v11w2-qwen38-c.n0.p0.w0/candidate_03_submission.txt,9023c2f1142ccc48f957496efc9b0d7e7533dd2036a0f22fa53d63f8d244a32a
v11w2-qwen38-c,numba,c,tsvc_2_s2233,627368,627368,v11w2-qwen38-c.n0.p0.w0,1,37.038951,1191016523.000000,34594934.000000,0.000000,graded_attempt,sources/v11w2-qwen38-c/tsvc_2_s2233/627368.627368.v11w2-qwen38-c.n0.p0.w0/candidate_01_submission.txt,44641f05a08f3dea038d4097383b4f5253796e7b758beb675323a0617fe70b1c
v11w2-qwen38-c-skills,numba,c,tsvc_2_s2233,627369,627369,v11w2-qwen38-c-skills.n0.p0.w0,1,47.499936,883517440.000000,26701086.000000,0.000000,graded_attempt,sources/v11w2-qwen38-c-skills/tsvc_2_s2233/627369.627369.v11w2-qwen38-c-skills.n0.p0.w0/candidate_01_submission.txt,bd695bc1587f451749e5b3f53e7c1a4d4d407d6411bfd9fc7511203932ebfa3e
v11w2-qwen38-fortran,numba,fortran,tsvc_2_s2233,628047,628047,v11w2-qwen38-fortran.n0.p0.w0,1,41.736418,786441915.000000,30470766.000000,0.000000,,,156eada5a06e88a2cf7cf9ad4a2020ed449a55674eb582a901b36135ed5bed1a
v11w2-qwen38-fortran-skills,numba,fortran,tsvc_2_s2233,627375,627375,v11w2-qwen38-fortran-skills.n0.p0.w0,3,64.662965,1073893805.000000,20276904.000000,0.000000,graded_attempt,sources/v11w2-qwen38-fortran-skills/tsvc_2_s2233/627375.627375.v11w2-qwen38-fortran-skills.n0.p0.w0/candidate_03_submission.txt,2b07fdd1e0a719d02479e935a2798ab58a1466b296f1c9d96e25950a23accb88
v11w2-qwen38-fortran-skills,numba,fortran,tsvc_2_s2233,627375,627375,v11w2-qwen38-fortran-skills.n0.p0.w0,2,63.388849,1073893805.000000,20449796.000000,0.000000,graded_attempt,sources/v11w2-qwen38-fortran-skills/tsvc_2_s2233/627375.627375.v11w2-qwen38-fortran-skills.n0.p0.w0/candidate_02_submission.txt,59577ae103d6f8f2c5448e322ed3bb60df63b0d007649727b24e7656161377af
v11w2-qwen38-fortran-skills,numba,fortran,tsvc_2_s2233,627375,627375,v11w2-qwen38-fortran-skills.n0.p0.w0,1,33.530880,1073893805.000000,38785862.000000,0.000000,graded_attempt,sources/v11w2-qwen38-fortran-skills/tsvc_2_s2233/627375.627375.v11w2-qwen38-fortran-skills.n0.p0.w0/candidate_01_submission.txt,fa1e1ac7cc3cf7dfa6c47413096f232b22dd6b2b62852e2529327b35a7df9bc8
gpuv2-llr40-oss120b-hip,numba,hip,tsvc_2_s2275,627167,627167,gpuv2-llr40-oss120b-hip.n0.p17.w17,1,45.194560,48051358.000000,931562.000000,0.000000,graded_attempt,sources/gpuv2-llr40-oss120b-hip/tsvc_2_s2275/627167.627167.gpuv2-llr40-oss120b-hip.n0.p17.w17/candidate_01_submission.txt,1cde0c4516e0ba6f5842865727c5f37eb11a790bcd1789a9fada23bde83af090
gpuv2-llr40-oss120b-hip-skills,numba,hip,tsvc_2_s2275,627168,627168,gpuv2-llr40-oss120b-hip-skills.n0.p17.w17,1,26.146322,46008649.000000,1660133.000000,0.000000,graded_attempt,sources/gpuv2-llr40-oss120b-hip-skills/tsvc_2_s2275/627168.627168.gpuv2-llr40-oss120b-hip-skills.n0.p17.w17/candidate_01_submission.txt,4874bc48bc4eef2398ce301e2674c862f09d2af94963002485a918b4e7a10a90
gpuv2-llr40-oss120b-omp,numba,c,tsvc_2_s2275,627173,627173,gpuv2-llr40-oss120b-omp.n0.p17.w17,1,12.032156,46861569.000000,3840328.000000,0.000000,graded_attempt,sources/gpuv2-llr40-oss120b-omp/tsvc_2_s2275/627173.627173.gpuv2-llr40-oss120b-omp.n0.p17.w17/candidate_01_submission.txt,189e9b7bcafb9129a37bd0cc697eed9e30639d0928309b92fa8d975ca29f2a6b
gpuv2-llr40-oss120b-omp-skills,numba,c,tsvc_2_s2275,627174,627174,gpuv2-llr40-oss120b-omp-skills.n0.p17.w17,1,4.190616,45817018.000000,10844682.000000,0.000000,graded_attempt,sources/gpuv2-llr40-oss120b-omp-skills/tsvc_2_s2275/627174.627174.gpuv2-llr40-oss120b-omp-skills.n0.p17.w17/candidate_01_submission.txt,05350e72ff8ed26b696dc13637b74f5582f6e39551f43c3d5d318d4def35ca1e
gpuv2-llr40-qwen38-hip,numba,hip,tsvc_2_s2275,626645,626645,gpuv2-llr40-qwen38-hip.n0.p17.w17,2,43.865394,47114880.000000,983448.000000,0.000000,graded_attempt,sources/gpuv2-llr40-qwen38-hip/tsvc_2_s2275/626645.626645.gpuv2-llr40-qwen38-hip.n0.p17.w17/candidate_02_submission.txt,cc72c8afac24da94eff42704821638fb8accf07496e6c4e4b50eedb8b45a0765
gpuv2-llr40-qwen38-hip,numba,hip,tsvc_2_s2275,626645,626645,gpuv2-llr40-qwen38-hip.n0.p17.w17,5,43.431083,47114880.000000,988528.000000,0.000000,graded_attempt,sources/gpuv2-llr40-qwen38-hip/tsvc_2_s2275/626645.626645.gpuv2-llr40-qwen38-hip.n0.p17.w17/candidate_02_submission.txt,cc72c8afac24da94eff42704821638fb8accf07496e6c4e4b50eedb8b45a0765
gpuv2-llr40-qwen38-hip,numba,hip,tsvc_2_s2275,626645,626645,gpuv2-llr40-qwen38-hip.n0.p17.w17,7,43.431083,47114880.000000,975048.000000,0.000000,graded_attempt,sources/gpuv2-llr40-qwen38-hip/tsvc_2_s2275/626645.626645.gpuv2-llr40-qwen38-hip.n0.p17.w17/candidate_02_submission.txt,cc72c8afac24da94eff42704821638fb8accf07496e6c4e4b50eedb8b45a0765
gpuv2-llr40-qwen38-hip,numba,hip,tsvc_2_s2275,626645,626645,gpuv2-llr40-qwen38-hip.n0.p17.w17,1,43.001073,47114880.000000,981967.000000,0.000000,graded_attempt,sources/gpuv2-llr40-qwen38-hip/tsvc_2_s2275/626645.626645.gpuv2-llr40-qwen38-hip.n0.p17.w17/candidate_01_submission.txt,27460d04efb8efe65a93d5fb540a534f59c9c990952948e8f04e1a92e95669df
gpuv2-llr40-qwen38-hip,numba,hip,tsvc_2_s2275,626645,626645,gpuv2-llr40-qwen38-hip.n0.p17.w17,6,43.001073,47114880.000000,968447.000000,0.000000,graded_attempt,sources/gpuv2-llr40-qwen38-hip/tsvc_2_s2275/626645.626645.gpuv2-llr40-qwen38-hip.n0.p17.w17/candidate_02_submission.txt,cc72c8afac24da94eff42704821638fb8accf07496e6c4e4b50eedb8b45a0765
gpuv2-llr40-qwen38-hip,numba,hip,tsvc_2_s2275,626645,626645,gpuv2-llr40-qwen38-hip.n0.p17.w17,4,42.575320,47114880.000000,975448.000000,0.000000,graded_attempt,sources/gpuv2-llr40-qwen38-hip/tsvc_2_s2275/626645.626645.gpuv2-llr40-qwen38-hip.n0.p17.w17/candidate_02_submission.txt,cc72c8afac24da94eff42704821638fb8accf07496e6c4e4b50eedb8b45a0765
gpuv2-llr40-qwen38-hip,numba,hip,tsvc_2_s2275,626645,626645,gpuv2-llr40-qwen38-hip.n0.p17.w17,3,41.736418,47114880.000000,973927.000000,0.000000,graded_attempt,sources/gpuv2-llr40-qwen38-hip/tsvc_2_s2275/626645.626645.gpuv2-llr40-qwen38-hip.n0.p17.w17/candidate_02_submission.txt,cc72c8afac24da94eff42704821638fb8accf07496e6c4e4b50eedb8b45a0765
gpuv2-llr40-qwen38-hip,numba,hip,tsvc_2_s2275,627017,627017,gpuv2-llr40-qwen38-hip.n0.p17.w17,1,40.914045,45704378.000000,981445.000000,0.000000,graded_attempt,sources/gpuv2-llr40-qwen38-hip/tsvc_2_s2275/627017.627017.gpuv2-llr40-qwen38-hip.n0.p17.w17/candidate_01_submission.txt,93948db003a860a1d3bf9fcab465c6a139c5578fa740bf56adb762cc96e7862f
gpuv2-llr40-qwen38-hip,numba,hip,tsvc_2_s2275,627228,627228,gpuv2-llr40-qwen38-hip.n0.p17.w17,1,26.671863,29233542.000000,1048073.000000,0.000000,graded_attempt,sources/gpuv2-llr40-qwen38-hip/tsvc_2_s2275/627228.627228.gpuv2-llr40-qwen38-hip.n0.p17.w17/candidate_01_submission.txt,1d840045d058bb2b20181fe9e294519782907d2e799bacff60d4f380da6aa160
gpuv2-llr40-qwen38-hip-skills,numba,hip,tsvc_2_s2275,626646,626646,gpuv2-llr40-qwen38-hip-skills.n0.p17.w17,2,39.710769,35687873.000000,859797.000000,0.000000,graded_attempt,sources/gpuv2-llr40-qwen38-hip-skills/tsvc_2_s2275/626646.626646.gpuv2-llr40-qwen38-hip-skills.n0.p17.w17/candidate_02_submission.txt,af83b7e852fd2c2d23e5ce3a3c9f7816246738c131d14fd733be141272912334
gpuv2-llr40-qwen38-hip-skills,numba,hip,tsvc_2_s2275,626646,626646,gpuv2-llr40-qwen38-hip-skills.n0.p17.w17,1,36.309138,35687873.000000,918596.000000,0.000000,graded_attempt,sources/gpuv2-llr40-qwen38-hip-skills/tsvc_2_s2275/626646.626646.gpuv2-llr40-qwen38-hip-skills.n0.p17.w17/candidate_01_submission.txt,28d431ef08e8528299069ef346da3b5d61d56dc109670e7cfa08262292d24619
gpuv2-llr40-qwen38-hip-skills,numba,hip,tsvc_2_s2275,627018,627018,gpuv2-llr40-qwen38-hip-skills.n0.p17.w17,1,30.658618,33790371.000000,1009523.000000,0.000000,graded_attempt,sources/gpuv2-llr40-qwen38-hip-skills/tsvc_2_s2275/627018.627018.gpuv2-llr40-qwen38-hip-skills.n0.p17.w17/candidate_01_submission.txt,645c3d90f067a424cab38e6062d48b8790cc8356617ee947831a9c4b67e5ba78
gpuv2-llr40-qwen38-omp,numba,c,tsvc_2_s2275,627077,627077,gpuv2-llr40-qwen38-omp.n0.p17.w17,1,12.274002,45486177.000000,3676372.000000,0.000000,graded_attempt,sources/gpuv2-llr40-qwen38-omp/tsvc_2_s2275/627077.627077.gpuv2-llr40-qwen38-omp.n0.p17.w17/candidate_01_submission.txt,9d933d2abccf22ea805de59c9a1f7881c0c7242172b7d0c68f3bd16f0663580b
gpuv2-llr40-qwen38-omp,numba,c,tsvc_2_s2275,626521,626521,gpuv2-llr40-qwen38-omp.n0.p17.w17,1,3.718959,39148078.000000,10720125.000000,0.000000,graded_attempt,sources/gpuv2-llr40-qwen38-omp/tsvc_2_s2275/626521.626521.gpuv2-llr40-qwen38-omp.n0.p17.w17/candidate_01_submission.txt,3ecc1bb8425f57d90a90043a7771f5014da17c11b3ae4ea3df0d5e8bccc1c738
gpuv2-llr40-qwen38-omp-skills,numba,c,tsvc_2_s2275,627078,627078,gpuv2-llr40-qwen38-omp-skills.n0.p17.w17,1,9.570880,36597316.000000,3786417.000000,0.000000,graded_attempt,sources/gpuv2-llr40-qwen38-omp-skills/tsvc_2_s2275/627078.627078.gpuv2-llr40-qwen38-omp-skills.n0.p17.w17/candidate_01_submission.txt,7a6713d7af507ac752db267b8e793c11e81cd4edbb6d0089487fbd9abe9c65d9
gpuv4-llr40-oss120b-pytriton-skills,numba,python,tsvc_2_s2275,627176,627176,gpuv4-llr40-oss120b-pytriton-skills.n0.p17.w17,1,4.448423,47725209.000000,10924469.000000,0.000000,graded_attempt,sources/gpuv4-llr40-oss120b-pytriton-skills/tsvc_2_s2275/627176.627176.gpuv4-llr40-oss120b-pytriton-skills.n0.p17.w17/candidate_01_submission.txt,e107df24f8bc9b3a7d1173e426f3ebbd03ad1d6bc7ed8dfe9fdcf8ce83233fdd
gpuv4-llr40-qwen38-pytriton,numba,python,tsvc_2_s2275,626557,626557,gpuv4-llr40-qwen38-pytriton.n0.p17.w17,1,4.149124,44888341.000000,11013987.000000,0.000000,graded_attempt,sources/gpuv4-llr40-qwen38-pytriton/tsvc_2_s2275/626557.626557.gpuv4-llr40-qwen38-pytriton.n0.p17.w17/candidate_01_submission.txt,e1a4e2e2fa1daebf661e6c047a4579436d2425eeb7869fc4bb613ae2fa23ee17
gpuv4-llr40-qwen38-pytriton-skills,numba,python,tsvc_2_s2275,627020,627020,gpuv4-llr40-qwen38-pytriton-skills.n0.p17.w17,1,4.317595,45841537.000000,10827187.000000,0.000000,graded_attempt,sources/gpuv4-llr40-qwen38-pytriton-skills/tsvc_2_s2275/627020.627020.gpuv4-llr40-qwen38-pytriton-skills.n0.p17.w17/candidate_01_submission.txt,ddd2900f161efb97a6a9e6ae6bc5c88a582beae1d36ed3edafa84d39286d5232
gpuv4-llr40-qwen38-pytriton-skills,numba,python,tsvc_2_s2275,627020,627020,gpuv4-llr40-qwen38-pytriton-skills.n0.p17.w17,2,4.274847,45841537.000000,10988552.000000,0.000000,graded_attempt,sources/gpuv4-llr40-qwen38-pytriton-skills/tsvc_2_s2275/627020.627020.gpuv4-llr40-qwen38-pytriton-skills.n0.p17.w17/candidate_02_submission.txt,8c1cb2ad7fa5e9f43a2ffaad8aef819a8deb5e82ccd8c20945ad465364bdbd9e
gpuv4-llr40-qwen38-pytriton-skills,numba,python,tsvc_2_s2275,627231,627231,gpuv4-llr40-qwen38-pytriton-skills.n0.p17.w17,1,2.704814,29945024.000000,10930443.000000,0.000000,graded_attempt,sources/gpuv4-llr40-qwen38-pytriton-skills/tsvc_2_s2275/627231.627231.gpuv4-llr40-qwen38-pytriton-skills.n0.p17.w17/candidate_01_submission.txt,5d4148f7298a320504fe92752f317456b92115df735aaadf1fda1224989c001c
llr40v10-kimi27sglang-c,c,c,tsvc_2_s2275,621017,621017,llr40v10-kimi27sglang-c.n0.p17.w17,2,104.251319,1373956008.000000,13043827.000000,0.000000,graded_attempt,sources/llr40v10-kimi27sglang-c/tsvc_2_s2275/621017.621017.llr40v10-kimi27sglang-c.n0.p17.w17/candidate_02_submission.txt,35af95b04b67e9bc84abfcee979d32a6bb48f4f9226d7d0ebd51dafeb125bcac
llr40v10-kimi27sglang-c,c,c,tsvc_2_s2275,621017,621017,llr40v10-kimi27sglang-c.n0.p17.w17,3,104.251319,1374800858.000000,13101607.000000,0.000000,graded_attempt,sources/llr40v10-kimi27sglang-c/tsvc_2_s2275/621017.621017.llr40v10-kimi27sglang-c.n0.p17.w17/candidate_03_submission.txt,60b5ee6ac53b226324ee9aaf8718b1af1a298d546ca7cea9fce1f5b90bfa5ae8
llr40v10-kimi27sglang-c,c,c,tsvc_2_s2275,621017,621017,llr40v10-kimi27sglang-c.n0.p17.w17,4,104.251319,1377774807.000000,13099188.000000,0.000000,graded_attempt,sources/llr40v10-kimi27sglang-c/tsvc_2_s2275/621017.621017.llr40v10-kimi27sglang-c.n0.p17.w17/candidate_03_submission.txt,60b5ee6ac53b226324ee9aaf8718b1af1a298d546ca7cea9fce1f5b90bfa5ae8
llr40v10-kimi27sglang-c,c,c,tsvc_2_s2275,621017,621017,llr40v10-kimi27sglang-c.n0.p17.w17,5,104.251319,1379818165.000000,13127657.000000,0.000000,graded_attempt,sources/llr40v10-kimi27sglang-c/tsvc_2_s2275/621017.621017.llr40v10-kimi27sglang-c.n0.p17.w17/candidate_05_submission.txt,eb6c8f654dcf3b787335aab1b1a27a0468afab1b42869aca8e9bf6bbe3ed38eb
llr40v10-kimi27sglang-c,c,c,tsvc_2_s2275,621017,621017,llr40v10-kimi27sglang-c.n0.p17.w17,1,103.219127,1373912976.000000,13134589.000000,0.000000,graded_attempt,sources/llr40v10-kimi27sglang-c/tsvc_2_s2275/621017.621017.llr40v10-kimi27sglang-c.n0.p17.w17/candidate_01_submission.txt,9527aa6cb9effb8dcaf107ae8db2fc8af299bb5c432560b559b0f4520e563666
llr40v10-kimi27sglang-c,c,c,tsvc_2_s2275,621017,621017,llr40v10-kimi27sglang-c.n0.p17.w17,6,103.219127,1373701681.000000,13182598.000000,0.000000,graded_attempt,sources/llr40v10-kimi27sglang-c/tsvc_2_s2275/621017.621017.llr40v10-kimi27sglang-c.n0.p17.w17/candidate_06_submission.txt,2f98770ea8087ebc73610d069db993a67e08a6f9dcdd6abf16adf49b7c11726a
llr40v10-kimi27sglang-c,numba,c,tsvc_2_s2275,621729,621729,llr40v10-kimi27sglang-c.n0.p17.w17,2,4.232522,45591914.000000,10748631.000000,0.000000,graded_attempt,sources/llr40v10-kimi27sglang-c/tsvc_2_s2275/621729.621729.llr40v10-kimi27sglang-c.n0.p17.w17/candidate_02_submission.txt,53538ca31b88c25fa59489ca137268377bf0cccc4416d1d976cf46d84ba071e1
llr40v10-kimi27sglang-c,numba,c,tsvc_2_s2275,621729,621729,llr40v10-kimi27sglang-c.n0.p17.w17,3,4.232522,45591914.000000,10740222.000000,0.000000,graded_attempt,sources/llr40v10-kimi27sglang-c/tsvc_2_s2275/621729.621729.llr40v10-kimi27sglang-c.n0.p17.w17/candidate_03_submission.txt,8348949b32b8c05a7c53d773263146dda727d489923bdeae058affdb8baba4c4
llr40v10-kimi27sglang-c,numba,c,tsvc_2_s2275,621729,621729,llr40v10-kimi27sglang-c.n0.p17.w17,4,4.232522,45591914.000000,10733433.000000,0.000000,graded_attempt,sources/llr40v10-kimi27sglang-c/tsvc_2_s2275/621729.621729.llr40v10-kimi27sglang-c.n0.p17.w17/candidate_03_submission.txt,8348949b32b8c05a7c53d773263146dda727d489923bdeae058affdb8baba4c4
llr40v10-kimi27sglang-c,numba,c,tsvc_2_s2275,621729,621729,llr40v10-kimi27sglang-c.n0.p17.w17,6,4.232522,45591914.000000,10733514.000000,0.000000,graded_attempt,sources/llr40v10-kimi27sglang-c/tsvc_2_s2275/621729.621729.llr40v10-kimi27sglang-c.n0.p17.w17/candidate_06_submission.txt,e9b1b3395f664dd6f451f5259da0ba6dcefe36f402a9a41e139cd3dd6a7bbdb1
llr40v10-kimi27sglang-c,numba,c,tsvc_2_s2275,621729,621729,llr40v10-kimi27sglang-c.n0.p17.w17,7,4.232522,45591914.000000,10750103.000000,0.000000,graded_attempt,sources/llr40v10-kimi27sglang-c/tsvc_2_s2275/621729.621729.llr40v10-kimi27sglang-c.n0.p17.w17/candidate_07_submission.txt,8aa068a131530e423224bc2c0a36272c3e7f876a0028be5fcd3abef7856779f4
llr40v10-kimi27sglang-c,numba,c,tsvc_2_s2275,621729,621729,llr40v10-kimi27sglang-c.n0.p17.w17,8,4.232522,45591914.000000,10726482.000000,0.000000,graded_attempt,sources/llr40v10-kimi27sglang-c/tsvc_2_s2275/621729.621729.llr40v10-kimi27sglang-c.n0.p17.w17/candidate_08_submission.txt,bd38d8f405c8cc0f106d8d3639fd895b45f04cbd13d8699778f5e8cb1fa5b2f6
llr40v10-kimi27sglang-c,numba,c,tsvc_2_s2275,621729,621729,llr40v10-kimi27sglang-c.n0.p17.w17,1,4.190616,45591914.000000,10804384.000000,0.000000,graded_attempt,sources/llr40v10-kimi27sglang-c/tsvc_2_s2275/621729.621729.llr40v10-kimi27sglang-c.n0.p17.w17/candidate_01_submission.txt,7eaf8fc396f17926c74c0681fe88caf5735141851f2494e513ec832ae3cde57d
llr40v10-kimi27sglang-c,numba,c,tsvc_2_s2275,621729,621729,llr40v10-kimi27sglang-c.n0.p17.w17,5,4.190616,45591914.000000,10757792.000000,0.000000,graded_attempt,sources/llr40v10-kimi27sglang-c/tsvc_2_s2275/621729.621729.llr40v10-kimi27sglang-c.n0.p17.w17/candidate_05_submission.txt,0074b1d6385382831bbaf4423f6d054b42588de4169a53a3787dabed6f17042e
llr40v10-kimi27sglang-c-skills,numba,c,tsvc_2_s2275,621025,621025,llr40v10-kimi27sglang-c-skills.n0.p17.w17,3,3.682137,45757544.000000,12437153.000000,0.000000,graded_attempt,sources/llr40v10-kimi27sglang-c-skills/tsvc_2_s2275/621025.621025.llr40v10-kimi27sglang-c-skills.n0.p17.w17/candidate_03_submission.txt,ead198d0cd10e162d90c3fec4c3283f5ada1039a17e809436aa6209e7a88ea03
llr40v10-kimi27sglang-c-skills,numba,c,tsvc_2_s2275,621025,621025,llr40v10-kimi27sglang-c-skills.n0.p17.w17,2,3.645680,45757544.000000,12554753.000000,0.000000,graded_attempt,sources/llr40v10-kimi27sglang-c-skills/tsvc_2_s2275/621025.621025.llr40v10-kimi27sglang-c-skills.n0.p17.w17/candidate_02_submission.txt,c60a70cde97eda9ffb323d208dfcf574b98e9c57c17b16ff65044a63a32f701c
llr40v10-kimi27sglang-c-skills,numba,c,tsvc_2_s2275,621025,621025,llr40v10-kimi27sglang-c-skills.n0.p17.w17,4,3.645680,45757544.000000,12473515.000000,0.000000,graded_attempt,sources/llr40v10-kimi27sglang-c-skills/tsvc_2_s2275/621025.621025.llr40v10-kimi27sglang-c-skills.n0.p17.w17/candidate_04_submission.txt,41d29ef46fca75ebff709da8451430efa1c27e8e9d6bda6cd4abcb487407a1c6
llr40v10-kimi27sglang-c-skills,numba,c,tsvc_2_s2275,621025,621025,llr40v10-kimi27sglang-c-skills.n0.p17.w17,5,3.645680,45757544.000000,12499733.000000,0.000000,graded_attempt,sources/llr40v10-kimi27sglang-c-skills/tsvc_2_s2275/621025.621025.llr40v10-kimi27sglang-c-skills.n0.p17.w17/candidate_04_submission.txt,41d29ef46fca75ebff709da8451430efa1c27e8e9d6bda6cd4abcb487407a1c6
llr40v10-kimi27sglang-c-skills,numba,c,tsvc_2_s2275,621025,621025,llr40v10-kimi27sglang-c-skills.n0.p17.w17,1,3.609585,45757544.000000,12599578.000000,0.000000,graded_attempt,sources/llr40v10-kimi27sglang-c-skills/tsvc_2_s2275/621025.621025.llr40v10-kimi27sglang-c-skills.n0.p17.w17/candidate_01_submission.txt,44e30b13c47fa9d4ef12330c9ff20622cb37021be677ec198c6390f750d68d45
llr40v10-kimi27sglang-fortran,c,fortran,tsvc_2_s2275,621021,621021,llr40v10-kimi27sglang-fortran.n0.p17.w17,1,121.032544,1327614994.000000,10792096.000000,0.000000,graded_attempt,sources/llr40v10-kimi27sglang-fortran/tsvc_2_s2275/621021.621021.llr40v10-kimi27sglang-fortran.n0.p17.w17/candidate_01_submission.txt,2a92c9da7ab810a42bf45640be392b04635b5401927b828c551f9d2ae8b8cfe3
llr40v10-kimi27sglang-fortran,numba,fortran,tsvc_2_s2275,621731,621731,llr40v10-kimi27sglang-fortran.n0.p17.w17,6,2.759181,29851646.000000,10908994.000000,0.000000,graded_attempt,sources/llr40v10-kimi27sglang-fortran/tsvc_2_s2275/621731.621731.llr40v10-kimi27sglang-fortran.n0.p17.w17/candidate_06_submission.txt,a12e438330acf9e187143cb7d0d748a54a2b125d826bfc1e7b0d1bd0dd989507
llr40v10-kimi27sglang-fortran,numba,fortran,tsvc_2_s2275,621731,621731,llr40v10-kimi27sglang-fortran.n0.p17.w17,4,2.731862,29851646.000000,10968361.000000,0.000000,graded_attempt,sources/llr40v10-kimi27sglang-fortran/tsvc_2_s2275/621731.621731.llr40v10-kimi27sglang-fortran.n0.p17.w17/candidate_04_submission.txt,9e3d3057f51c40350de0dcc334dd16295dbbe565674d3ce577e6f9f6a4452037
llr40v10-kimi27sglang-fortran,numba,fortran,tsvc_2_s2275,621731,621731,llr40v10-kimi27sglang-fortran.n0.p17.w17,5,2.731862,29851646.000000,10943118.000000,0.000000,graded_attempt,sources/llr40v10-kimi27sglang-fortran/tsvc_2_s2275/621731.621731.llr40v10-kimi27sglang-fortran.n0.p17.w17/candidate_05_submission.txt,0e00a3477fcedb2c6bdc53b6250ecd667b5685f8887ee14400ca776d501eaa1e
llr40v10-kimi27sglang-fortran,numba,fortran,tsvc_2_s2275,621731,621731,llr40v10-kimi27sglang-fortran.n0.p17.w17,3,2.678033,29851646.000000,11241943.000000,0.000000,graded_attempt,sources/llr40v10-kimi27sglang-fortran/tsvc_2_s2275/621731.621731.llr40v10-kimi27sglang-fortran.n0.p17.w17/candidate_03_submission.txt,5bb4c854086e7f3f8cfbd6a943851478a4c428dba280160f95374c3c4aa8a140
llr40v10-kimi27sglang-fortran,numba,fortran,tsvc_2_s2275,621731,621731,llr40v10-kimi27sglang-fortran.n0.p17.w17,2,2.651518,29851646.000000,11376377.000000,0.000000,graded_attempt,sources/llr40v10-kimi27sglang-fortran/tsvc_2_s2275/621731.621731.llr40v10-kimi27sglang-fortran.n0.p17.w17/candidate_02_submission.txt,473b27388a1531d14fed76b0da8452f67ec5ab5ad31dc636c273dbc5caaced4d
llr40v10-kimi27sglang-fortran,numba,fortran,tsvc_2_s2275,621731,621731,llr40v10-kimi27sglang-fortran.n0.p17.w17,1,1.909366,29851646.000000,15771888.000000,0.000000,graded_attempt,sources/llr40v10-kimi27sglang-fortran/tsvc_2_s2275/621731.621731.llr40v10-kimi27sglang-fortran.n0.p17.w17/candidate_01_submission.txt,e1d5c07e2648200079380b0b7ce6c1cbc8d932617ac6dc31f2215cd0b802fbbd
llr40v10-kimi27sglang-fortran-skills,numba,fortran,tsvc_2_s2275,621029,621029,llr40v10-kimi27sglang-fortran-skills.n0.p17.w17,2,4.232522,45490799.000000,10711394.000000,0.000000,graded_attempt,sources/llr40v10-kimi27sglang-fortran-skills/tsvc_2_s2275/621029.621029.llr40v10-kimi27sglang-fortran-skills.n0.p17.w17/candidate_02_submission.txt,0b97e1fab486fe5ecd333f07f9d0f70ff5dbdba4084c88441f9db6fb07beaceb
llr40v10-kimi27sglang-fortran-skills,numba,fortran,tsvc_2_s2275,621029,621029,llr40v10-kimi27sglang-fortran-skills.n0.p17.w17,1,4.067370,43722717.000000,10796545.000000,0.000000,graded_attempt,sources/llr40v10-kimi27sglang-fortran-skills/tsvc_2_s2275/621029.621029.llr40v10-kimi27sglang-fortran-skills.n0.p17.w17/candidate_01_submission.txt,97a9a9de219c13d9c7f42e6b52431c43840209a1a6a9ff70adb75c8ab9c692e7
llr40v10-oss120b-c,c,c,tsvc_2_s2275,621382,621382,llr40v10-oss120b-c.n0.p17.w17,1,124.699952,1374466551.000000,10817734.000000,0.000000,graded_attempt,sources/llr40v10-oss120b-c/tsvc_2_s2275/621382.621382.llr40v10-oss120b-c.n0.p17.w17/candidate_01_submission.txt,7693564ae803e00de865ef19ff57832c23bf51dd8ef6f0120d1ef4162a5285df
llr40v10-oss120b-c,c,c,tsvc_2_s2275,621015,621015,llr40v10-oss120b-c.n0.p17.w17,1,75.071695,1225140239.000000,15920479.000000,0.000000,graded_attempt,sources/llr40v10-oss120b-c/tsvc_2_s2275/621015.621015.llr40v10-oss120b-c.n0.p17.w17/candidate_01_submission.txt,95fea25eb175f6961333e31df16fed87c0c5f679130ec34faac1ef569fc0c7a5
llr40v10-oss120b-c-skills,numba,c,tsvc_2_s2275,621023,621023,llr40v10-oss120b-c-skills.n0.p17.w17,1,3.235356,35185312.000000,10819722.000000,0.000000,graded_attempt,sources/llr40v10-oss120b-c-skills/tsvc_2_s2275/621023.621023.llr40v10-oss120b-c-skills.n0.p17.w17/candidate_01_submission.txt,57fb8cf87697049eee63bb4618d2d5feaaa5ab7a979304d4dbe115d768827cf3
llr40v10-oss120b-fortran,c,fortran,tsvc_2_s2275,621384,621384,llr40v10-oss120b-fortran.n0.p17.w17,1,42.153782,1377464339.000000,31959840.000000,0.000000,graded_attempt,sources/llr40v10-oss120b-fortran/tsvc_2_s2275/621384.621384.llr40v10-oss120b-fortran.n0.p17.w17/candidate_01_submission.txt,b3fb7f0f03d0a3e53459c66614b3dbfac9538854d3ffce30f17fd1d0655c3ad3
llr40v10-oss120b-fortran,c,fortran,tsvc_2_s2275,621019,621019,llr40v10-oss120b-fortran.n0.p17.w17,1,32.544741,1371753894.000000,40585868.000000,0.000000,graded_attempt,sources/llr40v10-oss120b-fortran/tsvc_2_s2275/621019.621019.llr40v10-oss120b-fortran.n0.p17.w17/candidate_01_submission.txt,c61df40e8b79d21e0b4a24be062281f5bc8e70c77c7c79e6131382c37b8fba3a
llr40v10-oss120b-fortran-skills,numba,fortran,tsvc_2_s2275,621027,621027,llr40v10-oss120b-fortran-skills.n0.p17.w17,1,3.300387,35708392.000000,10829656.000000,0.000000,graded_attempt,sources/llr40v10-oss120b-fortran-skills/tsvc_2_s2275/621027.621027.llr40v10-oss120b-fortran-skills.n0.p17.w17/candidate_01_submission.txt,e76de735283b3595461d473856a333fce88e88ed7aa49e188846b488de6425f7
llr40v10-qwen38-c,c,c,tsvc_2_s2275,621016,621016,llr40v10-qwen38-c.n0.p17.w17,1,125.946951,1369000453.000000,10762082.000000,0.000000,graded_attempt,sources/llr40v10-qwen38-c/tsvc_2_s2275/621016.621016.llr40v10-qwen38-c.n0.p17.w17/candidate_01_submission.txt,a58a2749beacaa62226671d73338b603bb7e271fad8568cb8b39481dd94f7d7a
llr40v10-qwen38-c,c,c,tsvc_2_s2275,621383,621383,llr40v10-qwen38-c.n0.p17.w17,1,121.032544,1320389020.000000,10762959.000000,0.000000,graded_attempt,sources/llr40v10-qwen38-c/tsvc_2_s2275/621383.621383.llr40v10-qwen38-c.n0.p17.w17/candidate_01_submission.txt,23190b8bff60fa16c9d1191f93b33606a554d07e02f192a974cca78bdd47f8f8
llr40v10-qwen38-c-skills,numba,c,tsvc_2_s2275,621024,621024,llr40v10-qwen38-c-skills.n0.p17.w17,1,3.503427,38044128.000000,10772769.000000,0.000000,graded_attempt,sources/llr40v10-qwen38-c-skills/tsvc_2_s2275/621024.621024.llr40v10-qwen38-c-skills.n0.p17.w17/candidate_01_submission.txt,5b83a34197ebc783f004aec445a8f73bd78d9fdafcc37008f729475ccf5965f1
llr40v10-qwen38-c-skills,numba,c,tsvc_2_s2275,625312,625312,llr40v10-qwen38-c-skills.n0.p17.w17,1,3.333391,36399555.000000,10859135.000000,0.000000,graded_attempt,sources/llr40v10-qwen38-c-skills/tsvc_2_s2275/625312.625312.llr40v10-qwen38-c-skills.n0.p17.w17/candidate_01_submission.txt,6817d5a873e6ee209a7105c336693ccbb423f97ceadd3fb09ac65a63ac2be4b7
llr40v10-qwen38-fortran,numba,fortran,tsvc_2_s2275,621728,621728,llr40v10-qwen38-fortran.n0.p17.w17,1,4.317595,46606664.000000,10778231.000000,0.000000,graded_attempt,sources/llr40v10-qwen38-fortran/tsvc_2_s2275/621728.621728.llr40v10-qwen38-fortran.n0.p17.w17/candidate_01_submission.txt,9496ea5593883de21d7e23cd1f2cd332ed8de93416305171e9011a43299ec0ac
llr40v10-qwen38-fortran,numba,fortran,tsvc_2_s2275,622266,622266,llr40v10-qwen38-fortran.n0.p17.w17,1,4.317595,47202849.000000,10914941.000000,0.000000,graded_attempt,sources/llr40v10-qwen38-fortran/tsvc_2_s2275/622266.622266.llr40v10-qwen38-fortran.n0.p17.w17/candidate_01_submission.txt,e2e65fda9a366093a8a4ece0f57f7be6c155a5023c0e1da8d6a7728b0349f244
llr40v10-qwen38-fortran-skills,numba,fortran,tsvc_2_s2275,621028,621028,llr40v10-qwen38-fortran-skills.n0.p17.w17,1,3.235356,35030476.000000,10771685.000000,0.000000,graded_attempt,sources/llr40v10-qwen38-fortran-skills/tsvc_2_s2275/621028.621028.llr40v10-qwen38-fortran-skills.n0.p17.w17/candidate_01_submission.txt,115d421ba4bff9a603a1e49dbfbac04681d14c97ae07a5b51b68cf6a22622e62
llr40v11-kimi27sglang-c,numba,c,tsvc_2_s2275,625533,625533,llr40v11-kimi27sglang-c.n0.p17.w17,1,3.538461,46568611.000000,13233838.000000,0.000000,graded_attempt,sources/llr40v11-kimi27sglang-c/tsvc_2_s2275/625533.625533.llr40v11-kimi27sglang-c.n0.p17.w17/candidate_01_submission.txt,c6744934dba553d3190b749cada2f63089e7497a759325f6fd634a208c9ec8f8
llr40v11-kimi27sglang-c-skills,numba,c,tsvc_2_s2275,625537,625537,llr40v11-kimi27sglang-c-skills.n0.p17.w17,1,3.203323,34803749.000000,11350915.000000,0.000000,graded_attempt,sources/llr40v11-kimi27sglang-c-skills/tsvc_2_s2275/625537.625537.llr40v11-kimi27sglang-c-skills.n0.p17.w17/candidate_01_submission.txt,e688a2ae55162900c0ebd72a351714b3c9fe5bb78fed46e468a31eab291388d0
llr40v11-kimi27sglang-fortran,numba,fortran,tsvc_2_s2275,625541,625541,llr40v11-kimi27sglang-fortran.n0.p17.w17,1,4.232522,45702900.000000,10729699.000000,0.000000,graded_attempt,sources/llr40v11-kimi27sglang-fortran/tsvc_2_s2275/625541.625541.llr40v11-kimi27sglang-fortran.n0.p17.w17/candidate_01_submission.txt,e7a67716064a4096356ccd4e341e82fd5775d6f3327bed884f27110088c713fd
llr40v11-kimi27sglang-fortran,numba,fortran,tsvc_2_s2275,625541,625541,llr40v11-kimi27sglang-fortran.n0.p17.w17,2,4.190616,45702900.000000,10813619.000000,0.000000,graded_attempt,sources/llr40v11-kimi27sglang-fortran/tsvc_2_s2275/625541.625541.llr40v11-kimi27sglang-fortran.n0.p17.w17/candidate_02_submission.txt,2d1c1d254e806788dc0a8c556a096142b35aa1cee8e2ed9ca9df550d9a9e86fe
llr40v11-kimi27sglang-fortran-skills,numba,fortran,tsvc_2_s2275,625545,625545,llr40v11-kimi27sglang-fortran-skills.n0.p17.w17,1,4.190616,45087282.000000,10721673.000000,0.000000,graded_attempt,sources/llr40v11-kimi27sglang-fortran-skills/tsvc_2_s2275/625545.625545.llr40v11-kimi27sglang-fortran-skills.n0.p17.w17/candidate_01_submission.txt,073d929718c299ace552ad375e8491fe90819393d58d0a4084b664cb7e2be4b6
llr40v11-oss120b-c,numba,c,tsvc_2_s2275,625531,625531,llr40v11-oss120b-c.n0.p17.w17,1,3.400392,35047365.000000,10775177.000000,0.000000,graded_attempt,sources/llr40v11-oss120b-c/tsvc_2_s2275/625531.625531.llr40v11-oss120b-c.n0.p17.w17/candidate_01_submission.txt,7683f0d0d91b34e4313c46a4214891b3db637d756bd094e03b81eeda94e0c79e
llr40v11-oss120b-c-skills,numba,c,tsvc_2_s2275,625535,625535,llr40v11-oss120b-c-skills.n0.p17.w17,1,4.317595,46232018.000000,10754971.000000,0.000000,graded_attempt,sources/llr40v11-oss120b-c-skills/tsvc_2_s2275/625535.625535.llr40v11-oss120b-c-skills.n0.p17.w17/candidate_01_submission.txt,1cbc64709f72d882eee26686e61c30d4affb99b580f9266ea5abf6d6db9a939c
llr40v11-oss120b-fortran,numba,fortran,tsvc_2_s2275,625539,625539,llr40v11-oss120b-fortran.n0.p17.w17,1,4.360771,45816764.000000,10798144.000000,0.000000,graded_attempt,sources/llr40v11-oss120b-fortran/tsvc_2_s2275/625539.625539.llr40v11-oss120b-fortran.n0.p17.w17/candidate_01_submission.txt,c16e782d81bff3fac3b14bca3f178dbb36f8679ed5754e432524d87a31d792fb
llr40v11-oss120b-fortran-skills,numba,fortran,tsvc_2_s2275,625543,625543,llr40v11-oss120b-fortran-skills.n0.p17.w17,1,4.274847,45900949.000000,10791103.000000,0.000000,graded_attempt,sources/llr40v11-oss120b-fortran-skills/tsvc_2_s2275/625543.625543.llr40v11-oss120b-fortran-skills.n0.p17.w17/candidate_01_submission.txt,19df09f1364cf75c47bb3436342e7b8a322a947abf0ec354316c8a9ef21bbf40
llr40v11-qwen38-fortran-skills,numba,fortran,tsvc_2_s2275,625544,625544,llr40v11-qwen38-fortran-skills.n0.p17.w17,1,3.434396,37202339.000000,10770563.000000,0.000000,graded_attempt,sources/llr40v11-qwen38-fortran-skills/tsvc_2_s2275/625544.625544.llr40v11-qwen38-fortran-skills.n0.p17.w17/candidate_01_submission.txt,dafe77dfa19127bf8f188eb592a7e351469d471e8a0bafd6f87cdf934dea1940
v11w2-qwen38-c,numba,c,tsvc_2_s2275,626365,626365,v11w2-qwen38-c.n0.p4.w4,2,4.629047,47765964.000000,10535492.000000,0.000000,graded_attempt,sources/v11w2-qwen38-c/tsvc_2_s2275/626365.626365.v11w2-qwen38-c.n0.p4.w4/candidate_02_submission.txt,a60142a517f09abf09abcda6f89ef9748db80786376712bbba4cf5a518a54e85
v11w2-qwen38-c,numba,c,tsvc_2_s2275,626365,626365,v11w2-qwen38-c.n0.p4.w4,1,4.583215,47765964.000000,10574074.000000,0.000000,graded_attempt,sources/v11w2-qwen38-c/tsvc_2_s2275/626365.626365.v11w2-qwen38-c.n0.p4.w4/candidate_01_submission.txt,15a6776e187e607df8a5723de74ec6fcef0835f3a913968034735fb785cb8f2f
v11w2-qwen38-c-skills,numba,c,tsvc_2_s2275,626366,626366,v11w2-qwen38-c-skills.n0.p4.w4,4,5.320970,38822776.000000,7353321.000000,0.000000,graded_attempt,sources/v11w2-qwen38-c-skills/tsvc_2_s2275/626366.626366.v11w2-qwen38-c-skills.n0.p4.w4/candidate_04_submission.txt,8483fc4f844f93da4be07b96c784ad01e296331c9749ce7865ed252081c23697
v11w2-qwen38-c-skills,numba,c,tsvc_2_s2275,626366,626366,v11w2-qwen38-c-skills.n0.p4.w4,3,5.268287,38822776.000000,7403751.000000,0.000000,graded_attempt,sources/v11w2-qwen38-c-skills/tsvc_2_s2275/626366.626366.v11w2-qwen38-c-skills.n0.p4.w4/candidate_02_submission.txt,9f061b7d9bee871e32f90b06e806c4a7ae468a190f2f0281b8114515a3e5b3e4
v11w2-qwen38-c-skills,numba,c,tsvc_2_s2275,626366,626366,v11w2-qwen38-c-skills.n0.p4.w4,2,5.164481,39494464.000000,7465631.000000,0.000000,graded_attempt,sources/v11w2-qwen38-c-skills/tsvc_2_s2275/626366.626366.v11w2-qwen38-c-skills.n0.p4.w4/candidate_02_submission.txt,9f061b7d9bee871e32f90b06e806c4a7ae468a190f2f0281b8114515a3e5b3e4
v11w2-qwen38-c-skills,numba,c,tsvc_2_s2275,626366,626366,v11w2-qwen38-c-skills.n0.p4.w4,1,3.718959,39494464.000000,10601711.000000,0.000000,graded_attempt,sources/v11w2-qwen38-c-skills/tsvc_2_s2275/626366.626366.v11w2-qwen38-c-skills.n0.p4.w4/candidate_01_submission.txt,8c97aa959b4a410146bd161827bccd528cc2ca737f830393d250c67e00136f96
v11w2-qwen38-fortran,numba,fortran,tsvc_2_s2275,626371,626371,v11w2-qwen38-fortran.n0.p10.w10,1,4.360771,46543595.000000,10657103.000000,0.000000,graded_attempt,sources/v11w2-qwen38-fortran/tsvc_2_s2275/626371.626371.v11w2-qwen38-fortran.n0.p10.w10/candidate_01_submission.txt,66402f43be326f1176df48e2c9d61eafbe2c74333ca55d77f1a02374935c333a
v11w2-qwen38-fortran,numba,fortran,tsvc_2_s2275,626371,626371,v11w2-qwen38-fortran.n0.p10.w10,2,4.360771,46543595.000000,10658664.000000,0.000000,graded_attempt,sources/v11w2-qwen38-fortran/tsvc_2_s2275/626371.626371.v11w2-qwen38-fortran.n0.p10.w10/candidate_02_submission.txt,707b5baf3a4fecc8893e8b279ec086ba044f22cff727205005355a79c3e75580
gpuv2-llr40-oss120b-hip,numba,hip,tsvc_2_s231,627167,627167,gpuv2-llr40-oss120b-hip.n0.p18.w18,1,6.364665,26044199.000000,4241289.000000,0.000000,graded_attempt,sources/gpuv2-llr40-oss120b-hip/tsvc_2_s231/627167.627167.gpuv2-llr40-oss120b-hip.n0.p18.w18/candidate_01_submission.txt,1ba528287c484ce0c3ebe4b41b7bb47abb1a3fb53fddfd0c54243b4b5fb29c86
gpuv2-llr40-oss120b-hip-skills,numba,hip,tsvc_2_s231,627168,627168,gpuv2-llr40-oss120b-hip-skills.n0.p18.w18,1,6.557520,27268255.000000,4259677.000000,0.000000,graded_attempt,sources/gpuv2-llr40-oss120b-hip-skills/tsvc_2_s231/627168.627168.gpuv2-llr40-oss120b-hip-skills.n0.p18.w18/candidate_01_submission.txt,ca8adb697ba2e8668e29b86156ee3b453e7ffe39a963dafda34cb0b26604966d
gpuv2-llr40-qwen38-hip,numba,hip,tsvc_2_s231,626645,626645,gpuv2-llr40-qwen38-hip.n0.p18.w18,1,26.671863,26817081.000000,939046.000000,0.000000,graded_attempt,sources/gpuv2-llr40-qwen38-hip/tsvc_2_s231/626645.626645.gpuv2-llr40-qwen38-hip.n0.p18.w18/candidate_01_submission.txt,c6c8d2d745e9cc2990bfe50c8726d1da2f27dd6954709a9048b48c30de237768
gpuv2-llr40-qwen38-hip,numba,hip,tsvc_2_s231,627228,627228,gpuv2-llr40-qwen38-hip.n0.p18.w18,3,22.973795,21684307.000000,989561.000000,0.000000,graded_attempt,sources/gpuv2-llr40-qwen38-hip/tsvc_2_s231/627228.627228.gpuv2-llr40-qwen38-hip.n0.p18.w18/candidate_03_submission.txt,ef23f8e84d146f9c66674e2877f29ed3311c3fd7281ee7bc5094c305f6ad5810
gpuv2-llr40-qwen38-hip,numba,hip,tsvc_2_s231,627228,627228,gpuv2-llr40-qwen38-hip.n0.p18.w18,1,5.374180,21684307.000000,4238410.000000,0.000000,graded_attempt,sources/gpuv2-llr40-qwen38-hip/tsvc_2_s231/627228.627228.gpuv2-llr40-qwen38-hip.n0.p18.w18/candidate_01_submission.txt,ba2152d59cfe6b5bc02049241a50ae68c91e62703cb37038d7af8caf0d98114e
gpuv2-llr40-qwen38-hip,numba,hip,tsvc_2_s231,627228,627228,gpuv2-llr40-qwen38-hip.n0.p18.w18,2,5.374180,21684307.000000,4229932.000000,0.000000,graded_attempt,sources/gpuv2-llr40-qwen38-hip/tsvc_2_s231/627228.627228.gpuv2-llr40-qwen38-hip.n0.p18.w18/candidate_01_submission.txt,ba2152d59cfe6b5bc02049241a50ae68c91e62703cb37038d7af8caf0d98114e
gpuv2-llr40-qwen38-hip-skills,numba,hip,tsvc_2_s231,627018,627018,gpuv2-llr40-qwen38-hip-skills.n0.p18.w18,1,26.146322,26982559.000000,1037644.000000,0.000000,graded_attempt,sources/gpuv2-llr40-qwen38-hip-skills/tsvc_2_s231/627018.627018.gpuv2-llr40-qwen38-hip-skills.n0.p18.w18/candidate_01_submission.txt,e095e2593188680b90fb0b66ff3d467ba8150ca4e7357bf994aeaa6acd008eb5
gpuv2-llr40-qwen38-hip-skills,numba,hip,tsvc_2_s231,627018,627018,gpuv2-llr40-qwen38-hip-skills.n0.p18.w18,2,26.146322,26982559.000000,1031404.000000,0.000000,graded_attempt,sources/gpuv2-llr40-qwen38-hip-skills/tsvc_2_s231/627018.627018.gpuv2-llr40-qwen38-hip-skills.n0.p18.w18/candidate_01_submission.txt,e095e2593188680b90fb0b66ff3d467ba8150ca4e7357bf994aeaa6acd008eb5
gpuv4-llr40-oss120b-pytriton,numba,python,tsvc_2_s231,627175,627175,gpuv4-llr40-oss120b-pytriton.n0.p18.w18,1,1.000000,25103125.000000,24576348.000000,0.000000,graded_attempt,sources/gpuv4-llr40-oss120b-pytriton/tsvc_2_s231/627175.627175.gpuv4-llr40-oss120b-pytriton.n0.p18.w18/candidate_01_submission.txt,22433633acca6f9e00e910083f27d1797d460bff350b53d97e2767739e70de58
gpuv4-llr40-oss120b-pytriton-skills,numba,python,tsvc_2_s231,627176,627176,gpuv4-llr40-oss120b-pytriton-skills.n0.p18.w18,3,1.020100,26865706.000000,25807895.000000,0.000000,graded_attempt,sources/gpuv4-llr40-oss120b-pytriton-skills/tsvc_2_s231/627176.627176.gpuv4-llr40-oss120b-pytriton-skills.n0.p18.w18/candidate_03_submission.txt,83f82714edb75d31d6fec5ce8735d7857e008a2b989a0ea39e85dfb97cd5a216
gpuv4-llr40-oss120b-pytriton-skills,numba,python,tsvc_2_s231,627176,627176,gpuv4-llr40-oss120b-pytriton-skills.n0.p18.w18,1,1.000000,26865706.000000,27140089.000000,0.000000,graded_attempt,sources/gpuv4-llr40-oss120b-pytriton-skills/tsvc_2_s231/627176.627176.gpuv4-llr40-oss120b-pytriton-skills.n0.p18.w18/candidate_01_submission.txt,b933a3c4d136e07cfbce94ddf0eac87baa87214b14c9d8c9855682c6bb8407b2
gpuv4-llr40-oss120b-pytriton-skills,numba,python,tsvc_2_s231,627176,627176,gpuv4-llr40-oss120b-pytriton-skills.n0.p18.w18,2,1.000000,26865706.000000,27073593.000000,0.000000,graded_attempt,sources/gpuv4-llr40-oss120b-pytriton-skills/tsvc_2_s231/627176.627176.gpuv4-llr40-oss120b-pytriton-skills.n0.p18.w18/candidate_02_submission.txt,bb6484bc39c9d91d9a9daf0c339e148388216c403aceab0abb465d38454e8c5b
gpuv4-llr40-qwen38-pytriton,numba,python,tsvc_2_s231,626523,626523,gpuv4-llr40-qwen38-pytriton.n0.p18.w18,2,1.798710,26016464.000000,14170537.000000,0.000000,graded_attempt,sources/gpuv4-llr40-qwen38-pytriton/tsvc_2_s231/626523.626523.gpuv4-llr40-qwen38-pytriton.n0.p18.w18/candidate_02_submission.txt,9480078b3cf4be822ed982147afe2ed4cead168090511b3b9aaa34be9a91cfd9
gpuv4-llr40-qwen38-pytriton,numba,python,tsvc_2_s231,626523,626523,gpuv4-llr40-qwen38-pytriton.n0.p18.w18,1,1.416603,26016464.000000,17407983.000000,0.000000,graded_attempt,sources/gpuv4-llr40-qwen38-pytriton/tsvc_2_s231/626523.626523.gpuv4-llr40-qwen38-pytriton.n0.p18.w18/candidate_01_submission.txt,1e7cad1b23a93c2e7c7d70b037392d427529919bae61ef9d26da65c6c4f9738f
gpuv4-llr40-qwen38-pytriton-skills,numba,python,tsvc_2_s231,627231,627231,gpuv4-llr40-qwen38-pytriton-skills.n0.p18.w18,1,1.518790,20360143.000000,12818927.000000,0.000000,graded_attempt,sources/gpuv4-llr40-qwen38-pytriton-skills/tsvc_2_s231/627231.627231.gpuv4-llr40-qwen38-pytriton-skills.n0.p18.w18/candidate_01_submission.txt,f1357595b3b6b57269a10e4d290f1df0c891806336a9aa561cf3353231e2ccc3
llr40v10-kimi27sglang-c,c,c,tsvc_2_s231,621017,621017,llr40v10-kimi27sglang-c.n0.p18.w18,2,30.965205,1028806885.000000,31425033.000000,0.000000,graded_attempt,sources/llr40v10-kimi27sglang-c/tsvc_2_s231/621017.621017.llr40v10-kimi27sglang-c.n0.p18.w18/candidate_02_submission.txt,25bf0636daf4cbbd0c01aa753a95713205bfc619b4b9cf351f6978022c183f04
llr40v10-kimi27sglang-c,c,c,tsvc_2_s231,621017,621017,llr40v10-kimi27sglang-c.n0.p18.w18,1,23.203533,1023684571.000000,42622897.000000,0.000000,graded_attempt,sources/llr40v10-kimi27sglang-c/tsvc_2_s231/621017.621017.llr40v10-kimi27sglang-c.n0.p18.w18/candidate_01_submission.txt,72cc1b5c8ee8036027befe9c11211cf629f003d58e9a999f2e581a628b67c44b
llr40v10-kimi27sglang-c,numba,c,tsvc_2_s231,621729,621729,llr40v10-kimi27sglang-c.n0.p18.w18,3,2.216715,25992575.000000,11342507.000000,0.000000,graded_attempt,sources/llr40v10-kimi27sglang-c/tsvc_2_s231/621729.621729.llr40v10-kimi27sglang-c.n0.p18.w18/candidate_03_submission.txt,2a63e9c03cc9bd2bcc447b25bc3bac380e3270240f46d0b2881b46cc0995b18d
llr40v10-kimi27sglang-c,numba,c,tsvc_2_s231,621729,621729,llr40v10-kimi27sglang-c.n0.p18.w18,1,1.445076,25992575.000000,16519551.000000,0.000000,graded_attempt,sources/llr40v10-kimi27sglang-c/tsvc_2_s231/621729.621729.llr40v10-kimi27sglang-c.n0.p18.w18/candidate_01_submission.txt,6d91ca3e0c01561e1f05cd1142869eeef6d8514d8496fb0938f86316c979d5ba
llr40v10-kimi27sglang-c,numba,c,tsvc_2_s231,621729,621729,llr40v10-kimi27sglang-c.n0.p18.w18,2,1.208109,25992575.000000,21185764.000000,0.000000,graded_attempt,sources/llr40v10-kimi27sglang-c/tsvc_2_s231/621729.621729.llr40v10-kimi27sglang-c.n0.p18.w18/candidate_02_submission.txt,e4301a2bbc39814957ffbfe78d3a2136ec9cb57e5ccb0ea668f0060f99d755cc
llr40v10-kimi27sglang-c-skills,numba,c,tsvc_2_s231,621025,621025,llr40v10-kimi27sglang-c-skills.n0.p18.w18,5,2.216715,26096680.000000,11643374.000000,0.000000,graded_attempt,sources/llr40v10-kimi27sglang-c-skills/tsvc_2_s231/621025.621025.llr40v10-kimi27sglang-c-skills.n0.p18.w18/candidate_05_submission.txt,d022001f67bceeb0ac9d1594d950106221548a079badf85784b3dc485a619f88
llr40v10-kimi27sglang-c-skills,numba,c,tsvc_2_s231,621025,621025,llr40v10-kimi27sglang-c-skills.n0.p18.w18,2,2.194768,26096680.000000,11718427.000000,0.000000,graded_attempt,sources/llr40v10-kimi27sglang-c-skills/tsvc_2_s231/621025.621025.llr40v10-kimi27sglang-c-skills.n0.p18.w18/candidate_02_submission.txt,9f1adfcb6c2554fd2453659b1e75891cf6aef654d7bb64c4ef6a2124a43c50f0
llr40v10-kimi27sglang-c-skills,numba,c,tsvc_2_s231,621025,621025,llr40v10-kimi27sglang-c-skills.n0.p18.w18,4,2.194768,26096680.000000,11792278.000000,0.000000,graded_attempt,sources/llr40v10-kimi27sglang-c-skills/tsvc_2_s231/621025.621025.llr40v10-kimi27sglang-c-skills.n0.p18.w18/candidate_03_submission.txt,bbe91ae4839bb2755dd647beafa3cd08e74bb194385188ddff0bb2f4e8f218cb
llr40v10-kimi27sglang-c-skills,numba,c,tsvc_2_s231,621025,621025,llr40v10-kimi27sglang-c-skills.n0.p18.w18,3,2.173037,26096680.000000,11912914.000000,0.000000,graded_attempt,sources/llr40v10-kimi27sglang-c-skills/tsvc_2_s231/621025.621025.llr40v10-kimi27sglang-c-skills.n0.p18.w18/candidate_03_submission.txt,bbe91ae4839bb2755dd647beafa3cd08e74bb194385188ddff0bb2f4e8f218cb
llr40v10-kimi27sglang-c-skills,numba,c,tsvc_2_s231,621025,621025,llr40v10-kimi27sglang-c-skills.n0.p18.w18,1,2.067570,26096680.000000,12394347.000000,0.000000,graded_attempt,sources/llr40v10-kimi27sglang-c-skills/tsvc_2_s231/621025.621025.llr40v10-kimi27sglang-c-skills.n0.p18.w18/candidate_01_submission.txt,d04e07f2c544f7ba86d69bc676b0d6e3a8950d5b71adcba93be43294e5133678
llr40v10-kimi27sglang-fortran,c,fortran,tsvc_2_s231,621021,621021,llr40v10-kimi27sglang-fortran.n0.p18.w18,1,22.521120,981040351.000000,42437293.000000,0.000000,graded_attempt,sources/llr40v10-kimi27sglang-fortran/tsvc_2_s231/621021.621021.llr40v10-kimi27sglang-fortran.n0.p18.w18/candidate_01_submission.txt,fb580a5c4ce2106f8e6878cf3fa462248588fb50f59584748db307306eaa31cc
llr40v10-kimi27sglang-fortran,numba,fortran,tsvc_2_s231,621731,621731,llr40v10-kimi27sglang-fortran.n0.p18.w18,1,2.088246,24854982.000000,11867038.000000,0.000000,graded_attempt,sources/llr40v10-kimi27sglang-fortran/tsvc_2_s231/621731.621731.llr40v10-kimi27sglang-fortran.n0.p18.w18/candidate_01_submission.txt,542165b576c64e3f99b906fa073227aafdc4cb4898f4c3f9d620c6aba4cb4e6c
llr40v10-oss120b-c,c,c,tsvc_2_s231,621382,621382,llr40v10-oss120b-c.n0.p18.w18,1,84.592665,1027214445.000000,11421540.000000,0.000000,graded_attempt,sources/llr40v10-oss120b-c/tsvc_2_s231/621382.621382.llr40v10-oss120b-c.n0.p18.w18/candidate_01_submission.txt,372e3086ed2193a48c22920d2aa8839dccff3d5118ac5ec82acdbb9a67a2530f
llr40v10-oss120b-c,c,c,tsvc_2_s231,621015,621015,llr40v10-oss120b-c.n0.p18.w18,1,26.407785,904218676.000000,33118839.000000,0.000000,graded_attempt,sources/llr40v10-oss120b-c/tsvc_2_s231/621015.621015.llr40v10-oss120b-c.n0.p18.w18/candidate_01_submission.txt,684c316174b4530338d7e0d3646c3a5d15ad2e68109e93d7d917578bab716355
llr40v10-oss120b-c-skills,numba,c,tsvc_2_s231,621023,621023,llr40v10-oss120b-c-skills.n0.p18.w18,1,1.000000,20194972.000000,26567162.000000,0.000000,graded_attempt,sources/llr40v10-oss120b-c-skills/tsvc_2_s231/621023.621023.llr40v10-oss120b-c-skills.n0.p18.w18/candidate_01_submission.txt,8c318b18d32f312783ea7b539a2e2cf0a42dac6dc3b54eb1a0127b6bd6224bc4
llr40v10-oss120b-fortran,c,fortran,tsvc_2_s231,621019,621019,llr40v10-oss120b-fortran.n0.p18.w18,1,22.077365,978275456.000000,42752007.000000,0.000000,graded_attempt,sources/llr40v10-oss120b-fortran/tsvc_2_s231/621019.621019.llr40v10-oss120b-fortran.n0.p18.w18/candidate_01_submission.txt,5804040e7009f701d301bca032558cb3e8ceb03e286f974c9eb935b914de6431
llr40v10-oss120b-fortran,c,fortran,tsvc_2_s231,621384,621384,llr40v10-oss120b-fortran.n0.p18.w18,1,22.077365,975858750.000000,42628853.000000,0.000000,graded_attempt,sources/llr40v10-oss120b-fortran/tsvc_2_s231/621384.621384.llr40v10-oss120b-fortran.n0.p18.w18/candidate_01_submission.txt,e9977b402395fa132618bf1674782137933d0c2f7f33a009e434e4469a539eba
llr40v10-oss120b-fortran-skills,numba,fortran,tsvc_2_s231,621027,621027,llr40v10-oss120b-fortran-skills.n0.p18.w18,1,1.020100,26993112.000000,26400157.000000,0.000000,graded_attempt,sources/llr40v10-oss120b-fortran-skills/tsvc_2_s231/621027.621027.llr40v10-oss120b-fortran-skills.n0.p18.w18/candidate_01_submission.txt,5d628ad905c366ca1984a159221c569389ae2114bfbcbfc9f60b7f42f9cc622f
llr40v10-qwen38-c,c,c,tsvc_2_s231,621016,621016,llr40v10-qwen38-c.n0.p18.w18,2,96.274344,1139681037.000000,11370616.000000,0.000000,graded_attempt,sources/llr40v10-qwen38-c/tsvc_2_s231/621016.621016.llr40v10-qwen38-c.n0.p18.w18/candidate_02_submission.txt,04ed18204f6a6fb8ccd577bf63606b9e84659c90cb86858c27f269d517582254
llr40v10-qwen38-c,c,c,tsvc_2_s231,621383,621383,llr40v10-qwen38-c.n0.p18.w18,5,95.321132,1021452275.000000,10402995.000000,0.000000,graded_attempt,sources/llr40v10-qwen38-c/tsvc_2_s231/621383.621383.llr40v10-qwen38-c.n0.p18.w18/candidate_05_submission.txt,e356efa26f610e0e96d7000762937c83f3cf2a59adf591a719c50fb538ac416e
llr40v10-qwen38-c,c,c,tsvc_2_s231,621383,621383,llr40v10-qwen38-c.n0.p18.w18,4,74.328411,1023239438.000000,13489377.000000,0.000000,graded_attempt,sources/llr40v10-qwen38-c/tsvc_2_s231/621383.621383.llr40v10-qwen38-c.n0.p18.w18/candidate_04_submission.txt,f287e80b640fd13ebd778a62e79249e503250435a636d46933e5334143af6403
llr40v10-qwen38-c,c,c,tsvc_2_s231,621383,621383,llr40v10-qwen38-c.n0.p18.w18,3,70.720933,1026300263.000000,14340482.000000,0.000000,graded_attempt,sources/llr40v10-qwen38-c/tsvc_2_s231/621383.621383.llr40v10-qwen38-c.n0.p18.w18/candidate_03_submission.txt,913f7067f5c0efe070a585f751cd9c5e40c551d62e6e71cf111790992cbd87c5
llr40v10-qwen38-c,c,c,tsvc_2_s231,621383,621383,llr40v10-qwen38-c.n0.p18.w18,2,65.309595,1026848436.000000,15376728.000000,0.000000,graded_attempt,sources/llr40v10-qwen38-c/tsvc_2_s231/621383.621383.llr40v10-qwen38-c.n0.p18.w18/candidate_02_submission.txt,3596bef02d17335c341925254fd776eefe7d1379f2a37655fcd2c705426fec59
llr40v10-qwen38-c,c,c,tsvc_2_s231,621016,621016,llr40v10-qwen38-c.n0.p18.w18,1,19.016327,1137627295.000000,58979092.000000,0.000000,graded_attempt,sources/llr40v10-qwen38-c/tsvc_2_s231/621016.621016.llr40v10-qwen38-c.n0.p18.w18/candidate_01_submission.txt,abb05d65a43f34d2895653085313290ade71673bbc6b7f2497c8e87ab7b81352
llr40v10-qwen38-c,c,c,tsvc_2_s231,621383,621383,llr40v10-qwen38-c.n0.p18.w18,1,19.016327,1024411811.000000,53651998.000000,0.000000,graded_attempt,sources/llr40v10-qwen38-c/tsvc_2_s231/621383.621383.llr40v10-qwen38-c.n0.p18.w18/candidate_01_submission.txt,5e27402483e98c2c21e23de4a1f5cc787393fc173dceb67c3482bb8ecba7808e
llr40v10-qwen38-c,numba,c,tsvc_2_s231,621727,621727,llr40v10-qwen38-c.n0.p18.w18,1,2.173037,24522711.000000,11134918.000000,0.000000,graded_attempt,sources/llr40v10-qwen38-c/tsvc_2_s231/621727.621727.llr40v10-qwen38-c.n0.p18.w18/candidate_01_submission.txt,c3e52a1b0d366792f3ba61d5fddd035636b7547c06c254193f10518acef9400b
llr40v10-qwen38-c,numba,c,tsvc_2_s231,622265,622265,llr40v10-qwen38-c.n0.p18.w18,2,1.909366,20539036.000000,10524102.000000,0.000000,graded_attempt,sources/llr40v10-qwen38-c/tsvc_2_s231/622265.622265.llr40v10-qwen38-c.n0.p18.w18/candidate_02_submission.txt,681f205fe95cb4e7f87ae4c9a60e64433c2c83c4913d6de9ef773bbc8c04c670
llr40v10-qwen38-c,numba,c,tsvc_2_s231,622265,622265,llr40v10-qwen38-c.n0.p18.w18,1,1.816697,20539036.000000,11156586.000000,0.000000,graded_attempt,sources/llr40v10-qwen38-c/tsvc_2_s231/622265.622265.llr40v10-qwen38-c.n0.p18.w18/candidate_01_submission.txt,f509f6bed74b401dc7d5d47ae11f8b181481f74bbefde9700104e1515f9af566
llr40v10-qwen38-fortran,c,fortran,tsvc_2_s231,621385,621385,llr40v10-qwen38-fortran.n0.p18.w18,1,34.204850,1024754220.000000,29229375.000000,0.000000,graded_attempt,sources/llr40v10-qwen38-fortran/tsvc_2_s231/621385.621385.llr40v10-qwen38-fortran.n0.p18.w18/candidate_01_submission.txt,fbe2bd3e4e8d9d6207fbe60bde6596ad969b054b214202cf8408e5e44c7b539d
llr40v10-qwen38-fortran,c,fortran,tsvc_2_s231,621020,621020,llr40v10-qwen38-fortran.n0.p18.w18,1,18.457060,1020442433.000000,54635503.000000,0.000000,graded_attempt,sources/llr40v10-qwen38-fortran/tsvc_2_s231/621020.621020.llr40v10-qwen38-fortran.n0.p18.w18/candidate_01_submission.txt,baf87893671545904d361ac4057201475df109786867b72570a32d1f48f64244
llr40v10-qwen38-fortran,numba,fortran,tsvc_2_s231,621728,621728,llr40v10-qwen38-fortran.n0.p18.w18,1,1.000000,27272114.000000,20315958.000000,0.000000,graded_attempt,sources/llr40v10-qwen38-fortran/tsvc_2_s231/621728.621728.llr40v10-qwen38-fortran.n0.p18.w18/candidate_01_submission.txt,a5034273b90e5c32b11e69a1192a2c28afa3ebf71f914ec90028f1c8638b0fbd
llr40v10-qwen38-fortran-skills,numba,fortran,tsvc_2_s231,621028,621028,llr40v10-qwen38-fortran-skills.n0.p18.w18,1,2.261271,27027713.000000,11778118.000000,0.000000,graded_attempt,sources/llr40v10-qwen38-fortran-skills/tsvc_2_s231/621028.621028.llr40v10-qwen38-fortran-skills.n0.p18.w18/candidate_01_submission.txt,7ef3549a7e13e9edbccf5c3c065b05ad5a0cce954f6a56a68f8c855a257ff9fc
llr40v11-kimi27sglang-c-skills,numba,c,tsvc_2_s231,625537,625537,llr40v11-kimi27sglang-c-skills.n0.p18.w18,1,1.580459,26906677.000000,17267013.000000,0.000000,graded_attempt,sources/llr40v11-kimi27sglang-c-skills/tsvc_2_s231/625537.625537.llr40v11-kimi27sglang-c-skills.n0.p18.w18/candidate_01_submission.txt,1e14baffc826fe07699e4f39488071dcb853c98918d38f0e7a562a55c163076d
llr40v11-kimi27sglang-fortran,numba,fortran,tsvc_2_s231,625541,625541,llr40v11-kimi27sglang-fortran.n0.p18.w18,1,2.238882,27413718.000000,12102533.000000,0.000000,graded_attempt,sources/llr40v11-kimi27sglang-fortran/tsvc_2_s231/625541.625541.llr40v11-kimi27sglang-fortran.n0.p18.w18/candidate_01_submission.txt,f29a5aa7388e83053d0b6ec2e894cc481a95dc97be9b57348cee05c8bda40c0b
llr40v11-kimi27sglang-fortran-skills,numba,fortran,tsvc_2_s231,625545,625545,llr40v11-kimi27sglang-fortran-skills.n0.p18.w18,2,2.424389,27471976.000000,11187985.000000,0.000000,graded_attempt,sources/llr40v11-kimi27sglang-fortran-skills/tsvc_2_s231/625545.625545.llr40v11-kimi27sglang-fortran-skills.n0.p18.w18/candidate_02_submission.txt,c4850cd86102571aaa1b1582168560593ff2787a989dff62ef78db4e53f27967
llr40v11-kimi27sglang-fortran-skills,numba,fortran,tsvc_2_s231,625545,625545,llr40v11-kimi27sglang-fortran-skills.n0.p18.w18,1,2.306723,27471976.000000,11585156.000000,0.000000,graded_attempt,sources/llr40v11-kimi27sglang-fortran-skills/tsvc_2_s231/625545.625545.llr40v11-kimi27sglang-fortran-skills.n0.p18.w18/candidate_01_submission.txt,df8845dfdac11eff9d4d7a4bba6ac4d3416b83312053dbac532b32b489b71d94
llr40v11-oss120b-c,numba,c,tsvc_2_s231,625531,625531,llr40v11-oss120b-c.n0.p18.w18,1,1.000000,26603761.000000,24839567.000000,0.000000,graded_attempt,sources/llr40v11-oss120b-c/tsvc_2_s231/625531.625531.llr40v11-oss120b-c.n0.p18.w18/candidate_01_submission.txt,d95dfbbc01d1910d3d75e55fe20c026c5e38ab6fe6fdb2449e4c872e5b09c728
llr40v11-oss120b-fortran-skills,numba,fortran,tsvc_2_s231,625543,625543,llr40v11-oss120b-fortran-skills.n0.p18.w18,1,1.853212,20682784.000000,11057742.000000,0.000000,graded_attempt,sources/llr40v11-oss120b-fortran-skills/tsvc_2_s231/625543.625543.llr40v11-oss120b-fortran-skills.n0.p18.w18/candidate_01_submission.txt,485bf2416701acaa81ebfce699c645bd7513ad33994c17803fdd317b550dd7f8
llr40v11-qwen38-c,numba,c,tsvc_2_s231,625532,625532,llr40v11-qwen38-c.n0.p18.w18,1,2.306723,25435762.000000,11417633.000000,0.000000,graded_attempt,sources/llr40v11-qwen38-c/tsvc_2_s231/625532.625532.llr40v11-qwen38-c.n0.p18.w18/candidate_01_submission.txt,7b87cfe000a34132cd6126c90819c53f1e5c24888ed896e0545bfce61b97f5c7
llr40v11-qwen38-c-skills,numba,c,tsvc_2_s231,625536,625536,llr40v11-qwen38-c-skills.n0.p18.w18,2,2.261271,25831702.000000,11310673.000000,0.000000,graded_attempt,sources/llr40v11-qwen38-c-skills/tsvc_2_s231/625536.625536.llr40v11-qwen38-c-skills.n0.p18.w18/candidate_02_submission.txt,1ff5ecc36e44387b3c0c954e290c60d5d8d7a9f8fbd528d1dc5b7e7eaa0869d6
llr40v11-qwen38-c-skills,numba,c,tsvc_2_s231,625536,625536,llr40v11-qwen38-c-skills.n0.p18.w18,1,1.628348,25831702.000000,15254434.000000,0.000000,graded_attempt,sources/llr40v11-qwen38-c-skills/tsvc_2_s231/625536.625536.llr40v11-qwen38-c-skills.n0.p18.w18/candidate_01_submission.txt,aa6b7e236f3d46c2d80f705ad856f41edf1438f7a616dbf858d8c5be261d6c57
llr40v11-qwen38-fortran,numba,fortran,tsvc_2_s231,625540,625540,llr40v11-qwen38-fortran.n0.p18.w18,1,1.244716,27174326.000000,20109996.000000,0.000000,graded_attempt,sources/llr40v11-qwen38-fortran/tsvc_2_s231/625540.625540.llr40v11-qwen38-fortran.n0.p18.w18/candidate_01_submission.txt,fe4c62e0be2fa1fd287fa408e3e232100cfd72447dc254af178cfd35dacd4d52
v11w2-kimi27sglang-c,numba,c,tsvc_2_s231,626367,626367,v11w2-kimi27sglang-c.n0.p3.w3,1,2.424389,27660391.000000,11434442.000000,0.000000,graded_attempt,sources/v11w2-kimi27sglang-c/tsvc_2_s231/626367.626367.v11w2-kimi27sglang-c.n0.p3.w3/candidate_01_submission.txt,4475ef08c09210034aef1269dc8a2ec2b39295fc501ed36ab76676802e228492
v11w2-oss120b-c-skills,numba,c,tsvc_2_s231,626364,626364,v11w2-oss120b-c-skills.n0.p4.w4,1,1.474123,21684492.000000,14568374.000000,0.000000,graded_attempt,sources/v11w2-oss120b-c-skills/tsvc_2_s231/626364.626364.v11w2-oss120b-c-skills.n0.p4.w4/candidate_01_submission.txt,8103ae970688258eb8e7c7536ea439f0fd6077f441ad05283dee80b937042eba
v11w2-oss120b-fortran,numba,fortran,tsvc_2_s231,626369,626369,v11w2-oss120b-fortran.n0.p7.w7,1,1.000000,27526739.000000,43847248.000000,0.000000,graded_attempt,sources/v11w2-oss120b-fortran/tsvc_2_s231/626369.626369.v11w2-oss120b-fortran.n0.p7.w7/candidate_01_submission.txt,7a338194d700bd75c3000a55269d3755c4b2f2110bf8f702f18e05b53722ca88
v11w2-qwen38-fortran-skills,numba,fortran,tsvc_2_s231,626372,626372,v11w2-qwen38-fortran-skills.n0.p6.w6,2,1.909366,20728881.000000,11417999.000000,0.000000,graded_attempt,sources/v11w2-qwen38-fortran-skills/tsvc_2_s231/626372.626372.v11w2-qwen38-fortran-skills.n0.p6.w6/candidate_02_submission.txt,156ac0db602ec663dce035b8445286898ec026d41f40d917b3acad65500019ad
v11w2-qwen38-fortran-skills,numba,fortran,tsvc_2_s231,626372,626372,v11w2-qwen38-fortran-skills.n0.p6.w6,1,1.853212,20728881.000000,11448249.000000,0.000000,graded_attempt,sources/v11w2-qwen38-fortran-skills/tsvc_2_s231/626372.626372.v11w2-qwen38-fortran-skills.n0.p6.w6/candidate_01_submission.txt,edf7286e6f363ae853dd947ad03343c2f0feb0f36b81b31e3df0dfce1776c5c6
gpuv2-llr40-oss120b-hip,numba,hip,tsvc_2_s233,627167,627167,gpuv2-llr40-oss120b-hip.n0.p19.w19,1,155.216007,1239662879.000000,8050418.000000,0.000000,graded_attempt,sources/gpuv2-llr40-oss120b-hip/tsvc_2_s233/627167.627167.gpuv2-llr40-oss120b-hip.n0.p19.w19/candidate_01_submission.txt,a40c64d257d7b4307960d39653d98ac7bb3697d584e5c04e3b40bef7b6737675
gpuv2-llr40-oss120b-hip-skills,numba,hip,tsvc_2_s233,627168,627168,gpuv2-llr40-oss120b-hip-skills.n0.p19.w19,1,156.768167,1223139801.000000,8044112.000000,0.000000,graded_attempt,sources/gpuv2-llr40-oss120b-hip-skills/tsvc_2_s233/627168.627168.gpuv2-llr40-oss120b-hip-skills.n0.p19.w19/candidate_01_submission.txt,f3fef17f1109fc0207e572197cff543dbc41b047624084a84ea76b6a14938a07
gpuv2-llr40-oss120b-omp,numba,c,tsvc_2_s233,627173,627173,gpuv2-llr40-oss120b-omp.n0.p19.w19,1,1.374941,1218906846.000000,884043855.000000,0.000000,graded_attempt,sources/gpuv2-llr40-oss120b-omp/tsvc_2_s233/627173.627173.gpuv2-llr40-oss120b-omp.n0.p19.w19/candidate_01_submission.txt,1f0a7330fb59c29c5e291f3b40991f549d7ea26d78c8f005f2d91776dfe47ece
gpuv2-llr40-oss120b-omp-skills,numba,c,tsvc_2_s233,627174,627174,gpuv2-llr40-oss120b-omp-skills.n0.p19.w19,1,24.387146,1195204016.000000,49933129.000000,0.000000,graded_attempt,sources/gpuv2-llr40-oss120b-omp-skills/tsvc_2_s233/627174.627174.gpuv2-llr40-oss120b-omp-skills.n0.p19.w19/candidate_01_submission.txt,c8cb3d019a2d58ace53ce7c167871e7694f01c84f0873f3f0055a44a75b6c60f
gpuv2-llr40-qwen38-hip,numba,hip,tsvc_2_s233,627017,627017,gpuv2-llr40-qwen38-hip.n0.p19.w19,1,650.450621,1120987444.000000,1513229.000000,0.000000,graded_attempt,sources/gpuv2-llr40-qwen38-hip/tsvc_2_s233/627017.627017.gpuv2-llr40-qwen38-hip.n0.p19.w19/candidate_01_submission.txt,878fd3dfb805c49565b9fb23befc21ef1d2b900f4448f23009d707a0e13332fc
gpuv2-llr40-qwen38-hip,numba,hip,tsvc_2_s233,626645,626645,gpuv2-llr40-qwen38-hip.n0.p19.w19,1,158.335849,1217992107.000000,7792428.000000,0.000000,graded_attempt,sources/gpuv2-llr40-qwen38-hip/tsvc_2_s233/626645.626645.gpuv2-llr40-qwen38-hip.n0.p19.w19/candidate_01_submission.txt,d2826382bfa4c0f559e6dae515654df4fe9e8a3e371b984e564ed7c06575d1b5
gpuv2-llr40-qwen38-omp,numba,c,tsvc_2_s233,626556,626556,gpuv2-llr40-qwen38-omp.n0.p19.w19,1,146.220500,1272206977.000000,8829809.000000,0.000000,graded_attempt,sources/gpuv2-llr40-qwen38-omp/tsvc_2_s233/626556.626556.gpuv2-llr40-qwen38-omp.n0.p19.w19/candidate_01_submission.txt,7cee160d8d23dd9f2400c6ec0bd5af7ee904d8a3da03489bce6e0da68af98608
gpuv2-llr40-qwen38-omp,numba,c,tsvc_2_s233,627077,627077,gpuv2-llr40-qwen38-omp.n0.p19.w19,1,141.920177,1232974471.000000,8707230.000000,0.000000,graded_attempt,sources/gpuv2-llr40-qwen38-omp/tsvc_2_s233/627077.627077.gpuv2-llr40-qwen38-omp.n0.p19.w19/candidate_01_submission.txt,82831404a0f3cdb78665f7a790875040b026e7c37795ad15c5e28ea421eeecaf
gpuv4-llr40-oss120b-pytriton,numba,python,tsvc_2_s233,627175,627175,gpuv4-llr40-oss120b-pytriton.n0.p19.w19,1,1.928460,1289503095.000000,701927829.000000,0.000000,graded_attempt,sources/gpuv4-llr40-oss120b-pytriton/tsvc_2_s233/627175.627175.gpuv4-llr40-oss120b-pytriton.n0.p19.w19/candidate_01_submission.txt,74b98d3b111b59de2b85f2989177ca5e7da8ddf2ca455b9ff85a35d03aff3d96
gpuv4-llr40-oss120b-pytriton-skills,numba,python,tsvc_2_s233,627176,627176,gpuv4-llr40-oss120b-pytriton-skills.n0.p19.w19,1,1.445076,1251892016.000000,909679524.000000,0.000000,graded_attempt,sources/gpuv4-llr40-oss120b-pytriton-skills/tsvc_2_s233/627176.627176.gpuv4-llr40-oss120b-pytriton-skills.n0.p19.w19/candidate_01_submission.txt,34010acc5135bbb83b364ee4567781fc690a834c8337a4b53755b9c4780058e0
gpuv4-llr40-qwen38-pytriton,numba,python,tsvc_2_s233,627019,627019,gpuv4-llr40-qwen38-pytriton.n0.p19.w19,1,65.962691,1237014294.000000,18790607.000000,0.000000,graded_attempt,sources/gpuv4-llr40-qwen38-pytriton/tsvc_2_s233/627019.627019.gpuv4-llr40-qwen38-pytriton.n0.p19.w19/candidate_01_submission.txt,0c19e4b9c5ee0575449b386e7440fc8ed1611c3cb7539b389aeea04df0de4d90
gpuv4-llr40-qwen38-pytriton,numba,python,tsvc_2_s233,626557,626557,gpuv4-llr40-qwen38-pytriton.n0.p19.w19,1,56.254385,1277070202.000000,21910444.000000,0.000000,graded_attempt,sources/gpuv4-llr40-qwen38-pytriton/tsvc_2_s233/626557.626557.gpuv4-llr40-qwen38-pytriton.n0.p19.w19/candidate_01_submission.txt,3297f81567a62942d317f6bc2126e984b736f167c1a81bec9a6f7b6604d43e88
gpuv4-llr40-qwen38-pytriton,numba,python,tsvc_2_s233,626523,626523,gpuv4-llr40-qwen38-pytriton.n0.p19.w19,2,47.974936,1249377132.000000,22781128.000000,0.000000,graded_attempt,sources/gpuv4-llr40-qwen38-pytriton/tsvc_2_s233/626523.626523.gpuv4-llr40-qwen38-pytriton.n0.p19.w19/candidate_02_submission.txt,d8318752003d6d50cf321d3de3d68a81a81c71f93fbceda8ee908ac44b74d6ae
gpuv4-llr40-qwen38-pytriton,numba,python,tsvc_2_s233,626523,626523,gpuv4-llr40-qwen38-pytriton.n0.p19.w19,1,29.170624,1249377132.000000,41428712.000000,0.000000,graded_attempt,sources/gpuv4-llr40-qwen38-pytriton/tsvc_2_s233/626523.626523.gpuv4-llr40-qwen38-pytriton.n0.p19.w19/candidate_01_submission.txt,8540ff920065a614554135e9bdb9e48cdf2d6efcd391be9dccca6d7a0d264af4
gpuv4-llr40-qwen38-pytriton,numba,python,tsvc_2_s233,627230,627230,gpuv4-llr40-qwen38-pytriton.n0.p19.w19,2,27.754847,1086905617.000000,37873940.000000,0.000000,graded_attempt,sources/gpuv4-llr40-qwen38-pytriton/tsvc_2_s233/627230.627230.gpuv4-llr40-qwen38-pytriton.n0.p19.w19/candidate_01_submission.txt,bef31c7d05e37e9957673960022e040ad797cd8630ab04b2adf5d8664159911b
gpuv4-llr40-qwen38-pytriton,numba,python,tsvc_2_s233,627230,627230,gpuv4-llr40-qwen38-pytriton.n0.p19.w19,1,27.207967,1086905617.000000,37819968.000000,0.000000,graded_attempt,sources/gpuv4-llr40-qwen38-pytriton/tsvc_2_s233/627230.627230.gpuv4-llr40-qwen38-pytriton.n0.p19.w19/candidate_01_submission.txt,bef31c7d05e37e9957673960022e040ad797cd8630ab04b2adf5d8664159911b
gpuv4-llr40-qwen38-pytriton-skills,numba,python,tsvc_2_s233,627231,627231,gpuv4-llr40-qwen38-pytriton-skills.n0.p19.w19,3,47.974936,1048301789.000000,22081767.000000,0.000000,graded_attempt,sources/gpuv4-llr40-qwen38-pytriton-skills/tsvc_2_s233/627231.627231.gpuv4-llr40-qwen38-pytriton-skills.n0.p19.w19/candidate_03_submission.txt,b9ea3111281aff549f9c832367b316e7c64fd7168d28fa66c9f0af8965df0e92
gpuv4-llr40-qwen38-pytriton-skills,numba,python,tsvc_2_s233,627231,627231,gpuv4-llr40-qwen38-pytriton-skills.n0.p19.w19,2,1.503752,1048301789.000000,719576686.000000,0.000000,graded_attempt,sources/gpuv4-llr40-qwen38-pytriton-skills/tsvc_2_s233/627231.627231.gpuv4-llr40-qwen38-pytriton-skills.n0.p19.w19/candidate_01_submission.txt,bb737ae78e5fdbbaecdf0d38a635451a201a84cdb43448396bc6259e6c08d52c
gpuv4-llr40-qwen38-pytriton-skills,numba,python,tsvc_2_s233,627231,627231,gpuv4-llr40-qwen38-pytriton-skills.n0.p19.w19,1,1.488864,1048301789.000000,730376794.000000,0.000000,graded_attempt,sources/gpuv4-llr40-qwen38-pytriton-skills/tsvc_2_s233/627231.627231.gpuv4-llr40-qwen38-pytriton-skills.n0.p19.w19/candidate_01_submission.txt,bb737ae78e5fdbbaecdf0d38a635451a201a84cdb43448396bc6259e6c08d52c
llr40v10-kimi27sglang-c,c,c,tsvc_2_s233,621017,621017,llr40v10-kimi27sglang-c.n0.p19.w19,7,46.102970,770585235.000000,16324930.000000,0.000000,graded_attempt,sources/llr40v10-kimi27sglang-c/tsvc_2_s233/621017.621017.llr40v10-kimi27sglang-c.n0.p19.w19/candidate_07_submission.txt,56a45ebbbec82e0bbd9923975e57bb20e3623d8876ca0f9857b2540c85bfe8bc
llr40v10-kimi27sglang-c,c,c,tsvc_2_s233,621017,621017,llr40v10-kimi27sglang-c.n0.p19.w19,6,45.194560,771442334.000000,16467320.000000,0.000000,graded_attempt,sources/llr40v10-kimi27sglang-c/tsvc_2_s233/621017.621017.llr40v10-kimi27sglang-c.n0.p19.w19/candidate_06_submission.txt,18cf8068d42e5bf944744edbb5b70d7539c15cef7835536859bdbd6b4e0e8309
llr40v10-kimi27sglang-c,c,c,tsvc_2_s233,621017,621017,llr40v10-kimi27sglang-c.n0.p19.w19,5,44.304048,745991087.000000,16418240.000000,0.000000,graded_attempt,sources/llr40v10-kimi27sglang-c/tsvc_2_s233/621017.621017.llr40v10-kimi27sglang-c.n0.p19.w19/candidate_05_submission.txt,c01b5bcaef5efc77701ec03b9fe4474aabe8e6f076e61fdfdabe7ea6bac4d9ea
llr40v10-kimi27sglang-c,c,c,tsvc_2_s233,621017,621017,llr40v10-kimi27sglang-c.n0.p19.w19,2,43.431083,768253021.000000,17099766.000000,0.000000,graded_attempt,sources/llr40v10-kimi27sglang-c/tsvc_2_s233/621017.621017.llr40v10-kimi27sglang-c.n0.p19.w19/candidate_02_submission.txt,3c14da893bc9553e08ac6a49711629f94e1b06134f3e4237babc49979408295e
llr40v10-kimi27sglang-c,c,c,tsvc_2_s233,621017,621017,llr40v10-kimi27sglang-c.n0.p19.w19,4,43.431083,743979743.000000,16446640.000000,0.000000,graded_attempt,sources/llr40v10-kimi27sglang-c/tsvc_2_s233/621017.621017.llr40v10-kimi27sglang-c.n0.p19.w19/candidate_04_submission.txt,1d6fe4205da7a3b3cf899ef7ba9ae94867355975d82c21e194881be4426f00fd
llr40v10-kimi27sglang-c,c,c,tsvc_2_s233,621017,621017,llr40v10-kimi27sglang-c.n0.p19.w19,3,43.001073,744019079.000000,16805703.000000,0.000000,graded_attempt,sources/llr40v10-kimi27sglang-c/tsvc_2_s233/621017.621017.llr40v10-kimi27sglang-c.n0.p19.w19/candidate_03_submission.txt,34a989c7ae84225909b9b4e13825695fee33371f2a83b9eeafe63a4141d35d76
llr40v10-kimi27sglang-c,c,c,tsvc_2_s233,621017,621017,llr40v10-kimi27sglang-c.n0.p19.w19,1,39.710769,773446169.000000,19209136.000000,0.000000,graded_attempt,sources/llr40v10-kimi27sglang-c/tsvc_2_s233/621017.621017.llr40v10-kimi27sglang-c.n0.p19.w19/candidate_01_submission.txt,ab255ca54d62d6cbdf3548a460afd911fea5a8942373d0b0d69f71f44db5f8f7
llr40v10-kimi27sglang-c,numba,c,tsvc_2_s233,621729,621729,llr40v10-kimi27sglang-c.n0.p19.w19,1,26.671863,1134198711.000000,38308979.000000,0.000000,graded_attempt,sources/llr40v10-kimi27sglang-c/tsvc_2_s233/621729.621729.llr40v10-kimi27sglang-c.n0.p19.w19/candidate_01_submission.txt,03b335e9e4177e0564e38604d42f4479da42ac3d3d4487d59d4f6c13b78d5207
llr40v10-kimi27sglang-c-skills,numba,c,tsvc_2_s233,621025,621025,llr40v10-kimi27sglang-c-skills.n0.p19.w19,3,84.592665,1254870824.000000,15054951.000000,0.000000,graded_attempt,sources/llr40v10-kimi27sglang-c-skills/tsvc_2_s233/621025.621025.llr40v10-kimi27sglang-c-skills.n0.p19.w19/candidate_03_submission.txt,4982680f55fe9b18466ca5da1a36c50ba0bb3eccf07c535abc2f36e6040276fe
llr40v10-kimi27sglang-c-skills,numba,c,tsvc_2_s233,621025,621025,llr40v10-kimi27sglang-c-skills.n0.p19.w19,4,84.592665,1254870824.000000,15166541.000000,0.000000,graded_attempt,sources/llr40v10-kimi27sglang-c-skills/tsvc_2_s233/621025.621025.llr40v10-kimi27sglang-c-skills.n0.p19.w19/candidate_03_submission.txt,4982680f55fe9b18466ca5da1a36c50ba0bb3eccf07c535abc2f36e6040276fe
llr40v10-kimi27sglang-c-skills,numba,c,tsvc_2_s233,621025,621025,llr40v10-kimi27sglang-c-skills.n0.p19.w19,2,82.104807,1254870824.000000,15100620.000000,0.000000,graded_attempt,sources/llr40v10-kimi27sglang-c-skills/tsvc_2_s233/621025.621025.llr40v10-kimi27sglang-c-skills.n0.p19.w19/candidate_02_submission.txt,911707e8bf732471c2bb4572fcdc255c492531fe0de81a88da88334b03f70806
llr40v10-kimi27sglang-c-skills,numba,c,tsvc_2_s233,621025,621025,llr40v10-kimi27sglang-c-skills.n0.p19.w19,1,42.153782,1254870824.000000,29183761.000000,0.000000,graded_attempt,sources/llr40v10-kimi27sglang-c-skills/tsvc_2_s233/621025.621025.llr40v10-kimi27sglang-c-skills.n0.p19.w19/candidate_01_submission.txt,1dab0ce38b045848e177ff857efe19a2d28724302d1ffa16927ef077f13a54e5
llr40v10-kimi27sglang-fortran,numba,fortran,tsvc_2_s233,621731,621731,llr40v10-kimi27sglang-fortran.n0.p19.w19,5,60.915438,1191633243.000000,19339229.000000,0.000000,graded_attempt,sources/llr40v10-kimi27sglang-fortran/tsvc_2_s233/621731.621731.llr40v10-kimi27sglang-fortran.n0.p19.w19/candidate_05_submission.txt,2a125fb35df16d41a2065d7c7adb2a0dbf97f5c6696042469dc9fbb5271e71af
llr40v10-kimi27sglang-fortran,numba,fortran,tsvc_2_s233,621731,621731,llr40v10-kimi27sglang-fortran.n0.p19.w19,6,56.816929,1191633243.000000,16611549.000000,0.000000,graded_attempt,sources/llr40v10-kimi27sglang-fortran/tsvc_2_s233/621731.621731.llr40v10-kimi27sglang-fortran.n0.p19.w19/candidate_06_submission.txt,0a6a0ec5b2ac6cc624436fa2727fa3d66bdcd9750658a70ec394c617797dd30e
llr40v10-kimi27sglang-fortran,numba,fortran,tsvc_2_s233,621731,621731,llr40v10-kimi27sglang-fortran.n0.p19.w19,4,29.462330,1191633243.000000,40365006.000000,0.000000,graded_attempt,sources/llr40v10-kimi27sglang-fortran/tsvc_2_s233/621731.621731.llr40v10-kimi27sglang-fortran.n0.p19.w19/candidate_04_submission.txt,176ea7441c769496c1c150fcba82c61988af2000dac6d57da5a2c6a1eda1680a
llr40v10-kimi27sglang-fortran,numba,fortran,tsvc_2_s233,621731,621731,llr40v10-kimi27sglang-fortran.n0.p19.w19,3,17.387385,1191633243.000000,66949168.000000,0.000000,graded_attempt,sources/llr40v10-kimi27sglang-fortran/tsvc_2_s233/621731.621731.llr40v10-kimi27sglang-fortran.n0.p19.w19/candidate_03_submission.txt,44664ed8f8ff208dde2f840aa28d11cdd520e1ca1d258e50c05ed8e99e96a8f9
llr40v10-kimi27sglang-fortran,numba,fortran,tsvc_2_s233,621731,621731,llr40v10-kimi27sglang-fortran.n0.p19.w19,2,12.900100,1191633243.000000,92345969.000000,0.000000,graded_attempt,sources/llr40v10-kimi27sglang-fortran/tsvc_2_s233/621731.621731.llr40v10-kimi27sglang-fortran.n0.p19.w19/candidate_02_submission.txt,a55ddf0cc12ad16c97107516ce9c5befe9761724ae10a4cc7bed81247d20684e
llr40v10-kimi27sglang-fortran,numba,fortran,tsvc_2_s233,621731,621731,llr40v10-kimi27sglang-fortran.n0.p19.w19,1,2.786772,1191633243.000000,346341228.000000,0.000000,graded_attempt,sources/llr40v10-kimi27sglang-fortran/tsvc_2_s233/621731.621731.llr40v10-kimi27sglang-fortran.n0.p19.w19/candidate_01_submission.txt,38a2312d73e9a0c2efd68c9d073cd7bb542d4034fb8bb0876a473300d62905d8
llr40v10-kimi27sglang-fortran-skills,numba,fortran,tsvc_2_s233,621029,621029,llr40v10-kimi27sglang-fortran-skills.n0.p19.w19,5,55.145951,1204439779.000000,21617570.000000,0.000000,graded_attempt,sources/llr40v10-kimi27sglang-fortran-skills/tsvc_2_s233/621029.621029.llr40v10-kimi27sglang-fortran-skills.n0.p19.w19/candidate_05_submission.txt,066d72f29ddb1f201d496504558dff333ac41b2f12e014cb5feb7dbe458ca7fb
llr40v10-kimi27sglang-fortran-skills,numba,fortran,tsvc_2_s233,621029,621029,llr40v10-kimi27sglang-fortran-skills.n0.p19.w19,6,54.599952,1204439779.000000,21574912.000000,0.000000,graded_attempt,sources/llr40v10-kimi27sglang-fortran-skills/tsvc_2_s233/621029.621029.llr40v10-kimi27sglang-fortran-skills.n0.p19.w19/candidate_06_submission.txt,55916d603b0dbc3cc31bb704d615da13bc8e24ba6a0abca7255290152ec9829d
llr40v10-kimi27sglang-fortran-skills,numba,fortran,tsvc_2_s233,621029,621029,llr40v10-kimi27sglang-fortran-skills.n0.p19.w19,4,43.001073,1204439779.000000,27519710.000000,0.000000,graded_attempt,sources/llr40v10-kimi27sglang-fortran-skills/tsvc_2_s233/621029.621029.llr40v10-kimi27sglang-fortran-skills.n0.p19.w19/candidate_04_submission.txt,e0ace2b089a0c6fa0eb68ec1d57d86b4c36b6faf9bf196dec75b370627f9acb9
llr40v10-kimi27sglang-fortran-skills,numba,fortran,tsvc_2_s233,621029,621029,llr40v10-kimi27sglang-fortran-skills.n0.p19.w19,2,42.153782,1204439779.000000,28219887.000000,0.000000,graded_attempt,sources/llr40v10-kimi27sglang-fortran-skills/tsvc_2_s233/621029.621029.llr40v10-kimi27sglang-fortran-skills.n0.p19.w19/candidate_02_submission.txt,b57dd38fb59c847f03e09aa5907b46d6e91593857eda69db14e17c1b2b4e3d4e
llr40v10-kimi27sglang-fortran-skills,numba,fortran,tsvc_2_s233,621029,621029,llr40v10-kimi27sglang-fortran-skills.n0.p19.w19,3,40.508956,1204439779.000000,29104443.000000,0.000000,graded_attempt,sources/llr40v10-kimi27sglang-fortran-skills/tsvc_2_s233/621029.621029.llr40v10-kimi27sglang-fortran-skills.n0.p19.w19/candidate_03_submission.txt,b07f66c03472877d30fb91bae2618da1f4a1c28bde9a1f5db64989cfd3ff592c
llr40v10-kimi27sglang-fortran-skills,numba,fortran,tsvc_2_s233,621029,621029,llr40v10-kimi27sglang-fortran-skills.n0.p19.w19,1,17.044785,1204439779.000000,69897824.000000,0.000000,graded_attempt,sources/llr40v10-kimi27sglang-fortran-skills/tsvc_2_s233/621029.621029.llr40v10-kimi27sglang-fortran-skills.n0.p19.w19/candidate_01_submission.txt,577120542a16b495a77c6142bdf65fb384b329c8a0c6cf754963cb2c1ed50ffd
llr40v10-oss120b-c,c,c,tsvc_2_s233,621382,621382,llr40v10-oss120b-c.n0.p19.w19,1,30.355068,750567554.000000,21994580.000000,0.000000,graded_attempt,sources/llr40v10-oss120b-c/tsvc_2_s233/621382.621382.llr40v10-oss120b-c.n0.p19.w19/candidate_01_submission.txt,99a28d37a8f1f9d87a177119bd777199c4120cdb9308331f1a6bc41c23f68b74
llr40v10-oss120b-c-skills,numba,c,tsvc_2_s233,621023,621023,llr40v10-oss120b-c-skills.n0.p19.w19,1,29.462330,1135015819.000000,39240832.000000,0.000000,graded_attempt,sources/llr40v10-oss120b-c-skills/tsvc_2_s233/621023.621023.llr40v10-oss120b-c-skills.n0.p19.w19/candidate_01_submission.txt,ea815cef75e4f6651784446e662da83972315d254995955346eb93e883910d55
llr40v10-oss120b-fortran,c,fortran,tsvc_2_s233,621384,621384,llr40v10-oss120b-fortran.n0.p19.w19,1,29.756953,769527108.000000,24544548.000000,0.000000,graded_attempt,sources/llr40v10-oss120b-fortran/tsvc_2_s233/621384.621384.llr40v10-oss120b-fortran.n0.p19.w19/candidate_01_submission.txt,e75d60850260a9258b594b36e8b690e109ebcd815686375a5b655174e1509319
llr40v10-oss120b-fortran,c,fortran,tsvc_2_s233,621019,621019,llr40v10-oss120b-fortran.n0.p19.w19,1,23.203533,742885432.000000,30026475.000000,0.000000,graded_attempt,sources/llr40v10-oss120b-fortran/tsvc_2_s233/621019.621019.llr40v10-oss120b-fortran.n0.p19.w19/candidate_01_submission.txt,8331e18e795392b393ab3072388bbfbce544b74a15c334d41662b4fe56c4d5a0
llr40v10-oss120b-fortran-skills,numba,fortran,tsvc_2_s233,621027,621027,llr40v10-oss120b-fortran-skills.n0.p19.w19,1,12.772376,1256994689.000000,88408749.000000,0.000000,graded_attempt,sources/llr40v10-oss120b-fortran-skills/tsvc_2_s233/621027.621027.llr40v10-oss120b-fortran-skills.n0.p19.w19/candidate_01_submission.txt,49ec8451fe9101543aa882dca44855e96395a118a8e8e70023a6f3e71768c945
llr40v10-qwen38-c,numba,c,tsvc_2_s233,621727,621727,llr40v10-qwen38-c.n0.p19.w19,2,98.209458,1084015405.000000,10405130.000000,0.000000,graded_attempt,sources/llr40v10-qwen38-c/tsvc_2_s233/621727.621727.llr40v10-qwen38-c.n0.p19.w19/candidate_02_submission.txt,d6cf9370c2ede874c761feff8d79615a8dda0ec4a328af75e29028833eb01505
llr40v10-qwen38-c,numba,c,tsvc_2_s233,622265,622265,llr40v10-qwen38-c.n0.p19.w19,2,85.438592,1250687708.000000,14728373.000000,0.000000,graded_attempt,sources/llr40v10-qwen38-c/tsvc_2_s233/622265.622265.llr40v10-qwen38-c.n0.p19.w19/candidate_02_submission.txt,aa6296fb898ff55d0ce32635e873473bb8e93c995255697933150ca285924ead
llr40v10-qwen38-c,numba,c,tsvc_2_s233,621727,621727,llr40v10-qwen38-c.n0.p19.w19,1,75.071695,1084015405.000000,13944978.000000,0.000000,graded_attempt,sources/llr40v10-qwen38-c/tsvc_2_s233/621727.621727.llr40v10-qwen38-c.n0.p19.w19/candidate_01_submission.txt,5179b85fb41f95d21b8d4768329336440ef5d03ee515dfe5e39244b50f405684
llr40v10-qwen38-c,numba,c,tsvc_2_s233,622265,622265,llr40v10-qwen38-c.n0.p19.w19,1,70.720933,1250687708.000000,17647588.000000,0.000000,graded_attempt,sources/llr40v10-qwen38-c/tsvc_2_s233/622265.622265.llr40v10-qwen38-c.n0.p19.w19/candidate_01_submission.txt,1d4e8d81b3bf3bdd063e8202e2fdca76177a067c7c3064fe8f1936ce45de0595
llr40v10-qwen38-c,c,c,tsvc_2_s233,621383,621383,llr40v10-qwen38-c.n0.p19.w19,1,40.508956,769660270.000000,18188235.000000,0.000000,graded_attempt,sources/llr40v10-qwen38-c/tsvc_2_s233/621383.621383.llr40v10-qwen38-c.n0.p19.w19/candidate_01_submission.txt,a76bb06b9a338403406a4c4202c1f23b715d1a5b4ff62dec6e74a203e7a2c948
llr40v10-qwen38-c-skills,numba,c,tsvc_2_s233,621024,621024,llr40v10-qwen38-c-skills.n0.p19.w19,1,58.538539,1199773007.000000,20064532.000000,0.000000,graded_attempt,sources/llr40v10-qwen38-c-skills/tsvc_2_s233/621024.621024.llr40v10-qwen38-c-skills.n0.p19.w19/candidate_01_submission.txt,e924f5ff6cbc6f025a795203eeb15cd6136dbdc48841a8e34c0ac8a446708686
llr40v10-qwen38-fortran-skills,numba,fortran,tsvc_2_s233,621028,621028,llr40v10-qwen38-fortran-skills.n0.p19.w19,1,40.914045,1248780416.000000,27626462.000000,0.000000,graded_attempt,sources/llr40v10-qwen38-fortran-skills/tsvc_2_s233/621028.621028.llr40v10-qwen38-fortran-skills.n0.p19.w19/candidate_01_submission.txt,ced04b0c2c7d343abea8bfa0dd13539e21a5f3ea02382087cee744958140c08f
llr40v11-kimi27sglang-c,numba,c,tsvc_2_s233,625533,625533,llr40v11-kimi27sglang-c.n0.p19.w19,2,67.288541,1080007340.000000,16174846.000000,0.000000,graded_attempt,sources/llr40v11-kimi27sglang-c/tsvc_2_s233/625533.625533.llr40v11-kimi27sglang-c.n0.p19.w19/candidate_02_submission.txt,a0ee353a68aa629ac01c2194896f7d0692ffcaa794aa0e2d97a54760ed7da034
llr40v11-kimi27sglang-c,numba,c,tsvc_2_s233,625533,625533,llr40v11-kimi27sglang-c.n0.p19.w19,3,66.622318,1080007340.000000,16303856.000000,0.000000,graded_attempt,sources/llr40v11-kimi27sglang-c/tsvc_2_s233/625533.625533.llr40v11-kimi27sglang-c.n0.p19.w19/candidate_03_submission.txt,554a5697ee14d1cbdd50fda1e29f3a4ca6c2829b4b8e7954f278acaa2c948fd6
llr40v11-kimi27sglang-c,numba,c,tsvc_2_s233,625533,625533,llr40v11-kimi27sglang-c.n0.p19.w19,1,34.546899,1080007340.000000,31364805.000000,0.000000,graded_attempt,sources/llr40v11-kimi27sglang-c/tsvc_2_s233/625533.625533.llr40v11-kimi27sglang-c.n0.p19.w19/candidate_01_submission.txt,065ab0ce929e0254abda24eb2386eae28037cb9ab2dfed47fd2eb16977e9a1be
llr40v11-kimi27sglang-c-skills,numba,c,tsvc_2_s233,625537,625537,llr40v11-kimi27sglang-c-skills.n0.p19.w19,2,45.194560,1158609951.000000,25260338.000000,0.000000,graded_attempt,sources/llr40v11-kimi27sglang-c-skills/tsvc_2_s233/625537.625537.llr40v11-kimi27sglang-c-skills.n0.p19.w19/candidate_02_submission.txt,1e1cc5b7dd7aec0c709da4c2ed83e283e925fd1c4b332cf44e89ef49e0fc0f5e
llr40v11-kimi27sglang-c-skills,numba,c,tsvc_2_s233,625537,625537,llr40v11-kimi27sglang-c-skills.n0.p19.w19,1,38.928310,1158609951.000000,28886690.000000,0.000000,graded_attempt,sources/llr40v11-kimi27sglang-c-skills/tsvc_2_s233/625537.625537.llr40v11-kimi27sglang-c-skills.n0.p19.w19/candidate_01_submission.txt,5e2f0894887ce078bdbb7b6aa10265667ae15a1b41be26188f20efd71f679cf3
llr40v11-kimi27sglang-fortran,numba,fortran,tsvc_2_s233,625541,625541,llr40v11-kimi27sglang-fortran.n0.p19.w19,3,78.119907,1105846590.000000,14585164.000000,0.000000,graded_attempt,sources/llr40v11-kimi27sglang-fortran/tsvc_2_s233/625541.625541.llr40v11-kimi27sglang-fortran.n0.p19.w19/candidate_03_submission.txt,8f9e0830ac06cac848041a777b15d171041d42dd607c4b50a27e00a717577bf8
llr40v11-kimi27sglang-fortran,numba,fortran,tsvc_2_s233,625541,625541,llr40v11-kimi27sglang-fortran.n0.p19.w19,4,77.346442,1105846590.000000,14445503.000000,0.000000,graded_attempt,sources/llr40v11-kimi27sglang-fortran/tsvc_2_s233/625541.625541.llr40v11-kimi27sglang-fortran.n0.p19.w19/candidate_04_submission.txt,b31b03f125a392f7f1c17e3b3fe20587419305ecf62cc00339dcc3df0b47eee3
llr40v11-kimi27sglang-fortran,numba,fortran,tsvc_2_s233,625541,625541,llr40v11-kimi27sglang-fortran.n0.p19.w19,2,55.697411,1105846590.000000,19948173.000000,0.000000,graded_attempt,sources/llr40v11-kimi27sglang-fortran/tsvc_2_s233/625541.625541.llr40v11-kimi27sglang-fortran.n0.p19.w19/candidate_02_submission.txt,24e516d3f44957f6e48ac312eb3efa68facfd1ceabb6a3c169946af8e5467c75
llr40v11-kimi27sglang-fortran,numba,fortran,tsvc_2_s233,625541,625541,llr40v11-kimi27sglang-fortran.n0.p19.w19,1,8.243872,1105846590.000000,136174299.000000,0.000000,graded_attempt,sources/llr40v11-kimi27sglang-fortran/tsvc_2_s233/625541.625541.llr40v11-kimi27sglang-fortran.n0.p19.w19/candidate_01_submission.txt,580c32441a0b7936ff58d341f670840d713ac603faf3dcc92f320e071ddb9f1c
llr40v11-kimi27sglang-fortran-skills,numba,fortran,tsvc_2_s233,625545,625545,llr40v11-kimi27sglang-fortran-skills.n0.p19.w19,5,72.142423,1166219437.000000,16425357.000000,0.000000,graded_attempt,sources/llr40v11-kimi27sglang-fortran-skills/tsvc_2_s233/625545.625545.llr40v11-kimi27sglang-fortran-skills.n0.p19.w19/candidate_05_submission.txt,04d7a2acc35050f437f3ac8979b0765a9895e9553e9a9974cf648f738ae9b9cb
llr40v11-kimi27sglang-fortran-skills,numba,fortran,tsvc_2_s233,625545,625545,llr40v11-kimi27sglang-fortran-skills.n0.p19.w19,4,71.428142,1166219437.000000,16514230.000000,0.000000,graded_attempt,sources/llr40v11-kimi27sglang-fortran-skills/tsvc_2_s233/625545.625545.llr40v11-kimi27sglang-fortran-skills.n0.p19.w19/candidate_04_submission.txt,e99cfc2772745410b4334f9d917c6868a93bb8e01cf7c791121d677d713b3c4f
llr40v11-kimi27sglang-fortran-skills,numba,fortran,tsvc_2_s233,625545,625545,llr40v11-kimi27sglang-fortran-skills.n0.p19.w19,6,71.428142,1166219437.000000,16534544.000000,0.000000,graded_attempt,sources/llr40v11-kimi27sglang-fortran-skills/tsvc_2_s233/625545.625545.llr40v11-kimi27sglang-fortran-skills.n0.p19.w19/candidate_05_submission.txt,04d7a2acc35050f437f3ac8979b0765a9895e9553e9a9974cf648f738ae9b9cb
llr40v11-kimi27sglang-fortran-skills,numba,fortran,tsvc_2_s233,625545,625545,llr40v11-kimi27sglang-fortran-skills.n0.p19.w19,3,49.922910,1166219437.000000,21996366.000000,0.000000,graded_attempt,sources/llr40v11-kimi27sglang-fortran-skills/tsvc_2_s233/625545.625545.llr40v11-kimi27sglang-fortran-skills.n0.p19.w19/candidate_03_submission.txt,be9f3357a3057682c122c0a09251c9d4236f8226dde90ef383af9303dd7f55fc
llr40v11-kimi27sglang-fortran-skills,numba,fortran,tsvc_2_s233,625545,625545,llr40v11-kimi27sglang-fortran-skills.n0.p19.w19,2,47.499936,1166219437.000000,24611570.000000,0.000000,graded_attempt,sources/llr40v11-kimi27sglang-fortran-skills/tsvc_2_s233/625545.625545.llr40v11-kimi27sglang-fortran-skills.n0.p19.w19/candidate_02_submission.txt,ca28cfbd8733af58c63ee0c77c46c8f231b7691010d35f2990a1ce9e15d9d343
llr40v11-kimi27sglang-fortran-skills,numba,fortran,tsvc_2_s233,625545,625545,llr40v11-kimi27sglang-fortran-skills.n0.p19.w19,1,1.928460,1166219437.000000,586157497.000000,0.000000,graded_attempt,sources/llr40v11-kimi27sglang-fortran-skills/tsvc_2_s233/625545.625545.llr40v11-kimi27sglang-fortran-skills.n0.p19.w19/candidate_01_submission.txt,7338d36eb69d399ba2c4494bbd8b14f1abdefff3c6c56b4e968c95fa42b20908
llr40v11-oss120b-c,numba,c,tsvc_2_s233,625531,625531,llr40v11-oss120b-c.n0.p19.w19,1,13.423895,1215960641.000000,92129200.000000,0.000000,graded_attempt,sources/llr40v11-oss120b-c/tsvc_2_s233/625531.625531.llr40v11-oss120b-c.n0.p19.w19/candidate_01_submission.txt,b6313f83d449340dcfcdcd8226943feebae1420ece65e0758b236c8e8f2014e0
llr40v11-oss120b-c-skills,numba,c,tsvc_2_s233,625535,625535,llr40v11-oss120b-c-skills.n0.p19.w19,1,50.926361,1266039981.000000,24729485.000000,0.000000,graded_attempt,sources/llr40v11-oss120b-c-skills/tsvc_2_s233/625535.625535.llr40v11-oss120b-c-skills.n0.p19.w19/candidate_01_submission.txt,87d69a9edfb4bcf569707c3aef3b1a9e6e13cfdfeac0ac4d028778fb14d4c2fc
llr40v11-oss120b-fortran,numba,fortran,tsvc_2_s233,625539,625539,llr40v11-oss120b-fortran.n0.p19.w19,1,41.323186,1185279158.000000,25106321.000000,0.000000,graded_attempt,sources/llr40v11-oss120b-fortran/tsvc_2_s233/625539.625539.llr40v11-oss120b-fortran.n0.p19.w19/candidate_01_submission.txt,a120c9bff5a1f8b95dcf0c988710c36b0dce7b476d6c839fda1759f392f97c44
llr40v11-qwen38-c-skills,numba,c,tsvc_2_s233,625536,625536,llr40v11-qwen38-c-skills.n0.p19.w19,1,56.816929,1167061619.000000,18250516.000000,0.000000,graded_attempt,sources/llr40v11-qwen38-c-skills/tsvc_2_s233/625536.625536.llr40v11-qwen38-c-skills.n0.p19.w19/candidate_01_submission.txt,08e9835bdd7a44d29acfdde24a8f565094c833bee010d3b28793912af30e366d
llr40v11-qwen38-fortran-skills,numba,fortran,tsvc_2_s233,625544,625544,llr40v11-qwen38-fortran-skills.n0.p19.w19,2,72.142423,1141691421.000000,16304649.000000,0.000000,graded_attempt,sources/llr40v11-qwen38-fortran-skills/tsvc_2_s233/625544.625544.llr40v11-qwen38-fortran-skills.n0.p19.w19/candidate_02_submission.txt,9b006a147cbff4480a71c1021c67a04e219d7127dadfa3be5f86e04f8fd13c81
llr40v11-qwen38-fortran-skills,numba,fortran,tsvc_2_s233,625544,625544,llr40v11-qwen38-fortran-skills.n0.p19.w19,1,1.677689,1141691421.000000,682378603.000000,0.000000,graded_attempt,sources/llr40v11-qwen38-fortran-skills/tsvc_2_s233/625544.625544.llr40v11-qwen38-fortran-skills.n0.p19.w19/candidate_01_submission.txt,00d8637eb29bf2e8e7ed2a3858d45635ae540e758549462d401e3756fd51f7de
v11w2-oss120b-fortran-skills,numba,fortran,tsvc_2_s233,626370,626370,v11w2-oss120b-fortran-skills.n0.p8.w8,1,43.865394,1200916070.000000,25491604.000000,0.000000,graded_attempt,sources/v11w2-oss120b-fortran-skills/tsvc_2_s233/626370.626370.v11w2-oss120b-fortran-skills.n0.p8.w8/candidate_01_submission.txt,1b6bf604fc8dda24290c6e155eab15d90982e4048045c183482fde66852819a2
v11w2-qwen38-c,numba,c,tsvc_2_s233,626365,626365,v11w2-qwen38-c.n0.p5.w5,1,70.020725,1139240701.000000,17117074.000000,0.000000,graded_attempt,sources/v11w2-qwen38-c/tsvc_2_s233/626365.626365.v11w2-qwen38-c.n0.p5.w5/candidate_01_submission.txt,cda3b06b12a4c72207b2f6d0f7f8d01e1e035da974dcfdbc170aaae7c77bb808
v11w2-qwen38-fortran,numba,fortran,tsvc_2_s233,626371,626371,v11w2-qwen38-fortran.n0.p11.w11,1,67.961426,1215477279.000000,17649852.000000,0.000000,graded_attempt,sources/v11w2-qwen38-fortran/tsvc_2_s233/626371.626371.v11w2-qwen38-fortran.n0.p11.w11/candidate_01_submission.txt,758bd504eac009964ca1a7ddfe096d0e08c400f00dd5edd0266de07b23b39449
gpuv2-llr40-oss120b-hip,numba,hip,tsvc_2_s235,627167,627167,gpuv2-llr40-oss120b-hip.n0.p20.w20,1,18.641630,26783913.000000,1518362.000000,0.000000,graded_attempt,sources/gpuv2-llr40-oss120b-hip/tsvc_2_s235/627167.627167.gpuv2-llr40-oss120b-hip.n0.p20.w20/candidate_01_submission.txt,a23554a1d9f1367a0beee6602191f7bf8abb375e81e1b90dc90900484fa72261
gpuv2-llr40-oss120b-hip-skills,numba,hip,tsvc_2_s235,627168,627168,gpuv2-llr40-oss120b-hip-skills.n0.p20.w20,1,6.689326,28589084.000000,4307117.000000,0.000000,graded_attempt,sources/gpuv2-llr40-oss120b-hip-skills/tsvc_2_s235/627168.627168.gpuv2-llr40-oss120b-hip-skills.n0.p20.w20/candidate_01_submission.txt,7c06ae1f2b4ed3a2f2c824ae0972f779bb5568af355de78965e7195f5c4af5a7
gpuv2-llr40-qwen38-hip-skills,numba,hip,tsvc_2_s235,627018,627018,gpuv2-llr40-qwen38-hip-skills.n0.p20.w20,1,6.116318,25644681.000000,4223583.000000,0.000000,graded_attempt,sources/gpuv2-llr40-qwen38-hip-skills/tsvc_2_s235/627018.627018.gpuv2-llr40-qwen38-hip-skills.n0.p20.w20/candidate_01_submission.txt,9e53c86a6c9b7e02b721dc6d629bd120240e866f45d4098ff6b8e92fcc5752bb
gpuv4-llr40-oss120b-pytriton,numba,python,tsvc_2_s235,627175,627175,gpuv4-llr40-oss120b-pytriton.n0.p20.w20,1,1.000000,28770586.000000,28573223.000000,0.000000,graded_attempt,sources/gpuv4-llr40-oss120b-pytriton/tsvc_2_s235/627175.627175.gpuv4-llr40-oss120b-pytriton.n0.p20.w20/candidate_01_submission.txt,c3c510713a92c2caa96f294fa5df9fe08f0828e3dba2814f26da458d6a37a656
gpuv4-llr40-oss120b-pytriton-skills,numba,python,tsvc_2_s235,627176,627176,gpuv4-llr40-oss120b-pytriton-skills.n0.p20.w20,1,1.000000,28660999.000000,138669904.000000,0.000000,graded_attempt,sources/gpuv4-llr40-oss120b-pytriton-skills/tsvc_2_s235/627176.627176.gpuv4-llr40-oss120b-pytriton-skills.n0.p20.w20/candidate_01_submission.txt,16f531fffe22b5874c5907fea98b95981e76715eb4d075f8b97e11b923cf9646
llr40v10-kimi27sglang-c,numba,c,tsvc_2_s235,621730,621730,llr40v10-kimi27sglang-c.n0.p0.w0,1,2.238882,26583379.000000,11497750.000000,0.000000,graded_attempt,sources/llr40v10-kimi27sglang-c/tsvc_2_s235/621730.621730.llr40v10-kimi27sglang-c.n0.p0.w0/candidate_01_submission.txt,4277a2508c11804bb734df055b926cf6267753f2de6ddd393da8293ff44249db
llr40v10-kimi27sglang-c,numba,c,tsvc_2_s235,621730,621730,llr40v10-kimi27sglang-c.n0.p0.w0,2,2.238882,26583379.000000,11456328.000000,0.000000,graded_attempt,sources/llr40v10-kimi27sglang-c/tsvc_2_s235/621730.621730.llr40v10-kimi27sglang-c.n0.p0.w0/candidate_02_submission.txt,38dedd9579917372dd5586e3153a6d8a5a3b8ae5bd577337068d29cd57360fa7
llr40v10-kimi27sglang-c,numba,c,tsvc_2_s235,621730,621730,llr40v10-kimi27sglang-c.n0.p0.w0,3,2.216715,26583379.000000,11757014.000000,0.000000,graded_attempt,sources/llr40v10-kimi27sglang-c/tsvc_2_s235/621730.621730.llr40v10-kimi27sglang-c.n0.p0.w0/candidate_03_submission.txt,5128cf1f1475c159bac7a22b0da9326bc23a1dad59d608a85f717b0a6d5b118d
llr40v10-kimi27sglang-c,numba,c,tsvc_2_s235,621730,621730,llr40v10-kimi27sglang-c.n0.p0.w0,4,2.216715,26583379.000000,11792584.000000,0.000000,graded_attempt,sources/llr40v10-kimi27sglang-c/tsvc_2_s235/621730.621730.llr40v10-kimi27sglang-c.n0.p0.w0/candidate_04_submission.txt,f7e7fa27db1b5a1f8289990dd2748d35290f747a21bafb23ec17f74ea6982337
llr40v10-kimi27sglang-c,numba,c,tsvc_2_s235,621730,621730,llr40v10-kimi27sglang-c.n0.p0.w0,5,2.216715,26583379.000000,11624769.000000,0.000000,graded_attempt,sources/llr40v10-kimi27sglang-c/tsvc_2_s235/621730.621730.llr40v10-kimi27sglang-c.n0.p0.w0/candidate_05_submission.txt,328445895a281a1b45572cf694ce23f230aa8817ae768620bbeec6b4cfef6ed4
llr40v10-kimi27sglang-c-skills,numba,c,tsvc_2_s235,621026,621026,llr40v10-kimi27sglang-c-skills.n0.p0.w0,1,1.711410,24865802.000000,14502916.000000,0.000000,graded_attempt,sources/llr40v10-kimi27sglang-c-skills/tsvc_2_s235/621026.621026.llr40v10-kimi27sglang-c-skills.n0.p0.w0/candidate_01_submission.txt,790b3c33fa55e25ed033fe9c0133fd86275b0d44b4348ef3f614f0c343cce72a
llr40v10-kimi27sglang-c-skills,numba,c,tsvc_2_s235,621026,621026,llr40v10-kimi27sglang-c-skills.n0.p0.w0,5,1.677689,24865802.000000,14699274.000000,0.000000,graded_attempt,sources/llr40v10-kimi27sglang-c-skills/tsvc_2_s235/621026.621026.llr40v10-kimi27sglang-c-skills.n0.p0.w0/candidate_04_submission.txt,26abf76a01a9e5ab099e1a52c064f197be3204748c0d48e56840fc10f153bc35
llr40v10-kimi27sglang-c-skills,numba,c,tsvc_2_s235,621026,621026,llr40v10-kimi27sglang-c-skills.n0.p0.w0,4,1.334504,24865802.000000,14798438.000000,0.000000,graded_attempt,sources/llr40v10-kimi27sglang-c-skills/tsvc_2_s235/621026.621026.llr40v10-kimi27sglang-c-skills.n0.p0.w0/candidate_04_submission.txt,26abf76a01a9e5ab099e1a52c064f197be3204748c0d48e56840fc10f153bc35
llr40v10-kimi27sglang-c-skills,numba,c,tsvc_2_s235,621026,621026,llr40v10-kimi27sglang-c-skills.n0.p0.w0,2,1.321291,24865802.000000,14766496.000000,0.000000,graded_attempt,sources/llr40v10-kimi27sglang-c-skills/tsvc_2_s235/621026.621026.llr40v10-kimi27sglang-c-skills.n0.p0.w0/candidate_02_submission.txt,9b95b9abf49c915444389f1be7515ffca8f87372d2e682989d4652459fecd10a
llr40v10-kimi27sglang-c-skills,numba,c,tsvc_2_s235,621026,621026,llr40v10-kimi27sglang-c-skills.n0.p0.w0,3,1.308209,24865802.000000,15028395.000000,0.000000,graded_attempt,sources/llr40v10-kimi27sglang-c-skills/tsvc_2_s235/621026.621026.llr40v10-kimi27sglang-c-skills.n0.p0.w0/candidate_03_submission.txt,3fcfa9caa0dd00197d5fd115fb99aede8094bb925a3e7dd0d3048273bfed25f9
llr40v10-kimi27sglang-fortran,c,fortran,tsvc_2_s235,621022,621022,llr40v10-kimi27sglang-fortran.n0.p0.w0,2,32.222516,1044235569.000000,31290371.000000,0.000000,graded_attempt,sources/llr40v10-kimi27sglang-fortran/tsvc_2_s235/621022.621022.llr40v10-kimi27sglang-fortran.n0.p0.w0/candidate_02_submission.txt,a769df14b4e33607ec3503953f49b6c3523145f75ba30a61d5ea49dcfeecb5d8
llr40v10-kimi27sglang-fortran,c,fortran,tsvc_2_s235,621022,621022,llr40v10-kimi27sglang-fortran.n0.p0.w0,1,23.203533,1043149556.000000,43759079.000000,0.000000,graded_attempt,sources/llr40v10-kimi27sglang-fortran/tsvc_2_s235/621022.621022.llr40v10-kimi27sglang-fortran.n0.p0.w0/candidate_01_submission.txt,a8640aa3498f78d674f65b4beebeacce50d539478de09d376cde40496f6e6d78
llr40v10-kimi27sglang-fortran,numba,fortran,tsvc_2_s235,621732,621732,llr40v10-kimi27sglang-fortran.n0.p0.w0,4,2.151522,25165371.000000,11469549.000000,0.000000,graded_attempt,sources/llr40v10-kimi27sglang-fortran/tsvc_2_s235/621732.621732.llr40v10-kimi27sglang-fortran.n0.p0.w0/candidate_04_submission.txt,f126bdcc43d603b4c173c42602389a6c7cf155d89f6aad34decd2b8dad33db6e
llr40v10-kimi27sglang-fortran,numba,fortran,tsvc_2_s235,621732,621732,llr40v10-kimi27sglang-fortran.n0.p0.w0,2,2.088246,25165371.000000,11917903.000000,0.000000,graded_attempt,sources/llr40v10-kimi27sglang-fortran/tsvc_2_s235/621732.621732.llr40v10-kimi27sglang-fortran.n0.p0.w0/candidate_02_submission.txt,c1dd2d6bc1ac052ff54975524a528b1ee6ba9d7959102724d268d418e4ef4575
llr40v10-kimi27sglang-fortran,numba,fortran,tsvc_2_s235,621732,621732,llr40v10-kimi27sglang-fortran.n0.p0.w0,3,2.047099,25165371.000000,11787051.000000,0.000000,graded_attempt,sources/llr40v10-kimi27sglang-fortran/tsvc_2_s235/621732.621732.llr40v10-kimi27sglang-fortran.n0.p0.w0/candidate_03_submission.txt,f576a09bc47c20fbeaa95e4388c26b5a0b6dc728f797f061f4f2757635d53975
llr40v10-kimi27sglang-fortran,numba,fortran,tsvc_2_s235,621732,621732,llr40v10-kimi27sglang-fortran.n0.p0.w0,1,1.347849,25165371.000000,15584917.000000,0.000000,graded_attempt,sources/llr40v10-kimi27sglang-fortran/tsvc_2_s235/621732.621732.llr40v10-kimi27sglang-fortran.n0.p0.w0/candidate_01_submission.txt,2ba10a4b02d096a75bdb554fd64f17e36cc19be481c6c7b7327c6d1b8318d732
llr40v10-oss120b-c,c,c,tsvc_2_s235,621382,621382,llr40v10-oss120b-c.n0.p20.w20,1,17.044785,1038453430.000000,60560376.000000,0.000000,graded_attempt,sources/llr40v10-oss120b-c/tsvc_2_s235/621382.621382.llr40v10-oss120b-c.n0.p20.w20/candidate_01_submission.txt,af4646ff172f3dc8373a4e81f24dcd7d60472dff5a9dc944f12374e61a39459d
llr40v10-oss120b-c,c,c,tsvc_2_s235,621015,621015,llr40v10-oss120b-c.n0.p20.w20,1,15.897979,1039827553.000000,64602832.000000,0.000000,graded_attempt,sources/llr40v10-oss120b-c/tsvc_2_s235/621015.621015.llr40v10-oss120b-c.n0.p20.w20/candidate_01_submission.txt,c145ab667d32771d0fe99c5cccd906be6d4b5a21e439afcac44c1d291e5e756a
llr40v10-oss120b-c,c,c,tsvc_2_s235,621015,621015,llr40v10-oss120b-c.n0.p20.w20,2,15.740573,1039098071.000000,64950831.000000,0.000000,graded_attempt,sources/llr40v10-oss120b-c/tsvc_2_s235/621015.621015.llr40v10-oss120b-c.n0.p20.w20/candidate_01_submission.txt,c145ab667d32771d0fe99c5cccd906be6d4b5a21e439afcac44c1d291e5e756a
llr40v10-oss120b-c,c,c,tsvc_2_s235,621015,621015,llr40v10-oss120b-c.n0.p20.w20,3,15.740573,1035452779.000000,65118034.000000,0.000000,graded_attempt,sources/llr40v10-oss120b-c/tsvc_2_s235/621015.621015.llr40v10-oss120b-c.n0.p20.w20/candidate_01_submission.txt,c145ab667d32771d0fe99c5cccd906be6d4b5a21e439afcac44c1d291e5e756a
llr40v10-oss120b-c-skills,numba,c,tsvc_2_s235,621023,621023,llr40v10-oss120b-c-skills.n0.p20.w20,1,1.909366,22169335.000000,11899729.000000,0.000000,graded_attempt,sources/llr40v10-oss120b-c-skills/tsvc_2_s235/621023.621023.llr40v10-oss120b-c-skills.n0.p20.w20/candidate_01_submission.txt,a41c60f4fff744549f3a5b4d9799579fabf2fefcaa31b1933ae6e5f1081cf0b2
llr40v10-oss120b-c-skills,numba,c,tsvc_2_s235,621023,621023,llr40v10-oss120b-c-skills.n0.p20.w20,2,1.909366,22169335.000000,11817696.000000,0.000000,graded_attempt,sources/llr40v10-oss120b-c-skills/tsvc_2_s235/621023.621023.llr40v10-oss120b-c-skills.n0.p20.w20/candidate_01_submission.txt,a41c60f4fff744549f3a5b4d9799579fabf2fefcaa31b1933ae6e5f1081cf0b2
llr40v10-oss120b-fortran,c,fortran,tsvc_2_s235,621384,621384,llr40v10-oss120b-fortran.n0.p20.w20,1,31.274857,996943657.000000,30450354.000000,0.000000,graded_attempt,sources/llr40v10-oss120b-fortran/tsvc_2_s235/621384.621384.llr40v10-oss120b-fortran.n0.p20.w20/candidate_01_submission.txt,327c0302a0bf15ef224f72a1f4ebe23287e07df6e66c4834406a0bc2cc47c853
llr40v10-oss120b-fortran,c,fortran,tsvc_2_s235,621019,621019,llr40v10-oss120b-fortran.n0.p20.w20,1,23.203533,1037716067.000000,43838506.000000,0.000000,graded_attempt,sources/llr40v10-oss120b-fortran/tsvc_2_s235/621019.621019.llr40v10-oss120b-fortran.n0.p20.w20/candidate_01_submission.txt,c69e20b2cf5f13bf9b1b05a35c21bab7cf3a812ea57358d0d2736758556fb7af
llr40v10-qwen38-c-skills,numba,c,tsvc_2_s235,621024,621024,llr40v10-qwen38-c-skills.n0.p20.w20,1,2.151522,25605782.000000,11711365.000000,0.000000,graded_attempt,sources/llr40v10-qwen38-c-skills/tsvc_2_s235/621024.621024.llr40v10-qwen38-c-skills.n0.p20.w20/candidate_01_submission.txt,27321f70068b4f565e1abf3c2e8a0506eacff9831aa37c03613bba2408c35249
llr40v10-qwen38-fortran,c,fortran,tsvc_2_s235,621385,621385,llr40v10-qwen38-fortran.n0.p20.w20,1,23.203533,1037977226.000000,43730897.000000,0.000000,graded_attempt,sources/llr40v10-qwen38-fortran/tsvc_2_s235/621385.621385.llr40v10-qwen38-fortran.n0.p20.w20/candidate_01_submission.txt,235a3cd95117c2eab15d0e8677bbe3fe75efd79aa9966d53bbec745c256b5e2f
llr40v10-qwen38-fortran-skills,numba,fortran,tsvc_2_s235,621028,621028,llr40v10-qwen38-fortran-skills.n0.p20.w20,1,2.261271,26777406.000000,12070102.000000,0.000000,graded_attempt,sources/llr40v10-qwen38-fortran-skills/tsvc_2_s235/621028.621028.llr40v10-qwen38-fortran-skills.n0.p20.w20/candidate_01_submission.txt,c92bef43aad230377762a9bfbcbbdac91ca1d4b5ed55e8379e7d7f37f5c84c47
llr40v11-kimi27sglang-c,numba,c,tsvc_2_s235,625534,625534,llr40v11-kimi27sglang-c.n0.p0.w0,3,2.194768,26827590.000000,12074111.000000,0.000000,graded_attempt,sources/llr40v11-kimi27sglang-c/tsvc_2_s235/625534.625534.llr40v11-kimi27sglang-c.n0.p0.w0/candidate_03_submission.txt,2f791ad344a34a1aebe797867e2c4e73fa6aecf4a6149e064210b4b2c2fa16ec
llr40v11-kimi27sglang-c,numba,c,tsvc_2_s235,625534,625534,llr40v11-kimi27sglang-c.n0.p0.w0,2,2.130220,26827590.000000,12218531.000000,0.000000,graded_attempt,sources/llr40v11-kimi27sglang-c/tsvc_2_s235/625534.625534.llr40v11-kimi27sglang-c.n0.p0.w0/candidate_02_submission.txt,6cdc0d1dd9d4de712341bb1da2edce4774893adabf6e601abf8b9250bc9e7842
llr40v11-kimi27sglang-c,numba,c,tsvc_2_s235,625534,625534,llr40v11-kimi27sglang-c.n0.p0.w0,1,1.208109,26827590.000000,18576122.000000,0.000000,graded_attempt,sources/llr40v11-kimi27sglang-c/tsvc_2_s235/625534.625534.llr40v11-kimi27sglang-c.n0.p0.w0/candidate_01_submission.txt,8dea2a7462646e0f46fcfaf7093528604ac2c8128959ab04a0ad757b956a3115
llr40v11-kimi27sglang-c-skills,numba,c,tsvc_2_s235,625538,625538,llr40v11-kimi27sglang-c-skills.n0.p0.w0,1,2.173037,25692758.000000,12293772.000000,0.000000,graded_attempt,sources/llr40v11-kimi27sglang-c-skills/tsvc_2_s235/625538.625538.llr40v11-kimi27sglang-c-skills.n0.p0.w0/candidate_01_submission.txt,4690991937c931c5e90b0d00077c66390d69e615e4cefbde3fe1d756f7dbdffb
llr40v11-kimi27sglang-fortran,numba,fortran,tsvc_2_s235,625542,625542,llr40v11-kimi27sglang-fortran.n0.p0.w0,1,2.006763,23811171.000000,12071747.000000,0.000000,graded_attempt,sources/llr40v11-kimi27sglang-fortran/tsvc_2_s235/625542.625542.llr40v11-kimi27sglang-fortran.n0.p0.w0/candidate_01_submission.txt,2d0e03b46c38750015c31db2f4ba1201101928ed0fca59f9ba18f28904a777e8
llr40v11-oss120b-c-skills,numba,c,tsvc_2_s235,625535,625535,llr40v11-oss120b-c-skills.n0.p20.w20,1,1.000000,26692448.000000,1040317842.000000,0.000000,graded_attempt,sources/llr40v11-oss120b-c-skills/tsvc_2_s235/625535.625535.llr40v11-oss120b-c-skills.n0.p20.w20/candidate_01_submission.txt,f51ba65b9e836299919a4b1a3c30356dd8e5cbba242ff8e583a486002d1a91b5
llr40v11-oss120b-fortran-skills,numba,fortran,tsvc_2_s235,625543,625543,llr40v11-oss120b-fortran-skills.n0.p20.w20,1,1.000000,22959862.000000,43270630.000000,0.000000,graded_attempt,sources/llr40v11-oss120b-fortran-skills/tsvc_2_s235/625543.625543.llr40v11-oss120b-fortran-skills.n0.p20.w20/candidate_01_submission.txt,00a05eb63245d2552bc974e1d74f0e57e58daef932cc19aca0bedde31ec84f79
llr40v11-qwen38-c-skills,numba,c,tsvc_2_s235,625536,625536,llr40v11-qwen38-c-skills.n0.p20.w20,1,1.020100,24920935.000000,25114033.000000,0.000000,graded_attempt,sources/llr40v11-qwen38-c-skills/tsvc_2_s235/625536.625536.llr40v11-qwen38-c-skills.n0.p20.w20/candidate_01_submission.txt,2e2e506b22112a606b5a1c63b7b792b4e780f0b6e99024906b85d50e05f6fbe7
llr40v11-qwen38-fortran,numba,fortran,tsvc_2_s235,625540,625540,llr40v11-qwen38-fortran.n0.p20.w20,1,1.628348,28622919.000000,17556563.000000,0.000000,graded_attempt,sources/llr40v11-qwen38-fortran/tsvc_2_s235/625540.625540.llr40v11-qwen38-fortran.n0.p20.w20/candidate_01_submission.txt,62ed3d3a838758e9cd226eaa015b876657b1dce72b34a5cd09f9652803780a6d
v11w2-kimi27sglang-fortran-skills,numba,fortran,tsvc_2_s235,626374,626374,v11w2-kimi27sglang-fortran-skills.n0.p5.w5,1,2.130220,28709948.000000,13037483.000000,0.000000,graded_attempt,sources/v11w2-kimi27sglang-fortran-skills/tsvc_2_s235/626374.626374.v11w2-kimi27sglang-fortran-skills.n0.p5.w5/candidate_01_submission.txt,a5389267f99949d150b6a49a66e81bf7c5b615477e9804d85835709568fdefc9
v11w2-oss120b-c,numba,c,tsvc_2_s235,626363,626363,v11w2-oss120b-c.n0.p4.w4,1,1.000000,28653946.000000,30112029.000000,0.000000,graded_attempt,sources/v11w2-oss120b-c/tsvc_2_s235/626363.626363.v11w2-oss120b-c.n0.p4.w4/candidate_01_submission.txt,dd59a023aa5df9252f5519b84a891c58998388a64a4dc1769a360904bdff6e2d
v11w2-oss120b-c,numba,c,tsvc_2_s235,626363,626363,v11w2-oss120b-c.n0.p4.w4,2,1.000000,28653946.000000,61308596.000000,0.000000,graded_attempt,sources/v11w2-oss120b-c/tsvc_2_s235/626363.626363.v11w2-oss120b-c.n0.p4.w4/candidate_02_submission.txt,db6fe715d5660a72b222123cfb352acd0dc88a4e613a3145f45d001d8e2ae91d
v11w2-oss120b-c,numba,c,tsvc_2_s235,626363,626363,v11w2-oss120b-c.n0.p4.w4,3,1.000000,28653946.000000,61375628.000000,0.000000,graded_attempt,sources/v11w2-oss120b-c/tsvc_2_s235/626363.626363.v11w2-oss120b-c.n0.p4.w4/candidate_02_submission.txt,db6fe715d5660a72b222123cfb352acd0dc88a4e613a3145f45d001d8e2ae91d
v11w2-oss120b-fortran,numba,fortran,tsvc_2_s235,627011,627011,v11w2-oss120b-fortran.n0.p6.w6,1,1.000000,26719313.000000,29248271.000000,0.000000,graded_attempt,sources/v11w2-oss120b-fortran/tsvc_2_s235/627011.627011.v11w2-oss120b-fortran.n0.p6.w6/candidate_01_submission.txt,7924a56489256582d189c70b54f4108b21341cb1279ebd358e1b03544cb28e1f
v11w2-qwen38-c,numba,c,tsvc_2_s235,627007,627007,v11w2-qwen38-c.n0.p1.w1,4,2.376619,25798457.000000,10805988.000000,0.000000,graded_attempt,sources/v11w2-qwen38-c/tsvc_2_s235/627007.627007.v11w2-qwen38-c.n0.p1.w1/candidate_04_submission.txt,9d7af4a722124877cd4ed5287103451d4b48278b0d61a21358e7d170bea96f6c
v11w2-qwen38-c,numba,c,tsvc_2_s235,627007,627007,v11w2-qwen38-c.n0.p1.w1,3,2.306723,25798457.000000,10899078.000000,0.000000,graded_attempt,sources/v11w2-qwen38-c/tsvc_2_s235/627007.627007.v11w2-qwen38-c.n0.p1.w1/candidate_03_submission.txt,1b32c4a3f5e578ce450a0e0930057bd9186d4910a7b269b109f09cbd56fe4f20
v11w2-qwen38-c,numba,c,tsvc_2_s235,627007,627007,v11w2-qwen38-c.n0.p1.w1,2,2.216715,25798457.000000,11743231.000000,0.000000,graded_attempt,sources/v11w2-qwen38-c/tsvc_2_s235/627007.627007.v11w2-qwen38-c.n0.p1.w1/candidate_02_submission.txt,ee78da2f6fcb30a4b769575ed8ecdb228b72df38df49d8de020d3ed2e1e11670
v11w2-qwen38-c,numba,c,tsvc_2_s235,627007,627007,v11w2-qwen38-c.n0.p1.w1,1,2.151522,25798457.000000,11844403.000000,0.000000,graded_attempt,sources/v11w2-qwen38-c/tsvc_2_s235/627007.627007.v11w2-qwen38-c.n0.p1.w1/candidate_01_submission.txt,64ac887cf0d697723d3c10653f421d64e6b4ba510f0f1c947e6956c826175ec6
v11w2-qwen38-fortran-skills,numba,fortran,tsvc_2_s235,626372,626372,v11w2-qwen38-fortran-skills.n0.p7.w7,3,1.474123,28608492.000000,18426676.000000,0.000000,graded_attempt,sources/v11w2-qwen38-fortran-skills/tsvc_2_s235/626372.626372.v11w2-qwen38-fortran-skills.n0.p7.w7/candidate_03_submission.txt,5d2bf6860e2b88320c5d94dc2a5b0eba9e2dacadc901d483f8f282357bdd70d8
v11w2-qwen38-fortran-skills,numba,fortran,tsvc_2_s235,626372,626372,v11w2-qwen38-fortran-skills.n0.p7.w7,2,1.104622,28608492.000000,21341738.000000,0.000000,graded_attempt,sources/v11w2-qwen38-fortran-skills/tsvc_2_s235/626372.626372.v11w2-qwen38-fortran-skills.n0.p7.w7/candidate_02_submission.txt,65578aefc4b43b34e685852465054ef4389705a4e933b155e74bb14874a41f16
v11w2-qwen38-fortran-skills,numba,fortran,tsvc_2_s235,626372,626372,v11w2-qwen38-fortran-skills.n0.p7.w7,1,1.000000,28608492.000000,28874973.000000,0.000000,graded_attempt,sources/v11w2-qwen38-fortran-skills/tsvc_2_s235/626372.626372.v11w2-qwen38-fortran-skills.n0.p7.w7/candidate_01_submission.txt,4a661b1cb868c711292b4dc09493b4050f704558972b7044c5d8179bdda33860
gpuv2-llr40-oss120b-hip,numba,hip,tsvc_2_s252,627167,627167,gpuv2-llr40-oss120b-hip.n0.p21.w21,1,57.958949,83388498.000000,1360293.000000,0.000000,graded_attempt,sources/gpuv2-llr40-oss120b-hip/tsvc_2_s252/627167.627167.gpuv2-llr40-oss120b-hip.n0.p21.w21/candidate_01_submission.txt,207073b9f943732b9f977e51ff782eab0d3cdc36d7f3f5923dc39efc6cf6374e
gpuv2-llr40-oss120b-hip-skills,numba,hip,tsvc_2_s252,627168,627168,gpuv2-llr40-oss120b-hip-skills.n0.p21.w21,1,1.986894,94811275.000000,43332191.000000,0.000000,graded_attempt,sources/gpuv2-llr40-oss120b-hip-skills/tsvc_2_s252/627168.627168.gpuv2-llr40-oss120b-hip-skills.n0.p21.w21/candidate_01_submission.txt,da7543e21caf819acf33b08bb3c21e233c68ccb9a3c2f22b36c0b5cb14ee8886
gpuv2-llr40-oss120b-omp,numba,c,tsvc_2_s252,627173,627173,gpuv2-llr40-oss120b-omp.n0.p21.w21,1,4.537836,95692401.000000,20534285.000000,0.000000,graded_attempt,sources/gpuv2-llr40-oss120b-omp/tsvc_2_s252/627173.627173.gpuv2-llr40-oss120b-omp.n0.p21.w21/candidate_01_submission.txt,e878fece275f548d77150b1436c834614a8a6e226d7f43b8c79fa137553c345d
gpuv2-llr40-oss120b-omp-skills,numba,c,tsvc_2_s252,627174,627174,gpuv2-llr40-oss120b-omp-skills.n0.p21.w21,1,1.308209,82152683.000000,59115314.000000,0.000000,graded_attempt,sources/gpuv2-llr40-oss120b-omp-skills/tsvc_2_s252/627174.627174.gpuv2-llr40-oss120b-omp-skills.n0.p21.w21/candidate_01_submission.txt,51fb32d4223fe0733a0ed13f3ed71044599a7e658f4d9c84d12a00c654c9fb37
gpuv2-llr40-qwen38-hip,numba,hip,tsvc_2_s252,626645,626645,gpuv2-llr40-qwen38-hip.n0.p21.w21,2,63.388849,88437685.000000,1284281.000000,0.000000,graded_attempt,sources/gpuv2-llr40-qwen38-hip/tsvc_2_s252/626645.626645.gpuv2-llr40-qwen38-hip.n0.p21.w21/candidate_01_submission.txt,9b44a8a32f19aeab32ed6ac333148c3c1dff09e86ad5c60755d6c003f17ac9b0
gpuv2-llr40-qwen38-hip,numba,hip,tsvc_2_s252,626645,626645,gpuv2-llr40-qwen38-hip.n0.p21.w21,1,62.761237,88437685.000000,1352941.000000,0.000000,graded_attempt,sources/gpuv2-llr40-qwen38-hip/tsvc_2_s252/626645.626645.gpuv2-llr40-qwen38-hip.n0.p21.w21/candidate_01_submission.txt,9b44a8a32f19aeab32ed6ac333148c3c1dff09e86ad5c60755d6c003f17ac9b0
gpuv2-llr40-qwen38-hip-skills,numba,hip,tsvc_2_s252,627229,627229,gpuv2-llr40-qwen38-hip-skills.n0.p21.w21,1,65.309595,89084519.000000,1245947.000000,0.000000,graded_attempt,sources/gpuv2-llr40-qwen38-hip-skills/tsvc_2_s252/627229.627229.gpuv2-llr40-qwen38-hip-skills.n0.p21.w21/candidate_01_submission.txt,56de973eed5c63cf409a4d8806a223d4ae1f6b6fa15a29cc8093599e034ab1e2
gpuv2-llr40-qwen38-hip-skills,numba,hip,tsvc_2_s252,627229,627229,gpuv2-llr40-qwen38-hip-skills.n0.p21.w21,2,64.662965,89084519.000000,1250076.000000,0.000000,graded_attempt,sources/gpuv2-llr40-qwen38-hip-skills/tsvc_2_s252/627229.627229.gpuv2-llr40-qwen38-hip-skills.n0.p21.w21/candidate_01_submission.txt,56de973eed5c63cf409a4d8806a223d4ae1f6b6fa15a29cc8093599e034ab1e2
gpuv2-llr40-qwen38-omp-skills,numba,c,tsvc_2_s252,627078,627078,gpuv2-llr40-qwen38-omp-skills.n0.p21.w21,1,5.995802,140312292.000000,22986258.000000,0.000000,graded_attempt,sources/gpuv2-llr40-qwen38-omp-skills/tsvc_2_s252/627078.627078.gpuv2-llr40-qwen38-omp-skills.n0.p21.w21/candidate_01_submission.txt,0f18020c2b8f65aa6fa4fe5b79fff91125d8156f3cc9fc0e2b62535220b603e1
gpuv2-llr40-qwen38-omp-skills,numba,c,tsvc_2_s252,626561,626561,gpuv2-llr40-qwen38-omp-skills.n0.p21.w21,1,4.629047,88586763.000000,18437816.000000,0.000000,graded_attempt,sources/gpuv2-llr40-qwen38-omp-skills/tsvc_2_s252/626561.626561.gpuv2-llr40-qwen38-omp-skills.n0.p21.w21/candidate_01_submission.txt,bb50069999680afb6d10e6ce4a970679978c7ca7b667d9297bb60d06312f96bc
gpuv4-llr40-oss120b-pytriton,numba,python,tsvc_2_s252,627175,627175,gpuv4-llr40-oss120b-pytriton.n0.p21.w21,1,1.000000,83415406.000000,83493259.000000,0.000000,graded_attempt,sources/gpuv4-llr40-oss120b-pytriton/tsvc_2_s252/627175.627175.gpuv4-llr40-oss120b-pytriton.n0.p21.w21/candidate_01_submission.txt,03742c61384eae406ae43084c75a76d6510942d542709584d23609dc75ff77a9
gpuv4-llr40-oss120b-pytriton,numba,python,tsvc_2_s252,627175,627175,gpuv4-llr40-oss120b-pytriton.n0.p21.w21,2,1.000000,83415406.000000,88077151.000000,0.000000,graded_attempt,sources/gpuv4-llr40-oss120b-pytriton/tsvc_2_s252/627175.627175.gpuv4-llr40-oss120b-pytriton.n0.p21.w21/candidate_01_submission.txt,03742c61384eae406ae43084c75a76d6510942d542709584d23609dc75ff77a9
gpuv4-llr40-oss120b-pytriton,numba,python,tsvc_2_s252,627175,627175,gpuv4-llr40-oss120b-pytriton.n0.p21.w21,3,1.000000,83415406.000000,84135523.000000,0.000000,graded_attempt,sources/gpuv4-llr40-oss120b-pytriton/tsvc_2_s252/627175.627175.gpuv4-llr40-oss120b-pytriton.n0.p21.w21/candidate_03_submission.txt,1694094a38719e1cc15a9442a6bdb97e2aeee5a538ec5ac712a6a155deaeb081
gpuv4-llr40-oss120b-pytriton-skills,numba,python,tsvc_2_s252,627176,627176,gpuv4-llr40-oss120b-pytriton-skills.n0.p21.w21,1,1.000000,85999462.000000,88915731.000000,0.000000,graded_attempt,sources/gpuv4-llr40-oss120b-pytriton-skills/tsvc_2_s252/627176.627176.gpuv4-llr40-oss120b-pytriton-skills.n0.p21.w21/candidate_01_submission.txt,3af40c30da013e6820fd90a00c02bb60b980ef49ce4ef2745cb8480e139d053c
gpuv4-llr40-qwen38-pytriton,numba,python,tsvc_2_s252,627230,627230,gpuv4-llr40-qwen38-pytriton.n0.p21.w21,1,3.831647,83657653.000000,20369883.000000,0.000000,graded_attempt,sources/gpuv4-llr40-qwen38-pytriton/tsvc_2_s252/627230.627230.gpuv4-llr40-qwen38-pytriton.n0.p21.w21/candidate_01_submission.txt,d17a2d3c1d402de3553465fa25d082f8ad917ecf6ec44c6162ae99342d59196c
gpuv4-llr40-qwen38-pytriton,numba,python,tsvc_2_s252,627230,627230,gpuv4-llr40-qwen38-pytriton.n0.p21.w21,2,2.759181,83657653.000000,26908489.000000,0.000000,graded_attempt,sources/gpuv4-llr40-qwen38-pytriton/tsvc_2_s252/627230.627230.gpuv4-llr40-qwen38-pytriton.n0.p21.w21/candidate_01_submission.txt,d17a2d3c1d402de3553465fa25d082f8ad917ecf6ec44c6162ae99342d59196c
gpuv4-llr40-qwen38-pytriton,numba,python,tsvc_2_s252,627019,627019,gpuv4-llr40-qwen38-pytriton.n0.p21.w21,1,2.497850,87165668.000000,28937971.000000,0.000000,graded_attempt,sources/gpuv4-llr40-qwen38-pytriton/tsvc_2_s252/627019.627019.gpuv4-llr40-qwen38-pytriton.n0.p21.w21/candidate_01_submission.txt,778d5a8b99107531097c542f731f3fdece3d03c03defe5f0109e2338ecaae956
gpuv4-llr40-qwen38-pytriton,numba,python,tsvc_2_s252,626523,626523,gpuv4-llr40-qwen38-pytriton.n0.p21.w21,2,1.612226,85057787.000000,51982729.000000,0.000000,graded_attempt,sources/gpuv4-llr40-qwen38-pytriton/tsvc_2_s252/626523.626523.gpuv4-llr40-qwen38-pytriton.n0.p21.w21/candidate_02_submission.txt,28673682a7fb52ad21338059f32c71e94a406b7578978f3d4f48112f49895b47
gpuv4-llr40-qwen38-pytriton,numba,python,tsvc_2_s252,626523,626523,gpuv4-llr40-qwen38-pytriton.n0.p21.w21,1,1.208109,85057787.000000,67049269.000000,0.000000,graded_attempt,sources/gpuv4-llr40-qwen38-pytriton/tsvc_2_s252/626523.626523.gpuv4-llr40-qwen38-pytriton.n0.p21.w21/candidate_01_submission.txt,7215cdb6916d8e3762e03721f5ac09d4625da478affd988326e2723a6c2bc589
gpuv4-llr40-qwen38-pytriton-skills,numba,python,tsvc_2_s252,626651,626651,gpuv4-llr40-qwen38-pytriton-skills.n0.p21.w21,1,5.427921,145179391.000000,26460662.000000,0.000000,graded_attempt,sources/gpuv4-llr40-qwen38-pytriton-skills/tsvc_2_s252/626651.626651.gpuv4-llr40-qwen38-pytriton-skills.n0.p21.w21/candidate_01_submission.txt,972778295ea4fc9bb3b7c27c56b980c46bcc376561e9a9944db967613826fbcf
gpuv4-llr40-qwen38-pytriton-skills,numba,python,tsvc_2_s252,627231,627231,gpuv4-llr40-qwen38-pytriton-skills.n0.p21.w21,2,4.629047,81669194.000000,17680021.000000,0.000000,graded_attempt,sources/gpuv4-llr40-qwen38-pytriton-skills/tsvc_2_s252/627231.627231.gpuv4-llr40-qwen38-pytriton-skills.n0.p21.w21/candidate_02_submission.txt,3e273d2e952a89d1bebe50680272a8a8db25caf02f529f07b217ac883f4c899e
gpuv4-llr40-qwen38-pytriton-skills,numba,python,tsvc_2_s252,627231,627231,gpuv4-llr40-qwen38-pytriton-skills.n0.p21.w21,1,3.468740,81669194.000000,20600518.000000,0.000000,graded_attempt,sources/gpuv4-llr40-qwen38-pytriton-skills/tsvc_2_s252/627231.627231.gpuv4-llr40-qwen38-pytriton-skills.n0.p21.w21/candidate_01_submission.txt,34709b8146120d031f0f2f50e1680f7a55164584714bb541967710ee703e9fae
gpuv4-llr40-qwen38-pytriton-skills,numba,python,tsvc_2_s252,627020,627020,gpuv4-llr40-qwen38-pytriton-skills.n0.p21.w21,1,3.171607,86393267.000000,25891656.000000,0.000000,graded_attempt,sources/gpuv4-llr40-qwen38-pytriton-skills/tsvc_2_s252/627020.627020.gpuv4-llr40-qwen38-pytriton-skills.n0.p21.w21/candidate_01_submission.txt,5d5926dfe9b2bc831e94e5842ee492775e12440e1e54cddbb736a8711aec5617
llr40v10-kimi27sglang-c,numba,c,tsvc_2_s252,621730,621730,llr40v10-kimi27sglang-c.n0.p1.w1,1,5.320970,96778783.000000,17964858.000000,0.000000,graded_attempt,sources/llr40v10-kimi27sglang-c/tsvc_2_s252/621730.621730.llr40v10-kimi27sglang-c.n0.p1.w1/candidate_01_submission.txt,24151b47eced3cf9cbaa503904959ea71bc68534da89530df08194663e59f334
llr40v10-kimi27sglang-c,numba,c,tsvc_2_s252,621018,621018,llr40v10-kimi27sglang-c.n0.p1.w1,2,5.216126,94833638.000000,17849699.000000,0.000000,graded_attempt,sources/llr40v10-kimi27sglang-c/tsvc_2_s252/621018.621018.llr40v10-kimi27sglang-c.n0.p1.w1/candidate_02_submission.txt,71abe07e7f72019f2e38136a4ad676701ad3a41355d2ef56e8cc4bd95ff3957f
llr40v10-kimi27sglang-c,numba,c,tsvc_2_s252,621018,621018,llr40v10-kimi27sglang-c.n0.p1.w1,1,3.468740,94833638.000000,25856788.000000,0.000000,graded_attempt,sources/llr40v10-kimi27sglang-c/tsvc_2_s252/621018.621018.llr40v10-kimi27sglang-c.n0.p1.w1/candidate_01_submission.txt,6369ae89b30e4e83fba30adea4f1094eefea68c35986ef434911daa1008e18f8
llr40v10-kimi27sglang-c-skills,numba,c,tsvc_2_s252,621026,621026,llr40v10-kimi27sglang-c-skills.n0.p1.w1,4,6.492594,83387423.000000,12549835.000000,0.000000,graded_attempt,sources/llr40v10-kimi27sglang-c-skills/tsvc_2_s252/621026.621026.llr40v10-kimi27sglang-c-skills.n0.p1.w1/candidate_04_submission.txt,57832ffb0ec8e85b4aac1c64a9b7f3d198b546f2e8d9203b6456b62e46c10b32
llr40v10-kimi27sglang-c-skills,numba,c,tsvc_2_s252,621026,621026,llr40v10-kimi27sglang-c-skills.n0.p1.w1,5,6.492594,83387423.000000,12579113.000000,0.000000,graded_attempt,sources/llr40v10-kimi27sglang-c-skills/tsvc_2_s252/621026.621026.llr40v10-kimi27sglang-c-skills.n0.p1.w1/candidate_05_submission.txt,c762d3eb0e85780e398ebfff3cff7a804f71d038cfbccbb523e4cd75e4510f19
llr40v10-kimi27sglang-c-skills,numba,c,tsvc_2_s252,621026,621026,llr40v10-kimi27sglang-c-skills.n0.p1.w1,6,6.492594,83387423.000000,12596780.000000,0.000000,graded_attempt,sources/llr40v10-kimi27sglang-c-skills/tsvc_2_s252/621026.621026.llr40v10-kimi27sglang-c-skills.n0.p1.w1/candidate_06_submission.txt,32c74664aa15c0e6a7387fe64dc6dd298ec9ced0f5faee57de898eba6db016ee
llr40v10-kimi27sglang-c-skills,numba,c,tsvc_2_s252,621026,621026,llr40v10-kimi27sglang-c-skills.n0.p1.w1,2,1.295256,83387423.000000,64160575.000000,0.000000,graded_attempt,sources/llr40v10-kimi27sglang-c-skills/tsvc_2_s252/621026.621026.llr40v10-kimi27sglang-c-skills.n0.p1.w1/candidate_02_submission.txt,0965f2332779d788242cea986da832cb7cf0678fd06b17d874fa856eb1cc9cfb
llr40v10-kimi27sglang-c-skills,numba,c,tsvc_2_s252,621026,621026,llr40v10-kimi27sglang-c-skills.n0.p1.w1,3,1.282432,83387423.000000,64425599.000000,0.000000,graded_attempt,sources/llr40v10-kimi27sglang-c-skills/tsvc_2_s252/621026.621026.llr40v10-kimi27sglang-c-skills.n0.p1.w1/candidate_03_submission.txt,4f9d0cb9e3768a0b0f59b207af983688f8e3b7879f4250fa57c46c698c89ba04
llr40v10-kimi27sglang-c-skills,numba,c,tsvc_2_s252,621026,621026,llr40v10-kimi27sglang-c-skills.n0.p1.w1,1,1.010000,83387423.000000,81030873.000000,0.000000,graded_attempt,sources/llr40v10-kimi27sglang-c-skills/tsvc_2_s252/621026.621026.llr40v10-kimi27sglang-c-skills.n0.p1.w1/candidate_01_submission.txt,a607f417d8675e230c16e6f5334f81f8bdad883e336a0ee319df6a5d1a7de124
llr40v10-kimi27sglang-fortran,c,fortran,tsvc_2_s252,621022,621022,llr40v10-kimi27sglang-fortran.n0.p1.w1,2,4.067370,109313911.000000,25900666.000000,0.000000,graded_attempt,sources/llr40v10-kimi27sglang-fortran/tsvc_2_s252/621022.621022.llr40v10-kimi27sglang-fortran.n0.p1.w1/candidate_02_submission.txt,80f5167e17808b18e9e632cfb2cc1fba7ffa24f6ff563a7b75f0b988db843846
llr40v10-kimi27sglang-fortran,c,fortran,tsvc_2_s252,621022,621022,llr40v10-kimi27sglang-fortran.n0.p1.w1,1,3.682137,101482530.000000,25689159.000000,0.000000,graded_attempt,sources/llr40v10-kimi27sglang-fortran/tsvc_2_s252/621022.621022.llr40v10-kimi27sglang-fortran.n0.p1.w1/candidate_01_submission.txt,59d749cb2f34e4b88960827d21b57a232973bd4d0215280865f341484bf4e63a
llr40v10-kimi27sglang-fortran,numba,fortran,tsvc_2_s252,621732,621732,llr40v10-kimi27sglang-fortran.n0.p1.w1,2,3.235356,89115366.000000,25791669.000000,0.000000,graded_attempt,sources/llr40v10-kimi27sglang-fortran/tsvc_2_s252/621732.621732.llr40v10-kimi27sglang-fortran.n0.p1.w1/candidate_02_submission.txt,c9929356d1f8fe41469a78606ba8c919066d8eb737ecbbe0ba4c7b70a8cd9738
llr40v10-kimi27sglang-fortran,numba,fortran,tsvc_2_s252,621732,621732,llr40v10-kimi27sglang-fortran.n0.p1.w1,1,3.203323,89115366.000000,25686720.000000,0.000000,graded_attempt,sources/llr40v10-kimi27sglang-fortran/tsvc_2_s252/621732.621732.llr40v10-kimi27sglang-fortran.n0.p1.w1/candidate_01_submission.txt,9c99e0002731feaa7281ca6cfa45dadc3dfa5f7109dbc3eca1f546cd7f6ae4ce
llr40v10-kimi27sglang-fortran-skills,numba,fortran,tsvc_2_s252,621030,621030,llr40v10-kimi27sglang-fortran-skills.n0.p1.w1,5,4.492907,113539666.000000,23237539.000000,0.000000,graded_attempt,sources/llr40v10-kimi27sglang-fortran-skills/tsvc_2_s252/621030.621030.llr40v10-kimi27sglang-fortran-skills.n0.p1.w1/candidate_05_submission.txt,8ae6224d30754c8ce055ebc917e953a7fde6f4716fc7ce5762649e54a4b85582
llr40v10-kimi27sglang-fortran-skills,numba,fortran,tsvc_2_s252,621030,621030,llr40v10-kimi27sglang-fortran-skills.n0.p1.w1,6,4.492907,113539666.000000,23579962.000000,0.000000,graded_attempt,sources/llr40v10-kimi27sglang-fortran-skills/tsvc_2_s252/621030.621030.llr40v10-kimi27sglang-fortran-skills.n0.p1.w1/candidate_05_submission.txt,8ae6224d30754c8ce055ebc917e953a7fde6f4716fc7ce5762649e54a4b85582
llr40v10-kimi27sglang-fortran-skills,numba,fortran,tsvc_2_s252,621030,621030,llr40v10-kimi27sglang-fortran-skills.n0.p1.w1,7,4.492907,113539666.000000,23481690.000000,0.000000,graded_attempt,sources/llr40v10-kimi27sglang-fortran-skills/tsvc_2_s252/621030.621030.llr40v10-kimi27sglang-fortran-skills.n0.p1.w1/candidate_05_submission.txt,8ae6224d30754c8ce055ebc917e953a7fde6f4716fc7ce5762649e54a4b85582
llr40v10-kimi27sglang-fortran-skills,numba,fortran,tsvc_2_s252,621030,621030,llr40v10-kimi27sglang-fortran-skills.n0.p1.w1,8,4.492907,113539666.000000,23311868.000000,0.000000,graded_attempt,sources/llr40v10-kimi27sglang-fortran-skills/tsvc_2_s252/621030.621030.llr40v10-kimi27sglang-fortran-skills.n0.p1.w1/candidate_05_submission.txt,8ae6224d30754c8ce055ebc917e953a7fde6f4716fc7ce5762649e54a4b85582
llr40v10-kimi27sglang-fortran-skills,numba,fortran,tsvc_2_s252,621030,621030,llr40v10-kimi27sglang-fortran-skills.n0.p1.w1,4,4.149124,113539666.000000,25873428.000000,0.000000,graded_attempt,sources/llr40v10-kimi27sglang-fortran-skills/tsvc_2_s252/621030.621030.llr40v10-kimi27sglang-fortran-skills.n0.p1.w1/candidate_04_submission.txt,0539f737726ca996a0bf0d6039d2c90e149ae974061aafb5c02de2638b0a3ade
llr40v10-kimi27sglang-fortran-skills,numba,fortran,tsvc_2_s252,621030,621030,llr40v10-kimi27sglang-fortran-skills.n0.p1.w1,2,4.108044,113539666.000000,25940059.000000,0.000000,graded_attempt,sources/llr40v10-kimi27sglang-fortran-skills/tsvc_2_s252/621030.621030.llr40v10-kimi27sglang-fortran-skills.n0.p1.w1/candidate_02_submission.txt,c2f06cf732aa5fb5c02d6fba6552bb4eb8f19b8f96c81795677f3aa95a39efe2
llr40v10-kimi27sglang-fortran-skills,numba,fortran,tsvc_2_s252,621030,621030,llr40v10-kimi27sglang-fortran-skills.n0.p1.w1,3,4.067370,113539666.000000,25906983.000000,0.000000,graded_attempt,sources/llr40v10-kimi27sglang-fortran-skills/tsvc_2_s252/621030.621030.llr40v10-kimi27sglang-fortran-skills.n0.p1.w1/candidate_03_submission.txt,0fa766c0edae1a6063ec6822c963b3f6f486313b4cebe6c5da4b365e1d49a3c2
llr40v10-kimi27sglang-fortran-skills,numba,fortran,tsvc_2_s252,621030,621030,llr40v10-kimi27sglang-fortran-skills.n0.p1.w1,1,1.000000,113539666.000000,125498192.000000,0.000000,graded_attempt,sources/llr40v10-kimi27sglang-fortran-skills/tsvc_2_s252/621030.621030.llr40v10-kimi27sglang-fortran-skills.n0.p1.w1/candidate_01_submission.txt,fb1b9867bbb380b8e6792a65f5bc70511094a38eb34c702e0ab74330a259fe8d
llr40v10-oss120b-c,c,c,tsvc_2_s252,621015,621015,llr40v10-oss120b-c.n0.p21.w21,1,5.062720,150309599.000000,28673207.000000,0.000000,graded_attempt,sources/llr40v10-oss120b-c/tsvc_2_s252/621015.621015.llr40v10-oss120b-c.n0.p21.w21/candidate_01_submission.txt,917a318dee59e43bb0db432f1e5f4bc47d50ac966e56973e1a323651c7e151ed
llr40v10-oss120b-c,c,c,tsvc_2_s252,621382,621382,llr40v10-oss120b-c.n0.p21.w21,1,2.573538,105673683.000000,40159712.000000,0.000000,graded_attempt,sources/llr40v10-oss120b-c/tsvc_2_s252/621382.621382.llr40v10-oss120b-c.n0.p21.w21/candidate_01_submission.txt,3d105fcdd9096448b867d7f0a65c0e4ad431df551314f066fca543bf6bb0dba6
llr40v10-oss120b-c-skills,numba,c,tsvc_2_s252,621023,621023,llr40v10-oss120b-c-skills.n0.p21.w21,1,3.468740,94165768.000000,25613253.000000,0.000000,graded_attempt,sources/llr40v10-oss120b-c-skills/tsvc_2_s252/621023.621023.llr40v10-oss120b-c-skills.n0.p21.w21/candidate_01_submission.txt,a16c2435e16905c84a760ed4a255f7c9974aae2aa20b6c3ba42262c1bfe9b637
llr40v10-oss120b-fortran,c,fortran,tsvc_2_s252,621384,621384,llr40v10-oss120b-fortran.n0.p21.w21,1,3.718959,102390028.000000,25803763.000000,0.000000,graded_attempt,sources/llr40v10-oss120b-fortran/tsvc_2_s252/621384.621384.llr40v10-oss120b-fortran.n0.p21.w21/candidate_01_submission.txt,06bb2845cbfdedec70fd55944a147ab2b4695fa81bc129571fc28f7a5b4e02f7
llr40v10-oss120b-fortran,c,fortran,tsvc_2_s252,621019,621019,llr40v10-oss120b-fortran.n0.p21.w21,1,2.958215,120353482.000000,39927843.000000,0.000000,graded_attempt,sources/llr40v10-oss120b-fortran/tsvc_2_s252/621019.621019.llr40v10-oss120b-fortran.n0.p21.w21/candidate_01_submission.txt,2b7e50dce40f609e295a8604294dc659d30ac309e616070570bf99cbba8fd2e8
llr40v10-oss120b-fortran-skills,numba,fortran,tsvc_2_s252,621027,621027,llr40v10-oss120b-fortran-skills.n0.p21.w21,1,2.376619,95864503.000000,38759160.000000,0.000000,graded_attempt,sources/llr40v10-oss120b-fortran-skills/tsvc_2_s252/621027.621027.llr40v10-oss120b-fortran-skills.n0.p21.w21/candidate_01_submission.txt,6da4c0f59a228ac4c75ecefe264ec6060a8398f421b3035dfd717cb909aea2eb
llr40v10-qwen38-c,c,c,tsvc_2_s252,621016,621016,llr40v10-qwen38-c.n0.p21.w21,1,4.108044,107892030.000000,24852619.000000,0.000000,graded_attempt,sources/llr40v10-qwen38-c/tsvc_2_s252/621016.621016.llr40v10-qwen38-c.n0.p21.w21/candidate_01_submission.txt,7b633eb6cc3f9ac877c36d74b0ac30d22e42059ded716bd1adff7b98fcf37890
llr40v10-qwen38-c,c,c,tsvc_2_s252,621383,621383,llr40v10-qwen38-c.n0.p21.w21,1,4.108044,112585809.000000,25561165.000000,0.000000,graded_attempt,sources/llr40v10-qwen38-c/tsvc_2_s252/621383.621383.llr40v10-qwen38-c.n0.p21.w21/candidate_01_submission.txt,27e5943c3cb7a692ca24a082ad45fbf6cb960046afbd26ded43d8aa346a57da9
llr40v10-qwen38-c,numba,c,tsvc_2_s252,622265,622265,llr40v10-qwen38-c.n0.p21.w21,1,3.047852,83942809.000000,25796968.000000,0.000000,graded_attempt,sources/llr40v10-qwen38-c/tsvc_2_s252/622265.622265.llr40v10-qwen38-c.n0.p21.w21/candidate_01_submission.txt,54f4aa4f845b660f51e6f8197d08fbbf627408650f90ebc76dca86356f7ffa4f
llr40v10-qwen38-c-skills,numba,c,tsvc_2_s252,621024,621024,llr40v10-qwen38-c-skills.n0.p21.w21,4,5.164481,93795819.000000,17712595.000000,0.000000,graded_attempt,sources/llr40v10-qwen38-c-skills/tsvc_2_s252/621024.621024.llr40v10-qwen38-c-skills.n0.p21.w21/candidate_04_submission.txt,baf555183e68866900d337ae53f6556fcaf21789a15aeb2be4e9a0a12d4c6a88
llr40v10-qwen38-c-skills,numba,c,tsvc_2_s252,621024,621024,llr40v10-qwen38-c-skills.n0.p21.w21,5,5.164481,93795819.000000,17809335.000000,0.000000,graded_attempt,sources/llr40v10-qwen38-c-skills/tsvc_2_s252/621024.621024.llr40v10-qwen38-c-skills.n0.p21.w21/candidate_04_submission.txt,baf555183e68866900d337ae53f6556fcaf21789a15aeb2be4e9a0a12d4c6a88
llr40v10-qwen38-c-skills,numba,c,tsvc_2_s252,621024,621024,llr40v10-qwen38-c-skills.n0.p21.w21,2,4.769311,93795819.000000,18201488.000000,0.000000,graded_attempt,sources/llr40v10-qwen38-c-skills/tsvc_2_s252/621024.621024.llr40v10-qwen38-c-skills.n0.p21.w21/candidate_02_submission.txt,cf9837123f988f6dfbd373d8a9f5106dcfd8097cbfb3a7114dc98ccb9b609c24
llr40v10-qwen38-c-skills,numba,c,tsvc_2_s252,621024,621024,llr40v10-qwen38-c-skills.n0.p21.w21,3,4.722091,93795819.000000,18555920.000000,0.000000,graded_attempt,sources/llr40v10-qwen38-c-skills/tsvc_2_s252/621024.621024.llr40v10-qwen38-c-skills.n0.p21.w21/candidate_03_submission.txt,ccef90c897dbf59ac53f3dc0b79ed3fe53438a413133233eb71934dc593f8464
llr40v10-qwen38-c-skills,numba,c,tsvc_2_s252,621024,621024,llr40v10-qwen38-c-skills.n0.p21.w21,1,3.434396,93795819.000000,25703548.000000,0.000000,graded_attempt,sources/llr40v10-qwen38-c-skills/tsvc_2_s252/621024.621024.llr40v10-qwen38-c-skills.n0.p21.w21/candidate_01_submission.txt,8d8525ab8732a858b4321cf14f840c093cc5397e632375d6f5c5900f178112f8
llr40v10-qwen38-fortran,c,fortran,tsvc_2_s252,621020,621020,llr40v10-qwen38-fortran.n0.p21.w21,1,4.448423,120383053.000000,25761509.000000,0.000000,graded_attempt,sources/llr40v10-qwen38-fortran/tsvc_2_s252/621020.621020.llr40v10-qwen38-fortran.n0.p21.w21/candidate_01_submission.txt,c1b199bb2a05676f2e1c9a812912df0c4858d10601874b67e89bb64bc754ccc6
llr40v10-qwen38-fortran,numba,fortran,tsvc_2_s252,622266,622266,llr40v10-qwen38-fortran.n0.p21.w21,1,3.203323,89980046.000000,25729630.000000,0.000000,graded_attempt,sources/llr40v10-qwen38-fortran/tsvc_2_s252/622266.622266.llr40v10-qwen38-fortran.n0.p21.w21/candidate_01_submission.txt,b549676d46dd7c241906396acca5afa9d9a16c9df84d897ff5615cc3d425d4dc
llr40v10-qwen38-fortran,c,fortran,tsvc_2_s252,621385,621385,llr40v10-qwen38-fortran.n0.p21.w21,1,2.573538,103994824.000000,29828085.000000,0.000000,graded_attempt,sources/llr40v10-qwen38-fortran/tsvc_2_s252/621385.621385.llr40v10-qwen38-fortran.n0.p21.w21/candidate_01_submission.txt,413bdf6f304eade432764437e4ac7e8739a391288a7febe27f73e63ef914b580
llr40v11-kimi27sglang-c,numba,c,tsvc_2_s252,625534,625534,llr40v11-kimi27sglang-c.n0.p1.w1,1,3.573846,91444329.000000,25248141.000000,0.000000,graded_attempt,sources/llr40v11-kimi27sglang-c/tsvc_2_s252/625534.625534.llr40v11-kimi27sglang-c.n0.p1.w1/candidate_01_submission.txt,d302acce4f68f798c4a8c18c2b13b8f4bf993e7945106498d7b01fbf1c6b30a2
llr40v11-kimi27sglang-c-skills,numba,c,tsvc_2_s252,625538,625538,llr40v11-kimi27sglang-c-skills.n0.p1.w1,2,5.012594,92582712.000000,18186905.000000,0.000000,graded_attempt,sources/llr40v11-kimi27sglang-c-skills/tsvc_2_s252/625538.625538.llr40v11-kimi27sglang-c-skills.n0.p1.w1/candidate_01_submission.txt,58b35019ea6f657ad703b5bc6e33bbf638fd050f80458335558a73ad2c71f6a0
llr40v11-kimi27sglang-c-skills,numba,c,tsvc_2_s252,625538,625538,llr40v11-kimi27sglang-c-skills.n0.p1.w1,1,3.503427,95875744.000000,24713042.000000,0.000000,graded_attempt,sources/llr40v11-kimi27sglang-c-skills/tsvc_2_s252/625538.625538.llr40v11-kimi27sglang-c-skills.n0.p1.w1/candidate_01_submission.txt,58b35019ea6f657ad703b5bc6e33bbf638fd050f80458335558a73ad2c71f6a0
llr40v11-kimi27sglang-fortran,numba,fortran,tsvc_2_s252,625542,625542,llr40v11-kimi27sglang-fortran.n0.p1.w1,1,3.078330,84430621.000000,25619722.000000,0.000000,graded_attempt,sources/llr40v11-kimi27sglang-fortran/tsvc_2_s252/625542.625542.llr40v11-kimi27sglang-fortran.n0.p1.w1/candidate_01_submission.txt,effbecb32dcbfa51fab9e7ba5db4abbebe0e37b0ea959000bb488f5a12bee39b
llr40v11-kimi27sglang-fortran-skills,numba,fortran,tsvc_2_s252,625546,625546,llr40v11-kimi27sglang-fortran-skills.n0.p1.w1,2,4.492907,79477265.000000,17520023.000000,0.000000,graded_attempt,sources/llr40v11-kimi27sglang-fortran-skills/tsvc_2_s252/625546.625546.llr40v11-kimi27sglang-fortran-skills.n0.p1.w1/candidate_02_submission.txt,5b94a7208bd24ebd94433452287e0989b6a665ee3a69fafd17cb1dbc76891805
llr40v11-kimi27sglang-fortran-skills,numba,fortran,tsvc_2_s252,625546,625546,llr40v11-kimi27sglang-fortran-skills.n0.p1.w1,1,3.793710,79477265.000000,20722606.000000,0.000000,graded_attempt,sources/llr40v11-kimi27sglang-fortran-skills/tsvc_2_s252/625546.625546.llr40v11-kimi27sglang-fortran-skills.n0.p1.w1/candidate_01_submission.txt,873bbeda41080f95e9a53a7fee818a76ae4e29d5348705219e086bd5256a3546
llr40v11-oss120b-c,numba,c,tsvc_2_s252,625531,625531,llr40v11-oss120b-c.n0.p21.w21,1,3.140205,85999172.000000,25448031.000000,0.000000,graded_attempt,sources/llr40v11-oss120b-c/tsvc_2_s252/625531.625531.llr40v11-oss120b-c.n0.p21.w21/candidate_01_submission.txt,d7bb658784546f024b04adb527cfa36b9bb1f4aa0a1a0f946c7f23e55b474f6d
llr40v11-oss120b-c-skills,numba,c,tsvc_2_s252,625535,625535,llr40v11-oss120b-c-skills.n0.p21.w21,1,3.203323,85531107.000000,25068997.000000,0.000000,graded_attempt,sources/llr40v11-oss120b-c-skills/tsvc_2_s252/625535.625535.llr40v11-oss120b-c-skills.n0.p21.w21/candidate_01_submission.txt,d30fbf5c388523f5d5299c590761e244a08da5aa1d00d345e399efba04af146b
llr40v11-oss120b-fortran,numba,fortran,tsvc_2_s252,625539,625539,llr40v11-oss120b-fortran.n0.p21.w21,1,3.140205,86959088.000000,26012223.000000,0.000000,graded_attempt,sources/llr40v11-oss120b-fortran/tsvc_2_s252/625539.625539.llr40v11-oss120b-fortran.n0.p21.w21/candidate_01_submission.txt,4d30d08bdee63cbae091dd904424895fe2ae5cc0c2fd1e17d12cfe34b3939a0c
llr40v11-oss120b-fortran-skills,numba,fortran,tsvc_2_s252,625543,625543,llr40v11-oss120b-fortran-skills.n0.p21.w21,1,3.333391,91328724.000000,25772295.000000,0.000000,graded_attempt,sources/llr40v11-oss120b-fortran-skills/tsvc_2_s252/625543.625543.llr40v11-oss120b-fortran-skills.n0.p21.w21/candidate_01_submission.txt,931aaa14100517d08e890b45b4bdd3e5a2c3bb9cd480a8317d6938a546d687da
llr40v11-qwen38-c,numba,c,tsvc_2_s252,625532,625532,llr40v11-qwen38-c.n0.p21.w21,1,3.947749,84982760.000000,20532566.000000,0.000000,graded_attempt,sources/llr40v11-qwen38-c/tsvc_2_s252/625532.625532.llr40v11-qwen38-c.n0.p21.w21/candidate_01_submission.txt,c0797dff03e1ad1ffb1e2c64f8260deec861afe2a83428afea0c7b58973bbc39
llr40v11-qwen38-c-skills,numba,c,tsvc_2_s252,625536,625536,llr40v11-qwen38-c-skills.n0.p21.w21,2,4.583215,80935211.000000,16226101.000000,0.000000,graded_attempt,sources/llr40v11-qwen38-c-skills/tsvc_2_s252/625536.625536.llr40v11-qwen38-c-skills.n0.p21.w21/candidate_02_submission.txt,f59d27e44d6f2c8dbaee700ea38f5c287fa3ea4e4b742e3d7f08624141b61305
llr40v11-qwen38-c-skills,numba,c,tsvc_2_s252,625536,625536,llr40v11-qwen38-c-skills.n0.p21.w21,1,3.047852,80935211.000000,25490179.000000,0.000000,graded_attempt,sources/llr40v11-qwen38-c-skills/tsvc_2_s252/625536.625536.llr40v11-qwen38-c-skills.n0.p21.w21/candidate_01_submission.txt,f723fdff40f71f9e0044d76010518ecca3f5b4667f7e92be21933fb587d87fa1
llr40v11-qwen38-fortran,numba,fortran,tsvc_2_s252,625540,625540,llr40v11-qwen38-fortran.n0.p21.w21,1,3.831647,102345098.000000,24550494.000000,0.000000,graded_attempt,sources/llr40v11-qwen38-fortran/tsvc_2_s252/625540.625540.llr40v11-qwen38-fortran.n0.p21.w21/candidate_01_submission.txt,2b8e0a3cc98cafe7522733d8be0cbddc4d3006e6935d4c4c9c901328d668a904
v11w2-qwen38-fortran-skills,numba,fortran,tsvc_2_s252,626372,626372,v11w2-qwen38-fortran-skills.n0.p8.w8,2,5.704800,101190638.000000,17381225.000000,0.000000,graded_attempt,sources/v11w2-qwen38-fortran-skills/tsvc_2_s252/626372.626372.v11w2-qwen38-fortran-skills.n0.p8.w8/candidate_02_submission.txt,16bf6ac9c7f342e32ed386e4ea408182dc0c2b69c3b805e04100c9a15cc07702
v11w2-qwen38-fortran-skills,numba,fortran,tsvc_2_s252,626372,626372,v11w2-qwen38-fortran-skills.n0.p8.w8,1,3.682137,101190638.000000,25804517.000000,0.000000,graded_attempt,sources/v11w2-qwen38-fortran-skills/tsvc_2_s252/626372.626372.v11w2-qwen38-fortran-skills.n0.p8.w8/candidate_01_submission.txt,ee7a6aba8479377f9ac8bb4e93b016bf9e78edc86d1c50583dec326583c23202
gpuv2-llr40-oss120b-hip,numba,hip,tsvc_2_s255,627167,627167,gpuv2-llr40-oss120b-hip.n0.p22.w22,1,2922.414228,4641011590.000000,1534633.000000,0.000000,graded_attempt,sources/gpuv2-llr40-oss120b-hip/tsvc_2_s255/627167.627167.gpuv2-llr40-oss120b-hip.n0.p22.w22/candidate_01_submission.txt,cdb6d1a239b975b9c74539ebebd31ac10922e2542622f9e4d30e5bc672abc5bb
gpuv2-llr40-oss120b-hip-skills,numba,hip,tsvc_2_s255,627168,627168,gpuv2-llr40-oss120b-hip-skills.n0.p22.w22,1,2698.800509,4340293224.000000,1586264.000000,0.000000,graded_attempt,sources/gpuv2-llr40-oss120b-hip-skills/tsvc_2_s255/627168.627168.gpuv2-llr40-oss120b-hip-skills.n0.p22.w22/candidate_01_submission.txt,ddb400bebe14e5e80825a96f883688a8ac4a8ae9eaf41c8496905fe698c1ca0a
gpuv2-llr40-qwen38-hip,numba,hip,tsvc_2_s255,627017,627017,gpuv2-llr40-qwen38-hip.n0.p22.w22,1,2725.788514,4123406421.000000,1467978.000000,0.000000,graded_attempt,sources/gpuv2-llr40-qwen38-hip/tsvc_2_s255/627017.627017.gpuv2-llr40-qwen38-hip.n0.p22.w22/candidate_01_submission.txt,aec2c44b81d31611bfbb79d1c1c5e4dd33217521b201f575078f0c1c06366c26
gpuv2-llr40-qwen38-hip,numba,hip,tsvc_2_s255,627228,627228,gpuv2-llr40-qwen38-hip.n0.p22.w22,1,70.020725,112325842.000000,1483773.000000,0.000000,graded_attempt,sources/gpuv2-llr40-qwen38-hip/tsvc_2_s255/627228.627228.gpuv2-llr40-qwen38-hip.n0.p22.w22/candidate_01_submission.txt,fdf8f9b60f5ea839215e54c36cb0f710229e894b4877fbd3d137ff5c6fafa6d1
gpuv2-llr40-qwen38-hip,numba,hip,tsvc_2_s255,627228,627228,gpuv2-llr40-qwen38-hip.n0.p22.w22,2,68.641040,112325842.000000,1543323.000000,0.000000,graded_attempt,sources/gpuv2-llr40-qwen38-hip/tsvc_2_s255/627228.627228.gpuv2-llr40-qwen38-hip.n0.p22.w22/candidate_01_submission.txt,fdf8f9b60f5ea839215e54c36cb0f710229e894b4877fbd3d137ff5c6fafa6d1
gpuv2-llr40-qwen38-hip-skills,numba,hip,tsvc_2_s255,627018,627018,gpuv2-llr40-qwen38-hip-skills.n0.p22.w22,1,3228.163416,4654176719.000000,1415578.000000,0.000000,graded_attempt,sources/gpuv2-llr40-qwen38-hip-skills/tsvc_2_s255/627018.627018.gpuv2-llr40-qwen38-hip-skills.n0.p22.w22/candidate_01_submission.txt,384936229631bd390d3ab1f1ccf7afd612dd162563ba73fbf777d9709d91c549
gpuv2-llr40-qwen38-hip-skills,numba,hip,tsvc_2_s255,627018,627018,gpuv2-llr40-qwen38-hip-skills.n0.p22.w22,2,3228.163416,4654176719.000000,1325966.000000,0.000000,graded_attempt,sources/gpuv2-llr40-qwen38-hip-skills/tsvc_2_s255/627018.627018.gpuv2-llr40-qwen38-hip-skills.n0.p22.w22/candidate_01_submission.txt,384936229631bd390d3ab1f1ccf7afd612dd162563ba73fbf777d9709d91c549
gpuv2-llr40-qwen38-hip-skills,numba,hip,tsvc_2_s255,626646,626646,gpuv2-llr40-qwen38-hip-skills.n0.p22.w22,1,2836.466458,4572511121.000000,1603517.000000,0.000000,graded_attempt,sources/gpuv2-llr40-qwen38-hip-skills/tsvc_2_s255/626646.626646.gpuv2-llr40-qwen38-hip-skills.n0.p22.w22/candidate_01_submission.txt,ec8887d7b34750b3545c8c583272dfa9acf079fba35788fd9932bb0091072c84
gpuv2-llr40-qwen38-hip-skills,numba,hip,tsvc_2_s255,627229,627229,gpuv2-llr40-qwen38-hip-skills.n0.p22.w22,1,78.901106,115755860.000000,1385025.000000,0.000000,graded_attempt,sources/gpuv2-llr40-qwen38-hip-skills/tsvc_2_s255/627229.627229.gpuv2-llr40-qwen38-hip-skills.n0.p22.w22/candidate_01_submission.txt,f56fec242efe7d636461e3d1a097cbd06199c2d2ace8021110915116c25aab56
gpuv2-llr40-qwen38-hip-skills,numba,hip,tsvc_2_s255,627229,627229,gpuv2-llr40-qwen38-hip-skills.n0.p22.w22,2,78.119907,115755860.000000,1397745.000000,0.000000,graded_attempt,sources/gpuv2-llr40-qwen38-hip-skills/tsvc_2_s255/627229.627229.gpuv2-llr40-qwen38-hip-skills.n0.p22.w22/candidate_01_submission.txt,f56fec242efe7d636461e3d1a097cbd06199c2d2ace8021110915116c25aab56
gpuv2-llr40-qwen38-hip-skills,numba,hip,tsvc_2_s255,627229,627229,gpuv2-llr40-qwen38-hip-skills.n0.p22.w22,3,67.288541,115755860.000000,1676926.000000,0.000000,graded_attempt,sources/gpuv2-llr40-qwen38-hip-skills/tsvc_2_s255/627229.627229.gpuv2-llr40-qwen38-hip-skills.n0.p22.w22/candidate_03_submission.txt,107863f99c800d47e9932f2a9293d97d41c36c4c129eac6bed72b1ce8dd2c5ee
gpuv2-llr40-qwen38-omp,numba,c,tsvc_2_s255,626521,626521,gpuv2-llr40-qwen38-omp.n0.p22.w22,1,66.622318,4457375178.000000,66195754.000000,0.000000,graded_attempt,sources/gpuv2-llr40-qwen38-omp/tsvc_2_s255/626521.626521.gpuv2-llr40-qwen38-omp.n0.p22.w22/candidate_01_submission.txt,498be8becb54f6967421a205e814fec5932ac386be53334b37257c0c6ee225e5
gpuv4-llr40-oss120b-pytriton,numba,python,tsvc_2_s255,627175,627175,gpuv4-llr40-oss120b-pytriton.n0.p22.w22,1,3.140205,4276224054.000000,1366200204.000000,0.000000,graded_attempt,sources/gpuv4-llr40-oss120b-pytriton/tsvc_2_s255/627175.627175.gpuv4-llr40-oss120b-pytriton.n0.p22.w22/candidate_01_submission.txt,fb9aceb6bb741dbc5d6c8293040b2bf6ad7b96ade8dddf534884e25559fe9631
gpuv4-llr40-oss120b-pytriton-skills,numba,python,tsvc_2_s255,627176,627176,gpuv4-llr40-oss120b-pytriton-skills.n0.p22.w22,1,7.030549,4043811043.000000,576276997.000000,0.000000,graded_attempt,sources/gpuv4-llr40-oss120b-pytriton-skills/tsvc_2_s255/627176.627176.gpuv4-llr40-oss120b-pytriton-skills.n0.p22.w22/candidate_01_submission.txt,4ea95007c94881a8b7ec5b14ecc24817dbad647c24519be3be429126abcfdcd3
gpuv4-llr40-qwen38-pytriton,numba,python,tsvc_2_s255,626557,626557,gpuv4-llr40-qwen38-pytriton.n0.p22.w22,2,247.765638,4628576210.000000,18394722.000000,0.000000,graded_attempt,sources/gpuv4-llr40-qwen38-pytriton/tsvc_2_s255/626557.626557.gpuv4-llr40-qwen38-pytriton.n0.p22.w22/candidate_02_submission.txt,abe171c2c725fe27a613316bdd3b72cba6860746a721b0dafb2f1672fecf9da0
gpuv4-llr40-qwen38-pytriton,numba,python,tsvc_2_s255,626557,626557,gpuv4-llr40-qwen38-pytriton.n0.p22.w22,1,233.406439,4628576210.000000,18922622.000000,0.000000,graded_attempt,sources/gpuv4-llr40-qwen38-pytriton/tsvc_2_s255/626557.626557.gpuv4-llr40-qwen38-pytriton.n0.p22.w22/candidate_01_submission.txt,3094f5be0fc83e4c7745a87732fafb331bb97bd58731cf27b6916f85b1da3a97
gpuv4-llr40-qwen38-pytriton,numba,python,tsvc_2_s255,627019,627019,gpuv4-llr40-qwen38-pytriton.n0.p22.w22,1,5.936438,144989531.000000,22703997.000000,0.000000,graded_attempt,sources/gpuv4-llr40-qwen38-pytriton/tsvc_2_s255/627019.627019.gpuv4-llr40-qwen38-pytriton.n0.p22.w22/candidate_01_submission.txt,400bfaf1b6f2201aa79d8825cb42793f5fa72fd2850fa06b61d0e660d37180dd
gpuv4-llr40-qwen38-pytriton-skills,numba,python,tsvc_2_s255,626651,626651,gpuv4-llr40-qwen38-pytriton-skills.n0.p22.w22,4,222.078218,4321998841.000000,19201089.000000,0.000000,graded_attempt,sources/gpuv4-llr40-qwen38-pytriton-skills/tsvc_2_s255/626651.626651.gpuv4-llr40-qwen38-pytriton-skills.n0.p22.w22/candidate_01_submission.txt,34ade5e9de712a1129eb6dc42146d00e0e8031066357010e8c6d069b4c4bdcc7
gpuv4-llr40-qwen38-pytriton-skills,numba,python,tsvc_2_s255,626651,626651,gpuv4-llr40-qwen38-pytriton-skills.n0.p22.w22,5,222.078218,4321998841.000000,18971902.000000,0.000000,graded_attempt,sources/gpuv4-llr40-qwen38-pytriton-skills/tsvc_2_s255/626651.626651.gpuv4-llr40-qwen38-pytriton-skills.n0.p22.w22/candidate_01_submission.txt,34ade5e9de712a1129eb6dc42146d00e0e8031066357010e8c6d069b4c4bdcc7
gpuv4-llr40-qwen38-pytriton-skills,numba,python,tsvc_2_s255,626651,626651,gpuv4-llr40-qwen38-pytriton-skills.n0.p22.w22,7,222.078218,4321998841.000000,19300512.000000,0.000000,graded_attempt,sources/gpuv4-llr40-qwen38-pytriton-skills/tsvc_2_s255/626651.626651.gpuv4-llr40-qwen38-pytriton-skills.n0.p22.w22/candidate_01_submission.txt,34ade5e9de712a1129eb6dc42146d00e0e8031066357010e8c6d069b4c4bdcc7
gpuv4-llr40-qwen38-pytriton-skills,numba,python,tsvc_2_s255,626651,626651,gpuv4-llr40-qwen38-pytriton-skills.n0.p22.w22,3,219.879424,4321998841.000000,19007000.000000,0.000000,graded_attempt,sources/gpuv4-llr40-qwen38-pytriton-skills/tsvc_2_s255/626651.626651.gpuv4-llr40-qwen38-pytriton-skills.n0.p22.w22/candidate_01_submission.txt,34ade5e9de712a1129eb6dc42146d00e0e8031066357010e8c6d069b4c4bdcc7
gpuv4-llr40-qwen38-pytriton-skills,numba,python,tsvc_2_s255,626651,626651,gpuv4-llr40-qwen38-pytriton-skills.n0.p22.w22,1,168.076694,4321998841.000000,23991617.000000,0.000000,graded_attempt,sources/gpuv4-llr40-qwen38-pytriton-skills/tsvc_2_s255/626651.626651.gpuv4-llr40-qwen38-pytriton-skills.n0.p22.w22/candidate_01_submission.txt,34ade5e9de712a1129eb6dc42146d00e0e8031066357010e8c6d069b4c4bdcc7
gpuv4-llr40-qwen38-pytriton-skills,numba,python,tsvc_2_s255,626651,626651,gpuv4-llr40-qwen38-pytriton-skills.n0.p22.w22,2,164.764919,4321998841.000000,18892280.000000,0.000000,graded_attempt,sources/gpuv4-llr40-qwen38-pytriton-skills/tsvc_2_s255/626651.626651.gpuv4-llr40-qwen38-pytriton-skills.n0.p22.w22/candidate_01_submission.txt,34ade5e9de712a1129eb6dc42146d00e0e8031066357010e8c6d069b4c4bdcc7
gpuv4-llr40-qwen38-pytriton-skills,numba,python,tsvc_2_s255,626651,626651,gpuv4-llr40-qwen38-pytriton-skills.n0.p22.w22,6,150.651128,4321998841.000000,19454303.000000,0.000000,graded_attempt,sources/gpuv4-llr40-qwen38-pytriton-skills/tsvc_2_s255/626651.626651.gpuv4-llr40-qwen38-pytriton-skills.n0.p22.w22/candidate_01_submission.txt,34ade5e9de712a1129eb6dc42146d00e0e8031066357010e8c6d069b4c4bdcc7
gpuv4-llr40-qwen38-pytriton-skills,numba,python,tsvc_2_s255,627020,627020,gpuv4-llr40-qwen38-pytriton-skills.n0.p22.w22,1,30.658618,3093766379.000000,96649004.000000,0.000000,graded_attempt,sources/gpuv4-llr40-qwen38-pytriton-skills/tsvc_2_s255/627020.627020.gpuv4-llr40-qwen38-pytriton-skills.n0.p22.w22/candidate_01_submission.txt,0d41e69ed218565c4a24372e99c435e57408d37831e2839ca947857a089bb98a
gpuv4-llr40-qwen38-pytriton-skills,numba,python,tsvc_2_s255,627231,627231,gpuv4-llr40-qwen38-pytriton-skills.n0.p22.w22,1,4.913826,117103506.000000,22227795.000000,0.000000,graded_attempt,sources/gpuv4-llr40-qwen38-pytriton-skills/tsvc_2_s255/627231.627231.gpuv4-llr40-qwen38-pytriton-skills.n0.p22.w22/candidate_01_submission.txt,f680c25f80b2f0aa0bcfb2f4096dfa5e81c20d7c1c7cb9852d94f2f96d60773c
gpuv4-llr40-qwen38-pytriton-skills,numba,python,tsvc_2_s255,627231,627231,gpuv4-llr40-qwen38-pytriton-skills.n0.p22.w22,2,4.817005,117103506.000000,22609559.000000,0.000000,graded_attempt,sources/gpuv4-llr40-qwen38-pytriton-skills/tsvc_2_s255/627231.627231.gpuv4-llr40-qwen38-pytriton-skills.n0.p22.w22/candidate_01_submission.txt,f680c25f80b2f0aa0bcfb2f4096dfa5e81c20d7c1c7cb9852d94f2f96d60773c
llr40v10-kimi27sglang-c,numba,c,tsvc_2_s255,621018,621018,llr40v10-kimi27sglang-c.n0.p2.w2,1,7.843761,147225066.000000,18259090.000000,0.000000,graded_attempt,sources/llr40v10-kimi27sglang-c/tsvc_2_s255/621018.621018.llr40v10-kimi27sglang-c.n0.p2.w2/candidate_01_submission.txt,cd5bee3870d9d937363d21cc230281a2db5c391ed358c947e6b0a7c18efb76f5
llr40v10-kimi27sglang-c,numba,c,tsvc_2_s255,621730,621730,llr40v10-kimi27sglang-c.n0.p2.w2,2,7.766100,147862632.000000,18870252.000000,0.000000,graded_attempt,sources/llr40v10-kimi27sglang-c/tsvc_2_s255/621730.621730.llr40v10-kimi27sglang-c.n0.p2.w2/candidate_02_submission.txt,1776216390387315f56e73970ca566fee2ec617e0439ef45ec1aa02798e9c4f4
llr40v10-kimi27sglang-c,numba,c,tsvc_2_s255,621730,621730,llr40v10-kimi27sglang-c.n0.p2.w2,3,7.766100,147862632.000000,18835340.000000,0.000000,graded_attempt,sources/llr40v10-kimi27sglang-c/tsvc_2_s255/621730.621730.llr40v10-kimi27sglang-c.n0.p2.w2/candidate_02_submission.txt,1776216390387315f56e73970ca566fee2ec617e0439ef45ec1aa02798e9c4f4
llr40v10-kimi27sglang-c,numba,c,tsvc_2_s255,621730,621730,llr40v10-kimi27sglang-c.n0.p2.w2,1,1.196147,147862632.000000,120736749.000000,0.000000,graded_attempt,sources/llr40v10-kimi27sglang-c/tsvc_2_s255/621730.621730.llr40v10-kimi27sglang-c.n0.p2.w2/candidate_01_submission.txt,16124a4241f15df5183186c24b5cabafde67d53a30a645805489e411442e5c27
llr40v10-kimi27sglang-c-skills,numba,c,tsvc_2_s255,621026,621026,llr40v10-kimi27sglang-c-skills.n0.p2.w2,1,7.766100,143810658.000000,18204441.000000,0.000000,graded_attempt,sources/llr40v10-kimi27sglang-c-skills/tsvc_2_s255/621026.621026.llr40v10-kimi27sglang-c-skills.n0.p2.w2/candidate_01_submission.txt,485d1a01821060199729c9d2a9c07be2ed93ae2795c86a7f0213ddeb16e6f275
llr40v10-kimi27sglang-c-skills,numba,c,tsvc_2_s255,621026,621026,llr40v10-kimi27sglang-c-skills.n0.p2.w2,4,7.766100,143810658.000000,18255433.000000,0.000000,graded_attempt,sources/llr40v10-kimi27sglang-c-skills/tsvc_2_s255/621026.621026.llr40v10-kimi27sglang-c-skills.n0.p2.w2/candidate_04_submission.txt,5bd915c3273c2fa12672c55e795f02a8744da0aa061c59dea929914d7cb40e10
llr40v10-kimi27sglang-c-skills,numba,c,tsvc_2_s255,621026,621026,llr40v10-kimi27sglang-c-skills.n0.p2.w2,3,7.689208,143810658.000000,18273930.000000,0.000000,graded_attempt,sources/llr40v10-kimi27sglang-c-skills/tsvc_2_s255/621026.621026.llr40v10-kimi27sglang-c-skills.n0.p2.w2/candidate_01_submission.txt,485d1a01821060199729c9d2a9c07be2ed93ae2795c86a7f0213ddeb16e6f275
llr40v10-kimi27sglang-c-skills,numba,c,tsvc_2_s255,621026,621026,llr40v10-kimi27sglang-c-skills.n0.p2.w2,2,7.463070,137167459.000000,18176480.000000,0.000000,graded_attempt,sources/llr40v10-kimi27sglang-c-skills/tsvc_2_s255/621026.621026.llr40v10-kimi27sglang-c-skills.n0.p2.w2/candidate_01_submission.txt,485d1a01821060199729c9d2a9c07be2ed93ae2795c86a7f0213ddeb16e6f275
llr40v10-kimi27sglang-fortran,numba,fortran,tsvc_2_s255,621732,621732,llr40v10-kimi27sglang-fortran.n0.p2.w2,3,7.613078,142281321.000000,18296436.000000,0.000000,graded_attempt,sources/llr40v10-kimi27sglang-fortran/tsvc_2_s255/621732.621732.llr40v10-kimi27sglang-fortran.n0.p2.w2/candidate_03_submission.txt,6206576e281ec69c747684d18e3c69bb001888730861d6530ea2aa49d5445169
llr40v10-kimi27sglang-fortran,numba,fortran,tsvc_2_s255,621732,621732,llr40v10-kimi27sglang-fortran.n0.p2.w2,4,7.537701,142281321.000000,18299866.000000,0.000000,graded_attempt,sources/llr40v10-kimi27sglang-fortran/tsvc_2_s255/621732.621732.llr40v10-kimi27sglang-fortran.n0.p2.w2/candidate_04_submission.txt,e98c3381454f6bd103ef451e5195bd8022aee4bb04bd73f8b5b5d0666b17e893
llr40v10-kimi27sglang-fortran,numba,fortran,tsvc_2_s255,621732,621732,llr40v10-kimi27sglang-fortran.n0.p2.w2,5,7.537701,142281321.000000,18283614.000000,0.000000,graded_attempt,sources/llr40v10-kimi27sglang-fortran/tsvc_2_s255/621732.621732.llr40v10-kimi27sglang-fortran.n0.p2.w2/candidate_05_submission.txt,825f3124dc761bddf40646ef6ef13c93a823c8269fe300926c09eb02bc8ae9d7
llr40v10-kimi27sglang-fortran,numba,fortran,tsvc_2_s255,621732,621732,llr40v10-kimi27sglang-fortran.n0.p2.w2,1,7.463070,142281321.000000,18345892.000000,0.000000,graded_attempt,sources/llr40v10-kimi27sglang-fortran/tsvc_2_s255/621732.621732.llr40v10-kimi27sglang-fortran.n0.p2.w2/candidate_01_submission.txt,57d01bb0174c8450832bc3bf3ad003db08833604fa87b21b9e4aa2f82edc5b6b
llr40v10-kimi27sglang-fortran,numba,fortran,tsvc_2_s255,621732,621732,llr40v10-kimi27sglang-fortran.n0.p2.w2,2,7.463070,142281321.000000,18232411.000000,0.000000,graded_attempt,sources/llr40v10-kimi27sglang-fortran/tsvc_2_s255/621732.621732.llr40v10-kimi27sglang-fortran.n0.p2.w2/candidate_02_submission.txt,2d51b579bdb105abd0176577d46d8b29ee88e9c7c9df35677ac6141cbf0c4106
llr40v10-kimi27sglang-fortran,c,fortran,tsvc_2_s255,621022,621022,llr40v10-kimi27sglang-fortran.n0.p2.w2,1,6.301648,117198588.000000,18349437.000000,0.000000,graded_attempt,sources/llr40v10-kimi27sglang-fortran/tsvc_2_s255/621022.621022.llr40v10-kimi27sglang-fortran.n0.p2.w2/candidate_01_submission.txt,f057a637c0cd7c6354673445465dd2d4b68d60aa09f39636b906ce00a30723c4
llr40v10-kimi27sglang-fortran,c,fortran,tsvc_2_s255,621022,621022,llr40v10-kimi27sglang-fortran.n0.p2.w2,2,6.177481,113470525.000000,18193823.000000,0.000000,graded_attempt,sources/llr40v10-kimi27sglang-fortran/tsvc_2_s255/621022.621022.llr40v10-kimi27sglang-fortran.n0.p2.w2/candidate_02_submission.txt,7cef8d761986210d6c716150aced808600751cb5d804147e6ddafced9ca338f1
llr40v10-kimi27sglang-fortran,c,fortran,tsvc_2_s255,621022,621022,llr40v10-kimi27sglang-fortran.n0.p2.w2,3,6.177481,113738821.000000,18248845.000000,0.000000,graded_attempt,sources/llr40v10-kimi27sglang-fortran/tsvc_2_s255/621022.621022.llr40v10-kimi27sglang-fortran.n0.p2.w2/candidate_02_submission.txt,7cef8d761986210d6c716150aced808600751cb5d804147e6ddafced9ca338f1
llr40v10-kimi27sglang-fortran-skills,numba,fortran,tsvc_2_s255,621030,621030,llr40v10-kimi27sglang-fortran-skills.n0.p2.w2,4,8.081435,147997466.000000,18367592.000000,0.000000,graded_attempt,sources/llr40v10-kimi27sglang-fortran-skills/tsvc_2_s255/621030.621030.llr40v10-kimi27sglang-fortran-skills.n0.p2.w2/candidate_04_submission.txt,4cdc8701c5dcbeb5a47dd29302fec5c88e31b0f1407495941a449617fceb1c94
llr40v10-kimi27sglang-fortran-skills,numba,fortran,tsvc_2_s255,621030,621030,llr40v10-kimi27sglang-fortran-skills.n0.p2.w2,2,8.001421,147997466.000000,18354448.000000,0.000000,graded_attempt,sources/llr40v10-kimi27sglang-fortran-skills/tsvc_2_s255/621030.621030.llr40v10-kimi27sglang-fortran-skills.n0.p2.w2/candidate_02_submission.txt,729cabeb6bbcb84ff79286ebe7709ad74266e9a28acffa5d81debbcb597f322a
llr40v10-kimi27sglang-fortran-skills,numba,fortran,tsvc_2_s255,621030,621030,llr40v10-kimi27sglang-fortran-skills.n0.p2.w2,3,8.001421,147997466.000000,18318582.000000,0.000000,graded_attempt,sources/llr40v10-kimi27sglang-fortran-skills/tsvc_2_s255/621030.621030.llr40v10-kimi27sglang-fortran-skills.n0.p2.w2/candidate_03_submission.txt,d36594194e954990e7331c6fae0cbca26525f0d2cb8831c27e7c453248cca74b
llr40v10-kimi27sglang-fortran-skills,numba,fortran,tsvc_2_s255,621030,621030,llr40v10-kimi27sglang-fortran-skills.n0.p2.w2,5,8.001421,147997466.000000,18304092.000000,0.000000,graded_attempt,sources/llr40v10-kimi27sglang-fortran-skills/tsvc_2_s255/621030.621030.llr40v10-kimi27sglang-fortran-skills.n0.p2.w2/candidate_05_submission.txt,c6ea299d6abbcb27506bcd5f00c0b9b794ed0c57cce9da11532a32d0aed4d7ee
llr40v10-kimi27sglang-fortran-skills,numba,fortran,tsvc_2_s255,621030,621030,llr40v10-kimi27sglang-fortran-skills.n0.p2.w2,1,7.030549,147997466.000000,20749795.000000,0.000000,graded_attempt,sources/llr40v10-kimi27sglang-fortran-skills/tsvc_2_s255/621030.621030.llr40v10-kimi27sglang-fortran-skills.n0.p2.w2/candidate_01_submission.txt,2b17a8247cb49cd7b63f72b23922dfbbe715ec026a6bf20fdd2483bdc79975a2
llr40v10-oss120b-c,c,c,tsvc_2_s255,621382,621382,llr40v10-oss120b-c.n0.p22.w22,1,5.995802,110362947.000000,18162658.000000,0.000000,graded_attempt,sources/llr40v10-oss120b-c/tsvc_2_s255/621382.621382.llr40v10-oss120b-c.n0.p22.w22/candidate_01_submission.txt,0fe9872e650757d9cc33f63564cf83023db1a5f60aec3da5ea514a1858cefab6
llr40v10-oss120b-c,c,c,tsvc_2_s255,621015,621015,llr40v10-oss120b-c.n0.p22.w22,1,5.819466,163553555.000000,27522907.000000,0.000000,graded_attempt,sources/llr40v10-oss120b-c/tsvc_2_s255/621015.621015.llr40v10-oss120b-c.n0.p22.w22/candidate_01_submission.txt,b23f577ca43f832b118805e96073ad8403d25b68fd50e97de1e0d8196c93f9db
llr40v10-oss120b-c-skills,numba,c,tsvc_2_s255,621023,621023,llr40v10-oss120b-c-skills.n0.p22.w22,1,219.879424,4096300464.000000,18232800.000000,0.000000,graded_attempt,sources/llr40v10-oss120b-c-skills/tsvc_2_s255/621023.621023.llr40v10-oss120b-c-skills.n0.p22.w22/candidate_01_submission.txt,e7cfc5c6eaf1fb8b28b20e0e0cd1764ebbec9a37e184353ad860cca280a6ad32
llr40v10-oss120b-fortran,c,fortran,tsvc_2_s255,621019,621019,llr40v10-oss120b-fortran.n0.p22.w22,1,6.364665,124323230.000000,19046966.000000,0.000000,graded_attempt,sources/llr40v10-oss120b-fortran/tsvc_2_s255/621019.621019.llr40v10-oss120b-fortran.n0.p22.w22/candidate_01_submission.txt,640c52d0059b0b28f55185d08288dbd7a98b4a6f64d5b11614c257854945bb95
llr40v10-oss120b-fortran,c,fortran,tsvc_2_s255,621384,621384,llr40v10-oss120b-fortran.n0.p22.w22,1,5.648317,107060361.000000,18293273.000000,0.000000,graded_attempt,sources/llr40v10-oss120b-fortran/tsvc_2_s255/621384.621384.llr40v10-oss120b-fortran.n0.p22.w22/candidate_01_submission.txt,a05519a9311e587b467de6c9889311d82f0823490f63b6d344d1cdb9f37cdf82
llr40v10-oss120b-fortran,c,fortran,tsvc_2_s255,621019,621019,llr40v10-oss120b-fortran.n0.p22.w22,2,5.592393,106818822.000000,18308895.000000,0.000000,graded_attempt,sources/llr40v10-oss120b-fortran/tsvc_2_s255/621019.621019.llr40v10-oss120b-fortran.n0.p22.w22/candidate_02_submission.txt,aeaa8a45ae9a402f9bbeede8e04724049f74f5a90132912ad6a4b8f9d61d35cf
llr40v10-oss120b-fortran-skills,numba,fortran,tsvc_2_s255,621027,621027,llr40v10-oss120b-fortran-skills.n0.p22.w22,1,209.207727,4092763703.000000,18812693.000000,0.000000,graded_attempt,sources/llr40v10-oss120b-fortran-skills/tsvc_2_s255/621027.621027.llr40v10-oss120b-fortran-skills.n0.p22.w22/candidate_01_submission.txt,d6e45070926e971358bd253416e9cdd7bb02a55d12a7d149122048cb040e7547
llr40v10-qwen38-c,numba,c,tsvc_2_s255,621727,621727,llr40v10-qwen38-c.n0.p22.w22,1,38.542881,3838552900.000000,100196580.000000,0.000000,graded_attempt,sources/llr40v10-qwen38-c/tsvc_2_s255/621727.621727.llr40v10-qwen38-c.n0.p22.w22/candidate_01_submission.txt,99c1758758239eb7893d96f45d8ce5509ec71dc088db184eb780148d4bf8a2ca
llr40v10-qwen38-c,numba,c,tsvc_2_s255,622265,622265,llr40v10-qwen38-c.n0.p22.w22,1,7.243582,133864875.000000,18401962.000000,0.000000,graded_attempt,sources/llr40v10-qwen38-c/tsvc_2_s255/622265.622265.llr40v10-qwen38-c.n0.p22.w22/candidate_01_submission.txt,60ee6d1dbf096bf81f7ab896eb9f8c647f76d4b34fc0ad4556eb6540d7504fd4
llr40v10-qwen38-c-skills,numba,c,tsvc_2_s255,621024,621024,llr40v10-qwen38-c-skills.n0.p22.w22,2,242.883676,4350705500.000000,18249099.000000,0.000000,graded_attempt,sources/llr40v10-qwen38-c-skills/tsvc_2_s255/621024.621024.llr40v10-qwen38-c-skills.n0.p22.w22/candidate_02_submission.txt,81e4d0bc564bd55af640d9f57a4cd3aeb4943286bd5a2abf9afb9476fc93e08a
llr40v10-qwen38-c-skills,numba,c,tsvc_2_s255,621024,621024,llr40v10-qwen38-c-skills.n0.p22.w22,1,240.478888,4350705500.000000,18135792.000000,0.000000,graded_attempt,sources/llr40v10-qwen38-c-skills/tsvc_2_s255/621024.621024.llr40v10-qwen38-c-skills.n0.p22.w22/candidate_01_submission.txt,3a2324b6e54660f85537be3b27d18b5f6ed8acf7484965b3282cd95019ad24a1
llr40v10-qwen38-fortran,numba,fortran,tsvc_2_s255,621728,621728,llr40v10-qwen38-fortran.n0.p22.w22,1,247.765638,4519603166.000000,18232606.000000,0.000000,graded_attempt,sources/llr40v10-qwen38-fortran/tsvc_2_s255/621728.621728.llr40v10-qwen38-fortran.n0.p22.w22/candidate_01_submission.txt,38ad53a4faa12be5f966ae762fdb72d34f108c23c474c833068aea46a8b0bf58
llr40v10-qwen38-fortran,numba,fortran,tsvc_2_s255,622266,622266,llr40v10-qwen38-fortran.n0.p22.w22,1,245.312513,4377163150.000000,18100605.000000,0.000000,graded_attempt,sources/llr40v10-qwen38-fortran/tsvc_2_s255/622266.622266.llr40v10-qwen38-fortran.n0.p22.w22/candidate_01_submission.txt,7e65d4ae30ef6729a1454b8682091b4f3abdc776af03263b248996e1245a5d6e
llr40v10-qwen38-fortran,c,fortran,tsvc_2_s255,621020,621020,llr40v10-qwen38-fortran.n0.p22.w22,1,5.819466,112100082.000000,18657719.000000,0.000000,graded_attempt,sources/llr40v10-qwen38-fortran/tsvc_2_s255/621020.621020.llr40v10-qwen38-fortran.n0.p22.w22/candidate_01_submission.txt,32621e7d80cdf46646913e09f6faf23fd2c3108690cf7bb10b1cc4886f6e265f
llr40v10-qwen38-fortran-skills,numba,fortran,tsvc_2_s255,621028,621028,llr40v10-qwen38-fortran-skills.n0.p22.w22,1,209.207727,4019846806.000000,19431820.000000,0.000000,graded_attempt,sources/llr40v10-qwen38-fortran-skills/tsvc_2_s255/621028.621028.llr40v10-qwen38-fortran-skills.n0.p22.w22/candidate_01_submission.txt,287d99a8544565764f2e97638af5d89793e734411949a0f1810f81d186b80fc4
llr40v10-qwen38-fortran-skills,numba,fortran,tsvc_2_s255,621028,621028,llr40v10-qwen38-fortran-skills.n0.p22.w22,2,207.136364,4019846806.000000,19486705.000000,0.000000,graded_attempt,sources/llr40v10-qwen38-fortran-skills/tsvc_2_s255/621028.621028.llr40v10-qwen38-fortran-skills.n0.p22.w22/candidate_01_submission.txt,287d99a8544565764f2e97638af5d89793e734411949a0f1810f81d186b80fc4
llr40v10-qwen38-fortran-skills,numba,fortran,tsvc_2_s255,621028,621028,llr40v10-qwen38-fortran-skills.n0.p22.w22,4,207.136364,4019846806.000000,19407766.000000,0.000000,graded_attempt,sources/llr40v10-qwen38-fortran-skills/tsvc_2_s255/621028.621028.llr40v10-qwen38-fortran-skills.n0.p22.w22/candidate_01_submission.txt,287d99a8544565764f2e97638af5d89793e734411949a0f1810f81d186b80fc4
llr40v10-qwen38-fortran-skills,numba,fortran,tsvc_2_s255,621028,621028,llr40v10-qwen38-fortran-skills.n0.p22.w22,3,205.085508,4019846806.000000,19598157.000000,0.000000,graded_attempt,sources/llr40v10-qwen38-fortran-skills/tsvc_2_s255/621028.621028.llr40v10-qwen38-fortran-skills.n0.p22.w22/candidate_01_submission.txt,287d99a8544565764f2e97638af5d89793e734411949a0f1810f81d186b80fc4
llr40v10-qwen38-fortran-skills,numba,fortran,tsvc_2_s255,621028,621028,llr40v10-qwen38-fortran-skills.n0.p22.w22,5,205.085508,4019846806.000000,19567275.000000,0.000000,graded_attempt,sources/llr40v10-qwen38-fortran-skills/tsvc_2_s255/621028.621028.llr40v10-qwen38-fortran-skills.n0.p22.w22/candidate_01_submission.txt,287d99a8544565764f2e97638af5d89793e734411949a0f1810f81d186b80fc4
llr40v11-kimi27sglang-c,numba,c,tsvc_2_s255,625534,625534,llr40v11-kimi27sglang-c.n0.p2.w2,2,231.095484,4325279104.000000,18476280.000000,0.000000,graded_attempt,sources/llr40v11-kimi27sglang-c/tsvc_2_s255/625534.625534.llr40v11-kimi27sglang-c.n0.p2.w2/candidate_02_submission.txt,ed400f86fe31e14282f5b92b1d6d8b36d625ad220837c3d0f978177b1a530a19
llr40v11-kimi27sglang-c,numba,c,tsvc_2_s255,625534,625534,llr40v11-kimi27sglang-c.n0.p2.w2,1,43.001073,4325279104.000000,97299598.000000,0.000000,graded_attempt,sources/llr40v11-kimi27sglang-c/tsvc_2_s255/625534.625534.llr40v11-kimi27sglang-c.n0.p2.w2/candidate_01_submission.txt,4206f302ee229f6dc307a6657b8abbb706ad2c87d59ff05afb5df2b76c83a4ee
llr40v11-kimi27sglang-c-skills,numba,c,tsvc_2_s255,625538,625538,llr40v11-kimi27sglang-c-skills.n0.p2.w2,1,8.081435,151248323.000000,18226626.000000,0.000000,graded_attempt,sources/llr40v11-kimi27sglang-c-skills/tsvc_2_s255/625538.625538.llr40v11-kimi27sglang-c-skills.n0.p2.w2/candidate_01_submission.txt,4e04a1aee6821050da301dc2c3b902f0e92e0658985a80c846a59abb2f554072
llr40v11-kimi27sglang-fortran,numba,fortran,tsvc_2_s255,625542,625542,llr40v11-kimi27sglang-fortran.n0.p2.w2,1,7.316018,135131106.000000,18185215.000000,0.000000,graded_attempt,sources/llr40v11-kimi27sglang-fortran/tsvc_2_s255/625542.625542.llr40v11-kimi27sglang-fortran.n0.p2.w2/candidate_01_submission.txt,e69a00f7604f717d0ca32ec43859b4985717be1104fd76a3362c7c01a7441ca7
llr40v11-kimi27sglang-fortran,numba,fortran,tsvc_2_s255,625542,625542,llr40v11-kimi27sglang-fortran.n0.p2.w2,2,7.316018,135131106.000000,18206532.000000,0.000000,graded_attempt,sources/llr40v11-kimi27sglang-fortran/tsvc_2_s255/625542.625542.llr40v11-kimi27sglang-fortran.n0.p2.w2/candidate_01_submission.txt,e69a00f7604f717d0ca32ec43859b4985717be1104fd76a3362c7c01a7441ca7
llr40v11-kimi27sglang-fortran,numba,fortran,tsvc_2_s255,625542,625542,llr40v11-kimi27sglang-fortran.n0.p2.w2,3,7.243582,135131106.000000,18233581.000000,0.000000,graded_attempt,sources/llr40v11-kimi27sglang-fortran/tsvc_2_s255/625542.625542.llr40v11-kimi27sglang-fortran.n0.p2.w2/candidate_03_submission.txt,81d93c03045508c2441b5ab6c6cfce775471e0c5bd11220d59fb09453253b92d
llr40v11-kimi27sglang-fortran-skills,numba,fortran,tsvc_2_s255,625546,625546,llr40v11-kimi27sglang-fortran-skills.n0.p2.w2,1,245.312513,4504113476.000000,18188434.000000,0.000000,graded_attempt,sources/llr40v11-kimi27sglang-fortran-skills/tsvc_2_s255/625546.625546.llr40v11-kimi27sglang-fortran-skills.n0.p2.w2/candidate_01_submission.txt,d9b938a8614f93b99c319b95277ed37f5552aebca0444d25ab4872aa56760ae2
llr40v11-oss120b-c,numba,c,tsvc_2_s255,625531,625531,llr40v11-oss120b-c.n0.p22.w22,1,235.740503,4374153831.000000,18201115.000000,0.000000,graded_attempt,sources/llr40v11-oss120b-c/tsvc_2_s255/625531.625531.llr40v11-oss120b-c.n0.p22.w22/candidate_01_submission.txt,2192c53cf92348e0fc9e4038203948dcf833bb77b1ea2bcdbede7244dc6f16d7
llr40v11-oss120b-c-skills,numba,c,tsvc_2_s255,625535,625535,llr40v11-oss120b-c-skills.n0.p22.w22,1,7.171863,133454615.000000,18247391.000000,0.000000,graded_attempt,sources/llr40v11-oss120b-c-skills/tsvc_2_s255/625535.625535.llr40v11-oss120b-c-skills.n0.p22.w22/candidate_01_submission.txt,819a8d9d8f19f41f7f811d3250c0f254c99d7a1e65b0294f4d69276818503acf
llr40v11-oss120b-fortran,numba,fortran,tsvc_2_s255,625539,625539,llr40v11-oss120b-fortran.n0.p22.w22,1,7.171863,134474667.000000,18301422.000000,0.000000,graded_attempt,sources/llr40v11-oss120b-fortran/tsvc_2_s255/625539.625539.llr40v11-oss120b-fortran.n0.p22.w22/candidate_01_submission.txt,b37733ecf2df46aec5c968fb0788d31340664a15fcab837977486834c8ddcebe
llr40v11-oss120b-fortran-skills,numba,fortran,tsvc_2_s255,625543,625543,llr40v11-oss120b-fortran-skills.n0.p22.w22,1,97.237087,4124764482.000000,41582491.000000,0.000000,graded_attempt,sources/llr40v11-oss120b-fortran-skills/tsvc_2_s255/625543.625543.llr40v11-oss120b-fortran-skills.n0.p22.w22/candidate_01_submission.txt,b7710bbe96929da0652b6afad8af7b836b3fca3fbf483a71683e73123bcf5076
llr40v11-qwen38-c,numba,c,tsvc_2_s255,625532,625532,llr40v11-qwen38-c.n0.p22.w22,1,247.765638,4579957023.000000,18190918.000000,0.000000,graded_attempt,sources/llr40v11-qwen38-c/tsvc_2_s255/625532.625532.llr40v11-qwen38-c.n0.p22.w22/candidate_01_submission.txt,60d3c4a606c747d723c8cbf5bb0d530d3dcb795fef72b80c3f356782223676a2
llr40v11-qwen38-c-skills,numba,c,tsvc_2_s255,625536,625536,llr40v11-qwen38-c-skills.n0.p22.w22,1,7.389178,135449505.000000,18173345.000000,0.000000,graded_attempt,sources/llr40v11-qwen38-c-skills/tsvc_2_s255/625536.625536.llr40v11-qwen38-c-skills.n0.p22.w22/candidate_01_submission.txt,2f26676e5890be9e5d3fb303d19114a6a6f3c01b4586ae77e6a9856ed19c3289
llr40v11-qwen38-c-skills,numba,c,tsvc_2_s255,625536,625536,llr40v11-qwen38-c-skills.n0.p22.w22,2,7.389178,135449505.000000,18213096.000000,0.000000,graded_attempt,sources/llr40v11-qwen38-c-skills/tsvc_2_s255/625536.625536.llr40v11-qwen38-c-skills.n0.p22.w22/candidate_02_submission.txt,30892d1a36863dfb06fe957204e4116386ae74d0f568e7a71ceb0317ad5f4fb1
llr40v11-qwen38-c-skills,numba,c,tsvc_2_s255,625536,625536,llr40v11-qwen38-c-skills.n0.p22.w22,3,7.389178,135449505.000000,18250994.000000,0.000000,graded_attempt,sources/llr40v11-qwen38-c-skills/tsvc_2_s255/625536.625536.llr40v11-qwen38-c-skills.n0.p22.w22/candidate_02_submission.txt,30892d1a36863dfb06fe957204e4116386ae74d0f568e7a71ceb0317ad5f4fb1
llr40v11-qwen38-fortran,numba,fortran,tsvc_2_s255,625540,625540,llr40v11-qwen38-fortran.n0.p22.w22,1,250.243295,4661688022.000000,18165008.000000,0.000000,graded_attempt,sources/llr40v11-qwen38-fortran/tsvc_2_s255/625540.625540.llr40v11-qwen38-fortran.n0.p22.w22/candidate_01_submission.txt,d8132a685fe6798963de22b213af43c2f4d4dccccd335276cd44a5092cb079c0
llr40v11-qwen38-fortran-skills,numba,fortran,tsvc_2_s255,625544,625544,llr40v11-qwen38-fortran-skills.n0.p22.w22,2,250.243295,4631403694.000000,18608205.000000,0.000000,graded_attempt,sources/llr40v11-qwen38-fortran-skills/tsvc_2_s255/625544.625544.llr40v11-qwen38-fortran-skills.n0.p22.w22/candidate_02_submission.txt,7da03c4214064c804314ea5f1515c2bfd53fed8b4be2528d5f94b4bd48e9ce3d
llr40v11-qwen38-fortran-skills,numba,fortran,tsvc_2_s255,625544,625544,llr40v11-qwen38-fortran-skills.n0.p22.w22,1,247.765638,4631403694.000000,18608846.000000,0.000000,graded_attempt,sources/llr40v11-qwen38-fortran-skills/tsvc_2_s255/625544.625544.llr40v11-qwen38-fortran-skills.n0.p22.w22/candidate_01_submission.txt,ead012f7fe0cd240b480fecf70305ef607bae7d50bca762d487132c7db2dd113
gpuv2-llr40-oss120b-hip,numba,hip,tsvc_2_s2710,627167,627167,gpuv2-llr40-oss120b-hip.n0.p23.w23,1,12.900100,22065463.000000,1709804.000000,0.000000,graded_attempt,sources/gpuv2-llr40-oss120b-hip/tsvc_2_s2710/627167.627167.gpuv2-llr40-oss120b-hip.n0.p23.w23/candidate_01_submission.txt,20a9057902dea46df82b5840bfc6873b12bbc33cde8f5ce680c86ed60493e491
gpuv2-llr40-oss120b-hip-skills,numba,hip,tsvc_2_s2710,627168,627168,gpuv2-llr40-oss120b-hip-skills.n0.p23.w23,1,14.536155,26340654.000000,1771417.000000,0.000000,graded_attempt,sources/gpuv2-llr40-oss120b-hip-skills/tsvc_2_s2710/627168.627168.gpuv2-llr40-oss120b-hip-skills.n0.p23.w23/candidate_01_submission.txt,6bd28f21046d8f2c1801b44ff1b0617aa1a9d57bb1cf01e2d765ab9e187b9f74
gpuv2-llr40-oss120b-omp,numba,c,tsvc_2_s2710,627173,627173,gpuv2-llr40-oss120b-omp.n0.p23.w23,1,3.538461,21030039.000000,6009520.000000,0.000000,graded_attempt,sources/gpuv2-llr40-oss120b-omp/tsvc_2_s2710/627173.627173.gpuv2-llr40-oss120b-omp.n0.p23.w23/candidate_01_submission.txt,044477c7d7197e17ef4a8ccad36e1e37daadbfc8f6a5d0678f5ed8c1d550068f
gpuv2-llr40-oss120b-omp-skills,numba,c,tsvc_2_s2710,627174,627174,gpuv2-llr40-oss120b-omp-skills.n0.p23.w23,1,4.492907,26893643.000000,6042054.000000,0.000000,graded_attempt,sources/gpuv2-llr40-oss120b-omp-skills/tsvc_2_s2710/627174.627174.gpuv2-llr40-oss120b-omp-skills.n0.p23.w23/candidate_01_submission.txt,6dc6a3b91fe4e08f82fd4a82e98766656457d3f0c0e4182014a5b21e79a6f825
gpuv2-llr40-qwen38-hip,numba,hip,tsvc_2_s2710,627017,627017,gpuv2-llr40-qwen38-hip.n0.p23.w23,1,8.751036,16129598.000000,1752452.000000,0.000000,graded_attempt,sources/gpuv2-llr40-qwen38-hip/tsvc_2_s2710/627017.627017.gpuv2-llr40-qwen38-hip.n0.p23.w23/candidate_01_submission.txt,feb0b2c043a5daf66d7caf77ac3da1f47220fdfa3a8ff1653f518b77b21e07f5
gpuv2-llr40-qwen38-hip-skills,numba,hip,tsvc_2_s2710,627018,627018,gpuv2-llr40-qwen38-hip-skills.n0.p23.w23,1,12.645917,22884084.000000,1798449.000000,0.000000,graded_attempt,sources/gpuv2-llr40-qwen38-hip-skills/tsvc_2_s2710/627018.627018.gpuv2-llr40-qwen38-hip-skills.n0.p23.w23/candidate_01_submission.txt,0f3268d1a8300920dce0588a6fbcb1a8cdab96c19b7e68e1cda77528e040a335
gpuv2-llr40-qwen38-hip-skills,numba,hip,tsvc_2_s2710,627229,627229,gpuv2-llr40-qwen38-hip-skills.n0.p23.w23,1,5.537023,16099061.000000,2784173.000000,0.000000,graded_attempt,sources/gpuv2-llr40-qwen38-hip-skills/tsvc_2_s2710/627229.627229.gpuv2-llr40-qwen38-hip-skills.n0.p23.w23/candidate_01_submission.txt,4e59c8c5161477437d83966fe6c329c50a85a6f3a59dc51ca3b146bc0bf0382c
gpuv2-llr40-qwen38-hip-skills,numba,hip,tsvc_2_s2710,627229,627229,gpuv2-llr40-qwen38-hip-skills.n0.p23.w23,2,5.482201,16099061.000000,2799201.000000,0.000000,graded_attempt,sources/gpuv2-llr40-qwen38-hip-skills/tsvc_2_s2710/627229.627229.gpuv2-llr40-qwen38-hip-skills.n0.p23.w23/candidate_01_submission.txt,4e59c8c5161477437d83966fe6c329c50a85a6f3a59dc51ca3b146bc0bf0382c
gpuv2-llr40-qwen38-omp,numba,c,tsvc_2_s2710,627077,627077,gpuv2-llr40-qwen38-omp.n0.p23.w23,1,4.492907,26555360.000000,6125230.000000,0.000000,graded_attempt,sources/gpuv2-llr40-qwen38-omp/tsvc_2_s2710/627077.627077.gpuv2-llr40-qwen38-omp.n0.p23.w23/candidate_01_submission.txt,8698bcf7538b60be3221493821c119854d3d1fb28ef825f4a94d3c78cf57b094
gpuv2-llr40-qwen38-omp-skills,numba,c,tsvc_2_s2710,626561,626561,gpuv2-llr40-qwen38-omp-skills.n0.p23.w23,1,3.908663,23801596.000000,6214859.000000,0.000000,graded_attempt,sources/gpuv2-llr40-qwen38-omp-skills/tsvc_2_s2710/626561.626561.gpuv2-llr40-qwen38-omp-skills.n0.p23.w23/candidate_01_submission.txt,98e34a68011bb6427645fa8459384f240eb815c0fadf8ceaead7f65a02f6b781
gpuv4-llr40-oss120b-pytriton,numba,python,tsvc_2_s2710,627175,627175,gpuv4-llr40-oss120b-pytriton.n0.p23.w23,1,1.628348,26739385.000000,16389275.000000,0.000000,graded_attempt,sources/gpuv4-llr40-oss120b-pytriton/tsvc_2_s2710/627175.627175.gpuv4-llr40-oss120b-pytriton.n0.p23.w23/candidate_01_submission.txt,fd34df467c23eb4a1e71447ec963adc1c92a776c51a51125bdcf823b6535b48c
gpuv4-llr40-oss120b-pytriton-skills,numba,python,tsvc_2_s2710,627176,627176,gpuv4-llr40-oss120b-pytriton-skills.n0.p23.w23,1,1.503752,24051665.000000,16154412.000000,0.000000,graded_attempt,sources/gpuv4-llr40-oss120b-pytriton-skills/tsvc_2_s2710/627176.627176.gpuv4-llr40-oss120b-pytriton-skills.n0.p23.w23/candidate_01_submission.txt,b12921d4a214711fcdbee43ea8ab4acad50a6ee1fee0ffc57211d0b72ee03a3e
gpuv4-llr40-qwen38-pytriton,numba,python,tsvc_2_s2710,627019,627019,gpuv4-llr40-qwen38-pytriton.n0.p23.w23,1,1.580459,26147119.000000,16707836.000000,0.000000,graded_attempt,sources/gpuv4-llr40-qwen38-pytriton/tsvc_2_s2710/627019.627019.gpuv4-llr40-qwen38-pytriton.n0.p23.w23/candidate_01_submission.txt,afb273d5c87a5b8beef2fd4049243652ecda655c4534283a368dc2bf11f4ff94
gpuv4-llr40-qwen38-pytriton,numba,python,tsvc_2_s2710,627230,627230,gpuv4-llr40-qwen38-pytriton.n0.p23.w23,1,1.000000,16142609.000000,16098548.000000,0.000000,graded_attempt,sources/gpuv4-llr40-qwen38-pytriton/tsvc_2_s2710/627230.627230.gpuv4-llr40-qwen38-pytriton.n0.p23.w23/candidate_01_submission.txt,300cd8a8a62140fcc50471715db24dcffab69de82936b6c149fa317521b75a10
gpuv4-llr40-qwen38-pytriton,numba,python,tsvc_2_s2710,627230,627230,gpuv4-llr40-qwen38-pytriton.n0.p23.w23,2,1.000000,16142609.000000,16300649.000000,0.000000,graded_attempt,sources/gpuv4-llr40-qwen38-pytriton/tsvc_2_s2710/627230.627230.gpuv4-llr40-qwen38-pytriton.n0.p23.w23/candidate_01_submission.txt,300cd8a8a62140fcc50471715db24dcffab69de82936b6c149fa317521b75a10
gpuv4-llr40-qwen38-pytriton-skills,numba,python,tsvc_2_s2710,626651,626651,gpuv4-llr40-qwen38-pytriton-skills.n0.p23.w23,1,1.321291,20867720.000000,16101844.000000,0.000000,graded_attempt,sources/gpuv4-llr40-qwen38-pytriton-skills/tsvc_2_s2710/626651.626651.gpuv4-llr40-qwen38-pytriton-skills.n0.p23.w23/candidate_01_submission.txt,1b1158ed95d318bb79605511feb0eeaf8fea4ed6c92c8ae8d8e97e3dc856e150
llr40v10-kimi27sglang-c,numba,c,tsvc_2_s2710,621018,621018,llr40v10-kimi27sglang-c.n0.p3.w3,1,1.661078,26805739.000000,16031289.000000,0.000000,graded_attempt,sources/llr40v10-kimi27sglang-c/tsvc_2_s2710/621018.621018.llr40v10-kimi27sglang-c.n0.p3.w3/candidate_01_submission.txt,04c1e85d77225f61cdc3f5bfdf199346d3b82bde84c4021e021ac0a57f565eaa
llr40v10-kimi27sglang-c,numba,c,tsvc_2_s2710,621730,621730,llr40v10-kimi27sglang-c.n0.p3.w3,2,1.628348,26467238.000000,16017927.000000,0.000000,graded_attempt,sources/llr40v10-kimi27sglang-c/tsvc_2_s2710/621730.621730.llr40v10-kimi27sglang-c.n0.p3.w3/candidate_01_submission.txt,eb8b58b36592a2d3bcefc2b7d74e8336e7cf10b6f9e0f4c6835c1bfb5cc7363d
llr40v10-kimi27sglang-c,numba,c,tsvc_2_s2710,621730,621730,llr40v10-kimi27sglang-c.n0.p3.w3,4,1.628348,26467238.000000,16079645.000000,0.000000,graded_attempt,sources/llr40v10-kimi27sglang-c/tsvc_2_s2710/621730.621730.llr40v10-kimi27sglang-c.n0.p3.w3/candidate_01_submission.txt,eb8b58b36592a2d3bcefc2b7d74e8336e7cf10b6f9e0f4c6835c1bfb5cc7363d
llr40v10-kimi27sglang-c,numba,c,tsvc_2_s2710,621730,621730,llr40v10-kimi27sglang-c.n0.p3.w3,1,1.596263,26467238.000000,16011054.000000,0.000000,graded_attempt,sources/llr40v10-kimi27sglang-c/tsvc_2_s2710/621730.621730.llr40v10-kimi27sglang-c.n0.p3.w3/candidate_01_submission.txt,eb8b58b36592a2d3bcefc2b7d74e8336e7cf10b6f9e0f4c6835c1bfb5cc7363d
llr40v10-kimi27sglang-c,numba,c,tsvc_2_s2710,621730,621730,llr40v10-kimi27sglang-c.n0.p3.w3,3,1.596263,26467238.000000,16051244.000000,0.000000,graded_attempt,sources/llr40v10-kimi27sglang-c/tsvc_2_s2710/621730.621730.llr40v10-kimi27sglang-c.n0.p3.w3/candidate_01_submission.txt,eb8b58b36592a2d3bcefc2b7d74e8336e7cf10b6f9e0f4c6835c1bfb5cc7363d
llr40v10-kimi27sglang-c-skills,numba,c,tsvc_2_s2710,621026,621026,llr40v10-kimi27sglang-c-skills.n0.p3.w3,2,1.061520,16795796.000000,15935664.000000,0.000000,graded_attempt,sources/llr40v10-kimi27sglang-c-skills/tsvc_2_s2710/621026.621026.llr40v10-kimi27sglang-c-skills.n0.p3.w3/candidate_02_submission.txt,3a13ffc02508882f5f663bea5bd59a3e08593e4cece68011022254eb80bf0ce1
llr40v10-kimi27sglang-c-skills,numba,c,tsvc_2_s2710,621026,621026,llr40v10-kimi27sglang-c-skills.n0.p3.w3,1,1.000000,16795796.000000,16191584.000000,0.000000,graded_attempt,sources/llr40v10-kimi27sglang-c-skills/tsvc_2_s2710/621026.621026.llr40v10-kimi27sglang-c-skills.n0.p3.w3/candidate_01_submission.txt,d9c4ee0250eee326b3e56feeb4bd1be834d5c8a9dbd9b15ba75d0cfe9dd6bb08
llr40v10-kimi27sglang-fortran,c,fortran,tsvc_2_s2710,621022,621022,llr40v10-kimi27sglang-fortran.n0.p3.w3,5,40.508956,642382863.000000,16043209.000000,0.000000,graded_attempt,sources/llr40v10-kimi27sglang-fortran/tsvc_2_s2710/621022.621022.llr40v10-kimi27sglang-fortran.n0.p3.w3/candidate_03_submission.txt,91c5abb4bd6419b5fb7c2b70c738108600714e607e713795e363271204528c9e
llr40v10-kimi27sglang-fortran,c,fortran,tsvc_2_s2710,621022,621022,llr40v10-kimi27sglang-fortran.n0.p3.w3,6,40.508956,647318835.000000,15964830.000000,0.000000,graded_attempt,sources/llr40v10-kimi27sglang-fortran/tsvc_2_s2710/621022.621022.llr40v10-kimi27sglang-fortran.n0.p3.w3/candidate_06_submission.txt,15c48a8b47e3c8c62b034fd7c23c9f45b542674e813085f2c04c9c17c1f287f9
llr40v10-kimi27sglang-fortran,c,fortran,tsvc_2_s2710,621022,621022,llr40v10-kimi27sglang-fortran.n0.p3.w3,3,40.107877,638284443.000000,15990330.000000,0.000000,graded_attempt,sources/llr40v10-kimi27sglang-fortran/tsvc_2_s2710/621022.621022.llr40v10-kimi27sglang-fortran.n0.p3.w3/candidate_03_submission.txt,91c5abb4bd6419b5fb7c2b70c738108600714e607e713795e363271204528c9e
llr40v10-kimi27sglang-fortran,c,fortran,tsvc_2_s2710,621022,621022,llr40v10-kimi27sglang-fortran.n0.p3.w3,2,39.710769,638060550.000000,15999449.000000,0.000000,graded_attempt,sources/llr40v10-kimi27sglang-fortran/tsvc_2_s2710/621022.621022.llr40v10-kimi27sglang-fortran.n0.p3.w3/candidate_02_submission.txt,5af2a931b60bb12e9c8c83262b551ebb4ca0df3b99171f934519ed06dc1716da
llr40v10-kimi27sglang-fortran,c,fortran,tsvc_2_s2710,621022,621022,llr40v10-kimi27sglang-fortran.n0.p3.w3,4,39.710769,638230495.000000,15973838.000000,0.000000,graded_attempt,sources/llr40v10-kimi27sglang-fortran/tsvc_2_s2710/621022.621022.llr40v10-kimi27sglang-fortran.n0.p3.w3/candidate_04_submission.txt,bc97790087a649fabe4e87684dad39bccc6ea5e8afb9f2b0e6ff344b071ff82a
llr40v10-kimi27sglang-fortran,c,fortran,tsvc_2_s2710,621022,621022,llr40v10-kimi27sglang-fortran.n0.p3.w3,1,23.669924,638512169.000000,25515527.000000,0.000000,graded_attempt,sources/llr40v10-kimi27sglang-fortran/tsvc_2_s2710/621022.621022.llr40v10-kimi27sglang-fortran.n0.p3.w3/candidate_01_submission.txt,eff31febab39c491db58a379d841a870c658f31678434af9e7c9b8db0a8d1dd1
llr40v10-kimi27sglang-fortran,numba,fortran,tsvc_2_s2710,621732,621732,llr40v10-kimi27sglang-fortran.n0.p3.w3,1,1.694466,27255397.000000,16053775.000000,0.000000,graded_attempt,sources/llr40v10-kimi27sglang-fortran/tsvc_2_s2710/621732.621732.llr40v10-kimi27sglang-fortran.n0.p3.w3/candidate_01_submission.txt,6286191acdb7aaebc5b2e4392ee9a29b762a89728660a2e725613cc27569ecfe
llr40v10-kimi27sglang-fortran,numba,fortran,tsvc_2_s2710,621732,621732,llr40v10-kimi27sglang-fortran.n0.p3.w3,2,1.677689,27255397.000000,16065233.000000,0.000000,graded_attempt,sources/llr40v10-kimi27sglang-fortran/tsvc_2_s2710/621732.621732.llr40v10-kimi27sglang-fortran.n0.p3.w3/candidate_01_submission.txt,6286191acdb7aaebc5b2e4392ee9a29b762a89728660a2e725613cc27569ecfe
llr40v10-kimi27sglang-fortran-skills,numba,fortran,tsvc_2_s2710,621030,621030,llr40v10-kimi27sglang-fortran-skills.n0.p3.w3,2,1.149474,18697450.000000,16117134.000000,0.000000,graded_attempt,sources/llr40v10-kimi27sglang-fortran-skills/tsvc_2_s2710/621030.621030.llr40v10-kimi27sglang-fortran-skills.n0.p3.w3/candidate_02_submission.txt,f02a0846e785fb4c344fa65075bce910dc534fbde391148a781edb7d01a2de27
llr40v10-kimi27sglang-fortran-skills,numba,fortran,tsvc_2_s2710,621030,621030,llr40v10-kimi27sglang-fortran-skills.n0.p3.w3,1,1.000000,18697450.000000,25671540.000000,0.000000,graded_attempt,sources/llr40v10-kimi27sglang-fortran-skills/tsvc_2_s2710/621030.621030.llr40v10-kimi27sglang-fortran-skills.n0.p3.w3/candidate_01_submission.txt,b71da070f06b6d8a04a2e305d52996951df8a7ab4d14bb7aff1d782647125167
llr40v10-oss120b-c,c,c,tsvc_2_s2710,621015,621015,llr40v10-oss120b-c.n0.p23.w23,1,25.377362,638454401.000000,24174056.000000,0.000000,graded_attempt,sources/llr40v10-oss120b-c/tsvc_2_s2710/621015.621015.llr40v10-oss120b-c.n0.p23.w23/candidate_01_submission.txt,67c8884acdd767fa7a679fcb91370dfe05b7b439252db1506ddf21d66c2b5b0e
llr40v10-oss120b-c,c,c,tsvc_2_s2710,621382,621382,llr40v10-oss120b-c.n0.p23.w23,1,21.642354,637706231.000000,26655437.000000,0.000000,graded_attempt,sources/llr40v10-oss120b-c/tsvc_2_s2710/621382.621382.llr40v10-oss120b-c.n0.p23.w23/candidate_01_submission.txt,c104b81ae6c4c8a7ea2dbcdb9a7426cb31939fb8012c8e9fbb5b988c21e5dfe7
llr40v10-oss120b-c-skills,numba,c,tsvc_2_s2710,621023,621023,llr40v10-oss120b-c-skills.n0.p23.w23,1,1.000000,23940557.000000,26207063.000000,0.000000,graded_attempt,sources/llr40v10-oss120b-c-skills/tsvc_2_s2710/621023.621023.llr40v10-oss120b-c-skills.n0.p23.w23/candidate_01_submission.txt,c04f38a13166cc42931793a9dba7b3acab351da110293dadac528b0c6e5f0533
llr40v10-oss120b-c-skills,numba,c,tsvc_2_s2710,621023,621023,llr40v10-oss120b-c-skills.n0.p23.w23,2,1.000000,23940557.000000,26442547.000000,0.000000,graded_attempt,sources/llr40v10-oss120b-c-skills/tsvc_2_s2710/621023.621023.llr40v10-oss120b-c-skills.n0.p23.w23/candidate_02_submission.txt,9a51ccdf27273781bfc6b422a3b839b07c7d77a3fe57f35fb19a0ef76cf3dcd4
llr40v10-oss120b-c-skills,numba,c,tsvc_2_s2710,621023,621023,llr40v10-oss120b-c-skills.n0.p23.w23,3,1.000000,23940557.000000,26781968.000000,0.000000,graded_attempt,sources/llr40v10-oss120b-c-skills/tsvc_2_s2710/621023.621023.llr40v10-oss120b-c-skills.n0.p23.w23/candidate_03_submission.txt,ee894bba30c98db7c86cb447b23a89c3dc5fb0ebe4fb241260598914765a34cf
llr40v10-oss120b-c-skills,numba,c,tsvc_2_s2710,621023,621023,llr40v10-oss120b-c-skills.n0.p23.w23,4,1.000000,23940557.000000,26997738.000000,0.000000,graded_attempt,sources/llr40v10-oss120b-c-skills/tsvc_2_s2710/621023.621023.llr40v10-oss120b-c-skills.n0.p23.w23/candidate_04_submission.txt,90d65aa90a4530c56f8d769ca7661ff1bea27b15e2db16b34870a4b83e0a5521
llr40v10-oss120b-fortran,c,fortran,tsvc_2_s2710,621019,621019,llr40v10-oss120b-fortran.n0.p23.w23,1,21.215914,648871693.000000,26525828.000000,0.000000,graded_attempt,sources/llr40v10-oss120b-fortran/tsvc_2_s2710/621019.621019.llr40v10-oss120b-fortran.n0.p23.w23/candidate_01_submission.txt,b07bf3077d619eafbb154fbcca097f49745767f58772800e0b3f1c91ff0688fa
llr40v10-oss120b-fortran,c,fortran,tsvc_2_s2710,621384,621384,llr40v10-oss120b-fortran.n0.p23.w23,1,13.830653,647124056.000000,32069670.000000,0.000000,graded_attempt,sources/llr40v10-oss120b-fortran/tsvc_2_s2710/621384.621384.llr40v10-oss120b-fortran.n0.p23.w23/candidate_01_submission.txt,33913e0fb609e744bbb12feb323b4072fb563fa33ed2ee571cdc4fbaea9f5d3c
llr40v10-oss120b-fortran-skills,numba,fortran,tsvc_2_s2710,621027,621027,llr40v10-oss120b-fortran-skills.n0.p23.w23,7,1.149474,20941180.000000,19129623.000000,0.000000,graded_attempt,sources/llr40v10-oss120b-fortran-skills/tsvc_2_s2710/621027.621027.llr40v10-oss120b-fortran-skills.n0.p23.w23/candidate_07_submission.txt,51352458a4c5dd470d5cfbed489ecd55c3a21d22765d7e3b34fc76f224a55eaa
llr40v10-oss120b-fortran-skills,numba,fortran,tsvc_2_s2710,621027,621027,llr40v10-oss120b-fortran-skills.n0.p23.w23,1,1.000000,24661550.000000,25188675.000000,0.000000,graded_attempt,sources/llr40v10-oss120b-fortran-skills/tsvc_2_s2710/621027.621027.llr40v10-oss120b-fortran-skills.n0.p23.w23/candidate_01_submission.txt,51158fd9bc507b9215bbc4a65b1fbbc754abde4aa1cfe15d99392dd4e74dd9d1
llr40v10-oss120b-fortran-skills,numba,fortran,tsvc_2_s2710,621027,621027,llr40v10-oss120b-fortran-skills.n0.p23.w23,2,1.000000,24661550.000000,25746266.000000,0.000000,graded_attempt,sources/llr40v10-oss120b-fortran-skills/tsvc_2_s2710/621027.621027.llr40v10-oss120b-fortran-skills.n0.p23.w23/candidate_02_submission.txt,0caec4442d1677c533d5ec1b4d16e031d91c66ddacb945d0712098816f2e93c4
llr40v10-oss120b-fortran-skills,numba,fortran,tsvc_2_s2710,621027,621027,llr40v10-oss120b-fortran-skills.n0.p23.w23,3,1.000000,24661550.000000,26851981.000000,0.000000,graded_attempt,sources/llr40v10-oss120b-fortran-skills/tsvc_2_s2710/621027.621027.llr40v10-oss120b-fortran-skills.n0.p23.w23/candidate_03_submission.txt,435a20188a988794114574879c61cef1b0e1945548b08adafaaba7f40cd11518
llr40v10-oss120b-fortran-skills,numba,fortran,tsvc_2_s2710,621027,621027,llr40v10-oss120b-fortran-skills.n0.p23.w23,4,1.000000,24661550.000000,26700309.000000,0.000000,graded_attempt,sources/llr40v10-oss120b-fortran-skills/tsvc_2_s2710/621027.621027.llr40v10-oss120b-fortran-skills.n0.p23.w23/candidate_04_submission.txt,06d27764894f064ab44c30069d3a79177687537dfe4409b9f316840c953959f1
llr40v10-oss120b-fortran-skills,numba,fortran,tsvc_2_s2710,621027,621027,llr40v10-oss120b-fortran-skills.n0.p23.w23,5,1.000000,24661550.000000,25959805.000000,0.000000,graded_attempt,sources/llr40v10-oss120b-fortran-skills/tsvc_2_s2710/621027.621027.llr40v10-oss120b-fortran-skills.n0.p23.w23/candidate_05_submission.txt,83d8404c203018c7693186ff21771ea9bc7226b568ad0fac649a8b3fa736e02d
llr40v10-oss120b-fortran-skills,numba,fortran,tsvc_2_s2710,621027,621027,llr40v10-oss120b-fortran-skills.n0.p23.w23,6,1.000000,24661550.000000,25474693.000000,0.000000,graded_attempt,sources/llr40v10-oss120b-fortran-skills/tsvc_2_s2710/621027.621027.llr40v10-oss120b-fortran-skills.n0.p23.w23/candidate_06_submission.txt,09117391c681f268ed6ab31ca2cb6a16720c7e6a9ed742ccc5ad3a5e573821e8
llr40v10-qwen38-c,c,c,tsvc_2_s2710,621016,621016,llr40v10-qwen38-c.n0.p23.w23,1,39.710769,638427614.000000,16051247.000000,0.000000,graded_attempt,sources/llr40v10-qwen38-c/tsvc_2_s2710/621016.621016.llr40v10-qwen38-c.n0.p23.w23/candidate_01_submission.txt,bb6617feff3e6d52731e3d99686cb9f21482cfab345d8b3d9a6273e990fbe066
llr40v10-qwen38-c-skills,numba,c,tsvc_2_s2710,621024,621024,llr40v10-qwen38-c-skills.n0.p23.w23,1,1.661078,26276854.000000,16073720.000000,0.000000,graded_attempt,sources/llr40v10-qwen38-c-skills/tsvc_2_s2710/621024.621024.llr40v10-qwen38-c-skills.n0.p23.w23/candidate_01_submission.txt,798f8ab1d3a3139bd1e1ef3a8a252a74917a6793fc16b86d7d7c20770d7d21f8
llr40v10-qwen38-fortran,c,fortran,tsvc_2_s2710,621385,621385,llr40v10-qwen38-fortran.n0.p23.w23,1,32.870189,644976843.000000,17964717.000000,0.000000,graded_attempt,sources/llr40v10-qwen38-fortran/tsvc_2_s2710/621385.621385.llr40v10-qwen38-fortran.n0.p23.w23/candidate_01_submission.txt,9b56847d721db338fdcbaaf2662d9c43e74e9bbd7addf9fdf57cc8723149045a
llr40v10-qwen38-fortran,numba,fortran,tsvc_2_s2710,621728,621728,llr40v10-qwen38-fortran.n0.p23.w23,1,1.000000,24622302.000000,23570360.000000,0.000000,graded_attempt,sources/llr40v10-qwen38-fortran/tsvc_2_s2710/621728.621728.llr40v10-qwen38-fortran.n0.p23.w23/candidate_01_submission.txt,ab5a8cef7bd608f234226f39fcd0267a69b47845147f2b6ed0e4e2c9c7fbc4ea
llr40v10-qwen38-fortran-skills,numba,fortran,tsvc_2_s2710,621028,621028,llr40v10-qwen38-fortran-skills.n0.p23.w23,1,1.677689,26563505.000000,15996782.000000,0.000000,graded_attempt,sources/llr40v10-qwen38-fortran-skills/tsvc_2_s2710/621028.621028.llr40v10-qwen38-fortran-skills.n0.p23.w23/candidate_01_submission.txt,0ac745ca8872355c4db930ec5f364320b05dea97da44aebea42e6fd7e334e4cf
llr40v11-kimi27sglang-c-skills,numba,c,tsvc_2_s2710,625538,625538,llr40v11-kimi27sglang-c-skills.n0.p3.w3,1,1.061520,26399270.000000,23559040.000000,0.000000,graded_attempt,sources/llr40v11-kimi27sglang-c-skills/tsvc_2_s2710/625538.625538.llr40v11-kimi27sglang-c-skills.n0.p3.w3/candidate_01_submission.txt,4eec8b3d8e6ed1efd2d0082e9350579f3bec882215098d95469f0f061b54801e
llr40v11-kimi27sglang-fortran,numba,fortran,tsvc_2_s2710,625542,625542,llr40v11-kimi27sglang-fortran.n0.p3.w3,1,1.072135,26122913.000000,22858789.000000,0.000000,graded_attempt,sources/llr40v11-kimi27sglang-fortran/tsvc_2_s2710/625542.625542.llr40v11-kimi27sglang-fortran.n0.p3.w3/candidate_01_submission.txt,7f9d9cab13c91f67f52bb90a3c0f3b78b4cc1b661dc388f7fbed7700c3c63515
llr40v11-oss120b-c-skills,numba,c,tsvc_2_s2710,625535,625535,llr40v11-oss120b-c-skills.n0.p23.w23,1,1.430769,22251371.000000,16022089.000000,0.000000,graded_attempt,sources/llr40v11-oss120b-c-skills/tsvc_2_s2710/625535.625535.llr40v11-oss120b-c-skills.n0.p23.w23/candidate_01_submission.txt,14d4653a797abd9b4364b4dcd527725b460fefb8968e15ec3ac9690824832756
llr40v11-oss120b-fortran,numba,fortran,tsvc_2_s2710,625539,625539,llr40v11-oss120b-fortran.n0.p23.w23,1,1.347849,24664049.000000,17408198.000000,0.000000,graded_attempt,sources/llr40v11-oss120b-fortran/tsvc_2_s2710/625539.625539.llr40v11-oss120b-fortran.n0.p23.w23/candidate_01_submission.txt,2cdf12ced8c2b771a488fbb5a41f032d7e9970a2b3cd689d538b93d1ef536872
llr40v11-oss120b-fortran-skills,numba,fortran,tsvc_2_s2710,625543,625543,llr40v11-oss120b-fortran-skills.n0.p23.w23,1,1.459527,26226080.000000,17633950.000000,0.000000,graded_attempt,sources/llr40v11-oss120b-fortran-skills/tsvc_2_s2710/625543.625543.llr40v11-oss120b-fortran-skills.n0.p23.w23/candidate_01_submission.txt,66f662d1040a6355b8b7c5eedeb9c7cf3333fd282fbd803d6f36ebfbee56a6ed
llr40v11-qwen38-c-skills,numba,c,tsvc_2_s2710,625536,625536,llr40v11-qwen38-c-skills.n0.p23.w23,5,1.334504,25018767.000000,16602956.000000,0.000000,graded_attempt,sources/llr40v11-qwen38-c-skills/tsvc_2_s2710/625536.625536.llr40v11-qwen38-c-skills.n0.p23.w23/candidate_01_submission.txt,24f024e5e9561c6c0aab58b50273a77b0e42d0888a59f0ebe5fdf702553d790d
llr40v11-qwen38-c-skills,numba,c,tsvc_2_s2710,625536,625536,llr40v11-qwen38-c-skills.n0.p23.w23,6,1.334504,25018767.000000,16550537.000000,0.000000,graded_attempt,sources/llr40v11-qwen38-c-skills/tsvc_2_s2710/625536.625536.llr40v11-qwen38-c-skills.n0.p23.w23/candidate_01_submission.txt,24f024e5e9561c6c0aab58b50273a77b0e42d0888a59f0ebe5fdf702553d790d
llr40v11-qwen38-c-skills,numba,c,tsvc_2_s2710,625536,625536,llr40v11-qwen38-c-skills.n0.p23.w23,7,1.321291,25018767.000000,16460334.000000,0.000000,graded_attempt,sources/llr40v11-qwen38-c-skills/tsvc_2_s2710/625536.625536.llr40v11-qwen38-c-skills.n0.p23.w23/candidate_01_submission.txt,24f024e5e9561c6c0aab58b50273a77b0e42d0888a59f0ebe5fdf702553d790d
llr40v11-qwen38-c-skills,numba,c,tsvc_2_s2710,625536,625536,llr40v11-qwen38-c-skills.n0.p23.w23,2,1.295256,25018767.000000,16535500.000000,0.000000,graded_attempt,sources/llr40v11-qwen38-c-skills/tsvc_2_s2710/625536.625536.llr40v11-qwen38-c-skills.n0.p23.w23/candidate_01_submission.txt,24f024e5e9561c6c0aab58b50273a77b0e42d0888a59f0ebe5fdf702553d790d
llr40v11-qwen38-c-skills,numba,c,tsvc_2_s2710,625536,625536,llr40v11-qwen38-c-skills.n0.p23.w23,4,1.282432,25018767.000000,16554086.000000,0.000000,graded_attempt,sources/llr40v11-qwen38-c-skills/tsvc_2_s2710/625536.625536.llr40v11-qwen38-c-skills.n0.p23.w23/candidate_01_submission.txt,24f024e5e9561c6c0aab58b50273a77b0e42d0888a59f0ebe5fdf702553d790d
llr40v11-qwen38-c-skills,numba,c,tsvc_2_s2710,625536,625536,llr40v11-qwen38-c-skills.n0.p23.w23,3,1.269735,25018767.000000,16537152.000000,0.000000,graded_attempt,sources/llr40v11-qwen38-c-skills/tsvc_2_s2710/625536.625536.llr40v11-qwen38-c-skills.n0.p23.w23/candidate_01_submission.txt,24f024e5e9561c6c0aab58b50273a77b0e42d0888a59f0ebe5fdf702553d790d
llr40v11-qwen38-c-skills,numba,c,tsvc_2_s2710,625536,625536,llr40v11-qwen38-c-skills.n0.p23.w23,1,1.244716,25018767.000000,16524545.000000,0.000000,graded_attempt,sources/llr40v11-qwen38-c-skills/tsvc_2_s2710/625536.625536.llr40v11-qwen38-c-skills.n0.p23.w23/candidate_01_submission.txt,24f024e5e9561c6c0aab58b50273a77b0e42d0888a59f0ebe5fdf702553d790d
v11w2-kimi27sglang-c,numba,c,tsvc_2_s2710,626367,626367,v11w2-kimi27sglang-c.n0.p4.w4,1,1.694466,26445953.000000,15643667.000000,0.000000,graded_attempt,sources/v11w2-kimi27sglang-c/tsvc_2_s2710/626367.626367.v11w2-kimi27sglang-c.n0.p4.w4/candidate_01_submission.txt,224736101b249b86fabde2d005a78abff312fa52f65c2d836f3d8dfccfc3efc5
v11w2-kimi27sglang-c,numba,c,tsvc_2_s2710,626367,626367,v11w2-kimi27sglang-c.n0.p4.w4,2,1.694466,26445953.000000,15619166.000000,0.000000,graded_attempt,sources/v11w2-kimi27sglang-c/tsvc_2_s2710/626367.626367.v11w2-kimi27sglang-c.n0.p4.w4/candidate_02_submission.txt,a3ad7ca4da4c0a279da701939237f594d927a2da765108bd3d810f55886c5dbc
v11w2-kimi27sglang-fortran-skills,numba,fortran,tsvc_2_s2710,626374,626374,v11w2-kimi27sglang-fortran-skills.n0.p6.w6,2,1.282432,27253035.000000,21805351.000000,0.000000,graded_attempt,sources/v11w2-kimi27sglang-fortran-skills/tsvc_2_s2710/626374.626374.v11w2-kimi27sglang-fortran-skills.n0.p6.w6/candidate_02_submission.txt,977f07a06e49a51e960b6872b394124b36ec399c616605b75e1ab8f4566d73d8
v11w2-kimi27sglang-fortran-skills,numba,fortran,tsvc_2_s2710,626374,626374,v11w2-kimi27sglang-fortran-skills.n0.p6.w6,3,1.269735,27253035.000000,21770960.000000,0.000000,graded_attempt,sources/v11w2-kimi27sglang-fortran-skills/tsvc_2_s2710/626374.626374.v11w2-kimi27sglang-fortran-skills.n0.p6.w6/candidate_03_submission.txt,b82e7405fa9df3099e40898f72838d2d3539aa57c5ae42c4327e716087621d25
v11w2-kimi27sglang-fortran-skills,numba,fortran,tsvc_2_s2710,626374,626374,v11w2-kimi27sglang-fortran-skills.n0.p6.w6,1,1.220190,25824261.000000,21780809.000000,0.000000,graded_attempt,sources/v11w2-kimi27sglang-fortran-skills/tsvc_2_s2710/626374.626374.v11w2-kimi27sglang-fortran-skills.n0.p6.w6/candidate_01_submission.txt,f9d77e3c5875f9064d3b59811a80beb43b37eddb76f22fca50c8a70c01dc1eb1
v11w2-oss120b-c,numba,c,tsvc_2_s2710,626363,626363,v11w2-oss120b-c.n0.p5.w5,1,1.020100,16420110.000000,16011420.000000,0.000000,graded_attempt,sources/v11w2-oss120b-c/tsvc_2_s2710/626363.626363.v11w2-oss120b-c.n0.p5.w5/candidate_01_submission.txt,b43b134e320c389dca3cb15c9d962733c84c4359fb464965b33e0840f620eb94
v11w2-qwen38-c,numba,c,tsvc_2_s2710,626365,626365,v11w2-qwen38-c.n0.p7.w7,1,1.459527,21923176.000000,16156766.000000,0.000000,graded_attempt,sources/v11w2-qwen38-c/tsvc_2_s2710/626365.626365.v11w2-qwen38-c.n0.p7.w7/candidate_01_submission.txt,4d1195fdebe5de112b92910c84ea6d0109d2dc5da50c2c08bdd43c70954569eb
v11w2-qwen38-fortran,numba,fortran,tsvc_2_s2710,626371,626371,v11w2-qwen38-fortran.n0.p12.w12,1,1.000000,22972823.000000,20288243.000000,0.000000,graded_attempt,sources/v11w2-qwen38-fortran/tsvc_2_s2710/626371.626371.v11w2-qwen38-fortran.n0.p12.w12/candidate_01_submission.txt,cfe83617c7396cdd1b443a822a7ed2497c606413a412ff893716fd89553fbbe8
v11w2-qwen38-fortran-skills,numba,fortran,tsvc_2_s2710,626372,626372,v11w2-qwen38-fortran-skills.n0.p9.w9,3,1.503752,23719865.000000,16064136.000000,0.000000,graded_attempt,sources/v11w2-qwen38-fortran-skills/tsvc_2_s2710/626372.626372.v11w2-qwen38-fortran-skills.n0.p9.w9/candidate_02_submission.txt,76fec96eb468a79510d5ebb4f9bfbccd94668eef69282033441e548bab3b81b1
v11w2-qwen38-fortran-skills,numba,fortran,tsvc_2_s2710,626372,626372,v11w2-qwen38-fortran-skills.n0.p9.w9,4,1.488864,23719865.000000,16128055.000000,0.000000,graded_attempt,sources/v11w2-qwen38-fortran-skills/tsvc_2_s2710/626372.626372.v11w2-qwen38-fortran-skills.n0.p9.w9/candidate_02_submission.txt,76fec96eb468a79510d5ebb4f9bfbccd94668eef69282033441e548bab3b81b1
v11w2-qwen38-fortran-skills,numba,fortran,tsvc_2_s2710,626372,626372,v11w2-qwen38-fortran-skills.n0.p9.w9,2,1.474123,23719865.000000,16115758.000000,0.000000,graded_attempt,sources/v11w2-qwen38-fortran-skills/tsvc_2_s2710/626372.626372.v11w2-qwen38-fortran-skills.n0.p9.w9/candidate_02_submission.txt,76fec96eb468a79510d5ebb4f9bfbccd94668eef69282033441e548bab3b81b1
v11w2-qwen38-fortran-skills,numba,fortran,tsvc_2_s2710,626372,626372,v11w2-qwen38-fortran-skills.n0.p9.w9,1,1.430769,23719865.000000,16902061.000000,0.000000,graded_attempt,sources/v11w2-qwen38-fortran-skills/tsvc_2_s2710/626372.626372.v11w2-qwen38-fortran-skills.n0.p9.w9/candidate_01_submission.txt,6c1b88de9d904ec5fbdcf93e6480801dc6496d0d5d78f3605b8dfd436121b0b3
gpuv2-llr40-oss120b-hip,numba,hip,tsvc_2_s275,627167,627167,gpuv2-llr40-oss120b-hip.n0.p24.w24,1,6.823782,34351490.000000,5077130.000000,0.000000,graded_attempt,sources/gpuv2-llr40-oss120b-hip/tsvc_2_s275/627167.627167.gpuv2-llr40-oss120b-hip.n0.p24.w24/candidate_01_submission.txt,6043129c7c70f7ff0b0e251cb167b6772497cd68e6fc2a6e606b35e81439bad9
gpuv2-llr40-oss120b-hip-skills,numba,hip,tsvc_2_s275,627168,627168,gpuv2-llr40-oss120b-hip-skills.n0.p24.w24,1,7.766100,39076332.000000,5075245.000000,0.000000,graded_attempt,sources/gpuv2-llr40-oss120b-hip-skills/tsvc_2_s275/627168.627168.gpuv2-llr40-oss120b-hip-skills.n0.p24.w24/candidate_01_submission.txt,2d305dcc60c38f4e6cf8d5e1281d7831f0e219e9ddfeb1e385d6ebc7e0b273a5
gpuv2-llr40-oss120b-omp,numba,c,tsvc_2_s275,627173,627173,gpuv2-llr40-oss120b-omp.n0.p24.w24,1,4.274847,37406755.000000,8750257.000000,0.000000,graded_attempt,sources/gpuv2-llr40-oss120b-omp/tsvc_2_s275/627173.627173.gpuv2-llr40-oss120b-omp.n0.p24.w24/candidate_01_submission.txt,c47fce7e05d3388707efb5f2db1904d4840902cc1f1b02669b536630c0328b98
gpuv2-llr40-qwen38-hip,numba,hip,tsvc_2_s275,627017,627017,gpuv2-llr40-qwen38-hip.n0.p24.w24,2,8.838547,35788515.000000,4042205.000000,0.000000,graded_attempt,sources/gpuv2-llr40-qwen38-hip/tsvc_2_s275/627017.627017.gpuv2-llr40-qwen38-hip.n0.p24.w24/candidate_01_submission.txt,01062c6d3c1edc5e33341a1b1290e026b962515be05b2f1299527ac5b65601cf
gpuv2-llr40-qwen38-hip,numba,hip,tsvc_2_s275,627017,627017,gpuv2-llr40-qwen38-hip.n0.p24.w24,1,8.751036,35788515.000000,4068927.000000,0.000000,graded_attempt,sources/gpuv2-llr40-qwen38-hip/tsvc_2_s275/627017.627017.gpuv2-llr40-qwen38-hip.n0.p24.w24/candidate_01_submission.txt,01062c6d3c1edc5e33341a1b1290e026b962515be05b2f1299527ac5b65601cf
gpuv2-llr40-qwen38-hip,numba,hip,tsvc_2_s275,627017,627017,gpuv2-llr40-qwen38-hip.n0.p24.w24,3,8.326311,34479824.000000,4097777.000000,0.000000,graded_attempt,sources/gpuv2-llr40-qwen38-hip/tsvc_2_s275/627017.627017.gpuv2-llr40-qwen38-hip.n0.p24.w24/candidate_01_submission.txt,01062c6d3c1edc5e33341a1b1290e026b962515be05b2f1299527ac5b65601cf
gpuv2-llr40-qwen38-hip,numba,hip,tsvc_2_s275,627228,627228,gpuv2-llr40-qwen38-hip.n0.p24.w24,1,6.301648,31791250.000000,5140574.000000,0.000000,graded_attempt,sources/gpuv2-llr40-qwen38-hip/tsvc_2_s275/627228.627228.gpuv2-llr40-qwen38-hip.n0.p24.w24/candidate_01_submission.txt,b722e3bdfd7a2232ed9f7e9ddf16884f273ff9d10681189602746f12c081535e
gpuv2-llr40-qwen38-hip-skills,numba,hip,tsvc_2_s275,627018,627018,gpuv2-llr40-qwen38-hip-skills.n0.p24.w24,1,6.960940,34646455.000000,5127110.000000,0.000000,graded_attempt,sources/gpuv2-llr40-qwen38-hip-skills/tsvc_2_s275/627018.627018.gpuv2-llr40-qwen38-hip-skills.n0.p24.w24/candidate_01_submission.txt,ee024c63087eb5c2601e4f00d5682748b045a9c1f2413c195d29ae43f6710050
gpuv4-llr40-qwen38-pytriton,numba,python,tsvc_2_s275,627230,627230,gpuv4-llr40-qwen38-pytriton.n0.p24.w24,1,1.000000,31602859.000000,32543368.000000,0.000000,graded_attempt,sources/gpuv4-llr40-qwen38-pytriton/tsvc_2_s275/627230.627230.gpuv4-llr40-qwen38-pytriton.n0.p24.w24/candidate_01_submission.txt,e15be7e4e49acc34a3185096603139055c1c44cd03136f7d2ef6808c8519b6a1
gpuv4-llr40-qwen38-pytriton,numba,python,tsvc_2_s275,627230,627230,gpuv4-llr40-qwen38-pytriton.n0.p24.w24,2,1.000000,31602859.000000,32600606.000000,0.000000,graded_attempt,sources/gpuv4-llr40-qwen38-pytriton/tsvc_2_s275/627230.627230.gpuv4-llr40-qwen38-pytriton.n0.p24.w24/candidate_01_submission.txt,e15be7e4e49acc34a3185096603139055c1c44cd03136f7d2ef6808c8519b6a1
gpuv4-llr40-qwen38-pytriton-skills,numba,python,tsvc_2_s275,627020,627020,gpuv4-llr40-qwen38-pytriton-skills.n0.p24.w24,1,1.533978,34349585.000000,21008914.000000,0.000000,graded_attempt,sources/gpuv4-llr40-qwen38-pytriton-skills/tsvc_2_s275/627020.627020.gpuv4-llr40-qwen38-pytriton-skills.n0.p24.w24/candidate_01_submission.txt,5dd20ea81cbb9f942237e55b35d1997c8f11042514eb17049ecec21c672a16ff
llr40v10-kimi27sglang-c-skills,numba,c,tsvc_2_s275,621026,621026,llr40v10-kimi27sglang-c-skills.n0.p4.w4,3,1.295256,33739139.000000,23316234.000000,0.000000,graded_attempt,sources/llr40v10-kimi27sglang-c-skills/tsvc_2_s275/621026.621026.llr40v10-kimi27sglang-c-skills.n0.p4.w4/candidate_04_submission.txt,ca2a3ba11f03f08b67bd184aa08d5eecbe82502a881a36cf037e0b0030d4eef0
llr40v10-kimi27sglang-c-skills,numba,c,tsvc_2_s275,621026,621026,llr40v10-kimi27sglang-c-skills.n0.p4.w4,4,1.282432,33739139.000000,23458278.000000,0.000000,graded_attempt,sources/llr40v10-kimi27sglang-c-skills/tsvc_2_s275/621026.621026.llr40v10-kimi27sglang-c-skills.n0.p4.w4/candidate_05_submission.txt,4a78cf6f3660467d6d5c232f875faf92b4b470214545843370a7c3903c6e0b1d
llr40v10-kimi27sglang-c-skills,numba,c,tsvc_2_s275,621026,621026,llr40v10-kimi27sglang-c-skills.n0.p4.w4,2,1.061520,33739139.000000,26454414.000000,0.000000,graded_attempt,sources/llr40v10-kimi27sglang-c-skills/tsvc_2_s275/621026.621026.llr40v10-kimi27sglang-c-skills.n0.p4.w4/candidate_03_submission.txt,aab8286ac9c3f003bead4fe45632cf86fe3a5e589c5f01b78e88685a2d833536
llr40v10-kimi27sglang-c-skills,numba,c,tsvc_2_s275,621026,621026,llr40v10-kimi27sglang-c-skills.n0.p4.w4,1,1.000000,33739139.000000,50808956.000000,0.000000,graded_attempt,sources/llr40v10-kimi27sglang-c-skills/tsvc_2_s275/621026.621026.llr40v10-kimi27sglang-c-skills.n0.p4.w4/candidate_01_submission.txt,7c683a3091b0f2e7086bb1ce07a150e003db735d1c9279940da5ba1391c76a89
llr40v10-kimi27sglang-fortran,c,fortran,tsvc_2_s275,621022,621022,llr40v10-kimi27sglang-fortran.n0.p4.w4,1,23.435568,1128993107.000000,46777020.000000,0.000000,graded_attempt,sources/llr40v10-kimi27sglang-fortran/tsvc_2_s275/621022.621022.llr40v10-kimi27sglang-fortran.n0.p4.w4/candidate_01_submission.txt,4c678ddc62e45665f2335efa8bd7679382e0a5ca84a62596c98d1f81c593ec8e
llr40v10-oss120b-c,c,c,tsvc_2_s275,621382,621382,llr40v10-oss120b-c.n0.p24.w24,1,28.032396,1131658459.000000,39720566.000000,0.000000,graded_attempt,sources/llr40v10-oss120b-c/tsvc_2_s275/621382.621382.llr40v10-oss120b-c.n0.p24.w24/candidate_01_submission.txt,382633f4fed71024de007ead20eff5286037c70db608b432f49901f36ef3bcb4
llr40v10-oss120b-c,c,c,tsvc_2_s275,621015,621015,llr40v10-oss120b-c.n0.p24.w24,2,27.207967,1082465965.000000,38785185.000000,0.000000,graded_attempt,sources/llr40v10-oss120b-c/tsvc_2_s275/621015.621015.llr40v10-oss120b-c.n0.p24.w24/candidate_01_submission.txt,a759d004cfc5776e34441f01b34f9f319c27eff6ad817c6d0df7ac18ea227077
llr40v10-oss120b-c,c,c,tsvc_2_s275,621015,621015,llr40v10-oss120b-c.n0.p24.w24,1,26.938581,1083632082.000000,38852145.000000,0.000000,graded_attempt,sources/llr40v10-oss120b-c/tsvc_2_s275/621015.621015.llr40v10-oss120b-c.n0.p24.w24/candidate_01_submission.txt,a759d004cfc5776e34441f01b34f9f319c27eff6ad817c6d0df7ac18ea227077
llr40v10-oss120b-c-skills,numba,c,tsvc_2_s275,621023,621023,llr40v10-oss120b-c-skills.n0.p24.w24,1,1.000000,34367764.000000,36297776.000000,0.000000,graded_attempt,sources/llr40v10-oss120b-c-skills/tsvc_2_s275/621023.621023.llr40v10-oss120b-c-skills.n0.p24.w24/candidate_01_submission.txt,f230577dd5db43644571b65ce66f4d987111adc036e29a07580fd8be22af2828
llr40v10-oss120b-c-skills,numba,c,tsvc_2_s275,621023,621023,llr40v10-oss120b-c-skills.n0.p24.w24,2,1.000000,34367764.000000,36771476.000000,0.000000,graded_attempt,sources/llr40v10-oss120b-c-skills/tsvc_2_s275/621023.621023.llr40v10-oss120b-c-skills.n0.p24.w24/candidate_01_submission.txt,f230577dd5db43644571b65ce66f4d987111adc036e29a07580fd8be22af2828
llr40v10-oss120b-c-skills,numba,c,tsvc_2_s275,621023,621023,llr40v10-oss120b-c-skills.n0.p24.w24,3,1.000000,34367764.000000,36864949.000000,0.000000,graded_attempt,sources/llr40v10-oss120b-c-skills/tsvc_2_s275/621023.621023.llr40v10-oss120b-c-skills.n0.p24.w24/candidate_01_submission.txt,f230577dd5db43644571b65ce66f4d987111adc036e29a07580fd8be22af2828
llr40v10-oss120b-fortran,c,fortran,tsvc_2_s275,621384,621384,llr40v10-oss120b-fortran.n0.p24.w24,1,23.906623,1131287824.000000,46877222.000000,0.000000,graded_attempt,sources/llr40v10-oss120b-fortran/tsvc_2_s275/621384.621384.llr40v10-oss120b-fortran.n0.p24.w24/candidate_01_submission.txt,d5c4be5c44857d96200e00b07fcd5045984730dd1e7d266f7c73e4e972bc22aa
llr40v10-oss120b-fortran,c,fortran,tsvc_2_s275,621019,621019,llr40v10-oss120b-fortran.n0.p24.w24,1,22.973795,1078569161.000000,46338456.000000,0.000000,graded_attempt,sources/llr40v10-oss120b-fortran/tsvc_2_s275/621019.621019.llr40v10-oss120b-fortran.n0.p24.w24/candidate_01_submission.txt,cc4a1ff20853cb2f54629dc8bdccc246f12d1be809845950927c2fd3a437e2a1
llr40v10-qwen38-c,numba,c,tsvc_2_s275,622265,622265,llr40v10-qwen38-c.n0.p24.w24,1,1.661078,34230099.000000,20773704.000000,0.000000,graded_attempt,sources/llr40v10-qwen38-c/tsvc_2_s275/622265.622265.llr40v10-qwen38-c.n0.p24.w24/candidate_01_submission.txt,51dfa34e0478b4e6a308d334003f55583675e6e83753d09e7ff65e1d5bebe35f
llr40v10-qwen38-c-skills,numba,c,tsvc_2_s275,621024,621024,llr40v10-qwen38-c-skills.n0.p24.w24,1,1.000000,36242221.000000,36539419.000000,0.000000,graded_attempt,sources/llr40v10-qwen38-c-skills/tsvc_2_s275/621024.621024.llr40v10-qwen38-c-skills.n0.p24.w24/candidate_01_submission.txt,94f5cbeeddcb78b837a96fae5fcf94183fdc84e5c377e180b46cf3ae95d4822f
llr40v10-qwen38-fortran,c,fortran,tsvc_2_s275,621385,621385,llr40v10-qwen38-fortran.n0.p24.w24,2,52.994175,1132207617.000000,20568027.000000,0.000000,graded_attempt,sources/llr40v10-qwen38-fortran/tsvc_2_s275/621385.621385.llr40v10-qwen38-fortran.n0.p24.w24/candidate_02_submission.txt,0f148b2b32589e8dba4b7016937e7b57abbbd30e4b8148fafc5acca4c9242a73
llr40v10-qwen38-fortran,c,fortran,tsvc_2_s275,621385,621385,llr40v10-qwen38-fortran.n0.p24.w24,1,22.298139,1126506527.000000,49035402.000000,0.000000,graded_attempt,sources/llr40v10-qwen38-fortran/tsvc_2_s275/621385.621385.llr40v10-qwen38-fortran.n0.p24.w24/candidate_01_submission.txt,267ac17c9405b3d03df83f1275e0d077158f6a39d6e83d0fe583f4d89717896b
llr40v11-oss120b-c,numba,c,tsvc_2_s275,625531,625531,llr40v11-oss120b-c.n0.p24.w24,1,1.853212,37393063.000000,20256491.000000,0.000000,graded_attempt,sources/llr40v11-oss120b-c/tsvc_2_s275/625531.625531.llr40v11-oss120b-c.n0.p24.w24/candidate_01_submission.txt,417b4e0d3ffa0d429812ba583a04dce64c6139d7c6c0ca4831f1d447c25fb4c8
llr40v11-oss120b-c,numba,c,tsvc_2_s275,625531,625531,llr40v11-oss120b-c.n0.p24.w24,3,1.853212,37393063.000000,19912638.000000,0.000000,graded_attempt,sources/llr40v11-oss120b-c/tsvc_2_s275/625531.625531.llr40v11-oss120b-c.n0.p24.w24/candidate_01_submission.txt,417b4e0d3ffa0d429812ba583a04dce64c6139d7c6c0ca4831f1d447c25fb4c8
llr40v11-oss120b-c,numba,c,tsvc_2_s275,625531,625531,llr40v11-oss120b-c.n0.p24.w24,2,1.834864,37393063.000000,20341950.000000,0.000000,graded_attempt,sources/llr40v11-oss120b-c/tsvc_2_s275/625531.625531.llr40v11-oss120b-c.n0.p24.w24/candidate_01_submission.txt,417b4e0d3ffa0d429812ba583a04dce64c6139d7c6c0ca4831f1d447c25fb4c8
llr40v11-oss120b-c-skills,numba,c,tsvc_2_s275,625535,625535,llr40v11-oss120b-c-skills.n0.p24.w24,1,1.020100,37302798.000000,36404102.000000,0.000000,graded_attempt,sources/llr40v11-oss120b-c-skills/tsvc_2_s275/625535.625535.llr40v11-oss120b-c-skills.n0.p24.w24/candidate_01_submission.txt,433ccb0835ba74b81f64161e0c4d0e831dee33ca4275167edbc521953846e86b
llr40v11-qwen38-c-skills,numba,c,tsvc_2_s275,625536,625536,llr40v11-qwen38-c-skills.n0.p24.w24,1,1.745810,36313739.000000,20760174.000000,0.000000,graded_attempt,sources/llr40v11-qwen38-c-skills/tsvc_2_s275/625536.625536.llr40v11-qwen38-c-skills.n0.p24.w24/candidate_01_submission.txt,8cc7f9b4718c390718594b8496bcc8b31480b7ff4e5edb78bf68c553442dc006
v11w2-kimi27sglang-c,numba,c,tsvc_2_s275,626367,626367,v11w2-kimi27sglang-c.n0.p5.w5,1,1.061520,38298678.000000,36113174.000000,0.000000,graded_attempt,sources/v11w2-kimi27sglang-c/tsvc_2_s275/626367.626367.v11w2-kimi27sglang-c.n0.p5.w5/candidate_01_submission.txt,f091b594495fe1d5a71b4cea540ec7eaacaf9ad01cfc859e95f78a6f1f6f99d3
v11w2-kimi27sglang-c-skills,numba,c,tsvc_2_s275,626368,626368,v11w2-kimi27sglang-c-skills.n0.p8.w8,1,1.072135,36331405.000000,28582527.000000,0.000000,graded_attempt,sources/v11w2-kimi27sglang-c-skills/tsvc_2_s275/626368.626368.v11w2-kimi27sglang-c-skills.n0.p8.w8/candidate_01_submission.txt,5266a55bea104403f15f83a5fc904fb44884b4c7cdb305250612d0bb9e5d7fa4
v11w2-kimi27sglang-fortran,numba,fortran,tsvc_2_s275,627015,627015,v11w2-kimi27sglang-fortran.n0.p2.w2,1,1.798710,36337138.000000,20431126.000000,0.000000,graded_attempt,sources/v11w2-kimi27sglang-fortran/tsvc_2_s275/627015.627015.v11w2-kimi27sglang-fortran.n0.p2.w2/candidate_01_submission.txt,2af1c9deb068ba66d0df1ae81a2fea1d9e34467f605b2fa646167736da89a743
v11w2-kimi27sglang-fortran,numba,fortran,tsvc_2_s275,627015,627015,v11w2-kimi27sglang-fortran.n0.p2.w2,2,1.694466,36337138.000000,21548860.000000,0.000000,graded_attempt,sources/v11w2-kimi27sglang-fortran/tsvc_2_s275/627015.627015.v11w2-kimi27sglang-fortran.n0.p2.w2/candidate_02_submission.txt,9902021632c16cf256141bce881d9810783578f7610bae6b60e20d61f76fad55
v11w2-kimi27sglang-fortran,numba,fortran,tsvc_2_s275,627015,627015,v11w2-kimi27sglang-fortran.n0.p2.w2,3,1.694466,36337138.000000,21233588.000000,0.000000,graded_attempt,sources/v11w2-kimi27sglang-fortran/tsvc_2_s275/627015.627015.v11w2-kimi27sglang-fortran.n0.p2.w2/candidate_03_submission.txt,720ca2a15c4c28aa892f536f8318e87f60dff9438de2aa5c7d63af9f00cf3ad1
v11w2-kimi27sglang-fortran,numba,fortran,tsvc_2_s275,627015,627015,v11w2-kimi27sglang-fortran.n0.p2.w2,6,1.677689,36337138.000000,20783035.000000,0.000000,graded_attempt,sources/v11w2-kimi27sglang-fortran/tsvc_2_s275/627015.627015.v11w2-kimi27sglang-fortran.n0.p2.w2/candidate_06_submission.txt,1ac02659ef86e6405f1a5e34b8fd6d26b5e8b7cadebd13001349cffe8668ec9c
v11w2-kimi27sglang-fortran,numba,fortran,tsvc_2_s275,627015,627015,v11w2-kimi27sglang-fortran.n0.p2.w2,5,1.661078,36337138.000000,21400592.000000,0.000000,graded_attempt,sources/v11w2-kimi27sglang-fortran/tsvc_2_s275/627015.627015.v11w2-kimi27sglang-fortran.n0.p2.w2/candidate_03_submission.txt,720ca2a15c4c28aa892f536f8318e87f60dff9438de2aa5c7d63af9f00cf3ad1
v11w2-kimi27sglang-fortran,numba,fortran,tsvc_2_s275,627015,627015,v11w2-kimi27sglang-fortran.n0.p2.w2,4,1.644632,36337138.000000,21448746.000000,0.000000,graded_attempt,sources/v11w2-kimi27sglang-fortran/tsvc_2_s275/627015.627015.v11w2-kimi27sglang-fortran.n0.p2.w2/candidate_03_submission.txt,720ca2a15c4c28aa892f536f8318e87f60dff9438de2aa5c7d63af9f00cf3ad1
v11w2-kimi27sglang-fortran-skills,numba,fortran,tsvc_2_s275,626374,626374,v11w2-kimi27sglang-fortran-skills.n0.p7.w7,2,1.321291,36419405.000000,24108314.000000,0.000000,graded_attempt,sources/v11w2-kimi27sglang-fortran-skills/tsvc_2_s275/626374.626374.v11w2-kimi27sglang-fortran-skills.n0.p7.w7/candidate_02_submission.txt,855efe486fc4916da38f4a083074fe71b0f9035293928b222587b4944c85d390
v11w2-kimi27sglang-fortran-skills,numba,fortran,tsvc_2_s275,626374,626374,v11w2-kimi27sglang-fortran-skills.n0.p7.w7,1,1.000000,36419405.000000,30480949.000000,0.000000,graded_attempt,sources/v11w2-kimi27sglang-fortran-skills/tsvc_2_s275/626374.626374.v11w2-kimi27sglang-fortran-skills.n0.p7.w7/candidate_01_submission.txt,32b1e29d272cea85e04cc725255c02842255471772973c27af81262f6eea74bb
v11w2-oss120b-fortran,numba,fortran,tsvc_2_s275,626369,626369,v11w2-oss120b-fortran.n0.p9.w9,1,1.010000,37551798.000000,37220737.000000,0.000000,graded_attempt,sources/v11w2-oss120b-fortran/tsvc_2_s275/626369.626369.v11w2-oss120b-fortran.n0.p9.w9/candidate_01_submission.txt,3448c9277defd964abe681bc657d8df6811f880313ecee63eff87857bbd18313
v11w2-oss120b-fortran-skills,numba,fortran,tsvc_2_s275,626370,626370,v11w2-oss120b-fortran-skills.n0.p9.w9,1,1.072135,38569723.000000,28949430.000000,0.000000,graded_attempt,sources/v11w2-oss120b-fortran-skills/tsvc_2_s275/626370.626370.v11w2-oss120b-fortran-skills.n0.p9.w9/candidate_01_submission.txt,4b7c981347e3a33995ac5020304434a6f4213f64199a04825d2acb2a38c7ab1a
v11w2-qwen38-c,numba,c,tsvc_2_s275,627007,627007,v11w2-qwen38-c.n0.p2.w2,1,1.000000,36396899.000000,44188214.000000,0.000000,graded_attempt,sources/v11w2-qwen38-c/tsvc_2_s275/627007.627007.v11w2-qwen38-c.n0.p2.w2/candidate_01_submission.txt,19222e0807e903fb8e693011ce748f8afc1f03d3264ebb1429037ecdcacaad46
v11w2-qwen38-fortran,numba,fortran,tsvc_2_s275,626371,626371,v11w2-qwen38-fortran.n0.p13.w13,1,1.745810,37535167.000000,21271186.000000,0.000000,graded_attempt,sources/v11w2-qwen38-fortran/tsvc_2_s275/626371.626371.v11w2-qwen38-fortran.n0.p13.w13/candidate_01_submission.txt,98b4cd8296756763b94b5dab7338fa2018446031cb1b926bb546d0ea10f25f1a
v11w2-qwen38-fortran-skills,numba,fortran,tsvc_2_s275,626372,626372,v11w2-qwen38-fortran-skills.n0.p10.w10,1,1.000000,35003438.000000,50418175.000000,0.000000,graded_attempt,sources/v11w2-qwen38-fortran-skills/tsvc_2_s275/626372.626372.v11w2-qwen38-fortran-skills.n0.p10.w10/candidate_01_submission.txt,318bdb5af6a54a11f7c0af3b3da6a8da982d3e9a6a63c60cf1669545bbefa11d
gpuv2-llr40-oss120b-hip-skills,numba,hip,tsvc_2_s311,627168,627168,gpuv2-llr40-oss120b-hip-skills.n0.p25.w25,1,217.702400,182288857.000000,741846.000000,0.000000,graded_attempt,sources/gpuv2-llr40-oss120b-hip-skills/tsvc_2_s311/627168.627168.gpuv2-llr40-oss120b-hip-skills.n0.p25.w25/candidate_01_submission.txt,ea5a015717d9a9b38976356358eb3d0a238eb7e9a7aa2841c86cbbbbd0320c8b
gpuv2-llr40-oss120b-omp,numba,c,tsvc_2_s311,627173,627173,gpuv2-llr40-oss120b-omp.n0.p25.w25,1,18.828047,181660651.000000,9112517.000000,0.000000,graded_attempt,sources/gpuv2-llr40-oss120b-omp/tsvc_2_s311/627173.627173.gpuv2-llr40-oss120b-omp.n0.p25.w25/candidate_01_submission.txt,6c38a2a70a584b2e58c2e214f73154dca7783a9f9a205d41078491c706e1404b
gpuv2-llr40-oss120b-omp-skills,numba,c,tsvc_2_s311,627174,627174,gpuv2-llr40-oss120b-omp-skills.n0.p25.w25,1,15.897979,182049436.000000,10975639.000000,0.000000,graded_attempt,sources/gpuv2-llr40-oss120b-omp-skills/tsvc_2_s311/627174.627174.gpuv2-llr40-oss120b-omp-skills.n0.p25.w25/candidate_01_submission.txt,a9eb97e03cb80eccf82c8bfb444f3d6cb6af3bf8d6291af4dbe11257fab40a23
gpuv2-llr40-qwen38-hip-skills,numba,hip,tsvc_2_s311,627018,627018,gpuv2-llr40-qwen38-hip-skills.n0.p25.w25,1,250.243295,182016314.000000,639523.000000,0.000000,graded_attempt,sources/gpuv2-llr40-qwen38-hip-skills/tsvc_2_s311/627018.627018.gpuv2-llr40-qwen38-hip-skills.n0.p25.w25/candidate_01_submission.txt,3ee6bf85736190f69e46d765a8a1550acc87206a44b5ad168a236b186988e082
gpuv2-llr40-qwen38-hip-skills,numba,hip,tsvc_2_s311,627018,627018,gpuv2-llr40-qwen38-hip-skills.n0.p25.w25,2,245.312513,182016314.000000,639842.000000,0.000000,graded_attempt,sources/gpuv2-llr40-qwen38-hip-skills/tsvc_2_s311/627018.627018.gpuv2-llr40-qwen38-hip-skills.n0.p25.w25/candidate_01_submission.txt,3ee6bf85736190f69e46d765a8a1550acc87206a44b5ad168a236b186988e082
gpuv2-llr40-qwen38-omp,numba,c,tsvc_2_s311,626521,626521,gpuv2-llr40-qwen38-omp.n0.p25.w25,1,18.641630,182088306.000000,9075986.000000,0.000000,graded_attempt,sources/gpuv2-llr40-qwen38-omp/tsvc_2_s311/626521.626521.gpuv2-llr40-qwen38-omp.n0.p25.w25/candidate_01_submission.txt,238e96b3bc3e32f689b6f2f7f328e23147de8eb1483cfa3b1f9e3e29c4d84bae
gpuv4-llr40-oss120b-pytriton,numba,python,tsvc_2_s311,627175,627175,gpuv4-llr40-oss120b-pytriton.n0.p25.w25,1,3.017675,182123392.000000,59205920.000000,0.000000,graded_attempt,sources/gpuv4-llr40-oss120b-pytriton/tsvc_2_s311/627175.627175.gpuv4-llr40-oss120b-pytriton.n0.p25.w25/candidate_01_submission.txt,5692ac33bffe26339f3cad97adc5ca93fc368e764a2ad0439771ac525a9b1af3
gpuv4-llr40-oss120b-pytriton-skills,numba,python,tsvc_2_s311,627176,627176,gpuv4-llr40-oss120b-pytriton-skills.n0.p25.w25,1,3.078330,185746761.000000,60187020.000000,0.000000,graded_attempt,sources/gpuv4-llr40-oss120b-pytriton-skills/tsvc_2_s311/627176.627176.gpuv4-llr40-oss120b-pytriton-skills.n0.p25.w25/candidate_01_submission.txt,c3bfb7fc75100906bd677969af37af3ef3ffcdf99508839e4e33967c1a2bc447
gpuv4-llr40-oss120b-pytriton-skills,numba,python,tsvc_2_s311,627176,627176,gpuv4-llr40-oss120b-pytriton-skills.n0.p25.w25,2,3.078330,185746761.000000,60087059.000000,0.000000,graded_attempt,sources/gpuv4-llr40-oss120b-pytriton-skills/tsvc_2_s311/627176.627176.gpuv4-llr40-oss120b-pytriton-skills.n0.p25.w25/candidate_02_submission.txt,64c9d6e5533729a15403b73545a1839501766e5191b3e685a7a5d4eb442f467d
gpuv4-llr40-qwen38-pytriton,numba,python,tsvc_2_s311,626557,626557,gpuv4-llr40-qwen38-pytriton.n0.p25.w25,4,19.592541,181967656.000000,9143769.000000,0.000000,graded_attempt,sources/gpuv4-llr40-qwen38-pytriton/tsvc_2_s311/626557.626557.gpuv4-llr40-qwen38-pytriton.n0.p25.w25/candidate_04_submission.txt,a28378fc628b98879397a905634c6efc6ebde20365c1dad8b472615a94ab28f4
gpuv4-llr40-qwen38-pytriton,numba,python,tsvc_2_s311,626557,626557,gpuv4-llr40-qwen38-pytriton.n0.p25.w25,3,19.398555,181967656.000000,9149581.000000,0.000000,graded_attempt,sources/gpuv4-llr40-qwen38-pytriton/tsvc_2_s311/626557.626557.gpuv4-llr40-qwen38-pytriton.n0.p25.w25/candidate_03_submission.txt,9499b982ce6a3fe0ab04306d2f18fbae59d24d9f178744a6062bdd55904e5ad4
gpuv4-llr40-qwen38-pytriton,numba,python,tsvc_2_s311,627019,627019,gpuv4-llr40-qwen38-pytriton.n0.p25.w25,1,18.828047,182086657.000000,9156181.000000,0.000000,graded_attempt,sources/gpuv4-llr40-qwen38-pytriton/tsvc_2_s311/627019.627019.gpuv4-llr40-qwen38-pytriton.n0.p25.w25/candidate_01_submission.txt,1a566e0cc4bf74b87acd6448dc360f6902770c6963d1d098805322d5a1e4f206
gpuv4-llr40-qwen38-pytriton,numba,python,tsvc_2_s311,627230,627230,gpuv4-llr40-qwen38-pytriton.n0.p25.w25,3,16.876025,181938113.000000,10197562.000000,0.000000,graded_attempt,sources/gpuv4-llr40-qwen38-pytriton/tsvc_2_s311/627230.627230.gpuv4-llr40-qwen38-pytriton.n0.p25.w25/candidate_03_submission.txt,882ce0bf41d63a392fdba56c8362fa351d9b0b824683afcabbaa509ea34aac98
gpuv4-llr40-qwen38-pytriton,numba,python,tsvc_2_s311,626557,626557,gpuv4-llr40-qwen38-pytriton.n0.p25.w25,2,16.708935,181967656.000000,9962524.000000,0.000000,graded_attempt,sources/gpuv4-llr40-qwen38-pytriton/tsvc_2_s311/626557.626557.gpuv4-llr40-qwen38-pytriton.n0.p25.w25/candidate_02_submission.txt,fdde71127f51cd12cb502e44957ac2e885ec21dd9745fcd72e66a6ec47560c9f
gpuv4-llr40-qwen38-pytriton,numba,python,tsvc_2_s311,626557,626557,gpuv4-llr40-qwen38-pytriton.n0.p25.w25,1,14.976615,181967656.000000,10531354.000000,0.000000,graded_attempt,sources/gpuv4-llr40-qwen38-pytriton/tsvc_2_s311/626557.626557.gpuv4-llr40-qwen38-pytriton.n0.p25.w25/candidate_01_submission.txt,a99cc6f2c78e62864c7ea9be9feb16fc16442c53d25e9fb9ae5ce7c126ca8d5b
gpuv4-llr40-qwen38-pytriton,numba,python,tsvc_2_s311,627230,627230,gpuv4-llr40-qwen38-pytriton.n0.p25.w25,1,1.000000,181938113.000000,181619261.000000,0.000000,graded_attempt,sources/gpuv4-llr40-qwen38-pytriton/tsvc_2_s311/627230.627230.gpuv4-llr40-qwen38-pytriton.n0.p25.w25/candidate_01_submission.txt,460171f12d50b2aa490092d9999c6a31dc69e6f8d380276538cb0245f39abecd
gpuv4-llr40-qwen38-pytriton,numba,python,tsvc_2_s311,627230,627230,gpuv4-llr40-qwen38-pytriton.n0.p25.w25,2,1.000000,181938113.000000,181879337.000000,0.000000,graded_attempt,sources/gpuv4-llr40-qwen38-pytriton/tsvc_2_s311/627230.627230.gpuv4-llr40-qwen38-pytriton.n0.p25.w25/candidate_01_submission.txt,460171f12d50b2aa490092d9999c6a31dc69e6f8d380276538cb0245f39abecd
gpuv4-llr40-qwen38-pytriton-skills,numba,python,tsvc_2_s311,627020,627020,gpuv4-llr40-qwen38-pytriton-skills.n0.p25.w25,1,16.217528,182044766.000000,10296275.000000,0.000000,graded_attempt,sources/gpuv4-llr40-qwen38-pytriton-skills/tsvc_2_s311/627020.627020.gpuv4-llr40-qwen38-pytriton-skills.n0.p25.w25/candidate_01_submission.txt,32881079029403f65942137de02ecdc52c5c2ebb386f5d6a8c48e031d99390c7
gpuv4-llr40-qwen38-pytriton-skills,numba,python,tsvc_2_s311,626651,626651,gpuv4-llr40-qwen38-pytriton-skills.n0.p25.w25,1,14.536155,181597498.000000,12344332.000000,0.000000,graded_attempt,sources/gpuv4-llr40-qwen38-pytriton-skills/tsvc_2_s311/626651.626651.gpuv4-llr40-qwen38-pytriton-skills.n0.p25.w25/candidate_01_submission.txt,d4cb793adceaaaca13b0c984e0d9440763c1466f88ac649bbce0385c9000e292
llr40v10-kimi27sglang-c,numba,c,tsvc_2_s311,621730,621730,llr40v10-kimi27sglang-c.n0.p5.w5,2,20.591957,181983452.000000,8771760.000000,0.000000,graded_attempt,sources/llr40v10-kimi27sglang-c/tsvc_2_s311/621730.621730.llr40v10-kimi27sglang-c.n0.p5.w5/candidate_02_submission.txt,9aeaae5d1f91d6bd7af4c5d5b239b42f6d829bffca459ed9b6638b5633efdc03
llr40v10-kimi27sglang-c,numba,c,tsvc_2_s311,621730,621730,llr40v10-kimi27sglang-c.n0.p5.w5,3,20.388077,181983452.000000,8778839.000000,0.000000,graded_attempt,sources/llr40v10-kimi27sglang-c/tsvc_2_s311/621730.621730.llr40v10-kimi27sglang-c.n0.p5.w5/candidate_03_submission.txt,45ac21c81c4ea0074bd97020c54aaa7a22f9105270033d68b803b7fdf59006a9
llr40v10-kimi27sglang-c,numba,c,tsvc_2_s311,621730,621730,llr40v10-kimi27sglang-c.n0.p5.w5,4,20.388077,181983452.000000,8787774.000000,0.000000,graded_attempt,sources/llr40v10-kimi27sglang-c/tsvc_2_s311/621730.621730.llr40v10-kimi27sglang-c.n0.p5.w5/candidate_04_submission.txt,8bec94d99e1bfd6674218f383814964f604f38ea359c77bf7ea3e329c744ed37
llr40v10-kimi27sglang-c,numba,c,tsvc_2_s311,621730,621730,llr40v10-kimi27sglang-c.n0.p5.w5,1,12.520710,181983452.000000,12872998.000000,0.000000,graded_attempt,sources/llr40v10-kimi27sglang-c/tsvc_2_s311/621730.621730.llr40v10-kimi27sglang-c.n0.p5.w5/candidate_01_submission.txt,30c7373053dd9057f2b107f720cc2bd0398c94a7bf0042fbba5dd27d2ec4bd36
llr40v10-kimi27sglang-c-skills,numba,c,tsvc_2_s311,621026,621026,llr40v10-kimi27sglang-c-skills.n0.p5.w5,4,20.388077,182126982.000000,8813108.000000,0.000000,graded_attempt,sources/llr40v10-kimi27sglang-c-skills/tsvc_2_s311/621026.621026.llr40v10-kimi27sglang-c-skills.n0.p5.w5/candidate_02_submission.txt,5ed95c6b64a128c6f5e06127769b995dd0edc07597ec4f6852fedc6aab72caaa
llr40v10-kimi27sglang-c-skills,numba,c,tsvc_2_s311,621026,621026,llr40v10-kimi27sglang-c-skills.n0.p5.w5,2,20.186214,182126982.000000,8816194.000000,0.000000,graded_attempt,sources/llr40v10-kimi27sglang-c-skills/tsvc_2_s311/621026.621026.llr40v10-kimi27sglang-c-skills.n0.p5.w5/candidate_02_submission.txt,5ed95c6b64a128c6f5e06127769b995dd0edc07597ec4f6852fedc6aab72caaa
llr40v10-kimi27sglang-c-skills,numba,c,tsvc_2_s311,621026,621026,llr40v10-kimi27sglang-c-skills.n0.p5.w5,3,20.186214,182126982.000000,8803264.000000,0.000000,graded_attempt,sources/llr40v10-kimi27sglang-c-skills/tsvc_2_s311/621026.621026.llr40v10-kimi27sglang-c-skills.n0.p5.w5/candidate_02_submission.txt,5ed95c6b64a128c6f5e06127769b995dd0edc07597ec4f6852fedc6aab72caaa
llr40v10-kimi27sglang-c-skills,numba,c,tsvc_2_s311,621026,621026,llr40v10-kimi27sglang-c-skills.n0.p5.w5,5,20.186214,182126982.000000,8830878.000000,0.000000,graded_attempt,sources/llr40v10-kimi27sglang-c-skills/tsvc_2_s311/621026.621026.llr40v10-kimi27sglang-c-skills.n0.p5.w5/candidate_02_submission.txt,5ed95c6b64a128c6f5e06127769b995dd0edc07597ec4f6852fedc6aab72caaa
llr40v10-kimi27sglang-c-skills,numba,c,tsvc_2_s311,621026,621026,llr40v10-kimi27sglang-c-skills.n0.p5.w5,6,20.186214,182126982.000000,8811531.000000,0.000000,graded_attempt,sources/llr40v10-kimi27sglang-c-skills/tsvc_2_s311/621026.621026.llr40v10-kimi27sglang-c-skills.n0.p5.w5/candidate_02_submission.txt,5ed95c6b64a128c6f5e06127769b995dd0edc07597ec4f6852fedc6aab72caaa
llr40v10-kimi27sglang-c-skills,numba,c,tsvc_2_s311,621026,621026,llr40v10-kimi27sglang-c-skills.n0.p5.w5,1,19.986351,182126982.000000,8841709.000000,0.000000,graded_attempt,sources/llr40v10-kimi27sglang-c-skills/tsvc_2_s311/621026.621026.llr40v10-kimi27sglang-c-skills.n0.p5.w5/candidate_01_submission.txt,a9ebff2f82cffb735c1f8b3552b1926c93b7b95de6cba0cf54a9b5636b9bc2da
llr40v10-kimi27sglang-fortran,numba,fortran,tsvc_2_s311,621732,621732,llr40v10-kimi27sglang-fortran.n0.p5.w5,1,20.591957,182015345.000000,8790676.000000,0.000000,graded_attempt,sources/llr40v10-kimi27sglang-fortran/tsvc_2_s311/621732.621732.llr40v10-kimi27sglang-fortran.n0.p5.w5/candidate_01_submission.txt,32855e711a7735081adef047337f30685598cadeb5c4da44c844f2806541fb31
llr40v10-kimi27sglang-fortran,c,fortran,tsvc_2_s311,621022,621022,llr40v10-kimi27sglang-fortran.n0.p5.w5,1,19.592541,181527411.000000,8835641.000000,0.000000,graded_attempt,sources/llr40v10-kimi27sglang-fortran/tsvc_2_s311/621022.621022.llr40v10-kimi27sglang-fortran.n0.p5.w5/candidate_01_submission.txt,6068d63f890f663944aa313d5ed8848c63482522b5f8f9fa83fb1146905f4bee
llr40v10-kimi27sglang-fortran-skills,numba,fortran,tsvc_2_s311,621030,621030,llr40v10-kimi27sglang-fortran-skills.n0.p5.w5,1,20.388077,181911118.000000,8795247.000000,0.000000,graded_attempt,sources/llr40v10-kimi27sglang-fortran-skills/tsvc_2_s311/621030.621030.llr40v10-kimi27sglang-fortran-skills.n0.p5.w5/candidate_01_submission.txt,b666fc313b07ef13e858b18dca3bfa6946f152e9ad6d21af6b4f0e5a6079b077
llr40v10-oss120b-c,c,c,tsvc_2_s311,621382,621382,llr40v10-oss120b-c.n0.p25.w25,1,12.152477,181985119.000000,13206162.000000,0.000000,graded_attempt,sources/llr40v10-oss120b-c/tsvc_2_s311/621382.621382.llr40v10-oss120b-c.n0.p25.w25/candidate_01_submission.txt,3759516394fe563acc966ebf3a40555c788408c9fcdd987959d78cb5dbb7fc93
llr40v10-oss120b-c,c,c,tsvc_2_s311,621015,621015,llr40v10-oss120b-c.n0.p25.w25,1,11.913026,181639233.000000,13769479.000000,0.000000,graded_attempt,sources/llr40v10-oss120b-c/tsvc_2_s311/621015.621015.llr40v10-oss120b-c.n0.p25.w25/candidate_01_submission.txt,8874a393cc9c7d9435dbe26d6421c2734033dea148c85bd424fef6077a9cf949
llr40v10-oss120b-c-skills,numba,c,tsvc_2_s311,621023,621023,llr40v10-oss120b-c-skills.n0.p25.w25,1,19.986351,182053077.000000,8785657.000000,0.000000,graded_attempt,sources/llr40v10-oss120b-c-skills/tsvc_2_s311/621023.621023.llr40v10-oss120b-c-skills.n0.p25.w25/candidate_01_submission.txt,2fe9c417b0fb0f0d106dcefab3a99903ea63577ce95c108c517d689b0abee265
llr40v10-oss120b-c-skills,numba,c,tsvc_2_s311,625311,625311,llr40v10-oss120b-c-skills.n0.p25.w25,1,19.788466,181915655.000000,8777569.000000,0.000000,graded_attempt,sources/llr40v10-oss120b-c-skills/tsvc_2_s311/625311.625311.llr40v10-oss120b-c-skills.n0.p25.w25/candidate_01_submission.txt,82675c498a9dabc4bc72f6e6c2e24d56c2a967fd10cf3a59a1ed1b6e0ef8d742
llr40v10-oss120b-fortran,c,fortran,tsvc_2_s311,621019,621019,llr40v10-oss120b-fortran.n0.p25.w25,1,20.186214,181936045.000000,8846408.000000,0.000000,graded_attempt,sources/llr40v10-oss120b-fortran/tsvc_2_s311/621019.621019.llr40v10-oss120b-fortran.n0.p25.w25/candidate_01_submission.txt,73c7ee93798997297b126738887ed008e9ad2f06925b8012655e8a7d80e503db
llr40v10-oss120b-fortran,c,fortran,tsvc_2_s311,621384,621384,llr40v10-oss120b-fortran.n0.p25.w25,1,19.986351,181930537.000000,8811565.000000,0.000000,graded_attempt,sources/llr40v10-oss120b-fortran/tsvc_2_s311/621384.621384.llr40v10-oss120b-fortran.n0.p25.w25/candidate_01_submission.txt,1f97d229ee51f578c5273b3611fa4ed48b919495c924d56b211bccf0e8e215f7
llr40v10-oss120b-fortran-skills,numba,fortran,tsvc_2_s311,621027,621027,llr40v10-oss120b-fortran-skills.n0.p25.w25,1,19.398555,181867951.000000,8828217.000000,0.000000,graded_attempt,sources/llr40v10-oss120b-fortran-skills/tsvc_2_s311/621027.621027.llr40v10-oss120b-fortran-skills.n0.p25.w25/candidate_01_submission.txt,1e55b64b2b61695dbd4dc01554e7d9e9249968e8f8096d399f0b06347b3b33e5
llr40v10-qwen38-c,numba,c,tsvc_2_s311,621727,621727,llr40v10-qwen38-c.n0.p25.w25,4,19.592541,182316506.000000,8815190.000000,0.000000,graded_attempt,sources/llr40v10-qwen38-c/tsvc_2_s311/621727.621727.llr40v10-qwen38-c.n0.p25.w25/candidate_04_submission.txt,57351b4f365d7b705d2a9efcfd91ec899824ff004b5ff3f3eb1f3c3c55e741ca
llr40v10-qwen38-c,c,c,tsvc_2_s311,621016,621016,llr40v10-qwen38-c.n0.p25.w25,2,19.398555,181819455.000000,8809761.000000,0.000000,graded_attempt,sources/llr40v10-qwen38-c/tsvc_2_s311/621016.621016.llr40v10-qwen38-c.n0.p25.w25/candidate_02_submission.txt,500d8343678fbc273161f9b65ccf182b77c9f355744a3f8781d0f4f87e8b4e2d
llr40v10-qwen38-c,c,c,tsvc_2_s311,621016,621016,llr40v10-qwen38-c.n0.p25.w25,1,12.274002,182005125.000000,13465275.000000,0.000000,graded_attempt,sources/llr40v10-qwen38-c/tsvc_2_s311/621016.621016.llr40v10-qwen38-c.n0.p25.w25/candidate_01_submission.txt,936c53975c219125c4565108b293430d906ebeb2536782f6b577ac38ef773308
llr40v10-qwen38-c,c,c,tsvc_2_s311,621383,621383,llr40v10-qwen38-c.n0.p25.w25,1,12.032156,181658277.000000,13314668.000000,0.000000,graded_attempt,sources/llr40v10-qwen38-c/tsvc_2_s311/621383.621383.llr40v10-qwen38-c.n0.p25.w25/candidate_01_submission.txt,3b5fff96710797984c45d05a91eb4122a820594d438dfe3278cc662f5d912d7d
llr40v10-qwen38-c,numba,c,tsvc_2_s311,621727,621727,llr40v10-qwen38-c.n0.p25.w25,2,3.718959,182316506.000000,48489440.000000,0.000000,graded_attempt,sources/llr40v10-qwen38-c/tsvc_2_s311/621727.621727.llr40v10-qwen38-c.n0.p25.w25/candidate_02_submission.txt,a6b90e443e0656df8a49ab1a85a0d8849b7488d2c6ff9204e1055bd90266c1d2
llr40v10-qwen38-c,numba,c,tsvc_2_s311,621727,621727,llr40v10-qwen38-c.n0.p25.w25,3,3.333391,182316506.000000,51156989.000000,0.000000,graded_attempt,sources/llr40v10-qwen38-c/tsvc_2_s311/621727.621727.llr40v10-qwen38-c.n0.p25.w25/candidate_02_submission.txt,a6b90e443e0656df8a49ab1a85a0d8849b7488d2c6ff9204e1055bd90266c1d2
llr40v10-qwen38-c,numba,c,tsvc_2_s311,621727,621727,llr40v10-qwen38-c.n0.p25.w25,1,1.000000,182316506.000000,181562972.000000,0.000000,graded_attempt,sources/llr40v10-qwen38-c/tsvc_2_s311/621727.621727.llr40v10-qwen38-c.n0.p25.w25/candidate_01_submission.txt,4068c0e7aa0183934c1fa8fe9956a5d4a301fdbdf2a166d505380528a90ca22f
llr40v10-qwen38-c-skills,numba,c,tsvc_2_s311,621024,621024,llr40v10-qwen38-c-skills.n0.p25.w25,1,20.388077,181954580.000000,8805485.000000,0.000000,graded_attempt,sources/llr40v10-qwen38-c-skills/tsvc_2_s311/621024.621024.llr40v10-qwen38-c-skills.n0.p25.w25/candidate_01_submission.txt,6bd681470d88a31783d02d88e9956935dda0dad21498a461a99c318e5d818c7a
llr40v10-qwen38-fortran,numba,fortran,tsvc_2_s311,622266,622266,llr40v10-qwen38-fortran.n0.p25.w25,1,20.388077,181964482.000000,8794500.000000,0.000000,graded_attempt,sources/llr40v10-qwen38-fortran/tsvc_2_s311/622266.622266.llr40v10-qwen38-fortran.n0.p25.w25/candidate_01_submission.txt,a0e8000562ea9700f96997690d9cde86a0f7a68a174988e3918332795a9e82ec
llr40v10-qwen38-fortran,numba,fortran,tsvc_2_s311,621728,621728,llr40v10-qwen38-fortran.n0.p25.w25,1,20.186214,182142084.000000,8806099.000000,0.000000,graded_attempt,sources/llr40v10-qwen38-fortran/tsvc_2_s311/621728.621728.llr40v10-qwen38-fortran.n0.p25.w25/candidate_01_submission.txt,6cb5c4de3928e048599d268946814511be04e51b94b05faf3711afedfc9f6165
llr40v10-qwen38-fortran-skills,numba,fortran,tsvc_2_s311,621028,621028,llr40v10-qwen38-fortran-skills.n0.p25.w25,1,20.186214,182169370.000000,8787256.000000,0.000000,graded_attempt,sources/llr40v10-qwen38-fortran-skills/tsvc_2_s311/621028.621028.llr40v10-qwen38-fortran-skills.n0.p25.w25/candidate_01_submission.txt,1d22bd0858d6b2ae49b56a59189345b97df5e8e27813f3dc897064d57c6d37ab
llr40v11-kimi27sglang-c,numba,c,tsvc_2_s311,625534,625534,llr40v11-kimi27sglang-c.n0.p5.w5,3,20.388077,182008591.000000,8754290.000000,0.000000,graded_attempt,sources/llr40v11-kimi27sglang-c/tsvc_2_s311/625534.625534.llr40v11-kimi27sglang-c.n0.p5.w5/candidate_03_submission.txt,0ca316dfc41ab8cfe6cc673b35cf07227ea9c92afa74d3ee931384e3d6b0fb84
llr40v11-kimi27sglang-c,numba,c,tsvc_2_s311,625534,625534,llr40v11-kimi27sglang-c.n0.p5.w5,2,20.186214,182008591.000000,8785260.000000,0.000000,graded_attempt,sources/llr40v11-kimi27sglang-c/tsvc_2_s311/625534.625534.llr40v11-kimi27sglang-c.n0.p5.w5/candidate_02_submission.txt,47ca277d494e89a276d1ced3b341ee2177a3f3e38600112b7769bb3620d4f8c3
llr40v11-kimi27sglang-c,numba,c,tsvc_2_s311,625534,625534,llr40v11-kimi27sglang-c.n0.p5.w5,1,12.772376,182008591.000000,12758188.000000,0.000000,graded_attempt,sources/llr40v11-kimi27sglang-c/tsvc_2_s311/625534.625534.llr40v11-kimi27sglang-c.n0.p5.w5/candidate_01_submission.txt,ba6fba0f0bc37e51490ef4daa133d587cd616595a6b322dcf47434f77b8a070b
llr40v11-kimi27sglang-c-skills,numba,c,tsvc_2_s311,625538,625538,llr40v11-kimi27sglang-c-skills.n0.p5.w5,2,20.186214,182047412.000000,8838658.000000,0.000000,graded_attempt,sources/llr40v11-kimi27sglang-c-skills/tsvc_2_s311/625538.625538.llr40v11-kimi27sglang-c-skills.n0.p5.w5/candidate_02_submission.txt,ad30a9c0e4e3e98930195d71c48871c5c43fbf891e21fd81a3113449e85c0746
llr40v11-kimi27sglang-c-skills,numba,c,tsvc_2_s311,625538,625538,llr40v11-kimi27sglang-c-skills.n0.p5.w5,1,12.396742,182047412.000000,13330626.000000,0.000000,graded_attempt,sources/llr40v11-kimi27sglang-c-skills/tsvc_2_s311/625538.625538.llr40v11-kimi27sglang-c-skills.n0.p5.w5/candidate_01_submission.txt,ba6fba0f0bc37e51490ef4daa133d587cd616595a6b322dcf47434f77b8a070b
llr40v11-kimi27sglang-fortran,numba,fortran,tsvc_2_s311,625542,625542,llr40v11-kimi27sglang-fortran.n0.p5.w5,1,20.388077,181718523.000000,8752415.000000,0.000000,graded_attempt,sources/llr40v11-kimi27sglang-fortran/tsvc_2_s311/625542.625542.llr40v11-kimi27sglang-fortran.n0.p5.w5/candidate_01_submission.txt,0187df915a733d2b553fc480055a557eabd21c317bd60fd2049c4c32e7967da2
llr40v11-kimi27sglang-fortran-skills,numba,fortran,tsvc_2_s311,625546,625546,llr40v11-kimi27sglang-fortran-skills.n0.p5.w5,1,20.591957,181878492.000000,8734461.000000,0.000000,graded_attempt,sources/llr40v11-kimi27sglang-fortran-skills/tsvc_2_s311/625546.625546.llr40v11-kimi27sglang-fortran-skills.n0.p5.w5/candidate_01_submission.txt,796cbf3856fcb6c8059233090821d8ff2ef218e2a942aed060c11fcc358e19de
llr40v11-oss120b-c,numba,c,tsvc_2_s311,625531,625531,llr40v11-oss120b-c.n0.p25.w25,1,20.186214,182190663.000000,8816702.000000,0.000000,graded_attempt,sources/llr40v11-oss120b-c/tsvc_2_s311/625531.625531.llr40v11-oss120b-c.n0.p25.w25/candidate_01_submission.txt,963b05432305fb0c38de73f6fda994c78fa311b8062bd1f4d6b5b456ef932471
llr40v11-oss120b-c-skills,numba,c,tsvc_2_s311,625535,625535,llr40v11-oss120b-c-skills.n0.p25.w25,1,20.186214,181800775.000000,8780207.000000,0.000000,graded_attempt,sources/llr40v11-oss120b-c-skills/tsvc_2_s311/625535.625535.llr40v11-oss120b-c-skills.n0.p25.w25/candidate_01_submission.txt,b20435de974548e328053d847b7bd72ce3137570d87b368b2f8b8ce5a8f569da
llr40v11-oss120b-fortran,numba,fortran,tsvc_2_s311,625539,625539,llr40v11-oss120b-fortran.n0.p25.w25,1,20.186214,181840523.000000,8795054.000000,0.000000,graded_attempt,sources/llr40v11-oss120b-fortran/tsvc_2_s311/625539.625539.llr40v11-oss120b-fortran.n0.p25.w25/candidate_01_submission.txt,85b00cfe556d481f59a562503d0cad89471a4ec636e7901a2215fb03b83263fd
llr40v11-oss120b-fortran-skills,numba,fortran,tsvc_2_s311,625543,625543,llr40v11-oss120b-fortran-skills.n0.p25.w25,1,19.986351,182044854.000000,8799251.000000,0.000000,graded_attempt,sources/llr40v11-oss120b-fortran-skills/tsvc_2_s311/625543.625543.llr40v11-oss120b-fortran-skills.n0.p25.w25/candidate_01_submission.txt,d44cbd2315885dcb10974de903a9b41844f31c871b516bf2c041c05dc8fcc374
llr40v11-qwen38-c,numba,c,tsvc_2_s311,625532,625532,llr40v11-qwen38-c.n0.p25.w25,1,7.243582,182032173.000000,25081080.000000,0.000000,graded_attempt,sources/llr40v11-qwen38-c/tsvc_2_s311/625532.625532.llr40v11-qwen38-c.n0.p25.w25/candidate_01_submission.txt,977b907a16d680ab3d1c03f0e7e5d14b8f1d9e91e2deed77c21676c8f045874d
llr40v11-qwen38-c-skills,numba,c,tsvc_2_s311,625536,625536,llr40v11-qwen38-c-skills.n0.p25.w25,2,20.186214,181957583.000000,8760937.000000,0.000000,graded_attempt,sources/llr40v11-qwen38-c-skills/tsvc_2_s311/625536.625536.llr40v11-qwen38-c-skills.n0.p25.w25/candidate_01_submission.txt,79562ddac4a56d8cb36908d45c1f5fec5ee5470a125ac86fd2c377737b5da9c8
llr40v11-qwen38-c-skills,numba,c,tsvc_2_s311,625536,625536,llr40v11-qwen38-c-skills.n0.p25.w25,1,19.788466,181957583.000000,8723862.000000,0.000000,graded_attempt,sources/llr40v11-qwen38-c-skills/tsvc_2_s311/625536.625536.llr40v11-qwen38-c-skills.n0.p25.w25/candidate_01_submission.txt,79562ddac4a56d8cb36908d45c1f5fec5ee5470a125ac86fd2c377737b5da9c8
llr40v11-qwen38-fortran,numba,fortran,tsvc_2_s311,625540,625540,llr40v11-qwen38-fortran.n0.p25.w25,1,20.186214,182159986.000000,8828808.000000,0.000000,graded_attempt,sources/llr40v11-qwen38-fortran/tsvc_2_s311/625540.625540.llr40v11-qwen38-fortran.n0.p25.w25/candidate_01_submission.txt,8167caa51aee971f25a47a6fbe756242e3f2dbbe6b9f36134114598026154ab4
llr40v11-qwen38-fortran-skills,numba,fortran,tsvc_2_s311,625544,625544,llr40v11-qwen38-fortran-skills.n0.p25.w25,1,20.388077,181826494.000000,8787971.000000,0.000000,graded_attempt,sources/llr40v11-qwen38-fortran-skills/tsvc_2_s311/625544.625544.llr40v11-qwen38-fortran-skills.n0.p25.w25/candidate_01_submission.txt,a5f943554c23fa716023bc967599ba05436c4df4fd9c5748bb66fec91fc1d4e0
gpuv2-llr40-oss120b-hip,numba,hip,tsvc_2_s3110,627167,627167,gpuv2-llr40-oss120b-hip.n0.p26.w26,1,29.170624,311489927.000000,8418937.000000,0.000000,graded_attempt,sources/gpuv2-llr40-oss120b-hip/tsvc_2_s3110/627167.627167.gpuv2-llr40-oss120b-hip.n0.p26.w26/candidate_01_submission.txt,175cc507ce9e68136a81ffb1d4fb802f0085325ccd59a003452bf9a6f49507cf
gpuv2-llr40-oss120b-hip-skills,numba,hip,tsvc_2_s3110,627168,627168,gpuv2-llr40-oss120b-hip-skills.n0.p26.w26,1,67.961426,311676154.000000,3558871.000000,0.000000,graded_attempt,sources/gpuv2-llr40-oss120b-hip-skills/tsvc_2_s3110/627168.627168.gpuv2-llr40-oss120b-hip-skills.n0.p26.w26/candidate_01_submission.txt,a63d8c52f67ce26ed186ebdac822510d9fe0202e737838ae026f762bd9608633
gpuv2-llr40-oss120b-omp,numba,c,tsvc_2_s3110,627173,627173,gpuv2-llr40-oss120b-omp.n0.p26.w26,1,1.138093,311113547.000000,264561825.000000,0.000000,graded_attempt,sources/gpuv2-llr40-oss120b-omp/tsvc_2_s3110/627173.627173.gpuv2-llr40-oss120b-omp.n0.p26.w26/candidate_01_submission.txt,bed3137548446d59a135f293a27ecc50b083f3a091dbeae6e223ae53c6aa09d3
gpuv2-llr40-qwen38-hip-skills,numba,hip,tsvc_2_s3110,627018,627018,gpuv2-llr40-qwen38-hip-skills.n0.p26.w26,1,238.097908,311987621.000000,1253116.000000,0.000000,graded_attempt,sources/gpuv2-llr40-qwen38-hip-skills/tsvc_2_s3110/627018.627018.gpuv2-llr40-qwen38-hip-skills.n0.p26.w26/candidate_01_submission.txt,462eebad9af94a7c4fff449001ee78d4de3bf4c1d8269ce1c56b33d1c881357e
gpuv2-llr40-qwen38-hip-skills,numba,hip,tsvc_2_s3110,627018,627018,gpuv2-llr40-qwen38-hip-skills.n0.p26.w26,2,235.740503,311987621.000000,1271716.000000,0.000000,graded_attempt,sources/gpuv2-llr40-qwen38-hip-skills/tsvc_2_s3110/627018.627018.gpuv2-llr40-qwen38-hip-skills.n0.p26.w26/candidate_01_submission.txt,462eebad9af94a7c4fff449001ee78d4de3bf4c1d8269ce1c56b33d1c881357e
gpuv2-llr40-qwen38-omp-skills,numba,c,tsvc_2_s3110,626561,626561,gpuv2-llr40-qwen38-omp-skills.n0.p26.w26,1,15.584726,311286429.000000,19051353.000000,0.000000,graded_attempt,sources/gpuv2-llr40-qwen38-omp-skills/tsvc_2_s3110/626561.626561.gpuv2-llr40-qwen38-omp-skills.n0.p26.w26/candidate_01_submission.txt,0b0701c28fcb28d495c39ed7fd2b2305d130b42b18e456b573fd05e055597488
gpuv4-llr40-oss120b-pytriton,numba,python,tsvc_2_s3110,627175,627175,gpuv4-llr40-oss120b-pytriton.n0.p26.w26,1,1.628348,311420120.000000,187617128.000000,0.000000,graded_attempt,sources/gpuv4-llr40-oss120b-pytriton/tsvc_2_s3110/627175.627175.gpuv4-llr40-oss120b-pytriton.n0.p26.w26/candidate_01_submission.txt,27a375bf4a2dd11b00e718567fdb56a9af04cde19d0477e2fe4e505eb9e2abd1
gpuv4-llr40-oss120b-pytriton-skills,numba,python,tsvc_2_s3110,627176,627176,gpuv4-llr40-oss120b-pytriton-skills.n0.p26.w26,1,3.047852,311449772.000000,100794726.000000,0.000000,graded_attempt,sources/gpuv4-llr40-oss120b-pytriton-skills/tsvc_2_s3110/627176.627176.gpuv4-llr40-oss120b-pytriton-skills.n0.p26.w26/candidate_01_submission.txt,5d778e8e7d2ebc062f6bdf24d7c1166ded7b04583423a4ff1d81125b3754114d
gpuv4-llr40-qwen38-pytriton,numba,python,tsvc_2_s3110,627230,627230,gpuv4-llr40-qwen38-pytriton.n0.p26.w26,1,3.366725,311167179.000000,91878651.000000,0.000000,graded_attempt,sources/gpuv4-llr40-qwen38-pytriton/tsvc_2_s3110/627230.627230.gpuv4-llr40-qwen38-pytriton.n0.p26.w26/candidate_01_submission.txt,d7e464814f0bccb1865012f712d262fdc0dfb3e704906c90f4472f86600fffa8
llr40v10-kimi27sglang-c,numba,c,tsvc_2_s3110,621730,621730,llr40v10-kimi27sglang-c.n0.p6.w6,3,20.797877,311514731.000000,14797957.000000,0.000000,graded_attempt,sources/llr40v10-kimi27sglang-c/tsvc_2_s3110/621730.621730.llr40v10-kimi27sglang-c.n0.p6.w6/candidate_03_submission.txt,ab50209d9d8a9248292ce6a0cdff2e494e3db6ac2e82050ea38aa716ba797555
llr40v10-kimi27sglang-c,numba,c,tsvc_2_s3110,621730,621730,llr40v10-kimi27sglang-c.n0.p6.w6,4,20.797877,311514731.000000,14795957.000000,0.000000,graded_attempt,sources/llr40v10-kimi27sglang-c/tsvc_2_s3110/621730.621730.llr40v10-kimi27sglang-c.n0.p6.w6/candidate_04_submission.txt,9defd2548a8133a6f6a08cc656557ee80ea1e02fff200b773062b721493c1e35
llr40v10-kimi27sglang-c,numba,c,tsvc_2_s3110,621730,621730,llr40v10-kimi27sglang-c.n0.p6.w6,2,14.828332,311514731.000000,19791263.000000,0.000000,graded_attempt,sources/llr40v10-kimi27sglang-c/tsvc_2_s3110/621730.621730.llr40v10-kimi27sglang-c.n0.p6.w6/candidate_02_submission.txt,200d711633cc40042b10ef78f2c8529ecec726022c212ff9a6108016ccf4e949
llr40v10-kimi27sglang-c,numba,c,tsvc_2_s3110,621730,621730,llr40v10-kimi27sglang-c.n0.p6.w6,1,9.476118,311514731.000000,30189631.000000,0.000000,graded_attempt,sources/llr40v10-kimi27sglang-c/tsvc_2_s3110/621730.621730.llr40v10-kimi27sglang-c.n0.p6.w6/candidate_01_submission.txt,f2d93baa0660d0e52b7d9be2bf13d479894e922616255b0ee7e86330fe7d7741
llr40v10-kimi27sglang-c,numba,c,tsvc_2_s3110,621018,621018,llr40v10-kimi27sglang-c.n0.p6.w6,1,3.366725,311756646.000000,92232822.000000,0.000000,graded_attempt,sources/llr40v10-kimi27sglang-c/tsvc_2_s3110/621018.621018.llr40v10-kimi27sglang-c.n0.p6.w6/candidate_01_submission.txt,e1d7e3c0c0e6df058d7a933391814ee425ac4166ae47b6537d568b97fb02a679
llr40v10-kimi27sglang-c-skills,numba,c,tsvc_2_s3110,621026,621026,llr40v10-kimi27sglang-c-skills.n0.p6.w6,3,20.797877,311231243.000000,14745209.000000,0.000000,graded_attempt,sources/llr40v10-kimi27sglang-c-skills/tsvc_2_s3110/621026.621026.llr40v10-kimi27sglang-c-skills.n0.p6.w6/candidate_03_submission.txt,b0496dfad87feee783164059fabeaba0a8cc475f7439a763e60cc4e58ee941b5
llr40v10-kimi27sglang-c-skills,numba,c,tsvc_2_s3110,621026,621026,llr40v10-kimi27sglang-c-skills.n0.p6.w6,4,20.797877,311231243.000000,14740134.000000,0.000000,graded_attempt,sources/llr40v10-kimi27sglang-c-skills/tsvc_2_s3110/621026.621026.llr40v10-kimi27sglang-c-skills.n0.p6.w6/candidate_04_submission.txt,54ecd23ebce4989dc5878d45e72c7f99a52320b60703d5e8643fe52187c00dda
llr40v10-kimi27sglang-c-skills,numba,c,tsvc_2_s3110,621026,621026,llr40v10-kimi27sglang-c-skills.n0.p6.w6,2,14.681517,311231243.000000,19282882.000000,0.000000,graded_attempt,sources/llr40v10-kimi27sglang-c-skills/tsvc_2_s3110/621026.621026.llr40v10-kimi27sglang-c-skills.n0.p6.w6/candidate_02_submission.txt,d198ee23e46282da5be60645bfae0382e95dde9510096f6a06345b1f2d8dc985
llr40v10-kimi27sglang-c-skills,numba,c,tsvc_2_s3110,621026,621026,llr40v10-kimi27sglang-c-skills.n0.p6.w6,1,11.795075,311231243.000000,23999329.000000,0.000000,graded_attempt,sources/llr40v10-kimi27sglang-c-skills/tsvc_2_s3110/621026.621026.llr40v10-kimi27sglang-c-skills.n0.p6.w6/candidate_01_submission.txt,a25b92e8f5390d3c83f5dcdb8c45d7217b73b68382b45f35881b76075edab565
llr40v10-kimi27sglang-fortran,numba,fortran,tsvc_2_s3110,621732,621732,llr40v10-kimi27sglang-fortran.n0.p6.w6,1,17.561259,311610943.000000,16265242.000000,0.000000,graded_attempt,sources/llr40v10-kimi27sglang-fortran/tsvc_2_s3110/621732.621732.llr40v10-kimi27sglang-fortran.n0.p6.w6/candidate_01_submission.txt,ddda61a30a702815c0ed369d96666e4b94392c0a12c7d1350b240a2b4e78c25b
llr40v10-kimi27sglang-fortran,c,fortran,tsvc_2_s3110,621022,621022,llr40v10-kimi27sglang-fortran.n0.p6.w6,3,7.389178,218493462.000000,29448062.000000,0.000000,graded_attempt,sources/llr40v10-kimi27sglang-fortran/tsvc_2_s3110/621022.621022.llr40v10-kimi27sglang-fortran.n0.p6.w6/candidate_03_submission.txt,49cf8e502e745efd916ada04b1b08175587a4113bf0b248262c709826be3501c
llr40v10-kimi27sglang-fortran,c,fortran,tsvc_2_s3110,621022,621022,llr40v10-kimi27sglang-fortran.n0.p6.w6,2,6.892020,219332913.000000,30924511.000000,0.000000,graded_attempt,sources/llr40v10-kimi27sglang-fortran/tsvc_2_s3110/621022.621022.llr40v10-kimi27sglang-fortran.n0.p6.w6/candidate_02_submission.txt,7023039834f3edbe922954f0220de3921a2bd87ee86d60c14eb9ff656395cedd
llr40v10-kimi27sglang-fortran,c,fortran,tsvc_2_s3110,621022,621022,llr40v10-kimi27sglang-fortran.n0.p6.w6,1,2.376619,219308854.000000,89378979.000000,0.000000,graded_attempt,sources/llr40v10-kimi27sglang-fortran/tsvc_2_s3110/621022.621022.llr40v10-kimi27sglang-fortran.n0.p6.w6/candidate_01_submission.txt,bb88c952a41511a2acb33d952f138ebc0e01afbc57028f533854a412815c28ed
llr40v10-kimi27sglang-fortran-skills,numba,fortran,tsvc_2_s3110,621030,621030,llr40v10-kimi27sglang-fortran-skills.n0.p6.w6,1,15.430422,311965423.000000,19204998.000000,0.000000,graded_attempt,sources/llr40v10-kimi27sglang-fortran-skills/tsvc_2_s3110/621030.621030.llr40v10-kimi27sglang-fortran-skills.n0.p6.w6/candidate_01_submission.txt,d868b36d491d19ce750c34edb96dd78f8676c067a881ea438ea345a128ed60db
llr40v10-oss120b-c,c,c,tsvc_2_s3110,621382,621382,llr40v10-oss120b-c.n0.p26.w26,1,10.363891,219349220.000000,19793380.000000,0.000000,graded_attempt,sources/llr40v10-oss120b-c/tsvc_2_s3110/621382.621382.llr40v10-oss120b-c.n0.p26.w26/candidate_01_submission.txt,ac95566a2b3c38ec28b34b49e06d4f12d8ef75a18862ffd30d1fc9f11f912824
llr40v10-oss120b-c,c,c,tsvc_2_s3110,621015,621015,llr40v10-oss120b-c.n0.p26.w26,1,5.704800,219590001.000000,38019002.000000,0.000000,graded_attempt,sources/llr40v10-oss120b-c/tsvc_2_s3110/621015.621015.llr40v10-oss120b-c.n0.p26.w26/candidate_01_submission.txt,5bb6dfabb5bde98ca5036cf9363a56dad46d80dd3f41303b874202bc3bc724a6
llr40v10-oss120b-c-skills,numba,c,tsvc_2_s3110,621023,621023,llr40v10-oss120b-c-skills.n0.p26.w26,1,14.976615,311846012.000000,19540071.000000,0.000000,graded_attempt,sources/llr40v10-oss120b-c-skills/tsvc_2_s3110/621023.621023.llr40v10-oss120b-c-skills.n0.p26.w26/candidate_01_submission.txt,16ec8e1d21a96de0e4ffa32f37ff9b620d3a420e13211e5a681759a52b5f13c6
llr40v10-oss120b-fortran,c,fortran,tsvc_2_s3110,621384,621384,llr40v10-oss120b-fortran.n0.p26.w26,1,10.059091,219341478.000000,19763521.000000,0.000000,graded_attempt,sources/llr40v10-oss120b-fortran/tsvc_2_s3110/621384.621384.llr40v10-oss120b-fortran.n0.p26.w26/candidate_01_submission.txt,2fc3ada69f46addd38341be9d73df9afe6b379d35772466b7aa0d0c551fde017
llr40v10-oss120b-fortran,c,fortran,tsvc_2_s3110,621019,621019,llr40v10-oss120b-fortran.n0.p26.w26,1,7.613078,219195081.000000,26897306.000000,0.000000,graded_attempt,sources/llr40v10-oss120b-fortran/tsvc_2_s3110/621019.621019.llr40v10-oss120b-fortran.n0.p26.w26/candidate_01_submission.txt,9e3e2721727aa4fb36827d76f998eda2e23cffef02505aac7a8b2688a0dd0104
llr40v10-oss120b-fortran-skills,numba,fortran,tsvc_2_s3110,621027,621027,llr40v10-oss120b-fortran-skills.n0.p26.w26,1,9.860887,311411064.000000,30673263.000000,0.000000,graded_attempt,sources/llr40v10-oss120b-fortran-skills/tsvc_2_s3110/621027.621027.llr40v10-oss120b-fortran-skills.n0.p26.w26/candidate_01_submission.txt,477351dd3069750d84784a084e4c4eedbb853009bfd6cbefcfa1d387556fd470
llr40v10-qwen38-c,numba,c,tsvc_2_s3110,621727,621727,llr40v10-qwen38-c.n0.p26.w26,1,20.797877,311780409.000000,14714964.000000,0.000000,graded_attempt,sources/llr40v10-qwen38-c/tsvc_2_s3110/621727.621727.llr40v10-qwen38-c.n0.p26.w26/candidate_01_submission.txt,6e1055ffc77468160e59fba39cc9eba3475ee639c90b69e9d9230715b1abf468
llr40v10-qwen38-c,numba,c,tsvc_2_s3110,622265,622265,llr40v10-qwen38-c.n0.p26.w26,1,20.797877,311730971.000000,14839126.000000,0.000000,graded_attempt,sources/llr40v10-qwen38-c/tsvc_2_s3110/622265.622265.llr40v10-qwen38-c.n0.p26.w26/candidate_01_submission.txt,124fa3e04083bdff6ed18309eff84059544c6f5162db95f98d267e007d3e4d17
llr40v10-qwen38-c-skills,numba,c,tsvc_2_s3110,621024,621024,llr40v10-qwen38-c-skills.n0.p26.w26,1,14.536155,311621585.000000,20043440.000000,0.000000,graded_attempt,sources/llr40v10-qwen38-c-skills/tsvc_2_s3110/621024.621024.llr40v10-qwen38-c-skills.n0.p26.w26/candidate_01_submission.txt,d798e93dbb029ad42efc12dacee8553c074ef78fb92e7ec8f58ef4371afe9e59
llr40v10-qwen38-fortran,c,fortran,tsvc_2_s3110,621385,621385,llr40v10-qwen38-fortran.n0.p26.w26,2,13.693716,219687604.000000,15330633.000000,0.000000,graded_attempt,sources/llr40v10-qwen38-fortran/tsvc_2_s3110/621385.621385.llr40v10-qwen38-fortran.n0.p26.w26/candidate_02_submission.txt,50a37041397885b9e80bb64db38c759bb0acdfbe21ece7556d160e62cc76cfeb
llr40v10-qwen38-fortran,c,fortran,tsvc_2_s3110,621385,621385,llr40v10-qwen38-fortran.n0.p26.w26,1,7.389178,218849136.000000,29396223.000000,0.000000,graded_attempt,sources/llr40v10-qwen38-fortran/tsvc_2_s3110/621385.621385.llr40v10-qwen38-fortran.n0.p26.w26/candidate_01_submission.txt,35fdb56bbedbc4bbefd26d3ae7f9d2ee74497137043060d7da9d50724ad68344
llr40v10-qwen38-fortran-skills,numba,fortran,tsvc_2_s3110,621028,621028,llr40v10-qwen38-fortran-skills.n0.p26.w26,1,10.467530,311678781.000000,29553210.000000,0.000000,graded_attempt,sources/llr40v10-qwen38-fortran-skills/tsvc_2_s3110/621028.621028.llr40v10-qwen38-fortran-skills.n0.p26.w26/candidate_01_submission.txt,f40891c8031c51d976f1e0b8f8bf096d952289dc015a33cd81e7a1fb4a4c1d15
llr40v11-kimi27sglang-c,numba,c,tsvc_2_s3110,625534,625534,llr40v11-kimi27sglang-c.n0.p6.w6,1,3.267710,311683672.000000,94335126.000000,0.000000,graded_attempt,sources/llr40v11-kimi27sglang-c/tsvc_2_s3110/625534.625534.llr40v11-kimi27sglang-c.n0.p6.w6/candidate_01_submission.txt,87566efc04d98e30cd5a6098aafb18fbdd28a047d61ca51ef4dd98cf26b4f6ea
llr40v11-kimi27sglang-c-skills,numba,c,tsvc_2_s3110,625538,625538,llr40v11-kimi27sglang-c-skills.n0.p6.w6,2,19.788466,311269111.000000,14975772.000000,0.000000,graded_attempt,sources/llr40v11-kimi27sglang-c-skills/tsvc_2_s3110/625538.625538.llr40v11-kimi27sglang-c-skills.n0.p6.w6/candidate_02_submission.txt,75c64db01886006987e1fb95c6533f207f4e6aefc18e48c50bb6dc5eba9f9aa3
llr40v11-kimi27sglang-c-skills,numba,c,tsvc_2_s3110,625538,625538,llr40v11-kimi27sglang-c-skills.n0.p6.w6,1,17.044785,311269111.000000,16758530.000000,0.000000,graded_attempt,sources/llr40v11-kimi27sglang-c-skills/tsvc_2_s3110/625538.625538.llr40v11-kimi27sglang-c-skills.n0.p6.w6/candidate_01_submission.txt,ed8a91326d16337097e5c0f6eef27126bc2bdd8dd11b1d4d198d50a1c8b67191
llr40v11-kimi27sglang-fortran-skills,numba,fortran,tsvc_2_s3110,625546,625546,llr40v11-kimi27sglang-fortran-skills.n0.p6.w6,3,19.788466,311003432.000000,15217119.000000,0.000000,graded_attempt,sources/llr40v11-kimi27sglang-fortran-skills/tsvc_2_s3110/625546.625546.llr40v11-kimi27sglang-fortran-skills.n0.p6.w6/candidate_03_submission.txt,8b4954d1b2749697c190ea01cb7d13a4f2520bb08379441b910b1e2f34730f78
llr40v11-kimi27sglang-fortran-skills,numba,fortran,tsvc_2_s3110,625546,625546,llr40v11-kimi27sglang-fortran-skills.n0.p6.w6,2,10.467530,311003432.000000,29446318.000000,0.000000,graded_attempt,sources/llr40v11-kimi27sglang-fortran-skills/tsvc_2_s3110/625546.625546.llr40v11-kimi27sglang-fortran-skills.n0.p6.w6/candidate_02_submission.txt,85626bcd865c80a305e2b20c258b708676edcfe286f3a86a469481fdbb5b1be4
llr40v11-kimi27sglang-fortran-skills,numba,fortran,tsvc_2_s3110,625546,625546,llr40v11-kimi27sglang-fortran-skills.n0.p6.w6,1,10.159681,311003432.000000,29666560.000000,0.000000,graded_attempt,sources/llr40v11-kimi27sglang-fortran-skills/tsvc_2_s3110/625546.625546.llr40v11-kimi27sglang-fortran-skills.n0.p6.w6/candidate_01_submission.txt,403e33c0a89ffba1c411b442974ccdecf7ad9cba8a64cf57bd1421f27a28c2b6
llr40v11-oss120b-c,numba,c,tsvc_2_s3110,625531,625531,llr40v11-oss120b-c.n0.p26.w26,1,14.828332,311465147.000000,19477687.000000,0.000000,graded_attempt,sources/llr40v11-oss120b-c/tsvc_2_s3110/625531.625531.llr40v11-oss120b-c.n0.p26.w26/candidate_01_submission.txt,014c0c6025177e45d02d8ba72e2e09bff2066044a8d676cc213fd999407455fb
llr40v11-oss120b-c-skills,numba,c,tsvc_2_s3110,625535,625535,llr40v11-oss120b-c-skills.n0.p26.w26,1,15.897979,311308147.000000,17684686.000000,0.000000,graded_attempt,sources/llr40v11-oss120b-c-skills/tsvc_2_s3110/625535.625535.llr40v11-oss120b-c-skills.n0.p26.w26/candidate_01_submission.txt,d5707ef16b4122186fa6ffb7f02fb8d64fe40cf7d2aa62eb593a556baab65648
llr40v11-oss120b-fortran,numba,fortran,tsvc_2_s3110,625539,625539,llr40v11-oss120b-fortran.n0.p26.w26,1,10.892554,311902943.000000,27387409.000000,0.000000,graded_attempt,sources/llr40v11-oss120b-fortran/tsvc_2_s3110/625539.625539.llr40v11-oss120b-fortran.n0.p26.w26/candidate_01_submission.txt,7f5d5dc42cf26e73d3125320ebc245c57823ded83c29e8f9f304a45b1a7c2869
llr40v11-oss120b-fortran-skills,numba,fortran,tsvc_2_s3110,625543,625543,llr40v11-oss120b-fortran-skills.n0.p26.w26,1,14.392233,311320399.000000,20004308.000000,0.000000,graded_attempt,sources/llr40v11-oss120b-fortran-skills/tsvc_2_s3110/625543.625543.llr40v11-oss120b-fortran-skills.n0.p26.w26/candidate_01_submission.txt,297b7d3aab490750ce8b4b6f741e3a7ba06cc7483fecd49ec27c58907f50d7ba
llr40v11-qwen38-c,numba,c,tsvc_2_s3110,625532,625532,llr40v11-qwen38-c.n0.p26.w26,1,20.591957,311313166.000000,14730288.000000,0.000000,graded_attempt,sources/llr40v11-qwen38-c/tsvc_2_s3110/625532.625532.llr40v11-qwen38-c.n0.p26.w26/candidate_01_submission.txt,5a3c314f556fda0e01e50101603ab8d195a762e596bf091580dc42267de9bf2a
llr40v11-qwen38-c-skills,numba,c,tsvc_2_s3110,625536,625536,llr40v11-qwen38-c-skills.n0.p26.w26,1,14.828332,311359641.000000,19773082.000000,0.000000,graded_attempt,sources/llr40v11-qwen38-c-skills/tsvc_2_s3110/625536.625536.llr40v11-qwen38-c-skills.n0.p26.w26/candidate_01_submission.txt,d99c7f8cf6e91558a38d5842ad2cf58272c363a3ccdd526b5d39787b94af65bf
llr40v11-qwen38-fortran-skills,numba,fortran,tsvc_2_s3110,625544,625544,llr40v11-qwen38-fortran-skills.n0.p26.w26,1,19.986351,311753252.000000,15391465.000000,0.000000,graded_attempt,sources/llr40v11-qwen38-fortran-skills/tsvc_2_s3110/625544.625544.llr40v11-qwen38-fortran-skills.n0.p26.w26/candidate_01_submission.txt,1681ee42bb49a37997df0a0bfe9e4d681955fface0f9370cbd78242951973b17
v11w2-kimi27sglang-fortran,numba,fortran,tsvc_2_s3110,626373,626373,v11w2-kimi27sglang-fortran.n0.p6.w6,2,16.876025,311358085.000000,16205221.000000,0.000000,graded_attempt,sources/v11w2-kimi27sglang-fortran/tsvc_2_s3110/626373.626373.v11w2-kimi27sglang-fortran.n0.p6.w6/candidate_02_submission.txt,4540fbf44fd1c8240732f0f06891c3d5d98543439b6df62afcf60911677dfe54
v11w2-kimi27sglang-fortran,numba,fortran,tsvc_2_s3110,626373,626373,v11w2-kimi27sglang-fortran.n0.p6.w6,1,15.584726,311358085.000000,17989151.000000,0.000000,graded_attempt,sources/v11w2-kimi27sglang-fortran/tsvc_2_s3110/626373.626373.v11w2-kimi27sglang-fortran.n0.p6.w6/candidate_01_submission.txt,71e4bd9088ca2fa4156d7a74f66a4db68b752e9f88320488f63f0b2fee928eb2
v11w2-qwen38-fortran,numba,fortran,tsvc_2_s3110,626371,626371,v11w2-qwen38-fortran.n0.p14.w14,1,14.681517,311382316.000000,19862453.000000,0.000000,graded_attempt,sources/v11w2-qwen38-fortran/tsvc_2_s3110/626371.626371.v11w2-qwen38-fortran.n0.p14.w14/candidate_01_submission.txt,2ae80aec0d3e5116c7da6bdfb9395c2b5f257ce67404d48598a34121fe6b5e70
gpuv2-llr40-oss120b-hip,numba,hip,tsvc_2_s3111,627167,627167,gpuv2-llr40-oss120b-hip.n0.p27.w27,1,32.544741,515287340.000000,15776315.000000,0.000000,graded_attempt,sources/gpuv2-llr40-oss120b-hip/tsvc_2_s3111/627167.627167.gpuv2-llr40-oss120b-hip.n0.p27.w27/candidate_01_submission.txt,67d77f39086033b58bdae67cb0b2fdddc48d000e53df72d54cf45dad6a8c419f
gpuv2-llr40-oss120b-hip-skills,numba,hip,tsvc_2_s3111,627168,627168,gpuv2-llr40-oss120b-hip-skills.n0.p27.w27,1,88.907741,513871081.000000,4107077.000000,0.000000,graded_attempt,sources/gpuv2-llr40-oss120b-hip-skills/tsvc_2_s3111/627168.627168.gpuv2-llr40-oss120b-hip-skills.n0.p27.w27/candidate_01_submission.txt,48c6d6e6bb1e3badadb47bede8f2fe930f1109d221948a13cc3d03b593f13fba
gpuv2-llr40-oss120b-omp,numba,c,tsvc_2_s3111,627173,627173,gpuv2-llr40-oss120b-omp.n0.p27.w27,1,3.503427,510696082.000000,142621612.000000,0.000000,graded_attempt,sources/gpuv2-llr40-oss120b-omp/tsvc_2_s3111/627173.627173.gpuv2-llr40-oss120b-omp.n0.p27.w27/candidate_01_submission.txt,42c5c6d1a8a836ab67c1de41fcee1318e8f7c9ce212b73076a695d665652d56a
gpuv2-llr40-oss120b-omp-skills,numba,c,tsvc_2_s3111,627174,627174,gpuv2-llr40-oss120b-omp-skills.n0.p27.w27,1,3.140205,513192585.000000,149699652.000000,0.000000,graded_attempt,sources/gpuv2-llr40-oss120b-omp-skills/tsvc_2_s3111/627174.627174.gpuv2-llr40-oss120b-omp-skills.n0.p27.w27/candidate_01_submission.txt,c37360eeb08a039f799312948646f061803ff5c90c0d37a7993a240aef1a90c6
gpuv2-llr40-qwen38-hip,numba,hip,tsvc_2_s3111,626645,626645,gpuv2-llr40-qwen38-hip.n0.p27.w27,1,380.066987,512338206.000000,1301731.000000,0.000000,graded_attempt,sources/gpuv2-llr40-qwen38-hip/tsvc_2_s3111/626645.626645.gpuv2-llr40-qwen38-hip.n0.p27.w27/candidate_01_submission.txt,42d707a52c89ffd2def898b7a905d17b0fd723cc4c162e2b917a66ceb1b12524
gpuv2-llr40-qwen38-hip,numba,hip,tsvc_2_s3111,627228,627228,gpuv2-llr40-qwen38-hip.n0.p27.w27,1,376.303948,513217789.000000,1323024.000000,0.000000,graded_attempt,sources/gpuv2-llr40-qwen38-hip/tsvc_2_s3111/627228.627228.gpuv2-llr40-qwen38-hip.n0.p27.w27/candidate_01_submission.txt,90a8bb1b7a9b4ecf6a04225b3ad11c87b839cf3b57e5f9cb2f79b56a607be852
gpuv2-llr40-qwen38-hip,numba,hip,tsvc_2_s3111,627228,627228,gpuv2-llr40-qwen38-hip.n0.p27.w27,2,376.303948,513217789.000000,1308614.000000,0.000000,graded_attempt,sources/gpuv2-llr40-qwen38-hip/tsvc_2_s3111/627228.627228.gpuv2-llr40-qwen38-hip.n0.p27.w27/candidate_01_submission.txt,90a8bb1b7a9b4ecf6a04225b3ad11c87b839cf3b57e5f9cb2f79b56a607be852
gpuv2-llr40-qwen38-hip,numba,hip,tsvc_2_s3111,627017,627017,gpuv2-llr40-qwen38-hip.n0.p27.w27,1,368.889273,514078708.000000,1350427.000000,0.000000,graded_attempt,sources/gpuv2-llr40-qwen38-hip/tsvc_2_s3111/627017.627017.gpuv2-llr40-qwen38-hip.n0.p27.w27/candidate_01_submission.txt,fff870a2c33f02927dee5b584a2f8b2acc29403fc74cd7a0e9ca02ac44c666e5
gpuv2-llr40-qwen38-hip-skills,numba,hip,tsvc_2_s3111,627229,627229,gpuv2-llr40-qwen38-hip-skills.n0.p27.w27,1,247.765638,513085167.000000,2014549.000000,0.000000,graded_attempt,sources/gpuv2-llr40-qwen38-hip-skills/tsvc_2_s3111/627229.627229.gpuv2-llr40-qwen38-hip-skills.n0.p27.w27/candidate_01_submission.txt,b7436cfd069bc022d3356946b5c39a8de9d5e783032989612f75185306753d65
gpuv2-llr40-qwen38-omp,numba,c,tsvc_2_s3111,627077,627077,gpuv2-llr40-qwen38-omp.n0.p27.w27,1,21.858778,512742573.000000,22395647.000000,0.000000,graded_attempt,sources/gpuv2-llr40-qwen38-omp/tsvc_2_s3111/627077.627077.gpuv2-llr40-qwen38-omp.n0.p27.w27/candidate_01_submission.txt,ce2223f84c66846fa14f58b53f48373e044aa3cd71d13c43269fa3e03da74928
gpuv2-llr40-qwen38-omp-skills,numba,c,tsvc_2_s3111,627078,627078,gpuv2-llr40-qwen38-omp-skills.n0.p27.w27,1,3.140205,512891919.000000,136631913.000000,0.000000,graded_attempt,sources/gpuv2-llr40-qwen38-omp-skills/tsvc_2_s3111/627078.627078.gpuv2-llr40-qwen38-omp-skills.n0.p27.w27/candidate_01_submission.txt,e192ce27c7a8bcf153e2a2520774cdf853965188c04442bcd9f3927d81a70e18
gpuv4-llr40-oss120b-pytriton,numba,python,tsvc_2_s3111,627175,627175,gpuv4-llr40-oss120b-pytriton.n0.p27.w27,1,5.537023,514902336.000000,92007124.000000,0.000000,graded_attempt,sources/gpuv4-llr40-oss120b-pytriton/tsvc_2_s3111/627175.627175.gpuv4-llr40-oss120b-pytriton.n0.p27.w27/candidate_01_submission.txt,0dfa5df88a7ee4ac0518b0829a4baf187e3d568173d723417419278d525272ad
gpuv4-llr40-oss120b-pytriton-skills,numba,python,tsvc_2_s3111,627176,627176,gpuv4-llr40-oss120b-pytriton-skills.n0.p27.w27,1,28.595847,512716703.000000,17610571.000000,0.000000,graded_attempt,sources/gpuv4-llr40-oss120b-pytriton-skills/tsvc_2_s3111/627176.627176.gpuv4-llr40-oss120b-pytriton-skills.n0.p27.w27/candidate_01_submission.txt,754c5fed23dbbb895c6d78e5400720b0801aee113e0da8bb2e56dede63cbdbf7
gpuv4-llr40-qwen38-pytriton,numba,python,tsvc_2_s3111,626557,626557,gpuv4-llr40-qwen38-pytriton.n0.p27.w27,1,28.881805,512460979.000000,17492869.000000,0.000000,graded_attempt,sources/gpuv4-llr40-qwen38-pytriton/tsvc_2_s3111/626557.626557.gpuv4-llr40-qwen38-pytriton.n0.p27.w27/candidate_01_submission.txt,72586def8362373960eca4ebda5942e689d4e8d5b27172f08c48c6dc619def43
gpuv4-llr40-qwen38-pytriton,numba,python,tsvc_2_s3111,626557,626557,gpuv4-llr40-qwen38-pytriton.n0.p27.w27,2,28.312720,512460979.000000,17679536.000000,0.000000,graded_attempt,sources/gpuv4-llr40-qwen38-pytriton/tsvc_2_s3111/626557.626557.gpuv4-llr40-qwen38-pytriton.n0.p27.w27/candidate_02_submission.txt,0a0ad94dd7c02a7f0eaa5c791da0fb825c2f4da15d97d2b1fd68dcd0f2ebbf9d
gpuv4-llr40-qwen38-pytriton,numba,python,tsvc_2_s3111,627019,627019,gpuv4-llr40-qwen38-pytriton.n0.p27.w27,1,27.480047,513587433.000000,18535452.000000,0.000000,graded_attempt,sources/gpuv4-llr40-qwen38-pytriton/tsvc_2_s3111/627019.627019.gpuv4-llr40-qwen38-pytriton.n0.p27.w27/candidate_01_submission.txt,27a061015f9e1997728523b8090c1c285bc0ce8602d51ecccca9879edbd7b33a
gpuv4-llr40-qwen38-pytriton,numba,python,tsvc_2_s3111,627230,627230,gpuv4-llr40-qwen38-pytriton.n0.p27.w27,1,21.428073,512653958.000000,22324474.000000,0.000000,graded_attempt,sources/gpuv4-llr40-qwen38-pytriton/tsvc_2_s3111/627230.627230.gpuv4-llr40-qwen38-pytriton.n0.p27.w27/candidate_01_submission.txt,803140ac3c487d7d36312e56460ffd8842c83f3871b098322b8cd6b6ecb8b09b
gpuv4-llr40-qwen38-pytriton-skills,numba,python,tsvc_2_s3111,627231,627231,gpuv4-llr40-qwen38-pytriton-skills.n0.p27.w27,1,28.881805,512076440.000000,17571948.000000,0.000000,graded_attempt,sources/gpuv4-llr40-qwen38-pytriton-skills/tsvc_2_s3111/627231.627231.gpuv4-llr40-qwen38-pytriton-skills.n0.p27.w27/candidate_01_submission.txt,114bfffc2464a36966eb0f18da9176e37d83af250f0808426633fde610b4f562
gpuv4-llr40-qwen38-pytriton-skills,numba,python,tsvc_2_s3111,626651,626651,gpuv4-llr40-qwen38-pytriton-skills.n0.p27.w27,1,28.595847,512842045.000000,17705132.000000,0.000000,graded_attempt,sources/gpuv4-llr40-qwen38-pytriton-skills/tsvc_2_s3111/626651.626651.gpuv4-llr40-qwen38-pytriton-skills.n0.p27.w27/candidate_01_submission.txt,ea3d752a1b2afcf8727690bbde4e886705fc75c958cdfccec472dea39925cce7
llr40v10-kimi27sglang-c,numba,c,tsvc_2_s3111,621730,621730,llr40v10-kimi27sglang-c.n0.p7.w7,2,29.170624,514025081.000000,17498192.000000,0.000000,graded_attempt,sources/llr40v10-kimi27sglang-c/tsvc_2_s3111/621730.621730.llr40v10-kimi27sglang-c.n0.p7.w7/candidate_02_submission.txt,a3647f040d24bfc88d94f7a3a8dd6eb75628475b9305d24c997d0d23a18913d5
llr40v10-kimi27sglang-c,numba,c,tsvc_2_s3111,621730,621730,llr40v10-kimi27sglang-c.n0.p7.w7,3,28.881805,514025081.000000,17514930.000000,0.000000,graded_attempt,sources/llr40v10-kimi27sglang-c/tsvc_2_s3111/621730.621730.llr40v10-kimi27sglang-c.n0.p7.w7/candidate_03_submission.txt,53b21baeed8c98dc4ea930570fbf0e139e038450720273e885d597c58278da8d
llr40v10-kimi27sglang-c,numba,c,tsvc_2_s3111,621730,621730,llr40v10-kimi27sglang-c.n0.p7.w7,4,28.881805,514025081.000000,17506343.000000,0.000000,graded_attempt,sources/llr40v10-kimi27sglang-c/tsvc_2_s3111/621730.621730.llr40v10-kimi27sglang-c.n0.p7.w7/candidate_04_submission.txt,89a2731cd5012c1adb068cdecdf9e00cdcebcf38f2baa1edbba958494f203ead
llr40v10-kimi27sglang-c,numba,c,tsvc_2_s3111,621730,621730,llr40v10-kimi27sglang-c.n0.p7.w7,5,28.881805,514025081.000000,17450936.000000,0.000000,graded_attempt,sources/llr40v10-kimi27sglang-c/tsvc_2_s3111/621730.621730.llr40v10-kimi27sglang-c.n0.p7.w7/candidate_04_submission.txt,89a2731cd5012c1adb068cdecdf9e00cdcebcf38f2baa1edbba958494f203ead
llr40v10-kimi27sglang-c,numba,c,tsvc_2_s3111,621730,621730,llr40v10-kimi27sglang-c.n0.p7.w7,6,28.595847,514025081.000000,17517511.000000,0.000000,graded_attempt,sources/llr40v10-kimi27sglang-c/tsvc_2_s3111/621730.621730.llr40v10-kimi27sglang-c.n0.p7.w7/candidate_06_submission.txt,f3ce844fb6174088ac17d3b1bd5ed3d6f129e887dd603dbe0997edd66cdd722b
llr40v10-kimi27sglang-c,numba,c,tsvc_2_s3111,621730,621730,llr40v10-kimi27sglang-c.n0.p7.w7,1,21.642354,514025081.000000,22540973.000000,0.000000,graded_attempt,sources/llr40v10-kimi27sglang-c/tsvc_2_s3111/621730.621730.llr40v10-kimi27sglang-c.n0.p7.w7/candidate_01_submission.txt,a01e1a95dbca3db9c9422dae67fa3ef9abff44fc2a2ce5ceb86291a9f5c32bc1
llr40v10-kimi27sglang-c,numba,c,tsvc_2_s3111,621018,621018,llr40v10-kimi27sglang-c.n0.p7.w7,1,7.463070,513529123.000000,66188815.000000,0.000000,graded_attempt,sources/llr40v10-kimi27sglang-c/tsvc_2_s3111/621018.621018.llr40v10-kimi27sglang-c.n0.p7.w7/candidate_01_submission.txt,7f14e40b7890d999b0d357fad4aa5571c16fb27d1f4808125943b26b817fd8a7
llr40v10-kimi27sglang-c-skills,numba,c,tsvc_2_s3111,621026,621026,llr40v10-kimi27sglang-c-skills.n0.p7.w7,1,29.170624,513229102.000000,17423504.000000,0.000000,graded_attempt,sources/llr40v10-kimi27sglang-c-skills/tsvc_2_s3111/621026.621026.llr40v10-kimi27sglang-c-skills.n0.p7.w7/candidate_01_submission.txt,498e79f04f98c873e0ff48d6370d2cbd5f0c6833b562ceded9ac35baf6147f38
llr40v10-kimi27sglang-c-skills,numba,c,tsvc_2_s3111,621026,621026,llr40v10-kimi27sglang-c-skills.n0.p7.w7,2,29.170624,513229102.000000,17424885.000000,0.000000,graded_attempt,sources/llr40v10-kimi27sglang-c-skills/tsvc_2_s3111/621026.621026.llr40v10-kimi27sglang-c-skills.n0.p7.w7/candidate_02_submission.txt,fd1e91efdc930fc2eed2300729a79724c303e54efd90a4ccbc98ad9c3b289baa
llr40v10-kimi27sglang-fortran,numba,fortran,tsvc_2_s3111,621732,621732,llr40v10-kimi27sglang-fortran.n0.p7.w7,3,29.170624,514649359.000000,17524660.000000,0.000000,graded_attempt,sources/llr40v10-kimi27sglang-fortran/tsvc_2_s3111/621732.621732.llr40v10-kimi27sglang-fortran.n0.p7.w7/candidate_03_submission.txt,4e3b65b107382835c051144edd7b47f636d699d4423402dc22f43496c2f74fed
llr40v10-kimi27sglang-fortran,numba,fortran,tsvc_2_s3111,621732,621732,llr40v10-kimi27sglang-fortran.n0.p7.w7,6,29.170624,514649359.000000,17532869.000000,0.000000,graded_attempt,sources/llr40v10-kimi27sglang-fortran/tsvc_2_s3111/621732.621732.llr40v10-kimi27sglang-fortran.n0.p7.w7/candidate_06_submission.txt,5c1e0d18e780f3968bc11eb81df99e34215337394019368b6e817ded9095abef
llr40v10-kimi27sglang-fortran,numba,fortran,tsvc_2_s3111,621732,621732,llr40v10-kimi27sglang-fortran.n0.p7.w7,5,28.881805,514649359.000000,17464131.000000,0.000000,graded_attempt,sources/llr40v10-kimi27sglang-fortran/tsvc_2_s3111/621732.621732.llr40v10-kimi27sglang-fortran.n0.p7.w7/candidate_04_submission.txt,774fa09c59189d2f2eab982f855cd0bb6d12ca3bc258a4b431a0809c613e915a
llr40v10-kimi27sglang-fortran,numba,fortran,tsvc_2_s3111,621732,621732,llr40v10-kimi27sglang-fortran.n0.p7.w7,4,28.595847,514649359.000000,17519970.000000,0.000000,graded_attempt,sources/llr40v10-kimi27sglang-fortran/tsvc_2_s3111/621732.621732.llr40v10-kimi27sglang-fortran.n0.p7.w7/candidate_04_submission.txt,774fa09c59189d2f2eab982f855cd0bb6d12ca3bc258a4b431a0809c613e915a
llr40v10-kimi27sglang-fortran,c,fortran,tsvc_2_s3111,621022,621022,llr40v10-kimi27sglang-fortran.n0.p7.w7,2,21.215914,373055215.000000,17434228.000000,0.000000,graded_attempt,sources/llr40v10-kimi27sglang-fortran/tsvc_2_s3111/621022.621022.llr40v10-kimi27sglang-fortran.n0.p7.w7/candidate_02_submission.txt,90deab5ae3928ef0c19731e409ecaf1d616a652061d2cb369c3a9ff40ddf7a0d
llr40v10-kimi27sglang-fortran,c,fortran,tsvc_2_s3111,621022,621022,llr40v10-kimi27sglang-fortran.n0.p7.w7,3,21.215914,372309370.000000,17406740.000000,0.000000,graded_attempt,sources/llr40v10-kimi27sglang-fortran/tsvc_2_s3111/621022.621022.llr40v10-kimi27sglang-fortran.n0.p7.w7/candidate_02_submission.txt,90deab5ae3928ef0c19731e409ecaf1d616a652061d2cb369c3a9ff40ddf7a0d
llr40v10-kimi27sglang-fortran,c,fortran,tsvc_2_s3111,621022,621022,llr40v10-kimi27sglang-fortran.n0.p7.w7,1,21.005856,371751909.000000,17452229.000000,0.000000,graded_attempt,sources/llr40v10-kimi27sglang-fortran/tsvc_2_s3111/621022.621022.llr40v10-kimi27sglang-fortran.n0.p7.w7/candidate_01_submission.txt,280419754b671ed2b5597f21d7055dcc96d70790ccc002d87b85d6478f63c776
llr40v10-kimi27sglang-fortran,numba,fortran,tsvc_2_s3111,621732,621732,llr40v10-kimi27sglang-fortran.n0.p7.w7,2,4.962965,514649359.000000,100385100.000000,0.000000,graded_attempt,sources/llr40v10-kimi27sglang-fortran/tsvc_2_s3111/621732.621732.llr40v10-kimi27sglang-fortran.n0.p7.w7/candidate_02_submission.txt,8b0b7bdf8847e81223d8a5cce69d1ba8d18bacb29bb43ed39ade2e30d0d66fe8
llr40v10-kimi27sglang-fortran,numba,fortran,tsvc_2_s3111,621732,621732,llr40v10-kimi27sglang-fortran.n0.p7.w7,1,4.865175,514649359.000000,103965611.000000,0.000000,graded_attempt,sources/llr40v10-kimi27sglang-fortran/tsvc_2_s3111/621732.621732.llr40v10-kimi27sglang-fortran.n0.p7.w7/candidate_01_submission.txt,18b70c497fbc5c7d27c5fdb76d0ef3829f859d6c1a3835f472b572eb6a2a6d28
llr40v10-kimi27sglang-fortran-skills,numba,fortran,tsvc_2_s3111,621030,621030,llr40v10-kimi27sglang-fortran-skills.n0.p7.w7,1,29.170624,513103208.000000,17432479.000000,0.000000,graded_attempt,sources/llr40v10-kimi27sglang-fortran-skills/tsvc_2_s3111/621030.621030.llr40v10-kimi27sglang-fortran-skills.n0.p7.w7/candidate_01_submission.txt,3d5d34f80d5132f94feadb5aae7743c1800ed6f2f072ef60852fbf27767d249c
llr40v10-kimi27sglang-fortran-skills,numba,fortran,tsvc_2_s3111,621030,621030,llr40v10-kimi27sglang-fortran-skills.n0.p7.w7,2,29.170624,513103208.000000,17450247.000000,0.000000,graded_attempt,sources/llr40v10-kimi27sglang-fortran-skills/tsvc_2_s3111/621030.621030.llr40v10-kimi27sglang-fortran-skills.n0.p7.w7/candidate_02_submission.txt,d4fc6e4142b15a694d0a75df232748e8ffab07c38197b9231d99ba00c8bde52f
llr40v10-kimi27sglang-fortran-skills,numba,fortran,tsvc_2_s3111,621030,621030,llr40v10-kimi27sglang-fortran-skills.n0.p7.w7,3,29.170624,513103208.000000,17433367.000000,0.000000,graded_attempt,sources/llr40v10-kimi27sglang-fortran-skills/tsvc_2_s3111/621030.621030.llr40v10-kimi27sglang-fortran-skills.n0.p7.w7/candidate_03_submission.txt,1c18f466363a4f583f913970f70cfcd54f566c7a780888218b0f2ebb08365bab
llr40v10-oss120b-c,c,c,tsvc_2_s3111,621382,621382,llr40v10-oss120b-c.n0.p27.w27,1,21.215914,373211068.000000,17489360.000000,0.000000,graded_attempt,sources/llr40v10-oss120b-c/tsvc_2_s3111/621382.621382.llr40v10-oss120b-c.n0.p27.w27/candidate_01_submission.txt,ddc3b19777b76051df1f6e579d7a51bf4cffc6761731295068ab55a672cef04d
llr40v10-oss120b-c,c,c,tsvc_2_s3111,621015,621015,llr40v10-oss120b-c.n0.p27.w27,1,14.249735,370509377.000000,24430129.000000,0.000000,graded_attempt,sources/llr40v10-oss120b-c/tsvc_2_s3111/621015.621015.llr40v10-oss120b-c.n0.p27.w27/candidate_01_submission.txt,8c660f085e695fb849df8ea0d49b102d8f17061785c8eb240e8f6bd20039e8c7
llr40v10-oss120b-c-skills,numba,c,tsvc_2_s3111,621023,621023,llr40v10-oss120b-c-skills.n0.p27.w27,1,28.595847,515074737.000000,17658868.000000,0.000000,graded_attempt,sources/llr40v10-oss120b-c-skills/tsvc_2_s3111/621023.621023.llr40v10-oss120b-c-skills.n0.p27.w27/candidate_01_submission.txt,720161b0c32f717a3cf757b4331a852832c9a64ae18ac3616027e9c4f6dd5ca8
llr40v10-oss120b-fortran,c,fortran,tsvc_2_s3111,621384,621384,llr40v10-oss120b-fortran.n0.p27.w27,1,21.005856,371545103.000000,17513490.000000,0.000000,graded_attempt,sources/llr40v10-oss120b-fortran/tsvc_2_s3111/621384.621384.llr40v10-oss120b-fortran.n0.p27.w27/candidate_01_submission.txt,a5be7b1bf8db49031eb2ca45026f9beda09bf9fcf006f153265b3425ea6ae4cd
llr40v10-oss120b-fortran,c,fortran,tsvc_2_s3111,621019,621019,llr40v10-oss120b-fortran.n0.p27.w27,1,20.797877,368486136.000000,17539725.000000,0.000000,graded_attempt,sources/llr40v10-oss120b-fortran/tsvc_2_s3111/621019.621019.llr40v10-oss120b-fortran.n0.p27.w27/candidate_01_submission.txt,815d4614c5c53eaf6181221d00cf787d90d5f7d2e08e1c3623c2b1558c3b4145
llr40v10-oss120b-fortran-skills,numba,fortran,tsvc_2_s3111,621027,621027,llr40v10-oss120b-fortran-skills.n0.p27.w27,1,29.170624,513175319.000000,17478956.000000,0.000000,graded_attempt,sources/llr40v10-oss120b-fortran-skills/tsvc_2_s3111/621027.621027.llr40v10-oss120b-fortran-skills.n0.p27.w27/candidate_01_submission.txt,b6b7152192f1591396a690bc757a0ed4a9bdcf8d21e277cdc78945a0ec9523f5
llr40v10-qwen38-c,numba,c,tsvc_2_s3111,621727,621727,llr40v10-qwen38-c.n0.p27.w27,3,28.881805,512565209.000000,17581103.000000,0.000000,graded_attempt,sources/llr40v10-qwen38-c/tsvc_2_s3111/621727.621727.llr40v10-qwen38-c.n0.p27.w27/candidate_03_submission.txt,f964f27fa15b92fa6b46d081e108a6d3e71f5663b0e76196e766ea6d21500042
llr40v10-qwen38-c,numba,c,tsvc_2_s3111,622265,622265,llr40v10-qwen38-c.n0.p27.w27,1,28.881805,513570948.000000,17543057.000000,0.000000,graded_attempt,sources/llr40v10-qwen38-c/tsvc_2_s3111/622265.622265.llr40v10-qwen38-c.n0.p27.w27/candidate_01_submission.txt,d001c96b2307f5759935040da1374bd633a6668649f3d6d62d6c514c5445592a
llr40v10-qwen38-c,c,c,tsvc_2_s3111,621016,621016,llr40v10-qwen38-c.n0.p27.w27,2,21.428073,372183507.000000,17447706.000000,0.000000,graded_attempt,sources/llr40v10-qwen38-c/tsvc_2_s3111/621016.621016.llr40v10-qwen38-c.n0.p27.w27/candidate_02_submission.txt,99f88ed38b1a659dba94c3bf63fc2919e1ce458be044a1e7123b5330a1b891cb
llr40v10-qwen38-c,numba,c,tsvc_2_s3111,621727,621727,llr40v10-qwen38-c.n0.p27.w27,2,21.428073,512565209.000000,21995306.000000,0.000000,graded_attempt,sources/llr40v10-qwen38-c/tsvc_2_s3111/621727.621727.llr40v10-qwen38-c.n0.p27.w27/candidate_02_submission.txt,60d647b2c86fee7a1b9f50216a3221de1cacde332694525b55148665b8be4aac
llr40v10-qwen38-c,c,c,tsvc_2_s3111,621383,621383,llr40v10-qwen38-c.n0.p27.w27,2,21.215914,372472022.000000,17393701.000000,0.000000,graded_attempt,sources/llr40v10-qwen38-c/tsvc_2_s3111/621383.621383.llr40v10-qwen38-c.n0.p27.w27/candidate_02_submission.txt,765bc1d939574a941b709f4b4ef3c31c40fb937492b17b56ecea822cd4a5b5b1
llr40v10-qwen38-c,c,c,tsvc_2_s3111,621016,621016,llr40v10-qwen38-c.n0.p27.w27,1,15.897979,372654001.000000,22080167.000000,0.000000,graded_attempt,sources/llr40v10-qwen38-c/tsvc_2_s3111/621016.621016.llr40v10-qwen38-c.n0.p27.w27/candidate_01_submission.txt,f348c76f291374f698921283723c6c4065ae4fb2ed7c618ba3fd926013badeee
llr40v10-qwen38-c,c,c,tsvc_2_s3111,621383,621383,llr40v10-qwen38-c.n0.p27.w27,1,15.897979,369933369.000000,21882071.000000,0.000000,graded_attempt,sources/llr40v10-qwen38-c/tsvc_2_s3111/621383.621383.llr40v10-qwen38-c.n0.p27.w27/candidate_01_submission.txt,9ab2b6847c92e8fc8bb92a09ad577bc53b7c3e12fb2c1f87c6a3bf560b99a9b6
llr40v10-qwen38-c,numba,c,tsvc_2_s3111,621727,621727,llr40v10-qwen38-c.n0.p27.w27,1,1.361327,512565209.000000,369750469.000000,0.000000,graded_attempt,sources/llr40v10-qwen38-c/tsvc_2_s3111/621727.621727.llr40v10-qwen38-c.n0.p27.w27/candidate_01_submission.txt,2eab9c969c5ef0d26797431dc5fce2b6dc436f7856317b0634b7593273fc5604
llr40v10-qwen38-c-skills,numba,c,tsvc_2_s3111,621024,621024,llr40v10-qwen38-c-skills.n0.p27.w27,1,29.462330,515118220.000000,17439614.000000,0.000000,graded_attempt,sources/llr40v10-qwen38-c-skills/tsvc_2_s3111/621024.621024.llr40v10-qwen38-c-skills.n0.p27.w27/candidate_01_submission.txt,038fc725b834f6981df93ef3d52172e1dfbdb90661aaaf7f4176636728ac9ac1
llr40v10-qwen38-fortran,numba,fortran,tsvc_2_s3111,622266,622266,llr40v10-qwen38-fortran.n0.p27.w27,2,29.170624,512834949.000000,17498017.000000,0.000000,graded_attempt,sources/llr40v10-qwen38-fortran/tsvc_2_s3111/622266.622266.llr40v10-qwen38-fortran.n0.p27.w27/candidate_02_submission.txt,42570a450b635deaead91b843fbc4ff95ffaf5e711107485ad3063fc6354a9e9
llr40v10-qwen38-fortran,numba,fortran,tsvc_2_s3111,621728,621728,llr40v10-qwen38-fortran.n0.p27.w27,1,27.480047,512110510.000000,17513841.000000,0.000000,graded_attempt,sources/llr40v10-qwen38-fortran/tsvc_2_s3111/621728.621728.llr40v10-qwen38-fortran.n0.p27.w27/candidate_01_submission.txt,f8e8079f96c016320b94b7da9af7f5364a4fe4cc4fa9c27d86a6c93a2935b69a
llr40v10-qwen38-fortran,c,fortran,tsvc_2_s3111,621385,621385,llr40v10-qwen38-fortran.n0.p27.w27,1,21.005856,370407284.000000,17551545.000000,0.000000,graded_attempt,sources/llr40v10-qwen38-fortran/tsvc_2_s3111/621385.621385.llr40v10-qwen38-fortran.n0.p27.w27/candidate_01_submission.txt,ea022990d54eb5651f8d005a8762cd21e5457c3dc56c207f261fdf21cdcefb2a
llr40v10-qwen38-fortran,numba,fortran,tsvc_2_s3111,622266,622266,llr40v10-qwen38-fortran.n0.p27.w27,1,5.592393,512834949.000000,91551228.000000,0.000000,graded_attempt,sources/llr40v10-qwen38-fortran/tsvc_2_s3111/622266.622266.llr40v10-qwen38-fortran.n0.p27.w27/candidate_01_submission.txt,66b74bf4327178aebf4e81590b33b87a2ccac835e5e834be12e9524817774b2f
llr40v10-qwen38-fortran,c,fortran,tsvc_2_s3111,621020,621020,llr40v10-qwen38-fortran.n0.p27.w27,1,3.756148,371775462.000000,97939927.000000,0.000000,graded_attempt,sources/llr40v10-qwen38-fortran/tsvc_2_s3111/621020.621020.llr40v10-qwen38-fortran.n0.p27.w27/candidate_01_submission.txt,9ec81c0a752c14549514529d72686b625c4fe28122c2a40cae70efd7db20e20f
llr40v10-qwen38-fortran-skills,numba,fortran,tsvc_2_s3111,621028,621028,llr40v10-qwen38-fortran-skills.n0.p27.w27,1,29.170624,512864341.000000,17419599.000000,0.000000,graded_attempt,sources/llr40v10-qwen38-fortran-skills/tsvc_2_s3111/621028.621028.llr40v10-qwen38-fortran-skills.n0.p27.w27/candidate_01_submission.txt,8873c7ab1b06b90fac75069761ce978ad41d2fe33e0cb438ff0e20235bef17e8
llr40v11-kimi27sglang-c,numba,c,tsvc_2_s3111,625534,625534,llr40v11-kimi27sglang-c.n0.p7.w7,2,5.427921,514343937.000000,90865073.000000,0.000000,graded_attempt,sources/llr40v11-kimi27sglang-c/tsvc_2_s3111/625534.625534.llr40v11-kimi27sglang-c.n0.p7.w7/candidate_02_submission.txt,169f0b7956087b07fc6677ba3806b72a4e6f3bc0193e3a59bc72b7b9acdfb9c6
llr40v11-kimi27sglang-c,numba,c,tsvc_2_s3111,625534,625534,llr40v11-kimi27sglang-c.n0.p7.w7,1,5.113347,514343937.000000,96817472.000000,0.000000,graded_attempt,sources/llr40v11-kimi27sglang-c/tsvc_2_s3111/625534.625534.llr40v11-kimi27sglang-c.n0.p7.w7/candidate_01_submission.txt,606a213282670acc1976bda82aa611f52a0c3437887b597821fdf173ed7b66aa
llr40v11-kimi27sglang-c-skills,numba,c,tsvc_2_s3111,625538,625538,llr40v11-kimi27sglang-c-skills.n0.p7.w7,2,29.170624,514187938.000000,17456635.000000,0.000000,graded_attempt,sources/llr40v11-kimi27sglang-c-skills/tsvc_2_s3111/625538.625538.llr40v11-kimi27sglang-c-skills.n0.p7.w7/candidate_01_submission.txt,596227c231d3a700fbfce695a3a13c97f158f9e5f280eefca84ede13431725e6
llr40v11-kimi27sglang-c-skills,numba,c,tsvc_2_s3111,625538,625538,llr40v11-kimi27sglang-c-skills.n0.p7.w7,3,28.881805,514187938.000000,17390266.000000,0.000000,graded_attempt,sources/llr40v11-kimi27sglang-c-skills/tsvc_2_s3111/625538.625538.llr40v11-kimi27sglang-c-skills.n0.p7.w7/candidate_01_submission.txt,596227c231d3a700fbfce695a3a13c97f158f9e5f280eefca84ede13431725e6
llr40v11-kimi27sglang-c-skills,numba,c,tsvc_2_s3111,625538,625538,llr40v11-kimi27sglang-c-skills.n0.p7.w7,1,28.032396,514187938.000000,17656354.000000,0.000000,graded_attempt,sources/llr40v11-kimi27sglang-c-skills/tsvc_2_s3111/625538.625538.llr40v11-kimi27sglang-c-skills.n0.p7.w7/candidate_01_submission.txt,596227c231d3a700fbfce695a3a13c97f158f9e5f280eefca84ede13431725e6
llr40v11-kimi27sglang-fortran-skills,numba,fortran,tsvc_2_s3111,625546,625546,llr40v11-kimi27sglang-fortran-skills.n0.p7.w7,1,29.170624,512565489.000000,17466751.000000,0.000000,graded_attempt,sources/llr40v11-kimi27sglang-fortran-skills/tsvc_2_s3111/625546.625546.llr40v11-kimi27sglang-fortran-skills.n0.p7.w7/candidate_01_submission.txt,01af94e76dd161d8ed69700f236e1743b5381f840f2c5b1d6cc277347df5c0cf
llr40v11-kimi27sglang-fortran-skills,numba,fortran,tsvc_2_s3111,625546,625546,llr40v11-kimi27sglang-fortran-skills.n0.p7.w7,2,29.170624,512565489.000000,17457180.000000,0.000000,graded_attempt,sources/llr40v11-kimi27sglang-fortran-skills/tsvc_2_s3111/625546.625546.llr40v11-kimi27sglang-fortran-skills.n0.p7.w7/candidate_01_submission.txt,01af94e76dd161d8ed69700f236e1743b5381f840f2c5b1d6cc277347df5c0cf
llr40v11-oss120b-c,numba,c,tsvc_2_s3111,625531,625531,llr40v11-oss120b-c.n0.p27.w27,1,28.881805,514042013.000000,17514562.000000,0.000000,graded_attempt,sources/llr40v11-oss120b-c/tsvc_2_s3111/625531.625531.llr40v11-oss120b-c.n0.p27.w27/candidate_01_submission.txt,ac680e5376def0373d6b79c7771af1ca1d61708fee925c86f337405a8ffa54e4
llr40v11-oss120b-c-skills,numba,c,tsvc_2_s3111,625535,625535,llr40v11-oss120b-c-skills.n0.p27.w27,1,29.170624,514083747.000000,17537037.000000,0.000000,graded_attempt,sources/llr40v11-oss120b-c-skills/tsvc_2_s3111/625535.625535.llr40v11-oss120b-c-skills.n0.p27.w27/candidate_01_submission.txt,6602a008daaa343a9f82615078600a902bd15a229856ae40f4f22cdfb0e43ad3
llr40v11-oss120b-fortran,numba,fortran,tsvc_2_s3111,625539,625539,llr40v11-oss120b-fortran.n0.p27.w27,1,28.881805,513899734.000000,17497260.000000,0.000000,graded_attempt,sources/llr40v11-oss120b-fortran/tsvc_2_s3111/625539.625539.llr40v11-oss120b-fortran.n0.p27.w27/candidate_01_submission.txt,3b35afe412c83e31d2ecc44371cbe209304814bdade7b2ad75fafee2f5e0f395
llr40v11-oss120b-fortran-skills,numba,fortran,tsvc_2_s3111,625543,625543,llr40v11-oss120b-fortran-skills.n0.p27.w27,1,28.881805,512814558.000000,17434652.000000,0.000000,graded_attempt,sources/llr40v11-oss120b-fortran-skills/tsvc_2_s3111/625543.625543.llr40v11-oss120b-fortran-skills.n0.p27.w27/candidate_01_submission.txt,c9c02658233331e35495103eb194d120f9c9b5312059df1364e728ac8cc2460e
llr40v11-qwen38-c,numba,c,tsvc_2_s3111,625532,625532,llr40v11-qwen38-c.n0.p27.w27,1,29.170624,513053374.000000,17478782.000000,0.000000,graded_attempt,sources/llr40v11-qwen38-c/tsvc_2_s3111/625532.625532.llr40v11-qwen38-c.n0.p27.w27/candidate_01_submission.txt,8953a8582154e4363fe9b84d98c63b40c90a0b6a74febdc727f0f3a889d5919c
llr40v11-qwen38-c,numba,c,tsvc_2_s3111,625532,625532,llr40v11-qwen38-c.n0.p27.w27,3,29.170624,513053374.000000,17428369.000000,0.000000,graded_attempt,sources/llr40v11-qwen38-c/tsvc_2_s3111/625532.625532.llr40v11-qwen38-c.n0.p27.w27/candidate_03_submission.txt,c237392976f660ed6ed99fc770089216fb3571dd4ace2913c025cf4d59fc2c49
llr40v11-qwen38-c,numba,c,tsvc_2_s3111,625532,625532,llr40v11-qwen38-c.n0.p27.w27,4,29.170624,513053374.000000,17452702.000000,0.000000,graded_attempt,sources/llr40v11-qwen38-c/tsvc_2_s3111/625532.625532.llr40v11-qwen38-c.n0.p27.w27/candidate_04_submission.txt,5854ee8dea40ff8c0c13e33a3dedbe009659be2c3f652959bb3a71b67b66450c
llr40v11-qwen38-c,numba,c,tsvc_2_s3111,625532,625532,llr40v11-qwen38-c.n0.p27.w27,2,28.595847,513053374.000000,17455302.000000,0.000000,graded_attempt,sources/llr40v11-qwen38-c/tsvc_2_s3111/625532.625532.llr40v11-qwen38-c.n0.p27.w27/candidate_02_submission.txt,2358013ae8b575a4e4c87b05b51cebc2e307cd6dcbe396eae79e9c7315b9246d
llr40v11-qwen38-c-skills,numba,c,tsvc_2_s3111,625536,625536,llr40v11-qwen38-c-skills.n0.p27.w27,2,29.170624,513746616.000000,17524199.000000,0.000000,graded_attempt,sources/llr40v11-qwen38-c-skills/tsvc_2_s3111/625536.625536.llr40v11-qwen38-c-skills.n0.p27.w27/candidate_02_submission.txt,9d1ec56683f90f082f8c9a8242d6085edbdcf4e1751300daf614ccbbf1f04ef6
llr40v11-qwen38-c-skills,numba,c,tsvc_2_s3111,625536,625536,llr40v11-qwen38-c-skills.n0.p27.w27,1,21.858778,513746616.000000,20876385.000000,0.000000,graded_attempt,sources/llr40v11-qwen38-c-skills/tsvc_2_s3111/625536.625536.llr40v11-qwen38-c-skills.n0.p27.w27/candidate_01_submission.txt,3ae225a85a7fc2e11008bdf03ff75d412a59a5a163c786e6bfab12a12df9dc18
llr40v11-qwen38-fortran-skills,numba,fortran,tsvc_2_s3111,625544,625544,llr40v11-qwen38-fortran-skills.n0.p27.w27,1,29.170624,513608593.000000,17430287.000000,0.000000,graded_attempt,sources/llr40v11-qwen38-fortran-skills/tsvc_2_s3111/625544.625544.llr40v11-qwen38-fortran-skills.n0.p27.w27/candidate_01_submission.txt,8e365215d92bbc8f21fdda06a0ac0cd6a1f073e2457bb49fdfa709bf5388b030
v11w2-kimi27sglang-fortran,numba,fortran,tsvc_2_s3111,626373,626373,v11w2-kimi27sglang-fortran.n0.p7.w7,3,30.658618,514281669.000000,16669201.000000,0.000000,graded_attempt,sources/v11w2-kimi27sglang-fortran/tsvc_2_s3111/626373.626373.v11w2-kimi27sglang-fortran.n0.p7.w7/candidate_03_submission.txt,15cc6b5d12d8d5d1d710a2e798dc3e248e0fb1e1659d8bd84d55739e80862f27
v11w2-kimi27sglang-fortran,numba,fortran,tsvc_2_s3111,626373,626373,v11w2-kimi27sglang-fortran.n0.p7.w7,1,29.170624,514281669.000000,17521519.000000,0.000000,graded_attempt,sources/v11w2-kimi27sglang-fortran/tsvc_2_s3111/626373.626373.v11w2-kimi27sglang-fortran.n0.p7.w7/candidate_01_submission.txt,90d36669e9e4e9ee3701c92764dd6c31918de5835a0c541de6c53d50c73bdef6
v11w2-kimi27sglang-fortran,numba,fortran,tsvc_2_s3111,626373,626373,v11w2-kimi27sglang-fortran.n0.p7.w7,2,29.170624,514281669.000000,17509470.000000,0.000000,graded_attempt,sources/v11w2-kimi27sglang-fortran/tsvc_2_s3111/626373.626373.v11w2-kimi27sglang-fortran.n0.p7.w7/candidate_02_submission.txt,2df286e028da7aaa1a60bcca5c91c38b1c2a1ca8464f98886e6ecddc782efbf3
v11w2-qwen38-fortran,numba,fortran,tsvc_2_s3111,626371,626371,v11w2-qwen38-fortran.n0.p15.w15,1,29.462330,514629274.000000,17416631.000000,0.000000,graded_attempt,sources/v11w2-qwen38-fortran/tsvc_2_s3111/626371.626371.v11w2-qwen38-fortran.n0.p15.w15/candidate_01_submission.txt,124dfbe7f03b06874770118713d489bca971fafa3523dabe5685b4ace1fd8ddc
gpuv2-llr40-oss120b-hip,numba,hip,tsvc_2_s3112,627167,627167,gpuv2-llr40-oss120b-hip.n0.p28.w28,1,14.681517,203638237.000000,13794273.000000,0.000000,graded_attempt,sources/gpuv2-llr40-oss120b-hip/tsvc_2_s3112/627167.627167.gpuv2-llr40-oss120b-hip.n0.p28.w28/candidate_01_submission.txt,7dde6ff5081ba482a663b296b295b7247bdcd7bbec3c0141259a75bed69f8912
gpuv2-llr40-oss120b-hip-skills,numba,hip,tsvc_2_s3112,627168,627168,gpuv2-llr40-oss120b-hip-skills.n0.p28.w28,1,112.889239,183256246.000000,1532055.000000,0.000000,graded_attempt,sources/gpuv2-llr40-oss120b-hip-skills/tsvc_2_s3112/627168.627168.gpuv2-llr40-oss120b-hip-skills.n0.p28.w28/candidate_01_submission.txt,730e3441db52d34675bd42d695088d3e8fcda40fdc4f5470b29b3224cb27615a
gpuv2-llr40-qwen38-hip-skills,numba,hip,tsvc_2_s3112,627229,627229,gpuv2-llr40-qwen38-hip-skills.n0.p28.w28,1,45.646505,182457994.000000,3887136.000000,0.000000,graded_attempt,sources/gpuv2-llr40-qwen38-hip-skills/tsvc_2_s3112/627229.627229.gpuv2-llr40-qwen38-hip-skills.n0.p28.w28/candidate_01_submission.txt,2b7a761b75ba9301151f64b8fd5dcac1bf39bd4884762dccbd34a2b5a1ac0fdf
gpuv2-llr40-qwen38-hip-skills,numba,hip,tsvc_2_s3112,627229,627229,gpuv2-llr40-qwen38-hip-skills.n0.p28.w28,2,45.646505,182457994.000000,3853018.000000,0.000000,graded_attempt,sources/gpuv2-llr40-qwen38-hip-skills/tsvc_2_s3112/627229.627229.gpuv2-llr40-qwen38-hip-skills.n0.p28.w28/candidate_02_submission.txt,1ff31a10e7eef036ddb85a1289fe407911fa6f920ca794e33fc83ecaa899bda8
gpuv2-llr40-qwen38-omp-skills,numba,c,tsvc_2_s3112,626561,626561,gpuv2-llr40-qwen38-omp-skills.n0.p28.w28,1,1.000000,183488119.000000,182882156.000000,0.000000,graded_attempt,sources/gpuv2-llr40-qwen38-omp-skills/tsvc_2_s3112/626561.626561.gpuv2-llr40-qwen38-omp-skills.n0.p28.w28/candidate_01_submission.txt,b58940b109947c1e8106b0560dcd44ffbbaad6d5a6bfd731cdb7ac173de6e225
gpuv4-llr40-oss120b-pytriton,numba,python,tsvc_2_s3112,627175,627175,gpuv4-llr40-oss120b-pytriton.n0.p28.w28,1,1.072135,195723800.000000,182522243.000000,0.000000,graded_attempt,sources/gpuv4-llr40-oss120b-pytriton/tsvc_2_s3112/627175.627175.gpuv4-llr40-oss120b-pytriton.n0.p28.w28/candidate_01_submission.txt,5fadbc253db856715352f19e3454d1fa4dc0d41e55454435ce9f31b1f4584e0e
gpuv4-llr40-qwen38-pytriton-skills,numba,python,tsvc_2_s3112,627020,627020,gpuv4-llr40-qwen38-pytriton-skills.n0.p28.w28,1,6.364665,183774214.000000,27967394.000000,0.000000,graded_attempt,sources/gpuv4-llr40-qwen38-pytriton-skills/tsvc_2_s3112/627020.627020.gpuv4-llr40-qwen38-pytriton-skills.n0.p28.w28/candidate_01_submission.txt,d6362964b98b9e0ed16aac7fff577596a1030cb767ea010e9e6da5607c98fd09
gpuv4-llr40-qwen38-pytriton-skills,numba,python,tsvc_2_s3112,627231,627231,gpuv4-llr40-qwen38-pytriton-skills.n0.p28.w28,1,5.320970,182216976.000000,32476843.000000,0.000000,graded_attempt,sources/gpuv4-llr40-qwen38-pytriton-skills/tsvc_2_s3112/627231.627231.gpuv4-llr40-qwen38-pytriton-skills.n0.p28.w28/candidate_01_submission.txt,347bf3ac2e2fa74a9b5aa7ffd47dfc1cc89477e15b9a0a107bf599ae0d531778
llr40v10-oss120b-c,c,c,tsvc_2_s3112,621382,621382,llr40v10-oss120b-c.n0.p28.w28,1,1.000000,182406427.000000,183676077.000000,0.000000,graded_attempt,sources/llr40v10-oss120b-c/tsvc_2_s3112/621382.621382.llr40v10-oss120b-c.n0.p28.w28/candidate_01_submission.txt,e7ee971e4c878db479d820475e075716f27b78f2f18b7ad71073b77c795c4efd
llr40v10-oss120b-c,c,c,tsvc_2_s3112,621382,621382,llr40v10-oss120b-c.n0.p28.w28,2,1.000000,183470041.000000,183080459.000000,0.000000,graded_attempt,sources/llr40v10-oss120b-c/tsvc_2_s3112/621382.621382.llr40v10-oss120b-c.n0.p28.w28/candidate_02_submission.txt,c123d604f9582c25aac0d5fa0110099f537b9cdba34bf2d8ec59dbd4066ac63f
llr40v10-oss120b-fortran,c,fortran,tsvc_2_s3112,621019,621019,llr40v10-oss120b-fortran.n0.p28.w28,1,1.000000,182757873.000000,182644451.000000,0.000000,graded_attempt,sources/llr40v10-oss120b-fortran/tsvc_2_s3112/621019.621019.llr40v10-oss120b-fortran.n0.p28.w28/candidate_01_submission.txt,a24bd69bafc495b7f36dc657ece4fe7554c1d592654d0f4ed65bfb0acfa691cd
llr40v10-oss120b-fortran-skills,numba,fortran,tsvc_2_s3112,621027,621027,llr40v10-oss120b-fortran-skills.n0.p28.w28,1,1.000000,184308501.000000,183316639.000000,0.000000,graded_attempt,sources/llr40v10-oss120b-fortran-skills/tsvc_2_s3112/621027.621027.llr40v10-oss120b-fortran-skills.n0.p28.w28/candidate_02_submission.txt,4b2eb1373eab031f06b21ea98ef0a2f9bc49014fa0febf213bbeb570b8219d7e
llr40v10-qwen38-fortran,numba,fortran,tsvc_2_s3112,622266,622266,llr40v10-qwen38-fortran.n0.p28.w28,1,1.020100,188469413.000000,182705651.000000,0.000000,graded_attempt,sources/llr40v10-qwen38-fortran/tsvc_2_s3112/622266.622266.llr40v10-qwen38-fortran.n0.p28.w28/candidate_01_submission.txt,b88aeec44701b750b7b353f845c74f50375a3e24fa0061a2a677a6dfe923c0b1
llr40v10-qwen38-fortran,c,fortran,tsvc_2_s3112,621020,621020,llr40v10-qwen38-fortran.n0.p28.w28,1,1.000000,183168502.000000,182465163.000000,0.000000,graded_attempt,sources/llr40v10-qwen38-fortran/tsvc_2_s3112/621020.621020.llr40v10-qwen38-fortran.n0.p28.w28/candidate_01_submission.txt,9dc4726bc9e6e47aa04a3a3257d28c14924033aa283a0b62c0fbcc20e50cc359
llr40v10-qwen38-fortran,c,fortran,tsvc_2_s3112,621385,621385,llr40v10-qwen38-fortran.n0.p28.w28,1,1.000000,183353680.000000,182116399.000000,0.000000,graded_attempt,sources/llr40v10-qwen38-fortran/tsvc_2_s3112/621385.621385.llr40v10-qwen38-fortran.n0.p28.w28/candidate_01_submission.txt,4d83c493d592a8dfaec1b96bac8fac06422ef19068abb051df9e791c29c0f7fa
llr40v10-qwen38-fortran-skills,numba,fortran,tsvc_2_s3112,621028,621028,llr40v10-qwen38-fortran-skills.n0.p28.w28,1,1.000000,183418301.000000,182410588.000000,0.000000,graded_attempt,sources/llr40v10-qwen38-fortran-skills/tsvc_2_s3112/621028.621028.llr40v10-qwen38-fortran-skills.n0.p28.w28/candidate_01_submission.txt,cc04d49b83ac90df59c9751d18f8dd65551d814ffac5141a981519c272f34745
llr40v11-oss120b-c-skills,numba,c,tsvc_2_s3112,625535,625535,llr40v11-oss120b-c-skills.n0.p28.w28,1,1.000000,183995545.000000,182435254.000000,0.000000,graded_attempt,sources/llr40v11-oss120b-c-skills/tsvc_2_s3112/625535.625535.llr40v11-oss120b-c-skills.n0.p28.w28/candidate_01_submission.txt,b1e6e0cb2c310f713eeedf70174cb4a26675d046a7192b09271cf2ca1352ee2c
v11w2-kimi27sglang-c,numba,c,tsvc_2_s3112,627009,627009,v11w2-kimi27sglang-c.n0.p3.w3,2,8.838547,182849925.000000,20557034.000000,0.000000,graded_attempt,sources/v11w2-kimi27sglang-c/tsvc_2_s3112/627009.627009.v11w2-kimi27sglang-c.n0.p3.w3/candidate_02_submission.txt,6455bb3525d7dc82badfc1f2ca0a3806d3e9b970a0055ebcde290ab9dc0f930b
v11w2-kimi27sglang-c,numba,c,tsvc_2_s3112,627009,627009,v11w2-kimi27sglang-c.n0.p3.w3,1,6.689326,182849925.000000,27068577.000000,0.000000,graded_attempt,sources/v11w2-kimi27sglang-c/tsvc_2_s3112/627009.627009.v11w2-kimi27sglang-c.n0.p3.w3/candidate_01_submission.txt,58e84aa109f1370490c41040ee9e2a473c40ddc9501b6a778493a2e4cab6f4f2
v11w2-kimi27sglang-c-skills,numba,c,tsvc_2_s3112,627010,627010,v11w2-kimi27sglang-c-skills.n0.p1.w1,3,8.578606,182443898.000000,20461017.000000,0.000000,graded_attempt,sources/v11w2-kimi27sglang-c-skills/tsvc_2_s3112/627010.627010.v11w2-kimi27sglang-c-skills.n0.p1.w1/candidate_04_submission.txt,ffba380f9e9f8e371d3da3126a840243eb7a7c6f15f81bdcf7f3ad049aad35fb
v11w2-kimi27sglang-c-skills,numba,c,tsvc_2_s3112,627010,627010,v11w2-kimi27sglang-c-skills.n0.p1.w1,2,6.623096,182443898.000000,27038972.000000,0.000000,graded_attempt,sources/v11w2-kimi27sglang-c-skills/tsvc_2_s3112/627010.627010.v11w2-kimi27sglang-c-skills.n0.p1.w1/candidate_03_submission.txt,feb6250077d5ba306e97f81f2148cd8e2da265f281fb7c7661bfdc92d1fb4c1e
v11w2-kimi27sglang-c-skills,numba,c,tsvc_2_s3112,627010,627010,v11w2-kimi27sglang-c-skills.n0.p1.w1,1,5.995802,182443898.000000,29808735.000000,0.000000,graded_attempt,sources/v11w2-kimi27sglang-c-skills/tsvc_2_s3112/627010.627010.v11w2-kimi27sglang-c-skills.n0.p1.w1/candidate_02_submission.txt,af39352a417896a96498e453faa286b11616f8f48d8c31fb7651311a03048043
v11w2-kimi27sglang-fortran,numba,fortran,tsvc_2_s3112,627015,627015,v11w2-kimi27sglang-fortran.n0.p3.w3,3,6.689326,183136370.000000,27107202.000000,0.000000,graded_attempt,sources/v11w2-kimi27sglang-fortran/tsvc_2_s3112/627015.627015.v11w2-kimi27sglang-fortran.n0.p3.w3/candidate_05_submission.txt,dac25b042d8e90a9727fdf6546fd8f21cc456a34fe7c4b445533049498269e87
v11w2-kimi27sglang-fortran,numba,fortran,tsvc_2_s3112,627015,627015,v11w2-kimi27sglang-fortran.n0.p3.w3,2,6.055760,183136370.000000,29894899.000000,0.000000,graded_attempt,sources/v11w2-kimi27sglang-fortran/tsvc_2_s3112/627015.627015.v11w2-kimi27sglang-fortran.n0.p3.w3/candidate_04_submission.txt,852ba41d394539bbd4944ddd232992df2089b5c8e94cc4a502d0443b2938103f
v11w2-kimi27sglang-fortran,numba,fortran,tsvc_2_s3112,627015,627015,v11w2-kimi27sglang-fortran.n0.p3.w3,1,1.928460,183136370.000000,93844051.000000,0.000000,graded_attempt,sources/v11w2-kimi27sglang-fortran/tsvc_2_s3112/627015.627015.v11w2-kimi27sglang-fortran.n0.p3.w3/candidate_01_submission.txt,f4c593da8a8e20689d596b07bb7f2b94535637a56ea52f803898eec4ded21ed8
v11w2-kimi27sglang-fortran-skills,numba,fortran,tsvc_2_s3112,627016,627016,v11w2-kimi27sglang-fortran-skills.n0.p1.w1,5,8.664392,182359399.000000,20563487.000000,0.000000,graded_attempt,sources/v11w2-kimi27sglang-fortran-skills/tsvc_2_s3112/627016.627016.v11w2-kimi27sglang-fortran-skills.n0.p1.w1/candidate_05_submission.txt,ab6401be2cbc239d332a6925d98bbc0a9347ee6d59a3fc5efe4c00e854677309
v11w2-kimi27sglang-fortran-skills,numba,fortran,tsvc_2_s3112,627016,627016,v11w2-kimi27sglang-fortran-skills.n0.p1.w1,3,8.578606,182359399.000000,20618506.000000,0.000000,graded_attempt,sources/v11w2-kimi27sglang-fortran-skills/tsvc_2_s3112/627016.627016.v11w2-kimi27sglang-fortran-skills.n0.p1.w1/candidate_03_submission.txt,3b8acdee8240c50ca1a01be1689a81ac58c7b7420ceb6de235f991f77336e10a
v11w2-kimi27sglang-fortran-skills,numba,fortran,tsvc_2_s3112,627016,627016,v11w2-kimi27sglang-fortran-skills.n0.p1.w1,4,8.578606,182359399.000000,20587796.000000,0.000000,graded_attempt,sources/v11w2-kimi27sglang-fortran-skills/tsvc_2_s3112/627016.627016.v11w2-kimi27sglang-fortran-skills.n0.p1.w1/candidate_04_submission.txt,7d26b051aa6df97aa296a3e09b090916ddb22ccb0453e431270743b8fec816bb
v11w2-kimi27sglang-fortran-skills,numba,fortran,tsvc_2_s3112,627016,627016,v11w2-kimi27sglang-fortran-skills.n0.p1.w1,1,6.623096,182359399.000000,27078101.000000,0.000000,graded_attempt,sources/v11w2-kimi27sglang-fortran-skills/tsvc_2_s3112/627016.627016.v11w2-kimi27sglang-fortran-skills.n0.p1.w1/candidate_01_submission.txt,81903fd730e5fb9aa48b9af6a5f6dfe13acbe5e2cadda86e65a3d9747da511fe
v11w2-kimi27sglang-fortran-skills,numba,fortran,tsvc_2_s3112,627016,627016,v11w2-kimi27sglang-fortran-skills.n0.p1.w1,2,6.557520,182359399.000000,27170182.000000,0.000000,graded_attempt,sources/v11w2-kimi27sglang-fortran-skills/tsvc_2_s3112/627016.627016.v11w2-kimi27sglang-fortran-skills.n0.p1.w1/candidate_02_submission.txt,e941475ea0a2fd1978cecd7319b63188688fd76ad3e03e6c3bcc199926435c46
v11w2-oss120b-c,numba,c,tsvc_2_s3112,626363,626363,v11w2-oss120b-c.n0.p6.w6,1,1.000000,182856944.000000,182478802.000000,0.000000,graded_attempt,sources/v11w2-oss120b-c/tsvc_2_s3112/626363.626363.v11w2-oss120b-c.n0.p6.w6/candidate_01_submission.txt,139f23de32a882024d372a51d31ee394dde266ba703bab67eadc2541bb4deb4d
v11w2-oss120b-fortran,numba,fortran,tsvc_2_s3112,626369,626369,v11w2-oss120b-fortran.n0.p10.w10,1,1.000000,184239875.000000,183789650.000000,0.000000,graded_attempt,sources/v11w2-oss120b-fortran/tsvc_2_s3112/626369.626369.v11w2-oss120b-fortran.n0.p10.w10/candidate_01_submission.txt,ffe387c3a60731f678ddde314f07fe13488002e2b4a0e7db6f5abb716d756f85
v11w2-oss120b-fortran-skills,numba,fortran,tsvc_2_s3112,626370,626370,v11w2-oss120b-fortran-skills.n0.p10.w10,1,1.000000,184289690.000000,185115830.000000,0.000000,graded_attempt,sources/v11w2-oss120b-fortran-skills/tsvc_2_s3112/626370.626370.v11w2-oss120b-fortran-skills.n0.p10.w10/candidate_01_submission.txt,4ce6dcaf4cce73a403b141b456bcaaf41966bc26db8087a8e30336b12eb6002f
v11w2-qwen38-c,numba,c,tsvc_2_s3112,627007,627007,v11w2-qwen38-c.n0.p3.w3,2,8.838547,183290223.000000,20562761.000000,0.000000,graded_attempt,sources/v11w2-qwen38-c/tsvc_2_s3112/627007.627007.v11w2-qwen38-c.n0.p3.w3/candidate_02_submission.txt,06e39fa60787060048f0a460130374d69d9e4389ba8f2b9a95f77f4923919bf1
v11w2-qwen38-c,numba,c,tsvc_2_s3112,627007,627007,v11w2-qwen38-c.n0.p3.w3,1,6.689326,183290223.000000,27098258.000000,0.000000,graded_attempt,sources/v11w2-qwen38-c/tsvc_2_s3112/627007.627007.v11w2-qwen38-c.n0.p3.w3/candidate_01_submission.txt,5536ba1ae2e134e940042adcd3dfdcc11d4b4d8d6f04448c21a8145577a72a2d
v11w2-qwen38-c-skills,numba,c,tsvc_2_s3112,626366,626366,v11w2-qwen38-c-skills.n0.p5.w5,1,1.000000,182310500.000000,182530762.000000,0.000000,graded_attempt,sources/v11w2-qwen38-c-skills/tsvc_2_s3112/626366.626366.v11w2-qwen38-c-skills.n0.p5.w5/candidate_01_submission.txt,5ea5be3d5b5cc42a7b28720b3a9ad1727155be4e00e2a95a02605722e25be05c
v11w2-qwen38-fortran,numba,fortran,tsvc_2_s3112,627013,627013,v11w2-qwen38-fortran.n0.p4.w4,2,6.301648,184509843.000000,28863707.000000,0.000000,graded_attempt,sources/v11w2-qwen38-fortran/tsvc_2_s3112/627013.627013.v11w2-qwen38-fortran.n0.p4.w4/candidate_02_submission.txt,6880dd87cc7c572bf16e9c3b954ae595813890f6c1722b96b2ff15b1f42432d8
v11w2-qwen38-fortran,numba,fortran,tsvc_2_s3112,627013,627013,v11w2-qwen38-fortran.n0.p4.w4,1,5.268287,184509843.000000,33251715.000000,0.000000,graded_attempt,sources/v11w2-qwen38-fortran/tsvc_2_s3112/627013.627013.v11w2-qwen38-fortran.n0.p4.w4/candidate_01_submission.txt,68405036561d3538d0a402d94faf0bf8a59c3cc54b83f73fe632df627b476e75
v11w2-qwen38-fortran-skills,numba,fortran,tsvc_2_s3112,627014,627014,v11w2-qwen38-fortran-skills.n0.p2.w2,1,6.823782,183431949.000000,26730698.000000,0.000000,graded_attempt,sources/v11w2-qwen38-fortran-skills/tsvc_2_s3112/627014.627014.v11w2-qwen38-fortran-skills.n0.p2.w2/candidate_01_submission.txt,7768c323b81b45ef20e1ec0826acf1c38a91471975a5004f4be241032c0da94c
gpuv2-llr40-oss120b-hip,numba,hip,tsvc_2_s316,627167,627167,gpuv2-llr40-oss120b-hip.n0.p29.w29,1,105.293832,243455574.000000,2183173.000000,0.000000,graded_attempt,sources/gpuv2-llr40-oss120b-hip/tsvc_2_s316/627167.627167.gpuv2-llr40-oss120b-hip.n0.p29.w29/candidate_01_submission.txt,fccaff1b71d67eb9aae991a901a46ff1a1438da27b50500f0657ca14e6b2260f
gpuv2-llr40-oss120b-hip-skills,numba,hip,tsvc_2_s316,627168,627168,gpuv2-llr40-oss120b-hip-skills.n0.p29.w29,1,168.076694,243539071.000000,1352372.000000,0.000000,graded_attempt,sources/gpuv2-llr40-oss120b-hip-skills/tsvc_2_s316/627168.627168.gpuv2-llr40-oss120b-hip-skills.n0.p29.w29/candidate_01_submission.txt,ab8d393c4f5895bc220f15f1571e8605f00583d835e174c373775ab2f4a58f1f
gpuv2-llr40-oss120b-omp-skills,numba,c,tsvc_2_s316,627174,627174,gpuv2-llr40-oss120b-omp-skills.n0.p29.w29,1,1.459527,243848584.000000,144105641.000000,0.000000,graded_attempt,sources/gpuv2-llr40-oss120b-omp-skills/tsvc_2_s316/627174.627174.gpuv2-llr40-oss120b-omp-skills.n0.p29.w29/candidate_01_submission.txt,0c2dcbf61d89f78fcceab31d8f0b3aeb7c39b0bcdbd1df950e3fe8f8913000e4
gpuv2-llr40-oss120b-omp-skills,numba,c,tsvc_2_s316,627174,627174,gpuv2-llr40-oss120b-omp-skills.n0.p29.w29,2,1.459527,243848584.000000,143545502.000000,0.000000,graded_attempt,sources/gpuv2-llr40-oss120b-omp-skills/tsvc_2_s316/627174.627174.gpuv2-llr40-oss120b-omp-skills.n0.p29.w29/candidate_01_submission.txt,0c2dcbf61d89f78fcceab31d8f0b3aeb7c39b0bcdbd1df950e3fe8f8913000e4
gpuv2-llr40-qwen38-hip,numba,hip,tsvc_2_s316,627017,627017,gpuv2-llr40-qwen38-hip.n0.p29.w29,1,155.216007,243670301.000000,1531028.000000,0.000000,graded_attempt,sources/gpuv2-llr40-qwen38-hip/tsvc_2_s316/627017.627017.gpuv2-llr40-qwen38-hip.n0.p29.w29/candidate_01_submission.txt,7718c83ae3315f75cd438fc26b51f99b70dc9c2911b50b9a8ab56c69884723c6
gpuv2-llr40-qwen38-hip,numba,hip,tsvc_2_s316,627228,627228,gpuv2-llr40-qwen38-hip.n0.p29.w29,1,123.465299,243263919.000000,1945325.000000,0.000000,graded_attempt,sources/gpuv2-llr40-qwen38-hip/tsvc_2_s316/627228.627228.gpuv2-llr40-qwen38-hip.n0.p29.w29/candidate_01_submission.txt,8794732af50635d77e772206ebbe6ade5e397ca5a787ab1cf49fa63e0bbf3952
gpuv2-llr40-qwen38-hip-skills,numba,hip,tsvc_2_s316,626646,626646,gpuv2-llr40-qwen38-hip-skills.n0.p29.w29,2,182.002976,243600646.000000,1301308.000000,0.000000,graded_attempt,sources/gpuv2-llr40-qwen38-hip-skills/tsvc_2_s316/626646.626646.gpuv2-llr40-qwen38-hip-skills.n0.p29.w29/candidate_02_submission.txt,2e47273272eef6a109b1317ac59a39e85d60f98cb7ab890ae8d416e7882aceaf
gpuv2-llr40-qwen38-hip-skills,numba,hip,tsvc_2_s316,626646,626646,gpuv2-llr40-qwen38-hip-skills.n0.p29.w29,1,178.416798,243600646.000000,1293437.000000,0.000000,graded_attempt,sources/gpuv2-llr40-qwen38-hip-skills/tsvc_2_s316/626646.626646.gpuv2-llr40-qwen38-hip-skills.n0.p29.w29/candidate_01_submission.txt,0d8976ee5de71d7fbb30369bb3c9d2f11cf40414b97d9d8acbdb30ab6ddc320f
gpuv2-llr40-qwen38-omp-skills,numba,c,tsvc_2_s316,626561,626561,gpuv2-llr40-qwen38-omp-skills.n0.p29.w29,1,13.693716,243372648.000000,17539987.000000,0.000000,graded_attempt,sources/gpuv2-llr40-qwen38-omp-skills/tsvc_2_s316/626561.626561.gpuv2-llr40-qwen38-omp-skills.n0.p29.w29/candidate_01_submission.txt,60b8bd34736e35591efacdb53ee3c0bcc85861bdf80d43425f95cb518815ee03
gpuv4-llr40-oss120b-pytriton,numba,python,tsvc_2_s316,627175,627175,gpuv4-llr40-oss120b-pytriton.n0.p29.w29,1,2.599273,243431344.000000,91302937.000000,0.000000,graded_attempt,sources/gpuv4-llr40-oss120b-pytriton/tsvc_2_s316/627175.627175.gpuv4-llr40-oss120b-pytriton.n0.p29.w29/candidate_01_submission.txt,70d15a4f28a82cb59483cb9fda38a35f5d4c89384613cc8e91ee93aac0a4a098
gpuv4-llr40-oss120b-pytriton-skills,numba,python,tsvc_2_s316,627176,627176,gpuv4-llr40-oss120b-pytriton-skills.n0.p29.w29,1,2.814640,243176380.000000,85450698.000000,0.000000,graded_attempt,sources/gpuv4-llr40-oss120b-pytriton-skills/tsvc_2_s316/627176.627176.gpuv4-llr40-oss120b-pytriton-skills.n0.p29.w29/candidate_01_submission.txt,842cb97692da588f188c2656501ace67e705984849e1ab5722860721d1b53a40
gpuv4-llr40-qwen38-pytriton,numba,python,tsvc_2_s316,626523,626523,gpuv4-llr40-qwen38-pytriton.n0.p29.w29,1,12.772376,243526851.000000,18319091.000000,0.000000,graded_attempt,sources/gpuv4-llr40-qwen38-pytriton/tsvc_2_s316/626523.626523.gpuv4-llr40-qwen38-pytriton.n0.p29.w29/candidate_01_submission.txt,975f923605994ab002964510b15a41520ee5b68caa36d974cc791d6677fe806a
gpuv4-llr40-qwen38-pytriton,numba,python,tsvc_2_s316,627019,627019,gpuv4-llr40-qwen38-pytriton.n0.p29.w29,2,12.520710,243668483.000000,18567991.000000,0.000000,graded_attempt,sources/gpuv4-llr40-qwen38-pytriton/tsvc_2_s316/627019.627019.gpuv4-llr40-qwen38-pytriton.n0.p29.w29/candidate_02_submission.txt,60a425b2f54dede43635fed258337a3e9bfe66ecbc857c31c481ec2967eb63af
gpuv4-llr40-qwen38-pytriton,numba,python,tsvc_2_s316,627019,627019,gpuv4-llr40-qwen38-pytriton.n0.p29.w29,1,11.562665,243668483.000000,19347603.000000,0.000000,graded_attempt,sources/gpuv4-llr40-qwen38-pytriton/tsvc_2_s316/627019.627019.gpuv4-llr40-qwen38-pytriton.n0.p29.w29/candidate_01_submission.txt,6fd56bf56a4f8e9daaac00aaf666031ca2e4757027c07d43e73f05e23c257b10
gpuv4-llr40-qwen38-pytriton,numba,python,tsvc_2_s316,627230,627230,gpuv4-llr40-qwen38-pytriton.n0.p29.w29,2,11.562665,242780165.000000,18695234.000000,0.000000,graded_attempt,sources/gpuv4-llr40-qwen38-pytriton/tsvc_2_s316/627230.627230.gpuv4-llr40-qwen38-pytriton.n0.p29.w29/candidate_02_submission.txt,9953c894c5936cb9a3e0a1cd575bc777dbb4c00c6c895cf562f1196329ba41ea
gpuv4-llr40-qwen38-pytriton,numba,python,tsvc_2_s316,627230,627230,gpuv4-llr40-qwen38-pytriton.n0.p29.w29,1,2.731862,242780165.000000,88636081.000000,0.000000,graded_attempt,sources/gpuv4-llr40-qwen38-pytriton/tsvc_2_s316/627230.627230.gpuv4-llr40-qwen38-pytriton.n0.p29.w29/candidate_01_submission.txt,045b5141b637f40197a9d755f5a10b84bd8bb5f75a412ce76107ead079cc4fc4
gpuv4-llr40-qwen38-pytriton-skills,numba,python,tsvc_2_s316,626651,626651,gpuv4-llr40-qwen38-pytriton-skills.n0.p29.w29,4,13.830653,243604740.000000,17468468.000000,0.000000,graded_attempt,sources/gpuv4-llr40-qwen38-pytriton-skills/tsvc_2_s316/626651.626651.gpuv4-llr40-qwen38-pytriton-skills.n0.p29.w29/candidate_03_submission.txt,2c4e6b0639b7e74d2c2346597f3e477ca227fb06af363a0b506342aa41355765
gpuv4-llr40-qwen38-pytriton-skills,numba,python,tsvc_2_s316,627020,627020,gpuv4-llr40-qwen38-pytriton-skills.n0.p29.w29,1,13.423895,243454421.000000,17649186.000000,0.000000,graded_attempt,sources/gpuv4-llr40-qwen38-pytriton-skills/tsvc_2_s316/627020.627020.gpuv4-llr40-qwen38-pytriton-skills.n0.p29.w29/candidate_01_submission.txt,c66390b0c95346164a039adf27ca5e6b1043b0cca67129322eeb93cdbc361497
gpuv4-llr40-qwen38-pytriton-skills,numba,python,tsvc_2_s316,627020,627020,gpuv4-llr40-qwen38-pytriton-skills.n0.p29.w29,2,13.423895,243454421.000000,17635430.000000,0.000000,graded_attempt,sources/gpuv4-llr40-qwen38-pytriton-skills/tsvc_2_s316/627020.627020.gpuv4-llr40-qwen38-pytriton-skills.n0.p29.w29/candidate_02_submission.txt,fdb3d5b213159fda1dc817285ac12d5d400fa7ebba79ff2a5967bc07830c6c77
gpuv4-llr40-qwen38-pytriton-skills,numba,python,tsvc_2_s316,626651,626651,gpuv4-llr40-qwen38-pytriton-skills.n0.p29.w29,3,10.784707,243604740.000000,22390642.000000,0.000000,graded_attempt,sources/gpuv4-llr40-qwen38-pytriton-skills/tsvc_2_s316/626651.626651.gpuv4-llr40-qwen38-pytriton-skills.n0.p29.w29/candidate_03_submission.txt,2c4e6b0639b7e74d2c2346597f3e477ca227fb06af363a0b506342aa41355765
gpuv4-llr40-qwen38-pytriton-skills,numba,python,tsvc_2_s316,626651,626651,gpuv4-llr40-qwen38-pytriton-skills.n0.p29.w29,1,10.677927,243604740.000000,22619176.000000,0.000000,graded_attempt,sources/gpuv4-llr40-qwen38-pytriton-skills/tsvc_2_s316/626651.626651.gpuv4-llr40-qwen38-pytriton-skills.n0.p29.w29/candidate_01_submission.txt,96f6240e13cd2ba5f773f0d2b2de8dd16bcbac9d80285baa866c9d0b02ff3d3a
gpuv4-llr40-qwen38-pytriton-skills,numba,python,tsvc_2_s316,626651,626651,gpuv4-llr40-qwen38-pytriton-skills.n0.p29.w29,2,10.677927,243604740.000000,22530618.000000,0.000000,graded_attempt,sources/gpuv4-llr40-qwen38-pytriton-skills/tsvc_2_s316/626651.626651.gpuv4-llr40-qwen38-pytriton-skills.n0.p29.w29/candidate_02_submission.txt,6794bd81051ea3340d2661db5dd106e65a14a8eadd411193ec7acba3afde030d
llr40v10-kimi27sglang-c,numba,c,tsvc_2_s316,621730,621730,llr40v10-kimi27sglang-c.n0.p9.w9,2,13.830653,243717166.000000,17456111.000000,0.000000,graded_attempt,sources/llr40v10-kimi27sglang-c/tsvc_2_s316/621730.621730.llr40v10-kimi27sglang-c.n0.p9.w9/candidate_02_submission.txt,f381dd7a170c6483eb5e2d8cddc7f16d4eef34344e757f378702d04bae746e27
llr40v10-kimi27sglang-c,numba,c,tsvc_2_s316,621730,621730,llr40v10-kimi27sglang-c.n0.p9.w9,3,13.830653,243717166.000000,17474308.000000,0.000000,graded_attempt,sources/llr40v10-kimi27sglang-c/tsvc_2_s316/621730.621730.llr40v10-kimi27sglang-c.n0.p9.w9/candidate_03_submission.txt,0d5c27e03f0c40dd17a3861a7e18f004d24a49cc9c1a70f58f12d96601d23390
llr40v10-kimi27sglang-c,numba,c,tsvc_2_s316,621730,621730,llr40v10-kimi27sglang-c.n0.p9.w9,1,12.152477,243717166.000000,18103844.000000,0.000000,graded_attempt,sources/llr40v10-kimi27sglang-c/tsvc_2_s316/621730.621730.llr40v10-kimi27sglang-c.n0.p9.w9/candidate_01_submission.txt,230b22124a37b9d124c3fa4a4bcabada4c33ea0c7348ba1ac6b5e46e6dd27b12
llr40v10-kimi27sglang-c,numba,c,tsvc_2_s316,621018,621018,llr40v10-kimi27sglang-c.n0.p9.w9,1,5.012594,243156936.000000,46750583.000000,0.000000,graded_attempt,sources/llr40v10-kimi27sglang-c/tsvc_2_s316/621018.621018.llr40v10-kimi27sglang-c.n0.p9.w9/candidate_01_submission.txt,dd9bb483ae7fe43345d32e5ee0080b42861dfc25dda614568fc88940944cdb5e
llr40v10-kimi27sglang-c-skills,numba,c,tsvc_2_s316,621026,621026,llr40v10-kimi27sglang-c-skills.n0.p9.w9,2,13.830653,243952840.000000,17505339.000000,0.000000,graded_attempt,sources/llr40v10-kimi27sglang-c-skills/tsvc_2_s316/621026.621026.llr40v10-kimi27sglang-c-skills.n0.p9.w9/candidate_02_submission.txt,f0b51c919a1fbe89276cbbad640e1ba408b77f2c04876c1df5285fb978ba588f
llr40v10-kimi27sglang-c-skills,numba,c,tsvc_2_s316,621026,621026,llr40v10-kimi27sglang-c-skills.n0.p9.w9,4,13.830653,243952840.000000,17520459.000000,0.000000,graded_attempt,sources/llr40v10-kimi27sglang-c-skills/tsvc_2_s316/621026.621026.llr40v10-kimi27sglang-c-skills.n0.p9.w9/candidate_04_submission.txt,fa6db0f132926d0c93394d1899a3ef6ae51fb708a7a0e007fa47c7503f772865
llr40v10-kimi27sglang-c-skills,numba,c,tsvc_2_s316,621026,621026,llr40v10-kimi27sglang-c-skills.n0.p9.w9,5,13.830653,243952840.000000,17518642.000000,0.000000,graded_attempt,sources/llr40v10-kimi27sglang-c-skills/tsvc_2_s316/621026.621026.llr40v10-kimi27sglang-c-skills.n0.p9.w9/candidate_05_submission.txt,9da13a7a029488dd5c4dd6cb0234a285c028cc8f71bb5369016d3ee5cb809f8c
llr40v10-kimi27sglang-c-skills,numba,c,tsvc_2_s316,621026,621026,llr40v10-kimi27sglang-c-skills.n0.p9.w9,6,13.830653,243952840.000000,17470536.000000,0.000000,graded_attempt,sources/llr40v10-kimi27sglang-c-skills/tsvc_2_s316/621026.621026.llr40v10-kimi27sglang-c-skills.n0.p9.w9/candidate_05_submission.txt,9da13a7a029488dd5c4dd6cb0234a285c028cc8f71bb5369016d3ee5cb809f8c
llr40v10-kimi27sglang-c-skills,numba,c,tsvc_2_s316,621026,621026,llr40v10-kimi27sglang-c-skills.n0.p9.w9,7,13.830653,243952840.000000,17498618.000000,0.000000,graded_attempt,sources/llr40v10-kimi27sglang-c-skills/tsvc_2_s316/621026.621026.llr40v10-kimi27sglang-c-skills.n0.p9.w9/candidate_05_submission.txt,9da13a7a029488dd5c4dd6cb0234a285c028cc8f71bb5369016d3ee5cb809f8c
llr40v10-kimi27sglang-c-skills,numba,c,tsvc_2_s316,621026,621026,llr40v10-kimi27sglang-c-skills.n0.p9.w9,3,13.693716,243952840.000000,17497310.000000,0.000000,graded_attempt,sources/llr40v10-kimi27sglang-c-skills/tsvc_2_s316/621026.621026.llr40v10-kimi27sglang-c-skills.n0.p9.w9/candidate_03_submission.txt,96859208f41c519877329626cc1a8047a10dcb44b97525dd901ef8f65fb9ea29
llr40v10-kimi27sglang-c-skills,numba,c,tsvc_2_s316,621026,621026,llr40v10-kimi27sglang-c-skills.n0.p9.w9,1,11.913026,243952840.000000,18449426.000000,0.000000,graded_attempt,sources/llr40v10-kimi27sglang-c-skills/tsvc_2_s316/621026.621026.llr40v10-kimi27sglang-c-skills.n0.p9.w9/candidate_01_submission.txt,376046ffeea2edf89f299be07b6b191a21e0fe46e7e8a4c9797afe2eb8a0b0eb
llr40v10-kimi27sglang-fortran,c,fortran,tsvc_2_s316,621022,621022,llr40v10-kimi27sglang-fortran.n0.p9.w9,1,13.830653,243548110.000000,17491010.000000,0.000000,graded_attempt,sources/llr40v10-kimi27sglang-fortran/tsvc_2_s316/621022.621022.llr40v10-kimi27sglang-fortran.n0.p9.w9/candidate_01_submission.txt,c8fa2e72319822eb19eb7c8bd9d1ce7ba55265cb4d37666efab62a027e676bec
llr40v10-kimi27sglang-fortran,c,fortran,tsvc_2_s316,621022,621022,llr40v10-kimi27sglang-fortran.n0.p9.w9,5,13.830653,243328195.000000,17451680.000000,0.000000,graded_attempt,sources/llr40v10-kimi27sglang-fortran/tsvc_2_s316/621022.621022.llr40v10-kimi27sglang-fortran.n0.p9.w9/candidate_01_submission.txt,c8fa2e72319822eb19eb7c8bd9d1ce7ba55265cb4d37666efab62a027e676bec
llr40v10-kimi27sglang-fortran,numba,fortran,tsvc_2_s316,621732,621732,llr40v10-kimi27sglang-fortran.n0.p9.w9,2,13.830653,243641601.000000,17426406.000000,0.000000,graded_attempt,sources/llr40v10-kimi27sglang-fortran/tsvc_2_s316/621732.621732.llr40v10-kimi27sglang-fortran.n0.p9.w9/candidate_02_submission.txt,d3581c2a8eab13fc6f69659aa8d41acdd6a20eb8fc5189ceaede0cdc714af831
llr40v10-kimi27sglang-fortran,numba,fortran,tsvc_2_s316,621732,621732,llr40v10-kimi27sglang-fortran.n0.p9.w9,3,13.830653,243641601.000000,17440321.000000,0.000000,graded_attempt,sources/llr40v10-kimi27sglang-fortran/tsvc_2_s316/621732.621732.llr40v10-kimi27sglang-fortran.n0.p9.w9/candidate_03_submission.txt,baa78c2daa08302045e30e97023a8730e0c1c79b98e0e7a20db913b58c1594f0
llr40v10-kimi27sglang-fortran,numba,fortran,tsvc_2_s316,621732,621732,llr40v10-kimi27sglang-fortran.n0.p9.w9,4,13.830653,243641601.000000,17429059.000000,0.000000,graded_attempt,sources/llr40v10-kimi27sglang-fortran/tsvc_2_s316/621732.621732.llr40v10-kimi27sglang-fortran.n0.p9.w9/candidate_04_submission.txt,0bae74de59a969fca27d01504975586783a3afea3d26cf9c433bd695ac08f550
llr40v10-kimi27sglang-fortran,numba,fortran,tsvc_2_s316,621732,621732,llr40v10-kimi27sglang-fortran.n0.p9.w9,5,13.830653,243641601.000000,17435539.000000,0.000000,graded_attempt,sources/llr40v10-kimi27sglang-fortran/tsvc_2_s316/621732.621732.llr40v10-kimi27sglang-fortran.n0.p9.w9/candidate_03_submission.txt,baa78c2daa08302045e30e97023a8730e0c1c79b98e0e7a20db913b58c1594f0
llr40v10-kimi27sglang-fortran,c,fortran,tsvc_2_s316,621022,621022,llr40v10-kimi27sglang-fortran.n0.p9.w9,2,13.693716,243612766.000000,17537349.000000,0.000000,graded_attempt,sources/llr40v10-kimi27sglang-fortran/tsvc_2_s316/621022.621022.llr40v10-kimi27sglang-fortran.n0.p9.w9/candidate_02_submission.txt,e56ce1cf32b0ba23ea8620f6ccb486c5ab1cb92c5bb1e91061a78220a6878f86
llr40v10-kimi27sglang-fortran,c,fortran,tsvc_2_s316,621022,621022,llr40v10-kimi27sglang-fortran.n0.p9.w9,3,13.693716,243349889.000000,17561229.000000,0.000000,graded_attempt,sources/llr40v10-kimi27sglang-fortran/tsvc_2_s316/621022.621022.llr40v10-kimi27sglang-fortran.n0.p9.w9/candidate_03_submission.txt,821d1c207594f8f0984459f17b9f0d5c40a306e6da0979e8805a4008f1c96d62
llr40v10-kimi27sglang-fortran,c,fortran,tsvc_2_s316,621022,621022,llr40v10-kimi27sglang-fortran.n0.p9.w9,4,13.693716,243453447.000000,17521729.000000,0.000000,graded_attempt,sources/llr40v10-kimi27sglang-fortran/tsvc_2_s316/621022.621022.llr40v10-kimi27sglang-fortran.n0.p9.w9/candidate_01_submission.txt,c8fa2e72319822eb19eb7c8bd9d1ce7ba55265cb4d37666efab62a027e676bec
llr40v10-kimi27sglang-fortran,c,fortran,tsvc_2_s316,621022,621022,llr40v10-kimi27sglang-fortran.n0.p9.w9,6,13.693716,243837897.000000,17513109.000000,0.000000,graded_attempt,sources/llr40v10-kimi27sglang-fortran/tsvc_2_s316/621022.621022.llr40v10-kimi27sglang-fortran.n0.p9.w9/candidate_01_submission.txt,c8fa2e72319822eb19eb7c8bd9d1ce7ba55265cb4d37666efab62a027e676bec
llr40v10-kimi27sglang-fortran,numba,fortran,tsvc_2_s316,621732,621732,llr40v10-kimi27sglang-fortran.n0.p9.w9,1,12.152477,243641601.000000,17970560.000000,0.000000,graded_attempt,sources/llr40v10-kimi27sglang-fortran/tsvc_2_s316/621732.621732.llr40v10-kimi27sglang-fortran.n0.p9.w9/candidate_01_submission.txt,b8dc3d8444af9a1c69bc8aab646861bdaf2c9ecf53c0993dfbb3725cf71f5cd9
llr40v10-kimi27sglang-fortran-skills,numba,fortran,tsvc_2_s316,621030,621030,llr40v10-kimi27sglang-fortran-skills.n0.p9.w9,2,13.830653,243794565.000000,17468252.000000,0.000000,graded_attempt,sources/llr40v10-kimi27sglang-fortran-skills/tsvc_2_s316/621030.621030.llr40v10-kimi27sglang-fortran-skills.n0.p9.w9/candidate_02_submission.txt,aeb8d1f20440a1d293147c8de20eb9d8baf1119ba9760c80e9830f1afb7d665d
llr40v10-kimi27sglang-fortran-skills,numba,fortran,tsvc_2_s316,621030,621030,llr40v10-kimi27sglang-fortran-skills.n0.p9.w9,1,12.032156,243794565.000000,18753963.000000,0.000000,graded_attempt,sources/llr40v10-kimi27sglang-fortran-skills/tsvc_2_s316/621030.621030.llr40v10-kimi27sglang-fortran-skills.n0.p9.w9/candidate_01_submission.txt,89ccdd12e9d9b003a456bf27abf6f0002b7619f5bdfeffb4f635705db3440c0d
llr40v10-oss120b-c,c,c,tsvc_2_s316,621382,621382,llr40v10-oss120b-c.n0.p29.w29,1,13.558134,243379827.000000,17536209.000000,0.000000,graded_attempt,sources/llr40v10-oss120b-c/tsvc_2_s316/621382.621382.llr40v10-oss120b-c.n0.p29.w29/candidate_01_submission.txt,d160484a15c9533f51fedef53b9bf13c42386fcd656b437a596778f9258e7abc
llr40v10-oss120b-c,c,c,tsvc_2_s316,621015,621015,llr40v10-oss120b-c.n0.p29.w29,1,10.784707,243882557.000000,22390228.000000,0.000000,graded_attempt,sources/llr40v10-oss120b-c/tsvc_2_s316/621015.621015.llr40v10-oss120b-c.n0.p29.w29/candidate_01_submission.txt,48ef7024c4fde0872e749ed782bdbffb75eb32a96d246c10a4f4201531fddf8d
llr40v10-oss120b-c-skills,numba,c,tsvc_2_s316,621023,621023,llr40v10-oss120b-c-skills.n0.p29.w29,1,13.693716,243429474.000000,17484550.000000,0.000000,graded_attempt,sources/llr40v10-oss120b-c-skills/tsvc_2_s316/621023.621023.llr40v10-oss120b-c-skills.n0.p29.w29/candidate_01_submission.txt,c7914041ceeb631c0842b1595b88cfcf41e6665210909b7815134b9c05a1d01c
llr40v10-oss120b-fortran,c,fortran,tsvc_2_s316,621019,621019,llr40v10-oss120b-fortran.n0.p29.w29,1,13.830653,243276896.000000,17500665.000000,0.000000,graded_attempt,sources/llr40v10-oss120b-fortran/tsvc_2_s316/621019.621019.llr40v10-oss120b-fortran.n0.p29.w29/candidate_01_submission.txt,5db746384e6f0c8f33c3e2c625157314eb2321c32c4b6ccfc76934bf38c80020
llr40v10-oss120b-fortran,c,fortran,tsvc_2_s316,621384,621384,llr40v10-oss120b-fortran.n0.p29.w29,1,13.830653,243467819.000000,17429842.000000,0.000000,graded_attempt,sources/llr40v10-oss120b-fortran/tsvc_2_s316/621384.621384.llr40v10-oss120b-fortran.n0.p29.w29/candidate_01_submission.txt,09f29edca27d275d1df868f259aa3c5fa7f25596f30d259a5e8016005d8e7fdc
llr40v10-oss120b-fortran-skills,numba,fortran,tsvc_2_s316,621027,621027,llr40v10-oss120b-fortran-skills.n0.p29.w29,1,2.599273,243457656.000000,92150805.000000,0.000000,graded_attempt,sources/llr40v10-oss120b-fortran-skills/tsvc_2_s316/621027.621027.llr40v10-oss120b-fortran-skills.n0.p29.w29/candidate_01_submission.txt,167a1a5e2be9dfa1a27f297845444841dcf733d4f07c0fd199c398995d6ae108
llr40v10-qwen38-c,c,c,tsvc_2_s316,621016,621016,llr40v10-qwen38-c.n0.p29.w29,1,13.693716,243692891.000000,17534990.000000,0.000000,graded_attempt,sources/llr40v10-qwen38-c/tsvc_2_s316/621016.621016.llr40v10-qwen38-c.n0.p29.w29/candidate_01_submission.txt,bef0d1a38147e5893a5a7bd7b65edf9151776390f4203a73b61fb71296745bc4
llr40v10-qwen38-c,numba,c,tsvc_2_s316,621727,621727,llr40v10-qwen38-c.n0.p29.w29,1,11.562665,242991768.000000,18586640.000000,0.000000,graded_attempt,sources/llr40v10-qwen38-c/tsvc_2_s316/621727.621727.llr40v10-qwen38-c.n0.p29.w29/candidate_01_submission.txt,e60fa4a3d8116ea99467c2fb2fb8fdc572465f6e63d4b4c3a287368bc284c9da
llr40v10-qwen38-c-skills,numba,c,tsvc_2_s316,621024,621024,llr40v10-qwen38-c-skills.n0.p29.w29,1,11.795075,243548198.000000,18650872.000000,0.000000,graded_attempt,sources/llr40v10-qwen38-c-skills/tsvc_2_s316/621024.621024.llr40v10-qwen38-c-skills.n0.p29.w29/candidate_01_submission.txt,5c2975f7edfeaf0f95c54ad3acb4bb1eb6b51ba29704e3894351d549b47f503c
llr40v10-qwen38-fortran,numba,fortran,tsvc_2_s316,622266,622266,llr40v10-qwen38-fortran.n0.p29.w29,7,11.111494,243586685.000000,21378758.000000,0.000000,graded_attempt,sources/llr40v10-qwen38-fortran/tsvc_2_s316/622266.622266.llr40v10-qwen38-fortran.n0.p29.w29/candidate_07_submission.txt,5f90285fa93c6e127533803374ec40326484af8864782257069597d8fca8c7c8
llr40v10-qwen38-fortran,numba,fortran,tsvc_2_s316,622266,622266,llr40v10-qwen38-fortran.n0.p29.w29,8,10.059091,243586685.000000,19593337.000000,0.000000,graded_attempt,sources/llr40v10-qwen38-fortran/tsvc_2_s316/622266.622266.llr40v10-qwen38-fortran.n0.p29.w29/candidate_08_submission.txt,515981a91ee60d6cf08d52ab919e95c88ca40c2a9ffc3589c98e68e07d3d3a80
llr40v10-qwen38-fortran,numba,fortran,tsvc_2_s316,622266,622266,llr40v10-qwen38-fortran.n0.p29.w29,6,8.926932,243586685.000000,27071294.000000,0.000000,graded_attempt,sources/llr40v10-qwen38-fortran/tsvc_2_s316/622266.622266.llr40v10-qwen38-fortran.n0.p29.w29/candidate_06_submission.txt,3d2d993732a0525686dc337e161fc3425b84bdb936b8a5627ad372f85d060771
llr40v10-qwen38-fortran,numba,fortran,tsvc_2_s316,622266,622266,llr40v10-qwen38-fortran.n0.p29.w29,5,7.171863,243586685.000000,33612235.000000,0.000000,graded_attempt,sources/llr40v10-qwen38-fortran/tsvc_2_s316/622266.622266.llr40v10-qwen38-fortran.n0.p29.w29/candidate_05_submission.txt,b3424b38fc6ec7dce5de3da7a82b847e1b52eb8fffe4e8cb14491e9730406e63
llr40v10-qwen38-fortran,numba,fortran,tsvc_2_s316,622266,622266,llr40v10-qwen38-fortran.n0.p29.w29,4,5.995802,243586685.000000,35407970.000000,0.000000,graded_attempt,sources/llr40v10-qwen38-fortran/tsvc_2_s316/622266.622266.llr40v10-qwen38-fortran.n0.p29.w29/candidate_04_submission.txt,fe62a166b93aea53d71904065b65acea9ce39ce7fbbb66803fc312c0c39d37d7
llr40v10-qwen38-fortran,numba,fortran,tsvc_2_s316,622266,622266,llr40v10-qwen38-fortran.n0.p29.w29,3,4.817005,243586685.000000,50025675.000000,0.000000,graded_attempt,sources/llr40v10-qwen38-fortran/tsvc_2_s316/622266.622266.llr40v10-qwen38-fortran.n0.p29.w29/candidate_03_submission.txt,b42a29372710709198ce426536e9a47bb4410ddc6422e49aab144730869dd38a
llr40v10-qwen38-fortran,numba,fortran,tsvc_2_s316,622266,622266,llr40v10-qwen38-fortran.n0.p29.w29,2,4.629047,243586685.000000,51163239.000000,0.000000,graded_attempt,sources/llr40v10-qwen38-fortran/tsvc_2_s316/622266.622266.llr40v10-qwen38-fortran.n0.p29.w29/candidate_02_submission.txt,2b9d33b9af6bae117ba7fca0ecde9bf2fa9b82247a23e824eafbff42f66d7707
llr40v10-qwen38-fortran,numba,fortran,tsvc_2_s316,622266,622266,llr40v10-qwen38-fortran.n0.p29.w29,1,4.274847,243586685.000000,55399888.000000,0.000000,graded_attempt,sources/llr40v10-qwen38-fortran/tsvc_2_s316/622266.622266.llr40v10-qwen38-fortran.n0.p29.w29/candidate_01_submission.txt,5a41a304c33bcd48b579e9feb8656f2d24c8c746882eef03edb391b0267ff180
llr40v10-qwen38-fortran,c,fortran,tsvc_2_s316,621385,621385,llr40v10-qwen38-fortran.n0.p29.w29,1,1.000000,243652001.000000,243515021.000000,0.000000,graded_attempt,sources/llr40v10-qwen38-fortran/tsvc_2_s316/621385.621385.llr40v10-qwen38-fortran.n0.p29.w29/candidate_01_submission.txt,7a07b92234a6845430830af468bb4150a6152f41ad820f7590b562a2ce45a008
llr40v10-qwen38-fortran-skills,numba,fortran,tsvc_2_s316,621028,621028,llr40v10-qwen38-fortran-skills.n0.p29.w29,1,13.693716,243226046.000000,17495208.000000,0.000000,graded_attempt,sources/llr40v10-qwen38-fortran-skills/tsvc_2_s316/621028.621028.llr40v10-qwen38-fortran-skills.n0.p29.w29/candidate_01_submission.txt,5b430d7f14e97cb84ac4c64dca0b47d9933d5527fad881076514843d39474b08
llr40v11-kimi27sglang-c-skills,numba,c,tsvc_2_s316,625538,625538,llr40v11-kimi27sglang-c-skills.n0.p9.w9,2,13.830653,243759313.000000,17534203.000000,0.000000,graded_attempt,sources/llr40v11-kimi27sglang-c-skills/tsvc_2_s316/625538.625538.llr40v11-kimi27sglang-c-skills.n0.p9.w9/candidate_02_submission.txt,f52d8dd14ea83773664a8309cf7d30547122571d7f4b526b0f0cce2741ef6e5e
llr40v11-kimi27sglang-c-skills,numba,c,tsvc_2_s316,625538,625538,llr40v11-kimi27sglang-c-skills.n0.p9.w9,1,12.520710,243759313.000000,18652527.000000,0.000000,graded_attempt,sources/llr40v11-kimi27sglang-c-skills/tsvc_2_s316/625538.625538.llr40v11-kimi27sglang-c-skills.n0.p9.w9/candidate_01_submission.txt,79bcfc0f0834665d0295855aad3dd1f9c5c164e83e68fc454be0d092e822d44a
llr40v11-kimi27sglang-fortran,numba,fortran,tsvc_2_s316,625542,625542,llr40v11-kimi27sglang-fortran.n0.p9.w9,2,13.693716,243218151.000000,17458690.000000,0.000000,graded_attempt,sources/llr40v11-kimi27sglang-fortran/tsvc_2_s316/625542.625542.llr40v11-kimi27sglang-fortran.n0.p9.w9/candidate_02_submission.txt,25a34feb8762c7dc0070bc73bd846628fa7236a5ad47cbee10c2e040e3bb7a42
llr40v11-kimi27sglang-fortran,numba,fortran,tsvc_2_s316,625542,625542,llr40v11-kimi27sglang-fortran.n0.p9.w9,1,12.152477,243218151.000000,18504684.000000,0.000000,graded_attempt,sources/llr40v11-kimi27sglang-fortran/tsvc_2_s316/625542.625542.llr40v11-kimi27sglang-fortran.n0.p9.w9/candidate_01_submission.txt,e420f4a4020df4c2c2499c522658062cc68d0e13955378e3ec26ca7cbefe6ad5
llr40v11-kimi27sglang-fortran-skills,numba,fortran,tsvc_2_s316,625546,625546,llr40v11-kimi27sglang-fortran-skills.n0.p9.w9,1,13.968959,243113312.000000,17339471.000000,0.000000,graded_attempt,sources/llr40v11-kimi27sglang-fortran-skills/tsvc_2_s316/625546.625546.llr40v11-kimi27sglang-fortran-skills.n0.p9.w9/candidate_01_submission.txt,2b9f015d6b2c9bc47441e207889c49afb61422381706eaf588e5811416aab993
llr40v11-kimi27sglang-fortran-skills,numba,fortran,tsvc_2_s316,625546,625546,llr40v11-kimi27sglang-fortran-skills.n0.p9.w9,2,13.968959,243113312.000000,17353375.000000,0.000000,graded_attempt,sources/llr40v11-kimi27sglang-fortran-skills/tsvc_2_s316/625546.625546.llr40v11-kimi27sglang-fortran-skills.n0.p9.w9/candidate_02_submission.txt,fceb8d2345837279b52869bf2f8b8910ecab646b01f80b5790ff91cbc7108eb7
llr40v11-oss120b-c,numba,c,tsvc_2_s316,625531,625531,llr40v11-oss120b-c.n0.p29.w29,1,13.693716,243601746.000000,17470045.000000,0.000000,graded_attempt,sources/llr40v11-oss120b-c/tsvc_2_s316/625531.625531.llr40v11-oss120b-c.n0.p29.w29/candidate_01_submission.txt,88f46be2c615b5d076a9554fefda3bbfec3ed5b9ea036ac2fc55ed55e6dfee8c
llr40v11-oss120b-c-skills,numba,c,tsvc_2_s316,625535,625535,llr40v11-oss120b-c-skills.n0.p29.w29,1,12.520710,243736586.000000,18364111.000000,0.000000,graded_attempt,sources/llr40v11-oss120b-c-skills/tsvc_2_s316/625535.625535.llr40v11-oss120b-c-skills.n0.p29.w29/candidate_01_submission.txt,cca0d6055caa3b050f1cab320b32941dc565277d4d2f7059eb007194c6c9f9d2
llr40v11-oss120b-fortran,numba,fortran,tsvc_2_s316,625539,625539,llr40v11-oss120b-fortran.n0.p29.w29,1,11.913026,243754343.000000,18464683.000000,0.000000,graded_attempt,sources/llr40v11-oss120b-fortran/tsvc_2_s316/625539.625539.llr40v11-oss120b-fortran.n0.p29.w29/candidate_01_submission.txt,a84b2e82e047ad7d036476bfec0f40716e473c7ce555fb0f05ea4c9963660b29
llr40v11-oss120b-fortran-skills,numba,fortran,tsvc_2_s316,625543,625543,llr40v11-oss120b-fortran-skills.n0.p29.w29,1,12.396742,243505103.000000,18436644.000000,0.000000,graded_attempt,sources/llr40v11-oss120b-fortran-skills/tsvc_2_s316/625543.625543.llr40v11-oss120b-fortran-skills.n0.p29.w29/candidate_01_submission.txt,0df324e7bac12a744885faba4854a0bcbe9fa5e0325ba7887bf6195eec7e7379
llr40v11-qwen38-c,numba,c,tsvc_2_s316,625532,625532,llr40v11-qwen38-c.n0.p29.w29,1,13.830653,244757973.000000,17529922.000000,0.000000,graded_attempt,sources/llr40v11-qwen38-c/tsvc_2_s316/625532.625532.llr40v11-qwen38-c.n0.p29.w29/candidate_01_submission.txt,484fa32e9f1fbd2aea10c0576556270d99cb4ec353f073baca545dff807439e0
llr40v11-qwen38-c-skills,numba,c,tsvc_2_s316,625536,625536,llr40v11-qwen38-c-skills.n0.p29.w29,1,13.830653,243488435.000000,17336950.000000,0.000000,graded_attempt,sources/llr40v11-qwen38-c-skills/tsvc_2_s316/625536.625536.llr40v11-qwen38-c-skills.n0.p29.w29/candidate_01_submission.txt,7e10fc0ebe3c300817bd61ca22d6841026ddd6e84986a49a2af90c8d9f2640f9
llr40v11-qwen38-fortran-skills,numba,fortran,tsvc_2_s316,625544,625544,llr40v11-qwen38-fortran-skills.n0.p29.w29,1,13.830653,243632932.000000,17493327.000000,0.000000,graded_attempt,sources/llr40v11-qwen38-fortran-skills/tsvc_2_s316/625544.625544.llr40v11-qwen38-fortran-skills.n0.p29.w29/candidate_01_submission.txt,60e85bb6196a96d84319d61efe978701a102548159c7423a6577fe8d4bcbad4c
llr40v11-qwen38-fortran-skills,numba,fortran,tsvc_2_s316,625544,625544,llr40v11-qwen38-fortran-skills.n0.p29.w29,2,13.830653,243632932.000000,17490667.000000,0.000000,graded_attempt,sources/llr40v11-qwen38-fortran-skills/tsvc_2_s316/625544.625544.llr40v11-qwen38-fortran-skills.n0.p29.w29/candidate_01_submission.txt,60e85bb6196a96d84319d61efe978701a102548159c7423a6577fe8d4bcbad4c
v11w2-kimi27sglang-c,numba,c,tsvc_2_s316,626367,626367,v11w2-kimi27sglang-c.n0.p7.w7,2,13.693716,243428125.000000,17479538.000000,0.000000,graded_attempt,sources/v11w2-kimi27sglang-c/tsvc_2_s316/626367.626367.v11w2-kimi27sglang-c.n0.p7.w7/candidate_02_submission.txt,e6fe1808e3427830c9a38de09652d3bf821c7a2ada6725ff760215cc3441a7fa
v11w2-kimi27sglang-c,numba,c,tsvc_2_s316,626367,626367,v11w2-kimi27sglang-c.n0.p7.w7,3,13.693716,243428125.000000,17548928.000000,0.000000,graded_attempt,sources/v11w2-kimi27sglang-c/tsvc_2_s316/626367.626367.v11w2-kimi27sglang-c.n0.p7.w7/candidate_03_submission.txt,a2f762b01e64e0d2fbbed029d1ac3974a972c502f22af2d18586f375d06a7784
v11w2-kimi27sglang-c,numba,c,tsvc_2_s316,626367,626367,v11w2-kimi27sglang-c.n0.p7.w7,1,12.152477,243428125.000000,18395953.000000,0.000000,graded_attempt,sources/v11w2-kimi27sglang-c/tsvc_2_s316/626367.626367.v11w2-kimi27sglang-c.n0.p7.w7/candidate_01_submission.txt,7fc32d3c18211d1df2090079908ae8e5e903a61f24f54e4122400e3801bb5f64
v11w2-qwen38-fortran,numba,fortran,tsvc_2_s316,626371,626371,v11w2-qwen38-fortran.n0.p17.w17,1,10.677927,243830043.000000,22461190.000000,0.000000,graded_attempt,sources/v11w2-qwen38-fortran/tsvc_2_s316/626371.626371.v11w2-qwen38-fortran.n0.p17.w17/candidate_01_submission.txt,11e104072885690972dff81cd670f46327d2934ab2d15c4237bea4452e35c1ef
gpuv2-llr40-oss120b-hip,numba,hip,tsvc_2_s318,627167,627167,gpuv2-llr40-oss120b-hip.n0.p30.w30,1,89.796818,318073563.000000,2897196.000000,0.000000,graded_attempt,sources/gpuv2-llr40-oss120b-hip/tsvc_2_s318/627167.627167.gpuv2-llr40-oss120b-hip.n0.p30.w30/candidate_01_submission.txt,2eb1248887f53b29cc806e3e71bb2d583673ae1c5e054c74e7f5890b1e09dc3b
gpuv2-llr40-oss120b-omp,numba,c,tsvc_2_s318,627173,627173,gpuv2-llr40-oss120b-omp.n0.p30.w30,1,2.109128,316778247.000000,147358821.000000,0.000000,graded_attempt,sources/gpuv2-llr40-oss120b-omp/tsvc_2_s318/627173.627173.gpuv2-llr40-oss120b-omp.n0.p30.w30/candidate_01_submission.txt,fc6d44b4d1ecdc108ea34fdc74b3ec37170cd92269674b989a9c12f577a57d49
gpuv2-llr40-oss120b-omp-skills,numba,c,tsvc_2_s318,627174,627174,gpuv2-llr40-oss120b-omp-skills.n0.p30.w30,1,8.838547,317835469.000000,35128538.000000,0.000000,graded_attempt,sources/gpuv2-llr40-oss120b-omp-skills/tsvc_2_s318/627174.627174.gpuv2-llr40-oss120b-omp-skills.n0.p30.w30/candidate_01_submission.txt,25db4f24cc62b6a49c00fb2ed616e7a9556ea91f1ed3f74173a56285eda0eede
gpuv2-llr40-qwen38-hip,numba,hip,tsvc_2_s318,627017,627017,gpuv2-llr40-qwen38-hip.n0.p30.w30,2,224.299000,317974475.000000,1370548.000000,0.000000,graded_attempt,sources/gpuv2-llr40-qwen38-hip/tsvc_2_s318/627017.627017.gpuv2-llr40-qwen38-hip.n0.p30.w30/candidate_02_submission.txt,211c042a1663ffc92d01e2cccffa4da18d1fbe70be212f0cd1da741024d82d28
gpuv2-llr40-qwen38-hip,numba,hip,tsvc_2_s318,626645,626645,gpuv2-llr40-qwen38-hip.n0.p30.w30,1,207.136364,317532249.000000,1470764.000000,0.000000,graded_attempt,sources/gpuv2-llr40-qwen38-hip/tsvc_2_s318/626645.626645.gpuv2-llr40-qwen38-hip.n0.p30.w30/candidate_01_submission.txt,8c57d2b09c729777c75107d062336a58e30b986d005fae05fd7777bebe205c5f
gpuv2-llr40-qwen38-hip,numba,hip,tsvc_2_s318,627017,627017,gpuv2-llr40-qwen38-hip.n0.p30.w30,1,187.517848,317974475.000000,1634389.000000,0.000000,graded_attempt,sources/gpuv2-llr40-qwen38-hip/tsvc_2_s318/627017.627017.gpuv2-llr40-qwen38-hip.n0.p30.w30/candidate_01_submission.txt,ba4ec25678cc4256ca4ac1e7e0799da294b3599a027c293be4432cbd2686d557
gpuv2-llr40-qwen38-omp-skills,numba,c,tsvc_2_s318,627078,627078,gpuv2-llr40-qwen38-omp-skills.n0.p30.w30,1,17.044785,318133702.000000,17929202.000000,0.000000,graded_attempt,sources/gpuv2-llr40-qwen38-omp-skills/tsvc_2_s318/627078.627078.gpuv2-llr40-qwen38-omp-skills.n0.p30.w30/candidate_02_submission.txt,8c2b764bb27bff8b133453f45baef4cbe1666f898732aa263c9a97ee1c7caf43
gpuv4-llr40-oss120b-pytriton,numba,python,tsvc_2_s318,627175,627175,gpuv4-llr40-oss120b-pytriton.n0.p30.w30,1,1.000000,317593936.000000,317587513.000000,0.000000,graded_attempt,sources/gpuv4-llr40-oss120b-pytriton/tsvc_2_s318/627175.627175.gpuv4-llr40-oss120b-pytriton.n0.p30.w30/candidate_01_submission.txt,be8491824c62280dc9e166f4380b9eb8f45fed0560ca7406c7c09ad53af17197
gpuv4-llr40-oss120b-pytriton-skills,numba,python,tsvc_2_s318,627176,627176,gpuv4-llr40-oss120b-pytriton-skills.n0.p30.w30,1,4.769311,317381517.000000,66306916.000000,0.000000,graded_attempt,sources/gpuv4-llr40-oss120b-pytriton-skills/tsvc_2_s318/627176.627176.gpuv4-llr40-oss120b-pytriton-skills.n0.p30.w30/candidate_01_submission.txt,046633e532da482b268e291b8a6af33ab83b6a0fe4f4235945e3df3730c79823
gpuv4-llr40-qwen38-pytriton-skills,numba,python,tsvc_2_s318,627020,627020,gpuv4-llr40-qwen38-pytriton-skills.n0.p30.w30,1,14.536155,317796812.000000,19314104.000000,0.000000,graded_attempt,sources/gpuv4-llr40-qwen38-pytriton-skills/tsvc_2_s318/627020.627020.gpuv4-llr40-qwen38-pytriton-skills.n0.p30.w30/candidate_01_submission.txt,44fe212d7f811de835e919b4f643be9a36a726747f34b168a001c59245bbb471
llr40v10-kimi27sglang-c,numba,c,tsvc_2_s318,621730,621730,llr40v10-kimi27sglang-c.n0.p10.w10,2,18.093383,317907908.000000,17307241.000000,0.000000,graded_attempt,sources/llr40v10-kimi27sglang-c/tsvc_2_s318/621730.621730.llr40v10-kimi27sglang-c.n0.p10.w10/candidate_02_submission.txt,a471a9c4a9e227541b8e71b0bb6f4f1b0e4e14a914378e1530a6dfbb6442877d
llr40v10-kimi27sglang-c,numba,c,tsvc_2_s318,621730,621730,llr40v10-kimi27sglang-c.n0.p10.w10,1,14.536155,317907908.000000,20463154.000000,0.000000,graded_attempt,sources/llr40v10-kimi27sglang-c/tsvc_2_s318/621730.621730.llr40v10-kimi27sglang-c.n0.p10.w10/candidate_01_submission.txt,10e8d7317d8d2c796a3667b87e28435fcf201bf956cbde8b567b8eb22284691c
llr40v10-kimi27sglang-c,numba,c,tsvc_2_s318,621018,621018,llr40v10-kimi27sglang-c.n0.p10.w10,1,14.249735,317582610.000000,20630805.000000,0.000000,graded_attempt,sources/llr40v10-kimi27sglang-c/tsvc_2_s318/621018.621018.llr40v10-kimi27sglang-c.n0.p10.w10/candidate_01_submission.txt,d69716da9b0dca8bb2c5e382e684efb4dede0b2e43aa16958b267ca6d96814a1
llr40v10-kimi27sglang-c-skills,numba,c,tsvc_2_s318,621026,621026,llr40v10-kimi27sglang-c-skills.n0.p10.w10,1,14.828332,317930554.000000,19780382.000000,0.000000,graded_attempt,sources/llr40v10-kimi27sglang-c-skills/tsvc_2_s318/621026.621026.llr40v10-kimi27sglang-c-skills.n0.p10.w10/candidate_01_submission.txt,521ac0d0abdd479978fdf30ca7037b4992647d64e1a0532c14ec65a993105794
llr40v10-kimi27sglang-fortran,c,fortran,tsvc_2_s318,621022,621022,llr40v10-kimi27sglang-fortran.n0.p10.w10,4,16.217528,310624831.000000,17141337.000000,0.000000,graded_attempt,sources/llr40v10-kimi27sglang-fortran/tsvc_2_s318/621022.621022.llr40v10-kimi27sglang-fortran.n0.p10.w10/candidate_04_submission.txt,c7b51f9e96e435a4209e70472bdcba5b5ae185e053157710dcbd047835201389
llr40v10-kimi27sglang-fortran,c,fortran,tsvc_2_s318,621022,621022,llr40v10-kimi27sglang-fortran.n0.p10.w10,5,16.217528,310904839.000000,17373254.000000,0.000000,graded_attempt,sources/llr40v10-kimi27sglang-fortran/tsvc_2_s318/621022.621022.llr40v10-kimi27sglang-fortran.n0.p10.w10/candidate_05_submission.txt,f83608dadd09b6851974523fa90b8917b1dd726edfbc3fe5fd41e51266a02b5c
llr40v10-kimi27sglang-fortran,c,fortran,tsvc_2_s318,621022,621022,llr40v10-kimi27sglang-fortran.n0.p10.w10,3,14.536155,310719555.000000,17374902.000000,0.000000,graded_attempt,sources/llr40v10-kimi27sglang-fortran/tsvc_2_s318/621022.621022.llr40v10-kimi27sglang-fortran.n0.p10.w10/candidate_03_submission.txt,f92a00230480202c7a430b1420f3d28beeaa2804df7712d81762839cc254ce6e
llr40v10-kimi27sglang-fortran,numba,fortran,tsvc_2_s318,621732,621732,llr40v10-kimi27sglang-fortran.n0.p10.w10,2,14.108649,318018877.000000,20667780.000000,0.000000,graded_attempt,sources/llr40v10-kimi27sglang-fortran/tsvc_2_s318/621732.621732.llr40v10-kimi27sglang-fortran.n0.p10.w10/candidate_02_submission.txt,1613eaf34eab4161f1ecfb8b6a2d8f9d730cc82c667d4f21a495a7b4bced45c2
llr40v10-kimi27sglang-fortran,c,fortran,tsvc_2_s318,621022,621022,llr40v10-kimi27sglang-fortran.n0.p10.w10,2,13.830653,310383295.000000,21572197.000000,0.000000,graded_attempt,sources/llr40v10-kimi27sglang-fortran/tsvc_2_s318/621022.621022.llr40v10-kimi27sglang-fortran.n0.p10.w10/candidate_02_submission.txt,8851dd1ea9b61279871adb182d4e7e80e9ce4495e8663521c646a77aa0190eee
llr40v10-kimi27sglang-fortran,c,fortran,tsvc_2_s318,621022,621022,llr40v10-kimi27sglang-fortran.n0.p10.w10,1,13.423895,310440180.000000,21756057.000000,0.000000,graded_attempt,sources/llr40v10-kimi27sglang-fortran/tsvc_2_s318/621022.621022.llr40v10-kimi27sglang-fortran.n0.p10.w10/candidate_01_submission.txt,67b884a7fb1df0cbd360490627c5c3e4dc16f63453f26a30358ca230ea750582
llr40v10-kimi27sglang-fortran,numba,fortran,tsvc_2_s318,621732,621732,llr40v10-kimi27sglang-fortran.n0.p10.w10,1,1.020100,318018877.000000,311147931.000000,0.000000,graded_attempt,sources/llr40v10-kimi27sglang-fortran/tsvc_2_s318/621732.621732.llr40v10-kimi27sglang-fortran.n0.p10.w10/candidate_01_submission.txt,7d8b3afcadd7612819c0b697e8468778e5af6f8f0aa963a75ba56311dc688514
llr40v10-kimi27sglang-fortran-skills,numba,fortran,tsvc_2_s318,621030,621030,llr40v10-kimi27sglang-fortran-skills.n0.p10.w10,2,14.392233,317737165.000000,20632684.000000,0.000000,graded_attempt,sources/llr40v10-kimi27sglang-fortran-skills/tsvc_2_s318/621030.621030.llr40v10-kimi27sglang-fortran-skills.n0.p10.w10/candidate_02_submission.txt,b81361f30b652d0c083067532eb3e5c2860022e4e91185e5079efe3c2ee525bb
llr40v10-kimi27sglang-fortran-skills,numba,fortran,tsvc_2_s318,621030,621030,llr40v10-kimi27sglang-fortran-skills.n0.p10.w10,1,9.016201,317737165.000000,34969487.000000,0.000000,graded_attempt,sources/llr40v10-kimi27sglang-fortran-skills/tsvc_2_s318/621030.621030.llr40v10-kimi27sglang-fortran-skills.n0.p10.w10/candidate_01_submission.txt,606aee0b37b4219abda96b7eaad49515ec966da485269c67777980cbd4acec57
llr40v10-oss120b-c,c,c,tsvc_2_s318,621382,621382,llr40v10-oss120b-c.n0.p30.w30,1,8.162250,310874848.000000,35946923.000000,0.000000,graded_attempt,sources/llr40v10-oss120b-c/tsvc_2_s318/621382.621382.llr40v10-oss120b-c.n0.p30.w30/candidate_01_submission.txt,a24f92205558257807024f5876fdc8504c96c35a3eaec3427aa7513d8a7a5a12
llr40v10-oss120b-c,c,c,tsvc_2_s318,621015,621015,llr40v10-oss120b-c.n0.p30.w30,1,6.623096,310896583.000000,45271581.000000,0.000000,graded_attempt,sources/llr40v10-oss120b-c/tsvc_2_s318/621015.621015.llr40v10-oss120b-c.n0.p30.w30/candidate_01_submission.txt,9838a9e97becda55824abfcc0a70bee02304698faf86eb7ddf2f4249759a72bf
llr40v10-oss120b-c-skills,numba,c,tsvc_2_s318,621023,621023,llr40v10-oss120b-c-skills.n0.p30.w30,1,8.162250,317277380.000000,37063406.000000,0.000000,graded_attempt,sources/llr40v10-oss120b-c-skills/tsvc_2_s318/621023.621023.llr40v10-oss120b-c-skills.n0.p30.w30/candidate_01_submission.txt,5a9ce218276bacd4bcd57ca6b3d76693a6039ad89bf19453e159790ded149d73
llr40v10-oss120b-fortran,c,fortran,tsvc_2_s318,621384,621384,llr40v10-oss120b-fortran.n0.p30.w30,1,14.976615,310951757.000000,18620357.000000,0.000000,graded_attempt,sources/llr40v10-oss120b-fortran/tsvc_2_s318/621384.621384.llr40v10-oss120b-fortran.n0.p30.w30/candidate_01_submission.txt,99585e41230732d5162184636638e922d5fc28bacc8bbcc1bd4d78e431a1db86
llr40v10-oss120b-fortran,c,fortran,tsvc_2_s318,621019,621019,llr40v10-oss120b-fortran.n0.p30.w30,1,3.171607,310458970.000000,95441206.000000,0.000000,graded_attempt,sources/llr40v10-oss120b-fortran/tsvc_2_s318/621019.621019.llr40v10-oss120b-fortran.n0.p30.w30/candidate_01_submission.txt,818191e89aecd8cecbb8e800918a4df6a17113e16612316916c38b012e62eec2
llr40v10-qwen38-c,c,c,tsvc_2_s318,621016,621016,llr40v10-qwen38-c.n0.p30.w30,1,17.736872,315959981.000000,17172118.000000,0.000000,graded_attempt,sources/llr40v10-qwen38-c/tsvc_2_s318/621016.621016.llr40v10-qwen38-c.n0.p30.w30/candidate_01_submission.txt,cf4f123ba92a246c1d0e846bf47e8a53406c116cd276250bb32afde85ca6c316
llr40v10-qwen38-c,numba,c,tsvc_2_s318,621727,621727,llr40v10-qwen38-c.n0.p30.w30,1,1.020100,317854290.000000,310324097.000000,0.000000,graded_attempt,sources/llr40v10-qwen38-c/tsvc_2_s318/621727.621727.llr40v10-qwen38-c.n0.p30.w30/candidate_01_submission.txt,e44779bdfea48915bb94b6d94b3d66dc4c595f3b249f8d8aab83fe253e34d135
llr40v10-qwen38-c,numba,c,tsvc_2_s318,622265,622265,llr40v10-qwen38-c.n0.p30.w30,1,1.020100,317250411.000000,310476409.000000,0.000000,graded_attempt,sources/llr40v10-qwen38-c/tsvc_2_s318/622265.622265.llr40v10-qwen38-c.n0.p30.w30/candidate_01_submission.txt,d5f70e60d107b42f1596a4de5d942eaa7369ba1f308083bae6af8456cb12b8eb
llr40v10-qwen38-c-skills,numba,c,tsvc_2_s318,621024,621024,llr40v10-qwen38-c-skills.n0.p30.w30,1,18.274317,319919153.000000,17255583.000000,0.000000,graded_attempt,sources/llr40v10-qwen38-c-skills/tsvc_2_s318/621024.621024.llr40v10-qwen38-c-skills.n0.p30.w30/candidate_01_submission.txt,4fca0ab7506ff926f22132a617aa470441fbaee8828565620ef141befa99dc82
llr40v10-qwen38-fortran,c,fortran,tsvc_2_s318,621020,621020,llr40v10-qwen38-fortran.n0.p30.w30,1,15.897979,310891400.000000,18000390.000000,0.000000,graded_attempt,sources/llr40v10-qwen38-fortran/tsvc_2_s318/621020.621020.llr40v10-qwen38-fortran.n0.p30.w30/candidate_01_submission.txt,6c53e92826cb3a91e3ff23ec11d6cff0914efd9517e074fd0a4790347b38e78f
llr40v10-qwen38-fortran,c,fortran,tsvc_2_s318,621385,621385,llr40v10-qwen38-fortran.n0.p30.w30,1,1.000000,311657832.000000,311016962.000000,0.000000,graded_attempt,sources/llr40v10-qwen38-fortran/tsvc_2_s318/621385.621385.llr40v10-qwen38-fortran.n0.p30.w30/candidate_01_submission.txt,382b185ff4eee1d28b5c2191ea6387b9c28e4e60ed1ce15ab91a6c57ff487c47
llr40v10-qwen38-fortran-skills,numba,fortran,tsvc_2_s318,621028,621028,llr40v10-qwen38-fortran-skills.n0.p30.w30,1,10.892554,317732069.000000,28744524.000000,0.000000,graded_attempt,sources/llr40v10-qwen38-fortran-skills/tsvc_2_s318/621028.621028.llr40v10-qwen38-fortran-skills.n0.p30.w30/candidate_01_submission.txt,d5e4d5adca8562a4b4309de566317799141c28e1bd553006612e066b218b8daa
llr40v11-kimi27sglang-c,numba,c,tsvc_2_s318,625534,625534,llr40v11-kimi27sglang-c.n0.p10.w10,1,16.056959,317799062.000000,18126743.000000,0.000000,graded_attempt,sources/llr40v11-kimi27sglang-c/tsvc_2_s318/625534.625534.llr40v11-kimi27sglang-c.n0.p10.w10/candidate_01_submission.txt,52fa185498ec55e79acd9b5bb4d11cb5f5b59c7c524d4500424ebcba1197807e
llr40v11-kimi27sglang-c-skills,numba,c,tsvc_2_s318,625538,625538,llr40v11-kimi27sglang-c-skills.n0.p10.w10,1,14.681517,318132320.000000,20575148.000000,0.000000,graded_attempt,sources/llr40v11-kimi27sglang-c-skills/tsvc_2_s318/625538.625538.llr40v11-kimi27sglang-c-skills.n0.p10.w10/candidate_01_submission.txt,a37f34f1fab00353804e0be8f9f2372ca4416efb66bc0b7e1edf78b56fe2341d
llr40v11-kimi27sglang-fortran-skills,numba,fortran,tsvc_2_s318,625546,625546,llr40v11-kimi27sglang-fortran-skills.n0.p10.w10,5,17.561259,317590627.000000,17570508.000000,0.000000,graded_attempt,sources/llr40v11-kimi27sglang-fortran-skills/tsvc_2_s318/625546.625546.llr40v11-kimi27sglang-fortran-skills.n0.p10.w10/candidate_05_submission.txt,7d772d98d469329c846341923f0d9ecf3377592781641d89239a70bac76925da
llr40v11-kimi27sglang-fortran-skills,numba,fortran,tsvc_2_s318,625546,625546,llr40v11-kimi27sglang-fortran-skills.n0.p10.w10,1,17.387385,317590627.000000,17787421.000000,0.000000,graded_attempt,sources/llr40v11-kimi27sglang-fortran-skills/tsvc_2_s318/625546.625546.llr40v11-kimi27sglang-fortran-skills.n0.p10.w10/candidate_01_submission.txt,e6e3acc08da9d1764774ab6f7fca0dfa3f8032321f7544d8b0d3a8bd6a3268f4
llr40v11-kimi27sglang-fortran-skills,numba,fortran,tsvc_2_s318,625546,625546,llr40v11-kimi27sglang-fortran-skills.n0.p10.w10,2,17.387385,317590627.000000,17858701.000000,0.000000,graded_attempt,sources/llr40v11-kimi27sglang-fortran-skills/tsvc_2_s318/625546.625546.llr40v11-kimi27sglang-fortran-skills.n0.p10.w10/candidate_02_submission.txt,ede1d9c88ab848380d965114e261ce61e06fa63d3b2043e11de086f0f2b75a69
llr40v11-kimi27sglang-fortran-skills,numba,fortran,tsvc_2_s318,625546,625546,llr40v11-kimi27sglang-fortran-skills.n0.p10.w10,3,17.387385,317590627.000000,17948323.000000,0.000000,graded_attempt,sources/llr40v11-kimi27sglang-fortran-skills/tsvc_2_s318/625546.625546.llr40v11-kimi27sglang-fortran-skills.n0.p10.w10/candidate_03_submission.txt,965507e795b99279b8911db6e926b18e7b0ac761aae5123f8ff43d0b68307aaa
llr40v11-kimi27sglang-fortran-skills,numba,fortran,tsvc_2_s318,625546,625546,llr40v11-kimi27sglang-fortran-skills.n0.p10.w10,4,17.387385,317590627.000000,17691747.000000,0.000000,graded_attempt,sources/llr40v11-kimi27sglang-fortran-skills/tsvc_2_s318/625546.625546.llr40v11-kimi27sglang-fortran-skills.n0.p10.w10/candidate_03_submission.txt,965507e795b99279b8911db6e926b18e7b0ac761aae5123f8ff43d0b68307aaa
llr40v11-oss120b-c,numba,c,tsvc_2_s318,625531,625531,llr40v11-oss120b-c.n0.p30.w30,1,8.409574,317394239.000000,36342060.000000,0.000000,graded_attempt,sources/llr40v11-oss120b-c/tsvc_2_s318/625531.625531.llr40v11-oss120b-c.n0.p30.w30/candidate_01_submission.txt,cbe3d0c21c735006da43d4c96a3b0a1a89fa8ec1cb27f0b8f345a660cd698f8d
llr40v11-oss120b-c-skills,numba,c,tsvc_2_s318,625535,625535,llr40v11-oss120b-c-skills.n0.p30.w30,1,12.520710,317388609.000000,24008319.000000,0.000000,graded_attempt,sources/llr40v11-oss120b-c-skills/tsvc_2_s318/625535.625535.llr40v11-oss120b-c-skills.n0.p30.w30/candidate_01_submission.txt,c72b39f18343b210fcad4bf64a9c4642404866d17c16a6ec62f172a13c80e4a8
llr40v11-oss120b-fortran,numba,fortran,tsvc_2_s318,625539,625539,llr40v11-oss120b-fortran.n0.p30.w30,1,3.235356,317858709.000000,95968803.000000,0.000000,graded_attempt,sources/llr40v11-oss120b-fortran/tsvc_2_s318/625539.625539.llr40v11-oss120b-fortran.n0.p30.w30/candidate_01_submission.txt,a5f024e1b6c2b7b97aab810a7513d54dcd5727592a56b6e7074063b332d535a7
llr40v11-oss120b-fortran-skills,numba,fortran,tsvc_2_s318,625543,625543,llr40v11-oss120b-fortran-skills.n0.p30.w30,1,3.333391,317960418.000000,92907594.000000,0.000000,graded_attempt,sources/llr40v11-oss120b-fortran-skills/tsvc_2_s318/625543.625543.llr40v11-oss120b-fortran-skills.n0.p30.w30/candidate_01_submission.txt,bcdfd074efe416241ea8709564c3eaeddc7a33b02137ceb90df571781d38da6b
llr40v11-qwen38-c,numba,c,tsvc_2_s318,625532,625532,llr40v11-qwen38-c.n0.p30.w30,1,18.457060,317291110.000000,17127660.000000,0.000000,graded_attempt,sources/llr40v11-qwen38-c/tsvc_2_s318/625532.625532.llr40v11-qwen38-c.n0.p30.w30/candidate_01_submission.txt,8631776c4995a43c168aa46fedee432ed4c2992448e4926879ebe5447f4dab84
llr40v11-qwen38-c-skills,numba,c,tsvc_2_s318,625536,625536,llr40v11-qwen38-c-skills.n0.p30.w30,2,18.093383,317397023.000000,17327369.000000,0.000000,graded_attempt,sources/llr40v11-qwen38-c-skills/tsvc_2_s318/625536.625536.llr40v11-qwen38-c-skills.n0.p30.w30/candidate_02_submission.txt,d078032049b93b9175c0e3c261823d53097640217a588dbac24fe57a152d75dc
llr40v11-qwen38-c-skills,numba,c,tsvc_2_s318,625536,625536,llr40v11-qwen38-c-skills.n0.p30.w30,1,14.828332,317397023.000000,20060799.000000,0.000000,graded_attempt,sources/llr40v11-qwen38-c-skills/tsvc_2_s318/625536.625536.llr40v11-qwen38-c-skills.n0.p30.w30/candidate_01_submission.txt,efafba5b517bacc46712b14334f6212870e6c2b4929f8ba71cce96e0b12fdb2f
llr40v11-qwen38-fortran,numba,fortran,tsvc_2_s318,625540,625540,llr40v11-qwen38-fortran.n0.p30.w30,1,13.029101,317991112.000000,22216246.000000,0.000000,graded_attempt,sources/llr40v11-qwen38-fortran/tsvc_2_s318/625540.625540.llr40v11-qwen38-fortran.n0.p30.w30/candidate_01_submission.txt,c588353c5b3930e5f978b9d257b3bfcafe0c5e98b11ce1aca1794acee914f5a2
v11w2-kimi27sglang-fortran,numba,fortran,tsvc_2_s318,626373,626373,v11w2-kimi27sglang-fortran.n0.p9.w9,1,3.333391,318327331.000000,94745865.000000,0.000000,graded_attempt,sources/v11w2-kimi27sglang-fortran/tsvc_2_s318/626373.626373.v11w2-kimi27sglang-fortran.n0.p9.w9/candidate_01_submission.txt,3a83f3ccd424dcadff7680bfe88ae7750f49db4854a976a7032ce5c7ee5553c5
v11w2-qwen38-fortran-skills,numba,fortran,tsvc_2_s318,626372,626372,v11w2-qwen38-fortran-skills.n0.p12.w12,1,17.736872,317132464.000000,17320525.000000,0.000000,graded_attempt,sources/v11w2-qwen38-fortran-skills/tsvc_2_s318/626372.626372.v11w2-qwen38-fortran-skills.n0.p12.w12/candidate_01_submission.txt,360a818146d064ef71bb7b81ed0b0eed0be0388f4c9a3fc457e19bbf475775a2
gpuv2-llr40-oss120b-hip,numba,hip,tsvc_2_s319,627167,627167,gpuv2-llr40-oss120b-hip.n0.p31.w31,1,209.207727,2654021658.000000,12718509.000000,0.000000,graded_attempt,sources/gpuv2-llr40-oss120b-hip/tsvc_2_s319/627167.627167.gpuv2-llr40-oss120b-hip.n0.p31.w31/candidate_01_submission.txt,fbd139f494fbe5bb623dbed900faf2b584aa31b24194da3a1c947a23b4a13c46
gpuv2-llr40-oss120b-hip-skills,numba,hip,tsvc_2_s319,627168,627168,gpuv2-llr40-oss120b-hip-skills.n0.p31.w31,1,1069.751789,2668470673.000000,2136351.000000,0.000000,graded_attempt,sources/gpuv2-llr40-oss120b-hip-skills/tsvc_2_s319/627168.627168.gpuv2-llr40-oss120b-hip-skills.n0.p31.w31/candidate_01_submission.txt,6e12e366fd15f62e2809e026954c230a97bd10ecab5dac5ef5f5737ef3eb60c7
gpuv2-llr40-oss120b-omp,numba,c,tsvc_2_s319,627173,627173,gpuv2-llr40-oss120b-omp.n0.p31.w31,1,255.273185,1484677618.000000,5769727.000000,0.000000,graded_attempt,sources/gpuv2-llr40-oss120b-omp/tsvc_2_s319/627173.627173.gpuv2-llr40-oss120b-omp.n0.p31.w31/candidate_01_submission.txt,9605a2546124fbe0e51a41d0a6177b23ac4225a19ab2d4ebf6ab1e5d591b1b1e
gpuv2-llr40-oss120b-omp-skills,numba,c,tsvc_2_s319,627174,627174,gpuv2-llr40-oss120b-omp-skills.n0.p31.w31,1,463.753952,2668668105.000000,5687611.000000,0.000000,graded_attempt,sources/gpuv2-llr40-oss120b-omp-skills/tsvc_2_s319/627174.627174.gpuv2-llr40-oss120b-omp-skills.n0.p31.w31/candidate_01_submission.txt,7f49908539af7078211ec837daba429d817b3c509a91c7b8058828261f1392a4
gpuv2-llr40-qwen38-hip,numba,hip,tsvc_2_s319,627017,627017,gpuv2-llr40-qwen38-hip.n0.p31.w31,1,1886.259010,2669155096.000000,1373409.000000,0.000000,graded_attempt,sources/gpuv2-llr40-qwen38-hip/tsvc_2_s319/627017.627017.gpuv2-llr40-qwen38-hip.n0.p31.w31/candidate_01_submission.txt,e14590ef412f672f01810c0972f4d70d03471b142d74a4a79a1cd63d92c715ce
gpuv2-llr40-qwen38-hip-skills,numba,hip,tsvc_2_s319,626646,626646,gpuv2-llr40-qwen38-hip-skills.n0.p31.w31,1,1470.845251,1925568185.000000,1206079.000000,0.000000,graded_attempt,sources/gpuv2-llr40-qwen38-hip-skills/tsvc_2_s319/626646.626646.gpuv2-llr40-qwen38-hip-skills.n0.p31.w31/candidate_01_submission.txt,202b021ab331fb9e5285d8ad87fec0423ba65892a7aea55701d953dfc76647a5
gpuv2-llr40-qwen38-hip-skills,numba,hip,tsvc_2_s319,627018,627018,gpuv2-llr40-qwen38-hip-skills.n0.p31.w31,1,1059.160188,1460351277.000000,1263368.000000,0.000000,graded_attempt,sources/gpuv2-llr40-qwen38-hip-skills/tsvc_2_s319/627018.627018.gpuv2-llr40-qwen38-hip-skills.n0.p31.w31/candidate_01_submission.txt,ea1116d13c04c31efe14f34b08549092e0d57508bed384c96e966cfb256f4a37
gpuv2-llr40-qwen38-omp,numba,c,tsvc_2_s319,627077,627077,gpuv2-llr40-qwen38-omp.n0.p31.w31,1,527.795257,2500060467.000000,4637176.000000,0.000000,graded_attempt,sources/gpuv2-llr40-qwen38-omp/tsvc_2_s319/627077.627077.gpuv2-llr40-qwen38-omp.n0.p31.w31/candidate_01_submission.txt,8f9df34d48bc403f7532bec05ffaaa2ad527228b35636f212e37c0be7420ae1b
gpuv2-llr40-qwen38-omp,numba,c,tsvc_2_s319,626521,626521,gpuv2-llr40-qwen38-omp.n0.p31.w31,2,146.220500,2645832362.000000,17985470.000000,0.000000,graded_attempt,sources/gpuv2-llr40-qwen38-omp/tsvc_2_s319/626521.626521.gpuv2-llr40-qwen38-omp.n0.p31.w31/candidate_02_submission.txt,1256036f8b1dd1d224d0f04371ce8d71d65b73e6f4ceced8daa9f2094447b444
gpuv2-llr40-qwen38-omp,numba,c,tsvc_2_s319,626521,626521,gpuv2-llr40-qwen38-omp.n0.p31.w31,1,15.740573,2645832362.000000,165920727.000000,0.000000,graded_attempt,sources/gpuv2-llr40-qwen38-omp/tsvc_2_s319/626521.626521.gpuv2-llr40-qwen38-omp.n0.p31.w31/candidate_01_submission.txt,61cc6f9eb67b057cb340b72e391067cd16302184ec994d838557ba70b6cbcc09
gpuv2-llr40-qwen38-omp-skills,numba,c,tsvc_2_s319,627078,627078,gpuv2-llr40-qwen38-omp-skills.n0.p31.w31,1,711.388265,1986443154.000000,2742119.000000,0.000000,graded_attempt,sources/gpuv2-llr40-qwen38-omp-skills/tsvc_2_s319/627078.627078.gpuv2-llr40-qwen38-omp-skills.n0.p31.w31/candidate_01_submission.txt,d6ecd1110e099003c959177e3b2d4d0cb2c371627b36cfa7521930a2276cc1fa
gpuv2-llr40-qwen38-omp-skills,numba,c,tsvc_2_s319,626561,626561,gpuv2-llr40-qwen38-omp-skills.n0.p31.w31,1,411.558086,1983053809.000000,4738165.000000,0.000000,graded_attempt,sources/gpuv2-llr40-qwen38-omp-skills/tsvc_2_s319/626561.626561.gpuv2-llr40-qwen38-omp-skills.n0.p31.w31/candidate_01_submission.txt,dec07843ded1e9bcb1e0f969c0c47e8dbe0a3e07dc781398193c2b5d0a72206c
gpuv4-llr40-oss120b-pytriton,numba,python,tsvc_2_s319,627175,627175,gpuv4-llr40-oss120b-pytriton.n0.p31.w31,1,11.913026,1992238919.000000,164667007.000000,0.000000,graded_attempt,sources/gpuv4-llr40-oss120b-pytriton/tsvc_2_s319/627175.627175.gpuv4-llr40-oss120b-pytriton.n0.p31.w31/candidate_01_submission.txt,1d30b5e88444c1b03f47dd76161028a4c70ad3cd14f09070a2a8a201ce730d5c
gpuv4-llr40-oss120b-pytriton-skills,numba,python,tsvc_2_s319,627176,627176,gpuv4-llr40-oss120b-pytriton-skills.n0.p31.w31,1,147.682705,2665187256.000000,17889522.000000,0.000000,graded_attempt,sources/gpuv4-llr40-oss120b-pytriton-skills/tsvc_2_s319/627176.627176.gpuv4-llr40-oss120b-pytriton-skills.n0.p31.w31/candidate_01_submission.txt,57a4d630f39121a08a850d170caec557dee78ad30507dc8a501285d45cddda13
gpuv4-llr40-qwen38-pytriton,numba,python,tsvc_2_s319,626523,626523,gpuv4-llr40-qwen38-pytriton.n0.p31.w31,1,94.377359,1981658261.000000,20232784.000000,0.000000,graded_attempt,sources/gpuv4-llr40-qwen38-pytriton/tsvc_2_s319/626523.626523.gpuv4-llr40-qwen38-pytriton.n0.p31.w31/candidate_01_submission.txt,910eb196f45e6b1ae2b5bf7625ebf33c0da4f257340314e843effafc2cb97df7
gpuv4-llr40-qwen38-pytriton,numba,python,tsvc_2_s319,627019,627019,gpuv4-llr40-qwen38-pytriton.n0.p31.w31,2,93.442929,1650441391.000000,17834099.000000,0.000000,graded_attempt,sources/gpuv4-llr40-qwen38-pytriton/tsvc_2_s319/627019.627019.gpuv4-llr40-qwen38-pytriton.n0.p31.w31/candidate_02_submission.txt,436be935b6417c59b01492c0350d46c2ac12a313fa9506d03507a7e2e1677166
gpuv4-llr40-qwen38-pytriton,numba,python,tsvc_2_s319,627019,627019,gpuv4-llr40-qwen38-pytriton.n0.p31.w31,1,83.755114,1650441391.000000,18088308.000000,0.000000,graded_attempt,sources/gpuv4-llr40-qwen38-pytriton/tsvc_2_s319/627019.627019.gpuv4-llr40-qwen38-pytriton.n0.p31.w31/candidate_01_submission.txt,52b9b6d933022f998ea06e56fbd94343026f5a41e6eacb25fc42f0ade76cf888
gpuv4-llr40-qwen38-pytriton,numba,python,tsvc_2_s319,626557,626557,gpuv4-llr40-qwen38-pytriton.n0.p31.w31,1,17.914240,1989203025.000000,19613466.000000,0.000000,graded_attempt,sources/gpuv4-llr40-qwen38-pytriton/tsvc_2_s319/626557.626557.gpuv4-llr40-qwen38-pytriton.n0.p31.w31/candidate_01_submission.txt,46c4de5318d4acbe08ce675babb6c45f16835814d34d730d09109f0dd21e8e7f
gpuv4-llr40-qwen38-pytriton,numba,python,tsvc_2_s319,626557,626557,gpuv4-llr40-qwen38-pytriton.n0.p31.w31,2,9.197427,1989203025.000000,23760547.000000,0.000000,graded_attempt,sources/gpuv4-llr40-qwen38-pytriton/tsvc_2_s319/626557.626557.gpuv4-llr40-qwen38-pytriton.n0.p31.w31/candidate_02_submission.txt,a2dcfa33c68639e41f66ae54ceb056f619369f48aaad03c4a4b0526cdccfb34f
gpuv4-llr40-qwen38-pytriton,numba,python,tsvc_2_s319,627230,627230,gpuv4-llr40-qwen38-pytriton.n0.p31.w31,1,8.081435,146437455.000000,17975160.000000,0.000000,graded_attempt,sources/gpuv4-llr40-qwen38-pytriton/tsvc_2_s319/627230.627230.gpuv4-llr40-qwen38-pytriton.n0.p31.w31/candidate_01_submission.txt,73032920a51022ec59df614737addb978d47716032d824dd305584fc7b3e1313
gpuv4-llr40-qwen38-pytriton-skills,numba,python,tsvc_2_s319,627020,627020,gpuv4-llr40-qwen38-pytriton-skills.n0.p31.w31,2,222.078218,3939132499.000000,17974972.000000,0.000000,graded_attempt,sources/gpuv4-llr40-qwen38-pytriton-skills/tsvc_2_s319/627020.627020.gpuv4-llr40-qwen38-pytriton-skills.n0.p31.w31/candidate_02_submission.txt,10573a24ac081c9ce58bf2ddfb7b91544113554d2f8f6cd91ae80970f5581098
gpuv4-llr40-qwen38-pytriton-skills,numba,python,tsvc_2_s319,627020,627020,gpuv4-llr40-qwen38-pytriton-skills.n0.p31.w31,1,211.299804,3939132499.000000,18580586.000000,0.000000,graded_attempt,sources/gpuv4-llr40-qwen38-pytriton-skills/tsvc_2_s319/627020.627020.gpuv4-llr40-qwen38-pytriton-skills.n0.p31.w31/candidate_01_submission.txt,09a49a0ce4bd2d0055b0bfd3ade2b2e0f50f007bef5f0af0f518a68a83811f6c
gpuv4-llr40-qwen38-pytriton-skills,numba,python,tsvc_2_s319,626651,626651,gpuv4-llr40-qwen38-pytriton-skills.n0.p31.w31,1,39.317593,1886008574.000000,18169559.000000,0.000000,graded_attempt,sources/gpuv4-llr40-qwen38-pytriton-skills/tsvc_2_s319/626651.626651.gpuv4-llr40-qwen38-pytriton-skills.n0.p31.w31/candidate_01_submission.txt,a888823aade87a371f08283283e35296e3d60c69983c6c2364bead7abf9f9605
gpuv4-llr40-qwen38-pytriton-skills,numba,python,tsvc_2_s319,627231,627231,gpuv4-llr40-qwen38-pytriton-skills.n0.p31.w31,1,8.162250,148207698.000000,18020170.000000,0.000000,graded_attempt,sources/gpuv4-llr40-qwen38-pytriton-skills/tsvc_2_s319/627231.627231.gpuv4-llr40-qwen38-pytriton-skills.n0.p31.w31/candidate_01_submission.txt,a28bbd6a22c5f71c28a65a2021da61ad0d34e940347e2028e0c43d906e707bf0
gpuv4-llr40-qwen38-pytriton-skills,numba,python,tsvc_2_s319,627231,627231,gpuv4-llr40-qwen38-pytriton-skills.n0.p31.w31,2,8.162250,148207698.000000,17796250.000000,0.000000,graded_attempt,sources/gpuv4-llr40-qwen38-pytriton-skills/tsvc_2_s319/627231.627231.gpuv4-llr40-qwen38-pytriton-skills.n0.p31.w31/candidate_01_submission.txt,a28bbd6a22c5f71c28a65a2021da61ad0d34e940347e2028e0c43d906e707bf0
gpuv4-llr40-qwen38-pytriton-skills,numba,python,tsvc_2_s319,627231,627231,gpuv4-llr40-qwen38-pytriton-skills.n0.p31.w31,3,8.162250,148207698.000000,17868652.000000,0.000000,graded_attempt,sources/gpuv4-llr40-qwen38-pytriton-skills/tsvc_2_s319/627231.627231.gpuv4-llr40-qwen38-pytriton-skills.n0.p31.w31/candidate_03_submission.txt,1f09d327abe8911c95b90ca8f631cbc0113f5e1d7ecd5dac320c6a43c6d1fb33
llr40v10-kimi27sglang-c,numba,c,tsvc_2_s319,621730,621730,llr40v10-kimi27sglang-c.n0.p11.w11,2,219.879424,2699781614.000000,12115087.000000,0.000000,graded_attempt,sources/llr40v10-kimi27sglang-c/tsvc_2_s319/621730.621730.llr40v10-kimi27sglang-c.n0.p11.w11/candidate_02_submission.txt,8b8bb50f0634353cb2ccb8da6b3967ac9c10849effa7fa29b9752f2049c0e6ed
llr40v10-kimi27sglang-c,numba,c,tsvc_2_s319,621730,621730,llr40v10-kimi27sglang-c.n0.p11.w11,3,219.879424,2699781614.000000,12128241.000000,0.000000,graded_attempt,sources/llr40v10-kimi27sglang-c/tsvc_2_s319/621730.621730.llr40v10-kimi27sglang-c.n0.p11.w11/candidate_02_submission.txt,8b8bb50f0634353cb2ccb8da6b3967ac9c10849effa7fa29b9752f2049c0e6ed
llr40v10-kimi27sglang-c,numba,c,tsvc_2_s319,621730,621730,llr40v10-kimi27sglang-c.n0.p11.w11,1,92.517752,2699781614.000000,19798044.000000,0.000000,graded_attempt,sources/llr40v10-kimi27sglang-c/tsvc_2_s319/621730.621730.llr40v10-kimi27sglang-c.n0.p11.w11/candidate_01_submission.txt,a9eb81276e9442c37ddab37e0d963b8c33e2778d1819c4a5e3bd79e489ec5603
llr40v10-kimi27sglang-c,numba,c,tsvc_2_s319,621018,621018,llr40v10-kimi27sglang-c.n0.p11.w11,1,78.119907,2666104492.000000,20662514.000000,0.000000,graded_attempt,sources/llr40v10-kimi27sglang-c/tsvc_2_s319/621018.621018.llr40v10-kimi27sglang-c.n0.p11.w11/candidate_01_submission.txt,b0040bf241d027eeef632a101d025c302a50b2ba045e5da7a0c53c6c5774ed11
llr40v10-kimi27sglang-c-skills,numba,c,tsvc_2_s319,621026,621026,llr40v10-kimi27sglang-c-skills.n0.p11.w11,7,215.546930,2643260727.000000,11969705.000000,0.000000,graded_attempt,sources/llr40v10-kimi27sglang-c-skills/tsvc_2_s319/621026.621026.llr40v10-kimi27sglang-c-skills.n0.p11.w11/candidate_05_submission.txt,7e3a699519d4f39a0fee25737dc650975603eb5b66ffbe01b509789f9ec60c97
llr40v10-kimi27sglang-c-skills,numba,c,tsvc_2_s319,621026,621026,llr40v10-kimi27sglang-c-skills.n0.p11.w11,5,163.133584,1989520433.000000,12048889.000000,0.000000,graded_attempt,sources/llr40v10-kimi27sglang-c-skills/tsvc_2_s319/621026.621026.llr40v10-kimi27sglang-c-skills.n0.p11.w11/candidate_05_submission.txt,7e3a699519d4f39a0fee25737dc650975603eb5b66ffbe01b509789f9ec60c97
llr40v10-kimi27sglang-c-skills,numba,c,tsvc_2_s319,621026,621026,llr40v10-kimi27sglang-c-skills.n0.p11.w11,6,163.133584,1989520433.000000,12065850.000000,0.000000,graded_attempt,sources/llr40v10-kimi27sglang-c-skills/tsvc_2_s319/621026.621026.llr40v10-kimi27sglang-c-skills.n0.p11.w11/candidate_05_submission.txt,7e3a699519d4f39a0fee25737dc650975603eb5b66ffbe01b509789f9ec60c97
llr40v10-kimi27sglang-c-skills,numba,c,tsvc_2_s319,621026,621026,llr40v10-kimi27sglang-c-skills.n0.p11.w11,8,163.133584,1989520433.000000,12057062.000000,0.000000,graded_attempt,sources/llr40v10-kimi27sglang-c-skills/tsvc_2_s319/621026.621026.llr40v10-kimi27sglang-c-skills.n0.p11.w11/candidate_05_submission.txt,7e3a699519d4f39a0fee25737dc650975603eb5b66ffbe01b509789f9ec60c97
llr40v10-kimi27sglang-c-skills,numba,c,tsvc_2_s319,621026,621026,llr40v10-kimi27sglang-c-skills.n0.p11.w11,3,147.682705,2643260727.000000,17692661.000000,0.000000,graded_attempt,sources/llr40v10-kimi27sglang-c-skills/tsvc_2_s319/621026.621026.llr40v10-kimi27sglang-c-skills.n0.p11.w11/candidate_02_submission.txt,a8b407a4361c9cc575638ba00c2c8aa137fef26b65f6e4f7939f36c0d61ed183
llr40v10-kimi27sglang-c-skills,numba,c,tsvc_2_s319,621026,621026,llr40v10-kimi27sglang-c-skills.n0.p11.w11,4,133.695226,1989520433.000000,14762654.000000,0.000000,graded_attempt,sources/llr40v10-kimi27sglang-c-skills/tsvc_2_s319/621026.621026.llr40v10-kimi27sglang-c-skills.n0.p11.w11/candidate_04_submission.txt,afc8e5c98dc6076195faae0d88ee73232f4fc149b14fc42937d88e321408a19c
llr40v10-kimi27sglang-c-skills,numba,c,tsvc_2_s319,621026,621026,llr40v10-kimi27sglang-c-skills.n0.p11.w11,2,111.771524,1989520433.000000,17683907.000000,0.000000,graded_attempt,sources/llr40v10-kimi27sglang-c-skills/tsvc_2_s319/621026.621026.llr40v10-kimi27sglang-c-skills.n0.p11.w11/candidate_02_submission.txt,a8b407a4361c9cc575638ba00c2c8aa137fef26b65f6e4f7939f36c0d61ed183
llr40v10-kimi27sglang-c-skills,numba,c,tsvc_2_s319,621026,621026,llr40v10-kimi27sglang-c-skills.n0.p11.w11,1,110.664875,1989520433.000000,17728341.000000,0.000000,graded_attempt,sources/llr40v10-kimi27sglang-c-skills/tsvc_2_s319/621026.621026.llr40v10-kimi27sglang-c-skills.n0.p11.w11/candidate_01_submission.txt,7bb77d18ea08e6fdb6296945ba23e51ea47127bc2fb6c3435a8a7a7c186b6a93
llr40v10-kimi27sglang-fortran,numba,fortran,tsvc_2_s319,621732,621732,llr40v10-kimi27sglang-fortran.n0.p11.w11,7,101.185303,1992845467.000000,17396151.000000,0.000000,graded_attempt,sources/llr40v10-kimi27sglang-fortran/tsvc_2_s319/621732.621732.llr40v10-kimi27sglang-fortran.n0.p11.w11/candidate_07_submission.txt,2abd6fbc16ee327f60ed753aa274185e5921258953cb84a66fd8b8f0db69118f
llr40v10-kimi27sglang-fortran,numba,fortran,tsvc_2_s319,621732,621732,llr40v10-kimi27sglang-fortran.n0.p11.w11,8,101.185303,1992845467.000000,17580048.000000,0.000000,graded_attempt,sources/llr40v10-kimi27sglang-fortran/tsvc_2_s319/621732.621732.llr40v10-kimi27sglang-fortran.n0.p11.w11/candidate_08_submission.txt,8044ba22052446398296f41c9b1f9a6a0d96c45c0d73b258e99df9cec884d8d3
llr40v10-kimi27sglang-fortran,numba,fortran,tsvc_2_s319,621732,621732,llr40v10-kimi27sglang-fortran.n0.p11.w11,6,95.321132,1992845467.000000,17527970.000000,0.000000,graded_attempt,sources/llr40v10-kimi27sglang-fortran/tsvc_2_s319/621732.621732.llr40v10-kimi27sglang-fortran.n0.p11.w11/candidate_06_submission.txt,a14f9fb72f779a3eb43ff3adde4dc18c8a7f5e8b239ffced30ef610e1e5c5838
llr40v10-kimi27sglang-fortran,numba,fortran,tsvc_2_s319,621732,621732,llr40v10-kimi27sglang-fortran.n0.p11.w11,5,76.580636,1992845467.000000,18721776.000000,0.000000,graded_attempt,sources/llr40v10-kimi27sglang-fortran/tsvc_2_s319/621732.621732.llr40v10-kimi27sglang-fortran.n0.p11.w11/candidate_05_submission.txt,5f0e2419baee89d0ba22df5e412b45994e315fb50327884e4998e98f23600e1e
llr40v10-kimi27sglang-fortran,numba,fortran,tsvc_2_s319,621732,621732,llr40v10-kimi27sglang-fortran.n0.p11.w11,4,75.822412,1992845467.000000,18238598.000000,0.000000,graded_attempt,sources/llr40v10-kimi27sglang-fortran/tsvc_2_s319/621732.621732.llr40v10-kimi27sglang-fortran.n0.p11.w11/candidate_04_submission.txt,2effdd52f921752874ff8d592af75b9200f169f9f3a4eccfbde23fc6819f57ec
llr40v10-kimi27sglang-fortran,numba,fortran,tsvc_2_s319,621732,621732,llr40v10-kimi27sglang-fortran.n0.p11.w11,3,67.961426,1992845467.000000,22295557.000000,0.000000,graded_attempt,sources/llr40v10-kimi27sglang-fortran/tsvc_2_s319/621732.621732.llr40v10-kimi27sglang-fortran.n0.p11.w11/candidate_03_submission.txt,0ba88282a89558fdc589842a9c6ed28d8e9a473591a4ee700ee90b66464575b9
llr40v10-kimi27sglang-fortran,c,fortran,tsvc_2_s319,621022,621022,llr40v10-kimi27sglang-fortran.n0.p11.w11,3,56.254385,1113350618.000000,17766411.000000,0.000000,graded_attempt,sources/llr40v10-kimi27sglang-fortran/tsvc_2_s319/621022.621022.llr40v10-kimi27sglang-fortran.n0.p11.w11/candidate_03_submission.txt,c4f68b885ec19155b31c63c8252c19d37514c66473b8eafd6aa17521b9daac2e
llr40v10-kimi27sglang-fortran,c,fortran,tsvc_2_s319,621022,621022,llr40v10-kimi27sglang-fortran.n0.p11.w11,2,55.145951,1116628980.000000,17800022.000000,0.000000,graded_attempt,sources/llr40v10-kimi27sglang-fortran/tsvc_2_s319/621022.621022.llr40v10-kimi27sglang-fortran.n0.p11.w11/candidate_02_submission.txt,0bae0c30e9bf73e6cf5c50bb4d07f734afccdac275ce428f7e7bf500ad7b7cfb
llr40v10-kimi27sglang-fortran,numba,fortran,tsvc_2_s319,621732,621732,llr40v10-kimi27sglang-fortran.n0.p11.w11,1,54.599952,1992845467.000000,20429708.000000,0.000000,graded_attempt,sources/llr40v10-kimi27sglang-fortran/tsvc_2_s319/621732.621732.llr40v10-kimi27sglang-fortran.n0.p11.w11/candidate_01_submission.txt,bc0e59866e573b27f26fe2f1d9cbe695a182b4604d422cbf57fe184e6f94bedf
llr40v10-kimi27sglang-fortran,numba,fortran,tsvc_2_s319,621732,621732,llr40v10-kimi27sglang-fortran.n0.p11.w11,2,53.524117,1992845467.000000,21457108.000000,0.000000,graded_attempt,sources/llr40v10-kimi27sglang-fortran/tsvc_2_s319/621732.621732.llr40v10-kimi27sglang-fortran.n0.p11.w11/candidate_02_submission.txt,a36b1b89be3caa49fa2b5a0bbbbb41bf0f61b3aa418921e82743ad4ba7379e4e
llr40v10-kimi27sglang-fortran,c,fortran,tsvc_2_s319,621022,621022,llr40v10-kimi27sglang-fortran.n0.p11.w11,4,52.994175,1113525122.000000,17743299.000000,0.000000,graded_attempt,sources/llr40v10-kimi27sglang-fortran/tsvc_2_s319/621022.621022.llr40v10-kimi27sglang-fortran.n0.p11.w11/candidate_04_submission.txt,9a2475c63b0b171e3414774a5bae53c9b631e367c2bba44c11530c89850a4951
llr40v10-kimi27sglang-fortran,c,fortran,tsvc_2_s319,621022,621022,llr40v10-kimi27sglang-fortran.n0.p11.w11,1,50.926361,1113292167.000000,17919891.000000,0.000000,graded_attempt,sources/llr40v10-kimi27sglang-fortran/tsvc_2_s319/621022.621022.llr40v10-kimi27sglang-fortran.n0.p11.w11/candidate_01_submission.txt,e13cb8de701883652dae7d4a17fca918de1e4a55ee094b6c22fcc6cd592064bc
llr40v10-kimi27sglang-fortran-skills,numba,fortran,tsvc_2_s319,621030,621030,llr40v10-kimi27sglang-fortran-skills.n0.p11.w11,2,110.664875,1983510336.000000,17767398.000000,0.000000,graded_attempt,sources/llr40v10-kimi27sglang-fortran-skills/tsvc_2_s319/621030.621030.llr40v10-kimi27sglang-fortran-skills.n0.p11.w11/candidate_02_submission.txt,c4ecd9f2081dbe48d53f9c49bd3e6a8a459608bbd0fe63267cae26884fa753f7
llr40v10-kimi27sglang-fortran-skills,numba,fortran,tsvc_2_s319,621030,621030,llr40v10-kimi27sglang-fortran-skills.n0.p11.w11,3,110.664875,1983510336.000000,17749139.000000,0.000000,graded_attempt,sources/llr40v10-kimi27sglang-fortran-skills/tsvc_2_s319/621030.621030.llr40v10-kimi27sglang-fortran-skills.n0.p11.w11/candidate_03_submission.txt,111e0498d33af39e19ff7ca1abc75d3bdc6d93c6f0a3b3b0d1e7a230388ab784
llr40v10-kimi27sglang-fortran-skills,numba,fortran,tsvc_2_s319,621030,621030,llr40v10-kimi27sglang-fortran-skills.n0.p11.w11,6,110.664875,1983510336.000000,17806090.000000,0.000000,graded_attempt,sources/llr40v10-kimi27sglang-fortran-skills/tsvc_2_s319/621030.621030.llr40v10-kimi27sglang-fortran-skills.n0.p11.w11/candidate_03_submission.txt,111e0498d33af39e19ff7ca1abc75d3bdc6d93c6f0a3b3b0d1e7a230388ab784
llr40v10-kimi27sglang-fortran-skills,numba,fortran,tsvc_2_s319,621030,621030,llr40v10-kimi27sglang-fortran-skills.n0.p11.w11,4,108.484340,1972127327.000000,17743788.000000,0.000000,graded_attempt,sources/llr40v10-kimi27sglang-fortran-skills/tsvc_2_s319/621030.621030.llr40v10-kimi27sglang-fortran-skills.n0.p11.w11/candidate_04_submission.txt,f9ad206d067bfa0819fa6138a2682cdb7f0ffda4ead204eb1d1712dfa57f4362
llr40v10-kimi27sglang-fortran-skills,numba,fortran,tsvc_2_s319,621030,621030,llr40v10-kimi27sglang-fortran-skills.n0.p11.w11,5,108.484340,1972127327.000000,17813552.000000,0.000000,graded_attempt,sources/llr40v10-kimi27sglang-fortran-skills/tsvc_2_s319/621030.621030.llr40v10-kimi27sglang-fortran-skills.n0.p11.w11/candidate_04_submission.txt,f9ad206d067bfa0819fa6138a2682cdb7f0ffda4ead204eb1d1712dfa57f4362
llr40v10-kimi27sglang-fortran-skills,numba,fortran,tsvc_2_s319,621030,621030,llr40v10-kimi27sglang-fortran-skills.n0.p11.w11,1,74.328411,1983510336.000000,17966408.000000,0.000000,graded_attempt,sources/llr40v10-kimi27sglang-fortran-skills/tsvc_2_s319/621030.621030.llr40v10-kimi27sglang-fortran-skills.n0.p11.w11/candidate_01_submission.txt,32b9d9d31b2c6a3727b45e69c3a3c07792d4a21d7a54752d7ef5e41541c5771b
llr40v10-oss120b-c,c,c,tsvc_2_s319,621382,621382,llr40v10-oss120b-c.n0.p31.w31,1,8.243872,148690453.000000,17805175.000000,0.000000,graded_attempt,sources/llr40v10-oss120b-c/tsvc_2_s319/621382.621382.llr40v10-oss120b-c.n0.p31.w31/candidate_01_submission.txt,ea66d6ec2e51312b8bd74bc0ba0b1ac6d95bd28baa51d0e1b6aba23db888bfe8
llr40v10-oss120b-c,c,c,tsvc_2_s319,621015,621015,llr40v10-oss120b-c.n0.p31.w31,1,5.877661,157988118.000000,26647389.000000,0.000000,graded_attempt,sources/llr40v10-oss120b-c/tsvc_2_s319/621015.621015.llr40v10-oss120b-c.n0.p31.w31/candidate_01_submission.txt,ff2e17beb911a7a34e6a10196d4aa2e6799d46452d7cfde7aa2e17a4662831ac
llr40v10-oss120b-c-skills,numba,c,tsvc_2_s319,621023,621023,llr40v10-oss120b-c-skills.n0.p31.w31,1,146.220500,2667529462.000000,17840244.000000,0.000000,graded_attempt,sources/llr40v10-oss120b-c-skills/tsvc_2_s319/621023.621023.llr40v10-oss120b-c-skills.n0.p31.w31/candidate_01_submission.txt,31795d9df6974a583d2b58f6e4dd826cb07b33a68159c6bd0a36ca6c8209934e
llr40v10-oss120b-c-skills,numba,c,tsvc_2_s319,625311,625311,llr40v10-oss120b-c-skills.n0.p31.w31,1,60.312315,1992783429.000000,20098035.000000,0.000000,graded_attempt,sources/llr40v10-oss120b-c-skills/tsvc_2_s319/625311.625311.llr40v10-oss120b-c-skills.n0.p31.w31/candidate_01_submission.txt,9179da1592fafd69efd637c786b3a825aa5ec075b950ea33420785be45e1049a
llr40v10-oss120b-fortran,c,fortran,tsvc_2_s319,621019,621019,llr40v10-oss120b-fortran.n0.p31.w31,1,8.162250,147542007.000000,17859541.000000,0.000000,graded_attempt,sources/llr40v10-oss120b-fortran/tsvc_2_s319/621019.621019.llr40v10-oss120b-fortran.n0.p31.w31/candidate_01_submission.txt,1c8b5a2a6565720e15eed02b769afb0afe173c26f063f334461b4b5b458dfd8f
llr40v10-oss120b-fortran,c,fortran,tsvc_2_s319,621384,621384,llr40v10-oss120b-fortran.n0.p31.w31,1,6.689326,147485781.000000,20901656.000000,0.000000,graded_attempt,sources/llr40v10-oss120b-fortran/tsvc_2_s319/621384.621384.llr40v10-oss120b-fortran.n0.p31.w31/candidate_01_submission.txt,78cc00cdbd077b0f2e62676f8b9eb886f44b330540fa9854f48e1b37fc752602
llr40v10-oss120b-fortran-skills,numba,fortran,tsvc_2_s319,621027,621027,llr40v10-oss120b-fortran-skills.n0.p31.w31,1,38.928310,1278969102.000000,21316273.000000,0.000000,graded_attempt,sources/llr40v10-oss120b-fortran-skills/tsvc_2_s319/621027.621027.llr40v10-oss120b-fortran-skills.n0.p31.w31/candidate_01_submission.txt,da2689e8437d66729d9611fdd3bd647383142d6771b3b54a37dea150f2831eb2
llr40v10-qwen38-c,numba,c,tsvc_2_s319,621727,621727,llr40v10-qwen38-c.n0.p31.w31,2,207.136364,2543388985.000000,12113763.000000,0.000000,graded_attempt,sources/llr40v10-qwen38-c/tsvc_2_s319/621727.621727.llr40v10-qwen38-c.n0.p31.w31/candidate_02_submission.txt,cb37d4f9f6a1c7354fa345279fd017b83b3369943097ed47f4695e0f280aa7ff
llr40v10-qwen38-c,numba,c,tsvc_2_s319,622265,622265,llr40v10-qwen38-c.n0.p31.w31,2,144.772772,2591707500.000000,17891291.000000,0.000000,graded_attempt,sources/llr40v10-qwen38-c/tsvc_2_s319/622265.622265.llr40v10-qwen38-c.n0.p31.w31/candidate_02_submission.txt,bf0cedc3f875d41be70cc8f77d07cb5d172f25562d16d3f9b96ab9411b429df6
llr40v10-qwen38-c,numba,c,tsvc_2_s319,621727,621727,llr40v10-qwen38-c.n0.p31.w31,1,139.123789,2543388985.000000,18196012.000000,0.000000,graded_attempt,sources/llr40v10-qwen38-c/tsvc_2_s319/621727.621727.llr40v10-qwen38-c.n0.p31.w31/candidate_01_submission.txt,305b5a45c60aade5836dcdb05dccb0885e6f43363d33bfebd6517248039fe183
llr40v10-qwen38-c,c,c,tsvc_2_s319,621383,621383,llr40v10-qwen38-c.n0.p31.w31,2,44.304048,1113664493.000000,21460576.000000,0.000000,graded_attempt,sources/llr40v10-qwen38-c/tsvc_2_s319/621383.621383.llr40v10-qwen38-c.n0.p31.w31/candidate_02_submission.txt,7adefbe5ec80d141d7d0f175dadab6081f0cf1c93970eb23ee94285c89043ced
llr40v10-qwen38-c,c,c,tsvc_2_s319,621383,621383,llr40v10-qwen38-c.n0.p31.w31,1,32.870189,1113519840.000000,21467089.000000,0.000000,graded_attempt,sources/llr40v10-qwen38-c/tsvc_2_s319/621383.621383.llr40v10-qwen38-c.n0.p31.w31/candidate_01_submission.txt,9417fa7523a79b140dc98868509cfc1ab2284d30e10a6e7e8b5d6aef9de7db9e
llr40v10-qwen38-c,numba,c,tsvc_2_s319,622265,622265,llr40v10-qwen38-c.n0.p31.w31,1,17.561259,2591707500.000000,146610229.000000,0.000000,graded_attempt,sources/llr40v10-qwen38-c/tsvc_2_s319/622265.622265.llr40v10-qwen38-c.n0.p31.w31/candidate_01_submission.txt,e348cecdc42d514827ddf0a7ff8e31ec7413bd4a35d657be307ce38d938100dd
llr40v10-qwen38-c-skills,numba,c,tsvc_2_s319,621024,621024,llr40v10-qwen38-c-skills.n0.p31.w31,2,219.879424,2655404772.000000,12128286.000000,0.000000,graded_attempt,sources/llr40v10-qwen38-c-skills/tsvc_2_s319/621024.621024.llr40v10-qwen38-c-skills.n0.p31.w31/candidate_02_submission.txt,b129cd09423912ffb35e5a38c3e2c38f057ac29527eb5800903b5d60664f1acd
llr40v10-qwen38-c-skills,numba,c,tsvc_2_s319,621024,621024,llr40v10-qwen38-c-skills.n0.p31.w31,4,219.879424,2655404772.000000,12152634.000000,0.000000,graded_attempt,sources/llr40v10-qwen38-c-skills/tsvc_2_s319/621024.621024.llr40v10-qwen38-c-skills.n0.p31.w31/candidate_03_submission.txt,6ddc78179a8937d6276572a7a4f4a230d6f2b45284370295a5576b312c9202ad
llr40v10-qwen38-c-skills,numba,c,tsvc_2_s319,621024,621024,llr40v10-qwen38-c-skills.n0.p31.w31,3,217.702400,2655404772.000000,12143974.000000,0.000000,graded_attempt,sources/llr40v10-qwen38-c-skills/tsvc_2_s319/621024.621024.llr40v10-qwen38-c-skills.n0.p31.w31/candidate_03_submission.txt,6ddc78179a8937d6276572a7a4f4a230d6f2b45284370295a5576b312c9202ad
llr40v10-qwen38-c-skills,numba,c,tsvc_2_s319,621024,621024,llr40v10-qwen38-c-skills.n0.p31.w31,1,80.487018,2655404772.000000,23223794.000000,0.000000,graded_attempt,sources/llr40v10-qwen38-c-skills/tsvc_2_s319/621024.621024.llr40v10-qwen38-c-skills.n0.p31.w31/candidate_01_submission.txt,2fc9da116c5cdf70cb01f2d56022ecccddc6b5ee20d1c42e9c0a1e94ea85f3e5
llr40v10-qwen38-fortran-skills,numba,fortran,tsvc_2_s319,621028,621028,llr40v10-qwen38-fortran-skills.n0.p31.w31,1,54.059358,1986726544.000000,20819246.000000,0.000000,graded_attempt,sources/llr40v10-qwen38-fortran-skills/tsvc_2_s319/621028.621028.llr40v10-qwen38-fortran-skills.n0.p31.w31/candidate_01_submission.txt,8089bce421a4830f9c27e7dc58110d1f166bba10fa6e1d4a743f0d1292d20746
llr40v11-kimi27sglang-c,numba,c,tsvc_2_s319,625534,625534,llr40v11-kimi27sglang-c.n0.p11.w11,1,147.682705,2647408536.000000,17821980.000000,0.000000,graded_attempt,sources/llr40v11-kimi27sglang-c/tsvc_2_s319/625534.625534.llr40v11-kimi27sglang-c.n0.p11.w11/candidate_01_submission.txt,9eba50174f5cf085397402a0b28cc8775519a96fb2bb1c13c8b707dc3f69acf2
llr40v11-kimi27sglang-c,numba,c,tsvc_2_s319,625534,625534,llr40v11-kimi27sglang-c.n0.p11.w11,2,147.682705,2647408536.000000,17849370.000000,0.000000,graded_attempt,sources/llr40v11-kimi27sglang-c/tsvc_2_s319/625534.625534.llr40v11-kimi27sglang-c.n0.p11.w11/candidate_01_submission.txt,9eba50174f5cf085397402a0b28cc8775519a96fb2bb1c13c8b707dc3f69acf2
llr40v11-kimi27sglang-c-skills,numba,c,tsvc_2_s319,625538,625538,llr40v11-kimi27sglang-c-skills.n0.p11.w11,2,209.207727,2668677881.000000,12492424.000000,0.000000,graded_attempt,sources/llr40v11-kimi27sglang-c-skills/tsvc_2_s319/625538.625538.llr40v11-kimi27sglang-c-skills.n0.p11.w11/candidate_02_submission.txt,1f32a91a7db3b9dafaf5a637c91df987ccb51ff2b5d25af3f6f1187b663ffd89
llr40v11-kimi27sglang-c-skills,numba,c,tsvc_2_s319,625538,625538,llr40v11-kimi27sglang-c-skills.n0.p11.w11,1,127.206421,2668677881.000000,20602983.000000,0.000000,graded_attempt,sources/llr40v11-kimi27sglang-c-skills/tsvc_2_s319/625538.625538.llr40v11-kimi27sglang-c-skills.n0.p11.w11/candidate_01_submission.txt,e352c96f00d20f44f59f915a677a6b66f88c63e87a8c1c0c7a87947bee3b4b33
llr40v11-kimi27sglang-fortran,numba,fortran,tsvc_2_s319,625542,625542,llr40v11-kimi27sglang-fortran.n0.p11.w11,1,80.487018,1990396713.000000,17888191.000000,0.000000,graded_attempt,sources/llr40v11-kimi27sglang-fortran/tsvc_2_s319/625542.625542.llr40v11-kimi27sglang-fortran.n0.p11.w11/candidate_01_submission.txt,90ee975eda7ea20977daca2da1f86f4379ba7101d9eabf4df9d81c64642ba89d
llr40v11-kimi27sglang-fortran-skills,numba,fortran,tsvc_2_s319,625546,625546,llr40v11-kimi27sglang-fortran-skills.n0.p11.w11,2,73.592486,1991153678.000000,18363514.000000,0.000000,graded_attempt,sources/llr40v11-kimi27sglang-fortran-skills/tsvc_2_s319/625546.625546.llr40v11-kimi27sglang-fortran-skills.n0.p11.w11/candidate_02_submission.txt,4ec9e7a289af5d519d30c100b37c37a9bf38d81415a07e6acc233440ec9a899f
llr40v11-kimi27sglang-fortran-skills,numba,fortran,tsvc_2_s319,625546,625546,llr40v11-kimi27sglang-fortran-skills.n0.p11.w11,1,67.288541,1991153678.000000,18980414.000000,0.000000,graded_attempt,sources/llr40v11-kimi27sglang-fortran-skills/tsvc_2_s319/625546.625546.llr40v11-kimi27sglang-fortran-skills.n0.p11.w11/candidate_01_submission.txt,0dd4e011eda20dd60938146ffe46f5b66553c01d13119830e8ffc7e0545aebeb
llr40v11-oss120b-c,numba,c,tsvc_2_s319,625531,625531,llr40v11-oss120b-c.n0.p31.w31,1,115.158313,2063110799.000000,17779406.000000,0.000000,graded_attempt,sources/llr40v11-oss120b-c/tsvc_2_s319/625531.625531.llr40v11-oss120b-c.n0.p31.w31/candidate_01_submission.txt,02332c4d8fc16bef8ea2306350d499b29e05a9e004e2043e952c45d95e93715c
llr40v11-oss120b-c-skills,numba,c,tsvc_2_s319,625535,625535,llr40v11-oss120b-c-skills.n0.p31.w31,1,16.217528,1287311230.000000,17864909.000000,0.000000,graded_attempt,sources/llr40v11-oss120b-c-skills/tsvc_2_s319/625535.625535.llr40v11-oss120b-c-skills.n0.p31.w31/candidate_01_submission.txt,1138f5af0504fa76d2be68e0d28cf44cbbc31a2a985d31cbf5d7fdb89164090d
llr40v11-oss120b-fortran,numba,fortran,tsvc_2_s319,625539,625539,llr40v11-oss120b-fortran.n0.p31.w31,2,81.291888,1456963915.000000,17810351.000000,0.000000,graded_attempt,sources/llr40v11-oss120b-fortran/tsvc_2_s319/625539.625539.llr40v11-oss120b-fortran.n0.p31.w31/candidate_02_submission.txt,c2126d7dfe9bd044f2ac8ef9c144b9b1e02f5c04d485745088c05a20572ce0f8
llr40v11-oss120b-fortran,numba,fortran,tsvc_2_s319,625539,625539,llr40v11-oss120b-fortran.n0.p31.w31,1,41.323186,1456963915.000000,20785253.000000,0.000000,graded_attempt,sources/llr40v11-oss120b-fortran/tsvc_2_s319/625539.625539.llr40v11-oss120b-fortran.n0.p31.w31/candidate_01_submission.txt,cd87a78de0610b4f34f9b3494e48050a031e09dddbcdf33783984f80df21c865
llr40v11-oss120b-fortran-skills,numba,fortran,tsvc_2_s319,625543,625543,llr40v11-oss120b-fortran-skills.n0.p31.w31,1,152.157639,3773942656.000000,18692974.000000,0.000000,graded_attempt,sources/llr40v11-oss120b-fortran-skills/tsvc_2_s319/625543.625543.llr40v11-oss120b-fortran-skills.n0.p31.w31/candidate_01_submission.txt,98b091d026d591bbf51f58b6246a41edaf7c352ea3269a89fc0db93c37da7a66
llr40v11-qwen38-c,numba,c,tsvc_2_s319,625532,625532,llr40v11-qwen38-c.n0.p31.w31,1,84.592665,1518466983.000000,17796317.000000,0.000000,graded_attempt,sources/llr40v11-qwen38-c/tsvc_2_s319/625532.625532.llr40v11-qwen38-c.n0.p31.w31/candidate_01_submission.txt,0fcb5b6a48799ebf0ff6c07004e64e61c6d798af3bcde385d594fe5792393545
llr40v11-qwen38-c-skills,numba,c,tsvc_2_s319,625536,625536,llr40v11-qwen38-c-skills.n0.p31.w31,1,159.919208,1986855383.000000,12261880.000000,0.000000,graded_attempt,sources/llr40v11-qwen38-c-skills/tsvc_2_s319/625536.625536.llr40v11-qwen38-c-skills.n0.p31.w31/candidate_01_submission.txt,31860701e8f05aee05285c3767f203f910edcdf8ad9883f4d541aaab3963be7b
llr40v11-qwen38-fortran,numba,fortran,tsvc_2_s319,625540,625540,llr40v11-qwen38-fortran.n0.p31.w31,1,81.291888,1992963859.000000,18297739.000000,0.000000,graded_attempt,sources/llr40v11-qwen38-fortran/tsvc_2_s319/625540.625540.llr40v11-qwen38-fortran.n0.p31.w31/candidate_01_submission.txt,5a7f042bf0f87058d209825424e37617bd39e8e39118ab89e26aac83448098e2
llr40v11-qwen38-fortran-skills,numba,fortran,tsvc_2_s319,625544,625544,llr40v11-qwen38-fortran-skills.n0.p31.w31,1,70.720933,2574120289.000000,20852530.000000,0.000000,graded_attempt,sources/llr40v11-qwen38-fortran-skills/tsvc_2_s319/625544.625544.llr40v11-qwen38-fortran-skills.n0.p31.w31/candidate_01_submission.txt,4aadddddfe87889874a8567e3da450d6142a5cdd88b40b88f330f2ec6cdbc5af
gpuv2-llr40-oss120b-hip,numba,hip,tsvc_2_s323,627167,627167,gpuv2-llr40-oss120b-hip.n0.p32.w32,1,67.288541,3620658298.000000,51576568.000000,0.000000,graded_attempt,sources/gpuv2-llr40-oss120b-hip/tsvc_2_s323/627167.627167.gpuv2-llr40-oss120b-hip.n0.p32.w32/candidate_01_submission.txt,a055351b8678b0d38c055e5684b5d18cfff62c0f78aea6a1271cde2b7f4bc7fe
gpuv2-llr40-oss120b-hip-skills,numba,hip,tsvc_2_s323,627168,627168,gpuv2-llr40-oss120b-hip-skills.n0.p32.w32,1,86.292978,4654213579.000000,37698898.000000,0.000000,graded_attempt,sources/gpuv2-llr40-oss120b-hip-skills/tsvc_2_s323/627168.627168.gpuv2-llr40-oss120b-hip-skills.n0.p32.w32/candidate_01_submission.txt,e19cf3036f829ff15167e0ea8a19e44a21b48f8dee9d1a30f457939d77205725
gpuv2-llr40-oss120b-omp-skills,numba,c,tsvc_2_s323,627174,627174,gpuv2-llr40-oss120b-omp-skills.n0.p32.w32,1,1.677689,2261679828.000000,1341137637.000000,0.000000,graded_attempt,sources/gpuv2-llr40-oss120b-omp-skills/tsvc_2_s323/627174.627174.gpuv2-llr40-oss120b-omp-skills.n0.p32.w32/candidate_01_submission.txt,7924359ea514ecb6d33d892cc5ce9ab3bf39d1d027b03b1d907a9f18408f3497
gpuv2-llr40-qwen38-omp-skills,numba,c,tsvc_2_s323,627078,627078,gpuv2-llr40-qwen38-omp-skills.n0.p32.w32,1,98.209458,2294720078.000000,23197313.000000,0.000000,graded_attempt,sources/gpuv2-llr40-qwen38-omp-skills/tsvc_2_s323/627078.627078.gpuv2-llr40-qwen38-omp-skills.n0.p32.w32/candidate_01_submission.txt,2463e152ecae7fb61d980e7c365d0a30e091bed828a130d965c6d419820ee9f3
gpuv4-llr40-oss120b-pytriton,numba,python,tsvc_2_s323,627175,627175,gpuv4-llr40-oss120b-pytriton.n0.p32.w32,1,2.958215,2305988353.000000,777795945.000000,0.000000,graded_attempt,sources/gpuv4-llr40-oss120b-pytriton/tsvc_2_s323/627175.627175.gpuv4-llr40-oss120b-pytriton.n0.p32.w32/candidate_01_submission.txt,a4020dc7feaaf96f0b8edf6ffdbadd6487918bfed6e0a4a5e1559f48210bb485
gpuv4-llr40-oss120b-pytriton-skills,numba,python,tsvc_2_s323,627176,627176,gpuv4-llr40-oss120b-pytriton-skills.n0.p32.w32,1,3.682137,2448333339.000000,568996872.000000,0.000000,graded_attempt,sources/gpuv4-llr40-oss120b-pytriton-skills/tsvc_2_s323/627176.627176.gpuv4-llr40-oss120b-pytriton-skills.n0.p32.w32/candidate_01_submission.txt,72c139427424ce0461fddd5b5c561b88776480fe38e2aa1675c4073c4877f46e
gpuv4-llr40-qwen38-pytriton,numba,python,tsvc_2_s323,627019,627019,gpuv4-llr40-qwen38-pytriton.n0.p32.w32,1,85.438592,2438760813.000000,27339074.000000,0.000000,graded_attempt,sources/gpuv4-llr40-qwen38-pytriton/tsvc_2_s323/627019.627019.gpuv4-llr40-qwen38-pytriton.n0.p32.w32/candidate_01_submission.txt,d28d8d4ac042104956cc31e330aac5063f7c03dd54e3b5885c3e08c311aef6e1
gpuv4-llr40-qwen38-pytriton,numba,python,tsvc_2_s323,627230,627230,gpuv4-llr40-qwen38-pytriton.n0.p32.w32,1,4.583215,146190307.000000,30396135.000000,0.000000,graded_attempt,sources/gpuv4-llr40-qwen38-pytriton/tsvc_2_s323/627230.627230.gpuv4-llr40-qwen38-pytriton.n0.p32.w32/candidate_01_submission.txt,acd586f0eec3de5fa0b8afc50393f51aad29d04e63ee533f9ff90b9ca819186e
gpuv4-llr40-qwen38-pytriton-skills,numba,python,tsvc_2_s323,627020,627020,gpuv4-llr40-qwen38-pytriton-skills.n0.p32.w32,3,78.901106,2306781389.000000,28524290.000000,0.000000,graded_attempt,sources/gpuv4-llr40-qwen38-pytriton-skills/tsvc_2_s323/627020.627020.gpuv4-llr40-qwen38-pytriton-skills.n0.p32.w32/candidate_03_submission.txt,f64229cc0765f7a9f99ff7c06597c2f30cfe8417c9c9273f4395ba67c099e702
gpuv4-llr40-qwen38-pytriton-skills,numba,python,tsvc_2_s323,627020,627020,gpuv4-llr40-qwen38-pytriton-skills.n0.p32.w32,2,4.913826,2306781389.000000,462376246.000000,0.000000,graded_attempt,sources/gpuv4-llr40-qwen38-pytriton-skills/tsvc_2_s323/627020.627020.gpuv4-llr40-qwen38-pytriton-skills.n0.p32.w32/candidate_02_submission.txt,9bf9ebee88c3953d948e39bc9068b7753ed0fa531415c378cee4190ec08dd99a
gpuv4-llr40-qwen38-pytriton-skills,numba,python,tsvc_2_s323,627231,627231,gpuv4-llr40-qwen38-pytriton-skills.n0.p32.w32,1,2.194768,145950641.000000,66006780.000000,0.000000,graded_attempt,sources/gpuv4-llr40-qwen38-pytriton-skills/tsvc_2_s323/627231.627231.gpuv4-llr40-qwen38-pytriton-skills.n0.p32.w32/candidate_01_submission.txt,2a8f19d289897970d6b33daf7c6c1931c15a465291c97861ed6fa9974bf33232
gpuv4-llr40-qwen38-pytriton-skills,numba,python,tsvc_2_s323,627020,627020,gpuv4-llr40-qwen38-pytriton-skills.n0.p32.w32,1,1.295256,2306781389.000000,477607941.000000,0.000000,graded_attempt,sources/gpuv4-llr40-qwen38-pytriton-skills/tsvc_2_s323/627020.627020.gpuv4-llr40-qwen38-pytriton-skills.n0.p32.w32/candidate_01_submission.txt,4d1a319ac5a487dcc9bd89bd5ad4c0d65408f3a03a41e9c1c62821cc7067d4e7
llr40v10-kimi27sglang-fortran,numba,fortran,tsvc_2_s323,621732,621732,llr40v10-kimi27sglang-fortran.n0.p12.w12,1,15.277645,2446047949.000000,150219481.000000,0.000000,graded_attempt,sources/llr40v10-kimi27sglang-fortran/tsvc_2_s323/621732.621732.llr40v10-kimi27sglang-fortran.n0.p12.w12/candidate_01_submission.txt,d338467c82b957d1b0cd25d6701ab49e73359b8d96811a6e837d73e7f4a42421
llr40v10-kimi27sglang-fortran,c,fortran,tsvc_2_s323,621022,621022,llr40v10-kimi27sglang-fortran.n0.p12.w12,1,1.020100,151238914.000000,147880621.000000,0.000000,graded_attempt,sources/llr40v10-kimi27sglang-fortran/tsvc_2_s323/621022.621022.llr40v10-kimi27sglang-fortran.n0.p12.w12/candidate_01_submission.txt,86c6e7e86beeed9266b622a8b88769429480394724436b84434aff93ee47aead
llr40v10-kimi27sglang-fortran-skills,numba,fortran,tsvc_2_s323,621030,621030,llr40v10-kimi27sglang-fortran-skills.n0.p12.w12,1,15.740573,2356841673.000000,148424231.000000,0.000000,graded_attempt,sources/llr40v10-kimi27sglang-fortran-skills/tsvc_2_s323/621030.621030.llr40v10-kimi27sglang-fortran-skills.n0.p12.w12/candidate_02_submission.txt,39ce9be96ff382619ee21b9c6402427e9db381b9fb29ce828a54fb7eb64aca54
llr40v10-oss120b-fortran,c,fortran,tsvc_2_s323,621384,621384,llr40v10-oss120b-fortran.n0.p32.w32,1,1.000000,148864438.000000,147305902.000000,0.000000,graded_attempt,sources/llr40v10-oss120b-fortran/tsvc_2_s323/621384.621384.llr40v10-oss120b-fortran.n0.p32.w32/candidate_01_submission.txt,e6deff29877534d4e12c02f42976bc647fe5d8a56a2dd83db56fd9e75c0fff9e
llr40v10-qwen38-c,numba,c,tsvc_2_s323,621727,621727,llr40v10-qwen38-c.n0.p32.w32,1,16.056959,2438305033.000000,147421831.000000,0.000000,graded_attempt,sources/llr40v10-qwen38-c/tsvc_2_s323/621727.621727.llr40v10-qwen38-c.n0.p32.w32/candidate_01_submission.txt,1d8d4e93f9f4125810ba6a443bdf5a06ddd04bd87a6373b09c0e954a5ae53df9
llr40v10-qwen38-fortran,numba,fortran,tsvc_2_s323,622266,622266,llr40v10-qwen38-fortran.n0.p32.w32,1,15.897979,2349573674.000000,147236664.000000,0.000000,graded_attempt,sources/llr40v10-qwen38-fortran/tsvc_2_s323/622266.622266.llr40v10-qwen38-fortran.n0.p32.w32/candidate_01_submission.txt,f02b795a5efe7dc179d5f69b9d0e7c626045e9f900fc54365d22a42b3ab58a65
llr40v10-qwen38-fortran,c,fortran,tsvc_2_s323,621020,621020,llr40v10-qwen38-fortran.n0.p32.w32,1,1.020100,150214159.000000,146936129.000000,0.000000,graded_attempt,sources/llr40v10-qwen38-fortran/tsvc_2_s323/621020.621020.llr40v10-qwen38-fortran.n0.p32.w32/candidate_01_submission.txt,d89c3e3c463e6ef6184a9d4aaa95626048a879e9d7a90108dfc2f45339103524
llr40v10-qwen38-fortran-skills,numba,fortran,tsvc_2_s323,621028,621028,llr40v10-qwen38-fortran-skills.n0.p32.w32,1,16.217528,2436562663.000000,146940476.000000,0.000000,graded_attempt,sources/llr40v10-qwen38-fortran-skills/tsvc_2_s323/621028.621028.llr40v10-qwen38-fortran-skills.n0.p32.w32/candidate_01_submission.txt,aefa945f98afe3ba9cca6e0c4d25136c8528fdb783d6a74b336b3dcbfdd004d6
llr40v11-kimi27sglang-c,numba,c,tsvc_2_s323,625534,625534,llr40v11-kimi27sglang-c.n0.p12.w12,1,14.108649,2061008732.000000,146993484.000000,0.000000,graded_attempt,sources/llr40v11-kimi27sglang-c/tsvc_2_s323/625534.625534.llr40v11-kimi27sglang-c.n0.p12.w12/candidate_01_submission.txt,9a528f110194924cf1248730ae03b188bfa7d6e98de0718a8a8dee9de16fdc82
llr40v11-kimi27sglang-fortran,numba,fortran,tsvc_2_s323,625542,625542,llr40v11-kimi27sglang-fortran.n0.p12.w12,1,4.274847,630598639.000000,146889278.000000,0.000000,graded_attempt,sources/llr40v11-kimi27sglang-fortran/tsvc_2_s323/625542.625542.llr40v11-kimi27sglang-fortran.n0.p12.w12/candidate_01_submission.txt,0bba61d7b4ce2bea8933caa43a7bb00441038959a98910ff7b93098bd1f2488c
llr40v11-oss120b-c-skills,numba,c,tsvc_2_s323,625535,625535,llr40v11-oss120b-c-skills.n0.p32.w32,1,15.126381,2450213287.000000,160413702.000000,0.000000,graded_attempt,sources/llr40v11-oss120b-c-skills/tsvc_2_s323/625535.625535.llr40v11-oss120b-c-skills.n0.p32.w32/candidate_01_submission.txt,7e155e82313cee025a722b5f48ec7e2d7a5850320259d38aaae0c6ce69511c35
llr40v11-oss120b-fortran,numba,fortran,tsvc_2_s323,625539,625539,llr40v11-oss120b-fortran.n0.p32.w32,1,1.020100,151853801.000000,146210252.000000,0.000000,graded_attempt,sources/llr40v11-oss120b-fortran/tsvc_2_s323/625539.625539.llr40v11-oss120b-fortran.n0.p32.w32/candidate_01_submission.txt,d9e1768c02751cd17924fdcefd8797fb1decff5b602774a8a680083a327a0e2c
llr40v11-oss120b-fortran,numba,fortran,tsvc_2_s323,625539,625539,llr40v11-oss120b-fortran.n0.p32.w32,2,1.010000,151853801.000000,147166057.000000,0.000000,graded_attempt,sources/llr40v11-oss120b-fortran/tsvc_2_s323/625539.625539.llr40v11-oss120b-fortran.n0.p32.w32/candidate_01_submission.txt,d9e1768c02751cd17924fdcefd8797fb1decff5b602774a8a680083a327a0e2c
llr40v11-oss120b-fortran,numba,fortran,tsvc_2_s323,625539,625539,llr40v11-oss120b-fortran.n0.p32.w32,3,1.000000,151853801.000000,172913516.000000,0.000000,graded_attempt,sources/llr40v11-oss120b-fortran/tsvc_2_s323/625539.625539.llr40v11-oss120b-fortran.n0.p32.w32/candidate_03_submission.txt,27d5e96583c92070bf6f372788d16a3b2e5ae642b31149fb3271725110ba7cb2
llr40v11-qwen38-fortran,numba,fortran,tsvc_2_s323,625540,625540,llr40v11-qwen38-fortran.n0.p32.w32,1,16.056959,2433142555.000000,147547924.000000,0.000000,graded_attempt,sources/llr40v11-qwen38-fortran/tsvc_2_s323/625540.625540.llr40v11-qwen38-fortran.n0.p32.w32/candidate_01_submission.txt,f9d06b0ade01d322756ff2b6cd47370d4ad9f7992a3b3aab45f518d9db11df55
v11w2-kimi27sglang-c-skills,numba,c,tsvc_2_s323,626368,626368,v11w2-kimi27sglang-c-skills.n0.p10.w10,1,1.503752,2455501583.000000,158877858.000000,0.000000,graded_attempt,sources/v11w2-kimi27sglang-c-skills/tsvc_2_s323/626368.626368.v11w2-kimi27sglang-c-skills.n0.p10.w10/candidate_01_submission.txt,b3d8a8370bbd53d28ce1960dcb66b4efcafe115b0f587cc38a516fbccdbef01d
v11w2-kimi27sglang-fortran-skills,numba,fortran,tsvc_2_s323,626374,626374,v11w2-kimi27sglang-fortran-skills.n0.p9.w9,1,31.903481,4972957859.000000,149366974.000000,0.000000,graded_attempt,sources/v11w2-kimi27sglang-fortran-skills/tsvc_2_s323/626374.626374.v11w2-kimi27sglang-fortran-skills.n0.p9.w9/candidate_02_submission.txt,29b45d9a349573b4f9db50389c6ecf7b539911a8501fefd670e8ff115ffbeb92
v11w2-oss120b-c,numba,c,tsvc_2_s323,627005,627005,v11w2-oss120b-c.n0.p3.w3,1,39.710769,1296955041.000000,32440921.000000,0.000000,graded_attempt,sources/v11w2-oss120b-c/tsvc_2_s323/627005.627005.v11w2-oss120b-c.n0.p3.w3/candidate_01_submission.txt,63293db6b72ed7de329319fedce9f8dad7ef9db263049f438b20de46d3b33a4e
v11w2-oss120b-fortran-skills,numba,fortran,tsvc_2_s323,627012,627012,v11w2-oss120b-fortran-skills.n0.p7.w7,1,3.908663,151466923.000000,35606805.000000,0.000000,graded_attempt,sources/v11w2-oss120b-fortran-skills/tsvc_2_s323/627012.627012.v11w2-oss120b-fortran-skills.n0.p7.w7/candidate_01_submission.txt,8c2348cca37d73715ff8d162876d110eed39fbb8863c4fb7eb732fba70dfdc8d
v11w2-oss120b-fortran-skills,numba,fortran,tsvc_2_s323,627012,627012,v11w2-oss120b-fortran-skills.n0.p7.w7,3,3.609585,151466923.000000,33728541.000000,0.000000,graded_attempt,sources/v11w2-oss120b-fortran-skills/tsvc_2_s323/627012.627012.v11w2-oss120b-fortran-skills.n0.p7.w7/candidate_03_submission.txt,6c411f12ef144a940ed6feb27c79a71a4ab9c151413aec7a30ff62f17282843b
v11w2-oss120b-fortran-skills,numba,fortran,tsvc_2_s323,627012,627012,v11w2-oss120b-fortran-skills.n0.p7.w7,2,1.010000,151466923.000000,147046404.000000,0.000000,graded_attempt,sources/v11w2-oss120b-fortran-skills/tsvc_2_s323/627012.627012.v11w2-oss120b-fortran-skills.n0.p7.w7/candidate_02_submission.txt,eec1146f1dc8ce28517ce82a3aeb39743ceb67fa0d0bd3e6e36a554c79669549
v11w2-qwen38-c,numba,c,tsvc_2_s323,626365,626365,v11w2-qwen38-c.n0.p10.w10,1,9.959496,1497315467.000000,146360076.000000,0.000000,graded_attempt,sources/v11w2-qwen38-c/tsvc_2_s323/626365.626365.v11w2-qwen38-c.n0.p10.w10/candidate_01_submission.txt,6a0084872ba6bbb6326bc54475e4c7eb56c32dec05906227476471c21b034ab3
v11w2-qwen38-c-skills,numba,c,tsvc_2_s323,627008,627008,v11w2-qwen38-c-skills.n0.p2.w2,2,80.487018,2305207048.000000,28503905.000000,0.000000,graded_attempt,sources/v11w2-qwen38-c-skills/tsvc_2_s323/627008.627008.v11w2-qwen38-c-skills.n0.p2.w2/candidate_02_submission.txt,849b6b02fd105bff0ee1cc111320a86f1216fab6f40b31d09e212b05b84870af
v11w2-qwen38-c-skills,numba,c,tsvc_2_s323,627008,627008,v11w2-qwen38-c-skills.n0.p2.w2,1,63.388849,2305207048.000000,36280045.000000,0.000000,graded_attempt,sources/v11w2-qwen38-c-skills/tsvc_2_s323/627008.627008.v11w2-qwen38-c-skills.n0.p2.w2/candidate_01_submission.txt,d0563d9f51dbdf430acfd0b6c2019aef7ad568fa73dbbc28ad4223244183009e
v11w2-qwen38-fortran-skills,numba,fortran,tsvc_2_s323,627014,627014,v11w2-qwen38-fortran-skills.n0.p3.w3,1,57.385098,2358830529.000000,32957439.000000,0.000000,graded_attempt,sources/v11w2-qwen38-fortran-skills/tsvc_2_s323/627014.627014.v11w2-qwen38-fortran-skills.n0.p3.w3/candidate_01_submission.txt,42b339dc4a67e407d9972fec3682afa2ea9b8efd68dbc1c947f75658b7bc0e41
gpuv2-llr40-oss120b-hip,numba,hip,tsvc_2_s4112,627167,627167,gpuv2-llr40-oss120b-hip.n0.p33.w33,1,10.892554,35012435.000000,3107445.000000,0.000000,graded_attempt,sources/gpuv2-llr40-oss120b-hip/tsvc_2_s4112/627167.627167.gpuv2-llr40-oss120b-hip.n0.p33.w33/candidate_01_submission.txt,fcaabc99034c6db8b3889be1e5299c1dabe331f6f274762d7a1cf4e8e0acaaba
gpuv2-llr40-oss120b-hip-skills,numba,hip,tsvc_2_s4112,627168,627168,gpuv2-llr40-oss120b-hip-skills.n0.p33.w33,1,10.892554,35724012.000000,3203948.000000,0.000000,graded_attempt,sources/gpuv2-llr40-oss120b-hip-skills/tsvc_2_s4112/627168.627168.gpuv2-llr40-oss120b-hip-skills.n0.p33.w33/candidate_01_submission.txt,1937875e851bd8bcb9112caa5076351a0f0f8c3b7b3922a02dc1368d11b03ad0
gpuv2-llr40-oss120b-omp,numba,c,tsvc_2_s4112,627173,627173,gpuv2-llr40-oss120b-omp.n0.p33.w33,1,6.557520,35150859.000000,5292115.000000,0.000000,graded_attempt,sources/gpuv2-llr40-oss120b-omp/tsvc_2_s4112/627173.627173.gpuv2-llr40-oss120b-omp.n0.p33.w33/candidate_01_submission.txt,7cce448b616c0f0457da0ba4985fb54f34865e4b0ff12fa1a2738ea734ba5137
gpuv2-llr40-oss120b-omp-skills,numba,c,tsvc_2_s4112,627174,627174,gpuv2-llr40-oss120b-omp-skills.n0.p33.w33,1,6.756220,35297387.000000,5110829.000000,0.000000,graded_attempt,sources/gpuv2-llr40-oss120b-omp-skills/tsvc_2_s4112/627174.627174.gpuv2-llr40-oss120b-omp-skills.n0.p33.w33/candidate_01_submission.txt,f744756c48931539c4d167954a81c324faa624587cd6eca28ac6473054c148ad
gpuv2-llr40-qwen38-hip,numba,hip,tsvc_2_s4112,627017,627017,gpuv2-llr40-qwen38-hip.n0.p33.w33,1,11.111494,35345552.000000,3017618.000000,0.000000,graded_attempt,sources/gpuv2-llr40-qwen38-hip/tsvc_2_s4112/627017.627017.gpuv2-llr40-qwen38-hip.n0.p33.w33/candidate_01_submission.txt,4fd29ce5978bdd9fdb349ed54e41c23759c0672b10381601ae4666194713e01b
gpuv2-llr40-qwen38-hip,numba,hip,tsvc_2_s4112,627017,627017,gpuv2-llr40-qwen38-hip.n0.p33.w33,3,11.111494,35345552.000000,3094177.000000,0.000000,graded_attempt,sources/gpuv2-llr40-qwen38-hip/tsvc_2_s4112/627017.627017.gpuv2-llr40-qwen38-hip.n0.p33.w33/candidate_03_submission.txt,17abb3204de71862805f088ae6ea52c5690ac19c063ce658e06622fbd0c257d8
gpuv2-llr40-qwen38-hip,numba,hip,tsvc_2_s4112,627017,627017,gpuv2-llr40-qwen38-hip.n0.p33.w33,2,11.001479,35345552.000000,3139380.000000,0.000000,graded_attempt,sources/gpuv2-llr40-qwen38-hip/tsvc_2_s4112/627017.627017.gpuv2-llr40-qwen38-hip.n0.p33.w33/candidate_01_submission.txt,4fd29ce5978bdd9fdb349ed54e41c23759c0672b10381601ae4666194713e01b
gpuv2-llr40-qwen38-hip,numba,hip,tsvc_2_s4112,626645,626645,gpuv2-llr40-qwen38-hip.n0.p33.w33,1,10.784707,35024711.000000,3063278.000000,0.000000,graded_attempt,sources/gpuv2-llr40-qwen38-hip/tsvc_2_s4112/626645.626645.gpuv2-llr40-qwen38-hip.n0.p33.w33/candidate_01_submission.txt,493490d85dd8724a151ef92b33c7810f2b23cd3b7e49e6347983e72d87567abf
gpuv2-llr40-qwen38-hip-skills,numba,hip,tsvc_2_s4112,626646,626646,gpuv2-llr40-qwen38-hip-skills.n0.p33.w33,1,11.001479,35178117.000000,3026355.000000,0.000000,graded_attempt,sources/gpuv2-llr40-qwen38-hip-skills/tsvc_2_s4112/626646.626646.gpuv2-llr40-qwen38-hip-skills.n0.p33.w33/candidate_01_submission.txt,a7cc2b0efb991d8bdd914b759df250d930cc67342d3fcdb61c4eda9439262757
gpuv2-llr40-qwen38-hip-skills,numba,hip,tsvc_2_s4112,627018,627018,gpuv2-llr40-qwen38-hip-skills.n0.p33.w33,2,10.677927,35228024.000000,3206948.000000,0.000000,graded_attempt,sources/gpuv2-llr40-qwen38-hip-skills/tsvc_2_s4112/627018.627018.gpuv2-llr40-qwen38-hip-skills.n0.p33.w33/candidate_02_submission.txt,9bad5b9850f35082fb011d81951a09e582783839d3e4d50f475841c71ee3db22
gpuv2-llr40-qwen38-hip-skills,numba,hip,tsvc_2_s4112,627018,627018,gpuv2-llr40-qwen38-hip-skills.n0.p33.w33,3,10.677927,35228024.000000,3163096.000000,0.000000,graded_attempt,sources/gpuv2-llr40-qwen38-hip-skills/tsvc_2_s4112/627018.627018.gpuv2-llr40-qwen38-hip-skills.n0.p33.w33/candidate_03_submission.txt,d601d71e4d039e26302247da713d0ac5d72db072567a1bc87aa158ea28e853ae
gpuv2-llr40-qwen38-hip-skills,numba,hip,tsvc_2_s4112,627018,627018,gpuv2-llr40-qwen38-hip-skills.n0.p33.w33,4,10.677927,35228024.000000,3201617.000000,0.000000,graded_attempt,sources/gpuv2-llr40-qwen38-hip-skills/tsvc_2_s4112/627018.627018.gpuv2-llr40-qwen38-hip-skills.n0.p33.w33/candidate_03_submission.txt,d601d71e4d039e26302247da713d0ac5d72db072567a1bc87aa158ea28e853ae
gpuv2-llr40-qwen38-hip-skills,numba,hip,tsvc_2_s4112,627018,627018,gpuv2-llr40-qwen38-hip-skills.n0.p33.w33,1,10.572205,35228024.000000,3179296.000000,0.000000,graded_attempt,sources/gpuv2-llr40-qwen38-hip-skills/tsvc_2_s4112/627018.627018.gpuv2-llr40-qwen38-hip-skills.n0.p33.w33/candidate_01_submission.txt,a9adc2aa3916f56b3844afdd81188307a81c148285d984d8f44c2be55ba22a2f
gpuv4-llr40-oss120b-pytriton,numba,python,tsvc_2_s4112,627175,627175,gpuv4-llr40-oss120b-pytriton.n0.p33.w33,1,1.000000,35058973.000000,34797973.000000,0.000000,graded_attempt,sources/gpuv4-llr40-oss120b-pytriton/tsvc_2_s4112/627175.627175.gpuv4-llr40-oss120b-pytriton.n0.p33.w33/candidate_01_submission.txt,06188fab2545d609b79cb80ed9315c4204c96c3d91e45a859788d523b21353be
gpuv4-llr40-qwen38-pytriton-skills,numba,python,tsvc_2_s4112,626651,626651,gpuv4-llr40-qwen38-pytriton-skills.n0.p33.w33,1,1.010000,34974926.000000,34418055.000000,0.000000,graded_attempt,sources/gpuv4-llr40-qwen38-pytriton-skills/tsvc_2_s4112/626651.626651.gpuv4-llr40-qwen38-pytriton-skills.n0.p33.w33/candidate_01_submission.txt,c85857c050a6a46ba9d8c9c8ca573a0da257096458b118e93b0eb43261f1fae0
gpuv4-llr40-qwen38-pytriton-skills,numba,python,tsvc_2_s4112,627020,627020,gpuv4-llr40-qwen38-pytriton-skills.n0.p33.w33,1,1.000000,34899097.000000,35035038.000000,0.000000,graded_attempt,sources/gpuv4-llr40-qwen38-pytriton-skills/tsvc_2_s4112/627020.627020.gpuv4-llr40-qwen38-pytriton-skills.n0.p33.w33/candidate_01_submission.txt,9fb90ae7f5a60da88d57aac758223e17da83d9efc190aee68af4085dc8776b7f
gpuv4-llr40-qwen38-pytriton-skills,numba,python,tsvc_2_s4112,627020,627020,gpuv4-llr40-qwen38-pytriton-skills.n0.p33.w33,2,1.000000,34899097.000000,34874041.000000,0.000000,graded_attempt,sources/gpuv4-llr40-qwen38-pytriton-skills/tsvc_2_s4112/627020.627020.gpuv4-llr40-qwen38-pytriton-skills.n0.p33.w33/candidate_02_submission.txt,ef2a6204b770a7aea3dc284b3814f8c03a759778c3dc118556681cc72cb2b0bf
gpuv4-llr40-qwen38-pytriton-skills,numba,python,tsvc_2_s4112,627231,627231,gpuv4-llr40-qwen38-pytriton-skills.n0.p33.w33,1,1.000000,35236796.000000,35157136.000000,0.000000,graded_attempt,sources/gpuv4-llr40-qwen38-pytriton-skills/tsvc_2_s4112/627231.627231.gpuv4-llr40-qwen38-pytriton-skills.n0.p33.w33/candidate_01_submission.txt,0883e6432ea6d1cd1167d1e5de81909e046e1f28237c00a172e0af305be4c96a
llr40v10-kimi27sglang-c,numba,c,tsvc_2_s4112,621730,621730,llr40v10-kimi27sglang-c.n0.p13.w13,2,1.051010,36445647.000000,34242428.000000,0.000000,graded_attempt,sources/llr40v10-kimi27sglang-c/tsvc_2_s4112/621730.621730.llr40v10-kimi27sglang-c.n0.p13.w13/candidate_02_submission.txt,cfe72f645519900dd310bf70b927e8d4839c4b71b9e0c8979582377bd0d46855
llr40v10-kimi27sglang-c,numba,c,tsvc_2_s4112,621730,621730,llr40v10-kimi27sglang-c.n0.p13.w13,1,1.020100,36445647.000000,35558215.000000,0.000000,graded_attempt,sources/llr40v10-kimi27sglang-c/tsvc_2_s4112/621730.621730.llr40v10-kimi27sglang-c.n0.p13.w13/candidate_01_submission.txt,90819fe509d7ee2c64fae59894f1afec307dd2c72f3412d64c0052797f18bd7a
llr40v10-kimi27sglang-fortran,c,fortran,tsvc_2_s4112,621022,621022,llr40v10-kimi27sglang-fortran.n0.p13.w13,1,22.521120,811206874.000000,35333121.000000,0.000000,graded_attempt,sources/llr40v10-kimi27sglang-fortran/tsvc_2_s4112/621022.621022.llr40v10-kimi27sglang-fortran.n0.p13.w13/candidate_01_submission.txt,732c18a8db690a5bae092c5b9ee0eba3e409c6f18162fdede66ad6905f6c46a1
llr40v10-oss120b-c,c,c,tsvc_2_s4112,621382,621382,llr40v10-oss120b-c.n0.p33.w33,1,22.746332,813578699.000000,35261025.000000,0.000000,graded_attempt,sources/llr40v10-oss120b-c/tsvc_2_s4112/621382.621382.llr40v10-oss120b-c.n0.p33.w33/candidate_01_submission.txt,93fee5121e469a3cd0494d7bc204914c47da3f416131ce01839c2b65770f3fcc
llr40v10-oss120b-c,c,c,tsvc_2_s4112,621015,621015,llr40v10-oss120b-c.n0.p33.w33,1,19.986351,962342109.000000,47726634.000000,0.000000,graded_attempt,sources/llr40v10-oss120b-c/tsvc_2_s4112/621015.621015.llr40v10-oss120b-c.n0.p33.w33/candidate_01_submission.txt,3fe8ab8329a4fa42734bb0f40032f330b4a9bf28acd8f02f9cfe2b98a8444d6a
llr40v10-oss120b-c-skills,numba,c,tsvc_2_s4112,621023,621023,llr40v10-oss120b-c-skills.n0.p33.w33,1,1.000000,35261387.000000,35016533.000000,0.000000,graded_attempt,sources/llr40v10-oss120b-c-skills/tsvc_2_s4112/621023.621023.llr40v10-oss120b-c-skills.n0.p33.w33/candidate_01_submission.txt,9b5ac0cfecdde3f13dd2d65c28bdc0ca02eb2488cc25a91daf19b9212f2f4f18
llr40v10-oss120b-fortran,c,fortran,tsvc_2_s4112,621384,621384,llr40v10-oss120b-fortran.n0.p33.w33,1,21.428073,764346657.000000,34865300.000000,0.000000,graded_attempt,sources/llr40v10-oss120b-fortran/tsvc_2_s4112/621384.621384.llr40v10-oss120b-fortran.n0.p33.w33/candidate_01_submission.txt,bae0dfd83bbd73b559ceaf4021b480a6800adadd99a7c88c1ea205203d76cb99
llr40v10-oss120b-fortran-skills,numba,fortran,tsvc_2_s4112,621027,621027,llr40v10-oss120b-fortran-skills.n0.p33.w33,1,1.000000,35308486.000000,35181328.000000,0.000000,graded_attempt,sources/llr40v10-oss120b-fortran-skills/tsvc_2_s4112/621027.621027.llr40v10-oss120b-fortran-skills.n0.p33.w33/candidate_01_submission.txt,ac13eb5b4c96188105f15143fdeac3097c3dc9cbae228575a15d9fd112f59e52
llr40v10-qwen38-c,c,c,tsvc_2_s4112,621016,621016,llr40v10-qwen38-c.n0.p33.w33,1,22.298139,804683522.000000,35353962.000000,0.000000,graded_attempt,sources/llr40v10-qwen38-c/tsvc_2_s4112/621016.621016.llr40v10-qwen38-c.n0.p33.w33/candidate_01_submission.txt,e27d548a0f6b2f3fbee4712cf5dd003d6e0257d1cce9afaea61123d46fcdd3a3
llr40v10-qwen38-fortran,c,fortran,tsvc_2_s4112,621020,621020,llr40v10-qwen38-fortran.n0.p33.w33,1,22.298139,800050479.000000,35155121.000000,0.000000,graded_attempt,sources/llr40v10-qwen38-fortran/tsvc_2_s4112/621020.621020.llr40v10-qwen38-fortran.n0.p33.w33/candidate_01_submission.txt,0b578c8e37ac8876afc6859408894fec7c78a33d5d50ad44498d4eb2c288b196
llr40v10-qwen38-fortran,c,fortran,tsvc_2_s4112,621385,621385,llr40v10-qwen38-fortran.n0.p33.w33,1,21.428073,769691289.000000,35196921.000000,0.000000,graded_attempt,sources/llr40v10-qwen38-fortran/tsvc_2_s4112/621385.621385.llr40v10-qwen38-fortran.n0.p33.w33/candidate_01_submission.txt,42c3a8a91c7188b0452dc3ffe3f465f76d3ad95aec509fba6351fff97b1219df
llr40v10-qwen38-fortran,numba,fortran,tsvc_2_s4112,621728,621728,llr40v10-qwen38-fortran.n0.p33.w33,1,1.000000,35227135.000000,35118835.000000,0.000000,graded_attempt,sources/llr40v10-qwen38-fortran/tsvc_2_s4112/621728.621728.llr40v10-qwen38-fortran.n0.p33.w33/candidate_01_submission.txt,e457036b787815f81c8053608546a9c20f4631f96e53207cfd3edb2ad3fe6cc9
llr40v11-kimi27sglang-c,numba,c,tsvc_2_s4112,625534,625534,llr40v11-kimi27sglang-c.n0.p13.w13,1,1.000000,35283068.000000,34995387.000000,0.000000,graded_attempt,sources/llr40v11-kimi27sglang-c/tsvc_2_s4112/625534.625534.llr40v11-kimi27sglang-c.n0.p13.w13/candidate_01_submission.txt,9634e24b5d47d23d649c091c7933f517ff39f866b705684ad6edb18d34ce12ff
llr40v11-kimi27sglang-fortran,numba,fortran,tsvc_2_s4112,625542,625542,llr40v11-kimi27sglang-fortran.n0.p13.w13,1,1.000000,35165435.000000,35236836.000000,0.000000,graded_attempt,sources/llr40v11-kimi27sglang-fortran/tsvc_2_s4112/625542.625542.llr40v11-kimi27sglang-fortran.n0.p13.w13/candidate_01_submission.txt,e82558057a7e9678e9645914d396b646f8ce22ca364910fc19de5497c6abd07a
llr40v11-oss120b-c,numba,c,tsvc_2_s4112,625531,625531,llr40v11-oss120b-c.n0.p33.w33,1,1.010000,35223848.000000,34743139.000000,0.000000,graded_attempt,sources/llr40v11-oss120b-c/tsvc_2_s4112/625531.625531.llr40v11-oss120b-c.n0.p33.w33/candidate_01_submission.txt,99aba41cf036bf08e462eb9b941e2c8f22de61f701ddedfe0fcbf3775ef54518
llr40v11-oss120b-c,numba,c,tsvc_2_s4112,625531,625531,llr40v11-oss120b-c.n0.p33.w33,2,1.010000,35223848.000000,34611413.000000,0.000000,graded_attempt,sources/llr40v11-oss120b-c/tsvc_2_s4112/625531.625531.llr40v11-oss120b-c.n0.p33.w33/candidate_02_submission.txt,9bf0a1902ce511d121b3027a0d420c1e0d6a9fb55affdf8f315cc1edaa9fba52
llr40v11-oss120b-c-skills,numba,c,tsvc_2_s4112,625535,625535,llr40v11-oss120b-c-skills.n0.p33.w33,1,1.000000,35106208.000000,34824585.000000,0.000000,graded_attempt,sources/llr40v11-oss120b-c-skills/tsvc_2_s4112/625535.625535.llr40v11-oss120b-c-skills.n0.p33.w33/candidate_01_submission.txt,4898c3218f0d9f68686c44afd73c69d035c6f2b6702d5871c87c04a2fef75e10
llr40v11-qwen38-c,numba,c,tsvc_2_s4112,625532,625532,llr40v11-qwen38-c.n0.p33.w33,1,1.196147,35230937.000000,29457989.000000,0.000000,graded_attempt,sources/llr40v11-qwen38-c/tsvc_2_s4112/625532.625532.llr40v11-qwen38-c.n0.p33.w33/candidate_01_submission.txt,70ba41fa232d8010a818bc51c5a299ac4cb8b19cd0b72a85177a1ec1810398a4
llr40v11-qwen38-fortran-skills,numba,fortran,tsvc_2_s4112,625544,625544,llr40v11-qwen38-fortran-skills.n0.p33.w33,1,1.000000,35328747.000000,35499358.000000,0.000000,graded_attempt,sources/llr40v11-qwen38-fortran-skills/tsvc_2_s4112/625544.625544.llr40v11-qwen38-fortran-skills.n0.p33.w33/candidate_01_submission.txt,2bfde41af931367eea143a69a85f033baeecadffe72a838e3d81b32c2debeac6
v11w2-kimi27sglang-c-skills,numba,c,tsvc_2_s4112,627010,627010,v11w2-kimi27sglang-c-skills.n0.p2.w2,6,1.208109,34810281.000000,28838519.000000,0.000000,graded_attempt,sources/v11w2-kimi27sglang-c-skills/tsvc_2_s4112/627010.627010.v11w2-kimi27sglang-c-skills.n0.p2.w2/candidate_06_submission.txt,a9a52835030d2acf870cfaee4acdf3c6cc8bf2b14ac52b7645108af021fa57b7
v11w2-kimi27sglang-c-skills,numba,c,tsvc_2_s4112,627010,627010,v11w2-kimi27sglang-c-skills.n0.p2.w2,7,1.208109,34758161.000000,28725621.000000,0.000000,graded_attempt,sources/v11w2-kimi27sglang-c-skills/tsvc_2_s4112/627010.627010.v11w2-kimi27sglang-c-skills.n0.p2.w2/candidate_06_submission.txt,a9a52835030d2acf870cfaee4acdf3c6cc8bf2b14ac52b7645108af021fa57b7
v11w2-kimi27sglang-c-skills,numba,c,tsvc_2_s4112,627010,627010,v11w2-kimi27sglang-c-skills.n0.p2.w2,3,1.196147,34810281.000000,28877470.000000,0.000000,graded_attempt,sources/v11w2-kimi27sglang-c-skills/tsvc_2_s4112/627010.627010.v11w2-kimi27sglang-c-skills.n0.p2.w2/candidate_03_submission.txt,7fa1f0d4fa8940d69c4960ab24448e6782bc536c00576c075e5b8d5ea2e8cd3a
v11w2-kimi27sglang-c-skills,numba,c,tsvc_2_s4112,627010,627010,v11w2-kimi27sglang-c-skills.n0.p2.w2,4,1.196147,34810281.000000,28892660.000000,0.000000,graded_attempt,sources/v11w2-kimi27sglang-c-skills/tsvc_2_s4112/627010.627010.v11w2-kimi27sglang-c-skills.n0.p2.w2/candidate_04_submission.txt,fb234b1d03fb1aef657bf385eeb9745d9d9e5f4ec6b3ff12770df92e947204f2
v11w2-kimi27sglang-c-skills,numba,c,tsvc_2_s4112,627010,627010,v11w2-kimi27sglang-c-skills.n0.p2.w2,5,1.196147,34810281.000000,28910091.000000,0.000000,graded_attempt,sources/v11w2-kimi27sglang-c-skills/tsvc_2_s4112/627010.627010.v11w2-kimi27sglang-c-skills.n0.p2.w2/candidate_05_submission.txt,49e96dc0b6d6b896583f54f976a16c8c1938a88c81e6c810d743cc8b525eb0e2
v11w2-kimi27sglang-c-skills,numba,c,tsvc_2_s4112,627010,627010,v11w2-kimi27sglang-c-skills.n0.p2.w2,2,1.104622,34810281.000000,30910173.000000,0.000000,graded_attempt,sources/v11w2-kimi27sglang-c-skills/tsvc_2_s4112/627010.627010.v11w2-kimi27sglang-c-skills.n0.p2.w2/candidate_02_submission.txt,d7cf476ecf6842c4afd11c4042abcfca32f601086823193ca6beae96389a3bb2
v11w2-kimi27sglang-c-skills,numba,c,tsvc_2_s4112,627010,627010,v11w2-kimi27sglang-c-skills.n0.p2.w2,1,1.010000,34810281.000000,34118787.000000,0.000000,graded_attempt,sources/v11w2-kimi27sglang-c-skills/tsvc_2_s4112/627010.627010.v11w2-kimi27sglang-c-skills.n0.p2.w2/candidate_01_submission.txt,7dd610eebdf61f97ada2d046d6b85ad87db0cbae34fe734f57cc231d1fdddf3c
v11w2-kimi27sglang-fortran-skills,numba,fortran,tsvc_2_s4112,627016,627016,v11w2-kimi27sglang-fortran-skills.n0.p2.w2,2,1.051010,34413463.000000,32843650.000000,0.000000,graded_attempt,sources/v11w2-kimi27sglang-fortran-skills/tsvc_2_s4112/627016.627016.v11w2-kimi27sglang-fortran-skills.n0.p2.w2/candidate_02_submission.txt,cc60ff2a2f738185c0381d7ff14e76992cffe5ce341334c5c02a817996e1cbe9
v11w2-kimi27sglang-fortran-skills,numba,fortran,tsvc_2_s4112,627016,627016,v11w2-kimi27sglang-fortran-skills.n0.p2.w2,3,1.051010,34413463.000000,32796798.000000,0.000000,graded_attempt,sources/v11w2-kimi27sglang-fortran-skills/tsvc_2_s4112/627016.627016.v11w2-kimi27sglang-fortran-skills.n0.p2.w2/candidate_03_submission.txt,be36fef89e43850ec48716847bf800f942049a046a16628eb283d01126c63c9e
v11w2-kimi27sglang-fortran-skills,numba,fortran,tsvc_2_s4112,627016,627016,v11w2-kimi27sglang-fortran-skills.n0.p2.w2,5,1.051010,34413463.000000,32917495.000000,0.000000,graded_attempt,sources/v11w2-kimi27sglang-fortran-skills/tsvc_2_s4112/627016.627016.v11w2-kimi27sglang-fortran-skills.n0.p2.w2/candidate_04_submission.txt,a55b0860ac604a8057036e87c0172fb98c006c9fb59987fe5ab979c809680028
v11w2-kimi27sglang-fortran-skills,numba,fortran,tsvc_2_s4112,627016,627016,v11w2-kimi27sglang-fortran-skills.n0.p2.w2,6,1.051010,34413463.000000,32790461.000000,0.000000,graded_attempt,sources/v11w2-kimi27sglang-fortran-skills/tsvc_2_s4112/627016.627016.v11w2-kimi27sglang-fortran-skills.n0.p2.w2/candidate_03_submission.txt,be36fef89e43850ec48716847bf800f942049a046a16628eb283d01126c63c9e
v11w2-kimi27sglang-fortran-skills,numba,fortran,tsvc_2_s4112,627016,627016,v11w2-kimi27sglang-fortran-skills.n0.p2.w2,7,1.051010,34413463.000000,32808736.000000,0.000000,graded_attempt,sources/v11w2-kimi27sglang-fortran-skills/tsvc_2_s4112/627016.627016.v11w2-kimi27sglang-fortran-skills.n0.p2.w2/candidate_03_submission.txt,be36fef89e43850ec48716847bf800f942049a046a16628eb283d01126c63c9e
v11w2-kimi27sglang-fortran-skills,numba,fortran,tsvc_2_s4112,627016,627016,v11w2-kimi27sglang-fortran-skills.n0.p2.w2,4,1.040604,34413463.000000,32981279.000000,0.000000,graded_attempt,sources/v11w2-kimi27sglang-fortran-skills/tsvc_2_s4112/627016.627016.v11w2-kimi27sglang-fortran-skills.n0.p2.w2/candidate_04_submission.txt,a55b0860ac604a8057036e87c0172fb98c006c9fb59987fe5ab979c809680028
v11w2-kimi27sglang-fortran-skills,numba,fortran,tsvc_2_s4112,627016,627016,v11w2-kimi27sglang-fortran-skills.n0.p2.w2,1,1.010000,34413463.000000,33881817.000000,0.000000,graded_attempt,sources/v11w2-kimi27sglang-fortran-skills/tsvc_2_s4112/627016.627016.v11w2-kimi27sglang-fortran-skills.n0.p2.w2/candidate_01_submission.txt,64e4a478c11e7d1f4863350b763c2d1bdd930ddff2a0e42b5e13ac970676955b
v11w2-oss120b-fortran,numba,fortran,tsvc_2_s4112,626369,626369,v11w2-oss120b-fortran.n0.p11.w11,1,1.000000,36171832.000000,36019331.000000,0.000000,graded_attempt,sources/v11w2-oss120b-fortran/tsvc_2_s4112/626369.626369.v11w2-oss120b-fortran.n0.p11.w11/candidate_01_submission.txt,30b7b36c72170a0c9a690a3440f54c75f9212bde1bcfa3555bce7195e4788dce
v11w2-oss120b-fortran-skills,numba,fortran,tsvc_2_s4112,627373,627373,v11w2-oss120b-fortran-skills.n0.p5.w5,1,1.020100,47149977.000000,45775332.000000,0.000000,,,
v11w2-oss120b-fortran-skills,numba,fortran,tsvc_2_s4112,627373,627373,v11w2-oss120b-fortran-skills.n0.p5.w5,2,1.000000,47149977.000000,45844376.000000,0.000000,,,
v11w2-oss120b-fortran-skills,numba,fortran,tsvc_2_s4112,628046,628046,v11w2-oss120b-fortran-skills.n0.p4.w4,1,1.000000,34706498.000000,34656399.000000,0.000000,,,
v11w2-oss120b-fortran-skills,numba,fortran,tsvc_2_s4112,628046,628046,v11w2-oss120b-fortran-skills.n0.p4.w4,2,1.000000,34706498.000000,34492419.000000,0.000000,,,
v11w2-oss120b-fortran-skills,numba,fortran,tsvc_2_s4112,628046,628046,v11w2-oss120b-fortran-skills.n0.p4.w4,3,1.000000,34706498.000000,34628304.000000,0.000000,,,
v11w2-oss120b-fortran-skills,numba,fortran,tsvc_2_s4112,628046,628046,v11w2-oss120b-fortran-skills.n0.p4.w4,4,1.000000,34706498.000000,34501560.000000,0.000000,,,
v11w2-oss120b-fortran-skills,numba,fortran,tsvc_2_s4112,628165,628165,v11w2-oss120b-fortran-skills.n0.p3.w3,1,1.000000,35038523.000000,35006116.000000,0.000000,,,d25cb97e4ae5db95a50ebe4291ee0b1fed8c0f1b9f67a88c4a6803d8e3a7d4ea
v11w2-qwen38-c-skills,numba,c,tsvc_2_s4112,627008,627008,v11w2-qwen38-c-skills.n0.p3.w3,2,1.244716,41520513.000000,33167917.000000,0.000000,graded_attempt,sources/v11w2-qwen38-c-skills/tsvc_2_s4112/627008.627008.v11w2-qwen38-c-skills.n0.p3.w3/candidate_02_submission.txt,98611706388ee0d9225268a2a302291393522a67a9aeba3b894e30601b01496c
v11w2-qwen38-c-skills,numba,c,tsvc_2_s4112,627008,627008,v11w2-qwen38-c-skills.n0.p3.w3,3,1.232392,41520513.000000,33179620.000000,0.000000,graded_attempt,sources/v11w2-qwen38-c-skills/tsvc_2_s4112/627008.627008.v11w2-qwen38-c-skills.n0.p3.w3/candidate_03_submission.txt,86f8722aa3a0e4f522eb18de4d8c019e61bc736c1f53f191fd8cf780caf8ee95
v11w2-qwen38-c-skills,numba,c,tsvc_2_s4112,627008,627008,v11w2-qwen38-c-skills.n0.p3.w3,1,1.010000,41520513.000000,40895571.000000,0.000000,graded_attempt,sources/v11w2-qwen38-c-skills/tsvc_2_s4112/627008.627008.v11w2-qwen38-c-skills.n0.p3.w3/candidate_01_submission.txt,4f8cd627ea03edc86eaecd6a74b8afd393cb2f05ba0d2595fb75818aa6e75b6f
v11w2-qwen38-fortran,numba,fortran,tsvc_2_s4112,627013,627013,v11w2-qwen38-fortran.n0.p5.w5,1,1.000000,35146459.000000,35373820.000000,0.000000,graded_attempt,sources/v11w2-qwen38-fortran/tsvc_2_s4112/627013.627013.v11w2-qwen38-fortran.n0.p5.w5/candidate_01_submission.txt,7f55a989e01a6adbcbccd22ab3de21fed4333567049deddf584d3543ebfab846
v11w2-qwen38-fortran,numba,fortran,tsvc_2_s4112,627013,627013,v11w2-qwen38-fortran.n0.p5.w5,2,1.000000,35146459.000000,35271236.000000,0.000000,graded_attempt,sources/v11w2-qwen38-fortran/tsvc_2_s4112/627013.627013.v11w2-qwen38-fortran.n0.p5.w5/candidate_02_submission.txt,fa838305bc96f6aa10e0d745314943fbe8bdcde908924b56e84064a3ad5c772e
gpuv2-llr40-oss120b-hip,numba,hip,tsvc_2_vag,627167,627167,gpuv2-llr40-oss120b-hip.n0.p34.w34,1,11.448183,35999677.000000,3062046.000000,0.000000,graded_attempt,sources/gpuv2-llr40-oss120b-hip/tsvc_2_vag/627167.627167.gpuv2-llr40-oss120b-hip.n0.p34.w34/candidate_01_submission.txt,9ad7b335d5dd57e8f86975cfc4734a02f07812a55b5f2f3204420806ac73f1fd
gpuv2-llr40-oss120b-hip-skills,numba,hip,tsvc_2_vag,627168,627168,gpuv2-llr40-oss120b-hip-skills.n0.p34.w34,1,11.111494,35949432.000000,3163078.000000,0.000000,graded_attempt,sources/gpuv2-llr40-oss120b-hip-skills/tsvc_2_vag/627168.627168.gpuv2-llr40-oss120b-hip-skills.n0.p34.w34/candidate_01_submission.txt,2af3e8c2e0b523d747fb47d858957572d843f9c536fc9a6ced1273a7bbc43bb7
gpuv2-llr40-oss120b-omp,numba,c,tsvc_2_vag,627173,627173,gpuv2-llr40-oss120b-omp.n0.p34.w34,1,7.463070,35834862.000000,4727696.000000,0.000000,graded_attempt,sources/gpuv2-llr40-oss120b-omp/tsvc_2_vag/627173.627173.gpuv2-llr40-oss120b-omp.n0.p34.w34/candidate_02_submission.txt,5c5e2a1b1fa53e757c780e7fb42f7fbe9b0b371a4a3df72acd825f8197609a21
gpuv2-llr40-oss120b-omp-skills,numba,c,tsvc_2_vag,627174,627174,gpuv2-llr40-oss120b-omp-skills.n0.p34.w34,1,6.892020,35782033.000000,5167629.000000,0.000000,graded_attempt,sources/gpuv2-llr40-oss120b-omp-skills/tsvc_2_vag/627174.627174.gpuv2-llr40-oss120b-omp-skills.n0.p34.w34/candidate_01_submission.txt,f32da0d4324242ac5cd6225e4454c9c5e681318de2342b6729afcf6436329a61
gpuv2-llr40-qwen38-hip,numba,hip,tsvc_2_vag,627228,627228,gpuv2-llr40-qwen38-hip.n0.p34.w34,1,11.795075,37078942.000000,3008528.000000,0.000000,graded_attempt,sources/gpuv2-llr40-qwen38-hip/tsvc_2_vag/627228.627228.gpuv2-llr40-qwen38-hip.n0.p34.w34/candidate_01_submission.txt,0d69c94c6a12d4bc6b88ac94ce5bf633d980e26b785cafb0c8d451503253ddb3
gpuv2-llr40-qwen38-hip,numba,hip,tsvc_2_vag,627228,627228,gpuv2-llr40-qwen38-hip.n0.p34.w34,2,11.678292,37078942.000000,3154169.000000,0.000000,graded_attempt,sources/gpuv2-llr40-qwen38-hip/tsvc_2_vag/627228.627228.gpuv2-llr40-qwen38-hip.n0.p34.w34/candidate_01_submission.txt,0d69c94c6a12d4bc6b88ac94ce5bf633d980e26b785cafb0c8d451503253ddb3
gpuv2-llr40-qwen38-hip,numba,hip,tsvc_2_vag,627017,627017,gpuv2-llr40-qwen38-hip.n0.p34.w34,1,11.001479,35606460.000000,3136940.000000,0.000000,graded_attempt,sources/gpuv2-llr40-qwen38-hip/tsvc_2_vag/627017.627017.gpuv2-llr40-qwen38-hip.n0.p34.w34/candidate_01_submission.txt,52e97bc440ebf9ab86c584a249466e2c224b021a2db95b26889923dbc4664772
gpuv2-llr40-qwen38-hip,numba,hip,tsvc_2_vag,627017,627017,gpuv2-llr40-qwen38-hip.n0.p34.w34,2,11.001479,35606460.000000,3079859.000000,0.000000,graded_attempt,sources/gpuv2-llr40-qwen38-hip/tsvc_2_vag/627017.627017.gpuv2-llr40-qwen38-hip.n0.p34.w34/candidate_01_submission.txt,52e97bc440ebf9ab86c584a249466e2c224b021a2db95b26889923dbc4664772
gpuv2-llr40-qwen38-hip,numba,hip,tsvc_2_vag,627017,627017,gpuv2-llr40-qwen38-hip.n0.p34.w34,3,11.001479,35606460.000000,3133341.000000,0.000000,graded_attempt,sources/gpuv2-llr40-qwen38-hip/tsvc_2_vag/627017.627017.gpuv2-llr40-qwen38-hip.n0.p34.w34/candidate_03_submission.txt,59722b245d198229fcd03f4932e3466773b2e58322304d63ecf38d6f84e8ce7c
gpuv2-llr40-qwen38-hip-skills,numba,hip,tsvc_2_vag,627229,627229,gpuv2-llr40-qwen38-hip-skills.n0.p34.w34,1,10.784707,35371799.000000,3187175.000000,0.000000,graded_attempt,sources/gpuv2-llr40-qwen38-hip-skills/tsvc_2_vag/627229.627229.gpuv2-llr40-qwen38-hip-skills.n0.p34.w34/candidate_01_submission.txt,ca5d6ac56ef3336435260f2e36410eab20f1d4117cafd985c45386597f584b61
gpuv2-llr40-qwen38-omp,numba,c,tsvc_2_vag,626556,626556,gpuv2-llr40-qwen38-omp.n0.p34.w34,1,9.106363,35636957.000000,3871716.000000,0.000000,graded_attempt,sources/gpuv2-llr40-qwen38-omp/tsvc_2_vag/626556.626556.gpuv2-llr40-qwen38-omp.n0.p34.w34/candidate_01_submission.txt,b7bb4e0a0edbd4c52ed0c1a50cf86779ab843bf912e263484e4403b84b69d291
gpuv2-llr40-qwen38-omp,numba,c,tsvc_2_vag,627077,627077,gpuv2-llr40-qwen38-omp.n0.p34.w34,1,7.316018,36657199.000000,4979748.000000,0.000000,graded_attempt,sources/gpuv2-llr40-qwen38-omp/tsvc_2_vag/627077.627077.gpuv2-llr40-qwen38-omp.n0.p34.w34/candidate_01_submission.txt,3a60125a65a5fe5060dcb7c5244291f0a173715975745d56e2f99f5da9ba32c2
gpuv2-llr40-qwen38-omp-skills,numba,c,tsvc_2_vag,627078,627078,gpuv2-llr40-qwen38-omp-skills.n0.p34.w34,1,7.243582,35870840.000000,4800734.000000,0.000000,graded_attempt,sources/gpuv2-llr40-qwen38-omp-skills/tsvc_2_vag/627078.627078.gpuv2-llr40-qwen38-omp-skills.n0.p34.w34/candidate_01_submission.txt,f94e2b67deba0b8128d694be6a955171d576b95d8bd850347a7ae5f18a242783
gpuv4-llr40-oss120b-pytriton,numba,python,tsvc_2_vag,627175,627175,gpuv4-llr40-oss120b-pytriton.n0.p34.w34,1,1.000000,36046721.000000,36018428.000000,0.000000,graded_attempt,sources/gpuv4-llr40-oss120b-pytriton/tsvc_2_vag/627175.627175.gpuv4-llr40-oss120b-pytriton.n0.p34.w34/candidate_01_submission.txt,ea201f72adeee369aa0a78bd7eedf2b43c81b49d20f7fdecef30ea9c1b34b728
gpuv4-llr40-oss120b-pytriton-skills,numba,python,tsvc_2_vag,627176,627176,gpuv4-llr40-oss120b-pytriton-skills.n0.p34.w34,1,1.000000,35851628.000000,61661045.000000,0.000000,graded_attempt,sources/gpuv4-llr40-oss120b-pytriton-skills/tsvc_2_vag/627176.627176.gpuv4-llr40-oss120b-pytriton-skills.n0.p34.w34/candidate_01_submission.txt,d1e7d4e4863240ea0a24f853322ccc4305c32e138c6e3513ec4ed791a24f2a3b
gpuv4-llr40-qwen38-pytriton,numba,python,tsvc_2_vag,627230,627230,gpuv4-llr40-qwen38-pytriton.n0.p34.w34,2,1.184304,42436549.000000,35159721.000000,0.000000,graded_attempt,sources/gpuv4-llr40-qwen38-pytriton/tsvc_2_vag/627230.627230.gpuv4-llr40-qwen38-pytriton.n0.p34.w34/candidate_01_submission.txt,69fd9e4f97bb4d61522990adb4d7316f60c9689b873ed6e288d2b66f2a95cc53
gpuv4-llr40-qwen38-pytriton,numba,python,tsvc_2_vag,627230,627230,gpuv4-llr40-qwen38-pytriton.n0.p34.w34,1,1.172579,42436549.000000,35477720.000000,0.000000,graded_attempt,sources/gpuv4-llr40-qwen38-pytriton/tsvc_2_vag/627230.627230.gpuv4-llr40-qwen38-pytriton.n0.p34.w34/candidate_01_submission.txt,69fd9e4f97bb4d61522990adb4d7316f60c9689b873ed6e288d2b66f2a95cc53
gpuv4-llr40-qwen38-pytriton,numba,python,tsvc_2_vag,626523,626523,gpuv4-llr40-qwen38-pytriton.n0.p34.w34,1,1.020100,36498780.000000,35874476.000000,0.000000,graded_attempt,sources/gpuv4-llr40-qwen38-pytriton/tsvc_2_vag/626523.626523.gpuv4-llr40-qwen38-pytriton.n0.p34.w34/candidate_01_submission.txt,0ca301c87d7f73d674ea0cbefac3fd41e47589054587e6d327eb65ef7de5794d
llr40v10-kimi27sglang-fortran,c,fortran,tsvc_2_vag,621022,621022,llr40v10-kimi27sglang-fortran.n0.p14.w14,2,23.435568,829490791.000000,35431453.000000,0.000000,graded_attempt,sources/llr40v10-kimi27sglang-fortran/tsvc_2_vag/621022.621022.llr40v10-kimi27sglang-fortran.n0.p14.w14/candidate_02_submission.txt,d7a97d2985f6e004a7cba919c243fd5ee72718034eb1fb818ea4fc69fc7f9955
llr40v10-kimi27sglang-fortran,c,fortran,tsvc_2_vag,621022,621022,llr40v10-kimi27sglang-fortran.n0.p14.w14,5,23.435568,829736033.000000,35275340.000000,0.000000,graded_attempt,sources/llr40v10-kimi27sglang-fortran/tsvc_2_vag/621022.621022.llr40v10-kimi27sglang-fortran.n0.p14.w14/candidate_05_submission.txt,81ab32de8a6d4ee788b4acff1cd5808ecfe0aebf427159b90ef02283652fdcfd
llr40v10-kimi27sglang-fortran,c,fortran,tsvc_2_vag,621022,621022,llr40v10-kimi27sglang-fortran.n0.p14.w14,6,23.435568,826729049.000000,35146718.000000,0.000000,graded_attempt,sources/llr40v10-kimi27sglang-fortran/tsvc_2_vag/621022.621022.llr40v10-kimi27sglang-fortran.n0.p14.w14/candidate_06_submission.txt,c7763e3e2eb1cfdf993555feedacaa12bbc92882f3cb526fed559981450afeac
llr40v10-kimi27sglang-fortran,c,fortran,tsvc_2_vag,621022,621022,llr40v10-kimi27sglang-fortran.n0.p14.w14,7,23.435568,829312967.000000,35156941.000000,0.000000,graded_attempt,sources/llr40v10-kimi27sglang-fortran/tsvc_2_vag/621022.621022.llr40v10-kimi27sglang-fortran.n0.p14.w14/candidate_06_submission.txt,c7763e3e2eb1cfdf993555feedacaa12bbc92882f3cb526fed559981450afeac
llr40v10-kimi27sglang-fortran,c,fortran,tsvc_2_vag,621022,621022,llr40v10-kimi27sglang-fortran.n0.p14.w14,3,23.203533,829379693.000000,35314533.000000,0.000000,graded_attempt,sources/llr40v10-kimi27sglang-fortran/tsvc_2_vag/621022.621022.llr40v10-kimi27sglang-fortran.n0.p14.w14/candidate_03_submission.txt,87a65f3b5e3ea4058cae1fdef9dbd7d4080b3cac79fa9002880f145fae61196b
llr40v10-kimi27sglang-fortran,c,fortran,tsvc_2_vag,621022,621022,llr40v10-kimi27sglang-fortran.n0.p14.w14,4,23.203533,825549561.000000,35179388.000000,0.000000,graded_attempt,sources/llr40v10-kimi27sglang-fortran/tsvc_2_vag/621022.621022.llr40v10-kimi27sglang-fortran.n0.p14.w14/candidate_04_submission.txt,fa53a2d2cb21890465ff96637ca89ad6751ca946d9bbeb2bee7ad546f7b39e2b
llr40v10-kimi27sglang-fortran,c,fortran,tsvc_2_vag,621022,621022,llr40v10-kimi27sglang-fortran.n0.p14.w14,1,22.746332,827261876.000000,35741132.000000,0.000000,graded_attempt,sources/llr40v10-kimi27sglang-fortran/tsvc_2_vag/621022.621022.llr40v10-kimi27sglang-fortran.n0.p14.w14/candidate_01_submission.txt,d0e009f134dfbcc67df21fb5036ca6c675150abe5fe6d145e86715bb4f0f1485
llr40v10-oss120b-c,c,c,tsvc_2_vag,621382,621382,llr40v10-oss120b-c.n0.p34.w34,1,22.973795,828621521.000000,35432637.000000,0.000000,graded_attempt,sources/llr40v10-oss120b-c/tsvc_2_vag/621382.621382.llr40v10-oss120b-c.n0.p34.w34/candidate_01_submission.txt,35dfecf29d003d143aea0aedd2cd5d86b6a970cd63fb4ec90fba9771c2990bd4
llr40v10-oss120b-c,c,c,tsvc_2_vag,621015,621015,llr40v10-oss120b-c.n0.p34.w34,1,20.388077,989154689.000000,47989053.000000,0.000000,graded_attempt,sources/llr40v10-oss120b-c/tsvc_2_vag/621015.621015.llr40v10-oss120b-c.n0.p34.w34/candidate_01_submission.txt,d974ec177b1a3e6ccb2ad0080aebc095c202ec57314534f03449f15c0c5c0c38
llr40v10-oss120b-c-skills,numba,c,tsvc_2_vag,621023,621023,llr40v10-oss120b-c-skills.n0.p34.w34,1,1.000000,35641018.000000,35815867.000000,0.000000,graded_attempt,sources/llr40v10-oss120b-c-skills/tsvc_2_vag/621023.621023.llr40v10-oss120b-c-skills.n0.p34.w34/candidate_01_submission.txt,5f255744943880e315dcb7664c6475ecfd032805459bf616be17ac3233aad1b5
llr40v10-oss120b-fortran,c,fortran,tsvc_2_vag,621384,621384,llr40v10-oss120b-fortran.n0.p34.w34,1,22.746332,823386439.000000,35647413.000000,0.000000,graded_attempt,sources/llr40v10-oss120b-fortran/tsvc_2_vag/621384.621384.llr40v10-oss120b-fortran.n0.p34.w34/candidate_01_submission.txt,998bb4faa6e9fa6c360a0e5c16dcec3bc222e0c95a38de4b2936dee25e0dd738
llr40v10-oss120b-fortran-skills,numba,fortran,tsvc_2_vag,621027,621027,llr40v10-oss120b-fortran-skills.n0.p34.w34,1,1.000000,35906535.000000,35857128.000000,0.000000,graded_attempt,sources/llr40v10-oss120b-fortran-skills/tsvc_2_vag/621027.621027.llr40v10-oss120b-fortran-skills.n0.p34.w34/candidate_01_submission.txt,c20703ef604ea0bfc19547beb298f4853eb12d0f12b1e680e7b70e9b6eebeeb0
llr40v10-qwen38-c,c,c,tsvc_2_vag,621383,621383,llr40v10-qwen38-c.n0.p34.w34,2,25.126101,821125204.000000,32521242.000000,0.000000,graded_attempt,sources/llr40v10-qwen38-c/tsvc_2_vag/621383.621383.llr40v10-qwen38-c.n0.p34.w34/candidate_02_submission.txt,76b313675ea1ffa383d6532831efff6ac69803677e9fa6c19e2da655aeaee168
llr40v10-qwen38-c,c,c,tsvc_2_vag,621383,621383,llr40v10-qwen38-c.n0.p34.w34,1,22.746332,828463795.000000,35677139.000000,0.000000,graded_attempt,sources/llr40v10-qwen38-c/tsvc_2_vag/621383.621383.llr40v10-qwen38-c.n0.p34.w34/candidate_01_submission.txt,9eea4e934d36f5d37026c6ed7d4880388331d82e44107c4ed36fc30d2e6dabb2
llr40v10-qwen38-c,c,c,tsvc_2_vag,621016,621016,llr40v10-qwen38-c.n0.p34.w34,1,22.077365,821581375.000000,36473526.000000,0.000000,graded_attempt,sources/llr40v10-qwen38-c/tsvc_2_vag/621016.621016.llr40v10-qwen38-c.n0.p34.w34/candidate_01_submission.txt,226be0c087436da9bd3726ae142d6e212978b97b31b69e692d5fec3d29b8f522
llr40v10-qwen38-c,numba,c,tsvc_2_vag,622265,622265,llr40v10-qwen38-c.n0.p34.w34,1,1.000000,36000811.000000,35655466.000000,0.000000,graded_attempt,sources/llr40v10-qwen38-c/tsvc_2_vag/622265.622265.llr40v10-qwen38-c.n0.p34.w34/candidate_01_submission.txt,9f00c9ee6fc226d26f4ebc24a53a937b2cfecade1fef0b27df2eeddfeac84727
llr40v10-qwen38-fortran,c,fortran,tsvc_2_vag,621385,621385,llr40v10-qwen38-fortran.n0.p34.w34,1,22.746332,865022588.000000,37342032.000000,0.000000,graded_attempt,sources/llr40v10-qwen38-fortran/tsvc_2_vag/621385.621385.llr40v10-qwen38-fortran.n0.p34.w34/candidate_01_submission.txt,00b8db514951d1211c46c96d0a02b5a049642887e4a45caa7e898717059e2cd3
llr40v10-qwen38-fortran,c,fortran,tsvc_2_vag,621020,621020,llr40v10-qwen38-fortran.n0.p34.w34,1,21.642354,786090630.000000,35881024.000000,0.000000,graded_attempt,sources/llr40v10-qwen38-fortran/tsvc_2_vag/621020.621020.llr40v10-qwen38-fortran.n0.p34.w34/candidate_01_submission.txt,44e790aa2d7251ac88184aae7c2d9c795f55786be2b45d2fd3f6915e2324fd68
llr40v10-qwen38-fortran,numba,fortran,tsvc_2_vag,622266,622266,llr40v10-qwen38-fortran.n0.p34.w34,1,1.000000,35629355.000000,35481403.000000,0.000000,graded_attempt,sources/llr40v10-qwen38-fortran/tsvc_2_vag/622266.622266.llr40v10-qwen38-fortran.n0.p34.w34/candidate_01_submission.txt,c0ad76191e61deaecbc6e812c66cfee4a44b8848b2bb83253ab6082f57423201
llr40v11-kimi27sglang-c-skills,numba,c,tsvc_2_vag,625538,625538,llr40v11-kimi27sglang-c-skills.n0.p14.w14,3,1.269735,35698379.000000,27574606.000000,0.000000,graded_attempt,sources/llr40v11-kimi27sglang-c-skills/tsvc_2_vag/625538.625538.llr40v11-kimi27sglang-c-skills.n0.p14.w14/candidate_03_submission.txt,3e82957c544b88cfc29dcb473239e1a3fc535e9be3c9c1b0581e511797f9d691
llr40v11-kimi27sglang-c-skills,numba,c,tsvc_2_vag,625538,625538,llr40v11-kimi27sglang-c-skills.n0.p14.w14,2,1.093685,35698379.000000,32521349.000000,0.000000,graded_attempt,sources/llr40v11-kimi27sglang-c-skills/tsvc_2_vag/625538.625538.llr40v11-kimi27sglang-c-skills.n0.p14.w14/candidate_02_submission.txt,3e811f36c97c2ecbdb8b5b55212990dfa764b90dd34e7a464d38dff233a64e1e
llr40v11-kimi27sglang-c-skills,numba,c,tsvc_2_vag,625538,625538,llr40v11-kimi27sglang-c-skills.n0.p14.w14,1,1.072135,35698379.000000,32892618.000000,0.000000,graded_attempt,sources/llr40v11-kimi27sglang-c-skills/tsvc_2_vag/625538.625538.llr40v11-kimi27sglang-c-skills.n0.p14.w14/candidate_01_submission.txt,b04d4630df9d1a1bababdb458be857aa732cc7b7d676f158363834fda45079de
llr40v11-oss120b-c,numba,c,tsvc_2_vag,625531,625531,llr40v11-oss120b-c.n0.p34.w34,1,1.000000,36086081.000000,35645049.000000,0.000000,graded_attempt,sources/llr40v11-oss120b-c/tsvc_2_vag/625531.625531.llr40v11-oss120b-c.n0.p34.w34/candidate_01_submission.txt,a8612db877d097f5ca611e3f75df22a2bb422cc64a6ffd8db59ae0a4963bf793
llr40v11-oss120b-c-skills,numba,c,tsvc_2_vag,625535,625535,llr40v11-oss120b-c-skills.n0.p34.w34,1,1.000000,35634687.000000,35266085.000000,0.000000,graded_attempt,sources/llr40v11-oss120b-c-skills/tsvc_2_vag/625535.625535.llr40v11-oss120b-c-skills.n0.p34.w34/candidate_01_submission.txt,403ce31f3f8b8b4c26a8f8dc2f1bd9e12d58f18a01c13ce7752dcb45e653b115
llr40v11-oss120b-fortran-skills,numba,fortran,tsvc_2_vag,625543,625543,llr40v11-oss120b-fortran-skills.n0.p34.w34,1,1.000000,35733469.000000,35775269.000000,0.000000,graded_attempt,sources/llr40v11-oss120b-fortran-skills/tsvc_2_vag/625543.625543.llr40v11-oss120b-fortran-skills.n0.p34.w34/candidate_01_submission.txt,fa8a80c8661b068b050a8ce4317602de9681a87a72fa3432fad27c2f62651d7c
v11w2-kimi27sglang-c,numba,c,tsvc_2_vag,626367,626367,v11w2-kimi27sglang-c.n0.p8.w8,2,1.093685,36360274.000000,33249395.000000,0.000000,graded_attempt,sources/v11w2-kimi27sglang-c/tsvc_2_vag/626367.626367.v11w2-kimi27sglang-c.n0.p8.w8/candidate_02_submission.txt,4c186203c7f1f7eb54e62e0f265fa0c978f8c6586bf73882f9bcce73842118c0
v11w2-kimi27sglang-c,numba,c,tsvc_2_vag,626367,626367,v11w2-kimi27sglang-c.n0.p8.w8,1,1.030301,36360274.000000,35399689.000000,0.000000,graded_attempt,sources/v11w2-kimi27sglang-c/tsvc_2_vag/626367.626367.v11w2-kimi27sglang-c.n0.p8.w8/candidate_01_submission.txt,12f2cd5873c2d28d717e729a4baaf6178d3a710059140ba84e9ab249d042d696
v11w2-kimi27sglang-fortran,numba,fortran,tsvc_2_vag,626373,626373,v11w2-kimi27sglang-fortran.n0.p10.w10,1,1.000000,36547917.000000,36554768.000000,0.000000,graded_attempt,sources/v11w2-kimi27sglang-fortran/tsvc_2_vag/626373.626373.v11w2-kimi27sglang-fortran.n0.p10.w10/candidate_01_submission.txt,eb0973f5bcaba540bfce4fb4bfe9bd679bf8c63ada9e3c805d273ee6f2e089df
v11w2-kimi27sglang-fortran-skills,numba,fortran,tsvc_2_vag,627016,627016,v11w2-kimi27sglang-fortran-skills.n0.p3.w3,5,1.051010,36302748.000000,34499282.000000,0.000000,graded_attempt,sources/v11w2-kimi27sglang-fortran-skills/tsvc_2_vag/627016.627016.v11w2-kimi27sglang-fortran-skills.n0.p3.w3/candidate_05_submission.txt,0972a743207435287a5774c0a617d20329c1e4a6629755b4046bca6927520a2e
v11w2-kimi27sglang-fortran-skills,numba,fortran,tsvc_2_vag,627016,627016,v11w2-kimi27sglang-fortran-skills.n0.p3.w3,4,1.040604,36302748.000000,34555901.000000,0.000000,graded_attempt,sources/v11w2-kimi27sglang-fortran-skills/tsvc_2_vag/627016.627016.v11w2-kimi27sglang-fortran-skills.n0.p3.w3/candidate_04_submission.txt,95a67251bf7ea19f36ba485d9f32cbb4a3dd14bcd68c551900d2a03e1b5082f5
v11w2-kimi27sglang-fortran-skills,numba,fortran,tsvc_2_vag,627016,627016,v11w2-kimi27sglang-fortran-skills.n0.p3.w3,2,1.010000,36302748.000000,35662103.000000,0.000000,graded_attempt,sources/v11w2-kimi27sglang-fortran-skills/tsvc_2_vag/627016.627016.v11w2-kimi27sglang-fortran-skills.n0.p3.w3/candidate_02_submission.txt,5c4a0209a1488453baf4a39a014b26a176da85139648816e76883573c93a8047
v11w2-kimi27sglang-fortran-skills,numba,fortran,tsvc_2_vag,627016,627016,v11w2-kimi27sglang-fortran-skills.n0.p3.w3,1,1.000000,36302748.000000,35851825.000000,0.000000,graded_attempt,sources/v11w2-kimi27sglang-fortran-skills/tsvc_2_vag/627016.627016.v11w2-kimi27sglang-fortran-skills.n0.p3.w3/candidate_01_submission.txt,8a678d7516e0a04836cfcd113255ad07d94f58c0f135622bf6e247e0add1bb31
v11w2-kimi27sglang-fortran-skills,numba,fortran,tsvc_2_vag,627016,627016,v11w2-kimi27sglang-fortran-skills.n0.p3.w3,3,1.000000,36302748.000000,36040163.000000,0.000000,graded_attempt,sources/v11w2-kimi27sglang-fortran-skills/tsvc_2_vag/627016.627016.v11w2-kimi27sglang-fortran-skills.n0.p3.w3/candidate_03_submission.txt,4f5a1d5ac215636cb4b5c6ee617963b29cd2f32133acd8d8fc1b83aa072d4a5e
v11w2-oss120b-fortran,numba,fortran,tsvc_2_vag,627011,627011,v11w2-oss120b-fortran.n0.p7.w7,1,1.000000,36107358.000000,36362191.000000,0.000000,graded_attempt,sources/v11w2-oss120b-fortran/tsvc_2_vag/627011.627011.v11w2-oss120b-fortran.n0.p7.w7/candidate_01_submission.txt,6e19630e0b05800196c3baa1ff3d026e74c741bf28d3b5d1a2c02d52e3e5a182
v11w2-qwen38-c,numba,c,tsvc_2_vag,626365,626365,v11w2-qwen38-c.n0.p11.w11,1,1.000000,36940719.000000,104136522.000000,0.000000,graded_attempt,sources/v11w2-qwen38-c/tsvc_2_vag/626365.626365.v11w2-qwen38-c.n0.p11.w11/candidate_01_submission.txt,ff34bceae2a1b70b849c69a4dc2231f3c69ed8d89d414d5885d73a7cc21bbf2c
v11w2-qwen38-c,numba,c,tsvc_2_vag,626365,626365,v11w2-qwen38-c.n0.p11.w11,2,1.000000,36940719.000000,76928087.000000,0.000000,graded_attempt,sources/v11w2-qwen38-c/tsvc_2_vag/626365.626365.v11w2-qwen38-c.n0.p11.w11/candidate_02_submission.txt,905095f76be22defd51a82d2ee791fece389645b88428bf897688a79a4dc459e
v11w2-qwen38-c-skills,numba,c,tsvc_2_vag,627008,627008,v11w2-qwen38-c-skills.n0.p4.w4,1,1.126825,44407848.000000,39299874.000000,0.000000,graded_attempt,sources/v11w2-qwen38-c-skills/tsvc_2_vag/627008.627008.v11w2-qwen38-c-skills.n0.p4.w4/candidate_01_submission.txt,2b63ed2c33de106c31d6d2215a8c4eb51d156981705ff267f57d5f313f427f3d
v11w2-qwen38-fortran,numba,fortran,tsvc_2_vag,626371,626371,v11w2-qwen38-fortran.n0.p19.w19,1,1.000000,36027831.000000,36234971.000000,0.000000,graded_attempt,sources/v11w2-qwen38-fortran/tsvc_2_vag/626371.626371.v11w2-qwen38-fortran.n0.p19.w19/candidate_01_submission.txt,787a7fe34b689c8949b7570c7d4f2ece239c88a64f765602bb4095ba25fc3982
v11w2-qwen38-fortran,numba,fortran,tsvc_2_vag,626371,626371,v11w2-qwen38-fortran.n0.p19.w19,2,1.000000,36027831.000000,36203090.000000,0.000000,graded_attempt,sources/v11w2-qwen38-fortran/tsvc_2_vag/626371.626371.v11w2-qwen38-fortran.n0.p19.w19/candidate_01_submission.txt,787a7fe34b689c8949b7570c7d4f2ece239c88a64f765602bb4095ba25fc3982
v11w2-qwen38-fortran-skills,numba,fortran,tsvc_2_vag,626372,626372,v11w2-qwen38-fortran-skills.n0.p14.w14,1,1.000000,37031360.000000,36887552.000000,0.000000,graded_attempt,sources/v11w2-qwen38-fortran-skills/tsvc_2_vag/626372.626372.v11w2-qwen38-fortran-skills.n0.p14.w14/candidate_01_submission.txt,a15e9d947d487cb70837b3bf0de073fd3ea710983041ab41c551af7df6a6be28
v11w2-qwen38-fortran-skills,numba,fortran,tsvc_2_vag,626372,626372,v11w2-qwen38-fortran-skills.n0.p14.w14,2,1.000000,37031360.000000,36727950.000000,0.000000,graded_attempt,sources/v11w2-qwen38-fortran-skills/tsvc_2_vag/626372.626372.v11w2-qwen38-fortran-skills.n0.p14.w14/candidate_01_submission.txt,a15e9d947d487cb70837b3bf0de073fd3ea710983041ab41c551af7df6a6be28
gpuv2-llr40-oss120b-hip,numba,hip,tsvc_2_vpvts,627167,627167,gpuv2-llr40-oss120b-hip.n0.p35.w35,1,1.000000,18627858.000000,81968139.000000,0.000000,graded_attempt,sources/gpuv2-llr40-oss120b-hip/tsvc_2_vpvts/627167.627167.gpuv2-llr40-oss120b-hip.n0.p35.w35/candidate_01_submission.txt,84525ea37e1c7447c0c5bea0af3e931f7a03ca698a66ec67691c11da07e780fb
gpuv2-llr40-oss120b-hip,numba,hip,tsvc_2_vpvts,627167,627167,gpuv2-llr40-oss120b-hip.n0.p35.w35,2,1.000000,18627858.000000,21134529.000000,0.000000,graded_attempt,sources/gpuv2-llr40-oss120b-hip/tsvc_2_vpvts/627167.627167.gpuv2-llr40-oss120b-hip.n0.p35.w35/candidate_02_submission.txt,ad3da602b68263a186c88587e0a8c30c2a0cadfdaa42bd7e66da0723a274dd01
gpuv2-llr40-oss120b-hip-skills,numba,hip,tsvc_2_vpvts,627168,627168,gpuv2-llr40-oss120b-hip-skills.n0.p35.w35,1,9.106363,18788782.000000,1903396.000000,0.000000,graded_attempt,sources/gpuv2-llr40-oss120b-hip-skills/tsvc_2_vpvts/627168.627168.gpuv2-llr40-oss120b-hip-skills.n0.p35.w35/candidate_01_submission.txt,e1202dac0674dab8bab5bea572b6d21e6291d64e49b50937afe87df3ebf7d203
gpuv2-llr40-oss120b-omp,numba,c,tsvc_2_vpvts,627173,627173,gpuv2-llr40-oss120b-omp.n0.p35.w35,1,1.030301,18896976.000000,18401362.000000,0.000000,graded_attempt,sources/gpuv2-llr40-oss120b-omp/tsvc_2_vpvts/627173.627173.gpuv2-llr40-oss120b-omp.n0.p35.w35/candidate_01_submission.txt,8a7ec3b9118f137ae40e6e3039f455c2416c30d0d1680e73cd863d8d2c07ac96
gpuv2-llr40-qwen38-hip,numba,hip,tsvc_2_vpvts,627228,627228,gpuv2-llr40-qwen38-hip.n0.p35.w35,3,9.289401,18360228.000000,1931885.000000,0.000000,graded_attempt,sources/gpuv2-llr40-qwen38-hip/tsvc_2_vpvts/627228.627228.gpuv2-llr40-qwen38-hip.n0.p35.w35/candidate_03_submission.txt,64f37a7d834364c8323a4f854ba72f80375ec94cb51d7f39acc85f0bf85d5958
gpuv2-llr40-qwen38-hip,numba,hip,tsvc_2_vpvts,627228,627228,gpuv2-llr40-qwen38-hip.n0.p35.w35,4,9.289401,18360228.000000,1841045.000000,0.000000,graded_attempt,sources/gpuv2-llr40-qwen38-hip/tsvc_2_vpvts/627228.627228.gpuv2-llr40-qwen38-hip.n0.p35.w35/candidate_04_submission.txt,4153d6c592d6de959a5e5399754a3d223b66af430ec746894a34cb5558c79e9a
gpuv2-llr40-qwen38-hip,numba,hip,tsvc_2_vpvts,627228,627228,gpuv2-llr40-qwen38-hip.n0.p35.w35,2,9.197427,18360228.000000,1917605.000000,0.000000,graded_attempt,sources/gpuv2-llr40-qwen38-hip/tsvc_2_vpvts/627228.627228.gpuv2-llr40-qwen38-hip.n0.p35.w35/candidate_01_submission.txt,4858a2733aee6a27d20e6f0e849d1f7e0ec4d88881bc25d4f9bfcc89fa15d9d8
gpuv2-llr40-qwen38-hip,numba,hip,tsvc_2_vpvts,627017,627017,gpuv2-llr40-qwen38-hip.n0.p35.w35,1,9.106363,18431677.000000,1927392.000000,0.000000,graded_attempt,sources/gpuv2-llr40-qwen38-hip/tsvc_2_vpvts/627017.627017.gpuv2-llr40-qwen38-hip.n0.p35.w35/candidate_01_submission.txt,5d53a02cbd82a178e7e3ca87dc85a23e0abeed7b97ac57526e5e8a6cff0b6564
gpuv2-llr40-qwen38-hip,numba,hip,tsvc_2_vpvts,627228,627228,gpuv2-llr40-qwen38-hip.n0.p35.w35,1,9.106363,18360228.000000,1937744.000000,0.000000,graded_attempt,sources/gpuv2-llr40-qwen38-hip/tsvc_2_vpvts/627228.627228.gpuv2-llr40-qwen38-hip.n0.p35.w35/candidate_01_submission.txt,4858a2733aee6a27d20e6f0e849d1f7e0ec4d88881bc25d4f9bfcc89fa15d9d8
gpuv2-llr40-qwen38-hip-skills,numba,hip,tsvc_2_vpvts,627018,627018,gpuv2-llr40-qwen38-hip-skills.n0.p35.w35,3,9.289401,18859239.000000,1917211.000000,0.000000,graded_attempt,sources/gpuv2-llr40-qwen38-hip-skills/tsvc_2_vpvts/627018.627018.gpuv2-llr40-qwen38-hip-skills.n0.p35.w35/candidate_03_submission.txt,26f9bd20e32d6ceeef9b8cd4a546df282d913bdf9c2ead2d76403a70d218f95c
gpuv2-llr40-qwen38-hip-skills,numba,hip,tsvc_2_vpvts,627018,627018,gpuv2-llr40-qwen38-hip-skills.n0.p35.w35,1,9.197427,18859239.000000,2004651.000000,0.000000,graded_attempt,sources/gpuv2-llr40-qwen38-hip-skills/tsvc_2_vpvts/627018.627018.gpuv2-llr40-qwen38-hip-skills.n0.p35.w35/candidate_01_submission.txt,462e8081a0be1d779dc080095313edcd323fdae833fab3acf4bd5644abcafbfd
gpuv2-llr40-qwen38-hip-skills,numba,hip,tsvc_2_vpvts,627018,627018,gpuv2-llr40-qwen38-hip-skills.n0.p35.w35,2,9.197427,18859239.000000,2029670.000000,0.000000,graded_attempt,sources/gpuv2-llr40-qwen38-hip-skills/tsvc_2_vpvts/627018.627018.gpuv2-llr40-qwen38-hip-skills.n0.p35.w35/candidate_02_submission.txt,a41d9a08aaa6bcbc2c04c0c47bc782c646f59eee08a3f04ec5ff9ade24e7a8ad
gpuv2-llr40-qwen38-omp,numba,c,tsvc_2_vpvts,627077,627077,gpuv2-llr40-qwen38-omp.n0.p35.w35,2,1.030301,18712355.000000,18441972.000000,0.000000,graded_attempt,sources/gpuv2-llr40-qwen38-omp/tsvc_2_vpvts/627077.627077.gpuv2-llr40-qwen38-omp.n0.p35.w35/candidate_02_submission.txt,15261a5a0f5bf7f8866ed7ea7663f746f09e2382f1c474eca36f02b894e46014
gpuv2-llr40-qwen38-omp,numba,c,tsvc_2_vpvts,627077,627077,gpuv2-llr40-qwen38-omp.n0.p35.w35,1,1.020100,18712355.000000,18640906.000000,0.000000,graded_attempt,sources/gpuv2-llr40-qwen38-omp/tsvc_2_vpvts/627077.627077.gpuv2-llr40-qwen38-omp.n0.p35.w35/candidate_01_submission.txt,c65622f3b8dbecdf27a83c29061ff2638aeeebc375dc3489059ce93d12721ebf
gpuv4-llr40-oss120b-pytriton,numba,python,tsvc_2_vpvts,627175,627175,gpuv4-llr40-oss120b-pytriton.n0.p35.w35,1,1.000000,18802506.000000,18572391.000000,0.000000,graded_attempt,sources/gpuv4-llr40-oss120b-pytriton/tsvc_2_vpvts/627175.627175.gpuv4-llr40-oss120b-pytriton.n0.p35.w35/candidate_01_submission.txt,c15ec01153aa01e1634e293853dff71201c3d660e20a88e0cdfdf84d9e90ef05
gpuv4-llr40-qwen38-pytriton-skills,numba,python,tsvc_2_vpvts,627020,627020,gpuv4-llr40-qwen38-pytriton-skills.n0.p35.w35,1,1.030301,19166150.000000,18602054.000000,0.000000,graded_attempt,sources/gpuv4-llr40-qwen38-pytriton-skills/tsvc_2_vpvts/627020.627020.gpuv4-llr40-qwen38-pytriton-skills.n0.p35.w35/candidate_01_submission.txt,b66443d15200919ec99f86e7ec57805928f9c1b6528693f771755c0af5ca70c8
gpuv4-llr40-qwen38-pytriton-skills,numba,python,tsvc_2_vpvts,626651,626651,gpuv4-llr40-qwen38-pytriton-skills.n0.p35.w35,1,1.020100,18802159.000000,18450490.000000,0.000000,graded_attempt,sources/gpuv4-llr40-qwen38-pytriton-skills/tsvc_2_vpvts/626651.626651.gpuv4-llr40-qwen38-pytriton-skills.n0.p35.w35/candidate_01_submission.txt,64c1e4d1dec9208074566698473b5daacfecc81b63a2e5be2e22944a71ca57a1
gpuv4-llr40-qwen38-pytriton-skills,numba,python,tsvc_2_vpvts,627231,627231,gpuv4-llr40-qwen38-pytriton-skills.n0.p35.w35,4,1.020100,18586084.000000,18001430.000000,0.000000,graded_attempt,sources/gpuv4-llr40-qwen38-pytriton-skills/tsvc_2_vpvts/627231.627231.gpuv4-llr40-qwen38-pytriton-skills.n0.p35.w35/candidate_04_submission.txt,2701ea69f557eaff0dbac19f53bec8beffebae19f3f39fbc0e6354ac8b29beff
gpuv4-llr40-qwen38-pytriton-skills,numba,python,tsvc_2_vpvts,627231,627231,gpuv4-llr40-qwen38-pytriton-skills.n0.p35.w35,1,1.000000,18586084.000000,168678082.000000,0.000000,graded_attempt,sources/gpuv4-llr40-qwen38-pytriton-skills/tsvc_2_vpvts/627231.627231.gpuv4-llr40-qwen38-pytriton-skills.n0.p35.w35/candidate_01_submission.txt,949bf487ac87323a4436e74cc35c2d4ffdcadfb413200dca47b46ac234482a92
gpuv4-llr40-qwen38-pytriton-skills,numba,python,tsvc_2_vpvts,627231,627231,gpuv4-llr40-qwen38-pytriton-skills.n0.p35.w35,2,1.000000,18586084.000000,167977705.000000,0.000000,graded_attempt,sources/gpuv4-llr40-qwen38-pytriton-skills/tsvc_2_vpvts/627231.627231.gpuv4-llr40-qwen38-pytriton-skills.n0.p35.w35/candidate_01_submission.txt,949bf487ac87323a4436e74cc35c2d4ffdcadfb413200dca47b46ac234482a92
gpuv4-llr40-qwen38-pytriton-skills,numba,python,tsvc_2_vpvts,627231,627231,gpuv4-llr40-qwen38-pytriton-skills.n0.p35.w35,3,1.000000,18586084.000000,18595329.000000,0.000000,graded_attempt,sources/gpuv4-llr40-qwen38-pytriton-skills/tsvc_2_vpvts/627231.627231.gpuv4-llr40-qwen38-pytriton-skills.n0.p35.w35/candidate_03_submission.txt,f729871088f6572f0d283f638e35156795ec8b9c604235aa433b997479392aaf
llr40v10-kimi27sglang-c,numba,c,tsvc_2_vpvts,621730,621730,llr40v10-kimi27sglang-c.n0.p15.w15,1,1.020100,18937155.000000,18368524.000000,0.000000,graded_attempt,sources/llr40v10-kimi27sglang-c/tsvc_2_vpvts/621730.621730.llr40v10-kimi27sglang-c.n0.p15.w15/candidate_01_submission.txt,d596caf61e362a0170ab34d017759c217d5926383dbb997c03e08cd5c089ac9d
llr40v10-kimi27sglang-c-skills,numba,c,tsvc_2_vpvts,621026,621026,llr40v10-kimi27sglang-c-skills.n0.p15.w15,3,1.061520,18640050.000000,17778421.000000,0.000000,graded_attempt,sources/llr40v10-kimi27sglang-c-skills/tsvc_2_vpvts/621026.621026.llr40v10-kimi27sglang-c-skills.n0.p15.w15/candidate_03_submission.txt,456ca51e7e2fe646fdff6f8a95f2763adf4b343de1ca71efb3db2dc555bf667b
llr40v10-kimi27sglang-c-skills,numba,c,tsvc_2_vpvts,621026,621026,llr40v10-kimi27sglang-c-skills.n0.p15.w15,4,1.061520,18640050.000000,17760456.000000,0.000000,graded_attempt,sources/llr40v10-kimi27sglang-c-skills/tsvc_2_vpvts/621026.621026.llr40v10-kimi27sglang-c-skills.n0.p15.w15/candidate_03_submission.txt,456ca51e7e2fe646fdff6f8a95f2763adf4b343de1ca71efb3db2dc555bf667b
llr40v10-kimi27sglang-c-skills,numba,c,tsvc_2_vpvts,621026,621026,llr40v10-kimi27sglang-c-skills.n0.p15.w15,5,1.061520,18640050.000000,17739194.000000,0.000000,graded_attempt,sources/llr40v10-kimi27sglang-c-skills/tsvc_2_vpvts/621026.621026.llr40v10-kimi27sglang-c-skills.n0.p15.w15/candidate_03_submission.txt,456ca51e7e2fe646fdff6f8a95f2763adf4b343de1ca71efb3db2dc555bf667b
llr40v10-kimi27sglang-c-skills,numba,c,tsvc_2_vpvts,621026,621026,llr40v10-kimi27sglang-c-skills.n0.p15.w15,6,1.061520,18640050.000000,17756367.000000,0.000000,graded_attempt,sources/llr40v10-kimi27sglang-c-skills/tsvc_2_vpvts/621026.621026.llr40v10-kimi27sglang-c-skills.n0.p15.w15/candidate_03_submission.txt,456ca51e7e2fe646fdff6f8a95f2763adf4b343de1ca71efb3db2dc555bf667b
llr40v10-kimi27sglang-c-skills,numba,c,tsvc_2_vpvts,621026,621026,llr40v10-kimi27sglang-c-skills.n0.p15.w15,2,1.020100,18640050.000000,18385508.000000,0.000000,graded_attempt,sources/llr40v10-kimi27sglang-c-skills/tsvc_2_vpvts/621026.621026.llr40v10-kimi27sglang-c-skills.n0.p15.w15/candidate_01_submission.txt,2cc98d21967b3fc8f4cd70010e4f460b87e5c3a6df15c3e6b84748450f9b880e
llr40v10-kimi27sglang-c-skills,numba,c,tsvc_2_vpvts,621026,621026,llr40v10-kimi27sglang-c-skills.n0.p15.w15,1,1.000000,18672961.000000,18357178.000000,0.000000,graded_attempt,sources/llr40v10-kimi27sglang-c-skills/tsvc_2_vpvts/621026.621026.llr40v10-kimi27sglang-c-skills.n0.p15.w15/candidate_01_submission.txt,2cc98d21967b3fc8f4cd70010e4f460b87e5c3a6df15c3e6b84748450f9b880e
llr40v10-kimi27sglang-fortran,c,fortran,tsvc_2_vpvts,621022,621022,llr40v10-kimi27sglang-fortran.n0.p15.w15,1,4.583215,82054728.000000,18346374.000000,0.000000,graded_attempt,sources/llr40v10-kimi27sglang-fortran/tsvc_2_vpvts/621022.621022.llr40v10-kimi27sglang-fortran.n0.p15.w15/candidate_01_submission.txt,5b70d0223c23fe753e336db4267f946bee3ed87fa8b001f2ce21a0b8e6e35d6d
llr40v10-kimi27sglang-fortran-skills,numba,fortran,tsvc_2_vpvts,621030,621030,llr40v10-kimi27sglang-fortran-skills.n0.p15.w15,2,1.010000,18686876.000000,18471893.000000,0.000000,graded_attempt,sources/llr40v10-kimi27sglang-fortran-skills/tsvc_2_vpvts/621030.621030.llr40v10-kimi27sglang-fortran-skills.n0.p15.w15/candidate_02_submission.txt,47d7d645b4ba9f49ac89396d0f7abcabe53a357d583c888a0783da930b6bcb7e
llr40v10-kimi27sglang-fortran-skills,numba,fortran,tsvc_2_vpvts,621030,621030,llr40v10-kimi27sglang-fortran-skills.n0.p15.w15,1,1.000000,18686876.000000,18428163.000000,0.000000,graded_attempt,sources/llr40v10-kimi27sglang-fortran-skills/tsvc_2_vpvts/621030.621030.llr40v10-kimi27sglang-fortran-skills.n0.p15.w15/candidate_01_submission.txt,6c31305709dc020413f3555d6e6d74543e9696023b7582d635386c61fae1ace1
llr40v10-oss120b-c,c,c,tsvc_2_vpvts,621015,621015,llr40v10-oss120b-c.n0.p35.w35,1,5.216126,145185933.000000,27777705.000000,0.000000,graded_attempt,sources/llr40v10-oss120b-c/tsvc_2_vpvts/621015.621015.llr40v10-oss120b-c.n0.p35.w35/candidate_01_submission.txt,9aa863176d2e8ebc2c065c4dd06dd4c56744dc2aa032768fc5a1f158cf2fb5a3
llr40v10-oss120b-c,c,c,tsvc_2_vpvts,621382,621382,llr40v10-oss120b-c.n0.p35.w35,1,4.537836,83170276.000000,18315916.000000,0.000000,graded_attempt,sources/llr40v10-oss120b-c/tsvc_2_vpvts/621382.621382.llr40v10-oss120b-c.n0.p35.w35/candidate_01_submission.txt,86aa80a656d761b40d932be6f680191f70d27380fadbb1c40516c365d38c58f5
llr40v10-oss120b-c-skills,numba,c,tsvc_2_vpvts,621023,621023,llr40v10-oss120b-c-skills.n0.p35.w35,1,1.000000,18764824.000000,18489863.000000,0.000000,graded_attempt,sources/llr40v10-oss120b-c-skills/tsvc_2_vpvts/621023.621023.llr40v10-oss120b-c-skills.n0.p35.w35/candidate_01_submission.txt,619aec8b4abfe0fdeb7fead9a60df2ba134ade5bf7117a2e37c4ede7205a1565
llr40v10-oss120b-c-skills,numba,c,tsvc_2_vpvts,621023,621023,llr40v10-oss120b-c-skills.n0.p35.w35,2,1.000000,18764824.000000,18439383.000000,0.000000,graded_attempt,sources/llr40v10-oss120b-c-skills/tsvc_2_vpvts/621023.621023.llr40v10-oss120b-c-skills.n0.p35.w35/candidate_02_submission.txt,1036041f710276973dc64351e18d68050844c0d1822b1b7dff8de628fe47519d
llr40v10-oss120b-fortran,c,fortran,tsvc_2_vpvts,621019,621019,llr40v10-oss120b-fortran.n0.p35.w35,1,5.374180,101002034.000000,18443451.000000,0.000000,graded_attempt,sources/llr40v10-oss120b-fortran/tsvc_2_vpvts/621019.621019.llr40v10-oss120b-fortran.n0.p35.w35/candidate_01_submission.txt,8c4753c422a397d70ee3cbb6e007454b52d6ee05a15be4508e28f1c6583a5f85
llr40v10-oss120b-fortran,c,fortran,tsvc_2_vpvts,621384,621384,llr40v10-oss120b-fortran.n0.p35.w35,1,4.448423,83048594.000000,18441404.000000,0.000000,graded_attempt,sources/llr40v10-oss120b-fortran/tsvc_2_vpvts/621384.621384.llr40v10-oss120b-fortran.n0.p35.w35/candidate_01_submission.txt,c00ad330c3c9850000355ee8a06c03c0c29b545e691d71afc925d2505b20a3ad
llr40v10-oss120b-fortran-skills,numba,fortran,tsvc_2_vpvts,621027,621027,llr40v10-oss120b-fortran-skills.n0.p35.w35,1,1.020100,18733213.000000,18361252.000000,0.000000,graded_attempt,sources/llr40v10-oss120b-fortran-skills/tsvc_2_vpvts/621027.621027.llr40v10-oss120b-fortran-skills.n0.p35.w35/candidate_01_submission.txt,5e2a3102b9ea211e6531516bc41c0a991d8a36d692c85a9b0667348c7688676f
llr40v10-qwen38-c,c,c,tsvc_2_vpvts,621383,621383,llr40v10-qwen38-c.n0.p35.w35,1,4.629047,85714581.000000,18344849.000000,0.000000,graded_attempt,sources/llr40v10-qwen38-c/tsvc_2_vpvts/621383.621383.llr40v10-qwen38-c.n0.p35.w35/candidate_01_submission.txt,4274c35317efba9284152d761a57a7996e5dbbc70479700e19f915a127daf003
llr40v10-qwen38-c,c,c,tsvc_2_vpvts,621016,621016,llr40v10-qwen38-c.n0.p35.w35,1,4.317595,89440904.000000,20156488.000000,0.000000,graded_attempt,sources/llr40v10-qwen38-c/tsvc_2_vpvts/621016.621016.llr40v10-qwen38-c.n0.p35.w35/candidate_01_submission.txt,214401c74d86e42804ad6253cdb0c2acab554cdb14f78659aaa421488d1a59de
llr40v10-qwen38-c,c,c,tsvc_2_vpvts,621016,621016,llr40v10-qwen38-c.n0.p35.w35,2,4.232522,83506339.000000,19763721.000000,0.000000,graded_attempt,sources/llr40v10-qwen38-c/tsvc_2_vpvts/621016.621016.llr40v10-qwen38-c.n0.p35.w35/candidate_02_submission.txt,521dc53e7c8c56121a6c03a7c99b621b8e259017159b65e20a13a3bf8fc6beb0
llr40v10-qwen38-c-skills,numba,c,tsvc_2_vpvts,621024,621024,llr40v10-qwen38-c-skills.n0.p35.w35,3,1.061520,19527979.000000,18435050.000000,0.000000,graded_attempt,sources/llr40v10-qwen38-c-skills/tsvc_2_vpvts/621024.621024.llr40v10-qwen38-c-skills.n0.p35.w35/candidate_03_submission.txt,1a27ae5c33c40905c07de147d950dea44a86619c0a0e2515f400bddf4b6f7064
llr40v10-qwen38-c-skills,numba,c,tsvc_2_vpvts,621024,621024,llr40v10-qwen38-c-skills.n0.p35.w35,4,1.061520,19527979.000000,18415448.000000,0.000000,graded_attempt,sources/llr40v10-qwen38-c-skills/tsvc_2_vpvts/621024.621024.llr40v10-qwen38-c-skills.n0.p35.w35/candidate_03_submission.txt,1a27ae5c33c40905c07de147d950dea44a86619c0a0e2515f400bddf4b6f7064
llr40v10-qwen38-c-skills,numba,c,tsvc_2_vpvts,621024,621024,llr40v10-qwen38-c-skills.n0.p35.w35,5,1.061520,19527979.000000,18421298.000000,0.000000,graded_attempt,sources/llr40v10-qwen38-c-skills/tsvc_2_vpvts/621024.621024.llr40v10-qwen38-c-skills.n0.p35.w35/candidate_05_submission.txt,c043c10cdf41fd608a18634632e15913415ab1c6b0af392ee7f533b506ac404c
llr40v10-qwen38-c-skills,numba,c,tsvc_2_vpvts,621024,621024,llr40v10-qwen38-c-skills.n0.p35.w35,1,1.051010,19527979.000000,18434785.000000,0.000000,graded_attempt,sources/llr40v10-qwen38-c-skills/tsvc_2_vpvts/621024.621024.llr40v10-qwen38-c-skills.n0.p35.w35/candidate_01_submission.txt,06abcf4b714c82926dcbff8defa18095ded2054cfadade99913ce72fa980f28c
llr40v10-qwen38-c-skills,numba,c,tsvc_2_vpvts,621024,621024,llr40v10-qwen38-c-skills.n0.p35.w35,2,1.051010,19527979.000000,18415110.000000,0.000000,graded_attempt,sources/llr40v10-qwen38-c-skills/tsvc_2_vpvts/621024.621024.llr40v10-qwen38-c-skills.n0.p35.w35/candidate_02_submission.txt,a1cddbc32aea827f6d859cb6ce917928ac8c6fb92d698a867b33f5e5868e5088
llr40v10-qwen38-fortran,c,fortran,tsvc_2_vpvts,621020,621020,llr40v10-qwen38-fortran.n0.p35.w35,1,6.055760,109265252.000000,18372627.000000,0.000000,graded_attempt,sources/llr40v10-qwen38-fortran/tsvc_2_vpvts/621020.621020.llr40v10-qwen38-fortran.n0.p35.w35/candidate_01_submission.txt,99a20955df4554d2e19038d8a67a39ce49ff874acb66899fee51dbfd3261cb69
llr40v10-qwen38-fortran,c,fortran,tsvc_2_vpvts,621385,621385,llr40v10-qwen38-fortran.n0.p35.w35,1,5.164481,104279039.000000,19912688.000000,0.000000,graded_attempt,sources/llr40v10-qwen38-fortran/tsvc_2_vpvts/621385.621385.llr40v10-qwen38-fortran.n0.p35.w35/candidate_01_submission.txt,4fc0d9cf50555a39677e5c18e53f44332609efb262d38eaa14f9ee31f0b0b3e9
llr40v11-kimi27sglang-fortran,numba,fortran,tsvc_2_vpvts,625542,625542,llr40v11-kimi27sglang-fortran.n0.p15.w15,1,1.020100,18782902.000000,18377200.000000,0.000000,graded_attempt,sources/llr40v11-kimi27sglang-fortran/tsvc_2_vpvts/625542.625542.llr40v11-kimi27sglang-fortran.n0.p15.w15/candidate_01_submission.txt,1124b2343f444ad1533082546747f1d8433686df60d9e7d58f38e401f023fa4f
llr40v11-oss120b-c,numba,c,tsvc_2_vpvts,625531,625531,llr40v11-oss120b-c.n0.p35.w35,1,1.020100,18768070.000000,18442790.000000,0.000000,graded_attempt,sources/llr40v11-oss120b-c/tsvc_2_vpvts/625531.625531.llr40v11-oss120b-c.n0.p35.w35/candidate_01_submission.txt,cb6c9b11cb2cfee3b3a947a7a097db0298a8324165e5a5c348c4f8cca597e2d1
llr40v11-oss120b-c,numba,c,tsvc_2_vpvts,625531,625531,llr40v11-oss120b-c.n0.p35.w35,2,1.020100,18768070.000000,18431956.000000,0.000000,graded_attempt,sources/llr40v11-oss120b-c/tsvc_2_vpvts/625531.625531.llr40v11-oss120b-c.n0.p35.w35/candidate_02_submission.txt,acccc57d807672ee98438c59a8604bc01712a74b7732a02ca5856ff6a8147fed
llr40v11-oss120b-c,numba,c,tsvc_2_vpvts,625531,625531,llr40v11-oss120b-c.n0.p35.w35,3,1.020100,18768070.000000,18395266.000000,0.000000,graded_attempt,sources/llr40v11-oss120b-c/tsvc_2_vpvts/625531.625531.llr40v11-oss120b-c.n0.p35.w35/candidate_03_submission.txt,4d97f26278b90d06b89a0413344d212d2ef52e9303c72a82afba990b4f404351
llr40v11-oss120b-c,numba,c,tsvc_2_vpvts,625531,625531,llr40v11-oss120b-c.n0.p35.w35,4,1.020100,18768070.000000,18426266.000000,0.000000,graded_attempt,sources/llr40v11-oss120b-c/tsvc_2_vpvts/625531.625531.llr40v11-oss120b-c.n0.p35.w35/candidate_04_submission.txt,0aa13058982ca9908385c2f6f25e0cd3e4277b071533ffe4068aa2c47c7e3526
llr40v11-oss120b-c-skills,numba,c,tsvc_2_vpvts,625535,625535,llr40v11-oss120b-c-skills.n0.p35.w35,1,1.000000,18782867.000000,18545416.000000,0.000000,graded_attempt,sources/llr40v11-oss120b-c-skills/tsvc_2_vpvts/625535.625535.llr40v11-oss120b-c-skills.n0.p35.w35/candidate_01_submission.txt,6dd5bb9142479ff893349c6193bd5605a6d51e7153462bc79579f3a302a7f980
llr40v11-oss120b-fortran,numba,fortran,tsvc_2_vpvts,625539,625539,llr40v11-oss120b-fortran.n0.p35.w35,1,1.093685,19690440.000000,18546234.000000,0.000000,graded_attempt,sources/llr40v11-oss120b-fortran/tsvc_2_vpvts/625539.625539.llr40v11-oss120b-fortran.n0.p35.w35/candidate_01_submission.txt,b16b5f4467b2f30971ccf35e664d25f993aee87fa0693f564c85049d581839cd
llr40v11-oss120b-fortran-skills,numba,fortran,tsvc_2_vpvts,625543,625543,llr40v11-oss120b-fortran-skills.n0.p35.w35,1,1.000000,18528323.000000,18371953.000000,0.000000,graded_attempt,sources/llr40v11-oss120b-fortran-skills/tsvc_2_vpvts/625543.625543.llr40v11-oss120b-fortran-skills.n0.p35.w35/candidate_01_submission.txt,e96f807f299b14d2cc4208df2cc87b5728bf56a67a5a23ab9782d5e237ae0da6
llr40v11-qwen38-fortran-skills,numba,fortran,tsvc_2_vpvts,625544,625544,llr40v11-qwen38-fortran-skills.n0.p35.w35,1,1.040604,19417350.000000,18540855.000000,0.000000,graded_attempt,sources/llr40v11-qwen38-fortran-skills/tsvc_2_vpvts/625544.625544.llr40v11-qwen38-fortran-skills.n0.p35.w35/candidate_01_submission.txt,938ee774da6fde72cfac270390ff4d1744694cf8c532e946d664827fcd1b6828
v11w2-kimi27sglang-c,numba,c,tsvc_2_vpvts,627370,627370,v11w2-kimi27sglang-c.n0.p1.w1,2,1.040604,18546901.000000,17696223.000000,0.000000,graded_attempt,sources/v11w2-kimi27sglang-c/tsvc_2_vpvts/627370.627370.v11w2-kimi27sglang-c.n0.p1.w1/candidate_02_submission.txt,7324cc2fb7428458bdbb946917b735237ef3f34d01f0a2c647620f2ef78ecf15
v11w2-kimi27sglang-c,numba,c,tsvc_2_vpvts,627370,627370,v11w2-kimi27sglang-c.n0.p1.w1,3,1.040604,18546901.000000,17655813.000000,0.000000,graded_attempt,sources/v11w2-kimi27sglang-c/tsvc_2_vpvts/627370.627370.v11w2-kimi27sglang-c.n0.p1.w1/candidate_03_submission.txt,cbe6348c9bfd38f05649e23481e6dd6f6f01bf19311394920e572f8a4b29334d
v11w2-kimi27sglang-c,numba,c,tsvc_2_vpvts,627370,627370,v11w2-kimi27sglang-c.n0.p1.w1,1,1.010000,18546901.000000,18391871.000000,0.000000,graded_attempt,sources/v11w2-kimi27sglang-c/tsvc_2_vpvts/627370.627370.v11w2-kimi27sglang-c.n0.p1.w1/candidate_01_submission.txt,b231fd9c4467fbbf537cd023b6d92e62d8c60f93e0bcfa4557098cb2e8ee2a18
v11w2-kimi27sglang-c-skills,numba,c,tsvc_2_vpvts,627010,627010,v11w2-kimi27sglang-c-skills.n0.p3.w3,1,1.000000,18572584.000000,18510106.000000,0.000000,graded_attempt,sources/v11w2-kimi27sglang-c-skills/tsvc_2_vpvts/627010.627010.v11w2-kimi27sglang-c-skills.n0.p3.w3/candidate_01_submission.txt,8b36758854d002eee01cbdb6b95b30327f7b091ee57485a09b62a10f1fc90c0f
v11w2-kimi27sglang-c-skills,numba,c,tsvc_2_vpvts,627010,627010,v11w2-kimi27sglang-c-skills.n0.p3.w3,2,1.000000,18572584.000000,18531735.000000,0.000000,graded_attempt,sources/v11w2-kimi27sglang-c-skills/tsvc_2_vpvts/627010.627010.v11w2-kimi27sglang-c-skills.n0.p3.w3/candidate_02_submission.txt,0e1cd6580a85022936543b96a7da7d0fb8e4943d7d8ecf13445baab3d01b48d1
v11w2-kimi27sglang-c-skills,numba,c,tsvc_2_vpvts,627010,627010,v11w2-kimi27sglang-c-skills.n0.p3.w3,3,1.000000,18572584.000000,18437327.000000,0.000000,graded_attempt,sources/v11w2-kimi27sglang-c-skills/tsvc_2_vpvts/627010.627010.v11w2-kimi27sglang-c-skills.n0.p3.w3/candidate_03_submission.txt,d358394701b8aef3852a7731551ad4ef5d760cbf77be8a5aa7107a11562ca9c3
v11w2-kimi27sglang-c-skills,numba,c,tsvc_2_vpvts,627010,627010,v11w2-kimi27sglang-c-skills.n0.p3.w3,4,1.000000,18572584.000000,18496907.000000,0.000000,graded_attempt,sources/v11w2-kimi27sglang-c-skills/tsvc_2_vpvts/627010.627010.v11w2-kimi27sglang-c-skills.n0.p3.w3/candidate_03_submission.txt,d358394701b8aef3852a7731551ad4ef5d760cbf77be8a5aa7107a11562ca9c3
v11w2-kimi27sglang-c-skills,numba,c,tsvc_2_vpvts,627010,627010,v11w2-kimi27sglang-c-skills.n0.p3.w3,5,1.000000,18572584.000000,18484165.000000,0.000000,graded_attempt,sources/v11w2-kimi27sglang-c-skills/tsvc_2_vpvts/627010.627010.v11w2-kimi27sglang-c-skills.n0.p3.w3/candidate_05_submission.txt,1bf244f2ba455b53597c032e079ebba8864c13dbe2786465530ae27c3ba9fca4
v11w2-kimi27sglang-c-skills,numba,c,tsvc_2_vpvts,627010,627010,v11w2-kimi27sglang-c-skills.n0.p3.w3,6,1.000000,18572584.000000,18476986.000000,0.000000,graded_attempt,sources/v11w2-kimi27sglang-c-skills/tsvc_2_vpvts/627010.627010.v11w2-kimi27sglang-c-skills.n0.p3.w3/candidate_03_submission.txt,d358394701b8aef3852a7731551ad4ef5d760cbf77be8a5aa7107a11562ca9c3
v11w2-kimi27sglang-c-skills,numba,c,tsvc_2_vpvts,627010,627010,v11w2-kimi27sglang-c-skills.n0.p3.w3,7,1.000000,18572584.000000,18556507.000000,0.000000,graded_attempt,sources/v11w2-kimi27sglang-c-skills/tsvc_2_vpvts/627010.627010.v11w2-kimi27sglang-c-skills.n0.p3.w3/candidate_03_submission.txt,d358394701b8aef3852a7731551ad4ef5d760cbf77be8a5aa7107a11562ca9c3
v11w2-kimi27sglang-c-skills,numba,c,tsvc_2_vpvts,627010,627010,v11w2-kimi27sglang-c-skills.n0.p3.w3,8,1.000000,18572584.000000,18471310.000000,0.000000,graded_attempt,sources/v11w2-kimi27sglang-c-skills/tsvc_2_vpvts/627010.627010.v11w2-kimi27sglang-c-skills.n0.p3.w3/candidate_03_submission.txt,d358394701b8aef3852a7731551ad4ef5d760cbf77be8a5aa7107a11562ca9c3
v11w2-kimi27sglang-c-skills,numba,c,tsvc_2_vpvts,627010,627010,v11w2-kimi27sglang-c-skills.n0.p3.w3,9,1.000000,18572584.000000,18443476.000000,0.000000,graded_attempt,sources/v11w2-kimi27sglang-c-skills/tsvc_2_vpvts/627010.627010.v11w2-kimi27sglang-c-skills.n0.p3.w3/candidate_09_submission.txt,c342c598398e77345a1c39b2127d8a285618b41c05f022cc0ac10c0c48ee8fff
v11w2-kimi27sglang-c-skills,numba,c,tsvc_2_vpvts,627010,627010,v11w2-kimi27sglang-c-skills.n0.p3.w3,10,1.000000,18572584.000000,18517985.000000,0.000000,graded_attempt,sources/v11w2-kimi27sglang-c-skills/tsvc_2_vpvts/627010.627010.v11w2-kimi27sglang-c-skills.n0.p3.w3/candidate_09_submission.txt,c342c598398e77345a1c39b2127d8a285618b41c05f022cc0ac10c0c48ee8fff
v11w2-kimi27sglang-c-skills,numba,c,tsvc_2_vpvts,627010,627010,v11w2-kimi27sglang-c-skills.n0.p3.w3,11,1.000000,18572584.000000,18458447.000000,0.000000,graded_attempt,sources/v11w2-kimi27sglang-c-skills/tsvc_2_vpvts/627010.627010.v11w2-kimi27sglang-c-skills.n0.p3.w3/candidate_09_submission.txt,c342c598398e77345a1c39b2127d8a285618b41c05f022cc0ac10c0c48ee8fff
v11w2-kimi27sglang-fortran-skills,numba,fortran,tsvc_2_vpvts,627016,627016,v11w2-kimi27sglang-fortran-skills.n0.p4.w4,1,1.030301,18814675.000000,18141958.000000,0.000000,graded_attempt,sources/v11w2-kimi27sglang-fortran-skills/tsvc_2_vpvts/627016.627016.v11w2-kimi27sglang-fortran-skills.n0.p4.w4/candidate_01_submission.txt,33e130372bfb27962d7ef571f1fe00e107f9f4b7afaaf70a6da3b0da655080d6
v11w2-kimi27sglang-fortran-skills,numba,fortran,tsvc_2_vpvts,627016,627016,v11w2-kimi27sglang-fortran-skills.n0.p4.w4,2,1.020100,18814675.000000,18234048.000000,0.000000,graded_attempt,sources/v11w2-kimi27sglang-fortran-skills/tsvc_2_vpvts/627016.627016.v11w2-kimi27sglang-fortran-skills.n0.p4.w4/candidate_02_submission.txt,5ca8cbb3014c7371362720dd4e92b5030e818cbd2262d0f390733bbc9f95ba2d
v11w2-qwen38-c,numba,c,tsvc_2_vpvts,626365,626365,v11w2-qwen38-c.n0.p12.w12,1,1.010000,18345328.000000,18078620.000000,0.000000,graded_attempt,sources/v11w2-qwen38-c/tsvc_2_vpvts/626365.626365.v11w2-qwen38-c.n0.p12.w12/candidate_01_submission.txt,ecc1ed9322442d59919bbdf3be69a6ead04c2f0458c8cd43629d9db9ff5839f2
v11w2-qwen38-c-skills,numba,c,tsvc_2_vpvts,626366,626366,v11w2-qwen38-c-skills.n0.p9.w9,1,1.000000,18638454.000000,18430524.000000,0.000000,graded_attempt,sources/v11w2-qwen38-c-skills/tsvc_2_vpvts/626366.626366.v11w2-qwen38-c-skills.n0.p9.w9/candidate_01_submission.txt,b8226e96bdb22ba8b0566e77861fdc8d40c93f18e0763098aec1cd217a9ce28a
v11w2-qwen38-fortran,numba,fortran,tsvc_2_vpvts,627013,627013,v11w2-qwen38-fortran.n0.p6.w6,1,1.010000,18679745.000000,18602385.000000,0.000000,graded_attempt,sources/v11w2-qwen38-fortran/tsvc_2_vpvts/627013.627013.v11w2-qwen38-fortran.n0.p6.w6/candidate_01_submission.txt,0d9e1b1d2a0fdffb3ebc6351de4b67085500476544f0f440dbe798f16378c05c
gpuv2-llr40-oss120b-hip,numba,hip,tsvc_2_vtvtv,627167,627167,gpuv2-llr40-oss120b-hip.n0.p36.w36,1,9.959496,17439433.000000,1621114.000000,0.000000,graded_attempt,sources/gpuv2-llr40-oss120b-hip/tsvc_2_vtvtv/627167.627167.gpuv2-llr40-oss120b-hip.n0.p36.w36/candidate_01_submission.txt,bd2bd0ae1e86fd6014cd2da6192ea2b2a1274167ab3273b892a976e6cdab7b31
gpuv2-llr40-oss120b-hip-skills,numba,hip,tsvc_2_vtvtv,627168,627168,gpuv2-llr40-oss120b-hip-skills.n0.p36.w36,1,10.059091,17412558.000000,1593814.000000,0.000000,graded_attempt,sources/gpuv2-llr40-oss120b-hip-skills/tsvc_2_vtvtv/627168.627168.gpuv2-llr40-oss120b-hip-skills.n0.p36.w36/candidate_01_submission.txt,72b8e2de2ba7ad9c11b0aef8b7c9192c6c688d87db6660e024f95be0af13b04e
gpuv2-llr40-oss120b-omp,numba,c,tsvc_2_vtvtv,627173,627173,gpuv2-llr40-oss120b-omp.n0.p36.w36,1,1.000000,17572634.000000,20018458.000000,0.000000,graded_attempt,sources/gpuv2-llr40-oss120b-omp/tsvc_2_vtvtv/627173.627173.gpuv2-llr40-oss120b-omp.n0.p36.w36/candidate_01_submission.txt,e3dc6a72ce023632abe124e23bd358b7ef7215039087b4a80c178f19c8e23420
gpuv2-llr40-oss120b-omp,numba,c,tsvc_2_vtvtv,627173,627173,gpuv2-llr40-oss120b-omp.n0.p36.w36,2,1.000000,17572634.000000,19565672.000000,0.000000,graded_attempt,sources/gpuv2-llr40-oss120b-omp/tsvc_2_vtvtv/627173.627173.gpuv2-llr40-oss120b-omp.n0.p36.w36/candidate_02_submission.txt,61d2d6f0c6479c5f105537cd4bbe0ad63b90d9d3bbeb0c4c654af602da657327
gpuv2-llr40-qwen38-hip,numba,hip,tsvc_2_vtvtv,627017,627017,gpuv2-llr40-qwen38-hip.n0.p36.w36,2,9.570880,17451047.000000,1677660.000000,0.000000,graded_attempt,sources/gpuv2-llr40-qwen38-hip/tsvc_2_vtvtv/627017.627017.gpuv2-llr40-qwen38-hip.n0.p36.w36/candidate_02_submission.txt,020a91921535235bf46c3077040f2d0b3169b6c3ca1e38d13b23d49251d9c24a
gpuv2-llr40-qwen38-hip,numba,hip,tsvc_2_vtvtv,627228,627228,gpuv2-llr40-qwen38-hip.n0.p36.w36,1,9.570880,17352127.000000,1742825.000000,0.000000,graded_attempt,sources/gpuv2-llr40-qwen38-hip/tsvc_2_vtvtv/627228.627228.gpuv2-llr40-qwen38-hip.n0.p36.w36/candidate_01_submission.txt,798c69a8540348c4cd60ee81197b5eba5e711a3060d010159ba4e5f0599be6b1
gpuv2-llr40-qwen38-hip,numba,hip,tsvc_2_vtvtv,627017,627017,gpuv2-llr40-qwen38-hip.n0.p36.w36,1,9.476118,17451047.000000,1732090.000000,0.000000,graded_attempt,sources/gpuv2-llr40-qwen38-hip/tsvc_2_vtvtv/627017.627017.gpuv2-llr40-qwen38-hip.n0.p36.w36/candidate_01_submission.txt,6bade20b51875690c2f981185c37a71c53df7c62c84c067ed8f38e0092106fa7
gpuv2-llr40-qwen38-hip-skills,numba,hip,tsvc_2_vtvtv,627229,627229,gpuv2-llr40-qwen38-hip-skills.n0.p25.w25,1,10.363891,17914736.000000,1629688.000000,0.000000,graded_attempt,sources/gpuv2-llr40-qwen38-hip-skills/tsvc_2_vtvtv/627229.627229.gpuv2-llr40-qwen38-hip-skills.n0.p25.w25/candidate_01_submission.txt,65224137f5eebfac38ca1d6fb0cfd88f3278db8c7f6a92bf1cc3215c2721954c
gpuv2-llr40-qwen38-hip-skills,numba,hip,tsvc_2_vtvtv,626646,626646,gpuv2-llr40-qwen38-hip-skills.n0.p36.w36,2,10.159681,17508776.000000,1616677.000000,0.000000,graded_attempt,sources/gpuv2-llr40-qwen38-hip-skills/tsvc_2_vtvtv/626646.626646.gpuv2-llr40-qwen38-hip-skills.n0.p36.w36/candidate_02_submission.txt,54460aa85901b32f04d0a1439ba974fc9293691acab9b971427cdf199432f5a6
gpuv2-llr40-qwen38-hip-skills,numba,hip,tsvc_2_vtvtv,627229,627229,gpuv2-llr40-qwen38-hip-skills.n0.p25.w25,2,10.159681,17914736.000000,1646407.000000,0.000000,graded_attempt,sources/gpuv2-llr40-qwen38-hip-skills/tsvc_2_vtvtv/627229.627229.gpuv2-llr40-qwen38-hip-skills.n0.p25.w25/candidate_01_submission.txt,65224137f5eebfac38ca1d6fb0cfd88f3278db8c7f6a92bf1cc3215c2721954c
gpuv2-llr40-qwen38-hip-skills,numba,hip,tsvc_2_vtvtv,626646,626646,gpuv2-llr40-qwen38-hip-skills.n0.p36.w36,1,10.059091,17508776.000000,1592116.000000,0.000000,graded_attempt,sources/gpuv2-llr40-qwen38-hip-skills/tsvc_2_vtvtv/626646.626646.gpuv2-llr40-qwen38-hip-skills.n0.p36.w36/candidate_01_submission.txt,aac32ac7c2b416396ef4a8cdb319a45d330c72ebb96a96e701b36745ea7fc6f5
gpuv2-llr40-qwen38-hip-skills,numba,hip,tsvc_2_vtvtv,627018,627018,gpuv2-llr40-qwen38-hip-skills.n0.p36.w36,1,9.570880,17463244.000000,1678769.000000,0.000000,graded_attempt,sources/gpuv2-llr40-qwen38-hip-skills/tsvc_2_vtvtv/627018.627018.gpuv2-llr40-qwen38-hip-skills.n0.p36.w36/candidate_01_submission.txt,dec8d005da93bf6f47bd7e18d7be400b1b7140c0ef96a2b32ff1ab4488d10001
gpuv2-llr40-qwen38-omp-skills,numba,c,tsvc_2_vtvtv,626561,626561,gpuv2-llr40-qwen38-omp-skills.n0.p36.w36,1,1.000000,17365069.000000,19477516.000000,0.000000,graded_attempt,sources/gpuv2-llr40-qwen38-omp-skills/tsvc_2_vtvtv/626561.626561.gpuv2-llr40-qwen38-omp-skills.n0.p36.w36/candidate_01_submission.txt,0a60a9fd2c31231c1c1aa79acd7a50197b83acd1d324df1686badc3c51420352
gpuv4-llr40-oss120b-pytriton,numba,python,tsvc_2_vtvtv,627175,627175,gpuv4-llr40-oss120b-pytriton.n0.p36.w36,1,1.000000,17565481.000000,128193007.000000,0.000000,graded_attempt,sources/gpuv4-llr40-oss120b-pytriton/tsvc_2_vtvtv/627175.627175.gpuv4-llr40-oss120b-pytriton.n0.p36.w36/candidate_01_submission.txt,3a467153c0435cc1d67a3b5ef994fd4286f8957d247eada0e78044909a48c0ed
gpuv4-llr40-oss120b-pytriton-skills,numba,python,tsvc_2_vtvtv,627176,627176,gpuv4-llr40-oss120b-pytriton-skills.n0.p36.w36,1,1.051010,18328855.000000,17594041.000000,0.000000,graded_attempt,sources/gpuv4-llr40-oss120b-pytriton-skills/tsvc_2_vtvtv/627176.627176.gpuv4-llr40-oss120b-pytriton-skills.n0.p36.w36/candidate_01_submission.txt,92655a17c237bea069e2056f5e3a4e95a4fa75239e8c2a8f5325a73499883c3f
gpuv4-llr40-oss120b-pytriton-skills,numba,python,tsvc_2_vtvtv,627176,627176,gpuv4-llr40-oss120b-pytriton-skills.n0.p36.w36,2,1.051010,18328855.000000,17602911.000000,0.000000,graded_attempt,sources/gpuv4-llr40-oss120b-pytriton-skills/tsvc_2_vtvtv/627176.627176.gpuv4-llr40-oss120b-pytriton-skills.n0.p36.w36/candidate_01_submission.txt,92655a17c237bea069e2056f5e3a4e95a4fa75239e8c2a8f5325a73499883c3f
gpuv4-llr40-qwen38-pytriton,numba,python,tsvc_2_vtvtv,626557,626557,gpuv4-llr40-qwen38-pytriton.n0.p36.w36,1,1.010000,19875391.000000,19557853.000000,0.000000,graded_attempt,sources/gpuv4-llr40-qwen38-pytriton/tsvc_2_vtvtv/626557.626557.gpuv4-llr40-qwen38-pytriton.n0.p36.w36/candidate_01_submission.txt,8ce0b92da9c1a51ff04927db911b5976819039bc5daf7aec3f14700bba9b159d
gpuv4-llr40-qwen38-pytriton-skills,numba,python,tsvc_2_vtvtv,626651,626651,gpuv4-llr40-qwen38-pytriton-skills.n0.p36.w36,1,1.000000,17436431.000000,17339302.000000,0.000000,graded_attempt,sources/gpuv4-llr40-qwen38-pytriton-skills/tsvc_2_vtvtv/626651.626651.gpuv4-llr40-qwen38-pytriton-skills.n0.p36.w36/candidate_01_submission.txt,483c09f2cd8ab3d51c16f4eb0a4ffea8e318929d5fe9cd7e241ea4b730a3a27c
llr40v10-kimi27sglang-c,numba,c,tsvc_2_vtvtv,621730,621730,llr40v10-kimi27sglang-c.n0.p16.w16,1,1.000000,17338790.000000,17294326.000000,0.000000,graded_attempt,sources/llr40v10-kimi27sglang-c/tsvc_2_vtvtv/621730.621730.llr40v10-kimi27sglang-c.n0.p16.w16/candidate_01_submission.txt,2e8fb8fcba8e3d256bed5701d620668faa27757c314c1659e87a307b0cf5af21
llr40v10-kimi27sglang-c,numba,c,tsvc_2_vtvtv,621730,621730,llr40v10-kimi27sglang-c.n0.p16.w16,2,1.000000,17338790.000000,17308096.000000,0.000000,graded_attempt,sources/llr40v10-kimi27sglang-c/tsvc_2_vtvtv/621730.621730.llr40v10-kimi27sglang-c.n0.p16.w16/candidate_02_submission.txt,c060ea24aeb9b0cc2de72520e11b7d7786173062256ec17c45da7dd29371c05c
llr40v10-kimi27sglang-c,numba,c,tsvc_2_vtvtv,621730,621730,llr40v10-kimi27sglang-c.n0.p16.w16,3,1.000000,17338790.000000,17265236.000000,0.000000,graded_attempt,sources/llr40v10-kimi27sglang-c/tsvc_2_vtvtv/621730.621730.llr40v10-kimi27sglang-c.n0.p16.w16/candidate_03_submission.txt,f8f280c0e8d4ca0389eb4d055ee46457c17851873bf858dd49fba7d096ee7c9c
llr40v10-kimi27sglang-c-skills,numba,c,tsvc_2_vtvtv,621026,621026,llr40v10-kimi27sglang-c-skills.n0.p16.w16,5,1.010000,25701829.000000,25227996.000000,0.000000,graded_attempt,sources/llr40v10-kimi27sglang-c-skills/tsvc_2_vtvtv/621026.621026.llr40v10-kimi27sglang-c-skills.n0.p16.w16/candidate_05_submission.txt,1a17b34463d90b6bf5df491050b49029b6223c3e817c73c1b23210915dfd6c2b
llr40v10-kimi27sglang-c-skills,numba,c,tsvc_2_vtvtv,621026,621026,llr40v10-kimi27sglang-c-skills.n0.p16.w16,6,1.010000,25701829.000000,25305379.000000,0.000000,graded_attempt,sources/llr40v10-kimi27sglang-c-skills/tsvc_2_vtvtv/621026.621026.llr40v10-kimi27sglang-c-skills.n0.p16.w16/candidate_06_submission.txt,431399c781cc1c3f3b2f4715b9031bd5a5ce7999b76a90b296b8ab931ec2e2dd
llr40v10-kimi27sglang-c-skills,numba,c,tsvc_2_vtvtv,621026,621026,llr40v10-kimi27sglang-c-skills.n0.p16.w16,1,1.000000,25701829.000000,25569106.000000,0.000000,graded_attempt,sources/llr40v10-kimi27sglang-c-skills/tsvc_2_vtvtv/621026.621026.llr40v10-kimi27sglang-c-skills.n0.p16.w16/candidate_01_submission.txt,c00e1d76e29f5414b772a7cf33ba525b2e1ef7c33d34ea2cb95c15a46b7b5a35
llr40v10-kimi27sglang-c-skills,numba,c,tsvc_2_vtvtv,621026,621026,llr40v10-kimi27sglang-c-skills.n0.p16.w16,2,1.000000,25701829.000000,25634344.000000,0.000000,graded_attempt,sources/llr40v10-kimi27sglang-c-skills/tsvc_2_vtvtv/621026.621026.llr40v10-kimi27sglang-c-skills.n0.p16.w16/candidate_01_submission.txt,c00e1d76e29f5414b772a7cf33ba525b2e1ef7c33d34ea2cb95c15a46b7b5a35
llr40v10-kimi27sglang-c-skills,numba,c,tsvc_2_vtvtv,621026,621026,llr40v10-kimi27sglang-c-skills.n0.p16.w16,3,1.000000,25701829.000000,25562248.000000,0.000000,graded_attempt,sources/llr40v10-kimi27sglang-c-skills/tsvc_2_vtvtv/621026.621026.llr40v10-kimi27sglang-c-skills.n0.p16.w16/candidate_03_submission.txt,480714936c6d31ce07b14c621018ef9edd8abb9b60790eebadf0cb8771f4f54b
llr40v10-kimi27sglang-c-skills,numba,c,tsvc_2_vtvtv,621026,621026,llr40v10-kimi27sglang-c-skills.n0.p16.w16,4,1.000000,25701829.000000,25638433.000000,0.000000,graded_attempt,sources/llr40v10-kimi27sglang-c-skills/tsvc_2_vtvtv/621026.621026.llr40v10-kimi27sglang-c-skills.n0.p16.w16/candidate_04_submission.txt,cd58d14334b753ea63bfca2d5cfe899014d0bde6f2e89ee55e554dac0e0f7db0
llr40v10-kimi27sglang-fortran,c,fortran,tsvc_2_vtvtv,621022,621022,llr40v10-kimi27sglang-fortran.n0.p16.w16,2,5.320970,101028367.000000,18699167.000000,0.000000,graded_attempt,sources/llr40v10-kimi27sglang-fortran/tsvc_2_vtvtv/621022.621022.llr40v10-kimi27sglang-fortran.n0.p16.w16/candidate_02_submission.txt,aa3e23d066d003dd3015c5cef90f610e1bf813762bc96ddf5278d964affc8cf5
llr40v10-kimi27sglang-fortran,c,fortran,tsvc_2_vtvtv,621022,621022,llr40v10-kimi27sglang-fortran.n0.p16.w16,3,5.320970,101916013.000000,18561897.000000,0.000000,graded_attempt,sources/llr40v10-kimi27sglang-fortran/tsvc_2_vtvtv/621022.621022.llr40v10-kimi27sglang-fortran.n0.p16.w16/candidate_03_submission.txt,e3f438eb1508d25054bd0327648c2c912411b00b5b04cc29d8b0f7bfe65a6eb8
llr40v10-kimi27sglang-fortran,c,fortran,tsvc_2_vtvtv,621022,621022,llr40v10-kimi27sglang-fortran.n0.p16.w16,1,5.268287,100285720.000000,18652999.000000,0.000000,graded_attempt,sources/llr40v10-kimi27sglang-fortran/tsvc_2_vtvtv/621022.621022.llr40v10-kimi27sglang-fortran.n0.p16.w16/candidate_01_submission.txt,89408c2cf67a2c54cb88990b3fb750165ef0efbb28aa67fc9496037ad46d51b9
llr40v10-kimi27sglang-fortran,numba,fortran,tsvc_2_vtvtv,621732,621732,llr40v10-kimi27sglang-fortran.n0.p16.w16,3,1.474123,25845986.000000,17305898.000000,0.000000,graded_attempt,sources/llr40v10-kimi27sglang-fortran/tsvc_2_vtvtv/621732.621732.llr40v10-kimi27sglang-fortran.n0.p16.w16/candidate_03_submission.txt,6921048c430f2a1be9fc609be5b1c7b58928cb16b3c4c25f0c4c77e7341cbd9b
llr40v10-kimi27sglang-fortran,numba,fortran,tsvc_2_vtvtv,621732,621732,llr40v10-kimi27sglang-fortran.n0.p16.w16,2,1.459527,25845986.000000,17281947.000000,0.000000,graded_attempt,sources/llr40v10-kimi27sglang-fortran/tsvc_2_vtvtv/621732.621732.llr40v10-kimi27sglang-fortran.n0.p16.w16/candidate_02_submission.txt,0a63a0a671434b60e29e2519c7e4b663a74032be216916bfe6330fa1a9ad3921
llr40v10-kimi27sglang-fortran,numba,fortran,tsvc_2_vtvtv,621732,621732,llr40v10-kimi27sglang-fortran.n0.p16.w16,1,1.000000,25845986.000000,25720185.000000,0.000000,graded_attempt,sources/llr40v10-kimi27sglang-fortran/tsvc_2_vtvtv/621732.621732.llr40v10-kimi27sglang-fortran.n0.p16.w16/candidate_01_submission.txt,9710ce51ccb24606d11f702ce8951e1c7af4bb816f2443978929389c056348e9
llr40v10-kimi27sglang-fortran-skills,numba,fortran,tsvc_2_vtvtv,621030,621030,llr40v10-kimi27sglang-fortran-skills.n0.p16.w16,1,1.000000,19662210.000000,19422327.000000,0.000000,graded_attempt,sources/llr40v10-kimi27sglang-fortran-skills/tsvc_2_vtvtv/621030.621030.llr40v10-kimi27sglang-fortran-skills.n0.p16.w16/candidate_01_submission.txt,5056a2c93b6882a40535e051de660db9285625e5beb28196157fdec7eeb554fa
llr40v10-kimi27sglang-fortran-skills,numba,fortran,tsvc_2_vtvtv,621030,621030,llr40v10-kimi27sglang-fortran-skills.n0.p16.w16,2,1.000000,19662210.000000,19451585.000000,0.000000,graded_attempt,sources/llr40v10-kimi27sglang-fortran-skills/tsvc_2_vtvtv/621030.621030.llr40v10-kimi27sglang-fortran-skills.n0.p16.w16/candidate_02_submission.txt,279efd8b15aebc4afd543d899381adb677e50cce82c95a40f20065d54914f892
llr40v10-oss120b-c,c,c,tsvc_2_vtvtv,621015,621015,llr40v10-oss120b-c.n0.p36.w36,1,5.012594,89055218.000000,17395135.000000,0.000000,graded_attempt,sources/llr40v10-oss120b-c/tsvc_2_vtvtv/621015.621015.llr40v10-oss120b-c.n0.p36.w36/candidate_01_submission.txt,13f027a340ba5e9068eccdfcd405af2743bd24535da1ad16d439c95c1feb8afd
llr40v10-oss120b-c,c,c,tsvc_2_vtvtv,621382,621382,llr40v10-oss120b-c.n0.p36.w36,1,4.722091,83522220.000000,17349812.000000,0.000000,graded_attempt,sources/llr40v10-oss120b-c/tsvc_2_vtvtv/621382.621382.llr40v10-oss120b-c.n0.p36.w36/candidate_01_submission.txt,2c9c4b4b86d6f989c2db5f8142bbf446826469b64c4eb6c799b4eeac2cc76691
llr40v10-oss120b-c-skills,numba,c,tsvc_2_vtvtv,621023,621023,llr40v10-oss120b-c-skills.n0.p36.w36,1,1.104622,18423171.000000,17619025.000000,0.000000,graded_attempt,sources/llr40v10-oss120b-c-skills/tsvc_2_vtvtv/621023.621023.llr40v10-oss120b-c-skills.n0.p36.w36/candidate_01_submission.txt,09983ed593a44e094aadebfbb93d0b37d0e0c911192b87a297b3537f547ec050
llr40v10-oss120b-c-skills,numba,c,tsvc_2_vtvtv,621023,621023,llr40v10-oss120b-c-skills.n0.p36.w36,2,1.104622,18423171.000000,17591162.000000,0.000000,graded_attempt,sources/llr40v10-oss120b-c-skills/tsvc_2_vtvtv/621023.621023.llr40v10-oss120b-c-skills.n0.p36.w36/candidate_02_submission.txt,cc5bbc14fccf49bbfd67036dacb08a625bb8c3907793955d13a8360329da5b1a
llr40v10-oss120b-c-skills,numba,c,tsvc_2_vtvtv,621023,621023,llr40v10-oss120b-c-skills.n0.p36.w36,3,1.104622,18423171.000000,17574943.000000,0.000000,graded_attempt,sources/llr40v10-oss120b-c-skills/tsvc_2_vtvtv/621023.621023.llr40v10-oss120b-c-skills.n0.p36.w36/candidate_01_submission.txt,09983ed593a44e094aadebfbb93d0b37d0e0c911192b87a297b3537f547ec050
llr40v10-oss120b-fortran,c,fortran,tsvc_2_vtvtv,621384,621384,llr40v10-oss120b-fortran.n0.p36.w36,1,4.962965,85776448.000000,17227259.000000,0.000000,graded_attempt,sources/llr40v10-oss120b-fortran/tsvc_2_vtvtv/621384.621384.llr40v10-oss120b-fortran.n0.p36.w36/candidate_01_submission.txt,a0afb9e6fe0603e58094ce151ad9600b65a104296a789c0597592c04f7667c6b
llr40v10-oss120b-fortran,c,fortran,tsvc_2_vtvtv,621019,621019,llr40v10-oss120b-fortran.n0.p36.w36,2,4.865175,84778106.000000,17300443.000000,0.000000,graded_attempt,sources/llr40v10-oss120b-fortran/tsvc_2_vtvtv/621019.621019.llr40v10-oss120b-fortran.n0.p36.w36/candidate_01_submission.txt,7c90da9e1776c0f908f741cf7eb6899db475c2a36e1bda198614c811f29181d6
llr40v10-oss120b-fortran,c,fortran,tsvc_2_vtvtv,621019,621019,llr40v10-oss120b-fortran.n0.p36.w36,1,4.817005,84171003.000000,17284655.000000,0.000000,graded_attempt,sources/llr40v10-oss120b-fortran/tsvc_2_vtvtv/621019.621019.llr40v10-oss120b-fortran.n0.p36.w36/candidate_01_submission.txt,7c90da9e1776c0f908f741cf7eb6899db475c2a36e1bda198614c811f29181d6
llr40v10-oss120b-fortran-skills,numba,fortran,tsvc_2_vtvtv,621027,621027,llr40v10-oss120b-fortran-skills.n0.p36.w36,1,1.000000,17500429.000000,17395708.000000,0.000000,graded_attempt,sources/llr40v10-oss120b-fortran-skills/tsvc_2_vtvtv/621027.621027.llr40v10-oss120b-fortran-skills.n0.p36.w36/candidate_01_submission.txt,842714ec019491ee83bbdf65a2a8a78b6b98d3fbc9ca1ca43da38932853109fb
llr40v10-qwen38-c,c,c,tsvc_2_vtvtv,621016,621016,llr40v10-qwen38-c.n0.p36.w36,2,5.012594,88402336.000000,17541486.000000,0.000000,graded_attempt,sources/llr40v10-qwen38-c/tsvc_2_vtvtv/621016.621016.llr40v10-qwen38-c.n0.p36.w36/candidate_02_submission.txt,871829301f10a297deadeccc8fd06b61e36e6691fe2088f7e011d22822337e81
llr40v10-qwen38-c,c,c,tsvc_2_vtvtv,621383,621383,llr40v10-qwen38-c.n0.p36.w36,5,4.865175,85460282.000000,17384622.000000,0.000000,graded_attempt,sources/llr40v10-qwen38-c/tsvc_2_vtvtv/621383.621383.llr40v10-qwen38-c.n0.p36.w36/candidate_02_submission.txt,a1bc20c66a47f85e4f17303bf124e356bf00c94dc0d0a5b2112175877a223b45
llr40v10-qwen38-c,c,c,tsvc_2_vtvtv,621383,621383,llr40v10-qwen38-c.n0.p36.w36,2,4.817005,84740934.000000,17419682.000000,0.000000,graded_attempt,sources/llr40v10-qwen38-c/tsvc_2_vtvtv/621383.621383.llr40v10-qwen38-c.n0.p36.w36/candidate_02_submission.txt,a1bc20c66a47f85e4f17303bf124e356bf00c94dc0d0a5b2112175877a223b45
llr40v10-qwen38-c,c,c,tsvc_2_vtvtv,621383,621383,llr40v10-qwen38-c.n0.p36.w36,6,4.817005,84766567.000000,17438388.000000,0.000000,graded_attempt,sources/llr40v10-qwen38-c/tsvc_2_vtvtv/621383.621383.llr40v10-qwen38-c.n0.p36.w36/candidate_02_submission.txt,a1bc20c66a47f85e4f17303bf124e356bf00c94dc0d0a5b2112175877a223b45
llr40v10-qwen38-c,c,c,tsvc_2_vtvtv,621383,621383,llr40v10-qwen38-c.n0.p36.w36,1,4.769311,85004770.000000,17358512.000000,0.000000,graded_attempt,sources/llr40v10-qwen38-c/tsvc_2_vtvtv/621383.621383.llr40v10-qwen38-c.n0.p36.w36/candidate_01_submission.txt,d62207885782c33658c6e49b317ac9e26538813ce79ec0ca8ba909b99483f5cc
llr40v10-qwen38-c,c,c,tsvc_2_vtvtv,621383,621383,llr40v10-qwen38-c.n0.p36.w36,3,4.769311,83956599.000000,17384680.000000,0.000000,graded_attempt,sources/llr40v10-qwen38-c/tsvc_2_vtvtv/621383.621383.llr40v10-qwen38-c.n0.p36.w36/candidate_02_submission.txt,a1bc20c66a47f85e4f17303bf124e356bf00c94dc0d0a5b2112175877a223b45
llr40v10-qwen38-c,c,c,tsvc_2_vtvtv,621383,621383,llr40v10-qwen38-c.n0.p36.w36,4,4.492907,79235664.000000,17397392.000000,0.000000,graded_attempt,sources/llr40v10-qwen38-c/tsvc_2_vtvtv/621383.621383.llr40v10-qwen38-c.n0.p36.w36/candidate_02_submission.txt,a1bc20c66a47f85e4f17303bf124e356bf00c94dc0d0a5b2112175877a223b45
llr40v10-qwen38-c,numba,c,tsvc_2_vtvtv,622265,622265,llr40v10-qwen38-c.n0.p36.w36,1,1.010000,17618027.000000,17357127.000000,0.000000,graded_attempt,sources/llr40v10-qwen38-c/tsvc_2_vtvtv/622265.622265.llr40v10-qwen38-c.n0.p36.w36/candidate_01_submission.txt,cd98970bb15fdb73fe257ad9e20547cf80b9f74dbfee19284f2c92eafbfe05e7
llr40v10-qwen38-c,c,c,tsvc_2_vtvtv,621016,621016,llr40v10-qwen38-c.n0.p36.w36,1,1.000000,89253960.000000,89082999.000000,0.000000,graded_attempt,sources/llr40v10-qwen38-c/tsvc_2_vtvtv/621016.621016.llr40v10-qwen38-c.n0.p36.w36/candidate_01_submission.txt,a1b7036cb4605215ad593c12baa48309bef84ad001156eaf3a24f9f2005271b5
llr40v10-qwen38-fortran,c,fortran,tsvc_2_vtvtv,621020,621020,llr40v10-qwen38-fortran.n0.p36.w36,1,4.865175,85860374.000000,17362779.000000,0.000000,graded_attempt,sources/llr40v10-qwen38-fortran/tsvc_2_vtvtv/621020.621020.llr40v10-qwen38-fortran.n0.p36.w36/candidate_01_submission.txt,3dff47b701cc99845573fbbbccf941957058a04cc67621555ed7b834f63d9682
llr40v11-kimi27sglang-c-skills,numba,c,tsvc_2_vtvtv,625538,625538,llr40v11-kimi27sglang-c-skills.n0.p16.w16,1,1.020100,18354059.000000,18036137.000000,0.000000,graded_attempt,sources/llr40v11-kimi27sglang-c-skills/tsvc_2_vtvtv/625538.625538.llr40v11-kimi27sglang-c-skills.n0.p16.w16/candidate_01_submission.txt,dbdd99ba25e927f4dde6fb9e3397d5e494f0e205e23c1d62c6cb0a1872dd07b1
llr40v11-oss120b-c,numba,c,tsvc_2_vtvtv,625531,625531,llr40v11-oss120b-c.n0.p36.w36,1,1.000000,17318386.000000,17284816.000000,0.000000,graded_attempt,sources/llr40v11-oss120b-c/tsvc_2_vtvtv/625531.625531.llr40v11-oss120b-c.n0.p36.w36/candidate_01_submission.txt,c55722a295f80931e1f383b1d6b0c5fb9497285595ad9b61a179a9fad4cbc82c
llr40v11-oss120b-c-skills,numba,c,tsvc_2_vtvtv,625535,625535,llr40v11-oss120b-c-skills.n0.p36.w36,1,1.010000,17420934.000000,17292876.000000,0.000000,graded_attempt,sources/llr40v11-oss120b-c-skills/tsvc_2_vtvtv/625535.625535.llr40v11-oss120b-c-skills.n0.p36.w36/candidate_01_submission.txt,a5bc6eb4b3b40ff3d816d6be9f5f7b7b353b8021056edcb2dfebcdc85a903ac5
llr40v11-oss120b-fortran,numba,fortran,tsvc_2_vtvtv,625539,625539,llr40v11-oss120b-fortran.n0.p36.w36,1,1.010000,17437077.000000,17275776.000000,0.000000,graded_attempt,sources/llr40v11-oss120b-fortran/tsvc_2_vtvtv/625539.625539.llr40v11-oss120b-fortran.n0.p36.w36/candidate_01_submission.txt,fe57ed6e27818e80ec8372a70a5849726850d3057f48c133b674255a417b8e3e
llr40v11-qwen38-fortran-skills,numba,fortran,tsvc_2_vtvtv,625544,625544,llr40v11-qwen38-fortran-skills.n0.p36.w36,1,1.000000,17640950.000000,17636420.000000,0.000000,graded_attempt,sources/llr40v11-qwen38-fortran-skills/tsvc_2_vtvtv/625544.625544.llr40v11-qwen38-fortran-skills.n0.p36.w36/candidate_01_submission.txt,a4723030f204866553ed678aaddafc5e7fbe17dbd1ecd451dc4b50770db56e12
v11w2-kimi27sglang-c,numba,c,tsvc_2_vtvtv,626367,626367,v11w2-kimi27sglang-c.n0.p10.w10,1,1.000000,17468255.000000,17349802.000000,0.000000,graded_attempt,sources/v11w2-kimi27sglang-c/tsvc_2_vtvtv/626367.626367.v11w2-kimi27sglang-c.n0.p10.w10/candidate_01_submission.txt,9d937defd1625fbacfedbe1e2bcd92979dd6157787ad3ace171c9ea85504ee63
v11w2-kimi27sglang-fortran,numba,fortran,tsvc_2_vtvtv,627015,627015,v11w2-kimi27sglang-fortran.n0.p4.w4,1,1.000000,17368419.000000,17319750.000000,0.000000,graded_attempt,sources/v11w2-kimi27sglang-fortran/tsvc_2_vtvtv/627015.627015.v11w2-kimi27sglang-fortran.n0.p4.w4/candidate_01_submission.txt,8e7fe0cee6957f38d03b89b8e987c5b7c38397eaf0004e71b7bcdec3cf721081
v11w2-kimi27sglang-fortran,numba,fortran,tsvc_2_vtvtv,627015,627015,v11w2-kimi27sglang-fortran.n0.p4.w4,2,1.000000,17368419.000000,17347900.000000,0.000000,graded_attempt,sources/v11w2-kimi27sglang-fortran/tsvc_2_vtvtv/627015.627015.v11w2-kimi27sglang-fortran.n0.p4.w4/candidate_02_submission.txt,375f6647a07572a3f9e530532320d51bb41bb66fa9d73cc8cd795ad2996476c6
v11w2-kimi27sglang-fortran,numba,fortran,tsvc_2_vtvtv,627015,627015,v11w2-kimi27sglang-fortran.n0.p4.w4,3,1.000000,17368419.000000,17328199.000000,0.000000,graded_attempt,sources/v11w2-kimi27sglang-fortran/tsvc_2_vtvtv/627015.627015.v11w2-kimi27sglang-fortran.n0.p4.w4/candidate_03_submission.txt,9e387751d83c5a49e1d78bd2c97282323dba0560cc778502b4ec0c8056406b9d
v11w2-kimi27sglang-fortran,numba,fortran,tsvc_2_vtvtv,627015,627015,v11w2-kimi27sglang-fortran.n0.p4.w4,4,1.000000,17368419.000000,17362328.000000,0.000000,graded_attempt,sources/v11w2-kimi27sglang-fortran/tsvc_2_vtvtv/627015.627015.v11w2-kimi27sglang-fortran.n0.p4.w4/candidate_04_submission.txt,d85ffd3c8accacc03e86db4fd0d57a6c9b68dfe1d54d08480d643532443c8e14
v11w2-kimi27sglang-fortran,numba,fortran,tsvc_2_vtvtv,627015,627015,v11w2-kimi27sglang-fortran.n0.p4.w4,5,1.000000,17368419.000000,17333098.000000,0.000000,graded_attempt,sources/v11w2-kimi27sglang-fortran/tsvc_2_vtvtv/627015.627015.v11w2-kimi27sglang-fortran.n0.p4.w4/candidate_03_submission.txt,9e387751d83c5a49e1d78bd2c97282323dba0560cc778502b4ec0c8056406b9d
v11w2-kimi27sglang-fortran,numba,fortran,tsvc_2_vtvtv,627015,627015,v11w2-kimi27sglang-fortran.n0.p4.w4,6,1.000000,17368419.000000,17387988.000000,0.000000,graded_attempt,sources/v11w2-kimi27sglang-fortran/tsvc_2_vtvtv/627015.627015.v11w2-kimi27sglang-fortran.n0.p4.w4/candidate_06_submission.txt,91143032d3770dd2efd017afbf4c5060f2fb7897798f7429c0331f414c971453
v11w2-kimi27sglang-fortran,numba,fortran,tsvc_2_vtvtv,627015,627015,v11w2-kimi27sglang-fortran.n0.p4.w4,7,1.000000,17368419.000000,17363889.000000,0.000000,graded_attempt,sources/v11w2-kimi27sglang-fortran/tsvc_2_vtvtv/627015.627015.v11w2-kimi27sglang-fortran.n0.p4.w4/candidate_03_submission.txt,9e387751d83c5a49e1d78bd2c97282323dba0560cc778502b4ec0c8056406b9d
v11w2-kimi27sglang-fortran-skills,numba,fortran,tsvc_2_vtvtv,626374,626374,v11w2-kimi27sglang-fortran-skills.n0.p13.w13,1,1.000000,21870248.000000,21727939.000000,0.000000,graded_attempt,sources/v11w2-kimi27sglang-fortran-skills/tsvc_2_vtvtv/626374.626374.v11w2-kimi27sglang-fortran-skills.n0.p13.w13/candidate_01_submission.txt,5673f614b551fa071623397f31e5d20f89f6a7bcc2fca8e2fbc28ae13d3b7b5a
v11w2-kimi27sglang-fortran-skills,numba,fortran,tsvc_2_vtvtv,626374,626374,v11w2-kimi27sglang-fortran-skills.n0.p13.w13,2,1.000000,21870248.000000,21707761.000000,0.000000,graded_attempt,sources/v11w2-kimi27sglang-fortran-skills/tsvc_2_vtvtv/626374.626374.v11w2-kimi27sglang-fortran-skills.n0.p13.w13/candidate_02_submission.txt,a0b4326bed641285f9df39e2e5453840f9fb450b22c2b187143abfaa50f71b74
v11w2-kimi27sglang-fortran-skills,numba,fortran,tsvc_2_vtvtv,626374,626374,v11w2-kimi27sglang-fortran-skills.n0.p13.w13,3,1.000000,21870248.000000,21760911.000000,0.000000,graded_attempt,sources/v11w2-kimi27sglang-fortran-skills/tsvc_2_vtvtv/626374.626374.v11w2-kimi27sglang-fortran-skills.n0.p13.w13/candidate_02_submission.txt,a0b4326bed641285f9df39e2e5453840f9fb450b22c2b187143abfaa50f71b74
v11w2-oss120b-fortran-skills,numba,fortran,tsvc_2_vtvtv,626370,626370,v11w2-oss120b-fortran-skills.n0.p13.w13,1,1.000000,17676203.000000,17611292.000000,0.000000,graded_attempt,sources/v11w2-oss120b-fortran-skills/tsvc_2_vtvtv/626370.626370.v11w2-oss120b-fortran-skills.n0.p13.w13/candidate_01_submission.txt,3228f7f0db92681505a9554699963058ec2ac5800139359c834f1e92860c00a1
v11w2-qwen38-c,numba,c,tsvc_2_vtvtv,627007,627007,v11w2-qwen38-c.n0.p4.w4,1,1.061520,18472880.000000,17329924.000000,0.000000,graded_attempt,sources/v11w2-qwen38-c/tsvc_2_vtvtv/627007.627007.v11w2-qwen38-c.n0.p4.w4/candidate_01_submission.txt,d56053a9e57988536d53c8c4f0e07d3862715fe280ec325736cf1b7e3247cd49
v11w2-qwen38-c-skills,numba,c,tsvc_2_vtvtv,626366,626366,v11w2-qwen38-c-skills.n0.p10.w10,1,1.430769,17523496.000000,12098770.000000,0.000000,graded_attempt,sources/v11w2-qwen38-c-skills/tsvc_2_vtvtv/626366.626366.v11w2-qwen38-c-skills.n0.p10.w10/candidate_01_submission.txt,cbd4398bbad2f81eeec9b26407a8db90cee0036244e2d47ca46d0055221ad818
v11w2-qwen38-c-skills,numba,c,tsvc_2_vtvtv,626366,626366,v11w2-qwen38-c-skills.n0.p10.w10,3,1.430769,17523496.000000,12125392.000000,0.000000,graded_attempt,sources/v11w2-qwen38-c-skills/tsvc_2_vtvtv/626366.626366.v11w2-qwen38-c-skills.n0.p10.w10/candidate_03_submission.txt,b3b7587cea1af9dfdf2f60e0b3a90b22e689292daa88fe85d11c73340622e8ff
v11w2-qwen38-c-skills,numba,c,tsvc_2_vtvtv,626366,626366,v11w2-qwen38-c-skills.n0.p10.w10,2,1.416603,17523496.000000,12062491.000000,0.000000,graded_attempt,sources/v11w2-qwen38-c-skills/tsvc_2_vtvtv/626366.626366.v11w2-qwen38-c-skills.n0.p10.w10/candidate_02_submission.txt,538dbb565c5e258a6cb5a94b00b1cc02774e926b44ac1b3e86a65c11c519ab45
v11w2-qwen38-fortran,numba,fortran,tsvc_2_vtvtv,626371,626371,v11w2-qwen38-fortran.n0.p21.w21,2,1.010000,18103432.000000,17925115.000000,0.000000,graded_attempt,sources/v11w2-qwen38-fortran/tsvc_2_vtvtv/626371.626371.v11w2-qwen38-fortran.n0.p21.w21/candidate_02_submission.txt,e51ef5ee4b1b831696c44cd7c1c50ac978fa48f3736d19e9bb962c00ab318b54
v11w2-qwen38-fortran,numba,fortran,tsvc_2_vtvtv,626371,626371,v11w2-qwen38-fortran.n0.p21.w21,1,1.000000,18103432.000000,17989413.000000,0.000000,graded_attempt,sources/v11w2-qwen38-fortran/tsvc_2_vtvtv/626371.626371.v11w2-qwen38-fortran.n0.p21.w21/candidate_01_submission.txt,dead941ed17d42f6437f5418ddc71118da05d0ccbb502bf14823f4487da2dfb1
gpuv2-llr40-oss120b-hip,numba,hip,versioned_distance_update,627167,627167,gpuv2-llr40-oss120b-hip.n0.p37.w37,1,1.374941,565504954.000000,194560760.000000,0.000000,graded_attempt,sources/gpuv2-llr40-oss120b-hip/versioned_distance_update/627167.627167.gpuv2-llr40-oss120b-hip.n0.p37.w37/candidate_01_submission.txt,5ad6986e4c8a0d7e330e19b19d5c5b9bd4bb171d5fe2c3c0c6858903404acb38
gpuv2-llr40-oss120b-hip-skills,numba,hip,versioned_distance_update,627168,627168,gpuv2-llr40-oss120b-hip-skills.n0.p37.w37,1,6.364665,488727550.000000,12925718.000000,0.000000,graded_attempt,sources/gpuv2-llr40-oss120b-hip-skills/versioned_distance_update/627168.627168.gpuv2-llr40-oss120b-hip-skills.n0.p37.w37/candidate_01_submission.txt,7943cc844998217f0d88aa33541541151d1e7daefb3a4fbad2ff7f3c17c4d283
gpuv2-llr40-oss120b-omp,numba,c,versioned_distance_update,627173,627173,gpuv2-llr40-oss120b-omp.n0.p37.w37,1,1.000000,488527436.000000,19212110017.000000,0.000000,graded_attempt,sources/gpuv2-llr40-oss120b-omp/versioned_distance_update/627173.627173.gpuv2-llr40-oss120b-omp.n0.p37.w37/candidate_01_submission.txt,ae74ac4c4c3b242738fcf3e48aa553b8862c2cc82485d32b1a6e00b882de7804
gpuv2-llr40-oss120b-omp-skills,numba,c,versioned_distance_update,627174,627174,gpuv2-llr40-oss120b-omp-skills.n0.p37.w37,1,1.104622,490756934.000000,435311104.000000,0.000000,graded_attempt,sources/gpuv2-llr40-oss120b-omp-skills/versioned_distance_update/627174.627174.gpuv2-llr40-oss120b-omp-skills.n0.p37.w37/candidate_01_submission.txt,e60020c67ba5a9c691b663363429b56eafdcccedb344ee78aeafa980b1f8b7d5
gpuv2-llr40-qwen38-hip,numba,hip,versioned_distance_update,626645,626645,gpuv2-llr40-qwen38-hip.n0.p37.w37,1,41.323186,563942720.000000,13176603.000000,0.000000,graded_attempt,sources/gpuv2-llr40-qwen38-hip/versioned_distance_update/626645.626645.gpuv2-llr40-qwen38-hip.n0.p37.w37/candidate_01_submission.txt,53644306fbdb660ff2a787e3e560d941eea17562aac92a883752aad0c53a0194
gpuv4-llr40-oss120b-pytriton,numba,python,versioned_distance_update,627175,627175,gpuv4-llr40-oss120b-pytriton.n0.p37.w37,1,1.644632,489620532.000000,296952446.000000,0.000000,graded_attempt,sources/gpuv4-llr40-oss120b-pytriton/versioned_distance_update/627175.627175.gpuv4-llr40-oss120b-pytriton.n0.p37.w37/candidate_01_submission.txt,4a09a3e1fe2c3e470a6299bbc143f2ec307d95fb4b353f2705d3f9cd0a56f54e
gpuv4-llr40-oss120b-pytriton-skills,numba,python,versioned_distance_update,627176,627176,gpuv4-llr40-oss120b-pytriton-skills.n0.p37.w37,1,1.612226,479565890.000000,296881639.000000,0.000000,graded_attempt,sources/gpuv4-llr40-oss120b-pytriton-skills/versioned_distance_update/627176.627176.gpuv4-llr40-oss120b-pytriton-skills.n0.p37.w37/candidate_01_submission.txt,7070f16e570807614aabddd770cfb1d3d5d62c85b802dbf3f8152abd0e033efa
gpuv4-llr40-oss120b-pytriton-skills,numba,python,versioned_distance_update,627176,627176,gpuv4-llr40-oss120b-pytriton-skills.n0.p37.w37,2,1.612226,479565890.000000,297104900.000000,0.000000,graded_attempt,sources/gpuv4-llr40-oss120b-pytriton-skills/versioned_distance_update/627176.627176.gpuv4-llr40-oss120b-pytriton-skills.n0.p37.w37/candidate_02_submission.txt,10d81e92bf6a42635b3fd1a08f4fb34fcf3c97da9a52ee41feed0fd735c72af6
gpuv4-llr40-qwen38-pytriton,numba,python,versioned_distance_update,626523,626523,gpuv4-llr40-qwen38-pytriton.n0.p37.w37,1,14.681517,564612399.000000,33299556.000000,0.000000,graded_attempt,sources/gpuv4-llr40-qwen38-pytriton/versioned_distance_update/626523.626523.gpuv4-llr40-qwen38-pytriton.n0.p37.w37/candidate_01_submission.txt,2f666fb2a372a72611f25f97d651a6d0de4248d19d0e2b5ad193a652c7ebc014
llr40v10-kimi27sglang-c,numba,c,versioned_distance_update,621730,621730,llr40v10-kimi27sglang-c.n0.p17.w17,2,18.457060,491618828.000000,25531883.000000,0.000000,graded_attempt,sources/llr40v10-kimi27sglang-c/versioned_distance_update/621730.621730.llr40v10-kimi27sglang-c.n0.p17.w17/candidate_02_submission.txt,0f1da35003e36e104ba6c248d0a20ea6e3ce1f3755092c674097f39ea48234e3
llr40v10-kimi27sglang-c,numba,c,versioned_distance_update,621730,621730,llr40v10-kimi27sglang-c.n0.p17.w17,1,3.756148,491618828.000000,129726967.000000,0.000000,graded_attempt,sources/llr40v10-kimi27sglang-c/versioned_distance_update/621730.621730.llr40v10-kimi27sglang-c.n0.p17.w17/candidate_01_submission.txt,10fde99ba6c7d9faa719b000db8025468ff405d3b8cdfa121b5960cfc626397c
llr40v10-kimi27sglang-fortran,numba,fortran,versioned_distance_update,621732,621732,llr40v10-kimi27sglang-fortran.n0.p17.w17,5,18.274317,488688049.000000,25153086.000000,0.000000,graded_attempt,sources/llr40v10-kimi27sglang-fortran/versioned_distance_update/621732.621732.llr40v10-kimi27sglang-fortran.n0.p17.w17/candidate_05_submission.txt,e9f93a3c3a59622c2d72bb08ee46963dffe3a805ac3095539f346b92ee176030
llr40v10-kimi27sglang-fortran,numba,fortran,versioned_distance_update,621732,621732,llr40v10-kimi27sglang-fortran.n0.p17.w17,3,18.093383,488688049.000000,25344815.000000,0.000000,graded_attempt,sources/llr40v10-kimi27sglang-fortran/versioned_distance_update/621732.621732.llr40v10-kimi27sglang-fortran.n0.p17.w17/candidate_03_submission.txt,0fd6fd66bda5dc37943b8a3a3df2e0c514b8b687f738069fd9d339320549aede
llr40v10-kimi27sglang-fortran,numba,fortran,versioned_distance_update,621732,621732,llr40v10-kimi27sglang-fortran.n0.p17.w17,4,17.914240,488688049.000000,25561493.000000,0.000000,graded_attempt,sources/llr40v10-kimi27sglang-fortran/versioned_distance_update/621732.621732.llr40v10-kimi27sglang-fortran.n0.p17.w17/candidate_04_submission.txt,24e09f49dd093f247fefd3ab8b7f2b5b42cc009de0974cd16543ae454005f74d
llr40v10-kimi27sglang-fortran,numba,fortran,versioned_distance_update,621732,621732,llr40v10-kimi27sglang-fortran.n0.p17.w17,1,3.756148,488688049.000000,128993939.000000,0.000000,graded_attempt,sources/llr40v10-kimi27sglang-fortran/versioned_distance_update/621732.621732.llr40v10-kimi27sglang-fortran.n0.p17.w17/candidate_01_submission.txt,2e4e020f32894bb456ef9ce2786f4b6c35f06b77bdbfa0459334f425127e3afa
llr40v10-kimi27sglang-fortran,numba,fortran,versioned_distance_update,621732,621732,llr40v10-kimi27sglang-fortran.n0.p17.w17,2,3.756148,488688049.000000,129153324.000000,0.000000,graded_attempt,sources/llr40v10-kimi27sglang-fortran/versioned_distance_update/621732.621732.llr40v10-kimi27sglang-fortran.n0.p17.w17/candidate_02_submission.txt,5e1e9374dccb8e892dc8cc4b62808a9727ce9c7bb36b2de410484b9f3a759186
llr40v10-kimi27sglang-fortran,c,fortran,versioned_distance_update,621022,621022,llr40v10-kimi27sglang-fortran.n0.p17.w17,1,3.609585,468041502.000000,128522520.000000,0.000000,graded_attempt,sources/llr40v10-kimi27sglang-fortran/versioned_distance_update/621022.621022.llr40v10-kimi27sglang-fortran.n0.p17.w17/candidate_01_submission.txt,9712b2f8171e2e3db31c5a6e24805b31aecdf9f292cd18ae15465d43bc22624a
llr40v10-kimi27sglang-fortran-skills,numba,fortran,versioned_distance_update,621030,621030,llr40v10-kimi27sglang-fortran-skills.n0.p17.w17,1,17.561259,479726784.000000,25098917.000000,0.000000,graded_attempt,sources/llr40v10-kimi27sglang-fortran-skills/versioned_distance_update/621030.621030.llr40v10-kimi27sglang-fortran-skills.n0.p17.w17/candidate_01_submission.txt,8d52550fd73876985fd360438a4dabb9bde4b2ab4697206ae19e10e55e4bb827
llr40v10-kimi27sglang-fortran-skills,numba,fortran,versioned_distance_update,621030,621030,llr40v10-kimi27sglang-fortran-skills.n0.p17.w17,2,17.561259,479726784.000000,25037158.000000,0.000000,graded_attempt,sources/llr40v10-kimi27sglang-fortran-skills/versioned_distance_update/621030.621030.llr40v10-kimi27sglang-fortran-skills.n0.p17.w17/candidate_02_submission.txt,61e37766842676d8f6c90a0ea0d391a4a79170e36defdea9f0097563a0d5109e
llr40v10-oss120b-c,c,c,versioned_distance_update,621015,621015,llr40v10-oss120b-c.n0.p37.w37,1,3.468740,467699541.000000,133646595.000000,0.000000,graded_attempt,sources/llr40v10-oss120b-c/versioned_distance_update/621015.621015.llr40v10-oss120b-c.n0.p37.w37/candidate_01_submission.txt,968caf9be8aa9c4abe6f4945186a1e0f07bb4a98c2c51e131ad0a4eaa5656756
llr40v10-oss120b-c,c,c,versioned_distance_update,621382,621382,llr40v10-oss120b-c.n0.p37.w37,1,1.115668,468260207.000000,416020317.000000,0.000000,graded_attempt,sources/llr40v10-oss120b-c/versioned_distance_update/621382.621382.llr40v10-oss120b-c.n0.p37.w37/candidate_01_submission.txt,16bfcbda0a37272da4f5370ecfed1fdadcbff887100699059e9c25040d19cf7c
llr40v10-oss120b-c-skills,numba,c,versioned_distance_update,621023,621023,llr40v10-oss120b-c-skills.n0.p37.w37,1,3.756148,490572053.000000,129897516.000000,0.000000,graded_attempt,sources/llr40v10-oss120b-c-skills/versioned_distance_update/621023.621023.llr40v10-oss120b-c-skills.n0.p37.w37/candidate_01_submission.txt,89698d29bc977cf1331d3c5c327b19da001cce28e4ddbcbab83db09cde514f0a
llr40v10-oss120b-fortran,c,fortran,versioned_distance_update,621384,621384,llr40v10-oss120b-fortran.n0.p37.w37,1,3.609585,468162567.000000,128666238.000000,0.000000,graded_attempt,sources/llr40v10-oss120b-fortran/versioned_distance_update/621384.621384.llr40v10-oss120b-fortran.n0.p37.w37/candidate_01_submission.txt,b720ac85a7f4e4ce76e665f722afe721bea88ae6f773ceaae42116f48fd2c14b
llr40v10-oss120b-fortran,c,fortran,versioned_distance_update,621019,621019,llr40v10-oss120b-fortran.n0.p37.w37,1,3.434396,469028206.000000,134600910.000000,0.000000,graded_attempt,sources/llr40v10-oss120b-fortran/versioned_distance_update/621019.621019.llr40v10-oss120b-fortran.n0.p37.w37/candidate_01_submission.txt,0c932e3663ba4ab612e5467131d37cda1aed5746915994f9c6c8df25e968d535
llr40v10-oss120b-fortran-skills,numba,fortran,versioned_distance_update,621027,621027,llr40v10-oss120b-fortran-skills.n0.p37.w37,1,4.317595,564472583.000000,129389376.000000,0.000000,graded_attempt,sources/llr40v10-oss120b-fortran-skills/versioned_distance_update/621027.621027.llr40v10-oss120b-fortran-skills.n0.p37.w37/candidate_01_submission.txt,954679b27c163e5b3a86b92cd3f63a4796c2778146d4734c731ba7b16830264f
llr40v10-qwen38-c,c,c,versioned_distance_update,621383,621383,llr40v10-qwen38-c.n0.p37.w37,1,17.387385,468626961.000000,26728096.000000,0.000000,graded_attempt,sources/llr40v10-qwen38-c/versioned_distance_update/621383.621383.llr40v10-qwen38-c.n0.p37.w37/candidate_01_submission.txt,def6b05cde8f86bbde02108baea570adb4ed96852e23ea70d20d34335201e38f
llr40v10-qwen38-c,numba,c,versioned_distance_update,622265,622265,llr40v10-qwen38-c.n0.p37.w37,1,1.172579,488258679.000000,415501910.000000,0.000000,graded_attempt,sources/llr40v10-qwen38-c/versioned_distance_update/622265.622265.llr40v10-qwen38-c.n0.p37.w37/candidate_01_submission.txt,8a57d10c290522667ec30cd6bea3ad7ccafe4a912229537342353e38f3fdea6a
llr40v10-qwen38-fortran,c,fortran,versioned_distance_update,621385,621385,llr40v10-qwen38-fortran.n0.p37.w37,3,30.054523,467571379.000000,14996383.000000,0.000000,graded_attempt,sources/llr40v10-qwen38-fortran/versioned_distance_update/621385.621385.llr40v10-qwen38-fortran.n0.p37.w37/candidate_03_submission.txt,01661d852f138e7e9788a82e7d49fe32d331e275d901a366586f7cbf350f9d1d
llr40v10-qwen38-fortran,c,fortran,versioned_distance_update,621385,621385,llr40v10-qwen38-fortran.n0.p37.w37,2,16.379703,467740607.000000,28125182.000000,0.000000,graded_attempt,sources/llr40v10-qwen38-fortran/versioned_distance_update/621385.621385.llr40v10-qwen38-fortran.n0.p37.w37/candidate_02_submission.txt,6ad73ef36820987c99b77a64281827abca9bd4ab27494c31fc8aaaef1ae92817
llr40v10-qwen38-fortran,c,fortran,versioned_distance_update,621385,621385,llr40v10-qwen38-fortran.n0.p37.w37,1,1.126825,468006534.000000,415277980.000000,0.000000,graded_attempt,sources/llr40v10-qwen38-fortran/versioned_distance_update/621385.621385.llr40v10-qwen38-fortran.n0.p37.w37/candidate_01_submission.txt,b63a671acae4303b2b9969efc8eea8f128bfca15adaaeb7c1c293ac4a9f1b7f8
llr40v10-qwen38-fortran-skills,numba,fortran,versioned_distance_update,621028,621028,llr40v10-qwen38-fortran-skills.n0.p37.w37,1,1.334504,563755427.000000,418483760.000000,0.000000,graded_attempt,sources/llr40v10-qwen38-fortran-skills/versioned_distance_update/621028.621028.llr40v10-qwen38-fortran-skills.n0.p37.w37/candidate_01_submission.txt,bc707cc6666b9b8137d90ca1b834f7125c22402c544ddae91860233afa097ef1
llr40v11-kimi27sglang-fortran-skills,numba,fortran,versioned_distance_update,625546,625546,llr40v11-kimi27sglang-fortran-skills.n0.p17.w17,1,3.793710,488804275.000000,128650893.000000,0.000000,graded_attempt,sources/llr40v11-kimi27sglang-fortran-skills/versioned_distance_update/625546.625546.llr40v11-kimi27sglang-fortran-skills.n0.p17.w17/candidate_01_submission.txt,0d3013d7d32e84a1b5fb6f8b7b2ef4062edf41f05c3de3aa4cbb2c6de037103d
llr40v11-oss120b-c,numba,c,versioned_distance_update,625531,625531,llr40v11-oss120b-c.n0.p37.w37,1,3.793710,492689843.000000,128630669.000000,0.000000,graded_attempt,sources/llr40v11-oss120b-c/versioned_distance_update/625531.625531.llr40v11-oss120b-c.n0.p37.w37/candidate_01_submission.txt,6377314e91445ddf81e1b3a65a2ea5834098c4dc7e322a77812ffd07097dcd43
llr40v11-oss120b-c-skills,numba,c,versioned_distance_update,625535,625535,llr40v11-oss120b-c-skills.n0.p37.w37,1,3.756148,487974453.000000,128858008.000000,0.000000,graded_attempt,sources/llr40v11-oss120b-c-skills/versioned_distance_update/625535.625535.llr40v11-oss120b-c-skills.n0.p37.w37/candidate_01_submission.txt,f337daec09fe435e1378c865a77fb4648d12826e5d7cee17cec91da0ca8b3949
llr40v11-oss120b-fortran-skills,numba,fortran,versioned_distance_update,625543,625543,llr40v11-oss120b-fortran-skills.n0.p37.w37,1,3.756148,487886902.000000,128501616.000000,0.000000,graded_attempt,sources/llr40v11-oss120b-fortran-skills/versioned_distance_update/625543.625543.llr40v11-oss120b-fortran-skills.n0.p37.w37/candidate_01_submission.txt,eeb22b259930386adef0d4f6668b8bba4e46f270473d4c2b3a6b7ed72c07d0f7
llr40v11-qwen38-c,numba,c,versioned_distance_update,625532,625532,llr40v11-qwen38-c.n0.p37.w37,1,4.360771,565865542.000000,129074659.000000,0.000000,graded_attempt,sources/llr40v11-qwen38-c/versioned_distance_update/625532.625532.llr40v11-qwen38-c.n0.p37.w37/candidate_01_submission.txt,f2d4391543692c7f84c5a41f9bff868ff2df097e64bcf80b2c445cdc8c1a2a43
llr40v9-kimi27sglang-fortran,c,fortran,versioned_distance_update,619186,619186,llr40v9-kimi27sglang-fortran.n0.p5.w5,1,3.573846,467855584.000000,129250491.000000,0.000000,graded_attempt,sources/llr40v9-kimi27sglang-fortran/versioned_distance_update/619186.619186.llr40v9-kimi27sglang-fortran.n0.p5.w5/candidate_01_submission.txt,d21943b1ec544f1502c0ba7c911827064ef394c330ba2efcd9f9be4e11ba5a9d
llr40v9-oss120b-c,c,c,versioned_distance_update,618220,618220,llr40v9-oss120b-c.n0.p5.w5,1,19.788466,467030469.000000,23186816.000000,0.000000,graded_attempt,sources/llr40v9-oss120b-c/versioned_distance_update/618220.618220.llr40v9-oss120b-c.n0.p5.w5/candidate_01_submission.txt,0820cff23c7981874d82a76f7c40e2882eb807eb25c7b814f75dbe555b8ab616
llr40v9-oss120b-c-skills,c,c,versioned_distance_update,618229,618229,llr40v9-oss120b-c-skills.n0.p5.w5,1,3.609585,468230201.000000,128610271.000000,0.000000,graded_attempt,sources/llr40v9-oss120b-c-skills/versioned_distance_update/618229.618229.llr40v9-oss120b-c-skills.n0.p5.w5/candidate_01_submission.txt,012ad7ca021bcae9e35f574d1159563f47218916035a4d9d53e967e2f467a0c5
llr40v9-oss120b-cpp,c,cpp,versioned_distance_update,618221,618221,llr40v9-oss120b-cpp.n0.p5.w5,1,3.609585,467744791.000000,128752078.000000,0.000000,graded_attempt,sources/llr40v9-oss120b-cpp/versioned_distance_update/618221.618221.llr40v9-oss120b-cpp.n0.p5.w5/candidate_01_submission.txt,ff91379b5807461466629cae09017d3180be1804e7684e0f6e77243a340c4042
llr40v9-oss120b-fortran,c,fortran,versioned_distance_update,618222,618222,llr40v9-oss120b-fortran.n0.p5.w5,1,3.573846,467833480.000000,130398801.000000,0.000000,graded_attempt,sources/llr40v9-oss120b-fortran/versioned_distance_update/618222.618222.llr40v9-oss120b-fortran.n0.p5.w5/candidate_01_submission.txt,294cfbcf696db078d6d1aaab9370589c7039606eb9a9ca404c7dfa1a77cb8257
llr40v9-oss120b-fortran-skills,c,fortran,versioned_distance_update,618231,618231,llr40v9-oss120b-fortran-skills.n0.p5.w5,1,3.609585,469554285.000000,128648289.000000,0.000000,graded_attempt,sources/llr40v9-oss120b-fortran-skills/versioned_distance_update/618231.618231.llr40v9-oss120b-fortran-skills.n0.p5.w5/candidate_01_submission.txt,f2a86de94b136d2d7e5aec9467b87f4064a4bc4ff6696e0c7e1ef07629071863
v11w2-kimi27sglang-c,numba,c,versioned_distance_update,627370,627370,v11w2-kimi27sglang-c.n0.p2.w2,3,26.938581,557305006.000000,20443256.000000,0.000000,graded_attempt,sources/v11w2-kimi27sglang-c/versioned_distance_update/627370.627370.v11w2-kimi27sglang-c.n0.p2.w2/candidate_03_submission.txt,fd7cd489b60efa96978e341896831e26e85501079d2ae67ff998af3dffc2534f
v11w2-kimi27sglang-c,numba,c,versioned_distance_update,627370,627370,v11w2-kimi27sglang-c.n0.p2.w2,1,23.203533,557305006.000000,23800438.000000,0.000000,graded_attempt,sources/v11w2-kimi27sglang-c/versioned_distance_update/627370.627370.v11w2-kimi27sglang-c.n0.p2.w2/candidate_01_submission.txt,921d8184a3972c889a7d211722b4d2621d928df286a802812dc726ef81900de9
v11w2-kimi27sglang-c,numba,c,versioned_distance_update,627370,627370,v11w2-kimi27sglang-c.n0.p2.w2,2,22.973795,557305006.000000,23770447.000000,0.000000,graded_attempt,sources/v11w2-kimi27sglang-c/versioned_distance_update/627370.627370.v11w2-kimi27sglang-c.n0.p2.w2/candidate_01_submission.txt,921d8184a3972c889a7d211722b4d2621d928df286a802812dc726ef81900de9
v11w2-kimi27sglang-c-skills,numba,c,versioned_distance_update,627371,627371,v11w2-kimi27sglang-c-skills.n0.p1.w1,4,24.387146,478963248.000000,19309355.000000,0.000000,graded_attempt,sources/v11w2-kimi27sglang-c-skills/versioned_distance_update/627371.627371.v11w2-kimi27sglang-c-skills.n0.p1.w1/candidate_04_submission.txt,f5de5921736ecd4170dff58b5ba2b82f25d2152905b280d11136d579eb946037
v11w2-kimi27sglang-c-skills,numba,c,versioned_distance_update,627371,627371,v11w2-kimi27sglang-c-skills.n0.p1.w1,2,20.186214,478963248.000000,23217795.000000,0.000000,graded_attempt,sources/v11w2-kimi27sglang-c-skills/versioned_distance_update/627371.627371.v11w2-kimi27sglang-c-skills.n0.p1.w1/candidate_02_submission.txt,a250038d6f5f05df15a1debea31cc98b7b0099a13cdbd816fe1a825bff006c97
v11w2-kimi27sglang-c-skills,numba,c,versioned_distance_update,627371,627371,v11w2-kimi27sglang-c-skills.n0.p1.w1,3,20.186214,478963248.000000,23369573.000000,0.000000,graded_attempt,sources/v11w2-kimi27sglang-c-skills/versioned_distance_update/627371.627371.v11w2-kimi27sglang-c-skills.n0.p1.w1/candidate_03_submission.txt,2dbdcd5843b1f4c9a1445ff84080ed84086764d0c31fef9722076ac0b47d6e6f
v11w2-kimi27sglang-c-skills,numba,c,versioned_distance_update,627371,627371,v11w2-kimi27sglang-c-skills.n0.p1.w1,1,1.149474,478963248.000000,416025632.000000,0.000000,graded_attempt,sources/v11w2-kimi27sglang-c-skills/versioned_distance_update/627371.627371.v11w2-kimi27sglang-c-skills.n0.p1.w1/candidate_01_submission.txt,8392b0976e31bc059b939eab06bea6e7e51df4aeb40b6328e83e232268619439
v11w2-kimi27sglang-fortran,numba,fortran,versioned_distance_update,627376,627376,v11w2-kimi27sglang-fortran.n0.p1.w1,4,18.274317,479171307.000000,25975502.000000,0.000000,graded_attempt,sources/v11w2-kimi27sglang-fortran/versioned_distance_update/627376.627376.v11w2-kimi27sglang-fortran.n0.p1.w1/candidate_04_submission.txt,0007bb73d24761b5b514eeb213f56d192d31b473da65d5144a742d0790563a39
v11w2-kimi27sglang-fortran,numba,fortran,versioned_distance_update,627376,627376,v11w2-kimi27sglang-fortran.n0.p1.w1,3,18.093383,479171307.000000,25960293.000000,0.000000,graded_attempt,sources/v11w2-kimi27sglang-fortran/versioned_distance_update/627376.627376.v11w2-kimi27sglang-fortran.n0.p1.w1/candidate_03_submission.txt,6d72900ef3be4105c8a306ed02ebc2b93c7a933c38701602de84f44e42b46ea8
v11w2-kimi27sglang-fortran,numba,fortran,versioned_distance_update,627376,627376,v11w2-kimi27sglang-fortran.n0.p1.w1,2,3.682137,479171307.000000,128726303.000000,0.000000,graded_attempt,sources/v11w2-kimi27sglang-fortran/versioned_distance_update/627376.627376.v11w2-kimi27sglang-fortran.n0.p1.w1/candidate_02_submission.txt,4cba4635da4fe8ca1251b0a5d9e9dd34d987de7b5c4556b0b42d6a73086080ad
v11w2-kimi27sglang-fortran,numba,fortran,versioned_distance_update,627376,627376,v11w2-kimi27sglang-fortran.n0.p1.w1,1,1.149474,479171307.000000,415616834.000000,0.000000,graded_attempt,sources/v11w2-kimi27sglang-fortran/versioned_distance_update/627376.627376.v11w2-kimi27sglang-fortran.n0.p1.w1/candidate_01_submission.txt,88c63c3ea69401dfe72bbbfd5b285db6c740ac5d3ebd98841418ff1f786b5ae1
v11w2-oss120b-fortran,numba,fortran,versioned_distance_update,626369,626369,v11w2-oss120b-fortran.n0.p13.w13,1,3.609585,481449865.000000,131990188.000000,0.000000,graded_attempt,sources/v11w2-oss120b-fortran/versioned_distance_update/626369.626369.v11w2-oss120b-fortran.n0.p13.w13/candidate_01_submission.txt,9e433249db0e231fdc58b55558d29bcbc41273d74a313806abfca89812266df3
v11w2-qwen38-c-skills,numba,c,versioned_distance_update,627008,627008,v11w2-qwen38-c-skills.n0.p5.w5,1,18.641630,565511380.000000,29270173.000000,0.000000,graded_attempt,sources/v11w2-qwen38-c-skills/versioned_distance_update/627008.627008.v11w2-qwen38-c-skills.n0.p5.w5/candidate_01_submission.txt,a8d748c93c3e5fb1f9eda7827d15bceeb4ad729e5e3235902baaf773f340072f
v11w2-qwen38-c-skills,numba,c,versioned_distance_update,627008,627008,v11w2-qwen38-c-skills.n0.p5.w5,2,18.641630,565511380.000000,29154660.000000,0.000000,graded_attempt,sources/v11w2-qwen38-c-skills/versioned_distance_update/627008.627008.v11w2-qwen38-c-skills.n0.p5.w5/candidate_01_submission.txt,a8d748c93c3e5fb1f9eda7827d15bceeb4ad729e5e3235902baaf773f340072f
v11w2-qwen38-fortran,numba,fortran,versioned_distance_update,627374,627374,v11w2-qwen38-fortran.n0.p1.w1,2,35.241291,479655080.000000,13419093.000000,0.000000,graded_attempt,sources/v11w2-qwen38-fortran/versioned_distance_update/627374.627374.v11w2-qwen38-fortran.n0.p1.w1/candidate_02_submission.txt,2911978f19179c6bbbf894b7ea61606060d34dffc929a3fb20df7ac37e8f8202
v11w2-qwen38-fortran,numba,fortran,versioned_distance_update,627374,627374,v11w2-qwen38-fortran.n0.p1.w1,1,34.892368,479655080.000000,13639184.000000,0.000000,graded_attempt,sources/v11w2-qwen38-fortran/versioned_distance_update/627374.627374.v11w2-qwen38-fortran.n0.p1.w1/candidate_01_submission.txt,722adc00af1ab59abf5a944dfcae12b9759dcd785ca28cb1ea6e56db6d5b6269
v11w2-qwen38-fortran-skills,numba,fortran,versioned_distance_update,626372,626372,v11w2-qwen38-fortran-skills.n0.p15.w15,1,3.756148,489347637.000000,130162224.000000,0.000000,graded_attempt,sources/v11w2-qwen38-fortran-skills/versioned_distance_update/626372.626372.v11w2-qwen38-fortran-skills.n0.p15.w15/candidate_01_submission.txt,784b5430cf7c0a0c88f638b2195b1a6e3c9bea969a2d7c7fbcf4f73247ea5a88
v11w2-qwen38-fortran-skills,numba,fortran,versioned_distance_update,626372,626372,v11w2-qwen38-fortran-skills.n0.p15.w15,2,3.718959,489347637.000000,130126345.000000,0.000000,graded_attempt,sources/v11w2-qwen38-fortran-skills/versioned_distance_update/626372.626372.v11w2-qwen38-fortran-skills.n0.p15.w15/candidate_02_submission.txt,3c594e9fe9e260ee84ccd500e348bb65b43f79ddf13e66e65eab3253123510c3
gpuv2-llr40-oss120b-hip,numba,hip,wf_diff_skew,627167,627167,gpuv2-llr40-oss120b-hip.n0.p38.w38,1,4.675337,216714621.000000,44131702.000000,0.000000,graded_attempt,sources/gpuv2-llr40-oss120b-hip/wf_diff_skew/627167.627167.gpuv2-llr40-oss120b-hip.n0.p38.w38/candidate_01_submission.txt,77e5c1c2aeb4dc1eb6d1c103af08f9f7e5ae0eec75ced8c29fd9c61879a69876
gpuv2-llr40-oss120b-hip-skills,numba,hip,wf_diff_skew,627168,627168,gpuv2-llr40-oss120b-hip-skills.n0.p38.w38,1,4.317595,213641537.000000,44466011.000000,0.000000,graded_attempt,sources/gpuv2-llr40-oss120b-hip-skills/wf_diff_skew/627168.627168.gpuv2-llr40-oss120b-hip-skills.n0.p38.w38/candidate_01_submission.txt,1fa84faf4c5dbf414984670ad068b76070623a9eb95b61ef1c712ec0bb610306
gpuv2-llr40-oss120b-omp,numba,c,wf_diff_skew,627173,627173,gpuv2-llr40-oss120b-omp.n0.p38.w38,1,1.374941,209423419.000000,151512514.000000,0.000000,graded_attempt,sources/gpuv2-llr40-oss120b-omp/wf_diff_skew/627173.627173.gpuv2-llr40-oss120b-omp.n0.p38.w38/candidate_01_submission.txt,b02271c5578247746beb0bcd5ef3772a5bd69d019e69516865dc68b6ce742501
gpuv4-llr40-oss120b-pytriton,numba,python,wf_diff_skew,627175,627175,gpuv4-llr40-oss120b-pytriton.n0.p38.w38,1,1.051010,216285100.000000,204361053.000000,0.000000,graded_attempt,sources/gpuv4-llr40-oss120b-pytriton/wf_diff_skew/627175.627175.gpuv4-llr40-oss120b-pytriton.n0.p38.w38/candidate_01_submission.txt,3b1e5da3ba8de5374078a4d2e7ffdbda87faa55fd80df2c42fec6f78d627d240
gpuv4-llr40-oss120b-pytriton-skills,numba,python,wf_diff_skew,627176,627176,gpuv4-llr40-oss120b-pytriton-skills.n0.p38.w38,1,1.126825,224083314.000000,198213272.000000,0.000000,graded_attempt,sources/gpuv4-llr40-oss120b-pytriton-skills/wf_diff_skew/627176.627176.gpuv4-llr40-oss120b-pytriton-skills.n0.p38.w38/candidate_01_submission.txt,3266ddb1f01b6f8425bafd9e71e5311214a86dbb7013d9be327c80c0e7186506
gpuv4-llr40-qwen38-pytriton,numba,python,wf_diff_skew,626557,626557,gpuv4-llr40-qwen38-pytriton.n0.p38.w38,1,2.130220,202184940.000000,91591760.000000,0.000000,graded_attempt,sources/gpuv4-llr40-qwen38-pytriton/wf_diff_skew/626557.626557.gpuv4-llr40-qwen38-pytriton.n0.p38.w38/candidate_01_submission.txt,bb8260b4b3508690686ccbc2789396f5703c49421607b1ca3ca7d72bc8fd2422
gpuv4-llr40-qwen38-pytriton,numba,python,wf_diff_skew,626523,626523,gpuv4-llr40-qwen38-pytriton.n0.p38.w38,1,1.115668,218012111.000000,194556853.000000,0.000000,graded_attempt,sources/gpuv4-llr40-qwen38-pytriton/wf_diff_skew/626523.626523.gpuv4-llr40-qwen38-pytriton.n0.p38.w38/candidate_01_submission.txt,e02c911333950b56e9356de30e60b8190b7a0dba784c2f44fa3a6c6812212808
llr40v10-kimi27sglang-c,numba,c,wf_diff_skew,621018,621018,llr40v10-kimi27sglang-c.n0.p18.w18,1,1.416603,199294386.000000,140361138.000000,0.000000,graded_attempt,sources/llr40v10-kimi27sglang-c/wf_diff_skew/621018.621018.llr40v10-kimi27sglang-c.n0.p18.w18/candidate_01_submission.txt,5b0026c033d4488f0cc9c9e59f95e41c176d8a531e085ae6d85f9fac65d9f7cb
llr40v10-kimi27sglang-fortran,c,fortran,wf_diff_skew,621022,621022,llr40v10-kimi27sglang-fortran.n0.p18.w18,3,2.573538,150259537.000000,56749735.000000,0.000000,graded_attempt,sources/llr40v10-kimi27sglang-fortran/wf_diff_skew/621022.621022.llr40v10-kimi27sglang-fortran.n0.p18.w18/candidate_03_submission.txt,72ab04ba2e2842360bd8891162ec66e534694e55d76b7b8167b7de3e71a251c6
llr40v10-kimi27sglang-fortran,numba,fortran,wf_diff_skew,621732,621732,llr40v10-kimi27sglang-fortran.n0.p18.w18,2,1.295256,191292728.000000,146391257.000000,0.000000,graded_attempt,sources/llr40v10-kimi27sglang-fortran/wf_diff_skew/621732.621732.llr40v10-kimi27sglang-fortran.n0.p18.w18/candidate_02_submission.txt,0d001eecf9203e324c8f2c1c181ca3ff2ecaa0c0e800ea9bd4c9689c37fc8889
llr40v10-kimi27sglang-fortran,numba,fortran,wf_diff_skew,621732,621732,llr40v10-kimi27sglang-fortran.n0.p18.w18,1,1.257163,191292728.000000,151503737.000000,0.000000,graded_attempt,sources/llr40v10-kimi27sglang-fortran/wf_diff_skew/621732.621732.llr40v10-kimi27sglang-fortran.n0.p18.w18/candidate_01_submission.txt,749249c8bf837ee9262994a9c9378b48ae86bfcc49eb9d89d4e85f5d7e608ec3
llr40v10-kimi27sglang-fortran,c,fortran,wf_diff_skew,621022,621022,llr40v10-kimi27sglang-fortran.n0.p18.w18,2,1.051010,144226633.000000,136791672.000000,0.000000,graded_attempt,sources/llr40v10-kimi27sglang-fortran/wf_diff_skew/621022.621022.llr40v10-kimi27sglang-fortran.n0.p18.w18/candidate_02_submission.txt,a8eab6bd187a4f1bfd7d96dda0c83ab00c277d51b04ae16bba2fbb4182c791e4
llr40v10-kimi27sglang-fortran,c,fortran,wf_diff_skew,621022,621022,llr40v10-kimi27sglang-fortran.n0.p18.w18,1,1.040604,162726741.000000,154870576.000000,0.000000,graded_attempt,sources/llr40v10-kimi27sglang-fortran/wf_diff_skew/621022.621022.llr40v10-kimi27sglang-fortran.n0.p18.w18/candidate_01_submission.txt,4adfafb84b5509bcb4f5d3053c74810d3f11b2fd38a8c806f74925ad2a866ba5
llr40v10-kimi27sglang-fortran-skills,numba,fortran,wf_diff_skew,621030,621030,llr40v10-kimi27sglang-fortran-skills.n0.p18.w18,2,3.831647,203304066.000000,52683191.000000,0.000000,graded_attempt,sources/llr40v10-kimi27sglang-fortran-skills/wf_diff_skew/621030.621030.llr40v10-kimi27sglang-fortran-skills.n0.p18.w18/candidate_02_submission.txt,6df9dd7252e1a7d110e4d63ca393d19bf0e9ba6d51b2b1a0c00c0d1a675462cd
llr40v10-kimi27sglang-fortran-skills,numba,fortran,wf_diff_skew,621030,621030,llr40v10-kimi27sglang-fortran-skills.n0.p18.w18,1,1.232392,203304066.000000,164540186.000000,0.000000,graded_attempt,sources/llr40v10-kimi27sglang-fortran-skills/wf_diff_skew/621030.621030.llr40v10-kimi27sglang-fortran-skills.n0.p18.w18/candidate_01_submission.txt,49de781cabf958834adfb682ebd359ce50c8fa72de20cd8bfd84164bb839a82b
llr40v10-oss120b-c,c,c,wf_diff_skew,621015,621015,llr40v10-oss120b-c.n0.p38.w38,1,3.468740,214035302.000000,59277383.000000,0.000000,graded_attempt,sources/llr40v10-oss120b-c/wf_diff_skew/621015.621015.llr40v10-oss120b-c.n0.p38.w38/candidate_01_submission.txt,620a8bb7753cad61dbf8c94ef9f915957303d14a62525ba4fff4b281ebfed2a9
llr40v10-oss120b-c,c,c,wf_diff_skew,621382,621382,llr40v10-oss120b-c.n0.p38.w38,1,1.072135,149234004.000000,138797874.000000,0.000000,graded_attempt,sources/llr40v10-oss120b-c/wf_diff_skew/621382.621382.llr40v10-oss120b-c.n0.p38.w38/candidate_01_submission.txt,c0c7f89271d9ac2989d45a8c58add4245a15ae92c2439a71b52b5e7e22dce66a
llr40v10-oss120b-c-skills,numba,c,wf_diff_skew,621023,621023,llr40v10-oss120b-c-skills.n0.p38.w38,1,3.366725,198596717.000000,57816123.000000,0.000000,graded_attempt,sources/llr40v10-oss120b-c-skills/wf_diff_skew/621023.621023.llr40v10-oss120b-c-skills.n0.p38.w38/candidate_01_submission.txt,a9792d0505e3175cb3de7561571a02cccc8fde9c94989d0ae7f7560175c3cf79
llr40v10-oss120b-fortran,c,fortran,wf_diff_skew,621019,621019,llr40v10-oss120b-fortran.n0.p38.w38,1,2.238882,141163883.000000,61396693.000000,0.000000,graded_attempt,sources/llr40v10-oss120b-fortran/wf_diff_skew/621019.621019.llr40v10-oss120b-fortran.n0.p38.w38/candidate_01_submission.txt,32aff7131eba71da8e175f851e2e165e0e8c1248f9420c03366e20e471e72fba
llr40v10-oss120b-fortran,c,fortran,wf_diff_skew,621384,621384,llr40v10-oss120b-fortran.n0.p38.w38,1,2.216715,138748603.000000,61225135.000000,0.000000,graded_attempt,sources/llr40v10-oss120b-fortran/wf_diff_skew/621384.621384.llr40v10-oss120b-fortran.n0.p38.w38/candidate_01_submission.txt,654784e355fd848567628774479d984b7551f5c09930612abccb7cb3a2461468
llr40v10-oss120b-fortran-skills,numba,fortran,wf_diff_skew,621027,621027,llr40v10-oss120b-fortran-skills.n0.p38.w38,1,3.831647,219782002.000000,56271344.000000,0.000000,graded_attempt,sources/llr40v10-oss120b-fortran-skills/wf_diff_skew/621027.621027.llr40v10-oss120b-fortran-skills.n0.p38.w38/candidate_01_submission.txt,afa7868c7a5e44054511132b15f1ca02fe3e7b29e04bb55cde48a437b22177de
llr40v10-qwen38-c-skills,numba,c,wf_diff_skew,621024,621024,llr40v10-qwen38-c-skills.n0.p38.w38,2,6.623096,232000168.000000,32730192.000000,0.000000,graded_attempt,sources/llr40v10-qwen38-c-skills/wf_diff_skew/621024.621024.llr40v10-qwen38-c-skills.n0.p38.w38/candidate_02_submission.txt,f97a6e195872964fb45f040815852ede077ba5d46f2805a126ec9f3cfc871822
llr40v10-qwen38-c-skills,numba,c,wf_diff_skew,621024,621024,llr40v10-qwen38-c-skills.n0.p38.w38,1,1.533978,232000168.000000,150726846.000000,0.000000,graded_attempt,sources/llr40v10-qwen38-c-skills/wf_diff_skew/621024.621024.llr40v10-qwen38-c-skills.n0.p38.w38/candidate_01_submission.txt,0924c9ddcf720668556d24eb06f19f5855ed3ccdd397ee7738de032b4acd8c45
llr40v10-qwen38-fortran,c,fortran,wf_diff_skew,621020,621020,llr40v10-qwen38-fortran.n0.p38.w38,1,1.000000,143770055.000000,159282869.000000,0.000000,graded_attempt,sources/llr40v10-qwen38-fortran/wf_diff_skew/621020.621020.llr40v10-qwen38-fortran.n0.p38.w38/candidate_01_submission.txt,4127a3bfc66e400a9a3dc523db7451b2970613ba384c399c43a57e9707d01876
llr40v10-qwen38-fortran-skills,numba,fortran,wf_diff_skew,621028,621028,llr40v10-qwen38-fortran-skills.n0.p38.w38,1,3.793710,225833924.000000,58360180.000000,0.000000,graded_attempt,sources/llr40v10-qwen38-fortran-skills/wf_diff_skew/621028.621028.llr40v10-qwen38-fortran-skills.n0.p38.w38/candidate_01_submission.txt,f056ec52518d8ee4f924aeafc2703a7f1657b847a37a80c2020ea79c75a78356
llr40v11-kimi27sglang-c,numba,c,wf_diff_skew,625534,625534,llr40v11-kimi27sglang-c.n0.p18.w18,1,1.503752,228283144.000000,150367797.000000,0.000000,graded_attempt,sources/llr40v11-kimi27sglang-c/wf_diff_skew/625534.625534.llr40v11-kimi27sglang-c.n0.p18.w18/candidate_01_submission.txt,d041abcf76541b5a688252ce8806621ae8a3529fff1dce7c161bd52900432899
llr40v11-kimi27sglang-fortran,numba,fortran,wf_diff_skew,625542,625542,llr40v11-kimi27sglang-fortran.n0.p18.w18,1,3.503427,193709673.000000,54620062.000000,0.000000,graded_attempt,sources/llr40v11-kimi27sglang-fortran/wf_diff_skew/625542.625542.llr40v11-kimi27sglang-fortran.n0.p18.w18/candidate_01_submission.txt,87c357e6e47d7a5e967572ab23f0e07e6b37347d0bea0381b48b0635ae11dd4d
llr40v11-kimi27sglang-fortran,numba,fortran,wf_diff_skew,625542,625542,llr40v11-kimi27sglang-fortran.n0.p18.w18,2,3.267710,193709673.000000,58136488.000000,0.000000,graded_attempt,sources/llr40v11-kimi27sglang-fortran/wf_diff_skew/625542.625542.llr40v11-kimi27sglang-fortran.n0.p18.w18/candidate_01_submission.txt,87c357e6e47d7a5e967572ab23f0e07e6b37347d0bea0381b48b0635ae11dd4d
llr40v11-kimi27sglang-fortran-skills,numba,fortran,wf_diff_skew,625546,625546,llr40v11-kimi27sglang-fortran-skills.n0.p18.w18,1,3.434396,199799424.000000,57550233.000000,0.000000,graded_attempt,sources/llr40v11-kimi27sglang-fortran-skills/wf_diff_skew/625546.625546.llr40v11-kimi27sglang-fortran-skills.n0.p18.w18/candidate_01_submission.txt,cb388121149f1a3e249f45cce84470d12d7d29642783f88b8a57aa3fc6c733ef
llr40v11-oss120b-c,numba,c,wf_diff_skew,625531,625531,llr40v11-oss120b-c.n0.p38.w38,1,1.244716,193941987.000000,142604229.000000,0.000000,graded_attempt,sources/llr40v11-oss120b-c/wf_diff_skew/625531.625531.llr40v11-oss120b-c.n0.p38.w38/candidate_01_submission.txt,7baa9b8b8703bccb30ea93f829171f63762e7f6f74d7ce1329514420ffc1ae39
llr40v11-oss120b-c-skills,numba,c,wf_diff_skew,625535,625535,llr40v11-oss120b-c-skills.n0.p38.w38,1,1.334504,191547302.000000,143157312.000000,0.000000,graded_attempt,sources/llr40v11-oss120b-c-skills/wf_diff_skew/625535.625535.llr40v11-oss120b-c-skills.n0.p38.w38/candidate_01_submission.txt,8a04e30c7f39299e40833e5605d5b75314d7344d8ca62fe7ec597d79e4e21fea
llr40v11-oss120b-fortran,numba,fortran,wf_diff_skew,625539,625539,llr40v11-oss120b-fortran.n0.p38.w38,1,3.718959,204261926.000000,56344375.000000,0.000000,graded_attempt,sources/llr40v11-oss120b-fortran/wf_diff_skew/625539.625539.llr40v11-oss120b-fortran.n0.p38.w38/candidate_01_submission.txt,454f13ffc09a8558569fe9695d94002cb28b0176968cacc240f9b99d08206dd5
llr40v11-oss120b-fortran-skills,numba,fortran,wf_diff_skew,625543,625543,llr40v11-oss120b-fortran-skills.n0.p38.w38,1,3.171607,188528322.000000,57219203.000000,0.000000,graded_attempt,sources/llr40v11-oss120b-fortran-skills/wf_diff_skew/625543.625543.llr40v11-oss120b-fortran-skills.n0.p38.w38/candidate_01_submission.txt,e872f4359c876900fceab3a9f1cf43e8e64dc779a7ba77332637625d441a5c3b
llr40v11-qwen38-fortran,numba,fortran,wf_diff_skew,625540,625540,llr40v11-qwen38-fortran.n0.p38.w38,1,1.374941,203539644.000000,147648477.000000,0.000000,graded_attempt,sources/llr40v11-qwen38-fortran/wf_diff_skew/625540.625540.llr40v11-qwen38-fortran.n0.p38.w38/candidate_01_submission.txt,ec6baaeff53fdb8a995f8e1d3f6beb0519afb61fbf4780e5757ef8c918cf0438
v11w2-kimi27sglang-c-skills,numba,c,wf_diff_skew,626368,626368,v11w2-kimi27sglang-c-skills.n0.p14.w14,2,4.817005,262878513.000000,53623351.000000,0.000000,graded_attempt,sources/v11w2-kimi27sglang-c-skills/wf_diff_skew/626368.626368.v11w2-kimi27sglang-c-skills.n0.p14.w14/candidate_01_submission.txt,86a159797ea73f546d1c56b8b61517cfc5eb08bd18ca5c59d78708424aa87842
v11w2-kimi27sglang-c-skills,numba,c,wf_diff_skew,626368,626368,v11w2-kimi27sglang-c-skills.n0.p14.w14,1,4.404379,262878513.000000,58187646.000000,0.000000,graded_attempt,sources/v11w2-kimi27sglang-c-skills/wf_diff_skew/626368.626368.v11w2-kimi27sglang-c-skills.n0.p14.w14/candidate_01_submission.txt,86a159797ea73f546d1c56b8b61517cfc5eb08bd18ca5c59d78708424aa87842
v11w2-qwen38-c,numba,c,wf_diff_skew,626365,626365,v11w2-qwen38-c.n0.p14.w14,1,3.793710,216810403.000000,56590331.000000,0.000000,graded_attempt,sources/v11w2-qwen38-c/wf_diff_skew/626365.626365.v11w2-qwen38-c.n0.p14.w14/candidate_01_submission.txt,3254b7fbdf0b2f1b905565a1faf953f3291d6d981a0711a8e975e8aa7be879aa
v11w2-qwen38-c-skills,numba,c,wf_diff_skew,626366,626366,v11w2-qwen38-c-skills.n0.p12.w12,1,6.239256,212077158.000000,28851808.000000,0.000000,graded_attempt,sources/v11w2-qwen38-c-skills/wf_diff_skew/626366.626366.v11w2-qwen38-c-skills.n0.p12.w12/candidate_01_submission.txt,83387c9c7372ba09c9b8d9be3159c0a7ae6e6964e8b851effe6a0b0257f8b447
v11w2-qwen38-fortran-skills,numba,fortran,wf_diff_skew,626372,626372,v11w2-qwen38-fortran-skills.n0.p16.w16,1,4.769311,277353017.000000,56444441.000000,0.000000,graded_attempt,sources/v11w2-qwen38-fortran-skills/wf_diff_skew/626372.626372.v11w2-qwen38-fortran-skills.n0.p16.w16/candidate_01_submission.txt,17673797193d447d18f94b55813722eb13c3a80cc5c164a55393f355dcac2d01
gpuv2-llr40-oss120b-hip,numba,hip,wf_triangular,627167,627167,gpuv2-llr40-oss120b-hip.n0.p39.w39,1,1.459527,624611276.000000,417235443.000000,0.000000,graded_attempt,sources/gpuv2-llr40-oss120b-hip/wf_triangular/627167.627167.gpuv2-llr40-oss120b-hip.n0.p39.w39/candidate_01_submission.txt,90ad938ba52ece5e1e112b3dd7a4dbbc2cb92c72cd0a518accda3d221096d8e4
gpuv2-llr40-oss120b-hip-skills,numba,hip,wf_triangular,627168,627168,gpuv2-llr40-oss120b-hip-skills.n0.p39.w39,1,1.000000,624846801.000000,664666137.000000,0.000000,graded_attempt,sources/gpuv2-llr40-oss120b-hip-skills/wf_triangular/627168.627168.gpuv2-llr40-oss120b-hip-skills.n0.p39.w39/candidate_01_submission.txt,376c168fb64da265f7eec37e4f3747eb391be69e17de17cc7ab94a79f71f5b52
gpuv2-llr40-oss120b-omp,numba,c,wf_triangular,627173,627173,gpuv2-llr40-oss120b-omp.n0.p39.w39,1,1.030301,631251826.000000,609079295.000000,0.000000,graded_attempt,sources/gpuv2-llr40-oss120b-omp/wf_triangular/627173.627173.gpuv2-llr40-oss120b-omp.n0.p39.w39/candidate_01_submission.txt,06d5491bb0239941b64d3a3f1a2879993dc5cba19a53dc8ce942ae90ea6f3ac5
gpuv2-llr40-oss120b-omp-skills,numba,c,wf_triangular,627174,627174,gpuv2-llr40-oss120b-omp-skills.n0.p39.w39,1,3.400392,624680513.000000,181823674.000000,0.000000,graded_attempt,sources/gpuv2-llr40-oss120b-omp-skills/wf_triangular/627174.627174.gpuv2-llr40-oss120b-omp-skills.n0.p39.w39/candidate_01_submission.txt,d014f00782d4dcc3489be9d9b220d48323ca3cbe9cec4438691b18406031ba81
gpuv4-llr40-oss120b-pytriton,numba,python,wf_triangular,627175,627175,gpuv4-llr40-oss120b-pytriton.n0.p39.w39,1,1.000000,628302498.000000,625421587.000000,0.000000,graded_attempt,sources/gpuv4-llr40-oss120b-pytriton/wf_triangular/627175.627175.gpuv4-llr40-oss120b-pytriton.n0.p39.w39/candidate_01_submission.txt,dd6a0cb14ef147fd2fea3e3a3239c5340e7404f81b08fec348ad98fe12f5f3b2
gpuv4-llr40-oss120b-pytriton-skills,numba,python,wf_triangular,627176,627176,gpuv4-llr40-oss120b-pytriton-skills.n0.p39.w39,1,1.967222,624251940.000000,314113328.000000,0.000000,graded_attempt,sources/gpuv4-llr40-oss120b-pytriton-skills/wf_triangular/627176.627176.gpuv4-llr40-oss120b-pytriton-skills.n0.p39.w39/candidate_01_submission.txt,c878a5d4de22d898c5413712f8855772a285163fd091a4a2f168374e07fc3196
llr40v10-kimi27sglang-c,numba,c,wf_triangular,621730,621730,llr40v10-kimi27sglang-c.n0.p19.w19,3,26.938581,625609745.000000,22434830.000000,0.000000,graded_attempt,sources/llr40v10-kimi27sglang-c/wf_triangular/621730.621730.llr40v10-kimi27sglang-c.n0.p19.w19/candidate_03_submission.txt,308d8e98513c1e3890a4bb07d640afbe8b6623eec82f42540f40e6212d6bfd2e
llr40v10-kimi27sglang-c,numba,c,wf_triangular,621730,621730,llr40v10-kimi27sglang-c.n0.p19.w19,5,25.631136,625609745.000000,22808496.000000,0.000000,graded_attempt,sources/llr40v10-kimi27sglang-c/wf_triangular/621730.621730.llr40v10-kimi27sglang-c.n0.p19.w19/candidate_03_submission.txt,308d8e98513c1e3890a4bb07d640afbe8b6623eec82f42540f40e6212d6bfd2e
llr40v10-kimi27sglang-c,numba,c,wf_triangular,621730,621730,llr40v10-kimi27sglang-c.n0.p19.w19,4,16.379703,625609745.000000,36693629.000000,0.000000,graded_attempt,sources/llr40v10-kimi27sglang-c/wf_triangular/621730.621730.llr40v10-kimi27sglang-c.n0.p19.w19/candidate_04_submission.txt,f07c987ccfe09480dba27778e951dfab16171c2885b11cc96085dd7542d28162
llr40v10-kimi27sglang-c,numba,c,wf_triangular,621730,621730,llr40v10-kimi27sglang-c.n0.p19.w19,2,14.392233,625609745.000000,41170789.000000,0.000000,graded_attempt,sources/llr40v10-kimi27sglang-c/wf_triangular/621730.621730.llr40v10-kimi27sglang-c.n0.p19.w19/candidate_02_submission.txt,7282e35db0f93c3c580ae329509f938bce3d64e6f647d973f80f9cad64036f6e
llr40v10-kimi27sglang-c,numba,c,wf_triangular,621730,621730,llr40v10-kimi27sglang-c.n0.p19.w19,1,13.290985,625609745.000000,43790446.000000,0.000000,graded_attempt,sources/llr40v10-kimi27sglang-c/wf_triangular/621730.621730.llr40v10-kimi27sglang-c.n0.p19.w19/candidate_01_submission.txt,88d2c0e0c018f868c1967eaa9bb2d78d2daeffc2a8adbeb86db574d9799e8480
llr40v10-kimi27sglang-c,numba,c,wf_triangular,621018,621018,llr40v10-kimi27sglang-c.n0.p19.w19,1,7.537701,625142007.000000,76250833.000000,0.000000,graded_attempt,sources/llr40v10-kimi27sglang-c/wf_triangular/621018.621018.llr40v10-kimi27sglang-c.n0.p19.w19/candidate_01_submission.txt,fed620fcf8f9b56e95ee064b1ee0e7708c3f2f1ca6ed221de39a08cc6f2bc8de
llr40v10-kimi27sglang-c-skills,numba,c,wf_triangular,621026,621026,llr40v10-kimi27sglang-c-skills.n0.p19.w19,1,8.664392,624975643.000000,71242073.000000,0.000000,graded_attempt,sources/llr40v10-kimi27sglang-c-skills/wf_triangular/621026.621026.llr40v10-kimi27sglang-c-skills.n0.p19.w19/candidate_01_submission.txt,e1dc4651466322140cd43b4fb04fe57ca3dcc5e1f6195c41f976a3560c950be2
llr40v10-kimi27sglang-fortran,numba,fortran,wf_triangular,621732,621732,llr40v10-kimi27sglang-fortran.n0.p19.w19,2,12.032156,624415779.000000,49471574.000000,0.000000,graded_attempt,sources/llr40v10-kimi27sglang-fortran/wf_triangular/621732.621732.llr40v10-kimi27sglang-fortran.n0.p19.w19/candidate_02_submission.txt,907b51468c346022c95c5dbda89941e32d0bc9ea65c1c79a478ae6d10a387719
llr40v10-kimi27sglang-fortran,numba,fortran,wf_triangular,621732,621732,llr40v10-kimi27sglang-fortran.n0.p19.w19,1,1.763268,624415779.000000,332823813.000000,0.000000,graded_attempt,sources/llr40v10-kimi27sglang-fortran/wf_triangular/621732.621732.llr40v10-kimi27sglang-fortran.n0.p19.w19/candidate_01_submission.txt,7e2387189f3fdd72a409884942222e2371bd89fbb0a017d126bf2f0fdac4bcef
llr40v10-kimi27sglang-fortran-skills,numba,fortran,wf_triangular,621030,621030,llr40v10-kimi27sglang-fortran-skills.n0.p19.w19,1,7.316018,624789612.000000,84245240.000000,0.000000,graded_attempt,sources/llr40v10-kimi27sglang-fortran-skills/wf_triangular/621030.621030.llr40v10-kimi27sglang-fortran-skills.n0.p19.w19/candidate_01_submission.txt,7ca9db70a859e92aa8b6624d2580fcf490719f3a929751224bcfd713ed48905f
llr40v10-oss120b-c,c,c,wf_triangular,621382,621382,llr40v10-oss120b-c.n0.p39.w39,1,2.151522,167027202.000000,74532982.000000,0.000000,graded_attempt,sources/llr40v10-oss120b-c/wf_triangular/621382.621382.llr40v10-oss120b-c.n0.p39.w39/candidate_01_submission.txt,ae30959d788ceb22dd3a254634428ee3c8946077be90e3561016ac3e4d5faed7
llr40v10-oss120b-c,c,c,wf_triangular,621015,621015,llr40v10-oss120b-c.n0.p39.w39,1,1.986894,179780759.000000,87337689.000000,0.000000,graded_attempt,sources/llr40v10-oss120b-c/wf_triangular/621015.621015.llr40v10-oss120b-c.n0.p39.w39/candidate_01_submission.txt,4c4aa0ac2912a48052cb536147eb4af41a3c4b385b8316f9df77abef95cca7a4
llr40v10-oss120b-c-skills,numba,c,wf_triangular,621023,621023,llr40v10-oss120b-c-skills.n0.p39.w39,1,7.316018,625001796.000000,83018609.000000,0.000000,graded_attempt,sources/llr40v10-oss120b-c-skills/wf_triangular/621023.621023.llr40v10-oss120b-c-skills.n0.p39.w39/candidate_01_submission.txt,6364b8705591a1e652f28ead9b312804d5d285a33a069f60139a134d98c9424a
llr40v10-oss120b-fortran,c,fortran,wf_triangular,621384,621384,llr40v10-oss120b-fortran.n0.p39.w39,1,1.890462,167008633.000000,84037429.000000,0.000000,graded_attempt,sources/llr40v10-oss120b-fortran/wf_triangular/621384.621384.llr40v10-oss120b-fortran.n0.p39.w39/candidate_01_submission.txt,c4380d714f937ff39d6ba4d8d8dd2953bf7dba7252fd33fd9bd6d50b0bced8ea
llr40v10-oss120b-fortran,c,fortran,wf_triangular,621019,621019,llr40v10-oss120b-fortran.n0.p39.w39,1,1.612226,166098560.000000,101326632.000000,0.000000,graded_attempt,sources/llr40v10-oss120b-fortran/wf_triangular/621019.621019.llr40v10-oss120b-fortran.n0.p39.w39/candidate_01_submission.txt,86f45b24ee65e41b6799be29f36a03ab37f39b0514517ac4f766b59175aa2fcb
llr40v10-oss120b-fortran-skills,numba,fortran,wf_triangular,621027,621027,llr40v10-oss120b-fortran-skills.n0.p39.w39,1,7.389178,625104980.000000,82309226.000000,0.000000,graded_attempt,sources/llr40v10-oss120b-fortran-skills/wf_triangular/621027.621027.llr40v10-oss120b-fortran-skills.n0.p39.w39/candidate_01_submission.txt,3616ae67978485de88484a1bd41457785d031b52da709a748d538207664ea57e
llr40v10-qwen38-c,numba,c,wf_triangular,621727,621727,llr40v10-qwen38-c.n0.p39.w39,1,3.718959,624905671.000000,166373140.000000,0.000000,graded_attempt,sources/llr40v10-qwen38-c/wf_triangular/621727.621727.llr40v10-qwen38-c.n0.p39.w39/candidate_01_submission.txt,7c5c63567836ba24486254a3f76d22b4ea64c3ae73fc0568ec2ea495e30e0db2
llr40v10-qwen38-c-skills,numba,c,wf_triangular,621024,621024,llr40v10-qwen38-c-skills.n0.p39.w39,1,27.480047,624783114.000000,21654875.000000,0.000000,graded_attempt,sources/llr40v10-qwen38-c-skills/wf_triangular/621024.621024.llr40v10-qwen38-c-skills.n0.p39.w39/candidate_01_submission.txt,65ea902fbe515a2db7d6cb45f792cce135dfbde231d4a4c3bd0c3d8d39acf884
llr40v10-qwen38-fortran,numba,fortran,wf_triangular,621728,621728,llr40v10-qwen38-fortran.n0.p39.w39,1,3.718959,624287546.000000,166893296.000000,0.000000,graded_attempt,sources/llr40v10-qwen38-fortran/wf_triangular/621728.621728.llr40v10-qwen38-fortran.n0.p39.w39/candidate_01_submission.txt,0b60c87a96ff6baedea7cbbc126fd8e2f2613a4949318f5fbd04f2b6753e28e3
llr40v10-qwen38-fortran,numba,fortran,wf_triangular,622266,622266,llr40v10-qwen38-fortran.n0.p39.w39,1,3.718959,624393976.000000,166981752.000000,0.000000,graded_attempt,sources/llr40v10-qwen38-fortran/wf_triangular/622266.622266.llr40v10-qwen38-fortran.n0.p39.w39/candidate_01_submission.txt,b220112ce0acf14dcbb748944a161fc32e080bac95279797cd895b1eea2ca232
llr40v10-qwen38-fortran,c,fortran,wf_triangular,621020,621020,llr40v10-qwen38-fortran.n0.p39.w39,1,1.000000,167117733.000000,166395050.000000,0.000000,graded_attempt,sources/llr40v10-qwen38-fortran/wf_triangular/621020.621020.llr40v10-qwen38-fortran.n0.p39.w39/candidate_01_submission.txt,0b14b06ec76a1e180befffa6ba44608a8b6db58f2c9d7e53f29a206d94be47f2
llr40v11-kimi27sglang-c-skills,numba,c,wf_triangular,625538,625538,llr40v11-kimi27sglang-c-skills.n0.p19.w19,1,7.030549,624913824.000000,85115778.000000,0.000000,graded_attempt,sources/llr40v11-kimi27sglang-c-skills/wf_triangular/625538.625538.llr40v11-kimi27sglang-c-skills.n0.p19.w19/candidate_01_submission.txt,56d3f362c5925f4adfe452e24c4fb727c18d36b2a5f55067a3eba0ae4a2f5538
llr40v11-kimi27sglang-fortran-skills,numba,fortran,wf_triangular,625546,625546,llr40v11-kimi27sglang-fortran-skills.n0.p19.w19,1,3.756148,623553517.000000,165740549.000000,0.000000,graded_attempt,sources/llr40v11-kimi27sglang-fortran-skills/wf_triangular/625546.625546.llr40v11-kimi27sglang-fortran-skills.n0.p19.w19/candidate_01_submission.txt,45caebebaff902350d796eff9070602425c793779a87452b70bb145b4ee1b1f5
llr40v11-oss120b-c,numba,c,wf_triangular,625531,625531,llr40v11-oss120b-c.n0.p39.w39,1,7.100855,625349764.000000,84715379.000000,0.000000,graded_attempt,sources/llr40v11-oss120b-c/wf_triangular/625531.625531.llr40v11-oss120b-c.n0.p39.w39/candidate_01_submission.txt,f8e431485a1032fd33e0edc81f1db399885a3c0969b02dc468189c09d34abfc8
llr40v11-oss120b-c-skills,numba,c,wf_triangular,625535,625535,llr40v11-oss120b-c-skills.n0.p39.w39,1,8.001421,624884717.000000,75123784.000000,0.000000,graded_attempt,sources/llr40v11-oss120b-c-skills/wf_triangular/625535.625535.llr40v11-oss120b-c-skills.n0.p39.w39/candidate_01_submission.txt,e6901b11c5001538682c6195717cdf50b557b99e6e1d6d393247a9161bb5ebd9
llr40v11-oss120b-fortran,numba,fortran,wf_triangular,625539,625539,llr40v11-oss120b-fortran.n0.p39.w39,1,7.766100,624312501.000000,78178022.000000,0.000000,graded_attempt,sources/llr40v11-oss120b-fortran/wf_triangular/625539.625539.llr40v11-oss120b-fortran.n0.p39.w39/candidate_01_submission.txt,3086b572c178e3c9f70927d2a334243a42d2e4c2953cdaead26dd76b3ebcbcfe
llr40v11-oss120b-fortran-skills,numba,fortran,wf_triangular,625543,625543,llr40v11-oss120b-fortran-skills.n0.p39.w39,1,7.100855,623823497.000000,86187180.000000,0.000000,graded_attempt,sources/llr40v11-oss120b-fortran-skills/wf_triangular/625543.625543.llr40v11-oss120b-fortran-skills.n0.p39.w39/candidate_01_submission.txt,93759daa6f224fe448f74c334222ec9238292c4bf7a8355e27b8afbfc577b05e
llr40v11-qwen38-fortran,numba,fortran,wf_triangular,625540,625540,llr40v11-qwen38-fortran.n0.p39.w39,1,3.645680,624649854.000000,170470262.000000,0.000000,graded_attempt,sources/llr40v11-qwen38-fortran/wf_triangular/625540.625540.llr40v11-qwen38-fortran.n0.p39.w39/candidate_01_submission.txt,f093c8787e23552e95e6cbb0f136e72c7313fc11c3c58180e6c96e263700e8b2
llr40v11-qwen38-fortran-skills,numba,fortran,wf_triangular,625544,625544,llr40v11-qwen38-fortran-skills.n0.p39.w39,1,28.032396,624446857.000000,21020754.000000,0.000000,graded_attempt,sources/llr40v11-qwen38-fortran-skills/wf_triangular/625544.625544.llr40v11-qwen38-fortran-skills.n0.p39.w39/candidate_01_submission.txt,4c1d29cf347d2b14ebc0a3a7d10ad70a9cc42e0315af6875c0efd0765e8957dd
v11w2-kimi27sglang-c,numba,c,wf_triangular,626367,626367,v11w2-kimi27sglang-c.n0.p12.w12,1,9.289401,623802182.000000,63298626.000000,0.000000,graded_attempt,sources/v11w2-kimi27sglang-c/wf_triangular/626367.626367.v11w2-kimi27sglang-c.n0.p12.w12/candidate_01_submission.txt,8fa63cf7943f3af20d23851bec564c35a714f998317271fd236b4d4e4617b2f8
v11w2-kimi27sglang-fortran,numba,fortran,wf_triangular,626373,626373,v11w2-kimi27sglang-fortran.n0.p13.w13,2,12.645917,624763947.000000,47752810.000000,0.000000,graded_attempt,sources/v11w2-kimi27sglang-fortran/wf_triangular/626373.626373.v11w2-kimi27sglang-fortran.n0.p13.w13/candidate_04_submission.txt,9166ccb4772c2e7163eefc8ac944257cded7acf0b0a1f360ff37bf17bf748685
v11w2-kimi27sglang-fortran,numba,fortran,wf_triangular,626373,626373,v11w2-kimi27sglang-fortran.n0.p13.w13,1,8.578606,624763947.000000,70791956.000000,0.000000,graded_attempt,sources/v11w2-kimi27sglang-fortran/wf_triangular/626373.626373.v11w2-kimi27sglang-fortran.n0.p13.w13/candidate_01_submission.txt,4802facc2da1b986c28b1464f435fe6d62506d008f1ca6edb317f3f53ab61cb8
v11w2-qwen38-c,numba,c,wf_triangular,626365,626365,v11w2-qwen38-c.n0.p15.w15,1,3.718959,625368157.000000,166845619.000000,0.000000,graded_attempt,sources/v11w2-qwen38-c/wf_triangular/626365.626365.v11w2-qwen38-c.n0.p15.w15/candidate_01_submission.txt,57820464ba17e64e651abbac2779d8c2b099dcac3a7a9841a0d6689c2b841c17
v11w2-qwen38-c-skills,numba,c,wf_triangular,626366,626366,v11w2-qwen38-c-skills.n0.p13.w13,2,25.631136,624200377.000000,23400323.000000,0.000000,graded_attempt,sources/v11w2-qwen38-c-skills/wf_triangular/626366.626366.v11w2-qwen38-c-skills.n0.p13.w13/candidate_02_submission.txt,c362168880953457dd09410c1e9f5773a52b0e6eb74f2680d94dbe8634b34ab1
v11w2-qwen38-c-skills,numba,c,wf_triangular,626366,626366,v11w2-qwen38-c-skills.n0.p13.w13,1,19.016327,624200377.000000,31822342.000000,0.000000,graded_attempt,sources/v11w2-qwen38-c-skills/wf_triangular/626366.626366.v11w2-qwen38-c-skills.n0.p13.w13/candidate_01_submission.txt,3a87608725601d8a22391912c5b510748b59874799dac7a02a191d501fb19640
