run_root,job,db,record,run_id,arm,skills,node_index,problem_index,worker_index,benchmark,focus40,language,delivered_language,optimizer,preset,datatype,source_mode,attempt_index,submitted,status,correct,build_ok,reason,speedup,baseline_ns,native_ns,tokens,baseline,compiler,route,suspect,execution,cpu,commit_sha,ts_ms,source_blob,baseline_source,candidate_source
630742,630742,/capstor/scratch/cscs/ybudanaz/x86_64/hpcagent-bench-runs/git-scicomp-20260909/630742/judge/rank-0/hpcagent_bench0.db,call,git-scicomp-qwen38-repo.n0.p8.w8,git-scicomp-qwen38-repo,0,0,8,8,kmp,0,c,c,Qwen/Qwen3.8-27B-FP8,fuzzed,float64,restricted,1,0,score_error,0,,,0.0,,,1283671,,gcc,score,,native,AMD Instinct MI300A Accelerator,,1789004036114,,run_local,last_saved
630742,630742,/capstor/scratch/cscs/ybudanaz/x86_64/hpcagent-bench-runs/git-scicomp-20260909/630742/judge/rank-1/hpcagent_bench1.db,attempt,git-scicomp-qwen38-repo.n0.p17.w17,git-scicomp-qwen38-repo,0,0,17,17,fdtd_2d,0,c,,Qwen/Qwen3.8-27B-FP8,fuzzed,float64,restricted,1,0,,0,1,score_error,,,,,,,,,native,AMD Instinct MI300A Accelerator,,1789019739463,72/72b22b5ce75c1bafdff9f9d3c3b7cbcf41e07b55fe58fe9754bb19d9d4633307.txt,run_local,graded_attempt
630742,630742,/capstor/scratch/cscs/ybudanaz/x86_64/hpcagent-bench-runs/git-scicomp-20260909/630742/judge/rank-1/hpcagent_bench1.db,call,adhoc,adhoc,0,,,,jacobi_2d,0,c,c,,fuzzed,float64,restricted,1,0,ok,1,,,9.052881558101909,,,0,c-autopar,gcc,score,,native,AMD Instinct MI300A Accelerator,,1789009575567,,run_local,missing
630742,630742,/capstor/scratch/cscs/ybudanaz/x86_64/hpcagent-bench-runs/git-scicomp-20260909/630742/judge/rank-1/hpcagent_bench1.db,call,git-scicomp-qwen38-repo.n0.p1.w1,git-scicomp-qwen38-repo,0,0,1,1,addusxx_g,0,c,c,Qwen/Qwen3.8-27B-FP8,fuzzed,float64,restricted,1,0,ok,1,,,78.13724099112305,,,996507,c-autopar,gcc,score,,native,AMD Instinct MI300A Accelerator,,1788991829047,,run_local,last_saved
630742,630742,/capstor/scratch/cscs/ybudanaz/x86_64/hpcagent-bench-runs/git-scicomp-20260909/630742/judge/rank-1/hpcagent_bench1.db,call,git-scicomp-qwen38-repo.n0.p1.w1,git-scicomp-qwen38-repo,0,0,1,1,addusxx_g,0,c,c,Qwen/Qwen3.8-27B-FP8,fuzzed,float64,restricted,2,0,ok,1,,,67.3263317963969,,,188929,c-autopar,gcc,score,,native,AMD Instinct MI300A Accelerator,,1788996219753,,run_local,last_saved
630742,630742,/capstor/scratch/cscs/ybudanaz/x86_64/hpcagent-bench-runs/git-scicomp-20260909/630742/judge/rank-1/hpcagent_bench1.db,call,git-scicomp-qwen38-repo.n0.p1.w1,git-scicomp-qwen38-repo,0,0,1,1,addusxx_g,0,c,c,Qwen/Qwen3.8-27B-FP8,fuzzed,float64,restricted,3,0,score_error,0,,,0.0,,,655468,,gcc,score,,native,AMD Instinct MI300A Accelerator,,1789000652552,,run_local,last_saved
630742,630742,/capstor/scratch/cscs/ybudanaz/x86_64/hpcagent-bench-runs/git-scicomp-20260909/630742/judge/rank-1/hpcagent_bench1.db,call,git-scicomp-qwen38-repo.n0.p1.w1,git-scicomp-qwen38-repo,0,0,1,1,addusxx_g,0,c,c,Qwen/Qwen3.8-27B-FP8,fuzzed,float64,restricted,4,0,ok,1,,,79.3893806891293,,,736984,c-autopar,gcc,score,,native,AMD Instinct MI300A Accelerator,,1789004654687,,run_local,last_saved
630742,630742,/capstor/scratch/cscs/ybudanaz/x86_64/hpcagent-bench-runs/git-scicomp-20260909/630742/judge/rank-1/hpcagent_bench1.db,call,git-scicomp-qwen38-repo.n0.p1.w1,git-scicomp-qwen38-repo,0,0,1,1,addusxx_g,0,c,c,promoted-unsubmitted,fuzzed,float64,restricted,5,0,ok,1,,,90.69478665615435,,,0,c-autopar,gcc,submit,,native,AMD Instinct MI300A Accelerator,,1789006476904,,run_local,last_saved
630742,630742,/capstor/scratch/cscs/ybudanaz/x86_64/hpcagent-bench-runs/git-scicomp-20260909/630742/judge/rank-1/hpcagent_bench1.db,call,git-scicomp-qwen38-repo.n0.p17.w17,git-scicomp-qwen38-repo,0,0,17,17,fdtd_2d,0,c,c,Qwen/Qwen3.8-27B-FP8,fuzzed,float64,restricted,1,0,ok,1,,,1.0038063585171149,,,1409544,c-autopar,gcc,score,,native,AMD Instinct MI300A Accelerator,,1788992527340,,run_local,last_saved
630742,630742,/capstor/scratch/cscs/ybudanaz/x86_64/hpcagent-bench-runs/git-scicomp-20260909/630742/judge/rank-1/hpcagent_bench1.db,call,git-scicomp-qwen38-repo.n0.p17.w17,git-scicomp-qwen38-repo,0,0,17,17,fdtd_2d,0,c,c,Qwen/Qwen3.8-27B-FP8,fuzzed,float64,restricted,2,0,ok,1,,,1.1367888428077477,,,977597,c-autopar,gcc,score,,native,AMD Instinct MI300A Accelerator,,1789005809130,,run_local,last_saved
630742,630742,/capstor/scratch/cscs/ybudanaz/x86_64/hpcagent-bench-runs/git-scicomp-20260909/630742/judge/rank-1/hpcagent_bench1.db,call,git-scicomp-qwen38-repo.n0.p17.w17,git-scicomp-qwen38-repo,0,0,17,17,fdtd_2d,0,c,c,Qwen/Qwen3.8-27B-FP8,fuzzed,float64,restricted,3,0,ok,1,,,1.1069706713794363,,,3044960,c-autopar,gcc,score,,native,AMD Instinct MI300A Accelerator,,1789010582900,,run_local,last_saved
630742,630742,/capstor/scratch/cscs/ybudanaz/x86_64/hpcagent-bench-runs/git-scicomp-20260909/630742/judge/rank-1/hpcagent_bench1.db,call,git-scicomp-qwen38-repo.n0.p17.w17,git-scicomp-qwen38-repo,0,0,17,17,fdtd_2d,0,c,c,Qwen/Qwen3.8-27B-FP8,fuzzed,float64,restricted,4,0,ok,1,,,1.5796001190873217,,,5063596,c-autopar,gcc,score,,native,AMD Instinct MI300A Accelerator,,1789012813407,,run_local,last_saved
630742,630742,/capstor/scratch/cscs/ybudanaz/x86_64/hpcagent-bench-runs/git-scicomp-20260909/630742/judge/rank-1/hpcagent_bench1.db,call,git-scicomp-qwen38-repo.n0.p17.w17,git-scicomp-qwen38-repo,0,0,17,17,fdtd_2d,0,c,c,Qwen/Qwen3.8-27B-FP8,fuzzed,float64,restricted,5,0,ok,1,,,1.5783808314160872,,,5211893,c-autopar,gcc,score,,native,AMD Instinct MI300A Accelerator,,1789012996595,,run_local,last_saved
630742,630742,/capstor/scratch/cscs/ybudanaz/x86_64/hpcagent-bench-runs/git-scicomp-20260909/630742/judge/rank-1/hpcagent_bench1.db,call,git-scicomp-qwen38-repo.n0.p17.w17,git-scicomp-qwen38-repo,0,0,17,17,fdtd_2d,0,c,c,Qwen/Qwen3.8-27B-FP8,fuzzed,float64,restricted,6,0,ok,1,,,1.4995179471394038,,,5821486,c-autopar,gcc,score,,native,AMD Instinct MI300A Accelerator,,1789013195306,,run_local,last_saved
630742,630742,/capstor/scratch/cscs/ybudanaz/x86_64/hpcagent-bench-runs/git-scicomp-20260909/630742/judge/rank-1/hpcagent_bench1.db,call,git-scicomp-qwen38-repo.n0.p17.w17,git-scicomp-qwen38-repo,0,0,17,17,fdtd_2d,0,c,c,Qwen/Qwen3.8-27B-FP8,fuzzed,float64,restricted,7,0,ok,1,,,1.540767623934655,,,8627981,c-autopar,gcc,score,,native,AMD Instinct MI300A Accelerator,,1789015588097,,run_local,last_saved
630742,630742,/capstor/scratch/cscs/ybudanaz/x86_64/hpcagent-bench-runs/git-scicomp-20260909/630742/judge/rank-1/hpcagent_bench1.db,call,git-scicomp-qwen38-repo.n0.p17.w17,git-scicomp-qwen38-repo,0,0,17,17,fdtd_2d,0,c,c,Qwen/Qwen3.8-27B-FP8,fuzzed,float64,restricted,8,0,ok,1,,,1.513350617802395,,,9392780,c-autopar,gcc,score,,native,AMD Instinct MI300A Accelerator,,1789016035827,,run_local,last_saved
630742,630742,/capstor/scratch/cscs/ybudanaz/x86_64/hpcagent-bench-runs/git-scicomp-20260909/630742/judge/rank-1/hpcagent_bench1.db,call,git-scicomp-qwen38-repo.n0.p17.w17,git-scicomp-qwen38-repo,0,0,17,17,fdtd_2d,0,c,c,Qwen/Qwen3.8-27B-FP8,fuzzed,float64,restricted,9,0,ok,1,,,1.3550719749961941,,,9784727,c-autopar,gcc,score,,native,AMD Instinct MI300A Accelerator,,1789016256891,,run_local,last_saved
630742,630742,/capstor/scratch/cscs/ybudanaz/x86_64/hpcagent-bench-runs/git-scicomp-20260909/630742/judge/rank-1/hpcagent_bench1.db,call,git-scicomp-qwen38-repo.n0.p17.w17,git-scicomp-qwen38-repo,0,0,17,17,fdtd_2d,0,c,c,Qwen/Qwen3.8-27B-FP8,fuzzed,float64,restricted,10,0,ok,1,,,1.5787053492667018,,,9982698,c-autopar,gcc,score,,native,AMD Instinct MI300A Accelerator,,1789016295186,,run_local,last_saved
630742,630742,/capstor/scratch/cscs/ybudanaz/x86_64/hpcagent-bench-runs/git-scicomp-20260909/630742/judge/rank-1/hpcagent_bench1.db,call,git-scicomp-qwen38-repo.n0.p17.w17,git-scicomp-qwen38-repo,0,0,17,17,fdtd_2d,0,c,c,Qwen/Qwen3.8-27B-FP8,fuzzed,float64,restricted,11,0,ok,1,,,1.579249226119345,,,10794563,c-autopar,gcc,score,,native,AMD Instinct MI300A Accelerator,,1789016858184,,run_local,last_saved
630742,630742,/capstor/scratch/cscs/ybudanaz/x86_64/hpcagent-bench-runs/git-scicomp-20260909/630742/judge/rank-1/hpcagent_bench1.db,call,git-scicomp-qwen38-repo.n0.p17.w17,git-scicomp-qwen38-repo,0,0,17,17,fdtd_2d,0,c,c,Qwen/Qwen3.8-27B-FP8,fuzzed,float64,restricted,12,0,ok,1,,,1.5782344492727944,,,11643046,c-autopar,gcc,score,,native,AMD Instinct MI300A Accelerator,,1789017203964,,run_local,last_saved
630742,630742,/capstor/scratch/cscs/ybudanaz/x86_64/hpcagent-bench-runs/git-scicomp-20260909/630742/judge/rank-1/hpcagent_bench1.db,call,git-scicomp-qwen38-repo.n0.p17.w17,git-scicomp-qwen38-repo,0,0,17,17,fdtd_2d,0,c,c,Qwen/Qwen3.8-27B-FP8,fuzzed,float64,restricted,13,0,score_error,0,,,0.0,,,11858547,c-autopar,gcc,submit,,native,AMD Instinct MI300A Accelerator,,1789019740511,,run_local,last_saved
630742,630742,/capstor/scratch/cscs/ybudanaz/x86_64/hpcagent-bench-runs/git-scicomp-20260909/630742/judge/rank-1/hpcagent_bench1.db,call,git-scicomp-qwen38-repo.n0.p25.w25,git-scicomp-qwen38-repo,0,0,25,25,jacobi_2d,0,c,c,Qwen/Qwen3.8-27B-FP8,fuzzed,float64,restricted,1,0,ok,1,,,9.108282631579192,,,1408133,c-autopar,gcc,score,,native,AMD Instinct MI300A Accelerator,,1789006207713,,run_local,last_saved
630742,630742,/capstor/scratch/cscs/ybudanaz/x86_64/hpcagent-bench-runs/git-scicomp-20260909/630742/judge/rank-1/hpcagent_bench1.db,call,git-scicomp-qwen38-repo.n0.p25.w25,git-scicomp-qwen38-repo,0,0,25,25,jacobi_2d,0,c,c,Qwen/Qwen3.8-27B-FP8,fuzzed,float64,restricted,2,0,ok,1,,,9.123944709906542,,,5700464,c-autopar,gcc,score,,native,AMD Instinct MI300A Accelerator,,1789012337567,,run_local,last_saved
630742,630742,/capstor/scratch/cscs/ybudanaz/x86_64/hpcagent-bench-runs/git-scicomp-20260909/630742/judge/rank-1/hpcagent_bench1.db,call,git-scicomp-qwen38-repo.n0.p25.w25,git-scicomp-qwen38-repo,0,0,25,25,jacobi_2d,0,c,c,Qwen/Qwen3.8-27B-FP8,fuzzed,float64,restricted,3,0,ok,1,,,14.087638250110905,,,6678877,c-autopar,gcc,score,,native,AMD Instinct MI300A Accelerator,,1789013134738,,run_local,last_saved
630742,630742,/capstor/scratch/cscs/ybudanaz/x86_64/hpcagent-bench-runs/git-scicomp-20260909/630742/judge/rank-1/hpcagent_bench1.db,call,git-scicomp-qwen38-repo.n0.p25.w25,git-scicomp-qwen38-repo,0,0,25,25,jacobi_2d,0,c,c,Qwen/Qwen3.8-27B-FP8,fuzzed,float64,restricted,4,0,ok,1,,,14.077534444161099,,,7196202,c-autopar,gcc,score,,native,AMD Instinct MI300A Accelerator,,1789013625682,,run_local,last_saved
630742,630742,/capstor/scratch/cscs/ybudanaz/x86_64/hpcagent-bench-runs/git-scicomp-20260909/630742/judge/rank-1/hpcagent_bench1.db,call,git-scicomp-qwen38-repo.n0.p25.w25,git-scicomp-qwen38-repo,0,0,25,25,jacobi_2d,0,c,c,Qwen/Qwen3.8-27B-FP8,fuzzed,float64,restricted,5,0,ok,1,,,9.61525889975629,,,7911056,c-autopar,gcc,score,,native,AMD Instinct MI300A Accelerator,,1789014015812,,run_local,last_saved
630742,630742,/capstor/scratch/cscs/ybudanaz/x86_64/hpcagent-bench-runs/git-scicomp-20260909/630742/judge/rank-1/hpcagent_bench1.db,call,git-scicomp-qwen38-repo.n0.p25.w25,git-scicomp-qwen38-repo,0,0,25,25,jacobi_2d,0,c,c,Qwen/Qwen3.8-27B-FP8,fuzzed,float64,restricted,6,0,ok,1,,,10.255896601971571,,,9852096,c-autopar,gcc,score,,native,AMD Instinct MI300A Accelerator,,1789015800358,,run_local,last_saved
630742,630742,/capstor/scratch/cscs/ybudanaz/x86_64/hpcagent-bench-runs/git-scicomp-20260909/630742/judge/rank-1/hpcagent_bench1.db,call,git-scicomp-qwen38-repo.n0.p25.w25,git-scicomp-qwen38-repo,0,0,25,25,jacobi_2d,0,c,c,Qwen/Qwen3.8-27B-FP8,fuzzed,float64,restricted,7,0,ok,1,,,14.222903202513391,,,10931128,c-autopar,gcc,score,,native,AMD Instinct MI300A Accelerator,,1789016462653,,run_local,last_saved
630742,630742,/capstor/scratch/cscs/ybudanaz/x86_64/hpcagent-bench-runs/git-scicomp-20260909/630742/judge/rank-1/hpcagent_bench1.db,call,git-scicomp-qwen38-repo.n0.p25.w25,git-scicomp-qwen38-repo,0,0,25,25,jacobi_2d,0,c,c,promoted-unsubmitted,fuzzed,float64,restricted,8,0,ok,1,,,15.897978728964127,,,0,c-autopar,gcc,submit,,native,AMD Instinct MI300A Accelerator,,1789021139191,,run_local,last_saved
630742,630742,/capstor/scratch/cscs/ybudanaz/x86_64/hpcagent-bench-runs/git-scicomp-20260909/630742/judge/rank-1/hpcagent_bench1.db,call,git-scicomp-qwen38-repo.n0.p9.w9,git-scicomp-qwen38-repo,0,0,9,9,lda_xc_potential,0,c,c,Qwen/Qwen3.8-27B-FP8,fuzzed,float64,restricted,1,0,ok,1,,,22.033259206915332,,,533858,c-autopar,gcc,score,,native,AMD Instinct MI300A Accelerator,,1788991724010,,run_local,last_saved
630742,630742,/capstor/scratch/cscs/ybudanaz/x86_64/hpcagent-bench-runs/git-scicomp-20260909/630742/judge/rank-1/hpcagent_bench1.db,call,git-scicomp-qwen38-repo.n0.p9.w9,git-scicomp-qwen38-repo,0,0,9,9,lda_xc_potential,0,c,c,Qwen/Qwen3.8-27B-FP8,fuzzed,float64,restricted,2,0,ok,1,,,21.697489494915796,,,348397,c-autopar,gcc,score,,native,AMD Instinct MI300A Accelerator,,1788998132956,,run_local,last_saved
630742,630742,/capstor/scratch/cscs/ybudanaz/x86_64/hpcagent-bench-runs/git-scicomp-20260909/630742/judge/rank-1/hpcagent_bench1.db,call,git-scicomp-qwen38-repo.n0.p9.w9,git-scicomp-qwen38-repo,0,0,9,9,lda_xc_potential,0,c,c,Qwen/Qwen3.8-27B-FP8,fuzzed,float64,restricted,3,0,ok,1,,,21.85249560515229,,,774359,c-autopar,gcc,score,,native,AMD Instinct MI300A Accelerator,,1789005780334,,run_local,last_saved
630742,630742,/capstor/scratch/cscs/ybudanaz/x86_64/hpcagent-bench-runs/git-scicomp-20260909/630742/judge/rank-1/hpcagent_bench1.db,call,git-scicomp-qwen38-repo.n0.p9.w9,git-scicomp-qwen38-repo,0,0,9,9,lda_xc_potential,0,c,c,promoted-unsubmitted,fuzzed,float64,restricted,4,0,ok,1,,,13.830652785316248,,,0,c-autopar,gcc,submit,,native,AMD Instinct MI300A Accelerator,,1789010397629,,run_local,last_saved
630742,630742,/capstor/scratch/cscs/ybudanaz/x86_64/hpcagent-bench-runs/git-scicomp-20260909/630742/judge/rank-1/hpcagent_bench1.db,submission,git-scicomp-qwen38-repo.n0.p1.w1,git-scicomp-qwen38-repo,0,0,1,1,addusxx_g,0,c,,promoted-unsubmitted,fuzzed,float64,restricted,1,1,,,,,90.69478665615435,36214894.0,399571.0,,c-autopar,,,0,native,AMD Instinct MI300A Accelerator,,1789006476702,c4/c4deaca0b257c9d84eeeff8db2d2ffb4b1f4d2e6f85758a67ce1fb306c0c8bd9.txt,run_local,graded_attempt
630742,630742,/capstor/scratch/cscs/ybudanaz/x86_64/hpcagent-bench-runs/git-scicomp-20260909/630742/judge/rank-1/hpcagent_bench1.db,submission,git-scicomp-qwen38-repo.n0.p25.w25,git-scicomp-qwen38-repo,0,0,25,25,jacobi_2d,0,c,,promoted-unsubmitted,fuzzed,float64,restricted,1,1,,,,,15.897978728964127,15793334077.0,1008046398.0,,c-autopar,,,0,native,AMD Instinct MI300A Accelerator,,1789021138765,bc/bc9ec7dce506cb1bbd02ff479c305cdd57d40e89e010605058f0fed78412dc0e.txt,run_local,graded_attempt
630742,630742,/capstor/scratch/cscs/ybudanaz/x86_64/hpcagent-bench-runs/git-scicomp-20260909/630742/judge/rank-1/hpcagent_bench1.db,submission,git-scicomp-qwen38-repo.n0.p9.w9,git-scicomp-qwen38-repo,0,0,9,9,lda_xc_potential,0,c,,promoted-unsubmitted,fuzzed,float64,restricted,1,1,,,,,13.830652785316248,21019521.0,1583327.0,,c-autopar,,,0,native,AMD Instinct MI300A Accelerator,,1789010397429,26/26dcb838f97ca59d9801bb42d4a86705b46c5ccd2529911a7500aa4e02b0effc.txt,run_local,graded_attempt
630742,630742,/capstor/scratch/cscs/ybudanaz/x86_64/hpcagent-bench-runs/git-scicomp-20260909/630742/judge/rank-2/hpcagent_bench2.db,call,git-scicomp-qwen38-repo.n0.p10.w10,git-scicomp-qwen38-repo,0,0,10,10,lda_xc_potential,0,c,c,Qwen/Qwen3.8-27B-FP8,fuzzed,float64,restricted,1,0,ok,1,,,33.060029825531736,,,303831,c-autopar,gcc,score,,native,AMD Instinct MI300A Accelerator,,1788990133965,,run_local,last_saved
630742,630742,/capstor/scratch/cscs/ybudanaz/x86_64/hpcagent-bench-runs/git-scicomp-20260909/630742/judge/rank-2/hpcagent_bench2.db,call,git-scicomp-qwen38-repo.n0.p10.w10,git-scicomp-qwen38-repo,0,0,10,10,lda_xc_potential,0,c,c,Qwen/Qwen3.8-27B-FP8,fuzzed,float64,restricted,2,0,ok,1,,,35.647482407783976,,,1911063,c-autopar,gcc,score,,native,AMD Instinct MI300A Accelerator,,1788995266470,,run_local,last_saved
630742,630742,/capstor/scratch/cscs/ybudanaz/x86_64/hpcagent-bench-runs/git-scicomp-20260909/630742/judge/rank-2/hpcagent_bench2.db,call,git-scicomp-qwen38-repo.n0.p10.w10,git-scicomp-qwen38-repo,0,0,10,10,lda_xc_potential,0,c,c,Qwen/Qwen3.8-27B-FP8,fuzzed,float64,restricted,3,0,ok,1,,,25.62950030960361,,,4337584,c-autopar,gcc,score,,native,AMD Instinct MI300A Accelerator,,1789001345548,,run_local,last_saved
630742,630742,/capstor/scratch/cscs/ybudanaz/x86_64/hpcagent-bench-runs/git-scicomp-20260909/630742/judge/rank-2/hpcagent_bench2.db,call,git-scicomp-qwen38-repo.n0.p10.w10,git-scicomp-qwen38-repo,0,0,10,10,lda_xc_potential,0,c,c,Qwen/Qwen3.8-27B-FP8,fuzzed,float64,restricted,4,0,incorrect,0,,,38.55703993405318,,,4854636,c-autopar,gcc,score,,native,AMD Instinct MI300A Accelerator,,1789004314182,,run_local,last_saved
630742,630742,/capstor/scratch/cscs/ybudanaz/x86_64/hpcagent-bench-runs/git-scicomp-20260909/630742/judge/rank-2/hpcagent_bench2.db,call,git-scicomp-qwen38-repo.n0.p10.w10,git-scicomp-qwen38-repo,0,0,10,10,lda_xc_potential,0,c,c,Qwen/Qwen3.8-27B-FP8,fuzzed,float64,restricted,5,0,ok,1,,,29.944574989270123,,,5242514,c-autopar,gcc,score,,native,AMD Instinct MI300A Accelerator,,1789005994308,,run_local,last_saved
630742,630742,/capstor/scratch/cscs/ybudanaz/x86_64/hpcagent-bench-runs/git-scicomp-20260909/630742/judge/rank-2/hpcagent_bench2.db,call,git-scicomp-qwen38-repo.n0.p10.w10,git-scicomp-qwen38-repo,0,0,10,10,lda_xc_potential,0,c,c,Qwen/Qwen3.8-27B-FP8,fuzzed,float64,restricted,6,0,ok,1,,,35.51088853065692,,,5655617,c-autopar,gcc,score,,native,AMD Instinct MI300A Accelerator,,1789007551054,,run_local,last_saved
630742,630742,/capstor/scratch/cscs/ybudanaz/x86_64/hpcagent-bench-runs/git-scicomp-20260909/630742/judge/rank-2/hpcagent_bench2.db,call,git-scicomp-qwen38-repo.n0.p10.w10,git-scicomp-qwen38-repo,0,0,10,10,lda_xc_potential,0,c,c,Qwen/Qwen3.8-27B-FP8,fuzzed,float64,restricted,7,0,ok,1,,,38.509351832708155,,,7016224,c-autopar,gcc,score,,native,AMD Instinct MI300A Accelerator,,1789011112896,,run_local,last_saved
630742,630742,/capstor/scratch/cscs/ybudanaz/x86_64/hpcagent-bench-runs/git-scicomp-20260909/630742/judge/rank-2/hpcagent_bench2.db,call,git-scicomp-qwen38-repo.n0.p10.w10,git-scicomp-qwen38-repo,0,0,10,10,lda_xc_potential,0,c,c,promoted-unsubmitted,fuzzed,float64,restricted,8,0,ok,1,,,40.91404522902522,,,0,c-autopar,gcc,submit,,native,AMD Instinct MI300A Accelerator,,1789015275017,,run_local,last_saved
630742,630742,/capstor/scratch/cscs/ybudanaz/x86_64/hpcagent-bench-runs/git-scicomp-20260909/630742/judge/rank-2/hpcagent_bench2.db,call,git-scicomp-qwen38-repo.n0.p2.w2,git-scicomp-qwen38-repo,0,0,2,2,addusxx_g,0,c,c,Qwen/Qwen3.8-27B-FP8,fuzzed,float64,restricted,1,0,incorrect,0,,,0.9881104985613789,,,282485,c-autopar,gcc,score,,native,AMD Instinct MI300A Accelerator,,1788990140276,,run_local,last_saved
630742,630742,/capstor/scratch/cscs/ybudanaz/x86_64/hpcagent-bench-runs/git-scicomp-20260909/630742/judge/rank-2/hpcagent_bench2.db,call,git-scicomp-qwen38-repo.n0.p2.w2,git-scicomp-qwen38-repo,0,0,2,2,addusxx_g,0,c,c,Qwen/Qwen3.8-27B-FP8,fuzzed,float64,restricted,2,0,ok,1,,,1.2169847026456149,,,1153325,c-autopar,gcc,score,,native,AMD Instinct MI300A Accelerator,,1788992082430,,run_local,last_saved
630742,630742,/capstor/scratch/cscs/ybudanaz/x86_64/hpcagent-bench-runs/git-scicomp-20260909/630742/judge/rank-2/hpcagent_bench2.db,call,git-scicomp-qwen38-repo.n0.p2.w2,git-scicomp-qwen38-repo,0,0,2,2,addusxx_g,0,c,c,Qwen/Qwen3.8-27B-FP8,fuzzed,float64,restricted,3,0,ok,1,,,1.0392052045027207,,,1051874,c-autopar,gcc,score,,native,AMD Instinct MI300A Accelerator,,1788999584305,,run_local,last_saved
630742,630742,/capstor/scratch/cscs/ybudanaz/x86_64/hpcagent-bench-runs/git-scicomp-20260909/630742/judge/rank-2/hpcagent_bench2.db,call,git-scicomp-qwen38-repo.n0.p2.w2,git-scicomp-qwen38-repo,0,0,2,2,addusxx_g,0,c,c,Qwen/Qwen3.8-27B-FP8,fuzzed,float64,restricted,4,0,ok,1,,,88.87165617055697,,,1510781,c-autopar,gcc,score,,native,AMD Instinct MI300A Accelerator,,1789000848497,,run_local,last_saved
630742,630742,/capstor/scratch/cscs/ybudanaz/x86_64/hpcagent-bench-runs/git-scicomp-20260909/630742/judge/rank-2/hpcagent_bench2.db,call,git-scicomp-qwen38-repo.n0.p2.w2,git-scicomp-qwen38-repo,0,0,2,2,addusxx_g,0,c,c,Qwen/Qwen3.8-27B-FP8,fuzzed,float64,restricted,5,0,ok,1,,,88.52640931196224,,,174235,c-autopar,gcc,score,,native,AMD Instinct MI300A Accelerator,,1789003641452,,run_local,last_saved
630742,630742,/capstor/scratch/cscs/ybudanaz/x86_64/hpcagent-bench-runs/git-scicomp-20260909/630742/judge/rank-2/hpcagent_bench2.db,call,git-scicomp-qwen38-repo.n0.p2.w2,git-scicomp-qwen38-repo,0,0,2,2,addusxx_g,0,c,c,Qwen/Qwen3.8-27B-FP8,fuzzed,float64,restricted,6,0,ok,1,,,88.26395331044442,,,3072198,c-autopar,gcc,score,,native,AMD Instinct MI300A Accelerator,,1789009882634,,run_local,last_saved
630742,630742,/capstor/scratch/cscs/ybudanaz/x86_64/hpcagent-bench-runs/git-scicomp-20260909/630742/judge/rank-2/hpcagent_bench2.db,call,git-scicomp-qwen38-repo.n0.p2.w2,git-scicomp-qwen38-repo,0,0,2,2,addusxx_g,0,c,c,promoted-unsubmitted,fuzzed,float64,restricted,7,0,ok,1,,,86.29297754814527,,,0,c-autopar,gcc,submit,,native,AMD Instinct MI300A Accelerator,,1789010661081,,run_local,last_saved
630742,630742,/capstor/scratch/cscs/ybudanaz/x86_64/hpcagent-bench-runs/git-scicomp-20260909/630742/judge/rank-2/hpcagent_bench2.db,call,git-scicomp-qwen38-repo.n0.p26.w26,git-scicomp-qwen38-repo,0,0,26,26,jacobi_2d,0,c,c,Qwen/Qwen3.8-27B-FP8,fuzzed,float64,restricted,1,0,ok,1,,,8.905379891594801,,,439143,c-autopar,gcc,score,,native,AMD Instinct MI300A Accelerator,,1788990906281,,run_local,last_saved
630742,630742,/capstor/scratch/cscs/ybudanaz/x86_64/hpcagent-bench-runs/git-scicomp-20260909/630742/judge/rank-2/hpcagent_bench2.db,call,git-scicomp-qwen38-repo.n0.p26.w26,git-scicomp-qwen38-repo,0,0,26,26,jacobi_2d,0,c,c,Qwen/Qwen3.8-27B-FP8,fuzzed,float64,restricted,2,0,ok,1,,,8.897837514744154,,,2122021,c-autopar,gcc,score,,native,AMD Instinct MI300A Accelerator,,1788996472644,,run_local,last_saved
630742,630742,/capstor/scratch/cscs/ybudanaz/x86_64/hpcagent-bench-runs/git-scicomp-20260909/630742/judge/rank-2/hpcagent_bench2.db,call,git-scicomp-qwen38-repo.n0.p26.w26,git-scicomp-qwen38-repo,0,0,26,26,jacobi_2d,0,c,c,Qwen/Qwen3.8-27B-FP8,fuzzed,float64,restricted,3,0,ok,1,,,8.897040387608822,,,186823,c-autopar,gcc,score,,native,AMD Instinct MI300A Accelerator,,1788999382568,,run_local,last_saved
630742,630742,/capstor/scratch/cscs/ybudanaz/x86_64/hpcagent-bench-runs/git-scicomp-20260909/630742/judge/rank-2/hpcagent_bench2.db,call,git-scicomp-qwen38-repo.n0.p26.w26,git-scicomp-qwen38-repo,0,0,26,26,jacobi_2d,0,c,c,Qwen/Qwen3.8-27B-FP8,fuzzed,float64,restricted,4,0,ok,1,,,8.89524728353531,,,1393939,c-autopar,gcc,score,,native,AMD Instinct MI300A Accelerator,,1789002418452,,run_local,last_saved
630742,630742,/capstor/scratch/cscs/ybudanaz/x86_64/hpcagent-bench-runs/git-scicomp-20260909/630742/judge/rank-2/hpcagent_bench2.db,call,git-scicomp-qwen38-repo.n0.p26.w26,git-scicomp-qwen38-repo,0,0,26,26,jacobi_2d,0,c,c,Qwen/Qwen3.8-27B-FP8,fuzzed,float64,restricted,5,0,ok,1,,,8.897432633725646,,,168864,c-autopar,gcc,score,,native,AMD Instinct MI300A Accelerator,,1789005993649,,run_local,last_saved
630742,630742,/capstor/scratch/cscs/ybudanaz/x86_64/hpcagent-bench-runs/git-scicomp-20260909/630742/judge/rank-2/hpcagent_bench2.db,call,git-scicomp-qwen38-repo.n0.p26.w26,git-scicomp-qwen38-repo,0,0,26,26,jacobi_2d,0,c,c,Qwen/Qwen3.8-27B-FP8,fuzzed,float64,restricted,6,0,ok,1,,,8.907293256111997,,,3317580,c-autopar,gcc,score,,native,AMD Instinct MI300A Accelerator,,1789013827744,,run_local,last_saved
630742,630742,/capstor/scratch/cscs/ybudanaz/x86_64/hpcagent-bench-runs/git-scicomp-20260909/630742/judge/rank-2/hpcagent_bench2.db,call,git-scicomp-qwen38-repo.n0.p26.w26,git-scicomp-qwen38-repo,0,0,26,26,jacobi_2d,0,c,c,Qwen/Qwen3.8-27B-FP8,fuzzed,float64,restricted,7,0,ok,1,,,8.32090762477879,,,8546776,c-autopar,gcc,score,,native,AMD Instinct MI300A Accelerator,,1789018411038,,run_local,last_saved
630742,630742,/capstor/scratch/cscs/ybudanaz/x86_64/hpcagent-bench-runs/git-scicomp-20260909/630742/judge/rank-2/hpcagent_bench2.db,call,git-scicomp-qwen38-repo.n0.p26.w26,git-scicomp-qwen38-repo,0,0,26,26,jacobi_2d,0,c,c,promoted-unsubmitted,fuzzed,float64,restricted,8,0,ok,1,,,9.106363450393609,,,0,c-autopar,gcc,submit,,native,AMD Instinct MI300A Accelerator,,1789020619196,,run_local,last_saved
630742,630742,/capstor/scratch/cscs/ybudanaz/x86_64/hpcagent-bench-runs/git-scicomp-20260909/630742/judge/rank-2/hpcagent_bench2.db,submission,git-scicomp-qwen38-repo.n0.p10.w10,git-scicomp-qwen38-repo,0,0,10,10,lda_xc_potential,0,c,,promoted-unsubmitted,fuzzed,float64,restricted,1,1,,,,,40.91404522902522,20606083.0,542462.0,,c-autopar,,,0,native,AMD Instinct MI300A Accelerator,,1789015274682,b7/b753217868d613ca855e2e69598c839e524826272bca330493afb3fec62c93f9.txt,run_local,graded_attempt
630742,630742,/capstor/scratch/cscs/ybudanaz/x86_64/hpcagent-bench-runs/git-scicomp-20260909/630742/judge/rank-2/hpcagent_bench2.db,submission,git-scicomp-qwen38-repo.n0.p2.w2,git-scicomp-qwen38-repo,0,0,2,2,addusxx_g,0,c,,promoted-unsubmitted,fuzzed,float64,restricted,1,1,,,,,86.29297754814527,29760632.0,415352.0,,c-autopar,,,0,native,AMD Instinct MI300A Accelerator,,1789010660816,f0/f09ebef4c6a957d845588c2b6ac5a2f785782c80f096ffd141ff079545d7f355.txt,run_local,graded_attempt
630742,630742,/capstor/scratch/cscs/ybudanaz/x86_64/hpcagent-bench-runs/git-scicomp-20260909/630742/judge/rank-2/hpcagent_bench2.db,submission,git-scicomp-qwen38-repo.n0.p26.w26,git-scicomp-qwen38-repo,0,0,26,26,jacobi_2d,0,c,,promoted-unsubmitted,fuzzed,float64,restricted,1,1,,,,,9.106363450393609,15240542416.0,1661210380.0,,c-autopar,,,0,native,AMD Instinct MI300A Accelerator,,1789020618506,3e/3e1c3855aad0180040e842c01c21d0c2b6093623822fe85a515ff4a0aa70ace5.txt,run_local,graded_attempt
630742,630742,/capstor/scratch/cscs/ybudanaz/x86_64/hpcagent-bench-runs/git-scicomp-20260909/630742/judge/rank-3/hpcagent_bench3.db,call,git-scicomp-qwen38-repo.n0.p11.w11,git-scicomp-qwen38-repo,0,0,11,11,lda_xc_potential,0,c,c,Qwen/Qwen3.8-27B-FP8,fuzzed,float64,restricted,1,0,ok,1,,,1.069854180507948,,,675891,c-autopar,gcc,score,,native,AMD Instinct MI300A Accelerator,,1788989745729,,run_local,last_saved
630742,630742,/capstor/scratch/cscs/ybudanaz/x86_64/hpcagent-bench-runs/git-scicomp-20260909/630742/judge/rank-3/hpcagent_bench3.db,call,git-scicomp-qwen38-repo.n0.p11.w11,git-scicomp-qwen38-repo,0,0,11,11,lda_xc_potential,0,c,c,Qwen/Qwen3.8-27B-FP8,fuzzed,float64,restricted,2,0,ok,1,,,50.1509011092568,,,1093680,c-autopar,gcc,score,,native,AMD Instinct MI300A Accelerator,,1788990705092,,run_local,last_saved
630742,630742,/capstor/scratch/cscs/ybudanaz/x86_64/hpcagent-bench-runs/git-scicomp-20260909/630742/judge/rank-3/hpcagent_bench3.db,call,git-scicomp-qwen38-repo.n0.p11.w11,git-scicomp-qwen38-repo,0,0,11,11,lda_xc_potential,0,c,c,Qwen/Qwen3.8-27B-FP8,fuzzed,float64,restricted,3,0,ok,1,,,2.94657286563556,,,3209272,c-autopar,gcc,score,,native,AMD Instinct MI300A Accelerator,,1788994134303,,run_local,last_saved
630742,630742,/capstor/scratch/cscs/ybudanaz/x86_64/hpcagent-bench-runs/git-scicomp-20260909/630742/judge/rank-3/hpcagent_bench3.db,call,git-scicomp-qwen38-repo.n0.p11.w11,git-scicomp-qwen38-repo,0,0,11,11,lda_xc_potential,0,c,c,Qwen/Qwen3.8-27B-FP8,fuzzed,float64,restricted,4,0,ok,1,,,67.03204666368809,,,3444363,c-autopar,gcc,score,,native,AMD Instinct MI300A Accelerator,,1788994917314,,run_local,last_saved
630742,630742,/capstor/scratch/cscs/ybudanaz/x86_64/hpcagent-bench-runs/git-scicomp-20260909/630742/judge/rank-3/hpcagent_bench3.db,call,git-scicomp-qwen38-repo.n0.p11.w11,git-scicomp-qwen38-repo,0,0,11,11,lda_xc_potential,0,c,c,Qwen/Qwen3.8-27B-FP8,fuzzed,float64,restricted,5,0,ok,1,,,49.414009015414194,,,3694492,c-autopar,gcc,score,,native,AMD Instinct MI300A Accelerator,,1788996027937,,run_local,last_saved
630742,630742,/capstor/scratch/cscs/ybudanaz/x86_64/hpcagent-bench-runs/git-scicomp-20260909/630742/judge/rank-3/hpcagent_bench3.db,call,git-scicomp-qwen38-repo.n0.p11.w11,git-scicomp-qwen38-repo,0,0,11,11,lda_xc_potential,0,c,c,Qwen/Qwen3.8-27B-FP8,fuzzed,float64,restricted,6,0,ok,1,,,49.51872610596135,,,3823644,c-autopar,gcc,score,,native,AMD Instinct MI300A Accelerator,,1788996098410,,run_local,last_saved
630742,630742,/capstor/scratch/cscs/ybudanaz/x86_64/hpcagent-bench-runs/git-scicomp-20260909/630742/judge/rank-3/hpcagent_bench3.db,call,git-scicomp-qwen38-repo.n0.p11.w11,git-scicomp-qwen38-repo,0,0,11,11,lda_xc_potential,0,c,c,Qwen/Qwen3.8-27B-FP8,fuzzed,float64,restricted,7,0,ok,1,,,24.980378676310213,,,606960,c-autopar,gcc,score,,native,AMD Instinct MI300A Accelerator,,1789001097058,,run_local,last_saved
630742,630742,/capstor/scratch/cscs/ybudanaz/x86_64/hpcagent-bench-runs/git-scicomp-20260909/630742/judge/rank-3/hpcagent_bench3.db,call,git-scicomp-qwen38-repo.n0.p11.w11,git-scicomp-qwen38-repo,0,0,11,11,lda_xc_potential,0,c,c,Qwen/Qwen3.8-27B-FP8,fuzzed,float64,restricted,8,0,ok,1,,,24.872475802573963,,,1285055,c-autopar,gcc,score,,native,AMD Instinct MI300A Accelerator,,1789014679728,,run_local,last_saved
630742,630742,/capstor/scratch/cscs/ybudanaz/x86_64/hpcagent-bench-runs/git-scicomp-20260909/630742/judge/rank-3/hpcagent_bench3.db,call,git-scicomp-qwen38-repo.n0.p11.w11,git-scicomp-qwen38-repo,0,0,11,11,lda_xc_potential,0,c,c,Qwen/Qwen3.8-27B-FP8,fuzzed,float64,restricted,9,0,ok,1,,,24.857740698329163,,,1449989,c-autopar,gcc,score,,native,AMD Instinct MI300A Accelerator,,1789016234081,,run_local,last_saved
630742,630742,/capstor/scratch/cscs/ybudanaz/x86_64/hpcagent-bench-runs/git-scicomp-20260909/630742/judge/rank-3/hpcagent_bench3.db,call,git-scicomp-qwen38-repo.n0.p11.w11,git-scicomp-qwen38-repo,0,0,11,11,lda_xc_potential,0,c,c,Qwen/Qwen3.8-27B-FP8,fuzzed,float64,restricted,10,0,ok,1,,,24.396537675030363,,,1545025,c-autopar,gcc,score,,native,AMD Instinct MI300A Accelerator,,1789016297131,,run_local,last_saved
630742,630742,/capstor/scratch/cscs/ybudanaz/x86_64/hpcagent-bench-runs/git-scicomp-20260909/630742/judge/rank-3/hpcagent_bench3.db,call,git-scicomp-qwen38-repo.n0.p11.w11,git-scicomp-qwen38-repo,0,0,11,11,lda_xc_potential,0,c,c,Qwen/Qwen3.8-27B-FP8,fuzzed,float64,restricted,11,0,ok,1,,,22.51962731013382,,,1641360,c-autopar,gcc,score,,native,AMD Instinct MI300A Accelerator,,1789016356132,,run_local,last_saved
630742,630742,/capstor/scratch/cscs/ybudanaz/x86_64/hpcagent-bench-runs/git-scicomp-20260909/630742/judge/rank-3/hpcagent_bench3.db,call,git-scicomp-qwen38-repo.n0.p11.w11,git-scicomp-qwen38-repo,0,0,11,11,lda_xc_potential,0,c,c,Qwen/Qwen3.8-27B-FP8,fuzzed,float64,restricted,12,0,ok,1,,,24.34788771529758,,,1738899,c-autopar,gcc,score,,native,AMD Instinct MI300A Accelerator,,1789016425474,,run_local,last_saved
630742,630742,/capstor/scratch/cscs/ybudanaz/x86_64/hpcagent-bench-runs/git-scicomp-20260909/630742/judge/rank-3/hpcagent_bench3.db,call,git-scicomp-qwen38-repo.n0.p11.w11,git-scicomp-qwen38-repo,0,0,11,11,lda_xc_potential,0,c,c,Qwen/Qwen3.8-27B-FP8,fuzzed,float64,restricted,13,0,ok,1,,,107.68150145266843,,,3754418,c-autopar,gcc,score,,native,AMD Instinct MI300A Accelerator,,1789019120690,,run_local,last_saved
630742,630742,/capstor/scratch/cscs/ybudanaz/x86_64/hpcagent-bench-runs/git-scicomp-20260909/630742/judge/rank-3/hpcagent_bench3.db,call,git-scicomp-qwen38-repo.n0.p11.w11,git-scicomp-qwen38-repo,0,0,11,11,lda_xc_potential,0,c,c,Qwen/Qwen3.8-27B-FP8,fuzzed,float64,restricted,14,0,incorrect,0,,,116.17673750110724,,,4216503,c-autopar,gcc,score,,native,AMD Instinct MI300A Accelerator,,1789019966488,,run_local,last_saved
630742,630742,/capstor/scratch/cscs/ybudanaz/x86_64/hpcagent-bench-runs/git-scicomp-20260909/630742/judge/rank-3/hpcagent_bench3.db,call,git-scicomp-qwen38-repo.n0.p11.w11,git-scicomp-qwen38-repo,0,0,11,11,lda_xc_potential,0,c,c,Qwen/Qwen3.8-27B-FP8,fuzzed,float64,restricted,15,0,ok,1,,,113.43748151620157,,,5303400,c-autopar,gcc,score,,native,AMD Instinct MI300A Accelerator,,1789020974507,,run_local,last_saved
630742,630742,/capstor/scratch/cscs/ybudanaz/x86_64/hpcagent-bench-runs/git-scicomp-20260909/630742/judge/rank-3/hpcagent_bench3.db,call,git-scicomp-qwen38-repo.n0.p11.w11,git-scicomp-qwen38-repo,0,0,11,11,lda_xc_potential,0,c,c,Qwen/Qwen3.8-27B-FP8,fuzzed,float64,restricted,16,0,ok,1,,,110.75227451023122,,,5869793,c-autopar,gcc,score,,native,AMD Instinct MI300A Accelerator,,1789021039071,,run_local,last_saved
630742,630742,/capstor/scratch/cscs/ybudanaz/x86_64/hpcagent-bench-runs/git-scicomp-20260909/630742/judge/rank-3/hpcagent_bench3.db,call,git-scicomp-qwen38-repo.n0.p11.w11,git-scicomp-qwen38-repo,0,0,11,11,lda_xc_potential,0,c,c,Qwen/Qwen3.8-27B-FP8,fuzzed,float64,restricted,17,0,ok,1,,,54.11801920156317,,,6440782,c-autopar,gcc,score,,native,AMD Instinct MI300A Accelerator,,1789021098579,,run_local,last_saved
630742,630742,/capstor/scratch/cscs/ybudanaz/x86_64/hpcagent-bench-runs/git-scicomp-20260909/630742/judge/rank-3/hpcagent_bench3.db,call,git-scicomp-qwen38-repo.n0.p11.w11,git-scicomp-qwen38-repo,0,0,11,11,lda_xc_potential,0,c,c,Qwen/Qwen3.8-27B-FP8,fuzzed,float64,restricted,18,0,incorrect,0,,,232.82515131906706,,,6632205,c-autopar,gcc,score,,native,AMD Instinct MI300A Accelerator,,1789021268779,,run_local,last_saved
630742,630742,/capstor/scratch/cscs/ybudanaz/x86_64/hpcagent-bench-runs/git-scicomp-20260909/630742/judge/rank-3/hpcagent_bench3.db,call,git-scicomp-qwen38-repo.n0.p11.w11,git-scicomp-qwen38-repo,0,0,11,11,lda_xc_potential,0,c,c,Qwen/Qwen3.8-27B-FP8,fuzzed,float64,restricted,19,0,incorrect,0,,,19737.13058252427,,,7424698,c-autopar,gcc,score,,native,AMD Instinct MI300A Accelerator,,1789021476828,,run_local,last_saved
630742,630742,/capstor/scratch/cscs/ybudanaz/x86_64/hpcagent-bench-runs/git-scicomp-20260909/630742/judge/rank-3/hpcagent_bench3.db,call,git-scicomp-qwen38-repo.n0.p11.w11,git-scicomp-qwen38-repo,0,0,11,11,lda_xc_potential,0,c,c,Qwen/Qwen3.8-27B-FP8,fuzzed,float64,restricted,20,0,incorrect,0,,,14.442779283325926,,,7832186,c-autopar,gcc,score,,native,AMD Instinct MI300A Accelerator,,1789021588542,,run_local,last_saved
630742,630742,/capstor/scratch/cscs/ybudanaz/x86_64/hpcagent-bench-runs/git-scicomp-20260909/630742/judge/rank-3/hpcagent_bench3.db,call,git-scicomp-qwen38-repo.n0.p11.w11,git-scicomp-qwen38-repo,0,0,11,11,lda_xc_potential,0,c,c,Qwen/Qwen3.8-27B-FP8,fuzzed,float64,restricted,21,0,incorrect,0,,,165.79669372958557,,,8038951,c-autopar,gcc,score,,native,AMD Instinct MI300A Accelerator,,1789021614283,,run_local,last_saved
630742,630742,/capstor/scratch/cscs/ybudanaz/x86_64/hpcagent-bench-runs/git-scicomp-20260909/630742/judge/rank-3/hpcagent_bench3.db,call,git-scicomp-qwen38-repo.n0.p11.w11,git-scicomp-qwen38-repo,0,0,11,11,lda_xc_potential,0,c,c,Qwen/Qwen3.8-27B-FP8,fuzzed,float64,restricted,22,0,build_error,0,,,0.0,,,8247000,c-autopar,gcc,score,,native,AMD Instinct MI300A Accelerator,,1789021659603,,run_local,last_saved
630742,630742,/capstor/scratch/cscs/ybudanaz/x86_64/hpcagent-bench-runs/git-scicomp-20260909/630742/judge/rank-3/hpcagent_bench3.db,call,git-scicomp-qwen38-repo.n0.p11.w11,git-scicomp-qwen38-repo,0,0,11,11,lda_xc_potential,0,c,c,Qwen/Qwen3.8-27B-FP8,fuzzed,float64,restricted,23,0,incorrect,0,,,162.72443078351563,,,8879233,c-autopar,gcc,score,,native,AMD Instinct MI300A Accelerator,,1789021714808,,run_local,last_saved
630742,630742,/capstor/scratch/cscs/ybudanaz/x86_64/hpcagent-bench-runs/git-scicomp-20260909/630742/judge/rank-3/hpcagent_bench3.db,call,git-scicomp-qwen38-repo.n0.p11.w11,git-scicomp-qwen38-repo,0,0,11,11,lda_xc_potential,0,c,c,Qwen/Qwen3.8-27B-FP8,fuzzed,float64,restricted,24,0,ok,1,,,99.18833554519018,,,10891111,c-autopar,gcc,score,,native,AMD Instinct MI300A Accelerator,,1789022135844,,run_local,last_saved
630742,630742,/capstor/scratch/cscs/ybudanaz/x86_64/hpcagent-bench-runs/git-scicomp-20260909/630742/judge/rank-3/hpcagent_bench3.db,call,git-scicomp-qwen38-repo.n0.p11.w11,git-scicomp-qwen38-repo,0,0,11,11,lda_xc_potential,0,c,c,promoted-unsubmitted,fuzzed,float64,restricted,25,0,ok,1,,,47.02963995000226,,,0,c-autopar,gcc,submit,,native,AMD Instinct MI300A Accelerator,,1789022549386,,run_local,last_saved
630742,630742,/capstor/scratch/cscs/ybudanaz/x86_64/hpcagent-bench-runs/git-scicomp-20260909/630742/judge/rank-3/hpcagent_bench3.db,call,git-scicomp-qwen38-repo.n0.p27.w27,git-scicomp-qwen38-repo,0,0,27,27,edge_laplacian,0,c,c,Qwen/Qwen3.8-27B-FP8,fuzzed,float64,restricted,1,0,too_slow,0,,,0.0,,,248967,c-autopar,gcc,score,,native,AMD Instinct MI300A Accelerator,,1788990444032,,run_local,last_saved
630742,630742,/capstor/scratch/cscs/ybudanaz/x86_64/hpcagent-bench-runs/git-scicomp-20260909/630742/judge/rank-3/hpcagent_bench3.db,call,git-scicomp-qwen38-repo.n0.p27.w27,git-scicomp-qwen38-repo,0,0,27,27,edge_laplacian,0,c,c,Qwen/Qwen3.8-27B-FP8,fuzzed,float64,restricted,2,0,ok,1,,,3.556393627757416,,,658653,c-autopar,gcc,score,,native,AMD Instinct MI300A Accelerator,,1788991449277,,run_local,last_saved
630742,630742,/capstor/scratch/cscs/ybudanaz/x86_64/hpcagent-bench-runs/git-scicomp-20260909/630742/judge/rank-3/hpcagent_bench3.db,call,git-scicomp-qwen38-repo.n0.p27.w27,git-scicomp-qwen38-repo,0,0,27,27,edge_laplacian,0,c,c,Qwen/Qwen3.8-27B-FP8,fuzzed,float64,restricted,3,0,score_error,0,,,0.0,,,589720,,gcc,score,,native,AMD Instinct MI300A Accelerator,,1788998841296,,run_local,last_saved
630742,630742,/capstor/scratch/cscs/ybudanaz/x86_64/hpcagent-bench-runs/git-scicomp-20260909/630742/judge/rank-3/hpcagent_bench3.db,call,git-scicomp-qwen38-repo.n0.p27.w27,git-scicomp-qwen38-repo,0,0,27,27,edge_laplacian,0,c,c,Qwen/Qwen3.8-27B-FP8,fuzzed,float64,restricted,4,0,ok,1,,,11.554786500518698,,,695499,c-autopar,gcc,score,,native,AMD Instinct MI300A Accelerator,,1788998894441,,run_local,last_saved
630742,630742,/capstor/scratch/cscs/ybudanaz/x86_64/hpcagent-bench-runs/git-scicomp-20260909/630742/judge/rank-3/hpcagent_bench3.db,call,git-scicomp-qwen38-repo.n0.p27.w27,git-scicomp-qwen38-repo,0,0,27,27,edge_laplacian,0,c,c,Qwen/Qwen3.8-27B-FP8,fuzzed,float64,restricted,5,0,ok,1,,,11.742256080472162,,,3563716,c-autopar,gcc,score,,native,AMD Instinct MI300A Accelerator,,1789005645816,,run_local,last_saved
630742,630742,/capstor/scratch/cscs/ybudanaz/x86_64/hpcagent-bench-runs/git-scicomp-20260909/630742/judge/rank-3/hpcagent_bench3.db,call,git-scicomp-qwen38-repo.n0.p27.w27,git-scicomp-qwen38-repo,0,0,27,27,edge_laplacian,0,c,c,Qwen/Qwen3.8-27B-FP8,fuzzed,float64,restricted,6,0,ok,1,,,0.5740388052551935,,,6665139,c-autopar,gcc,score,,native,AMD Instinct MI300A Accelerator,,1789008213652,,run_local,last_saved
630742,630742,/capstor/scratch/cscs/ybudanaz/x86_64/hpcagent-bench-runs/git-scicomp-20260909/630742/judge/rank-3/hpcagent_bench3.db,call,git-scicomp-qwen38-repo.n0.p27.w27,git-scicomp-qwen38-repo,0,0,27,27,edge_laplacian,0,c,c,Qwen/Qwen3.8-27B-FP8,fuzzed,float64,restricted,7,0,ok,1,,,9.538329774222516,,,7552819,c-autopar,gcc,score,,native,AMD Instinct MI300A Accelerator,,1789008911250,,run_local,last_saved
630742,630742,/capstor/scratch/cscs/ybudanaz/x86_64/hpcagent-bench-runs/git-scicomp-20260909/630742/judge/rank-3/hpcagent_bench3.db,call,git-scicomp-qwen38-repo.n0.p27.w27,git-scicomp-qwen38-repo,0,0,27,27,edge_laplacian,0,c,c,Qwen/Qwen3.8-27B-FP8,fuzzed,float64,restricted,8,0,ok,1,,,11.720621395935659,,,7919223,c-autopar,gcc,score,,native,AMD Instinct MI300A Accelerator,,1789009336459,,run_local,last_saved
630742,630742,/capstor/scratch/cscs/ybudanaz/x86_64/hpcagent-bench-runs/git-scicomp-20260909/630742/judge/rank-3/hpcagent_bench3.db,call,git-scicomp-qwen38-repo.n0.p27.w27,git-scicomp-qwen38-repo,0,0,27,27,edge_laplacian,0,c,c,Qwen/Qwen3.8-27B-FP8,fuzzed,float64,restricted,9,0,ok,1,,,11.74741972642404,,,9272567,c-autopar,gcc,score,,native,AMD Instinct MI300A Accelerator,,1789011699961,,run_local,last_saved
630742,630742,/capstor/scratch/cscs/ybudanaz/x86_64/hpcagent-bench-runs/git-scicomp-20260909/630742/judge/rank-3/hpcagent_bench3.db,call,git-scicomp-qwen38-repo.n0.p27.w27,git-scicomp-qwen38-repo,0,0,27,27,edge_laplacian,0,c,c,promoted-unsubmitted,fuzzed,float64,restricted,10,0,ok,1,,,11.448183361474655,,,0,c-autopar,gcc,submit,,native,AMD Instinct MI300A Accelerator,,1789014219296,,run_local,last_saved
630742,630742,/capstor/scratch/cscs/ybudanaz/x86_64/hpcagent-bench-runs/git-scicomp-20260909/630742/judge/rank-3/hpcagent_bench3.db,call,git-scicomp-qwen38-repo.n0.p3.w3,git-scicomp-qwen38-repo,0,0,3,3,dfa,0,c,c,Qwen/Qwen3.8-27B-FP8,fuzzed,float64,restricted,1,0,ok,1,,,0.9963656902207747,,,155844,c-autopar,gcc,score,,native,AMD Instinct MI300A Accelerator,,1788989231278,,run_local,last_saved
630742,630742,/capstor/scratch/cscs/ybudanaz/x86_64/hpcagent-bench-runs/git-scicomp-20260909/630742/judge/rank-3/hpcagent_bench3.db,call,git-scicomp-qwen38-repo.n0.p3.w3,git-scicomp-qwen38-repo,0,0,3,3,dfa,0,c,c,Qwen/Qwen3.8-27B-FP8,fuzzed,float64,restricted,2,0,ok,1,,,2.4189438502505882,,,2965953,c-autopar,gcc,score,,native,AMD Instinct MI300A Accelerator,,1788997575426,,run_local,last_saved
630742,630742,/capstor/scratch/cscs/ybudanaz/x86_64/hpcagent-bench-runs/git-scicomp-20260909/630742/judge/rank-3/hpcagent_bench3.db,call,git-scicomp-qwen38-repo.n0.p3.w3,git-scicomp-qwen38-repo,0,0,3,3,dfa,0,c,c,Qwen/Qwen3.8-27B-FP8,fuzzed,float64,restricted,3,0,ok,1,,,0.9812815620261321,,,178651,c-autopar,gcc,score,,native,AMD Instinct MI300A Accelerator,,1789000703350,,run_local,last_saved
630742,630742,/capstor/scratch/cscs/ybudanaz/x86_64/hpcagent-bench-runs/git-scicomp-20260909/630742/judge/rank-3/hpcagent_bench3.db,call,git-scicomp-qwen38-repo.n0.p3.w3,git-scicomp-qwen38-repo,0,0,3,3,dfa,0,c,c,promoted-unsubmitted,fuzzed,float64,restricted,4,0,ok,1,,,1.0,,,0,c-autopar,gcc,submit,,native,AMD Instinct MI300A Accelerator,,1789011687122,,run_local,last_saved
630742,630742,/capstor/scratch/cscs/ybudanaz/x86_64/hpcagent-bench-runs/git-scicomp-20260909/630742/judge/rank-3/hpcagent_bench3.db,submission,git-scicomp-qwen38-repo.n0.p11.w11,git-scicomp-qwen38-repo,0,0,11,11,lda_xc_potential,0,c,,promoted-unsubmitted,fuzzed,float64,restricted,1,1,,,,,47.02963995000226,31971983.0,486672.0,,c-autopar,,,0,native,AMD Instinct MI300A Accelerator,,1789022549232,d3/d3575c833eef75a4847e0f7e6718e3836875429fd817afede69f519412245517.txt,run_local,graded_attempt
630742,630742,/capstor/scratch/cscs/ybudanaz/x86_64/hpcagent-bench-runs/git-scicomp-20260909/630742/judge/rank-3/hpcagent_bench3.db,submission,git-scicomp-qwen38-repo.n0.p27.w27,git-scicomp-qwen38-repo,0,0,27,27,edge_laplacian,0,c,,promoted-unsubmitted,fuzzed,float64,restricted,1,1,,,,,11.448183361474655,2436970025.0,215137854.0,,c-autopar,,,0,native,AMD Instinct MI300A Accelerator,,1789014219086,fe/fe5baaa0bf8a776f8a54b2bb8fbcd7e1d89e74c2d9d013d54c98d4aefbe9e5c5.txt,run_local,graded_attempt
630742,630742,/capstor/scratch/cscs/ybudanaz/x86_64/hpcagent-bench-runs/git-scicomp-20260909/630742/judge/rank-3/hpcagent_bench3.db,submission,git-scicomp-qwen38-repo.n0.p3.w3,git-scicomp-qwen38-repo,0,0,3,3,dfa,0,c,,promoted-unsubmitted,fuzzed,float64,restricted,1,1,,,,,1.0,2325689965.0,2332720111.0,,c-autopar,,,0,native,AMD Instinct MI300A Accelerator,,1789011686731,fe/fe2336f3c7270e2e623626138aeb7b423c946e7363eb903e9b7c8779f9be13dd.txt,run_local,graded_attempt
630742,630742,/capstor/scratch/cscs/ybudanaz/x86_64/hpcagent-bench-runs/git-scicomp-20260909/630742/judge/rank-4/hpcagent_bench4.db,call,adhoc,adhoc,0,,,,warpx_boris_push,0,c,c,,fuzzed,float64,restricted,1,0,score_error,0,,,0.0,,,0,,gcc,score,,native,AMD Instinct MI300A Accelerator,,1788988612798,,run_local,missing
630742,630742,/capstor/scratch/cscs/ybudanaz/x86_64/hpcagent-bench-runs/git-scicomp-20260909/630742/judge/rank-4/hpcagent_bench4.db,call,adhoc,adhoc,0,,,,warpx_boris_push,0,c,c,,fuzzed,float64,restricted,2,0,score_error,0,,,0.0,,,0,,gcc,verify,,native,AMD Instinct MI300A Accelerator,,1788988613016,,run_local,missing
630742,630742,/capstor/scratch/cscs/ybudanaz/x86_64/hpcagent-bench-runs/git-scicomp-20260909/630742/judge/rank-4/hpcagent_bench4.db,call,adhoc,adhoc,0,,,,warpx_boris_push,0,c,c,,fuzzed,float64,restricted,3,0,score_error,0,,,0.0,,,0,,gcc,verify,,native,AMD Instinct MI300A Accelerator,,1789004294968,,run_local,missing
630742,630742,/capstor/scratch/cscs/ybudanaz/x86_64/hpcagent-bench-runs/git-scicomp-20260909/630742/judge/rank-4/hpcagent_bench4.db,call,adhoc,adhoc,0,,,,warpx_boris_push,0,c,c,,fuzzed,float64,restricted,4,0,score_error,0,,,0.0,,,0,,gcc,score,,native,AMD Instinct MI300A Accelerator,,1789004295409,,run_local,missing
630742,630742,/capstor/scratch/cscs/ybudanaz/x86_64/hpcagent-bench-runs/git-scicomp-20260909/630742/judge/rank-4/hpcagent_bench4.db,call,adhoc,adhoc,0,,,,warpx_boris_push,0,c,c,,fuzzed,float64,restricted,5,0,incorrect,0,,,348.5329431438127,,,0,c-autopar,gcc,score,,native,AMD Instinct MI300A Accelerator,,1789010373750,,run_local,missing
630742,630742,/capstor/scratch/cscs/ybudanaz/x86_64/hpcagent-bench-runs/git-scicomp-20260909/630742/judge/rank-4/hpcagent_bench4.db,call,adhoc,adhoc,0,,,,warpx_boris_push,0,c,c,,fuzzed,float64,restricted,6,0,incorrect,0,,,337.8001620745543,,,0,c-autopar,gcc,score,,native,AMD Instinct MI300A Accelerator,,1789011566833,,run_local,missing
630742,630742,/capstor/scratch/cscs/ybudanaz/x86_64/hpcagent-bench-runs/git-scicomp-20260909/630742/judge/rank-4/hpcagent_bench4.db,call,adhoc,adhoc,0,,,,warpx_boris_push,0,c,c,,fuzzed,float64,restricted,7,0,incorrect,0,,,9.433879509346852,,,0,c-autopar,gcc,score,,native,AMD Instinct MI300A Accelerator,,1789013870734,,run_local,missing
630742,630742,/capstor/scratch/cscs/ybudanaz/x86_64/hpcagent-bench-runs/git-scicomp-20260909/630742/judge/rank-4/hpcagent_bench4.db,call,adhoc,adhoc,0,,,,warpx_boris_push,0,c,c,,fuzzed,float64,restricted,8,0,incorrect,0,,,9.30163653484833,,,0,c-autopar,gcc,score,,native,AMD Instinct MI300A Accelerator,,1789014334867,,run_local,missing
630742,630742,/capstor/scratch/cscs/ybudanaz/x86_64/hpcagent-bench-runs/git-scicomp-20260909/630742/judge/rank-4/hpcagent_bench4.db,call,adhoc,adhoc,0,,,,warpx_boris_push,0,c,c,,fuzzed,float64,restricted,9,0,incorrect,0,,,9.361842518977676,,,0,c-autopar,gcc,score,,native,AMD Instinct MI300A Accelerator,,1789014387074,,run_local,missing
630742,630742,/capstor/scratch/cscs/ybudanaz/x86_64/hpcagent-bench-runs/git-scicomp-20260909/630742/judge/rank-4/hpcagent_bench4.db,call,adhoc,adhoc,0,,,,warpx_boris_push,0,c,c,,fuzzed,float64,restricted,10,0,ok,1,,,9.87785308056872,,,0,c-autopar,gcc,score,,native,AMD Instinct MI300A Accelerator,,1789015116480,,run_local,missing
630742,630742,/capstor/scratch/cscs/ybudanaz/x86_64/hpcagent-bench-runs/git-scicomp-20260909/630742/judge/rank-4/hpcagent_bench4.db,call,git-scicomp-qwen38-repo.n0.p12.w12,git-scicomp-qwen38-repo,0,0,12,12,warpx_boris_push,0,c,c,Qwen/Qwen3.8-27B-FP8,fuzzed,float64,restricted,1,0,incorrect,0,,,7.364213256260136,,,360210,c-autopar,gcc,score,,native,AMD Instinct MI300A Accelerator,,1788989414165,,run_local,missing
630742,630742,/capstor/scratch/cscs/ybudanaz/x86_64/hpcagent-bench-runs/git-scicomp-20260909/630742/judge/rank-4/hpcagent_bench4.db,call,git-scicomp-qwen38-repo.n0.p12.w12,git-scicomp-qwen38-repo,0,0,12,12,warpx_boris_push,0,c,c,Qwen/Qwen3.8-27B-FP8,fuzzed,float64,restricted,2,0,ok,1,,,14.820642821588565,,,7891932,c-autopar,gcc,score,,native,AMD Instinct MI300A Accelerator,,1788999793610,,run_local,missing
630742,630742,/capstor/scratch/cscs/ybudanaz/x86_64/hpcagent-bench-runs/git-scicomp-20260909/630742/judge/rank-4/hpcagent_bench4.db,call,git-scicomp-qwen38-repo.n0.p12.w12,git-scicomp-qwen38-repo,0,0,12,12,warpx_boris_push,0,c,c,Qwen/Qwen3.8-27B-FP8,fuzzed,float64,restricted,3,0,ok,1,,,13.800908482926216,,,9439149,c-autopar,gcc,score,,native,AMD Instinct MI300A Accelerator,,1789001022492,,run_local,missing
630742,630742,/capstor/scratch/cscs/ybudanaz/x86_64/hpcagent-bench-runs/git-scicomp-20260909/630742/judge/rank-4/hpcagent_bench4.db,call,git-scicomp-qwen38-repo.n0.p12.w12,git-scicomp-qwen38-repo,0,0,12,12,warpx_boris_push,0,c,c,Qwen/Qwen3.8-27B-FP8,fuzzed,float64,restricted,4,0,ok,1,,,13.550659905077694,,,9836056,c-autopar,gcc,score,,native,AMD Instinct MI300A Accelerator,,1789001051127,,run_local,missing
630742,630742,/capstor/scratch/cscs/ybudanaz/x86_64/hpcagent-bench-runs/git-scicomp-20260909/630742/judge/rank-4/hpcagent_bench4.db,call,git-scicomp-qwen38-repo.n0.p12.w12,git-scicomp-qwen38-repo,0,0,12,12,warpx_boris_push,0,c,c,Qwen/Qwen3.8-27B-FP8,fuzzed,float64,restricted,5,0,ok,1,,,14.79014334374113,,,10846537,c-autopar,gcc,score,,native,AMD Instinct MI300A Accelerator,,1789001550366,,run_local,missing
630742,630742,/capstor/scratch/cscs/ybudanaz/x86_64/hpcagent-bench-runs/git-scicomp-20260909/630742/judge/rank-4/hpcagent_bench4.db,call,git-scicomp-qwen38-repo.n0.p12.w12,git-scicomp-qwen38-repo,0,0,12,12,warpx_boris_push,0,c,c,Qwen/Qwen3.8-27B-FP8,fuzzed,float64,restricted,6,0,ok,1,,,15.204346335378354,,,11675664,c-autopar,gcc,score,,native,AMD Instinct MI300A Accelerator,,1789001761325,,run_local,missing
630742,630742,/capstor/scratch/cscs/ybudanaz/x86_64/hpcagent-bench-runs/git-scicomp-20260909/630742/judge/rank-4/hpcagent_bench4.db,call,git-scicomp-qwen38-repo.n0.p12.w12,git-scicomp-qwen38-repo,0,0,12,12,warpx_boris_push,0,c,c,Qwen/Qwen3.8-27B-FP8,fuzzed,float64,restricted,7,0,ok,1,,,10.710313463514902,,,12303148,c-autopar,gcc,score,,native,AMD Instinct MI300A Accelerator,,1789001847944,,run_local,missing
630742,630742,/capstor/scratch/cscs/ybudanaz/x86_64/hpcagent-bench-runs/git-scicomp-20260909/630742/judge/rank-4/hpcagent_bench4.db,call,git-scicomp-qwen38-repo.n0.p12.w12,git-scicomp-qwen38-repo,0,0,12,12,warpx_boris_push,0,c,c,Qwen/Qwen3.8-27B-FP8,fuzzed,float64,restricted,8,0,ok,1,,,15.529595410178079,,,12723745,c-autopar,gcc,score,,native,AMD Instinct MI300A Accelerator,,1789001895075,,run_local,missing
630742,630742,/capstor/scratch/cscs/ybudanaz/x86_64/hpcagent-bench-runs/git-scicomp-20260909/630742/judge/rank-4/hpcagent_bench4.db,call,git-scicomp-qwen38-repo.n0.p12.w12,git-scicomp-qwen38-repo,0,0,12,12,warpx_boris_push,0,c,c,Qwen/Qwen3.8-27B-FP8,fuzzed,float64,restricted,9,0,ok,1,,,10.0876865220148,,,13146249,c-autopar,gcc,score,,native,AMD Instinct MI300A Accelerator,,1789002013203,,run_local,missing
630742,630742,/capstor/scratch/cscs/ybudanaz/x86_64/hpcagent-bench-runs/git-scicomp-20260909/630742/judge/rank-4/hpcagent_bench4.db,call,git-scicomp-qwen38-repo.n0.p12.w12,git-scicomp-qwen38-repo,0,0,12,12,warpx_boris_push,0,c,c,Qwen/Qwen3.8-27B-FP8,fuzzed,float64,restricted,10,0,ok,1,,,13.541767644937659,,,13788679,c-autopar,gcc,score,,native,AMD Instinct MI300A Accelerator,,1789002323034,,run_local,missing
630742,630742,/capstor/scratch/cscs/ybudanaz/x86_64/hpcagent-bench-runs/git-scicomp-20260909/630742/judge/rank-4/hpcagent_bench4.db,call,git-scicomp-qwen38-repo.n0.p12.w12,git-scicomp-qwen38-repo,0,0,12,12,warpx_boris_push,0,c,c,Qwen/Qwen3.8-27B-FP8,fuzzed,float64,restricted,11,0,ok,1,,,15.537699418517967,,,14440922,c-autopar,gcc,score,,native,AMD Instinct MI300A Accelerator,,1789002523480,,run_local,missing
630742,630742,/capstor/scratch/cscs/ybudanaz/x86_64/hpcagent-bench-runs/git-scicomp-20260909/630742/judge/rank-4/hpcagent_bench4.db,call,git-scicomp-qwen38-repo.n0.p12.w12,git-scicomp-qwen38-repo,0,0,12,12,warpx_boris_push,0,c,c,Qwen/Qwen3.8-27B-FP8,fuzzed,float64,restricted,12,0,incorrect,0,,,11.259944570801887,,,406780,c-autopar,gcc,score,,native,AMD Instinct MI300A Accelerator,,1789005515086,,run_local,missing
630742,630742,/capstor/scratch/cscs/ybudanaz/x86_64/hpcagent-bench-runs/git-scicomp-20260909/630742/judge/rank-4/hpcagent_bench4.db,call,git-scicomp-qwen38-repo.n0.p12.w12,git-scicomp-qwen38-repo,0,0,12,12,warpx_boris_push,0,c,c,Qwen/Qwen3.8-27B-FP8,fuzzed,float64,restricted,13,0,ok,1,,,11.238148387792515,,,867462,c-autopar,gcc,score,,native,AMD Instinct MI300A Accelerator,,1789006879860,,run_local,missing
630742,630742,/capstor/scratch/cscs/ybudanaz/x86_64/hpcagent-bench-runs/git-scicomp-20260909/630742/judge/rank-4/hpcagent_bench4.db,call,git-scicomp-qwen38-repo.n0.p12.w12,git-scicomp-qwen38-repo,0,0,12,12,warpx_boris_push,0,c,c,promoted-unsubmitted,fuzzed,float64,restricted,14,0,ok,1,,,9.86088672614518,,,0,c-autopar,gcc,submit,,native,AMD Instinct MI300A Accelerator,,1789015609233,,run_local,missing
630742,630742,/capstor/scratch/cscs/ybudanaz/x86_64/hpcagent-bench-runs/git-scicomp-20260909/630742/judge/rank-4/hpcagent_bench4.db,call,git-scicomp-qwen38-repo.n0.p28.w28,git-scicomp-qwen38-repo,0,0,28,28,edge_laplacian,0,c,c,Qwen/Qwen3.8-27B-FP8,fuzzed,float64,restricted,1,0,ok,1,,,11.615820895413266,,,360809,c-autopar,gcc,score,,native,AMD Instinct MI300A Accelerator,,1788989224267,,run_local,last_saved
630742,630742,/capstor/scratch/cscs/ybudanaz/x86_64/hpcagent-bench-runs/git-scicomp-20260909/630742/judge/rank-4/hpcagent_bench4.db,call,git-scicomp-qwen38-repo.n0.p28.w28,git-scicomp-qwen38-repo,0,0,28,28,edge_laplacian,0,c,c,Qwen/Qwen3.8-27B-FP8,fuzzed,float64,restricted,2,0,ok,1,,,6.4832340987635115,,,576298,c-autopar,gcc,score,,native,AMD Instinct MI300A Accelerator,,1788990013226,,run_local,last_saved
630742,630742,/capstor/scratch/cscs/ybudanaz/x86_64/hpcagent-bench-runs/git-scicomp-20260909/630742/judge/rank-4/hpcagent_bench4.db,call,git-scicomp-qwen38-repo.n0.p28.w28,git-scicomp-qwen38-repo,0,0,28,28,edge_laplacian,0,c,c,Qwen/Qwen3.8-27B-FP8,fuzzed,float64,restricted,3,0,ok,1,,,11.301395892352817,,,864712,c-autopar,gcc,score,,native,AMD Instinct MI300A Accelerator,,1788990419874,,run_local,last_saved
630742,630742,/capstor/scratch/cscs/ybudanaz/x86_64/hpcagent-bench-runs/git-scicomp-20260909/630742/judge/rank-4/hpcagent_bench4.db,call,git-scicomp-qwen38-repo.n0.p28.w28,git-scicomp-qwen38-repo,0,0,28,28,edge_laplacian,0,c,c,Qwen/Qwen3.8-27B-FP8,fuzzed,float64,restricted,4,0,ok,1,,,3.3925858951140513,,,2529586,c-autopar,gcc,score,,native,AMD Instinct MI300A Accelerator,,1788993202996,,run_local,last_saved
630742,630742,/capstor/scratch/cscs/ybudanaz/x86_64/hpcagent-bench-runs/git-scicomp-20260909/630742/judge/rank-4/hpcagent_bench4.db,call,git-scicomp-qwen38-repo.n0.p28.w28,git-scicomp-qwen38-repo,0,0,28,28,edge_laplacian,0,c,c,Qwen/Qwen3.8-27B-FP8,fuzzed,float64,restricted,5,0,ok,1,,,10.510965958687127,,,3535024,c-autopar,gcc,score,,native,AMD Instinct MI300A Accelerator,,1788997110681,,run_local,last_saved
630742,630742,/capstor/scratch/cscs/ybudanaz/x86_64/hpcagent-bench-runs/git-scicomp-20260909/630742/judge/rank-4/hpcagent_bench4.db,call,git-scicomp-qwen38-repo.n0.p28.w28,git-scicomp-qwen38-repo,0,0,28,28,edge_laplacian,0,c,c,Qwen/Qwen3.8-27B-FP8,fuzzed,float64,restricted,6,0,ok,1,,,10.489184941765448,,,4181284,c-autopar,gcc,score,,native,AMD Instinct MI300A Accelerator,,1788999152585,,run_local,last_saved
630742,630742,/capstor/scratch/cscs/ybudanaz/x86_64/hpcagent-bench-runs/git-scicomp-20260909/630742/judge/rank-4/hpcagent_bench4.db,call,git-scicomp-qwen38-repo.n0.p28.w28,git-scicomp-qwen38-repo,0,0,28,28,edge_laplacian,0,c,c,promoted-unsubmitted,fuzzed,float64,restricted,7,0,ok,1,,,10.572205262223004,,,0,c-autopar,gcc,submit,,native,AMD Instinct MI300A Accelerator,,1789001021949,,run_local,last_saved
630742,630742,/capstor/scratch/cscs/ybudanaz/x86_64/hpcagent-bench-runs/git-scicomp-20260909/630742/judge/rank-4/hpcagent_bench4.db,call,git-scicomp-qwen38-repo.n0.p4.w4,git-scicomp-qwen38-repo,0,0,4,4,dfa,0,c,c,Qwen/Qwen3.8-27B-FP8,fuzzed,float64,restricted,1,0,ok,1,,,0.9963162003598517,,,265815,c-autopar,gcc,score,,native,AMD Instinct MI300A Accelerator,,1788988780244,,run_local,last_saved
630742,630742,/capstor/scratch/cscs/ybudanaz/x86_64/hpcagent-bench-runs/git-scicomp-20260909/630742/judge/rank-4/hpcagent_bench4.db,call,git-scicomp-qwen38-repo.n0.p4.w4,git-scicomp-qwen38-repo,0,0,4,4,dfa,0,c,c,Qwen/Qwen3.8-27B-FP8,fuzzed,float64,restricted,2,0,ok,1,,,1.001555576858994,,,186480,c-autopar,gcc,score,,native,AMD Instinct MI300A Accelerator,,1789007171946,,run_local,last_saved
630742,630742,/capstor/scratch/cscs/ybudanaz/x86_64/hpcagent-bench-runs/git-scicomp-20260909/630742/judge/rank-4/hpcagent_bench4.db,call,git-scicomp-qwen38-repo.n0.p4.w4,git-scicomp-qwen38-repo,0,0,4,4,dfa,0,c,c,Qwen/Qwen3.8-27B-FP8,fuzzed,float64,restricted,3,0,ok,1,,,1.1637000036071128,,,595835,c-autopar,gcc,score,,native,AMD Instinct MI300A Accelerator,,1789010404078,,run_local,last_saved
630742,630742,/capstor/scratch/cscs/ybudanaz/x86_64/hpcagent-bench-runs/git-scicomp-20260909/630742/judge/rank-4/hpcagent_bench4.db,call,git-scicomp-qwen38-repo.n0.p4.w4,git-scicomp-qwen38-repo,0,0,4,4,dfa,0,c,c,Qwen/Qwen3.8-27B-FP8,fuzzed,float64,restricted,4,0,score_error,0,,,0.0,,,110002,,gcc,score,,native,AMD Instinct MI300A Accelerator,,1789012447939,,run_local,last_saved
630742,630742,/capstor/scratch/cscs/ybudanaz/x86_64/hpcagent-bench-runs/git-scicomp-20260909/630742/judge/rank-4/hpcagent_bench4.db,call,git-scicomp-qwen38-repo.n0.p4.w4,git-scicomp-qwen38-repo,0,0,4,4,dfa,0,c,c,Qwen/Qwen3.8-27B-FP8,fuzzed,float64,restricted,5,0,ok,1,,,1.162678323254582,,,133530,c-autopar,gcc,score,,native,AMD Instinct MI300A Accelerator,,1789012492182,,run_local,last_saved
630742,630742,/capstor/scratch/cscs/ybudanaz/x86_64/hpcagent-bench-runs/git-scicomp-20260909/630742/judge/rank-4/hpcagent_bench4.db,call,git-scicomp-qwen38-repo.n0.p4.w4,git-scicomp-qwen38-repo,0,0,4,4,dfa,0,c,c,Qwen/Qwen3.8-27B-FP8,fuzzed,float64,restricted,6,0,ok,1,,,2.220327271772266,,,414645,c-autopar,gcc,score,,native,AMD Instinct MI300A Accelerator,,1789014352809,,run_local,last_saved
630742,630742,/capstor/scratch/cscs/ybudanaz/x86_64/hpcagent-bench-runs/git-scicomp-20260909/630742/judge/rank-4/hpcagent_bench4.db,call,git-scicomp-qwen38-repo.n0.p4.w4,git-scicomp-qwen38-repo,0,0,4,4,dfa,0,c,c,Qwen/Qwen3.8-27B-FP8,fuzzed,float64,restricted,7,0,ok,1,,,3.5472529497295433,,,915805,c-autopar,gcc,score,,native,AMD Instinct MI300A Accelerator,,1789016501700,,run_local,last_saved
630742,630742,/capstor/scratch/cscs/ybudanaz/x86_64/hpcagent-bench-runs/git-scicomp-20260909/630742/judge/rank-4/hpcagent_bench4.db,call,git-scicomp-qwen38-repo.n0.p4.w4,git-scicomp-qwen38-repo,0,0,4,4,dfa,0,c,c,Qwen/Qwen3.8-27B-FP8,fuzzed,float64,restricted,8,0,ok,1,,,3.9221536260414256,,,3874818,c-autopar,gcc,score,,native,AMD Instinct MI300A Accelerator,,1789019432542,,run_local,last_saved
630742,630742,/capstor/scratch/cscs/ybudanaz/x86_64/hpcagent-bench-runs/git-scicomp-20260909/630742/judge/rank-4/hpcagent_bench4.db,call,git-scicomp-qwen38-repo.n0.p4.w4,git-scicomp-qwen38-repo,0,0,4,4,dfa,0,c,c,Qwen/Qwen3.8-27B-FP8,fuzzed,float64,restricted,9,0,ok,1,,,3.9443947670042654,,,4518999,c-autopar,gcc,score,,native,AMD Instinct MI300A Accelerator,,1789020470719,,run_local,last_saved
630742,630742,/capstor/scratch/cscs/ybudanaz/x86_64/hpcagent-bench-runs/git-scicomp-20260909/630742/judge/rank-4/hpcagent_bench4.db,call,git-scicomp-qwen38-repo.n0.p4.w4,git-scicomp-qwen38-repo,0,0,4,4,dfa,0,c,c,Qwen/Qwen3.8-27B-FP8,fuzzed,float64,restricted,10,0,ok,1,,,3.9086628244887573,,,4939366,c-autopar,gcc,submit,,native,AMD Instinct MI300A Accelerator,,1789021533017,,run_local,last_saved
630742,630742,/capstor/scratch/cscs/ybudanaz/x86_64/hpcagent-bench-runs/git-scicomp-20260909/630742/judge/rank-4/hpcagent_bench4.db,submission,git-scicomp-qwen38-repo.n0.p12.w12,git-scicomp-qwen38-repo,0,0,12,12,warpx_boris_push,0,c,,promoted-unsubmitted,fuzzed,float64,restricted,1,1,,,,,9.86088672614518,2052076.0,167521.0,,c-autopar,,,0,native,AMD Instinct MI300A Accelerator,,1789015608679,47/479c3123a5885aaaa6855171c924486ed1cb7e645ac13290f2bbb0e763eb9817.txt,run_local,graded_attempt
630742,630742,/capstor/scratch/cscs/ybudanaz/x86_64/hpcagent-bench-runs/git-scicomp-20260909/630742/judge/rank-4/hpcagent_bench4.db,submission,git-scicomp-qwen38-repo.n0.p28.w28,git-scicomp-qwen38-repo,0,0,28,28,edge_laplacian,0,c,,promoted-unsubmitted,fuzzed,float64,restricted,1,1,,,,,10.572205262223004,2631919336.0,250604341.0,,c-autopar,,,0,native,AMD Instinct MI300A Accelerator,,1789001021488,5f/5f0c6b76320e6a16d1178a178809a0ef330bbe586b2c6a16aadb463c25c35e8b.txt,run_local,graded_attempt
630742,630742,/capstor/scratch/cscs/ybudanaz/x86_64/hpcagent-bench-runs/git-scicomp-20260909/630742/judge/rank-4/hpcagent_bench4.db,submission,git-scicomp-qwen38-repo.n0.p4.w4,git-scicomp-qwen38-repo,0,0,4,4,dfa,0,c,,Qwen/Qwen3.8-27B-FP8,fuzzed,float64,restricted,1,1,,,,,3.9086628244887573,2334282456.0,593234518.0,,c-autopar,,,0,native,AMD Instinct MI300A Accelerator,,1789021532738,86/86952e81f279ff179c9a349919a359cd1a444670fc88e60f32839cc9f655d922.txt,run_local,graded_attempt
630742,630742,/capstor/scratch/cscs/ybudanaz/x86_64/hpcagent-bench-runs/git-scicomp-20260909/630742/judge/rank-5/hpcagent_bench5.db,attempt,git-scicomp-qwen38-repo.n0.p21.w21,git-scicomp-qwen38-repo,0,0,21,21,heat_3d,0,c,,promoted-unsubmitted,fuzzed,float64,restricted,1,0,,0,1,incorrect,,,,,,,,,native,AMD Instinct MI300A Accelerator,,1789007446380,55/55d9f66f3008fcc26a7b648078844d8043d74d332b9b7c8b272332a849ed2f77.txt,run_local,graded_attempt
630742,630742,/capstor/scratch/cscs/ybudanaz/x86_64/hpcagent-bench-runs/git-scicomp-20260909/630742/judge/rank-5/hpcagent_bench5.db,call,adhoc,adhoc,0,,,,edge_laplacian,0,c,c,,fuzzed,float64,restricted,1,0,incorrect,0,,,12.299173046323551,,,0,c-autopar,gcc,score,,native,AMD Instinct MI300A Accelerator,,1788999259560,,run_local,missing
630742,630742,/capstor/scratch/cscs/ybudanaz/x86_64/hpcagent-bench-runs/git-scicomp-20260909/630742/judge/rank-5/hpcagent_bench5.db,call,adhoc,adhoc,0,,,,edge_laplacian,0,c,c,,fuzzed,float64,restricted,2,0,ok,1,,,10.446858745291989,,,0,c-autopar,gcc,score,,native,AMD Instinct MI300A Accelerator,,1789005480941,,run_local,missing
630742,630742,/capstor/scratch/cscs/ybudanaz/x86_64/hpcagent-bench-runs/git-scicomp-20260909/630742/judge/rank-5/hpcagent_bench5.db,call,adhoc,adhoc,0,,,,edge_laplacian,0,c,c,,fuzzed,float64,restricted,3,0,incorrect,0,,,22.97602235231813,,,0,c-autopar,gcc,score,,native,AMD Instinct MI300A Accelerator,,1789005492404,,run_local,missing
630742,630742,/capstor/scratch/cscs/ybudanaz/x86_64/hpcagent-bench-runs/git-scicomp-20260909/630742/judge/rank-5/hpcagent_bench5.db,call,adhoc,adhoc,0,,,,edge_laplacian,0,c,c,,fuzzed,float64,restricted,4,0,incorrect,0,,,15.76461910582774,,,0,c-autopar,gcc,score,,native,AMD Instinct MI300A Accelerator,,1789005503522,,run_local,missing
630742,630742,/capstor/scratch/cscs/ybudanaz/x86_64/hpcagent-bench-runs/git-scicomp-20260909/630742/judge/rank-5/hpcagent_bench5.db,call,adhoc,adhoc,0,,,,edge_laplacian,0,c,c,,fuzzed,float64,restricted,5,0,incorrect,0,,,15.533355930673913,,,0,c-autopar,gcc,score,,native,AMD Instinct MI300A Accelerator,,1789005514940,,run_local,missing
630742,630742,/capstor/scratch/cscs/ybudanaz/x86_64/hpcagent-bench-runs/git-scicomp-20260909/630742/judge/rank-5/hpcagent_bench5.db,call,git-scicomp-qwen38-repo.n0.p13.w13,git-scicomp-qwen38-repo,0,0,13,13,warpx_boris_push,0,c,c,Qwen/Qwen3.8-27B-FP8,fuzzed,float64,restricted,1,0,incorrect,0,,,10.962109121936574,,,380452,c-autopar,gcc,score,,native,AMD Instinct MI300A Accelerator,,1788990083920,,run_local,missing
630742,630742,/capstor/scratch/cscs/ybudanaz/x86_64/hpcagent-bench-runs/git-scicomp-20260909/630742/judge/rank-5/hpcagent_bench5.db,call,git-scicomp-qwen38-repo.n0.p13.w13,git-scicomp-qwen38-repo,0,0,13,13,warpx_boris_push,0,c,c,Qwen/Qwen3.8-27B-FP8,fuzzed,float64,restricted,2,0,ok,1,,,10.864315915853213,,,1263031,c-autopar,gcc,score,,native,AMD Instinct MI300A Accelerator,,1788991767478,,run_local,missing
630742,630742,/capstor/scratch/cscs/ybudanaz/x86_64/hpcagent-bench-runs/git-scicomp-20260909/630742/judge/rank-5/hpcagent_bench5.db,call,git-scicomp-qwen38-repo.n0.p13.w13,git-scicomp-qwen38-repo,0,0,13,13,warpx_boris_push,0,c,c,Qwen/Qwen3.8-27B-FP8,fuzzed,float64,restricted,3,0,ok,1,,,11.495528884126571,,,343853,c-autopar,gcc,score,,native,AMD Instinct MI300A Accelerator,,1788996217214,,run_local,missing
630742,630742,/capstor/scratch/cscs/ybudanaz/x86_64/hpcagent-bench-runs/git-scicomp-20260909/630742/judge/rank-5/hpcagent_bench5.db,call,git-scicomp-qwen38-repo.n0.p13.w13,git-scicomp-qwen38-repo,0,0,13,13,warpx_boris_push,0,c,c,Qwen/Qwen3.8-27B-FP8,fuzzed,float64,restricted,4,0,ok,1,,,11.681345449034916,,,1136080,c-autopar,gcc,score,,native,AMD Instinct MI300A Accelerator,,1789000962971,,run_local,missing
630742,630742,/capstor/scratch/cscs/ybudanaz/x86_64/hpcagent-bench-runs/git-scicomp-20260909/630742/judge/rank-5/hpcagent_bench5.db,call,git-scicomp-qwen38-repo.n0.p13.w13,git-scicomp-qwen38-repo,0,0,13,13,warpx_boris_push,0,c,c,Qwen/Qwen3.8-27B-FP8,fuzzed,float64,restricted,5,0,incorrect,0,,,9.99412725090036,,,2195570,c-autopar,gcc,score,,native,AMD Instinct MI300A Accelerator,,1789003709266,,run_local,missing
630742,630742,/capstor/scratch/cscs/ybudanaz/x86_64/hpcagent-bench-runs/git-scicomp-20260909/630742/judge/rank-5/hpcagent_bench5.db,call,git-scicomp-qwen38-repo.n0.p13.w13,git-scicomp-qwen38-repo,0,0,13,13,warpx_boris_push,0,c,c,Qwen/Qwen3.8-27B-FP8,fuzzed,float64,restricted,6,0,ok,1,,,12.647449881806747,,,3091595,c-autopar,gcc,score,,native,AMD Instinct MI300A Accelerator,,1789004557973,,run_local,missing
630742,630742,/capstor/scratch/cscs/ybudanaz/x86_64/hpcagent-bench-runs/git-scicomp-20260909/630742/judge/rank-5/hpcagent_bench5.db,call,git-scicomp-qwen38-repo.n0.p13.w13,git-scicomp-qwen38-repo,0,0,13,13,warpx_boris_push,0,c,c,promoted-unsubmitted,fuzzed,float64,restricted,7,0,ok,1,,,11.22260892213965,,,0,c-autopar,gcc,submit,,native,AMD Instinct MI300A Accelerator,,1789004980829,,run_local,missing
630742,630742,/capstor/scratch/cscs/ybudanaz/x86_64/hpcagent-bench-runs/git-scicomp-20260909/630742/judge/rank-5/hpcagent_bench5.db,call,git-scicomp-qwen38-repo.n0.p21.w21,git-scicomp-qwen38-repo,0,0,21,21,heat_3d,0,c,c,Qwen/Qwen3.8-27B-FP8,fuzzed,float64,restricted,1,0,ok,1,,,5.084955725920114,,,1091100,c-autopar,gcc,score,,native,AMD Instinct MI300A Accelerator,,1788991767079,,run_local,missing
630742,630742,/capstor/scratch/cscs/ybudanaz/x86_64/hpcagent-bench-runs/git-scicomp-20260909/630742/judge/rank-5/hpcagent_bench5.db,call,git-scicomp-qwen38-repo.n0.p21.w21,git-scicomp-qwen38-repo,0,0,21,21,heat_3d,0,c,c,Qwen/Qwen3.8-27B-FP8,fuzzed,float64,restricted,2,0,ok,1,,,4.735109968263697,,,10153348,c-autopar,gcc,score,,native,AMD Instinct MI300A Accelerator,,1789005587430,,run_local,missing
630742,630742,/capstor/scratch/cscs/ybudanaz/x86_64/hpcagent-bench-runs/git-scicomp-20260909/630742/judge/rank-5/hpcagent_bench5.db,call,git-scicomp-qwen38-repo.n0.p21.w21,git-scicomp-qwen38-repo,0,0,21,21,heat_3d,0,c,c,promoted-unsubmitted,fuzzed,float64,restricted,3,0,incorrect,0,,,0.0,,,0,c-autopar,gcc,submit,,native,AMD Instinct MI300A Accelerator,,1789007446543,,run_local,missing
630742,630742,/capstor/scratch/cscs/ybudanaz/x86_64/hpcagent-bench-runs/git-scicomp-20260909/630742/judge/rank-5/hpcagent_bench5.db,call,git-scicomp-qwen38-repo.n0.p29.w29,git-scicomp-qwen38-repo,0,0,29,29,edge_laplacian,0,c,c,Qwen/Qwen3.8-27B-FP8,fuzzed,float64,restricted,1,0,ok,1,,,11.845842098531808,,,1078335,c-autopar,gcc,score,,native,AMD Instinct MI300A Accelerator,,1788990164118,,run_local,last_saved
630742,630742,/capstor/scratch/cscs/ybudanaz/x86_64/hpcagent-bench-runs/git-scicomp-20260909/630742/judge/rank-5/hpcagent_bench5.db,call,git-scicomp-qwen38-repo.n0.p29.w29,git-scicomp-qwen38-repo,0,0,29,29,edge_laplacian,0,c,c,Qwen/Qwen3.8-27B-FP8,fuzzed,float64,restricted,2,0,score_error,0,,,0.0,,,4018391,,gcc,score,,native,AMD Instinct MI300A Accelerator,,1788996621686,,run_local,last_saved
630742,630742,/capstor/scratch/cscs/ybudanaz/x86_64/hpcagent-bench-runs/git-scicomp-20260909/630742/judge/rank-5/hpcagent_bench5.db,call,git-scicomp-qwen38-repo.n0.p29.w29,git-scicomp-qwen38-repo,0,0,29,29,edge_laplacian,0,c,c,Qwen/Qwen3.8-27B-FP8,fuzzed,float64,restricted,3,0,ok,1,,,11.900134078427433,,,4248181,c-autopar,gcc,score,,native,AMD Instinct MI300A Accelerator,,1788996674829,,run_local,last_saved
630742,630742,/capstor/scratch/cscs/ybudanaz/x86_64/hpcagent-bench-runs/git-scicomp-20260909/630742/judge/rank-5/hpcagent_bench5.db,call,git-scicomp-qwen38-repo.n0.p29.w29,git-scicomp-qwen38-repo,0,0,29,29,edge_laplacian,0,c,c,Qwen/Qwen3.8-27B-FP8,fuzzed,float64,restricted,4,0,ok,1,,,12.292100007612998,,,5231063,c-autopar,gcc,score,,native,AMD Instinct MI300A Accelerator,,1788998165227,,run_local,last_saved
630742,630742,/capstor/scratch/cscs/ybudanaz/x86_64/hpcagent-bench-runs/git-scicomp-20260909/630742/judge/rank-5/hpcagent_bench5.db,call,git-scicomp-qwen38-repo.n0.p29.w29,git-scicomp-qwen38-repo,0,0,29,29,edge_laplacian,0,c,c,Qwen/Qwen3.8-27B-FP8,fuzzed,float64,restricted,5,0,ok,1,,,11.587305047830954,,,8133625,c-autopar,gcc,score,,native,AMD Instinct MI300A Accelerator,,1789003399539,,run_local,last_saved
630742,630742,/capstor/scratch/cscs/ybudanaz/x86_64/hpcagent-bench-runs/git-scicomp-20260909/630742/judge/rank-5/hpcagent_bench5.db,call,git-scicomp-qwen38-repo.n0.p29.w29,git-scicomp-qwen38-repo,0,0,29,29,edge_laplacian,0,c,c,Qwen/Qwen3.8-27B-FP8,fuzzed,float64,restricted,6,0,ok,1,,,12.40216644251308,,,8722816,c-autopar,gcc,score,,native,AMD Instinct MI300A Accelerator,,1789005164741,,run_local,last_saved
630742,630742,/capstor/scratch/cscs/ybudanaz/x86_64/hpcagent-bench-runs/git-scicomp-20260909/630742/judge/rank-5/hpcagent_bench5.db,call,git-scicomp-qwen38-repo.n0.p29.w29,git-scicomp-qwen38-repo,0,0,29,29,edge_laplacian,0,c,c,promoted-unsubmitted,fuzzed,float64,restricted,7,0,ok,1,,,12.274002099240244,,,0,c-autopar,gcc,submit,,native,AMD Instinct MI300A Accelerator,,1789007747312,,run_local,last_saved
630742,630742,/capstor/scratch/cscs/ybudanaz/x86_64/hpcagent-bench-runs/git-scicomp-20260909/630742/judge/rank-5/hpcagent_bench5.db,call,git-scicomp-qwen38-repo.n0.p5.w5,git-scicomp-qwen38-repo,0,0,5,5,dfa,0,c,c,Qwen/Qwen3.8-27B-FP8,fuzzed,float64,restricted,1,0,ok,1,,,0.9958320896862886,,,642279,c-autopar,gcc,score,,native,AMD Instinct MI300A Accelerator,,1788992284068,,run_local,last_saved
630742,630742,/capstor/scratch/cscs/ybudanaz/x86_64/hpcagent-bench-runs/git-scicomp-20260909/630742/judge/rank-5/hpcagent_bench5.db,call,git-scicomp-qwen38-repo.n0.p5.w5,git-scicomp-qwen38-repo,0,0,5,5,dfa,0,c,c,Qwen/Qwen3.8-27B-FP8,fuzzed,float64,restricted,2,0,score_error,0,,,0.0,,,106088,,gcc,score,,native,AMD Instinct MI300A Accelerator,,1789001384991,,run_local,last_saved
630742,630742,/capstor/scratch/cscs/ybudanaz/x86_64/hpcagent-bench-runs/git-scicomp-20260909/630742/judge/rank-5/hpcagent_bench5.db,call,git-scicomp-qwen38-repo.n0.p5.w5,git-scicomp-qwen38-repo,0,0,5,5,dfa,0,c,c,Qwen/Qwen3.8-27B-FP8,fuzzed,float64,restricted,3,0,ok,1,,,0.9954310583731679,,,159507,c-autopar,gcc,score,,native,AMD Instinct MI300A Accelerator,,1789001439009,,run_local,last_saved
630742,630742,/capstor/scratch/cscs/ybudanaz/x86_64/hpcagent-bench-runs/git-scicomp-20260909/630742/judge/rank-5/hpcagent_bench5.db,call,git-scicomp-qwen38-repo.n0.p5.w5,git-scicomp-qwen38-repo,0,0,5,5,dfa,0,c,c,Qwen/Qwen3.8-27B-FP8,fuzzed,float64,restricted,4,0,ok,1,,,0.9956632679394259,,,211358,c-autopar,gcc,score,,native,AMD Instinct MI300A Accelerator,,1789005879618,,run_local,last_saved
630742,630742,/capstor/scratch/cscs/ybudanaz/x86_64/hpcagent-bench-runs/git-scicomp-20260909/630742/judge/rank-5/hpcagent_bench5.db,submission,git-scicomp-qwen38-repo.n0.p13.w13,git-scicomp-qwen38-repo,0,0,13,13,warpx_boris_push,0,c,,promoted-unsubmitted,fuzzed,float64,restricted,1,1,,,,,11.22260892213965,2060107.0,173191.0,,c-autopar,,,0,native,AMD Instinct MI300A Accelerator,,1789004980598,66/668783f8a90cb98dab5e2d4c26ad75d9ff11a6dd52a481b3e86db0240ca31976.txt,run_local,graded_attempt
630742,630742,/capstor/scratch/cscs/ybudanaz/x86_64/hpcagent-bench-runs/git-scicomp-20260909/630742/judge/rank-5/hpcagent_bench5.db,submission,git-scicomp-qwen38-repo.n0.p29.w29,git-scicomp-qwen38-repo,0,0,29,29,edge_laplacian,0,c,,promoted-unsubmitted,fuzzed,float64,restricted,1,1,,,,,12.274002099240244,2598106063.0,220196564.0,,c-autopar,,,0,native,AMD Instinct MI300A Accelerator,,1789007746956,73/7396f9194e706cff6a417f6d124fdbb999290b39b3e9e68572bf60cc1e37445f.txt,run_local,graded_attempt
630742,630742,/capstor/scratch/cscs/ybudanaz/x86_64/hpcagent-bench-runs/git-scicomp-20260909/630742/judge/rank-6/hpcagent_bench6.db,attempt,git-scicomp-qwen38-repo.n0.p22.w22,git-scicomp-qwen38-repo,0,0,22,22,heat_3d,0,c,,promoted-unsubmitted,fuzzed,float64,restricted,1,0,,0,1,score_error,,,,,,,,,native,AMD Instinct MI300A Accelerator,,1788999235705,d8/d84033b7b5617d3880899cf5e6ea88fb31b629cc04bdd3dcef17d242b306e747.txt,run_local,graded_attempt
630742,630742,/capstor/scratch/cscs/ybudanaz/x86_64/hpcagent-bench-runs/git-scicomp-20260909/630742/judge/rank-6/hpcagent_bench6.db,call,git-scicomp-qwen38-repo.n0.p14.w14,git-scicomp-qwen38-repo,0,0,14,14,warpx_boris_push,0,c,c,Qwen/Qwen3.8-27B-FP8,fuzzed,float64,restricted,1,0,incorrect,0,,,10.612748743718592,,,2582366,c-autopar,gcc,score,,native,AMD Instinct MI300A Accelerator,,1788992843926,,run_local,missing
630742,630742,/capstor/scratch/cscs/ybudanaz/x86_64/hpcagent-bench-runs/git-scicomp-20260909/630742/judge/rank-6/hpcagent_bench6.db,call,git-scicomp-qwen38-repo.n0.p14.w14,git-scicomp-qwen38-repo,0,0,14,14,warpx_boris_push,0,c,c,Qwen/Qwen3.8-27B-FP8,fuzzed,float64,restricted,2,0,ok,1,,,11.539945686324865,,,3269235,c-autopar,gcc,score,,native,AMD Instinct MI300A Accelerator,,1788994924159,,run_local,missing
630742,630742,/capstor/scratch/cscs/ybudanaz/x86_64/hpcagent-bench-runs/git-scicomp-20260909/630742/judge/rank-6/hpcagent_bench6.db,call,git-scicomp-qwen38-repo.n0.p14.w14,git-scicomp-qwen38-repo,0,0,14,14,warpx_boris_push,0,c,c,Qwen/Qwen3.8-27B-FP8,fuzzed,float64,restricted,3,0,incorrect,0,,,354.9473949579832,,,3644296,c-autopar,gcc,score,,native,AMD Instinct MI300A Accelerator,,1788996275799,,run_local,missing
630742,630742,/capstor/scratch/cscs/ybudanaz/x86_64/hpcagent-bench-runs/git-scicomp-20260909/630742/judge/rank-6/hpcagent_bench6.db,call,git-scicomp-qwen38-repo.n0.p14.w14,git-scicomp-qwen38-repo,0,0,14,14,warpx_boris_push,0,c,c,promoted-unsubmitted,fuzzed,float64,restricted,4,0,ok,1,,,10.677927314845235,,,0,c-autopar,gcc,submit,,native,AMD Instinct MI300A Accelerator,,1789005238467,,run_local,missing
630742,630742,/capstor/scratch/cscs/ybudanaz/x86_64/hpcagent-bench-runs/git-scicomp-20260909/630742/judge/rank-6/hpcagent_bench6.db,call,git-scicomp-qwen38-repo.n0.p22.w22,git-scicomp-qwen38-repo,0,0,22,22,heat_3d,0,c,c,Qwen/Qwen3.8-27B-FP8,fuzzed,float64,restricted,1,0,ok,1,,,5.153130644531154,,,621055,c-autopar,gcc,score,,native,AMD Instinct MI300A Accelerator,,1788989761087,,run_local,last_saved
630742,630742,/capstor/scratch/cscs/ybudanaz/x86_64/hpcagent-bench-runs/git-scicomp-20260909/630742/judge/rank-6/hpcagent_bench6.db,call,git-scicomp-qwen38-repo.n0.p22.w22,git-scicomp-qwen38-repo,0,0,22,22,heat_3d,0,c,c,Qwen/Qwen3.8-27B-FP8,fuzzed,float64,restricted,2,0,ok,1,,,5.15613712680799,,,230348,c-autopar,gcc,score,,native,AMD Instinct MI300A Accelerator,,1788994948443,,run_local,last_saved
630742,630742,/capstor/scratch/cscs/ybudanaz/x86_64/hpcagent-bench-runs/git-scicomp-20260909/630742/judge/rank-6/hpcagent_bench6.db,call,git-scicomp-qwen38-repo.n0.p22.w22,git-scicomp-qwen38-repo,0,0,22,22,heat_3d,0,c,c,promoted-unsubmitted,fuzzed,float64,restricted,3,0,score_error,0,,,0.0,,,0,c-autopar,gcc,submit,,native,AMD Instinct MI300A Accelerator,,1788999235896,,run_local,last_saved
630742,630742,/capstor/scratch/cscs/ybudanaz/x86_64/hpcagent-bench-runs/git-scicomp-20260909/630742/judge/rank-6/hpcagent_bench6.db,submission,git-scicomp-qwen38-repo.n0.p14.w14,git-scicomp-qwen38-repo,0,0,14,14,warpx_boris_push,0,c,,promoted-unsubmitted,fuzzed,float64,restricted,1,1,,,,,10.677927314845235,2108826.0,183101.0,,c-autopar,,,0,native,AMD Instinct MI300A Accelerator,,1789005238155,ec/ece2d01c3e2da9d017ca8247f52b3333a9f855d326c7de8198bebc962eedf931.txt,run_local,graded_attempt
630742,630742,/capstor/scratch/cscs/ybudanaz/x86_64/hpcagent-bench-runs/git-scicomp-20260909/630742/judge/rank-7/hpcagent_bench7.db,call,git-scicomp-qwen38-repo.n0.p23.w23,git-scicomp-qwen38-repo,0,0,23,23,heat_3d,0,c,c,Qwen/Qwen3.8-27B-FP8,fuzzed,float64,restricted,1,0,ok,1,,,1.1763178472337104,,,763183,c-autopar,gcc,score,,native,AMD Instinct MI300A Accelerator,,1788996245191,,run_local,last_saved
630743,630743,/capstor/scratch/cscs/ybudanaz/x86_64/hpcagent-bench-runs/git-scicomp-20260909/630743/judge/rank-0/hpcagent_bench0.db,attempt,git-scicomp-kimi27sglang-repo.n0.p16.w16,git-scicomp-kimi27sglang-repo,0,0,16,16,fdtd_2d,0,c,,moonshotai/Kimi-K2.7-Code,fuzzed,float64,restricted,1,0,,0,1,score_error,,,,,,,,,native,AMD Instinct MI300A Accelerator,,1789017890263,4d/4db41e43733755840e54a03e1a4230d928fb20c3b2509c6c0a4a2e6de1e3c5dd.txt,run_local,graded_attempt
630743,630743,/capstor/scratch/cscs/ybudanaz/x86_64/hpcagent-bench-runs/git-scicomp-20260909/630743/judge/rank-0/hpcagent_bench0.db,attempt,git-scicomp-kimi27sglang-repo.n0.p24.w24,git-scicomp-kimi27sglang-repo,0,0,24,24,jacobi_2d,0,c,,moonshotai/Kimi-K2.7-Code,fuzzed,float64,restricted,1,0,,0,1,score_error,,,,,,,,,native,AMD Instinct MI300A Accelerator,,1789022325881,4b/4bba4b476c8acd2ef1ce3255d38d407ab3cebe5a10432e318e1a4dcd6b7b6b1d.txt,run_local,graded_attempt
630743,630743,/capstor/scratch/cscs/ybudanaz/x86_64/hpcagent-bench-runs/git-scicomp-20260909/630743/judge/rank-0/hpcagent_bench0.db,call,adhoc,adhoc,0,,,,jacobi_2d,0,c,c,,fuzzed,float64,restricted,1,0,score_error,0,,,0.0,,,0,,gcc,score,,native,AMD Instinct MI300A Accelerator,,1789011228094,,run_local,missing
630743,630743,/capstor/scratch/cscs/ybudanaz/x86_64/hpcagent-bench-runs/git-scicomp-20260909/630743/judge/rank-0/hpcagent_bench0.db,call,git-scicomp-kimi27sglang-repo.n0.p0.w0,git-scicomp-kimi27sglang-repo,0,0,0,0,addusxx_g,0,c,c,moonshotai/Kimi-K2.7-Code,fuzzed,float64,restricted,1,0,ok,1,,,36.284590530118486,,,252867,c-autopar,gcc,score,,native,AMD Instinct MI300A Accelerator,,1788992703359,,run_local,last_saved
630743,630743,/capstor/scratch/cscs/ybudanaz/x86_64/hpcagent-bench-runs/git-scicomp-20260909/630743/judge/rank-0/hpcagent_bench0.db,call,git-scicomp-kimi27sglang-repo.n0.p0.w0,git-scicomp-kimi27sglang-repo,0,0,0,0,addusxx_g,0,c,c,moonshotai/Kimi-K2.7-Code,fuzzed,float64,restricted,2,0,score_error,0,,,0.0,,,379561,,gcc,score,,native,AMD Instinct MI300A Accelerator,,1788994118047,,run_local,last_saved
630743,630743,/capstor/scratch/cscs/ybudanaz/x86_64/hpcagent-bench-runs/git-scicomp-20260909/630743/judge/rank-0/hpcagent_bench0.db,call,git-scicomp-kimi27sglang-repo.n0.p0.w0,git-scicomp-kimi27sglang-repo,0,0,0,0,addusxx_g,0,c,c,moonshotai/Kimi-K2.7-Code,fuzzed,float64,restricted,3,0,ok,1,,,32.86479347581739,,,485454,c-autopar,gcc,score,,native,AMD Instinct MI300A Accelerator,,1788994210471,,run_local,last_saved
630743,630743,/capstor/scratch/cscs/ybudanaz/x86_64/hpcagent-bench-runs/git-scicomp-20260909/630743/judge/rank-0/hpcagent_bench0.db,call,git-scicomp-kimi27sglang-repo.n0.p0.w0,git-scicomp-kimi27sglang-repo,0,0,0,0,addusxx_g,0,c,c,moonshotai/Kimi-K2.7-Code,fuzzed,float64,restricted,4,0,ok,1,,,73.28255885192337,,,638437,c-autopar,gcc,score,,native,AMD Instinct MI300A Accelerator,,1788995539701,,run_local,last_saved
630743,630743,/capstor/scratch/cscs/ybudanaz/x86_64/hpcagent-bench-runs/git-scicomp-20260909/630743/judge/rank-0/hpcagent_bench0.db,call,git-scicomp-kimi27sglang-repo.n0.p0.w0,git-scicomp-kimi27sglang-repo,0,0,0,0,addusxx_g,0,c,c,moonshotai/Kimi-K2.7-Code,fuzzed,float64,restricted,5,0,ok,1,,,75.2953292019657,,,767454,c-autopar,gcc,score,,native,AMD Instinct MI300A Accelerator,,1788997048227,,run_local,last_saved
630743,630743,/capstor/scratch/cscs/ybudanaz/x86_64/hpcagent-bench-runs/git-scicomp-20260909/630743/judge/rank-0/hpcagent_bench0.db,call,git-scicomp-kimi27sglang-repo.n0.p0.w0,git-scicomp-kimi27sglang-repo,0,0,0,0,addusxx_g,0,c,c,moonshotai/Kimi-K2.7-Code,fuzzed,float64,restricted,6,0,ok,1,,,75.24885857805991,,,907222,c-autopar,gcc,score,,native,AMD Instinct MI300A Accelerator,,1788998083714,,run_local,last_saved
630743,630743,/capstor/scratch/cscs/ybudanaz/x86_64/hpcagent-bench-runs/git-scicomp-20260909/630743/judge/rank-0/hpcagent_bench0.db,call,git-scicomp-kimi27sglang-repo.n0.p0.w0,git-scicomp-kimi27sglang-repo,0,0,0,0,addusxx_g,0,c,c,moonshotai/Kimi-K2.7-Code,fuzzed,float64,restricted,7,0,incorrect,0,,,71.81251805072624,,,1122289,c-autopar,gcc,score,,native,AMD Instinct MI300A Accelerator,,1788999241687,,run_local,last_saved
630743,630743,/capstor/scratch/cscs/ybudanaz/x86_64/hpcagent-bench-runs/git-scicomp-20260909/630743/judge/rank-0/hpcagent_bench0.db,call,git-scicomp-kimi27sglang-repo.n0.p0.w0,git-scicomp-kimi27sglang-repo,0,0,0,0,addusxx_g,0,c,c,moonshotai/Kimi-K2.7-Code,fuzzed,float64,restricted,8,0,ok,1,,,75.58024661809618,,,1353865,c-autopar,gcc,score,,native,AMD Instinct MI300A Accelerator,,1788999459072,,run_local,last_saved
630743,630743,/capstor/scratch/cscs/ybudanaz/x86_64/hpcagent-bench-runs/git-scicomp-20260909/630743/judge/rank-0/hpcagent_bench0.db,call,git-scicomp-kimi27sglang-repo.n0.p0.w0,git-scicomp-kimi27sglang-repo,0,0,0,0,addusxx_g,0,c,c,moonshotai/Kimi-K2.7-Code,fuzzed,float64,restricted,9,0,incorrect,0,,,56.046198844940136,,,1535927,c-autopar,gcc,score,,native,AMD Instinct MI300A Accelerator,,1789000534865,,run_local,last_saved
630743,630743,/capstor/scratch/cscs/ybudanaz/x86_64/hpcagent-bench-runs/git-scicomp-20260909/630743/judge/rank-0/hpcagent_bench0.db,call,git-scicomp-kimi27sglang-repo.n0.p0.w0,git-scicomp-kimi27sglang-repo,0,0,0,0,addusxx_g,0,c,c,moonshotai/Kimi-K2.7-Code,fuzzed,float64,restricted,10,0,ok,1,,,57.13219255903489,,,1727981,c-autopar,gcc,score,,native,AMD Instinct MI300A Accelerator,,1789001394673,,run_local,last_saved
630743,630743,/capstor/scratch/cscs/ybudanaz/x86_64/hpcagent-bench-runs/git-scicomp-20260909/630743/judge/rank-0/hpcagent_bench0.db,call,git-scicomp-kimi27sglang-repo.n0.p0.w0,git-scicomp-kimi27sglang-repo,0,0,0,0,addusxx_g,0,c,c,moonshotai/Kimi-K2.7-Code,fuzzed,float64,restricted,11,0,ok,1,,,73.80150134850263,,,1860109,c-autopar,gcc,score,,native,AMD Instinct MI300A Accelerator,,1789001794588,,run_local,last_saved
630743,630743,/capstor/scratch/cscs/ybudanaz/x86_64/hpcagent-bench-runs/git-scicomp-20260909/630743/judge/rank-0/hpcagent_bench0.db,call,git-scicomp-kimi27sglang-repo.n0.p0.w0,git-scicomp-kimi27sglang-repo,0,0,0,0,addusxx_g,0,c,c,moonshotai/Kimi-K2.7-Code,fuzzed,float64,restricted,12,0,ok,1,,,75.53324307774737,,,2349509,c-autopar,gcc,score,,native,AMD Instinct MI300A Accelerator,,1789002757963,,run_local,last_saved
630743,630743,/capstor/scratch/cscs/ybudanaz/x86_64/hpcagent-bench-runs/git-scicomp-20260909/630743/judge/rank-0/hpcagent_bench0.db,call,git-scicomp-kimi27sglang-repo.n0.p0.w0,git-scicomp-kimi27sglang-repo,0,0,0,0,addusxx_g,0,c,c,moonshotai/Kimi-K2.7-Code,fuzzed,float64,restricted,13,0,ok,1,,,74.04880256440921,,,2638904,c-autopar,gcc,score,,native,AMD Instinct MI300A Accelerator,,1789002910150,,run_local,last_saved
630743,630743,/capstor/scratch/cscs/ybudanaz/x86_64/hpcagent-bench-runs/git-scicomp-20260909/630743/judge/rank-0/hpcagent_bench0.db,call,git-scicomp-kimi27sglang-repo.n0.p0.w0,git-scicomp-kimi27sglang-repo,0,0,0,0,addusxx_g,0,c,c,moonshotai/Kimi-K2.7-Code,fuzzed,float64,restricted,14,0,incorrect,0,,,71.8043535107087,,,2858899,c-autopar,gcc,score,,native,AMD Instinct MI300A Accelerator,,1789003086735,,run_local,last_saved
630743,630743,/capstor/scratch/cscs/ybudanaz/x86_64/hpcagent-bench-runs/git-scicomp-20260909/630743/judge/rank-0/hpcagent_bench0.db,call,git-scicomp-kimi27sglang-repo.n0.p0.w0,git-scicomp-kimi27sglang-repo,0,0,0,0,addusxx_g,0,c,c,moonshotai/Kimi-K2.7-Code,fuzzed,float64,restricted,15,0,ok,1,,,74.46104618809126,,,3081397,c-autopar,gcc,score,,native,AMD Instinct MI300A Accelerator,,1789003248781,,run_local,last_saved
630743,630743,/capstor/scratch/cscs/ybudanaz/x86_64/hpcagent-bench-runs/git-scicomp-20260909/630743/judge/rank-0/hpcagent_bench0.db,call,git-scicomp-kimi27sglang-repo.n0.p0.w0,git-scicomp-kimi27sglang-repo,0,0,0,0,addusxx_g,0,c,c,moonshotai/Kimi-K2.7-Code,fuzzed,float64,restricted,16,0,ok,1,,,73.02649026531891,,,3534783,c-autopar,gcc,score,,native,AMD Instinct MI300A Accelerator,,1789003460094,,run_local,last_saved
630743,630743,/capstor/scratch/cscs/ybudanaz/x86_64/hpcagent-bench-runs/git-scicomp-20260909/630743/judge/rank-0/hpcagent_bench0.db,call,git-scicomp-kimi27sglang-repo.n0.p0.w0,git-scicomp-kimi27sglang-repo,0,0,0,0,addusxx_g,0,c,c,moonshotai/Kimi-K2.7-Code,fuzzed,float64,restricted,17,0,ok,1,,,74.3731856154011,,,3689805,c-autopar,gcc,score,,native,AMD Instinct MI300A Accelerator,,1789003706718,,run_local,last_saved
630743,630743,/capstor/scratch/cscs/ybudanaz/x86_64/hpcagent-bench-runs/git-scicomp-20260909/630743/judge/rank-0/hpcagent_bench0.db,call,git-scicomp-kimi27sglang-repo.n0.p0.w0,git-scicomp-kimi27sglang-repo,0,0,0,0,addusxx_g,0,c,c,moonshotai/Kimi-K2.7-Code,fuzzed,float64,restricted,18,0,ok,1,,,75.29712458540284,,,3934622,c-autopar,gcc,score,,native,AMD Instinct MI300A Accelerator,,1789004526349,,run_local,last_saved
630743,630743,/capstor/scratch/cscs/ybudanaz/x86_64/hpcagent-bench-runs/git-scicomp-20260909/630743/judge/rank-0/hpcagent_bench0.db,call,git-scicomp-kimi27sglang-repo.n0.p0.w0,git-scicomp-kimi27sglang-repo,0,0,0,0,addusxx_g,0,c,c,moonshotai/Kimi-K2.7-Code,fuzzed,float64,restricted,19,0,ok,1,,,74.78356853430208,,,4357900,c-autopar,gcc,score,,native,AMD Instinct MI300A Accelerator,,1789005018908,,run_local,last_saved
630743,630743,/capstor/scratch/cscs/ybudanaz/x86_64/hpcagent-bench-runs/git-scicomp-20260909/630743/judge/rank-0/hpcagent_bench0.db,call,git-scicomp-kimi27sglang-repo.n0.p0.w0,git-scicomp-kimi27sglang-repo,0,0,0,0,addusxx_g,0,c,c,moonshotai/Kimi-K2.7-Code,fuzzed,float64,restricted,20,0,ok,1,,,74.93085259104056,,,4530269,c-autopar,gcc,score,,native,AMD Instinct MI300A Accelerator,,1789005313682,,run_local,last_saved
630743,630743,/capstor/scratch/cscs/ybudanaz/x86_64/hpcagent-bench-runs/git-scicomp-20260909/630743/judge/rank-0/hpcagent_bench0.db,call,git-scicomp-kimi27sglang-repo.n0.p0.w0,git-scicomp-kimi27sglang-repo,0,0,0,0,addusxx_g,0,c,c,moonshotai/Kimi-K2.7-Code,fuzzed,float64,restricted,21,0,ok,1,,,92.51775186794305,,,4617277,c-autopar,gcc,submit,,native,AMD Instinct MI300A Accelerator,,1789005734851,,run_local,last_saved
630743,630743,/capstor/scratch/cscs/ybudanaz/x86_64/hpcagent-bench-runs/git-scicomp-20260909/630743/judge/rank-0/hpcagent_bench0.db,call,git-scicomp-kimi27sglang-repo.n0.p16.w16,git-scicomp-kimi27sglang-repo,0,0,16,16,fdtd_2d,0,c,c,moonshotai/Kimi-K2.7-Code,fuzzed,float64,restricted,1,0,ok,1,,,0.9984055055925394,,,82656,c-autopar,gcc,score,,native,AMD Instinct MI300A Accelerator,,1788991790052,,run_local,last_saved
630743,630743,/capstor/scratch/cscs/ybudanaz/x86_64/hpcagent-bench-runs/git-scicomp-20260909/630743/judge/rank-0/hpcagent_bench0.db,call,git-scicomp-kimi27sglang-repo.n0.p16.w16,git-scicomp-kimi27sglang-repo,0,0,16,16,fdtd_2d,0,c,c,moonshotai/Kimi-K2.7-Code,fuzzed,float64,restricted,2,0,too_slow,0,,,0.0,,,170954,c-autopar,gcc,score,,native,AMD Instinct MI300A Accelerator,,1788994069268,,run_local,last_saved
630743,630743,/capstor/scratch/cscs/ybudanaz/x86_64/hpcagent-bench-runs/git-scicomp-20260909/630743/judge/rank-0/hpcagent_bench0.db,call,git-scicomp-kimi27sglang-repo.n0.p16.w16,git-scicomp-kimi27sglang-repo,0,0,16,16,fdtd_2d,0,c,c,moonshotai/Kimi-K2.7-Code,fuzzed,float64,restricted,3,0,too_slow,0,,,0.0,,,433494,c-autopar,gcc,score,,native,AMD Instinct MI300A Accelerator,,1788995627938,,run_local,last_saved
630743,630743,/capstor/scratch/cscs/ybudanaz/x86_64/hpcagent-bench-runs/git-scicomp-20260909/630743/judge/rank-0/hpcagent_bench0.db,call,git-scicomp-kimi27sglang-repo.n0.p16.w16,git-scicomp-kimi27sglang-repo,0,0,16,16,fdtd_2d,0,c,c,moonshotai/Kimi-K2.7-Code,fuzzed,float64,restricted,4,0,ok,1,,,1.2886849249818282,,,585460,c-autopar,gcc,score,,native,AMD Instinct MI300A Accelerator,,1788998063719,,run_local,last_saved
630743,630743,/capstor/scratch/cscs/ybudanaz/x86_64/hpcagent-bench-runs/git-scicomp-20260909/630743/judge/rank-0/hpcagent_bench0.db,call,git-scicomp-kimi27sglang-repo.n0.p16.w16,git-scicomp-kimi27sglang-repo,0,0,16,16,fdtd_2d,0,c,c,moonshotai/Kimi-K2.7-Code,fuzzed,float64,restricted,5,0,ok,1,,,1.4381317262688067,,,769298,c-autopar,gcc,score,,native,AMD Instinct MI300A Accelerator,,1788999436488,,run_local,last_saved
630743,630743,/capstor/scratch/cscs/ybudanaz/x86_64/hpcagent-bench-runs/git-scicomp-20260909/630743/judge/rank-0/hpcagent_bench0.db,call,git-scicomp-kimi27sglang-repo.n0.p16.w16,git-scicomp-kimi27sglang-repo,0,0,16,16,fdtd_2d,0,c,c,moonshotai/Kimi-K2.7-Code,fuzzed,float64,restricted,6,0,too_slow,0,,,0.0,,,921772,c-autopar,gcc,score,,native,AMD Instinct MI300A Accelerator,,1789000377354,,run_local,last_saved
630743,630743,/capstor/scratch/cscs/ybudanaz/x86_64/hpcagent-bench-runs/git-scicomp-20260909/630743/judge/rank-0/hpcagent_bench0.db,call,git-scicomp-kimi27sglang-repo.n0.p16.w16,git-scicomp-kimi27sglang-repo,0,0,16,16,fdtd_2d,0,c,c,moonshotai/Kimi-K2.7-Code,fuzzed,float64,restricted,7,0,ok,1,,,1.4464614020598254,,,1198252,c-autopar,gcc,score,,native,AMD Instinct MI300A Accelerator,,1789001733302,,run_local,last_saved
630743,630743,/capstor/scratch/cscs/ybudanaz/x86_64/hpcagent-bench-runs/git-scicomp-20260909/630743/judge/rank-0/hpcagent_bench0.db,call,git-scicomp-kimi27sglang-repo.n0.p16.w16,git-scicomp-kimi27sglang-repo,0,0,16,16,fdtd_2d,0,c,c,moonshotai/Kimi-K2.7-Code,fuzzed,float64,restricted,8,0,ok,1,,,1.4511886077188798,,,1372278,c-autopar,gcc,score,,native,AMD Instinct MI300A Accelerator,,1789002154704,,run_local,last_saved
630743,630743,/capstor/scratch/cscs/ybudanaz/x86_64/hpcagent-bench-runs/git-scicomp-20260909/630743/judge/rank-0/hpcagent_bench0.db,call,git-scicomp-kimi27sglang-repo.n0.p16.w16,git-scicomp-kimi27sglang-repo,0,0,16,16,fdtd_2d,0,c,c,moonshotai/Kimi-K2.7-Code,fuzzed,float64,restricted,9,0,ok,1,,,1.4490980603842805,,,1551133,c-autopar,gcc,score,,native,AMD Instinct MI300A Accelerator,,1789002499637,,run_local,last_saved
630743,630743,/capstor/scratch/cscs/ybudanaz/x86_64/hpcagent-bench-runs/git-scicomp-20260909/630743/judge/rank-0/hpcagent_bench0.db,call,git-scicomp-kimi27sglang-repo.n0.p16.w16,git-scicomp-kimi27sglang-repo,0,0,16,16,fdtd_2d,0,c,c,moonshotai/Kimi-K2.7-Code,fuzzed,float64,restricted,10,0,ok,1,,,1.4502208706862603,,,1736270,c-autopar,gcc,score,,native,AMD Instinct MI300A Accelerator,,1789003175722,,run_local,last_saved
630743,630743,/capstor/scratch/cscs/ybudanaz/x86_64/hpcagent-bench-runs/git-scicomp-20260909/630743/judge/rank-0/hpcagent_bench0.db,call,git-scicomp-kimi27sglang-repo.n0.p16.w16,git-scicomp-kimi27sglang-repo,0,0,16,16,fdtd_2d,0,c,c,moonshotai/Kimi-K2.7-Code,fuzzed,float64,restricted,11,0,incorrect,0,,,1.461891810230645,,,1936116,c-autopar,gcc,score,,native,AMD Instinct MI300A Accelerator,,1789004715282,,run_local,last_saved
630743,630743,/capstor/scratch/cscs/ybudanaz/x86_64/hpcagent-bench-runs/git-scicomp-20260909/630743/judge/rank-0/hpcagent_bench0.db,call,git-scicomp-kimi27sglang-repo.n0.p16.w16,git-scicomp-kimi27sglang-repo,0,0,16,16,fdtd_2d,0,c,c,moonshotai/Kimi-K2.7-Code,fuzzed,float64,restricted,12,0,ok,1,,,1.4518274647060294,,,2370998,c-autopar,gcc,score,,native,AMD Instinct MI300A Accelerator,,1789006480528,,run_local,last_saved
630743,630743,/capstor/scratch/cscs/ybudanaz/x86_64/hpcagent-bench-runs/git-scicomp-20260909/630743/judge/rank-0/hpcagent_bench0.db,call,git-scicomp-kimi27sglang-repo.n0.p16.w16,git-scicomp-kimi27sglang-repo,0,0,16,16,fdtd_2d,0,c,c,moonshotai/Kimi-K2.7-Code,fuzzed,float64,restricted,13,0,ok,1,,,0.5299551015338207,,,3393972,c-autopar,gcc,score,,native,AMD Instinct MI300A Accelerator,,1789010443840,,run_local,last_saved
630743,630743,/capstor/scratch/cscs/ybudanaz/x86_64/hpcagent-bench-runs/git-scicomp-20260909/630743/judge/rank-0/hpcagent_bench0.db,call,git-scicomp-kimi27sglang-repo.n0.p16.w16,git-scicomp-kimi27sglang-repo,0,0,16,16,fdtd_2d,0,c,c,moonshotai/Kimi-K2.7-Code,fuzzed,float64,restricted,14,0,ok,1,,,1.4512864864422286,,,4437707,c-autopar,gcc,score,,native,AMD Instinct MI300A Accelerator,,1789012737457,,run_local,last_saved
630743,630743,/capstor/scratch/cscs/ybudanaz/x86_64/hpcagent-bench-runs/git-scicomp-20260909/630743/judge/rank-0/hpcagent_bench0.db,call,git-scicomp-kimi27sglang-repo.n0.p16.w16,git-scicomp-kimi27sglang-repo,0,0,16,16,fdtd_2d,0,c,c,moonshotai/Kimi-K2.7-Code,fuzzed,float64,restricted,15,0,ok,1,,,1.4519428528831055,,,4771502,c-autopar,gcc,score,,native,AMD Instinct MI300A Accelerator,,1789013034229,,run_local,last_saved
630743,630743,/capstor/scratch/cscs/ybudanaz/x86_64/hpcagent-bench-runs/git-scicomp-20260909/630743/judge/rank-0/hpcagent_bench0.db,call,git-scicomp-kimi27sglang-repo.n0.p16.w16,git-scicomp-kimi27sglang-repo,0,0,16,16,fdtd_2d,0,c,c,moonshotai/Kimi-K2.7-Code,fuzzed,float64,restricted,16,0,ok,1,,,1.4515055718746435,,,5111563,c-autopar,gcc,score,,native,AMD Instinct MI300A Accelerator,,1789013530569,,run_local,last_saved
630743,630743,/capstor/scratch/cscs/ybudanaz/x86_64/hpcagent-bench-runs/git-scicomp-20260909/630743/judge/rank-0/hpcagent_bench0.db,call,git-scicomp-kimi27sglang-repo.n0.p16.w16,git-scicomp-kimi27sglang-repo,0,0,16,16,fdtd_2d,0,c,c,moonshotai/Kimi-K2.7-Code,fuzzed,float64,restricted,17,0,ok,1,,,1.4471832765775712,,,5577626,c-autopar,gcc,score,,native,AMD Instinct MI300A Accelerator,,1789014261495,,run_local,last_saved
630743,630743,/capstor/scratch/cscs/ybudanaz/x86_64/hpcagent-bench-runs/git-scicomp-20260909/630743/judge/rank-0/hpcagent_bench0.db,call,git-scicomp-kimi27sglang-repo.n0.p16.w16,git-scicomp-kimi27sglang-repo,0,0,16,16,fdtd_2d,0,c,c,moonshotai/Kimi-K2.7-Code,fuzzed,float64,restricted,18,0,ok,1,,,1.4509814527197646,,,5936141,c-autopar,gcc,score,,native,AMD Instinct MI300A Accelerator,,1789014620809,,run_local,last_saved
630743,630743,/capstor/scratch/cscs/ybudanaz/x86_64/hpcagent-bench-runs/git-scicomp-20260909/630743/judge/rank-0/hpcagent_bench0.db,call,git-scicomp-kimi27sglang-repo.n0.p16.w16,git-scicomp-kimi27sglang-repo,0,0,16,16,fdtd_2d,0,c,c,moonshotai/Kimi-K2.7-Code,fuzzed,float64,restricted,19,0,ok,1,,,1.4502435145545816,,,6302160,c-autopar,gcc,score,,native,AMD Instinct MI300A Accelerator,,1789015150096,,run_local,last_saved
630743,630743,/capstor/scratch/cscs/ybudanaz/x86_64/hpcagent-bench-runs/git-scicomp-20260909/630743/judge/rank-0/hpcagent_bench0.db,call,git-scicomp-kimi27sglang-repo.n0.p16.w16,git-scicomp-kimi27sglang-repo,0,0,16,16,fdtd_2d,0,c,c,moonshotai/Kimi-K2.7-Code,fuzzed,float64,restricted,20,0,score_error,0,,,0.0,,,6425363,c-autopar,gcc,submit,,native,AMD Instinct MI300A Accelerator,,1789017890855,,run_local,last_saved
630743,630743,/capstor/scratch/cscs/ybudanaz/x86_64/hpcagent-bench-runs/git-scicomp-20260909/630743/judge/rank-0/hpcagent_bench0.db,call,git-scicomp-kimi27sglang-repo.n0.p24.w24,git-scicomp-kimi27sglang-repo,0,0,24,24,jacobi_2d,0,c,c,moonshotai/Kimi-K2.7-Code,fuzzed,float64,restricted,1,0,ok,1,,,7.74835917221913,,,72726,c-autopar,gcc,score,,native,AMD Instinct MI300A Accelerator,,1788991093355,,run_local,last_saved
630743,630743,/capstor/scratch/cscs/ybudanaz/x86_64/hpcagent-bench-runs/git-scicomp-20260909/630743/judge/rank-0/hpcagent_bench0.db,call,git-scicomp-kimi27sglang-repo.n0.p24.w24,git-scicomp-kimi27sglang-repo,0,0,24,24,jacobi_2d,0,c,c,moonshotai/Kimi-K2.7-Code,fuzzed,float64,restricted,2,0,ok,1,,,10.040278086561246,,,153419,c-autopar,gcc,score,,native,AMD Instinct MI300A Accelerator,,1788993129013,,run_local,last_saved
630743,630743,/capstor/scratch/cscs/ybudanaz/x86_64/hpcagent-bench-runs/git-scicomp-20260909/630743/judge/rank-0/hpcagent_bench0.db,call,git-scicomp-kimi27sglang-repo.n0.p24.w24,git-scicomp-kimi27sglang-repo,0,0,24,24,jacobi_2d,0,c,c,moonshotai/Kimi-K2.7-Code,fuzzed,float64,restricted,3,0,ok,1,,,5.194731646947683,,,231512,c-autopar,gcc,score,,native,AMD Instinct MI300A Accelerator,,1788994327280,,run_local,last_saved
630743,630743,/capstor/scratch/cscs/ybudanaz/x86_64/hpcagent-bench-runs/git-scicomp-20260909/630743/judge/rank-0/hpcagent_bench0.db,call,git-scicomp-kimi27sglang-repo.n0.p24.w24,git-scicomp-kimi27sglang-repo,0,0,24,24,jacobi_2d,0,c,c,moonshotai/Kimi-K2.7-Code,fuzzed,float64,restricted,4,0,incorrect,0,,,36.02647743101239,,,406200,c-autopar,gcc,score,,native,AMD Instinct MI300A Accelerator,,1789000966057,,run_local,last_saved
630743,630743,/capstor/scratch/cscs/ybudanaz/x86_64/hpcagent-bench-runs/git-scicomp-20260909/630743/judge/rank-0/hpcagent_bench0.db,call,git-scicomp-kimi27sglang-repo.n0.p24.w24,git-scicomp-kimi27sglang-repo,0,0,24,24,jacobi_2d,0,c,c,moonshotai/Kimi-K2.7-Code,fuzzed,float64,restricted,5,0,incorrect,0,,,36.608009274995815,,,584806,c-autopar,gcc,score,,native,AMD Instinct MI300A Accelerator,,1789002654066,,run_local,last_saved
630743,630743,/capstor/scratch/cscs/ybudanaz/x86_64/hpcagent-bench-runs/git-scicomp-20260909/630743/judge/rank-0/hpcagent_bench0.db,call,git-scicomp-kimi27sglang-repo.n0.p24.w24,git-scicomp-kimi27sglang-repo,0,0,24,24,jacobi_2d,0,c,c,moonshotai/Kimi-K2.7-Code,fuzzed,float64,restricted,6,0,incorrect,0,,,33.61772292668078,,,787226,c-autopar,gcc,score,,native,AMD Instinct MI300A Accelerator,,1789004845896,,run_local,last_saved
630743,630743,/capstor/scratch/cscs/ybudanaz/x86_64/hpcagent-bench-runs/git-scicomp-20260909/630743/judge/rank-0/hpcagent_bench0.db,call,git-scicomp-kimi27sglang-repo.n0.p24.w24,git-scicomp-kimi27sglang-repo,0,0,24,24,jacobi_2d,0,c,c,moonshotai/Kimi-K2.7-Code,fuzzed,float64,restricted,7,0,ok,1,,,34.97462772489049,,,1254996,c-autopar,gcc,score,,native,AMD Instinct MI300A Accelerator,,1789007647714,,run_local,last_saved
630743,630743,/capstor/scratch/cscs/ybudanaz/x86_64/hpcagent-bench-runs/git-scicomp-20260909/630743/judge/rank-0/hpcagent_bench0.db,call,git-scicomp-kimi27sglang-repo.n0.p24.w24,git-scicomp-kimi27sglang-repo,0,0,24,24,jacobi_2d,0,c,c,moonshotai/Kimi-K2.7-Code,fuzzed,float64,restricted,8,0,ok,1,,,33.81171780900831,,,1505532,c-autopar,gcc,score,,native,AMD Instinct MI300A Accelerator,,1789007952098,,run_local,last_saved
630743,630743,/capstor/scratch/cscs/ybudanaz/x86_64/hpcagent-bench-runs/git-scicomp-20260909/630743/judge/rank-0/hpcagent_bench0.db,call,git-scicomp-kimi27sglang-repo.n0.p24.w24,git-scicomp-kimi27sglang-repo,0,0,24,24,jacobi_2d,0,c,c,moonshotai/Kimi-K2.7-Code,fuzzed,float64,restricted,9,0,ok,1,,,33.92903437857263,,,1759337,c-autopar,gcc,score,,native,AMD Instinct MI300A Accelerator,,1789008071344,,run_local,last_saved
630743,630743,/capstor/scratch/cscs/ybudanaz/x86_64/hpcagent-bench-runs/git-scicomp-20260909/630743/judge/rank-0/hpcagent_bench0.db,call,git-scicomp-kimi27sglang-repo.n0.p24.w24,git-scicomp-kimi27sglang-repo,0,0,24,24,jacobi_2d,0,c,c,moonshotai/Kimi-K2.7-Code,fuzzed,float64,restricted,10,0,ok,1,,,25.26089465245542,,,2015885,c-autopar,gcc,score,,native,AMD Instinct MI300A Accelerator,,1789008211749,,run_local,last_saved
630743,630743,/capstor/scratch/cscs/ybudanaz/x86_64/hpcagent-bench-runs/git-scicomp-20260909/630743/judge/rank-0/hpcagent_bench0.db,call,git-scicomp-kimi27sglang-repo.n0.p24.w24,git-scicomp-kimi27sglang-repo,0,0,24,24,jacobi_2d,0,c,c,moonshotai/Kimi-K2.7-Code,fuzzed,float64,restricted,11,0,ok,1,,,27.681575920334346,,,2275251,c-autopar,gcc,score,,native,AMD Instinct MI300A Accelerator,,1789008358406,,run_local,last_saved
630743,630743,/capstor/scratch/cscs/ybudanaz/x86_64/hpcagent-bench-runs/git-scicomp-20260909/630743/judge/rank-0/hpcagent_bench0.db,call,git-scicomp-kimi27sglang-repo.n0.p24.w24,git-scicomp-kimi27sglang-repo,0,0,24,24,jacobi_2d,0,c,c,moonshotai/Kimi-K2.7-Code,fuzzed,float64,restricted,12,0,ok,1,,,33.74121497767892,,,2537743,c-autopar,gcc,score,,native,AMD Instinct MI300A Accelerator,,1789008535855,,run_local,last_saved
630743,630743,/capstor/scratch/cscs/ybudanaz/x86_64/hpcagent-bench-runs/git-scicomp-20260909/630743/judge/rank-0/hpcagent_bench0.db,call,git-scicomp-kimi27sglang-repo.n0.p24.w24,git-scicomp-kimi27sglang-repo,0,0,24,24,jacobi_2d,0,c,c,moonshotai/Kimi-K2.7-Code,fuzzed,float64,restricted,13,0,ok,1,,,34.79017325885555,,,2891688,c-autopar,gcc,score,,native,AMD Instinct MI300A Accelerator,,1789008653406,,run_local,last_saved
630743,630743,/capstor/scratch/cscs/ybudanaz/x86_64/hpcagent-bench-runs/git-scicomp-20260909/630743/judge/rank-0/hpcagent_bench0.db,call,git-scicomp-kimi27sglang-repo.n0.p24.w24,git-scicomp-kimi27sglang-repo,0,0,24,24,jacobi_2d,0,c,c,moonshotai/Kimi-K2.7-Code,fuzzed,float64,restricted,14,0,ok,1,,,33.84929332729903,,,3070287,c-autopar,gcc,score,,native,AMD Instinct MI300A Accelerator,,1789009731409,,run_local,last_saved
630743,630743,/capstor/scratch/cscs/ybudanaz/x86_64/hpcagent-bench-runs/git-scicomp-20260909/630743/judge/rank-0/hpcagent_bench0.db,call,git-scicomp-kimi27sglang-repo.n0.p24.w24,git-scicomp-kimi27sglang-repo,0,0,24,24,jacobi_2d,0,c,c,moonshotai/Kimi-K2.7-Code,fuzzed,float64,restricted,15,0,ok,1,,,38.37962114303826,,,3347854,c-autopar,gcc,score,,native,AMD Instinct MI300A Accelerator,,1789010591470,,run_local,last_saved
630743,630743,/capstor/scratch/cscs/ybudanaz/x86_64/hpcagent-bench-runs/git-scicomp-20260909/630743/judge/rank-0/hpcagent_bench0.db,call,git-scicomp-kimi27sglang-repo.n0.p24.w24,git-scicomp-kimi27sglang-repo,0,0,24,24,jacobi_2d,0,c,c,moonshotai/Kimi-K2.7-Code,fuzzed,float64,restricted,16,0,ok,1,,,36.02648641870291,,,3631886,c-autopar,gcc,score,,native,AMD Instinct MI300A Accelerator,,1789010723745,,run_local,last_saved
630743,630743,/capstor/scratch/cscs/ybudanaz/x86_64/hpcagent-bench-runs/git-scicomp-20260909/630743/judge/rank-0/hpcagent_bench0.db,call,git-scicomp-kimi27sglang-repo.n0.p24.w24,git-scicomp-kimi27sglang-repo,0,0,24,24,jacobi_2d,0,c,c,moonshotai/Kimi-K2.7-Code,fuzzed,float64,restricted,17,0,ok,1,,,38.91799035034718,,,3920195,c-autopar,gcc,score,,native,AMD Instinct MI300A Accelerator,,1789011026144,,run_local,last_saved
630743,630743,/capstor/scratch/cscs/ybudanaz/x86_64/hpcagent-bench-runs/git-scicomp-20260909/630743/judge/rank-0/hpcagent_bench0.db,call,git-scicomp-kimi27sglang-repo.n0.p24.w24,git-scicomp-kimi27sglang-repo,0,0,24,24,jacobi_2d,0,c,c,moonshotai/Kimi-K2.7-Code,fuzzed,float64,restricted,18,0,ok,1,,,40.25389186200709,,,4211920,c-autopar,gcc,score,,native,AMD Instinct MI300A Accelerator,,1789011144208,,run_local,last_saved
630743,630743,/capstor/scratch/cscs/ybudanaz/x86_64/hpcagent-bench-runs/git-scicomp-20260909/630743/judge/rank-0/hpcagent_bench0.db,call,git-scicomp-kimi27sglang-repo.n0.p24.w24,git-scicomp-kimi27sglang-repo,0,0,24,24,jacobi_2d,0,c,c,moonshotai/Kimi-K2.7-Code,fuzzed,float64,restricted,19,0,ok,1,,,39.153726329725075,,,4408458,c-autopar,gcc,score,,native,AMD Instinct MI300A Accelerator,,1789011268611,,run_local,last_saved
630743,630743,/capstor/scratch/cscs/ybudanaz/x86_64/hpcagent-bench-runs/git-scicomp-20260909/630743/judge/rank-0/hpcagent_bench0.db,call,git-scicomp-kimi27sglang-repo.n0.p24.w24,git-scicomp-kimi27sglang-repo,0,0,24,24,jacobi_2d,0,c,c,moonshotai/Kimi-K2.7-Code,fuzzed,float64,restricted,20,0,ok,1,,,41.24498152994143,,,4606967,c-autopar,gcc,score,,native,AMD Instinct MI300A Accelerator,,1789011363773,,run_local,last_saved
630743,630743,/capstor/scratch/cscs/ybudanaz/x86_64/hpcagent-bench-runs/git-scicomp-20260909/630743/judge/rank-0/hpcagent_bench0.db,call,git-scicomp-kimi27sglang-repo.n0.p24.w24,git-scicomp-kimi27sglang-repo,0,0,24,24,jacobi_2d,0,c,c,moonshotai/Kimi-K2.7-Code,fuzzed,float64,restricted,21,0,ok,1,,,40.178815291758376,,,4807030,c-autopar,gcc,score,,native,AMD Instinct MI300A Accelerator,,1789011472704,,run_local,last_saved
630743,630743,/capstor/scratch/cscs/ybudanaz/x86_64/hpcagent-bench-runs/git-scicomp-20260909/630743/judge/rank-0/hpcagent_bench0.db,call,git-scicomp-kimi27sglang-repo.n0.p24.w24,git-scicomp-kimi27sglang-repo,0,0,24,24,jacobi_2d,0,c,c,moonshotai/Kimi-K2.7-Code,fuzzed,float64,restricted,22,0,ok,1,,,39.744623313130745,,,5008616,c-autopar,gcc,score,,native,AMD Instinct MI300A Accelerator,,1789011552726,,run_local,last_saved
630743,630743,/capstor/scratch/cscs/ybudanaz/x86_64/hpcagent-bench-runs/git-scicomp-20260909/630743/judge/rank-0/hpcagent_bench0.db,call,git-scicomp-kimi27sglang-repo.n0.p24.w24,git-scicomp-kimi27sglang-repo,0,0,24,24,jacobi_2d,0,c,c,moonshotai/Kimi-K2.7-Code,fuzzed,float64,restricted,23,0,ok,1,,,41.1350729545845,,,5211671,c-autopar,gcc,score,,native,AMD Instinct MI300A Accelerator,,1789011653576,,run_local,last_saved
630743,630743,/capstor/scratch/cscs/ybudanaz/x86_64/hpcagent-bench-runs/git-scicomp-20260909/630743/judge/rank-0/hpcagent_bench0.db,call,git-scicomp-kimi27sglang-repo.n0.p24.w24,git-scicomp-kimi27sglang-repo,0,0,24,24,jacobi_2d,0,c,c,moonshotai/Kimi-K2.7-Code,fuzzed,float64,restricted,24,0,ok,1,,,39.42528109646623,,,5520319,c-autopar,gcc,score,,native,AMD Instinct MI300A Accelerator,,1789011946813,,run_local,last_saved
630743,630743,/capstor/scratch/cscs/ybudanaz/x86_64/hpcagent-bench-runs/git-scicomp-20260909/630743/judge/rank-0/hpcagent_bench0.db,call,git-scicomp-kimi27sglang-repo.n0.p24.w24,git-scicomp-kimi27sglang-repo,0,0,24,24,jacobi_2d,0,c,c,moonshotai/Kimi-K2.7-Code,fuzzed,float64,restricted,25,0,ok,1,,,41.514951145464806,,,5936719,c-autopar,gcc,score,,native,AMD Instinct MI300A Accelerator,,1789012058040,,run_local,last_saved
630743,630743,/capstor/scratch/cscs/ybudanaz/x86_64/hpcagent-bench-runs/git-scicomp-20260909/630743/judge/rank-0/hpcagent_bench0.db,call,git-scicomp-kimi27sglang-repo.n0.p24.w24,git-scicomp-kimi27sglang-repo,0,0,24,24,jacobi_2d,0,c,c,moonshotai/Kimi-K2.7-Code,fuzzed,float64,restricted,26,0,ok,1,,,42.25472598862347,,,6251824,c-autopar,gcc,score,,native,AMD Instinct MI300A Accelerator,,1789012168477,,run_local,last_saved
630743,630743,/capstor/scratch/cscs/ybudanaz/x86_64/hpcagent-bench-runs/git-scicomp-20260909/630743/judge/rank-0/hpcagent_bench0.db,call,git-scicomp-kimi27sglang-repo.n0.p24.w24,git-scicomp-kimi27sglang-repo,0,0,24,24,jacobi_2d,0,c,c,moonshotai/Kimi-K2.7-Code,fuzzed,float64,restricted,27,0,ok,1,,,40.563680241015206,,,6463575,c-autopar,gcc,score,,native,AMD Instinct MI300A Accelerator,,1789012270315,,run_local,last_saved
630743,630743,/capstor/scratch/cscs/ybudanaz/x86_64/hpcagent-bench-runs/git-scicomp-20260909/630743/judge/rank-0/hpcagent_bench0.db,call,git-scicomp-kimi27sglang-repo.n0.p24.w24,git-scicomp-kimi27sglang-repo,0,0,24,24,jacobi_2d,0,c,c,moonshotai/Kimi-K2.7-Code,fuzzed,float64,restricted,28,0,ok,1,,,38.91728606892443,,,6890709,c-autopar,gcc,score,,native,AMD Instinct MI300A Accelerator,,1789012400013,,run_local,last_saved
630743,630743,/capstor/scratch/cscs/ybudanaz/x86_64/hpcagent-bench-runs/git-scicomp-20260909/630743/judge/rank-0/hpcagent_bench0.db,call,git-scicomp-kimi27sglang-repo.n0.p24.w24,git-scicomp-kimi27sglang-repo,0,0,24,24,jacobi_2d,0,c,c,moonshotai/Kimi-K2.7-Code,fuzzed,float64,restricted,29,0,ok,1,,,24.18671691858246,,,7105976,c-autopar,gcc,score,,native,AMD Instinct MI300A Accelerator,,1789012486336,,run_local,last_saved
630743,630743,/capstor/scratch/cscs/ybudanaz/x86_64/hpcagent-bench-runs/git-scicomp-20260909/630743/judge/rank-0/hpcagent_bench0.db,call,git-scicomp-kimi27sglang-repo.n0.p24.w24,git-scicomp-kimi27sglang-repo,0,0,24,24,jacobi_2d,0,c,c,moonshotai/Kimi-K2.7-Code,fuzzed,float64,restricted,30,0,ok,1,,,42.34940419752748,,,7322843,c-autopar,gcc,score,,native,AMD Instinct MI300A Accelerator,,1789012607723,,run_local,last_saved
630743,630743,/capstor/scratch/cscs/ybudanaz/x86_64/hpcagent-bench-runs/git-scicomp-20260909/630743/judge/rank-0/hpcagent_bench0.db,call,git-scicomp-kimi27sglang-repo.n0.p24.w24,git-scicomp-kimi27sglang-repo,0,0,24,24,jacobi_2d,0,c,c,moonshotai/Kimi-K2.7-Code,fuzzed,float64,restricted,31,0,ok,1,,,27.136238351274926,,,7543224,c-autopar,gcc,score,,native,AMD Instinct MI300A Accelerator,,1789013066244,,run_local,last_saved
630743,630743,/capstor/scratch/cscs/ybudanaz/x86_64/hpcagent-bench-runs/git-scicomp-20260909/630743/judge/rank-0/hpcagent_bench0.db,call,git-scicomp-kimi27sglang-repo.n0.p24.w24,git-scicomp-kimi27sglang-repo,0,0,24,24,jacobi_2d,0,c,c,moonshotai/Kimi-K2.7-Code,fuzzed,float64,restricted,32,0,ok,1,,,41.255054982419914,,,7884521,c-autopar,gcc,score,,native,AMD Instinct MI300A Accelerator,,1789013815031,,run_local,last_saved
630743,630743,/capstor/scratch/cscs/ybudanaz/x86_64/hpcagent-bench-runs/git-scicomp-20260909/630743/judge/rank-0/hpcagent_bench0.db,call,git-scicomp-kimi27sglang-repo.n0.p24.w24,git-scicomp-kimi27sglang-repo,0,0,24,24,jacobi_2d,0,c,c,moonshotai/Kimi-K2.7-Code,fuzzed,float64,restricted,33,0,ok,1,,,42.127892214566195,,,8237163,c-autopar,gcc,score,,native,AMD Instinct MI300A Accelerator,,1789014478306,,run_local,last_saved
630743,630743,/capstor/scratch/cscs/ybudanaz/x86_64/hpcagent-bench-runs/git-scicomp-20260909/630743/judge/rank-0/hpcagent_bench0.db,call,git-scicomp-kimi27sglang-repo.n0.p24.w24,git-scicomp-kimi27sglang-repo,0,0,24,24,jacobi_2d,0,c,c,moonshotai/Kimi-K2.7-Code,fuzzed,float64,restricted,34,0,ok,1,,,41.84938474372097,,,8600117,c-autopar,gcc,score,,native,AMD Instinct MI300A Accelerator,,1789015102859,,run_local,last_saved
630743,630743,/capstor/scratch/cscs/ybudanaz/x86_64/hpcagent-bench-runs/git-scicomp-20260909/630743/judge/rank-0/hpcagent_bench0.db,call,git-scicomp-kimi27sglang-repo.n0.p24.w24,git-scicomp-kimi27sglang-repo,0,0,24,24,jacobi_2d,0,c,c,moonshotai/Kimi-K2.7-Code,fuzzed,float64,restricted,35,0,ok,1,,,41.21164139288864,,,8977070,c-autopar,gcc,score,,native,AMD Instinct MI300A Accelerator,,1789017910636,,run_local,last_saved
630743,630743,/capstor/scratch/cscs/ybudanaz/x86_64/hpcagent-bench-runs/git-scicomp-20260909/630743/judge/rank-0/hpcagent_bench0.db,call,git-scicomp-kimi27sglang-repo.n0.p24.w24,git-scicomp-kimi27sglang-repo,0,0,24,24,jacobi_2d,0,c,c,moonshotai/Kimi-K2.7-Code,fuzzed,float64,restricted,36,0,ok,1,,,40.89312703921466,,,9368808,c-autopar,gcc,score,,native,AMD Instinct MI300A Accelerator,,1789018819447,,run_local,last_saved
630743,630743,/capstor/scratch/cscs/ybudanaz/x86_64/hpcagent-bench-runs/git-scicomp-20260909/630743/judge/rank-0/hpcagent_bench0.db,call,git-scicomp-kimi27sglang-repo.n0.p24.w24,git-scicomp-kimi27sglang-repo,0,0,24,24,jacobi_2d,0,c,c,moonshotai/Kimi-K2.7-Code,fuzzed,float64,restricted,37,0,ok,1,,,41.000347560067645,,,9771779,c-autopar,gcc,score,,native,AMD Instinct MI300A Accelerator,,1789019381001,,run_local,last_saved
630743,630743,/capstor/scratch/cscs/ybudanaz/x86_64/hpcagent-bench-runs/git-scicomp-20260909/630743/judge/rank-0/hpcagent_bench0.db,call,git-scicomp-kimi27sglang-repo.n0.p24.w24,git-scicomp-kimi27sglang-repo,0,0,24,24,jacobi_2d,0,c,c,moonshotai/Kimi-K2.7-Code,fuzzed,float64,restricted,38,0,ok,1,,,40.270664269225165,,,10335479,c-autopar,gcc,score,,native,AMD Instinct MI300A Accelerator,,1789020665627,,run_local,last_saved
630743,630743,/capstor/scratch/cscs/ybudanaz/x86_64/hpcagent-bench-runs/git-scicomp-20260909/630743/judge/rank-0/hpcagent_bench0.db,call,git-scicomp-kimi27sglang-repo.n0.p24.w24,git-scicomp-kimi27sglang-repo,0,0,24,24,jacobi_2d,0,c,c,moonshotai/Kimi-K2.7-Code,fuzzed,float64,restricted,39,0,ok,1,,,40.50662395699789,,,10623384,c-autopar,gcc,score,,native,AMD Instinct MI300A Accelerator,,1789020871732,,run_local,last_saved
630743,630743,/capstor/scratch/cscs/ybudanaz/x86_64/hpcagent-bench-runs/git-scicomp-20260909/630743/judge/rank-0/hpcagent_bench0.db,call,git-scicomp-kimi27sglang-repo.n0.p24.w24,git-scicomp-kimi27sglang-repo,0,0,24,24,jacobi_2d,0,c,c,moonshotai/Kimi-K2.7-Code,fuzzed,float64,restricted,40,0,ok,1,,,41.32412889609746,,,10913610,c-autopar,gcc,score,,native,AMD Instinct MI300A Accelerator,,1789020964757,,run_local,last_saved
630743,630743,/capstor/scratch/cscs/ybudanaz/x86_64/hpcagent-bench-runs/git-scicomp-20260909/630743/judge/rank-0/hpcagent_bench0.db,call,git-scicomp-kimi27sglang-repo.n0.p24.w24,git-scicomp-kimi27sglang-repo,0,0,24,24,jacobi_2d,0,c,c,moonshotai/Kimi-K2.7-Code,fuzzed,float64,restricted,41,0,score_error,0,,,0.0,,,11059280,c-autopar,gcc,submit,,native,AMD Instinct MI300A Accelerator,,1789022326206,,run_local,last_saved
630743,630743,/capstor/scratch/cscs/ybudanaz/x86_64/hpcagent-bench-runs/git-scicomp-20260909/630743/judge/rank-0/hpcagent_bench0.db,call,git-scicomp-kimi27sglang-repo.n0.p8.w8,git-scicomp-kimi27sglang-repo,0,0,8,8,kmp,0,c,c,moonshotai/Kimi-K2.7-Code,fuzzed,float64,restricted,1,0,ok,1,,,0.9216643898562759,,,78814,c-autopar,gcc,score,,native,AMD Instinct MI300A Accelerator,,1788992008493,,run_local,last_saved
630743,630743,/capstor/scratch/cscs/ybudanaz/x86_64/hpcagent-bench-runs/git-scicomp-20260909/630743/judge/rank-0/hpcagent_bench0.db,call,git-scicomp-kimi27sglang-repo.n0.p8.w8,git-scicomp-kimi27sglang-repo,0,0,8,8,kmp,0,c,c,moonshotai/Kimi-K2.7-Code,fuzzed,float64,restricted,2,0,ok,1,,,4.865213184470707,,,145217,c-autopar,gcc,score,,native,AMD Instinct MI300A Accelerator,,1788993383534,,run_local,last_saved
630743,630743,/capstor/scratch/cscs/ybudanaz/x86_64/hpcagent-bench-runs/git-scicomp-20260909/630743/judge/rank-0/hpcagent_bench0.db,call,git-scicomp-kimi27sglang-repo.n0.p8.w8,git-scicomp-kimi27sglang-repo,0,0,8,8,kmp,0,c,c,moonshotai/Kimi-K2.7-Code,fuzzed,float64,restricted,3,0,ok,1,,,25.28277089016298,,,185685,c-autopar,gcc,score,,native,AMD Instinct MI300A Accelerator,,1788995639771,,run_local,last_saved
630743,630743,/capstor/scratch/cscs/ybudanaz/x86_64/hpcagent-bench-runs/git-scicomp-20260909/630743/judge/rank-0/hpcagent_bench0.db,call,git-scicomp-kimi27sglang-repo.n0.p8.w8,git-scicomp-kimi27sglang-repo,0,0,8,8,kmp,0,c,c,moonshotai/Kimi-K2.7-Code,fuzzed,float64,restricted,4,0,incorrect,0,,,66.00218342042221,,,290643,c-autopar,gcc,score,,native,AMD Instinct MI300A Accelerator,,1788997060208,,run_local,last_saved
630743,630743,/capstor/scratch/cscs/ybudanaz/x86_64/hpcagent-bench-runs/git-scicomp-20260909/630743/judge/rank-0/hpcagent_bench0.db,call,git-scicomp-kimi27sglang-repo.n0.p8.w8,git-scicomp-kimi27sglang-repo,0,0,8,8,kmp,0,c,c,moonshotai/Kimi-K2.7-Code,fuzzed,float64,restricted,5,0,ok,1,,,68.31837602849619,,,421152,c-autopar,gcc,score,,native,AMD Instinct MI300A Accelerator,,1788999088034,,run_local,last_saved
630743,630743,/capstor/scratch/cscs/ybudanaz/x86_64/hpcagent-bench-runs/git-scicomp-20260909/630743/judge/rank-0/hpcagent_bench0.db,call,git-scicomp-kimi27sglang-repo.n0.p8.w8,git-scicomp-kimi27sglang-repo,0,0,8,8,kmp,0,c,c,moonshotai/Kimi-K2.7-Code,fuzzed,float64,restricted,6,0,ok,1,,,3.668285344365541,,,592839,c-autopar,gcc,score,,native,AMD Instinct MI300A Accelerator,,1789000470810,,run_local,last_saved
630743,630743,/capstor/scratch/cscs/ybudanaz/x86_64/hpcagent-bench-runs/git-scicomp-20260909/630743/judge/rank-0/hpcagent_bench0.db,call,git-scicomp-kimi27sglang-repo.n0.p8.w8,git-scicomp-kimi27sglang-repo,0,0,8,8,kmp,0,c,c,moonshotai/Kimi-K2.7-Code,fuzzed,float64,restricted,7,0,ok,1,,,67.21187274975006,,,690537,c-autopar,gcc,score,,native,AMD Instinct MI300A Accelerator,,1789002120100,,run_local,last_saved
630743,630743,/capstor/scratch/cscs/ybudanaz/x86_64/hpcagent-bench-runs/git-scicomp-20260909/630743/judge/rank-0/hpcagent_bench0.db,call,git-scicomp-kimi27sglang-repo.n0.p8.w8,git-scicomp-kimi27sglang-repo,0,0,8,8,kmp,0,c,c,moonshotai/Kimi-K2.7-Code,fuzzed,float64,restricted,8,0,ok,1,,,64.25851710984539,,,850698,c-autopar,gcc,score,,native,AMD Instinct MI300A Accelerator,,1789003292757,,run_local,last_saved
630743,630743,/capstor/scratch/cscs/ybudanaz/x86_64/hpcagent-bench-runs/git-scicomp-20260909/630743/judge/rank-0/hpcagent_bench0.db,call,git-scicomp-kimi27sglang-repo.n0.p8.w8,git-scicomp-kimi27sglang-repo,0,0,8,8,kmp,0,c,c,moonshotai/Kimi-K2.7-Code,fuzzed,float64,restricted,9,0,ok,1,,,68.67716269335779,,,971095,c-autopar,gcc,score,,native,AMD Instinct MI300A Accelerator,,1789005463831,,run_local,last_saved
630743,630743,/capstor/scratch/cscs/ybudanaz/x86_64/hpcagent-bench-runs/git-scicomp-20260909/630743/judge/rank-0/hpcagent_bench0.db,call,git-scicomp-kimi27sglang-repo.n0.p8.w8,git-scicomp-kimi27sglang-repo,0,0,8,8,kmp,0,c,c,moonshotai/Kimi-K2.7-Code,fuzzed,float64,restricted,10,0,ok,1,,,65.41095160973461,,,1379338,c-autopar,gcc,score,,native,AMD Instinct MI300A Accelerator,,1789006492612,,run_local,last_saved
630743,630743,/capstor/scratch/cscs/ybudanaz/x86_64/hpcagent-bench-runs/git-scicomp-20260909/630743/judge/rank-0/hpcagent_bench0.db,call,git-scicomp-kimi27sglang-repo.n0.p8.w8,git-scicomp-kimi27sglang-repo,0,0,8,8,kmp,0,c,c,moonshotai/Kimi-K2.7-Code,fuzzed,float64,restricted,11,0,ok,1,,,65.9626906617143,,,1831257,c-autopar,gcc,submit,,native,AMD Instinct MI300A Accelerator,,1789009710672,,run_local,last_saved
630743,630743,/capstor/scratch/cscs/ybudanaz/x86_64/hpcagent-bench-runs/git-scicomp-20260909/630743/judge/rank-0/hpcagent_bench0.db,submission,git-scicomp-kimi27sglang-repo.n0.p0.w0,git-scicomp-kimi27sglang-repo,0,0,0,0,addusxx_g,0,c,,moonshotai/Kimi-K2.7-Code,fuzzed,float64,restricted,1,1,,,,,92.51775186794305,31838705.0,421083.0,,c-autopar,,,0,native,AMD Instinct MI300A Accelerator,,1789005734680,34/34768c55760c1025c0467a122e8eddae91a579bb1ab2f4319da98ee9d0e910ab.txt,run_local,graded_attempt
630743,630743,/capstor/scratch/cscs/ybudanaz/x86_64/hpcagent-bench-runs/git-scicomp-20260909/630743/judge/rank-0/hpcagent_bench0.db,submission,git-scicomp-kimi27sglang-repo.n0.p8.w8,git-scicomp-kimi27sglang-repo,0,0,8,8,kmp,0,c,,moonshotai/Kimi-K2.7-Code,fuzzed,float64,restricted,1,1,,,,,65.9626906617143,1813041669.0,25998399.0,,c-autopar,,,0,native,AMD Instinct MI300A Accelerator,,1789009710147,ff/ff812be559f331c3b6f164e6632af0ab5b2ccee5961f9e6d18a7708090068723.txt,run_local,graded_attempt
630743,630743,/capstor/scratch/cscs/ybudanaz/x86_64/hpcagent-bench-runs/git-scicomp-20260909/630743/judge/rank-1/hpcagent_bench1.db,attempt,git-scicomp-kimi27sglang-repo.n0.p17.w17,git-scicomp-kimi27sglang-repo,0,0,17,17,fdtd_2d,0,c,,moonshotai/Kimi-K2.7-Code,fuzzed,float64,restricted,1,0,,0,1,score_error,,,,,,,,,native,AMD Instinct MI300A Accelerator,,1789028169600,9c/9cbc2d8f0cec38defa4d4f618243ba78bcbf9a0031133ee209e006aa9e03beb7.txt,run_local,graded_attempt
630743,630743,/capstor/scratch/cscs/ybudanaz/x86_64/hpcagent-bench-runs/git-scicomp-20260909/630743/judge/rank-1/hpcagent_bench1.db,attempt,git-scicomp-kimi27sglang-repo.n0.p25.w25,git-scicomp-kimi27sglang-repo,0,0,25,25,jacobi_2d,0,c,,moonshotai/Kimi-K2.7-Code,fuzzed,float64,restricted,1,0,,0,1,score_error,,,,,,,,,native,AMD Instinct MI300A Accelerator,,1789021701114,26/26cf83344608a13a9ca5f007ec5b40f8ce085e9e8d14aac7d426a61c85770de6.txt,run_local,graded_attempt
630743,630743,/capstor/scratch/cscs/ybudanaz/x86_64/hpcagent-bench-runs/git-scicomp-20260909/630743/judge/rank-1/hpcagent_bench1.db,call,git-scicomp-kimi27sglang-repo.n0.p1.w1,git-scicomp-kimi27sglang-repo,0,0,1,1,addusxx_g,0,c,c,moonshotai/Kimi-K2.7-Code,fuzzed,float64,restricted,1,0,ok,1,,,65.17007677530937,,,316479,c-autopar,gcc,score,,native,AMD Instinct MI300A Accelerator,,1788993074701,,run_local,last_saved
630743,630743,/capstor/scratch/cscs/ybudanaz/x86_64/hpcagent-bench-runs/git-scicomp-20260909/630743/judge/rank-1/hpcagent_bench1.db,call,git-scicomp-kimi27sglang-repo.n0.p1.w1,git-scicomp-kimi27sglang-repo,0,0,1,1,addusxx_g,0,c,c,moonshotai/Kimi-K2.7-Code,fuzzed,float64,restricted,2,0,ok,1,,,67.23066262422763,,,488616,c-autopar,gcc,score,,native,AMD Instinct MI300A Accelerator,,1788994663573,,run_local,last_saved
630743,630743,/capstor/scratch/cscs/ybudanaz/x86_64/hpcagent-bench-runs/git-scicomp-20260909/630743/judge/rank-1/hpcagent_bench1.db,call,git-scicomp-kimi27sglang-repo.n0.p1.w1,git-scicomp-kimi27sglang-repo,0,0,1,1,addusxx_g,0,c,c,moonshotai/Kimi-K2.7-Code,fuzzed,float64,restricted,3,0,ok,1,,,45.52758656049649,,,616407,c-autopar,gcc,score,,native,AMD Instinct MI300A Accelerator,,1788996418637,,run_local,last_saved
630743,630743,/capstor/scratch/cscs/ybudanaz/x86_64/hpcagent-bench-runs/git-scicomp-20260909/630743/judge/rank-1/hpcagent_bench1.db,call,git-scicomp-kimi27sglang-repo.n0.p1.w1,git-scicomp-kimi27sglang-repo,0,0,1,1,addusxx_g,0,c,c,moonshotai/Kimi-K2.7-Code,fuzzed,float64,restricted,4,0,ok,1,,,67.82242346654978,,,709579,c-autopar,gcc,score,,native,AMD Instinct MI300A Accelerator,,1788997371010,,run_local,last_saved
630743,630743,/capstor/scratch/cscs/ybudanaz/x86_64/hpcagent-bench-runs/git-scicomp-20260909/630743/judge/rank-1/hpcagent_bench1.db,call,git-scicomp-kimi27sglang-repo.n0.p1.w1,git-scicomp-kimi27sglang-repo,0,0,1,1,addusxx_g,0,c,c,moonshotai/Kimi-K2.7-Code,fuzzed,float64,restricted,5,0,ok,1,,,67.96348437528599,,,1014304,c-autopar,gcc,score,,native,AMD Instinct MI300A Accelerator,,1788998179770,,run_local,last_saved
630743,630743,/capstor/scratch/cscs/ybudanaz/x86_64/hpcagent-bench-runs/git-scicomp-20260909/630743/judge/rank-1/hpcagent_bench1.db,call,git-scicomp-kimi27sglang-repo.n0.p1.w1,git-scicomp-kimi27sglang-repo,0,0,1,1,addusxx_g,0,c,c,moonshotai/Kimi-K2.7-Code,fuzzed,float64,restricted,6,0,ok,1,,,65.00413454621844,,,1302484,c-autopar,gcc,score,,native,AMD Instinct MI300A Accelerator,,1788999989332,,run_local,last_saved
630743,630743,/capstor/scratch/cscs/ybudanaz/x86_64/hpcagent-bench-runs/git-scicomp-20260909/630743/judge/rank-1/hpcagent_bench1.db,call,git-scicomp-kimi27sglang-repo.n0.p1.w1,git-scicomp-kimi27sglang-repo,0,0,1,1,addusxx_g,0,c,c,moonshotai/Kimi-K2.7-Code,fuzzed,float64,restricted,7,0,ok,1,,,60.56277087086419,,,1565670,c-autopar,gcc,score,,native,AMD Instinct MI300A Accelerator,,1789001776172,,run_local,last_saved
630743,630743,/capstor/scratch/cscs/ybudanaz/x86_64/hpcagent-bench-runs/git-scicomp-20260909/630743/judge/rank-1/hpcagent_bench1.db,call,git-scicomp-kimi27sglang-repo.n0.p1.w1,git-scicomp-kimi27sglang-repo,0,0,1,1,addusxx_g,0,c,c,moonshotai/Kimi-K2.7-Code,fuzzed,float64,restricted,8,0,ok,1,,,66.32458017647039,,,1705738,c-autopar,gcc,score,,native,AMD Instinct MI300A Accelerator,,1789002523046,,run_local,last_saved
630743,630743,/capstor/scratch/cscs/ybudanaz/x86_64/hpcagent-bench-runs/git-scicomp-20260909/630743/judge/rank-1/hpcagent_bench1.db,call,git-scicomp-kimi27sglang-repo.n0.p1.w1,git-scicomp-kimi27sglang-repo,0,0,1,1,addusxx_g,0,c,c,moonshotai/Kimi-K2.7-Code,fuzzed,float64,restricted,9,0,ok,1,,,65.71000331395368,,,1926514,c-autopar,gcc,score,,native,AMD Instinct MI300A Accelerator,,1789003378866,,run_local,last_saved
630743,630743,/capstor/scratch/cscs/ybudanaz/x86_64/hpcagent-bench-runs/git-scicomp-20260909/630743/judge/rank-1/hpcagent_bench1.db,call,git-scicomp-kimi27sglang-repo.n0.p1.w1,git-scicomp-kimi27sglang-repo,0,0,1,1,addusxx_g,0,c,c,moonshotai/Kimi-K2.7-Code,fuzzed,float64,restricted,10,0,ok,1,,,64.55110039287328,,,2236345,c-autopar,gcc,score,,native,AMD Instinct MI300A Accelerator,,1789004253251,,run_local,last_saved
630743,630743,/capstor/scratch/cscs/ybudanaz/x86_64/hpcagent-bench-runs/git-scicomp-20260909/630743/judge/rank-1/hpcagent_bench1.db,call,git-scicomp-kimi27sglang-repo.n0.p1.w1,git-scicomp-kimi27sglang-repo,0,0,1,1,addusxx_g,0,c,c,moonshotai/Kimi-K2.7-Code,fuzzed,float64,restricted,11,0,ok,1,,,73.59248603215052,,,2315110,c-autopar,gcc,submit,,native,AMD Instinct MI300A Accelerator,,1789004761891,,run_local,last_saved
630743,630743,/capstor/scratch/cscs/ybudanaz/x86_64/hpcagent-bench-runs/git-scicomp-20260909/630743/judge/rank-1/hpcagent_bench1.db,call,git-scicomp-kimi27sglang-repo.n0.p17.w17,git-scicomp-kimi27sglang-repo,0,0,17,17,fdtd_2d,0,c,c,moonshotai/Kimi-K2.7-Code,fuzzed,float64,restricted,1,0,ok,1,,,1.0012844782659396,,,90182,c-autopar,gcc,score,,native,AMD Instinct MI300A Accelerator,,1788991797689,,run_local,last_saved
630743,630743,/capstor/scratch/cscs/ybudanaz/x86_64/hpcagent-bench-runs/git-scicomp-20260909/630743/judge/rank-1/hpcagent_bench1.db,call,git-scicomp-kimi27sglang-repo.n0.p17.w17,git-scicomp-kimi27sglang-repo,0,0,17,17,fdtd_2d,0,c,c,moonshotai/Kimi-K2.7-Code,fuzzed,float64,restricted,2,0,too_slow,0,,,0.0,,,227126,c-autopar,gcc,score,,native,AMD Instinct MI300A Accelerator,,1788994753014,,run_local,last_saved
630743,630743,/capstor/scratch/cscs/ybudanaz/x86_64/hpcagent-bench-runs/git-scicomp-20260909/630743/judge/rank-1/hpcagent_bench1.db,call,git-scicomp-kimi27sglang-repo.n0.p17.w17,git-scicomp-kimi27sglang-repo,0,0,17,17,fdtd_2d,0,c,c,moonshotai/Kimi-K2.7-Code,fuzzed,float64,restricted,3,0,incorrect,0,,,0.9541921512957515,,,735251,c-autopar,gcc,score,,native,AMD Instinct MI300A Accelerator,,1789004990018,,run_local,last_saved
630743,630743,/capstor/scratch/cscs/ybudanaz/x86_64/hpcagent-bench-runs/git-scicomp-20260909/630743/judge/rank-1/hpcagent_bench1.db,call,git-scicomp-kimi27sglang-repo.n0.p17.w17,git-scicomp-kimi27sglang-repo,0,0,17,17,fdtd_2d,0,c,c,moonshotai/Kimi-K2.7-Code,fuzzed,float64,restricted,4,0,ok,1,,,1.0036478080207007,,,951473,c-autopar,gcc,score,,native,AMD Instinct MI300A Accelerator,,1789006531744,,run_local,last_saved
630743,630743,/capstor/scratch/cscs/ybudanaz/x86_64/hpcagent-bench-runs/git-scicomp-20260909/630743/judge/rank-1/hpcagent_bench1.db,call,git-scicomp-kimi27sglang-repo.n0.p17.w17,git-scicomp-kimi27sglang-repo,0,0,17,17,fdtd_2d,0,c,c,moonshotai/Kimi-K2.7-Code,fuzzed,float64,restricted,5,0,ok,1,,,2.652800561482382,,,1510394,c-autopar,gcc,score,,native,AMD Instinct MI300A Accelerator,,1789007214437,,run_local,last_saved
630743,630743,/capstor/scratch/cscs/ybudanaz/x86_64/hpcagent-bench-runs/git-scicomp-20260909/630743/judge/rank-1/hpcagent_bench1.db,call,git-scicomp-kimi27sglang-repo.n0.p17.w17,git-scicomp-kimi27sglang-repo,0,0,17,17,fdtd_2d,0,c,c,moonshotai/Kimi-K2.7-Code,fuzzed,float64,restricted,6,0,ok,1,,,2.909322678827579,,,1923030,c-autopar,gcc,score,,native,AMD Instinct MI300A Accelerator,,1789007361920,,run_local,last_saved
630743,630743,/capstor/scratch/cscs/ybudanaz/x86_64/hpcagent-bench-runs/git-scicomp-20260909/630743/judge/rank-1/hpcagent_bench1.db,call,git-scicomp-kimi27sglang-repo.n0.p17.w17,git-scicomp-kimi27sglang-repo,0,0,17,17,fdtd_2d,0,c,c,moonshotai/Kimi-K2.7-Code,fuzzed,float64,restricted,7,0,ok,1,,,3.1475593995432147,,,2172980,c-autopar,gcc,score,,native,AMD Instinct MI300A Accelerator,,1789007445754,,run_local,last_saved
630743,630743,/capstor/scratch/cscs/ybudanaz/x86_64/hpcagent-bench-runs/git-scicomp-20260909/630743/judge/rank-1/hpcagent_bench1.db,call,git-scicomp-kimi27sglang-repo.n0.p17.w17,git-scicomp-kimi27sglang-repo,0,0,17,17,fdtd_2d,0,c,c,moonshotai/Kimi-K2.7-Code,fuzzed,float64,restricted,8,0,ok,1,,,3.32098284906,,,2509069,c-autopar,gcc,score,,native,AMD Instinct MI300A Accelerator,,1789007591025,,run_local,last_saved
630743,630743,/capstor/scratch/cscs/ybudanaz/x86_64/hpcagent-bench-runs/git-scicomp-20260909/630743/judge/rank-1/hpcagent_bench1.db,call,git-scicomp-kimi27sglang-repo.n0.p17.w17,git-scicomp-kimi27sglang-repo,0,0,17,17,fdtd_2d,0,c,c,moonshotai/Kimi-K2.7-Code,fuzzed,float64,restricted,9,0,ok,1,,,3.5252982206649754,,,2763323,c-autopar,gcc,score,,native,AMD Instinct MI300A Accelerator,,1789007682723,,run_local,last_saved
630743,630743,/capstor/scratch/cscs/ybudanaz/x86_64/hpcagent-bench-runs/git-scicomp-20260909/630743/judge/rank-1/hpcagent_bench1.db,call,git-scicomp-kimi27sglang-repo.n0.p17.w17,git-scicomp-kimi27sglang-repo,0,0,17,17,fdtd_2d,0,c,c,moonshotai/Kimi-K2.7-Code,fuzzed,float64,restricted,10,0,ok,1,,,3.586842163206894,,,3019443,c-autopar,gcc,score,,native,AMD Instinct MI300A Accelerator,,1789007772316,,run_local,last_saved
630743,630743,/capstor/scratch/cscs/ybudanaz/x86_64/hpcagent-bench-runs/git-scicomp-20260909/630743/judge/rank-1/hpcagent_bench1.db,call,git-scicomp-kimi27sglang-repo.n0.p17.w17,git-scicomp-kimi27sglang-repo,0,0,17,17,fdtd_2d,0,c,c,moonshotai/Kimi-K2.7-Code,fuzzed,float64,restricted,11,0,ok,1,,,3.7199999475730623,,,3277423,c-autopar,gcc,score,,native,AMD Instinct MI300A Accelerator,,1789007862777,,run_local,last_saved
630743,630743,/capstor/scratch/cscs/ybudanaz/x86_64/hpcagent-bench-runs/git-scicomp-20260909/630743/judge/rank-1/hpcagent_bench1.db,call,git-scicomp-kimi27sglang-repo.n0.p17.w17,git-scicomp-kimi27sglang-repo,0,0,17,17,fdtd_2d,0,c,c,moonshotai/Kimi-K2.7-Code,fuzzed,float64,restricted,12,0,ok,1,,,3.564058067119007,,,3537269,c-autopar,gcc,score,,native,AMD Instinct MI300A Accelerator,,1789007981325,,run_local,last_saved
630743,630743,/capstor/scratch/cscs/ybudanaz/x86_64/hpcagent-bench-runs/git-scicomp-20260909/630743/judge/rank-1/hpcagent_bench1.db,call,git-scicomp-kimi27sglang-repo.n0.p17.w17,git-scicomp-kimi27sglang-repo,0,0,17,17,fdtd_2d,0,c,c,moonshotai/Kimi-K2.7-Code,fuzzed,float64,restricted,13,0,ok,1,,,3.586840742943164,,,3799191,c-autopar,gcc,score,,native,AMD Instinct MI300A Accelerator,,1789008113710,,run_local,last_saved
630743,630743,/capstor/scratch/cscs/ybudanaz/x86_64/hpcagent-bench-runs/git-scicomp-20260909/630743/judge/rank-1/hpcagent_bench1.db,call,git-scicomp-kimi27sglang-repo.n0.p17.w17,git-scicomp-kimi27sglang-repo,0,0,17,17,fdtd_2d,0,c,c,moonshotai/Kimi-K2.7-Code,fuzzed,float64,restricted,14,0,ok,1,,,3.656130832750653,,,4063101,c-autopar,gcc,score,,native,AMD Instinct MI300A Accelerator,,1789008209037,,run_local,last_saved
630743,630743,/capstor/scratch/cscs/ybudanaz/x86_64/hpcagent-bench-runs/git-scicomp-20260909/630743/judge/rank-1/hpcagent_bench1.db,call,git-scicomp-kimi27sglang-repo.n0.p17.w17,git-scicomp-kimi27sglang-repo,0,0,17,17,fdtd_2d,0,c,c,moonshotai/Kimi-K2.7-Code,fuzzed,float64,restricted,15,0,ok,1,,,3.5195718822341364,,,4329375,c-autopar,gcc,score,,native,AMD Instinct MI300A Accelerator,,1789008370791,,run_local,last_saved
630743,630743,/capstor/scratch/cscs/ybudanaz/x86_64/hpcagent-bench-runs/git-scicomp-20260909/630743/judge/rank-1/hpcagent_bench1.db,call,git-scicomp-kimi27sglang-repo.n0.p17.w17,git-scicomp-kimi27sglang-repo,0,0,17,17,fdtd_2d,0,c,c,moonshotai/Kimi-K2.7-Code,fuzzed,float64,restricted,16,0,ok,1,,,3.6339737723212453,,,4597778,c-autopar,gcc,score,,native,AMD Instinct MI300A Accelerator,,1789008459310,,run_local,last_saved
630743,630743,/capstor/scratch/cscs/ybudanaz/x86_64/hpcagent-bench-runs/git-scicomp-20260909/630743/judge/rank-1/hpcagent_bench1.db,call,git-scicomp-kimi27sglang-repo.n0.p17.w17,git-scicomp-kimi27sglang-repo,0,0,17,17,fdtd_2d,0,c,c,moonshotai/Kimi-K2.7-Code,fuzzed,float64,restricted,17,0,ok,1,,,3.6882969362008104,,,4868077,c-autopar,gcc,score,,native,AMD Instinct MI300A Accelerator,,1789008569496,,run_local,last_saved
630743,630743,/capstor/scratch/cscs/ybudanaz/x86_64/hpcagent-bench-runs/git-scicomp-20260909/630743/judge/rank-1/hpcagent_bench1.db,call,git-scicomp-kimi27sglang-repo.n0.p17.w17,git-scicomp-kimi27sglang-repo,0,0,17,17,fdtd_2d,0,c,c,moonshotai/Kimi-K2.7-Code,fuzzed,float64,restricted,18,0,ok,1,,,3.6590175684743174,,,5140519,c-autopar,gcc,score,,native,AMD Instinct MI300A Accelerator,,1789008692596,,run_local,last_saved
630743,630743,/capstor/scratch/cscs/ybudanaz/x86_64/hpcagent-bench-runs/git-scicomp-20260909/630743/judge/rank-1/hpcagent_bench1.db,call,git-scicomp-kimi27sglang-repo.n0.p17.w17,git-scicomp-kimi27sglang-repo,0,0,17,17,fdtd_2d,0,c,c,moonshotai/Kimi-K2.7-Code,fuzzed,float64,restricted,19,0,ok,1,,,3.678978362018972,,,5414976,c-autopar,gcc,score,,native,AMD Instinct MI300A Accelerator,,1789008798056,,run_local,last_saved
630743,630743,/capstor/scratch/cscs/ybudanaz/x86_64/hpcagent-bench-runs/git-scicomp-20260909/630743/judge/rank-1/hpcagent_bench1.db,call,git-scicomp-kimi27sglang-repo.n0.p17.w17,git-scicomp-kimi27sglang-repo,0,0,17,17,fdtd_2d,0,c,c,moonshotai/Kimi-K2.7-Code,fuzzed,float64,restricted,20,0,ok,1,,,3.5793588858501613,,,5691331,c-autopar,gcc,score,,native,AMD Instinct MI300A Accelerator,,1789008898080,,run_local,last_saved
630743,630743,/capstor/scratch/cscs/ybudanaz/x86_64/hpcagent-bench-runs/git-scicomp-20260909/630743/judge/rank-1/hpcagent_bench1.db,call,git-scicomp-kimi27sglang-repo.n0.p17.w17,git-scicomp-kimi27sglang-repo,0,0,17,17,fdtd_2d,0,c,c,moonshotai/Kimi-K2.7-Code,fuzzed,float64,restricted,21,0,ok,1,,,3.7690695871611197,,,5973357,c-autopar,gcc,score,,native,AMD Instinct MI300A Accelerator,,1789009379760,,run_local,last_saved
630743,630743,/capstor/scratch/cscs/ybudanaz/x86_64/hpcagent-bench-runs/git-scicomp-20260909/630743/judge/rank-1/hpcagent_bench1.db,call,git-scicomp-kimi27sglang-repo.n0.p17.w17,git-scicomp-kimi27sglang-repo,0,0,17,17,fdtd_2d,0,c,c,moonshotai/Kimi-K2.7-Code,fuzzed,float64,restricted,22,0,ok,1,,,3.7690576788227266,,,6259310,c-autopar,gcc,score,,native,AMD Instinct MI300A Accelerator,,1789009478696,,run_local,last_saved
630743,630743,/capstor/scratch/cscs/ybudanaz/x86_64/hpcagent-bench-runs/git-scicomp-20260909/630743/judge/rank-1/hpcagent_bench1.db,call,git-scicomp-kimi27sglang-repo.n0.p17.w17,git-scicomp-kimi27sglang-repo,0,0,17,17,fdtd_2d,0,c,c,moonshotai/Kimi-K2.7-Code,fuzzed,float64,restricted,23,0,ok,1,,,3.5729281618051574,,,6547216,c-autopar,gcc,score,,native,AMD Instinct MI300A Accelerator,,1789009570981,,run_local,last_saved
630743,630743,/capstor/scratch/cscs/ybudanaz/x86_64/hpcagent-bench-runs/git-scicomp-20260909/630743/judge/rank-1/hpcagent_bench1.db,call,git-scicomp-kimi27sglang-repo.n0.p17.w17,git-scicomp-kimi27sglang-repo,0,0,17,17,fdtd_2d,0,c,c,moonshotai/Kimi-K2.7-Code,fuzzed,float64,restricted,24,0,ok,1,,,3.5670549665869893,,,6837026,c-autopar,gcc,score,,native,AMD Instinct MI300A Accelerator,,1789009656105,,run_local,last_saved
630743,630743,/capstor/scratch/cscs/ybudanaz/x86_64/hpcagent-bench-runs/git-scicomp-20260909/630743/judge/rank-1/hpcagent_bench1.db,call,git-scicomp-kimi27sglang-repo.n0.p17.w17,git-scicomp-kimi27sglang-repo,0,0,17,17,fdtd_2d,0,c,c,moonshotai/Kimi-K2.7-Code,fuzzed,float64,restricted,25,0,ok,1,,,3.723769771521824,,,7128857,c-autopar,gcc,score,,native,AMD Instinct MI300A Accelerator,,1789009745520,,run_local,last_saved
630743,630743,/capstor/scratch/cscs/ybudanaz/x86_64/hpcagent-bench-runs/git-scicomp-20260909/630743/judge/rank-1/hpcagent_bench1.db,call,git-scicomp-kimi27sglang-repo.n0.p17.w17,git-scicomp-kimi27sglang-repo,0,0,17,17,fdtd_2d,0,c,c,moonshotai/Kimi-K2.7-Code,fuzzed,float64,restricted,26,0,ok,1,,,3.616194065814171,,,7422782,c-autopar,gcc,score,,native,AMD Instinct MI300A Accelerator,,1789009846549,,run_local,last_saved
630743,630743,/capstor/scratch/cscs/ybudanaz/x86_64/hpcagent-bench-runs/git-scicomp-20260909/630743/judge/rank-1/hpcagent_bench1.db,call,git-scicomp-kimi27sglang-repo.n0.p17.w17,git-scicomp-kimi27sglang-repo,0,0,17,17,fdtd_2d,0,c,c,moonshotai/Kimi-K2.7-Code,fuzzed,float64,restricted,27,0,incorrect,0,,,0.0,,,7728832,c-autopar,gcc,score,,native,AMD Instinct MI300A Accelerator,,1789011007107,,run_local,last_saved
630743,630743,/capstor/scratch/cscs/ybudanaz/x86_64/hpcagent-bench-runs/git-scicomp-20260909/630743/judge/rank-1/hpcagent_bench1.db,call,git-scicomp-kimi27sglang-repo.n0.p17.w17,git-scicomp-kimi27sglang-repo,0,0,17,17,fdtd_2d,0,c,c,moonshotai/Kimi-K2.7-Code,fuzzed,float64,restricted,28,0,ok,1,,,3.508812708739947,,,8049765,c-autopar,gcc,score,,native,AMD Instinct MI300A Accelerator,,1789011973725,,run_local,last_saved
630743,630743,/capstor/scratch/cscs/ybudanaz/x86_64/hpcagent-bench-runs/git-scicomp-20260909/630743/judge/rank-1/hpcagent_bench1.db,call,git-scicomp-kimi27sglang-repo.n0.p17.w17,git-scicomp-kimi27sglang-repo,0,0,17,17,fdtd_2d,0,c,c,moonshotai/Kimi-K2.7-Code,fuzzed,float64,restricted,29,0,ok,1,,,3.6870865125160086,,,8384348,c-autopar,gcc,score,,native,AMD Instinct MI300A Accelerator,,1789012865826,,run_local,last_saved
630743,630743,/capstor/scratch/cscs/ybudanaz/x86_64/hpcagent-bench-runs/git-scicomp-20260909/630743/judge/rank-1/hpcagent_bench1.db,call,git-scicomp-kimi27sglang-repo.n0.p17.w17,git-scicomp-kimi27sglang-repo,0,0,17,17,fdtd_2d,0,c,c,moonshotai/Kimi-K2.7-Code,fuzzed,float64,restricted,30,0,ok,1,,,3.6697013725189285,,,8497647,c-autopar,gcc,score,,native,AMD Instinct MI300A Accelerator,,1789013429672,,run_local,last_saved
630743,630743,/capstor/scratch/cscs/ybudanaz/x86_64/hpcagent-bench-runs/git-scicomp-20260909/630743/judge/rank-1/hpcagent_bench1.db,call,git-scicomp-kimi27sglang-repo.n0.p17.w17,git-scicomp-kimi27sglang-repo,0,0,17,17,fdtd_2d,0,c,c,moonshotai/Kimi-K2.7-Code,fuzzed,float64,restricted,31,0,ok,1,,,4.177704152140779,,,8856233,c-autopar,gcc,score,,native,AMD Instinct MI300A Accelerator,,1789014513214,,run_local,last_saved
630743,630743,/capstor/scratch/cscs/ybudanaz/x86_64/hpcagent-bench-runs/git-scicomp-20260909/630743/judge/rank-1/hpcagent_bench1.db,call,git-scicomp-kimi27sglang-repo.n0.p17.w17,git-scicomp-kimi27sglang-repo,0,0,17,17,fdtd_2d,0,c,c,moonshotai/Kimi-K2.7-Code,fuzzed,float64,restricted,32,0,ok,1,,,4.0646669245933325,,,8977924,c-autopar,gcc,score,,native,AMD Instinct MI300A Accelerator,,1789014554946,,run_local,last_saved
630743,630743,/capstor/scratch/cscs/ybudanaz/x86_64/hpcagent-bench-runs/git-scicomp-20260909/630743/judge/rank-1/hpcagent_bench1.db,call,git-scicomp-kimi27sglang-repo.n0.p17.w17,git-scicomp-kimi27sglang-repo,0,0,17,17,fdtd_2d,0,c,c,moonshotai/Kimi-K2.7-Code,fuzzed,float64,restricted,33,0,ok,1,,,3.6150094237360397,,,9467152,c-autopar,gcc,score,,native,AMD Instinct MI300A Accelerator,,1789014660363,,run_local,last_saved
630743,630743,/capstor/scratch/cscs/ybudanaz/x86_64/hpcagent-bench-runs/git-scicomp-20260909/630743/judge/rank-1/hpcagent_bench1.db,call,git-scicomp-kimi27sglang-repo.n0.p17.w17,git-scicomp-kimi27sglang-repo,0,0,17,17,fdtd_2d,0,c,c,moonshotai/Kimi-K2.7-Code,fuzzed,float64,restricted,34,0,ok,1,,,3.801503437283819,,,9836172,c-autopar,gcc,score,,native,AMD Instinct MI300A Accelerator,,1789014738050,,run_local,last_saved
630743,630743,/capstor/scratch/cscs/ybudanaz/x86_64/hpcagent-bench-runs/git-scicomp-20260909/630743/judge/rank-1/hpcagent_bench1.db,call,git-scicomp-kimi27sglang-repo.n0.p17.w17,git-scicomp-kimi27sglang-repo,0,0,17,17,fdtd_2d,0,c,c,moonshotai/Kimi-K2.7-Code,fuzzed,float64,restricted,35,0,ok,1,,,3.739247487665955,,,10207031,c-autopar,gcc,score,,native,AMD Instinct MI300A Accelerator,,1789014816667,,run_local,last_saved
630743,630743,/capstor/scratch/cscs/ybudanaz/x86_64/hpcagent-bench-runs/git-scicomp-20260909/630743/judge/rank-1/hpcagent_bench1.db,call,git-scicomp-kimi27sglang-repo.n0.p17.w17,git-scicomp-kimi27sglang-repo,0,0,17,17,fdtd_2d,0,c,c,moonshotai/Kimi-K2.7-Code,fuzzed,float64,restricted,36,0,ok,1,,,3.868001382086051,,,10579817,c-autopar,gcc,score,,native,AMD Instinct MI300A Accelerator,,1789014907426,,run_local,last_saved
630743,630743,/capstor/scratch/cscs/ybudanaz/x86_64/hpcagent-bench-runs/git-scicomp-20260909/630743/judge/rank-1/hpcagent_bench1.db,call,git-scicomp-kimi27sglang-repo.n0.p17.w17,git-scicomp-kimi27sglang-repo,0,0,17,17,fdtd_2d,0,c,c,moonshotai/Kimi-K2.7-Code,fuzzed,float64,restricted,37,0,ok,1,,,3.5781512055514777,,,10954522,c-autopar,gcc,score,,native,AMD Instinct MI300A Accelerator,,1789015021687,,run_local,last_saved
630743,630743,/capstor/scratch/cscs/ybudanaz/x86_64/hpcagent-bench-runs/git-scicomp-20260909/630743/judge/rank-1/hpcagent_bench1.db,call,git-scicomp-kimi27sglang-repo.n0.p17.w17,git-scicomp-kimi27sglang-repo,0,0,17,17,fdtd_2d,0,c,c,moonshotai/Kimi-K2.7-Code,fuzzed,float64,restricted,38,0,ok,1,,,4.1291257299084325,,,11331114,c-autopar,gcc,score,,native,AMD Instinct MI300A Accelerator,,1789015140318,,run_local,last_saved
630743,630743,/capstor/scratch/cscs/ybudanaz/x86_64/hpcagent-bench-runs/git-scicomp-20260909/630743/judge/rank-1/hpcagent_bench1.db,call,git-scicomp-kimi27sglang-repo.n0.p17.w17,git-scicomp-kimi27sglang-repo,0,0,17,17,fdtd_2d,0,c,c,moonshotai/Kimi-K2.7-Code,fuzzed,float64,restricted,39,0,ok,1,,,4.097918329691411,,,11859463,c-autopar,gcc,score,,native,AMD Instinct MI300A Accelerator,,1789016706615,,run_local,last_saved
630743,630743,/capstor/scratch/cscs/ybudanaz/x86_64/hpcagent-bench-runs/git-scicomp-20260909/630743/judge/rank-1/hpcagent_bench1.db,call,git-scicomp-kimi27sglang-repo.n0.p17.w17,git-scicomp-kimi27sglang-repo,0,0,17,17,fdtd_2d,0,c,c,moonshotai/Kimi-K2.7-Code,fuzzed,float64,restricted,40,0,ok,1,,,4.174908624690293,,,12544552,c-autopar,gcc,score,,native,AMD Instinct MI300A Accelerator,,1789016847365,,run_local,last_saved
630743,630743,/capstor/scratch/cscs/ybudanaz/x86_64/hpcagent-bench-runs/git-scicomp-20260909/630743/judge/rank-1/hpcagent_bench1.db,call,git-scicomp-kimi27sglang-repo.n0.p17.w17,git-scicomp-kimi27sglang-repo,0,0,17,17,fdtd_2d,0,c,c,moonshotai/Kimi-K2.7-Code,fuzzed,float64,restricted,41,0,ok,1,,,4.020677012392465,,,12958862,c-autopar,gcc,score,,native,AMD Instinct MI300A Accelerator,,1789017051202,,run_local,last_saved
630743,630743,/capstor/scratch/cscs/ybudanaz/x86_64/hpcagent-bench-runs/git-scicomp-20260909/630743/judge/rank-1/hpcagent_bench1.db,call,git-scicomp-kimi27sglang-repo.n0.p17.w17,git-scicomp-kimi27sglang-repo,0,0,17,17,fdtd_2d,0,c,c,moonshotai/Kimi-K2.7-Code,fuzzed,float64,restricted,42,0,ok,1,,,4.100211230009345,,,13375775,c-autopar,gcc,score,,native,AMD Instinct MI300A Accelerator,,1789017188315,,run_local,last_saved
630743,630743,/capstor/scratch/cscs/ybudanaz/x86_64/hpcagent-bench-runs/git-scicomp-20260909/630743/judge/rank-1/hpcagent_bench1.db,call,git-scicomp-kimi27sglang-repo.n0.p17.w17,git-scicomp-kimi27sglang-repo,0,0,17,17,fdtd_2d,0,c,c,moonshotai/Kimi-K2.7-Code,fuzzed,float64,restricted,43,0,ok,1,,,4.109374503688458,,,13794718,c-autopar,gcc,score,,native,AMD Instinct MI300A Accelerator,,1789017289330,,run_local,last_saved
630743,630743,/capstor/scratch/cscs/ybudanaz/x86_64/hpcagent-bench-runs/git-scicomp-20260909/630743/judge/rank-1/hpcagent_bench1.db,call,git-scicomp-kimi27sglang-repo.n0.p17.w17,git-scicomp-kimi27sglang-repo,0,0,17,17,fdtd_2d,0,c,c,moonshotai/Kimi-K2.7-Code,fuzzed,float64,restricted,44,0,ok,1,,,4.172245684356662,,,14361877,c-autopar,gcc,score,,native,AMD Instinct MI300A Accelerator,,1789017875219,,run_local,last_saved
630743,630743,/capstor/scratch/cscs/ybudanaz/x86_64/hpcagent-bench-runs/git-scicomp-20260909/630743/judge/rank-1/hpcagent_bench1.db,call,git-scicomp-kimi27sglang-repo.n0.p17.w17,git-scicomp-kimi27sglang-repo,0,0,17,17,fdtd_2d,0,c,c,moonshotai/Kimi-K2.7-Code,fuzzed,float64,restricted,45,0,incorrect,0,,,0.0,,,14938549,c-autopar,gcc,score,,native,AMD Instinct MI300A Accelerator,,1789018192840,,run_local,last_saved
630743,630743,/capstor/scratch/cscs/ybudanaz/x86_64/hpcagent-bench-runs/git-scicomp-20260909/630743/judge/rank-1/hpcagent_bench1.db,call,git-scicomp-kimi27sglang-repo.n0.p17.w17,git-scicomp-kimi27sglang-repo,0,0,17,17,fdtd_2d,0,c,c,moonshotai/Kimi-K2.7-Code,fuzzed,float64,restricted,46,0,ok,1,,,4.0632728134679095,,,15377483,c-autopar,gcc,score,,native,AMD Instinct MI300A Accelerator,,1789018589823,,run_local,last_saved
630743,630743,/capstor/scratch/cscs/ybudanaz/x86_64/hpcagent-bench-runs/git-scicomp-20260909/630743/judge/rank-1/hpcagent_bench1.db,call,git-scicomp-kimi27sglang-repo.n0.p17.w17,git-scicomp-kimi27sglang-repo,0,0,17,17,fdtd_2d,0,c,c,moonshotai/Kimi-K2.7-Code,fuzzed,float64,restricted,47,0,ok,1,,,7.827242676889351,,,15821207,c-autopar,gcc,score,,native,AMD Instinct MI300A Accelerator,,1789018805585,,run_local,last_saved
630743,630743,/capstor/scratch/cscs/ybudanaz/x86_64/hpcagent-bench-runs/git-scicomp-20260909/630743/judge/rank-1/hpcagent_bench1.db,call,git-scicomp-kimi27sglang-repo.n0.p17.w17,git-scicomp-kimi27sglang-repo,0,0,17,17,fdtd_2d,0,c,c,moonshotai/Kimi-K2.7-Code,fuzzed,float64,restricted,48,0,ok,1,,,7.716759209080326,,,15969829,c-autopar,gcc,score,,native,AMD Instinct MI300A Accelerator,,1789018936741,,run_local,last_saved
630743,630743,/capstor/scratch/cscs/ybudanaz/x86_64/hpcagent-bench-runs/git-scicomp-20260909/630743/judge/rank-1/hpcagent_bench1.db,call,git-scicomp-kimi27sglang-repo.n0.p17.w17,git-scicomp-kimi27sglang-repo,0,0,17,17,fdtd_2d,0,c,c,moonshotai/Kimi-K2.7-Code,fuzzed,float64,restricted,49,0,ok,1,,,7.567259157107719,,,16418898,c-autopar,gcc,score,,native,AMD Instinct MI300A Accelerator,,1789019035608,,run_local,last_saved
630743,630743,/capstor/scratch/cscs/ybudanaz/x86_64/hpcagent-bench-runs/git-scicomp-20260909/630743/judge/rank-1/hpcagent_bench1.db,call,git-scicomp-kimi27sglang-repo.n0.p17.w17,git-scicomp-kimi27sglang-repo,0,0,17,17,fdtd_2d,0,c,c,moonshotai/Kimi-K2.7-Code,fuzzed,float64,restricted,50,0,ok,1,,,5.673747977625099,,,17026242,c-autopar,gcc,score,,native,AMD Instinct MI300A Accelerator,,1789019241816,,run_local,last_saved
630743,630743,/capstor/scratch/cscs/ybudanaz/x86_64/hpcagent-bench-runs/git-scicomp-20260909/630743/judge/rank-1/hpcagent_bench1.db,call,git-scicomp-kimi27sglang-repo.n0.p17.w17,git-scicomp-kimi27sglang-repo,0,0,17,17,fdtd_2d,0,c,c,moonshotai/Kimi-K2.7-Code,fuzzed,float64,restricted,51,0,too_slow,0,,,0.0,,,17640173,c-autopar,gcc,score,,native,AMD Instinct MI300A Accelerator,,1789019470791,,run_local,last_saved
630743,630743,/capstor/scratch/cscs/ybudanaz/x86_64/hpcagent-bench-runs/git-scicomp-20260909/630743/judge/rank-1/hpcagent_bench1.db,call,git-scicomp-kimi27sglang-repo.n0.p17.w17,git-scicomp-kimi27sglang-repo,0,0,17,17,fdtd_2d,0,c,c,moonshotai/Kimi-K2.7-Code,fuzzed,float64,restricted,52,0,ok,1,,,7.842046913317357,,,18427646,c-autopar,gcc,score,,native,AMD Instinct MI300A Accelerator,,1789020035516,,run_local,last_saved
630743,630743,/capstor/scratch/cscs/ybudanaz/x86_64/hpcagent-bench-runs/git-scicomp-20260909/630743/judge/rank-1/hpcagent_bench1.db,call,git-scicomp-kimi27sglang-repo.n0.p17.w17,git-scicomp-kimi27sglang-repo,0,0,17,17,fdtd_2d,0,c,c,moonshotai/Kimi-K2.7-Code,fuzzed,float64,restricted,53,0,ok,1,,,7.979410919167697,,,18906066,c-autopar,gcc,score,,native,AMD Instinct MI300A Accelerator,,1789020231032,,run_local,last_saved
630743,630743,/capstor/scratch/cscs/ybudanaz/x86_64/hpcagent-bench-runs/git-scicomp-20260909/630743/judge/rank-1/hpcagent_bench1.db,call,git-scicomp-kimi27sglang-repo.n0.p17.w17,git-scicomp-kimi27sglang-repo,0,0,17,17,fdtd_2d,0,c,c,moonshotai/Kimi-K2.7-Code,fuzzed,float64,restricted,54,0,ok,1,,,7.340342491883683,,,19387023,c-autopar,gcc,score,,native,AMD Instinct MI300A Accelerator,,1789021721615,,run_local,last_saved
630743,630743,/capstor/scratch/cscs/ybudanaz/x86_64/hpcagent-bench-runs/git-scicomp-20260909/630743/judge/rank-1/hpcagent_bench1.db,call,git-scicomp-kimi27sglang-repo.n0.p17.w17,git-scicomp-kimi27sglang-repo,0,0,17,17,fdtd_2d,0,c,c,moonshotai/Kimi-K2.7-Code,fuzzed,float64,restricted,55,0,ok,1,,,6.294772089174567,,,19869861,c-autopar,gcc,score,,native,AMD Instinct MI300A Accelerator,,1789021800157,,run_local,last_saved
630743,630743,/capstor/scratch/cscs/ybudanaz/x86_64/hpcagent-bench-runs/git-scicomp-20260909/630743/judge/rank-1/hpcagent_bench1.db,call,git-scicomp-kimi27sglang-repo.n0.p17.w17,git-scicomp-kimi27sglang-repo,0,0,17,17,fdtd_2d,0,c,c,moonshotai/Kimi-K2.7-Code,fuzzed,float64,restricted,56,0,ok,1,,,7.584515980229547,,,20354610,c-autopar,gcc,score,,native,AMD Instinct MI300A Accelerator,,1789021879217,,run_local,last_saved
630743,630743,/capstor/scratch/cscs/ybudanaz/x86_64/hpcagent-bench-runs/git-scicomp-20260909/630743/judge/rank-1/hpcagent_bench1.db,call,git-scicomp-kimi27sglang-repo.n0.p17.w17,git-scicomp-kimi27sglang-repo,0,0,17,17,fdtd_2d,0,c,c,moonshotai/Kimi-K2.7-Code,fuzzed,float64,restricted,57,0,ok,1,,,7.817664447735989,,,20841377,c-autopar,gcc,score,,native,AMD Instinct MI300A Accelerator,,1789021965515,,run_local,last_saved
630743,630743,/capstor/scratch/cscs/ybudanaz/x86_64/hpcagent-bench-runs/git-scicomp-20260909/630743/judge/rank-1/hpcagent_bench1.db,call,git-scicomp-kimi27sglang-repo.n0.p17.w17,git-scicomp-kimi27sglang-repo,0,0,17,17,fdtd_2d,0,c,c,moonshotai/Kimi-K2.7-Code,fuzzed,float64,restricted,58,0,ok,1,,,7.7618900281835925,,,21332520,c-autopar,gcc,score,,native,AMD Instinct MI300A Accelerator,,1789022213024,,run_local,last_saved
630743,630743,/capstor/scratch/cscs/ybudanaz/x86_64/hpcagent-bench-runs/git-scicomp-20260909/630743/judge/rank-1/hpcagent_bench1.db,call,git-scicomp-kimi27sglang-repo.n0.p17.w17,git-scicomp-kimi27sglang-repo,0,0,17,17,fdtd_2d,0,c,c,moonshotai/Kimi-K2.7-Code,fuzzed,float64,restricted,59,0,ok,1,,,4.2082120445185955,,,22001443,c-autopar,gcc,score,,native,AMD Instinct MI300A Accelerator,,1789022455145,,run_local,last_saved
630743,630743,/capstor/scratch/cscs/ybudanaz/x86_64/hpcagent-bench-runs/git-scicomp-20260909/630743/judge/rank-1/hpcagent_bench1.db,call,git-scicomp-kimi27sglang-repo.n0.p17.w17,git-scicomp-kimi27sglang-repo,0,0,17,17,fdtd_2d,0,c,c,moonshotai/Kimi-K2.7-Code,fuzzed,float64,restricted,60,0,build_error,0,,,0.0,,,23028019,c-autopar,gcc,score,,native,AMD Instinct MI300A Accelerator,,1789022967228,,run_local,last_saved
630743,630743,/capstor/scratch/cscs/ybudanaz/x86_64/hpcagent-bench-runs/git-scicomp-20260909/630743/judge/rank-1/hpcagent_bench1.db,call,git-scicomp-kimi27sglang-repo.n0.p17.w17,git-scicomp-kimi27sglang-repo,0,0,17,17,fdtd_2d,0,c,c,moonshotai/Kimi-K2.7-Code,fuzzed,float64,restricted,61,0,ok,1,,,3.250718363839086,,,23728038,c-autopar,gcc,score,,native,AMD Instinct MI300A Accelerator,,1789023519323,,run_local,last_saved
630743,630743,/capstor/scratch/cscs/ybudanaz/x86_64/hpcagent-bench-runs/git-scicomp-20260909/630743/judge/rank-1/hpcagent_bench1.db,call,git-scicomp-kimi27sglang-repo.n0.p17.w17,git-scicomp-kimi27sglang-repo,0,0,17,17,fdtd_2d,0,c,c,moonshotai/Kimi-K2.7-Code,fuzzed,float64,restricted,62,0,ok,1,,,5.028282042089793,,,24438222,c-autopar,gcc,score,,native,AMD Instinct MI300A Accelerator,,1789023864421,,run_local,last_saved
630743,630743,/capstor/scratch/cscs/ybudanaz/x86_64/hpcagent-bench-runs/git-scicomp-20260909/630743/judge/rank-1/hpcagent_bench1.db,call,git-scicomp-kimi27sglang-repo.n0.p17.w17,git-scicomp-kimi27sglang-repo,0,0,17,17,fdtd_2d,0,c,c,moonshotai/Kimi-K2.7-Code,fuzzed,float64,restricted,63,0,ok,1,,,5.0125770579549975,,,24975647,c-autopar,gcc,score,,native,AMD Instinct MI300A Accelerator,,1789024077626,,run_local,last_saved
630743,630743,/capstor/scratch/cscs/ybudanaz/x86_64/hpcagent-bench-runs/git-scicomp-20260909/630743/judge/rank-1/hpcagent_bench1.db,call,git-scicomp-kimi27sglang-repo.n0.p17.w17,git-scicomp-kimi27sglang-repo,0,0,17,17,fdtd_2d,0,c,c,moonshotai/Kimi-K2.7-Code,fuzzed,float64,restricted,64,0,ok,1,,,5.113657257922537,,,25695884,c-autopar,gcc,score,,native,AMD Instinct MI300A Accelerator,,1789024164162,,run_local,last_saved
630743,630743,/capstor/scratch/cscs/ybudanaz/x86_64/hpcagent-bench-runs/git-scicomp-20260909/630743/judge/rank-1/hpcagent_bench1.db,call,git-scicomp-kimi27sglang-repo.n0.p17.w17,git-scicomp-kimi27sglang-repo,0,0,17,17,fdtd_2d,0,c,c,moonshotai/Kimi-K2.7-Code,fuzzed,float64,restricted,65,0,ok,1,,,5.018022101695183,,,26237862,c-autopar,gcc,score,,native,AMD Instinct MI300A Accelerator,,1789024244029,,run_local,last_saved
630743,630743,/capstor/scratch/cscs/ybudanaz/x86_64/hpcagent-bench-runs/git-scicomp-20260909/630743/judge/rank-1/hpcagent_bench1.db,call,git-scicomp-kimi27sglang-repo.n0.p17.w17,git-scicomp-kimi27sglang-repo,0,0,17,17,fdtd_2d,0,c,c,moonshotai/Kimi-K2.7-Code,fuzzed,float64,restricted,66,0,ok,1,,,4.75631869145861,,,26781818,c-autopar,gcc,score,,native,AMD Instinct MI300A Accelerator,,1789024328525,,run_local,last_saved
630743,630743,/capstor/scratch/cscs/ybudanaz/x86_64/hpcagent-bench-runs/git-scicomp-20260909/630743/judge/rank-1/hpcagent_bench1.db,call,git-scicomp-kimi27sglang-repo.n0.p17.w17,git-scicomp-kimi27sglang-repo,0,0,17,17,fdtd_2d,0,c,c,moonshotai/Kimi-K2.7-Code,fuzzed,float64,restricted,67,0,ok,1,,,4.931231064796713,,,27327776,c-autopar,gcc,score,,native,AMD Instinct MI300A Accelerator,,1789024407139,,run_local,last_saved
630743,630743,/capstor/scratch/cscs/ybudanaz/x86_64/hpcagent-bench-runs/git-scicomp-20260909/630743/judge/rank-1/hpcagent_bench1.db,call,git-scicomp-kimi27sglang-repo.n0.p17.w17,git-scicomp-kimi27sglang-repo,0,0,17,17,fdtd_2d,0,c,c,moonshotai/Kimi-K2.7-Code,fuzzed,float64,restricted,68,0,incorrect,0,,,0.0,,,28245406,c-autopar,gcc,score,,native,AMD Instinct MI300A Accelerator,,1789024701131,,run_local,last_saved
630743,630743,/capstor/scratch/cscs/ybudanaz/x86_64/hpcagent-bench-runs/git-scicomp-20260909/630743/judge/rank-1/hpcagent_bench1.db,call,git-scicomp-kimi27sglang-repo.n0.p17.w17,git-scicomp-kimi27sglang-repo,0,0,17,17,fdtd_2d,0,c,c,moonshotai/Kimi-K2.7-Code,fuzzed,float64,restricted,69,0,ok,1,,,5.122819353302255,,,29174834,c-autopar,gcc,score,,native,AMD Instinct MI300A Accelerator,,1789024999976,,run_local,last_saved
630743,630743,/capstor/scratch/cscs/ybudanaz/x86_64/hpcagent-bench-runs/git-scicomp-20260909/630743/judge/rank-1/hpcagent_bench1.db,call,git-scicomp-kimi27sglang-repo.n0.p17.w17,git-scicomp-kimi27sglang-repo,0,0,17,17,fdtd_2d,0,c,c,moonshotai/Kimi-K2.7-Code,fuzzed,float64,restricted,70,0,ok,1,,,5.147467650956543,,,29361819,c-autopar,gcc,score,,native,AMD Instinct MI300A Accelerator,,1789025187183,,run_local,last_saved
630743,630743,/capstor/scratch/cscs/ybudanaz/x86_64/hpcagent-bench-runs/git-scicomp-20260909/630743/judge/rank-1/hpcagent_bench1.db,call,git-scicomp-kimi27sglang-repo.n0.p17.w17,git-scicomp-kimi27sglang-repo,0,0,17,17,fdtd_2d,0,c,c,moonshotai/Kimi-K2.7-Code,fuzzed,float64,restricted,71,0,ok,1,,,5.052384110939193,,,29927883,c-autopar,gcc,score,,native,AMD Instinct MI300A Accelerator,,1789025366866,,run_local,last_saved
630743,630743,/capstor/scratch/cscs/ybudanaz/x86_64/hpcagent-bench-runs/git-scicomp-20260909/630743/judge/rank-1/hpcagent_bench1.db,call,git-scicomp-kimi27sglang-repo.n0.p17.w17,git-scicomp-kimi27sglang-repo,0,0,17,17,fdtd_2d,0,c,c,moonshotai/Kimi-K2.7-Code,fuzzed,float64,restricted,72,0,ok,1,,,4.727474370182761,,,30496382,c-autopar,gcc,score,,native,AMD Instinct MI300A Accelerator,,1789025448010,,run_local,last_saved
630743,630743,/capstor/scratch/cscs/ybudanaz/x86_64/hpcagent-bench-runs/git-scicomp-20260909/630743/judge/rank-1/hpcagent_bench1.db,call,git-scicomp-kimi27sglang-repo.n0.p17.w17,git-scicomp-kimi27sglang-repo,0,0,17,17,fdtd_2d,0,c,c,moonshotai/Kimi-K2.7-Code,fuzzed,float64,restricted,73,0,ok,1,,,5.110081091685676,,,31260092,c-autopar,gcc,score,,native,AMD Instinct MI300A Accelerator,,1789025599295,,run_local,last_saved
630743,630743,/capstor/scratch/cscs/ybudanaz/x86_64/hpcagent-bench-runs/git-scicomp-20260909/630743/judge/rank-1/hpcagent_bench1.db,call,git-scicomp-kimi27sglang-repo.n0.p17.w17,git-scicomp-kimi27sglang-repo,0,0,17,17,fdtd_2d,0,c,c,moonshotai/Kimi-K2.7-Code,fuzzed,float64,restricted,74,0,score_error,0,,,0.0,,,31453715,c-autopar,gcc,submit,,native,AMD Instinct MI300A Accelerator,,1789028169815,,run_local,last_saved
630743,630743,/capstor/scratch/cscs/ybudanaz/x86_64/hpcagent-bench-runs/git-scicomp-20260909/630743/judge/rank-1/hpcagent_bench1.db,call,git-scicomp-kimi27sglang-repo.n0.p25.w25,git-scicomp-kimi27sglang-repo,0,0,25,25,jacobi_2d,0,c,c,moonshotai/Kimi-K2.7-Code,fuzzed,float64,restricted,1,0,ok,1,,,6.312861572931079,,,73529,c-autopar,gcc,score,,native,AMD Instinct MI300A Accelerator,,1788991106331,,run_local,last_saved
630743,630743,/capstor/scratch/cscs/ybudanaz/x86_64/hpcagent-bench-runs/git-scicomp-20260909/630743/judge/rank-1/hpcagent_bench1.db,call,git-scicomp-kimi27sglang-repo.n0.p25.w25,git-scicomp-kimi27sglang-repo,0,0,25,25,jacobi_2d,0,c,c,moonshotai/Kimi-K2.7-Code,fuzzed,float64,restricted,2,0,ok,1,,,6.252396882968298,,,121364,c-autopar,gcc,score,,native,AMD Instinct MI300A Accelerator,,1788991832473,,run_local,last_saved
630743,630743,/capstor/scratch/cscs/ybudanaz/x86_64/hpcagent-bench-runs/git-scicomp-20260909/630743/judge/rank-1/hpcagent_bench1.db,call,git-scicomp-kimi27sglang-repo.n0.p25.w25,git-scicomp-kimi27sglang-repo,0,0,25,25,jacobi_2d,0,c,c,moonshotai/Kimi-K2.7-Code,fuzzed,float64,restricted,3,0,ok,1,,,6.276264421543374,,,214584,c-autopar,gcc,score,,native,AMD Instinct MI300A Accelerator,,1788993617575,,run_local,last_saved
630743,630743,/capstor/scratch/cscs/ybudanaz/x86_64/hpcagent-bench-runs/git-scicomp-20260909/630743/judge/rank-1/hpcagent_bench1.db,call,git-scicomp-kimi27sglang-repo.n0.p25.w25,git-scicomp-kimi27sglang-repo,0,0,25,25,jacobi_2d,0,c,c,moonshotai/Kimi-K2.7-Code,fuzzed,float64,restricted,4,0,incorrect,0,,,54.5863832669874,,,317851,c-autopar,gcc,score,,native,AMD Instinct MI300A Accelerator,,1788996497155,,run_local,last_saved
630743,630743,/capstor/scratch/cscs/ybudanaz/x86_64/hpcagent-bench-runs/git-scicomp-20260909/630743/judge/rank-1/hpcagent_bench1.db,call,git-scicomp-kimi27sglang-repo.n0.p25.w25,git-scicomp-kimi27sglang-repo,0,0,25,25,jacobi_2d,0,c,c,moonshotai/Kimi-K2.7-Code,fuzzed,float64,restricted,5,0,incorrect,0,,,54.44355337168969,,,452290,c-autopar,gcc,score,,native,AMD Instinct MI300A Accelerator,,1788999313717,,run_local,last_saved
630743,630743,/capstor/scratch/cscs/ybudanaz/x86_64/hpcagent-bench-runs/git-scicomp-20260909/630743/judge/rank-1/hpcagent_bench1.db,call,git-scicomp-kimi27sglang-repo.n0.p25.w25,git-scicomp-kimi27sglang-repo,0,0,25,25,jacobi_2d,0,c,c,moonshotai/Kimi-K2.7-Code,fuzzed,float64,restricted,6,0,incorrect,0,,,28.62603652475461,,,610947,c-autopar,gcc,score,,native,AMD Instinct MI300A Accelerator,,1789001453628,,run_local,last_saved
630743,630743,/capstor/scratch/cscs/ybudanaz/x86_64/hpcagent-bench-runs/git-scicomp-20260909/630743/judge/rank-1/hpcagent_bench1.db,call,git-scicomp-kimi27sglang-repo.n0.p25.w25,git-scicomp-kimi27sglang-repo,0,0,25,25,jacobi_2d,0,c,c,moonshotai/Kimi-K2.7-Code,fuzzed,float64,restricted,7,0,ok,1,,,28.451102286105737,,,1008137,c-autopar,gcc,score,,native,AMD Instinct MI300A Accelerator,,1789010964632,,run_local,last_saved
630743,630743,/capstor/scratch/cscs/ybudanaz/x86_64/hpcagent-bench-runs/git-scicomp-20260909/630743/judge/rank-1/hpcagent_bench1.db,call,git-scicomp-kimi27sglang-repo.n0.p25.w25,git-scicomp-kimi27sglang-repo,0,0,25,25,jacobi_2d,0,c,c,moonshotai/Kimi-K2.7-Code,fuzzed,float64,restricted,8,0,ok,1,,,32.66530201593925,,,1486850,c-autopar,gcc,score,,native,AMD Instinct MI300A Accelerator,,1789011185024,,run_local,last_saved
630743,630743,/capstor/scratch/cscs/ybudanaz/x86_64/hpcagent-bench-runs/git-scicomp-20260909/630743/judge/rank-1/hpcagent_bench1.db,call,git-scicomp-kimi27sglang-repo.n0.p25.w25,git-scicomp-kimi27sglang-repo,0,0,25,25,jacobi_2d,0,c,c,moonshotai/Kimi-K2.7-Code,fuzzed,float64,restricted,9,0,ok,1,,,32.80949001539202,,,1873869,c-autopar,gcc,score,,native,AMD Instinct MI300A Accelerator,,1789011286178,,run_local,last_saved
630743,630743,/capstor/scratch/cscs/ybudanaz/x86_64/hpcagent-bench-runs/git-scicomp-20260909/630743/judge/rank-1/hpcagent_bench1.db,call,git-scicomp-kimi27sglang-repo.n0.p25.w25,git-scicomp-kimi27sglang-repo,0,0,25,25,jacobi_2d,0,c,c,moonshotai/Kimi-K2.7-Code,fuzzed,float64,restricted,10,0,ok,1,,,32.52397675953549,,,2266281,c-autopar,gcc,score,,native,AMD Instinct MI300A Accelerator,,1789011537184,,run_local,last_saved
630743,630743,/capstor/scratch/cscs/ybudanaz/x86_64/hpcagent-bench-runs/git-scicomp-20260909/630743/judge/rank-1/hpcagent_bench1.db,call,git-scicomp-kimi27sglang-repo.n0.p25.w25,git-scicomp-kimi27sglang-repo,0,0,25,25,jacobi_2d,0,c,c,moonshotai/Kimi-K2.7-Code,fuzzed,float64,restricted,11,0,ok,1,,,31.9874851968337,,,2662655,c-autopar,gcc,score,,native,AMD Instinct MI300A Accelerator,,1789011643956,,run_local,last_saved
630743,630743,/capstor/scratch/cscs/ybudanaz/x86_64/hpcagent-bench-runs/git-scicomp-20260909/630743/judge/rank-1/hpcagent_bench1.db,call,git-scicomp-kimi27sglang-repo.n0.p25.w25,git-scicomp-kimi27sglang-repo,0,0,25,25,jacobi_2d,0,c,c,moonshotai/Kimi-K2.7-Code,fuzzed,float64,restricted,12,0,ok,1,,,36.7382177853287,,,3062308,c-autopar,gcc,score,,native,AMD Instinct MI300A Accelerator,,1789011778076,,run_local,last_saved
630743,630743,/capstor/scratch/cscs/ybudanaz/x86_64/hpcagent-bench-runs/git-scicomp-20260909/630743/judge/rank-1/hpcagent_bench1.db,call,git-scicomp-kimi27sglang-repo.n0.p25.w25,git-scicomp-kimi27sglang-repo,0,0,25,25,jacobi_2d,0,c,c,moonshotai/Kimi-K2.7-Code,fuzzed,float64,restricted,13,0,ok,1,,,34.183149048765266,,,3466230,c-autopar,gcc,score,,native,AMD Instinct MI300A Accelerator,,1789011940676,,run_local,last_saved
630743,630743,/capstor/scratch/cscs/ybudanaz/x86_64/hpcagent-bench-runs/git-scicomp-20260909/630743/judge/rank-1/hpcagent_bench1.db,call,git-scicomp-kimi27sglang-repo.n0.p25.w25,git-scicomp-kimi27sglang-repo,0,0,25,25,jacobi_2d,0,c,c,moonshotai/Kimi-K2.7-Code,fuzzed,float64,restricted,14,0,ok,1,,,33.199815797225256,,,3873893,c-autopar,gcc,score,,native,AMD Instinct MI300A Accelerator,,1789012053073,,run_local,last_saved
630743,630743,/capstor/scratch/cscs/ybudanaz/x86_64/hpcagent-bench-runs/git-scicomp-20260909/630743/judge/rank-1/hpcagent_bench1.db,call,git-scicomp-kimi27sglang-repo.n0.p25.w25,git-scicomp-kimi27sglang-repo,0,0,25,25,jacobi_2d,0,c,c,moonshotai/Kimi-K2.7-Code,fuzzed,float64,restricted,15,0,ok,1,,,38.254553661828865,,,4285050,c-autopar,gcc,score,,native,AMD Instinct MI300A Accelerator,,1789012163482,,run_local,last_saved
630743,630743,/capstor/scratch/cscs/ybudanaz/x86_64/hpcagent-bench-runs/git-scicomp-20260909/630743/judge/rank-1/hpcagent_bench1.db,call,git-scicomp-kimi27sglang-repo.n0.p25.w25,git-scicomp-kimi27sglang-repo,0,0,25,25,jacobi_2d,0,c,c,moonshotai/Kimi-K2.7-Code,fuzzed,float64,restricted,16,0,ok,1,,,38.66314356860676,,,4699603,c-autopar,gcc,score,,native,AMD Instinct MI300A Accelerator,,1789012266206,,run_local,last_saved
630743,630743,/capstor/scratch/cscs/ybudanaz/x86_64/hpcagent-bench-runs/git-scicomp-20260909/630743/judge/rank-1/hpcagent_bench1.db,call,git-scicomp-kimi27sglang-repo.n0.p25.w25,git-scicomp-kimi27sglang-repo,0,0,25,25,jacobi_2d,0,c,c,moonshotai/Kimi-K2.7-Code,fuzzed,float64,restricted,17,0,ok,1,,,38.69892498392887,,,5117579,c-autopar,gcc,score,,native,AMD Instinct MI300A Accelerator,,1789012376732,,run_local,last_saved
630743,630743,/capstor/scratch/cscs/ybudanaz/x86_64/hpcagent-bench-runs/git-scicomp-20260909/630743/judge/rank-1/hpcagent_bench1.db,call,git-scicomp-kimi27sglang-repo.n0.p25.w25,git-scicomp-kimi27sglang-repo,0,0,25,25,jacobi_2d,0,c,c,moonshotai/Kimi-K2.7-Code,fuzzed,float64,restricted,18,0,ok,1,,,38.46358808624562,,,5538849,c-autopar,gcc,score,,native,AMD Instinct MI300A Accelerator,,1789012487177,,run_local,last_saved
630743,630743,/capstor/scratch/cscs/ybudanaz/x86_64/hpcagent-bench-runs/git-scicomp-20260909/630743/judge/rank-1/hpcagent_bench1.db,call,git-scicomp-kimi27sglang-repo.n0.p25.w25,git-scicomp-kimi27sglang-repo,0,0,25,25,jacobi_2d,0,c,c,moonshotai/Kimi-K2.7-Code,fuzzed,float64,restricted,19,0,ok,1,,,37.23700016506695,,,5963289,c-autopar,gcc,score,,native,AMD Instinct MI300A Accelerator,,1789012574335,,run_local,last_saved
630743,630743,/capstor/scratch/cscs/ybudanaz/x86_64/hpcagent-bench-runs/git-scicomp-20260909/630743/judge/rank-1/hpcagent_bench1.db,call,git-scicomp-kimi27sglang-repo.n0.p25.w25,git-scicomp-kimi27sglang-repo,0,0,25,25,jacobi_2d,0,c,c,moonshotai/Kimi-K2.7-Code,fuzzed,float64,restricted,20,0,ok,1,,,37.10109568575583,,,6391248,c-autopar,gcc,score,,native,AMD Instinct MI300A Accelerator,,1789012703652,,run_local,last_saved
630743,630743,/capstor/scratch/cscs/ybudanaz/x86_64/hpcagent-bench-runs/git-scicomp-20260909/630743/judge/rank-1/hpcagent_bench1.db,call,git-scicomp-kimi27sglang-repo.n0.p25.w25,git-scicomp-kimi27sglang-repo,0,0,25,25,jacobi_2d,0,c,c,moonshotai/Kimi-K2.7-Code,fuzzed,float64,restricted,21,0,ok,1,,,35.1447973527921,,,6822654,c-autopar,gcc,score,,native,AMD Instinct MI300A Accelerator,,1789012796725,,run_local,last_saved
630743,630743,/capstor/scratch/cscs/ybudanaz/x86_64/hpcagent-bench-runs/git-scicomp-20260909/630743/judge/rank-1/hpcagent_bench1.db,call,git-scicomp-kimi27sglang-repo.n0.p25.w25,git-scicomp-kimi27sglang-repo,0,0,25,25,jacobi_2d,0,c,c,moonshotai/Kimi-K2.7-Code,fuzzed,float64,restricted,22,0,ok,1,,,38.192251072194495,,,7257402,c-autopar,gcc,score,,native,AMD Instinct MI300A Accelerator,,1789012899367,,run_local,last_saved
630743,630743,/capstor/scratch/cscs/ybudanaz/x86_64/hpcagent-bench-runs/git-scicomp-20260909/630743/judge/rank-1/hpcagent_bench1.db,call,git-scicomp-kimi27sglang-repo.n0.p25.w25,git-scicomp-kimi27sglang-repo,0,0,25,25,jacobi_2d,0,c,c,moonshotai/Kimi-K2.7-Code,fuzzed,float64,restricted,23,0,ok,1,,,37.572253450810486,,,7695446,c-autopar,gcc,score,,native,AMD Instinct MI300A Accelerator,,1789012991639,,run_local,last_saved
630743,630743,/capstor/scratch/cscs/ybudanaz/x86_64/hpcagent-bench-runs/git-scicomp-20260909/630743/judge/rank-1/hpcagent_bench1.db,call,git-scicomp-kimi27sglang-repo.n0.p25.w25,git-scicomp-kimi27sglang-repo,0,0,25,25,jacobi_2d,0,c,c,moonshotai/Kimi-K2.7-Code,fuzzed,float64,restricted,24,0,ok,1,,,38.718744459387885,,,8139692,c-autopar,gcc,score,,native,AMD Instinct MI300A Accelerator,,1789013324333,,run_local,last_saved
630743,630743,/capstor/scratch/cscs/ybudanaz/x86_64/hpcagent-bench-runs/git-scicomp-20260909/630743/judge/rank-1/hpcagent_bench1.db,call,git-scicomp-kimi27sglang-repo.n0.p25.w25,git-scicomp-kimi27sglang-repo,0,0,25,25,jacobi_2d,0,c,c,moonshotai/Kimi-K2.7-Code,fuzzed,float64,restricted,25,0,ok,1,,,29.63472266627226,,,8590975,c-autopar,gcc,score,,native,AMD Instinct MI300A Accelerator,,1789013460846,,run_local,last_saved
630743,630743,/capstor/scratch/cscs/ybudanaz/x86_64/hpcagent-bench-runs/git-scicomp-20260909/630743/judge/rank-1/hpcagent_bench1.db,call,git-scicomp-kimi27sglang-repo.n0.p25.w25,git-scicomp-kimi27sglang-repo,0,0,25,25,jacobi_2d,0,c,c,moonshotai/Kimi-K2.7-Code,fuzzed,float64,restricted,26,0,ok,1,,,40.999400227355046,,,9165633,c-autopar,gcc,score,,native,AMD Instinct MI300A Accelerator,,1789013881929,,run_local,last_saved
630743,630743,/capstor/scratch/cscs/ybudanaz/x86_64/hpcagent-bench-runs/git-scicomp-20260909/630743/judge/rank-1/hpcagent_bench1.db,call,git-scicomp-kimi27sglang-repo.n0.p25.w25,git-scicomp-kimi27sglang-repo,0,0,25,25,jacobi_2d,0,c,c,moonshotai/Kimi-K2.7-Code,fuzzed,float64,restricted,27,0,ok,1,,,40.979977016755086,,,9751188,c-autopar,gcc,score,,native,AMD Instinct MI300A Accelerator,,1789014069459,,run_local,last_saved
630743,630743,/capstor/scratch/cscs/ybudanaz/x86_64/hpcagent-bench-runs/git-scicomp-20260909/630743/judge/rank-1/hpcagent_bench1.db,call,git-scicomp-kimi27sglang-repo.n0.p25.w25,git-scicomp-kimi27sglang-repo,0,0,25,25,jacobi_2d,0,c,c,moonshotai/Kimi-K2.7-Code,fuzzed,float64,restricted,28,0,ok,1,,,41.08651019121527,,,10355424,c-autopar,gcc,score,,native,AMD Instinct MI300A Accelerator,,1789014588211,,run_local,last_saved
630743,630743,/capstor/scratch/cscs/ybudanaz/x86_64/hpcagent-bench-runs/git-scicomp-20260909/630743/judge/rank-1/hpcagent_bench1.db,call,git-scicomp-kimi27sglang-repo.n0.p25.w25,git-scicomp-kimi27sglang-repo,0,0,25,25,jacobi_2d,0,c,c,moonshotai/Kimi-K2.7-Code,fuzzed,float64,restricted,29,0,ok,1,,,38.618345706625895,,,10845142,c-autopar,gcc,score,,native,AMD Instinct MI300A Accelerator,,1789014694187,,run_local,last_saved
630743,630743,/capstor/scratch/cscs/ybudanaz/x86_64/hpcagent-bench-runs/git-scicomp-20260909/630743/judge/rank-1/hpcagent_bench1.db,call,git-scicomp-kimi27sglang-repo.n0.p25.w25,git-scicomp-kimi27sglang-repo,0,0,25,25,jacobi_2d,0,c,c,moonshotai/Kimi-K2.7-Code,fuzzed,float64,restricted,30,0,ok,1,,,41.60291588467687,,,11338307,c-autopar,gcc,score,,native,AMD Instinct MI300A Accelerator,,1789014791456,,run_local,last_saved
630743,630743,/capstor/scratch/cscs/ybudanaz/x86_64/hpcagent-bench-runs/git-scicomp-20260909/630743/judge/rank-1/hpcagent_bench1.db,call,git-scicomp-kimi27sglang-repo.n0.p25.w25,git-scicomp-kimi27sglang-repo,0,0,25,25,jacobi_2d,0,c,c,moonshotai/Kimi-K2.7-Code,fuzzed,float64,restricted,31,0,ok,1,,,40.57163561590925,,,11834842,c-autopar,gcc,score,,native,AMD Instinct MI300A Accelerator,,1789014885344,,run_local,last_saved
630743,630743,/capstor/scratch/cscs/ybudanaz/x86_64/hpcagent-bench-runs/git-scicomp-20260909/630743/judge/rank-1/hpcagent_bench1.db,call,git-scicomp-kimi27sglang-repo.n0.p25.w25,git-scicomp-kimi27sglang-repo,0,0,25,25,jacobi_2d,0,c,c,moonshotai/Kimi-K2.7-Code,fuzzed,float64,restricted,32,0,ok,1,,,39.0305985243025,,,12334703,c-autopar,gcc,score,,native,AMD Instinct MI300A Accelerator,,1789015000576,,run_local,last_saved
630743,630743,/capstor/scratch/cscs/ybudanaz/x86_64/hpcagent-bench-runs/git-scicomp-20260909/630743/judge/rank-1/hpcagent_bench1.db,call,git-scicomp-kimi27sglang-repo.n0.p25.w25,git-scicomp-kimi27sglang-repo,0,0,25,25,jacobi_2d,0,c,c,moonshotai/Kimi-K2.7-Code,fuzzed,float64,restricted,33,0,ok,1,,,40.57766062282982,,,12837902,c-autopar,gcc,score,,native,AMD Instinct MI300A Accelerator,,1789015162765,,run_local,last_saved
630743,630743,/capstor/scratch/cscs/ybudanaz/x86_64/hpcagent-bench-runs/git-scicomp-20260909/630743/judge/rank-1/hpcagent_bench1.db,call,git-scicomp-kimi27sglang-repo.n0.p25.w25,git-scicomp-kimi27sglang-repo,0,0,25,25,jacobi_2d,0,c,c,moonshotai/Kimi-K2.7-Code,fuzzed,float64,restricted,34,0,ok,1,,,37.15439488759742,,,13344794,c-autopar,gcc,score,,native,AMD Instinct MI300A Accelerator,,1789015293668,,run_local,last_saved
630743,630743,/capstor/scratch/cscs/ybudanaz/x86_64/hpcagent-bench-runs/git-scicomp-20260909/630743/judge/rank-1/hpcagent_bench1.db,call,git-scicomp-kimi27sglang-repo.n0.p25.w25,git-scicomp-kimi27sglang-repo,0,0,25,25,jacobi_2d,0,c,c,moonshotai/Kimi-K2.7-Code,fuzzed,float64,restricted,35,0,ok,1,,,39.681784821002665,,,13857589,c-autopar,gcc,score,,native,AMD Instinct MI300A Accelerator,,1789015576187,,run_local,last_saved
630743,630743,/capstor/scratch/cscs/ybudanaz/x86_64/hpcagent-bench-runs/git-scicomp-20260909/630743/judge/rank-1/hpcagent_bench1.db,call,git-scicomp-kimi27sglang-repo.n0.p25.w25,git-scicomp-kimi27sglang-repo,0,0,25,25,jacobi_2d,0,c,c,moonshotai/Kimi-K2.7-Code,fuzzed,float64,restricted,36,0,ok,1,,,41.445640184032854,,,14773829,c-autopar,gcc,score,,native,AMD Instinct MI300A Accelerator,,1789016017967,,run_local,last_saved
630743,630743,/capstor/scratch/cscs/ybudanaz/x86_64/hpcagent-bench-runs/git-scicomp-20260909/630743/judge/rank-1/hpcagent_bench1.db,call,git-scicomp-kimi27sglang-repo.n0.p25.w25,git-scicomp-kimi27sglang-repo,0,0,25,25,jacobi_2d,0,c,c,moonshotai/Kimi-K2.7-Code,fuzzed,float64,restricted,37,0,ok,1,,,39.074207725119464,,,15308434,c-autopar,gcc,score,,native,AMD Instinct MI300A Accelerator,,1789016391709,,run_local,last_saved
630743,630743,/capstor/scratch/cscs/ybudanaz/x86_64/hpcagent-bench-runs/git-scicomp-20260909/630743/judge/rank-1/hpcagent_bench1.db,call,git-scicomp-kimi27sglang-repo.n0.p25.w25,git-scicomp-kimi27sglang-repo,0,0,25,25,jacobi_2d,0,c,c,moonshotai/Kimi-K2.7-Code,fuzzed,float64,restricted,38,0,ok,1,,,41.22463629740429,,,16262028,c-autopar,gcc,score,,native,AMD Instinct MI300A Accelerator,,1789016652782,,run_local,last_saved
630743,630743,/capstor/scratch/cscs/ybudanaz/x86_64/hpcagent-bench-runs/git-scicomp-20260909/630743/judge/rank-1/hpcagent_bench1.db,call,git-scicomp-kimi27sglang-repo.n0.p25.w25,git-scicomp-kimi27sglang-repo,0,0,25,25,jacobi_2d,0,c,c,moonshotai/Kimi-K2.7-Code,fuzzed,float64,restricted,39,0,ok,1,,,40.86162489183322,,,16816326,c-autopar,gcc,score,,native,AMD Instinct MI300A Accelerator,,1789017030027,,run_local,last_saved
630743,630743,/capstor/scratch/cscs/ybudanaz/x86_64/hpcagent-bench-runs/git-scicomp-20260909/630743/judge/rank-1/hpcagent_bench1.db,call,git-scicomp-kimi27sglang-repo.n0.p25.w25,git-scicomp-kimi27sglang-repo,0,0,25,25,jacobi_2d,0,c,c,moonshotai/Kimi-K2.7-Code,fuzzed,float64,restricted,40,0,ok,1,,,41.17803771904332,,,17378584,c-autopar,gcc,score,,native,AMD Instinct MI300A Accelerator,,1789017347864,,run_local,last_saved
630743,630743,/capstor/scratch/cscs/ybudanaz/x86_64/hpcagent-bench-runs/git-scicomp-20260909/630743/judge/rank-1/hpcagent_bench1.db,call,git-scicomp-kimi27sglang-repo.n0.p25.w25,git-scicomp-kimi27sglang-repo,0,0,25,25,jacobi_2d,0,c,c,moonshotai/Kimi-K2.7-Code,fuzzed,float64,restricted,41,0,ok,1,,,40.785338856916944,,,18232585,c-autopar,gcc,score,,native,AMD Instinct MI300A Accelerator,,1789017671444,,run_local,last_saved
630743,630743,/capstor/scratch/cscs/ybudanaz/x86_64/hpcagent-bench-runs/git-scicomp-20260909/630743/judge/rank-1/hpcagent_bench1.db,call,git-scicomp-kimi27sglang-repo.n0.p25.w25,git-scicomp-kimi27sglang-repo,0,0,25,25,jacobi_2d,0,c,c,moonshotai/Kimi-K2.7-Code,fuzzed,float64,restricted,42,0,ok,1,,,41.74851706760522,,,18808943,c-autopar,gcc,score,,native,AMD Instinct MI300A Accelerator,,1789017903187,,run_local,last_saved
630743,630743,/capstor/scratch/cscs/ybudanaz/x86_64/hpcagent-bench-runs/git-scicomp-20260909/630743/judge/rank-1/hpcagent_bench1.db,call,git-scicomp-kimi27sglang-repo.n0.p25.w25,git-scicomp-kimi27sglang-repo,0,0,25,25,jacobi_2d,0,c,c,moonshotai/Kimi-K2.7-Code,fuzzed,float64,restricted,43,0,ok,1,,,41.49995044752778,,,18953797,c-autopar,gcc,score,,native,AMD Instinct MI300A Accelerator,,1789018265092,,run_local,last_saved
630743,630743,/capstor/scratch/cscs/ybudanaz/x86_64/hpcagent-bench-runs/git-scicomp-20260909/630743/judge/rank-1/hpcagent_bench1.db,call,git-scicomp-kimi27sglang-repo.n0.p25.w25,git-scicomp-kimi27sglang-repo,0,0,25,25,jacobi_2d,0,c,c,moonshotai/Kimi-K2.7-Code,fuzzed,float64,restricted,44,0,ok,1,,,41.60203207548233,,,20346629,c-autopar,gcc,score,,native,AMD Instinct MI300A Accelerator,,1789020001708,,run_local,last_saved
630743,630743,/capstor/scratch/cscs/ybudanaz/x86_64/hpcagent-bench-runs/git-scicomp-20260909/630743/judge/rank-1/hpcagent_bench1.db,call,git-scicomp-kimi27sglang-repo.n0.p25.w25,git-scicomp-kimi27sglang-repo,0,0,25,25,jacobi_2d,0,c,c,moonshotai/Kimi-K2.7-Code,fuzzed,float64,restricted,45,0,score_error,0,,,0.0,,,20666138,c-autopar,gcc,submit,,native,AMD Instinct MI300A Accelerator,,1789021701361,,run_local,last_saved
630743,630743,/capstor/scratch/cscs/ybudanaz/x86_64/hpcagent-bench-runs/git-scicomp-20260909/630743/judge/rank-1/hpcagent_bench1.db,call,git-scicomp-kimi27sglang-repo.n0.p9.w9,git-scicomp-kimi27sglang-repo,0,0,9,9,lda_xc_potential,0,c,c,moonshotai/Kimi-K2.7-Code,fuzzed,float64,restricted,1,0,ok,1,,,59.17391502589999,,,153095,c-autopar,gcc,score,,native,AMD Instinct MI300A Accelerator,,1788992045802,,run_local,last_saved
630743,630743,/capstor/scratch/cscs/ybudanaz/x86_64/hpcagent-bench-runs/git-scicomp-20260909/630743/judge/rank-1/hpcagent_bench1.db,call,git-scicomp-kimi27sglang-repo.n0.p9.w9,git-scicomp-kimi27sglang-repo,0,0,9,9,lda_xc_potential,0,c,c,moonshotai/Kimi-K2.7-Code,fuzzed,float64,restricted,2,0,score_error,0,,,0.0,,,218116,,gcc,score,,native,AMD Instinct MI300A Accelerator,,1788993055454,,run_local,last_saved
630743,630743,/capstor/scratch/cscs/ybudanaz/x86_64/hpcagent-bench-runs/git-scicomp-20260909/630743/judge/rank-1/hpcagent_bench1.db,call,git-scicomp-kimi27sglang-repo.n0.p9.w9,git-scicomp-kimi27sglang-repo,0,0,9,9,lda_xc_potential,0,c,c,moonshotai/Kimi-K2.7-Code,fuzzed,float64,restricted,3,0,ok,1,,,2.7300879567017993,,,267730,c-autopar,gcc,score,,native,AMD Instinct MI300A Accelerator,,1788993146496,,run_local,last_saved
630743,630743,/capstor/scratch/cscs/ybudanaz/x86_64/hpcagent-bench-runs/git-scicomp-20260909/630743/judge/rank-1/hpcagent_bench1.db,call,git-scicomp-kimi27sglang-repo.n0.p9.w9,git-scicomp-kimi27sglang-repo,0,0,9,9,lda_xc_potential,0,c,c,moonshotai/Kimi-K2.7-Code,fuzzed,float64,restricted,4,0,ok,1,,,48.35401893533643,,,320487,c-autopar,gcc,score,,native,AMD Instinct MI300A Accelerator,,1788993747224,,run_local,last_saved
630743,630743,/capstor/scratch/cscs/ybudanaz/x86_64/hpcagent-bench-runs/git-scicomp-20260909/630743/judge/rank-1/hpcagent_bench1.db,call,git-scicomp-kimi27sglang-repo.n0.p9.w9,git-scicomp-kimi27sglang-repo,0,0,9,9,lda_xc_potential,0,c,c,moonshotai/Kimi-K2.7-Code,fuzzed,float64,restricted,5,0,ok,1,,,62.494474292475545,,,378265,c-autopar,gcc,score,,native,AMD Instinct MI300A Accelerator,,1788994360445,,run_local,last_saved
630743,630743,/capstor/scratch/cscs/ybudanaz/x86_64/hpcagent-bench-runs/git-scicomp-20260909/630743/judge/rank-1/hpcagent_bench1.db,call,git-scicomp-kimi27sglang-repo.n0.p9.w9,git-scicomp-kimi27sglang-repo,0,0,9,9,lda_xc_potential,0,c,c,moonshotai/Kimi-K2.7-Code,fuzzed,float64,restricted,6,0,ok,1,,,10.041743178463785,,,440655,c-autopar,gcc,score,,native,AMD Instinct MI300A Accelerator,,1788994870564,,run_local,last_saved
630743,630743,/capstor/scratch/cscs/ybudanaz/x86_64/hpcagent-bench-runs/git-scicomp-20260909/630743/judge/rank-1/hpcagent_bench1.db,call,git-scicomp-kimi27sglang-repo.n0.p9.w9,git-scicomp-kimi27sglang-repo,0,0,9,9,lda_xc_potential,0,c,c,moonshotai/Kimi-K2.7-Code,fuzzed,float64,restricted,7,0,ok,1,,,64.04531498949565,,,508363,c-autopar,gcc,score,,native,AMD Instinct MI300A Accelerator,,1788995666960,,run_local,last_saved
630743,630743,/capstor/scratch/cscs/ybudanaz/x86_64/hpcagent-bench-runs/git-scicomp-20260909/630743/judge/rank-1/hpcagent_bench1.db,call,git-scicomp-kimi27sglang-repo.n0.p9.w9,git-scicomp-kimi27sglang-repo,0,0,9,9,lda_xc_potential,0,c,c,moonshotai/Kimi-K2.7-Code,fuzzed,float64,restricted,8,0,ok,1,,,58.74240548072758,,,580775,c-autopar,gcc,score,,native,AMD Instinct MI300A Accelerator,,1788995958278,,run_local,last_saved
630743,630743,/capstor/scratch/cscs/ybudanaz/x86_64/hpcagent-bench-runs/git-scicomp-20260909/630743/judge/rank-1/hpcagent_bench1.db,call,git-scicomp-kimi27sglang-repo.n0.p9.w9,git-scicomp-kimi27sglang-repo,0,0,9,9,lda_xc_potential,0,c,c,moonshotai/Kimi-K2.7-Code,fuzzed,float64,restricted,9,0,ok,1,,,5.57226979644462,,,656979,c-autopar,gcc,score,,native,AMD Instinct MI300A Accelerator,,1788996505860,,run_local,last_saved
630743,630743,/capstor/scratch/cscs/ybudanaz/x86_64/hpcagent-bench-runs/git-scicomp-20260909/630743/judge/rank-1/hpcagent_bench1.db,call,git-scicomp-kimi27sglang-repo.n0.p9.w9,git-scicomp-kimi27sglang-repo,0,0,9,9,lda_xc_potential,0,c,c,moonshotai/Kimi-K2.7-Code,fuzzed,float64,restricted,10,0,ok,1,,,5.596005274106306,,,696395,c-autopar,gcc,score,,native,AMD Instinct MI300A Accelerator,,1788996820118,,run_local,last_saved
630743,630743,/capstor/scratch/cscs/ybudanaz/x86_64/hpcagent-bench-runs/git-scicomp-20260909/630743/judge/rank-1/hpcagent_bench1.db,call,git-scicomp-kimi27sglang-repo.n0.p9.w9,git-scicomp-kimi27sglang-repo,0,0,9,9,lda_xc_potential,0,c,c,moonshotai/Kimi-K2.7-Code,fuzzed,float64,restricted,11,0,ok,1,,,59.46918225201458,,,778354,c-autopar,gcc,score,,native,AMD Instinct MI300A Accelerator,,1788997070022,,run_local,last_saved
630743,630743,/capstor/scratch/cscs/ybudanaz/x86_64/hpcagent-bench-runs/git-scicomp-20260909/630743/judge/rank-1/hpcagent_bench1.db,call,git-scicomp-kimi27sglang-repo.n0.p9.w9,git-scicomp-kimi27sglang-repo,0,0,9,9,lda_xc_potential,0,c,c,moonshotai/Kimi-K2.7-Code,fuzzed,float64,restricted,12,0,ok,1,,,41.66680464525361,,,863069,c-autopar,gcc,score,,native,AMD Instinct MI300A Accelerator,,1788997575736,,run_local,last_saved
630743,630743,/capstor/scratch/cscs/ybudanaz/x86_64/hpcagent-bench-runs/git-scicomp-20260909/630743/judge/rank-1/hpcagent_bench1.db,call,git-scicomp-kimi27sglang-repo.n0.p9.w9,git-scicomp-kimi27sglang-repo,0,0,9,9,lda_xc_potential,0,c,c,moonshotai/Kimi-K2.7-Code,fuzzed,float64,restricted,13,0,ok,1,,,52.69434966393805,,,952194,c-autopar,gcc,score,,native,AMD Instinct MI300A Accelerator,,1788998216280,,run_local,last_saved
630743,630743,/capstor/scratch/cscs/ybudanaz/x86_64/hpcagent-bench-runs/git-scicomp-20260909/630743/judge/rank-1/hpcagent_bench1.db,call,git-scicomp-kimi27sglang-repo.n0.p9.w9,git-scicomp-kimi27sglang-repo,0,0,9,9,lda_xc_potential,0,c,c,moonshotai/Kimi-K2.7-Code,fuzzed,float64,restricted,14,0,ok,1,,,59.65173661384104,,,1048975,c-autopar,gcc,score,,native,AMD Instinct MI300A Accelerator,,1788999517843,,run_local,last_saved
630743,630743,/capstor/scratch/cscs/ybudanaz/x86_64/hpcagent-bench-runs/git-scicomp-20260909/630743/judge/rank-1/hpcagent_bench1.db,call,git-scicomp-kimi27sglang-repo.n0.p9.w9,git-scicomp-kimi27sglang-repo,0,0,9,9,lda_xc_potential,0,c,c,moonshotai/Kimi-K2.7-Code,fuzzed,float64,restricted,15,0,ok,1,,,62.34329717915021,,,1153388,c-autopar,gcc,score,,native,AMD Instinct MI300A Accelerator,,1789000330942,,run_local,last_saved
630743,630743,/capstor/scratch/cscs/ybudanaz/x86_64/hpcagent-bench-runs/git-scicomp-20260909/630743/judge/rank-1/hpcagent_bench1.db,call,git-scicomp-kimi27sglang-repo.n0.p9.w9,git-scicomp-kimi27sglang-repo,0,0,9,9,lda_xc_potential,0,c,c,moonshotai/Kimi-K2.7-Code,fuzzed,float64,restricted,16,0,ok,1,,,59.631277866300834,,,1261248,c-autopar,gcc,score,,native,AMD Instinct MI300A Accelerator,,1789000516557,,run_local,last_saved
630743,630743,/capstor/scratch/cscs/ybudanaz/x86_64/hpcagent-bench-runs/git-scicomp-20260909/630743/judge/rank-1/hpcagent_bench1.db,call,git-scicomp-kimi27sglang-repo.n0.p9.w9,git-scicomp-kimi27sglang-repo,0,0,9,9,lda_xc_potential,0,c,c,moonshotai/Kimi-K2.7-Code,fuzzed,float64,restricted,17,0,ok,1,,,60.07986832729034,,,1315783,c-autopar,gcc,score,,native,AMD Instinct MI300A Accelerator,,1789000545512,,run_local,last_saved
630743,630743,/capstor/scratch/cscs/ybudanaz/x86_64/hpcagent-bench-runs/git-scicomp-20260909/630743/judge/rank-1/hpcagent_bench1.db,call,git-scicomp-kimi27sglang-repo.n0.p9.w9,git-scicomp-kimi27sglang-repo,0,0,9,9,lda_xc_potential,0,c,c,moonshotai/Kimi-K2.7-Code,fuzzed,float64,restricted,18,0,ok,1,,,62.34982232723017,,,1425795,c-autopar,gcc,score,,native,AMD Instinct MI300A Accelerator,,1789000647431,,run_local,last_saved
630743,630743,/capstor/scratch/cscs/ybudanaz/x86_64/hpcagent-bench-runs/git-scicomp-20260909/630743/judge/rank-1/hpcagent_bench1.db,call,git-scicomp-kimi27sglang-repo.n0.p9.w9,git-scicomp-kimi27sglang-repo,0,0,9,9,lda_xc_potential,0,c,c,moonshotai/Kimi-K2.7-Code,fuzzed,float64,restricted,19,0,ok,1,,,52.36705792496199,,,1481270,c-autopar,gcc,score,,native,AMD Instinct MI300A Accelerator,,1789000673673,,run_local,last_saved
630743,630743,/capstor/scratch/cscs/ybudanaz/x86_64/hpcagent-bench-runs/git-scicomp-20260909/630743/judge/rank-1/hpcagent_bench1.db,call,git-scicomp-kimi27sglang-repo.n0.p9.w9,git-scicomp-kimi27sglang-repo,0,0,9,9,lda_xc_potential,0,c,c,moonshotai/Kimi-K2.7-Code,fuzzed,float64,restricted,20,0,ok,1,,,64.18899196981526,,,1595683,c-autopar,gcc,score,,native,AMD Instinct MI300A Accelerator,,1789001513819,,run_local,last_saved
630743,630743,/capstor/scratch/cscs/ybudanaz/x86_64/hpcagent-bench-runs/git-scicomp-20260909/630743/judge/rank-1/hpcagent_bench1.db,call,git-scicomp-kimi27sglang-repo.n0.p9.w9,git-scicomp-kimi27sglang-repo,0,0,9,9,lda_xc_potential,0,c,c,moonshotai/Kimi-K2.7-Code,fuzzed,float64,restricted,21,0,ok,1,,,59.06417233117806,,,1654619,c-autopar,gcc,score,,native,AMD Instinct MI300A Accelerator,,1789001549177,,run_local,last_saved
630743,630743,/capstor/scratch/cscs/ybudanaz/x86_64/hpcagent-bench-runs/git-scicomp-20260909/630743/judge/rank-1/hpcagent_bench1.db,call,git-scicomp-kimi27sglang-repo.n0.p9.w9,git-scicomp-kimi27sglang-repo,0,0,9,9,lda_xc_potential,0,c,c,moonshotai/Kimi-K2.7-Code,fuzzed,float64,restricted,22,0,ok,1,,,61.53045511654763,,,1774967,c-autopar,gcc,score,,native,AMD Instinct MI300A Accelerator,,1789001987628,,run_local,last_saved
630743,630743,/capstor/scratch/cscs/ybudanaz/x86_64/hpcagent-bench-runs/git-scicomp-20260909/630743/judge/rank-1/hpcagent_bench1.db,call,git-scicomp-kimi27sglang-repo.n0.p9.w9,git-scicomp-kimi27sglang-repo,0,0,9,9,lda_xc_potential,0,c,c,moonshotai/Kimi-K2.7-Code,fuzzed,float64,restricted,23,0,ok,1,,,61.171036152204216,,,1836295,c-autopar,gcc,score,,native,AMD Instinct MI300A Accelerator,,1789002164097,,run_local,last_saved
630743,630743,/capstor/scratch/cscs/ybudanaz/x86_64/hpcagent-bench-runs/git-scicomp-20260909/630743/judge/rank-1/hpcagent_bench1.db,call,git-scicomp-kimi27sglang-repo.n0.p9.w9,git-scicomp-kimi27sglang-repo,0,0,9,9,lda_xc_potential,0,c,c,moonshotai/Kimi-K2.7-Code,fuzzed,float64,restricted,24,0,ok,1,,,58.35657160659971,,,1960998,c-autopar,gcc,score,,native,AMD Instinct MI300A Accelerator,,1789002245263,,run_local,last_saved
630743,630743,/capstor/scratch/cscs/ybudanaz/x86_64/hpcagent-bench-runs/git-scicomp-20260909/630743/judge/rank-1/hpcagent_bench1.db,call,git-scicomp-kimi27sglang-repo.n0.p9.w9,git-scicomp-kimi27sglang-repo,0,0,9,9,lda_xc_potential,0,c,c,moonshotai/Kimi-K2.7-Code,fuzzed,float64,restricted,25,0,ok,1,,,49.46239034117591,,,2088749,c-autopar,gcc,score,,native,AMD Instinct MI300A Accelerator,,1789002889996,,run_local,last_saved
630743,630743,/capstor/scratch/cscs/ybudanaz/x86_64/hpcagent-bench-runs/git-scicomp-20260909/630743/judge/rank-1/hpcagent_bench1.db,call,git-scicomp-kimi27sglang-repo.n0.p9.w9,git-scicomp-kimi27sglang-repo,0,0,9,9,lda_xc_potential,0,c,c,moonshotai/Kimi-K2.7-Code,fuzzed,float64,restricted,26,0,ok,1,,,59.639988248694394,,,2286906,c-autopar,gcc,score,,native,AMD Instinct MI300A Accelerator,,1789003220975,,run_local,last_saved
630743,630743,/capstor/scratch/cscs/ybudanaz/x86_64/hpcagent-bench-runs/git-scicomp-20260909/630743/judge/rank-1/hpcagent_bench1.db,call,git-scicomp-kimi27sglang-repo.n0.p9.w9,git-scicomp-kimi27sglang-repo,0,0,9,9,lda_xc_potential,0,c,c,moonshotai/Kimi-K2.7-Code,fuzzed,float64,restricted,27,0,ok,1,,,60.99648003169146,,,2423010,c-autopar,gcc,score,,native,AMD Instinct MI300A Accelerator,,1789003563651,,run_local,last_saved
630743,630743,/capstor/scratch/cscs/ybudanaz/x86_64/hpcagent-bench-runs/git-scicomp-20260909/630743/judge/rank-1/hpcagent_bench1.db,call,git-scicomp-kimi27sglang-repo.n0.p9.w9,git-scicomp-kimi27sglang-repo,0,0,9,9,lda_xc_potential,0,c,c,moonshotai/Kimi-K2.7-Code,fuzzed,float64,restricted,28,0,ok,1,,,63.06059065257079,,,2561205,c-autopar,gcc,score,,native,AMD Instinct MI300A Accelerator,,1789003641803,,run_local,last_saved
630743,630743,/capstor/scratch/cscs/ybudanaz/x86_64/hpcagent-bench-runs/git-scicomp-20260909/630743/judge/rank-1/hpcagent_bench1.db,call,git-scicomp-kimi27sglang-repo.n0.p9.w9,git-scicomp-kimi27sglang-repo,0,0,9,9,lda_xc_potential,0,c,c,moonshotai/Kimi-K2.7-Code,fuzzed,float64,restricted,29,0,ok,1,,,58.213630385295,,,2701636,c-autopar,gcc,score,,native,AMD Instinct MI300A Accelerator,,1789003991517,,run_local,last_saved
630743,630743,/capstor/scratch/cscs/ybudanaz/x86_64/hpcagent-bench-runs/git-scicomp-20260909/630743/judge/rank-1/hpcagent_bench1.db,call,git-scicomp-kimi27sglang-repo.n0.p9.w9,git-scicomp-kimi27sglang-repo,0,0,9,9,lda_xc_potential,0,c,c,moonshotai/Kimi-K2.7-Code,fuzzed,float64,restricted,30,0,ok,1,,,52.994175453756995,,,2844575,c-autopar,gcc,submit,,native,AMD Instinct MI300A Accelerator,,1789004223705,,run_local,last_saved
630743,630743,/capstor/scratch/cscs/ybudanaz/x86_64/hpcagent-bench-runs/git-scicomp-20260909/630743/judge/rank-1/hpcagent_bench1.db,submission,git-scicomp-kimi27sglang-repo.n0.p1.w1,git-scicomp-kimi27sglang-repo,0,0,1,1,addusxx_g,0,c,,moonshotai/Kimi-K2.7-Code,fuzzed,float64,restricted,1,1,,,,,73.59248603215052,45644298.0,598994.0,,c-autopar,,,0,native,AMD Instinct MI300A Accelerator,,1789004761694,ad/adbe772de1f64a5df54d7ca3ab075ccfd2b1a6e392c4de97db62123ec0cffde2.txt,run_local,graded_attempt
630743,630743,/capstor/scratch/cscs/ybudanaz/x86_64/hpcagent-bench-runs/git-scicomp-20260909/630743/judge/rank-1/hpcagent_bench1.db,submission,git-scicomp-kimi27sglang-repo.n0.p9.w9,git-scicomp-kimi27sglang-repo,0,0,9,9,lda_xc_potential,0,c,,moonshotai/Kimi-K2.7-Code,fuzzed,float64,restricted,1,1,,,,,52.994175453756995,36045026.0,614264.0,,c-autopar,,,0,native,AMD Instinct MI300A Accelerator,,1789004223324,d6/d6a6756a7e661537efd2239b5ff27b482d6ac659135612f038794d2e21c66226.txt,run_local,graded_attempt
630743,630743,/capstor/scratch/cscs/ybudanaz/x86_64/hpcagent-bench-runs/git-scicomp-20260909/630743/judge/rank-2/hpcagent_bench2.db,call,git-scicomp-kimi27sglang-repo.n0.p10.w10,git-scicomp-kimi27sglang-repo,0,0,10,10,lda_xc_potential,0,c,c,moonshotai/Kimi-K2.7-Code,fuzzed,float64,restricted,1,0,ok,1,,,31.96224131403029,,,85909,c-autopar,gcc,score,,native,AMD Instinct MI300A Accelerator,,1788990836427,,run_local,last_saved
630743,630743,/capstor/scratch/cscs/ybudanaz/x86_64/hpcagent-bench-runs/git-scicomp-20260909/630743/judge/rank-2/hpcagent_bench2.db,call,git-scicomp-kimi27sglang-repo.n0.p10.w10,git-scicomp-kimi27sglang-repo,0,0,10,10,lda_xc_potential,0,c,c,moonshotai/Kimi-K2.7-Code,fuzzed,float64,restricted,2,0,ok,1,,,58.384993780208106,,,127862,c-autopar,gcc,score,,native,AMD Instinct MI300A Accelerator,,1788991337914,,run_local,last_saved
630743,630743,/capstor/scratch/cscs/ybudanaz/x86_64/hpcagent-bench-runs/git-scicomp-20260909/630743/judge/rank-2/hpcagent_bench2.db,call,git-scicomp-kimi27sglang-repo.n0.p10.w10,git-scicomp-kimi27sglang-repo,0,0,10,10,lda_xc_potential,0,c,c,moonshotai/Kimi-K2.7-Code,fuzzed,float64,restricted,3,0,ok,1,,,2.5539681705190445,,,201181,c-autopar,gcc,score,,native,AMD Instinct MI300A Accelerator,,1788991822122,,run_local,last_saved
630743,630743,/capstor/scratch/cscs/ybudanaz/x86_64/hpcagent-bench-runs/git-scicomp-20260909/630743/judge/rank-2/hpcagent_bench2.db,call,git-scicomp-kimi27sglang-repo.n0.p10.w10,git-scicomp-kimi27sglang-repo,0,0,10,10,lda_xc_potential,0,c,c,moonshotai/Kimi-K2.7-Code,fuzzed,float64,restricted,4,0,ok,1,,,56.118909131670804,,,266542,c-autopar,gcc,score,,native,AMD Instinct MI300A Accelerator,,1788992373761,,run_local,last_saved
630743,630743,/capstor/scratch/cscs/ybudanaz/x86_64/hpcagent-bench-runs/git-scicomp-20260909/630743/judge/rank-2/hpcagent_bench2.db,call,git-scicomp-kimi27sglang-repo.n0.p10.w10,git-scicomp-kimi27sglang-repo,0,0,10,10,lda_xc_potential,0,c,c,moonshotai/Kimi-K2.7-Code,fuzzed,float64,restricted,5,0,ok,1,,,40.696009086218595,,,339687,c-autopar,gcc,score,,native,AMD Instinct MI300A Accelerator,,1788992967314,,run_local,last_saved
630743,630743,/capstor/scratch/cscs/ybudanaz/x86_64/hpcagent-bench-runs/git-scicomp-20260909/630743/judge/rank-2/hpcagent_bench2.db,call,git-scicomp-kimi27sglang-repo.n0.p10.w10,git-scicomp-kimi27sglang-repo,0,0,10,10,lda_xc_potential,0,c,c,moonshotai/Kimi-K2.7-Code,fuzzed,float64,restricted,6,0,ok,1,,,63.654628324803895,,,421245,c-autopar,gcc,score,,native,AMD Instinct MI300A Accelerator,,1788993678643,,run_local,last_saved
630743,630743,/capstor/scratch/cscs/ybudanaz/x86_64/hpcagent-bench-runs/git-scicomp-20260909/630743/judge/rank-2/hpcagent_bench2.db,call,git-scicomp-kimi27sglang-repo.n0.p10.w10,git-scicomp-kimi27sglang-repo,0,0,10,10,lda_xc_potential,0,c,c,moonshotai/Kimi-K2.7-Code,fuzzed,float64,restricted,7,0,ok,1,,,59.28670513195854,,,449655,c-autopar,gcc,score,,native,AMD Instinct MI300A Accelerator,,1788993721774,,run_local,last_saved
630743,630743,/capstor/scratch/cscs/ybudanaz/x86_64/hpcagent-bench-runs/git-scicomp-20260909/630743/judge/rank-2/hpcagent_bench2.db,call,git-scicomp-kimi27sglang-repo.n0.p10.w10,git-scicomp-kimi27sglang-repo,0,0,10,10,lda_xc_potential,0,c,c,moonshotai/Kimi-K2.7-Code,fuzzed,float64,restricted,8,0,ok,1,,,58.95893675557024,,,478436,c-autopar,gcc,score,,native,AMD Instinct MI300A Accelerator,,1788993744579,,run_local,last_saved
630743,630743,/capstor/scratch/cscs/ybudanaz/x86_64/hpcagent-bench-runs/git-scicomp-20260909/630743/judge/rank-2/hpcagent_bench2.db,call,git-scicomp-kimi27sglang-repo.n0.p10.w10,git-scicomp-kimi27sglang-repo,0,0,10,10,lda_xc_potential,0,c,c,moonshotai/Kimi-K2.7-Code,fuzzed,float64,restricted,9,0,ok,1,,,58.5168354185843,,,568181,c-autopar,gcc,score,,native,AMD Instinct MI300A Accelerator,,1788994107644,,run_local,last_saved
630743,630743,/capstor/scratch/cscs/ybudanaz/x86_64/hpcagent-bench-runs/git-scicomp-20260909/630743/judge/rank-2/hpcagent_bench2.db,call,git-scicomp-kimi27sglang-repo.n0.p10.w10,git-scicomp-kimi27sglang-repo,0,0,10,10,lda_xc_potential,0,c,c,moonshotai/Kimi-K2.7-Code,fuzzed,float64,restricted,10,0,ok,1,,,59.126245809029534,,,598890,c-autopar,gcc,score,,native,AMD Instinct MI300A Accelerator,,1788994126191,,run_local,last_saved
630743,630743,/capstor/scratch/cscs/ybudanaz/x86_64/hpcagent-bench-runs/git-scicomp-20260909/630743/judge/rank-2/hpcagent_bench2.db,call,git-scicomp-kimi27sglang-repo.n0.p10.w10,git-scicomp-kimi27sglang-repo,0,0,10,10,lda_xc_potential,0,c,c,moonshotai/Kimi-K2.7-Code,fuzzed,float64,restricted,11,0,ok,1,,,58.37553847549086,,,629912,c-autopar,gcc,score,,native,AMD Instinct MI300A Accelerator,,1788994143600,,run_local,last_saved
630743,630743,/capstor/scratch/cscs/ybudanaz/x86_64/hpcagent-bench-runs/git-scicomp-20260909/630743/judge/rank-2/hpcagent_bench2.db,call,git-scicomp-kimi27sglang-repo.n0.p10.w10,git-scicomp-kimi27sglang-repo,0,0,10,10,lda_xc_potential,0,c,c,moonshotai/Kimi-K2.7-Code,fuzzed,float64,restricted,12,0,ok,1,,,9.910297224008536,,,727003,c-autopar,gcc,score,,native,AMD Instinct MI300A Accelerator,,1788994601996,,run_local,last_saved
630743,630743,/capstor/scratch/cscs/ybudanaz/x86_64/hpcagent-bench-runs/git-scicomp-20260909/630743/judge/rank-2/hpcagent_bench2.db,call,git-scicomp-kimi27sglang-repo.n0.p10.w10,git-scicomp-kimi27sglang-repo,0,0,10,10,lda_xc_potential,0,c,c,moonshotai/Kimi-K2.7-Code,fuzzed,float64,restricted,13,0,ok,1,,,58.64526620287516,,,828866,c-autopar,gcc,score,,native,AMD Instinct MI300A Accelerator,,1788994911219,,run_local,last_saved
630743,630743,/capstor/scratch/cscs/ybudanaz/x86_64/hpcagent-bench-runs/git-scicomp-20260909/630743/judge/rank-2/hpcagent_bench2.db,call,git-scicomp-kimi27sglang-repo.n0.p10.w10,git-scicomp-kimi27sglang-repo,0,0,10,10,lda_xc_potential,0,c,c,moonshotai/Kimi-K2.7-Code,fuzzed,float64,restricted,14,0,ok,1,,,63.1339693560139,,,863550,c-autopar,gcc,score,,native,AMD Instinct MI300A Accelerator,,1788994925898,,run_local,last_saved
630743,630743,/capstor/scratch/cscs/ybudanaz/x86_64/hpcagent-bench-runs/git-scicomp-20260909/630743/judge/rank-2/hpcagent_bench2.db,call,git-scicomp-kimi27sglang-repo.n0.p10.w10,git-scicomp-kimi27sglang-repo,0,0,10,10,lda_xc_potential,0,c,c,moonshotai/Kimi-K2.7-Code,fuzzed,float64,restricted,15,0,ok,1,,,63.304831551642685,,,898547,c-autopar,gcc,score,,native,AMD Instinct MI300A Accelerator,,1788994939489,,run_local,last_saved
630743,630743,/capstor/scratch/cscs/ybudanaz/x86_64/hpcagent-bench-runs/git-scicomp-20260909/630743/judge/rank-2/hpcagent_bench2.db,call,git-scicomp-kimi27sglang-repo.n0.p10.w10,git-scicomp-kimi27sglang-repo,0,0,10,10,lda_xc_potential,0,c,c,moonshotai/Kimi-K2.7-Code,fuzzed,float64,restricted,16,0,ok,1,,,9.865164895345009,,,1007344,c-autopar,gcc,score,,native,AMD Instinct MI300A Accelerator,,1788995351537,,run_local,last_saved
630743,630743,/capstor/scratch/cscs/ybudanaz/x86_64/hpcagent-bench-runs/git-scicomp-20260909/630743/judge/rank-2/hpcagent_bench2.db,call,git-scicomp-kimi27sglang-repo.n0.p10.w10,git-scicomp-kimi27sglang-repo,0,0,10,10,lda_xc_potential,0,c,c,moonshotai/Kimi-K2.7-Code,fuzzed,float64,restricted,17,0,ok,1,,,9.92669696690969,,,1360732,c-autopar,gcc,score,,native,AMD Instinct MI300A Accelerator,,1788996208294,,run_local,last_saved
630743,630743,/capstor/scratch/cscs/ybudanaz/x86_64/hpcagent-bench-runs/git-scicomp-20260909/630743/judge/rank-2/hpcagent_bench2.db,call,git-scicomp-kimi27sglang-repo.n0.p10.w10,git-scicomp-kimi27sglang-repo,0,0,10,10,lda_xc_potential,0,c,c,moonshotai/Kimi-K2.7-Code,fuzzed,float64,restricted,18,0,ok,1,,,62.991645026335384,,,1531491,c-autopar,gcc,score,,native,AMD Instinct MI300A Accelerator,,1788996702725,,run_local,last_saved
630743,630743,/capstor/scratch/cscs/ybudanaz/x86_64/hpcagent-bench-runs/git-scicomp-20260909/630743/judge/rank-2/hpcagent_bench2.db,call,git-scicomp-kimi27sglang-repo.n0.p10.w10,git-scicomp-kimi27sglang-repo,0,0,10,10,lda_xc_potential,0,c,c,moonshotai/Kimi-K2.7-Code,fuzzed,float64,restricted,19,0,ok,1,,,58.35852664231686,,,1575483,c-autopar,gcc,score,,native,AMD Instinct MI300A Accelerator,,1788996726588,,run_local,last_saved
630743,630743,/capstor/scratch/cscs/ybudanaz/x86_64/hpcagent-bench-runs/git-scicomp-20260909/630743/judge/rank-2/hpcagent_bench2.db,call,git-scicomp-kimi27sglang-repo.n0.p10.w10,git-scicomp-kimi27sglang-repo,0,0,10,10,lda_xc_potential,0,c,c,moonshotai/Kimi-K2.7-Code,fuzzed,float64,restricted,20,0,ok,1,,,55.1459514838231,,,1664462,c-autopar,gcc,submit,,native,AMD Instinct MI300A Accelerator,,1788996996194,,run_local,last_saved
630743,630743,/capstor/scratch/cscs/ybudanaz/x86_64/hpcagent-bench-runs/git-scicomp-20260909/630743/judge/rank-2/hpcagent_bench2.db,call,git-scicomp-kimi27sglang-repo.n0.p18.w18,git-scicomp-kimi27sglang-repo,0,0,18,18,fv3_dycore,0,c,c,moonshotai/Kimi-K2.7-Code,fuzzed,float64,restricted,1,0,incorrect,0,,,10.923661349706494,,,1242350,c-autopar,gcc,score,,native,AMD Instinct MI300A Accelerator,,1789001389031,,run_local,last_saved
630743,630743,/capstor/scratch/cscs/ybudanaz/x86_64/hpcagent-bench-runs/git-scicomp-20260909/630743/judge/rank-2/hpcagent_bench2.db,call,git-scicomp-kimi27sglang-repo.n0.p18.w18,git-scicomp-kimi27sglang-repo,0,0,18,18,fv3_dycore,0,c,c,moonshotai/Kimi-K2.7-Code,fuzzed,float64,restricted,2,0,ok,1,,,12.039927827485293,,,1701762,c-autopar,gcc,score,,native,AMD Instinct MI300A Accelerator,,1789002540755,,run_local,last_saved
630743,630743,/capstor/scratch/cscs/ybudanaz/x86_64/hpcagent-bench-runs/git-scicomp-20260909/630743/judge/rank-2/hpcagent_bench2.db,call,git-scicomp-kimi27sglang-repo.n0.p18.w18,git-scicomp-kimi27sglang-repo,0,0,18,18,fv3_dycore,0,c,c,moonshotai/Kimi-K2.7-Code,fuzzed,float64,restricted,3,0,ok,1,,,1.9794747954572487,,,1950207,c-autopar,gcc,score,,native,AMD Instinct MI300A Accelerator,,1789003228505,,run_local,last_saved
630743,630743,/capstor/scratch/cscs/ybudanaz/x86_64/hpcagent-bench-runs/git-scicomp-20260909/630743/judge/rank-2/hpcagent_bench2.db,call,git-scicomp-kimi27sglang-repo.n0.p18.w18,git-scicomp-kimi27sglang-repo,0,0,18,18,fv3_dycore,0,c,c,moonshotai/Kimi-K2.7-Code,fuzzed,float64,restricted,4,0,ok,1,,,17.028401701334385,,,3082497,c-autopar,gcc,score,,native,AMD Instinct MI300A Accelerator,,1789005653186,,run_local,last_saved
630743,630743,/capstor/scratch/cscs/ybudanaz/x86_64/hpcagent-bench-runs/git-scicomp-20260909/630743/judge/rank-2/hpcagent_bench2.db,call,git-scicomp-kimi27sglang-repo.n0.p18.w18,git-scicomp-kimi27sglang-repo,0,0,18,18,fv3_dycore,0,c,c,moonshotai/Kimi-K2.7-Code,fuzzed,float64,restricted,5,0,ok,1,,,16.761722319545054,,,3806940,c-autopar,gcc,score,,native,AMD Instinct MI300A Accelerator,,1789006808521,,run_local,last_saved
630743,630743,/capstor/scratch/cscs/ybudanaz/x86_64/hpcagent-bench-runs/git-scicomp-20260909/630743/judge/rank-2/hpcagent_bench2.db,call,git-scicomp-kimi27sglang-repo.n0.p18.w18,git-scicomp-kimi27sglang-repo,0,0,18,18,fv3_dycore,0,c,c,moonshotai/Kimi-K2.7-Code,fuzzed,float64,restricted,6,0,ok,1,,,16.992584798318877,,,4245274,c-autopar,gcc,score,,native,AMD Instinct MI300A Accelerator,,1789007535278,,run_local,last_saved
630743,630743,/capstor/scratch/cscs/ybudanaz/x86_64/hpcagent-bench-runs/git-scicomp-20260909/630743/judge/rank-2/hpcagent_bench2.db,call,git-scicomp-kimi27sglang-repo.n0.p18.w18,git-scicomp-kimi27sglang-repo,0,0,18,18,fv3_dycore,0,c,c,moonshotai/Kimi-K2.7-Code,fuzzed,float64,restricted,7,0,score_error,0,,,0.0,,,6203357,,gcc,score,,native,AMD Instinct MI300A Accelerator,,1789011573759,,run_local,last_saved
630743,630743,/capstor/scratch/cscs/ybudanaz/x86_64/hpcagent-bench-runs/git-scicomp-20260909/630743/judge/rank-2/hpcagent_bench2.db,call,git-scicomp-kimi27sglang-repo.n0.p18.w18,git-scicomp-kimi27sglang-repo,0,0,18,18,fv3_dycore,0,c,c,moonshotai/Kimi-K2.7-Code,fuzzed,float64,restricted,8,0,ok,1,,,8.17223969545922,,,6748977,c-autopar,gcc,score,,native,AMD Instinct MI300A Accelerator,,1789011806732,,run_local,last_saved
630743,630743,/capstor/scratch/cscs/ybudanaz/x86_64/hpcagent-bench-runs/git-scicomp-20260909/630743/judge/rank-2/hpcagent_bench2.db,call,git-scicomp-kimi27sglang-repo.n0.p18.w18,git-scicomp-kimi27sglang-repo,0,0,18,18,fv3_dycore,0,c,c,moonshotai/Kimi-K2.7-Code,fuzzed,float64,restricted,9,0,ok,1,,,15.383307460457312,,,7472205,c-autopar,gcc,score,,native,AMD Instinct MI300A Accelerator,,1789013497190,,run_local,last_saved
630743,630743,/capstor/scratch/cscs/ybudanaz/x86_64/hpcagent-bench-runs/git-scicomp-20260909/630743/judge/rank-2/hpcagent_bench2.db,call,git-scicomp-kimi27sglang-repo.n0.p18.w18,git-scicomp-kimi27sglang-repo,0,0,18,18,fv3_dycore,0,c,c,moonshotai/Kimi-K2.7-Code,fuzzed,float64,restricted,10,0,ok,1,,,16.70823849619714,,,7770858,c-autopar,gcc,score,,native,AMD Instinct MI300A Accelerator,,1789013767785,,run_local,last_saved
630743,630743,/capstor/scratch/cscs/ybudanaz/x86_64/hpcagent-bench-runs/git-scicomp-20260909/630743/judge/rank-2/hpcagent_bench2.db,call,git-scicomp-kimi27sglang-repo.n0.p18.w18,git-scicomp-kimi27sglang-repo,0,0,18,18,fv3_dycore,0,c,c,moonshotai/Kimi-K2.7-Code,fuzzed,float64,restricted,11,0,ok,1,,,16.834740499999764,,,9181299,c-autopar,gcc,score,,native,AMD Instinct MI300A Accelerator,,1789015241858,,run_local,last_saved
630743,630743,/capstor/scratch/cscs/ybudanaz/x86_64/hpcagent-bench-runs/git-scicomp-20260909/630743/judge/rank-2/hpcagent_bench2.db,call,git-scicomp-kimi27sglang-repo.n0.p18.w18,git-scicomp-kimi27sglang-repo,0,0,18,18,fv3_dycore,0,c,c,moonshotai/Kimi-K2.7-Code,fuzzed,float64,restricted,12,0,ok,1,,,16.859044076960533,,,10182068,c-autopar,gcc,score,,native,AMD Instinct MI300A Accelerator,,1789015899459,,run_local,last_saved
630743,630743,/capstor/scratch/cscs/ybudanaz/x86_64/hpcagent-bench-runs/git-scicomp-20260909/630743/judge/rank-2/hpcagent_bench2.db,call,git-scicomp-kimi27sglang-repo.n0.p18.w18,git-scicomp-kimi27sglang-repo,0,0,18,18,fv3_dycore,0,c,c,moonshotai/Kimi-K2.7-Code,fuzzed,float64,restricted,13,0,incorrect,0,,,17.86082000294711,,,11572985,c-autopar,gcc,score,,native,AMD Instinct MI300A Accelerator,,1789016986567,,run_local,last_saved
630743,630743,/capstor/scratch/cscs/ybudanaz/x86_64/hpcagent-bench-runs/git-scicomp-20260909/630743/judge/rank-2/hpcagent_bench2.db,call,git-scicomp-kimi27sglang-repo.n0.p18.w18,git-scicomp-kimi27sglang-repo,0,0,18,18,fv3_dycore,0,c,c,moonshotai/Kimi-K2.7-Code,fuzzed,float64,restricted,14,0,incorrect,0,,,17.814426213099335,,,13033813,c-autopar,gcc,score,,native,AMD Instinct MI300A Accelerator,,1789018513058,,run_local,last_saved
630743,630743,/capstor/scratch/cscs/ybudanaz/x86_64/hpcagent-bench-runs/git-scicomp-20260909/630743/judge/rank-2/hpcagent_bench2.db,call,git-scicomp-kimi27sglang-repo.n0.p18.w18,git-scicomp-kimi27sglang-repo,0,0,18,18,fv3_dycore,0,c,c,moonshotai/Kimi-K2.7-Code,fuzzed,float64,restricted,15,0,ok,1,,,16.79623479353191,,,13408515,c-autopar,gcc,score,,native,AMD Instinct MI300A Accelerator,,1789018972097,,run_local,last_saved
630743,630743,/capstor/scratch/cscs/ybudanaz/x86_64/hpcagent-bench-runs/git-scicomp-20260909/630743/judge/rank-2/hpcagent_bench2.db,call,git-scicomp-kimi27sglang-repo.n0.p18.w18,git-scicomp-kimi27sglang-repo,0,0,18,18,fv3_dycore,0,c,c,moonshotai/Kimi-K2.7-Code,fuzzed,float64,restricted,16,0,ok,1,,,1.1306084812225554,,,13597316,c-autopar,gcc,score,,native,AMD Instinct MI300A Accelerator,,1789019149333,,run_local,last_saved
630743,630743,/capstor/scratch/cscs/ybudanaz/x86_64/hpcagent-bench-runs/git-scicomp-20260909/630743/judge/rank-2/hpcagent_bench2.db,call,git-scicomp-kimi27sglang-repo.n0.p18.w18,git-scicomp-kimi27sglang-repo,0,0,18,18,fv3_dycore,0,c,c,moonshotai/Kimi-K2.7-Code,fuzzed,float64,restricted,17,0,ok,1,,,9.54543165297262,,,14169738,c-autopar,gcc,score,,native,AMD Instinct MI300A Accelerator,,1789020884038,,run_local,last_saved
630743,630743,/capstor/scratch/cscs/ybudanaz/x86_64/hpcagent-bench-runs/git-scicomp-20260909/630743/judge/rank-2/hpcagent_bench2.db,call,git-scicomp-kimi27sglang-repo.n0.p18.w18,git-scicomp-kimi27sglang-repo,0,0,18,18,fv3_dycore,0,c,c,moonshotai/Kimi-K2.7-Code,fuzzed,float64,restricted,18,0,ok,1,,,16.98548433988524,,,14553831,c-autopar,gcc,score,,native,AMD Instinct MI300A Accelerator,,1789020947724,,run_local,last_saved
630743,630743,/capstor/scratch/cscs/ybudanaz/x86_64/hpcagent-bench-runs/git-scicomp-20260909/630743/judge/rank-2/hpcagent_bench2.db,call,git-scicomp-kimi27sglang-repo.n0.p18.w18,git-scicomp-kimi27sglang-repo,0,0,18,18,fv3_dycore,0,c,c,moonshotai/Kimi-K2.7-Code,fuzzed,float64,restricted,19,0,ok,1,,,16.543500416254773,,,14746338,c-autopar,gcc,submit,,native,AMD Instinct MI300A Accelerator,,1789021219168,,run_local,last_saved
630743,630743,/capstor/scratch/cscs/ybudanaz/x86_64/hpcagent-bench-runs/git-scicomp-20260909/630743/judge/rank-2/hpcagent_bench2.db,call,git-scicomp-kimi27sglang-repo.n0.p2.w2,git-scicomp-kimi27sglang-repo,0,0,2,2,addusxx_g,0,c,c,moonshotai/Kimi-K2.7-Code,fuzzed,float64,restricted,1,0,ok,1,,,1.0066953161191916,,,189359,c-autopar,gcc,score,,native,AMD Instinct MI300A Accelerator,,1788991806988,,run_local,last_saved
630743,630743,/capstor/scratch/cscs/ybudanaz/x86_64/hpcagent-bench-runs/git-scicomp-20260909/630743/judge/rank-2/hpcagent_bench2.db,call,git-scicomp-kimi27sglang-repo.n0.p2.w2,git-scicomp-kimi27sglang-repo,0,0,2,2,addusxx_g,0,c,c,moonshotai/Kimi-K2.7-Code,fuzzed,float64,restricted,2,0,ok,1,,,33.76080674021343,,,269136,c-autopar,gcc,score,,native,AMD Instinct MI300A Accelerator,,1788993767851,,run_local,last_saved
630743,630743,/capstor/scratch/cscs/ybudanaz/x86_64/hpcagent-bench-runs/git-scicomp-20260909/630743/judge/rank-2/hpcagent_bench2.db,call,git-scicomp-kimi27sglang-repo.n0.p2.w2,git-scicomp-kimi27sglang-repo,0,0,2,2,addusxx_g,0,c,c,moonshotai/Kimi-K2.7-Code,fuzzed,float64,restricted,3,0,ok,1,,,79.8531131718215,,,468649,c-autopar,gcc,score,,native,AMD Instinct MI300A Accelerator,,1788998057979,,run_local,last_saved
630743,630743,/capstor/scratch/cscs/ybudanaz/x86_64/hpcagent-bench-runs/git-scicomp-20260909/630743/judge/rank-2/hpcagent_bench2.db,call,git-scicomp-kimi27sglang-repo.n0.p2.w2,git-scicomp-kimi27sglang-repo,0,0,2,2,addusxx_g,0,c,c,moonshotai/Kimi-K2.7-Code,fuzzed,float64,restricted,4,0,ok,1,,,6.839188598921695,,,697730,c-autopar,gcc,score,,native,AMD Instinct MI300A Accelerator,,1789001649375,,run_local,last_saved
630743,630743,/capstor/scratch/cscs/ybudanaz/x86_64/hpcagent-bench-runs/git-scicomp-20260909/630743/judge/rank-2/hpcagent_bench2.db,call,git-scicomp-kimi27sglang-repo.n0.p2.w2,git-scicomp-kimi27sglang-repo,0,0,2,2,addusxx_g,0,c,c,moonshotai/Kimi-K2.7-Code,fuzzed,float64,restricted,5,0,ok,1,,,79.20798530691447,,,1032659,c-autopar,gcc,score,,native,AMD Instinct MI300A Accelerator,,1789002529361,,run_local,last_saved
630743,630743,/capstor/scratch/cscs/ybudanaz/x86_64/hpcagent-bench-runs/git-scicomp-20260909/630743/judge/rank-2/hpcagent_bench2.db,call,git-scicomp-kimi27sglang-repo.n0.p2.w2,git-scicomp-kimi27sglang-repo,0,0,2,2,addusxx_g,0,c,c,moonshotai/Kimi-K2.7-Code,fuzzed,float64,restricted,6,0,ok,1,,,77.17862877342961,,,1310773,c-autopar,gcc,score,,native,AMD Instinct MI300A Accelerator,,1789002945407,,run_local,last_saved
630743,630743,/capstor/scratch/cscs/ybudanaz/x86_64/hpcagent-bench-runs/git-scicomp-20260909/630743/judge/rank-2/hpcagent_bench2.db,call,git-scicomp-kimi27sglang-repo.n0.p2.w2,git-scicomp-kimi27sglang-repo,0,0,2,2,addusxx_g,0,c,c,moonshotai/Kimi-K2.7-Code,fuzzed,float64,restricted,7,0,ok,1,,,78.5113064433443,,,1452379,c-autopar,gcc,score,,native,AMD Instinct MI300A Accelerator,,1789003195703,,run_local,last_saved
630743,630743,/capstor/scratch/cscs/ybudanaz/x86_64/hpcagent-bench-runs/git-scicomp-20260909/630743/judge/rank-2/hpcagent_bench2.db,call,git-scicomp-kimi27sglang-repo.n0.p2.w2,git-scicomp-kimi27sglang-repo,0,0,2,2,addusxx_g,0,c,c,moonshotai/Kimi-K2.7-Code,fuzzed,float64,restricted,8,0,ok,1,,,82.10480721847978,,,1523929,c-autopar,gcc,submit,,native,AMD Instinct MI300A Accelerator,,1789003544185,,run_local,last_saved
630743,630743,/capstor/scratch/cscs/ybudanaz/x86_64/hpcagent-bench-runs/git-scicomp-20260909/630743/judge/rank-2/hpcagent_bench2.db,call,git-scicomp-kimi27sglang-repo.n0.p26.w26,git-scicomp-kimi27sglang-repo,0,0,26,26,jacobi_2d,0,c,c,moonshotai/Kimi-K2.7-Code,fuzzed,float64,restricted,1,0,ok,1,,,6.2346822889820235,,,90164,c-autopar,gcc,score,,native,AMD Instinct MI300A Accelerator,,1788991241445,,run_local,last_saved
630743,630743,/capstor/scratch/cscs/ybudanaz/x86_64/hpcagent-bench-runs/git-scicomp-20260909/630743/judge/rank-2/hpcagent_bench2.db,call,git-scicomp-kimi27sglang-repo.n0.p26.w26,git-scicomp-kimi27sglang-repo,0,0,26,26,jacobi_2d,0,c,c,moonshotai/Kimi-K2.7-Code,fuzzed,float64,restricted,2,0,incorrect,0,,,5.630390995117033,,,181017,c-autopar,gcc,score,,native,AMD Instinct MI300A Accelerator,,1788993678411,,run_local,last_saved
630743,630743,/capstor/scratch/cscs/ybudanaz/x86_64/hpcagent-bench-runs/git-scicomp-20260909/630743/judge/rank-2/hpcagent_bench2.db,call,git-scicomp-kimi27sglang-repo.n0.p26.w26,git-scicomp-kimi27sglang-repo,0,0,26,26,jacobi_2d,0,c,c,moonshotai/Kimi-K2.7-Code,fuzzed,float64,restricted,3,0,ok,1,,,5.970095656855906,,,272054,c-autopar,gcc,score,,native,AMD Instinct MI300A Accelerator,,1788994666924,,run_local,last_saved
630743,630743,/capstor/scratch/cscs/ybudanaz/x86_64/hpcagent-bench-runs/git-scicomp-20260909/630743/judge/rank-2/hpcagent_bench2.db,call,git-scicomp-kimi27sglang-repo.n0.p26.w26,git-scicomp-kimi27sglang-repo,0,0,26,26,jacobi_2d,0,c,c,moonshotai/Kimi-K2.7-Code,fuzzed,float64,restricted,4,0,incorrect,0,,,4.718610577456214,,,476616,c-autopar,gcc,score,,native,AMD Instinct MI300A Accelerator,,1789002108520,,run_local,last_saved
630743,630743,/capstor/scratch/cscs/ybudanaz/x86_64/hpcagent-bench-runs/git-scicomp-20260909/630743/judge/rank-2/hpcagent_bench2.db,call,git-scicomp-kimi27sglang-repo.n0.p26.w26,git-scicomp-kimi27sglang-repo,0,0,26,26,jacobi_2d,0,c,c,moonshotai/Kimi-K2.7-Code,fuzzed,float64,restricted,5,0,ok,1,,,4.492917584135264,,,1426267,c-autopar,gcc,score,,native,AMD Instinct MI300A Accelerator,,1789008499432,,run_local,last_saved
630743,630743,/capstor/scratch/cscs/ybudanaz/x86_64/hpcagent-bench-runs/git-scicomp-20260909/630743/judge/rank-2/hpcagent_bench2.db,call,git-scicomp-kimi27sglang-repo.n0.p26.w26,git-scicomp-kimi27sglang-repo,0,0,26,26,jacobi_2d,0,c,c,moonshotai/Kimi-K2.7-Code,fuzzed,float64,restricted,6,0,ok,1,,,4.548516634424791,,,1891535,c-autopar,gcc,score,,native,AMD Instinct MI300A Accelerator,,1789010271921,,run_local,last_saved
630743,630743,/capstor/scratch/cscs/ybudanaz/x86_64/hpcagent-bench-runs/git-scicomp-20260909/630743/judge/rank-2/hpcagent_bench2.db,call,git-scicomp-kimi27sglang-repo.n0.p26.w26,git-scicomp-kimi27sglang-repo,0,0,26,26,jacobi_2d,0,c,c,moonshotai/Kimi-K2.7-Code,fuzzed,float64,restricted,7,0,ok,1,,,0.9642077178990229,,,2325712,c-autopar,gcc,score,,native,AMD Instinct MI300A Accelerator,,1789013967968,,run_local,last_saved
630743,630743,/capstor/scratch/cscs/ybudanaz/x86_64/hpcagent-bench-runs/git-scicomp-20260909/630743/judge/rank-2/hpcagent_bench2.db,call,git-scicomp-kimi27sglang-repo.n0.p26.w26,git-scicomp-kimi27sglang-repo,0,0,26,26,jacobi_2d,0,c,c,moonshotai/Kimi-K2.7-Code,fuzzed,float64,restricted,8,0,ok,1,,,0.9696501250704865,,,2785835,c-autopar,gcc,score,,native,AMD Instinct MI300A Accelerator,,1789014566820,,run_local,last_saved
630743,630743,/capstor/scratch/cscs/ybudanaz/x86_64/hpcagent-bench-runs/git-scicomp-20260909/630743/judge/rank-2/hpcagent_bench2.db,call,git-scicomp-kimi27sglang-repo.n0.p26.w26,git-scicomp-kimi27sglang-repo,0,0,26,26,jacobi_2d,0,c,c,moonshotai/Kimi-K2.7-Code,fuzzed,float64,restricted,9,0,ok,1,,,1.7088515320686444,,,3142985,c-autopar,gcc,score,,native,AMD Instinct MI300A Accelerator,,1789015607702,,run_local,last_saved
630743,630743,/capstor/scratch/cscs/ybudanaz/x86_64/hpcagent-bench-runs/git-scicomp-20260909/630743/judge/rank-2/hpcagent_bench2.db,call,git-scicomp-kimi27sglang-repo.n0.p26.w26,git-scicomp-kimi27sglang-repo,0,0,26,26,jacobi_2d,0,c,c,moonshotai/Kimi-K2.7-Code,fuzzed,float64,restricted,10,0,ok,1,,,3.7557536203055903,,,3647378,c-autopar,gcc,score,,native,AMD Instinct MI300A Accelerator,,1789017173893,,run_local,last_saved
630743,630743,/capstor/scratch/cscs/ybudanaz/x86_64/hpcagent-bench-runs/git-scicomp-20260909/630743/judge/rank-2/hpcagent_bench2.db,call,git-scicomp-kimi27sglang-repo.n0.p26.w26,git-scicomp-kimi27sglang-repo,0,0,26,26,jacobi_2d,0,c,c,moonshotai/Kimi-K2.7-Code,fuzzed,float64,restricted,11,0,ok,1,,,6.28970568941371,,,4035732,c-autopar,gcc,score,,native,AMD Instinct MI300A Accelerator,,1789017617431,,run_local,last_saved
630743,630743,/capstor/scratch/cscs/ybudanaz/x86_64/hpcagent-bench-runs/git-scicomp-20260909/630743/judge/rank-2/hpcagent_bench2.db,call,git-scicomp-kimi27sglang-repo.n0.p26.w26,git-scicomp-kimi27sglang-repo,0,0,26,26,jacobi_2d,0,c,c,moonshotai/Kimi-K2.7-Code,fuzzed,float64,restricted,12,0,ok,1,,,5.646185756772889,,,4564730,c-autopar,gcc,score,,native,AMD Instinct MI300A Accelerator,,1789018258894,,run_local,last_saved
630743,630743,/capstor/scratch/cscs/ybudanaz/x86_64/hpcagent-bench-runs/git-scicomp-20260909/630743/judge/rank-2/hpcagent_bench2.db,call,git-scicomp-kimi27sglang-repo.n0.p26.w26,git-scicomp-kimi27sglang-repo,0,0,26,26,jacobi_2d,0,c,c,moonshotai/Kimi-K2.7-Code,fuzzed,float64,restricted,13,0,ok,1,,,6.279257233381282,,,4833307,c-autopar,gcc,score,,native,AMD Instinct MI300A Accelerator,,1789018502235,,run_local,last_saved
630743,630743,/capstor/scratch/cscs/ybudanaz/x86_64/hpcagent-bench-runs/git-scicomp-20260909/630743/judge/rank-2/hpcagent_bench2.db,call,git-scicomp-kimi27sglang-repo.n0.p26.w26,git-scicomp-kimi27sglang-repo,0,0,26,26,jacobi_2d,0,c,c,moonshotai/Kimi-K2.7-Code,fuzzed,float64,restricted,14,0,ok,1,,,6.289999860396143,,,5378686,c-autopar,gcc,score,,native,AMD Instinct MI300A Accelerator,,1789018771733,,run_local,last_saved
630743,630743,/capstor/scratch/cscs/ybudanaz/x86_64/hpcagent-bench-runs/git-scicomp-20260909/630743/judge/rank-2/hpcagent_bench2.db,call,git-scicomp-kimi27sglang-repo.n0.p26.w26,git-scicomp-kimi27sglang-repo,0,0,26,26,jacobi_2d,0,c,c,moonshotai/Kimi-K2.7-Code,fuzzed,float64,restricted,15,0,ok,1,,,6.282692239031421,,,5792546,c-autopar,gcc,score,,native,AMD Instinct MI300A Accelerator,,1789018963097,,run_local,last_saved
630743,630743,/capstor/scratch/cscs/ybudanaz/x86_64/hpcagent-bench-runs/git-scicomp-20260909/630743/judge/rank-2/hpcagent_bench2.db,call,git-scicomp-kimi27sglang-repo.n0.p26.w26,git-scicomp-kimi27sglang-repo,0,0,26,26,jacobi_2d,0,c,c,moonshotai/Kimi-K2.7-Code,fuzzed,float64,restricted,16,0,ok,1,,,6.116317595060837,,,6212524,c-autopar,gcc,submit,,native,AMD Instinct MI300A Accelerator,,1789020874256,,run_local,last_saved
630743,630743,/capstor/scratch/cscs/ybudanaz/x86_64/hpcagent-bench-runs/git-scicomp-20260909/630743/judge/rank-2/hpcagent_bench2.db,submission,git-scicomp-kimi27sglang-repo.n0.p10.w10,git-scicomp-kimi27sglang-repo,0,0,10,10,lda_xc_potential,0,c,,moonshotai/Kimi-K2.7-Code,fuzzed,float64,restricted,1,1,,,,,55.1459514838231,36024657.0,646724.0,,c-autopar,,,0,native,AMD Instinct MI300A Accelerator,,1788996995965,57/5739e5ce3f2270c3d3b13f1d5971d7f4566af8d4ba048e5da979e491d1df8622.txt,run_local,graded_attempt
630743,630743,/capstor/scratch/cscs/ybudanaz/x86_64/hpcagent-bench-runs/git-scicomp-20260909/630743/judge/rank-2/hpcagent_bench2.db,submission,git-scicomp-kimi27sglang-repo.n0.p18.w18,git-scicomp-kimi27sglang-repo,0,0,18,18,fv3_dycore,0,c,,moonshotai/Kimi-K2.7-Code,fuzzed,float64,restricted,1,1,,,,,16.543500416254773,597221112.0,35781151.0,,c-autopar,,,0,native,AMD Instinct MI300A Accelerator,,1789021218957,74/74eb9bfa609d51f957d032ebf9b8396a3fc56169f3f4d47ca88dbc6ed07e6b75.txt,run_local,graded_attempt
630743,630743,/capstor/scratch/cscs/ybudanaz/x86_64/hpcagent-bench-runs/git-scicomp-20260909/630743/judge/rank-2/hpcagent_bench2.db,submission,git-scicomp-kimi27sglang-repo.n0.p2.w2,git-scicomp-kimi27sglang-repo,0,0,2,2,addusxx_g,0,c,,moonshotai/Kimi-K2.7-Code,fuzzed,float64,restricted,1,1,,,,,82.10480721847978,40840585.0,540203.0,,c-autopar,,,0,native,AMD Instinct MI300A Accelerator,,1789003543955,bb/bb9077d3518d4f8e29e1fb3448f99d924b01a3ebb52b806ba1e24a74afb0eab8.txt,run_local,graded_attempt
630743,630743,/capstor/scratch/cscs/ybudanaz/x86_64/hpcagent-bench-runs/git-scicomp-20260909/630743/judge/rank-2/hpcagent_bench2.db,submission,git-scicomp-kimi27sglang-repo.n0.p26.w26,git-scicomp-kimi27sglang-repo,0,0,26,26,jacobi_2d,0,c,,moonshotai/Kimi-K2.7-Code,fuzzed,float64,restricted,1,1,,,,,6.116317595060837,14233145419.0,2315286809.0,,c-autopar,,,0,native,AMD Instinct MI300A Accelerator,,1789020874097,9d/9dfaeffe2066217b74340472dd02a3be98140bed4d6778da0bbb5e9bd2d3972e.txt,run_local,graded_attempt
630743,630743,/capstor/scratch/cscs/ybudanaz/x86_64/hpcagent-bench-runs/git-scicomp-20260909/630743/judge/rank-3/hpcagent_bench3.db,attempt,git-scicomp-kimi27sglang-repo.n0.p27.w27,git-scicomp-kimi27sglang-repo,0,0,27,27,edge_laplacian,0,c,,moonshotai/Kimi-K2.7-Code,fuzzed,float64,restricted,1,0,,0,1,score_error,,,,,,,,,native,AMD Instinct MI300A Accelerator,,1789006049310,e9/e9659540653366f0cd1b236a5d849dca87fa2ddbfa07883327568293375bbf08.txt,run_local,graded_attempt
630743,630743,/capstor/scratch/cscs/ybudanaz/x86_64/hpcagent-bench-runs/git-scicomp-20260909/630743/judge/rank-3/hpcagent_bench3.db,call,git-scicomp-kimi27sglang-repo.n0.p11.w11,git-scicomp-kimi27sglang-repo,0,0,11,11,lda_xc_potential,0,c,c,moonshotai/Kimi-K2.7-Code,fuzzed,float64,restricted,1,0,incorrect,0,,,2579.580861581921,,,151823,c-autopar,gcc,score,,native,AMD Instinct MI300A Accelerator,,1788991153045,,run_local,last_saved
630743,630743,/capstor/scratch/cscs/ybudanaz/x86_64/hpcagent-bench-runs/git-scicomp-20260909/630743/judge/rank-3/hpcagent_bench3.db,call,git-scicomp-kimi27sglang-repo.n0.p11.w11,git-scicomp-kimi27sglang-repo,0,0,11,11,lda_xc_potential,0,c,c,moonshotai/Kimi-K2.7-Code,fuzzed,float64,restricted,2,0,ok,1,,,22.32966438439907,,,198076,c-autopar,gcc,score,,native,AMD Instinct MI300A Accelerator,,1788991359678,,run_local,last_saved
630743,630743,/capstor/scratch/cscs/ybudanaz/x86_64/hpcagent-bench-runs/git-scicomp-20260909/630743/judge/rank-3/hpcagent_bench3.db,call,git-scicomp-kimi27sglang-repo.n0.p11.w11,git-scicomp-kimi27sglang-repo,0,0,11,11,lda_xc_potential,0,c,c,moonshotai/Kimi-K2.7-Code,fuzzed,float64,restricted,3,0,ok,1,,,30.265080396189237,,,357282,c-autopar,gcc,score,,native,AMD Instinct MI300A Accelerator,,1788992570555,,run_local,last_saved
630743,630743,/capstor/scratch/cscs/ybudanaz/x86_64/hpcagent-bench-runs/git-scicomp-20260909/630743/judge/rank-3/hpcagent_bench3.db,call,git-scicomp-kimi27sglang-repo.n0.p11.w11,git-scicomp-kimi27sglang-repo,0,0,11,11,lda_xc_potential,0,c,c,moonshotai/Kimi-K2.7-Code,fuzzed,float64,restricted,4,0,ok,1,,,0.4698646636322184,,,475027,c-autopar,gcc,score,,native,AMD Instinct MI300A Accelerator,,1788993477268,,run_local,last_saved
630743,630743,/capstor/scratch/cscs/ybudanaz/x86_64/hpcagent-bench-runs/git-scicomp-20260909/630743/judge/rank-3/hpcagent_bench3.db,call,git-scicomp-kimi27sglang-repo.n0.p11.w11,git-scicomp-kimi27sglang-repo,0,0,11,11,lda_xc_potential,0,c,c,moonshotai/Kimi-K2.7-Code,fuzzed,float64,restricted,5,0,ok,1,,,1.4029207299040187,,,574099,c-autopar,gcc,score,,native,AMD Instinct MI300A Accelerator,,1788993924284,,run_local,last_saved
630743,630743,/capstor/scratch/cscs/ybudanaz/x86_64/hpcagent-bench-runs/git-scicomp-20260909/630743/judge/rank-3/hpcagent_bench3.db,call,git-scicomp-kimi27sglang-repo.n0.p11.w11,git-scicomp-kimi27sglang-repo,0,0,11,11,lda_xc_potential,0,c,c,moonshotai/Kimi-K2.7-Code,fuzzed,float64,restricted,6,0,ok,1,,,30.00996173052307,,,753239,c-autopar,gcc,score,,native,AMD Instinct MI300A Accelerator,,1788994767061,,run_local,last_saved
630743,630743,/capstor/scratch/cscs/ybudanaz/x86_64/hpcagent-bench-runs/git-scicomp-20260909/630743/judge/rank-3/hpcagent_bench3.db,call,git-scicomp-kimi27sglang-repo.n0.p11.w11,git-scicomp-kimi27sglang-repo,0,0,11,11,lda_xc_potential,0,c,c,moonshotai/Kimi-K2.7-Code,fuzzed,float64,restricted,7,0,ok,1,,,1.5084882564248716,,,869665,c-autopar,gcc,score,,native,AMD Instinct MI300A Accelerator,,1788995406795,,run_local,last_saved
630743,630743,/capstor/scratch/cscs/ybudanaz/x86_64/hpcagent-bench-runs/git-scicomp-20260909/630743/judge/rank-3/hpcagent_bench3.db,call,git-scicomp-kimi27sglang-repo.n0.p11.w11,git-scicomp-kimi27sglang-repo,0,0,11,11,lda_xc_potential,0,c,c,moonshotai/Kimi-K2.7-Code,fuzzed,float64,restricted,8,0,ok,1,,,5.618306731118416,,,992310,c-autopar,gcc,score,,native,AMD Instinct MI300A Accelerator,,1788995952634,,run_local,last_saved
630743,630743,/capstor/scratch/cscs/ybudanaz/x86_64/hpcagent-bench-runs/git-scicomp-20260909/630743/judge/rank-3/hpcagent_bench3.db,call,git-scicomp-kimi27sglang-repo.n0.p11.w11,git-scicomp-kimi27sglang-repo,0,0,11,11,lda_xc_potential,0,c,c,moonshotai/Kimi-K2.7-Code,fuzzed,float64,restricted,9,0,ok,1,,,10.853221719478526,,,1123255,c-autopar,gcc,score,,native,AMD Instinct MI300A Accelerator,,1788996810276,,run_local,last_saved
630743,630743,/capstor/scratch/cscs/ybudanaz/x86_64/hpcagent-bench-runs/git-scicomp-20260909/630743/judge/rank-3/hpcagent_bench3.db,call,git-scicomp-kimi27sglang-repo.n0.p11.w11,git-scicomp-kimi27sglang-repo,0,0,11,11,lda_xc_potential,0,c,c,moonshotai/Kimi-K2.7-Code,fuzzed,float64,restricted,10,0,ok,1,,,41.76952518393662,,,1263179,c-autopar,gcc,score,,native,AMD Instinct MI300A Accelerator,,1788997677888,,run_local,last_saved
630743,630743,/capstor/scratch/cscs/ybudanaz/x86_64/hpcagent-bench-runs/git-scicomp-20260909/630743/judge/rank-3/hpcagent_bench3.db,call,git-scicomp-kimi27sglang-repo.n0.p11.w11,git-scicomp-kimi27sglang-repo,0,0,11,11,lda_xc_potential,0,c,c,moonshotai/Kimi-K2.7-Code,fuzzed,float64,restricted,11,0,ok,1,,,41.56798023502206,,,1461319,c-autopar,gcc,score,,native,AMD Instinct MI300A Accelerator,,1788998514524,,run_local,last_saved
630743,630743,/capstor/scratch/cscs/ybudanaz/x86_64/hpcagent-bench-runs/git-scicomp-20260909/630743/judge/rank-3/hpcagent_bench3.db,call,git-scicomp-kimi27sglang-repo.n0.p11.w11,git-scicomp-kimi27sglang-repo,0,0,11,11,lda_xc_potential,0,c,c,moonshotai/Kimi-K2.7-Code,fuzzed,float64,restricted,12,0,ok,1,,,58.70466591879964,,,1840939,c-autopar,gcc,score,,native,AMD Instinct MI300A Accelerator,,1788999718359,,run_local,last_saved
630743,630743,/capstor/scratch/cscs/ybudanaz/x86_64/hpcagent-bench-runs/git-scicomp-20260909/630743/judge/rank-3/hpcagent_bench3.db,call,git-scicomp-kimi27sglang-repo.n0.p11.w11,git-scicomp-kimi27sglang-repo,0,0,11,11,lda_xc_potential,0,c,c,moonshotai/Kimi-K2.7-Code,fuzzed,float64,restricted,13,0,ok,1,,,41.209733010667165,,,2020360,c-autopar,gcc,score,,native,AMD Instinct MI300A Accelerator,,1789000576363,,run_local,last_saved
630743,630743,/capstor/scratch/cscs/ybudanaz/x86_64/hpcagent-bench-runs/git-scicomp-20260909/630743/judge/rank-3/hpcagent_bench3.db,call,git-scicomp-kimi27sglang-repo.n0.p11.w11,git-scicomp-kimi27sglang-repo,0,0,11,11,lda_xc_potential,0,c,c,moonshotai/Kimi-K2.7-Code,fuzzed,float64,restricted,14,0,ok,1,,,58.36239720194356,,,2206317,c-autopar,gcc,score,,native,AMD Instinct MI300A Accelerator,,1789001068232,,run_local,last_saved
630743,630743,/capstor/scratch/cscs/ybudanaz/x86_64/hpcagent-bench-runs/git-scicomp-20260909/630743/judge/rank-3/hpcagent_bench3.db,call,git-scicomp-kimi27sglang-repo.n0.p11.w11,git-scicomp-kimi27sglang-repo,0,0,11,11,lda_xc_potential,0,c,c,moonshotai/Kimi-K2.7-Code,fuzzed,float64,restricted,15,0,ok,1,,,45.31391230453364,,,2548013,c-autopar,gcc,score,,native,AMD Instinct MI300A Accelerator,,1789002553405,,run_local,last_saved
630743,630743,/capstor/scratch/cscs/ybudanaz/x86_64/hpcagent-bench-runs/git-scicomp-20260909/630743/judge/rank-3/hpcagent_bench3.db,call,git-scicomp-kimi27sglang-repo.n0.p11.w11,git-scicomp-kimi27sglang-repo,0,0,11,11,lda_xc_potential,0,c,c,moonshotai/Kimi-K2.7-Code,fuzzed,float64,restricted,16,0,ok,1,,,40.863047259994296,,,2766617,c-autopar,gcc,score,,native,AMD Instinct MI300A Accelerator,,1789003133607,,run_local,last_saved
630743,630743,/capstor/scratch/cscs/ybudanaz/x86_64/hpcagent-bench-runs/git-scicomp-20260909/630743/judge/rank-3/hpcagent_bench3.db,call,git-scicomp-kimi27sglang-repo.n0.p11.w11,git-scicomp-kimi27sglang-repo,0,0,11,11,lda_xc_potential,0,c,c,moonshotai/Kimi-K2.7-Code,fuzzed,float64,restricted,17,0,score_error,0,,,0.0,,,2991472,,gcc,score,,native,AMD Instinct MI300A Accelerator,,1789003628963,,run_local,last_saved
630743,630743,/capstor/scratch/cscs/ybudanaz/x86_64/hpcagent-bench-runs/git-scicomp-20260909/630743/judge/rank-3/hpcagent_bench3.db,call,git-scicomp-kimi27sglang-repo.n0.p11.w11,git-scicomp-kimi27sglang-repo,0,0,11,11,lda_xc_potential,0,c,c,moonshotai/Kimi-K2.7-Code,fuzzed,float64,restricted,18,0,ok,1,,,45.616670933579776,,,3067251,c-autopar,gcc,score,,native,AMD Instinct MI300A Accelerator,,1789003655098,,run_local,last_saved
630743,630743,/capstor/scratch/cscs/ybudanaz/x86_64/hpcagent-bench-runs/git-scicomp-20260909/630743/judge/rank-3/hpcagent_bench3.db,call,git-scicomp-kimi27sglang-repo.n0.p11.w11,git-scicomp-kimi27sglang-repo,0,0,11,11,lda_xc_potential,0,c,c,moonshotai/Kimi-K2.7-Code,fuzzed,float64,restricted,19,0,ok,1,,,41.68900619168545,,,3300345,c-autopar,gcc,score,,native,AMD Instinct MI300A Accelerator,,1789004240939,,run_local,last_saved
630743,630743,/capstor/scratch/cscs/ybudanaz/x86_64/hpcagent-bench-runs/git-scicomp-20260909/630743/judge/rank-3/hpcagent_bench3.db,call,git-scicomp-kimi27sglang-repo.n0.p11.w11,git-scicomp-kimi27sglang-repo,0,0,11,11,lda_xc_potential,0,c,c,moonshotai/Kimi-K2.7-Code,fuzzed,float64,restricted,20,0,ok,1,,,58.598245912369414,,,3539002,c-autopar,gcc,score,,native,AMD Instinct MI300A Accelerator,,1789004536964,,run_local,last_saved
630743,630743,/capstor/scratch/cscs/ybudanaz/x86_64/hpcagent-bench-runs/git-scicomp-20260909/630743/judge/rank-3/hpcagent_bench3.db,call,git-scicomp-kimi27sglang-repo.n0.p11.w11,git-scicomp-kimi27sglang-repo,0,0,11,11,lda_xc_potential,0,c,c,moonshotai/Kimi-K2.7-Code,fuzzed,float64,restricted,21,0,ok,1,,,20.381236605008088,,,3783215,c-autopar,gcc,score,,native,AMD Instinct MI300A Accelerator,,1789005098231,,run_local,last_saved
630743,630743,/capstor/scratch/cscs/ybudanaz/x86_64/hpcagent-bench-runs/git-scicomp-20260909/630743/judge/rank-3/hpcagent_bench3.db,call,git-scicomp-kimi27sglang-repo.n0.p11.w11,git-scicomp-kimi27sglang-repo,0,0,11,11,lda_xc_potential,0,c,c,moonshotai/Kimi-K2.7-Code,fuzzed,float64,restricted,22,0,ok,1,,,27.891257520328463,,,3948364,c-autopar,gcc,score,,native,AMD Instinct MI300A Accelerator,,1789005154908,,run_local,last_saved
630743,630743,/capstor/scratch/cscs/ybudanaz/x86_64/hpcagent-bench-runs/git-scicomp-20260909/630743/judge/rank-3/hpcagent_bench3.db,call,git-scicomp-kimi27sglang-repo.n0.p11.w11,git-scicomp-kimi27sglang-repo,0,0,11,11,lda_xc_potential,0,c,c,moonshotai/Kimi-K2.7-Code,fuzzed,float64,restricted,23,0,ok,1,,,15.817672363769269,,,4114559,c-autopar,gcc,score,,native,AMD Instinct MI300A Accelerator,,1789005230945,,run_local,last_saved
630743,630743,/capstor/scratch/cscs/ybudanaz/x86_64/hpcagent-bench-runs/git-scicomp-20260909/630743/judge/rank-3/hpcagent_bench3.db,call,git-scicomp-kimi27sglang-repo.n0.p11.w11,git-scicomp-kimi27sglang-repo,0,0,11,11,lda_xc_potential,0,c,c,moonshotai/Kimi-K2.7-Code,fuzzed,float64,restricted,24,0,ok,1,,,41.604436896609855,,,4282815,c-autopar,gcc,score,,native,AMD Instinct MI300A Accelerator,,1789005580218,,run_local,last_saved
630743,630743,/capstor/scratch/cscs/ybudanaz/x86_64/hpcagent-bench-runs/git-scicomp-20260909/630743/judge/rank-3/hpcagent_bench3.db,call,git-scicomp-kimi27sglang-repo.n0.p11.w11,git-scicomp-kimi27sglang-repo,0,0,11,11,lda_xc_potential,0,c,c,moonshotai/Kimi-K2.7-Code,fuzzed,float64,restricted,25,0,ok,1,,,58.78402540177091,,,4367855,c-autopar,gcc,score,,native,AMD Instinct MI300A Accelerator,,1789005662236,,run_local,last_saved
630743,630743,/capstor/scratch/cscs/ybudanaz/x86_64/hpcagent-bench-runs/git-scicomp-20260909/630743/judge/rank-3/hpcagent_bench3.db,call,git-scicomp-kimi27sglang-repo.n0.p11.w11,git-scicomp-kimi27sglang-repo,0,0,11,11,lda_xc_potential,0,c,c,moonshotai/Kimi-K2.7-Code,fuzzed,float64,restricted,26,0,ok,1,,,41.38430660324985,,,4453443,c-autopar,gcc,score,,native,AMD Instinct MI300A Accelerator,,1789005680293,,run_local,last_saved
630743,630743,/capstor/scratch/cscs/ybudanaz/x86_64/hpcagent-bench-runs/git-scicomp-20260909/630743/judge/rank-3/hpcagent_bench3.db,call,git-scicomp-kimi27sglang-repo.n0.p11.w11,git-scicomp-kimi27sglang-repo,0,0,11,11,lda_xc_potential,0,c,c,moonshotai/Kimi-K2.7-Code,fuzzed,float64,restricted,27,0,ok,1,,,58.66695095195418,,,4626557,c-autopar,gcc,score,,native,AMD Instinct MI300A Accelerator,,1789006050553,,run_local,last_saved
630743,630743,/capstor/scratch/cscs/ybudanaz/x86_64/hpcagent-bench-runs/git-scicomp-20260909/630743/judge/rank-3/hpcagent_bench3.db,call,git-scicomp-kimi27sglang-repo.n0.p11.w11,git-scicomp-kimi27sglang-repo,0,0,11,11,lda_xc_potential,0,c,c,moonshotai/Kimi-K2.7-Code,fuzzed,float64,restricted,28,0,ok,1,,,41.71328647370855,,,4714083,c-autopar,gcc,score,,native,AMD Instinct MI300A Accelerator,,1789006081030,,run_local,last_saved
630743,630743,/capstor/scratch/cscs/ybudanaz/x86_64/hpcagent-bench-runs/git-scicomp-20260909/630743/judge/rank-3/hpcagent_bench3.db,call,git-scicomp-kimi27sglang-repo.n0.p11.w11,git-scicomp-kimi27sglang-repo,0,0,11,11,lda_xc_potential,0,c,c,moonshotai/Kimi-K2.7-Code,fuzzed,float64,restricted,29,0,ok,1,,,59.74357779108071,,,4892314,c-autopar,gcc,score,,native,AMD Instinct MI300A Accelerator,,1789006663875,,run_local,last_saved
630743,630743,/capstor/scratch/cscs/ybudanaz/x86_64/hpcagent-bench-runs/git-scicomp-20260909/630743/judge/rank-3/hpcagent_bench3.db,call,git-scicomp-kimi27sglang-repo.n0.p11.w11,git-scicomp-kimi27sglang-repo,0,0,11,11,lda_xc_potential,0,c,c,moonshotai/Kimi-K2.7-Code,fuzzed,float64,restricted,30,0,ok,1,,,64.15154798870358,,,4982948,c-autopar,gcc,score,,native,AMD Instinct MI300A Accelerator,,1789006722917,,run_local,last_saved
630743,630743,/capstor/scratch/cscs/ybudanaz/x86_64/hpcagent-bench-runs/git-scicomp-20260909/630743/judge/rank-3/hpcagent_bench3.db,call,git-scicomp-kimi27sglang-repo.n0.p11.w11,git-scicomp-kimi27sglang-repo,0,0,11,11,lda_xc_potential,0,c,c,moonshotai/Kimi-K2.7-Code,fuzzed,float64,restricted,31,0,ok,1,,,59.14189930927731,,,5074076,c-autopar,gcc,score,,native,AMD Instinct MI300A Accelerator,,1789006746640,,run_local,last_saved
630743,630743,/capstor/scratch/cscs/ybudanaz/x86_64/hpcagent-bench-runs/git-scicomp-20260909/630743/judge/rank-3/hpcagent_bench3.db,call,git-scicomp-kimi27sglang-repo.n0.p11.w11,git-scicomp-kimi27sglang-repo,0,0,11,11,lda_xc_potential,0,c,c,moonshotai/Kimi-K2.7-Code,fuzzed,float64,restricted,32,0,ok,1,,,31.97583966762582,,,5258302,c-autopar,gcc,score,,native,AMD Instinct MI300A Accelerator,,1789007045954,,run_local,last_saved
630743,630743,/capstor/scratch/cscs/ybudanaz/x86_64/hpcagent-bench-runs/git-scicomp-20260909/630743/judge/rank-3/hpcagent_bench3.db,call,git-scicomp-kimi27sglang-repo.n0.p11.w11,git-scicomp-kimi27sglang-repo,0,0,11,11,lda_xc_potential,0,c,c,moonshotai/Kimi-K2.7-Code,fuzzed,float64,restricted,33,0,ok,1,,,64.64428433891874,,,5445618,c-autopar,gcc,score,,native,AMD Instinct MI300A Accelerator,,1789007326274,,run_local,last_saved
630743,630743,/capstor/scratch/cscs/ybudanaz/x86_64/hpcagent-bench-runs/git-scicomp-20260909/630743/judge/rank-3/hpcagent_bench3.db,call,git-scicomp-kimi27sglang-repo.n0.p11.w11,git-scicomp-kimi27sglang-repo,0,0,11,11,lda_xc_potential,0,c,c,moonshotai/Kimi-K2.7-Code,fuzzed,float64,restricted,34,0,ok,1,,,63.91480735547067,,,5540172,c-autopar,gcc,score,,native,AMD Instinct MI300A Accelerator,,1789007352294,,run_local,last_saved
630743,630743,/capstor/scratch/cscs/ybudanaz/x86_64/hpcagent-bench-runs/git-scicomp-20260909/630743/judge/rank-3/hpcagent_bench3.db,call,git-scicomp-kimi27sglang-repo.n0.p11.w11,git-scicomp-kimi27sglang-repo,0,0,11,11,lda_xc_potential,0,c,c,moonshotai/Kimi-K2.7-Code,fuzzed,float64,restricted,35,0,ok,1,,,58.59636584724174,,,5731741,c-autopar,gcc,score,,native,AMD Instinct MI300A Accelerator,,1789007791632,,run_local,last_saved
630743,630743,/capstor/scratch/cscs/ybudanaz/x86_64/hpcagent-bench-runs/git-scicomp-20260909/630743/judge/rank-3/hpcagent_bench3.db,call,git-scicomp-kimi27sglang-repo.n0.p11.w11,git-scicomp-kimi27sglang-repo,0,0,11,11,lda_xc_potential,0,c,c,moonshotai/Kimi-K2.7-Code,fuzzed,float64,restricted,36,0,ok,1,,,10.090756924212547,,,5927239,c-autopar,gcc,score,,native,AMD Instinct MI300A Accelerator,,1789008233125,,run_local,last_saved
630743,630743,/capstor/scratch/cscs/ybudanaz/x86_64/hpcagent-bench-runs/git-scicomp-20260909/630743/judge/rank-3/hpcagent_bench3.db,call,git-scicomp-kimi27sglang-repo.n0.p11.w11,git-scicomp-kimi27sglang-repo,0,0,11,11,lda_xc_potential,0,c,c,moonshotai/Kimi-K2.7-Code,fuzzed,float64,restricted,37,0,ok,1,,,58.85221878856819,,,6126105,c-autopar,gcc,score,,native,AMD Instinct MI300A Accelerator,,1789008522100,,run_local,last_saved
630743,630743,/capstor/scratch/cscs/ybudanaz/x86_64/hpcagent-bench-runs/git-scicomp-20260909/630743/judge/rank-3/hpcagent_bench3.db,call,git-scicomp-kimi27sglang-repo.n0.p11.w11,git-scicomp-kimi27sglang-repo,0,0,11,11,lda_xc_potential,0,c,c,moonshotai/Kimi-K2.7-Code,fuzzed,float64,restricted,38,0,ok,1,,,58.61423133827791,,,6226420,c-autopar,gcc,score,,native,AMD Instinct MI300A Accelerator,,1789008540507,,run_local,last_saved
630743,630743,/capstor/scratch/cscs/ybudanaz/x86_64/hpcagent-bench-runs/git-scicomp-20260909/630743/judge/rank-3/hpcagent_bench3.db,call,git-scicomp-kimi27sglang-repo.n0.p11.w11,git-scicomp-kimi27sglang-repo,0,0,11,11,lda_xc_potential,0,c,c,moonshotai/Kimi-K2.7-Code,fuzzed,float64,restricted,39,0,ok,1,,,51.20081328391767,,,6635808,c-autopar,gcc,score,,native,AMD Instinct MI300A Accelerator,,1789009346297,,run_local,last_saved
630743,630743,/capstor/scratch/cscs/ybudanaz/x86_64/hpcagent-bench-runs/git-scicomp-20260909/630743/judge/rank-3/hpcagent_bench3.db,call,git-scicomp-kimi27sglang-repo.n0.p11.w11,git-scicomp-kimi27sglang-repo,0,0,11,11,lda_xc_potential,0,c,c,moonshotai/Kimi-K2.7-Code,fuzzed,float64,restricted,40,0,ok,1,,,58.65197270915727,,,6847026,c-autopar,gcc,score,,native,AMD Instinct MI300A Accelerator,,1789009697932,,run_local,last_saved
630743,630743,/capstor/scratch/cscs/ybudanaz/x86_64/hpcagent-bench-runs/git-scicomp-20260909/630743/judge/rank-3/hpcagent_bench3.db,call,git-scicomp-kimi27sglang-repo.n0.p11.w11,git-scicomp-kimi27sglang-repo,0,0,11,11,lda_xc_potential,0,c,c,moonshotai/Kimi-K2.7-Code,fuzzed,float64,restricted,41,0,ok,1,,,59.52364772925416,,,6953843,c-autopar,gcc,score,,native,AMD Instinct MI300A Accelerator,,1789009770213,,run_local,last_saved
630743,630743,/capstor/scratch/cscs/ybudanaz/x86_64/hpcagent-bench-runs/git-scicomp-20260909/630743/judge/rank-3/hpcagent_bench3.db,call,git-scicomp-kimi27sglang-repo.n0.p11.w11,git-scicomp-kimi27sglang-repo,0,0,11,11,lda_xc_potential,0,c,c,moonshotai/Kimi-K2.7-Code,fuzzed,float64,restricted,42,0,ok,1,,,59.05689220585834,,,7169879,c-autopar,gcc,score,,native,AMD Instinct MI300A Accelerator,,1789010025729,,run_local,last_saved
630743,630743,/capstor/scratch/cscs/ybudanaz/x86_64/hpcagent-bench-runs/git-scicomp-20260909/630743/judge/rank-3/hpcagent_bench3.db,call,git-scicomp-kimi27sglang-repo.n0.p11.w11,git-scicomp-kimi27sglang-repo,0,0,11,11,lda_xc_potential,0,c,c,moonshotai/Kimi-K2.7-Code,fuzzed,float64,restricted,43,0,ok,1,,,58.90726751968313,,,7278810,c-autopar,gcc,score,,native,AMD Instinct MI300A Accelerator,,1789010039193,,run_local,last_saved
630743,630743,/capstor/scratch/cscs/ybudanaz/x86_64/hpcagent-bench-runs/git-scicomp-20260909/630743/judge/rank-3/hpcagent_bench3.db,call,git-scicomp-kimi27sglang-repo.n0.p11.w11,git-scicomp-kimi27sglang-repo,0,0,11,11,lda_xc_potential,0,c,c,moonshotai/Kimi-K2.7-Code,fuzzed,float64,restricted,44,0,ok,1,,,59.76615894614039,,,7610895,c-autopar,gcc,score,,native,AMD Instinct MI300A Accelerator,,1789010473640,,run_local,last_saved
630743,630743,/capstor/scratch/cscs/ybudanaz/x86_64/hpcagent-bench-runs/git-scicomp-20260909/630743/judge/rank-3/hpcagent_bench3.db,call,git-scicomp-kimi27sglang-repo.n0.p11.w11,git-scicomp-kimi27sglang-repo,0,0,11,11,lda_xc_potential,0,c,c,moonshotai/Kimi-K2.7-Code,fuzzed,float64,restricted,45,0,ok,1,,,60.23619132115423,,,7722706,c-autopar,gcc,score,,native,AMD Instinct MI300A Accelerator,,1789010486393,,run_local,last_saved
630743,630743,/capstor/scratch/cscs/ybudanaz/x86_64/hpcagent-bench-runs/git-scicomp-20260909/630743/judge/rank-3/hpcagent_bench3.db,call,git-scicomp-kimi27sglang-repo.n0.p11.w11,git-scicomp-kimi27sglang-repo,0,0,11,11,lda_xc_potential,0,c,c,moonshotai/Kimi-K2.7-Code,fuzzed,float64,restricted,46,0,ok,1,,,60.01745798581672,,,7834830,c-autopar,gcc,score,,native,AMD Instinct MI300A Accelerator,,1789010787683,,run_local,last_saved
630743,630743,/capstor/scratch/cscs/ybudanaz/x86_64/hpcagent-bench-runs/git-scicomp-20260909/630743/judge/rank-3/hpcagent_bench3.db,call,git-scicomp-kimi27sglang-repo.n0.p11.w11,git-scicomp-kimi27sglang-repo,0,0,11,11,lda_xc_potential,0,c,c,moonshotai/Kimi-K2.7-Code,fuzzed,float64,restricted,47,0,ok,1,,,43.43108345321098,,,7947267,c-autopar,gcc,submit,,native,AMD Instinct MI300A Accelerator,,1789010950167,,run_local,last_saved
630743,630743,/capstor/scratch/cscs/ybudanaz/x86_64/hpcagent-bench-runs/git-scicomp-20260909/630743/judge/rank-3/hpcagent_bench3.db,call,git-scicomp-kimi27sglang-repo.n0.p19.w19,git-scicomp-kimi27sglang-repo,0,0,19,19,fv3_dycore,0,c,c,moonshotai/Kimi-K2.7-Code,fuzzed,float64,restricted,1,0,incorrect,0,,,11.989732018842696,,,563842,c-autopar,gcc,score,,native,AMD Instinct MI300A Accelerator,,1788993649710,,run_local,last_saved
630743,630743,/capstor/scratch/cscs/ybudanaz/x86_64/hpcagent-bench-runs/git-scicomp-20260909/630743/judge/rank-3/hpcagent_bench3.db,call,git-scicomp-kimi27sglang-repo.n0.p19.w19,git-scicomp-kimi27sglang-repo,0,0,19,19,fv3_dycore,0,c,c,moonshotai/Kimi-K2.7-Code,fuzzed,float64,restricted,2,0,incorrect,0,,,12.028425208219883,,,1116482,c-autopar,gcc,score,,native,AMD Instinct MI300A Accelerator,,1788996648343,,run_local,last_saved
630743,630743,/capstor/scratch/cscs/ybudanaz/x86_64/hpcagent-bench-runs/git-scicomp-20260909/630743/judge/rank-3/hpcagent_bench3.db,call,git-scicomp-kimi27sglang-repo.n0.p19.w19,git-scicomp-kimi27sglang-repo,0,0,19,19,fv3_dycore,0,c,c,moonshotai/Kimi-K2.7-Code,fuzzed,float64,restricted,3,0,ok,1,,,12.023410879641965,,,2591097,c-autopar,gcc,score,,native,AMD Instinct MI300A Accelerator,,1789002891688,,run_local,last_saved
630743,630743,/capstor/scratch/cscs/ybudanaz/x86_64/hpcagent-bench-runs/git-scicomp-20260909/630743/judge/rank-3/hpcagent_bench3.db,call,git-scicomp-kimi27sglang-repo.n0.p19.w19,git-scicomp-kimi27sglang-repo,0,0,19,19,fv3_dycore,0,c,c,moonshotai/Kimi-K2.7-Code,fuzzed,float64,restricted,4,0,ok,1,,,16.921923564114532,,,3300928,c-autopar,gcc,score,,native,AMD Instinct MI300A Accelerator,,1789008002249,,run_local,last_saved
630743,630743,/capstor/scratch/cscs/ybudanaz/x86_64/hpcagent-bench-runs/git-scicomp-20260909/630743/judge/rank-3/hpcagent_bench3.db,call,git-scicomp-kimi27sglang-repo.n0.p19.w19,git-scicomp-kimi27sglang-repo,0,0,19,19,fv3_dycore,0,c,c,moonshotai/Kimi-K2.7-Code,fuzzed,float64,restricted,5,0,ok,1,,,2.6951724481344432,,,4097557,c-autopar,gcc,score,,native,AMD Instinct MI300A Accelerator,,1789008620949,,run_local,last_saved
630743,630743,/capstor/scratch/cscs/ybudanaz/x86_64/hpcagent-bench-runs/git-scicomp-20260909/630743/judge/rank-3/hpcagent_bench3.db,call,git-scicomp-kimi27sglang-repo.n0.p19.w19,git-scicomp-kimi27sglang-repo,0,0,19,19,fv3_dycore,0,c,c,moonshotai/Kimi-K2.7-Code,fuzzed,float64,restricted,6,0,ok,1,,,14.94256035102881,,,5349713,c-autopar,gcc,score,,native,AMD Instinct MI300A Accelerator,,1789009474098,,run_local,last_saved
630743,630743,/capstor/scratch/cscs/ybudanaz/x86_64/hpcagent-bench-runs/git-scicomp-20260909/630743/judge/rank-3/hpcagent_bench3.db,call,git-scicomp-kimi27sglang-repo.n0.p19.w19,git-scicomp-kimi27sglang-repo,0,0,19,19,fv3_dycore,0,c,c,moonshotai/Kimi-K2.7-Code,fuzzed,float64,restricted,7,0,ok,1,,,16.898258164634655,,,6206294,c-autopar,gcc,score,,native,AMD Instinct MI300A Accelerator,,1789009922397,,run_local,last_saved
630743,630743,/capstor/scratch/cscs/ybudanaz/x86_64/hpcagent-bench-runs/git-scicomp-20260909/630743/judge/rank-3/hpcagent_bench3.db,call,git-scicomp-kimi27sglang-repo.n0.p19.w19,git-scicomp-kimi27sglang-repo,0,0,19,19,fv3_dycore,0,c,c,moonshotai/Kimi-K2.7-Code,fuzzed,float64,restricted,8,0,ok,1,,,1.1495116652557635,,,6350669,c-autopar,gcc,score,,native,AMD Instinct MI300A Accelerator,,1789010294774,,run_local,last_saved
630743,630743,/capstor/scratch/cscs/ybudanaz/x86_64/hpcagent-bench-runs/git-scicomp-20260909/630743/judge/rank-3/hpcagent_bench3.db,call,git-scicomp-kimi27sglang-repo.n0.p19.w19,git-scicomp-kimi27sglang-repo,0,0,19,19,fv3_dycore,0,c,c,moonshotai/Kimi-K2.7-Code,fuzzed,float64,restricted,9,0,ok,1,,,21.674592703630942,,,7851239,c-autopar,gcc,score,,native,AMD Instinct MI300A Accelerator,,1789011133780,,run_local,last_saved
630743,630743,/capstor/scratch/cscs/ybudanaz/x86_64/hpcagent-bench-runs/git-scicomp-20260909/630743/judge/rank-3/hpcagent_bench3.db,call,git-scicomp-kimi27sglang-repo.n0.p19.w19,git-scicomp-kimi27sglang-repo,0,0,19,19,fv3_dycore,0,c,c,moonshotai/Kimi-K2.7-Code,fuzzed,float64,restricted,10,0,ok,1,,,21.37366773583469,,,8620485,c-autopar,gcc,score,,native,AMD Instinct MI300A Accelerator,,1789011740318,,run_local,last_saved
630743,630743,/capstor/scratch/cscs/ybudanaz/x86_64/hpcagent-bench-runs/git-scicomp-20260909/630743/judge/rank-3/hpcagent_bench3.db,call,git-scicomp-kimi27sglang-repo.n0.p19.w19,git-scicomp-kimi27sglang-repo,0,0,19,19,fv3_dycore,0,c,c,moonshotai/Kimi-K2.7-Code,fuzzed,float64,restricted,11,0,ok,1,,,21.33281211247634,,,9915900,c-autopar,gcc,score,,native,AMD Instinct MI300A Accelerator,,1789013317710,,run_local,last_saved
630743,630743,/capstor/scratch/cscs/ybudanaz/x86_64/hpcagent-bench-runs/git-scicomp-20260909/630743/judge/rank-3/hpcagent_bench3.db,call,git-scicomp-kimi27sglang-repo.n0.p19.w19,git-scicomp-kimi27sglang-repo,0,0,19,19,fv3_dycore,0,c,c,moonshotai/Kimi-K2.7-Code,fuzzed,float64,restricted,12,0,ok,1,,,21.28223506344825,,,12106578,c-autopar,gcc,score,,native,AMD Instinct MI300A Accelerator,,1789017530518,,run_local,last_saved
630743,630743,/capstor/scratch/cscs/ybudanaz/x86_64/hpcagent-bench-runs/git-scicomp-20260909/630743/judge/rank-3/hpcagent_bench3.db,call,git-scicomp-kimi27sglang-repo.n0.p19.w19,git-scicomp-kimi27sglang-repo,0,0,19,19,fv3_dycore,0,c,c,moonshotai/Kimi-K2.7-Code,fuzzed,float64,restricted,13,0,ok,1,,,21.63987349850442,,,13053553,c-autopar,gcc,score,,native,AMD Instinct MI300A Accelerator,,1789018178529,,run_local,last_saved
630743,630743,/capstor/scratch/cscs/ybudanaz/x86_64/hpcagent-bench-runs/git-scicomp-20260909/630743/judge/rank-3/hpcagent_bench3.db,call,git-scicomp-kimi27sglang-repo.n0.p19.w19,git-scicomp-kimi27sglang-repo,0,0,19,19,fv3_dycore,0,c,c,moonshotai/Kimi-K2.7-Code,fuzzed,float64,restricted,14,0,ok,1,,,21.462903461293607,,,14014441,c-autopar,gcc,score,,native,AMD Instinct MI300A Accelerator,,1789018498708,,run_local,last_saved
630743,630743,/capstor/scratch/cscs/ybudanaz/x86_64/hpcagent-bench-runs/git-scicomp-20260909/630743/judge/rank-3/hpcagent_bench3.db,call,git-scicomp-kimi27sglang-repo.n0.p19.w19,git-scicomp-kimi27sglang-repo,0,0,19,19,fv3_dycore,0,c,c,moonshotai/Kimi-K2.7-Code,fuzzed,float64,restricted,15,0,ok,1,,,21.4455494295501,,,14997995,c-autopar,gcc,score,,native,AMD Instinct MI300A Accelerator,,1789019461396,,run_local,last_saved
630743,630743,/capstor/scratch/cscs/ybudanaz/x86_64/hpcagent-bench-runs/git-scicomp-20260909/630743/judge/rank-3/hpcagent_bench3.db,call,git-scicomp-kimi27sglang-repo.n0.p19.w19,git-scicomp-kimi27sglang-repo,0,0,19,19,fv3_dycore,0,c,c,moonshotai/Kimi-K2.7-Code,fuzzed,float64,restricted,16,0,ok,1,,,21.715352818981913,,,17237834,c-autopar,gcc,score,,native,AMD Instinct MI300A Accelerator,,1789025998825,,run_local,last_saved
630743,630743,/capstor/scratch/cscs/ybudanaz/x86_64/hpcagent-bench-runs/git-scicomp-20260909/630743/judge/rank-3/hpcagent_bench3.db,call,git-scicomp-kimi27sglang-repo.n0.p19.w19,git-scicomp-kimi27sglang-repo,0,0,19,19,fv3_dycore,0,c,c,promoted-unsubmitted,fuzzed,float64,restricted,17,0,ok,1,,,17.73687164386378,,,0,c-autopar,gcc,submit,,native,AMD Instinct MI300A Accelerator,,1789030881352,,run_local,last_saved
630743,630743,/capstor/scratch/cscs/ybudanaz/x86_64/hpcagent-bench-runs/git-scicomp-20260909/630743/judge/rank-3/hpcagent_bench3.db,call,git-scicomp-kimi27sglang-repo.n0.p27.w27,git-scicomp-kimi27sglang-repo,0,0,27,27,edge_laplacian,0,c,c,moonshotai/Kimi-K2.7-Code,fuzzed,float64,restricted,1,0,ok,1,,,11.447154947268467,,,60300,c-autopar,gcc,score,,native,AMD Instinct MI300A Accelerator,,1788990949803,,run_local,last_saved
630743,630743,/capstor/scratch/cscs/ybudanaz/x86_64/hpcagent-bench-runs/git-scicomp-20260909/630743/judge/rank-3/hpcagent_bench3.db,call,git-scicomp-kimi27sglang-repo.n0.p27.w27,git-scicomp-kimi27sglang-repo,0,0,27,27,edge_laplacian,0,c,c,moonshotai/Kimi-K2.7-Code,fuzzed,float64,restricted,2,0,ok,1,,,21.13237047650578,,,434911,c-autopar,gcc,score,,native,AMD Instinct MI300A Accelerator,,1788994947998,,run_local,last_saved
630743,630743,/capstor/scratch/cscs/ybudanaz/x86_64/hpcagent-bench-runs/git-scicomp-20260909/630743/judge/rank-3/hpcagent_bench3.db,call,git-scicomp-kimi27sglang-repo.n0.p27.w27,git-scicomp-kimi27sglang-repo,0,0,27,27,edge_laplacian,0,c,c,moonshotai/Kimi-K2.7-Code,fuzzed,float64,restricted,3,0,ok,1,,,8.071094268630205,,,1065785,c-autopar,gcc,score,,native,AMD Instinct MI300A Accelerator,,1788999549574,,run_local,last_saved
630743,630743,/capstor/scratch/cscs/ybudanaz/x86_64/hpcagent-bench-runs/git-scicomp-20260909/630743/judge/rank-3/hpcagent_bench3.db,call,git-scicomp-kimi27sglang-repo.n0.p27.w27,git-scicomp-kimi27sglang-repo,0,0,27,27,edge_laplacian,0,c,c,moonshotai/Kimi-K2.7-Code,fuzzed,float64,restricted,4,0,ok,1,,,20.667770584764778,,,1251917,c-autopar,gcc,score,,native,AMD Instinct MI300A Accelerator,,1789001182054,,run_local,last_saved
630743,630743,/capstor/scratch/cscs/ybudanaz/x86_64/hpcagent-bench-runs/git-scicomp-20260909/630743/judge/rank-3/hpcagent_bench3.db,call,git-scicomp-kimi27sglang-repo.n0.p27.w27,git-scicomp-kimi27sglang-repo,0,0,27,27,edge_laplacian,0,c,c,moonshotai/Kimi-K2.7-Code,fuzzed,float64,restricted,5,0,ok,1,,,21.045367953184556,,,1582038,c-autopar,gcc,score,,native,AMD Instinct MI300A Accelerator,,1789001530565,,run_local,last_saved
630743,630743,/capstor/scratch/cscs/ybudanaz/x86_64/hpcagent-bench-runs/git-scicomp-20260909/630743/judge/rank-3/hpcagent_bench3.db,call,git-scicomp-kimi27sglang-repo.n0.p27.w27,git-scicomp-kimi27sglang-repo,0,0,27,27,edge_laplacian,0,c,c,moonshotai/Kimi-K2.7-Code,fuzzed,float64,restricted,6,0,ok,1,,,21.890760996696173,,,1920958,c-autopar,gcc,score,,native,AMD Instinct MI300A Accelerator,,1789001700310,,run_local,last_saved
630743,630743,/capstor/scratch/cscs/ybudanaz/x86_64/hpcagent-bench-runs/git-scicomp-20260909/630743/judge/rank-3/hpcagent_bench3.db,call,git-scicomp-kimi27sglang-repo.n0.p27.w27,git-scicomp-kimi27sglang-repo,0,0,27,27,edge_laplacian,0,c,c,moonshotai/Kimi-K2.7-Code,fuzzed,float64,restricted,7,0,ok,1,,,20.337055371230797,,,2337616,c-autopar,gcc,score,,native,AMD Instinct MI300A Accelerator,,1789001939155,,run_local,last_saved
630743,630743,/capstor/scratch/cscs/ybudanaz/x86_64/hpcagent-bench-runs/git-scicomp-20260909/630743/judge/rank-3/hpcagent_bench3.db,call,git-scicomp-kimi27sglang-repo.n0.p27.w27,git-scicomp-kimi27sglang-repo,0,0,27,27,edge_laplacian,0,c,c,moonshotai/Kimi-K2.7-Code,fuzzed,float64,restricted,8,0,ok,1,,,20.277663140280307,,,2638466,c-autopar,gcc,score,,native,AMD Instinct MI300A Accelerator,,1789003598579,,run_local,last_saved
630743,630743,/capstor/scratch/cscs/ybudanaz/x86_64/hpcagent-bench-runs/git-scicomp-20260909/630743/judge/rank-3/hpcagent_bench3.db,call,git-scicomp-kimi27sglang-repo.n0.p27.w27,git-scicomp-kimi27sglang-repo,0,0,27,27,edge_laplacian,0,c,c,moonshotai/Kimi-K2.7-Code,fuzzed,float64,restricted,9,0,ok,1,,,21.95840593600806,,,2956112,c-autopar,gcc,score,,native,AMD Instinct MI300A Accelerator,,1789004033572,,run_local,last_saved
630743,630743,/capstor/scratch/cscs/ybudanaz/x86_64/hpcagent-bench-runs/git-scicomp-20260909/630743/judge/rank-3/hpcagent_bench3.db,call,git-scicomp-kimi27sglang-repo.n0.p27.w27,git-scicomp-kimi27sglang-repo,0,0,27,27,edge_laplacian,0,c,c,moonshotai/Kimi-K2.7-Code,fuzzed,float64,restricted,10,0,ok,1,,,22.097466986465406,,,3036565,c-autopar,gcc,score,,native,AMD Instinct MI300A Accelerator,,1789004160387,,run_local,last_saved
630743,630743,/capstor/scratch/cscs/ybudanaz/x86_64/hpcagent-bench-runs/git-scicomp-20260909/630743/judge/rank-3/hpcagent_bench3.db,call,git-scicomp-kimi27sglang-repo.n0.p27.w27,git-scicomp-kimi27sglang-repo,0,0,27,27,edge_laplacian,0,c,c,moonshotai/Kimi-K2.7-Code,fuzzed,float64,restricted,11,0,ok,1,,,21.40079501155053,,,3531690,c-autopar,gcc,score,,native,AMD Instinct MI300A Accelerator,,1789004670240,,run_local,last_saved
630743,630743,/capstor/scratch/cscs/ybudanaz/x86_64/hpcagent-bench-runs/git-scicomp-20260909/630743/judge/rank-3/hpcagent_bench3.db,call,git-scicomp-kimi27sglang-repo.n0.p27.w27,git-scicomp-kimi27sglang-repo,0,0,27,27,edge_laplacian,0,c,c,moonshotai/Kimi-K2.7-Code,fuzzed,float64,restricted,12,0,ok,1,,,22.057906975039852,,,4307111,c-autopar,gcc,score,,native,AMD Instinct MI300A Accelerator,,1789005364227,,run_local,last_saved
630743,630743,/capstor/scratch/cscs/ybudanaz/x86_64/hpcagent-bench-runs/git-scicomp-20260909/630743/judge/rank-3/hpcagent_bench3.db,call,git-scicomp-kimi27sglang-repo.n0.p27.w27,git-scicomp-kimi27sglang-repo,0,0,27,27,edge_laplacian,0,c,c,moonshotai/Kimi-K2.7-Code,fuzzed,float64,restricted,13,0,score_error,0,,,0.0,,,4395722,c-autopar,gcc,submit,,native,AMD Instinct MI300A Accelerator,,1789006050250,,run_local,last_saved
630743,630743,/capstor/scratch/cscs/ybudanaz/x86_64/hpcagent-bench-runs/git-scicomp-20260909/630743/judge/rank-3/hpcagent_bench3.db,call,git-scicomp-kimi27sglang-repo.n0.p3.w3,git-scicomp-kimi27sglang-repo,0,0,3,3,dfa,0,c,c,moonshotai/Kimi-K2.7-Code,fuzzed,float64,restricted,1,0,ok,1,,,0.9967426978467989,,,117844,c-autopar,gcc,score,,native,AMD Instinct MI300A Accelerator,,1788990870733,,run_local,last_saved
630743,630743,/capstor/scratch/cscs/ybudanaz/x86_64/hpcagent-bench-runs/git-scicomp-20260909/630743/judge/rank-3/hpcagent_bench3.db,call,git-scicomp-kimi27sglang-repo.n0.p3.w3,git-scicomp-kimi27sglang-repo,0,0,3,3,dfa,0,c,c,moonshotai/Kimi-K2.7-Code,fuzzed,float64,restricted,2,0,ok,1,,,1.4950917334618385,,,274020,c-autopar,gcc,score,,native,AMD Instinct MI300A Accelerator,,1788993955317,,run_local,last_saved
630743,630743,/capstor/scratch/cscs/ybudanaz/x86_64/hpcagent-bench-runs/git-scicomp-20260909/630743/judge/rank-3/hpcagent_bench3.db,call,git-scicomp-kimi27sglang-repo.n0.p3.w3,git-scicomp-kimi27sglang-repo,0,0,3,3,dfa,0,c,c,moonshotai/Kimi-K2.7-Code,fuzzed,float64,restricted,3,0,ok,1,,,0.7357881787970619,,,357383,c-autopar,gcc,score,,native,AMD Instinct MI300A Accelerator,,1788994387193,,run_local,last_saved
630743,630743,/capstor/scratch/cscs/ybudanaz/x86_64/hpcagent-bench-runs/git-scicomp-20260909/630743/judge/rank-3/hpcagent_bench3.db,call,git-scicomp-kimi27sglang-repo.n0.p3.w3,git-scicomp-kimi27sglang-repo,0,0,3,3,dfa,0,c,c,moonshotai/Kimi-K2.7-Code,fuzzed,float64,restricted,4,0,ok,1,,,1.3880074590915699,,,448140,c-autopar,gcc,score,,native,AMD Instinct MI300A Accelerator,,1788995243813,,run_local,last_saved
630743,630743,/capstor/scratch/cscs/ybudanaz/x86_64/hpcagent-bench-runs/git-scicomp-20260909/630743/judge/rank-3/hpcagent_bench3.db,call,git-scicomp-kimi27sglang-repo.n0.p3.w3,git-scicomp-kimi27sglang-repo,0,0,3,3,dfa,0,c,c,moonshotai/Kimi-K2.7-Code,fuzzed,float64,restricted,5,0,ok,1,,,1.5183421632391099,,,624399,c-autopar,gcc,score,,native,AMD Instinct MI300A Accelerator,,1788996637662,,run_local,last_saved
630743,630743,/capstor/scratch/cscs/ybudanaz/x86_64/hpcagent-bench-runs/git-scicomp-20260909/630743/judge/rank-3/hpcagent_bench3.db,call,git-scicomp-kimi27sglang-repo.n0.p3.w3,git-scicomp-kimi27sglang-repo,0,0,3,3,dfa,0,c,c,moonshotai/Kimi-K2.7-Code,fuzzed,float64,restricted,6,0,ok,1,,,1.5192729209672466,,,701977,c-autopar,gcc,score,,native,AMD Instinct MI300A Accelerator,,1788996864194,,run_local,last_saved
630743,630743,/capstor/scratch/cscs/ybudanaz/x86_64/hpcagent-bench-runs/git-scicomp-20260909/630743/judge/rank-3/hpcagent_bench3.db,call,git-scicomp-kimi27sglang-repo.n0.p3.w3,git-scicomp-kimi27sglang-repo,0,0,3,3,dfa,0,c,c,moonshotai/Kimi-K2.7-Code,fuzzed,float64,restricted,7,0,ok,1,,,1.6198572501440072,,,781462,c-autopar,gcc,score,,native,AMD Instinct MI300A Accelerator,,1788997156049,,run_local,last_saved
630743,630743,/capstor/scratch/cscs/ybudanaz/x86_64/hpcagent-bench-runs/git-scicomp-20260909/630743/judge/rank-3/hpcagent_bench3.db,call,git-scicomp-kimi27sglang-repo.n0.p3.w3,git-scicomp-kimi27sglang-repo,0,0,3,3,dfa,0,c,c,moonshotai/Kimi-K2.7-Code,fuzzed,float64,restricted,8,0,ok,1,,,1.5809306342556004,,,909235,c-autopar,gcc,score,,native,AMD Instinct MI300A Accelerator,,1788998182782,,run_local,last_saved
630743,630743,/capstor/scratch/cscs/ybudanaz/x86_64/hpcagent-bench-runs/git-scicomp-20260909/630743/judge/rank-3/hpcagent_bench3.db,call,git-scicomp-kimi27sglang-repo.n0.p3.w3,git-scicomp-kimi27sglang-repo,0,0,3,3,dfa,0,c,c,moonshotai/Kimi-K2.7-Code,fuzzed,float64,restricted,9,0,ok,1,,,1.4835056188749696,,,1044953,c-autopar,gcc,score,,native,AMD Instinct MI300A Accelerator,,1788998700583,,run_local,last_saved
630743,630743,/capstor/scratch/cscs/ybudanaz/x86_64/hpcagent-bench-runs/git-scicomp-20260909/630743/judge/rank-3/hpcagent_bench3.db,call,git-scicomp-kimi27sglang-repo.n0.p3.w3,git-scicomp-kimi27sglang-repo,0,0,3,3,dfa,0,c,c,moonshotai/Kimi-K2.7-Code,fuzzed,float64,restricted,10,0,ok,1,,,1.6199080992597172,,,1138384,c-autopar,gcc,score,,native,AMD Instinct MI300A Accelerator,,1788998973315,,run_local,last_saved
630743,630743,/capstor/scratch/cscs/ybudanaz/x86_64/hpcagent-bench-runs/git-scicomp-20260909/630743/judge/rank-3/hpcagent_bench3.db,call,git-scicomp-kimi27sglang-repo.n0.p3.w3,git-scicomp-kimi27sglang-repo,0,0,3,3,dfa,0,c,c,moonshotai/Kimi-K2.7-Code,fuzzed,float64,restricted,11,0,ok,1,,,1.409316547623998,,,1284127,c-autopar,gcc,score,,native,AMD Instinct MI300A Accelerator,,1788999494815,,run_local,last_saved
630743,630743,/capstor/scratch/cscs/ybudanaz/x86_64/hpcagent-bench-runs/git-scicomp-20260909/630743/judge/rank-3/hpcagent_bench3.db,call,git-scicomp-kimi27sglang-repo.n0.p3.w3,git-scicomp-kimi27sglang-repo,0,0,3,3,dfa,0,c,c,moonshotai/Kimi-K2.7-Code,fuzzed,float64,restricted,12,0,ok,1,,,1.6210610768685825,,,1437786,c-autopar,gcc,score,,native,AMD Instinct MI300A Accelerator,,1789000447047,,run_local,last_saved
630743,630743,/capstor/scratch/cscs/ybudanaz/x86_64/hpcagent-bench-runs/git-scicomp-20260909/630743/judge/rank-3/hpcagent_bench3.db,call,git-scicomp-kimi27sglang-repo.n0.p3.w3,git-scicomp-kimi27sglang-repo,0,0,3,3,dfa,0,c,c,moonshotai/Kimi-K2.7-Code,fuzzed,float64,restricted,13,0,ok,1,,,1.61117336262837,,,1545564,c-autopar,gcc,score,,native,AMD Instinct MI300A Accelerator,,1789001348662,,run_local,last_saved
630743,630743,/capstor/scratch/cscs/ybudanaz/x86_64/hpcagent-bench-runs/git-scicomp-20260909/630743/judge/rank-3/hpcagent_bench3.db,call,git-scicomp-kimi27sglang-repo.n0.p3.w3,git-scicomp-kimi27sglang-repo,0,0,3,3,dfa,0,c,c,moonshotai/Kimi-K2.7-Code,fuzzed,float64,restricted,14,0,ok,1,,,1.6590353257870083,,,1659722,c-autopar,gcc,score,,native,AMD Instinct MI300A Accelerator,,1789002127508,,run_local,last_saved
630743,630743,/capstor/scratch/cscs/ybudanaz/x86_64/hpcagent-bench-runs/git-scicomp-20260909/630743/judge/rank-3/hpcagent_bench3.db,call,git-scicomp-kimi27sglang-repo.n0.p3.w3,git-scicomp-kimi27sglang-repo,0,0,3,3,dfa,0,c,c,moonshotai/Kimi-K2.7-Code,fuzzed,float64,restricted,15,0,ok,1,,,1.8302196538956275,,,1778485,c-autopar,gcc,score,,native,AMD Instinct MI300A Accelerator,,1789002452982,,run_local,last_saved
630743,630743,/capstor/scratch/cscs/ybudanaz/x86_64/hpcagent-bench-runs/git-scicomp-20260909/630743/judge/rank-3/hpcagent_bench3.db,call,git-scicomp-kimi27sglang-repo.n0.p3.w3,git-scicomp-kimi27sglang-repo,0,0,3,3,dfa,0,c,c,moonshotai/Kimi-K2.7-Code,fuzzed,float64,restricted,16,0,ok,1,,,1.8457160893305837,,,1963506,c-autopar,gcc,score,,native,AMD Instinct MI300A Accelerator,,1789003174082,,run_local,last_saved
630743,630743,/capstor/scratch/cscs/ybudanaz/x86_64/hpcagent-bench-runs/git-scicomp-20260909/630743/judge/rank-3/hpcagent_bench3.db,call,git-scicomp-kimi27sglang-repo.n0.p3.w3,git-scicomp-kimi27sglang-repo,0,0,3,3,dfa,0,c,c,moonshotai/Kimi-K2.7-Code,fuzzed,float64,restricted,17,0,ok,1,,,1.796730558669654,,,2155413,c-autopar,gcc,score,,native,AMD Instinct MI300A Accelerator,,1789003714723,,run_local,last_saved
630743,630743,/capstor/scratch/cscs/ybudanaz/x86_64/hpcagent-bench-runs/git-scicomp-20260909/630743/judge/rank-3/hpcagent_bench3.db,call,git-scicomp-kimi27sglang-repo.n0.p3.w3,git-scicomp-kimi27sglang-repo,0,0,3,3,dfa,0,c,c,moonshotai/Kimi-K2.7-Code,fuzzed,float64,restricted,18,0,ok,1,,,1.8330230930792664,,,2354012,c-autopar,gcc,score,,native,AMD Instinct MI300A Accelerator,,1789004183960,,run_local,last_saved
630743,630743,/capstor/scratch/cscs/ybudanaz/x86_64/hpcagent-bench-runs/git-scicomp-20260909/630743/judge/rank-3/hpcagent_bench3.db,call,git-scicomp-kimi27sglang-repo.n0.p3.w3,git-scicomp-kimi27sglang-repo,0,0,3,3,dfa,0,c,c,moonshotai/Kimi-K2.7-Code,fuzzed,float64,restricted,19,0,ok,1,,,1.7078736978758582,,,2569912,c-autopar,gcc,score,,native,AMD Instinct MI300A Accelerator,,1789006179131,,run_local,last_saved
630743,630743,/capstor/scratch/cscs/ybudanaz/x86_64/hpcagent-bench-runs/git-scicomp-20260909/630743/judge/rank-3/hpcagent_bench3.db,call,git-scicomp-kimi27sglang-repo.n0.p3.w3,git-scicomp-kimi27sglang-repo,0,0,3,3,dfa,0,c,c,moonshotai/Kimi-K2.7-Code,fuzzed,float64,restricted,20,0,score_error,0,,,0.0,,,2721146,,gcc,score,,native,AMD Instinct MI300A Accelerator,,1789006572355,,run_local,last_saved
630743,630743,/capstor/scratch/cscs/ybudanaz/x86_64/hpcagent-bench-runs/git-scicomp-20260909/630743/judge/rank-3/hpcagent_bench3.db,call,git-scicomp-kimi27sglang-repo.n0.p3.w3,git-scicomp-kimi27sglang-repo,0,0,3,3,dfa,0,c,c,moonshotai/Kimi-K2.7-Code,fuzzed,float64,restricted,21,0,ok,1,,,1.8316950685447635,,,2874883,c-autopar,gcc,score,,native,AMD Instinct MI300A Accelerator,,1789006718460,,run_local,last_saved
630743,630743,/capstor/scratch/cscs/ybudanaz/x86_64/hpcagent-bench-runs/git-scicomp-20260909/630743/judge/rank-3/hpcagent_bench3.db,call,git-scicomp-kimi27sglang-repo.n0.p3.w3,git-scicomp-kimi27sglang-repo,0,0,3,3,dfa,0,c,c,moonshotai/Kimi-K2.7-Code,fuzzed,float64,restricted,22,0,ok,1,,,1.6137516346807712,,,3032913,c-autopar,gcc,score,,native,AMD Instinct MI300A Accelerator,,1789007517259,,run_local,last_saved
630743,630743,/capstor/scratch/cscs/ybudanaz/x86_64/hpcagent-bench-runs/git-scicomp-20260909/630743/judge/rank-3/hpcagent_bench3.db,call,git-scicomp-kimi27sglang-repo.n0.p3.w3,git-scicomp-kimi27sglang-repo,0,0,3,3,dfa,0,c,c,moonshotai/Kimi-K2.7-Code,fuzzed,float64,restricted,23,0,ok,1,,,1.694743267741938,,,3196507,c-autopar,gcc,score,,native,AMD Instinct MI300A Accelerator,,1789007979360,,run_local,last_saved
630743,630743,/capstor/scratch/cscs/ybudanaz/x86_64/hpcagent-bench-runs/git-scicomp-20260909/630743/judge/rank-3/hpcagent_bench3.db,call,git-scicomp-kimi27sglang-repo.n0.p3.w3,git-scicomp-kimi27sglang-repo,0,0,3,3,dfa,0,c,c,moonshotai/Kimi-K2.7-Code,fuzzed,float64,restricted,24,0,ok,1,,,1.8323314417604752,,,3365473,c-autopar,gcc,score,,native,AMD Instinct MI300A Accelerator,,1789008753991,,run_local,last_saved
630743,630743,/capstor/scratch/cscs/ybudanaz/x86_64/hpcagent-bench-runs/git-scicomp-20260909/630743/judge/rank-3/hpcagent_bench3.db,call,git-scicomp-kimi27sglang-repo.n0.p3.w3,git-scicomp-kimi27sglang-repo,0,0,3,3,dfa,0,c,c,moonshotai/Kimi-K2.7-Code,fuzzed,float64,restricted,25,0,ok,1,,,1.829662899294747,,,3725486,c-autopar,gcc,score,,native,AMD Instinct MI300A Accelerator,,1789010138837,,run_local,last_saved
630743,630743,/capstor/scratch/cscs/ybudanaz/x86_64/hpcagent-bench-runs/git-scicomp-20260909/630743/judge/rank-3/hpcagent_bench3.db,call,git-scicomp-kimi27sglang-repo.n0.p3.w3,git-scicomp-kimi27sglang-repo,0,0,3,3,dfa,0,c,c,moonshotai/Kimi-K2.7-Code,fuzzed,float64,restricted,26,0,ok,1,,,1.8087145425046205,,,4426524,c-autopar,gcc,score,,native,AMD Instinct MI300A Accelerator,,1789012933797,,run_local,last_saved
630743,630743,/capstor/scratch/cscs/ybudanaz/x86_64/hpcagent-bench-runs/git-scicomp-20260909/630743/judge/rank-3/hpcagent_bench3.db,call,git-scicomp-kimi27sglang-repo.n0.p3.w3,git-scicomp-kimi27sglang-repo,0,0,3,3,dfa,0,c,c,moonshotai/Kimi-K2.7-Code,fuzzed,float64,restricted,27,0,ok,1,,,1.828775715681728,,,4646824,c-autopar,gcc,score,,native,AMD Instinct MI300A Accelerator,,1789013627385,,run_local,last_saved
630743,630743,/capstor/scratch/cscs/ybudanaz/x86_64/hpcagent-bench-runs/git-scicomp-20260909/630743/judge/rank-3/hpcagent_bench3.db,call,git-scicomp-kimi27sglang-repo.n0.p3.w3,git-scicomp-kimi27sglang-repo,0,0,3,3,dfa,0,c,c,moonshotai/Kimi-K2.7-Code,fuzzed,float64,restricted,28,0,ok,1,,,1.8348636655497321,,,4871500,c-autopar,gcc,submit,,native,AMD Instinct MI300A Accelerator,,1789014799267,,run_local,last_saved
630743,630743,/capstor/scratch/cscs/ybudanaz/x86_64/hpcagent-bench-runs/git-scicomp-20260909/630743/judge/rank-3/hpcagent_bench3.db,submission,git-scicomp-kimi27sglang-repo.n0.p11.w11,git-scicomp-kimi27sglang-repo,0,0,11,11,lda_xc_potential,0,c,,moonshotai/Kimi-K2.7-Code,fuzzed,float64,restricted,1,1,,,,,43.43108345321098,26251581.0,606934.0,,c-autopar,,,0,native,AMD Instinct MI300A Accelerator,,1789010949991,6a/6ad7fd056f0deea59f7a4f2be00cef23d2bd1626ae4cf431dfa05b18e610dd5b.txt,run_local,graded_attempt
630743,630743,/capstor/scratch/cscs/ybudanaz/x86_64/hpcagent-bench-runs/git-scicomp-20260909/630743/judge/rank-3/hpcagent_bench3.db,submission,git-scicomp-kimi27sglang-repo.n0.p19.w19,git-scicomp-kimi27sglang-repo,0,0,19,19,fv3_dycore,0,c,,promoted-unsubmitted,fuzzed,float64,restricted,1,1,,,,,17.73687164386378,513281099.0,28556484.0,,c-autopar,,,0,native,AMD Instinct MI300A Accelerator,,1789030881057,57/57b6582ab7288bd1300e12eacb35d7e716a2218eaf703069bd9d6e05665580b2.txt,run_local,graded_attempt
630743,630743,/capstor/scratch/cscs/ybudanaz/x86_64/hpcagent-bench-runs/git-scicomp-20260909/630743/judge/rank-3/hpcagent_bench3.db,submission,git-scicomp-kimi27sglang-repo.n0.p3.w3,git-scicomp-kimi27sglang-repo,0,0,3,3,dfa,0,c,,moonshotai/Kimi-K2.7-Code,fuzzed,float64,restricted,1,1,,,,,1.8348636655497321,2328937428.0,1270366562.0,,c-autopar,,,0,native,AMD Instinct MI300A Accelerator,,1789014799104,03/0329738f2989d05e17673b26c6a2429bbfaaead37f2f778cb8b20305b2852bef.txt,run_local,graded_attempt
630743,630743,/capstor/scratch/cscs/ybudanaz/x86_64/hpcagent-bench-runs/git-scicomp-20260909/630743/judge/rank-4/hpcagent_bench4.db,call,git-scicomp-kimi27sglang-repo.n0.p12.w12,git-scicomp-kimi27sglang-repo,0,0,12,12,warpx_boris_push,0,c,c,moonshotai/Kimi-K2.7-Code,fuzzed,float64,restricted,1,0,incorrect,0,,,11.804224718102045,,,233317,c-autopar,gcc,score,,native,AMD Instinct MI300A Accelerator,,1788993604530,,run_local,missing
630743,630743,/capstor/scratch/cscs/ybudanaz/x86_64/hpcagent-bench-runs/git-scicomp-20260909/630743/judge/rank-4/hpcagent_bench4.db,call,git-scicomp-kimi27sglang-repo.n0.p12.w12,git-scicomp-kimi27sglang-repo,0,0,12,12,warpx_boris_push,0,c,c,moonshotai/Kimi-K2.7-Code,fuzzed,float64,restricted,2,0,incorrect,0,,,11.152810959249361,,,403170,c-autopar,gcc,score,,native,AMD Instinct MI300A Accelerator,,1788995750233,,run_local,missing
630743,630743,/capstor/scratch/cscs/ybudanaz/x86_64/hpcagent-bench-runs/git-scicomp-20260909/630743/judge/rank-4/hpcagent_bench4.db,call,git-scicomp-kimi27sglang-repo.n0.p12.w12,git-scicomp-kimi27sglang-repo,0,0,12,12,warpx_boris_push,0,c,c,moonshotai/Kimi-K2.7-Code,fuzzed,float64,restricted,3,0,incorrect,0,,,11.251471281537867,,,482601,c-autopar,gcc,score,,native,AMD Instinct MI300A Accelerator,,1788996785905,,run_local,missing
630743,630743,/capstor/scratch/cscs/ybudanaz/x86_64/hpcagent-bench-runs/git-scicomp-20260909/630743/judge/rank-4/hpcagent_bench4.db,call,git-scicomp-kimi27sglang-repo.n0.p12.w12,git-scicomp-kimi27sglang-repo,0,0,12,12,warpx_boris_push,0,c,c,moonshotai/Kimi-K2.7-Code,fuzzed,float64,restricted,4,0,incorrect,0,,,10.885825278543681,,,0,c-autopar,gcc,score,,native,AMD Instinct MI300A Accelerator,,1788998950904,,run_local,missing
630743,630743,/capstor/scratch/cscs/ybudanaz/x86_64/hpcagent-bench-runs/git-scicomp-20260909/630743/judge/rank-4/hpcagent_bench4.db,call,git-scicomp-kimi27sglang-repo.n0.p12.w12,git-scicomp-kimi27sglang-repo,0,0,12,12,warpx_boris_push,0,c,c,moonshotai/Kimi-K2.7-Code,fuzzed,float64,restricted,5,0,incorrect,0,,,10.870838472601092,,,0,c-autopar,gcc,score,,native,AMD Instinct MI300A Accelerator,,1788998951448,,run_local,missing
630743,630743,/capstor/scratch/cscs/ybudanaz/x86_64/hpcagent-bench-runs/git-scicomp-20260909/630743/judge/rank-4/hpcagent_bench4.db,call,git-scicomp-kimi27sglang-repo.n0.p12.w12,git-scicomp-kimi27sglang-repo,0,0,12,12,warpx_boris_push,0,c,c,moonshotai/Kimi-K2.7-Code,fuzzed,float64,restricted,6,0,incorrect,0,,,11.48136496559478,,,0,c-autopar,gcc,score,,native,AMD Instinct MI300A Accelerator,,1788998952014,,run_local,missing
630743,630743,/capstor/scratch/cscs/ybudanaz/x86_64/hpcagent-bench-runs/git-scicomp-20260909/630743/judge/rank-4/hpcagent_bench4.db,call,git-scicomp-kimi27sglang-repo.n0.p12.w12,git-scicomp-kimi27sglang-repo,0,0,12,12,warpx_boris_push,0,c,c,moonshotai/Kimi-K2.7-Code,fuzzed,float64,restricted,7,0,incorrect,0,,,11.642470716560423,,,0,c-autopar,gcc,score,,native,AMD Instinct MI300A Accelerator,,1788998952862,,run_local,missing
630743,630743,/capstor/scratch/cscs/ybudanaz/x86_64/hpcagent-bench-runs/git-scicomp-20260909/630743/judge/rank-4/hpcagent_bench4.db,call,git-scicomp-kimi27sglang-repo.n0.p12.w12,git-scicomp-kimi27sglang-repo,0,0,12,12,warpx_boris_push,0,c,c,moonshotai/Kimi-K2.7-Code,fuzzed,float64,restricted,8,0,ok,1,,,11.22174967376546,,,0,c-autopar,gcc,score,,native,AMD Instinct MI300A Accelerator,,1788998953398,,run_local,missing
630743,630743,/capstor/scratch/cscs/ybudanaz/x86_64/hpcagent-bench-runs/git-scicomp-20260909/630743/judge/rank-4/hpcagent_bench4.db,call,git-scicomp-kimi27sglang-repo.n0.p12.w12,git-scicomp-kimi27sglang-repo,0,0,12,12,warpx_boris_push,0,c,c,moonshotai/Kimi-K2.7-Code,fuzzed,float64,restricted,9,0,incorrect,0,,,10.461720319949565,,,0,c-autopar,gcc,score,,native,AMD Instinct MI300A Accelerator,,1788998954079,,run_local,missing
630743,630743,/capstor/scratch/cscs/ybudanaz/x86_64/hpcagent-bench-runs/git-scicomp-20260909/630743/judge/rank-4/hpcagent_bench4.db,call,git-scicomp-kimi27sglang-repo.n0.p12.w12,git-scicomp-kimi27sglang-repo,0,0,12,12,warpx_boris_push,0,c,c,moonshotai/Kimi-K2.7-Code,fuzzed,float64,restricted,10,0,incorrect,0,,,10.564276513098015,,,0,c-autopar,gcc,score,,native,AMD Instinct MI300A Accelerator,,1788998954524,,run_local,missing
630743,630743,/capstor/scratch/cscs/ybudanaz/x86_64/hpcagent-bench-runs/git-scicomp-20260909/630743/judge/rank-4/hpcagent_bench4.db,call,git-scicomp-kimi27sglang-repo.n0.p12.w12,git-scicomp-kimi27sglang-repo,0,0,12,12,warpx_boris_push,0,c,c,moonshotai/Kimi-K2.7-Code,fuzzed,float64,restricted,11,0,incorrect,0,,,10.983261889126174,,,0,c-autopar,gcc,score,,native,AMD Instinct MI300A Accelerator,,1788998955748,,run_local,missing
630743,630743,/capstor/scratch/cscs/ybudanaz/x86_64/hpcagent-bench-runs/git-scicomp-20260909/630743/judge/rank-4/hpcagent_bench4.db,call,git-scicomp-kimi27sglang-repo.n0.p12.w12,git-scicomp-kimi27sglang-repo,0,0,12,12,warpx_boris_push,0,c,c,moonshotai/Kimi-K2.7-Code,fuzzed,float64,restricted,12,0,incorrect,0,,,11.621449792363121,,,0,c-autopar,gcc,score,,native,AMD Instinct MI300A Accelerator,,1788998956335,,run_local,missing
630743,630743,/capstor/scratch/cscs/ybudanaz/x86_64/hpcagent-bench-runs/git-scicomp-20260909/630743/judge/rank-4/hpcagent_bench4.db,call,git-scicomp-kimi27sglang-repo.n0.p12.w12,git-scicomp-kimi27sglang-repo,0,0,12,12,warpx_boris_push,0,c,c,moonshotai/Kimi-K2.7-Code,fuzzed,float64,restricted,13,0,incorrect,0,,,11.163361731425178,,,0,c-autopar,gcc,score,,native,AMD Instinct MI300A Accelerator,,1788998956889,,run_local,missing
630743,630743,/capstor/scratch/cscs/ybudanaz/x86_64/hpcagent-bench-runs/git-scicomp-20260909/630743/judge/rank-4/hpcagent_bench4.db,call,git-scicomp-kimi27sglang-repo.n0.p12.w12,git-scicomp-kimi27sglang-repo,0,0,12,12,warpx_boris_push,0,c,c,moonshotai/Kimi-K2.7-Code,fuzzed,float64,restricted,14,0,incorrect,0,,,11.348253735888573,,,0,c-autopar,gcc,score,,native,AMD Instinct MI300A Accelerator,,1788998957403,,run_local,missing
630743,630743,/capstor/scratch/cscs/ybudanaz/x86_64/hpcagent-bench-runs/git-scicomp-20260909/630743/judge/rank-4/hpcagent_bench4.db,call,git-scicomp-kimi27sglang-repo.n0.p12.w12,git-scicomp-kimi27sglang-repo,0,0,12,12,warpx_boris_push,0,c,c,moonshotai/Kimi-K2.7-Code,fuzzed,float64,restricted,15,0,incorrect,0,,,11.378040614738511,,,0,c-autopar,gcc,score,,native,AMD Instinct MI300A Accelerator,,1788998958086,,run_local,missing
630743,630743,/capstor/scratch/cscs/ybudanaz/x86_64/hpcagent-bench-runs/git-scicomp-20260909/630743/judge/rank-4/hpcagent_bench4.db,call,git-scicomp-kimi27sglang-repo.n0.p12.w12,git-scicomp-kimi27sglang-repo,0,0,12,12,warpx_boris_push,0,c,c,moonshotai/Kimi-K2.7-Code,fuzzed,float64,restricted,16,0,incorrect,0,,,11.232431346211813,,,0,c-autopar,gcc,score,,native,AMD Instinct MI300A Accelerator,,1788998958597,,run_local,missing
630743,630743,/capstor/scratch/cscs/ybudanaz/x86_64/hpcagent-bench-runs/git-scicomp-20260909/630743/judge/rank-4/hpcagent_bench4.db,call,git-scicomp-kimi27sglang-repo.n0.p12.w12,git-scicomp-kimi27sglang-repo,0,0,12,12,warpx_boris_push,0,c,c,moonshotai/Kimi-K2.7-Code,fuzzed,float64,restricted,17,0,incorrect,0,,,10.92957224672097,,,0,c-autopar,gcc,score,,native,AMD Instinct MI300A Accelerator,,1788998959435,,run_local,missing
630743,630743,/capstor/scratch/cscs/ybudanaz/x86_64/hpcagent-bench-runs/git-scicomp-20260909/630743/judge/rank-4/hpcagent_bench4.db,call,git-scicomp-kimi27sglang-repo.n0.p12.w12,git-scicomp-kimi27sglang-repo,0,0,12,12,warpx_boris_push,0,c,c,moonshotai/Kimi-K2.7-Code,fuzzed,float64,restricted,18,0,incorrect,0,,,11.41656857528312,,,0,c-autopar,gcc,score,,native,AMD Instinct MI300A Accelerator,,1788998960039,,run_local,missing
630743,630743,/capstor/scratch/cscs/ybudanaz/x86_64/hpcagent-bench-runs/git-scicomp-20260909/630743/judge/rank-4/hpcagent_bench4.db,call,git-scicomp-kimi27sglang-repo.n0.p12.w12,git-scicomp-kimi27sglang-repo,0,0,12,12,warpx_boris_push,0,c,c,moonshotai/Kimi-K2.7-Code,fuzzed,float64,restricted,19,0,ok,1,,,11.178637026277427,,,628117,c-autopar,gcc,score,,native,AMD Instinct MI300A Accelerator,,1788999749760,,run_local,missing
630743,630743,/capstor/scratch/cscs/ybudanaz/x86_64/hpcagent-bench-runs/git-scicomp-20260909/630743/judge/rank-4/hpcagent_bench4.db,call,git-scicomp-kimi27sglang-repo.n0.p12.w12,git-scicomp-kimi27sglang-repo,0,0,12,12,warpx_boris_push,0,c,c,moonshotai/Kimi-K2.7-Code,fuzzed,float64,restricted,20,0,ok,1,,,7.650921036517279,,,927011,c-autopar,gcc,score,,native,AMD Instinct MI300A Accelerator,,1789003593732,,run_local,missing
630743,630743,/capstor/scratch/cscs/ybudanaz/x86_64/hpcagent-bench-runs/git-scicomp-20260909/630743/judge/rank-4/hpcagent_bench4.db,call,git-scicomp-kimi27sglang-repo.n0.p12.w12,git-scicomp-kimi27sglang-repo,0,0,12,12,warpx_boris_push,0,c,c,moonshotai/Kimi-K2.7-Code,fuzzed,float64,restricted,21,0,ok,1,,,13.354609527761536,,,1138676,c-autopar,gcc,score,,native,AMD Instinct MI300A Accelerator,,1789011469440,,run_local,missing
630743,630743,/capstor/scratch/cscs/ybudanaz/x86_64/hpcagent-bench-runs/git-scicomp-20260909/630743/judge/rank-4/hpcagent_bench4.db,call,git-scicomp-kimi27sglang-repo.n0.p12.w12,git-scicomp-kimi27sglang-repo,0,0,12,12,warpx_boris_push,0,c,c,moonshotai/Kimi-K2.7-Code,fuzzed,float64,restricted,22,0,ok,1,,,13.498891014356438,,,1284306,c-autopar,gcc,score,,native,AMD Instinct MI300A Accelerator,,1789012113280,,run_local,missing
630743,630743,/capstor/scratch/cscs/ybudanaz/x86_64/hpcagent-bench-runs/git-scicomp-20260909/630743/judge/rank-4/hpcagent_bench4.db,call,git-scicomp-kimi27sglang-repo.n0.p12.w12,git-scicomp-kimi27sglang-repo,0,0,12,12,warpx_boris_push,0,c,c,moonshotai/Kimi-K2.7-Code,fuzzed,float64,restricted,23,0,ok,1,,,11.711091017356592,,,1436001,c-autopar,gcc,score,,native,AMD Instinct MI300A Accelerator,,1789012633604,,run_local,missing
630743,630743,/capstor/scratch/cscs/ybudanaz/x86_64/hpcagent-bench-runs/git-scicomp-20260909/630743/judge/rank-4/hpcagent_bench4.db,call,git-scicomp-kimi27sglang-repo.n0.p12.w12,git-scicomp-kimi27sglang-repo,0,0,12,12,warpx_boris_push,0,c,c,moonshotai/Kimi-K2.7-Code,fuzzed,float64,restricted,24,0,ok,1,,,13.460396321949798,,,1598472,c-autopar,gcc,score,,native,AMD Instinct MI300A Accelerator,,1789014231959,,run_local,missing
630743,630743,/capstor/scratch/cscs/ybudanaz/x86_64/hpcagent-bench-runs/git-scicomp-20260909/630743/judge/rank-4/hpcagent_bench4.db,call,git-scicomp-kimi27sglang-repo.n0.p12.w12,git-scicomp-kimi27sglang-repo,0,0,12,12,warpx_boris_push,0,c,c,moonshotai/Kimi-K2.7-Code,fuzzed,float64,restricted,25,0,ok,1,,,13.274487378992694,,,1855878,c-autopar,gcc,score,,native,AMD Instinct MI300A Accelerator,,1789021866206,,run_local,missing
630743,630743,/capstor/scratch/cscs/ybudanaz/x86_64/hpcagent-bench-runs/git-scicomp-20260909/630743/judge/rank-4/hpcagent_bench4.db,call,git-scicomp-kimi27sglang-repo.n0.p12.w12,git-scicomp-kimi27sglang-repo,0,0,12,12,warpx_boris_push,0,c,c,moonshotai/Kimi-K2.7-Code,fuzzed,float64,restricted,26,0,ok,1,,,15.172861112500089,,,2139443,c-autopar,gcc,score,,native,AMD Instinct MI300A Accelerator,,1789027807070,,run_local,missing
630743,630743,/capstor/scratch/cscs/ybudanaz/x86_64/hpcagent-bench-runs/git-scicomp-20260909/630743/judge/rank-4/hpcagent_bench4.db,call,git-scicomp-kimi27sglang-repo.n0.p12.w12,git-scicomp-kimi27sglang-repo,0,0,12,12,warpx_boris_push,0,c,c,moonshotai/Kimi-K2.7-Code,fuzzed,float64,restricted,27,0,ok,1,,,13.57134003360786,,,2343166,c-autopar,gcc,score,,native,AMD Instinct MI300A Accelerator,,1789028738740,,run_local,missing
630743,630743,/capstor/scratch/cscs/ybudanaz/x86_64/hpcagent-bench-runs/git-scicomp-20260909/630743/judge/rank-4/hpcagent_bench4.db,call,git-scicomp-kimi27sglang-repo.n0.p12.w12,git-scicomp-kimi27sglang-repo,0,0,12,12,warpx_boris_push,0,c,c,moonshotai/Kimi-K2.7-Code,fuzzed,float64,restricted,28,0,ok,1,,,13.482525294842011,,,2555353,c-autopar,gcc,score,,native,AMD Instinct MI300A Accelerator,,1789028997630,,run_local,missing
630743,630743,/capstor/scratch/cscs/ybudanaz/x86_64/hpcagent-bench-runs/git-scicomp-20260909/630743/judge/rank-4/hpcagent_bench4.db,call,git-scicomp-kimi27sglang-repo.n0.p12.w12,git-scicomp-kimi27sglang-repo,0,0,12,12,warpx_boris_push,0,c,c,moonshotai/Kimi-K2.7-Code,fuzzed,float64,restricted,29,0,ok,1,,,14.301438853764788,,,2775547,c-autopar,gcc,score,,native,AMD Instinct MI300A Accelerator,,1789029847878,,run_local,missing
630743,630743,/capstor/scratch/cscs/ybudanaz/x86_64/hpcagent-bench-runs/git-scicomp-20260909/630743/judge/rank-4/hpcagent_bench4.db,call,git-scicomp-kimi27sglang-repo.n0.p12.w12,git-scicomp-kimi27sglang-repo,0,0,12,12,warpx_boris_push,0,c,c,moonshotai/Kimi-K2.7-Code,fuzzed,float64,restricted,30,0,ok,1,,,13.31943738987026,,,3003665,c-autopar,gcc,score,,native,AMD Instinct MI300A Accelerator,,1789030021043,,run_local,missing
630743,630743,/capstor/scratch/cscs/ybudanaz/x86_64/hpcagent-bench-runs/git-scicomp-20260909/630743/judge/rank-4/hpcagent_bench4.db,call,git-scicomp-kimi27sglang-repo.n0.p12.w12,git-scicomp-kimi27sglang-repo,0,0,12,12,warpx_boris_push,0,c,c,moonshotai/Kimi-K2.7-Code,fuzzed,float64,restricted,31,0,ok,1,,,13.797909588738543,,,3236574,c-autopar,gcc,score,,native,AMD Instinct MI300A Accelerator,,1789030503382,,run_local,missing
630743,630743,/capstor/scratch/cscs/ybudanaz/x86_64/hpcagent-bench-runs/git-scicomp-20260909/630743/judge/rank-4/hpcagent_bench4.db,call,git-scicomp-kimi27sglang-repo.n0.p12.w12,git-scicomp-kimi27sglang-repo,0,0,12,12,warpx_boris_push,0,c,c,moonshotai/Kimi-K2.7-Code,fuzzed,float64,restricted,32,0,ok,1,,,12.772375803217816,,,3474329,c-autopar,gcc,submit,,native,AMD Instinct MI300A Accelerator,,1789033758943,,run_local,missing
630743,630743,/capstor/scratch/cscs/ybudanaz/x86_64/hpcagent-bench-runs/git-scicomp-20260909/630743/judge/rank-4/hpcagent_bench4.db,call,git-scicomp-kimi27sglang-repo.n0.p20.w20,git-scicomp-kimi27sglang-repo,0,0,20,20,fv3_dycore,0,c,c,moonshotai/Kimi-K2.7-Code,fuzzed,float64,restricted,1,0,ok,1,,,12.329913224962947,,,445604,c-autopar,gcc,score,,native,AMD Instinct MI300A Accelerator,,1788995979983,,run_local,last_saved
630743,630743,/capstor/scratch/cscs/ybudanaz/x86_64/hpcagent-bench-runs/git-scicomp-20260909/630743/judge/rank-4/hpcagent_bench4.db,call,git-scicomp-kimi27sglang-repo.n0.p20.w20,git-scicomp-kimi27sglang-repo,0,0,20,20,fv3_dycore,0,c,c,moonshotai/Kimi-K2.7-Code,fuzzed,float64,restricted,2,0,ok,1,,,6.80286322560685,,,1512861,c-autopar,gcc,score,,native,AMD Instinct MI300A Accelerator,,1789000336026,,run_local,last_saved
630743,630743,/capstor/scratch/cscs/ybudanaz/x86_64/hpcagent-bench-runs/git-scicomp-20260909/630743/judge/rank-4/hpcagent_bench4.db,call,git-scicomp-kimi27sglang-repo.n0.p20.w20,git-scicomp-kimi27sglang-repo,0,0,20,20,fv3_dycore,0,c,c,moonshotai/Kimi-K2.7-Code,fuzzed,float64,restricted,3,0,incorrect,0,,,12.939902631016313,,,2075629,c-autopar,gcc,score,,native,AMD Instinct MI300A Accelerator,,1789001239245,,run_local,last_saved
630743,630743,/capstor/scratch/cscs/ybudanaz/x86_64/hpcagent-bench-runs/git-scicomp-20260909/630743/judge/rank-4/hpcagent_bench4.db,call,git-scicomp-kimi27sglang-repo.n0.p20.w20,git-scicomp-kimi27sglang-repo,0,0,20,20,fv3_dycore,0,c,c,moonshotai/Kimi-K2.7-Code,fuzzed,float64,restricted,4,0,ok,1,,,12.348225417582066,,,3375947,c-autopar,gcc,score,,native,AMD Instinct MI300A Accelerator,,1789006111076,,run_local,last_saved
630743,630743,/capstor/scratch/cscs/ybudanaz/x86_64/hpcagent-bench-runs/git-scicomp-20260909/630743/judge/rank-4/hpcagent_bench4.db,call,git-scicomp-kimi27sglang-repo.n0.p20.w20,git-scicomp-kimi27sglang-repo,0,0,20,20,fv3_dycore,0,c,c,moonshotai/Kimi-K2.7-Code,fuzzed,float64,restricted,5,0,ok,1,,,12.15247732598044,,,3582188,c-autopar,gcc,submit,,native,AMD Instinct MI300A Accelerator,,1789007043920,,run_local,last_saved
630743,630743,/capstor/scratch/cscs/ybudanaz/x86_64/hpcagent-bench-runs/git-scicomp-20260909/630743/judge/rank-4/hpcagent_bench4.db,call,git-scicomp-kimi27sglang-repo.n0.p28.w28,git-scicomp-kimi27sglang-repo,0,0,28,28,edge_laplacian,0,c,c,moonshotai/Kimi-K2.7-Code,fuzzed,float64,restricted,1,0,ok,1,,,1.7982123369579504,,,109211,c-autopar,gcc,score,,native,AMD Instinct MI300A Accelerator,,1788991600597,,run_local,last_saved
630743,630743,/capstor/scratch/cscs/ybudanaz/x86_64/hpcagent-bench-runs/git-scicomp-20260909/630743/judge/rank-4/hpcagent_bench4.db,call,git-scicomp-kimi27sglang-repo.n0.p28.w28,git-scicomp-kimi27sglang-repo,0,0,28,28,edge_laplacian,0,c,c,moonshotai/Kimi-K2.7-Code,fuzzed,float64,restricted,2,0,ok,1,,,7.103828593187157,,,207180,c-autopar,gcc,score,,native,AMD Instinct MI300A Accelerator,,1788993951774,,run_local,last_saved
630743,630743,/capstor/scratch/cscs/ybudanaz/x86_64/hpcagent-bench-runs/git-scicomp-20260909/630743/judge/rank-4/hpcagent_bench4.db,call,git-scicomp-kimi27sglang-repo.n0.p28.w28,git-scicomp-kimi27sglang-repo,0,0,28,28,edge_laplacian,0,c,c,moonshotai/Kimi-K2.7-Code,fuzzed,float64,restricted,3,0,ok,1,,,7.1077069772532795,,,358915,c-autopar,gcc,score,,native,AMD Instinct MI300A Accelerator,,1788995789073,,run_local,last_saved
630743,630743,/capstor/scratch/cscs/ybudanaz/x86_64/hpcagent-bench-runs/git-scicomp-20260909/630743/judge/rank-4/hpcagent_bench4.db,call,git-scicomp-kimi27sglang-repo.n0.p28.w28,git-scicomp-kimi27sglang-repo,0,0,28,28,edge_laplacian,0,c,c,moonshotai/Kimi-K2.7-Code,fuzzed,float64,restricted,4,0,ok,1,,,10.714758763245168,,,489355,c-autopar,gcc,score,,native,AMD Instinct MI300A Accelerator,,1788996031191,,run_local,last_saved
630743,630743,/capstor/scratch/cscs/ybudanaz/x86_64/hpcagent-bench-runs/git-scicomp-20260909/630743/judge/rank-4/hpcagent_bench4.db,call,git-scicomp-kimi27sglang-repo.n0.p28.w28,git-scicomp-kimi27sglang-repo,0,0,28,28,edge_laplacian,0,c,c,moonshotai/Kimi-K2.7-Code,fuzzed,float64,restricted,5,0,ok,1,,,10.911569729792403,,,881328,c-autopar,gcc,score,,native,AMD Instinct MI300A Accelerator,,1788999119199,,run_local,last_saved
630743,630743,/capstor/scratch/cscs/ybudanaz/x86_64/hpcagent-bench-runs/git-scicomp-20260909/630743/judge/rank-4/hpcagent_bench4.db,call,git-scicomp-kimi27sglang-repo.n0.p28.w28,git-scicomp-kimi27sglang-repo,0,0,28,28,edge_laplacian,0,c,c,moonshotai/Kimi-K2.7-Code,fuzzed,float64,restricted,6,0,ok,1,,,10.594398775480599,,,1114194,c-autopar,gcc,score,,native,AMD Instinct MI300A Accelerator,,1789000191537,,run_local,last_saved
630743,630743,/capstor/scratch/cscs/ybudanaz/x86_64/hpcagent-bench-runs/git-scicomp-20260909/630743/judge/rank-4/hpcagent_bench4.db,call,git-scicomp-kimi27sglang-repo.n0.p28.w28,git-scicomp-kimi27sglang-repo,0,0,28,28,edge_laplacian,0,c,c,moonshotai/Kimi-K2.7-Code,fuzzed,float64,restricted,7,0,ok,1,,,10.462165399915296,,,1298665,c-autopar,gcc,score,,native,AMD Instinct MI300A Accelerator,,1789001264885,,run_local,last_saved
630743,630743,/capstor/scratch/cscs/ybudanaz/x86_64/hpcagent-bench-runs/git-scicomp-20260909/630743/judge/rank-4/hpcagent_bench4.db,call,git-scicomp-kimi27sglang-repo.n0.p28.w28,git-scicomp-kimi27sglang-repo,0,0,28,28,edge_laplacian,0,c,c,moonshotai/Kimi-K2.7-Code,fuzzed,float64,restricted,8,0,ok,1,,,10.913209229775658,,,1502694,c-autopar,gcc,score,,native,AMD Instinct MI300A Accelerator,,1789003967362,,run_local,last_saved
630743,630743,/capstor/scratch/cscs/ybudanaz/x86_64/hpcagent-bench-runs/git-scicomp-20260909/630743/judge/rank-4/hpcagent_bench4.db,call,git-scicomp-kimi27sglang-repo.n0.p28.w28,git-scicomp-kimi27sglang-repo,0,0,28,28,edge_laplacian,0,c,c,moonshotai/Kimi-K2.7-Code,fuzzed,float64,restricted,9,0,ok,1,,,10.835522181913042,,,1731998,c-autopar,gcc,score,,native,AMD Instinct MI300A Accelerator,,1789005111847,,run_local,last_saved
630743,630743,/capstor/scratch/cscs/ybudanaz/x86_64/hpcagent-bench-runs/git-scicomp-20260909/630743/judge/rank-4/hpcagent_bench4.db,call,git-scicomp-kimi27sglang-repo.n0.p28.w28,git-scicomp-kimi27sglang-repo,0,0,28,28,edge_laplacian,0,c,c,moonshotai/Kimi-K2.7-Code,fuzzed,float64,restricted,10,0,ok,1,,,10.86153032711966,,,1889985,c-autopar,gcc,score,,native,AMD Instinct MI300A Accelerator,,1789005391324,,run_local,last_saved
630743,630743,/capstor/scratch/cscs/ybudanaz/x86_64/hpcagent-bench-runs/git-scicomp-20260909/630743/judge/rank-4/hpcagent_bench4.db,call,git-scicomp-kimi27sglang-repo.n0.p28.w28,git-scicomp-kimi27sglang-repo,0,0,28,28,edge_laplacian,0,c,c,moonshotai/Kimi-K2.7-Code,fuzzed,float64,restricted,11,0,ok,1,,,3.1449638982956176,,,2143173,c-autopar,gcc,score,,native,AMD Instinct MI300A Accelerator,,1789008116729,,run_local,last_saved
630743,630743,/capstor/scratch/cscs/ybudanaz/x86_64/hpcagent-bench-runs/git-scicomp-20260909/630743/judge/rank-4/hpcagent_bench4.db,call,git-scicomp-kimi27sglang-repo.n0.p28.w28,git-scicomp-kimi27sglang-repo,0,0,28,28,edge_laplacian,0,c,c,moonshotai/Kimi-K2.7-Code,fuzzed,float64,restricted,12,0,ok,1,,,10.896119619809847,,,2333416,c-autopar,gcc,score,,native,AMD Instinct MI300A Accelerator,,1789009479250,,run_local,last_saved
630743,630743,/capstor/scratch/cscs/ybudanaz/x86_64/hpcagent-bench-runs/git-scicomp-20260909/630743/judge/rank-4/hpcagent_bench4.db,call,git-scicomp-kimi27sglang-repo.n0.p28.w28,git-scicomp-kimi27sglang-repo,0,0,28,28,edge_laplacian,0,c,c,moonshotai/Kimi-K2.7-Code,fuzzed,float64,restricted,13,0,ok,1,,,10.892553653873623,,,2536520,c-autopar,gcc,submit,,native,AMD Instinct MI300A Accelerator,,1789011134286,,run_local,last_saved
630743,630743,/capstor/scratch/cscs/ybudanaz/x86_64/hpcagent-bench-runs/git-scicomp-20260909/630743/judge/rank-4/hpcagent_bench4.db,call,git-scicomp-kimi27sglang-repo.n0.p4.w4,git-scicomp-kimi27sglang-repo,0,0,4,4,dfa,0,c,c,moonshotai/Kimi-K2.7-Code,fuzzed,float64,restricted,1,0,ok,1,,,0.9959381322799519,,,52024,c-autopar,gcc,score,,native,AMD Instinct MI300A Accelerator,,1788991219354,,run_local,last_saved
630743,630743,/capstor/scratch/cscs/ybudanaz/x86_64/hpcagent-bench-runs/git-scicomp-20260909/630743/judge/rank-4/hpcagent_bench4.db,call,git-scicomp-kimi27sglang-repo.n0.p4.w4,git-scicomp-kimi27sglang-repo,0,0,4,4,dfa,0,c,c,moonshotai/Kimi-K2.7-Code,fuzzed,float64,restricted,2,0,incorrect,0,,,2.04517284454178,,,144052,c-autopar,gcc,score,,native,AMD Instinct MI300A Accelerator,,1788993941947,,run_local,last_saved
630743,630743,/capstor/scratch/cscs/ybudanaz/x86_64/hpcagent-bench-runs/git-scicomp-20260909/630743/judge/rank-4/hpcagent_bench4.db,call,git-scicomp-kimi27sglang-repo.n0.p4.w4,git-scicomp-kimi27sglang-repo,0,0,4,4,dfa,0,c,c,moonshotai/Kimi-K2.7-Code,fuzzed,float64,restricted,3,0,ok,1,,,1.4903936304613785,,,253239,c-autopar,gcc,score,,native,AMD Instinct MI300A Accelerator,,1788994904156,,run_local,last_saved
630743,630743,/capstor/scratch/cscs/ybudanaz/x86_64/hpcagent-bench-runs/git-scicomp-20260909/630743/judge/rank-4/hpcagent_bench4.db,call,git-scicomp-kimi27sglang-repo.n0.p4.w4,git-scicomp-kimi27sglang-repo,0,0,4,4,dfa,0,c,c,moonshotai/Kimi-K2.7-Code,fuzzed,float64,restricted,4,0,ok,1,,,1.4917552228525406,,,317092,c-autopar,gcc,score,,native,AMD Instinct MI300A Accelerator,,1788996223196,,run_local,last_saved
630743,630743,/capstor/scratch/cscs/ybudanaz/x86_64/hpcagent-bench-runs/git-scicomp-20260909/630743/judge/rank-4/hpcagent_bench4.db,call,git-scicomp-kimi27sglang-repo.n0.p4.w4,git-scicomp-kimi27sglang-repo,0,0,4,4,dfa,0,c,c,moonshotai/Kimi-K2.7-Code,fuzzed,float64,restricted,5,0,ok,1,,,1.6341164447027596,,,388421,c-autopar,gcc,score,,native,AMD Instinct MI300A Accelerator,,1788996762181,,run_local,last_saved
630743,630743,/capstor/scratch/cscs/ybudanaz/x86_64/hpcagent-bench-runs/git-scicomp-20260909/630743/judge/rank-4/hpcagent_bench4.db,call,git-scicomp-kimi27sglang-repo.n0.p4.w4,git-scicomp-kimi27sglang-repo,0,0,4,4,dfa,0,c,c,moonshotai/Kimi-K2.7-Code,fuzzed,float64,restricted,6,0,ok,1,,,1.8633247481791988,,,473696,c-autopar,gcc,score,,native,AMD Instinct MI300A Accelerator,,1789000209923,,run_local,last_saved
630743,630743,/capstor/scratch/cscs/ybudanaz/x86_64/hpcagent-bench-runs/git-scicomp-20260909/630743/judge/rank-4/hpcagent_bench4.db,call,git-scicomp-kimi27sglang-repo.n0.p4.w4,git-scicomp-kimi27sglang-repo,0,0,4,4,dfa,0,c,c,moonshotai/Kimi-K2.7-Code,fuzzed,float64,restricted,7,0,ok,1,,,1.862048819413025,,,577588,c-autopar,gcc,score,,native,AMD Instinct MI300A Accelerator,,1789002086417,,run_local,last_saved
630743,630743,/capstor/scratch/cscs/ybudanaz/x86_64/hpcagent-bench-runs/git-scicomp-20260909/630743/judge/rank-4/hpcagent_bench4.db,call,git-scicomp-kimi27sglang-repo.n0.p4.w4,git-scicomp-kimi27sglang-repo,0,0,4,4,dfa,0,c,c,moonshotai/Kimi-K2.7-Code,fuzzed,float64,restricted,8,0,ok,1,,,1.8636072732725886,,,693664,c-autopar,gcc,score,,native,AMD Instinct MI300A Accelerator,,1789003552189,,run_local,last_saved
630743,630743,/capstor/scratch/cscs/ybudanaz/x86_64/hpcagent-bench-runs/git-scicomp-20260909/630743/judge/rank-4/hpcagent_bench4.db,call,git-scicomp-kimi27sglang-repo.n0.p4.w4,git-scicomp-kimi27sglang-repo,0,0,4,4,dfa,0,c,c,moonshotai/Kimi-K2.7-Code,fuzzed,float64,restricted,9,0,ok,1,,,1.7511431215199542,,,826617,c-autopar,gcc,score,,native,AMD Instinct MI300A Accelerator,,1789006452948,,run_local,last_saved
630743,630743,/capstor/scratch/cscs/ybudanaz/x86_64/hpcagent-bench-runs/git-scicomp-20260909/630743/judge/rank-4/hpcagent_bench4.db,call,git-scicomp-kimi27sglang-repo.n0.p4.w4,git-scicomp-kimi27sglang-repo,0,0,4,4,dfa,0,c,c,moonshotai/Kimi-K2.7-Code,fuzzed,float64,restricted,10,0,ok,1,,,1.8614538031325214,,,974249,c-autopar,gcc,score,,native,AMD Instinct MI300A Accelerator,,1789007112812,,run_local,last_saved
630743,630743,/capstor/scratch/cscs/ybudanaz/x86_64/hpcagent-bench-runs/git-scicomp-20260909/630743/judge/rank-4/hpcagent_bench4.db,call,git-scicomp-kimi27sglang-repo.n0.p4.w4,git-scicomp-kimi27sglang-repo,0,0,4,4,dfa,0,c,c,moonshotai/Kimi-K2.7-Code,fuzzed,float64,restricted,11,0,ok,1,,,1.4696461690752807,,,1535362,c-autopar,gcc,score,,native,AMD Instinct MI300A Accelerator,,1789008136893,,run_local,last_saved
630743,630743,/capstor/scratch/cscs/ybudanaz/x86_64/hpcagent-bench-runs/git-scicomp-20260909/630743/judge/rank-4/hpcagent_bench4.db,call,git-scicomp-kimi27sglang-repo.n0.p4.w4,git-scicomp-kimi27sglang-repo,0,0,4,4,dfa,0,c,c,moonshotai/Kimi-K2.7-Code,fuzzed,float64,restricted,12,0,ok,1,,,1.8618779298196126,,,1786987,c-autopar,gcc,score,,native,AMD Instinct MI300A Accelerator,,1789008428884,,run_local,last_saved
630743,630743,/capstor/scratch/cscs/ybudanaz/x86_64/hpcagent-bench-runs/git-scicomp-20260909/630743/judge/rank-4/hpcagent_bench4.db,call,git-scicomp-kimi27sglang-repo.n0.p4.w4,git-scicomp-kimi27sglang-repo,0,0,4,4,dfa,0,c,c,moonshotai/Kimi-K2.7-Code,fuzzed,float64,restricted,13,0,ok,1,,,1.862255151056606,,,1960973,c-autopar,gcc,score,,native,AMD Instinct MI300A Accelerator,,1789009469243,,run_local,last_saved
630743,630743,/capstor/scratch/cscs/ybudanaz/x86_64/hpcagent-bench-runs/git-scicomp-20260909/630743/judge/rank-4/hpcagent_bench4.db,call,git-scicomp-kimi27sglang-repo.n0.p4.w4,git-scicomp-kimi27sglang-repo,0,0,4,4,dfa,0,c,c,moonshotai/Kimi-K2.7-Code,fuzzed,float64,restricted,14,0,ok,1,,,1.8532123022052296,,,2050586,c-autopar,gcc,submit,,native,AMD Instinct MI300A Accelerator,,1789010856143,,run_local,last_saved
630743,630743,/capstor/scratch/cscs/ybudanaz/x86_64/hpcagent-bench-runs/git-scicomp-20260909/630743/judge/rank-4/hpcagent_bench4.db,submission,git-scicomp-kimi27sglang-repo.n0.p12.w12,git-scicomp-kimi27sglang-repo,0,0,12,12,warpx_boris_push,0,c,,moonshotai/Kimi-K2.7-Code,fuzzed,float64,restricted,1,1,,,,,12.772375803217816,2083855.0,148841.0,,c-autopar,,,0,native,AMD Instinct MI300A Accelerator,,1789033758656,bb/bb6b1e44f69c5da0eaec9e21929ce9448bfed9989e84c9c6998b7457e8ba027f.txt,run_local,graded_attempt
630743,630743,/capstor/scratch/cscs/ybudanaz/x86_64/hpcagent-bench-runs/git-scicomp-20260909/630743/judge/rank-4/hpcagent_bench4.db,submission,git-scicomp-kimi27sglang-repo.n0.p20.w20,git-scicomp-kimi27sglang-repo,0,0,20,20,fv3_dycore,0,c,,moonshotai/Kimi-K2.7-Code,fuzzed,float64,restricted,1,1,,,,,12.15247732598044,422768252.0,34497230.0,,c-autopar,,,0,native,AMD Instinct MI300A Accelerator,,1789007043733,65/6515931e3afac39870e1c8346a1114a65e9a886f932fa3b8c9e32af424387fc6.txt,run_local,graded_attempt
630743,630743,/capstor/scratch/cscs/ybudanaz/x86_64/hpcagent-bench-runs/git-scicomp-20260909/630743/judge/rank-4/hpcagent_bench4.db,submission,git-scicomp-kimi27sglang-repo.n0.p28.w28,git-scicomp-kimi27sglang-repo,0,0,28,28,edge_laplacian,0,c,,moonshotai/Kimi-K2.7-Code,fuzzed,float64,restricted,1,1,,,,,10.892553653873623,2022882320.0,185334533.0,,c-autopar,,,0,native,AMD Instinct MI300A Accelerator,,1789011134049,22/226bd610f5d63e5dfc87265f8eb895c32ecbefebb2908bcb2b25dfad56105286.txt,run_local,graded_attempt
630743,630743,/capstor/scratch/cscs/ybudanaz/x86_64/hpcagent-bench-runs/git-scicomp-20260909/630743/judge/rank-4/hpcagent_bench4.db,submission,git-scicomp-kimi27sglang-repo.n0.p4.w4,git-scicomp-kimi27sglang-repo,0,0,4,4,dfa,0,c,,moonshotai/Kimi-K2.7-Code,fuzzed,float64,restricted,1,1,,,,,1.8532123022052296,2323767946.0,1248069611.0,,c-autopar,,,0,native,AMD Instinct MI300A Accelerator,,1789010855706,94/94536524aed49a09630d0768456f61584b5add18ea6c6c5a57a2236a4f645228.txt,run_local,graded_attempt
630743,630743,/capstor/scratch/cscs/ybudanaz/x86_64/hpcagent-bench-runs/git-scicomp-20260909/630743/judge/rank-5/hpcagent_bench5.db,attempt,git-scicomp-kimi27sglang-repo.n0.p29.w29,git-scicomp-kimi27sglang-repo,0,0,29,29,edge_laplacian,0,c,,moonshotai/Kimi-K2.7-Code,fuzzed,float64,restricted,1,0,,0,1,score_error,,,,,,,,,native,AMD Instinct MI300A Accelerator,,1789001286352,ad/adcdb457508a41d1bca60f2bf027154ee786822d07e200019e2edd71cc7c41d7.txt,run_local,graded_attempt
630743,630743,/capstor/scratch/cscs/ybudanaz/x86_64/hpcagent-bench-runs/git-scicomp-20260909/630743/judge/rank-5/hpcagent_bench5.db,call,git-scicomp-kimi27sglang-repo.n0.p13.w13,git-scicomp-kimi27sglang-repo,0,0,13,13,warpx_boris_push,0,c,c,moonshotai/Kimi-K2.7-Code,fuzzed,float64,restricted,1,0,incorrect,0,,,7.472540413942271,,,558972,c-autopar,gcc,score,,native,AMD Instinct MI300A Accelerator,,1788994138329,,run_local,missing
630743,630743,/capstor/scratch/cscs/ybudanaz/x86_64/hpcagent-bench-runs/git-scicomp-20260909/630743/judge/rank-5/hpcagent_bench5.db,call,git-scicomp-kimi27sglang-repo.n0.p13.w13,git-scicomp-kimi27sglang-repo,0,0,13,13,warpx_boris_push,0,c,c,moonshotai/Kimi-K2.7-Code,fuzzed,float64,restricted,2,0,incorrect,0,,,7.3098503336016,,,691866,c-autopar,gcc,score,,native,AMD Instinct MI300A Accelerator,,1788994494447,,run_local,missing
630743,630743,/capstor/scratch/cscs/ybudanaz/x86_64/hpcagent-bench-runs/git-scicomp-20260909/630743/judge/rank-5/hpcagent_bench5.db,call,git-scicomp-kimi27sglang-repo.n0.p13.w13,git-scicomp-kimi27sglang-repo,0,0,13,13,warpx_boris_push,0,c,c,moonshotai/Kimi-K2.7-Code,fuzzed,float64,restricted,3,0,incorrect,0,,,7.285498508968828,,,925238,c-autopar,gcc,score,,native,AMD Instinct MI300A Accelerator,,1788996171687,,run_local,missing
630743,630743,/capstor/scratch/cscs/ybudanaz/x86_64/hpcagent-bench-runs/git-scicomp-20260909/630743/judge/rank-5/hpcagent_bench5.db,call,git-scicomp-kimi27sglang-repo.n0.p13.w13,git-scicomp-kimi27sglang-repo,0,0,13,13,warpx_boris_push,0,c,c,moonshotai/Kimi-K2.7-Code,fuzzed,float64,restricted,4,0,incorrect,0,,,7.4579680298776285,,,0,c-autopar,gcc,score,,native,AMD Instinct MI300A Accelerator,,1788998967945,,run_local,missing
630743,630743,/capstor/scratch/cscs/ybudanaz/x86_64/hpcagent-bench-runs/git-scicomp-20260909/630743/judge/rank-5/hpcagent_bench5.db,call,git-scicomp-kimi27sglang-repo.n0.p13.w13,git-scicomp-kimi27sglang-repo,0,0,13,13,warpx_boris_push,0,c,c,moonshotai/Kimi-K2.7-Code,fuzzed,float64,restricted,5,0,incorrect,0,,,7.228661833748913,,,0,c-autopar,gcc,score,,native,AMD Instinct MI300A Accelerator,,1788998968588,,run_local,missing
630743,630743,/capstor/scratch/cscs/ybudanaz/x86_64/hpcagent-bench-runs/git-scicomp-20260909/630743/judge/rank-5/hpcagent_bench5.db,call,git-scicomp-kimi27sglang-repo.n0.p13.w13,git-scicomp-kimi27sglang-repo,0,0,13,13,warpx_boris_push,0,c,c,moonshotai/Kimi-K2.7-Code,fuzzed,float64,restricted,6,0,incorrect,0,,,7.493945079878369,,,0,c-autopar,gcc,score,,native,AMD Instinct MI300A Accelerator,,1788998969076,,run_local,missing
630743,630743,/capstor/scratch/cscs/ybudanaz/x86_64/hpcagent-bench-runs/git-scicomp-20260909/630743/judge/rank-5/hpcagent_bench5.db,call,git-scicomp-kimi27sglang-repo.n0.p13.w13,git-scicomp-kimi27sglang-repo,0,0,13,13,warpx_boris_push,0,c,c,moonshotai/Kimi-K2.7-Code,fuzzed,float64,restricted,7,0,incorrect,0,,,7.244470673746434,,,0,c-autopar,gcc,score,,native,AMD Instinct MI300A Accelerator,,1788998969512,,run_local,missing
630743,630743,/capstor/scratch/cscs/ybudanaz/x86_64/hpcagent-bench-runs/git-scicomp-20260909/630743/judge/rank-5/hpcagent_bench5.db,call,git-scicomp-kimi27sglang-repo.n0.p13.w13,git-scicomp-kimi27sglang-repo,0,0,13,13,warpx_boris_push,0,c,c,moonshotai/Kimi-K2.7-Code,fuzzed,float64,restricted,8,0,incorrect,0,,,7.1945147113308545,,,0,c-autopar,gcc,score,,native,AMD Instinct MI300A Accelerator,,1788998970026,,run_local,missing
630743,630743,/capstor/scratch/cscs/ybudanaz/x86_64/hpcagent-bench-runs/git-scicomp-20260909/630743/judge/rank-5/hpcagent_bench5.db,call,git-scicomp-kimi27sglang-repo.n0.p13.w13,git-scicomp-kimi27sglang-repo,0,0,13,13,warpx_boris_push,0,c,c,moonshotai/Kimi-K2.7-Code,fuzzed,float64,restricted,9,0,incorrect,0,,,7.346085861880039,,,0,c-autopar,gcc,score,,native,AMD Instinct MI300A Accelerator,,1788998970710,,run_local,missing
630743,630743,/capstor/scratch/cscs/ybudanaz/x86_64/hpcagent-bench-runs/git-scicomp-20260909/630743/judge/rank-5/hpcagent_bench5.db,call,git-scicomp-kimi27sglang-repo.n0.p13.w13,git-scicomp-kimi27sglang-repo,0,0,13,13,warpx_boris_push,0,c,c,moonshotai/Kimi-K2.7-Code,fuzzed,float64,restricted,10,0,incorrect,0,,,7.254292909774824,,,0,c-autopar,gcc,score,,native,AMD Instinct MI300A Accelerator,,1788998971660,,run_local,missing
630743,630743,/capstor/scratch/cscs/ybudanaz/x86_64/hpcagent-bench-runs/git-scicomp-20260909/630743/judge/rank-5/hpcagent_bench5.db,call,git-scicomp-kimi27sglang-repo.n0.p13.w13,git-scicomp-kimi27sglang-repo,0,0,13,13,warpx_boris_push,0,c,c,moonshotai/Kimi-K2.7-Code,fuzzed,float64,restricted,11,0,incorrect,0,,,7.246358395635222,,,0,c-autopar,gcc,score,,native,AMD Instinct MI300A Accelerator,,1788998972332,,run_local,missing
630743,630743,/capstor/scratch/cscs/ybudanaz/x86_64/hpcagent-bench-runs/git-scicomp-20260909/630743/judge/rank-5/hpcagent_bench5.db,call,git-scicomp-kimi27sglang-repo.n0.p13.w13,git-scicomp-kimi27sglang-repo,0,0,13,13,warpx_boris_push,0,c,c,moonshotai/Kimi-K2.7-Code,fuzzed,float64,restricted,12,0,incorrect,0,,,7.440231608709439,,,0,c-autopar,gcc,score,,native,AMD Instinct MI300A Accelerator,,1788998972797,,run_local,missing
630743,630743,/capstor/scratch/cscs/ybudanaz/x86_64/hpcagent-bench-runs/git-scicomp-20260909/630743/judge/rank-5/hpcagent_bench5.db,call,git-scicomp-kimi27sglang-repo.n0.p13.w13,git-scicomp-kimi27sglang-repo,0,0,13,13,warpx_boris_push,0,c,c,moonshotai/Kimi-K2.7-Code,fuzzed,float64,restricted,13,0,incorrect,0,,,7.357603412683895,,,0,c-autopar,gcc,score,,native,AMD Instinct MI300A Accelerator,,1788998973255,,run_local,missing
630743,630743,/capstor/scratch/cscs/ybudanaz/x86_64/hpcagent-bench-runs/git-scicomp-20260909/630743/judge/rank-5/hpcagent_bench5.db,call,git-scicomp-kimi27sglang-repo.n0.p13.w13,git-scicomp-kimi27sglang-repo,0,0,13,13,warpx_boris_push,0,c,c,moonshotai/Kimi-K2.7-Code,fuzzed,float64,restricted,14,0,incorrect,0,,,7.211559394529249,,,0,c-autopar,gcc,score,,native,AMD Instinct MI300A Accelerator,,1788998973967,,run_local,missing
630743,630743,/capstor/scratch/cscs/ybudanaz/x86_64/hpcagent-bench-runs/git-scicomp-20260909/630743/judge/rank-5/hpcagent_bench5.db,call,git-scicomp-kimi27sglang-repo.n0.p13.w13,git-scicomp-kimi27sglang-repo,0,0,13,13,warpx_boris_push,0,c,c,moonshotai/Kimi-K2.7-Code,fuzzed,float64,restricted,15,0,incorrect,0,,,7.571019958187966,,,0,c-autopar,gcc,score,,native,AMD Instinct MI300A Accelerator,,1788998974505,,run_local,missing
630743,630743,/capstor/scratch/cscs/ybudanaz/x86_64/hpcagent-bench-runs/git-scicomp-20260909/630743/judge/rank-5/hpcagent_bench5.db,call,git-scicomp-kimi27sglang-repo.n0.p13.w13,git-scicomp-kimi27sglang-repo,0,0,13,13,warpx_boris_push,0,c,c,moonshotai/Kimi-K2.7-Code,fuzzed,float64,restricted,16,0,incorrect,0,,,7.579936871576057,,,0,c-autopar,gcc,score,,native,AMD Instinct MI300A Accelerator,,1788998975036,,run_local,missing
630743,630743,/capstor/scratch/cscs/ybudanaz/x86_64/hpcagent-bench-runs/git-scicomp-20260909/630743/judge/rank-5/hpcagent_bench5.db,call,git-scicomp-kimi27sglang-repo.n0.p13.w13,git-scicomp-kimi27sglang-repo,0,0,13,13,warpx_boris_push,0,c,c,moonshotai/Kimi-K2.7-Code,fuzzed,float64,restricted,17,0,incorrect,0,,,7.507432292812339,,,0,c-autopar,gcc,score,,native,AMD Instinct MI300A Accelerator,,1788998975532,,run_local,missing
630743,630743,/capstor/scratch/cscs/ybudanaz/x86_64/hpcagent-bench-runs/git-scicomp-20260909/630743/judge/rank-5/hpcagent_bench5.db,call,git-scicomp-kimi27sglang-repo.n0.p13.w13,git-scicomp-kimi27sglang-repo,0,0,13,13,warpx_boris_push,0,c,c,moonshotai/Kimi-K2.7-Code,fuzzed,float64,restricted,18,0,incorrect,0,,,7.034323063374783,,,0,c-autopar,gcc,score,,native,AMD Instinct MI300A Accelerator,,1788998975988,,run_local,missing
630743,630743,/capstor/scratch/cscs/ybudanaz/x86_64/hpcagent-bench-runs/git-scicomp-20260909/630743/judge/rank-5/hpcagent_bench5.db,call,git-scicomp-kimi27sglang-repo.n0.p13.w13,git-scicomp-kimi27sglang-repo,0,0,13,13,warpx_boris_push,0,c,c,moonshotai/Kimi-K2.7-Code,fuzzed,float64,restricted,19,0,incorrect,0,,,7.437038186488468,,,0,c-autopar,gcc,score,,native,AMD Instinct MI300A Accelerator,,1788998976581,,run_local,missing
630743,630743,/capstor/scratch/cscs/ybudanaz/x86_64/hpcagent-bench-runs/git-scicomp-20260909/630743/judge/rank-5/hpcagent_bench5.db,call,git-scicomp-kimi27sglang-repo.n0.p13.w13,git-scicomp-kimi27sglang-repo,0,0,13,13,warpx_boris_push,0,c,c,moonshotai/Kimi-K2.7-Code,fuzzed,float64,restricted,20,0,incorrect,0,,,7.254970481475636,,,0,c-autopar,gcc,score,,native,AMD Instinct MI300A Accelerator,,1788998977015,,run_local,missing
630743,630743,/capstor/scratch/cscs/ybudanaz/x86_64/hpcagent-bench-runs/git-scicomp-20260909/630743/judge/rank-5/hpcagent_bench5.db,call,git-scicomp-kimi27sglang-repo.n0.p13.w13,git-scicomp-kimi27sglang-repo,0,0,13,13,warpx_boris_push,0,c,c,moonshotai/Kimi-K2.7-Code,fuzzed,float64,restricted,21,0,incorrect,0,,,7.288798933478297,,,0,c-autopar,gcc,score,,native,AMD Instinct MI300A Accelerator,,1788998977774,,run_local,missing
630743,630743,/capstor/scratch/cscs/ybudanaz/x86_64/hpcagent-bench-runs/git-scicomp-20260909/630743/judge/rank-5/hpcagent_bench5.db,call,git-scicomp-kimi27sglang-repo.n0.p13.w13,git-scicomp-kimi27sglang-repo,0,0,13,13,warpx_boris_push,0,c,c,moonshotai/Kimi-K2.7-Code,fuzzed,float64,restricted,22,0,incorrect,0,,,7.371568730119252,,,0,c-autopar,gcc,score,,native,AMD Instinct MI300A Accelerator,,1788998978279,,run_local,missing
630743,630743,/capstor/scratch/cscs/ybudanaz/x86_64/hpcagent-bench-runs/git-scicomp-20260909/630743/judge/rank-5/hpcagent_bench5.db,call,git-scicomp-kimi27sglang-repo.n0.p13.w13,git-scicomp-kimi27sglang-repo,0,0,13,13,warpx_boris_push,0,c,c,moonshotai/Kimi-K2.7-Code,fuzzed,float64,restricted,23,0,incorrect,0,,,7.6258709061486485,,,0,c-autopar,gcc,score,,native,AMD Instinct MI300A Accelerator,,1788998978802,,run_local,missing
630743,630743,/capstor/scratch/cscs/ybudanaz/x86_64/hpcagent-bench-runs/git-scicomp-20260909/630743/judge/rank-5/hpcagent_bench5.db,call,git-scicomp-kimi27sglang-repo.n0.p13.w13,git-scicomp-kimi27sglang-repo,0,0,13,13,warpx_boris_push,0,c,c,moonshotai/Kimi-K2.7-Code,fuzzed,float64,restricted,24,0,incorrect,0,,,7.287384099747009,,,0,c-autopar,gcc,score,,native,AMD Instinct MI300A Accelerator,,1788998979348,,run_local,missing
630743,630743,/capstor/scratch/cscs/ybudanaz/x86_64/hpcagent-bench-runs/git-scicomp-20260909/630743/judge/rank-5/hpcagent_bench5.db,call,git-scicomp-kimi27sglang-repo.n0.p13.w13,git-scicomp-kimi27sglang-repo,0,0,13,13,warpx_boris_push,0,c,c,moonshotai/Kimi-K2.7-Code,fuzzed,float64,restricted,25,0,incorrect,0,,,7.366000333548069,,,0,c-autopar,gcc,score,,native,AMD Instinct MI300A Accelerator,,1788998979950,,run_local,missing
630743,630743,/capstor/scratch/cscs/ybudanaz/x86_64/hpcagent-bench-runs/git-scicomp-20260909/630743/judge/rank-5/hpcagent_bench5.db,call,git-scicomp-kimi27sglang-repo.n0.p13.w13,git-scicomp-kimi27sglang-repo,0,0,13,13,warpx_boris_push,0,c,c,moonshotai/Kimi-K2.7-Code,fuzzed,float64,restricted,26,0,incorrect,0,,,7.302977545211093,,,0,c-autopar,gcc,score,,native,AMD Instinct MI300A Accelerator,,1788998980378,,run_local,missing
630743,630743,/capstor/scratch/cscs/ybudanaz/x86_64/hpcagent-bench-runs/git-scicomp-20260909/630743/judge/rank-5/hpcagent_bench5.db,call,git-scicomp-kimi27sglang-repo.n0.p13.w13,git-scicomp-kimi27sglang-repo,0,0,13,13,warpx_boris_push,0,c,c,moonshotai/Kimi-K2.7-Code,fuzzed,float64,restricted,27,0,incorrect,0,,,7.408420270216936,,,0,c-autopar,gcc,score,,native,AMD Instinct MI300A Accelerator,,1788998980839,,run_local,missing
630743,630743,/capstor/scratch/cscs/ybudanaz/x86_64/hpcagent-bench-runs/git-scicomp-20260909/630743/judge/rank-5/hpcagent_bench5.db,call,git-scicomp-kimi27sglang-repo.n0.p13.w13,git-scicomp-kimi27sglang-repo,0,0,13,13,warpx_boris_push,0,c,c,moonshotai/Kimi-K2.7-Code,fuzzed,float64,restricted,28,0,incorrect,0,,,7.260372213555432,,,0,c-autopar,gcc,score,,native,AMD Instinct MI300A Accelerator,,1788998981417,,run_local,missing
630743,630743,/capstor/scratch/cscs/ybudanaz/x86_64/hpcagent-bench-runs/git-scicomp-20260909/630743/judge/rank-5/hpcagent_bench5.db,call,git-scicomp-kimi27sglang-repo.n0.p13.w13,git-scicomp-kimi27sglang-repo,0,0,13,13,warpx_boris_push,0,c,c,moonshotai/Kimi-K2.7-Code,fuzzed,float64,restricted,29,0,incorrect,0,,,7.171837290898555,,,0,c-autopar,gcc,score,,native,AMD Instinct MI300A Accelerator,,1788998981924,,run_local,missing
630743,630743,/capstor/scratch/cscs/ybudanaz/x86_64/hpcagent-bench-runs/git-scicomp-20260909/630743/judge/rank-5/hpcagent_bench5.db,call,git-scicomp-kimi27sglang-repo.n0.p13.w13,git-scicomp-kimi27sglang-repo,0,0,13,13,warpx_boris_push,0,c,c,moonshotai/Kimi-K2.7-Code,fuzzed,float64,restricted,30,0,incorrect,0,,,7.4397401344906395,,,0,c-autopar,gcc,score,,native,AMD Instinct MI300A Accelerator,,1788998982388,,run_local,missing
630743,630743,/capstor/scratch/cscs/ybudanaz/x86_64/hpcagent-bench-runs/git-scicomp-20260909/630743/judge/rank-5/hpcagent_bench5.db,call,git-scicomp-kimi27sglang-repo.n0.p13.w13,git-scicomp-kimi27sglang-repo,0,0,13,13,warpx_boris_push,0,c,c,moonshotai/Kimi-K2.7-Code,fuzzed,float64,restricted,31,0,incorrect,0,,,7.052603070834586,,,0,c-autopar,gcc,score,,native,AMD Instinct MI300A Accelerator,,1788998982866,,run_local,missing
630743,630743,/capstor/scratch/cscs/ybudanaz/x86_64/hpcagent-bench-runs/git-scicomp-20260909/630743/judge/rank-5/hpcagent_bench5.db,call,git-scicomp-kimi27sglang-repo.n0.p13.w13,git-scicomp-kimi27sglang-repo,0,0,13,13,warpx_boris_push,0,c,c,moonshotai/Kimi-K2.7-Code,fuzzed,float64,restricted,32,0,incorrect,0,,,7.498685051532664,,,0,c-autopar,gcc,score,,native,AMD Instinct MI300A Accelerator,,1788998983325,,run_local,missing
630743,630743,/capstor/scratch/cscs/ybudanaz/x86_64/hpcagent-bench-runs/git-scicomp-20260909/630743/judge/rank-5/hpcagent_bench5.db,call,git-scicomp-kimi27sglang-repo.n0.p13.w13,git-scicomp-kimi27sglang-repo,0,0,13,13,warpx_boris_push,0,c,c,moonshotai/Kimi-K2.7-Code,fuzzed,float64,restricted,33,0,incorrect,0,,,7.476781778592103,,,0,c-autopar,gcc,score,,native,AMD Instinct MI300A Accelerator,,1788998983834,,run_local,missing
630743,630743,/capstor/scratch/cscs/ybudanaz/x86_64/hpcagent-bench-runs/git-scicomp-20260909/630743/judge/rank-5/hpcagent_bench5.db,call,git-scicomp-kimi27sglang-repo.n0.p13.w13,git-scicomp-kimi27sglang-repo,0,0,13,13,warpx_boris_push,0,c,c,moonshotai/Kimi-K2.7-Code,fuzzed,float64,restricted,34,0,incorrect,0,,,7.579171741778319,,,0,c-autopar,gcc,score,,native,AMD Instinct MI300A Accelerator,,1788998984460,,run_local,missing
630743,630743,/capstor/scratch/cscs/ybudanaz/x86_64/hpcagent-bench-runs/git-scicomp-20260909/630743/judge/rank-5/hpcagent_bench5.db,call,git-scicomp-kimi27sglang-repo.n0.p13.w13,git-scicomp-kimi27sglang-repo,0,0,13,13,warpx_boris_push,0,c,c,moonshotai/Kimi-K2.7-Code,fuzzed,float64,restricted,35,0,incorrect,0,,,7.332932919246571,,,0,c-autopar,gcc,score,,native,AMD Instinct MI300A Accelerator,,1788998985000,,run_local,missing
630743,630743,/capstor/scratch/cscs/ybudanaz/x86_64/hpcagent-bench-runs/git-scicomp-20260909/630743/judge/rank-5/hpcagent_bench5.db,call,git-scicomp-kimi27sglang-repo.n0.p13.w13,git-scicomp-kimi27sglang-repo,0,0,13,13,warpx_boris_push,0,c,c,moonshotai/Kimi-K2.7-Code,fuzzed,float64,restricted,36,0,incorrect,0,,,7.46290983063426,,,0,c-autopar,gcc,score,,native,AMD Instinct MI300A Accelerator,,1788998985514,,run_local,missing
630743,630743,/capstor/scratch/cscs/ybudanaz/x86_64/hpcagent-bench-runs/git-scicomp-20260909/630743/judge/rank-5/hpcagent_bench5.db,call,git-scicomp-kimi27sglang-repo.n0.p13.w13,git-scicomp-kimi27sglang-repo,0,0,13,13,warpx_boris_push,0,c,c,moonshotai/Kimi-K2.7-Code,fuzzed,float64,restricted,37,0,incorrect,0,,,7.260372213555432,,,0,c-autopar,gcc,score,,native,AMD Instinct MI300A Accelerator,,1788998986002,,run_local,missing
630743,630743,/capstor/scratch/cscs/ybudanaz/x86_64/hpcagent-bench-runs/git-scicomp-20260909/630743/judge/rank-5/hpcagent_bench5.db,call,git-scicomp-kimi27sglang-repo.n0.p13.w13,git-scicomp-kimi27sglang-repo,0,0,13,13,warpx_boris_push,0,c,c,moonshotai/Kimi-K2.7-Code,fuzzed,float64,restricted,38,0,incorrect,0,,,7.406958620508234,,,0,c-autopar,gcc,score,,native,AMD Instinct MI300A Accelerator,,1788998986648,,run_local,missing
630743,630743,/capstor/scratch/cscs/ybudanaz/x86_64/hpcagent-bench-runs/git-scicomp-20260909/630743/judge/rank-5/hpcagent_bench5.db,call,git-scicomp-kimi27sglang-repo.n0.p13.w13,git-scicomp-kimi27sglang-repo,0,0,13,13,warpx_boris_push,0,c,c,moonshotai/Kimi-K2.7-Code,fuzzed,float64,restricted,39,0,incorrect,0,,,7.525490942864207,,,0,c-autopar,gcc,score,,native,AMD Instinct MI300A Accelerator,,1788998987314,,run_local,missing
630743,630743,/capstor/scratch/cscs/ybudanaz/x86_64/hpcagent-bench-runs/git-scicomp-20260909/630743/judge/rank-5/hpcagent_bench5.db,call,git-scicomp-kimi27sglang-repo.n0.p13.w13,git-scicomp-kimi27sglang-repo,0,0,13,13,warpx_boris_push,0,c,c,moonshotai/Kimi-K2.7-Code,fuzzed,float64,restricted,40,0,incorrect,0,,,7.170239247243373,,,0,c-autopar,gcc,score,,native,AMD Instinct MI300A Accelerator,,1788998987816,,run_local,missing
630743,630743,/capstor/scratch/cscs/ybudanaz/x86_64/hpcagent-bench-runs/git-scicomp-20260909/630743/judge/rank-5/hpcagent_bench5.db,call,git-scicomp-kimi27sglang-repo.n0.p13.w13,git-scicomp-kimi27sglang-repo,0,0,13,13,warpx_boris_push,0,c,c,moonshotai/Kimi-K2.7-Code,fuzzed,float64,restricted,41,0,incorrect,0,,,7.472317317516553,,,0,c-autopar,gcc,score,,native,AMD Instinct MI300A Accelerator,,1788998988437,,run_local,missing
630743,630743,/capstor/scratch/cscs/ybudanaz/x86_64/hpcagent-bench-runs/git-scicomp-20260909/630743/judge/rank-5/hpcagent_bench5.db,call,git-scicomp-kimi27sglang-repo.n0.p13.w13,git-scicomp-kimi27sglang-repo,0,0,13,13,warpx_boris_push,0,c,c,moonshotai/Kimi-K2.7-Code,fuzzed,float64,restricted,42,0,incorrect,0,,,7.319089689143919,,,0,c-autopar,gcc,score,,native,AMD Instinct MI300A Accelerator,,1788998989061,,run_local,missing
630743,630743,/capstor/scratch/cscs/ybudanaz/x86_64/hpcagent-bench-runs/git-scicomp-20260909/630743/judge/rank-5/hpcagent_bench5.db,call,git-scicomp-kimi27sglang-repo.n0.p13.w13,git-scicomp-kimi27sglang-repo,0,0,13,13,warpx_boris_push,0,c,c,moonshotai/Kimi-K2.7-Code,fuzzed,float64,restricted,43,0,incorrect,0,,,7.34151285920547,,,0,c-autopar,gcc,score,,native,AMD Instinct MI300A Accelerator,,1788998989534,,run_local,missing
630743,630743,/capstor/scratch/cscs/ybudanaz/x86_64/hpcagent-bench-runs/git-scicomp-20260909/630743/judge/rank-5/hpcagent_bench5.db,call,git-scicomp-kimi27sglang-repo.n0.p13.w13,git-scicomp-kimi27sglang-repo,0,0,13,13,warpx_boris_push,0,c,c,moonshotai/Kimi-K2.7-Code,fuzzed,float64,restricted,44,0,incorrect,0,,,7.541363678973658,,,0,c-autopar,gcc,score,,native,AMD Instinct MI300A Accelerator,,1788998990015,,run_local,missing
630743,630743,/capstor/scratch/cscs/ybudanaz/x86_64/hpcagent-bench-runs/git-scicomp-20260909/630743/judge/rank-5/hpcagent_bench5.db,call,git-scicomp-kimi27sglang-repo.n0.p13.w13,git-scicomp-kimi27sglang-repo,0,0,13,13,warpx_boris_push,0,c,c,moonshotai/Kimi-K2.7-Code,fuzzed,float64,restricted,45,0,incorrect,0,,,6.946039371924068,,,0,c-autopar,gcc,score,,native,AMD Instinct MI300A Accelerator,,1788998990555,,run_local,missing
630743,630743,/capstor/scratch/cscs/ybudanaz/x86_64/hpcagent-bench-runs/git-scicomp-20260909/630743/judge/rank-5/hpcagent_bench5.db,call,git-scicomp-kimi27sglang-repo.n0.p13.w13,git-scicomp-kimi27sglang-repo,0,0,13,13,warpx_boris_push,0,c,c,moonshotai/Kimi-K2.7-Code,fuzzed,float64,restricted,46,0,incorrect,0,,,7.687289691558996,,,0,c-autopar,gcc,score,,native,AMD Instinct MI300A Accelerator,,1788998991295,,run_local,missing
630743,630743,/capstor/scratch/cscs/ybudanaz/x86_64/hpcagent-bench-runs/git-scicomp-20260909/630743/judge/rank-5/hpcagent_bench5.db,call,git-scicomp-kimi27sglang-repo.n0.p13.w13,git-scicomp-kimi27sglang-repo,0,0,13,13,warpx_boris_push,0,c,c,moonshotai/Kimi-K2.7-Code,fuzzed,float64,restricted,47,0,incorrect,0,,,7.174578452169371,,,0,c-autopar,gcc,score,,native,AMD Instinct MI300A Accelerator,,1788998991731,,run_local,missing
630743,630743,/capstor/scratch/cscs/ybudanaz/x86_64/hpcagent-bench-runs/git-scicomp-20260909/630743/judge/rank-5/hpcagent_bench5.db,call,git-scicomp-kimi27sglang-repo.n0.p13.w13,git-scicomp-kimi27sglang-repo,0,0,13,13,warpx_boris_push,0,c,c,moonshotai/Kimi-K2.7-Code,fuzzed,float64,restricted,48,0,incorrect,0,,,7.069646791495879,,,0,c-autopar,gcc,score,,native,AMD Instinct MI300A Accelerator,,1788998992355,,run_local,missing
630743,630743,/capstor/scratch/cscs/ybudanaz/x86_64/hpcagent-bench-runs/git-scicomp-20260909/630743/judge/rank-5/hpcagent_bench5.db,call,git-scicomp-kimi27sglang-repo.n0.p13.w13,git-scicomp-kimi27sglang-repo,0,0,13,13,warpx_boris_push,0,c,c,moonshotai/Kimi-K2.7-Code,fuzzed,float64,restricted,49,0,incorrect,0,,,7.441706421048458,,,0,c-autopar,gcc,score,,native,AMD Instinct MI300A Accelerator,,1788998993037,,run_local,missing
630743,630743,/capstor/scratch/cscs/ybudanaz/x86_64/hpcagent-bench-runs/git-scicomp-20260909/630743/judge/rank-5/hpcagent_bench5.db,call,git-scicomp-kimi27sglang-repo.n0.p13.w13,git-scicomp-kimi27sglang-repo,0,0,13,13,warpx_boris_push,0,c,c,moonshotai/Kimi-K2.7-Code,fuzzed,float64,restricted,50,0,incorrect,0,,,7.2573079066830335,,,0,c-autopar,gcc,score,,native,AMD Instinct MI300A Accelerator,,1788998993492,,run_local,missing
630743,630743,/capstor/scratch/cscs/ybudanaz/x86_64/hpcagent-bench-runs/git-scicomp-20260909/630743/judge/rank-5/hpcagent_bench5.db,call,git-scicomp-kimi27sglang-repo.n0.p13.w13,git-scicomp-kimi27sglang-repo,0,0,13,13,warpx_boris_push,0,c,c,moonshotai/Kimi-K2.7-Code,fuzzed,float64,restricted,51,0,incorrect,0,,,7.020729829635771,,,0,c-autopar,gcc,score,,native,AMD Instinct MI300A Accelerator,,1788998994000,,run_local,missing
630743,630743,/capstor/scratch/cscs/ybudanaz/x86_64/hpcagent-bench-runs/git-scicomp-20260909/630743/judge/rank-5/hpcagent_bench5.db,call,git-scicomp-kimi27sglang-repo.n0.p13.w13,git-scicomp-kimi27sglang-repo,0,0,13,13,warpx_boris_push,0,c,c,moonshotai/Kimi-K2.7-Code,fuzzed,float64,restricted,52,0,incorrect,0,,,7.439003044894023,,,0,c-autopar,gcc,score,,native,AMD Instinct MI300A Accelerator,,1788998994527,,run_local,missing
630743,630743,/capstor/scratch/cscs/ybudanaz/x86_64/hpcagent-bench-runs/git-scicomp-20260909/630743/judge/rank-5/hpcagent_bench5.db,call,git-scicomp-kimi27sglang-repo.n0.p13.w13,git-scicomp-kimi27sglang-repo,0,0,13,13,warpx_boris_push,0,c,c,moonshotai/Kimi-K2.7-Code,fuzzed,float64,restricted,53,0,incorrect,0,,,7.271387620972168,,,0,c-autopar,gcc,score,,native,AMD Instinct MI300A Accelerator,,1788998994972,,run_local,missing
630743,630743,/capstor/scratch/cscs/ybudanaz/x86_64/hpcagent-bench-runs/git-scicomp-20260909/630743/judge/rank-5/hpcagent_bench5.db,call,git-scicomp-kimi27sglang-repo.n0.p13.w13,git-scicomp-kimi27sglang-repo,0,0,13,13,warpx_boris_push,0,c,c,moonshotai/Kimi-K2.7-Code,fuzzed,float64,restricted,54,0,incorrect,0,,,7.251490509670607,,,0,c-autopar,gcc,score,,native,AMD Instinct MI300A Accelerator,,1788998995525,,run_local,missing
630743,630743,/capstor/scratch/cscs/ybudanaz/x86_64/hpcagent-bench-runs/git-scicomp-20260909/630743/judge/rank-5/hpcagent_bench5.db,call,git-scicomp-kimi27sglang-repo.n0.p13.w13,git-scicomp-kimi27sglang-repo,0,0,13,13,warpx_boris_push,0,c,c,moonshotai/Kimi-K2.7-Code,fuzzed,float64,restricted,55,0,incorrect,0,,,7.4250260406365785,,,0,c-autopar,gcc,score,,native,AMD Instinct MI300A Accelerator,,1788998995994,,run_local,missing
630743,630743,/capstor/scratch/cscs/ybudanaz/x86_64/hpcagent-bench-runs/git-scicomp-20260909/630743/judge/rank-5/hpcagent_bench5.db,call,git-scicomp-kimi27sglang-repo.n0.p13.w13,git-scicomp-kimi27sglang-repo,0,0,13,13,warpx_boris_push,0,c,c,moonshotai/Kimi-K2.7-Code,fuzzed,float64,restricted,56,0,incorrect,0,,,7.168185665824429,,,0,c-autopar,gcc,score,,native,AMD Instinct MI300A Accelerator,,1788998996516,,run_local,missing
630743,630743,/capstor/scratch/cscs/ybudanaz/x86_64/hpcagent-bench-runs/git-scicomp-20260909/630743/judge/rank-5/hpcagent_bench5.db,call,git-scicomp-kimi27sglang-repo.n0.p13.w13,git-scicomp-kimi27sglang-repo,0,0,13,13,warpx_boris_push,0,c,c,moonshotai/Kimi-K2.7-Code,fuzzed,float64,restricted,57,0,incorrect,0,,,7.480009430766881,,,0,c-autopar,gcc,score,,native,AMD Instinct MI300A Accelerator,,1788998997022,,run_local,missing
630743,630743,/capstor/scratch/cscs/ybudanaz/x86_64/hpcagent-bench-runs/git-scicomp-20260909/630743/judge/rank-5/hpcagent_bench5.db,call,git-scicomp-kimi27sglang-repo.n0.p13.w13,git-scicomp-kimi27sglang-repo,0,0,13,13,warpx_boris_push,0,c,c,moonshotai/Kimi-K2.7-Code,fuzzed,float64,restricted,58,0,incorrect,0,,,7.468353381165206,,,0,c-autopar,gcc,score,,native,AMD Instinct MI300A Accelerator,,1788998997612,,run_local,missing
630743,630743,/capstor/scratch/cscs/ybudanaz/x86_64/hpcagent-bench-runs/git-scicomp-20260909/630743/judge/rank-5/hpcagent_bench5.db,call,git-scicomp-kimi27sglang-repo.n0.p13.w13,git-scicomp-kimi27sglang-repo,0,0,13,13,warpx_boris_push,0,c,c,moonshotai/Kimi-K2.7-Code,fuzzed,float64,restricted,59,0,incorrect,0,,,7.353280101327971,,,0,c-autopar,gcc,score,,native,AMD Instinct MI300A Accelerator,,1788998998408,,run_local,missing
630743,630743,/capstor/scratch/cscs/ybudanaz/x86_64/hpcagent-bench-runs/git-scicomp-20260909/630743/judge/rank-5/hpcagent_bench5.db,call,git-scicomp-kimi27sglang-repo.n0.p13.w13,git-scicomp-kimi27sglang-repo,0,0,13,13,warpx_boris_push,0,c,c,moonshotai/Kimi-K2.7-Code,fuzzed,float64,restricted,60,0,incorrect,0,,,7.4331115818929385,,,0,c-autopar,gcc,score,,native,AMD Instinct MI300A Accelerator,,1788998998921,,run_local,missing
630743,630743,/capstor/scratch/cscs/ybudanaz/x86_64/hpcagent-bench-runs/git-scicomp-20260909/630743/judge/rank-5/hpcagent_bench5.db,call,git-scicomp-kimi27sglang-repo.n0.p13.w13,git-scicomp-kimi27sglang-repo,0,0,13,13,warpx_boris_push,0,c,c,moonshotai/Kimi-K2.7-Code,fuzzed,float64,restricted,61,0,incorrect,0,,,7.221500888042524,,,0,c-autopar,gcc,score,,native,AMD Instinct MI300A Accelerator,,1788998999841,,run_local,missing
630743,630743,/capstor/scratch/cscs/ybudanaz/x86_64/hpcagent-bench-runs/git-scicomp-20260909/630743/judge/rank-5/hpcagent_bench5.db,call,git-scicomp-kimi27sglang-repo.n0.p13.w13,git-scicomp-kimi27sglang-repo,0,0,13,13,warpx_boris_push,0,c,c,moonshotai/Kimi-K2.7-Code,fuzzed,float64,restricted,62,0,incorrect,0,,,7.35808409444292,,,0,c-autopar,gcc,score,,native,AMD Instinct MI300A Accelerator,,1788999000413,,run_local,missing
630743,630743,/capstor/scratch/cscs/ybudanaz/x86_64/hpcagent-bench-runs/git-scicomp-20260909/630743/judge/rank-5/hpcagent_bench5.db,call,git-scicomp-kimi27sglang-repo.n0.p13.w13,git-scicomp-kimi27sglang-repo,0,0,13,13,warpx_boris_push,0,c,c,moonshotai/Kimi-K2.7-Code,fuzzed,float64,restricted,63,0,incorrect,0,,,7.246358395635222,,,0,c-autopar,gcc,score,,native,AMD Instinct MI300A Accelerator,,1788999001327,,run_local,missing
630743,630743,/capstor/scratch/cscs/ybudanaz/x86_64/hpcagent-bench-runs/git-scicomp-20260909/630743/judge/rank-5/hpcagent_bench5.db,call,git-scicomp-kimi27sglang-repo.n0.p13.w13,git-scicomp-kimi27sglang-repo,0,0,13,13,warpx_boris_push,0,c,c,moonshotai/Kimi-K2.7-Code,fuzzed,float64,restricted,64,0,incorrect,0,,,7.214099960927742,,,0,c-autopar,gcc,score,,native,AMD Instinct MI300A Accelerator,,1788999001980,,run_local,missing
630743,630743,/capstor/scratch/cscs/ybudanaz/x86_64/hpcagent-bench-runs/git-scicomp-20260909/630743/judge/rank-5/hpcagent_bench5.db,call,git-scicomp-kimi27sglang-repo.n0.p13.w13,git-scicomp-kimi27sglang-repo,0,0,13,13,warpx_boris_push,0,c,c,moonshotai/Kimi-K2.7-Code,fuzzed,float64,restricted,65,0,incorrect,0,,,7.3824404664363765,,,0,c-autopar,gcc,score,,native,AMD Instinct MI300A Accelerator,,1788999002840,,run_local,missing
630743,630743,/capstor/scratch/cscs/ybudanaz/x86_64/hpcagent-bench-runs/git-scicomp-20260909/630743/judge/rank-5/hpcagent_bench5.db,call,git-scicomp-kimi27sglang-repo.n0.p13.w13,git-scicomp-kimi27sglang-repo,0,0,13,13,warpx_boris_push,0,c,c,moonshotai/Kimi-K2.7-Code,fuzzed,float64,restricted,66,0,incorrect,0,,,7.252634561453782,,,0,c-autopar,gcc,score,,native,AMD Instinct MI300A Accelerator,,1788999003304,,run_local,missing
630743,630743,/capstor/scratch/cscs/ybudanaz/x86_64/hpcagent-bench-runs/git-scicomp-20260909/630743/judge/rank-5/hpcagent_bench5.db,call,git-scicomp-kimi27sglang-repo.n0.p13.w13,git-scicomp-kimi27sglang-repo,0,0,13,13,warpx_boris_push,0,c,c,moonshotai/Kimi-K2.7-Code,fuzzed,float64,restricted,67,0,incorrect,0,,,7.431640173934847,,,0,c-autopar,gcc,score,,native,AMD Instinct MI300A Accelerator,,1788999003762,,run_local,missing
630743,630743,/capstor/scratch/cscs/ybudanaz/x86_64/hpcagent-bench-runs/git-scicomp-20260909/630743/judge/rank-5/hpcagent_bench5.db,call,git-scicomp-kimi27sglang-repo.n0.p13.w13,git-scicomp-kimi27sglang-repo,0,0,13,13,warpx_boris_push,0,c,c,moonshotai/Kimi-K2.7-Code,fuzzed,float64,restricted,68,0,incorrect,0,,,7.260372213555432,,,0,c-autopar,gcc,score,,native,AMD Instinct MI300A Accelerator,,1788999004351,,run_local,missing
630743,630743,/capstor/scratch/cscs/ybudanaz/x86_64/hpcagent-bench-runs/git-scicomp-20260909/630743/judge/rank-5/hpcagent_bench5.db,call,git-scicomp-kimi27sglang-repo.n0.p13.w13,git-scicomp-kimi27sglang-repo,0,0,13,13,warpx_boris_push,0,c,c,moonshotai/Kimi-K2.7-Code,fuzzed,float64,restricted,69,0,incorrect,0,,,7.395771771535138,,,0,c-autopar,gcc,score,,native,AMD Instinct MI300A Accelerator,,1788999005591,,run_local,missing
630743,630743,/capstor/scratch/cscs/ybudanaz/x86_64/hpcagent-bench-runs/git-scicomp-20260909/630743/judge/rank-5/hpcagent_bench5.db,call,git-scicomp-kimi27sglang-repo.n0.p13.w13,git-scicomp-kimi27sglang-repo,0,0,13,13,warpx_boris_push,0,c,c,moonshotai/Kimi-K2.7-Code,fuzzed,float64,restricted,70,0,incorrect,0,,,7.405010651167683,,,0,c-autopar,gcc,score,,native,AMD Instinct MI300A Accelerator,,1788999006108,,run_local,missing
630743,630743,/capstor/scratch/cscs/ybudanaz/x86_64/hpcagent-bench-runs/git-scicomp-20260909/630743/judge/rank-5/hpcagent_bench5.db,call,git-scicomp-kimi27sglang-repo.n0.p13.w13,git-scicomp-kimi27sglang-repo,0,0,13,13,warpx_boris_push,0,c,c,moonshotai/Kimi-K2.7-Code,fuzzed,float64,restricted,71,0,incorrect,0,,,7.280082866857136,,,0,c-autopar,gcc,score,,native,AMD Instinct MI300A Accelerator,,1788999006682,,run_local,missing
630743,630743,/capstor/scratch/cscs/ybudanaz/x86_64/hpcagent-bench-runs/git-scicomp-20260909/630743/judge/rank-5/hpcagent_bench5.db,call,git-scicomp-kimi27sglang-repo.n0.p13.w13,git-scicomp-kimi27sglang-repo,0,0,13,13,warpx_boris_push,0,c,c,moonshotai/Kimi-K2.7-Code,fuzzed,float64,restricted,72,0,incorrect,0,,,7.403550346423359,,,0,c-autopar,gcc,score,,native,AMD Instinct MI300A Accelerator,,1788999007508,,run_local,missing
630743,630743,/capstor/scratch/cscs/ybudanaz/x86_64/hpcagent-bench-runs/git-scicomp-20260909/630743/judge/rank-5/hpcagent_bench5.db,call,git-scicomp-kimi27sglang-repo.n0.p13.w13,git-scicomp-kimi27sglang-repo,0,0,13,13,warpx_boris_push,0,c,c,moonshotai/Kimi-K2.7-Code,fuzzed,float64,restricted,73,0,incorrect,0,,,7.399902103139927,,,0,c-autopar,gcc,score,,native,AMD Instinct MI300A Accelerator,,1788999007987,,run_local,missing
630743,630743,/capstor/scratch/cscs/ybudanaz/x86_64/hpcagent-bench-runs/git-scicomp-20260909/630743/judge/rank-5/hpcagent_bench5.db,call,git-scicomp-kimi27sglang-repo.n0.p13.w13,git-scicomp-kimi27sglang-repo,0,0,13,13,warpx_boris_push,0,c,c,moonshotai/Kimi-K2.7-Code,fuzzed,float64,restricted,74,0,incorrect,0,,,7.325540176655003,,,0,c-autopar,gcc,score,,native,AMD Instinct MI300A Accelerator,,1788999008515,,run_local,missing
630743,630743,/capstor/scratch/cscs/ybudanaz/x86_64/hpcagent-bench-runs/git-scicomp-20260909/630743/judge/rank-5/hpcagent_bench5.db,call,git-scicomp-kimi27sglang-repo.n0.p13.w13,git-scicomp-kimi27sglang-repo,0,0,13,13,warpx_boris_push,0,c,c,moonshotai/Kimi-K2.7-Code,fuzzed,float64,restricted,75,0,incorrect,0,,,7.246801337052372,,,0,c-autopar,gcc,score,,native,AMD Instinct MI300A Accelerator,,1788999009079,,run_local,missing
630743,630743,/capstor/scratch/cscs/ybudanaz/x86_64/hpcagent-bench-runs/git-scicomp-20260909/630743/judge/rank-5/hpcagent_bench5.db,call,git-scicomp-kimi27sglang-repo.n0.p13.w13,git-scicomp-kimi27sglang-repo,0,0,13,13,warpx_boris_push,0,c,c,moonshotai/Kimi-K2.7-Code,fuzzed,float64,restricted,76,0,incorrect,0,,,7.166361247383256,,,0,c-autopar,gcc,score,,native,AMD Instinct MI300A Accelerator,,1788999009537,,run_local,missing
630743,630743,/capstor/scratch/cscs/ybudanaz/x86_64/hpcagent-bench-runs/git-scicomp-20260909/630743/judge/rank-5/hpcagent_bench5.db,call,git-scicomp-kimi27sglang-repo.n0.p13.w13,git-scicomp-kimi27sglang-repo,0,0,13,13,warpx_boris_push,0,c,c,moonshotai/Kimi-K2.7-Code,fuzzed,float64,restricted,77,0,incorrect,0,,,7.514194120865191,,,0,c-autopar,gcc,score,,native,AMD Instinct MI300A Accelerator,,1788999009979,,run_local,missing
630743,630743,/capstor/scratch/cscs/ybudanaz/x86_64/hpcagent-bench-runs/git-scicomp-20260909/630743/judge/rank-5/hpcagent_bench5.db,call,git-scicomp-kimi27sglang-repo.n0.p13.w13,git-scicomp-kimi27sglang-repo,0,0,13,13,warpx_boris_push,0,c,c,moonshotai/Kimi-K2.7-Code,fuzzed,float64,restricted,78,0,incorrect,0,,,7.254760187057959,,,0,c-autopar,gcc,score,,native,AMD Instinct MI300A Accelerator,,1788999010417,,run_local,missing
630743,630743,/capstor/scratch/cscs/ybudanaz/x86_64/hpcagent-bench-runs/git-scicomp-20260909/630743/judge/rank-5/hpcagent_bench5.db,call,git-scicomp-kimi27sglang-repo.n0.p13.w13,git-scicomp-kimi27sglang-repo,0,0,13,13,warpx_boris_push,0,c,c,moonshotai/Kimi-K2.7-Code,fuzzed,float64,restricted,79,0,incorrect,0,,,7.57815180896374,,,0,c-autopar,gcc,score,,native,AMD Instinct MI300A Accelerator,,1788999010980,,run_local,missing
630743,630743,/capstor/scratch/cscs/ybudanaz/x86_64/hpcagent-bench-runs/git-scicomp-20260909/630743/judge/rank-5/hpcagent_bench5.db,call,git-scicomp-kimi27sglang-repo.n0.p13.w13,git-scicomp-kimi27sglang-repo,0,0,13,13,warpx_boris_push,0,c,c,moonshotai/Kimi-K2.7-Code,fuzzed,float64,restricted,80,0,incorrect,0,,,7.408420270216936,,,0,c-autopar,gcc,score,,native,AMD Instinct MI300A Accelerator,,1788999011604,,run_local,missing
630743,630743,/capstor/scratch/cscs/ybudanaz/x86_64/hpcagent-bench-runs/git-scicomp-20260909/630743/judge/rank-5/hpcagent_bench5.db,call,git-scicomp-kimi27sglang-repo.n0.p13.w13,git-scicomp-kimi27sglang-repo,0,0,13,13,warpx_boris_push,0,c,c,moonshotai/Kimi-K2.7-Code,fuzzed,float64,restricted,81,0,incorrect,0,,,7.238673830748565,,,0,c-autopar,gcc,score,,native,AMD Instinct MI300A Accelerator,,1788999012326,,run_local,missing
630743,630743,/capstor/scratch/cscs/ybudanaz/x86_64/hpcagent-bench-runs/git-scicomp-20260909/630743/judge/rank-5/hpcagent_bench5.db,call,git-scicomp-kimi27sglang-repo.n0.p13.w13,git-scicomp-kimi27sglang-repo,0,0,13,13,warpx_boris_push,0,c,c,moonshotai/Kimi-K2.7-Code,fuzzed,float64,restricted,82,0,incorrect,0,,,7.246591515947008,,,0,c-autopar,gcc,score,,native,AMD Instinct MI300A Accelerator,,1788999012823,,run_local,missing
630743,630743,/capstor/scratch/cscs/ybudanaz/x86_64/hpcagent-bench-runs/git-scicomp-20260909/630743/judge/rank-5/hpcagent_bench5.db,call,git-scicomp-kimi27sglang-repo.n0.p13.w13,git-scicomp-kimi27sglang-repo,0,0,13,13,warpx_boris_push,0,c,c,moonshotai/Kimi-K2.7-Code,fuzzed,float64,restricted,83,0,incorrect,0,,,7.416958070740397,,,0,c-autopar,gcc,score,,native,AMD Instinct MI300A Accelerator,,1788999013443,,run_local,missing
630743,630743,/capstor/scratch/cscs/ybudanaz/x86_64/hpcagent-bench-runs/git-scicomp-20260909/630743/judge/rank-5/hpcagent_bench5.db,call,git-scicomp-kimi27sglang-repo.n0.p13.w13,git-scicomp-kimi27sglang-repo,0,0,13,13,warpx_boris_push,0,c,c,moonshotai/Kimi-K2.7-Code,fuzzed,float64,restricted,84,0,incorrect,0,,,7.674456240290005,,,0,c-autopar,gcc,score,,native,AMD Instinct MI300A Accelerator,,1788999013899,,run_local,missing
630743,630743,/capstor/scratch/cscs/ybudanaz/x86_64/hpcagent-bench-runs/git-scicomp-20260909/630743/judge/rank-5/hpcagent_bench5.db,call,git-scicomp-kimi27sglang-repo.n0.p13.w13,git-scicomp-kimi27sglang-repo,0,0,13,13,warpx_boris_push,0,c,c,moonshotai/Kimi-K2.7-Code,fuzzed,float64,restricted,85,0,incorrect,0,,,7.450789387509386,,,0,c-autopar,gcc,score,,native,AMD Instinct MI300A Accelerator,,1788999014449,,run_local,missing
630743,630743,/capstor/scratch/cscs/ybudanaz/x86_64/hpcagent-bench-runs/git-scicomp-20260909/630743/judge/rank-5/hpcagent_bench5.db,call,git-scicomp-kimi27sglang-repo.n0.p13.w13,git-scicomp-kimi27sglang-repo,0,0,13,13,warpx_boris_push,0,c,c,moonshotai/Kimi-K2.7-Code,fuzzed,float64,restricted,86,0,incorrect,0,,,6.273764629207725,,,0,c-autopar,gcc,score,,native,AMD Instinct MI300A Accelerator,,1788999156516,,run_local,missing
630743,630743,/capstor/scratch/cscs/ybudanaz/x86_64/hpcagent-bench-runs/git-scicomp-20260909/630743/judge/rank-5/hpcagent_bench5.db,call,git-scicomp-kimi27sglang-repo.n0.p13.w13,git-scicomp-kimi27sglang-repo,0,0,13,13,warpx_boris_push,0,c,c,moonshotai/Kimi-K2.7-Code,fuzzed,float64,restricted,87,0,incorrect,0,,,7.316237012111744,,,0,c-autopar,gcc,score,,native,AMD Instinct MI300A Accelerator,,1788999157079,,run_local,missing
630743,630743,/capstor/scratch/cscs/ybudanaz/x86_64/hpcagent-bench-runs/git-scicomp-20260909/630743/judge/rank-5/hpcagent_bench5.db,call,git-scicomp-kimi27sglang-repo.n0.p13.w13,git-scicomp-kimi27sglang-repo,0,0,13,13,warpx_boris_push,0,c,c,moonshotai/Kimi-K2.7-Code,fuzzed,float64,restricted,88,0,incorrect,0,,,7.271129431588189,,,0,c-autopar,gcc,score,,native,AMD Instinct MI300A Accelerator,,1788999157616,,run_local,missing
630743,630743,/capstor/scratch/cscs/ybudanaz/x86_64/hpcagent-bench-runs/git-scicomp-20260909/630743/judge/rank-5/hpcagent_bench5.db,call,git-scicomp-kimi27sglang-repo.n0.p13.w13,git-scicomp-kimi27sglang-repo,0,0,13,13,warpx_boris_push,0,c,c,moonshotai/Kimi-K2.7-Code,fuzzed,float64,restricted,89,0,incorrect,0,,,7.308427316262832,,,0,c-autopar,gcc,score,,native,AMD Instinct MI300A Accelerator,,1788999158185,,run_local,missing
630743,630743,/capstor/scratch/cscs/ybudanaz/x86_64/hpcagent-bench-runs/git-scicomp-20260909/630743/judge/rank-5/hpcagent_bench5.db,call,git-scicomp-kimi27sglang-repo.n0.p13.w13,git-scicomp-kimi27sglang-repo,0,0,13,13,warpx_boris_push,0,c,c,moonshotai/Kimi-K2.7-Code,fuzzed,float64,restricted,90,0,incorrect,0,,,7.29916753887681,,,0,c-autopar,gcc,score,,native,AMD Instinct MI300A Accelerator,,1788999158971,,run_local,missing
630743,630743,/capstor/scratch/cscs/ybudanaz/x86_64/hpcagent-bench-runs/git-scicomp-20260909/630743/judge/rank-5/hpcagent_bench5.db,call,git-scicomp-kimi27sglang-repo.n0.p13.w13,git-scicomp-kimi27sglang-repo,0,0,13,13,warpx_boris_push,0,c,c,moonshotai/Kimi-K2.7-Code,fuzzed,float64,restricted,91,0,incorrect,0,,,7.420598709286352,,,0,c-autopar,gcc,score,,native,AMD Instinct MI300A Accelerator,,1788999159635,,run_local,missing
630743,630743,/capstor/scratch/cscs/ybudanaz/x86_64/hpcagent-bench-runs/git-scicomp-20260909/630743/judge/rank-5/hpcagent_bench5.db,call,git-scicomp-kimi27sglang-repo.n0.p13.w13,git-scicomp-kimi27sglang-repo,0,0,13,13,warpx_boris_push,0,c,c,moonshotai/Kimi-K2.7-Code,fuzzed,float64,restricted,92,0,incorrect,0,,,7.3169737406286135,,,0,c-autopar,gcc,score,,native,AMD Instinct MI300A Accelerator,,1788999160121,,run_local,missing
630743,630743,/capstor/scratch/cscs/ybudanaz/x86_64/hpcagent-bench-runs/git-scicomp-20260909/630743/judge/rank-5/hpcagent_bench5.db,call,git-scicomp-kimi27sglang-repo.n0.p13.w13,git-scicomp-kimi27sglang-repo,0,0,13,13,warpx_boris_push,0,c,c,moonshotai/Kimi-K2.7-Code,fuzzed,float64,restricted,93,0,incorrect,0,,,7.446134368223409,,,0,c-autopar,gcc,score,,native,AMD Instinct MI300A Accelerator,,1788999160597,,run_local,missing
630743,630743,/capstor/scratch/cscs/ybudanaz/x86_64/hpcagent-bench-runs/git-scicomp-20260909/630743/judge/rank-5/hpcagent_bench5.db,call,git-scicomp-kimi27sglang-repo.n0.p13.w13,git-scicomp-kimi27sglang-repo,0,0,13,13,warpx_boris_push,0,c,c,moonshotai/Kimi-K2.7-Code,fuzzed,float64,restricted,94,0,incorrect,0,,,7.147941180203851,,,0,c-autopar,gcc,score,,native,AMD Instinct MI300A Accelerator,,1788999161112,,run_local,missing
630743,630743,/capstor/scratch/cscs/ybudanaz/x86_64/hpcagent-bench-runs/git-scicomp-20260909/630743/judge/rank-5/hpcagent_bench5.db,call,git-scicomp-kimi27sglang-repo.n0.p13.w13,git-scicomp-kimi27sglang-repo,0,0,13,13,warpx_boris_push,0,c,c,moonshotai/Kimi-K2.7-Code,fuzzed,float64,restricted,95,0,incorrect,0,,,7.010002085064404,,,0,c-autopar,gcc,score,,native,AMD Instinct MI300A Accelerator,,1788999161603,,run_local,missing
630743,630743,/capstor/scratch/cscs/ybudanaz/x86_64/hpcagent-bench-runs/git-scicomp-20260909/630743/judge/rank-5/hpcagent_bench5.db,call,git-scicomp-kimi27sglang-repo.n0.p13.w13,git-scicomp-kimi27sglang-repo,0,0,13,13,warpx_boris_push,0,c,c,moonshotai/Kimi-K2.7-Code,fuzzed,float64,restricted,96,0,incorrect,0,,,7.118125339703968,,,0,c-autopar,gcc,score,,native,AMD Instinct MI300A Accelerator,,1788999162199,,run_local,missing
630743,630743,/capstor/scratch/cscs/ybudanaz/x86_64/hpcagent-bench-runs/git-scicomp-20260909/630743/judge/rank-5/hpcagent_bench5.db,call,git-scicomp-kimi27sglang-repo.n0.p13.w13,git-scicomp-kimi27sglang-repo,0,0,13,13,warpx_boris_push,0,c,c,moonshotai/Kimi-K2.7-Code,fuzzed,float64,restricted,97,0,incorrect,0,,,7.147034000482276,,,0,c-autopar,gcc,score,,native,AMD Instinct MI300A Accelerator,,1788999162689,,run_local,missing
630743,630743,/capstor/scratch/cscs/ybudanaz/x86_64/hpcagent-bench-runs/git-scicomp-20260909/630743/judge/rank-5/hpcagent_bench5.db,call,git-scicomp-kimi27sglang-repo.n0.p13.w13,git-scicomp-kimi27sglang-repo,0,0,13,13,warpx_boris_push,0,c,c,moonshotai/Kimi-K2.7-Code,fuzzed,float64,restricted,98,0,incorrect,0,,,7.0820940571335145,,,0,c-autopar,gcc,score,,native,AMD Instinct MI300A Accelerator,,1788999163203,,run_local,missing
630743,630743,/capstor/scratch/cscs/ybudanaz/x86_64/hpcagent-bench-runs/git-scicomp-20260909/630743/judge/rank-5/hpcagent_bench5.db,call,git-scicomp-kimi27sglang-repo.n0.p13.w13,git-scicomp-kimi27sglang-repo,0,0,13,13,warpx_boris_push,0,c,c,moonshotai/Kimi-K2.7-Code,fuzzed,float64,restricted,99,0,incorrect,0,,,7.373016444525911,,,0,c-autopar,gcc,score,,native,AMD Instinct MI300A Accelerator,,1788999163757,,run_local,missing
630743,630743,/capstor/scratch/cscs/ybudanaz/x86_64/hpcagent-bench-runs/git-scicomp-20260909/630743/judge/rank-5/hpcagent_bench5.db,call,git-scicomp-kimi27sglang-repo.n0.p13.w13,git-scicomp-kimi27sglang-repo,0,0,13,13,warpx_boris_push,0,c,c,moonshotai/Kimi-K2.7-Code,fuzzed,float64,restricted,100,0,incorrect,0,,,7.1945147113308545,,,0,c-autopar,gcc,score,,native,AMD Instinct MI300A Accelerator,,1788999164593,,run_local,missing
630743,630743,/capstor/scratch/cscs/ybudanaz/x86_64/hpcagent-bench-runs/git-scicomp-20260909/630743/judge/rank-5/hpcagent_bench5.db,call,git-scicomp-kimi27sglang-repo.n0.p13.w13,git-scicomp-kimi27sglang-repo,0,0,13,13,warpx_boris_push,0,c,c,moonshotai/Kimi-K2.7-Code,fuzzed,float64,restricted,101,0,incorrect,0,,,7.138879733275864,,,0,c-autopar,gcc,score,,native,AMD Instinct MI300A Accelerator,,1788999165156,,run_local,missing
630743,630743,/capstor/scratch/cscs/ybudanaz/x86_64/hpcagent-bench-runs/git-scicomp-20260909/630743/judge/rank-5/hpcagent_bench5.db,call,git-scicomp-kimi27sglang-repo.n0.p13.w13,git-scicomp-kimi27sglang-repo,0,0,13,13,warpx_boris_push,0,c,c,moonshotai/Kimi-K2.7-Code,fuzzed,float64,restricted,102,0,incorrect,0,,,7.494693098032953,,,0,c-autopar,gcc,score,,native,AMD Instinct MI300A Accelerator,,1788999165989,,run_local,missing
630743,630743,/capstor/scratch/cscs/ybudanaz/x86_64/hpcagent-bench-runs/git-scicomp-20260909/630743/judge/rank-5/hpcagent_bench5.db,call,git-scicomp-kimi27sglang-repo.n0.p13.w13,git-scicomp-kimi27sglang-repo,0,0,13,13,warpx_boris_push,0,c,c,moonshotai/Kimi-K2.7-Code,fuzzed,float64,restricted,103,0,incorrect,0,,,7.186458143904953,,,0,c-autopar,gcc,score,,native,AMD Instinct MI300A Accelerator,,1788999166530,,run_local,missing
630743,630743,/capstor/scratch/cscs/ybudanaz/x86_64/hpcagent-bench-runs/git-scicomp-20260909/630743/judge/rank-5/hpcagent_bench5.db,call,git-scicomp-kimi27sglang-repo.n0.p13.w13,git-scicomp-kimi27sglang-repo,0,0,13,13,warpx_boris_push,0,c,c,moonshotai/Kimi-K2.7-Code,fuzzed,float64,restricted,104,0,incorrect,0,,,7.433847504389265,,,0,c-autopar,gcc,score,,native,AMD Instinct MI300A Accelerator,,1788999167036,,run_local,missing
630743,630743,/capstor/scratch/cscs/ybudanaz/x86_64/hpcagent-bench-runs/git-scicomp-20260909/630743/judge/rank-5/hpcagent_bench5.db,call,git-scicomp-kimi27sglang-repo.n0.p13.w13,git-scicomp-kimi27sglang-repo,0,0,13,13,warpx_boris_push,0,c,c,moonshotai/Kimi-K2.7-Code,fuzzed,float64,restricted,105,0,incorrect,0,,,7.582998936213189,,,0,c-autopar,gcc,score,,native,AMD Instinct MI300A Accelerator,,1788999167641,,run_local,missing
630743,630743,/capstor/scratch/cscs/ybudanaz/x86_64/hpcagent-bench-runs/git-scicomp-20260909/630743/judge/rank-5/hpcagent_bench5.db,call,git-scicomp-kimi27sglang-repo.n0.p13.w13,git-scicomp-kimi27sglang-repo,0,0,13,13,warpx_boris_push,0,c,c,moonshotai/Kimi-K2.7-Code,fuzzed,float64,restricted,106,0,incorrect,0,,,7.073398586290598,,,0,c-autopar,gcc,score,,native,AMD Instinct MI300A Accelerator,,1788999168390,,run_local,missing
630743,630743,/capstor/scratch/cscs/ybudanaz/x86_64/hpcagent-bench-runs/git-scicomp-20260909/630743/judge/rank-5/hpcagent_bench5.db,call,git-scicomp-kimi27sglang-repo.n0.p13.w13,git-scicomp-kimi27sglang-repo,0,0,13,13,warpx_boris_push,0,c,c,moonshotai/Kimi-K2.7-Code,fuzzed,float64,restricted,107,0,incorrect,0,,,7.6320720195702405,,,0,c-autopar,gcc,score,,native,AMD Instinct MI300A Accelerator,,1788999168904,,run_local,missing
630743,630743,/capstor/scratch/cscs/ybudanaz/x86_64/hpcagent-bench-runs/git-scicomp-20260909/630743/judge/rank-5/hpcagent_bench5.db,call,git-scicomp-kimi27sglang-repo.n0.p13.w13,git-scicomp-kimi27sglang-repo,0,0,13,13,warpx_boris_push,0,c,c,moonshotai/Kimi-K2.7-Code,fuzzed,float64,restricted,108,0,incorrect,0,,,7.245426064356754,,,0,c-autopar,gcc,score,,native,AMD Instinct MI300A Accelerator,,1788999169529,,run_local,missing
630743,630743,/capstor/scratch/cscs/ybudanaz/x86_64/hpcagent-bench-runs/git-scicomp-20260909/630743/judge/rank-5/hpcagent_bench5.db,call,git-scicomp-kimi27sglang-repo.n0.p13.w13,git-scicomp-kimi27sglang-repo,0,0,13,13,warpx_boris_push,0,c,c,moonshotai/Kimi-K2.7-Code,fuzzed,float64,restricted,109,0,incorrect,0,,,7.54818679587966,,,0,c-autopar,gcc,score,,native,AMD Instinct MI300A Accelerator,,1788999170027,,run_local,missing
630743,630743,/capstor/scratch/cscs/ybudanaz/x86_64/hpcagent-bench-runs/git-scicomp-20260909/630743/judge/rank-5/hpcagent_bench5.db,call,git-scicomp-kimi27sglang-repo.n0.p13.w13,git-scicomp-kimi27sglang-repo,0,0,13,13,warpx_boris_push,0,c,c,moonshotai/Kimi-K2.7-Code,fuzzed,float64,restricted,110,0,incorrect,0,,,7.387524925224327,,,0,c-autopar,gcc,score,,native,AMD Instinct MI300A Accelerator,,1788999170635,,run_local,missing
630743,630743,/capstor/scratch/cscs/ybudanaz/x86_64/hpcagent-bench-runs/git-scicomp-20260909/630743/judge/rank-5/hpcagent_bench5.db,call,git-scicomp-kimi27sglang-repo.n0.p13.w13,git-scicomp-kimi27sglang-repo,0,0,13,13,warpx_boris_push,0,c,c,moonshotai/Kimi-K2.7-Code,fuzzed,float64,restricted,111,0,incorrect,0,,,7.394557845460932,,,0,c-autopar,gcc,score,,native,AMD Instinct MI300A Accelerator,,1788999171098,,run_local,missing
630743,630743,/capstor/scratch/cscs/ybudanaz/x86_64/hpcagent-bench-runs/git-scicomp-20260909/630743/judge/rank-5/hpcagent_bench5.db,call,git-scicomp-kimi27sglang-repo.n0.p13.w13,git-scicomp-kimi27sglang-repo,0,0,13,13,warpx_boris_push,0,c,c,moonshotai/Kimi-K2.7-Code,fuzzed,float64,restricted,112,0,incorrect,0,,,7.264352655104133,,,0,c-autopar,gcc,score,,native,AMD Instinct MI300A Accelerator,,1788999171735,,run_local,missing
630743,630743,/capstor/scratch/cscs/ybudanaz/x86_64/hpcagent-bench-runs/git-scicomp-20260909/630743/judge/rank-5/hpcagent_bench5.db,call,git-scicomp-kimi27sglang-repo.n0.p13.w13,git-scicomp-kimi27sglang-repo,0,0,13,13,warpx_boris_push,0,c,c,moonshotai/Kimi-K2.7-Code,fuzzed,float64,restricted,113,0,incorrect,0,,,7.567713302783116,,,0,c-autopar,gcc,score,,native,AMD Instinct MI300A Accelerator,,1788999172281,,run_local,missing
630743,630743,/capstor/scratch/cscs/ybudanaz/x86_64/hpcagent-bench-runs/git-scicomp-20260909/630743/judge/rank-5/hpcagent_bench5.db,call,git-scicomp-kimi27sglang-repo.n0.p13.w13,git-scicomp-kimi27sglang-repo,0,0,13,13,warpx_boris_push,0,c,c,moonshotai/Kimi-K2.7-Code,fuzzed,float64,restricted,114,0,incorrect,0,,,7.420623155176049,,,0,c-autopar,gcc,score,,native,AMD Instinct MI300A Accelerator,,1788999172789,,run_local,missing
630743,630743,/capstor/scratch/cscs/ybudanaz/x86_64/hpcagent-bench-runs/git-scicomp-20260909/630743/judge/rank-5/hpcagent_bench5.db,call,git-scicomp-kimi27sglang-repo.n0.p13.w13,git-scicomp-kimi27sglang-repo,0,0,13,13,warpx_boris_push,0,c,c,moonshotai/Kimi-K2.7-Code,fuzzed,float64,restricted,115,0,incorrect,0,,,7.190839962713726,,,0,c-autopar,gcc,score,,native,AMD Instinct MI300A Accelerator,,1788999173254,,run_local,missing
630743,630743,/capstor/scratch/cscs/ybudanaz/x86_64/hpcagent-bench-runs/git-scicomp-20260909/630743/judge/rank-5/hpcagent_bench5.db,call,git-scicomp-kimi27sglang-repo.n0.p13.w13,git-scicomp-kimi27sglang-repo,0,0,13,13,warpx_boris_push,0,c,c,moonshotai/Kimi-K2.7-Code,fuzzed,float64,restricted,116,0,incorrect,0,,,7.491951094584617,,,0,c-autopar,gcc,score,,native,AMD Instinct MI300A Accelerator,,1788999173821,,run_local,missing
630743,630743,/capstor/scratch/cscs/ybudanaz/x86_64/hpcagent-bench-runs/git-scicomp-20260909/630743/judge/rank-5/hpcagent_bench5.db,call,git-scicomp-kimi27sglang-repo.n0.p13.w13,git-scicomp-kimi27sglang-repo,0,0,13,13,warpx_boris_push,0,c,c,moonshotai/Kimi-K2.7-Code,fuzzed,float64,restricted,117,0,incorrect,0,,,7.235883482920123,,,0,c-autopar,gcc,score,,native,AMD Instinct MI300A Accelerator,,1788999174344,,run_local,missing
630743,630743,/capstor/scratch/cscs/ybudanaz/x86_64/hpcagent-bench-runs/git-scicomp-20260909/630743/judge/rank-5/hpcagent_bench5.db,call,git-scicomp-kimi27sglang-repo.n0.p13.w13,git-scicomp-kimi27sglang-repo,0,0,13,13,warpx_boris_push,0,c,c,moonshotai/Kimi-K2.7-Code,fuzzed,float64,restricted,118,0,incorrect,0,,,7.4018473853352695,,,0,c-autopar,gcc,score,,native,AMD Instinct MI300A Accelerator,,1788999174926,,run_local,missing
630743,630743,/capstor/scratch/cscs/ybudanaz/x86_64/hpcagent-bench-runs/git-scicomp-20260909/630743/judge/rank-5/hpcagent_bench5.db,call,git-scicomp-kimi27sglang-repo.n0.p13.w13,git-scicomp-kimi27sglang-repo,0,0,13,13,warpx_boris_push,0,c,c,moonshotai/Kimi-K2.7-Code,fuzzed,float64,restricted,119,0,incorrect,0,,,7.060340017928674,,,0,c-autopar,gcc,score,,native,AMD Instinct MI300A Accelerator,,1788999175568,,run_local,missing
630743,630743,/capstor/scratch/cscs/ybudanaz/x86_64/hpcagent-bench-runs/git-scicomp-20260909/630743/judge/rank-5/hpcagent_bench5.db,call,git-scicomp-kimi27sglang-repo.n0.p13.w13,git-scicomp-kimi27sglang-repo,0,0,13,13,warpx_boris_push,0,c,c,moonshotai/Kimi-K2.7-Code,fuzzed,float64,restricted,120,0,incorrect,0,,,7.332431649430507,,,0,c-autopar,gcc,score,,native,AMD Instinct MI300A Accelerator,,1788999176097,,run_local,missing
630743,630743,/capstor/scratch/cscs/ybudanaz/x86_64/hpcagent-bench-runs/git-scicomp-20260909/630743/judge/rank-5/hpcagent_bench5.db,call,git-scicomp-kimi27sglang-repo.n0.p13.w13,git-scicomp-kimi27sglang-repo,0,0,13,13,warpx_boris_push,0,c,c,moonshotai/Kimi-K2.7-Code,fuzzed,float64,restricted,121,0,incorrect,0,,,7.143384929582378,,,0,c-autopar,gcc,score,,native,AMD Instinct MI300A Accelerator,,1788999176616,,run_local,missing
630743,630743,/capstor/scratch/cscs/ybudanaz/x86_64/hpcagent-bench-runs/git-scicomp-20260909/630743/judge/rank-5/hpcagent_bench5.db,call,git-scicomp-kimi27sglang-repo.n0.p13.w13,git-scicomp-kimi27sglang-repo,0,0,13,13,warpx_boris_push,0,c,c,moonshotai/Kimi-K2.7-Code,fuzzed,float64,restricted,122,0,incorrect,0,,,7.258968393101137,,,0,c-autopar,gcc,score,,native,AMD Instinct MI300A Accelerator,,1788999177121,,run_local,missing
630743,630743,/capstor/scratch/cscs/ybudanaz/x86_64/hpcagent-bench-runs/git-scicomp-20260909/630743/judge/rank-5/hpcagent_bench5.db,call,git-scicomp-kimi27sglang-repo.n0.p13.w13,git-scicomp-kimi27sglang-repo,0,0,13,13,warpx_boris_push,0,c,c,moonshotai/Kimi-K2.7-Code,fuzzed,float64,restricted,123,0,incorrect,0,,,7.242164793333162,,,0,c-autopar,gcc,score,,native,AMD Instinct MI300A Accelerator,,1788999177568,,run_local,missing
630743,630743,/capstor/scratch/cscs/ybudanaz/x86_64/hpcagent-bench-runs/git-scicomp-20260909/630743/judge/rank-5/hpcagent_bench5.db,call,git-scicomp-kimi27sglang-repo.n0.p13.w13,git-scicomp-kimi27sglang-repo,0,0,13,13,warpx_boris_push,0,c,c,moonshotai/Kimi-K2.7-Code,fuzzed,float64,restricted,124,0,incorrect,0,,,7.104206615532119,,,0,c-autopar,gcc,score,,native,AMD Instinct MI300A Accelerator,,1788999178078,,run_local,missing
630743,630743,/capstor/scratch/cscs/ybudanaz/x86_64/hpcagent-bench-runs/git-scicomp-20260909/630743/judge/rank-5/hpcagent_bench5.db,call,git-scicomp-kimi27sglang-repo.n0.p13.w13,git-scicomp-kimi27sglang-repo,0,0,13,13,warpx_boris_push,0,c,c,moonshotai/Kimi-K2.7-Code,fuzzed,float64,restricted,125,0,incorrect,0,,,7.506431575369399,,,0,c-autopar,gcc,score,,native,AMD Instinct MI300A Accelerator,,1788999178586,,run_local,missing
630743,630743,/capstor/scratch/cscs/ybudanaz/x86_64/hpcagent-bench-runs/git-scicomp-20260909/630743/judge/rank-5/hpcagent_bench5.db,call,git-scicomp-kimi27sglang-repo.n0.p13.w13,git-scicomp-kimi27sglang-repo,0,0,13,13,warpx_boris_push,0,c,c,moonshotai/Kimi-K2.7-Code,fuzzed,float64,restricted,126,0,incorrect,0,,,7.205792029481577,,,0,c-autopar,gcc,score,,native,AMD Instinct MI300A Accelerator,,1788999179119,,run_local,missing
630743,630743,/capstor/scratch/cscs/ybudanaz/x86_64/hpcagent-bench-runs/git-scicomp-20260909/630743/judge/rank-5/hpcagent_bench5.db,call,git-scicomp-kimi27sglang-repo.n0.p13.w13,git-scicomp-kimi27sglang-repo,0,0,13,13,warpx_boris_push,0,c,c,moonshotai/Kimi-K2.7-Code,fuzzed,float64,restricted,127,0,incorrect,0,,,7.174349942033047,,,0,c-autopar,gcc,score,,native,AMD Instinct MI300A Accelerator,,1788999179552,,run_local,missing
630743,630743,/capstor/scratch/cscs/ybudanaz/x86_64/hpcagent-bench-runs/git-scicomp-20260909/630743/judge/rank-5/hpcagent_bench5.db,call,git-scicomp-kimi27sglang-repo.n0.p13.w13,git-scicomp-kimi27sglang-repo,0,0,13,13,warpx_boris_push,0,c,c,moonshotai/Kimi-K2.7-Code,fuzzed,float64,restricted,128,0,incorrect,0,,,7.365301865076251,,,0,c-autopar,gcc,score,,native,AMD Instinct MI300A Accelerator,,1788999180076,,run_local,missing
630743,630743,/capstor/scratch/cscs/ybudanaz/x86_64/hpcagent-bench-runs/git-scicomp-20260909/630743/judge/rank-5/hpcagent_bench5.db,call,git-scicomp-kimi27sglang-repo.n0.p13.w13,git-scicomp-kimi27sglang-repo,0,0,13,13,warpx_boris_push,0,c,c,moonshotai/Kimi-K2.7-Code,fuzzed,float64,restricted,129,0,incorrect,0,,,7.411101460147002,,,0,c-autopar,gcc,score,,native,AMD Instinct MI300A Accelerator,,1788999180638,,run_local,missing
630743,630743,/capstor/scratch/cscs/ybudanaz/x86_64/hpcagent-bench-runs/git-scicomp-20260909/630743/judge/rank-5/hpcagent_bench5.db,call,git-scicomp-kimi27sglang-repo.n0.p13.w13,git-scicomp-kimi27sglang-repo,0,0,13,13,warpx_boris_push,0,c,c,moonshotai/Kimi-K2.7-Code,fuzzed,float64,restricted,130,0,incorrect,0,,,7.154979639288233,,,0,c-autopar,gcc,score,,native,AMD Instinct MI300A Accelerator,,1788999181211,,run_local,missing
630743,630743,/capstor/scratch/cscs/ybudanaz/x86_64/hpcagent-bench-runs/git-scicomp-20260909/630743/judge/rank-5/hpcagent_bench5.db,call,git-scicomp-kimi27sglang-repo.n0.p13.w13,git-scicomp-kimi27sglang-repo,0,0,13,13,warpx_boris_push,0,c,c,moonshotai/Kimi-K2.7-Code,fuzzed,float64,restricted,131,0,incorrect,0,,,7.408907614987896,,,0,c-autopar,gcc,score,,native,AMD Instinct MI300A Accelerator,,1788999181709,,run_local,missing
630743,630743,/capstor/scratch/cscs/ybudanaz/x86_64/hpcagent-bench-runs/git-scicomp-20260909/630743/judge/rank-5/hpcagent_bench5.db,call,git-scicomp-kimi27sglang-repo.n0.p13.w13,git-scicomp-kimi27sglang-repo,0,0,13,13,warpx_boris_push,0,c,c,moonshotai/Kimi-K2.7-Code,fuzzed,float64,restricted,132,0,incorrect,0,,,7.175949818733235,,,0,c-autopar,gcc,score,,native,AMD Instinct MI300A Accelerator,,1788999182255,,run_local,missing
630743,630743,/capstor/scratch/cscs/ybudanaz/x86_64/hpcagent-bench-runs/git-scicomp-20260909/630743/judge/rank-5/hpcagent_bench5.db,call,git-scicomp-kimi27sglang-repo.n0.p13.w13,git-scicomp-kimi27sglang-repo,0,0,13,13,warpx_boris_push,0,c,c,moonshotai/Kimi-K2.7-Code,fuzzed,float64,restricted,133,0,incorrect,0,,,6.931504868111714,,,0,c-autopar,gcc,score,,native,AMD Instinct MI300A Accelerator,,1788999182716,,run_local,missing
630743,630743,/capstor/scratch/cscs/ybudanaz/x86_64/hpcagent-bench-runs/git-scicomp-20260909/630743/judge/rank-5/hpcagent_bench5.db,call,git-scicomp-kimi27sglang-repo.n0.p13.w13,git-scicomp-kimi27sglang-repo,0,0,13,13,warpx_boris_push,0,c,c,moonshotai/Kimi-K2.7-Code,fuzzed,float64,restricted,134,0,incorrect,0,,,7.0878880560852355,,,0,c-autopar,gcc,score,,native,AMD Instinct MI300A Accelerator,,1788999183234,,run_local,missing
630743,630743,/capstor/scratch/cscs/ybudanaz/x86_64/hpcagent-bench-runs/git-scicomp-20260909/630743/judge/rank-5/hpcagent_bench5.db,call,git-scicomp-kimi27sglang-repo.n0.p13.w13,git-scicomp-kimi27sglang-repo,0,0,13,13,warpx_boris_push,0,c,c,moonshotai/Kimi-K2.7-Code,fuzzed,float64,restricted,135,0,incorrect,0,,,7.335081994972191,,,0,c-autopar,gcc,score,,native,AMD Instinct MI300A Accelerator,,1788999183746,,run_local,missing
630743,630743,/capstor/scratch/cscs/ybudanaz/x86_64/hpcagent-bench-runs/git-scicomp-20260909/630743/judge/rank-5/hpcagent_bench5.db,call,git-scicomp-kimi27sglang-repo.n0.p13.w13,git-scicomp-kimi27sglang-repo,0,0,13,13,warpx_boris_push,0,c,c,moonshotai/Kimi-K2.7-Code,fuzzed,float64,restricted,136,0,incorrect,0,,,7.379755793115423,,,0,c-autopar,gcc,score,,native,AMD Instinct MI300A Accelerator,,1788999184278,,run_local,missing
630743,630743,/capstor/scratch/cscs/ybudanaz/x86_64/hpcagent-bench-runs/git-scicomp-20260909/630743/judge/rank-5/hpcagent_bench5.db,call,git-scicomp-kimi27sglang-repo.n0.p13.w13,git-scicomp-kimi27sglang-repo,0,0,13,13,warpx_boris_push,0,c,c,moonshotai/Kimi-K2.7-Code,fuzzed,float64,restricted,137,0,incorrect,0,,,7.264352655104133,,,0,c-autopar,gcc,score,,native,AMD Instinct MI300A Accelerator,,1788999184793,,run_local,missing
630743,630743,/capstor/scratch/cscs/ybudanaz/x86_64/hpcagent-bench-runs/git-scicomp-20260909/630743/judge/rank-5/hpcagent_bench5.db,call,git-scicomp-kimi27sglang-repo.n0.p13.w13,git-scicomp-kimi27sglang-repo,0,0,13,13,warpx_boris_push,0,c,c,moonshotai/Kimi-K2.7-Code,fuzzed,float64,restricted,138,0,incorrect,0,,,7.196353494434718,,,0,c-autopar,gcc,score,,native,AMD Instinct MI300A Accelerator,,1788999185263,,run_local,missing
630743,630743,/capstor/scratch/cscs/ybudanaz/x86_64/hpcagent-bench-runs/git-scicomp-20260909/630743/judge/rank-5/hpcagent_bench5.db,call,git-scicomp-kimi27sglang-repo.n0.p13.w13,git-scicomp-kimi27sglang-repo,0,0,13,13,warpx_boris_push,0,c,c,moonshotai/Kimi-K2.7-Code,fuzzed,float64,restricted,139,0,incorrect,0,,,7.072976588208697,,,0,c-autopar,gcc,score,,native,AMD Instinct MI300A Accelerator,,1788999185763,,run_local,missing
630743,630743,/capstor/scratch/cscs/ybudanaz/x86_64/hpcagent-bench-runs/git-scicomp-20260909/630743/judge/rank-5/hpcagent_bench5.db,call,git-scicomp-kimi27sglang-repo.n0.p13.w13,git-scicomp-kimi27sglang-repo,0,0,13,13,warpx_boris_push,0,c,c,moonshotai/Kimi-K2.7-Code,fuzzed,float64,restricted,140,0,incorrect,0,,,7.408420270216936,,,0,c-autopar,gcc,score,,native,AMD Instinct MI300A Accelerator,,1788999186261,,run_local,missing
630743,630743,/capstor/scratch/cscs/ybudanaz/x86_64/hpcagent-bench-runs/git-scicomp-20260909/630743/judge/rank-5/hpcagent_bench5.db,call,git-scicomp-kimi27sglang-repo.n0.p13.w13,git-scicomp-kimi27sglang-repo,0,0,13,13,warpx_boris_push,0,c,c,moonshotai/Kimi-K2.7-Code,fuzzed,float64,restricted,141,0,incorrect,0,,,7.5967832776303235,,,0,c-autopar,gcc,score,,native,AMD Instinct MI300A Accelerator,,1788999186780,,run_local,missing
630743,630743,/capstor/scratch/cscs/ybudanaz/x86_64/hpcagent-bench-runs/git-scicomp-20260909/630743/judge/rank-5/hpcagent_bench5.db,call,git-scicomp-kimi27sglang-repo.n0.p13.w13,git-scicomp-kimi27sglang-repo,0,0,13,13,warpx_boris_push,0,c,c,moonshotai/Kimi-K2.7-Code,fuzzed,float64,restricted,142,0,incorrect,0,,,7.241931957742041,,,0,c-autopar,gcc,score,,native,AMD Instinct MI300A Accelerator,,1788999187526,,run_local,missing
630743,630743,/capstor/scratch/cscs/ybudanaz/x86_64/hpcagent-bench-runs/git-scicomp-20260909/630743/judge/rank-5/hpcagent_bench5.db,call,git-scicomp-kimi27sglang-repo.n0.p13.w13,git-scicomp-kimi27sglang-repo,0,0,13,13,warpx_boris_push,0,c,c,moonshotai/Kimi-K2.7-Code,fuzzed,float64,restricted,143,0,incorrect,0,,,7.455474906746367,,,0,c-autopar,gcc,score,,native,AMD Instinct MI300A Accelerator,,1788999187980,,run_local,missing
630743,630743,/capstor/scratch/cscs/ybudanaz/x86_64/hpcagent-bench-runs/git-scicomp-20260909/630743/judge/rank-5/hpcagent_bench5.db,call,git-scicomp-kimi27sglang-repo.n0.p13.w13,git-scicomp-kimi27sglang-repo,0,0,13,13,warpx_boris_push,0,c,c,moonshotai/Kimi-K2.7-Code,fuzzed,float64,restricted,144,0,incorrect,0,,,5.7992060202408195,,,0,c-autopar,gcc,score,,native,AMD Instinct MI300A Accelerator,,1788999188595,,run_local,missing
630743,630743,/capstor/scratch/cscs/ybudanaz/x86_64/hpcagent-bench-runs/git-scicomp-20260909/630743/judge/rank-5/hpcagent_bench5.db,call,git-scicomp-kimi27sglang-repo.n0.p13.w13,git-scicomp-kimi27sglang-repo,0,0,13,13,warpx_boris_push,0,c,c,moonshotai/Kimi-K2.7-Code,fuzzed,float64,restricted,145,0,incorrect,0,,,7.477774605619589,,,0,c-autopar,gcc,score,,native,AMD Instinct MI300A Accelerator,,1788999189057,,run_local,missing
630743,630743,/capstor/scratch/cscs/ybudanaz/x86_64/hpcagent-bench-runs/git-scicomp-20260909/630743/judge/rank-5/hpcagent_bench5.db,call,git-scicomp-kimi27sglang-repo.n0.p13.w13,git-scicomp-kimi27sglang-repo,0,0,13,13,warpx_boris_push,0,c,c,moonshotai/Kimi-K2.7-Code,fuzzed,float64,restricted,146,0,incorrect,0,,,7.40209061752412,,,0,c-autopar,gcc,score,,native,AMD Instinct MI300A Accelerator,,1788999189568,,run_local,missing
630743,630743,/capstor/scratch/cscs/ybudanaz/x86_64/hpcagent-bench-runs/git-scicomp-20260909/630743/judge/rank-5/hpcagent_bench5.db,call,git-scicomp-kimi27sglang-repo.n0.p13.w13,git-scicomp-kimi27sglang-repo,0,0,13,13,warpx_boris_push,0,c,c,moonshotai/Kimi-K2.7-Code,fuzzed,float64,restricted,147,0,incorrect,0,,,7.380263554512929,,,0,c-autopar,gcc,score,,native,AMD Instinct MI300A Accelerator,,1788999190052,,run_local,missing
630743,630743,/capstor/scratch/cscs/ybudanaz/x86_64/hpcagent-bench-runs/git-scicomp-20260909/630743/judge/rank-5/hpcagent_bench5.db,call,git-scicomp-kimi27sglang-repo.n0.p13.w13,git-scicomp-kimi27sglang-repo,0,0,13,13,warpx_boris_push,0,c,c,moonshotai/Kimi-K2.7-Code,fuzzed,float64,restricted,148,0,incorrect,0,,,7.44859661653638,,,0,c-autopar,gcc,score,,native,AMD Instinct MI300A Accelerator,,1788999190485,,run_local,missing
630743,630743,/capstor/scratch/cscs/ybudanaz/x86_64/hpcagent-bench-runs/git-scicomp-20260909/630743/judge/rank-5/hpcagent_bench5.db,call,git-scicomp-kimi27sglang-repo.n0.p13.w13,git-scicomp-kimi27sglang-repo,0,0,13,13,warpx_boris_push,0,c,c,moonshotai/Kimi-K2.7-Code,fuzzed,float64,restricted,149,0,incorrect,0,,,7.3321929736046325,,,0,c-autopar,gcc,score,,native,AMD Instinct MI300A Accelerator,,1788999190938,,run_local,missing
630743,630743,/capstor/scratch/cscs/ybudanaz/x86_64/hpcagent-bench-runs/git-scicomp-20260909/630743/judge/rank-5/hpcagent_bench5.db,call,git-scicomp-kimi27sglang-repo.n0.p13.w13,git-scicomp-kimi27sglang-repo,0,0,13,13,warpx_boris_push,0,c,c,moonshotai/Kimi-K2.7-Code,fuzzed,float64,restricted,150,0,incorrect,0,,,7.35373621099986,,,0,c-autopar,gcc,score,,native,AMD Instinct MI300A Accelerator,,1788999191516,,run_local,missing
630743,630743,/capstor/scratch/cscs/ybudanaz/x86_64/hpcagent-bench-runs/git-scicomp-20260909/630743/judge/rank-5/hpcagent_bench5.db,call,git-scicomp-kimi27sglang-repo.n0.p13.w13,git-scicomp-kimi27sglang-repo,0,0,13,13,warpx_boris_push,0,c,c,moonshotai/Kimi-K2.7-Code,fuzzed,float64,restricted,151,0,incorrect,0,,,7.256162380166993,,,0,c-autopar,gcc,score,,native,AMD Instinct MI300A Accelerator,,1788999191962,,run_local,missing
630743,630743,/capstor/scratch/cscs/ybudanaz/x86_64/hpcagent-bench-runs/git-scicomp-20260909/630743/judge/rank-5/hpcagent_bench5.db,call,git-scicomp-kimi27sglang-repo.n0.p13.w13,git-scicomp-kimi27sglang-repo,0,0,13,13,warpx_boris_push,0,c,c,moonshotai/Kimi-K2.7-Code,fuzzed,float64,restricted,152,0,incorrect,0,,,7.362172426641217,,,0,c-autopar,gcc,score,,native,AMD Instinct MI300A Accelerator,,1788999192503,,run_local,missing
630743,630743,/capstor/scratch/cscs/ybudanaz/x86_64/hpcagent-bench-runs/git-scicomp-20260909/630743/judge/rank-5/hpcagent_bench5.db,call,git-scicomp-kimi27sglang-repo.n0.p13.w13,git-scicomp-kimi27sglang-repo,0,0,13,13,warpx_boris_push,0,c,c,moonshotai/Kimi-K2.7-Code,fuzzed,float64,restricted,153,0,incorrect,0,,,7.254059293705438,,,0,c-autopar,gcc,score,,native,AMD Instinct MI300A Accelerator,,1788999193100,,run_local,missing
630743,630743,/capstor/scratch/cscs/ybudanaz/x86_64/hpcagent-bench-runs/git-scicomp-20260909/630743/judge/rank-5/hpcagent_bench5.db,call,git-scicomp-kimi27sglang-repo.n0.p13.w13,git-scicomp-kimi27sglang-repo,0,0,13,13,warpx_boris_push,0,c,c,moonshotai/Kimi-K2.7-Code,fuzzed,float64,restricted,154,0,incorrect,0,,,7.231005547137831,,,0,c-autopar,gcc,score,,native,AMD Instinct MI300A Accelerator,,1788999193588,,run_local,missing
630743,630743,/capstor/scratch/cscs/ybudanaz/x86_64/hpcagent-bench-runs/git-scicomp-20260909/630743/judge/rank-5/hpcagent_bench5.db,call,git-scicomp-kimi27sglang-repo.n0.p13.w13,git-scicomp-kimi27sglang-repo,0,0,13,13,warpx_boris_push,0,c,c,moonshotai/Kimi-K2.7-Code,fuzzed,float64,restricted,155,0,incorrect,0,,,7.542373732638656,,,0,c-autopar,gcc,score,,native,AMD Instinct MI300A Accelerator,,1788999194081,,run_local,missing
630743,630743,/capstor/scratch/cscs/ybudanaz/x86_64/hpcagent-bench-runs/git-scicomp-20260909/630743/judge/rank-5/hpcagent_bench5.db,call,git-scicomp-kimi27sglang-repo.n0.p13.w13,git-scicomp-kimi27sglang-repo,0,0,13,13,warpx_boris_push,0,c,c,moonshotai/Kimi-K2.7-Code,fuzzed,float64,restricted,156,0,incorrect,0,,,7.259202325476472,,,0,c-autopar,gcc,score,,native,AMD Instinct MI300A Accelerator,,1788999194706,,run_local,missing
630743,630743,/capstor/scratch/cscs/ybudanaz/x86_64/hpcagent-bench-runs/git-scicomp-20260909/630743/judge/rank-5/hpcagent_bench5.db,call,git-scicomp-kimi27sglang-repo.n0.p13.w13,git-scicomp-kimi27sglang-repo,0,0,13,13,warpx_boris_push,0,c,c,moonshotai/Kimi-K2.7-Code,fuzzed,float64,restricted,157,0,incorrect,0,,,7.161804261705064,,,0,c-autopar,gcc,score,,native,AMD Instinct MI300A Accelerator,,1788999195149,,run_local,missing
630743,630743,/capstor/scratch/cscs/ybudanaz/x86_64/hpcagent-bench-runs/git-scicomp-20260909/630743/judge/rank-5/hpcagent_bench5.db,call,git-scicomp-kimi27sglang-repo.n0.p13.w13,git-scicomp-kimi27sglang-repo,0,0,13,13,warpx_boris_push,0,c,c,moonshotai/Kimi-K2.7-Code,fuzzed,float64,restricted,158,0,incorrect,0,,,7.607070973145296,,,0,c-autopar,gcc,score,,native,AMD Instinct MI300A Accelerator,,1788999195616,,run_local,missing
630743,630743,/capstor/scratch/cscs/ybudanaz/x86_64/hpcagent-bench-runs/git-scicomp-20260909/630743/judge/rank-5/hpcagent_bench5.db,call,git-scicomp-kimi27sglang-repo.n0.p13.w13,git-scicomp-kimi27sglang-repo,0,0,13,13,warpx_boris_push,0,c,c,moonshotai/Kimi-K2.7-Code,fuzzed,float64,restricted,159,0,incorrect,0,,,7.803399824015631,,,0,c-autopar,gcc,score,,native,AMD Instinct MI300A Accelerator,,1788999196080,,run_local,missing
630743,630743,/capstor/scratch/cscs/ybudanaz/x86_64/hpcagent-bench-runs/git-scicomp-20260909/630743/judge/rank-5/hpcagent_bench5.db,call,git-scicomp-kimi27sglang-repo.n0.p13.w13,git-scicomp-kimi27sglang-repo,0,0,13,13,warpx_boris_push,0,c,c,moonshotai/Kimi-K2.7-Code,fuzzed,float64,restricted,160,0,incorrect,0,,,7.378087926053547,,,0,c-autopar,gcc,score,,native,AMD Instinct MI300A Accelerator,,1788999196643,,run_local,missing
630743,630743,/capstor/scratch/cscs/ybudanaz/x86_64/hpcagent-bench-runs/git-scicomp-20260909/630743/judge/rank-5/hpcagent_bench5.db,call,git-scicomp-kimi27sglang-repo.n0.p13.w13,git-scicomp-kimi27sglang-repo,0,0,13,13,warpx_boris_push,0,c,c,moonshotai/Kimi-K2.7-Code,fuzzed,float64,restricted,161,0,incorrect,0,,,7.240535258532572,,,0,c-autopar,gcc,score,,native,AMD Instinct MI300A Accelerator,,1788999197078,,run_local,missing
630743,630743,/capstor/scratch/cscs/ybudanaz/x86_64/hpcagent-bench-runs/git-scicomp-20260909/630743/judge/rank-5/hpcagent_bench5.db,call,git-scicomp-kimi27sglang-repo.n0.p13.w13,git-scicomp-kimi27sglang-repo,0,0,13,13,warpx_boris_push,0,c,c,moonshotai/Kimi-K2.7-Code,fuzzed,float64,restricted,162,0,incorrect,0,,,7.175035516114441,,,0,c-autopar,gcc,score,,native,AMD Instinct MI300A Accelerator,,1788999197582,,run_local,missing
630743,630743,/capstor/scratch/cscs/ybudanaz/x86_64/hpcagent-bench-runs/git-scicomp-20260909/630743/judge/rank-5/hpcagent_bench5.db,call,git-scicomp-kimi27sglang-repo.n0.p13.w13,git-scicomp-kimi27sglang-repo,0,0,13,13,warpx_boris_push,0,c,c,moonshotai/Kimi-K2.7-Code,fuzzed,float64,restricted,163,0,incorrect,0,,,7.464393648184722,,,0,c-autopar,gcc,score,,native,AMD Instinct MI300A Accelerator,,1788999198018,,run_local,missing
630743,630743,/capstor/scratch/cscs/ybudanaz/x86_64/hpcagent-bench-runs/git-scicomp-20260909/630743/judge/rank-5/hpcagent_bench5.db,call,git-scicomp-kimi27sglang-repo.n0.p13.w13,git-scicomp-kimi27sglang-repo,0,0,13,13,warpx_boris_push,0,c,c,moonshotai/Kimi-K2.7-Code,fuzzed,float64,restricted,164,0,incorrect,0,,,7.328161701075535,,,0,c-autopar,gcc,score,,native,AMD Instinct MI300A Accelerator,,1788999198531,,run_local,missing
630743,630743,/capstor/scratch/cscs/ybudanaz/x86_64/hpcagent-bench-runs/git-scicomp-20260909/630743/judge/rank-5/hpcagent_bench5.db,call,git-scicomp-kimi27sglang-repo.n0.p13.w13,git-scicomp-kimi27sglang-repo,0,0,13,13,warpx_boris_push,0,c,c,moonshotai/Kimi-K2.7-Code,fuzzed,float64,restricted,165,0,incorrect,0,,,7.03869721863741,,,0,c-autopar,gcc,score,,native,AMD Instinct MI300A Accelerator,,1788999199036,,run_local,missing
630743,630743,/capstor/scratch/cscs/ybudanaz/x86_64/hpcagent-bench-runs/git-scicomp-20260909/630743/judge/rank-5/hpcagent_bench5.db,call,git-scicomp-kimi27sglang-repo.n0.p13.w13,git-scicomp-kimi27sglang-repo,0,0,13,13,warpx_boris_push,0,c,c,moonshotai/Kimi-K2.7-Code,fuzzed,float64,restricted,166,0,incorrect,0,,,7.308640733542503,,,0,c-autopar,gcc,score,,native,AMD Instinct MI300A Accelerator,,1788999199546,,run_local,missing
630743,630743,/capstor/scratch/cscs/ybudanaz/x86_64/hpcagent-bench-runs/git-scicomp-20260909/630743/judge/rank-5/hpcagent_bench5.db,call,git-scicomp-kimi27sglang-repo.n0.p13.w13,git-scicomp-kimi27sglang-repo,0,0,13,13,warpx_boris_push,0,c,c,moonshotai/Kimi-K2.7-Code,fuzzed,float64,restricted,167,0,incorrect,0,,,7.5626317768556195,,,0,c-autopar,gcc,score,,native,AMD Instinct MI300A Accelerator,,1788999200112,,run_local,missing
630743,630743,/capstor/scratch/cscs/ybudanaz/x86_64/hpcagent-bench-runs/git-scicomp-20260909/630743/judge/rank-5/hpcagent_bench5.db,call,git-scicomp-kimi27sglang-repo.n0.p13.w13,git-scicomp-kimi27sglang-repo,0,0,13,13,warpx_boris_push,0,c,c,moonshotai/Kimi-K2.7-Code,fuzzed,float64,restricted,168,0,ok,1,,,7.234489115563235,,,0,c-autopar,gcc,score,,native,AMD Instinct MI300A Accelerator,,1788999200666,,run_local,missing
630743,630743,/capstor/scratch/cscs/ybudanaz/x86_64/hpcagent-bench-runs/git-scicomp-20260909/630743/judge/rank-5/hpcagent_bench5.db,call,git-scicomp-kimi27sglang-repo.n0.p13.w13,git-scicomp-kimi27sglang-repo,0,0,13,13,warpx_boris_push,0,c,c,moonshotai/Kimi-K2.7-Code,fuzzed,float64,restricted,169,0,incorrect,0,,,7.5267230922936585,,,0,c-autopar,gcc,score,,native,AMD Instinct MI300A Accelerator,,1788999201239,,run_local,missing
630743,630743,/capstor/scratch/cscs/ybudanaz/x86_64/hpcagent-bench-runs/git-scicomp-20260909/630743/judge/rank-5/hpcagent_bench5.db,call,git-scicomp-kimi27sglang-repo.n0.p13.w13,git-scicomp-kimi27sglang-repo,0,0,13,13,warpx_boris_push,0,c,c,moonshotai/Kimi-K2.7-Code,fuzzed,float64,restricted,170,0,incorrect,0,,,7.248223778203957,,,0,c-autopar,gcc,score,,native,AMD Instinct MI300A Accelerator,,1788999201789,,run_local,missing
630743,630743,/capstor/scratch/cscs/ybudanaz/x86_64/hpcagent-bench-runs/git-scicomp-20260909/630743/judge/rank-5/hpcagent_bench5.db,call,git-scicomp-kimi27sglang-repo.n0.p13.w13,git-scicomp-kimi27sglang-repo,0,0,13,13,warpx_boris_push,0,c,c,moonshotai/Kimi-K2.7-Code,fuzzed,float64,restricted,171,0,incorrect,0,,,7.506681729718201,,,0,c-autopar,gcc,score,,native,AMD Instinct MI300A Accelerator,,1788999202491,,run_local,missing
630743,630743,/capstor/scratch/cscs/ybudanaz/x86_64/hpcagent-bench-runs/git-scicomp-20260909/630743/judge/rank-5/hpcagent_bench5.db,call,git-scicomp-kimi27sglang-repo.n0.p13.w13,git-scicomp-kimi27sglang-repo,0,0,13,13,warpx_boris_push,0,c,c,moonshotai/Kimi-K2.7-Code,fuzzed,float64,restricted,172,0,incorrect,0,,,7.380989049157552,,,0,c-autopar,gcc,score,,native,AMD Instinct MI300A Accelerator,,1788999202937,,run_local,missing
630743,630743,/capstor/scratch/cscs/ybudanaz/x86_64/hpcagent-bench-runs/git-scicomp-20260909/630743/judge/rank-5/hpcagent_bench5.db,call,git-scicomp-kimi27sglang-repo.n0.p13.w13,git-scicomp-kimi27sglang-repo,0,0,13,13,warpx_boris_push,0,c,c,moonshotai/Kimi-K2.7-Code,fuzzed,float64,restricted,173,0,incorrect,0,,,7.395043368067182,,,0,c-autopar,gcc,score,,native,AMD Instinct MI300A Accelerator,,1788999203461,,run_local,missing
630743,630743,/capstor/scratch/cscs/ybudanaz/x86_64/hpcagent-bench-runs/git-scicomp-20260909/630743/judge/rank-5/hpcagent_bench5.db,call,git-scicomp-kimi27sglang-repo.n0.p13.w13,git-scicomp-kimi27sglang-repo,0,0,13,13,warpx_boris_push,0,c,c,moonshotai/Kimi-K2.7-Code,fuzzed,float64,restricted,174,0,incorrect,0,,,7.0209486584879315,,,0,c-autopar,gcc,score,,native,AMD Instinct MI300A Accelerator,,1788999203996,,run_local,missing
630743,630743,/capstor/scratch/cscs/ybudanaz/x86_64/hpcagent-bench-runs/git-scicomp-20260909/630743/judge/rank-5/hpcagent_bench5.db,call,git-scicomp-kimi27sglang-repo.n0.p13.w13,git-scicomp-kimi27sglang-repo,0,0,13,13,warpx_boris_push,0,c,c,moonshotai/Kimi-K2.7-Code,fuzzed,float64,restricted,175,0,ok,1,,,12.36907710132831,,,1659556,c-autopar,gcc,score,,native,AMD Instinct MI300A Accelerator,,1789001288030,,run_local,missing
630743,630743,/capstor/scratch/cscs/ybudanaz/x86_64/hpcagent-bench-runs/git-scicomp-20260909/630743/judge/rank-5/hpcagent_bench5.db,call,git-scicomp-kimi27sglang-repo.n0.p13.w13,git-scicomp-kimi27sglang-repo,0,0,13,13,warpx_boris_push,0,c,c,moonshotai/Kimi-K2.7-Code,fuzzed,float64,restricted,176,0,ok,1,,,4.030650223493077,,,0,c-autopar,gcc,score,,native,AMD Instinct MI300A Accelerator,,1789002199765,,run_local,missing
630743,630743,/capstor/scratch/cscs/ybudanaz/x86_64/hpcagent-bench-runs/git-scicomp-20260909/630743/judge/rank-5/hpcagent_bench5.db,call,git-scicomp-kimi27sglang-repo.n0.p13.w13,git-scicomp-kimi27sglang-repo,0,0,13,13,warpx_boris_push,0,c,c,moonshotai/Kimi-K2.7-Code,fuzzed,float64,restricted,177,0,ok,1,,,7.916944911114079,,,0,c-autopar,gcc,score,,native,AMD Instinct MI300A Accelerator,,1789002200862,,run_local,missing
630743,630743,/capstor/scratch/cscs/ybudanaz/x86_64/hpcagent-bench-runs/git-scicomp-20260909/630743/judge/rank-5/hpcagent_bench5.db,call,git-scicomp-kimi27sglang-repo.n0.p13.w13,git-scicomp-kimi27sglang-repo,0,0,13,13,warpx_boris_push,0,c,c,moonshotai/Kimi-K2.7-Code,fuzzed,float64,restricted,178,0,ok,1,,,14.744585032499623,,,0,c-autopar,gcc,score,,native,AMD Instinct MI300A Accelerator,,1789002201993,,run_local,missing
630743,630743,/capstor/scratch/cscs/ybudanaz/x86_64/hpcagent-bench-runs/git-scicomp-20260909/630743/judge/rank-5/hpcagent_bench5.db,call,git-scicomp-kimi27sglang-repo.n0.p13.w13,git-scicomp-kimi27sglang-repo,0,0,13,13,warpx_boris_push,0,c,c,moonshotai/Kimi-K2.7-Code,fuzzed,float64,restricted,179,0,ok,1,,,26.425605049213406,,,0,c-autopar,gcc,score,,native,AMD Instinct MI300A Accelerator,,1789002203079,,run_local,missing
630743,630743,/capstor/scratch/cscs/ybudanaz/x86_64/hpcagent-bench-runs/git-scicomp-20260909/630743/judge/rank-5/hpcagent_bench5.db,call,git-scicomp-kimi27sglang-repo.n0.p13.w13,git-scicomp-kimi27sglang-repo,0,0,13,13,warpx_boris_push,0,c,c,moonshotai/Kimi-K2.7-Code,fuzzed,float64,restricted,180,0,ok,1,,,17.912740256538715,,,0,c-autopar,gcc,score,,native,AMD Instinct MI300A Accelerator,,1789002204150,,run_local,missing
630743,630743,/capstor/scratch/cscs/ybudanaz/x86_64/hpcagent-bench-runs/git-scicomp-20260909/630743/judge/rank-5/hpcagent_bench5.db,call,git-scicomp-kimi27sglang-repo.n0.p13.w13,git-scicomp-kimi27sglang-repo,0,0,13,13,warpx_boris_push,0,c,c,moonshotai/Kimi-K2.7-Code,fuzzed,float64,restricted,181,0,ok,1,,,11.490700497877897,,,0,c-autopar,gcc,score,,native,AMD Instinct MI300A Accelerator,,1789002205457,,run_local,missing
630743,630743,/capstor/scratch/cscs/ybudanaz/x86_64/hpcagent-bench-runs/git-scicomp-20260909/630743/judge/rank-5/hpcagent_bench5.db,call,git-scicomp-kimi27sglang-repo.n0.p13.w13,git-scicomp-kimi27sglang-repo,0,0,13,13,warpx_boris_push,0,c,c,moonshotai/Kimi-K2.7-Code,fuzzed,float64,restricted,182,0,ok,1,,,13.308902163059598,,,0,c-autopar,gcc,score,,native,AMD Instinct MI300A Accelerator,,1789002206588,,run_local,missing
630743,630743,/capstor/scratch/cscs/ybudanaz/x86_64/hpcagent-bench-runs/git-scicomp-20260909/630743/judge/rank-5/hpcagent_bench5.db,call,git-scicomp-kimi27sglang-repo.n0.p13.w13,git-scicomp-kimi27sglang-repo,0,0,13,13,warpx_boris_push,0,c,c,moonshotai/Kimi-K2.7-Code,fuzzed,float64,restricted,183,0,ok,1,,,11.640999271321595,,,0,c-autopar,gcc,score,,native,AMD Instinct MI300A Accelerator,,1789002208167,,run_local,missing
630743,630743,/capstor/scratch/cscs/ybudanaz/x86_64/hpcagent-bench-runs/git-scicomp-20260909/630743/judge/rank-5/hpcagent_bench5.db,call,git-scicomp-kimi27sglang-repo.n0.p13.w13,git-scicomp-kimi27sglang-repo,0,0,13,13,warpx_boris_push,0,c,c,moonshotai/Kimi-K2.7-Code,fuzzed,float64,restricted,184,0,ok,1,,,8.833094128903738,,,0,c-autopar,gcc,score,,native,AMD Instinct MI300A Accelerator,,1789002209373,,run_local,missing
630743,630743,/capstor/scratch/cscs/ybudanaz/x86_64/hpcagent-bench-runs/git-scicomp-20260909/630743/judge/rank-5/hpcagent_bench5.db,call,git-scicomp-kimi27sglang-repo.n0.p13.w13,git-scicomp-kimi27sglang-repo,0,0,13,13,warpx_boris_push,0,c,c,moonshotai/Kimi-K2.7-Code,fuzzed,float64,restricted,185,0,ok,1,,,6.636023238137885,,,0,c-autopar,gcc,score,,native,AMD Instinct MI300A Accelerator,,1789002210595,,run_local,missing
630743,630743,/capstor/scratch/cscs/ybudanaz/x86_64/hpcagent-bench-runs/git-scicomp-20260909/630743/judge/rank-5/hpcagent_bench5.db,call,git-scicomp-kimi27sglang-repo.n0.p13.w13,git-scicomp-kimi27sglang-repo,0,0,13,13,warpx_boris_push,0,c,c,moonshotai/Kimi-K2.7-Code,fuzzed,float64,restricted,186,0,ok,1,,,5.398769991827108,,,0,c-autopar,gcc,score,,native,AMD Instinct MI300A Accelerator,,1789002211702,,run_local,missing
630743,630743,/capstor/scratch/cscs/ybudanaz/x86_64/hpcagent-bench-runs/git-scicomp-20260909/630743/judge/rank-5/hpcagent_bench5.db,call,git-scicomp-kimi27sglang-repo.n0.p13.w13,git-scicomp-kimi27sglang-repo,0,0,13,13,warpx_boris_push,0,c,c,moonshotai/Kimi-K2.7-Code,fuzzed,float64,restricted,187,0,ok,1,,,4.497956241401138,,,0,c-autopar,gcc,score,,native,AMD Instinct MI300A Accelerator,,1789002212881,,run_local,missing
630743,630743,/capstor/scratch/cscs/ybudanaz/x86_64/hpcagent-bench-runs/git-scicomp-20260909/630743/judge/rank-5/hpcagent_bench5.db,call,git-scicomp-kimi27sglang-repo.n0.p13.w13,git-scicomp-kimi27sglang-repo,0,0,13,13,warpx_boris_push,0,c,c,moonshotai/Kimi-K2.7-Code,fuzzed,float64,restricted,188,0,ok,1,,,3.1354806829017057,,,0,c-autopar,gcc,score,,native,AMD Instinct MI300A Accelerator,,1789002213963,,run_local,missing
630743,630743,/capstor/scratch/cscs/ybudanaz/x86_64/hpcagent-bench-runs/git-scicomp-20260909/630743/judge/rank-5/hpcagent_bench5.db,call,git-scicomp-kimi27sglang-repo.n0.p13.w13,git-scicomp-kimi27sglang-repo,0,0,13,13,warpx_boris_push,0,c,c,moonshotai/Kimi-K2.7-Code,fuzzed,float64,restricted,189,0,ok,1,,,27.499908437206237,,,2150078,c-autopar,gcc,score,,native,AMD Instinct MI300A Accelerator,,1789003233275,,run_local,missing
630743,630743,/capstor/scratch/cscs/ybudanaz/x86_64/hpcagent-bench-runs/git-scicomp-20260909/630743/judge/rank-5/hpcagent_bench5.db,call,git-scicomp-kimi27sglang-repo.n0.p13.w13,git-scicomp-kimi27sglang-repo,0,0,13,13,warpx_boris_push,0,c,c,moonshotai/Kimi-K2.7-Code,fuzzed,float64,restricted,190,0,ok,1,,,29.383193540392117,,,0,c-autopar,gcc,score,,native,AMD Instinct MI300A Accelerator,,1789003615077,,run_local,missing
630743,630743,/capstor/scratch/cscs/ybudanaz/x86_64/hpcagent-bench-runs/git-scicomp-20260909/630743/judge/rank-5/hpcagent_bench5.db,call,git-scicomp-kimi27sglang-repo.n0.p13.w13,git-scicomp-kimi27sglang-repo,0,0,13,13,warpx_boris_push,0,c,c,moonshotai/Kimi-K2.7-Code,fuzzed,float64,restricted,191,0,ok,1,,,13.57191919070199,,,0,c-autopar,gcc,score,,native,AMD Instinct MI300A Accelerator,,1789003615801,,run_local,missing
630743,630743,/capstor/scratch/cscs/ybudanaz/x86_64/hpcagent-bench-runs/git-scicomp-20260909/630743/judge/rank-5/hpcagent_bench5.db,call,git-scicomp-kimi27sglang-repo.n0.p13.w13,git-scicomp-kimi27sglang-repo,0,0,13,13,warpx_boris_push,0,c,c,moonshotai/Kimi-K2.7-Code,fuzzed,float64,restricted,192,0,ok,1,,,29.62276929551163,,,0,c-autopar,gcc,score,,native,AMD Instinct MI300A Accelerator,,1789003616553,,run_local,missing
630743,630743,/capstor/scratch/cscs/ybudanaz/x86_64/hpcagent-bench-runs/git-scicomp-20260909/630743/judge/rank-5/hpcagent_bench5.db,call,git-scicomp-kimi27sglang-repo.n0.p13.w13,git-scicomp-kimi27sglang-repo,0,0,13,13,warpx_boris_push,0,c,c,moonshotai/Kimi-K2.7-Code,fuzzed,float64,restricted,193,0,ok,1,,,0.04813891718514967,,,0,c-autopar,gcc,score,,native,AMD Instinct MI300A Accelerator,,1789003617604,,run_local,missing
630743,630743,/capstor/scratch/cscs/ybudanaz/x86_64/hpcagent-bench-runs/git-scicomp-20260909/630743/judge/rank-5/hpcagent_bench5.db,call,git-scicomp-kimi27sglang-repo.n0.p13.w13,git-scicomp-kimi27sglang-repo,0,0,13,13,warpx_boris_push,0,c,c,moonshotai/Kimi-K2.7-Code,fuzzed,float64,restricted,194,0,ok,1,,,29.072599380485286,,,2684166,c-autopar,gcc,score,,native,AMD Instinct MI300A Accelerator,,1789004521780,,run_local,missing
630743,630743,/capstor/scratch/cscs/ybudanaz/x86_64/hpcagent-bench-runs/git-scicomp-20260909/630743/judge/rank-5/hpcagent_bench5.db,call,git-scicomp-kimi27sglang-repo.n0.p13.w13,git-scicomp-kimi27sglang-repo,0,0,13,13,warpx_boris_push,0,c,c,moonshotai/Kimi-K2.7-Code,fuzzed,float64,restricted,195,0,ok,1,,,21.4996993442842,,,0,c-autopar,gcc,score,,native,AMD Instinct MI300A Accelerator,,1789004649615,,run_local,missing
630743,630743,/capstor/scratch/cscs/ybudanaz/x86_64/hpcagent-bench-runs/git-scicomp-20260909/630743/judge/rank-5/hpcagent_bench5.db,call,git-scicomp-kimi27sglang-repo.n0.p13.w13,git-scicomp-kimi27sglang-repo,0,0,13,13,warpx_boris_push,0,c,c,moonshotai/Kimi-K2.7-Code,fuzzed,float64,restricted,196,0,ok,1,,,24.163493204320915,,,0,c-autopar,gcc,score,,native,AMD Instinct MI300A Accelerator,,1789004650599,,run_local,missing
630743,630743,/capstor/scratch/cscs/ybudanaz/x86_64/hpcagent-bench-runs/git-scicomp-20260909/630743/judge/rank-5/hpcagent_bench5.db,call,git-scicomp-kimi27sglang-repo.n0.p13.w13,git-scicomp-kimi27sglang-repo,0,0,13,13,warpx_boris_push,0,c,c,moonshotai/Kimi-K2.7-Code,fuzzed,float64,restricted,197,0,ok,1,,,26.889638295332457,,,0,c-autopar,gcc,score,,native,AMD Instinct MI300A Accelerator,,1789004651310,,run_local,missing
630743,630743,/capstor/scratch/cscs/ybudanaz/x86_64/hpcagent-bench-runs/git-scicomp-20260909/630743/judge/rank-5/hpcagent_bench5.db,call,git-scicomp-kimi27sglang-repo.n0.p13.w13,git-scicomp-kimi27sglang-repo,0,0,13,13,warpx_boris_push,0,c,c,moonshotai/Kimi-K2.7-Code,fuzzed,float64,restricted,198,0,ok,1,,,28.259252289549618,,,0,c-autopar,gcc,score,,native,AMD Instinct MI300A Accelerator,,1789004652149,,run_local,missing
630743,630743,/capstor/scratch/cscs/ybudanaz/x86_64/hpcagent-bench-runs/git-scicomp-20260909/630743/judge/rank-5/hpcagent_bench5.db,call,git-scicomp-kimi27sglang-repo.n0.p13.w13,git-scicomp-kimi27sglang-repo,0,0,13,13,warpx_boris_push,0,c,c,moonshotai/Kimi-K2.7-Code,fuzzed,float64,restricted,199,0,ok,1,,,26.444218781183597,,,0,c-autopar,gcc,score,,native,AMD Instinct MI300A Accelerator,,1789004653650,,run_local,missing
630743,630743,/capstor/scratch/cscs/ybudanaz/x86_64/hpcagent-bench-runs/git-scicomp-20260909/630743/judge/rank-5/hpcagent_bench5.db,call,git-scicomp-kimi27sglang-repo.n0.p13.w13,git-scicomp-kimi27sglang-repo,0,0,13,13,warpx_boris_push,0,c,c,moonshotai/Kimi-K2.7-Code,fuzzed,float64,restricted,200,0,ok,1,,,22.159595085144268,,,0,c-autopar,gcc,score,,native,AMD Instinct MI300A Accelerator,,1789004654620,,run_local,missing
630743,630743,/capstor/scratch/cscs/ybudanaz/x86_64/hpcagent-bench-runs/git-scicomp-20260909/630743/judge/rank-5/hpcagent_bench5.db,call,git-scicomp-kimi27sglang-repo.n0.p13.w13,git-scicomp-kimi27sglang-repo,0,0,13,13,warpx_boris_push,0,c,c,moonshotai/Kimi-K2.7-Code,fuzzed,float64,restricted,201,0,ok,1,,,18.479994421245213,,,0,c-autopar,gcc,score,,native,AMD Instinct MI300A Accelerator,,1789004655526,,run_local,missing
630743,630743,/capstor/scratch/cscs/ybudanaz/x86_64/hpcagent-bench-runs/git-scicomp-20260909/630743/judge/rank-5/hpcagent_bench5.db,call,git-scicomp-kimi27sglang-repo.n0.p13.w13,git-scicomp-kimi27sglang-repo,0,0,13,13,warpx_boris_push,0,c,c,moonshotai/Kimi-K2.7-Code,fuzzed,float64,restricted,202,0,ok,1,,,11.6446099844397,,,0,c-autopar,gcc,score,,native,AMD Instinct MI300A Accelerator,,1789004656199,,run_local,missing
630743,630743,/capstor/scratch/cscs/ybudanaz/x86_64/hpcagent-bench-runs/git-scicomp-20260909/630743/judge/rank-5/hpcagent_bench5.db,call,git-scicomp-kimi27sglang-repo.n0.p13.w13,git-scicomp-kimi27sglang-repo,0,0,13,13,warpx_boris_push,0,c,c,moonshotai/Kimi-K2.7-Code,fuzzed,float64,restricted,203,0,ok,1,,,10.097838366088078,,,0,c-autopar,gcc,score,,native,AMD Instinct MI300A Accelerator,,1789005011377,,run_local,missing
630743,630743,/capstor/scratch/cscs/ybudanaz/x86_64/hpcagent-bench-runs/git-scicomp-20260909/630743/judge/rank-5/hpcagent_bench5.db,call,git-scicomp-kimi27sglang-repo.n0.p13.w13,git-scicomp-kimi27sglang-repo,0,0,13,13,warpx_boris_push,0,c,c,moonshotai/Kimi-K2.7-Code,fuzzed,float64,restricted,204,0,ok,1,,,29.28425637025481,,,3253403,c-autopar,gcc,score,,native,AMD Instinct MI300A Accelerator,,1789006154487,,run_local,missing
630743,630743,/capstor/scratch/cscs/ybudanaz/x86_64/hpcagent-bench-runs/git-scicomp-20260909/630743/judge/rank-5/hpcagent_bench5.db,call,git-scicomp-kimi27sglang-repo.n0.p13.w13,git-scicomp-kimi27sglang-repo,0,0,13,13,warpx_boris_push,0,c,c,moonshotai/Kimi-K2.7-Code,fuzzed,float64,restricted,205,0,ok,1,,,6.346394953413743,,,0,c-autopar,gcc,score,,native,AMD Instinct MI300A Accelerator,,1789006493026,,run_local,missing
630743,630743,/capstor/scratch/cscs/ybudanaz/x86_64/hpcagent-bench-runs/git-scicomp-20260909/630743/judge/rank-5/hpcagent_bench5.db,call,git-scicomp-kimi27sglang-repo.n0.p13.w13,git-scicomp-kimi27sglang-repo,0,0,13,13,warpx_boris_push,0,c,c,moonshotai/Kimi-K2.7-Code,fuzzed,float64,restricted,206,0,ok,1,,,28.911771123461385,,,3554776,c-autopar,gcc,score,,native,AMD Instinct MI300A Accelerator,,1789007052289,,run_local,missing
630743,630743,/capstor/scratch/cscs/ybudanaz/x86_64/hpcagent-bench-runs/git-scicomp-20260909/630743/judge/rank-5/hpcagent_bench5.db,call,git-scicomp-kimi27sglang-repo.n0.p13.w13,git-scicomp-kimi27sglang-repo,0,0,13,13,warpx_boris_push,0,c,c,moonshotai/Kimi-K2.7-Code,fuzzed,float64,restricted,207,0,ok,1,,,30.30057842345978,,,3870657,c-autopar,gcc,score,,native,AMD Instinct MI300A Accelerator,,1789008613026,,run_local,missing
630743,630743,/capstor/scratch/cscs/ybudanaz/x86_64/hpcagent-bench-runs/git-scicomp-20260909/630743/judge/rank-5/hpcagent_bench5.db,call,git-scicomp-kimi27sglang-repo.n0.p13.w13,git-scicomp-kimi27sglang-repo,0,0,13,13,warpx_boris_push,0,c,c,moonshotai/Kimi-K2.7-Code,fuzzed,float64,restricted,208,0,ok,1,,,28.881805470751278,,,4086630,c-autopar,gcc,submit,,native,AMD Instinct MI300A Accelerator,,1789009023707,,run_local,missing
630743,630743,/capstor/scratch/cscs/ybudanaz/x86_64/hpcagent-bench-runs/git-scicomp-20260909/630743/judge/rank-5/hpcagent_bench5.db,call,git-scicomp-kimi27sglang-repo.n0.p21.w21,git-scicomp-kimi27sglang-repo,0,0,21,21,heat_3d,0,c,c,moonshotai/Kimi-K2.7-Code,fuzzed,float64,restricted,1,0,ok,1,,,4.201824940594778,,,197931,c-autopar,gcc,score,,native,AMD Instinct MI300A Accelerator,,1788992405381,,run_local,last_saved
630743,630743,/capstor/scratch/cscs/ybudanaz/x86_64/hpcagent-bench-runs/git-scicomp-20260909/630743/judge/rank-5/hpcagent_bench5.db,call,git-scicomp-kimi27sglang-repo.n0.p21.w21,git-scicomp-kimi27sglang-repo,0,0,21,21,heat_3d,0,c,c,moonshotai/Kimi-K2.7-Code,fuzzed,float64,restricted,2,0,ok,1,,,4.201443727648421,,,523275,c-autopar,gcc,score,,native,AMD Instinct MI300A Accelerator,,1788995301365,,run_local,last_saved
630743,630743,/capstor/scratch/cscs/ybudanaz/x86_64/hpcagent-bench-runs/git-scicomp-20260909/630743/judge/rank-5/hpcagent_bench5.db,call,git-scicomp-kimi27sglang-repo.n0.p21.w21,git-scicomp-kimi27sglang-repo,0,0,21,21,heat_3d,0,c,c,moonshotai/Kimi-K2.7-Code,fuzzed,float64,restricted,3,0,ok,1,,,4.198565083236253,,,1136681,c-autopar,gcc,score,,native,AMD Instinct MI300A Accelerator,,1789002166429,,run_local,last_saved
630743,630743,/capstor/scratch/cscs/ybudanaz/x86_64/hpcagent-bench-runs/git-scicomp-20260909/630743/judge/rank-5/hpcagent_bench5.db,call,git-scicomp-kimi27sglang-repo.n0.p21.w21,git-scicomp-kimi27sglang-repo,0,0,21,21,heat_3d,0,c,c,moonshotai/Kimi-K2.7-Code,fuzzed,float64,restricted,4,0,ok,1,,,4.200263009959606,,,1408532,c-autopar,gcc,score,,native,AMD Instinct MI300A Accelerator,,1789003697523,,run_local,last_saved
630743,630743,/capstor/scratch/cscs/ybudanaz/x86_64/hpcagent-bench-runs/git-scicomp-20260909/630743/judge/rank-5/hpcagent_bench5.db,call,git-scicomp-kimi27sglang-repo.n0.p21.w21,git-scicomp-kimi27sglang-repo,0,0,21,21,heat_3d,0,c,c,moonshotai/Kimi-K2.7-Code,fuzzed,float64,restricted,5,0,ok,1,,,4.134744054876108,,,1550813,c-autopar,gcc,score,,native,AMD Instinct MI300A Accelerator,,1789004216010,,run_local,last_saved
630743,630743,/capstor/scratch/cscs/ybudanaz/x86_64/hpcagent-bench-runs/git-scicomp-20260909/630743/judge/rank-5/hpcagent_bench5.db,call,git-scicomp-kimi27sglang-repo.n0.p21.w21,git-scicomp-kimi27sglang-repo,0,0,21,21,heat_3d,0,c,c,moonshotai/Kimi-K2.7-Code,fuzzed,float64,restricted,6,0,ok,1,,,4.205423928943182,,,1774641,c-autopar,gcc,score,,native,AMD Instinct MI300A Accelerator,,1789005437717,,run_local,last_saved
630743,630743,/capstor/scratch/cscs/ybudanaz/x86_64/hpcagent-bench-runs/git-scicomp-20260909/630743/judge/rank-5/hpcagent_bench5.db,call,git-scicomp-kimi27sglang-repo.n0.p21.w21,git-scicomp-kimi27sglang-repo,0,0,21,21,heat_3d,0,c,c,moonshotai/Kimi-K2.7-Code,fuzzed,float64,restricted,7,0,ok,1,,,4.1906155936008345,,,2346131,c-autopar,gcc,submit,,native,AMD Instinct MI300A Accelerator,,1789008612416,,run_local,last_saved
630743,630743,/capstor/scratch/cscs/ybudanaz/x86_64/hpcagent-bench-runs/git-scicomp-20260909/630743/judge/rank-5/hpcagent_bench5.db,call,git-scicomp-kimi27sglang-repo.n0.p29.w29,git-scicomp-kimi27sglang-repo,0,0,29,29,edge_laplacian,0,c,c,moonshotai/Kimi-K2.7-Code,fuzzed,float64,restricted,1,0,ok,1,,,23.01765597982341,,,148900,c-autopar,gcc,score,,native,AMD Instinct MI300A Accelerator,,1788992478656,,run_local,last_saved
630743,630743,/capstor/scratch/cscs/ybudanaz/x86_64/hpcagent-bench-runs/git-scicomp-20260909/630743/judge/rank-5/hpcagent_bench5.db,call,git-scicomp-kimi27sglang-repo.n0.p29.w29,git-scicomp-kimi27sglang-repo,0,0,29,29,edge_laplacian,0,c,c,moonshotai/Kimi-K2.7-Code,fuzzed,float64,restricted,2,0,ok,1,,,23.825552287113442,,,221105,c-autopar,gcc,score,,native,AMD Instinct MI300A Accelerator,,1788993790121,,run_local,last_saved
630743,630743,/capstor/scratch/cscs/ybudanaz/x86_64/hpcagent-bench-runs/git-scicomp-20260909/630743/judge/rank-5/hpcagent_bench5.db,call,git-scicomp-kimi27sglang-repo.n0.p29.w29,git-scicomp-kimi27sglang-repo,0,0,29,29,edge_laplacian,0,c,c,moonshotai/Kimi-K2.7-Code,fuzzed,float64,restricted,3,0,ok,1,,,23.379801237771822,,,312155,c-autopar,gcc,score,,native,AMD Instinct MI300A Accelerator,,1788994282820,,run_local,last_saved
630743,630743,/capstor/scratch/cscs/ybudanaz/x86_64/hpcagent-bench-runs/git-scicomp-20260909/630743/judge/rank-5/hpcagent_bench5.db,call,git-scicomp-kimi27sglang-repo.n0.p29.w29,git-scicomp-kimi27sglang-repo,0,0,29,29,edge_laplacian,0,c,c,moonshotai/Kimi-K2.7-Code,fuzzed,float64,restricted,4,0,ok,1,,,23.755262159728307,,,410971,c-autopar,gcc,score,,native,AMD Instinct MI300A Accelerator,,1788994586007,,run_local,last_saved
630743,630743,/capstor/scratch/cscs/ybudanaz/x86_64/hpcagent-bench-runs/git-scicomp-20260909/630743/judge/rank-5/hpcagent_bench5.db,call,git-scicomp-kimi27sglang-repo.n0.p29.w29,git-scicomp-kimi27sglang-repo,0,0,29,29,edge_laplacian,0,c,c,moonshotai/Kimi-K2.7-Code,fuzzed,float64,restricted,5,0,build_error,0,,,0.0,,,712507,c-autopar,gcc,score,,native,AMD Instinct MI300A Accelerator,,1788995981455,,run_local,last_saved
630743,630743,/capstor/scratch/cscs/ybudanaz/x86_64/hpcagent-bench-runs/git-scicomp-20260909/630743/judge/rank-5/hpcagent_bench5.db,call,git-scicomp-kimi27sglang-repo.n0.p29.w29,git-scicomp-kimi27sglang-repo,0,0,29,29,edge_laplacian,0,c,c,moonshotai/Kimi-K2.7-Code,fuzzed,float64,restricted,6,0,ok,1,,,24.03022353518383,,,797881,c-autopar,gcc,score,,native,AMD Instinct MI300A Accelerator,,1788996641432,,run_local,last_saved
630743,630743,/capstor/scratch/cscs/ybudanaz/x86_64/hpcagent-bench-runs/git-scicomp-20260909/630743/judge/rank-5/hpcagent_bench5.db,call,git-scicomp-kimi27sglang-repo.n0.p29.w29,git-scicomp-kimi27sglang-repo,0,0,29,29,edge_laplacian,0,c,c,moonshotai/Kimi-K2.7-Code,fuzzed,float64,restricted,7,0,ok,1,,,24.061598236415985,,,842145,c-autopar,gcc,score,,native,AMD Instinct MI300A Accelerator,,1788997201130,,run_local,last_saved
630743,630743,/capstor/scratch/cscs/ybudanaz/x86_64/hpcagent-bench-runs/git-scicomp-20260909/630743/judge/rank-5/hpcagent_bench5.db,call,git-scicomp-kimi27sglang-repo.n0.p29.w29,git-scicomp-kimi27sglang-repo,0,0,29,29,edge_laplacian,0,c,c,moonshotai/Kimi-K2.7-Code,fuzzed,float64,restricted,8,0,too_slow,0,,,0.0,,,985092,c-autopar,gcc,score,,native,AMD Instinct MI300A Accelerator,,1788998047822,,run_local,last_saved
630743,630743,/capstor/scratch/cscs/ybudanaz/x86_64/hpcagent-bench-runs/git-scicomp-20260909/630743/judge/rank-5/hpcagent_bench5.db,call,git-scicomp-kimi27sglang-repo.n0.p29.w29,git-scicomp-kimi27sglang-repo,0,0,29,29,edge_laplacian,0,c,c,moonshotai/Kimi-K2.7-Code,fuzzed,float64,restricted,9,0,ok,1,,,23.741758374175554,,,1148661,c-autopar,gcc,score,,native,AMD Instinct MI300A Accelerator,,1789000442079,,run_local,last_saved
630743,630743,/capstor/scratch/cscs/ybudanaz/x86_64/hpcagent-bench-runs/git-scicomp-20260909/630743/judge/rank-5/hpcagent_bench5.db,call,git-scicomp-kimi27sglang-repo.n0.p29.w29,git-scicomp-kimi27sglang-repo,0,0,29,29,edge_laplacian,0,c,c,moonshotai/Kimi-K2.7-Code,fuzzed,float64,restricted,10,0,ok,1,,,23.720433980859408,,,1206585,c-autopar,gcc,score,,native,AMD Instinct MI300A Accelerator,,1789000804538,,run_local,last_saved
630743,630743,/capstor/scratch/cscs/ybudanaz/x86_64/hpcagent-bench-runs/git-scicomp-20260909/630743/judge/rank-5/hpcagent_bench5.db,call,git-scicomp-kimi27sglang-repo.n0.p29.w29,git-scicomp-kimi27sglang-repo,0,0,29,29,edge_laplacian,0,c,c,moonshotai/Kimi-K2.7-Code,fuzzed,float64,restricted,11,0,score_error,0,,,0.0,,,1265860,c-autopar,gcc,submit,,native,AMD Instinct MI300A Accelerator,,1789001286608,,run_local,last_saved
630743,630743,/capstor/scratch/cscs/ybudanaz/x86_64/hpcagent-bench-runs/git-scicomp-20260909/630743/judge/rank-5/hpcagent_bench5.db,call,git-scicomp-kimi27sglang-repo.n0.p5.w5,git-scicomp-kimi27sglang-repo,0,0,5,5,dfa,0,c,c,moonshotai/Kimi-K2.7-Code,fuzzed,float64,restricted,1,0,ok,1,,,0.9966256073993635,,,68385,c-autopar,gcc,score,,native,AMD Instinct MI300A Accelerator,,1788990896705,,run_local,last_saved
630743,630743,/capstor/scratch/cscs/ybudanaz/x86_64/hpcagent-bench-runs/git-scicomp-20260909/630743/judge/rank-5/hpcagent_bench5.db,call,git-scicomp-kimi27sglang-repo.n0.p5.w5,git-scicomp-kimi27sglang-repo,0,0,5,5,dfa,0,c,c,moonshotai/Kimi-K2.7-Code,fuzzed,float64,restricted,2,0,incorrect,0,,,1.891073569522997,,,152351,c-autopar,gcc,score,,native,AMD Instinct MI300A Accelerator,,1788992642717,,run_local,last_saved
630743,630743,/capstor/scratch/cscs/ybudanaz/x86_64/hpcagent-bench-runs/git-scicomp-20260909/630743/judge/rank-5/hpcagent_bench5.db,call,git-scicomp-kimi27sglang-repo.n0.p5.w5,git-scicomp-kimi27sglang-repo,0,0,5,5,dfa,0,c,c,moonshotai/Kimi-K2.7-Code,fuzzed,float64,restricted,3,0,ok,1,,,1.6774248482367724,,,819872,c-autopar,gcc,score,,native,AMD Instinct MI300A Accelerator,,1788999087377,,run_local,last_saved
630743,630743,/capstor/scratch/cscs/ybudanaz/x86_64/hpcagent-bench-runs/git-scicomp-20260909/630743/judge/rank-5/hpcagent_bench5.db,call,git-scicomp-kimi27sglang-repo.n0.p5.w5,git-scicomp-kimi27sglang-repo,0,0,5,5,dfa,0,c,c,moonshotai/Kimi-K2.7-Code,fuzzed,float64,restricted,4,0,ok,1,,,1.6762108577537134,,,960563,c-autopar,gcc,score,,native,AMD Instinct MI300A Accelerator,,1789000945388,,run_local,last_saved
630743,630743,/capstor/scratch/cscs/ybudanaz/x86_64/hpcagent-bench-runs/git-scicomp-20260909/630743/judge/rank-5/hpcagent_bench5.db,call,git-scicomp-kimi27sglang-repo.n0.p5.w5,git-scicomp-kimi27sglang-repo,0,0,5,5,dfa,0,c,c,moonshotai/Kimi-K2.7-Code,fuzzed,float64,restricted,5,0,ok,1,,,1.8676903058611212,,,1496429,c-autopar,gcc,score,,native,AMD Instinct MI300A Accelerator,,1789003527025,,run_local,last_saved
630743,630743,/capstor/scratch/cscs/ybudanaz/x86_64/hpcagent-bench-runs/git-scicomp-20260909/630743/judge/rank-5/hpcagent_bench5.db,call,git-scicomp-kimi27sglang-repo.n0.p5.w5,git-scicomp-kimi27sglang-repo,0,0,5,5,dfa,0,c,c,moonshotai/Kimi-K2.7-Code,fuzzed,float64,restricted,6,0,ok,1,,,1.8569766295799592,,,1848104,c-autopar,gcc,score,,native,AMD Instinct MI300A Accelerator,,1789006575622,,run_local,last_saved
630743,630743,/capstor/scratch/cscs/ybudanaz/x86_64/hpcagent-bench-runs/git-scicomp-20260909/630743/judge/rank-5/hpcagent_bench5.db,call,git-scicomp-kimi27sglang-repo.n0.p5.w5,git-scicomp-kimi27sglang-repo,0,0,5,5,dfa,0,c,c,moonshotai/Kimi-K2.7-Code,fuzzed,float64,restricted,7,0,ok,1,,,1.8691256463683397,,,2359313,c-autopar,gcc,score,,native,AMD Instinct MI300A Accelerator,,1789008929504,,run_local,last_saved
630743,630743,/capstor/scratch/cscs/ybudanaz/x86_64/hpcagent-bench-runs/git-scicomp-20260909/630743/judge/rank-5/hpcagent_bench5.db,call,git-scicomp-kimi27sglang-repo.n0.p5.w5,git-scicomp-kimi27sglang-repo,0,0,5,5,dfa,0,c,c,moonshotai/Kimi-K2.7-Code,fuzzed,float64,restricted,8,0,ok,1,,,1.871744425227282,,,2448439,c-autopar,gcc,submit,,native,AMD Instinct MI300A Accelerator,,1789010403201,,run_local,last_saved
630743,630743,/capstor/scratch/cscs/ybudanaz/x86_64/hpcagent-bench-runs/git-scicomp-20260909/630743/judge/rank-5/hpcagent_bench5.db,submission,git-scicomp-kimi27sglang-repo.n0.p13.w13,git-scicomp-kimi27sglang-repo,0,0,13,13,warpx_boris_push,0,c,,moonshotai/Kimi-K2.7-Code,fuzzed,float64,restricted,1,1,,,,,28.881805470751278,2240415.0,72960.0,,c-autopar,,,0,native,AMD Instinct MI300A Accelerator,,1789009023477,6e/6eb0d3c6712edb07b5a83d03ac49ffc62bbb22074849245b5c6d792524da6163.txt,run_local,graded_attempt
630743,630743,/capstor/scratch/cscs/ybudanaz/x86_64/hpcagent-bench-runs/git-scicomp-20260909/630743/judge/rank-5/hpcagent_bench5.db,submission,git-scicomp-kimi27sglang-repo.n0.p21.w21,git-scicomp-kimi27sglang-repo,0,0,21,21,heat_3d,0,c,,moonshotai/Kimi-K2.7-Code,fuzzed,float64,restricted,1,1,,,,,4.1906155936008345,4068681756.0,968118326.0,,c-autopar,,,0,native,AMD Instinct MI300A Accelerator,,1789008612088,a6/a6b1ed918d57ef600081d47d173240e0a9f13d22bb781e161e24054544bad3fe.txt,run_local,graded_attempt
630743,630743,/capstor/scratch/cscs/ybudanaz/x86_64/hpcagent-bench-runs/git-scicomp-20260909/630743/judge/rank-5/hpcagent_bench5.db,submission,git-scicomp-kimi27sglang-repo.n0.p5.w5,git-scicomp-kimi27sglang-repo,0,0,5,5,dfa,0,c,,moonshotai/Kimi-K2.7-Code,fuzzed,float64,restricted,1,1,,,,,1.871744425227282,2327895863.0,1244251456.0,,c-autopar,,,0,native,AMD Instinct MI300A Accelerator,,1789010402913,31/31fa95b6e31bf5a85343b0374dad5fed3b7a774fcb33aa8242db2c3c83e018ef.txt,run_local,graded_attempt
630743,630743,/capstor/scratch/cscs/ybudanaz/x86_64/hpcagent-bench-runs/git-scicomp-20260909/630743/judge/rank-6/hpcagent_bench6.db,call,adhoc,adhoc,0,,,,warpx_boris_push,0,c,c,,fuzzed,float64,restricted,1,0,score_error,0,,,0.0,,,0,,gcc,score,,native,AMD Instinct MI300A Accelerator,,1788996340010,,run_local,missing
630743,630743,/capstor/scratch/cscs/ybudanaz/x86_64/hpcagent-bench-runs/git-scicomp-20260909/630743/judge/rank-6/hpcagent_bench6.db,call,git-scicomp-kimi27sglang-repo.n0.p14.w14,git-scicomp-kimi27sglang-repo,0,0,14,14,warpx_boris_push,0,c,c,moonshotai/Kimi-K2.7-Code,fuzzed,float64,restricted,1,0,incorrect,0,,,1.9349109879136392,,,279047,c-autopar,gcc,score,,native,AMD Instinct MI300A Accelerator,,1788992460396,,run_local,missing
630743,630743,/capstor/scratch/cscs/ybudanaz/x86_64/hpcagent-bench-runs/git-scicomp-20260909/630743/judge/rank-6/hpcagent_bench6.db,call,git-scicomp-kimi27sglang-repo.n0.p14.w14,git-scicomp-kimi27sglang-repo,0,0,14,14,warpx_boris_push,0,c,c,moonshotai/Kimi-K2.7-Code,fuzzed,float64,restricted,2,0,incorrect,0,,,1.9505318322678176,,,0,c-autopar,gcc,score,,native,AMD Instinct MI300A Accelerator,,1788996915499,,run_local,missing
630743,630743,/capstor/scratch/cscs/ybudanaz/x86_64/hpcagent-bench-runs/git-scicomp-20260909/630743/judge/rank-6/hpcagent_bench6.db,call,git-scicomp-kimi27sglang-repo.n0.p14.w14,git-scicomp-kimi27sglang-repo,0,0,14,14,warpx_boris_push,0,c,c,moonshotai/Kimi-K2.7-Code,fuzzed,float64,restricted,3,0,incorrect,0,,,1.9134675794997353,,,0,c-autopar,gcc,score,,native,AMD Instinct MI300A Accelerator,,1788996916048,,run_local,missing
630743,630743,/capstor/scratch/cscs/ybudanaz/x86_64/hpcagent-bench-runs/git-scicomp-20260909/630743/judge/rank-6/hpcagent_bench6.db,call,git-scicomp-kimi27sglang-repo.n0.p14.w14,git-scicomp-kimi27sglang-repo,0,0,14,14,warpx_boris_push,0,c,c,moonshotai/Kimi-K2.7-Code,fuzzed,float64,restricted,4,0,ok,1,,,1.8926822942542596,,,0,c-autopar,gcc,score,,native,AMD Instinct MI300A Accelerator,,1788996916492,,run_local,missing
630743,630743,/capstor/scratch/cscs/ybudanaz/x86_64/hpcagent-bench-runs/git-scicomp-20260909/630743/judge/rank-6/hpcagent_bench6.db,call,git-scicomp-kimi27sglang-repo.n0.p14.w14,git-scicomp-kimi27sglang-repo,0,0,14,14,warpx_boris_push,0,c,c,moonshotai/Kimi-K2.7-Code,fuzzed,float64,restricted,5,0,incorrect,0,,,1.9336991383107587,,,0,c-autopar,gcc,score,,native,AMD Instinct MI300A Accelerator,,1788996917009,,run_local,missing
630743,630743,/capstor/scratch/cscs/ybudanaz/x86_64/hpcagent-bench-runs/git-scicomp-20260909/630743/judge/rank-6/hpcagent_bench6.db,call,git-scicomp-kimi27sglang-repo.n0.p14.w14,git-scicomp-kimi27sglang-repo,0,0,14,14,warpx_boris_push,0,c,c,moonshotai/Kimi-K2.7-Code,fuzzed,float64,restricted,6,0,incorrect,0,,,1.938117714823776,,,0,c-autopar,gcc,score,,native,AMD Instinct MI300A Accelerator,,1788996917449,,run_local,missing
630743,630743,/capstor/scratch/cscs/ybudanaz/x86_64/hpcagent-bench-runs/git-scicomp-20260909/630743/judge/rank-6/hpcagent_bench6.db,call,git-scicomp-kimi27sglang-repo.n0.p14.w14,git-scicomp-kimi27sglang-repo,0,0,14,14,warpx_boris_push,0,c,c,moonshotai/Kimi-K2.7-Code,fuzzed,float64,restricted,7,0,incorrect,0,,,1.9384352943611538,,,0,c-autopar,gcc,score,,native,AMD Instinct MI300A Accelerator,,1788996918030,,run_local,missing
630743,630743,/capstor/scratch/cscs/ybudanaz/x86_64/hpcagent-bench-runs/git-scicomp-20260909/630743/judge/rank-6/hpcagent_bench6.db,call,git-scicomp-kimi27sglang-repo.n0.p14.w14,git-scicomp-kimi27sglang-repo,0,0,14,14,warpx_boris_push,0,c,c,moonshotai/Kimi-K2.7-Code,fuzzed,float64,restricted,8,0,incorrect,0,,,1.911401038158799,,,0,c-autopar,gcc,score,,native,AMD Instinct MI300A Accelerator,,1788996918609,,run_local,missing
630743,630743,/capstor/scratch/cscs/ybudanaz/x86_64/hpcagent-bench-runs/git-scicomp-20260909/630743/judge/rank-6/hpcagent_bench6.db,call,git-scicomp-kimi27sglang-repo.n0.p14.w14,git-scicomp-kimi27sglang-repo,0,0,14,14,warpx_boris_push,0,c,c,moonshotai/Kimi-K2.7-Code,fuzzed,float64,restricted,9,0,incorrect,0,,,1.918579837613783,,,0,c-autopar,gcc,score,,native,AMD Instinct MI300A Accelerator,,1788996919232,,run_local,missing
630743,630743,/capstor/scratch/cscs/ybudanaz/x86_64/hpcagent-bench-runs/git-scicomp-20260909/630743/judge/rank-6/hpcagent_bench6.db,call,git-scicomp-kimi27sglang-repo.n0.p14.w14,git-scicomp-kimi27sglang-repo,0,0,14,14,warpx_boris_push,0,c,c,moonshotai/Kimi-K2.7-Code,fuzzed,float64,restricted,10,0,incorrect,0,,,1.9218114877586234,,,0,c-autopar,gcc,score,,native,AMD Instinct MI300A Accelerator,,1788996919677,,run_local,missing
630743,630743,/capstor/scratch/cscs/ybudanaz/x86_64/hpcagent-bench-runs/git-scicomp-20260909/630743/judge/rank-6/hpcagent_bench6.db,call,git-scicomp-kimi27sglang-repo.n0.p14.w14,git-scicomp-kimi27sglang-repo,0,0,14,14,warpx_boris_push,0,c,c,moonshotai/Kimi-K2.7-Code,fuzzed,float64,restricted,11,0,incorrect,0,,,1.9393719239875475,,,0,c-autopar,gcc,score,,native,AMD Instinct MI300A Accelerator,,1788996920138,,run_local,missing
630743,630743,/capstor/scratch/cscs/ybudanaz/x86_64/hpcagent-bench-runs/git-scicomp-20260909/630743/judge/rank-6/hpcagent_bench6.db,call,git-scicomp-kimi27sglang-repo.n0.p14.w14,git-scicomp-kimi27sglang-repo,0,0,14,14,warpx_boris_push,0,c,c,moonshotai/Kimi-K2.7-Code,fuzzed,float64,restricted,12,0,incorrect,0,,,1.9250870184862894,,,0,c-autopar,gcc,score,,native,AMD Instinct MI300A Accelerator,,1788996920831,,run_local,missing
630743,630743,/capstor/scratch/cscs/ybudanaz/x86_64/hpcagent-bench-runs/git-scicomp-20260909/630743/judge/rank-6/hpcagent_bench6.db,call,git-scicomp-kimi27sglang-repo.n0.p14.w14,git-scicomp-kimi27sglang-repo,0,0,14,14,warpx_boris_push,0,c,c,moonshotai/Kimi-K2.7-Code,fuzzed,float64,restricted,13,0,incorrect,0,,,1.9450107648960546,,,0,c-autopar,gcc,score,,native,AMD Instinct MI300A Accelerator,,1788996922686,,run_local,missing
630743,630743,/capstor/scratch/cscs/ybudanaz/x86_64/hpcagent-bench-runs/git-scicomp-20260909/630743/judge/rank-6/hpcagent_bench6.db,call,git-scicomp-kimi27sglang-repo.n0.p14.w14,git-scicomp-kimi27sglang-repo,0,0,14,14,warpx_boris_push,0,c,c,moonshotai/Kimi-K2.7-Code,fuzzed,float64,restricted,14,0,incorrect,0,,,1.9244771554654443,,,0,c-autopar,gcc,score,,native,AMD Instinct MI300A Accelerator,,1788996923187,,run_local,missing
630743,630743,/capstor/scratch/cscs/ybudanaz/x86_64/hpcagent-bench-runs/git-scicomp-20260909/630743/judge/rank-6/hpcagent_bench6.db,call,git-scicomp-kimi27sglang-repo.n0.p14.w14,git-scicomp-kimi27sglang-repo,0,0,14,14,warpx_boris_push,0,c,c,moonshotai/Kimi-K2.7-Code,fuzzed,float64,restricted,15,0,ok,1,,,11.35582602017875,,,776098,c-autopar,gcc,score,,native,AMD Instinct MI300A Accelerator,,1788998268877,,run_local,missing
630743,630743,/capstor/scratch/cscs/ybudanaz/x86_64/hpcagent-bench-runs/git-scicomp-20260909/630743/judge/rank-6/hpcagent_bench6.db,call,git-scicomp-kimi27sglang-repo.n0.p14.w14,git-scicomp-kimi27sglang-repo,0,0,14,14,warpx_boris_push,0,c,c,moonshotai/Kimi-K2.7-Code,fuzzed,float64,restricted,16,0,ok,1,,,13.408438773257929,,,933938,c-autopar,gcc,score,,native,AMD Instinct MI300A Accelerator,,1788998518343,,run_local,missing
630743,630743,/capstor/scratch/cscs/ybudanaz/x86_64/hpcagent-bench-runs/git-scicomp-20260909/630743/judge/rank-6/hpcagent_bench6.db,call,git-scicomp-kimi27sglang-repo.n0.p14.w14,git-scicomp-kimi27sglang-repo,0,0,14,14,warpx_boris_push,0,c,c,moonshotai/Kimi-K2.7-Code,fuzzed,float64,restricted,17,0,ok,1,,,13.872707858857803,,,1211190,c-autopar,gcc,score,,native,AMD Instinct MI300A Accelerator,,1788999491847,,run_local,missing
630743,630743,/capstor/scratch/cscs/ybudanaz/x86_64/hpcagent-bench-runs/git-scicomp-20260909/630743/judge/rank-6/hpcagent_bench6.db,call,git-scicomp-kimi27sglang-repo.n0.p14.w14,git-scicomp-kimi27sglang-repo,0,0,14,14,warpx_boris_push,0,c,c,moonshotai/Kimi-K2.7-Code,fuzzed,float64,restricted,18,0,ok,1,,,12.715151240870957,,,1327329,c-autopar,gcc,score,,native,AMD Instinct MI300A Accelerator,,1788999873425,,run_local,missing
630743,630743,/capstor/scratch/cscs/ybudanaz/x86_64/hpcagent-bench-runs/git-scicomp-20260909/630743/judge/rank-6/hpcagent_bench6.db,call,git-scicomp-kimi27sglang-repo.n0.p14.w14,git-scicomp-kimi27sglang-repo,0,0,14,14,warpx_boris_push,0,c,c,moonshotai/Kimi-K2.7-Code,fuzzed,float64,restricted,19,0,ok,1,,,14.090119796139692,,,1445660,c-autopar,gcc,score,,native,AMD Instinct MI300A Accelerator,,1789000059571,,run_local,missing
630743,630743,/capstor/scratch/cscs/ybudanaz/x86_64/hpcagent-bench-runs/git-scicomp-20260909/630743/judge/rank-6/hpcagent_bench6.db,call,git-scicomp-kimi27sglang-repo.n0.p14.w14,git-scicomp-kimi27sglang-repo,0,0,14,14,warpx_boris_push,0,c,c,moonshotai/Kimi-K2.7-Code,fuzzed,float64,restricted,20,0,ok,1,,,0.08529601395972579,,,1505546,c-autopar,gcc,score,,native,AMD Instinct MI300A Accelerator,,1789000092520,,run_local,missing
630743,630743,/capstor/scratch/cscs/ybudanaz/x86_64/hpcagent-bench-runs/git-scicomp-20260909/630743/judge/rank-6/hpcagent_bench6.db,call,git-scicomp-kimi27sglang-repo.n0.p14.w14,git-scicomp-kimi27sglang-repo,0,0,14,14,warpx_boris_push,0,c,c,moonshotai/Kimi-K2.7-Code,fuzzed,float64,restricted,21,0,ok,1,,,13.619683574601135,,,1630018,c-autopar,gcc,score,,native,AMD Instinct MI300A Accelerator,,1789000954626,,run_local,missing
630743,630743,/capstor/scratch/cscs/ybudanaz/x86_64/hpcagent-bench-runs/git-scicomp-20260909/630743/judge/rank-6/hpcagent_bench6.db,call,git-scicomp-kimi27sglang-repo.n0.p14.w14,git-scicomp-kimi27sglang-repo,0,0,14,14,warpx_boris_push,0,c,c,moonshotai/Kimi-K2.7-Code,fuzzed,float64,restricted,22,0,ok,1,,,11.562665195089401,,,1694751,c-autopar,gcc,submit,,native,AMD Instinct MI300A Accelerator,,1789001237518,,run_local,missing
630743,630743,/capstor/scratch/cscs/ybudanaz/x86_64/hpcagent-bench-runs/git-scicomp-20260909/630743/judge/rank-6/hpcagent_bench6.db,call,git-scicomp-kimi27sglang-repo.n0.p22.w22,git-scicomp-kimi27sglang-repo,0,0,22,22,heat_3d,0,c,c,moonshotai/Kimi-K2.7-Code,fuzzed,float64,restricted,1,0,ok,1,,,4.390109947475105,,,83185,c-autopar,gcc,score,,native,AMD Instinct MI300A Accelerator,,1788991442389,,run_local,last_saved
630743,630743,/capstor/scratch/cscs/ybudanaz/x86_64/hpcagent-bench-runs/git-scicomp-20260909/630743/judge/rank-6/hpcagent_bench6.db,call,git-scicomp-kimi27sglang-repo.n0.p22.w22,git-scicomp-kimi27sglang-repo,0,0,22,22,heat_3d,0,c,c,moonshotai/Kimi-K2.7-Code,fuzzed,float64,restricted,2,0,ok,1,,,6.094007907777649,,,373911,c-autopar,gcc,score,,native,AMD Instinct MI300A Accelerator,,1788993373810,,run_local,last_saved
630743,630743,/capstor/scratch/cscs/ybudanaz/x86_64/hpcagent-bench-runs/git-scicomp-20260909/630743/judge/rank-6/hpcagent_bench6.db,call,git-scicomp-kimi27sglang-repo.n0.p22.w22,git-scicomp-kimi27sglang-repo,0,0,22,22,heat_3d,0,c,c,moonshotai/Kimi-K2.7-Code,fuzzed,float64,restricted,3,0,ok,1,,,0.9358316223473298,,,513712,c-autopar,gcc,score,,native,AMD Instinct MI300A Accelerator,,1788994245408,,run_local,last_saved
630743,630743,/capstor/scratch/cscs/ybudanaz/x86_64/hpcagent-bench-runs/git-scicomp-20260909/630743/judge/rank-6/hpcagent_bench6.db,call,git-scicomp-kimi27sglang-repo.n0.p22.w22,git-scicomp-kimi27sglang-repo,0,0,22,22,heat_3d,0,c,c,moonshotai/Kimi-K2.7-Code,fuzzed,float64,restricted,4,0,ok,1,,,7.309139406662181,,,670123,c-autopar,gcc,score,,native,AMD Instinct MI300A Accelerator,,1788995039418,,run_local,last_saved
630743,630743,/capstor/scratch/cscs/ybudanaz/x86_64/hpcagent-bench-runs/git-scicomp-20260909/630743/judge/rank-6/hpcagent_bench6.db,call,git-scicomp-kimi27sglang-repo.n0.p22.w22,git-scicomp-kimi27sglang-repo,0,0,22,22,heat_3d,0,c,c,moonshotai/Kimi-K2.7-Code,fuzzed,float64,restricted,5,0,ok,1,,,7.413705338630104,,,752777,c-autopar,gcc,score,,native,AMD Instinct MI300A Accelerator,,1788995121731,,run_local,last_saved
630743,630743,/capstor/scratch/cscs/ybudanaz/x86_64/hpcagent-bench-runs/git-scicomp-20260909/630743/judge/rank-6/hpcagent_bench6.db,call,git-scicomp-kimi27sglang-repo.n0.p22.w22,git-scicomp-kimi27sglang-repo,0,0,22,22,heat_3d,0,c,c,moonshotai/Kimi-K2.7-Code,fuzzed,float64,restricted,6,0,ok,1,,,7.164250649686122,,,836520,c-autopar,gcc,score,,native,AMD Instinct MI300A Accelerator,,1788995197865,,run_local,last_saved
630743,630743,/capstor/scratch/cscs/ybudanaz/x86_64/hpcagent-bench-runs/git-scicomp-20260909/630743/judge/rank-6/hpcagent_bench6.db,call,git-scicomp-kimi27sglang-repo.n0.p22.w22,git-scicomp-kimi27sglang-repo,0,0,22,22,heat_3d,0,c,c,moonshotai/Kimi-K2.7-Code,fuzzed,float64,restricted,7,0,ok,1,,,7.213514963653314,,,921415,c-autopar,gcc,score,,native,AMD Instinct MI300A Accelerator,,1788995303080,,run_local,last_saved
630743,630743,/capstor/scratch/cscs/ybudanaz/x86_64/hpcagent-bench-runs/git-scicomp-20260909/630743/judge/rank-6/hpcagent_bench6.db,call,git-scicomp-kimi27sglang-repo.n0.p22.w22,git-scicomp-kimi27sglang-repo,0,0,22,22,heat_3d,0,c,c,moonshotai/Kimi-K2.7-Code,fuzzed,float64,restricted,8,0,ok,1,,,6.506096324412951,,,1007418,c-autopar,gcc,score,,native,AMD Instinct MI300A Accelerator,,1788995367332,,run_local,last_saved
630743,630743,/capstor/scratch/cscs/ybudanaz/x86_64/hpcagent-bench-runs/git-scicomp-20260909/630743/judge/rank-6/hpcagent_bench6.db,call,git-scicomp-kimi27sglang-repo.n0.p22.w22,git-scicomp-kimi27sglang-repo,0,0,22,22,heat_3d,0,c,c,moonshotai/Kimi-K2.7-Code,fuzzed,float64,restricted,9,0,ok,1,,,7.200726678457532,,,1094411,c-autopar,gcc,score,,native,AMD Instinct MI300A Accelerator,,1788995432301,,run_local,last_saved
630743,630743,/capstor/scratch/cscs/ybudanaz/x86_64/hpcagent-bench-runs/git-scicomp-20260909/630743/judge/rank-6/hpcagent_bench6.db,call,git-scicomp-kimi27sglang-repo.n0.p22.w22,git-scicomp-kimi27sglang-repo,0,0,22,22,heat_3d,0,c,c,moonshotai/Kimi-K2.7-Code,fuzzed,float64,restricted,10,0,ok,1,,,7.095942257031817,,,1182424,c-autopar,gcc,score,,native,AMD Instinct MI300A Accelerator,,1788995494539,,run_local,last_saved
630743,630743,/capstor/scratch/cscs/ybudanaz/x86_64/hpcagent-bench-runs/git-scicomp-20260909/630743/judge/rank-6/hpcagent_bench6.db,call,git-scicomp-kimi27sglang-repo.n0.p22.w22,git-scicomp-kimi27sglang-repo,0,0,22,22,heat_3d,0,c,c,moonshotai/Kimi-K2.7-Code,fuzzed,float64,restricted,11,0,ok,1,,,7.254696887893119,,,1271451,c-autopar,gcc,score,,native,AMD Instinct MI300A Accelerator,,1788995562146,,run_local,last_saved
630743,630743,/capstor/scratch/cscs/ybudanaz/x86_64/hpcagent-bench-runs/git-scicomp-20260909/630743/judge/rank-6/hpcagent_bench6.db,call,git-scicomp-kimi27sglang-repo.n0.p22.w22,git-scicomp-kimi27sglang-repo,0,0,22,22,heat_3d,0,c,c,moonshotai/Kimi-K2.7-Code,fuzzed,float64,restricted,12,0,ok,1,,,6.949518250549365,,,1361562,c-autopar,gcc,score,,native,AMD Instinct MI300A Accelerator,,1788995673557,,run_local,last_saved
630743,630743,/capstor/scratch/cscs/ybudanaz/x86_64/hpcagent-bench-runs/git-scicomp-20260909/630743/judge/rank-6/hpcagent_bench6.db,call,git-scicomp-kimi27sglang-repo.n0.p22.w22,git-scicomp-kimi27sglang-repo,0,0,22,22,heat_3d,0,c,c,moonshotai/Kimi-K2.7-Code,fuzzed,float64,restricted,13,0,ok,1,,,7.374386947446661,,,1454673,c-autopar,gcc,score,,native,AMD Instinct MI300A Accelerator,,1788996231681,,run_local,last_saved
630743,630743,/capstor/scratch/cscs/ybudanaz/x86_64/hpcagent-bench-runs/git-scicomp-20260909/630743/judge/rank-6/hpcagent_bench6.db,call,git-scicomp-kimi27sglang-repo.n0.p22.w22,git-scicomp-kimi27sglang-repo,0,0,22,22,heat_3d,0,c,c,moonshotai/Kimi-K2.7-Code,fuzzed,float64,restricted,14,0,ok,1,,,7.334651211472009,,,1550708,c-autopar,gcc,score,,native,AMD Instinct MI300A Accelerator,,1788996294028,,run_local,last_saved
630743,630743,/capstor/scratch/cscs/ybudanaz/x86_64/hpcagent-bench-runs/git-scicomp-20260909/630743/judge/rank-6/hpcagent_bench6.db,call,git-scicomp-kimi27sglang-repo.n0.p22.w22,git-scicomp-kimi27sglang-repo,0,0,22,22,heat_3d,0,c,c,moonshotai/Kimi-K2.7-Code,fuzzed,float64,restricted,15,0,ok,1,,,7.41265249520751,,,1750466,c-autopar,gcc,score,,native,AMD Instinct MI300A Accelerator,,1788996991713,,run_local,last_saved
630743,630743,/capstor/scratch/cscs/ybudanaz/x86_64/hpcagent-bench-runs/git-scicomp-20260909/630743/judge/rank-6/hpcagent_bench6.db,call,git-scicomp-kimi27sglang-repo.n0.p22.w22,git-scicomp-kimi27sglang-repo,0,0,22,22,heat_3d,0,c,c,moonshotai/Kimi-K2.7-Code,fuzzed,float64,restricted,16,0,ok,1,,,7.405231062310867,,,1857906,c-autopar,gcc,score,,native,AMD Instinct MI300A Accelerator,,1788998057223,,run_local,last_saved
630743,630743,/capstor/scratch/cscs/ybudanaz/x86_64/hpcagent-bench-runs/git-scicomp-20260909/630743/judge/rank-6/hpcagent_bench6.db,call,git-scicomp-kimi27sglang-repo.n0.p22.w22,git-scicomp-kimi27sglang-repo,0,0,22,22,heat_3d,0,c,c,moonshotai/Kimi-K2.7-Code,fuzzed,float64,restricted,17,0,ok,1,,,0.9680057760163941,,,1977263,c-autopar,gcc,score,,native,AMD Instinct MI300A Accelerator,,1789000465184,,run_local,last_saved
630743,630743,/capstor/scratch/cscs/ybudanaz/x86_64/hpcagent-bench-runs/git-scicomp-20260909/630743/judge/rank-6/hpcagent_bench6.db,call,git-scicomp-kimi27sglang-repo.n0.p22.w22,git-scicomp-kimi27sglang-repo,0,0,22,22,heat_3d,0,c,c,moonshotai/Kimi-K2.7-Code,fuzzed,float64,restricted,18,0,ok,1,,,7.410662704134613,,,2171795,c-autopar,gcc,score,,native,AMD Instinct MI300A Accelerator,,1789001067655,,run_local,last_saved
630743,630743,/capstor/scratch/cscs/ybudanaz/x86_64/hpcagent-bench-runs/git-scicomp-20260909/630743/judge/rank-6/hpcagent_bench6.db,call,git-scicomp-kimi27sglang-repo.n0.p22.w22,git-scicomp-kimi27sglang-repo,0,0,22,22,heat_3d,0,c,c,moonshotai/Kimi-K2.7-Code,fuzzed,float64,restricted,19,0,ok,1,,,6.505432952752918,,,2376042,c-autopar,gcc,score,,native,AMD Instinct MI300A Accelerator,,1789002171130,,run_local,last_saved
630743,630743,/capstor/scratch/cscs/ybudanaz/x86_64/hpcagent-bench-runs/git-scicomp-20260909/630743/judge/rank-6/hpcagent_bench6.db,call,git-scicomp-kimi27sglang-repo.n0.p22.w22,git-scicomp-kimi27sglang-repo,0,0,22,22,heat_3d,0,c,c,moonshotai/Kimi-K2.7-Code,fuzzed,float64,restricted,20,0,ok,1,,,7.478419218899589,,,2520217,c-autopar,gcc,score,,native,AMD Instinct MI300A Accelerator,,1789002901886,,run_local,last_saved
630743,630743,/capstor/scratch/cscs/ybudanaz/x86_64/hpcagent-bench-runs/git-scicomp-20260909/630743/judge/rank-6/hpcagent_bench6.db,call,git-scicomp-kimi27sglang-repo.n0.p22.w22,git-scicomp-kimi27sglang-repo,0,0,22,22,heat_3d,0,c,c,moonshotai/Kimi-K2.7-Code,fuzzed,float64,restricted,21,0,ok,1,,,7.233204518191088,,,2667788,c-autopar,gcc,score,,native,AMD Instinct MI300A Accelerator,,1789003022528,,run_local,last_saved
630743,630743,/capstor/scratch/cscs/ybudanaz/x86_64/hpcagent-bench-runs/git-scicomp-20260909/630743/judge/rank-6/hpcagent_bench6.db,call,git-scicomp-kimi27sglang-repo.n0.p22.w22,git-scicomp-kimi27sglang-repo,0,0,22,22,heat_3d,0,c,c,moonshotai/Kimi-K2.7-Code,fuzzed,float64,restricted,22,0,ok,1,,,7.226918495474424,,,2816506,c-autopar,gcc,score,,native,AMD Instinct MI300A Accelerator,,1789003099168,,run_local,last_saved
630743,630743,/capstor/scratch/cscs/ybudanaz/x86_64/hpcagent-bench-runs/git-scicomp-20260909/630743/judge/rank-6/hpcagent_bench6.db,call,git-scicomp-kimi27sglang-repo.n0.p22.w22,git-scicomp-kimi27sglang-repo,0,0,22,22,heat_3d,0,c,c,moonshotai/Kimi-K2.7-Code,fuzzed,float64,restricted,23,0,ok,1,,,7.391348012993308,,,2976217,c-autopar,gcc,score,,native,AMD Instinct MI300A Accelerator,,1789005850190,,run_local,last_saved
630743,630743,/capstor/scratch/cscs/ybudanaz/x86_64/hpcagent-bench-runs/git-scicomp-20260909/630743/judge/rank-6/hpcagent_bench6.db,call,git-scicomp-kimi27sglang-repo.n0.p22.w22,git-scicomp-kimi27sglang-repo,0,0,22,22,heat_3d,0,c,c,moonshotai/Kimi-K2.7-Code,fuzzed,float64,restricted,24,0,ok,1,,,7.279236913867889,,,3146921,c-autopar,gcc,score,,native,AMD Instinct MI300A Accelerator,,1789005920285,,run_local,last_saved
630743,630743,/capstor/scratch/cscs/ybudanaz/x86_64/hpcagent-bench-runs/git-scicomp-20260909/630743/judge/rank-6/hpcagent_bench6.db,call,git-scicomp-kimi27sglang-repo.n0.p22.w22,git-scicomp-kimi27sglang-repo,0,0,22,22,heat_3d,0,c,c,moonshotai/Kimi-K2.7-Code,fuzzed,float64,restricted,25,0,ok,1,,,5.391416345794107,,,3405249,c-autopar,gcc,score,,native,AMD Instinct MI300A Accelerator,,1789006047368,,run_local,last_saved
630743,630743,/capstor/scratch/cscs/ybudanaz/x86_64/hpcagent-bench-runs/git-scicomp-20260909/630743/judge/rank-6/hpcagent_bench6.db,call,git-scicomp-kimi27sglang-repo.n0.p22.w22,git-scicomp-kimi27sglang-repo,0,0,22,22,heat_3d,0,c,c,moonshotai/Kimi-K2.7-Code,fuzzed,float64,restricted,26,0,ok,1,,,7.5224414701876245,,,3667808,c-autopar,gcc,score,,native,AMD Instinct MI300A Accelerator,,1789006501466,,run_local,last_saved
630743,630743,/capstor/scratch/cscs/ybudanaz/x86_64/hpcagent-bench-runs/git-scicomp-20260909/630743/judge/rank-6/hpcagent_bench6.db,call,git-scicomp-kimi27sglang-repo.n0.p22.w22,git-scicomp-kimi27sglang-repo,0,0,22,22,heat_3d,0,c,c,moonshotai/Kimi-K2.7-Code,fuzzed,float64,restricted,27,0,ok,1,,,7.512314513080628,,,3845955,c-autopar,gcc,score,,native,AMD Instinct MI300A Accelerator,,1789006623552,,run_local,last_saved
630743,630743,/capstor/scratch/cscs/ybudanaz/x86_64/hpcagent-bench-runs/git-scicomp-20260909/630743/judge/rank-6/hpcagent_bench6.db,call,git-scicomp-kimi27sglang-repo.n0.p22.w22,git-scicomp-kimi27sglang-repo,0,0,22,22,heat_3d,0,c,c,moonshotai/Kimi-K2.7-Code,fuzzed,float64,restricted,28,0,ok,1,,,2.567422938857557,,,4025979,c-autopar,gcc,score,,native,AMD Instinct MI300A Accelerator,,1789006795834,,run_local,last_saved
630743,630743,/capstor/scratch/cscs/ybudanaz/x86_64/hpcagent-bench-runs/git-scicomp-20260909/630743/judge/rank-6/hpcagent_bench6.db,call,git-scicomp-kimi27sglang-repo.n0.p22.w22,git-scicomp-kimi27sglang-repo,0,0,22,22,heat_3d,0,c,c,moonshotai/Kimi-K2.7-Code,fuzzed,float64,restricted,29,0,ok,1,,,7.5270242120672,,,4208139,c-autopar,gcc,score,,native,AMD Instinct MI300A Accelerator,,1789006970721,,run_local,last_saved
630743,630743,/capstor/scratch/cscs/ybudanaz/x86_64/hpcagent-bench-runs/git-scicomp-20260909/630743/judge/rank-6/hpcagent_bench6.db,call,git-scicomp-kimi27sglang-repo.n0.p22.w22,git-scicomp-kimi27sglang-repo,0,0,22,22,heat_3d,0,c,c,moonshotai/Kimi-K2.7-Code,fuzzed,float64,restricted,30,0,ok,1,,,5.00164446525647,,,4391870,c-autopar,gcc,score,,native,AMD Instinct MI300A Accelerator,,1789007038808,,run_local,last_saved
630743,630743,/capstor/scratch/cscs/ybudanaz/x86_64/hpcagent-bench-runs/git-scicomp-20260909/630743/judge/rank-6/hpcagent_bench6.db,call,git-scicomp-kimi27sglang-repo.n0.p22.w22,git-scicomp-kimi27sglang-repo,0,0,22,22,heat_3d,0,c,c,moonshotai/Kimi-K2.7-Code,fuzzed,float64,restricted,31,0,ok,1,,,7.520135287029182,,,4672672,c-autopar,gcc,score,,native,AMD Instinct MI300A Accelerator,,1789007591182,,run_local,last_saved
630743,630743,/capstor/scratch/cscs/ybudanaz/x86_64/hpcagent-bench-runs/git-scicomp-20260909/630743/judge/rank-6/hpcagent_bench6.db,call,git-scicomp-kimi27sglang-repo.n0.p22.w22,git-scicomp-kimi27sglang-repo,0,0,22,22,heat_3d,0,c,c,moonshotai/Kimi-K2.7-Code,fuzzed,float64,restricted,32,0,ok,1,,,0.6271973574696718,,,4767916,c-autopar,gcc,score,,native,AMD Instinct MI300A Accelerator,,1789008026377,,run_local,last_saved
630743,630743,/capstor/scratch/cscs/ybudanaz/x86_64/hpcagent-bench-runs/git-scicomp-20260909/630743/judge/rank-6/hpcagent_bench6.db,call,git-scicomp-kimi27sglang-repo.n0.p22.w22,git-scicomp-kimi27sglang-repo,0,0,22,22,heat_3d,0,c,c,moonshotai/Kimi-K2.7-Code,fuzzed,float64,restricted,33,0,incorrect,0,,,12.229035417789841,,,5352269,c-autopar,gcc,score,,native,AMD Instinct MI300A Accelerator,,1789013580725,,run_local,last_saved
630743,630743,/capstor/scratch/cscs/ybudanaz/x86_64/hpcagent-bench-runs/git-scicomp-20260909/630743/judge/rank-6/hpcagent_bench6.db,call,git-scicomp-kimi27sglang-repo.n0.p22.w22,git-scicomp-kimi27sglang-repo,0,0,22,22,heat_3d,0,c,c,moonshotai/Kimi-K2.7-Code,fuzzed,float64,restricted,34,0,incorrect,0,,,11.71373707661501,,,5612688,c-autopar,gcc,score,,native,AMD Instinct MI300A Accelerator,,1789016420163,,run_local,last_saved
630743,630743,/capstor/scratch/cscs/ybudanaz/x86_64/hpcagent-bench-runs/git-scicomp-20260909/630743/judge/rank-6/hpcagent_bench6.db,call,git-scicomp-kimi27sglang-repo.n0.p22.w22,git-scicomp-kimi27sglang-repo,0,0,22,22,heat_3d,0,c,c,moonshotai/Kimi-K2.7-Code,fuzzed,float64,restricted,35,0,ok,1,,,7.502920816524208,,,7222025,c-autopar,gcc,score,,native,AMD Instinct MI300A Accelerator,,1789019766764,,run_local,last_saved
630743,630743,/capstor/scratch/cscs/ybudanaz/x86_64/hpcagent-bench-runs/git-scicomp-20260909/630743/judge/rank-6/hpcagent_bench6.db,call,git-scicomp-kimi27sglang-repo.n0.p22.w22,git-scicomp-kimi27sglang-repo,0,0,22,22,heat_3d,0,c,c,moonshotai/Kimi-K2.7-Code,fuzzed,float64,restricted,36,0,ok,1,,,7.389178030348253,,,7376917,c-autopar,gcc,submit,,native,AMD Instinct MI300A Accelerator,,1789021526567,,run_local,last_saved
630743,630743,/capstor/scratch/cscs/ybudanaz/x86_64/hpcagent-bench-runs/git-scicomp-20260909/630743/judge/rank-6/hpcagent_bench6.db,call,git-scicomp-kimi27sglang-repo.n0.p6.w6,git-scicomp-kimi27sglang-repo,0,0,6,6,kmp,0,c,c,moonshotai/Kimi-K2.7-Code,fuzzed,float64,restricted,1,0,ok,1,,,0.9638908236338328,,,60811,c-autopar,gcc,score,,native,AMD Instinct MI300A Accelerator,,1788991033099,,run_local,last_saved
630743,630743,/capstor/scratch/cscs/ybudanaz/x86_64/hpcagent-bench-runs/git-scicomp-20260909/630743/judge/rank-6/hpcagent_bench6.db,call,git-scicomp-kimi27sglang-repo.n0.p6.w6,git-scicomp-kimi27sglang-repo,0,0,6,6,kmp,0,c,c,moonshotai/Kimi-K2.7-Code,fuzzed,float64,restricted,2,0,ok,1,,,1.6301727094611822,,,381464,c-autopar,gcc,score,,native,AMD Instinct MI300A Accelerator,,1788995692398,,run_local,last_saved
630743,630743,/capstor/scratch/cscs/ybudanaz/x86_64/hpcagent-bench-runs/git-scicomp-20260909/630743/judge/rank-6/hpcagent_bench6.db,call,git-scicomp-kimi27sglang-repo.n0.p6.w6,git-scicomp-kimi27sglang-repo,0,0,6,6,kmp,0,c,c,moonshotai/Kimi-K2.7-Code,fuzzed,float64,restricted,3,0,incorrect,0,,,5.519287308625918,,,595654,c-autopar,gcc,score,,native,AMD Instinct MI300A Accelerator,,1789000625122,,run_local,last_saved
630743,630743,/capstor/scratch/cscs/ybudanaz/x86_64/hpcagent-bench-runs/git-scicomp-20260909/630743/judge/rank-6/hpcagent_bench6.db,call,git-scicomp-kimi27sglang-repo.n0.p6.w6,git-scicomp-kimi27sglang-repo,0,0,6,6,kmp,0,c,c,moonshotai/Kimi-K2.7-Code,fuzzed,float64,restricted,4,0,incorrect,0,,,4.258556002980453,,,769485,c-autopar,gcc,score,,native,AMD Instinct MI300A Accelerator,,1789003488856,,run_local,last_saved
630743,630743,/capstor/scratch/cscs/ybudanaz/x86_64/hpcagent-bench-runs/git-scicomp-20260909/630743/judge/rank-6/hpcagent_bench6.db,call,git-scicomp-kimi27sglang-repo.n0.p6.w6,git-scicomp-kimi27sglang-repo,0,0,6,6,kmp,0,c,c,moonshotai/Kimi-K2.7-Code,fuzzed,float64,restricted,5,0,incorrect,0,,,4.383884275589963,,,1295352,c-autopar,gcc,score,,native,AMD Instinct MI300A Accelerator,,1789006483220,,run_local,last_saved
630743,630743,/capstor/scratch/cscs/ybudanaz/x86_64/hpcagent-bench-runs/git-scicomp-20260909/630743/judge/rank-6/hpcagent_bench6.db,call,git-scicomp-kimi27sglang-repo.n0.p6.w6,git-scicomp-kimi27sglang-repo,0,0,6,6,kmp,0,c,c,moonshotai/Kimi-K2.7-Code,fuzzed,float64,restricted,6,0,ok,1,,,7.001463688667392,,,5927388,c-autopar,gcc,score,,native,AMD Instinct MI300A Accelerator,,1789014145319,,run_local,last_saved
630743,630743,/capstor/scratch/cscs/ybudanaz/x86_64/hpcagent-bench-runs/git-scicomp-20260909/630743/judge/rank-6/hpcagent_bench6.db,call,git-scicomp-kimi27sglang-repo.n0.p6.w6,git-scicomp-kimi27sglang-repo,0,0,6,6,kmp,0,c,c,moonshotai/Kimi-K2.7-Code,fuzzed,float64,restricted,7,0,ok,1,,,9.833570318589345,,,7462667,c-autopar,gcc,score,,native,AMD Instinct MI300A Accelerator,,1789016781473,,run_local,last_saved
630743,630743,/capstor/scratch/cscs/ybudanaz/x86_64/hpcagent-bench-runs/git-scicomp-20260909/630743/judge/rank-6/hpcagent_bench6.db,call,git-scicomp-kimi27sglang-repo.n0.p6.w6,git-scicomp-kimi27sglang-repo,0,0,6,6,kmp,0,c,c,moonshotai/Kimi-K2.7-Code,fuzzed,float64,restricted,8,0,ok,1,,,10.696847981244638,,,8059057,c-autopar,gcc,score,,native,AMD Instinct MI300A Accelerator,,1789018051385,,run_local,last_saved
630743,630743,/capstor/scratch/cscs/ybudanaz/x86_64/hpcagent-bench-runs/git-scicomp-20260909/630743/judge/rank-6/hpcagent_bench6.db,call,git-scicomp-kimi27sglang-repo.n0.p6.w6,git-scicomp-kimi27sglang-repo,0,0,6,6,kmp,0,c,c,moonshotai/Kimi-K2.7-Code,fuzzed,float64,restricted,9,0,ok,1,,,9.959495593406631,,,8364881,c-autopar,gcc,submit,,native,AMD Instinct MI300A Accelerator,,1789019490293,,run_local,last_saved
630743,630743,/capstor/scratch/cscs/ybudanaz/x86_64/hpcagent-bench-runs/git-scicomp-20260909/630743/judge/rank-6/hpcagent_bench6.db,submission,git-scicomp-kimi27sglang-repo.n0.p14.w14,git-scicomp-kimi27sglang-repo,0,0,14,14,warpx_boris_push,0,c,,moonshotai/Kimi-K2.7-Code,fuzzed,float64,restricted,1,1,,,,,11.562665195089401,2253616.0,147791.0,,c-autopar,,,0,native,AMD Instinct MI300A Accelerator,,1789001237341,1c/1cb68d44f6b57207b38f41f8ca98e06d232b335eee4e85dd4da89f4cb1c3781d.txt,run_local,graded_attempt
630743,630743,/capstor/scratch/cscs/ybudanaz/x86_64/hpcagent-bench-runs/git-scicomp-20260909/630743/judge/rank-6/hpcagent_bench6.db,submission,git-scicomp-kimi27sglang-repo.n0.p22.w22,git-scicomp-kimi27sglang-repo,0,0,22,22,heat_3d,0,c,,moonshotai/Kimi-K2.7-Code,fuzzed,float64,restricted,1,1,,,,,7.389178030348253,4155368152.0,557472741.0,,c-autopar,,,0,native,AMD Instinct MI300A Accelerator,,1789021526399,26/2683a1820fcb619400fca8048a420fd0fe343e5018796f8697c9ebe0542b1284.txt,run_local,graded_attempt
630743,630743,/capstor/scratch/cscs/ybudanaz/x86_64/hpcagent-bench-runs/git-scicomp-20260909/630743/judge/rank-6/hpcagent_bench6.db,submission,git-scicomp-kimi27sglang-repo.n0.p6.w6,git-scicomp-kimi27sglang-repo,0,0,6,6,kmp,0,c,,moonshotai/Kimi-K2.7-Code,fuzzed,float64,restricted,1,1,,,,,9.959495593406631,1823217689.0,180760377.0,,c-autopar,,,0,native,AMD Instinct MI300A Accelerator,,1789019489956,9a/9adbbb5f657f7a14b72ee4f6aab0b7a3ee9b8baaeb7912aa4cddc80dc02ff486.txt,run_local,graded_attempt
630743,630743,/capstor/scratch/cscs/ybudanaz/x86_64/hpcagent-bench-runs/git-scicomp-20260909/630743/judge/rank-7/hpcagent_bench7.db,attempt,git-scicomp-kimi27sglang-repo.n0.p15.w15,git-scicomp-kimi27sglang-repo,0,0,15,15,fdtd_2d,0,c,,moonshotai/Kimi-K2.7-Code,fuzzed,float64,restricted,1,0,,0,1,score_error,,,,,,,,,native,AMD Instinct MI300A Accelerator,,1789023645305,03/03b5df5811656e9611ad1830b1817821507b0a1fd13b395164ef3b0bf8a89c04.txt,run_local,graded_attempt
630743,630743,/capstor/scratch/cscs/ybudanaz/x86_64/hpcagent-bench-runs/git-scicomp-20260909/630743/judge/rank-7/hpcagent_bench7.db,attempt,git-scicomp-kimi27sglang-repo.n0.p23.w23,git-scicomp-kimi27sglang-repo,0,0,23,23,heat_3d,0,c,,moonshotai/Kimi-K2.7-Code,fuzzed,float64,restricted,1,0,,0,1,score_error,,,,,,,,,native,AMD Instinct MI300A Accelerator,,1789006349204,76/76ba597a413eaecf5c100d64f369ff5a4a0de0d9aa29594ddf7e86bd75a3c2d7.txt,run_local,graded_attempt
630743,630743,/capstor/scratch/cscs/ybudanaz/x86_64/hpcagent-bench-runs/git-scicomp-20260909/630743/judge/rank-7/hpcagent_bench7.db,call,git-scicomp-kimi27sglang-repo.n0.p15.w15,git-scicomp-kimi27sglang-repo,0,0,15,15,fdtd_2d,0,c,c,moonshotai/Kimi-K2.7-Code,fuzzed,float64,restricted,1,0,ok,1,,,1.0013908685920538,,,140416,c-autopar,gcc,score,,native,AMD Instinct MI300A Accelerator,,1788991531036,,run_local,last_saved
630743,630743,/capstor/scratch/cscs/ybudanaz/x86_64/hpcagent-bench-runs/git-scicomp-20260909/630743/judge/rank-7/hpcagent_bench7.db,call,git-scicomp-kimi27sglang-repo.n0.p15.w15,git-scicomp-kimi27sglang-repo,0,0,15,15,fdtd_2d,0,c,c,moonshotai/Kimi-K2.7-Code,fuzzed,float64,restricted,2,0,incorrect,0,,,4.63023623871147,,,409151,c-autopar,gcc,score,,native,AMD Instinct MI300A Accelerator,,1788997889467,,run_local,last_saved
630743,630743,/capstor/scratch/cscs/ybudanaz/x86_64/hpcagent-bench-runs/git-scicomp-20260909/630743/judge/rank-7/hpcagent_bench7.db,call,git-scicomp-kimi27sglang-repo.n0.p15.w15,git-scicomp-kimi27sglang-repo,0,0,15,15,fdtd_2d,0,c,c,moonshotai/Kimi-K2.7-Code,fuzzed,float64,restricted,3,0,incorrect,0,,,4.6040371870884345,,,1047756,c-autopar,gcc,score,,native,AMD Instinct MI300A Accelerator,,1789002564867,,run_local,last_saved
630743,630743,/capstor/scratch/cscs/ybudanaz/x86_64/hpcagent-bench-runs/git-scicomp-20260909/630743/judge/rank-7/hpcagent_bench7.db,call,git-scicomp-kimi27sglang-repo.n0.p15.w15,git-scicomp-kimi27sglang-repo,0,0,15,15,fdtd_2d,0,c,c,moonshotai/Kimi-K2.7-Code,fuzzed,float64,restricted,4,0,incorrect,0,,,3.2490148274218007,,,1624080,c-autopar,gcc,score,,native,AMD Instinct MI300A Accelerator,,1789005327412,,run_local,last_saved
630743,630743,/capstor/scratch/cscs/ybudanaz/x86_64/hpcagent-bench-runs/git-scicomp-20260909/630743/judge/rank-7/hpcagent_bench7.db,call,git-scicomp-kimi27sglang-repo.n0.p15.w15,git-scicomp-kimi27sglang-repo,0,0,15,15,fdtd_2d,0,c,c,moonshotai/Kimi-K2.7-Code,fuzzed,float64,restricted,5,0,ok,1,,,2.437366470267698,,,2033611,c-autopar,gcc,score,,native,AMD Instinct MI300A Accelerator,,1789007218553,,run_local,last_saved
630743,630743,/capstor/scratch/cscs/ybudanaz/x86_64/hpcagent-bench-runs/git-scicomp-20260909/630743/judge/rank-7/hpcagent_bench7.db,call,git-scicomp-kimi27sglang-repo.n0.p15.w15,git-scicomp-kimi27sglang-repo,0,0,15,15,fdtd_2d,0,c,c,moonshotai/Kimi-K2.7-Code,fuzzed,float64,restricted,6,0,ok,1,,,2.2164285399060586,,,2294615,c-autopar,gcc,score,,native,AMD Instinct MI300A Accelerator,,1789008300363,,run_local,last_saved
630743,630743,/capstor/scratch/cscs/ybudanaz/x86_64/hpcagent-bench-runs/git-scicomp-20260909/630743/judge/rank-7/hpcagent_bench7.db,call,git-scicomp-kimi27sglang-repo.n0.p15.w15,git-scicomp-kimi27sglang-repo,0,0,15,15,fdtd_2d,0,c,c,moonshotai/Kimi-K2.7-Code,fuzzed,float64,restricted,7,0,ok,1,,,1.527485877098497,,,2472340,c-autopar,gcc,score,,native,AMD Instinct MI300A Accelerator,,1789008369729,,run_local,last_saved
630743,630743,/capstor/scratch/cscs/ybudanaz/x86_64/hpcagent-bench-runs/git-scicomp-20260909/630743/judge/rank-7/hpcagent_bench7.db,call,git-scicomp-kimi27sglang-repo.n0.p15.w15,git-scicomp-kimi27sglang-repo,0,0,15,15,fdtd_2d,0,c,c,moonshotai/Kimi-K2.7-Code,fuzzed,float64,restricted,8,0,ok,1,,,1.9703178479057069,,,2761947,c-autopar,gcc,score,,native,AMD Instinct MI300A Accelerator,,1789011408131,,run_local,last_saved
630743,630743,/capstor/scratch/cscs/ybudanaz/x86_64/hpcagent-bench-runs/git-scicomp-20260909/630743/judge/rank-7/hpcagent_bench7.db,call,git-scicomp-kimi27sglang-repo.n0.p15.w15,git-scicomp-kimi27sglang-repo,0,0,15,15,fdtd_2d,0,c,c,moonshotai/Kimi-K2.7-Code,fuzzed,float64,restricted,9,0,score_error,0,,,0.0,,,2974128,,gcc,score,,native,AMD Instinct MI300A Accelerator,,1789012397079,,run_local,last_saved
630743,630743,/capstor/scratch/cscs/ybudanaz/x86_64/hpcagent-bench-runs/git-scicomp-20260909/630743/judge/rank-7/hpcagent_bench7.db,call,git-scicomp-kimi27sglang-repo.n0.p15.w15,git-scicomp-kimi27sglang-repo,0,0,15,15,fdtd_2d,0,c,c,moonshotai/Kimi-K2.7-Code,fuzzed,float64,restricted,10,0,incorrect,0,,,1.3318609570362772,,,3191528,c-autopar,gcc,score,,native,AMD Instinct MI300A Accelerator,,1789012494501,,run_local,last_saved
630743,630743,/capstor/scratch/cscs/ybudanaz/x86_64/hpcagent-bench-runs/git-scicomp-20260909/630743/judge/rank-7/hpcagent_bench7.db,call,git-scicomp-kimi27sglang-repo.n0.p15.w15,git-scicomp-kimi27sglang-repo,0,0,15,15,fdtd_2d,0,c,c,moonshotai/Kimi-K2.7-Code,fuzzed,float64,restricted,11,0,ok,1,,,2.4179659802202003,,,3638826,c-autopar,gcc,score,,native,AMD Instinct MI300A Accelerator,,1789013179708,,run_local,last_saved
630743,630743,/capstor/scratch/cscs/ybudanaz/x86_64/hpcagent-bench-runs/git-scicomp-20260909/630743/judge/rank-7/hpcagent_bench7.db,call,git-scicomp-kimi27sglang-repo.n0.p15.w15,git-scicomp-kimi27sglang-repo,0,0,15,15,fdtd_2d,0,c,c,moonshotai/Kimi-K2.7-Code,fuzzed,float64,restricted,12,0,ok,1,,,3.222925202092358,,,3987395,c-autopar,gcc,score,,native,AMD Instinct MI300A Accelerator,,1789014231803,,run_local,last_saved
630743,630743,/capstor/scratch/cscs/ybudanaz/x86_64/hpcagent-bench-runs/git-scicomp-20260909/630743/judge/rank-7/hpcagent_bench7.db,call,git-scicomp-kimi27sglang-repo.n0.p15.w15,git-scicomp-kimi27sglang-repo,0,0,15,15,fdtd_2d,0,c,c,moonshotai/Kimi-K2.7-Code,fuzzed,float64,restricted,13,0,ok,1,,,2.502092567488541,,,4607182,c-autopar,gcc,score,,native,AMD Instinct MI300A Accelerator,,1789015275874,,run_local,last_saved
630743,630743,/capstor/scratch/cscs/ybudanaz/x86_64/hpcagent-bench-runs/git-scicomp-20260909/630743/judge/rank-7/hpcagent_bench7.db,call,git-scicomp-kimi27sglang-repo.n0.p15.w15,git-scicomp-kimi27sglang-repo,0,0,15,15,fdtd_2d,0,c,c,moonshotai/Kimi-K2.7-Code,fuzzed,float64,restricted,14,0,ok,1,,,3.816763188314583,,,4859412,c-autopar,gcc,score,,native,AMD Instinct MI300A Accelerator,,1789015345048,,run_local,last_saved
630743,630743,/capstor/scratch/cscs/ybudanaz/x86_64/hpcagent-bench-runs/git-scicomp-20260909/630743/judge/rank-7/hpcagent_bench7.db,call,git-scicomp-kimi27sglang-repo.n0.p15.w15,git-scicomp-kimi27sglang-repo,0,0,15,15,fdtd_2d,0,c,c,moonshotai/Kimi-K2.7-Code,fuzzed,float64,restricted,15,0,ok,1,,,3.671981361138312,,,5113039,c-autopar,gcc,score,,native,AMD Instinct MI300A Accelerator,,1789015469599,,run_local,last_saved
630743,630743,/capstor/scratch/cscs/ybudanaz/x86_64/hpcagent-bench-runs/git-scicomp-20260909/630743/judge/rank-7/hpcagent_bench7.db,call,git-scicomp-kimi27sglang-repo.n0.p15.w15,git-scicomp-kimi27sglang-repo,0,0,15,15,fdtd_2d,0,c,c,moonshotai/Kimi-K2.7-Code,fuzzed,float64,restricted,16,0,ok,1,,,3.5313122471215346,,,5368089,c-autopar,gcc,score,,native,AMD Instinct MI300A Accelerator,,1789015557485,,run_local,last_saved
630743,630743,/capstor/scratch/cscs/ybudanaz/x86_64/hpcagent-bench-runs/git-scicomp-20260909/630743/judge/rank-7/hpcagent_bench7.db,call,git-scicomp-kimi27sglang-repo.n0.p15.w15,git-scicomp-kimi27sglang-repo,0,0,15,15,fdtd_2d,0,c,c,moonshotai/Kimi-K2.7-Code,fuzzed,float64,restricted,17,0,ok,1,,,3.7137656279067164,,,5624334,c-autopar,gcc,score,,native,AMD Instinct MI300A Accelerator,,1789015645186,,run_local,last_saved
630743,630743,/capstor/scratch/cscs/ybudanaz/x86_64/hpcagent-bench-runs/git-scicomp-20260909/630743/judge/rank-7/hpcagent_bench7.db,call,git-scicomp-kimi27sglang-repo.n0.p15.w15,git-scicomp-kimi27sglang-repo,0,0,15,15,fdtd_2d,0,c,c,moonshotai/Kimi-K2.7-Code,fuzzed,float64,restricted,18,0,ok,1,,,3.9410734709619257,,,5881738,c-autopar,gcc,score,,native,AMD Instinct MI300A Accelerator,,1789015705254,,run_local,last_saved
630743,630743,/capstor/scratch/cscs/ybudanaz/x86_64/hpcagent-bench-runs/git-scicomp-20260909/630743/judge/rank-7/hpcagent_bench7.db,call,git-scicomp-kimi27sglang-repo.n0.p15.w15,git-scicomp-kimi27sglang-repo,0,0,15,15,fdtd_2d,0,c,c,moonshotai/Kimi-K2.7-Code,fuzzed,float64,restricted,19,0,ok,1,,,3.8461695304212196,,,6140320,c-autopar,gcc,score,,native,AMD Instinct MI300A Accelerator,,1789015790584,,run_local,last_saved
630743,630743,/capstor/scratch/cscs/ybudanaz/x86_64/hpcagent-bench-runs/git-scicomp-20260909/630743/judge/rank-7/hpcagent_bench7.db,call,git-scicomp-kimi27sglang-repo.n0.p15.w15,git-scicomp-kimi27sglang-repo,0,0,15,15,fdtd_2d,0,c,c,moonshotai/Kimi-K2.7-Code,fuzzed,float64,restricted,20,0,ok,1,,,3.82236739727234,,,6400118,c-autopar,gcc,score,,native,AMD Instinct MI300A Accelerator,,1789015868920,,run_local,last_saved
630743,630743,/capstor/scratch/cscs/ybudanaz/x86_64/hpcagent-bench-runs/git-scicomp-20260909/630743/judge/rank-7/hpcagent_bench7.db,call,git-scicomp-kimi27sglang-repo.n0.p15.w15,git-scicomp-kimi27sglang-repo,0,0,15,15,fdtd_2d,0,c,c,moonshotai/Kimi-K2.7-Code,fuzzed,float64,restricted,21,0,ok,1,,,2.6283325454107827,,,6661098,c-autopar,gcc,score,,native,AMD Instinct MI300A Accelerator,,1789015962958,,run_local,last_saved
630743,630743,/capstor/scratch/cscs/ybudanaz/x86_64/hpcagent-bench-runs/git-scicomp-20260909/630743/judge/rank-7/hpcagent_bench7.db,call,git-scicomp-kimi27sglang-repo.n0.p15.w15,git-scicomp-kimi27sglang-repo,0,0,15,15,fdtd_2d,0,c,c,moonshotai/Kimi-K2.7-Code,fuzzed,float64,restricted,22,0,ok,1,,,3.6579743989452447,,,6923181,c-autopar,gcc,score,,native,AMD Instinct MI300A Accelerator,,1789016017757,,run_local,last_saved
630743,630743,/capstor/scratch/cscs/ybudanaz/x86_64/hpcagent-bench-runs/git-scicomp-20260909/630743/judge/rank-7/hpcagent_bench7.db,call,git-scicomp-kimi27sglang-repo.n0.p15.w15,git-scicomp-kimi27sglang-repo,0,0,15,15,fdtd_2d,0,c,c,moonshotai/Kimi-K2.7-Code,fuzzed,float64,restricted,23,0,ok,1,,,3.825305480420205,,,7186367,c-autopar,gcc,score,,native,AMD Instinct MI300A Accelerator,,1789016101717,,run_local,last_saved
630743,630743,/capstor/scratch/cscs/ybudanaz/x86_64/hpcagent-bench-runs/git-scicomp-20260909/630743/judge/rank-7/hpcagent_bench7.db,call,git-scicomp-kimi27sglang-repo.n0.p15.w15,git-scicomp-kimi27sglang-repo,0,0,15,15,fdtd_2d,0,c,c,moonshotai/Kimi-K2.7-Code,fuzzed,float64,restricted,24,0,ok,1,,,3.8189789994769248,,,7450672,c-autopar,gcc,score,,native,AMD Instinct MI300A Accelerator,,1789016158579,,run_local,last_saved
630743,630743,/capstor/scratch/cscs/ybudanaz/x86_64/hpcagent-bench-runs/git-scicomp-20260909/630743/judge/rank-7/hpcagent_bench7.db,call,git-scicomp-kimi27sglang-repo.n0.p15.w15,git-scicomp-kimi27sglang-repo,0,0,15,15,fdtd_2d,0,c,c,moonshotai/Kimi-K2.7-Code,fuzzed,float64,restricted,25,0,ok,1,,,3.8839109985885245,,,7716376,c-autopar,gcc,score,,native,AMD Instinct MI300A Accelerator,,1789016273314,,run_local,last_saved
630743,630743,/capstor/scratch/cscs/ybudanaz/x86_64/hpcagent-bench-runs/git-scicomp-20260909/630743/judge/rank-7/hpcagent_bench7.db,call,git-scicomp-kimi27sglang-repo.n0.p15.w15,git-scicomp-kimi27sglang-repo,0,0,15,15,fdtd_2d,0,c,c,moonshotai/Kimi-K2.7-Code,fuzzed,float64,restricted,26,0,ok,1,,,3.8288184328626316,,,7983583,c-autopar,gcc,score,,native,AMD Instinct MI300A Accelerator,,1789016376972,,run_local,last_saved
630743,630743,/capstor/scratch/cscs/ybudanaz/x86_64/hpcagent-bench-runs/git-scicomp-20260909/630743/judge/rank-7/hpcagent_bench7.db,call,git-scicomp-kimi27sglang-repo.n0.p15.w15,git-scicomp-kimi27sglang-repo,0,0,15,15,fdtd_2d,0,c,c,moonshotai/Kimi-K2.7-Code,fuzzed,float64,restricted,27,0,ok,1,,,3.9203075685979303,,,8953326,c-autopar,gcc,score,,native,AMD Instinct MI300A Accelerator,,1789017600732,,run_local,last_saved
630743,630743,/capstor/scratch/cscs/ybudanaz/x86_64/hpcagent-bench-runs/git-scicomp-20260909/630743/judge/rank-7/hpcagent_bench7.db,call,git-scicomp-kimi27sglang-repo.n0.p15.w15,git-scicomp-kimi27sglang-repo,0,0,15,15,fdtd_2d,0,c,c,moonshotai/Kimi-K2.7-Code,fuzzed,float64,restricted,28,0,ok,1,,,2.657085013024753,,,9236179,c-autopar,gcc,score,,native,AMD Instinct MI300A Accelerator,,1789017797498,,run_local,last_saved
630743,630743,/capstor/scratch/cscs/ybudanaz/x86_64/hpcagent-bench-runs/git-scicomp-20260909/630743/judge/rank-7/hpcagent_bench7.db,call,git-scicomp-kimi27sglang-repo.n0.p15.w15,git-scicomp-kimi27sglang-repo,0,0,15,15,fdtd_2d,0,c,c,moonshotai/Kimi-K2.7-Code,fuzzed,float64,restricted,29,0,ok,1,,,3.7981583888927744,,,9520555,c-autopar,gcc,score,,native,AMD Instinct MI300A Accelerator,,1789017875150,,run_local,last_saved
630743,630743,/capstor/scratch/cscs/ybudanaz/x86_64/hpcagent-bench-runs/git-scicomp-20260909/630743/judge/rank-7/hpcagent_bench7.db,call,git-scicomp-kimi27sglang-repo.n0.p15.w15,git-scicomp-kimi27sglang-repo,0,0,15,15,fdtd_2d,0,c,c,moonshotai/Kimi-K2.7-Code,fuzzed,float64,restricted,30,0,ok,1,,,3.6889052576299557,,,9806234,c-autopar,gcc,score,,native,AMD Instinct MI300A Accelerator,,1789017996269,,run_local,last_saved
630743,630743,/capstor/scratch/cscs/ybudanaz/x86_64/hpcagent-bench-runs/git-scicomp-20260909/630743/judge/rank-7/hpcagent_bench7.db,call,git-scicomp-kimi27sglang-repo.n0.p15.w15,git-scicomp-kimi27sglang-repo,0,0,15,15,fdtd_2d,0,c,c,moonshotai/Kimi-K2.7-Code,fuzzed,float64,restricted,31,0,ok,1,,,3.949965601935008,,,10528517,c-autopar,gcc,score,,native,AMD Instinct MI300A Accelerator,,1789018171149,,run_local,last_saved
630743,630743,/capstor/scratch/cscs/ybudanaz/x86_64/hpcagent-bench-runs/git-scicomp-20260909/630743/judge/rank-7/hpcagent_bench7.db,call,git-scicomp-kimi27sglang-repo.n0.p15.w15,git-scicomp-kimi27sglang-repo,0,0,15,15,fdtd_2d,0,c,c,moonshotai/Kimi-K2.7-Code,fuzzed,float64,restricted,32,0,ok,1,,,3.096487790587188,,,10822697,c-autopar,gcc,score,,native,AMD Instinct MI300A Accelerator,,1789018807476,,run_local,last_saved
630743,630743,/capstor/scratch/cscs/ybudanaz/x86_64/hpcagent-bench-runs/git-scicomp-20260909/630743/judge/rank-7/hpcagent_bench7.db,call,git-scicomp-kimi27sglang-repo.n0.p15.w15,git-scicomp-kimi27sglang-repo,0,0,15,15,fdtd_2d,0,c,c,moonshotai/Kimi-K2.7-Code,fuzzed,float64,restricted,33,0,ok,1,,,3.945320428566332,,,11728515,c-autopar,gcc,score,,native,AMD Instinct MI300A Accelerator,,1789019273972,,run_local,last_saved
630743,630743,/capstor/scratch/cscs/ybudanaz/x86_64/hpcagent-bench-runs/git-scicomp-20260909/630743/judge/rank-7/hpcagent_bench7.db,call,git-scicomp-kimi27sglang-repo.n0.p15.w15,git-scicomp-kimi27sglang-repo,0,0,15,15,fdtd_2d,0,c,c,moonshotai/Kimi-K2.7-Code,fuzzed,float64,restricted,34,0,ok,1,,,3.942492655560076,,,12351951,c-autopar,gcc,score,,native,AMD Instinct MI300A Accelerator,,1789020078402,,run_local,last_saved
630743,630743,/capstor/scratch/cscs/ybudanaz/x86_64/hpcagent-bench-runs/git-scicomp-20260909/630743/judge/rank-7/hpcagent_bench7.db,call,git-scicomp-kimi27sglang-repo.n0.p15.w15,git-scicomp-kimi27sglang-repo,0,0,15,15,fdtd_2d,0,c,c,moonshotai/Kimi-K2.7-Code,fuzzed,float64,restricted,35,0,ok,1,,,3.929064387680421,,,12667993,c-autopar,gcc,score,,native,AMD Instinct MI300A Accelerator,,1789020258998,,run_local,last_saved
630743,630743,/capstor/scratch/cscs/ybudanaz/x86_64/hpcagent-bench-runs/git-scicomp-20260909/630743/judge/rank-7/hpcagent_bench7.db,call,git-scicomp-kimi27sglang-repo.n0.p15.w15,git-scicomp-kimi27sglang-repo,0,0,15,15,fdtd_2d,0,c,c,moonshotai/Kimi-K2.7-Code,fuzzed,float64,restricted,36,0,score_error,0,,,0.0,,,12985781,,gcc,score,,native,AMD Instinct MI300A Accelerator,,1789020309191,,run_local,last_saved
630743,630743,/capstor/scratch/cscs/ybudanaz/x86_64/hpcagent-bench-runs/git-scicomp-20260909/630743/judge/rank-7/hpcagent_bench7.db,call,git-scicomp-kimi27sglang-repo.n0.p15.w15,git-scicomp-kimi27sglang-repo,0,0,15,15,fdtd_2d,0,c,c,moonshotai/Kimi-K2.7-Code,fuzzed,float64,restricted,37,0,ok,1,,,3.9491963098160268,,,13144985,c-autopar,gcc,score,,native,AMD Instinct MI300A Accelerator,,1789020337719,,run_local,last_saved
630743,630743,/capstor/scratch/cscs/ybudanaz/x86_64/hpcagent-bench-runs/git-scicomp-20260909/630743/judge/rank-7/hpcagent_bench7.db,call,git-scicomp-kimi27sglang-repo.n0.p15.w15,git-scicomp-kimi27sglang-repo,0,0,15,15,fdtd_2d,0,c,c,moonshotai/Kimi-K2.7-Code,fuzzed,float64,restricted,38,0,ok,1,,,3.9454834794434293,,,13787022,c-autopar,gcc,score,,native,AMD Instinct MI300A Accelerator,,1789020614384,,run_local,last_saved
630743,630743,/capstor/scratch/cscs/ybudanaz/x86_64/hpcagent-bench-runs/git-scicomp-20260909/630743/judge/rank-7/hpcagent_bench7.db,call,git-scicomp-kimi27sglang-repo.n0.p15.w15,git-scicomp-kimi27sglang-repo,0,0,15,15,fdtd_2d,0,c,c,moonshotai/Kimi-K2.7-Code,fuzzed,float64,restricted,39,0,score_error,0,,,0.0,,,13948493,c-autopar,gcc,submit,,native,AMD Instinct MI300A Accelerator,,1789023645550,,run_local,last_saved
630743,630743,/capstor/scratch/cscs/ybudanaz/x86_64/hpcagent-bench-runs/git-scicomp-20260909/630743/judge/rank-7/hpcagent_bench7.db,call,git-scicomp-kimi27sglang-repo.n0.p23.w23,git-scicomp-kimi27sglang-repo,0,0,23,23,heat_3d,0,c,c,moonshotai/Kimi-K2.7-Code,fuzzed,float64,restricted,1,0,ok,1,,,4.309904703344931,,,152187,c-autopar,gcc,score,,native,AMD Instinct MI300A Accelerator,,1788991718930,,run_local,last_saved
630743,630743,/capstor/scratch/cscs/ybudanaz/x86_64/hpcagent-bench-runs/git-scicomp-20260909/630743/judge/rank-7/hpcagent_bench7.db,call,git-scicomp-kimi27sglang-repo.n0.p23.w23,git-scicomp-kimi27sglang-repo,0,0,23,23,heat_3d,0,c,c,moonshotai/Kimi-K2.7-Code,fuzzed,float64,restricted,2,0,ok,1,,,4.384064188058703,,,243524,c-autopar,gcc,score,,native,AMD Instinct MI300A Accelerator,,1788993116014,,run_local,last_saved
630743,630743,/capstor/scratch/cscs/ybudanaz/x86_64/hpcagent-bench-runs/git-scicomp-20260909/630743/judge/rank-7/hpcagent_bench7.db,call,git-scicomp-kimi27sglang-repo.n0.p23.w23,git-scicomp-kimi27sglang-repo,0,0,23,23,heat_3d,0,c,c,moonshotai/Kimi-K2.7-Code,fuzzed,float64,restricted,3,0,ok,1,,,4.397650432003819,,,370881,c-autopar,gcc,score,,native,AMD Instinct MI300A Accelerator,,1788994727126,,run_local,last_saved
630743,630743,/capstor/scratch/cscs/ybudanaz/x86_64/hpcagent-bench-runs/git-scicomp-20260909/630743/judge/rank-7/hpcagent_bench7.db,call,git-scicomp-kimi27sglang-repo.n0.p23.w23,git-scicomp-kimi27sglang-repo,0,0,23,23,heat_3d,0,c,c,moonshotai/Kimi-K2.7-Code,fuzzed,float64,restricted,4,0,ok,1,,,6.17856621186031,,,488364,c-autopar,gcc,score,,native,AMD Instinct MI300A Accelerator,,1788996225101,,run_local,last_saved
630743,630743,/capstor/scratch/cscs/ybudanaz/x86_64/hpcagent-bench-runs/git-scicomp-20260909/630743/judge/rank-7/hpcagent_bench7.db,call,git-scicomp-kimi27sglang-repo.n0.p23.w23,git-scicomp-kimi27sglang-repo,0,0,23,23,heat_3d,0,c,c,moonshotai/Kimi-K2.7-Code,fuzzed,float64,restricted,5,0,ok,1,,,6.046886250647684,,,656002,c-autopar,gcc,score,,native,AMD Instinct MI300A Accelerator,,1788996382786,,run_local,last_saved
630743,630743,/capstor/scratch/cscs/ybudanaz/x86_64/hpcagent-bench-runs/git-scicomp-20260909/630743/judge/rank-7/hpcagent_bench7.db,call,git-scicomp-kimi27sglang-repo.n0.p23.w23,git-scicomp-kimi27sglang-repo,0,0,23,23,heat_3d,0,c,c,moonshotai/Kimi-K2.7-Code,fuzzed,float64,restricted,6,0,ok,1,,,6.157686020843694,,,784325,c-autopar,gcc,score,,native,AMD Instinct MI300A Accelerator,,1788996477156,,run_local,last_saved
630743,630743,/capstor/scratch/cscs/ybudanaz/x86_64/hpcagent-bench-runs/git-scicomp-20260909/630743/judge/rank-7/hpcagent_bench7.db,call,git-scicomp-kimi27sglang-repo.n0.p23.w23,git-scicomp-kimi27sglang-repo,0,0,23,23,heat_3d,0,c,c,moonshotai/Kimi-K2.7-Code,fuzzed,float64,restricted,7,0,ok,1,,,6.623596606967541,,,1046789,c-autopar,gcc,score,,native,AMD Instinct MI300A Accelerator,,1788996677911,,run_local,last_saved
630743,630743,/capstor/scratch/cscs/ybudanaz/x86_64/hpcagent-bench-runs/git-scicomp-20260909/630743/judge/rank-7/hpcagent_bench7.db,call,git-scicomp-kimi27sglang-repo.n0.p23.w23,git-scicomp-kimi27sglang-repo,0,0,23,23,heat_3d,0,c,c,moonshotai/Kimi-K2.7-Code,fuzzed,float64,restricted,8,0,ok,1,,,5.9245952410305796,,,1181280,c-autopar,gcc,score,,native,AMD Instinct MI300A Accelerator,,1788996827892,,run_local,last_saved
630743,630743,/capstor/scratch/cscs/ybudanaz/x86_64/hpcagent-bench-runs/git-scicomp-20260909/630743/judge/rank-7/hpcagent_bench7.db,call,git-scicomp-kimi27sglang-repo.n0.p23.w23,git-scicomp-kimi27sglang-repo,0,0,23,23,heat_3d,0,c,c,moonshotai/Kimi-K2.7-Code,fuzzed,float64,restricted,9,0,ok,1,,,5.211400180464828,,,1456540,c-autopar,gcc,score,,native,AMD Instinct MI300A Accelerator,,1788997064176,,run_local,last_saved
630743,630743,/capstor/scratch/cscs/ybudanaz/x86_64/hpcagent-bench-runs/git-scicomp-20260909/630743/judge/rank-7/hpcagent_bench7.db,call,git-scicomp-kimi27sglang-repo.n0.p23.w23,git-scicomp-kimi27sglang-repo,0,0,23,23,heat_3d,0,c,c,moonshotai/Kimi-K2.7-Code,fuzzed,float64,restricted,10,0,ok,1,,,6.619096021972968,,,1597622,c-autopar,gcc,score,,native,AMD Instinct MI300A Accelerator,,1788997236442,,run_local,last_saved
630743,630743,/capstor/scratch/cscs/ybudanaz/x86_64/hpcagent-bench-runs/git-scicomp-20260909/630743/judge/rank-7/hpcagent_bench7.db,call,git-scicomp-kimi27sglang-repo.n0.p23.w23,git-scicomp-kimi27sglang-repo,0,0,23,23,heat_3d,0,c,c,moonshotai/Kimi-K2.7-Code,fuzzed,float64,restricted,11,0,ok,1,,,6.45508941117278,,,1741036,c-autopar,gcc,score,,native,AMD Instinct MI300A Accelerator,,1788997361744,,run_local,last_saved
630743,630743,/capstor/scratch/cscs/ybudanaz/x86_64/hpcagent-bench-runs/git-scicomp-20260909/630743/judge/rank-7/hpcagent_bench7.db,call,git-scicomp-kimi27sglang-repo.n0.p23.w23,git-scicomp-kimi27sglang-repo,0,0,23,23,heat_3d,0,c,c,moonshotai/Kimi-K2.7-Code,fuzzed,float64,restricted,12,0,ok,1,,,5.654561492471304,,,1886630,c-autopar,gcc,score,,native,AMD Instinct MI300A Accelerator,,1788997474239,,run_local,last_saved
630743,630743,/capstor/scratch/cscs/ybudanaz/x86_64/hpcagent-bench-runs/git-scicomp-20260909/630743/judge/rank-7/hpcagent_bench7.db,call,git-scicomp-kimi27sglang-repo.n0.p23.w23,git-scicomp-kimi27sglang-repo,0,0,23,23,heat_3d,0,c,c,moonshotai/Kimi-K2.7-Code,fuzzed,float64,restricted,13,0,ok,1,,,6.645874972679066,,,2083933,c-autopar,gcc,score,,native,AMD Instinct MI300A Accelerator,,1788997608884,,run_local,last_saved
630743,630743,/capstor/scratch/cscs/ybudanaz/x86_64/hpcagent-bench-runs/git-scicomp-20260909/630743/judge/rank-7/hpcagent_bench7.db,call,git-scicomp-kimi27sglang-repo.n0.p23.w23,git-scicomp-kimi27sglang-repo,0,0,23,23,heat_3d,0,c,c,moonshotai/Kimi-K2.7-Code,fuzzed,float64,restricted,14,0,ok,1,,,6.668543388889913,,,2234350,c-autopar,gcc,score,,native,AMD Instinct MI300A Accelerator,,1788997721802,,run_local,last_saved
630743,630743,/capstor/scratch/cscs/ybudanaz/x86_64/hpcagent-bench-runs/git-scicomp-20260909/630743/judge/rank-7/hpcagent_bench7.db,call,git-scicomp-kimi27sglang-repo.n0.p23.w23,git-scicomp-kimi27sglang-repo,0,0,23,23,heat_3d,0,c,c,moonshotai/Kimi-K2.7-Code,fuzzed,float64,restricted,15,0,ok,1,,,6.778019318285148,,,2386941,c-autopar,gcc,score,,native,AMD Instinct MI300A Accelerator,,1788997807725,,run_local,last_saved
630743,630743,/capstor/scratch/cscs/ybudanaz/x86_64/hpcagent-bench-runs/git-scicomp-20260909/630743/judge/rank-7/hpcagent_bench7.db,call,git-scicomp-kimi27sglang-repo.n0.p23.w23,git-scicomp-kimi27sglang-repo,0,0,23,23,heat_3d,0,c,c,moonshotai/Kimi-K2.7-Code,fuzzed,float64,restricted,16,0,ok,1,,,6.762612816974597,,,2541852,c-autopar,gcc,score,,native,AMD Instinct MI300A Accelerator,,1788997927055,,run_local,last_saved
630743,630743,/capstor/scratch/cscs/ybudanaz/x86_64/hpcagent-bench-runs/git-scicomp-20260909/630743/judge/rank-7/hpcagent_bench7.db,call,git-scicomp-kimi27sglang-repo.n0.p23.w23,git-scicomp-kimi27sglang-repo,0,0,23,23,heat_3d,0,c,c,moonshotai/Kimi-K2.7-Code,fuzzed,float64,restricted,17,0,ok,1,,,6.742269699865206,,,2699042,c-autopar,gcc,score,,native,AMD Instinct MI300A Accelerator,,1788998028912,,run_local,last_saved
630743,630743,/capstor/scratch/cscs/ybudanaz/x86_64/hpcagent-bench-runs/git-scicomp-20260909/630743/judge/rank-7/hpcagent_bench7.db,call,git-scicomp-kimi27sglang-repo.n0.p23.w23,git-scicomp-kimi27sglang-repo,0,0,23,23,heat_3d,0,c,c,moonshotai/Kimi-K2.7-Code,fuzzed,float64,restricted,18,0,ok,1,,,6.296959318158026,,,2911898,c-autopar,gcc,score,,native,AMD Instinct MI300A Accelerator,,1788998158098,,run_local,last_saved
630743,630743,/capstor/scratch/cscs/ybudanaz/x86_64/hpcagent-bench-runs/git-scicomp-20260909/630743/judge/rank-7/hpcagent_bench7.db,call,git-scicomp-kimi27sglang-repo.n0.p23.w23,git-scicomp-kimi27sglang-repo,0,0,23,23,heat_3d,0,c,c,moonshotai/Kimi-K2.7-Code,fuzzed,float64,restricted,19,0,ok,1,,,6.8036649965086164,,,3073990,c-autopar,gcc,score,,native,AMD Instinct MI300A Accelerator,,1788998246453,,run_local,last_saved
630743,630743,/capstor/scratch/cscs/ybudanaz/x86_64/hpcagent-bench-runs/git-scicomp-20260909/630743/judge/rank-7/hpcagent_bench7.db,call,git-scicomp-kimi27sglang-repo.n0.p23.w23,git-scicomp-kimi27sglang-repo,0,0,23,23,heat_3d,0,c,c,moonshotai/Kimi-K2.7-Code,fuzzed,float64,restricted,20,0,ok,1,,,5.908925304004601,,,3238524,c-autopar,gcc,score,,native,AMD Instinct MI300A Accelerator,,1788998381403,,run_local,last_saved
630743,630743,/capstor/scratch/cscs/ybudanaz/x86_64/hpcagent-bench-runs/git-scicomp-20260909/630743/judge/rank-7/hpcagent_bench7.db,call,git-scicomp-kimi27sglang-repo.n0.p23.w23,git-scicomp-kimi27sglang-repo,0,0,23,23,heat_3d,0,c,c,moonshotai/Kimi-K2.7-Code,fuzzed,float64,restricted,21,0,ok,1,,,5.802743126721121,,,3405464,c-autopar,gcc,score,,native,AMD Instinct MI300A Accelerator,,1788998480090,,run_local,last_saved
630743,630743,/capstor/scratch/cscs/ybudanaz/x86_64/hpcagent-bench-runs/git-scicomp-20260909/630743/judge/rank-7/hpcagent_bench7.db,call,git-scicomp-kimi27sglang-repo.n0.p23.w23,git-scicomp-kimi27sglang-repo,0,0,23,23,heat_3d,0,c,c,moonshotai/Kimi-K2.7-Code,fuzzed,float64,restricted,22,0,ok,1,,,6.769339672259482,,,3577514,c-autopar,gcc,score,,native,AMD Instinct MI300A Accelerator,,1788998952809,,run_local,last_saved
630743,630743,/capstor/scratch/cscs/ybudanaz/x86_64/hpcagent-bench-runs/git-scicomp-20260909/630743/judge/rank-7/hpcagent_bench7.db,call,git-scicomp-kimi27sglang-repo.n0.p23.w23,git-scicomp-kimi27sglang-repo,0,0,23,23,heat_3d,0,c,c,moonshotai/Kimi-K2.7-Code,fuzzed,float64,restricted,23,0,ok,1,,,6.792491844956865,,,3756990,c-autopar,gcc,score,,native,AMD Instinct MI300A Accelerator,,1788999652020,,run_local,last_saved
630743,630743,/capstor/scratch/cscs/ybudanaz/x86_64/hpcagent-bench-runs/git-scicomp-20260909/630743/judge/rank-7/hpcagent_bench7.db,call,git-scicomp-kimi27sglang-repo.n0.p23.w23,git-scicomp-kimi27sglang-repo,0,0,23,23,heat_3d,0,c,c,moonshotai/Kimi-K2.7-Code,fuzzed,float64,restricted,24,0,ok,1,,,6.287386014866359,,,4063997,c-autopar,gcc,score,,native,AMD Instinct MI300A Accelerator,,1788999851195,,run_local,last_saved
630743,630743,/capstor/scratch/cscs/ybudanaz/x86_64/hpcagent-bench-runs/git-scicomp-20260909/630743/judge/rank-7/hpcagent_bench7.db,call,git-scicomp-kimi27sglang-repo.n0.p23.w23,git-scicomp-kimi27sglang-repo,0,0,23,23,heat_3d,0,c,c,moonshotai/Kimi-K2.7-Code,fuzzed,float64,restricted,25,0,ok,1,,,6.104503678992529,,,4250947,c-autopar,gcc,score,,native,AMD Instinct MI300A Accelerator,,1788999972356,,run_local,last_saved
630743,630743,/capstor/scratch/cscs/ybudanaz/x86_64/hpcagent-bench-runs/git-scicomp-20260909/630743/judge/rank-7/hpcagent_bench7.db,call,git-scicomp-kimi27sglang-repo.n0.p23.w23,git-scicomp-kimi27sglang-repo,0,0,23,23,heat_3d,0,c,c,moonshotai/Kimi-K2.7-Code,fuzzed,float64,restricted,26,0,ok,1,,,6.820578186410104,,,4503397,c-autopar,gcc,score,,native,AMD Instinct MI300A Accelerator,,1789000116683,,run_local,last_saved
630743,630743,/capstor/scratch/cscs/ybudanaz/x86_64/hpcagent-bench-runs/git-scicomp-20260909/630743/judge/rank-7/hpcagent_bench7.db,call,git-scicomp-kimi27sglang-repo.n0.p23.w23,git-scicomp-kimi27sglang-repo,0,0,23,23,heat_3d,0,c,c,moonshotai/Kimi-K2.7-Code,fuzzed,float64,restricted,27,0,ok,1,,,6.728986600425584,,,4695298,c-autopar,gcc,score,,native,AMD Instinct MI300A Accelerator,,1789000254784,,run_local,last_saved
630743,630743,/capstor/scratch/cscs/ybudanaz/x86_64/hpcagent-bench-runs/git-scicomp-20260909/630743/judge/rank-7/hpcagent_bench7.db,call,git-scicomp-kimi27sglang-repo.n0.p23.w23,git-scicomp-kimi27sglang-repo,0,0,23,23,heat_3d,0,c,c,moonshotai/Kimi-K2.7-Code,fuzzed,float64,restricted,28,0,ok,1,,,6.7998026587143,,,4889440,c-autopar,gcc,score,,native,AMD Instinct MI300A Accelerator,,1789000363199,,run_local,last_saved
630743,630743,/capstor/scratch/cscs/ybudanaz/x86_64/hpcagent-bench-runs/git-scicomp-20260909/630743/judge/rank-7/hpcagent_bench7.db,call,git-scicomp-kimi27sglang-repo.n0.p23.w23,git-scicomp-kimi27sglang-repo,0,0,23,23,heat_3d,0,c,c,moonshotai/Kimi-K2.7-Code,fuzzed,float64,restricted,29,0,ok,1,,,6.726378695554286,,,5085772,c-autopar,gcc,score,,native,AMD Instinct MI300A Accelerator,,1789000474463,,run_local,last_saved
630743,630743,/capstor/scratch/cscs/ybudanaz/x86_64/hpcagent-bench-runs/git-scicomp-20260909/630743/judge/rank-7/hpcagent_bench7.db,call,git-scicomp-kimi27sglang-repo.n0.p23.w23,git-scicomp-kimi27sglang-repo,0,0,23,23,heat_3d,0,c,c,moonshotai/Kimi-K2.7-Code,fuzzed,float64,restricted,30,0,ok,1,,,6.762288075657162,,,5284660,c-autopar,gcc,score,,native,AMD Instinct MI300A Accelerator,,1789000639044,,run_local,last_saved
630743,630743,/capstor/scratch/cscs/ybudanaz/x86_64/hpcagent-bench-runs/git-scicomp-20260909/630743/judge/rank-7/hpcagent_bench7.db,call,git-scicomp-kimi27sglang-repo.n0.p23.w23,git-scicomp-kimi27sglang-repo,0,0,23,23,heat_3d,0,c,c,moonshotai/Kimi-K2.7-Code,fuzzed,float64,restricted,31,0,ok,1,,,6.815954903475958,,,5485964,c-autopar,gcc,score,,native,AMD Instinct MI300A Accelerator,,1789000753809,,run_local,last_saved
630743,630743,/capstor/scratch/cscs/ybudanaz/x86_64/hpcagent-bench-runs/git-scicomp-20260909/630743/judge/rank-7/hpcagent_bench7.db,call,git-scicomp-kimi27sglang-repo.n0.p23.w23,git-scicomp-kimi27sglang-repo,0,0,23,23,heat_3d,0,c,c,moonshotai/Kimi-K2.7-Code,fuzzed,float64,restricted,32,0,ok,1,,,6.841075326928071,,,5694887,c-autopar,gcc,score,,native,AMD Instinct MI300A Accelerator,,1789001640186,,run_local,last_saved
630743,630743,/capstor/scratch/cscs/ybudanaz/x86_64/hpcagent-bench-runs/git-scicomp-20260909/630743/judge/rank-7/hpcagent_bench7.db,call,git-scicomp-kimi27sglang-repo.n0.p23.w23,git-scicomp-kimi27sglang-repo,0,0,23,23,heat_3d,0,c,c,moonshotai/Kimi-K2.7-Code,fuzzed,float64,restricted,33,0,ok,1,,,5.916665766214844,,,5912809,c-autopar,gcc,score,,native,AMD Instinct MI300A Accelerator,,1789002273731,,run_local,last_saved
630743,630743,/capstor/scratch/cscs/ybudanaz/x86_64/hpcagent-bench-runs/git-scicomp-20260909/630743/judge/rank-7/hpcagent_bench7.db,call,git-scicomp-kimi27sglang-repo.n0.p23.w23,git-scicomp-kimi27sglang-repo,0,0,23,23,heat_3d,0,c,c,moonshotai/Kimi-K2.7-Code,fuzzed,float64,restricted,34,0,ok,1,,,6.824184881441266,,,6292505,c-autopar,gcc,score,,native,AMD Instinct MI300A Accelerator,,1789002871975,,run_local,last_saved
630743,630743,/capstor/scratch/cscs/ybudanaz/x86_64/hpcagent-bench-runs/git-scicomp-20260909/630743/judge/rank-7/hpcagent_bench7.db,call,git-scicomp-kimi27sglang-repo.n0.p23.w23,git-scicomp-kimi27sglang-repo,0,0,23,23,heat_3d,0,c,c,moonshotai/Kimi-K2.7-Code,fuzzed,float64,restricted,35,0,ok,1,,,6.427492367313613,,,6603501,c-autopar,gcc,score,,native,AMD Instinct MI300A Accelerator,,1789003091222,,run_local,last_saved
630743,630743,/capstor/scratch/cscs/ybudanaz/x86_64/hpcagent-bench-runs/git-scicomp-20260909/630743/judge/rank-7/hpcagent_bench7.db,call,git-scicomp-kimi27sglang-repo.n0.p23.w23,git-scicomp-kimi27sglang-repo,0,0,23,23,heat_3d,0,c,c,moonshotai/Kimi-K2.7-Code,fuzzed,float64,restricted,36,0,ok,1,,,6.798140106417937,,,6919693,c-autopar,gcc,score,,native,AMD Instinct MI300A Accelerator,,1789003361212,,run_local,last_saved
630743,630743,/capstor/scratch/cscs/ybudanaz/x86_64/hpcagent-bench-runs/git-scicomp-20260909/630743/judge/rank-7/hpcagent_bench7.db,call,git-scicomp-kimi27sglang-repo.n0.p23.w23,git-scicomp-kimi27sglang-repo,0,0,23,23,heat_3d,0,c,c,moonshotai/Kimi-K2.7-Code,fuzzed,float64,restricted,37,0,ok,1,,,6.801842462242795,,,7240394,c-autopar,gcc,score,,native,AMD Instinct MI300A Accelerator,,1789003515659,,run_local,last_saved
630743,630743,/capstor/scratch/cscs/ybudanaz/x86_64/hpcagent-bench-runs/git-scicomp-20260909/630743/judge/rank-7/hpcagent_bench7.db,call,git-scicomp-kimi27sglang-repo.n0.p23.w23,git-scicomp-kimi27sglang-repo,0,0,23,23,heat_3d,0,c,c,moonshotai/Kimi-K2.7-Code,fuzzed,float64,restricted,38,0,ok,1,,,6.862926619333416,,,7485491,c-autopar,gcc,score,,native,AMD Instinct MI300A Accelerator,,1789003868792,,run_local,last_saved
630743,630743,/capstor/scratch/cscs/ybudanaz/x86_64/hpcagent-bench-runs/git-scicomp-20260909/630743/judge/rank-7/hpcagent_bench7.db,call,git-scicomp-kimi27sglang-repo.n0.p23.w23,git-scicomp-kimi27sglang-repo,0,0,23,23,heat_3d,0,c,c,moonshotai/Kimi-K2.7-Code,fuzzed,float64,restricted,39,0,ok,1,,,6.739044886906674,,,7736505,c-autopar,gcc,score,,native,AMD Instinct MI300A Accelerator,,1789004285638,,run_local,last_saved
630743,630743,/capstor/scratch/cscs/ybudanaz/x86_64/hpcagent-bench-runs/git-scicomp-20260909/630743/judge/rank-7/hpcagent_bench7.db,call,git-scicomp-kimi27sglang-repo.n0.p23.w23,git-scicomp-kimi27sglang-repo,0,0,23,23,heat_3d,0,c,c,moonshotai/Kimi-K2.7-Code,fuzzed,float64,restricted,40,0,ok,1,,,6.87329176077474,,,8254752,c-autopar,gcc,score,,native,AMD Instinct MI300A Accelerator,,1789004711859,,run_local,last_saved
630743,630743,/capstor/scratch/cscs/ybudanaz/x86_64/hpcagent-bench-runs/git-scicomp-20260909/630743/judge/rank-7/hpcagent_bench7.db,call,git-scicomp-kimi27sglang-repo.n0.p23.w23,git-scicomp-kimi27sglang-repo,0,0,23,23,heat_3d,0,c,c,moonshotai/Kimi-K2.7-Code,fuzzed,float64,restricted,41,0,ok,1,,,6.821621679096741,,,8518537,c-autopar,gcc,score,,native,AMD Instinct MI300A Accelerator,,1789004862484,,run_local,last_saved
630743,630743,/capstor/scratch/cscs/ybudanaz/x86_64/hpcagent-bench-runs/git-scicomp-20260909/630743/judge/rank-7/hpcagent_bench7.db,call,git-scicomp-kimi27sglang-repo.n0.p23.w23,git-scicomp-kimi27sglang-repo,0,0,23,23,heat_3d,0,c,c,moonshotai/Kimi-K2.7-Code,fuzzed,float64,restricted,42,0,score_error,0,,,0.0,,,8784974,,gcc,score,,native,AMD Instinct MI300A Accelerator,,1789005006948,,run_local,last_saved
630743,630743,/capstor/scratch/cscs/ybudanaz/x86_64/hpcagent-bench-runs/git-scicomp-20260909/630743/judge/rank-7/hpcagent_bench7.db,call,git-scicomp-kimi27sglang-repo.n0.p23.w23,git-scicomp-kimi27sglang-repo,0,0,23,23,heat_3d,0,c,c,moonshotai/Kimi-K2.7-Code,fuzzed,float64,restricted,43,0,ok,1,,,6.8059541448239145,,,8874284,c-autopar,gcc,score,,native,AMD Instinct MI300A Accelerator,,1789005052095,,run_local,last_saved
630743,630743,/capstor/scratch/cscs/ybudanaz/x86_64/hpcagent-bench-runs/git-scicomp-20260909/630743/judge/rank-7/hpcagent_bench7.db,call,git-scicomp-kimi27sglang-repo.n0.p23.w23,git-scicomp-kimi27sglang-repo,0,0,23,23,heat_3d,0,c,c,moonshotai/Kimi-K2.7-Code,fuzzed,float64,restricted,44,0,ok,1,,,6.83880063235727,,,9420826,c-autopar,gcc,score,,native,AMD Instinct MI300A Accelerator,,1789005438192,,run_local,last_saved
630743,630743,/capstor/scratch/cscs/ybudanaz/x86_64/hpcagent-bench-runs/git-scicomp-20260909/630743/judge/rank-7/hpcagent_bench7.db,call,git-scicomp-kimi27sglang-repo.n0.p23.w23,git-scicomp-kimi27sglang-repo,0,0,23,23,heat_3d,0,c,c,moonshotai/Kimi-K2.7-Code,fuzzed,float64,restricted,45,0,score_error,0,,,0.0,,,9607194,c-autopar,gcc,submit,,native,AMD Instinct MI300A Accelerator,,1789006349390,,run_local,last_saved
630743,630743,/capstor/scratch/cscs/ybudanaz/x86_64/hpcagent-bench-runs/git-scicomp-20260909/630743/judge/rank-7/hpcagent_bench7.db,call,git-scicomp-kimi27sglang-repo.n0.p7.w7,git-scicomp-kimi27sglang-repo,0,0,7,7,kmp,0,c,c,moonshotai/Kimi-K2.7-Code,fuzzed,float64,restricted,1,0,ok,1,,,0.9449462656383107,,,68796,c-autopar,gcc,score,,native,AMD Instinct MI300A Accelerator,,1788990835160,,run_local,last_saved
630743,630743,/capstor/scratch/cscs/ybudanaz/x86_64/hpcagent-bench-runs/git-scicomp-20260909/630743/judge/rank-7/hpcagent_bench7.db,call,git-scicomp-kimi27sglang-repo.n0.p7.w7,git-scicomp-kimi27sglang-repo,0,0,7,7,kmp,0,c,c,moonshotai/Kimi-K2.7-Code,fuzzed,float64,restricted,2,0,ok,1,,,4.847744867499368,,,202042,c-autopar,gcc,score,,native,AMD Instinct MI300A Accelerator,,1788993871321,,run_local,last_saved
630743,630743,/capstor/scratch/cscs/ybudanaz/x86_64/hpcagent-bench-runs/git-scicomp-20260909/630743/judge/rank-7/hpcagent_bench7.db,call,git-scicomp-kimi27sglang-repo.n0.p7.w7,git-scicomp-kimi27sglang-repo,0,0,7,7,kmp,0,c,c,moonshotai/Kimi-K2.7-Code,fuzzed,float64,restricted,3,0,incorrect,0,,,0.0,,,278809,c-autopar,gcc,score,,native,AMD Instinct MI300A Accelerator,,1788996121146,,run_local,last_saved
630743,630743,/capstor/scratch/cscs/ybudanaz/x86_64/hpcagent-bench-runs/git-scicomp-20260909/630743/judge/rank-7/hpcagent_bench7.db,call,git-scicomp-kimi27sglang-repo.n0.p7.w7,git-scicomp-kimi27sglang-repo,0,0,7,7,kmp,0,c,c,moonshotai/Kimi-K2.7-Code,fuzzed,float64,restricted,4,0,ok,1,,,6.397639917026999,,,345284,c-autopar,gcc,score,,native,AMD Instinct MI300A Accelerator,,1788997167393,,run_local,last_saved
630743,630743,/capstor/scratch/cscs/ybudanaz/x86_64/hpcagent-bench-runs/git-scicomp-20260909/630743/judge/rank-7/hpcagent_bench7.db,call,git-scicomp-kimi27sglang-repo.n0.p7.w7,git-scicomp-kimi27sglang-repo,0,0,7,7,kmp,0,c,c,moonshotai/Kimi-K2.7-Code,fuzzed,float64,restricted,5,0,ok,1,,,8.515301156338863,,,419678,c-autopar,gcc,score,,native,AMD Instinct MI300A Accelerator,,1788998362033,,run_local,last_saved
630743,630743,/capstor/scratch/cscs/ybudanaz/x86_64/hpcagent-bench-runs/git-scicomp-20260909/630743/judge/rank-7/hpcagent_bench7.db,call,git-scicomp-kimi27sglang-repo.n0.p7.w7,git-scicomp-kimi27sglang-repo,0,0,7,7,kmp,0,c,c,moonshotai/Kimi-K2.7-Code,fuzzed,float64,restricted,6,0,ok,1,,,8.512336453330036,,,539668,c-autopar,gcc,score,,native,AMD Instinct MI300A Accelerator,,1788998524026,,run_local,last_saved
630743,630743,/capstor/scratch/cscs/ybudanaz/x86_64/hpcagent-bench-runs/git-scicomp-20260909/630743/judge/rank-7/hpcagent_bench7.db,call,git-scicomp-kimi27sglang-repo.n0.p7.w7,git-scicomp-kimi27sglang-repo,0,0,7,7,kmp,0,c,c,moonshotai/Kimi-K2.7-Code,fuzzed,float64,restricted,7,0,ok,1,,,8.322759618490014,,,662491,c-autopar,gcc,score,,native,AMD Instinct MI300A Accelerator,,1788998667844,,run_local,last_saved
630743,630743,/capstor/scratch/cscs/ybudanaz/x86_64/hpcagent-bench-runs/git-scicomp-20260909/630743/judge/rank-7/hpcagent_bench7.db,call,git-scicomp-kimi27sglang-repo.n0.p7.w7,git-scicomp-kimi27sglang-repo,0,0,7,7,kmp,0,c,c,moonshotai/Kimi-K2.7-Code,fuzzed,float64,restricted,8,0,ok,1,,,8.50521715264662,,,787730,c-autopar,gcc,score,,native,AMD Instinct MI300A Accelerator,,1788998800905,,run_local,last_saved
630743,630743,/capstor/scratch/cscs/ybudanaz/x86_64/hpcagent-bench-runs/git-scicomp-20260909/630743/judge/rank-7/hpcagent_bench7.db,call,git-scicomp-kimi27sglang-repo.n0.p7.w7,git-scicomp-kimi27sglang-repo,0,0,7,7,kmp,0,c,c,moonshotai/Kimi-K2.7-Code,fuzzed,float64,restricted,9,0,ok,1,,,8.017106683659373,,,1302800,c-autopar,gcc,score,,native,AMD Instinct MI300A Accelerator,,1789004010782,,run_local,last_saved
630743,630743,/capstor/scratch/cscs/ybudanaz/x86_64/hpcagent-bench-runs/git-scicomp-20260909/630743/judge/rank-7/hpcagent_bench7.db,call,git-scicomp-kimi27sglang-repo.n0.p7.w7,git-scicomp-kimi27sglang-repo,0,0,7,7,kmp,0,c,c,moonshotai/Kimi-K2.7-Code,fuzzed,float64,restricted,10,0,ok,1,,,7.921830593803924,,,1620375,c-autopar,gcc,score,,native,AMD Instinct MI300A Accelerator,,1789004459736,,run_local,last_saved
630743,630743,/capstor/scratch/cscs/ybudanaz/x86_64/hpcagent-bench-runs/git-scicomp-20260909/630743/judge/rank-7/hpcagent_bench7.db,call,git-scicomp-kimi27sglang-repo.n0.p7.w7,git-scicomp-kimi27sglang-repo,0,0,7,7,kmp,0,c,c,moonshotai/Kimi-K2.7-Code,fuzzed,float64,restricted,11,0,ok,1,,,31.851844498518883,,,1824856,c-autopar,gcc,score,,native,AMD Instinct MI300A Accelerator,,1789006361138,,run_local,last_saved
630743,630743,/capstor/scratch/cscs/ybudanaz/x86_64/hpcagent-bench-runs/git-scicomp-20260909/630743/judge/rank-7/hpcagent_bench7.db,call,git-scicomp-kimi27sglang-repo.n0.p7.w7,git-scicomp-kimi27sglang-repo,0,0,7,7,kmp,0,c,c,moonshotai/Kimi-K2.7-Code,fuzzed,float64,restricted,12,0,ok,1,,,31.80941510234412,,,2257381,c-autopar,gcc,score,,native,AMD Instinct MI300A Accelerator,,1789006852526,,run_local,last_saved
630743,630743,/capstor/scratch/cscs/ybudanaz/x86_64/hpcagent-bench-runs/git-scicomp-20260909/630743/judge/rank-7/hpcagent_bench7.db,call,git-scicomp-kimi27sglang-repo.n0.p7.w7,git-scicomp-kimi27sglang-repo,0,0,7,7,kmp,0,c,c,moonshotai/Kimi-K2.7-Code,fuzzed,float64,restricted,13,0,score_error,0,,,0.0,,,2491893,,gcc,score,,native,AMD Instinct MI300A Accelerator,,1789008053353,,run_local,last_saved
630743,630743,/capstor/scratch/cscs/ybudanaz/x86_64/hpcagent-bench-runs/git-scicomp-20260909/630743/judge/rank-7/hpcagent_bench7.db,call,git-scicomp-kimi27sglang-repo.n0.p7.w7,git-scicomp-kimi27sglang-repo,0,0,7,7,kmp,0,c,c,moonshotai/Kimi-K2.7-Code,fuzzed,float64,restricted,14,0,ok,1,,,31.894365934946567,,,2657782,c-autopar,gcc,score,,native,AMD Instinct MI300A Accelerator,,1789008142946,,run_local,last_saved
630743,630743,/capstor/scratch/cscs/ybudanaz/x86_64/hpcagent-bench-runs/git-scicomp-20260909/630743/judge/rank-7/hpcagent_bench7.db,call,git-scicomp-kimi27sglang-repo.n0.p7.w7,git-scicomp-kimi27sglang-repo,0,0,7,7,kmp,0,c,c,moonshotai/Kimi-K2.7-Code,fuzzed,float64,restricted,15,0,ok,1,,,32.544741319844995,,,2993580,c-autopar,gcc,submit,,native,AMD Instinct MI300A Accelerator,,1789009550986,,run_local,last_saved
630743,630743,/capstor/scratch/cscs/ybudanaz/x86_64/hpcagent-bench-runs/git-scicomp-20260909/630743/judge/rank-7/hpcagent_bench7.db,submission,git-scicomp-kimi27sglang-repo.n0.p7.w7,git-scicomp-kimi27sglang-repo,0,0,7,7,kmp,0,c,,moonshotai/Kimi-K2.7-Code,fuzzed,float64,restricted,1,1,,,,,32.544741319844995,1814293466.0,55432458.0,,c-autopar,,,0,native,AMD Instinct MI300A Accelerator,,1789009550551,f1/f178813d693b78ea0e453f2b8899efeabd6bbd9ff4c3291762094a2378bcde56.txt,run_local,graded_attempt
630786,630786,/capstor/scratch/cscs/ybudanaz/x86_64/hpcagent-bench-runs/git-scicomp-20260909/630786/judge/rank-0/hpcagent_bench0.db,attempt,git-scicomp-oss120b-repo.n0.p8.w8,git-scicomp-oss120b-repo,0,0,8,8,kmp,0,c,,openai/gpt-oss-120b,fuzzed,float64,restricted,1,0,,0,1,overfit,,,,,,,,,native,AMD Instinct MI300A Accelerator,,1788994022679,59/59c1ff6e339a6693adf9b678438f21a39db504c9e09083bb9ef9653c9a44fe9c.txt,run_local,graded_attempt
630786,630786,/capstor/scratch/cscs/ybudanaz/x86_64/hpcagent-bench-runs/git-scicomp-20260909/630786/judge/rank-0/hpcagent_bench0.db,call,git-scicomp-oss120b-repo.n0.p0.w0,git-scicomp-oss120b-repo,0,0,0,0,addusxx_g,0,c,c,openai/gpt-oss-120b,fuzzed,float64,restricted,1,0,ok,1,,,63.13184044087203,,,327095,c-autopar,gcc,score,,native,AMD Instinct MI300A Accelerator,,1788993265154,,run_local,last_saved
630786,630786,/capstor/scratch/cscs/ybudanaz/x86_64/hpcagent-bench-runs/git-scicomp-20260909/630786/judge/rank-0/hpcagent_bench0.db,call,git-scicomp-oss120b-repo.n0.p0.w0,git-scicomp-oss120b-repo,0,0,0,0,addusxx_g,0,c,c,promoted-unsubmitted,fuzzed,float64,restricted,2,0,ok,1,,,66.62231756833144,,,0,c-autopar,gcc,submit,,native,AMD Instinct MI300A Accelerator,,1788994272056,,run_local,last_saved
630786,630786,/capstor/scratch/cscs/ybudanaz/x86_64/hpcagent-bench-runs/git-scicomp-20260909/630786/judge/rank-0/hpcagent_bench0.db,call,git-scicomp-oss120b-repo.n0.p16.w16,git-scicomp-oss120b-repo,0,0,16,16,fdtd_2d,0,c,c,openai/gpt-oss-120b,fuzzed,float64,restricted,1,0,ok,1,,,0.991334010723438,,,151518,c-autopar,gcc,score,,native,AMD Instinct MI300A Accelerator,,1788993056102,,run_local,last_saved
630786,630786,/capstor/scratch/cscs/ybudanaz/x86_64/hpcagent-bench-runs/git-scicomp-20260909/630786/judge/rank-0/hpcagent_bench0.db,call,git-scicomp-oss120b-repo.n0.p16.w16,git-scicomp-oss120b-repo,0,0,16,16,fdtd_2d,0,c,c,openai/gpt-oss-120b,fuzzed,float64,restricted,2,0,ok,1,,,0.9921735454458662,,,260763,c-autopar,gcc,score,,native,AMD Instinct MI300A Accelerator,,1788993313914,,run_local,last_saved
630786,630786,/capstor/scratch/cscs/ybudanaz/x86_64/hpcagent-bench-runs/git-scicomp-20260909/630786/judge/rank-0/hpcagent_bench0.db,call,git-scicomp-oss120b-repo.n0.p16.w16,git-scicomp-oss120b-repo,0,0,16,16,fdtd_2d,0,c,c,openai/gpt-oss-120b,fuzzed,float64,restricted,3,0,ok,1,,,1.001027489833601,,,544893,c-autopar,gcc,score,,native,AMD Instinct MI300A Accelerator,,1788994321148,,run_local,last_saved
630786,630786,/capstor/scratch/cscs/ybudanaz/x86_64/hpcagent-bench-runs/git-scicomp-20260909/630786/judge/rank-0/hpcagent_bench0.db,call,git-scicomp-oss120b-repo.n0.p16.w16,git-scicomp-oss120b-repo,0,0,16,16,fdtd_2d,0,c,c,openai/gpt-oss-120b,fuzzed,float64,restricted,4,0,ok,1,,,1.1285656930823442,,,1816412,c-autopar,gcc,score,,native,AMD Instinct MI300A Accelerator,,1788995834562,,run_local,last_saved
630786,630786,/capstor/scratch/cscs/ybudanaz/x86_64/hpcagent-bench-runs/git-scicomp-20260909/630786/judge/rank-0/hpcagent_bench0.db,call,git-scicomp-oss120b-repo.n0.p24.w24,git-scicomp-oss120b-repo,0,0,24,24,jacobi_2d,0,c,c,openai/gpt-oss-120b,fuzzed,float64,restricted,1,0,ok,1,,,9.41705054902785,,,94490,c-autopar,gcc,score,,native,AMD Instinct MI300A Accelerator,,1788992390696,,run_local,last_saved
630786,630786,/capstor/scratch/cscs/ybudanaz/x86_64/hpcagent-bench-runs/git-scicomp-20260909/630786/judge/rank-0/hpcagent_bench0.db,call,git-scicomp-oss120b-repo.n0.p24.w24,git-scicomp-oss120b-repo,0,0,24,24,jacobi_2d,0,c,c,openai/gpt-oss-120b,fuzzed,float64,restricted,2,0,score_error,0,,,0.0,,,147797,,gcc,score,,native,AMD Instinct MI300A Accelerator,,1788992414353,,run_local,last_saved
630786,630786,/capstor/scratch/cscs/ybudanaz/x86_64/hpcagent-bench-runs/git-scicomp-20260909/630786/judge/rank-0/hpcagent_bench0.db,call,git-scicomp-oss120b-repo.n0.p24.w24,git-scicomp-oss120b-repo,0,0,24,24,jacobi_2d,0,c,c,openai/gpt-oss-120b,fuzzed,float64,restricted,3,0,ok,1,,,9.462917210432288,,,205754,c-autopar,gcc,score,,native,AMD Instinct MI300A Accelerator,,1788993292048,,run_local,last_saved
630786,630786,/capstor/scratch/cscs/ybudanaz/x86_64/hpcagent-bench-runs/git-scicomp-20260909/630786/judge/rank-0/hpcagent_bench0.db,call,git-scicomp-oss120b-repo.n0.p24.w24,git-scicomp-oss120b-repo,0,0,24,24,jacobi_2d,0,c,c,openai/gpt-oss-120b,fuzzed,float64,restricted,4,0,ok,1,,,7.798313096115864,,,270884,c-autopar,gcc,score,,native,AMD Instinct MI300A Accelerator,,1788994299817,,run_local,last_saved
630786,630786,/capstor/scratch/cscs/ybudanaz/x86_64/hpcagent-bench-runs/git-scicomp-20260909/630786/judge/rank-0/hpcagent_bench0.db,call,git-scicomp-oss120b-repo.n0.p24.w24,git-scicomp-oss120b-repo,0,0,24,24,jacobi_2d,0,c,c,openai/gpt-oss-120b,fuzzed,float64,restricted,5,0,ok,1,,,9.465529644950118,,,341502,c-autopar,gcc,score,,native,AMD Instinct MI300A Accelerator,,1788994347471,,run_local,last_saved
630786,630786,/capstor/scratch/cscs/ybudanaz/x86_64/hpcagent-bench-runs/git-scicomp-20260909/630786/judge/rank-0/hpcagent_bench0.db,call,git-scicomp-oss120b-repo.n0.p24.w24,git-scicomp-oss120b-repo,0,0,24,24,jacobi_2d,0,c,c,openai/gpt-oss-120b,fuzzed,float64,restricted,6,0,ok,1,,,9.46284092872425,,,417359,c-autopar,gcc,score,,native,AMD Instinct MI300A Accelerator,,1788994424018,,run_local,last_saved
630786,630786,/capstor/scratch/cscs/ybudanaz/x86_64/hpcagent-bench-runs/git-scicomp-20260909/630786/judge/rank-0/hpcagent_bench0.db,call,git-scicomp-oss120b-repo.n0.p24.w24,git-scicomp-oss120b-repo,0,0,24,24,jacobi_2d,0,c,c,openai/gpt-oss-120b,fuzzed,float64,restricted,7,0,ok,1,,,9.666588301289265,,,443567,c-autopar,gcc,submit,,native,AMD Instinct MI300A Accelerator,,1788995814407,,run_local,last_saved
630786,630786,/capstor/scratch/cscs/ybudanaz/x86_64/hpcagent-bench-runs/git-scicomp-20260909/630786/judge/rank-0/hpcagent_bench0.db,call,git-scicomp-oss120b-repo.n0.p8.w8,git-scicomp-oss120b-repo,0,0,8,8,kmp,0,c,c,openai/gpt-oss-120b,fuzzed,float64,restricted,1,0,ok,1,,,21.64189704674543,,,346514,c-autopar,gcc,score,,native,AMD Instinct MI300A Accelerator,,1788993257548,,run_local,last_saved
630786,630786,/capstor/scratch/cscs/ybudanaz/x86_64/hpcagent-bench-runs/git-scicomp-20260909/630786/judge/rank-0/hpcagent_bench0.db,call,git-scicomp-oss120b-repo.n0.p8.w8,git-scicomp-oss120b-repo,0,0,8,8,kmp,0,c,c,openai/gpt-oss-120b,fuzzed,float64,restricted,2,0,overfit,0,,,21.42807338581991,,,369268,c-autopar,gcc,submit,,native,AMD Instinct MI300A Accelerator,,1788994022854,,run_local,last_saved
630786,630786,/capstor/scratch/cscs/ybudanaz/x86_64/hpcagent-bench-runs/git-scicomp-20260909/630786/judge/rank-0/hpcagent_bench0.db,submission,git-scicomp-oss120b-repo.n0.p0.w0,git-scicomp-oss120b-repo,0,0,0,0,addusxx_g,0,c,,promoted-unsubmitted,fuzzed,float64,restricted,1,1,,,,,66.62231756833144,35390297.0,557134.0,,c-autopar,,,0,native,AMD Instinct MI300A Accelerator,,1788994270933,23/2308b9671bb04c1bff95c192b3aec851aad91c0d97c543ec13105d542b5ecddf.txt,run_local,graded_attempt
630786,630786,/capstor/scratch/cscs/ybudanaz/x86_64/hpcagent-bench-runs/git-scicomp-20260909/630786/judge/rank-0/hpcagent_bench0.db,submission,git-scicomp-oss120b-repo.n0.p24.w24,git-scicomp-oss120b-repo,0,0,24,24,jacobi_2d,0,c,,openai/gpt-oss-120b,fuzzed,float64,restricted,1,1,,,,,9.666588301289265,14983495242.0,1540018069.0,,c-autopar,,,0,native,AMD Instinct MI300A Accelerator,,1788995814170,d7/d7ba8bd81fb9741170f5006b09a930338c79daf36adcff9cd2eb63a8be0755a5.txt,run_local,graded_attempt
630786,630786,/capstor/scratch/cscs/ybudanaz/x86_64/hpcagent-bench-runs/git-scicomp-20260909/630786/judge/rank-1/hpcagent_bench1.db,attempt,git-scicomp-oss120b-repo.n0.p17.w17,git-scicomp-oss120b-repo,0,0,17,17,fdtd_2d,0,c,,openai/gpt-oss-120b,fuzzed,float64,restricted,1,0,,0,1,score_error,,,,,,,,,native,AMD Instinct MI300A Accelerator,,1788997421899,e5/e5dd44e6eb93c6a9642241a2fed7e83fa4ed2c39186b91fe838a22bdad12720f.txt,run_local,graded_attempt
630786,630786,/capstor/scratch/cscs/ybudanaz/x86_64/hpcagent-bench-runs/git-scicomp-20260909/630786/judge/rank-1/hpcagent_bench1.db,attempt,git-scicomp-oss120b-repo.n0.p25.w25,git-scicomp-oss120b-repo,0,0,25,25,jacobi_2d,0,c,,openai/gpt-oss-120b,fuzzed,float64,restricted,1,0,,0,1,score_error,,,,,,,,,native,AMD Instinct MI300A Accelerator,,1788994812018,68/68711440c7fc1ffd6bea0d3234dbd0a5722b97ac2b1d9ff0e4753849026a819a.txt,run_local,graded_attempt
630786,630786,/capstor/scratch/cscs/ybudanaz/x86_64/hpcagent-bench-runs/git-scicomp-20260909/630786/judge/rank-1/hpcagent_bench1.db,call,git-scicomp-oss120b-repo.n0.p1.w1,git-scicomp-oss120b-repo,0,0,1,1,addusxx_g,0,c,c,openai/gpt-oss-120b,fuzzed,float64,restricted,1,0,incorrect,0,,,10797.529179331306,,,249902,c-autopar,gcc,score,,native,AMD Instinct MI300A Accelerator,,1788993114853,,run_local,last_saved
630786,630786,/capstor/scratch/cscs/ybudanaz/x86_64/hpcagent-bench-runs/git-scicomp-20260909/630786/judge/rank-1/hpcagent_bench1.db,call,git-scicomp-oss120b-repo.n0.p17.w17,git-scicomp-oss120b-repo,0,0,17,17,fdtd_2d,0,c,c,openai/gpt-oss-120b,fuzzed,float64,restricted,1,0,ok,1,,,1.0020367706630764,,,195001,c-autopar,gcc,score,,native,AMD Instinct MI300A Accelerator,,1788993107336,,run_local,last_saved
630786,630786,/capstor/scratch/cscs/ybudanaz/x86_64/hpcagent-bench-runs/git-scicomp-20260909/630786/judge/rank-1/hpcagent_bench1.db,call,git-scicomp-oss120b-repo.n0.p17.w17,git-scicomp-oss120b-repo,0,0,17,17,fdtd_2d,0,c,c,openai/gpt-oss-120b,fuzzed,float64,restricted,2,0,ok,1,,,0.9944803887494644,,,506874,c-autopar,gcc,score,,native,AMD Instinct MI300A Accelerator,,1788993266564,,run_local,last_saved
630786,630786,/capstor/scratch/cscs/ybudanaz/x86_64/hpcagent-bench-runs/git-scicomp-20260909/630786/judge/rank-1/hpcagent_bench1.db,call,git-scicomp-oss120b-repo.n0.p17.w17,git-scicomp-oss120b-repo,0,0,17,17,fdtd_2d,0,c,c,openai/gpt-oss-120b,fuzzed,float64,restricted,3,0,ok,1,,,1.0011088685052125,,,706713,c-autopar,gcc,score,,native,AMD Instinct MI300A Accelerator,,1788993317658,,run_local,last_saved
630786,630786,/capstor/scratch/cscs/ybudanaz/x86_64/hpcagent-bench-runs/git-scicomp-20260909/630786/judge/rank-1/hpcagent_bench1.db,call,git-scicomp-oss120b-repo.n0.p17.w17,git-scicomp-oss120b-repo,0,0,17,17,fdtd_2d,0,c,c,openai/gpt-oss-120b,fuzzed,float64,restricted,4,0,ok,1,,,1.001029579135563,,,850919,c-autopar,gcc,score,,native,AMD Instinct MI300A Accelerator,,1788993370132,,run_local,last_saved
630786,630786,/capstor/scratch/cscs/ybudanaz/x86_64/hpcagent-bench-runs/git-scicomp-20260909/630786/judge/rank-1/hpcagent_bench1.db,call,git-scicomp-oss120b-repo.n0.p17.w17,git-scicomp-oss120b-repo,0,0,17,17,fdtd_2d,0,c,c,openai/gpt-oss-120b,fuzzed,float64,restricted,5,0,ok,1,,,1.0012772613018255,,,1004465,c-autopar,gcc,score,,native,AMD Instinct MI300A Accelerator,,1788994835106,,run_local,last_saved
630786,630786,/capstor/scratch/cscs/ybudanaz/x86_64/hpcagent-bench-runs/git-scicomp-20260909/630786/judge/rank-1/hpcagent_bench1.db,call,git-scicomp-oss120b-repo.n0.p17.w17,git-scicomp-oss120b-repo,0,0,17,17,fdtd_2d,0,c,c,openai/gpt-oss-120b,fuzzed,float64,restricted,6,0,ok,1,,,1.002494304287534,,,1511752,c-autopar,gcc,score,,native,AMD Instinct MI300A Accelerator,,1788994875081,,run_local,last_saved
630786,630786,/capstor/scratch/cscs/ybudanaz/x86_64/hpcagent-bench-runs/git-scicomp-20260909/630786/judge/rank-1/hpcagent_bench1.db,call,git-scicomp-oss120b-repo.n0.p17.w17,git-scicomp-oss120b-repo,0,0,17,17,fdtd_2d,0,c,c,openai/gpt-oss-120b,fuzzed,float64,restricted,7,0,ok,1,,,1.1278613248372786,,,1749751,c-autopar,gcc,score,,native,AMD Instinct MI300A Accelerator,,1788994920369,,run_local,last_saved
630786,630786,/capstor/scratch/cscs/ybudanaz/x86_64/hpcagent-bench-runs/git-scicomp-20260909/630786/judge/rank-1/hpcagent_bench1.db,call,git-scicomp-oss120b-repo.n0.p17.w17,git-scicomp-oss120b-repo,0,0,17,17,fdtd_2d,0,c,c,openai/gpt-oss-120b,fuzzed,float64,restricted,8,0,score_error,0,,,0.0,,,1799049,c-autopar,gcc,submit,,native,AMD Instinct MI300A Accelerator,,1788997422134,,run_local,last_saved
630786,630786,/capstor/scratch/cscs/ybudanaz/x86_64/hpcagent-bench-runs/git-scicomp-20260909/630786/judge/rank-1/hpcagent_bench1.db,call,git-scicomp-oss120b-repo.n0.p25.w25,git-scicomp-oss120b-repo,0,0,25,25,jacobi_2d,0,c,c,openai/gpt-oss-120b,fuzzed,float64,restricted,1,0,ok,1,,,7.770217185845621,,,163316,c-autopar,gcc,score,,native,AMD Instinct MI300A Accelerator,,1788992425129,,run_local,last_saved
630786,630786,/capstor/scratch/cscs/ybudanaz/x86_64/hpcagent-bench-runs/git-scicomp-20260909/630786/judge/rank-1/hpcagent_bench1.db,call,git-scicomp-oss120b-repo.n0.p25.w25,git-scicomp-oss120b-repo,0,0,25,25,jacobi_2d,0,c,c,openai/gpt-oss-120b,fuzzed,float64,restricted,2,0,ok,1,,,7.7959186065192405,,,260664,c-autopar,gcc,score,,native,AMD Instinct MI300A Accelerator,,1788993245154,,run_local,last_saved
630786,630786,/capstor/scratch/cscs/ybudanaz/x86_64/hpcagent-bench-runs/git-scicomp-20260909/630786/judge/rank-1/hpcagent_bench1.db,call,git-scicomp-oss120b-repo.n0.p25.w25,git-scicomp-oss120b-repo,0,0,25,25,jacobi_2d,0,c,c,openai/gpt-oss-120b,fuzzed,float64,restricted,3,0,ok,1,,,7.868105944410471,,,366579,c-autopar,gcc,score,,native,AMD Instinct MI300A Accelerator,,1788993295549,,run_local,last_saved
630786,630786,/capstor/scratch/cscs/ybudanaz/x86_64/hpcagent-bench-runs/git-scicomp-20260909/630786/judge/rank-1/hpcagent_bench1.db,call,git-scicomp-oss120b-repo.n0.p25.w25,git-scicomp-oss120b-repo,0,0,25,25,jacobi_2d,0,c,c,openai/gpt-oss-120b,fuzzed,float64,restricted,4,0,ok,1,,,7.366405830904208,,,432798,c-autopar,gcc,score,,native,AMD Instinct MI300A Accelerator,,1788993346767,,run_local,last_saved
630786,630786,/capstor/scratch/cscs/ybudanaz/x86_64/hpcagent-bench-runs/git-scicomp-20260909/630786/judge/rank-1/hpcagent_bench1.db,call,git-scicomp-oss120b-repo.n0.p25.w25,git-scicomp-oss120b-repo,0,0,25,25,jacobi_2d,0,c,c,openai/gpt-oss-120b,fuzzed,float64,restricted,5,0,score_error,0,,,0.0,,,478034,c-autopar,gcc,submit,,native,AMD Instinct MI300A Accelerator,,1788994812419,,run_local,last_saved
630786,630786,/capstor/scratch/cscs/ybudanaz/x86_64/hpcagent-bench-runs/git-scicomp-20260909/630786/judge/rank-1/hpcagent_bench1.db,call,git-scicomp-oss120b-repo.n0.p9.w9,git-scicomp-oss120b-repo,0,0,9,9,lda_xc_potential,0,c,c,openai/gpt-oss-120b,fuzzed,float64,restricted,1,0,ok,1,,,23.825824626580424,,,243220,c-autopar,gcc,score,,native,AMD Instinct MI300A Accelerator,,1788992437253,,run_local,last_saved
630786,630786,/capstor/scratch/cscs/ybudanaz/x86_64/hpcagent-bench-runs/git-scicomp-20260909/630786/judge/rank-1/hpcagent_bench1.db,call,git-scicomp-oss120b-repo.n0.p9.w9,git-scicomp-oss120b-repo,0,0,9,9,lda_xc_potential,0,c,c,openai/gpt-oss-120b,fuzzed,float64,restricted,2,0,ok,1,,,26.146321720651564,,,265698,c-autopar,gcc,submit,,native,AMD Instinct MI300A Accelerator,,1788993216341,,run_local,last_saved
630786,630786,/capstor/scratch/cscs/ybudanaz/x86_64/hpcagent-bench-runs/git-scicomp-20260909/630786/judge/rank-1/hpcagent_bench1.db,submission,git-scicomp-oss120b-repo.n0.p9.w9,git-scicomp-oss120b-repo,0,0,9,9,lda_xc_potential,0,c,,openai/gpt-oss-120b,fuzzed,float64,restricted,1,1,,,,,26.146321720651564,20695422.0,867437.0,,c-autopar,,,0,native,AMD Instinct MI300A Accelerator,,1788993215818,35/35d9a22f280c807bc7c507f42c1095eca91dd1808f26a93b1169ada4df04e240.txt,run_local,graded_attempt
630786,630786,/capstor/scratch/cscs/ybudanaz/x86_64/hpcagent-bench-runs/git-scicomp-20260909/630786/judge/rank-2/hpcagent_bench2.db,call,git-scicomp-oss120b-repo.n0.p10.w10,git-scicomp-oss120b-repo,0,0,10,10,lda_xc_potential,0,c,c,openai/gpt-oss-120b,fuzzed,float64,restricted,1,0,ok,1,,,27.486654930235915,,,221357,c-autopar,gcc,score,,native,AMD Instinct MI300A Accelerator,,1788992402807,,run_local,last_saved
630786,630786,/capstor/scratch/cscs/ybudanaz/x86_64/hpcagent-bench-runs/git-scicomp-20260909/630786/judge/rank-2/hpcagent_bench2.db,call,git-scicomp-oss120b-repo.n0.p10.w10,git-scicomp-oss120b-repo,0,0,10,10,lda_xc_potential,0,c,c,openai/gpt-oss-120b,fuzzed,float64,restricted,2,0,ok,1,,,30.042883942975187,,,336896,c-autopar,gcc,score,,native,AMD Instinct MI300A Accelerator,,1788992509015,,run_local,last_saved
630786,630786,/capstor/scratch/cscs/ybudanaz/x86_64/hpcagent-bench-runs/git-scicomp-20260909/630786/judge/rank-2/hpcagent_bench2.db,call,git-scicomp-oss120b-repo.n0.p10.w10,git-scicomp-oss120b-repo,0,0,10,10,lda_xc_potential,0,c,c,openai/gpt-oss-120b,fuzzed,float64,restricted,3,0,ok,1,,,27.651381472334272,,,451611,c-autopar,gcc,score,,native,AMD Instinct MI300A Accelerator,,1788992809866,,run_local,last_saved
630786,630786,/capstor/scratch/cscs/ybudanaz/x86_64/hpcagent-bench-runs/git-scicomp-20260909/630786/judge/rank-2/hpcagent_bench2.db,call,git-scicomp-oss120b-repo.n0.p10.w10,git-scicomp-oss120b-repo,0,0,10,10,lda_xc_potential,0,c,c,openai/gpt-oss-120b,fuzzed,float64,restricted,4,0,ok,1,,,30.658618492940683,,,482761,c-autopar,gcc,submit,,native,AMD Instinct MI300A Accelerator,,1788994289140,,run_local,last_saved
630786,630786,/capstor/scratch/cscs/ybudanaz/x86_64/hpcagent-bench-runs/git-scicomp-20260909/630786/judge/rank-2/hpcagent_bench2.db,call,git-scicomp-oss120b-repo.n0.p18.w18,git-scicomp-oss120b-repo,0,0,18,18,fv3_dycore,0,c,c,openai/gpt-oss-120b,fuzzed,float64,restricted,1,0,incorrect,0,,,21524.328593040846,,,575270,c-autopar,gcc,score,,native,AMD Instinct MI300A Accelerator,,1788992508474,,run_local,last_saved
630786,630786,/capstor/scratch/cscs/ybudanaz/x86_64/hpcagent-bench-runs/git-scicomp-20260909/630786/judge/rank-2/hpcagent_bench2.db,call,git-scicomp-oss120b-repo.n0.p18.w18,git-scicomp-oss120b-repo,0,0,18,18,fv3_dycore,0,c,c,openai/gpt-oss-120b,fuzzed,float64,restricted,2,0,incorrect,0,,,23992.548397976392,,,1053159,c-autopar,gcc,score,,native,AMD Instinct MI300A Accelerator,,1788992818332,,run_local,last_saved
630786,630786,/capstor/scratch/cscs/ybudanaz/x86_64/hpcagent-bench-runs/git-scicomp-20260909/630786/judge/rank-2/hpcagent_bench2.db,call,git-scicomp-oss120b-repo.n0.p18.w18,git-scicomp-oss120b-repo,0,0,18,18,fv3_dycore,0,c,c,openai/gpt-oss-120b,fuzzed,float64,restricted,3,0,incorrect,0,,,22126.875894245724,,,1501513,c-autopar,gcc,score,,native,AMD Instinct MI300A Accelerator,,1788994297283,,run_local,last_saved
630786,630786,/capstor/scratch/cscs/ybudanaz/x86_64/hpcagent-bench-runs/git-scicomp-20260909/630786/judge/rank-2/hpcagent_bench2.db,call,git-scicomp-oss120b-repo.n0.p2.w2,git-scicomp-oss120b-repo,0,0,2,2,addusxx_g,0,c,c,openai/gpt-oss-120b,fuzzed,float64,restricted,1,0,ok,1,,,51.704061254645595,,,922943,c-autopar,gcc,score,,native,AMD Instinct MI300A Accelerator,,1788992410750,,run_local,last_saved
630786,630786,/capstor/scratch/cscs/ybudanaz/x86_64/hpcagent-bench-runs/git-scicomp-20260909/630786/judge/rank-2/hpcagent_bench2.db,call,git-scicomp-oss120b-repo.n0.p2.w2,git-scicomp-oss120b-repo,0,0,2,2,addusxx_g,0,c,c,openai/gpt-oss-120b,fuzzed,float64,restricted,2,0,ok,1,,,64.02273768705874,,,962496,c-autopar,gcc,submit,,native,AMD Instinct MI300A Accelerator,,1788992782903,,run_local,last_saved
630786,630786,/capstor/scratch/cscs/ybudanaz/x86_64/hpcagent-bench-runs/git-scicomp-20260909/630786/judge/rank-2/hpcagent_bench2.db,call,git-scicomp-oss120b-repo.n0.p26.w26,git-scicomp-oss120b-repo,0,0,26,26,jacobi_2d,0,c,c,openai/gpt-oss-120b,fuzzed,float64,restricted,1,0,ok,1,,,9.459806251379284,,,167717,c-autopar,gcc,score,,native,AMD Instinct MI300A Accelerator,,1788992390705,,run_local,last_saved
630786,630786,/capstor/scratch/cscs/ybudanaz/x86_64/hpcagent-bench-runs/git-scicomp-20260909/630786/judge/rank-2/hpcagent_bench2.db,call,git-scicomp-oss120b-repo.n0.p26.w26,git-scicomp-oss120b-repo,0,0,26,26,jacobi_2d,0,c,c,openai/gpt-oss-120b,fuzzed,float64,restricted,2,0,ok,1,,,9.458956347511382,,,294112,c-autopar,gcc,score,,native,AMD Instinct MI300A Accelerator,,1788992535296,,run_local,last_saved
630786,630786,/capstor/scratch/cscs/ybudanaz/x86_64/hpcagent-bench-runs/git-scicomp-20260909/630786/judge/rank-2/hpcagent_bench2.db,call,git-scicomp-oss120b-repo.n0.p26.w26,git-scicomp-oss120b-repo,0,0,26,26,jacobi_2d,0,c,c,openai/gpt-oss-120b,fuzzed,float64,restricted,3,0,ok,1,,,9.459510956240772,,,404731,c-autopar,gcc,score,,native,AMD Instinct MI300A Accelerator,,1788992809203,,run_local,last_saved
630786,630786,/capstor/scratch/cscs/ybudanaz/x86_64/hpcagent-bench-runs/git-scicomp-20260909/630786/judge/rank-2/hpcagent_bench2.db,call,git-scicomp-oss120b-repo.n0.p26.w26,git-scicomp-oss120b-repo,0,0,26,26,jacobi_2d,0,c,c,openai/gpt-oss-120b,fuzzed,float64,restricted,4,0,ok,1,,,9.197427084897544,,,462714,c-autopar,gcc,submit,,native,AMD Instinct MI300A Accelerator,,1788994187167,,run_local,last_saved
630786,630786,/capstor/scratch/cscs/ybudanaz/x86_64/hpcagent-bench-runs/git-scicomp-20260909/630786/judge/rank-2/hpcagent_bench2.db,submission,git-scicomp-oss120b-repo.n0.p10.w10,git-scicomp-oss120b-repo,0,0,10,10,lda_xc_potential,0,c,,openai/gpt-oss-120b,fuzzed,float64,restricted,1,1,,,,,30.658618492940683,20695710.0,738955.0,,c-autopar,,,0,native,AMD Instinct MI300A Accelerator,,1788994288792,68/68a1be3996cf39c4511718fe20552ec708c9267bf07e2ed78c3ff9a3e0f7200a.txt,run_local,graded_attempt
630786,630786,/capstor/scratch/cscs/ybudanaz/x86_64/hpcagent-bench-runs/git-scicomp-20260909/630786/judge/rank-2/hpcagent_bench2.db,submission,git-scicomp-oss120b-repo.n0.p2.w2,git-scicomp-oss120b-repo,0,0,2,2,addusxx_g,0,c,,openai/gpt-oss-120b,fuzzed,float64,restricted,1,1,,,,,64.02273768705874,34848050.0,555134.0,,c-autopar,,,0,native,AMD Instinct MI300A Accelerator,,1788992782669,f9/f93ccfe7b8e94e6d11eafcb4bff2bc9ab0101aaefac0547d2846852ec4ad0d13.txt,run_local,graded_attempt
630786,630786,/capstor/scratch/cscs/ybudanaz/x86_64/hpcagent-bench-runs/git-scicomp-20260909/630786/judge/rank-2/hpcagent_bench2.db,submission,git-scicomp-oss120b-repo.n0.p26.w26,git-scicomp-oss120b-repo,0,0,26,26,jacobi_2d,0,c,,openai/gpt-oss-120b,fuzzed,float64,restricted,1,1,,,,,9.197427084897544,14385016506.0,1553690432.0,,c-autopar,,,0,native,AMD Instinct MI300A Accelerator,,1788994186677,fd/fd77b6dda7fc97f9831f97d65004afd28706b0851a18fe43d609102607354171.txt,run_local,graded_attempt
630786,630786,/capstor/scratch/cscs/ybudanaz/x86_64/hpcagent-bench-runs/git-scicomp-20260909/630786/judge/rank-3/hpcagent_bench3.db,call,git-scicomp-oss120b-repo.n0.p11.w11,git-scicomp-oss120b-repo,0,0,11,11,lda_xc_potential,0,c,c,openai/gpt-oss-120b,fuzzed,float64,restricted,1,0,incorrect,0,,,1347.1018768328445,,,138193,c-autopar,gcc,score,,native,AMD Instinct MI300A Accelerator,,1788992311116,,run_local,last_saved
630786,630786,/capstor/scratch/cscs/ybudanaz/x86_64/hpcagent-bench-runs/git-scicomp-20260909/630786/judge/rank-3/hpcagent_bench3.db,call,git-scicomp-oss120b-repo.n0.p11.w11,git-scicomp-oss120b-repo,0,0,11,11,lda_xc_potential,0,c,c,openai/gpt-oss-120b,fuzzed,float64,restricted,2,0,ok,1,,,29.071099123364377,,,685399,c-autopar,gcc,score,,native,AMD Instinct MI300A Accelerator,,1788992525294,,run_local,last_saved
630786,630786,/capstor/scratch/cscs/ybudanaz/x86_64/hpcagent-bench-runs/git-scicomp-20260909/630786/judge/rank-3/hpcagent_bench3.db,call,git-scicomp-oss120b-repo.n0.p11.w11,git-scicomp-oss120b-repo,0,0,11,11,lda_xc_potential,0,c,c,openai/gpt-oss-120b,fuzzed,float64,restricted,3,0,ok,1,,,20.591957343908284,,,718019,c-autopar,gcc,submit,,native,AMD Instinct MI300A Accelerator,,1788992643771,,run_local,last_saved
630786,630786,/capstor/scratch/cscs/ybudanaz/x86_64/hpcagent-bench-runs/git-scicomp-20260909/630786/judge/rank-3/hpcagent_bench3.db,call,git-scicomp-oss120b-repo.n0.p19.w19,git-scicomp-oss120b-repo,0,0,19,19,fv3_dycore,0,c,c,openai/gpt-oss-120b,fuzzed,float64,restricted,1,0,incorrect,0,,,12.398263839382452,,,373018,c-autopar,gcc,score,,native,AMD Instinct MI300A Accelerator,,1788992504588,,run_local,last_saved
630786,630786,/capstor/scratch/cscs/ybudanaz/x86_64/hpcagent-bench-runs/git-scicomp-20260909/630786/judge/rank-3/hpcagent_bench3.db,call,git-scicomp-oss120b-repo.n0.p19.w19,git-scicomp-oss120b-repo,0,0,19,19,fv3_dycore,0,c,c,openai/gpt-oss-120b,fuzzed,float64,restricted,2,0,incorrect,0,,,12.474719363900036,,,703871,c-autopar,gcc,score,,native,AMD Instinct MI300A Accelerator,,1788992685831,,run_local,last_saved
630786,630786,/capstor/scratch/cscs/ybudanaz/x86_64/hpcagent-bench-runs/git-scicomp-20260909/630786/judge/rank-3/hpcagent_bench3.db,call,git-scicomp-oss120b-repo.n0.p19.w19,git-scicomp-oss120b-repo,0,0,19,19,fv3_dycore,0,c,c,openai/gpt-oss-120b,fuzzed,float64,restricted,3,0,incorrect,0,,,8.23162801324395,,,1016227,c-autopar,gcc,score,,native,AMD Instinct MI300A Accelerator,,1788992967244,,run_local,last_saved
630786,630786,/capstor/scratch/cscs/ybudanaz/x86_64/hpcagent-bench-runs/git-scicomp-20260909/630786/judge/rank-3/hpcagent_bench3.db,call,git-scicomp-oss120b-repo.n0.p19.w19,git-scicomp-oss120b-repo,0,0,19,19,fv3_dycore,0,c,c,openai/gpt-oss-120b,fuzzed,float64,restricted,4,0,incorrect,0,,,8.214463428628594,,,1987840,c-autopar,gcc,score,,native,AMD Instinct MI300A Accelerator,,1788993055332,,run_local,last_saved
630786,630786,/capstor/scratch/cscs/ybudanaz/x86_64/hpcagent-bench-runs/git-scicomp-20260909/630786/judge/rank-3/hpcagent_bench3.db,call,git-scicomp-oss120b-repo.n0.p19.w19,git-scicomp-oss120b-repo,0,0,19,19,fv3_dycore,0,c,c,openai/gpt-oss-120b,fuzzed,float64,restricted,5,0,incorrect,0,,,8.231440465094748,,,2687223,c-autopar,gcc,score,,native,AMD Instinct MI300A Accelerator,,1788993116910,,run_local,last_saved
630786,630786,/capstor/scratch/cscs/ybudanaz/x86_64/hpcagent-bench-runs/git-scicomp-20260909/630786/judge/rank-3/hpcagent_bench3.db,call,git-scicomp-oss120b-repo.n0.p27.w27,git-scicomp-oss120b-repo,0,0,27,27,edge_laplacian,0,c,c,openai/gpt-oss-120b,fuzzed,float64,restricted,1,0,ok,1,,,10.574044079560705,,,112145,c-autopar,gcc,score,,native,AMD Instinct MI300A Accelerator,,1788992092704,,run_local,last_saved
630786,630786,/capstor/scratch/cscs/ybudanaz/x86_64/hpcagent-bench-runs/git-scicomp-20260909/630786/judge/rank-3/hpcagent_bench3.db,call,git-scicomp-oss120b-repo.n0.p27.w27,git-scicomp-oss120b-repo,0,0,27,27,edge_laplacian,0,c,c,openai/gpt-oss-120b,fuzzed,float64,restricted,2,0,ok,1,,,4.808450351108065,,,210284,c-autopar,gcc,score,,native,AMD Instinct MI300A Accelerator,,1788992517203,,run_local,last_saved
630786,630786,/capstor/scratch/cscs/ybudanaz/x86_64/hpcagent-bench-runs/git-scicomp-20260909/630786/judge/rank-3/hpcagent_bench3.db,call,git-scicomp-oss120b-repo.n0.p27.w27,git-scicomp-oss120b-repo,0,0,27,27,edge_laplacian,0,c,c,openai/gpt-oss-120b,fuzzed,float64,restricted,3,0,incorrect,0,,,0.0,,,312230,c-autopar,gcc,score,,native,AMD Instinct MI300A Accelerator,,1788992677383,,run_local,last_saved
630786,630786,/capstor/scratch/cscs/ybudanaz/x86_64/hpcagent-bench-runs/git-scicomp-20260909/630786/judge/rank-3/hpcagent_bench3.db,call,git-scicomp-oss120b-repo.n0.p27.w27,git-scicomp-oss120b-repo,0,0,27,27,edge_laplacian,0,c,c,openai/gpt-oss-120b,fuzzed,float64,restricted,4,0,ok,1,,,10.50949881461447,,,426306,c-autopar,gcc,score,,native,AMD Instinct MI300A Accelerator,,1788992697673,,run_local,last_saved
630786,630786,/capstor/scratch/cscs/ybudanaz/x86_64/hpcagent-bench-runs/git-scicomp-20260909/630786/judge/rank-3/hpcagent_bench3.db,call,git-scicomp-oss120b-repo.n0.p27.w27,git-scicomp-oss120b-repo,0,0,27,27,edge_laplacian,0,c,c,promoted-unsubmitted,fuzzed,float64,restricted,5,0,ok,1,,,10.467529962597034,,,0,c-autopar,gcc,submit,,native,AMD Instinct MI300A Accelerator,,1788992958095,,run_local,last_saved
630786,630786,/capstor/scratch/cscs/ybudanaz/x86_64/hpcagent-bench-runs/git-scicomp-20260909/630786/judge/rank-3/hpcagent_bench3.db,call,git-scicomp-oss120b-repo.n0.p3.w3,git-scicomp-oss120b-repo,0,0,3,3,dfa,0,c,c,openai/gpt-oss-120b,fuzzed,float64,restricted,1,0,ok,1,,,0.9949929023676194,,,159158,c-autopar,gcc,score,,native,AMD Instinct MI300A Accelerator,,1788992296568,,run_local,last_saved
630786,630786,/capstor/scratch/cscs/ybudanaz/x86_64/hpcagent-bench-runs/git-scicomp-20260909/630786/judge/rank-3/hpcagent_bench3.db,call,git-scicomp-oss120b-repo.n0.p3.w3,git-scicomp-oss120b-repo,0,0,3,3,dfa,0,c,c,openai/gpt-oss-120b,fuzzed,float64,restricted,2,0,incorrect,0,,,0.0,,,384026,c-autopar,gcc,score,,native,AMD Instinct MI300A Accelerator,,1788992524752,,run_local,last_saved
630786,630786,/capstor/scratch/cscs/ybudanaz/x86_64/hpcagent-bench-runs/git-scicomp-20260909/630786/judge/rank-3/hpcagent_bench3.db,call,git-scicomp-oss120b-repo.n0.p3.w3,git-scicomp-oss120b-repo,0,0,3,3,dfa,0,c,c,openai/gpt-oss-120b,fuzzed,float64,restricted,3,0,ok,1,,,0.966770705338041,,,453806,c-autopar,gcc,score,,native,AMD Instinct MI300A Accelerator,,1788992669394,,run_local,last_saved
630786,630786,/capstor/scratch/cscs/ybudanaz/x86_64/hpcagent-bench-runs/git-scicomp-20260909/630786/judge/rank-3/hpcagent_bench3.db,call,git-scicomp-oss120b-repo.n0.p3.w3,git-scicomp-oss120b-repo,0,0,3,3,dfa,0,c,c,openai/gpt-oss-120b,fuzzed,float64,restricted,4,0,ok,1,,,0.9967749665738761,,,756549,c-autopar,gcc,score,,native,AMD Instinct MI300A Accelerator,,1788992992699,,run_local,last_saved
630786,630786,/capstor/scratch/cscs/ybudanaz/x86_64/hpcagent-bench-runs/git-scicomp-20260909/630786/judge/rank-3/hpcagent_bench3.db,call,git-scicomp-oss120b-repo.n0.p3.w3,git-scicomp-oss120b-repo,0,0,3,3,dfa,0,c,c,openai/gpt-oss-120b,fuzzed,float64,restricted,5,0,ok,1,,,0.9966403236614583,,,861489,c-autopar,gcc,score,,native,AMD Instinct MI300A Accelerator,,1788993045617,,run_local,last_saved
630786,630786,/capstor/scratch/cscs/ybudanaz/x86_64/hpcagent-bench-runs/git-scicomp-20260909/630786/judge/rank-3/hpcagent_bench3.db,call,git-scicomp-oss120b-repo.n0.p3.w3,git-scicomp-oss120b-repo,0,0,3,3,dfa,0,c,c,openai/gpt-oss-120b,fuzzed,float64,restricted,6,0,ok,1,,,0.9947365540950776,,,976279,c-autopar,gcc,score,,native,AMD Instinct MI300A Accelerator,,1788993087910,,run_local,last_saved
630786,630786,/capstor/scratch/cscs/ybudanaz/x86_64/hpcagent-bench-runs/git-scicomp-20260909/630786/judge/rank-3/hpcagent_bench3.db,call,git-scicomp-oss120b-repo.n0.p3.w3,git-scicomp-oss120b-repo,0,0,3,3,dfa,0,c,c,openai/gpt-oss-120b,fuzzed,float64,restricted,7,0,ok,1,,,0.9946613722744823,,,1180163,c-autopar,gcc,score,,native,AMD Instinct MI300A Accelerator,,1788993142276,,run_local,last_saved
630786,630786,/capstor/scratch/cscs/ybudanaz/x86_64/hpcagent-bench-runs/git-scicomp-20260909/630786/judge/rank-3/hpcagent_bench3.db,call,git-scicomp-oss120b-repo.n0.p3.w3,git-scicomp-oss120b-repo,0,0,3,3,dfa,0,c,c,openai/gpt-oss-120b,fuzzed,float64,restricted,8,0,ok,1,,,0.9231161202094825,,,1312308,c-autopar,gcc,score,,native,AMD Instinct MI300A Accelerator,,1788993200711,,run_local,last_saved
630786,630786,/capstor/scratch/cscs/ybudanaz/x86_64/hpcagent-bench-runs/git-scicomp-20260909/630786/judge/rank-3/hpcagent_bench3.db,call,git-scicomp-oss120b-repo.n0.p3.w3,git-scicomp-oss120b-repo,0,0,3,3,dfa,0,c,c,openai/gpt-oss-120b,fuzzed,float64,restricted,9,0,ok,1,,,0.725316611451277,,,1452544,c-autopar,gcc,score,,native,AMD Instinct MI300A Accelerator,,1788993260494,,run_local,last_saved
630786,630786,/capstor/scratch/cscs/ybudanaz/x86_64/hpcagent-bench-runs/git-scicomp-20260909/630786/judge/rank-3/hpcagent_bench3.db,call,git-scicomp-oss120b-repo.n0.p3.w3,git-scicomp-oss120b-repo,0,0,3,3,dfa,0,c,c,openai/gpt-oss-120b,fuzzed,float64,restricted,10,0,ok,1,,,0.9986555805120881,,,1648564,c-autopar,gcc,score,,native,AMD Instinct MI300A Accelerator,,1788993312315,,run_local,last_saved
630786,630786,/capstor/scratch/cscs/ybudanaz/x86_64/hpcagent-bench-runs/git-scicomp-20260909/630786/judge/rank-3/hpcagent_bench3.db,call,git-scicomp-oss120b-repo.n0.p3.w3,git-scicomp-oss120b-repo,0,0,3,3,dfa,0,c,c,openai/gpt-oss-120b,fuzzed,float64,restricted,11,0,ok,1,,,1.0002356408745436,,,1802937,c-autopar,gcc,score,,native,AMD Instinct MI300A Accelerator,,1788993360454,,run_local,last_saved
630786,630786,/capstor/scratch/cscs/ybudanaz/x86_64/hpcagent-bench-runs/git-scicomp-20260909/630786/judge/rank-3/hpcagent_bench3.db,call,git-scicomp-oss120b-repo.n0.p3.w3,git-scicomp-oss120b-repo,0,0,3,3,dfa,0,c,c,openai/gpt-oss-120b,fuzzed,float64,restricted,12,0,ok,1,,,1.0,,,1855277,c-autopar,gcc,submit,,native,AMD Instinct MI300A Accelerator,,1788994350383,,run_local,last_saved
630786,630786,/capstor/scratch/cscs/ybudanaz/x86_64/hpcagent-bench-runs/git-scicomp-20260909/630786/judge/rank-3/hpcagent_bench3.db,submission,git-scicomp-oss120b-repo.n0.p11.w11,git-scicomp-oss120b-repo,0,0,11,11,lda_xc_potential,0,c,,openai/gpt-oss-120b,fuzzed,float64,restricted,1,1,,,,,20.591957343908284,20870865.0,1111038.0,,c-autopar,,,0,native,AMD Instinct MI300A Accelerator,,1788992643526,80/805cd5f33756a49b106d6255d3e3cbaa427c3ff0dff65f3894418e046ab3a9f6.txt,run_local,graded_attempt
630786,630786,/capstor/scratch/cscs/ybudanaz/x86_64/hpcagent-bench-runs/git-scicomp-20260909/630786/judge/rank-3/hpcagent_bench3.db,submission,git-scicomp-oss120b-repo.n0.p27.w27,git-scicomp-oss120b-repo,0,0,27,27,edge_laplacian,0,c,,promoted-unsubmitted,fuzzed,float64,restricted,1,1,,,,,10.467529962597034,2037032555.0,192563190.0,,c-autopar,,,0,native,AMD Instinct MI300A Accelerator,,1788992957936,74/7405a8bee2d4e1c568931b996a0b740b68a3bf8b9996bd7d9a34a38277e14529.txt,run_local,graded_attempt
630786,630786,/capstor/scratch/cscs/ybudanaz/x86_64/hpcagent-bench-runs/git-scicomp-20260909/630786/judge/rank-3/hpcagent_bench3.db,submission,git-scicomp-oss120b-repo.n0.p3.w3,git-scicomp-oss120b-repo,0,0,3,3,dfa,0,c,,openai/gpt-oss-120b,fuzzed,float64,restricted,1,1,,,,,1.0,2325971754.0,2322210806.0,,c-autopar,,,0,native,AMD Instinct MI300A Accelerator,,1788994350128,d2/d2aa07d0e53bdaf04950c1b8755f5907702e06d5f9b233c7a8d577940331ce80.txt,run_local,graded_attempt
630786,630786,/capstor/scratch/cscs/ybudanaz/x86_64/hpcagent-bench-runs/git-scicomp-20260909/630786/judge/rank-4/hpcagent_bench4.db,call,git-scicomp-oss120b-repo.n0.p12.w12,git-scicomp-oss120b-repo,0,0,12,12,warpx_boris_push,0,c,c,openai/gpt-oss-120b,fuzzed,float64,restricted,1,0,incorrect,0,,,11.727554440271486,,,1120296,c-autopar,gcc,score,,native,AMD Instinct MI300A Accelerator,,1788992343194,,run_local,missing
630786,630786,/capstor/scratch/cscs/ybudanaz/x86_64/hpcagent-bench-runs/git-scicomp-20260909/630786/judge/rank-4/hpcagent_bench4.db,call,git-scicomp-oss120b-repo.n0.p12.w12,git-scicomp-oss120b-repo,0,0,12,12,warpx_boris_push,0,c,c,openai/gpt-oss-120b,fuzzed,float64,restricted,2,0,incorrect,0,,,11.044887147683474,,,1422302,c-autopar,gcc,score,,native,AMD Instinct MI300A Accelerator,,1788992650247,,run_local,missing
630786,630786,/capstor/scratch/cscs/ybudanaz/x86_64/hpcagent-bench-runs/git-scicomp-20260909/630786/judge/rank-4/hpcagent_bench4.db,call,git-scicomp-oss120b-repo.n0.p12.w12,git-scicomp-oss120b-repo,0,0,12,12,warpx_boris_push,0,c,c,openai/gpt-oss-120b,fuzzed,float64,restricted,3,0,incorrect,0,,,11.579343831584548,,,1861659,c-autopar,gcc,score,,native,AMD Instinct MI300A Accelerator,,1788992782317,,run_local,missing
630786,630786,/capstor/scratch/cscs/ybudanaz/x86_64/hpcagent-bench-runs/git-scicomp-20260909/630786/judge/rank-4/hpcagent_bench4.db,call,git-scicomp-oss120b-repo.n0.p12.w12,git-scicomp-oss120b-repo,0,0,12,12,warpx_boris_push,0,c,c,openai/gpt-oss-120b,fuzzed,float64,restricted,4,0,incorrect,0,,,11.409227694004947,,,2923153,c-autopar,gcc,score,,native,AMD Instinct MI300A Accelerator,,1788993082476,,run_local,missing
630786,630786,/capstor/scratch/cscs/ybudanaz/x86_64/hpcagent-bench-runs/git-scicomp-20260909/630786/judge/rank-4/hpcagent_bench4.db,call,git-scicomp-oss120b-repo.n0.p12.w12,git-scicomp-oss120b-repo,0,0,12,12,warpx_boris_push,0,c,c,openai/gpt-oss-120b,fuzzed,float64,restricted,5,0,incorrect,0,,,10.832971204256356,,,4113837,c-autopar,gcc,score,,native,AMD Instinct MI300A Accelerator,,1788993201611,,run_local,missing
630786,630786,/capstor/scratch/cscs/ybudanaz/x86_64/hpcagent-bench-runs/git-scicomp-20260909/630786/judge/rank-4/hpcagent_bench4.db,call,git-scicomp-oss120b-repo.n0.p12.w12,git-scicomp-oss120b-repo,0,0,12,12,warpx_boris_push,0,c,c,openai/gpt-oss-120b,fuzzed,float64,restricted,6,0,incorrect,0,,,6.395114828171015,,,5097676,c-autopar,gcc,score,,native,AMD Instinct MI300A Accelerator,,1788993257019,,run_local,missing
630786,630786,/capstor/scratch/cscs/ybudanaz/x86_64/hpcagent-bench-runs/git-scicomp-20260909/630786/judge/rank-4/hpcagent_bench4.db,call,git-scicomp-oss120b-repo.n0.p20.w20,git-scicomp-oss120b-repo,0,0,20,20,fv3_dycore,0,c,c,openai/gpt-oss-120b,fuzzed,float64,restricted,1,0,ok,1,,,1.8772880719376976,,,1260163,c-autopar,gcc,score,,native,AMD Instinct MI300A Accelerator,,1788992781410,,run_local,last_saved
630786,630786,/capstor/scratch/cscs/ybudanaz/x86_64/hpcagent-bench-runs/git-scicomp-20260909/630786/judge/rank-4/hpcagent_bench4.db,call,git-scicomp-oss120b-repo.n0.p20.w20,git-scicomp-oss120b-repo,0,0,20,20,fv3_dycore,0,c,c,openai/gpt-oss-120b,fuzzed,float64,restricted,2,0,ok,1,,,1.8348636655497321,,,1429226,c-autopar,gcc,submit,,native,AMD Instinct MI300A Accelerator,,1788993047292,,run_local,last_saved
630786,630786,/capstor/scratch/cscs/ybudanaz/x86_64/hpcagent-bench-runs/git-scicomp-20260909/630786/judge/rank-4/hpcagent_bench4.db,call,git-scicomp-oss120b-repo.n0.p28.w28,git-scicomp-oss120b-repo,0,0,28,28,edge_laplacian,0,c,c,openai/gpt-oss-120b,fuzzed,float64,restricted,1,0,ok,1,,,7.543351949799564,,,214205,c-autopar,gcc,score,,native,AMD Instinct MI300A Accelerator,,1788992340845,,run_local,last_saved
630786,630786,/capstor/scratch/cscs/ybudanaz/x86_64/hpcagent-bench-runs/git-scicomp-20260909/630786/judge/rank-4/hpcagent_bench4.db,call,git-scicomp-oss120b-repo.n0.p28.w28,git-scicomp-oss120b-repo,0,0,28,28,edge_laplacian,0,c,c,openai/gpt-oss-120b,fuzzed,float64,restricted,2,0,ok,1,,,7.537700508758253,,,235983,c-autopar,gcc,submit,,native,AMD Instinct MI300A Accelerator,,1788992649968,,run_local,last_saved
630786,630786,/capstor/scratch/cscs/ybudanaz/x86_64/hpcagent-bench-runs/git-scicomp-20260909/630786/judge/rank-4/hpcagent_bench4.db,call,git-scicomp-oss120b-repo.n0.p4.w4,git-scicomp-oss120b-repo,0,0,4,4,dfa,0,c,c,openai/gpt-oss-120b,fuzzed,float64,restricted,1,0,ok,1,,,0.9959202330198015,,,123230,c-autopar,gcc,score,,native,AMD Instinct MI300A Accelerator,,1788992268156,,run_local,last_saved
630786,630786,/capstor/scratch/cscs/ybudanaz/x86_64/hpcagent-bench-runs/git-scicomp-20260909/630786/judge/rank-4/hpcagent_bench4.db,call,git-scicomp-oss120b-repo.n0.p4.w4,git-scicomp-oss120b-repo,0,0,4,4,dfa,0,c,c,openai/gpt-oss-120b,fuzzed,float64,restricted,2,0,ok,1,,,0.9966135791387234,,,212522,c-autopar,gcc,score,,native,AMD Instinct MI300A Accelerator,,1788992370206,,run_local,last_saved
630786,630786,/capstor/scratch/cscs/ybudanaz/x86_64/hpcagent-bench-runs/git-scicomp-20260909/630786/judge/rank-4/hpcagent_bench4.db,call,git-scicomp-oss120b-repo.n0.p4.w4,git-scicomp-oss120b-repo,0,0,4,4,dfa,0,c,c,openai/gpt-oss-120b,fuzzed,float64,restricted,3,0,ok,1,,,0.9994375745657066,,,344969,c-autopar,gcc,score,,native,AMD Instinct MI300A Accelerator,,1788992676649,,run_local,last_saved
630786,630786,/capstor/scratch/cscs/ybudanaz/x86_64/hpcagent-bench-runs/git-scicomp-20260909/630786/judge/rank-4/hpcagent_bench4.db,call,git-scicomp-oss120b-repo.n0.p4.w4,git-scicomp-oss120b-repo,0,0,4,4,dfa,0,c,c,openai/gpt-oss-120b,fuzzed,float64,restricted,4,0,ok,1,,,0.9962295418738815,,,446922,c-autopar,gcc,score,,native,AMD Instinct MI300A Accelerator,,1788992807841,,run_local,last_saved
630786,630786,/capstor/scratch/cscs/ybudanaz/x86_64/hpcagent-bench-runs/git-scicomp-20260909/630786/judge/rank-4/hpcagent_bench4.db,call,git-scicomp-oss120b-repo.n0.p4.w4,git-scicomp-oss120b-repo,0,0,4,4,dfa,0,c,c,openai/gpt-oss-120b,fuzzed,float64,restricted,5,0,ok,1,,,0.9939889119660196,,,656045,c-autopar,gcc,score,,native,AMD Instinct MI300A Accelerator,,1788993143912,,run_local,last_saved
630786,630786,/capstor/scratch/cscs/ybudanaz/x86_64/hpcagent-bench-runs/git-scicomp-20260909/630786/judge/rank-4/hpcagent_bench4.db,call,git-scicomp-oss120b-repo.n0.p4.w4,git-scicomp-oss120b-repo,0,0,4,4,dfa,0,c,c,openai/gpt-oss-120b,fuzzed,float64,restricted,6,0,ok,1,,,0.9412811563974189,,,798703,c-autopar,gcc,score,,native,AMD Instinct MI300A Accelerator,,1788993195011,,run_local,last_saved
630786,630786,/capstor/scratch/cscs/ybudanaz/x86_64/hpcagent-bench-runs/git-scicomp-20260909/630786/judge/rank-4/hpcagent_bench4.db,call,git-scicomp-oss120b-repo.n0.p4.w4,git-scicomp-oss120b-repo,0,0,4,4,dfa,0,c,c,openai/gpt-oss-120b,fuzzed,float64,restricted,7,0,ok,1,,,0.9918244908030264,,,989892,c-autopar,gcc,score,,native,AMD Instinct MI300A Accelerator,,1788993256909,,run_local,last_saved
630786,630786,/capstor/scratch/cscs/ybudanaz/x86_64/hpcagent-bench-runs/git-scicomp-20260909/630786/judge/rank-4/hpcagent_bench4.db,call,git-scicomp-oss120b-repo.n0.p4.w4,git-scicomp-oss120b-repo,0,0,4,4,dfa,0,c,c,openai/gpt-oss-120b,fuzzed,float64,restricted,8,0,ok,1,,,0.9949909018818915,,,1112909,c-autopar,gcc,score,,native,AMD Instinct MI300A Accelerator,,1788993298227,,run_local,last_saved
630786,630786,/capstor/scratch/cscs/ybudanaz/x86_64/hpcagent-bench-runs/git-scicomp-20260909/630786/judge/rank-4/hpcagent_bench4.db,call,git-scicomp-oss120b-repo.n0.p4.w4,git-scicomp-oss120b-repo,0,0,4,4,dfa,0,c,c,openai/gpt-oss-120b,fuzzed,float64,restricted,9,0,ok,1,,,0.9958921883246122,,,1329206,c-autopar,gcc,score,,native,AMD Instinct MI300A Accelerator,,1788993353896,,run_local,last_saved
630786,630786,/capstor/scratch/cscs/ybudanaz/x86_64/hpcagent-bench-runs/git-scicomp-20260909/630786/judge/rank-4/hpcagent_bench4.db,call,git-scicomp-oss120b-repo.n0.p4.w4,git-scicomp-oss120b-repo,0,0,4,4,dfa,0,c,c,openai/gpt-oss-120b,fuzzed,float64,restricted,10,0,ok,1,,,0.9966975570314403,,,1468617,c-autopar,gcc,score,,native,AMD Instinct MI300A Accelerator,,1788993414475,,run_local,last_saved
630786,630786,/capstor/scratch/cscs/ybudanaz/x86_64/hpcagent-bench-runs/git-scicomp-20260909/630786/judge/rank-4/hpcagent_bench4.db,call,git-scicomp-oss120b-repo.n0.p4.w4,git-scicomp-oss120b-repo,0,0,4,4,dfa,0,c,c,openai/gpt-oss-120b,fuzzed,float64,restricted,11,0,ok,1,,,0.9991733370604072,,,1614032,c-autopar,gcc,score,,native,AMD Instinct MI300A Accelerator,,1788993446995,,run_local,last_saved
630786,630786,/capstor/scratch/cscs/ybudanaz/x86_64/hpcagent-bench-runs/git-scicomp-20260909/630786/judge/rank-4/hpcagent_bench4.db,call,git-scicomp-oss120b-repo.n0.p4.w4,git-scicomp-oss120b-repo,0,0,4,4,dfa,0,c,c,openai/gpt-oss-120b,fuzzed,float64,restricted,12,0,ok,1,,,1.0004282516338836,,,1765268,c-autopar,gcc,score,,native,AMD Instinct MI300A Accelerator,,1788993484221,,run_local,last_saved
630786,630786,/capstor/scratch/cscs/ybudanaz/x86_64/hpcagent-bench-runs/git-scicomp-20260909/630786/judge/rank-4/hpcagent_bench4.db,call,git-scicomp-oss120b-repo.n0.p4.w4,git-scicomp-oss120b-repo,0,0,4,4,dfa,0,c,c,openai/gpt-oss-120b,fuzzed,float64,restricted,13,0,ok,1,,,1.0,,,1816688,c-autopar,gcc,submit,,native,AMD Instinct MI300A Accelerator,,1788994482437,,run_local,last_saved
630786,630786,/capstor/scratch/cscs/ybudanaz/x86_64/hpcagent-bench-runs/git-scicomp-20260909/630786/judge/rank-4/hpcagent_bench4.db,submission,git-scicomp-oss120b-repo.n0.p20.w20,git-scicomp-oss120b-repo,0,0,20,20,fv3_dycore,0,c,,openai/gpt-oss-120b,fuzzed,float64,restricted,1,1,,,,,1.8348636655497321,511145830.0,275686964.0,,c-autopar,,,0,native,AMD Instinct MI300A Accelerator,,1788993047054,87/872911a469ca2f1bb3f740921532a6ebd68c59e87c9ba200828c627b5f631a28.txt,run_local,graded_attempt
630786,630786,/capstor/scratch/cscs/ybudanaz/x86_64/hpcagent-bench-runs/git-scicomp-20260909/630786/judge/rank-4/hpcagent_bench4.db,submission,git-scicomp-oss120b-repo.n0.p28.w28,git-scicomp-oss120b-repo,0,0,28,28,edge_laplacian,0,c,,openai/gpt-oss-120b,fuzzed,float64,restricted,1,1,,,,,7.537700508758253,2270310806.0,297527931.0,,c-autopar,,,0,native,AMD Instinct MI300A Accelerator,,1788992649499,7a/7abb2eea96ee7b65db4601b24ee9953d52caef9c0315631c23627af52369cf88.txt,run_local,graded_attempt
630786,630786,/capstor/scratch/cscs/ybudanaz/x86_64/hpcagent-bench-runs/git-scicomp-20260909/630786/judge/rank-4/hpcagent_bench4.db,submission,git-scicomp-oss120b-repo.n0.p4.w4,git-scicomp-oss120b-repo,0,0,4,4,dfa,0,c,,openai/gpt-oss-120b,fuzzed,float64,restricted,1,1,,,,,1.0,2324984398.0,2324406204.0,,c-autopar,,,0,native,AMD Instinct MI300A Accelerator,,1788994482258,5a/5a8d5ddccd38e233a5594c97759a65c83338abd5ad115441c1c5917ca812e219.txt,run_local,graded_attempt
630786,630786,/capstor/scratch/cscs/ybudanaz/x86_64/hpcagent-bench-runs/git-scicomp-20260909/630786/judge/rank-5/hpcagent_bench5.db,call,git-scicomp-oss120b-repo.n0.p13.w13,git-scicomp-oss120b-repo,0,0,13,13,warpx_boris_push,0,c,c,openai/gpt-oss-120b,fuzzed,float64,restricted,1,0,incorrect,0,,,13.178406016562018,,,1589308,c-autopar,gcc,score,,native,AMD Instinct MI300A Accelerator,,1788992592294,,run_local,missing
630786,630786,/capstor/scratch/cscs/ybudanaz/x86_64/hpcagent-bench-runs/git-scicomp-20260909/630786/judge/rank-5/hpcagent_bench5.db,call,git-scicomp-oss120b-repo.n0.p13.w13,git-scicomp-oss120b-repo,0,0,13,13,warpx_boris_push,0,c,c,openai/gpt-oss-120b,fuzzed,float64,restricted,2,0,incorrect,0,,,12.701974339088006,,,1850630,c-autopar,gcc,score,,native,AMD Instinct MI300A Accelerator,,1788992957961,,run_local,missing
630786,630786,/capstor/scratch/cscs/ybudanaz/x86_64/hpcagent-bench-runs/git-scicomp-20260909/630786/judge/rank-5/hpcagent_bench5.db,call,git-scicomp-oss120b-repo.n0.p13.w13,git-scicomp-oss120b-repo,0,0,13,13,warpx_boris_push,0,c,c,openai/gpt-oss-120b,fuzzed,float64,restricted,3,0,incorrect,0,,,13.539561648472539,,,3506266,c-autopar,gcc,score,,native,AMD Instinct MI300A Accelerator,,1788993289441,,run_local,missing
630786,630786,/capstor/scratch/cscs/ybudanaz/x86_64/hpcagent-bench-runs/git-scicomp-20260909/630786/judge/rank-5/hpcagent_bench5.db,call,git-scicomp-oss120b-repo.n0.p13.w13,git-scicomp-oss120b-repo,0,0,13,13,warpx_boris_push,0,c,c,openai/gpt-oss-120b,fuzzed,float64,restricted,4,0,incorrect,0,,,11.486356934189672,,,3811013,c-autopar,gcc,score,,native,AMD Instinct MI300A Accelerator,,1788994305523,,run_local,missing
630786,630786,/capstor/scratch/cscs/ybudanaz/x86_64/hpcagent-bench-runs/git-scicomp-20260909/630786/judge/rank-5/hpcagent_bench5.db,call,git-scicomp-oss120b-repo.n0.p21.w21,git-scicomp-oss120b-repo,0,0,21,21,heat_3d,0,c,c,openai/gpt-oss-120b,fuzzed,float64,restricted,1,0,ok,1,,,2.6264001205910654,,,408693,c-autopar,gcc,score,,native,AMD Instinct MI300A Accelerator,,1788992563681,,run_local,last_saved
630786,630786,/capstor/scratch/cscs/ybudanaz/x86_64/hpcagent-bench-runs/git-scicomp-20260909/630786/judge/rank-5/hpcagent_bench5.db,call,git-scicomp-oss120b-repo.n0.p21.w21,git-scicomp-oss120b-repo,0,0,21,21,heat_3d,0,c,c,openai/gpt-oss-120b,fuzzed,float64,restricted,2,0,ok,1,,,4.57605461017334,,,649812,c-autopar,gcc,score,,native,AMD Instinct MI300A Accelerator,,1788992981397,,run_local,last_saved
630786,630786,/capstor/scratch/cscs/ybudanaz/x86_64/hpcagent-bench-runs/git-scicomp-20260909/630786/judge/rank-5/hpcagent_bench5.db,call,git-scicomp-oss120b-repo.n0.p21.w21,git-scicomp-oss120b-repo,0,0,21,21,heat_3d,0,c,c,openai/gpt-oss-120b,fuzzed,float64,restricted,3,0,ok,1,,,4.582595817025567,,,849203,c-autopar,gcc,score,,native,AMD Instinct MI300A Accelerator,,1788993054996,,run_local,last_saved
630786,630786,/capstor/scratch/cscs/ybudanaz/x86_64/hpcagent-bench-runs/git-scicomp-20260909/630786/judge/rank-5/hpcagent_bench5.db,call,git-scicomp-oss120b-repo.n0.p21.w21,git-scicomp-oss120b-repo,0,0,21,21,heat_3d,0,c,c,openai/gpt-oss-120b,fuzzed,float64,restricted,4,0,ok,1,,,4.696792448754078,,,1119799,c-autopar,gcc,score,,native,AMD Instinct MI300A Accelerator,,1788993313101,,run_local,last_saved
630786,630786,/capstor/scratch/cscs/ybudanaz/x86_64/hpcagent-bench-runs/git-scicomp-20260909/630786/judge/rank-5/hpcagent_bench5.db,call,git-scicomp-oss120b-repo.n0.p21.w21,git-scicomp-oss120b-repo,0,0,21,21,heat_3d,0,c,c,openai/gpt-oss-120b,fuzzed,float64,restricted,5,0,ok,1,,,4.719985655203515,,,1363401,c-autopar,gcc,score,,native,AMD Instinct MI300A Accelerator,,1788994350116,,run_local,last_saved
630786,630786,/capstor/scratch/cscs/ybudanaz/x86_64/hpcagent-bench-runs/git-scicomp-20260909/630786/judge/rank-5/hpcagent_bench5.db,call,git-scicomp-oss120b-repo.n0.p21.w21,git-scicomp-oss120b-repo,0,0,21,21,heat_3d,0,c,c,openai/gpt-oss-120b,fuzzed,float64,restricted,6,0,ok,1,,,4.675337170822537,,,1413079,c-autopar,gcc,submit,,native,AMD Instinct MI300A Accelerator,,1788995665072,,run_local,last_saved
630786,630786,/capstor/scratch/cscs/ybudanaz/x86_64/hpcagent-bench-runs/git-scicomp-20260909/630786/judge/rank-5/hpcagent_bench5.db,call,git-scicomp-oss120b-repo.n0.p29.w29,git-scicomp-oss120b-repo,0,0,29,29,edge_laplacian,0,c,c,openai/gpt-oss-120b,fuzzed,float64,restricted,1,0,ok,1,,,1.3316361189457024,,,135260,c-autopar,gcc,score,,native,AMD Instinct MI300A Accelerator,,1788992330834,,run_local,last_saved
630786,630786,/capstor/scratch/cscs/ybudanaz/x86_64/hpcagent-bench-runs/git-scicomp-20260909/630786/judge/rank-5/hpcagent_bench5.db,call,git-scicomp-oss120b-repo.n0.p29.w29,git-scicomp-oss120b-repo,0,0,29,29,edge_laplacian,0,c,c,openai/gpt-oss-120b,fuzzed,float64,restricted,2,0,ok,1,,,1.1393293481183375,,,365729,c-autopar,gcc,score,,native,AMD Instinct MI300A Accelerator,,1788993003743,,run_local,last_saved
630786,630786,/capstor/scratch/cscs/ybudanaz/x86_64/hpcagent-bench-runs/git-scicomp-20260909/630786/judge/rank-5/hpcagent_bench5.db,call,git-scicomp-oss120b-repo.n0.p29.w29,git-scicomp-oss120b-repo,0,0,29,29,edge_laplacian,0,c,c,openai/gpt-oss-120b,fuzzed,float64,restricted,3,0,ok,1,,,1.3292030896759353,,,507602,c-autopar,gcc,score,,native,AMD Instinct MI300A Accelerator,,1788993075921,,run_local,last_saved
630786,630786,/capstor/scratch/cscs/ybudanaz/x86_64/hpcagent-bench-runs/git-scicomp-20260909/630786/judge/rank-5/hpcagent_bench5.db,call,git-scicomp-oss120b-repo.n0.p29.w29,git-scicomp-oss120b-repo,0,0,29,29,edge_laplacian,0,c,c,openai/gpt-oss-120b,fuzzed,float64,restricted,4,0,incorrect,0,,,0.0,,,800401,c-autopar,gcc,score,,native,AMD Instinct MI300A Accelerator,,1788993289224,,run_local,last_saved
630786,630786,/capstor/scratch/cscs/ybudanaz/x86_64/hpcagent-bench-runs/git-scicomp-20260909/630786/judge/rank-5/hpcagent_bench5.db,call,git-scicomp-oss120b-repo.n0.p29.w29,git-scicomp-oss120b-repo,0,0,29,29,edge_laplacian,0,c,c,openai/gpt-oss-120b,fuzzed,float64,restricted,5,0,ok,1,,,1.3272373270643618,,,940581,c-autopar,gcc,score,,native,AMD Instinct MI300A Accelerator,,1788994326757,,run_local,last_saved
630786,630786,/capstor/scratch/cscs/ybudanaz/x86_64/hpcagent-bench-runs/git-scicomp-20260909/630786/judge/rank-5/hpcagent_bench5.db,call,git-scicomp-oss120b-repo.n0.p29.w29,git-scicomp-oss120b-repo,0,0,29,29,edge_laplacian,0,c,c,openai/gpt-oss-120b,fuzzed,float64,restricted,6,0,ok,1,,,1.3082088781170804,,,988642,c-autopar,gcc,submit,,native,AMD Instinct MI300A Accelerator,,1788994661151,,run_local,last_saved
630786,630786,/capstor/scratch/cscs/ybudanaz/x86_64/hpcagent-bench-runs/git-scicomp-20260909/630786/judge/rank-5/hpcagent_bench5.db,call,git-scicomp-oss120b-repo.n0.p5.w5,git-scicomp-oss120b-repo,0,0,5,5,dfa,0,c,c,openai/gpt-oss-120b,fuzzed,float64,restricted,1,0,ok,1,,,0.9973101963375353,,,179798,c-autopar,gcc,score,,native,AMD Instinct MI300A Accelerator,,1788992249424,,run_local,last_saved
630786,630786,/capstor/scratch/cscs/ybudanaz/x86_64/hpcagent-bench-runs/git-scicomp-20260909/630786/judge/rank-5/hpcagent_bench5.db,call,git-scicomp-oss120b-repo.n0.p5.w5,git-scicomp-oss120b-repo,0,0,5,5,dfa,0,c,c,openai/gpt-oss-120b,fuzzed,float64,restricted,2,0,ok,1,,,0.9984335519660057,,,230427,c-autopar,gcc,score,,native,AMD Instinct MI300A Accelerator,,1788992589672,,run_local,last_saved
630786,630786,/capstor/scratch/cscs/ybudanaz/x86_64/hpcagent-bench-runs/git-scicomp-20260909/630786/judge/rank-5/hpcagent_bench5.db,call,git-scicomp-oss120b-repo.n0.p5.w5,git-scicomp-oss120b-repo,0,0,5,5,dfa,0,c,c,openai/gpt-oss-120b,fuzzed,float64,restricted,3,0,ok,1,,,1.000765487335008,,,292897,c-autopar,gcc,score,,native,AMD Instinct MI300A Accelerator,,1788992957728,,run_local,last_saved
630786,630786,/capstor/scratch/cscs/ybudanaz/x86_64/hpcagent-bench-runs/git-scicomp-20260909/630786/judge/rank-5/hpcagent_bench5.db,call,git-scicomp-oss120b-repo.n0.p5.w5,git-scicomp-oss120b-repo,0,0,5,5,dfa,0,c,c,openai/gpt-oss-120b,fuzzed,float64,restricted,4,0,ok,1,,,0.9978664410585841,,,393547,c-autopar,gcc,score,,native,AMD Instinct MI300A Accelerator,,1788993030118,,run_local,last_saved
630786,630786,/capstor/scratch/cscs/ybudanaz/x86_64/hpcagent-bench-runs/git-scicomp-20260909/630786/judge/rank-5/hpcagent_bench5.db,call,git-scicomp-oss120b-repo.n0.p5.w5,git-scicomp-oss120b-repo,0,0,5,5,dfa,0,c,c,openai/gpt-oss-120b,fuzzed,float64,restricted,5,0,ok,1,,,1.0018881118991914,,,625076,c-autopar,gcc,score,,native,AMD Instinct MI300A Accelerator,,1788993280953,,run_local,last_saved
630786,630786,/capstor/scratch/cscs/ybudanaz/x86_64/hpcagent-bench-runs/git-scicomp-20260909/630786/judge/rank-5/hpcagent_bench5.db,call,git-scicomp-oss120b-repo.n0.p5.w5,git-scicomp-oss120b-repo,0,0,5,5,dfa,0,c,c,openai/gpt-oss-120b,fuzzed,float64,restricted,6,0,ok,1,,,1.0,,,656600,c-autopar,gcc,submit,,native,AMD Instinct MI300A Accelerator,,1788994305255,,run_local,last_saved
630786,630786,/capstor/scratch/cscs/ybudanaz/x86_64/hpcagent-bench-runs/git-scicomp-20260909/630786/judge/rank-5/hpcagent_bench5.db,submission,git-scicomp-oss120b-repo.n0.p21.w21,git-scicomp-oss120b-repo,0,0,21,21,heat_3d,0,c,,openai/gpt-oss-120b,fuzzed,float64,restricted,1,1,,,,,4.675337170822537,5058076139.0,1075779139.0,,c-autopar,,,0,native,AMD Instinct MI300A Accelerator,,1788995664914,ee/ee51f710f00bf1c0adaebca3497c41e440e7c3af72ba31d3ae9c26a45b7b72a9.txt,run_local,graded_attempt
630786,630786,/capstor/scratch/cscs/ybudanaz/x86_64/hpcagent-bench-runs/git-scicomp-20260909/630786/judge/rank-5/hpcagent_bench5.db,submission,git-scicomp-oss120b-repo.n0.p29.w29,git-scicomp-oss120b-repo,0,0,29,29,edge_laplacian,0,c,,openai/gpt-oss-120b,fuzzed,float64,restricted,1,1,,,,,1.3082088781170804,2244586039.0,1687430916.0,,c-autopar,,,0,native,AMD Instinct MI300A Accelerator,,1788994660661,2d/2da41d909d71b7139f1a2443ae9168988df39029f2af9a2ffff9ad7d25e892ad.txt,run_local,graded_attempt
630786,630786,/capstor/scratch/cscs/ybudanaz/x86_64/hpcagent-bench-runs/git-scicomp-20260909/630786/judge/rank-5/hpcagent_bench5.db,submission,git-scicomp-oss120b-repo.n0.p5.w5,git-scicomp-oss120b-repo,0,0,5,5,dfa,0,c,,openai/gpt-oss-120b,fuzzed,float64,restricted,1,1,,,,,1.0,2322076537.0,2325838060.0,,c-autopar,,,0,native,AMD Instinct MI300A Accelerator,,1788994304897,58/589af2145b3ec6112bef6fa1184b0ddd0c0e0d442fd326fea77cae2fa5f2b857.txt,run_local,graded_attempt
630786,630786,/capstor/scratch/cscs/ybudanaz/x86_64/hpcagent-bench-runs/git-scicomp-20260909/630786/judge/rank-6/hpcagent_bench6.db,attempt,git-scicomp-oss120b-repo.n0.p22.w22,git-scicomp-oss120b-repo,0,0,22,22,heat_3d,0,c,,promoted-unsubmitted,fuzzed,float64,restricted,1,0,,0,1,score_error,,,,,,,,,native,AMD Instinct MI300A Accelerator,,1788993383337,9b/9b81840b33a1dce7a9d8aa001af0bcca152345131547dd2a9a86ffded73f328f.txt,run_local,graded_attempt
630786,630786,/capstor/scratch/cscs/ybudanaz/x86_64/hpcagent-bench-runs/git-scicomp-20260909/630786/judge/rank-6/hpcagent_bench6.db,call,git-scicomp-oss120b-repo.n0.p14.w14,git-scicomp-oss120b-repo,0,0,14,14,warpx_boris_push,0,c,c,openai/gpt-oss-120b,fuzzed,float64,restricted,1,0,incorrect,0,,,1.7666032277330175,,,3022404,c-autopar,gcc,score,,native,AMD Instinct MI300A Accelerator,,1788992486008,,run_local,missing
630786,630786,/capstor/scratch/cscs/ybudanaz/x86_64/hpcagent-bench-runs/git-scicomp-20260909/630786/judge/rank-6/hpcagent_bench6.db,call,git-scicomp-oss120b-repo.n0.p22.w22,git-scicomp-oss120b-repo,0,0,22,22,heat_3d,0,c,c,openai/gpt-oss-120b,fuzzed,float64,restricted,1,0,ok,1,,,4.677984289505637,,,230663,c-autopar,gcc,score,,native,AMD Instinct MI300A Accelerator,,1788992438762,,run_local,last_saved
630786,630786,/capstor/scratch/cscs/ybudanaz/x86_64/hpcagent-bench-runs/git-scicomp-20260909/630786/judge/rank-6/hpcagent_bench6.db,call,git-scicomp-oss120b-repo.n0.p22.w22,git-scicomp-oss120b-repo,0,0,22,22,heat_3d,0,c,c,openai/gpt-oss-120b,fuzzed,float64,restricted,2,0,ok,1,,,4.673201998100043,,,417056,c-autopar,gcc,score,,native,AMD Instinct MI300A Accelerator,,1788992484172,,run_local,last_saved
630786,630786,/capstor/scratch/cscs/ybudanaz/x86_64/hpcagent-bench-runs/git-scicomp-20260909/630786/judge/rank-6/hpcagent_bench6.db,call,git-scicomp-oss120b-repo.n0.p22.w22,git-scicomp-oss120b-repo,0,0,22,22,heat_3d,0,c,c,promoted-unsubmitted,fuzzed,float64,restricted,3,0,score_error,0,,,0.0,,,0,c-autopar,gcc,submit,,native,AMD Instinct MI300A Accelerator,,1788993383709,,run_local,last_saved
630786,630786,/capstor/scratch/cscs/ybudanaz/x86_64/hpcagent-bench-runs/git-scicomp-20260909/630786/judge/rank-6/hpcagent_bench6.db,call,git-scicomp-oss120b-repo.n0.p6.w6,git-scicomp-oss120b-repo,0,0,6,6,kmp,0,c,c,openai/gpt-oss-120b,fuzzed,float64,restricted,1,0,incorrect,0,,,0.0,,,171759,c-autopar,gcc,score,,native,AMD Instinct MI300A Accelerator,,1788992220646,,run_local,last_saved
630786,630786,/capstor/scratch/cscs/ybudanaz/x86_64/hpcagent-bench-runs/git-scicomp-20260909/630786/judge/rank-6/hpcagent_bench6.db,call,git-scicomp-oss120b-repo.n0.p6.w6,git-scicomp-oss120b-repo,0,0,6,6,kmp,0,c,c,openai/gpt-oss-120b,fuzzed,float64,restricted,2,0,ok,1,,,0.9515315030437833,,,279772,c-autopar,gcc,score,,native,AMD Instinct MI300A Accelerator,,1788992462105,,run_local,last_saved
630786,630786,/capstor/scratch/cscs/ybudanaz/x86_64/hpcagent-bench-runs/git-scicomp-20260909/630786/judge/rank-6/hpcagent_bench6.db,call,git-scicomp-oss120b-repo.n0.p6.w6,git-scicomp-oss120b-repo,0,0,6,6,kmp,0,c,c,openai/gpt-oss-120b,fuzzed,float64,restricted,3,0,incorrect,0,,,0.0,,,778462,c-autopar,gcc,score,,native,AMD Instinct MI300A Accelerator,,1788993392232,,run_local,last_saved
630786,630786,/capstor/scratch/cscs/ybudanaz/x86_64/hpcagent-bench-runs/git-scicomp-20260909/630786/judge/rank-6/hpcagent_bench6.db,call,git-scicomp-oss120b-repo.n0.p6.w6,git-scicomp-oss120b-repo,0,0,6,6,kmp,0,c,c,openai/gpt-oss-120b,fuzzed,float64,restricted,4,0,ok,1,,,21.464132689781326,,,1147764,c-autopar,gcc,score,,native,AMD Instinct MI300A Accelerator,,1788993421609,,run_local,last_saved
630786,630786,/capstor/scratch/cscs/ybudanaz/x86_64/hpcagent-bench-runs/git-scicomp-20260909/630786/judge/rank-6/hpcagent_bench6.db,call,git-scicomp-oss120b-repo.n0.p6.w6,git-scicomp-oss120b-repo,0,0,6,6,kmp,0,c,c,openai/gpt-oss-120b,fuzzed,float64,restricted,5,0,ok,1,,,21.005855686520842,,,1182451,c-autopar,gcc,submit,,native,AMD Instinct MI300A Accelerator,,1788994484603,,run_local,last_saved
630786,630786,/capstor/scratch/cscs/ybudanaz/x86_64/hpcagent-bench-runs/git-scicomp-20260909/630786/judge/rank-6/hpcagent_bench6.db,submission,git-scicomp-oss120b-repo.n0.p6.w6,git-scicomp-oss120b-repo,0,0,6,6,kmp,0,c,,openai/gpt-oss-120b,fuzzed,float64,restricted,1,1,,,,,21.005855686520842,1809825333.0,84861632.0,,c-autopar,,,0,native,AMD Instinct MI300A Accelerator,,1788994484319,c1/c138a3125465af4116181791055f9a7862dd27b9ff8443c2cbe9c3fc67a50518.txt,run_local,graded_attempt
630786,630786,/capstor/scratch/cscs/ybudanaz/x86_64/hpcagent-bench-runs/git-scicomp-20260909/630786/judge/rank-7/hpcagent_bench7.db,attempt,git-scicomp-oss120b-repo.n0.p23.w23,git-scicomp-oss120b-repo,0,0,23,23,heat_3d,0,c,,openai/gpt-oss-120b,fuzzed,float64,restricted,1,0,,0,1,score_error,,,,,,,,,native,AMD Instinct MI300A Accelerator,,1788994224937,29/2904ccbd57133774cfbb1f4d778022a8c98ede1fb005b12a84bd861b69a0493d.txt,run_local,graded_attempt
630786,630786,/capstor/scratch/cscs/ybudanaz/x86_64/hpcagent-bench-runs/git-scicomp-20260909/630786/judge/rank-7/hpcagent_bench7.db,call,git-scicomp-oss120b-repo.n0.p15.w15,git-scicomp-oss120b-repo,0,0,15,15,fdtd_2d,0,c,c,openai/gpt-oss-120b,fuzzed,float64,restricted,1,0,ok,1,,,1.0011274563140742,,,215047,c-autopar,gcc,score,,native,AMD Instinct MI300A Accelerator,,1788993139976,,run_local,last_saved
630786,630786,/capstor/scratch/cscs/ybudanaz/x86_64/hpcagent-bench-runs/git-scicomp-20260909/630786/judge/rank-7/hpcagent_bench7.db,call,git-scicomp-oss120b-repo.n0.p15.w15,git-scicomp-oss120b-repo,0,0,15,15,fdtd_2d,0,c,c,openai/gpt-oss-120b,fuzzed,float64,restricted,2,0,incorrect,0,,,1.1273871342859294,,,298419,c-autopar,gcc,score,,native,AMD Instinct MI300A Accelerator,,1788993235773,,run_local,last_saved
630786,630786,/capstor/scratch/cscs/ybudanaz/x86_64/hpcagent-bench-runs/git-scicomp-20260909/630786/judge/rank-7/hpcagent_bench7.db,call,git-scicomp-oss120b-repo.n0.p15.w15,git-scicomp-oss120b-repo,0,0,15,15,fdtd_2d,0,c,c,openai/gpt-oss-120b,fuzzed,float64,restricted,3,0,ok,1,,,1.1305344145176128,,,424560,c-autopar,gcc,score,,native,AMD Instinct MI300A Accelerator,,1788993296793,,run_local,last_saved
630786,630786,/capstor/scratch/cscs/ybudanaz/x86_64/hpcagent-bench-runs/git-scicomp-20260909/630786/judge/rank-7/hpcagent_bench7.db,call,git-scicomp-oss120b-repo.n0.p15.w15,git-scicomp-oss120b-repo,0,0,15,15,fdtd_2d,0,c,c,openai/gpt-oss-120b,fuzzed,float64,restricted,4,0,incorrect,0,,,1.8185726587162805,,,616357,c-autopar,gcc,score,,native,AMD Instinct MI300A Accelerator,,1788995333574,,run_local,last_saved
630786,630786,/capstor/scratch/cscs/ybudanaz/x86_64/hpcagent-bench-runs/git-scicomp-20260909/630786/judge/rank-7/hpcagent_bench7.db,call,git-scicomp-oss120b-repo.n0.p15.w15,git-scicomp-oss120b-repo,0,0,15,15,fdtd_2d,0,c,c,openai/gpt-oss-120b,fuzzed,float64,restricted,5,0,incorrect,0,,,1.8002204607430534,,,1281404,c-autopar,gcc,score,,native,AMD Instinct MI300A Accelerator,,1788995528254,,run_local,last_saved
630786,630786,/capstor/scratch/cscs/ybudanaz/x86_64/hpcagent-bench-runs/git-scicomp-20260909/630786/judge/rank-7/hpcagent_bench7.db,call,git-scicomp-oss120b-repo.n0.p15.w15,git-scicomp-oss120b-repo,0,0,15,15,fdtd_2d,0,c,c,openai/gpt-oss-120b,fuzzed,float64,restricted,6,0,ok,1,,,1.128596587125569,,,1710379,c-autopar,gcc,score,,native,AMD Instinct MI300A Accelerator,,1788995579047,,run_local,last_saved
630786,630786,/capstor/scratch/cscs/ybudanaz/x86_64/hpcagent-bench-runs/git-scicomp-20260909/630786/judge/rank-7/hpcagent_bench7.db,call,git-scicomp-oss120b-repo.n0.p15.w15,git-scicomp-oss120b-repo,0,0,15,15,fdtd_2d,0,c,c,openai/gpt-oss-120b,fuzzed,float64,restricted,7,0,ok,1,,,1.125078203416994,,,2175308,c-autopar,gcc,score,,native,AMD Instinct MI300A Accelerator,,1788995624744,,run_local,last_saved
630786,630786,/capstor/scratch/cscs/ybudanaz/x86_64/hpcagent-bench-runs/git-scicomp-20260909/630786/judge/rank-7/hpcagent_bench7.db,call,git-scicomp-oss120b-repo.n0.p23.w23,git-scicomp-oss120b-repo,0,0,23,23,heat_3d,0,c,c,openai/gpt-oss-120b,fuzzed,float64,restricted,1,0,ok,1,,,4.667485810776261,,,192663,c-autopar,gcc,score,,native,AMD Instinct MI300A Accelerator,,1788992452330,,run_local,last_saved
630786,630786,/capstor/scratch/cscs/ybudanaz/x86_64/hpcagent-bench-runs/git-scicomp-20260909/630786/judge/rank-7/hpcagent_bench7.db,call,git-scicomp-oss120b-repo.n0.p23.w23,git-scicomp-oss120b-repo,0,0,23,23,heat_3d,0,c,c,openai/gpt-oss-120b,fuzzed,float64,restricted,2,0,ok,1,,,4.779210254803828,,,292385,c-autopar,gcc,score,,native,AMD Instinct MI300A Accelerator,,1788993187545,,run_local,last_saved
630786,630786,/capstor/scratch/cscs/ybudanaz/x86_64/hpcagent-bench-runs/git-scicomp-20260909/630786/judge/rank-7/hpcagent_bench7.db,call,git-scicomp-oss120b-repo.n0.p23.w23,git-scicomp-oss120b-repo,0,0,23,23,heat_3d,0,c,c,openai/gpt-oss-120b,fuzzed,float64,restricted,3,0,ok,1,,,4.782511827186871,,,375526,c-autopar,gcc,score,,native,AMD Instinct MI300A Accelerator,,1788993258625,,run_local,last_saved
630786,630786,/capstor/scratch/cscs/ybudanaz/x86_64/hpcagent-bench-runs/git-scicomp-20260909/630786/judge/rank-7/hpcagent_bench7.db,call,git-scicomp-oss120b-repo.n0.p23.w23,git-scicomp-oss120b-repo,0,0,23,23,heat_3d,0,c,c,openai/gpt-oss-120b,fuzzed,float64,restricted,4,0,score_error,0,,,0.0,,,404296,c-autopar,gcc,submit,,native,AMD Instinct MI300A Accelerator,,1788994225165,,run_local,last_saved
630786,630786,/capstor/scratch/cscs/ybudanaz/x86_64/hpcagent-bench-runs/git-scicomp-20260909/630786/judge/rank-7/hpcagent_bench7.db,call,git-scicomp-oss120b-repo.n0.p7.w7,git-scicomp-oss120b-repo,0,0,7,7,kmp,0,c,c,openai/gpt-oss-120b,fuzzed,float64,restricted,1,0,incorrect,0,,,0.0,,,146159,c-autopar,gcc,score,,native,AMD Instinct MI300A Accelerator,,1788992222959,,run_local,last_saved
630786,630786,/capstor/scratch/cscs/ybudanaz/x86_64/hpcagent-bench-runs/git-scicomp-20260909/630786/judge/rank-7/hpcagent_bench7.db,call,git-scicomp-oss120b-repo.n0.p7.w7,git-scicomp-oss120b-repo,0,0,7,7,kmp,0,c,c,openai/gpt-oss-120b,fuzzed,float64,restricted,2,0,ok,1,,,0.9162832671477461,,,332700,c-autopar,gcc,score,,native,AMD Instinct MI300A Accelerator,,1788993164378,,run_local,last_saved
630786,630786,/capstor/scratch/cscs/ybudanaz/x86_64/hpcagent-bench-runs/git-scicomp-20260909/630786/judge/rank-7/hpcagent_bench7.db,call,git-scicomp-oss120b-repo.n0.p7.w7,git-scicomp-oss120b-repo,0,0,7,7,kmp,0,c,c,openai/gpt-oss-120b,fuzzed,float64,restricted,3,0,ok,1,,,22.161440581735572,,,465741,c-autopar,gcc,score,,native,AMD Instinct MI300A Accelerator,,1788993272328,,run_local,last_saved
630786,630786,/capstor/scratch/cscs/ybudanaz/x86_64/hpcagent-bench-runs/git-scicomp-20260909/630786/judge/rank-7/hpcagent_bench7.db,call,git-scicomp-oss120b-repo.n0.p7.w7,git-scicomp-oss120b-repo,0,0,7,7,kmp,0,c,c,openai/gpt-oss-120b,fuzzed,float64,restricted,4,0,ok,1,,,22.07736543748364,,,494543,c-autopar,gcc,submit,,native,AMD Instinct MI300A Accelerator,,1788995306770,,run_local,last_saved
630786,630786,/capstor/scratch/cscs/ybudanaz/x86_64/hpcagent-bench-runs/git-scicomp-20260909/630786/judge/rank-7/hpcagent_bench7.db,submission,git-scicomp-oss120b-repo.n0.p7.w7,git-scicomp-oss120b-repo,0,0,7,7,kmp,0,c,,openai/gpt-oss-120b,fuzzed,float64,restricted,1,1,,,,,22.07736543748364,1820269977.0,81397905.0,,c-autopar,,,0,native,AMD Instinct MI300A Accelerator,,1788995306568,26/2677249079211be8ffd77177f0a8fd54cb947283c44b23aa2ede34f90306096e.txt,run_local,graded_attempt
