db,run_id,benchmark,arm,s_bar_gh200,status_gh200,reason_gh200,original_speedup,n_cells,n_credited,regrade_ts,backend,language,detail,s_bar_mi300a,status_mi300a,reason_mi300a,model
hpcagent-bench-runs/cpf-llr-focus40-20260917/640098/judge/rank-0/hpcagent_bench0.db,cpf-llr-focus40-oss120b-fortran.n0.p8.w8,scan_affine_decay,cpf-llr-focus40-oss120b-fortran,14.858303791091803,graded,,7.513016429239668,4.0,4.0,1790276478270.0,fortran,,,,,,oss120b
hpcagent-bench-runs/cpf-llr-focus40-20260917/640098/judge/rank-0/hpcagent_bench0.db,cpf-llr-focus40-oss120b-fortran.n0.p24.w24,tsvc_2_s275,cpf-llr-focus40-oss120b-fortran,0.9945332030888635,graded,,0.9683581034167069,4.0,4.0,1790276478271.0,fortran,,,,,,oss120b
hpcagent-bench-runs/cpf-llr-focus40-20260917/640098/judge/rank-3/hpcagent_bench3.db,cpf-llr-focus40-oss120b-fortran.n0.p7.w7,quasi_affine_reduce_odd,cpf-llr-focus40-oss120b-fortran,18.874457446926648,graded,,10.492653145736387,4.0,4.0,1790276478271.0,fortran,,,,,,oss120b
hpcagent-bench-runs/cpf-llr-focus40-20260917/640098/judge/rank-2/hpcagent_bench2.db,cpf-llr-focus40-oss120b-fortran.n0.p10.w10,segment_reduce_ragged,cpf-llr-focus40-oss120b-fortran,22.103354922247515,graded,,13.121686352775678,4.0,4.0,1790276478271.0,fortran,,,,,,oss120b
hpcagent-bench-runs/cpf-llr-focus40-20260917/640098/judge/rank-1/hpcagent_bench1.db,cpf-llr-focus40-oss120b-fortran.n0.p9.w9,scatter_accum_dup,cpf-llr-focus40-oss120b-fortran,16.46076744601465,graded,,9.575224916875468,4.0,4.0,1790276478271.0,fortran,,,,,,oss120b
hpcagent-bench-runs/cpf-llr-focus40-20260917/640098/judge/rank-0/hpcagent_bench0.db,cpf-llr-focus40-oss120b-fortran.n0.p0.w0,argmax_with_index,cpf-llr-focus40-oss120b-fortran,51.7647878937148,graded,,15.808738728497257,4.0,4.0,1790276478271.0,fortran,,,,,,oss120b
hpcagent-bench-runs/cpf-llr-focus40-20260917/640098/judge/rank-0/hpcagent_bench0.db,cpf-llr-focus40-oss120b-fortran.n0.p12.w12,tsvc_2_s119,cpf-llr-focus40-oss120b-fortran,1.7789086769806763,graded,,2.8384885602134586,4.0,4.0,1790276478272.0,fortran,,,,,,oss120b
hpcagent-bench-runs/cpf-llr-focus40-20260917/640098/judge/rank-2/hpcagent_bench2.db,cpf-llr-focus40-oss120b-fortran.n0.p6.w6,fuse_stencil_through_transient,cpf-llr-focus40-oss120b-fortran,21.83500969474809,graded,,6.653090468017044,4.0,4.0,1790276478272.0,fortran,,,,,,oss120b
hpcagent-bench-runs/cpf-llr-focus40-20260917/640098/judge/rank-1/hpcagent_bench1.db,cpf-llr-focus40-oss120b-fortran.n0.p33.w33,tsvc_2_s4112,cpf-llr-focus40-oss120b-fortran,0.9597790504018359,graded,,1.0529311366923062,4.0,4.0,1790276478273.0,fortran,,,,,,oss120b
hpcagent-bench-runs/cpf-llr-focus40-20260917/640098/judge/rank-3/hpcagent_bench3.db,cpf-llr-focus40-oss120b-fortran.n0.p11.w11,tsvc_2_s115,cpf-llr-focus40-oss120b-fortran,1.6776602039113937,graded,,1.5097617702655266,4.0,4.0,1790276478273.0,fortran,,,,,,oss120b
hpcagent-bench-runs/cpf-llr-focus40-20260917/640098/judge/rank-0/hpcagent_bench0.db,cpf-llr-focus40-oss120b-fortran.n0.p4.w4,fuse_diamond,cpf-llr-focus40-oss120b-fortran,68.1470078351018,graded,,17.78543097636371,4.0,4.0,1790276478274.0,fortran,,,,,,oss120b
hpcagent-bench-runs/cpf-llr-focus40-20260917/640098/judge/rank-2/hpcagent_bench2.db,cpf-llr-focus40-oss120b-fortran.n0.p34.w34,tsvc_2_vag,cpf-llr-focus40-oss120b-fortran,1.0420212145161591,graded,,1.0059038402604503,4.0,4.0,1790276478275.0,fortran,,,,,,oss120b
hpcagent-bench-runs/cpf-llr-focus40-20260917/640098/judge/rank-2/hpcagent_bench2.db,cpf-llr-focus40-oss120b-fortran.n0.p2.w2,ext_break_capture,cpf-llr-focus40-oss120b-fortran,10.472150094788256,graded,,3.4244921197941016,4.0,4.0,1790276478275.0,fortran,,,,,,oss120b
hpcagent-bench-runs/cpf-llr-focus40-20260917/640098/judge/rank-1/hpcagent_bench1.db,cpf-llr-focus40-oss120b-fortran.n0.p1.w1,compact_threshold_pack,cpf-llr-focus40-oss120b-fortran,19.531863336685547,graded,,13.716864086276434,4.0,4.0,1790276478277.0,fortran,,,,,,oss120b
hpcagent-bench-runs/cpf-llr-focus40-20260917/640098/judge/rank-3/hpcagent_bench3.db,cpf-llr-focus40-oss120b-fortran.n0.p3.w3,ext_war_unit,cpf-llr-focus40-oss120b-fortran,10.951878418490944,graded,,3.0071234627188965,4.0,4.0,1790276478277.0,fortran,,,,,,oss120b
hpcagent-bench-runs/cpf-llr-focus40-20260917/640098/judge/rank-1/hpcagent_bench1.db,cpf-llr-focus40-oss120b-fortran.n0.p5.w5,fuse_move_ifs,cpf-llr-focus40-oss120b-fortran,3.4668136512273398,graded,,4.283160838131949,4.0,4.0,1790276478277.0,fortran,,,,,,oss120b
hpcagent-bench-runs/owed-llr-focus40-20260923/648806/judge/rank-2/hpcagent_bench2.db,cpf-llr-focus40-qwen38-fortran-clean.n0.p22.w22,scatter_accum_dup,cpf-llr-focus40-qwen38-fortran-clean,16.57334556176103,graded,,11.15741261577449,4.0,4.0,1790276622672.0,fortran,,,,graded,,qwen38
hpcagent-bench-runs/owed-llr-focus40-20260923/648806/judge/rank-0/hpcagent_bench0.db,cpf-llr-focus40-qwen38-fortran-clean.n0.p4.w4,segment_reduce_ragged,cpf-llr-focus40-qwen38-fortran-clean,21.977220926752658,graded,,11.871267348261867,4.0,4.0,1790276635520.0,fortran,,,12.701784357789315,graded,,qwen38
hpcagent-bench-runs/owed-llr-focus40-20260923/648806/judge/rank-1/hpcagent_bench1.db,cpf-llr-focus40-qwen38-fortran-clean.n0.p21.w21,scan_affine_decay,cpf-llr-focus40-qwen38-fortran-clean,,error,no cell produced a measurement,13.479344231927733,4.0,0.0,1790276655953.0,fortran,,"native call failed: native call crashed (exit -6, signal SIGABRT) -- a 20.00 GiB RLIMIT_DATA cap was armed on top of the harness baseline; this signal is consistent with an unchecked allocation past it, not only a logic bug",13.357593549485975,graded,,qwen38
hpcagent-bench-runs/owed-llr-focus40-20260923/648806/judge/rank-1/hpcagent_bench1.db,cpf-llr-focus40-qwen38-fortran-clean.n0.p1.w1,fuse_diamond,cpf-llr-focus40-qwen38-fortran-clean,68.1294256157676,graded,,38.60474162147617,4.0,4.0,1790276673587.0,fortran,,,45.68933465312963,graded,,qwen38
hpcagent-bench-runs/cpf-llr-focus40-20260917/640098/judge/rank-1/hpcagent_bench1.db,cpf-llr-focus40-oss120b-fortran.n0.p13.w13,tsvc_2_s1232,cpf-llr-focus40-oss120b-fortran,22.124980062293446,graded,,57.656281597767666,4.0,4.0,1790276685102.0,fortran,,,,,,oss120b
hpcagent-bench-runs/cpf-llr-focus40-20260917/640098/judge/rank-2/hpcagent_bench2.db,cpf-llr-focus40-oss120b-fortran.n0.p14.w14,tsvc_2_s1244,cpf-llr-focus40-oss120b-fortran,3.894331405534091,graded,,3.5476863389869493,4.0,4.0,1790276686579.0,fortran,,,,,,oss120b
hpcagent-bench-runs/owed-llr-focus40-20260923/648812/judge/rank-0/hpcagent_bench0.db,cpf-llr-focus40-oss120b-fortran-skills-clean.n0.p4.w4,ext_break_capture,cpf-llr-focus40-oss120b-fortran-skills-clean,13.355340086916241,graded,,4.291590508086349,4.0,4.0,1790276688271.0,fortran,,,4.767889814874024,graded,,oss120b
hpcagent-bench-runs/owed-llr-focus40-20260923/648812/judge/rank-1/hpcagent_bench1.db,cpf-llr-focus40-oss120b-fortran-skills-clean.n0.p5.w5,ext_war_unit,cpf-llr-focus40-oss120b-fortran-skills-clean,1.7125986979924108,graded,,1.8144783763724468,4.0,4.0,1790276697313.0,fortran,,,1.6375752137206763,graded,,oss120b
hpcagent-bench-runs/owed-llr-focus40-20260923/648812/judge/rank-2/hpcagent_bench2.db,cpf-llr-focus40-oss120b-fortran-skills-clean.n0.p6.w6,fuse_move_ifs,cpf-llr-focus40-oss120b-fortran-skills-clean,3.118544180945394,graded,,3.979676388294379,4.0,4.0,1790276705126.0,fortran,,,1.9235270446102957,graded,,oss120b
hpcagent-bench-runs/owed-llr-focus40-20260923/648806/judge/rank-1/hpcagent_bench1.db,cpf-llr-focus40-qwen38-fortran-skills-clean.n0.p13.w13,quasi_affine_reduce_odd,cpf-llr-focus40-qwen38-fortran-skills-clean,18.875808993066737,graded,,10.324150423844085,4.0,4.0,1790276705873.0,fortran,,,10.332736273102308,graded,,qwen38
hpcagent-bench-runs/cpf-llr-focus40-20260917/640098/judge/rank-1/hpcagent_bench1.db,cpf-llr-focus40-oss120b-fortran.n0.p37.w37,versioned_distance_update,cpf-llr-focus40-oss120b-fortran,1.8403729117720182,graded,,3.7313284388398817,4.0,4.0,1790276706597.0,fortran,,,,,,oss120b
hpcagent-bench-runs/owed-llr-focus40-20260923/648806/judge/rank-3/hpcagent_bench3.db,cpf-llr-focus40-qwen38-fortran-skills-clean.n0.p23.w23,argmax_with_index,cpf-llr-focus40-qwen38-fortran-skills-clean,52.39369685061378,graded,,19.71697534798472,4.0,4.0,1790276719043.0,fortran,,,19.712561439394538,graded,,qwen38
hpcagent-bench-runs/owed-llr-focus40-20260923/648806/judge/rank-3/hpcagent_bench3.db,cpf-llr-focus40-qwen38-fortran-clean.n0.p3.w3,fuse_stencil_through_transient,cpf-llr-focus40-qwen38-fortran-clean,22.521423133699162,graded,,6.616958451943056,4.0,4.0,1790276736306.0,fortran,,,7.0303832230401495,graded,,qwen38
hpcagent-bench-runs/owed-llr-focus40-20260924/650331/judge/rank-0/hpcagent_bench0.db,cpf-llr-focus40-oss120b-fortran-skills-clean.n0.p0.w0,compact_threshold_pack,cpf-llr-focus40-oss120b-fortran-skills-clean,15.76527792308722,graded,,13.676305434213806,4.0,4.0,1790276751068.0,fortran,,,11.660899178429876,graded,,oss120b
hpcagent-bench-runs/owed-llr-focus40-20260923/648806/judge/rank-2/hpcagent_bench2.db,cpf-llr-focus40-qwen38-fortran-skills-clean.n0.p14.w14,scan_affine_decay,cpf-llr-focus40-qwen38-fortran-skills-clean,13.168704828259509,graded,,8.15435841740409,4.0,4.0,1790276773596.0,fortran,,,7.921038020765423,graded,,qwen38
hpcagent-bench-runs/owed-llr-focus40-20260923/648806/judge/rank-0/hpcagent_bench0.db,cpf-llr-focus40-qwen38-fortran-skills-clean.n0.p16.w16,segment_reduce_ragged,cpf-llr-focus40-qwen38-fortran-skills-clean,22.299611461210763,graded,,12.897616334065173,4.0,4.0,1790276788606.0,fortran,,,12.862173535289555,graded,,qwen38
hpcagent-bench-runs/owed-llr-focus40-20260923/648806/judge/rank-3/hpcagent_bench3.db,cpf-llr-focus40-qwen38-fortran-skills-clean.n0.p15.w15,scatter_accum_dup,cpf-llr-focus40-qwen38-fortran-skills-clean,18.160852363835776,graded,,10.641431541152357,4.0,4.0,1790276807130.0,fortran,,,,graded,,qwen38
hpcagent-bench-runs/owed-llr-focus40-20260923/648812/judge/rank-1/hpcagent_bench1.db,cpf-llr-focus40-oss120b-fortran-clean.n0.p1.w1,wf_diff_skew,cpf-llr-focus40-oss120b-fortran-clean,1.5212641044565647,graded,,4.671355478077157,4.0,4.0,1790276828424.0,fortran,,,3.8335242964182528,graded,,oss120b
hpcagent-bench-runs/owed-llr-focus40-20260923/648812/judge/rank-2/hpcagent_bench2.db,cpf-llr-focus40-oss120b-fortran-clean.n0.p2.w2,wf_triangular,cpf-llr-focus40-oss120b-fortran-clean,2.2457680829717503,graded,,7.898624020606812,4.0,4.0,1790276831824.0,fortran,,,7.915153353649505,graded,,oss120b
hpcagent-bench-runs/owed-llr-focus40-20260923/648806/judge/rank-2/hpcagent_bench2.db,cpf-llr-focus40-qwen38-fortran-skills-clean.n0.p10.w10,fuse_diamond,cpf-llr-focus40-qwen38-fortran-skills-clean,67.17830025617579,graded,,33.71950799310329,4.0,4.0,1790276863754.0,fortran,,,51.99800738152144,graded,,qwen38
hpcagent-bench-runs/cpf-llr-focus40-20260917/640098/judge/rank-1/hpcagent_bench1.db,cpf-llr-focus40-oss120b-fortran.n0.p17.w17,tsvc_2_s2275,cpf-llr-focus40-oss120b-fortran,5.370625558219952,graded,,2.959048631700254,4.0,4.0,1790276891338.0,fortran,,,,,,oss120b
hpcagent-bench-runs/owed-llr-focus40-20260923/648806/judge/rank-0/hpcagent_bench0.db,cpf-llr-focus40-qwen38-fortran-clean.n0.p20.w20,ext_break_capture,cpf-llr-focus40-qwen38-fortran-clean,72.02466911213877,graded,,13.718859608890087,4.0,4.0,1790276895528.0,fortran,,,16.32720855510466,graded,,qwen38
hpcagent-bench-runs/cpf-llr-focus40-20260917/640098/judge/rank-2/hpcagent_bench2.db,cpf-llr-focus40-oss120b-fortran.n0.p18.w18,tsvc_2_s231,cpf-llr-focus40-oss120b-fortran,1.318964640016735,graded,,1.0429558816200253,4.0,4.0,1790276896639.0,fortran,,,,,,oss120b
hpcagent-bench-runs/owed-llr-focus40-20260923/648806/judge/rank-0/hpcagent_bench0.db,cpf-llr-focus40-qwen38-fortran-clean.n0.p0.w0,ext_war_unit,cpf-llr-focus40-qwen38-fortran-clean,11.154507256028639,graded,,4.515868117304848,4.0,4.0,1790276914903.0,fortran,,,4.653593362505674,graded,,qwen38
hpcagent-bench-runs/owed-llr-focus40-20260923/648806/judge/rank-2/hpcagent_bench2.db,cpf-llr-focus40-qwen38-fortran-clean.n0.p2.w2,fuse_move_ifs,cpf-llr-focus40-qwen38-fortran-clean,3.6024567363917877,graded,,4.279751242864013,4.0,4.0,1790276929762.0,fortran,,,2.1485980585301934,graded,,qwen38
hpcagent-bench-runs/cpf-llr-focus40-20260917/640098/judge/rank-0/hpcagent_bench0.db,cpf-llr-focus40-oss120b-fortran.n0.p16.w16,tsvc_2_s2233,cpf-llr-focus40-oss120b-fortran,9.585928856066506,graded,,21.858311760678195,4.0,4.0,1790276930380.0,fortran,,,,,,oss120b
hpcagent-bench-runs/cpf-llr-focus40-20260917/640098/judge/rank-3/hpcagent_bench3.db,cpf-llr-focus40-oss120b-fortran.n0.p23.w23,tsvc_2_s2710,cpf-llr-focus40-oss120b-fortran,0.19438467296361447,graded,,1.0296804254883367,4.0,4.0,1790276942022.0,fortran,,,,,,oss120b
hpcagent-bench-runs/owed-llr-focus40-20260923/648806/judge/rank-1/hpcagent_bench1.db,cpf-llr-focus40-qwen38-fortran-clean.n0.p5.w5,versioned_distance_update,cpf-llr-focus40-qwen38-fortran-clean,,error,no cell produced a measurement,32.15424162266866,4.0,0.0,1790276947680.0,fortran,,"native call failed: native call crashed (exit -6, signal SIGABRT) -- a 20.00 GiB RLIMIT_DATA cap was armed on top of the harness baseline; this signal is consistent with an unchecked allocation past it, not only a logic bug",1.8350959258560082,graded,,qwen38
hpcagent-bench-runs/cpf-llr-focus40-20260917/640098/judge/rank-1/hpcagent_bench1.db,cpf-llr-focus40-oss120b-fortran.n0.p21.w21,tsvc_2_s252,cpf-llr-focus40-oss120b-fortran,12.969146190958815,graded,,4.56598191914339,4.0,4.0,1790276949285.0,fortran,,,,,,oss120b
hpcagent-bench-runs/cpf-llr-focus40-20260917/640098/judge/rank-3/hpcagent_bench3.db,cpf-llr-focus40-oss120b-fortran.n0.p15.w15,tsvc_2_s152,cpf-llr-focus40-oss120b-fortran,8.648386053853098,graded,,3.262811363046304,4.0,4.0,1790276956678.0,fortran,,,,,,oss120b
hpcagent-bench-runs/cpf-llr-focus40-20260917/640098/judge/rank-2/hpcagent_bench2.db,cpf-llr-focus40-oss120b-fortran.n0.p22.w22,tsvc_2_s255,cpf-llr-focus40-oss120b-fortran,1.0284477740192837,graded,,1.0404725933879833,4.0,4.0,1790276972109.0,fortran,,,,,,oss120b
hpcagent-bench-runs/owed-llr-focus40-20260923/648806/judge/rank-0/hpcagent_bench0.db,cpf-llr-focus40-qwen38-fortran-skills-clean.n0.p12.w12,fuse_stencil_through_transient,cpf-llr-focus40-qwen38-fortran-skills-clean,22.65727403024196,graded,,6.3585813117150325,4.0,4.0,1790276992723.0,fortran,,,6.837747522522815,graded,,qwen38
hpcagent-bench-runs/owed-llr-focus40-20260923/648806/judge/rank-3/hpcagent_bench3.db,cpf-llr-focus40-qwen38-fortran-clean.n0.p19.w19,compact_threshold_pack,cpf-llr-focus40-qwen38-fortran-clean,18.564481245731233,graded,,11.950755078040707,4.0,4.0,1790277015001.0,fortran,,,10.608262137064202,graded,,qwen38
hpcagent-bench-runs/cpf-llr-focus40-20260917/640098/judge/rank-0/hpcagent_bench0.db,cpf-llr-focus40-oss120b-fortran.n0.p28.w28,tsvc_2_s3112,cpf-llr-focus40-oss120b-fortran,,graded,,6.138459376921219,4.0,0.0,1790277047124.0,fortran,,,,,,oss120b
hpcagent-bench-runs/cpf-llr-focus40-20260917/640098/judge/rank-3/hpcagent_bench3.db,cpf-llr-focus40-oss120b-fortran.n0.p19.w19,tsvc_2_s233,cpf-llr-focus40-oss120b-fortran,46.08110957572807,graded,,44.77752057718994,4.0,4.0,1790277053488.0,fortran,,,,,,oss120b
hpcagent-bench-runs/cpf-llr-focus40-20260917/640098/judge/rank-3/hpcagent_bench3.db,cpf-llr-focus40-oss120b-fortran.n0.p27.w27,tsvc_2_s3111,cpf-llr-focus40-oss120b-fortran,79.74556279148014,graded,,28.91957867170898,4.0,4.0,1790277067236.0,fortran,,,,,,oss120b
hpcagent-bench-runs/owed-llr-focus40-20260923/648812/judge/rank-3/hpcagent_bench3.db,cpf-llr-focus40-oss120b-fortran-skills-clean.n0.p7.w7,wf_diff_skew,cpf-llr-focus40-oss120b-fortran-skills-clean,1.5397264636598142,graded,,4.449509711595657,4.0,4.0,1790277077136.0,fortran,,,3.6227198667992475,graded,,oss120b
hpcagent-bench-runs/owed-llr-focus40-20260923/648806/judge/rank-0/hpcagent_bench0.db,cpf-llr-focus40-qwen38-fortran-skills-clean.n0.p8.w8,ext_break_capture,cpf-llr-focus40-qwen38-fortran-skills-clean,21.376555652863985,graded,,14.285443900083887,4.0,4.0,1790277102148.0,fortran,,,21.043085363648814,graded,,qwen38
hpcagent-bench-runs/owed-llr-focus40-20260923/648812/judge/rank-0/hpcagent_bench0.db,cpf-llr-focus40-oss120b-fortran-skills-clean.n0.p8.w8,wf_triangular,cpf-llr-focus40-oss120b-fortran-skills-clean,3.7702069657381414,graded,,3.548907275508413,4.0,4.0,1790277103314.0,fortran,,,3.7185271039001493,graded,,oss120b
hpcagent-bench-runs/owed-llr-focus40-20260923/648806/judge/rank-1/hpcagent_bench1.db,cpf-llr-focus40-qwen38-fortran-skills-clean.n0.p17.w17,versioned_distance_update,cpf-llr-focus40-qwen38-fortran-skills-clean,10.67608292311683,graded,,33.26819639836341,4.0,4.0,1790277112024.0,fortran,,,4.813538930525059,graded,,qwen38
hpcagent-bench-runs/owed-llr-focus40-20260923/648806/judge/rank-1/hpcagent_bench1.db,cpf-llr-focus40-qwen38-fortran-skills-clean.n0.p9.w9,ext_war_unit,cpf-llr-focus40-qwen38-fortran-skills-clean,10.902120793263034,graded,,4.463644728562186,4.0,4.0,1790277130205.0,fortran,,,4.512234381235664,graded,,qwen38
hpcagent-bench-runs/owed-llr-focus40-20260923/648806/judge/rank-3/hpcagent_bench3.db,cpf-llr-focus40-qwen38-fortran-skills-clean.n0.p11.w11,fuse_move_ifs,cpf-llr-focus40-qwen38-fortran-skills-clean,3.477595788136908,graded,,4.171279398926053,4.0,4.0,1790277154198.0,fortran,,,2.063034866253782,graded,,qwen38
hpcagent-bench-runs/cpf-llr-focus40-20260917/640098/judge/rank-2/hpcagent_bench2.db,cpf-llr-focus40-oss120b-fortran.n0.p26.w26,tsvc_2_s3110,cpf-llr-focus40-oss120b-fortran,50.465827548082736,graded,,16.878162546343017,4.0,4.0,1790277182990.0,fortran,,,,,,oss120b
hpcagent-bench-runs/cpf-llr-focus40-20260917/640098/judge/rank-1/hpcagent_bench1.db,cpf-llr-focus40-oss120b-fortran.n0.p25.w25,tsvc_2_s311,cpf-llr-focus40-oss120b-fortran,31.798433709055896,graded,,20.738519997112974,4.0,4.0,1790277211127.0,fortran,,,,,,oss120b
hpcagent-bench-runs/cpf-llr-focus40-20260917/640098/judge/rank-3/hpcagent_bench3.db,cpf-llr-focus40-oss120b-fortran.n0.p35.w35,tsvc_2_vpvts,cpf-llr-focus40-oss120b-fortran,0.09083928917021106,graded,,1.0395849101954096,4.0,4.0,1790277229361.0,fortran,,,,,,oss120b
hpcagent-bench-runs/cpf-llr-focus40-20260917/640098/judge/rank-0/hpcagent_bench0.db,cpf-llr-focus40-oss120b-fortran.n0.p20.w20,tsvc_2_s235,cpf-llr-focus40-oss120b-fortran,1.055331212934434,graded,,1.013292598408992,4.0,4.0,1790277249427.0,fortran,,,,,,oss120b
hpcagent-bench-runs/owed-llr-focus40-20260923/648806/judge/rank-0/hpcagent_bench0.db,cpf-llr-focus40-qwen38-fortran-skills-clean.n0.p24.w24,compact_threshold_pack,cpf-llr-focus40-qwen38-fortran-skills-clean,14.452058005389167,graded,,13.010337758244766,4.0,4.0,1790277279231.0,fortran,,,12.575183410041792,graded,,qwen38
hpcagent-bench-runs/cpf-llr-focus40-20260917/640098/judge/rank-2/hpcagent_bench2.db,cpf-llr-focus40-oss120b-fortran.n0.p30.w30,tsvc_2_s318,cpf-llr-focus40-oss120b-fortran,10.222568134253567,graded,,2.9677241788560447,4.0,4.0,1790277309871.0,fortran,,,,,,oss120b
hpcagent-bench-runs/owed-llr-focus40-20260923/648806/judge/rank-2/hpcagent_bench2.db,cpf-llr-focus40-qwen38-fortran-clean.n0.p6.w6,wf_diff_skew,cpf-llr-focus40-qwen38-fortran-clean,,graded,,6.911443175078299,4.0,0.0,1790277325492.0,fortran,,,6.6128310853685175,graded,,qwen38
hpcagent-bench-runs/cpf-llr-focus40-20260917/640098/judge/rank-3/hpcagent_bench3.db,cpf-llr-focus40-oss120b-fortran.n0.p31.w31,tsvc_2_s319,cpf-llr-focus40-oss120b-fortran,13.923677946201831,graded,,8.014775034069276,4.0,4.0,1790277345835.0,fortran,,,,,,oss120b
hpcagent-bench-runs/owed-llr-focus40-20260923/648806/judge/rank-3/hpcagent_bench3.db,cpf-llr-focus40-qwen38-fortran-clean.n0.p7.w7,wf_triangular,cpf-llr-focus40-qwen38-fortran-clean,3.7623687530800485,graded,,25.69556932450731,4.0,4.0,1790277370963.0,fortran,,,,error,no cell produced a measurement,qwen38
hpcagent-bench-runs/cpf-llr-focus40-20260917/640098/judge/rank-0/hpcagent_bench0.db,cpf-llr-focus40-oss120b-fortran.n0.p32.w32,tsvc_2_s323,cpf-llr-focus40-oss120b-fortran,8.842757592185631,graded,,5.240197752389452,4.0,4.0,1790277378122.0,fortran,,,,,,oss120b
hpcagent-bench-runs/cpf-llr-focus40-20260917/640098/judge/rank-0/hpcagent_bench0.db,cpf-llr-focus40-oss120b-fortran.n0.p36.w36,tsvc_2_vtvtv,cpf-llr-focus40-oss120b-fortran,1.0048987545984653,graded,,1.0113293865886333,4.0,4.0,1790277417886.0,fortran,,,,,,oss120b
hpcagent-bench-runs/cpf-llr-focus40-20260917/640098/judge/rank-1/hpcagent_bench1.db,cpf-llr-focus40-oss120b-fortran.n0.p29.w29,tsvc_2_s316,cpf-llr-focus40-oss120b-fortran,30.6331208529081,graded,,11.913700183604352,4.0,4.0,1790277542953.0,fortran,,,,,,oss120b
hpcagent-bench-runs/owed-llr-focus40-20260923/648806/judge/rank-2/hpcagent_bench2.db,cpf-llr-focus40-qwen38-fortran-skills-clean.n0.p18.w18,wf_diff_skew,cpf-llr-focus40-qwen38-fortran-skills-clean,,graded,,4.789130667327459,4.0,0.0,1790277549808.0,fortran,,,4.804173242105871,graded,,qwen38
hpcagent-bench-runs/owed-llr-focus40-20260923/648806/judge/rank-1/hpcagent_bench1.db,cpf-llr-focus40-qwen38-fortran-skills-clean.n0.p25.w25,wf_triangular,cpf-llr-focus40-qwen38-fortran-skills-clean,33.74350451053227,graded,,15.82879606773809,4.0,4.0,1790277638725.0,fortran,,,,graded,,qwen38
hpcagent-bench-runs/gpu-llr-focus40-20260915/639325/judge/rank-0/hpcagent_bench0.db,gpu-llr-focus40-kimi27sglang-hip-clean.n0.p16.w16,tsvc_2_s2233,gpu-llr-focus40-kimi27sglang-hip-clean,528.4661926375453,graded,,1024.5034347565684,4.0,4.0,1790281683755.0,hip,,,1177.2171004111926,graded,,kimi27sglang
hpcagent-bench-runs/gpu-llr-focus40-20260915/639325/judge/rank-1/hpcagent_bench1.db,gpu-llr-focus40-kimi27sglang-hip-clean.n0.p13.w13,tsvc_2_s1232,gpu-llr-focus40-kimi27sglang-hip-clean,,graded,,1212.955984726826,4.0,0.0,1790281683846.0,hip,,,,graded,,kimi27sglang
hpcagent-bench-runs/gpu-llr-focus40-20260915/639325/judge/rank-3/hpcagent_bench3.db,gpu-llr-focus40-kimi27sglang-hip-clean.n0.p35.w35,tsvc_2_vpvts,gpu-llr-focus40-kimi27sglang-hip-clean,8.451850275636232,graded,,10.176506114548664,4.0,4.0,1790281684022.0,hip,,,10.176506114548664,graded,,kimi27sglang
hpcagent-bench-runs/gpu-llr-focus40-20260915/639315/judge/rank-0/hpcagent_bench0.db,gpu-llr-focus40-oss120b-hip-clean.n0.p0.w0,argmax_with_index,gpu-llr-focus40-oss120b-hip-clean,411.59120125554074,graded,,237.13490132094327,4.0,4.0,1790281684023.0,hip,,,237.13490132094327,graded,,oss120b
hpcagent-bench-runs/gpu-llr-focus40-20260915/639325/judge/rank-3/hpcagent_bench3.db,gpu-llr-focus40-kimi27sglang-hip-clean.n0.p23.w23,tsvc_2_s2710,gpu-llr-focus40-kimi27sglang-hip-clean,,error,no cell produced a measurement,9.708976312959482,4.0,0.0,1790281684023.0,hip,,"native call failed: native call crashed (exit -11, signal SIGSEGV)",13.244604143810767,graded,,kimi27sglang
hpcagent-bench-runs/gpu-llr-focus40-20260915/639327/judge/rank-1/hpcagent_bench1.db,gpu-llr-focus40-kimi27sglang-hip-skills-clean.n0.p5.w5,fuse_move_ifs,gpu-llr-focus40-kimi27sglang-hip-skills-clean,15.751200081303887,graded,,54.91248457755662,4.0,4.0,1790281684033.0,hip,,,22.28606379776297,graded,,kimi27sglang
hpcagent-bench-runs/gpu-llr-focus40-20260917/640079/judge/rank-0/hpcagent_bench0.db,gpu-llr-focus40-oss120b-hip.n0.p4.w4,fuse_diamond,gpu-llr-focus40-oss120b-hip,473.3648274856295,graded,,432.2550301033894,4.0,4.0,1790281684194.0,hip,,,678.5374959418947,graded,,oss120b
hpcagent-bench-runs/gpu-llr-focus40-20260915/639325/judge/rank-1/hpcagent_bench1.db,gpu-llr-focus40-kimi27sglang-hip-clean.n0.p9.w9,scatter_accum_dup,gpu-llr-focus40-kimi27sglang-hip-clean,126.76940266854464,graded,,216.09238839439055,4.0,4.0,1790281684199.0,hip,,,226.86007783980725,graded,,kimi27sglang
hpcagent-bench-runs/gpu-llr-focus40-20260917/640079/judge/rank-2/hpcagent_bench2.db,gpu-llr-focus40-oss120b-hip.n0.p10.w10,segment_reduce_ragged,gpu-llr-focus40-oss120b-hip,84.70841504283904,graded,,44.11907738573118,4.0,4.0,1790281684217.0,hip,,,42.07576058773063,graded,,oss120b
hpcagent-bench-runs/gpu-llr-focus40-20260915/639327/judge/rank-3/hpcagent_bench3.db,gpu-llr-focus40-kimi27sglang-hip-skills-clean.n0.p27.w27,tsvc_2_s3111,gpu-llr-focus40-kimi27sglang-hip-skills-clean,691.2579720122917,graded,,340.0892234777871,4.0,4.0,1790281684266.0,hip,,,354.58853296334183,graded,,kimi27sglang
hpcagent-bench-runs/gpu-llr-focus40-20260915/639327/judge/rank-1/hpcagent_bench1.db,gpu-llr-focus40-kimi27sglang-hip-skills-clean.n0.p25.w25,tsvc_2_s311,gpu-llr-focus40-kimi27sglang-hip-skills-clean,73.93231194140449,graded,,1.0,4.0,4.0,1790281684269.0,hip,,,231.90666866248228,graded,,kimi27sglang
hpcagent-bench-runs/gpu-llr-focus40-20260915/639325/judge/rank-3/hpcagent_bench3.db,gpu-llr-focus40-kimi27sglang-hip-clean.n0.p19.w19,tsvc_2_s233,gpu-llr-focus40-kimi27sglang-hip-clean,542.0086342185442,graded,,879.2542346696956,4.0,4.0,1790281684270.0,hip,,,837.4016978027595,graded,,kimi27sglang
hpcagent-bench-runs/gpu-llr-focus40-20260915/639325/judge/rank-2/hpcagent_bench2.db,gpu-llr-focus40-kimi27sglang-hip-clean.n0.p2.w2,ext_break_capture,gpu-llr-focus40-kimi27sglang-hip-clean,323.2626656745073,graded,,170.35796833502775,4.0,2.0,1790281684676.0,hip,,,170.35796833502775,graded,,kimi27sglang
hpcagent-bench-runs/gpu-llr-focus40-20260915/639325/judge/rank-0/hpcagent_bench0.db,gpu-llr-focus40-kimi27sglang-hip-clean.n0.p12.w12,tsvc_2_s119,gpu-llr-focus40-kimi27sglang-hip-clean,28.47172386735549,graded,,17.848161628594287,4.0,4.0,1790281689037.0,hip,,,17.63518532342474,graded,,kimi27sglang
hpcagent-bench-runs/gpu-llr-focus40-20260915/638688/judge/rank-1/hpcagent_bench1.db,gpu-llr-focus40-oss120b-hip-perf-playbook-amd.n0.p1.w1,compact_threshold_pack,gpu-llr-focus40-oss120b-hip-perf-playbook-amd,45.99495920318411,graded,,13.093754410886351,4.0,4.0,1790281689259.0,hip,,,,,,oss120b
hpcagent-bench-runs/gpu-llr-focus40-20260915/639325/judge/rank-2/hpcagent_bench2.db,gpu-llr-focus40-kimi27sglang-hip-clean.n0.p14.w14,tsvc_2_s1244,gpu-llr-focus40-kimi27sglang-hip-clean,100.15853883815583,graded,,59.097834402714504,4.0,4.0,1790281690143.0,hip,,,52.21739344841663,graded,,kimi27sglang
hpcagent-bench-runs/gpu-llr-focus40-20260915/639315/judge/rank-2/hpcagent_bench2.db,gpu-llr-focus40-oss120b-hip-clean.n0.p10.w10,segment_reduce_ragged,gpu-llr-focus40-oss120b-hip-clean,13.257680391043255,graded,,21.978968457426365,4.0,4.0,1790281870209.0,hip,,,21.978968457426365,graded,,oss120b
hpcagent-bench-runs/gpu-llr-focus40-20260915/639327/judge/rank-1/hpcagent_bench1.db,gpu-llr-focus40-kimi27sglang-hip-skills-clean.n0.p9.w9,scatter_accum_dup,gpu-llr-focus40-kimi27sglang-hip-skills-clean,126.77243359615876,graded,,217.1269865518909,4.0,4.0,1790281884308.0,hip,,,222.13227820395616,graded,,kimi27sglang
hpcagent-bench-runs/gpu-llr-focus40-20260915/639331/judge/rank-3/hpcagent_bench3.db,gpu-llr-focus40-kimi27sglang-hip-perf-playbook-amd-clean.n0.p23.w23,tsvc_2_s2710,gpu-llr-focus40-kimi27sglang-hip-perf-playbook-amd-clean,8.874997053292777,graded,,8.602254954017033,4.0,4.0,1790281891196.0,hip,,,9.175771101725683,graded,,kimi27sglang
hpcagent-bench-runs/gpu-llr-focus40-20260915/639327/judge/rank-2/hpcagent_bench2.db,gpu-llr-focus40-kimi27sglang-hip-skills-clean.n0.p14.w14,tsvc_2_s1244,gpu-llr-focus40-kimi27sglang-hip-skills-clean,70.74520741998664,graded,,41.33872677898214,4.0,4.0,1790281897160.0,hip,,,41.07963649420844,graded,,kimi27sglang
hpcagent-bench-runs/gpu-llr-focus40-20260915/639327/judge/rank-3/hpcagent_bench3.db,gpu-llr-focus40-kimi27sglang-hip-skills-clean.n0.p19.w19,tsvc_2_s233,gpu-llr-focus40-kimi27sglang-hip-skills-clean,351.7735028954953,graded,,660.8605801401675,4.0,4.0,1790281900657.0,hip,,,642.199625385446,graded,,kimi27sglang
hpcagent-bench-runs/gpu-llr-focus40-20260915/639331/judge/rank-0/hpcagent_bench0.db,gpu-llr-focus40-kimi27sglang-hip-perf-playbook-amd-clean.n0.p12.w12,tsvc_2_s119,gpu-llr-focus40-kimi27sglang-hip-perf-playbook-amd-clean,12.249647251330469,graded,,7.956295148137796,4.0,4.0,1790281901433.0,hip,,,3.0983351553076988,graded,,kimi27sglang
hpcagent-bench-runs/gpu-llr-focus40-20260915/639315/judge/rank-0/hpcagent_bench0.db,gpu-llr-focus40-oss120b-hip-clean.n0.p4.w4,fuse_diamond,gpu-llr-focus40-oss120b-hip-clean,520.103036793927,graded,,604.6739141305077,4.0,4.0,1790281911377.0,hip,,,604.6739141305077,graded,,oss120b
hpcagent-bench-runs/gpu-llr-focus40-20260917/640079/judge/rank-1/hpcagent_bench1.db,gpu-llr-focus40-oss120b-hip.n0.p25.w25,tsvc_2_s311,gpu-llr-focus40-oss120b-hip,147.71603156610323,graded,,45.855401753651876,4.0,4.0,1790281911598.0,hip,,,45.601007940445776,graded,,oss120b
hpcagent-bench-runs/gpu-llr-focus40-20260915/639331/judge/rank-2/hpcagent_bench2.db,gpu-llr-focus40-kimi27sglang-hip-perf-playbook-amd-clean.n0.p2.w2,ext_break_capture,gpu-llr-focus40-kimi27sglang-hip-perf-playbook-amd-clean,107.15176176691605,graded,,59.8585919591454,4.0,4.0,1790281923318.0,hip,,,57.11399037468256,graded,,kimi27sglang
hpcagent-bench-runs/gpu-llr-focus40-20260915/639331/judge/rank-1/hpcagent_bench1.db,gpu-llr-focus40-kimi27sglang-hip-perf-playbook-amd-clean.n0.p13.w13,tsvc_2_s1232,gpu-llr-focus40-kimi27sglang-hip-perf-playbook-amd-clean,,graded,,917.5035029822103,4.0,0.0,1790281924343.0,hip,,,,graded,,kimi27sglang
hpcagent-bench-runs/gpu-llr-focus40-20260917/640079/judge/rank-1/hpcagent_bench1.db,gpu-llr-focus40-oss120b-hip.n0.p5.w5,fuse_move_ifs,gpu-llr-focus40-oss120b-hip,11.437229619508582,graded,,14.912473128214272,4.0,4.0,1790281949909.0,hip,,,14.093636407353909,graded,,oss120b
hpcagent-bench-runs/gpu-llr-focus40-20260915/639317/judge/rank-0/hpcagent_bench0.db,gpu-llr-focus40-oss120b-hip-skills-clean.n0.p0.w0,argmax_with_index,gpu-llr-focus40-oss120b-hip-skills-clean,62.68921222512727,graded,,31.273088615764458,4.0,4.0,1790281951428.0,hip,,,31.273088615764458,graded,,oss120b
hpcagent-bench-runs/gpu-llr-focus40-20260915/639331/judge/rank-3/hpcagent_bench3.db,gpu-llr-focus40-kimi27sglang-hip-perf-playbook-amd-clean.n0.p35.w35,tsvc_2_vpvts,gpu-llr-focus40-kimi27sglang-hip-perf-playbook-amd-clean,8.636207436836521,graded,,9.245992852696974,4.0,4.0,1790281961917.0,hip,,,9.731717138668566,graded,,kimi27sglang
hpcagent-bench-runs/gpu-llr-focus40-20260917/640079/judge/rank-3/hpcagent_bench3.db,gpu-llr-focus40-oss120b-hip.n0.p27.w27,tsvc_2_s3111,gpu-llr-focus40-oss120b-hip,153.60750918910304,graded,,32.68405936234127,4.0,4.0,1790281964046.0,hip,,,32.5946083809357,graded,,oss120b
hpcagent-bench-runs/gpu-llr-focus40-20260915/639331/judge/rank-0/hpcagent_bench0.db,gpu-llr-focus40-kimi27sglang-hip-perf-playbook-amd-clean.n0.p16.w16,tsvc_2_s2233,gpu-llr-focus40-kimi27sglang-hip-perf-playbook-amd-clean,421.1208746590074,graded,,861.3136759116504,4.0,4.0,1790281973667.0,hip,,,903.3841762010354,graded,,kimi27sglang
hpcagent-bench-runs/gpu-llr-focus40-20260915/639325/judge/rank-3/hpcagent_bench3.db,gpu-llr-focus40-kimi27sglang-hip-clean.n0.p3.w3,ext_war_unit,gpu-llr-focus40-kimi27sglang-hip-clean,56.77246561977188,graded,,1.8804199970756335,4.0,4.0,1790282023756.0,hip,,,1.8804199970756335,graded,,kimi27sglang
hpcagent-bench-runs/gpu-llr-focus40-20260915/638688/judge/rank-2/hpcagent_bench2.db,gpu-llr-focus40-oss120b-hip-perf-playbook-amd.n0.p10.w10,segment_reduce_ragged,gpu-llr-focus40-oss120b-hip-perf-playbook-amd,76.50285425813925,graded,,56.26209836158655,4.0,4.0,1790282049850.0,hip,,,,,,oss120b
hpcagent-bench-runs/gpu-llr-focus40-20260917/640079/judge/rank-1/hpcagent_bench1.db,gpu-llr-focus40-oss120b-hip.n0.p9.w9,scatter_accum_dup,gpu-llr-focus40-oss120b-hip,127.65766453940027,graded,,223.81313095348884,4.0,4.0,1790282079333.0,hip,,,223.81313095348884,graded,,oss120b
hpcagent-bench-runs/gpu-llr-focus40-20260917/640079/judge/rank-2/hpcagent_bench2.db,gpu-llr-focus40-oss120b-hip.n0.p14.w14,tsvc_2_s1244,gpu-llr-focus40-oss120b-hip,63.49895268686835,graded,,36.905184381080595,4.0,4.0,1790282100265.0,hip,,,36.7288890760485,graded,,oss120b
hpcagent-bench-runs/gpu-llr-focus40-20260915/639327/judge/rank-0/hpcagent_bench0.db,gpu-llr-focus40-kimi27sglang-hip-skills-clean.n0.p12.w12,tsvc_2_s119,gpu-llr-focus40-kimi27sglang-hip-skills-clean,8.721690208719277,graded,,7.408132601342212,4.0,4.0,1790282108589.0,hip,,,4.505402599829285,graded,,kimi27sglang
hpcagent-bench-runs/gpu-llr-focus40-20260917/640079/judge/rank-3/hpcagent_bench3.db,gpu-llr-focus40-oss120b-hip.n0.p19.w19,tsvc_2_s233,gpu-llr-focus40-oss120b-hip,155.7180957551163,graded,,137.0233102990373,4.0,4.0,1790282119098.0,hip,,,141.06834447445445,graded,,oss120b
hpcagent-bench-runs/gpu-llr-focus40-20260915/638688/judge/rank-0/hpcagent_bench0.db,gpu-llr-focus40-oss120b-hip-perf-playbook-amd.n0.p4.w4,fuse_diamond,gpu-llr-focus40-oss120b-hip-perf-playbook-amd,471.6756743412028,graded,,259.60107743266923,4.0,4.0,1790282134230.0,hip,,,,,,oss120b
hpcagent-bench-runs/gpu-llr-focus40-20260915/639315/judge/rank-1/hpcagent_bench1.db,gpu-llr-focus40-oss120b-hip-clean.n0.p25.w25,tsvc_2_s311,gpu-llr-focus40-oss120b-hip-clean,145.8362559360399,graded,,44.94558555113964,4.0,4.0,1790282135656.0,hip,,,44.94558555113964,graded,,oss120b
hpcagent-bench-runs/gpu-llr-focus40-20260915/639327/judge/rank-1/hpcagent_bench1.db,gpu-llr-focus40-kimi27sglang-hip-skills-clean.n0.p13.w13,tsvc_2_s1232,gpu-llr-focus40-kimi27sglang-hip-skills-clean,,graded,,1.0,4.0,0.0,1790282160315.0,hip,,,0.0,graded,,kimi27sglang
hpcagent-bench-runs/gpu-llr-focus40-20260917/640079/judge/rank-2/hpcagent_bench2.db,gpu-llr-focus40-oss120b-hip.n0.p2.w2,ext_break_capture,gpu-llr-focus40-oss120b-hip,85.46372269348083,graded,,64.08691500740385,4.0,4.0,1790282160368.0,hip,,,62.91301626575141,graded,,oss120b
hpcagent-bench-runs/gpu-llr-focus40-20260917/640079/judge/rank-3/hpcagent_bench3.db,gpu-llr-focus40-oss120b-hip.n0.p23.w23,tsvc_2_s2710,gpu-llr-focus40-oss120b-hip,8.84732322551797,graded,,8.815799649360047,4.0,4.0,1790282189082.0,hip,,,8.935496357805858,graded,,oss120b
hpcagent-bench-runs/gpu-llr-focus40-20260915/639315/judge/rank-1/hpcagent_bench1.db,gpu-llr-focus40-oss120b-hip-clean.n0.p5.w5,fuse_move_ifs,gpu-llr-focus40-oss120b-hip-clean,11.297925247250044,graded,,15.038960837364895,4.0,4.0,1790282209867.0,hip,,,15.038960837364895,graded,,oss120b
hpcagent-bench-runs/gpu-llr-focus40-20260915/638687/judge/rank-0/hpcagent_bench0.db,gpu-llr-focus40-qwen38-hip-perf-playbook-amd.n0.p0.w0,argmax_with_index,gpu-llr-focus40-qwen38-hip-perf-playbook-amd,454.53039954504777,graded,,250.3421036484305,4.0,4.0,1790282212785.0,hip,,,,,,qwen38
hpcagent-bench-runs/gpu-llr-focus40-20260915/639317/judge/rank-2/hpcagent_bench2.db,gpu-llr-focus40-oss120b-hip-skills-clean.n0.p10.w10,segment_reduce_ragged,gpu-llr-focus40-oss120b-hip-skills-clean,88.30359074047148,graded,,50.70416215592866,4.0,4.0,1790282229118.0,hip,,,50.70416215592866,graded,,oss120b
hpcagent-bench-runs/gpu-llr-focus40-20260915/639327/judge/rank-3/hpcagent_bench3.db,gpu-llr-focus40-kimi27sglang-hip-skills-clean.n0.p35.w35,tsvc_2_vpvts,gpu-llr-focus40-kimi27sglang-hip-skills-clean,8.91839922230192,graded,,9.04842096034916,4.0,4.0,1790282241230.0,hip,,,9.696577665532148,graded,,kimi27sglang
hpcagent-bench-runs/gpu-llr-focus40-20260915/639315/judge/rank-3/hpcagent_bench3.db,gpu-llr-focus40-oss120b-hip-clean.n0.p27.w27,tsvc_2_s3111,gpu-llr-focus40-oss120b-hip-clean,196.08184331035295,graded,,32.53645671210591,4.0,4.0,1790282243012.0,hip,,,32.53645671210591,graded,,oss120b
hpcagent-bench-runs/gpu-llr-focus40-20260917/640079/judge/rank-3/hpcagent_bench3.db,gpu-llr-focus40-oss120b-hip.n0.p3.w3,ext_war_unit,gpu-llr-focus40-oss120b-hip,56.72524913263976,graded,,1.2123182260130523,4.0,4.0,1790282257130.0,hip,,,27.258184276661893,graded,,oss120b
hpcagent-bench-runs/gpu-llr-focus40-20260915/639327/judge/rank-0/hpcagent_bench0.db,gpu-llr-focus40-kimi27sglang-hip-skills-clean.n0.p16.w16,tsvc_2_s2233,gpu-llr-focus40-kimi27sglang-hip-skills-clean,311.164460261391,graded,,288.22173893933837,4.0,4.0,1790282260227.0,hip,,,304.29585828384285,graded,,kimi27sglang
hpcagent-bench-runs/gpu-llr-focus40-20260915/639063/judge/rank-0/hpcagent_bench0.db,gpu-llr-focus40-oss120b-hip-perf-playbook-amd.n0.p0.w0,tsvc_2_s1244,gpu-llr-focus40-oss120b-hip-perf-playbook-amd,25.002532965218528,graded,,2.839940131283031,4.0,4.0,1790282303490.0,hip,,,,,,oss120b
hpcagent-bench-runs/gpu-llr-focus40-20260915/639315/judge/rank-1/hpcagent_bench1.db,gpu-llr-focus40-oss120b-hip-clean.n0.p9.w9,scatter_accum_dup,gpu-llr-focus40-oss120b-hip-clean,127.4455778523117,graded,,237.4199575270338,4.0,4.0,1790282313238.0,hip,,,237.4199575270338,graded,,oss120b
hpcagent-bench-runs/gpu-llr-focus40-20260917/640079/judge/rank-0/hpcagent_bench0.db,gpu-llr-focus40-oss120b-hip.n0.p12.w12,tsvc_2_s119,gpu-llr-focus40-oss120b-hip,9.620070792788443,graded,,2.995069811586137,4.0,4.0,1790282316005.0,hip,,,2.995069811586137,graded,,oss120b
hpcagent-bench-runs/gpu-llr-focus40-20260915/639315/judge/rank-3/hpcagent_bench3.db,gpu-llr-focus40-oss120b-hip-clean.n0.p19.w19,tsvc_2_s233,gpu-llr-focus40-oss120b-hip-clean,160.3339144245961,graded,,137.5714063591023,4.0,4.0,1790282331976.0,hip,,,137.5714063591023,graded,,oss120b
hpcagent-bench-runs/gpu-llr-focus40-20260915/639321/judge/rank-0/hpcagent_bench0.db,gpu-llr-focus40-oss120b-hip-perf-playbook-amd-clean.n0.p4.w4,fuse_diamond,gpu-llr-focus40-oss120b-hip-perf-playbook-amd-clean,478.9231894195775,graded,,237.53932114067274,4.0,4.0,1790282353855.0,hip,,,496.6575091199418,graded,,oss120b
hpcagent-bench-runs/gpu-llr-focus40-20260915/638688/judge/rank-1/hpcagent_bench1.db,gpu-llr-focus40-oss120b-hip-perf-playbook-amd.n0.p25.w25,tsvc_2_s311,gpu-llr-focus40-oss120b-hip-perf-playbook-amd,4.981480210625848,graded,,70.27019018825183,4.0,4.0,1790282356369.0,hip,,,,,,oss120b
hpcagent-bench-runs/gpu-llr-focus40-20260915/639315/judge/rank-2/hpcagent_bench2.db,gpu-llr-focus40-oss120b-hip-clean.n0.p2.w2,ext_break_capture,gpu-llr-focus40-oss120b-hip-clean,81.48056330113735,graded,,53.545391896580846,4.0,4.0,1790282396891.0,hip,,,53.545391896580846,graded,,oss120b
hpcagent-bench-runs/gpu-llr-focus40-20260915/639315/judge/rank-1/hpcagent_bench1.db,gpu-llr-focus40-oss120b-hip-clean.n0.p13.w13,tsvc_2_s1232,gpu-llr-focus40-oss120b-hip-clean,28.70851732084745,graded,,146.98431080514126,4.0,4.0,1790282406812.0,hip,,,134.8673058469764,graded,,oss120b
hpcagent-bench-runs/gpu-llr-focus40-20260917/640642/judge/rank-1/hpcagent_bench1.db,gpu-llr-focus40-qwen38-hip.n0.p9.w9,segment_reduce_ragged,gpu-llr-focus40-qwen38-hip,36.19635669974743,graded,,46.36739375067626,4.0,4.0,1790282407482.0,hip,,,46.36739375067626,graded,,qwen38
hpcagent-bench-runs/gpu-llr-focus40-20260915/638688/judge/rank-1/hpcagent_bench1.db,gpu-llr-focus40-oss120b-hip-perf-playbook-amd.n0.p5.w5,fuse_move_ifs,gpu-llr-focus40-oss120b-hip-perf-playbook-amd,18.46927843945904,graded,,35.04792502640623,4.0,4.0,1790282465683.0,hip,,,,,,oss120b
hpcagent-bench-runs/gpu-llr-focus40-20260915/639325/judge/rank-1/hpcagent_bench1.db,gpu-llr-focus40-kimi27sglang-hip-clean.n0.p33.w33,tsvc_2_s4112,gpu-llr-focus40-kimi27sglang-hip-clean,7.865338275885147,graded,,10.891686865160416,4.0,4.0,1790282475072.0,hip,,,13.68430052643342,graded,,kimi27sglang
hpcagent-bench-runs/gpu-llr-focus40-20260915/639315/judge/rank-3/hpcagent_bench3.db,gpu-llr-focus40-oss120b-hip-clean.n0.p3.w3,ext_war_unit,gpu-llr-focus40-oss120b-hip-clean,18.03592596781261,graded,,1.2821048844683323,4.0,4.0,1790282478137.0,hip,,,1.2821048844683323,graded,,oss120b
hpcagent-bench-runs/gpu-llr-focus40-20260915/639315/judge/rank-3/hpcagent_bench3.db,gpu-llr-focus40-oss120b-hip-clean.n0.p23.w23,tsvc_2_s2710,gpu-llr-focus40-oss120b-hip-clean,9.171830105456221,graded,,8.807917370976055,4.0,4.0,1790282489254.0,hip,,,8.807917370976055,graded,,oss120b
hpcagent-bench-runs/gpu-llr-focus40-20260915/639321/judge/rank-2/hpcagent_bench2.db,gpu-llr-focus40-oss120b-hip-perf-playbook-amd-clean.n0.p14.w14,tsvc_2_s1244,gpu-llr-focus40-oss120b-hip-perf-playbook-amd-clean,63.282599861580536,graded,,2.7646832219790998,4.0,4.0,1790282504416.0,hip,,,36.08884087194216,graded,,oss120b
hpcagent-bench-runs/gpu-llr-focus40-20260915/638688/judge/rank-3/hpcagent_bench3.db,gpu-llr-focus40-oss120b-hip-perf-playbook-amd.n0.p27.w27,tsvc_2_s3111,gpu-llr-focus40-oss120b-hip-perf-playbook-amd,191.97498666768368,graded,,32.529308298007955,4.0,4.0,1790282519189.0,hip,,,,,,oss120b
hpcagent-bench-runs/gpu-llr-focus40-20260917/640079/judge/rank-3/hpcagent_bench3.db,gpu-llr-focus40-oss120b-hip.n0.p35.w35,tsvc_2_vpvts,gpu-llr-focus40-oss120b-hip,8.93106470862149,graded,,9.339111247016485,4.0,4.0,1790282523119.0,hip,,,9.339111247016485,graded,,oss120b
hpcagent-bench-runs/gpu-llr-focus40-20260915/639315/judge/rank-0/hpcagent_bench0.db,gpu-llr-focus40-oss120b-hip-clean.n0.p12.w12,tsvc_2_s119,gpu-llr-focus40-oss120b-hip-clean,1.849016870752876,graded,,1.2993727935447634,4.0,4.0,1790282527067.0,hip,,,1.2993727935447634,graded,,oss120b
hpcagent-bench-runs/gpu-llr-focus40-20260915/638688/judge/rank-1/hpcagent_bench1.db,gpu-llr-focus40-oss120b-hip-perf-playbook-amd.n0.p9.w9,scatter_accum_dup,gpu-llr-focus40-oss120b-hip-perf-playbook-amd,127.52061272995788,graded,,230.3271474766335,4.0,4.0,1790282529511.0,hip,,,,,,oss120b
hpcagent-bench-runs/gpu-llr-focus40-20260917/640079/judge/rank-0/hpcagent_bench0.db,gpu-llr-focus40-oss120b-hip.n0.p16.w16,tsvc_2_s2233,gpu-llr-focus40-oss120b-hip,137.0441453164809,graded,,168.77359314881545,4.0,4.0,1790282543612.0,hip,,,165.42344758766288,graded,,oss120b
hpcagent-bench-runs/gpu-llr-focus40-20260915/638688/judge/rank-3/hpcagent_bench3.db,gpu-llr-focus40-oss120b-hip-perf-playbook-amd.n0.p19.w19,tsvc_2_s233,gpu-llr-focus40-oss120b-hip-perf-playbook-amd,202.1004159544845,graded,,129.8938612083465,4.0,4.0,1790282545369.0,hip,,,,,,oss120b
hpcagent-bench-runs/gpu-llr-focus40-20260915/639321/judge/rank-1/hpcagent_bench1.db,gpu-llr-focus40-oss120b-hip-perf-playbook-amd-clean.n0.p25.w25,tsvc_2_s311,gpu-llr-focus40-oss120b-hip-perf-playbook-amd-clean,143.16709590776068,graded,,45.18570688036104,4.0,4.0,1790282577933.0,hip,,,45.63337264865639,graded,,oss120b
hpcagent-bench-runs/gpu-llr-focus40-20260917/640558/judge/rank-0/hpcagent_bench0.db,gpu-llr-focus40-oss120b-hip-skills.n0.p4.w4,fuse_diamond,gpu-llr-focus40-oss120b-hip-skills,524.2852847112705,graded,,468.30169422461256,4.0,4.0,1790282578265.0,hip,,,689.14902657688,graded,,oss120b
hpcagent-bench-runs/gpu-llr-focus40-20260915/638687/judge/rank-2/hpcagent_bench2.db,gpu-llr-focus40-qwen38-hip-perf-playbook-amd.n0.p10.w10,segment_reduce_ragged,gpu-llr-focus40-qwen38-hip-perf-playbook-amd,,graded,,72.21751964731466,4.0,0.0,1790282584617.0,hip,,,,,,qwen38
hpcagent-bench-runs/gpu-llr-focus40-20260915/638688/judge/rank-2/hpcagent_bench2.db,gpu-llr-focus40-oss120b-hip-perf-playbook-amd.n0.p2.w2,ext_break_capture,gpu-llr-focus40-oss120b-hip-perf-playbook-amd,87.58432378622919,graded,,54.98119244486749,4.0,4.0,1790282636536.0,hip,,,,,,oss120b
hpcagent-bench-runs/gpu-llr-focus40-20260915/638688/judge/rank-1/hpcagent_bench1.db,gpu-llr-focus40-oss120b-hip-perf-playbook-amd.n0.p13.w13,tsvc_2_s1232,gpu-llr-focus40-oss120b-hip-perf-playbook-amd,27.78452831869717,graded,,188.48948322799725,4.0,4.0,1790282643532.0,hip,,,,,,oss120b
hpcagent-bench-runs/gpu-llr-focus40-20260915/638688/judge/rank-3/hpcagent_bench3.db,gpu-llr-focus40-oss120b-hip-perf-playbook-amd.n0.p3.w3,ext_war_unit,gpu-llr-focus40-oss120b-hip-perf-playbook-amd,18.798886696384415,graded,,1.3596529488250328,4.0,4.0,1790282694607.0,hip,,,,,,oss120b
hpcagent-bench-runs/gpu-llr-focus40-20260915/639317/judge/rank-2/hpcagent_bench2.db,gpu-llr-focus40-oss120b-hip-skills-clean.n0.p14.w14,tsvc_2_s1244,gpu-llr-focus40-oss120b-hip-skills-clean,61.477702748610106,graded,,35.42855020674694,4.0,4.0,1790282704310.0,hip,,,38.33494597377121,graded,,oss120b
hpcagent-bench-runs/gpu-llr-focus40-20260915/639321/judge/rank-1/hpcagent_bench1.db,gpu-llr-focus40-oss120b-hip-perf-playbook-amd-clean.n0.p9.w9,scatter_accum_dup,gpu-llr-focus40-oss120b-hip-perf-playbook-amd-clean,127.45570540997657,graded,,216.49873412774605,4.0,4.0,1790282719798.0,hip,,,219.3001250772285,graded,,oss120b
hpcagent-bench-runs/gpu-llr-focus40-20260915/639321/judge/rank-1/hpcagent_bench1.db,gpu-llr-focus40-oss120b-hip-perf-playbook-amd-clean.n0.p5.w5,fuse_move_ifs,gpu-llr-focus40-oss120b-hip-perf-playbook-amd-clean,11.26936968064766,graded,,31.768173435507954,4.0,4.0,1790282720416.0,hip,,,14.632157044538175,graded,,oss120b
hpcagent-bench-runs/gpu-llr-focus40-20260915/638688/judge/rank-0/hpcagent_bench0.db,gpu-llr-focus40-oss120b-hip-perf-playbook-amd.n0.p12.w12,tsvc_2_s119,gpu-llr-focus40-oss120b-hip-perf-playbook-amd,19.194975947639776,graded,,11.37490089300592,4.0,4.0,1790282742433.0,hip,,,,,,oss120b
hpcagent-bench-runs/gpu-llr-focus40-20260915/639321/judge/rank-3/hpcagent_bench3.db,gpu-llr-focus40-oss120b-hip-perf-playbook-amd-clean.n0.p19.w19,tsvc_2_s233,gpu-llr-focus40-oss120b-hip-perf-playbook-amd-clean,175.64231818974181,graded,,137.73319213779178,4.0,4.0,1790282759832.0,hip,,,133.11092037495044,graded,,oss120b
hpcagent-bench-runs/gpu-llr-focus40-20260915/639325/judge/rank-3/hpcagent_bench3.db,gpu-llr-focus40-kimi27sglang-hip-clean.n0.p11.w11,tsvc_2_s115,gpu-llr-focus40-kimi27sglang-hip-clean,3.177072983905885,graded,,3.3416459829044896,4.0,4.0,1790282764659.0,hip,,,3.1158454436528116,graded,,kimi27sglang
hpcagent-bench-runs/gpu-llr-focus40-20260915/638688/judge/rank-3/hpcagent_bench3.db,gpu-llr-focus40-oss120b-hip-perf-playbook-amd.n0.p23.w23,tsvc_2_s2710,gpu-llr-focus40-oss120b-hip-perf-playbook-amd,9.25331536665639,graded,,8.893753274214443,4.0,4.0,1790282793222.0,hip,,,,,,oss120b
hpcagent-bench-runs/gpu-llr-focus40-20260915/639321/judge/rank-3/hpcagent_bench3.db,gpu-llr-focus40-oss120b-hip-perf-playbook-amd-clean.n0.p27.w27,tsvc_2_s3111,gpu-llr-focus40-oss120b-hip-perf-playbook-amd-clean,513.7091365483393,graded,,354.9746973220592,4.0,4.0,1790282795983.0,hip,,,371.69459116341545,graded,,oss120b
hpcagent-bench-runs/gpu-llr-focus40-20260915/639315/judge/rank-3/hpcagent_bench3.db,gpu-llr-focus40-oss120b-hip-clean.n0.p35.w35,tsvc_2_vpvts,gpu-llr-focus40-oss120b-hip-clean,8.924204877971059,graded,,9.416962729530093,4.0,4.0,1790282799438.0,hip,,,9.416962729530093,graded,,oss120b
hpcagent-bench-runs/gpu-llr-focus40-20260917/640642/judge/rank-3/hpcagent_bench3.db,gpu-llr-focus40-qwen38-hip.n0.p23.w23,tsvc_2_s311,gpu-llr-focus40-qwen38-hip,,graded,,271.2105392406582,4.0,0.0,1790282801410.0,hip,,,249.16600402516445,graded,,qwen38
hpcagent-bench-runs/gpu-llr-focus40-20260915/639317/judge/rank-0/hpcagent_bench0.db,gpu-llr-focus40-oss120b-hip-skills-clean.n0.p4.w4,fuse_diamond,gpu-llr-focus40-oss120b-hip-skills-clean,474.03813278132907,graded,,646.8321445607413,4.0,4.0,1790282802827.0,hip,,,646.8321445607413,graded,,oss120b
hpcagent-bench-runs/gpu-llr-focus40-20260915/639315/judge/rank-0/hpcagent_bench0.db,gpu-llr-focus40-oss120b-hip-clean.n0.p16.w16,tsvc_2_s2233,gpu-llr-focus40-oss120b-hip-clean,131.92679803179476,graded,,166.40409571622462,4.0,4.0,1790282827430.0,hip,,,166.40409571622462,graded,,oss120b
hpcagent-bench-runs/gpu-llr-focus40-20260918/641787/judge/rank-1/hpcagent_bench1.db,gpu-llr-focus40-kimi27sglang-hip-perf-playbook-amd-clean.n0.p5.w5,tsvc_2_s4112,gpu-llr-focus40-kimi27sglang-hip-perf-playbook-amd-clean,7.753571913821375,graded,,10.98098976300136,4.0,4.0,1790282857329.0,hip,,,11.721844637049411,graded,,kimi27sglang
hpcagent-bench-runs/gpu-llr-focus40-20260915/639321/judge/rank-2/hpcagent_bench2.db,gpu-llr-focus40-oss120b-hip-perf-playbook-amd-clean.n0.p2.w2,ext_break_capture,gpu-llr-focus40-oss120b-hip-perf-playbook-amd-clean,95.34471738443072,graded,,51.81751263612228,4.0,4.0,1790282872569.0,hip,,,55.819117138014214,graded,,oss120b
hpcagent-bench-runs/gpu-llr-focus40-20260915/639321/judge/rank-1/hpcagent_bench1.db,gpu-llr-focus40-oss120b-hip-perf-playbook-amd-clean.n0.p13.w13,tsvc_2_s1232,gpu-llr-focus40-oss120b-hip-perf-playbook-amd-clean,37.5716256015586,graded,,404.73874347957144,4.0,4.0,1790282882198.0,hip,,,129.9944188378617,graded,,oss120b
hpcagent-bench-runs/gpu-llr-focus40-20260917/640642/judge/rank-1/hpcagent_bench1.db,gpu-llr-focus40-qwen38-hip.n0.p13.w13,tsvc_2_s1244,gpu-llr-focus40-qwen38-hip,,graded,,51.33421918054939,4.0,0.0,1790282900774.0,hip,,,54.358479322706,graded,,qwen38
hpcagent-bench-runs/gpu-llr-focus40-20260915/639321/judge/rank-3/hpcagent_bench3.db,gpu-llr-focus40-oss120b-hip-perf-playbook-amd-clean.n0.p3.w3,ext_war_unit,gpu-llr-focus40-oss120b-hip-perf-playbook-amd-clean,58.702823357272365,graded,,1.306692784883551,4.0,4.0,1790282914069.0,hip,,,31.1706014569817,graded,,oss120b
hpcagent-bench-runs/gpu-llr-focus40-20260917/640558/judge/rank-1/hpcagent_bench1.db,gpu-llr-focus40-oss120b-hip-skills.n0.p9.w9,scatter_accum_dup,gpu-llr-focus40-oss120b-hip-skills,126.88338609474664,graded,,235.17129402450826,4.0,4.0,1790282931700.0,hip,,,,graded,,oss120b
hpcagent-bench-runs/gpu-llr-focus40-20260915/639321/judge/rank-0/hpcagent_bench0.db,gpu-llr-focus40-oss120b-hip-perf-playbook-amd-clean.n0.p12.w12,tsvc_2_s119,gpu-llr-focus40-oss120b-hip-perf-playbook-amd-clean,13.737262883892017,graded,,1.5286422700195128,4.0,4.0,1790282945348.0,hip,,,1.2467017547120678,graded,,oss120b
hpcagent-bench-runs/gpu-llr-focus40-20260915/639317/judge/rank-3/hpcagent_bench3.db,gpu-llr-focus40-oss120b-hip-skills-clean.n0.p19.w19,tsvc_2_s233,gpu-llr-focus40-oss120b-hip-skills-clean,143.52391234249217,graded,,132.11929077017817,4.0,4.0,1790282969369.0,hip,,,138.40377594159142,graded,,oss120b
hpcagent-bench-runs/gpu-llr-focus40-20260917/640558/judge/rank-1/hpcagent_bench1.db,gpu-llr-focus40-oss120b-hip-skills.n0.p5.w5,fuse_move_ifs,gpu-llr-focus40-oss120b-hip-skills,15.51191478693577,graded,,16.055354712802373,4.0,4.0,1790282981192.0,hip,,,16.21989185636607,graded,,oss120b
hpcagent-bench-runs/gpu-llr-focus40-20260915/639327/judge/rank-3/hpcagent_bench3.db,gpu-llr-focus40-kimi27sglang-hip-skills-clean.n0.p11.w11,tsvc_2_s115,gpu-llr-focus40-kimi27sglang-hip-skills-clean,3.1284974496454714,graded,,3.4450820056640943,4.0,4.0,1790282989818.0,hip,,,3.4995199599921163,graded,,kimi27sglang
hpcagent-bench-runs/gpu-llr-focus40-20260915/638687/judge/rank-0/hpcagent_bench0.db,gpu-llr-focus40-qwen38-hip-perf-playbook-amd.n0.p4.w4,fuse_diamond,gpu-llr-focus40-qwen38-hip-perf-playbook-amd,519.3271835533338,graded,,244.75662796335786,4.0,4.0,1790283026935.0,hip,,,580.8064655936786,graded,,qwen38
hpcagent-bench-runs/gpu-llr-focus40-20260915/638687/judge/rank-1/hpcagent_bench1.db,gpu-llr-focus40-qwen38-hip-perf-playbook-amd.n0.p25.w25,tsvc_2_s311,gpu-llr-focus40-qwen38-hip-perf-playbook-amd,263.7942864780921,graded,,240.583011218633,4.0,4.0,1790283037672.0,hip,,,221.2948477454401,graded,,qwen38
hpcagent-bench-runs/gpu-llr-focus40-20260915/639317/judge/rank-3/hpcagent_bench3.db,gpu-llr-focus40-oss120b-hip-skills-clean.n0.p27.w27,tsvc_2_s3111,gpu-llr-focus40-oss120b-hip-skills-clean,90.94094963457391,graded,,27.897915436068068,4.0,4.0,1790283073316.0,hip,,,26.208329234363642,graded,,oss120b
hpcagent-bench-runs/gpu-llr-focus40-20260915/638688/judge/rank-3/hpcagent_bench3.db,gpu-llr-focus40-oss120b-hip-perf-playbook-amd.n0.p35.w35,tsvc_2_vpvts,gpu-llr-focus40-oss120b-hip-perf-playbook-amd,8.878625361552754,graded,,9.301634891756969,4.0,4.0,1790283080948.0,hip,,,,,,oss120b
hpcagent-bench-runs/gpu-llr-focus40-20260915/639321/judge/rank-3/hpcagent_bench3.db,gpu-llr-focus40-oss120b-hip-perf-playbook-amd-clean.n0.p23.w23,tsvc_2_s2710,gpu-llr-focus40-oss120b-hip-perf-playbook-amd-clean,8.478212830457993,graded,,8.733396786024766,4.0,4.0,1790283091158.0,hip,,,8.246023525771449,graded,,oss120b
hpcagent-bench-runs/gpu-llr-focus40-20260915/638687/judge/rank-2/hpcagent_bench2.db,gpu-llr-focus40-qwen38-hip-perf-playbook-amd.n0.p14.w14,tsvc_2_s1244,gpu-llr-focus40-qwen38-hip-perf-playbook-amd,99.17619708002188,graded,,55.290811993162215,4.0,4.0,1790283107112.0,hip,,,53.744449619349844,graded,,qwen38
hpcagent-bench-runs/gpu-llr-focus40-20260915/639317/judge/rank-2/hpcagent_bench2.db,gpu-llr-focus40-oss120b-hip-skills-clean.n0.p2.w2,ext_break_capture,gpu-llr-focus40-oss120b-hip-skills-clean,71.87158945183785,graded,,55.488383123394364,4.0,4.0,1790283110555.0,hip,,,55.488383123394364,graded,,oss120b
hpcagent-bench-runs/gpu-llr-focus40-20260915/638688/judge/rank-0/hpcagent_bench0.db,gpu-llr-focus40-oss120b-hip-perf-playbook-amd.n0.p16.w16,tsvc_2_s2233,gpu-llr-focus40-oss120b-hip-perf-playbook-amd,129.60865491423115,graded,,140.33649435970355,4.0,4.0,1790283111765.0,hip,,,,,,oss120b
hpcagent-bench-runs/gpu-llr-focus40-20260915/639317/judge/rank-1/hpcagent_bench1.db,gpu-llr-focus40-oss120b-hip-skills-clean.n0.p13.w13,tsvc_2_s1232,gpu-llr-focus40-oss120b-hip-skills-clean,41.774346061593576,graded,,1.0,4.0,4.0,1790283118271.0,hip,,,158.51633367896963,graded,,oss120b
hpcagent-bench-runs/gpu-llr-focus40-20260915/639317/judge/rank-3/hpcagent_bench3.db,gpu-llr-focus40-oss120b-hip-skills-clean.n0.p3.w3,ext_war_unit,gpu-llr-focus40-oss120b-hip-skills-clean,17.929426104146184,graded,,1.2660819116080368,4.0,4.0,1790283133846.0,hip,,,1.2660819116080368,graded,,oss120b
hpcagent-bench-runs/gpu-llr-focus40-20260915/639317/judge/rank-1/hpcagent_bench1.db,gpu-llr-focus40-oss120b-hip-skills-clean.n0.p9.w9,scatter_accum_dup,gpu-llr-focus40-oss120b-hip-skills-clean,127.52941650171068,graded,,217.51360419072412,4.0,4.0,1790283144744.0,hip,,,217.51360419072412,graded,,oss120b
hpcagent-bench-runs/gpu-llr-focus40-20260915/639317/judge/rank-0/hpcagent_bench0.db,gpu-llr-focus40-oss120b-hip-skills-clean.n0.p12.w12,tsvc_2_s119,gpu-llr-focus40-oss120b-hip-skills-clean,15.124259724332664,graded,,9.085836992073043,4.0,4.0,1790283157902.0,hip,,,9.321467270566298,graded,,oss120b
hpcagent-bench-runs/gpu-llr-focus40-20260918/641670/judge/rank-1/hpcagent_bench1.db,gpu-llr-focus40-qwen38-hip-clean.n0.p1.w1,tsvc_2_s233,gpu-llr-focus40-qwen38-hip-clean,901.0835176798829,graded,,285.1398800293527,4.0,4.0,1790283179267.0,hip,,,780.7793926926549,graded,,qwen38
hpcagent-bench-runs/gpu-llr-focus40-20260917/640079/judge/rank-3/hpcagent_bench3.db,gpu-llr-focus40-oss120b-hip.n0.p11.w11,tsvc_2_s115,gpu-llr-focus40-oss120b-hip,3.2921357678317813,graded,,3.469086151521232,4.0,4.0,1790283212527.0,hip,,,3.220142815827763,graded,,oss120b
hpcagent-bench-runs/gpu-llr-focus40-20260918/641788/judge/rank-1/hpcagent_bench1.db,gpu-llr-focus40-kimi27sglang-hip-perf-playbook-amd-clean.n0.p5.w5,tsvc_2_s4112,gpu-llr-focus40-kimi27sglang-hip-perf-playbook-amd-clean,7.733076929794339,graded,,10.931105805685155,4.0,4.0,1790283235305.0,hip,,,,,,kimi27sglang
hpcagent-bench-runs/gpu-llr-focus40-20260915/639317/judge/rank-1/hpcagent_bench1.db,gpu-llr-focus40-oss120b-hip-skills-clean.n0.p5.w5,fuse_move_ifs,gpu-llr-focus40-oss120b-hip-skills-clean,17.239131125748496,graded,,21.91639880073684,4.0,4.0,1790283239947.0,hip,,,21.91639880073684,graded,,oss120b
hpcagent-bench-runs/gpu-llr-focus40-20260915/639322/judge/rank-0/hpcagent_bench0.db,gpu-llr-focus40-qwen38-hip-skills-clean.n0.p4.w4,fuse_diamond,gpu-llr-focus40-qwen38-hip-skills-clean,531.3341885045736,graded,,652.2573786254292,4.0,4.0,1790283254945.0,hip,,,652.2573786254292,graded,,qwen38
hpcagent-bench-runs/gpu-llr-focus40-20260918/641788/judge/rank-2/hpcagent_bench2.db,gpu-llr-focus40-kimi27sglang-hip-perf-playbook-amd-clean.n0.p2.w2,tsvc_2_s316,gpu-llr-focus40-kimi27sglang-hip-perf-playbook-amd-clean,276.0155865920261,graded,,174.03824939880943,4.0,4.0,1790283263211.0,hip,,,175.7241382014801,graded,,kimi27sglang
hpcagent-bench-runs/gpu-llr-focus40-20260915/639322/judge/rank-2/hpcagent_bench2.db,gpu-llr-focus40-qwen38-hip-skills-clean.n0.p14.w14,tsvc_2_s1244,gpu-llr-focus40-qwen38-hip-skills-clean,99.47370941921879,graded,,54.65329912280278,4.0,4.0,1790283304016.0,hip,,,56.11866076885601,graded,,qwen38
hpcagent-bench-runs/gpu-llr-focus40-20260918/641065/judge/rank-2/hpcagent_bench2.db,gpu-llr-focus40-qwen38-hip.n0.p2.w2,scatter_accum_dup,gpu-llr-focus40-qwen38-hip,128.12553691342288,graded,,224.7516872020004,4.0,4.0,1790283334906.0,hip,,,234.7163504021578,graded,,qwen38
hpcagent-bench-runs/gpu-llr-focus40-20260915/639325/judge/rank-2/hpcagent_bench2.db,gpu-llr-focus40-kimi27sglang-hip-clean.n0.p6.w6,fuse_stencil_through_transient,gpu-llr-focus40-kimi27sglang-hip-clean,,error,no cell produced a measurement,97.05716164466669,4.0,0.0,1790283347184.0,hip,,"ce.synchronize
  File ""cupy/cuda/device.pyx"", line 205, in cupy.cuda.device.Device.synchronize
  File ""cupy_backends/cuda/api/runtime.pyx"", line 424, in cupy_backends.cuda.api.runtime.deviceSynchronize
  File ""cupy_backends/cuda/api/runtime.pyx"", line 146, in cupy_backends.cuda.api.runtime.check_status
cupy_backends.cuda.api.runtime.CUDARuntimeError: cudaErrorMisalignedAddress: misaligned address
",97.05716164466669,graded,,kimi27sglang
hpcagent-bench-runs/gpu-llr-focus40-20260915/639325/judge/rank-0/hpcagent_bench0.db,gpu-llr-focus40-kimi27sglang-hip-clean.n0.p36.w36,tsvc_2_vtvtv,gpu-llr-focus40-kimi27sglang-hip-clean,9.106829299611654,graded,,10.496909599699888,4.0,4.0,1790283349524.0,hip,,,9.830432274742906,graded,,kimi27sglang
hpcagent-bench-runs/gpu-llr-focus40-20260917/640642/judge/rank-3/hpcagent_bench3.db,gpu-llr-focus40-qwen38-hip.n0.p3.w3,ext_war_unit,gpu-llr-focus40-qwen38-hip,48.243817882437234,graded,,0.08132575760543907,4.0,4.0,1790283354788.0,hip,,,27.532722066096092,graded,,qwen38
hpcagent-bench-runs/gpu-llr-focus40-20260917/640642/judge/rank-0/hpcagent_bench0.db,gpu-llr-focus40-qwen38-hip.n0.p12.w12,tsvc_2_s1232,gpu-llr-focus40-qwen38-hip,,graded,,1.0,4.0,0.0,1790283359783.0,hip,,,0.0,graded,,qwen38
hpcagent-bench-runs/gpu-llr-focus40-20260917/640642/judge/rank-3/hpcagent_bench3.db,gpu-llr-focus40-qwen38-hip.n0.p11.w11,tsvc_2_s119,gpu-llr-focus40-qwen38-hip,29.381304736203536,graded,,19.034182311490763,4.0,4.0,1790283362144.0,hip,,,18.237944719724407,graded,,qwen38
hpcagent-bench-runs/gpu-llr-focus40-20260915/639321/judge/rank-3/hpcagent_bench3.db,gpu-llr-focus40-oss120b-hip-perf-playbook-amd-clean.n0.p35.w35,tsvc_2_vpvts,gpu-llr-focus40-oss120b-hip-perf-playbook-amd-clean,8.888127192876746,graded,,9.428605223003773,4.0,4.0,1790283366240.0,hip,,,9.221162075536519,graded,,oss120b
hpcagent-bench-runs/gpu-llr-focus40-20260915/638687/judge/rank-3/hpcagent_bench3.db,gpu-llr-focus40-qwen38-hip-perf-playbook-amd.n0.p19.w19,tsvc_2_s233,gpu-llr-focus40-qwen38-hip-perf-playbook-amd,260.7289425528991,graded,,150.6308602304358,4.0,4.0,1790283390600.0,hip,,,140.33278149343636,graded,,qwen38
hpcagent-bench-runs/gpu-llr-focus40-20260917/640558/judge/rank-3/hpcagent_bench3.db,gpu-llr-focus40-oss120b-hip-skills.n0.p23.w23,tsvc_2_s2710,gpu-llr-focus40-oss120b-hip-skills,9.16847662807584,graded,,8.831049647392454,4.0,4.0,1790283390769.0,hip,,,8.509534418823726,graded,,oss120b
hpcagent-bench-runs/gpu-llr-focus40-20260915/639321/judge/rank-0/hpcagent_bench0.db,gpu-llr-focus40-oss120b-hip-perf-playbook-amd-clean.n0.p16.w16,tsvc_2_s2233,gpu-llr-focus40-oss120b-hip-perf-playbook-amd-clean,380.6340853482035,graded,,156.87165609987065,4.0,4.0,1790283395114.0,hip,,,154.22893532268344,graded,,oss120b
hpcagent-bench-runs/gpu-llr-focus40-20260915/639315/judge/rank-3/hpcagent_bench3.db,gpu-llr-focus40-oss120b-hip-clean.n0.p11.w11,tsvc_2_s115,gpu-llr-focus40-oss120b-hip-clean,2.656189022128004,graded,,3.068288895762865,4.0,4.0,1790283442745.0,hip,,,3.068288895762865,graded,,oss120b
hpcagent-bench-runs/gpu-llr-focus40-20260917/640079/judge/rank-3/hpcagent_bench3.db,gpu-llr-focus40-oss120b-hip.n0.p7.w7,quasi_affine_reduce_odd,gpu-llr-focus40-oss120b-hip,90.09352965929523,graded,,23.27889937961926,4.0,4.0,1790283477626.0,hip,,,23.27889937961926,graded,,oss120b
hpcagent-bench-runs/gpu-llr-focus40-20260917/640642/judge/rank-0/hpcagent_bench0.db,gpu-llr-focus40-qwen38-hip.n0.p4.w4,fuse_move_ifs,gpu-llr-focus40-qwen38-hip,19.14691153721231,graded,,21.93930696408046,4.0,4.0,1790283497716.0,hip,,,20.8105177683867,graded,,qwen38
hpcagent-bench-runs/gpu-llr-focus40-20260918/641703/judge/rank-0/hpcagent_bench0.db,gpu-llr-focus40-kimi27sglang-hip-clean.n0.p0.w0,tsvc_2_s252,gpu-llr-focus40-kimi27sglang-hip-clean,115.59724467711409,graded,,56.24794659964671,4.0,4.0,1790283506123.0,hip,,,58.678062353152775,graded,,kimi27sglang
hpcagent-bench-runs/gpu-llr-focus40-20260915/639322/judge/rank-1/hpcagent_bench1.db,gpu-llr-focus40-qwen38-hip-skills-clean.n0.p9.w9,scatter_accum_dup,gpu-llr-focus40-qwen38-hip-skills-clean,128.8148626911383,graded,,231.51844864275037,4.0,4.0,1790283519738.0,hip,,,258.4094680841518,graded,,qwen38
hpcagent-bench-runs/gpu-llr-focus40-20260917/640079/judge/rank-1/hpcagent_bench1.db,gpu-llr-focus40-oss120b-hip.n0.p29.w29,tsvc_2_s316,gpu-llr-focus40-oss120b-hip,273.0476708988998,graded,,160.7069233634631,4.0,4.0,1790283537138.0,hip,,,167.4403242233007,graded,,oss120b
hpcagent-bench-runs/gpu-llr-focus40-20260915/639331/judge/rank-2/hpcagent_bench2.db,gpu-llr-focus40-kimi27sglang-hip-perf-playbook-amd-clean.n0.p6.w6,fuse_stencil_through_transient,gpu-llr-focus40-kimi27sglang-hip-perf-playbook-amd-clean,123.5908838560219,graded,,85.91165517686713,4.0,4.0,1790283560369.0,hip,,,87.04793310433682,graded,,kimi27sglang
hpcagent-bench-runs/gpu-llr-focus40-20260915/638687/judge/rank-0/hpcagent_bench0.db,gpu-llr-focus40-qwen38-hip-perf-playbook-amd.n0.p12.w12,tsvc_2_s119,gpu-llr-focus40-qwen38-hip-perf-playbook-amd,10.077494701675715,graded,,4.232576406579459,4.0,4.0,1790283577389.0,hip,,,,,,qwen38
hpcagent-bench-runs/gpu-llr-focus40-20260915/638687/judge/rank-3/hpcagent_bench3.db,gpu-llr-focus40-qwen38-hip-perf-playbook-amd.n0.p3.w3,ext_war_unit,gpu-llr-focus40-qwen38-hip-perf-playbook-amd,57.733203394893536,graded,,27.686724227868112,4.0,4.0,1790283578309.0,hip,,,40.12690079958114,graded,,qwen38
hpcagent-bench-runs/gpu-llr-focus40-20260915/639239/judge/rank-1/hpcagent_bench1.db,gpu-llr-focus40-qwen38-hip-clean.n0.p13.w13,tsvc_2_s1232,gpu-llr-focus40-qwen38-hip-clean,,graded,,1.0,4.0,0.0,1790283584972.0,hip,,,0.0,graded,,qwen38
hpcagent-bench-runs/gpu-llr-focus40-20260915/639331/judge/rank-0/hpcagent_bench0.db,gpu-llr-focus40-kimi27sglang-hip-perf-playbook-amd-clean.n0.p24.w24,tsvc_2_s275,gpu-llr-focus40-kimi27sglang-hip-perf-playbook-amd-clean,10.762865683121275,graded,,6.139619836902408,4.0,4.0,1790283602814.0,hip,,,7.638094821636634,graded,,kimi27sglang
hpcagent-bench-runs/gpu-llr-focus40-20260915/639331/judge/rank-0/hpcagent_bench0.db,gpu-llr-focus40-kimi27sglang-hip-perf-playbook-amd-clean.n0.p36.w36,tsvc_2_vtvtv,gpu-llr-focus40-kimi27sglang-hip-perf-playbook-amd-clean,9.300819535615734,graded,,9.77234079226473,4.0,4.0,1790283609676.0,hip,,,10.588859646783298,graded,,kimi27sglang
hpcagent-bench-runs/gpu-llr-focus40-20260915/639327/judge/rank-1/hpcagent_bench1.db,gpu-llr-focus40-kimi27sglang-hip-skills-clean.n0.p33.w33,tsvc_2_s4112,gpu-llr-focus40-kimi27sglang-hip-skills-clean,7.877413378754035,graded,,11.285413660706915,4.0,4.0,1790283612700.0,hip,,,12.041070957599473,graded,,kimi27sglang
hpcagent-bench-runs/gpu-llr-focus40-20260917/640558/judge/rank-3/hpcagent_bench3.db,gpu-llr-focus40-oss120b-hip-skills.n0.p35.w35,tsvc_2_vpvts,gpu-llr-focus40-oss120b-hip-skills,8.755097517468345,graded,,10.303283049039818,4.0,4.0,1790283646021.0,hip,,,9.137741547562552,graded,,oss120b
hpcagent-bench-runs/gpu-llr-focus40-20260915/638688/judge/rank-3/hpcagent_bench3.db,gpu-llr-focus40-oss120b-hip-perf-playbook-amd.n0.p11.w11,tsvc_2_s115,gpu-llr-focus40-oss120b-hip-perf-playbook-amd,3.1032971735087096,graded,,2.7527959624428058,4.0,4.0,1790283676782.0,hip,,,,,,oss120b
hpcagent-bench-runs/gpu-llr-focus40-20260918/641787/judge/rank-1/hpcagent_bench1.db,gpu-llr-focus40-kimi27sglang-hip-perf-playbook-amd-clean.n0.p1.w1,tsvc_2_s252,gpu-llr-focus40-kimi27sglang-hip-perf-playbook-amd-clean,111.66825443330727,graded,,64.17936252174027,4.0,4.0,1790283685172.0,hip,,,55.418902439160604,graded,,kimi27sglang
hpcagent-bench-runs/gpu-llr-focus40-20260915/639317/judge/rank-0/hpcagent_bench0.db,gpu-llr-focus40-oss120b-hip-skills-clean.n0.p16.w16,tsvc_2_s2233,gpu-llr-focus40-oss120b-hip-skills-clean,171.87959927375422,graded,,154.57151631919706,4.0,4.0,1790283686490.0,hip,,,157.2795470641363,graded,,oss120b
hpcagent-bench-runs/gpu-llr-focus40-20260915/639317/judge/rank-3/hpcagent_bench3.db,gpu-llr-focus40-oss120b-hip-skills-clean.n0.p23.w23,tsvc_2_s2710,gpu-llr-focus40-oss120b-hip-skills-clean,8.777186946953535,graded,,9.027034918305224,4.0,4.0,1790283695053.0,hip,,,9.027034918305224,graded,,oss120b
hpcagent-bench-runs/gpu-llr-focus40-20260917/640079/judge/rank-3/hpcagent_bench3.db,gpu-llr-focus40-oss120b-hip.n0.p15.w15,tsvc_2_s152,gpu-llr-focus40-oss120b-hip,76.97719009103098,graded,,39.738338951037626,4.0,4.0,1790283719257.0,hip,,,39.738338951037626,graded,,oss120b
hpcagent-bench-runs/gpu-llr-focus40-20260915/639315/judge/rank-3/hpcagent_bench3.db,gpu-llr-focus40-oss120b-hip-clean.n0.p7.w7,quasi_affine_reduce_odd,gpu-llr-focus40-oss120b-hip-clean,59.87207783930648,graded,,23.074085281067877,4.0,4.0,1790283742154.0,hip,,,23.074085281067877,graded,,oss120b
hpcagent-bench-runs/gpu-llr-focus40-20260915/639239/judge/rank-1/hpcagent_bench1.db,gpu-llr-focus40-qwen38-hip-clean.n0.p5.w5,fuse_move_ifs,gpu-llr-focus40-qwen38-hip-clean,19.393032424159102,graded,,54.329800468572806,4.0,4.0,1790283755577.0,hip,,,54.329800468572806,graded,,qwen38
hpcagent-bench-runs/gpu-llr-focus40-20260918/641692/judge/rank-0/hpcagent_bench0.db,gpu-llr-focus40-qwen38-hip-skills-clean.n0.p4.w4,tsvc_2_s119,gpu-llr-focus40-qwen38-hip-skills-clean,37.534260232148085,graded,,55.333601321741206,4.0,4.0,1790283790931.0,hip,,,58.86935952465625,graded,,qwen38
hpcagent-bench-runs/gpu-llr-focus40-20260915/639322/judge/rank-3/hpcagent_bench3.db,gpu-llr-focus40-qwen38-hip-skills-clean.n0.p3.w3,ext_war_unit,gpu-llr-focus40-qwen38-hip-skills-clean,88.26617231033596,graded,,47.9206313770636,4.0,4.0,1790283801051.0,hip,,,47.9206313770636,graded,,qwen38
hpcagent-bench-runs/gpu-llr-focus40-20260915/639315/judge/rank-1/hpcagent_bench1.db,gpu-llr-focus40-oss120b-hip-clean.n0.p29.w29,tsvc_2_s316,gpu-llr-focus40-oss120b-hip-clean,72.81455577157804,graded,,85.74190826957869,4.0,4.0,1790283811105.0,hip,,,85.74190826957869,graded,,oss120b
hpcagent-bench-runs/gpu-llr-focus40-20260915/638687/judge/rank-1/hpcagent_bench1.db,gpu-llr-focus40-qwen38-hip-perf-playbook-amd.n0.p13.w13,tsvc_2_s1232,gpu-llr-focus40-qwen38-hip-perf-playbook-amd,,graded,,1072.1416706068292,4.0,0.0,1790283821198.0,hip,,,,graded,,qwen38
hpcagent-bench-runs/gpu-llr-focus40-20260917/640079/judge/rank-2/hpcagent_bench2.db,gpu-llr-focus40-oss120b-hip.n0.p6.w6,fuse_stencil_through_transient,gpu-llr-focus40-oss120b-hip,141.27732687555783,graded,,88.02817975414219,4.0,4.0,1790283851549.0,hip,,,85.62675169499244,graded,,oss120b
hpcagent-bench-runs/gpu-llr-focus40-20260915/639327/judge/rank-0/hpcagent_bench0.db,gpu-llr-focus40-kimi27sglang-hip-skills-clean.n0.p24.w24,tsvc_2_s275,gpu-llr-focus40-kimi27sglang-hip-skills-clean,15.555715981315014,graded,,18.128903177468313,4.0,4.0,1790283868878.0,hip,,,17.717097476706822,graded,,kimi27sglang
hpcagent-bench-runs/gpu-llr-focus40-20260915/639327/judge/rank-1/hpcagent_bench1.db,gpu-llr-focus40-kimi27sglang-hip-skills-clean.n0.p21.w21,tsvc_2_s252,gpu-llr-focus40-kimi27sglang-hip-skills-clean,114.23189970125132,graded,,56.63981164558059,4.0,4.0,1790283869315.0,hip,,,56.917351661242826,graded,,kimi27sglang
hpcagent-bench-runs/gpu-llr-focus40-20260915/639327/judge/rank-0/hpcagent_bench0.db,gpu-llr-focus40-kimi27sglang-hip-skills-clean.n0.p36.w36,tsvc_2_vtvtv,gpu-llr-focus40-kimi27sglang-hip-skills-clean,9.188110624580554,graded,,10.246892260302563,4.0,4.0,1790283870400.0,hip,,,10.246892260302563,graded,,kimi27sglang
hpcagent-bench-runs/gpu-llr-focus40-20260915/639321/judge/rank-3/hpcagent_bench3.db,gpu-llr-focus40-oss120b-hip-perf-playbook-amd-clean.n0.p11.w11,tsvc_2_s115,gpu-llr-focus40-oss120b-hip-perf-playbook-amd-clean,3.1790601673354284,graded,,2.8551268506157514,4.0,4.0,1790283902708.0,hip,,,3.2531988748017007,graded,,oss120b
hpcagent-bench-runs/gpu-llr-focus40-20260915/639317/judge/rank-3/hpcagent_bench3.db,gpu-llr-focus40-oss120b-hip-skills-clean.n0.p35.w35,tsvc_2_vpvts,gpu-llr-focus40-oss120b-hip-skills-clean,4.8986378943369955,graded,,9.92127005095448,4.0,4.0,1790283926189.0,hip,,,9.92127005095448,graded,,oss120b
hpcagent-bench-runs/gpu-llr-focus40-20260918/641065/judge/rank-0/hpcagent_bench0.db,gpu-llr-focus40-qwen38-hip.n0.p4.w4,tsvc_2_s2233,gpu-llr-focus40-qwen38-hip,373.2333982355873,graded,,151.14355737364832,4.0,4.0,1790283968299.0,hip,,,,graded,,qwen38
hpcagent-bench-runs/gpu-llr-focus40-20260917/640079/judge/rank-1/hpcagent_bench1.db,gpu-llr-focus40-oss120b-hip.n0.p33.w33,tsvc_2_s4112,gpu-llr-focus40-oss120b-hip,7.929278880043623,graded,,12.200935553342493,4.0,4.0,1790283989685.0,hip,,,12.174628189604368,graded,,oss120b
hpcagent-bench-runs/gpu-llr-focus40-20260915/639239/judge/rank-3/hpcagent_bench3.db,gpu-llr-focus40-qwen38-hip-clean.n0.p23.w23,tsvc_2_s2710,gpu-llr-focus40-qwen38-hip-clean,9.212341834618892,graded,,8.70303972563698,4.0,4.0,1790283998105.0,hip,,,8.70303972563698,graded,,qwen38
hpcagent-bench-runs/gpu-llr-focus40-20260915/638688/judge/rank-3/hpcagent_bench3.db,gpu-llr-focus40-oss120b-hip-perf-playbook-amd.n0.p7.w7,quasi_affine_reduce_odd,gpu-llr-focus40-oss120b-hip-perf-playbook-amd,88.35899460045351,graded,,23.055297600058253,4.0,4.0,1790283999781.0,hip,,,,,,oss120b
hpcagent-bench-runs/gpu-llr-focus40-20260915/639315/judge/rank-3/hpcagent_bench3.db,gpu-llr-focus40-oss120b-hip-clean.n0.p15.w15,tsvc_2_s152,gpu-llr-focus40-oss120b-hip-clean,75.63948404511879,graded,,41.177586809330464,4.0,4.0,1790284001816.0,hip,,,41.177586809330464,graded,,oss120b
hpcagent-bench-runs/gpu-llr-focus40-20260915/639325/judge/rank-2/hpcagent_bench2.db,gpu-llr-focus40-kimi27sglang-hip-clean.n0.p18.w18,tsvc_2_s231,gpu-llr-focus40-kimi27sglang-hip-clean,12.407433425225804,graded,,24.205606010453888,4.0,4.0,1790284006127.0,hip,,,21.63981844338298,graded,,kimi27sglang
hpcagent-bench-runs/gpu-llr-focus40-20260915/638687/judge/rank-1/hpcagent_bench1.db,gpu-llr-focus40-qwen38-hip-perf-playbook-amd.n0.p5.w5,fuse_move_ifs,gpu-llr-focus40-qwen38-hip-perf-playbook-amd,19.34787529494782,graded,,52.35608133519303,4.0,4.0,1790284015376.0,hip,,,,,,qwen38
hpcagent-bench-runs/gpu-llr-focus40-20260915/639325/judge/rank-2/hpcagent_bench2.db,gpu-llr-focus40-kimi27sglang-hip-clean.n0.p26.w26,tsvc_2_s3110,gpu-llr-focus40-kimi27sglang-hip-clean,234.2524468990992,graded,,208.2471905057638,4.0,4.0,1790284021625.0,hip,,,209.2054982214748,graded,,kimi27sglang
hpcagent-bench-runs/gpu-llr-focus40-20260917/640079/judge/rank-1/hpcagent_bench1.db,gpu-llr-focus40-oss120b-hip.n0.p21.w21,tsvc_2_s252,gpu-llr-focus40-oss120b-hip,116.53894659587651,graded,,54.19156923960163,4.0,4.0,1790284054155.0,hip,,,54.19156923960163,graded,,oss120b
hpcagent-bench-runs/gpu-llr-focus40-20260915/639322/judge/rank-1/hpcagent_bench1.db,gpu-llr-focus40-qwen38-hip-skills-clean.n0.p13.w13,tsvc_2_s1232,gpu-llr-focus40-qwen38-hip-skills-clean,,graded,,1.0,4.0,0.0,1790284061301.0,hip,,,,graded,,qwen38
hpcagent-bench-runs/gpu-llr-focus40-20260915/638688/judge/rank-1/hpcagent_bench1.db,gpu-llr-focus40-oss120b-hip-perf-playbook-amd.n0.p29.w29,tsvc_2_s316,gpu-llr-focus40-oss120b-hip-perf-playbook-amd,180.8205051754164,graded,,4.10995286821651,4.0,4.0,1790284083099.0,hip,,,,,,oss120b
hpcagent-bench-runs/gpu-llr-focus40-20260915/639317/judge/rank-3/hpcagent_bench3.db,gpu-llr-focus40-oss120b-hip-skills-clean.n0.p11.w11,tsvc_2_s115,gpu-llr-focus40-oss120b-hip-skills-clean,3.1804861442931514,graded,,3.2046328636415193,4.0,4.0,1790284130628.0,hip,,,3.157857232562869,graded,,oss120b
hpcagent-bench-runs/gpu-llr-focus40-20260917/640079/judge/rank-0/hpcagent_bench0.db,gpu-llr-focus40-oss120b-hip.n0.p24.w24,tsvc_2_s275,gpu-llr-focus40-oss120b-hip,8.07345982626699,graded,,6.637970593424561,4.0,4.0,1790284135427.0,hip,,,7.365957280765161,graded,,oss120b
hpcagent-bench-runs/gpu-llr-focus40-20260917/640079/judge/rank-0/hpcagent_bench0.db,gpu-llr-focus40-oss120b-hip.n0.p36.w36,tsvc_2_vtvtv,gpu-llr-focus40-oss120b-hip,9.213137725695292,graded,,11.008703642482928,4.0,4.0,1790284137140.0,hip,,,11.008703642482928,graded,,oss120b
hpcagent-bench-runs/gpu-llr-focus40-20260915/639315/judge/rank-2/hpcagent_bench2.db,gpu-llr-focus40-oss120b-hip-clean.n0.p6.w6,fuse_stencil_through_transient,gpu-llr-focus40-oss120b-hip-clean,135.92551966358388,graded,,81.40271955627196,4.0,4.0,1790284142360.0,hip,,,81.40271955627196,graded,,oss120b
hpcagent-bench-runs/gpu-llr-focus40-20260915/639327/judge/rank-2/hpcagent_bench2.db,gpu-llr-focus40-kimi27sglang-hip-skills-clean.n0.p18.w18,tsvc_2_s231,gpu-llr-focus40-kimi27sglang-hip-skills-clean,12.288918414277523,graded,,13.070856033594238,4.0,4.0,1790284192927.0,hip,,,11.631228485936083,graded,,kimi27sglang
hpcagent-bench-runs/gpu-llr-focus40-20260917/640642/judge/rank-3/hpcagent_bench3.db,gpu-llr-focus40-qwen38-hip.n0.p31.w31,tsvc_2_vpvts,gpu-llr-focus40-qwen38-hip,9.048432815833591,graded,,9.400820665192168,4.0,4.0,1790284205211.0,hip,,,9.54731146160674,graded,,qwen38
hpcagent-bench-runs/gpu-llr-focus40-20260915/639315/judge/rank-1/hpcagent_bench1.db,gpu-llr-focus40-oss120b-hip-clean.n0.p21.w21,tsvc_2_s252,gpu-llr-focus40-oss120b-hip-clean,117.12108244243716,graded,,56.33818524528462,4.0,4.0,1790284237600.0,hip,,,56.33818524528462,graded,,oss120b
hpcagent-bench-runs/gpu-llr-focus40-20260915/638687/judge/rank-0/hpcagent_bench0.db,gpu-llr-focus40-qwen38-hip-perf-playbook-amd.n0.p16.w16,tsvc_2_s2233,gpu-llr-focus40-qwen38-hip-perf-playbook-amd,776.2686277754023,graded,,767.5319246736651,4.0,4.0,1790284251855.0,hip,,,,,,qwen38
hpcagent-bench-runs/gpu-llr-focus40-20260915/639321/judge/rank-3/hpcagent_bench3.db,gpu-llr-focus40-oss120b-hip-perf-playbook-amd-clean.n0.p7.w7,quasi_affine_reduce_odd,gpu-llr-focus40-oss120b-hip-perf-playbook-amd-clean,5.922885907574802,graded,,66.97686296564568,4.0,4.0,1790284260239.0,hip,,,70.300233856815,graded,,oss120b
hpcagent-bench-runs/gpu-llr-focus40-20260917/640079/judge/rank-2/hpcagent_bench2.db,gpu-llr-focus40-oss120b-hip.n0.p26.w26,tsvc_2_s3110,gpu-llr-focus40-oss120b-hip,,error,no cell produced a measurement,222.02052614727333,4.0,0.0,1790284268703.0,hip,,"native call failed: native call crashed (exit -11, signal SIGSEGV)",223.6665874413406,graded,,oss120b
hpcagent-bench-runs/gpu-llr-focus40-20260918/641692/judge/rank-2/hpcagent_bench2.db,gpu-llr-focus40-qwen38-hip-skills-clean.n0.p2.w2,fuse_move_ifs,gpu-llr-focus40-qwen38-hip-skills-clean,25.197317126224547,graded,,59.90033366053533,4.0,4.0,1790284272276.0,hip,,,24.632428824199444,graded,,qwen38
hpcagent-bench-runs/gpu-llr-focus40-20260915/638688/judge/rank-3/hpcagent_bench3.db,gpu-llr-focus40-oss120b-hip-perf-playbook-amd.n0.p15.w15,tsvc_2_s152,gpu-llr-focus40-oss120b-hip-perf-playbook-amd,77.2884657434418,graded,,37.74868016163121,4.0,4.0,1790284289205.0,hip,,,,,,oss120b
hpcagent-bench-runs/gpu-llr-focus40-20260911/632995/judge/rank-3/hpcagent_bench3.db,gpu-llr-focus40-qwen38-hip-skills.n0.p3.w3,tsvc_2_s2710,gpu-llr-focus40-qwen38-hip-skills,8.798014773507377,graded,,8.76446320307185,4.0,4.0,1790284298061.0,hip,,,8.76446320307185,graded,,qwen38
hpcagent-bench-runs/gpu-llr-focus40-20260915/639325/judge/rank-0/hpcagent_bench0.db,gpu-llr-focus40-kimi27sglang-hip-clean.n0.p20.w20,tsvc_2_s235,gpu-llr-focus40-kimi27sglang-hip-clean,4.4937332394732525,graded,,5.565377954480896,4.0,4.0,1790284300146.0,hip,,,5.565377954480896,graded,,kimi27sglang
hpcagent-bench-runs/gpu-llr-focus40-20260915/638687/judge/rank-1/hpcagent_bench1.db,gpu-llr-focus40-qwen38-hip-perf-playbook-amd.n0.p29.w29,tsvc_2_s316,gpu-llr-focus40-qwen38-hip-perf-playbook-amd,,graded,,170.25153323648632,4.0,0.0,1790284357741.0,hip,,,,,,qwen38
hpcagent-bench-runs/gpu-llr-focus40-20260918/641670/judge/rank-0/hpcagent_bench0.db,gpu-llr-focus40-qwen38-hip-clean.n0.p0.w0,tsvc_2_s115,gpu-llr-focus40-qwen38-hip-clean,1.467593260672648,graded,,1.3485868162721415,4.0,4.0,1790284358544.0,hip,,,1.331974850382166,graded,,qwen38
hpcagent-bench-runs/gpu-llr-focus40-20260917/640079/judge/rank-2/hpcagent_bench2.db,gpu-llr-focus40-oss120b-hip.n0.p18.w18,tsvc_2_s231,gpu-llr-focus40-oss120b-hip,11.606628004975882,graded,,5.402792080333559,4.0,4.0,1790284373481.0,hip,,,4.81865608239531,graded,,oss120b
hpcagent-bench-runs/gpu-llr-focus40-20260915/639315/judge/rank-1/hpcagent_bench1.db,gpu-llr-focus40-oss120b-hip-clean.n0.p33.w33,tsvc_2_s4112,gpu-llr-focus40-oss120b-hip-clean,7.728649770922126,graded,,12.027249649094697,4.0,4.0,1790284378301.0,hip,,,12.027249649094697,graded,,oss120b
hpcagent-bench-runs/gpu-llr-focus40-20260915/639315/judge/rank-0/hpcagent_bench0.db,gpu-llr-focus40-oss120b-hip-clean.n0.p24.w24,tsvc_2_s275,gpu-llr-focus40-oss120b-hip-clean,6.54729062641492,graded,,6.765957240682979,4.0,4.0,1790284403382.0,hip,,,6.765957240682979,graded,,oss120b
hpcagent-bench-runs/gpu-llr-focus40-20260915/639315/judge/rank-0/hpcagent_bench0.db,gpu-llr-focus40-oss120b-hip-clean.n0.p36.w36,tsvc_2_vtvtv,gpu-llr-focus40-oss120b-hip-clean,9.081946804357738,graded,,10.148703142426445,4.0,4.0,1790284405156.0,hip,,,10.148703142426445,graded,,oss120b
hpcagent-bench-runs/gpu-llr-focus40-20260915/638688/judge/rank-1/hpcagent_bench1.db,gpu-llr-focus40-oss120b-hip-perf-playbook-amd.n0.p21.w21,tsvc_2_s252,gpu-llr-focus40-oss120b-hip-perf-playbook-amd,117.63852638044366,graded,,59.88590092437822,4.0,4.0,1790284419793.0,hip,,,,,,oss120b
hpcagent-bench-runs/gpu-llr-focus40-20260915/638688/judge/rank-2/hpcagent_bench2.db,gpu-llr-focus40-oss120b-hip-perf-playbook-amd.n0.p6.w6,fuse_stencil_through_transient,gpu-llr-focus40-oss120b-hip-perf-playbook-amd,142.84454879379976,graded,,82.92631159469903,4.0,4.0,1790284431411.0,hip,,,,,,oss120b
hpcagent-bench-runs/gpu-llr-focus40-20260915/639315/judge/rank-2/hpcagent_bench2.db,gpu-llr-focus40-oss120b-hip-clean.n0.p26.w26,tsvc_2_s3110,gpu-llr-focus40-oss120b-hip-clean,394.61763077128876,graded,,228.07724272540824,4.0,4.0,1790284459886.0,hip,,,228.07724272540824,graded,,oss120b
hpcagent-bench-runs/gpu-llr-focus40-20260915/639239/judge/rank-3/hpcagent_bench3.db,gpu-llr-focus40-qwen38-hip-clean.n0.p35.w35,tsvc_2_vpvts,gpu-llr-focus40-qwen38-hip-clean,8.574229594361743,graded,,9.218569706772017,4.0,4.0,1790284481099.0,hip,,,9.218569706772017,graded,,qwen38
hpcagent-bench-runs/gpu-llr-focus40-20260918/641787/judge/rank-0/hpcagent_bench0.db,gpu-llr-focus40-kimi27sglang-hip-perf-playbook-amd-clean.n0.p0.w0,tsvc_2_s235,gpu-llr-focus40-kimi27sglang-hip-perf-playbook-amd-clean,18.33865018404021,graded,,36.8891176065086,4.0,4.0,1790284502400.0,hip,,,,,,kimi27sglang
hpcagent-bench-runs/gpu-llr-focus40-20260915/639317/judge/rank-3/hpcagent_bench3.db,gpu-llr-focus40-oss120b-hip-skills-clean.n0.p7.w7,quasi_affine_reduce_odd,gpu-llr-focus40-oss120b-hip-skills-clean,91.99414544613562,graded,,23.027613054429338,4.0,4.0,1790284525980.0,hip,,,23.027613054429338,graded,,oss120b
hpcagent-bench-runs/gpu-llr-focus40-20260915/639325/judge/rank-3/hpcagent_bench3.db,gpu-llr-focus40-kimi27sglang-hip-clean.n0.p31.w31,tsvc_2_s319,gpu-llr-focus40-kimi27sglang-hip-clean,118.54881740870414,graded,,102.8202623415725,4.0,4.0,1790284527829.0,hip,,,102.30198690397363,graded,,kimi27sglang
hpcagent-bench-runs/gpu-llr-focus40-20260915/639322/judge/rank-0/hpcagent_bench0.db,gpu-llr-focus40-qwen38-hip-skills-clean.n0.p16.w16,tsvc_2_s2233,gpu-llr-focus40-qwen38-hip-skills-clean,277.0812782545813,graded,,311.4590322441359,4.0,4.0,1790284530864.0,hip,,,311.4590322441359,graded,,qwen38
hpcagent-bench-runs/gpu-llr-focus40-20260915/639315/judge/rank-2/hpcagent_bench2.db,gpu-llr-focus40-oss120b-hip-clean.n0.p18.w18,tsvc_2_s231,gpu-llr-focus40-oss120b-hip-clean,4.706801316703587,graded,,4.8567219362120015,4.0,4.0,1790284551372.0,hip,,,4.8567219362120015,graded,,oss120b
hpcagent-bench-runs/gpu-llr-focus40-20260915/639317/judge/rank-3/hpcagent_bench3.db,gpu-llr-focus40-oss120b-hip-skills-clean.n0.p15.w15,tsvc_2_s152,gpu-llr-focus40-oss120b-hip-skills-clean,77.37131981156766,graded,,37.263017982288034,4.0,4.0,1790284578649.0,hip,,,38.16026771937459,graded,,oss120b
hpcagent-bench-runs/gpu-llr-focus40-20260915/639331/judge/rank-1/hpcagent_bench1.db,gpu-llr-focus40-kimi27sglang-hip-perf-playbook-amd-clean.n0.p17.w17,tsvc_2_s2275,gpu-llr-focus40-kimi27sglang-hip-perf-playbook-amd-clean,36.94888886363765,graded,,24.688072839769486,4.0,4.0,1790284585729.0,hip,,,32.108653818507925,graded,,kimi27sglang
hpcagent-bench-runs/gpu-llr-focus40-20260915/639321/judge/rank-1/hpcagent_bench1.db,gpu-llr-focus40-oss120b-hip-perf-playbook-amd-clean.n0.p21.w21,tsvc_2_s252,gpu-llr-focus40-oss120b-hip-perf-playbook-amd-clean,117.12089473146125,graded,,53.5634194486925,4.0,4.0,1790284601742.0,hip,,,57.89649880102215,graded,,oss120b
hpcagent-bench-runs/gpu-llr-focus40-20260915/639325/judge/rank-2/hpcagent_bench2.db,gpu-llr-focus40-kimi27sglang-hip-clean.n0.p34.w34,tsvc_2_vag,gpu-llr-focus40-kimi27sglang-hip-clean,7.375435520850262,graded,,12.786718642082148,4.0,4.0,1790284602284.0,hip,,,12.49496330663687,graded,,kimi27sglang
hpcagent-bench-runs/gpu-llr-focus40-20260915/639317/judge/rank-1/hpcagent_bench1.db,gpu-llr-focus40-oss120b-hip-skills-clean.n0.p29.w29,tsvc_2_s316,gpu-llr-focus40-oss120b-hip-skills,,graded,,0.381540127542284,4.0,0.0,1790284637238.0,hip,,,,graded,,oss120b
hpcagent-bench-runs/gpu-llr-focus40-20260915/638688/judge/rank-0/hpcagent_bench0.db,gpu-llr-focus40-oss120b-hip-perf-playbook-amd.n0.p24.w24,tsvc_2_s275,gpu-llr-focus40-oss120b-hip-perf-playbook-amd,6.588069290834038,graded,,6.389314000411163,4.0,4.0,1790284663167.0,hip,,,,,,oss120b
hpcagent-bench-runs/gpu-llr-focus40-20260915/638688/judge/rank-0/hpcagent_bench0.db,gpu-llr-focus40-oss120b-hip-perf-playbook-amd.n0.p36.w36,tsvc_2_vtvtv,gpu-llr-focus40-oss120b-hip-perf-playbook-amd,9.042781287728252,graded,,10.168948427614763,4.0,4.0,1790284666932.0,hip,,,,,,oss120b
hpcagent-bench-runs/gpu-llr-focus40-20260915/639327/judge/rank-0/hpcagent_bench0.db,gpu-llr-focus40-kimi27sglang-hip-skills-clean.n0.p20.w20,tsvc_2_s235,gpu-llr-focus40-kimi27sglang-hip-skills-clean,11.76157224914313,graded,,5.60417483586147,4.0,4.0,1790284701124.0,hip,,,5.205981488036774,graded,,kimi27sglang
hpcagent-bench-runs/gpu-llr-focus40-20260915/638688/judge/rank-2/hpcagent_bench2.db,gpu-llr-focus40-oss120b-hip-perf-playbook-amd.n0.p26.w26,tsvc_2_s3110,gpu-llr-focus40-oss120b-hip-perf-playbook-amd,459.5590656654864,graded,,232.47159218838678,4.0,4.0,1790284707153.0,hip,,,,,,oss120b
hpcagent-bench-runs/gpu-llr-focus40-20260915/639321/judge/rank-2/hpcagent_bench2.db,gpu-llr-focus40-oss120b-hip-perf-playbook-amd-clean.n0.p6.w6,fuse_stencil_through_transient,gpu-llr-focus40-oss120b-hip-perf-playbook-amd-clean,135.73224765858419,graded,,82.17668416596804,4.0,4.0,1790284725589.0,hip,,,82.30931378574614,graded,,oss120b
hpcagent-bench-runs/gpu-llr-focus40-20260915/638688/judge/rank-2/hpcagent_bench2.db,gpu-llr-focus40-oss120b-hip-perf-playbook-amd.n0.p18.w18,tsvc_2_s231,gpu-llr-focus40-oss120b-hip-perf-playbook-amd,11.758217646299297,graded,,15.082855287461198,4.0,4.0,1790284734975.0,hip,,,,,,oss120b
hpcagent-bench-runs/gpu-llr-focus40-20260915/638687/judge/rank-3/hpcagent_bench3.db,gpu-llr-focus40-qwen38-hip-perf-playbook-amd.n0.p35.w35,tsvc_2_vpvts,gpu-llr-focus40-qwen38-hip-perf-playbook-amd,9.073387148812536,graded,,9.569959595340551,4.0,4.0,1790284757345.0,hip,,,9.968225280772257,graded,,qwen38
hpcagent-bench-runs/gpu-llr-focus40-20260915/638688/judge/rank-1/hpcagent_bench1.db,gpu-llr-focus40-oss120b-hip-perf-playbook-amd.n0.p33.w33,tsvc_2_s4112,gpu-llr-focus40-oss120b-hip-perf-playbook-amd,7.856519656383142,graded,,10.972976972587528,4.0,4.0,1790284769367.0,hip,,,,,,oss120b
hpcagent-bench-runs/gpu-llr-focus40-20260915/639317/judge/rank-1/hpcagent_bench1.db,gpu-llr-focus40-oss120b-hip-skills-clean.n0.p21.w21,tsvc_2_s252,gpu-llr-focus40-oss120b-hip-skills-clean,112.99908888309999,graded,,57.4550230923889,4.0,4.0,1790284781994.0,hip,,,59.72055073380732,graded,,oss120b
hpcagent-bench-runs/gpu-llr-focus40-20260917/640642/judge/rank-2/hpcagent_bench2.db,gpu-llr-focus40-qwen38-hip.n0.p6.w6,quasi_affine_reduce_odd,gpu-llr-focus40-qwen38-hip,166.4754523190768,graded,,1.1280886059611857,4.0,4.0,1790284785604.0,hip,,,140.8192916233965,graded,,qwen38
hpcagent-bench-runs/gpu-llr-focus40-20260915/639327/judge/rank-1/hpcagent_bench1.db,gpu-llr-focus40-kimi27sglang-hip-skills-clean.n0.p17.w17,tsvc_2_s2275,gpu-llr-focus40-kimi27sglang-hip-skills-clean,50.82324454901948,graded,,32.27460951650438,4.0,4.0,1790284790487.0,hip,,,32.42598371524114,graded,,kimi27sglang
hpcagent-bench-runs/gpu-llr-focus40-20260915/639331/judge/rank-3/hpcagent_bench3.db,gpu-llr-focus40-kimi27sglang-hip-perf-playbook-amd-clean.n0.p31.w31,tsvc_2_s319,gpu-llr-focus40-kimi27sglang-hip-perf-playbook-amd-clean,118.77888071996448,graded,,1080.5721980471144,4.0,4.0,1790284815741.0,hip,,,97.29257301328705,graded,,kimi27sglang
hpcagent-bench-runs/gpu-llr-focus40-20260915/639327/judge/rank-2/hpcagent_bench2.db,gpu-llr-focus40-kimi27sglang-hip-skills-clean.n0.p22.w22,tsvc_2_s255,gpu-llr-focus40-kimi27sglang-hip-skills-clean,,error,ValueError: a 'cuda' submission needs 'device_source' or 'device_source_file' (the kernels) beside 'source'/'source_file' (the host C-ABI entry that launches them),75.09454435761415,,,1790284818903.0,hip,,,,error,ValueError: a 'hip' submission needs 'device_source' or 'device_source_file' (the kernels) beside 'source'/'source_file' (the host C-ABI entry that launches them),kimi27sglang
hpcagent-bench-runs/gpu-llr-focus40-20260917/640079/judge/rank-2/hpcagent_bench2.db,gpu-llr-focus40-oss120b-hip.n0.p22.w22,tsvc_2_s255,gpu-llr-focus40-oss120b-hip,121.42202031548148,graded,,82.68001149568217,4.0,4.0,1790284818914.0,hip,,,80.46883475600362,graded,,oss120b
hpcagent-bench-runs/gpu-llr-focus40-20260917/640642/judge/rank-2/hpcagent_bench2.db,gpu-llr-focus40-qwen38-hip.n0.p14.w14,tsvc_2_s152,gpu-llr-focus40-qwen38-hip,77.30150015664029,graded,,36.43658841116915,4.0,4.0,1790284869221.0,hip,,,34.60422781087777,graded,,qwen38
hpcagent-bench-runs/gpu-llr-focus40-20260917/640079/judge/rank-0/hpcagent_bench0.db,gpu-llr-focus40-oss120b-hip.n0.p20.w20,tsvc_2_s235,gpu-llr-focus40-oss120b-hip,7.784426056968561,graded,,5.609411237240819,4.0,4.0,1790284903048.0,hip,,,5.609411237240819,graded,,oss120b
hpcagent-bench-runs/gpu-llr-focus40-20260915/639321/judge/rank-2/hpcagent_bench2.db,gpu-llr-focus40-oss120b-hip-perf-playbook-amd-clean.n0.p18.w18,tsvc_2_s231,gpu-llr-focus40-oss120b-hip-perf-playbook-amd-clean,12.64210846542449,graded,,5.402427568829342,4.0,4.0,1790284914022.0,hip,,,5.4549592500736654,graded,,oss120b
hpcagent-bench-runs/gpu-llr-focus40-20260915/639321/judge/rank-0/hpcagent_bench0.db,gpu-llr-focus40-oss120b-hip-perf-playbook-amd-clean.n0.p24.w24,tsvc_2_s275,gpu-llr-focus40-oss120b-hip-perf-playbook-amd-clean,6.1596646190456585,graded,,6.289625474075693,4.0,4.0,1790284923412.0,hip,,,9.452473761252218,graded,,oss120b
hpcagent-bench-runs/gpu-llr-focus40-20260915/639321/judge/rank-0/hpcagent_bench0.db,gpu-llr-focus40-oss120b-hip-perf-playbook-amd-clean.n0.p36.w36,tsvc_2_vtvtv,gpu-llr-focus40-oss120b-hip-perf-playbook-amd-clean,9.218096043054256,graded,,9.455728600244917,4.0,4.0,1790284925420.0,hip,,,9.910007113655821,graded,,oss120b
hpcagent-bench-runs/gpu-llr-focus40-20260915/639321/judge/rank-2/hpcagent_bench2.db,gpu-llr-focus40-oss120b-hip-perf-playbook-amd-clean.n0.p26.w26,tsvc_2_s3110,gpu-llr-focus40-oss120b-hip-perf-playbook-amd-clean,0.5794829848750995,graded,,0.44756098163556673,4.0,4.0,1790284956889.0,hip,,,0.44644414347371597,graded,,oss120b
hpcagent-bench-runs/gpu-llr-focus40-20260915/638687/judge/rank-1/hpcagent_bench1.db,gpu-llr-focus40-qwen38-hip-perf-playbook-amd.n0.p21.w21,tsvc_2_s252,gpu-llr-focus40-qwen38-hip-perf-playbook-amd,117.2005144085522,graded,,55.6141651484415,4.0,4.0,1790284963997.0,hip,,,56.0783793585843,graded,,qwen38
hpcagent-bench-runs/gpu-llr-focus40-20260915/639331/judge/rank-2/hpcagent_bench2.db,gpu-llr-focus40-kimi27sglang-hip-perf-playbook-amd-clean.n0.p34.w34,tsvc_2_vag,gpu-llr-focus40-kimi27sglang-hip-perf-playbook-amd-clean,7.3631181550271,graded,,11.110345944136775,4.0,4.0,1790284985433.0,hip,,,12.60916421747036,graded,,kimi27sglang
hpcagent-bench-runs/gpu-llr-focus40-20260917/640079/judge/rank-1/hpcagent_bench1.db,gpu-llr-focus40-oss120b-hip.n0.p17.w17,tsvc_2_s2275,gpu-llr-focus40-oss120b-hip,49.89334234875606,graded,,28.771977406816184,4.0,4.0,1790284997836.0,hip,,,28.771977406816184,graded,,oss120b
hpcagent-bench-runs/gpu-llr-focus40-20260915/639317/judge/rank-2/hpcagent_bench2.db,gpu-llr-focus40-oss120b-hip-skills-clean.n0.p6.w6,fuse_stencil_through_transient,gpu-llr-focus40-oss120b-hip-skills-clean,142.79731527110175,graded,,88.37025149988891,4.0,4.0,1790285018956.0,hip,,,88.37025149988891,graded,,oss120b
hpcagent-bench-runs/gpu-llr-focus40-20260915/639322/judge/rank-3/hpcagent_bench3.db,gpu-llr-focus40-qwen38-hip-skills-clean.n0.p35.w35,tsvc_2_vpvts,gpu-llr-focus40-qwen38-hip-skills-clean,8.996038555982919,graded,,9.454790461721986,4.0,4.0,1790285036535.0,hip,,,9.787698885864714,graded,,qwen38
hpcagent-bench-runs/gpu-llr-focus40-20260915/639325/judge/rank-0/hpcagent_bench0.db,gpu-llr-focus40-kimi27sglang-hip-clean.n0.p8.w8,scan_affine_decay,gpu-llr-focus40-kimi27sglang-hip-clean,12.150564138976533,graded,,9.147229378780143,4.0,4.0,1790285046851.0,hip,,,9.147229378780143,graded,,kimi27sglang
hpcagent-bench-runs/gpu-llr-focus40-20260917/640558/judge/rank-2/hpcagent_bench2.db,gpu-llr-focus40-oss120b-hip-skills.n0.p18.w18,tsvc_2_s231,gpu-llr-focus40-oss120b-hip-skills,12.25800070331141,graded,,5.311042935278534,4.0,4.0,1790285091830.0,hip,,,4.729540544224593,graded,,oss120b
hpcagent-bench-runs/gpu-llr-focus40-20260915/639315/judge/rank-0/hpcagent_bench0.db,gpu-llr-focus40-oss120b-hip-clean.n0.p20.w20,tsvc_2_s235,gpu-llr-focus40-oss120b-hip-clean,8.349768710791638,graded,,6.165271284336995,4.0,4.0,1790285100261.0,hip,,,6.165271284336995,graded,,oss120b
hpcagent-bench-runs/gpu-llr-focus40-20260915/639327/judge/rank-3/hpcagent_bench3.db,gpu-llr-focus40-kimi27sglang-hip-skills-clean.n0.p31.w31,tsvc_2_s319,gpu-llr-focus40-kimi27sglang-hip-skills-clean,114.71745960652386,graded,,101.14270675268718,4.0,4.0,1790285101148.0,hip,,,98.00633015390969,graded,,kimi27sglang
hpcagent-bench-runs/gpu-llr-focus40-20260915/639315/judge/rank-2/hpcagent_bench2.db,gpu-llr-focus40-oss120b-hip-clean.n0.p22.w22,tsvc_2_s255,gpu-llr-focus40-oss120b-hip-clean,123.29432835546432,graded,,76.53068031408492,4.0,4.0,1790285102554.0,hip,,,76.53068031408492,graded,,oss120b
hpcagent-bench-runs/gpu-llr-focus40-20260917/640079/judge/rank-1/hpcagent_bench1.db,gpu-llr-focus40-oss120b-hip.n0.p37.w37,versioned_distance_update,gpu-llr-focus40-oss120b-hip,10.648071840176543,graded,,6.896802220058274,4.0,4.0,1790285141700.0,hip,,,7.0675313291325095,graded,,oss120b
hpcagent-bench-runs/gpu-llr-focus40-20260915/639321/judge/rank-1/hpcagent_bench1.db,gpu-llr-focus40-oss120b-hip-perf-playbook-amd-clean.n0.p33.w33,tsvc_2_s4112,gpu-llr-focus40-oss120b-hip-perf-playbook-amd-clean,7.90702508935834,graded,,10.623704660674525,4.0,4.0,1790285150342.0,hip,,,11.751722853577368,graded,,oss120b
hpcagent-bench-runs/gpu-llr-focus40-20260915/639239/judge/rank-3/hpcagent_bench3.db,gpu-llr-focus40-qwen38-hip-clean.n0.p15.w15,tsvc_2_s152,gpu-llr-focus40-qwen38-hip-clean,77.3944603545574,graded,,38.991880201659235,4.0,4.0,1790285160931.0,hip,,,38.991880201659235,graded,,qwen38
hpcagent-bench-runs/gpu-llr-focus40-20260915/639317/judge/rank-0/hpcagent_bench0.db,gpu-llr-focus40-oss120b-hip-skills-clean.n0.p24.w24,tsvc_2_s275,gpu-llr-focus40-oss120b-hip-skills-clean,6.538167035396495,graded,,7.306876083248863,4.0,4.0,1790285190352.0,hip,,,6.90593170544416,graded,,oss120b
hpcagent-bench-runs/gpu-llr-focus40-20260917/640558/judge/rank-0/hpcagent_bench0.db,gpu-llr-focus40-oss120b-hip-skills.n0.p36.w36,tsvc_2_vtvtv,gpu-llr-focus40-oss120b-hip-skills,9.302696173776457,graded,,10.029240244452328,4.0,4.0,1790285192270.0,hip,,,10.461991216315681,graded,,oss120b
hpcagent-bench-runs/gpu-llr-focus40-20260915/639315/judge/rank-1/hpcagent_bench1.db,gpu-llr-focus40-oss120b-hip-clean.n0.p17.w17,tsvc_2_s2275,gpu-llr-focus40-oss120b-hip-clean,51.44784685757721,graded,,30.99977539833224,4.0,4.0,1790285201085.0,hip,,,30.99977539833224,graded,,oss120b
hpcagent-bench-runs/gpu-llr-focus40-20260915/639317/judge/rank-2/hpcagent_bench2.db,gpu-llr-focus40-oss120b-hip-skills-clean.n0.p26.w26,tsvc_2_s3110,gpu-llr-focus40-oss120b-hip-skills-clean,82.56131745655168,graded,,37.13842423251662,4.0,4.0,1790285233632.0,hip,,,37.16791392988103,graded,,oss120b
hpcagent-bench-runs/gpu-llr-focus40-20260917/640079/judge/rank-0/hpcagent_bench0.db,gpu-llr-focus40-oss120b-hip.n0.p8.w8,scan_affine_decay,gpu-llr-focus40-oss120b-hip,13.108818900427357,graded,,1.7074535738252716,4.0,4.0,1790285264969.0,hip,,,1.6286732436904425,graded,,oss120b
hpcagent-bench-runs/gpu-llr-focus40-20260917/640642/judge/rank-1/hpcagent_bench1.db,gpu-llr-focus40-qwen38-hip.n0.p17.w17,tsvc_2_s231,gpu-llr-focus40-qwen38-hip,15.370172500379168,graded,,5.451516585587943,4.0,4.0,1790285273634.0,hip,,,4.725776332210067,graded,,qwen38
hpcagent-bench-runs/gpu-llr-focus40-20260915/638688/judge/rank-0/hpcagent_bench0.db,gpu-llr-focus40-oss120b-hip-perf-playbook-amd.n0.p20.w20,tsvc_2_s235,gpu-llr-focus40-oss120b-hip-perf-playbook-amd,10.410316807465202,graded,,5.807059694944472,4.0,4.0,1790285296267.0,hip,,,,,,oss120b
hpcagent-bench-runs/gpu-llr-focus40-20260917/640642/judge/rank-1/hpcagent_bench1.db,gpu-llr-focus40-qwen38-hip.n0.p5.w5,fuse_stencil_through_transient,gpu-llr-focus40-qwen38-hip,142.1857314468582,graded,,98.09061067287617,4.0,4.0,1790285311484.0,hip,,,85.05625799547057,graded,,qwen38
hpcagent-bench-runs/gpu-llr-focus40-20260915/639325/judge/rank-2/hpcagent_bench2.db,gpu-llr-focus40-kimi27sglang-hip-clean.n0.p38.w38,wf_diff_skew,gpu-llr-focus40-kimi27sglang-hip-clean,3.6321489627835923,graded,,4.9048484003823765,4.0,4.0,1790285315125.0,hip,,,4.9048484003823765,graded,,kimi27sglang
hpcagent-bench-runs/gpu-llr-focus40-20260915/639327/judge/rank-2/hpcagent_bench2.db,gpu-llr-focus40-kimi27sglang-hip-skills-clean.n0.p34.w34,tsvc_2_vag,gpu-llr-focus40-kimi27sglang-hip-skills-clean,7.356001373219557,graded,,11.967523938844295,4.0,4.0,1790285371325.0,hip,,,11.877207263652403,graded,,kimi27sglang
hpcagent-bench-runs/gpu-llr-focus40-20260915/638688/judge/rank-2/hpcagent_bench2.db,gpu-llr-focus40-oss120b-hip-perf-playbook-amd.n0.p22.w22,tsvc_2_s255,gpu-llr-focus40-oss120b-hip-perf-playbook-amd,112.53667740257117,graded,,67.90341407727561,4.0,4.0,1790285379896.0,hip,,,,,,oss120b
hpcagent-bench-runs/gpu-llr-focus40-20260917/640079/judge/rank-3/hpcagent_bench3.db,gpu-llr-focus40-oss120b-hip.n0.p31.w31,tsvc_2_s319,gpu-llr-focus40-oss120b-hip,0.8058892599237087,graded,,11.596647635474456,4.0,4.0,1790285388707.0,hip,,,11.778965100224003,graded,,oss120b
hpcagent-bench-runs/gpu-llr-focus40-20260915/638688/judge/rank-1/hpcagent_bench1.db,gpu-llr-focus40-oss120b-hip-perf-playbook-amd.n0.p17.w17,tsvc_2_s2275,gpu-llr-focus40-oss120b-hip-perf-playbook-amd,52.34541710107977,graded,,26.92217744524643,4.0,4.0,1790285404726.0,hip,,,,,,oss120b
hpcagent-bench-runs/gpu-llr-focus40-20260915/639321/judge/rank-1/hpcagent_bench1.db,gpu-llr-focus40-oss120b-hip-perf-playbook-amd-clean.n0.p37.w37,versioned_distance_update,gpu-llr-focus40-oss120b-hip-perf-playbook-amd-clean,0.6217901097708912,graded,,17.314703386729285,4.0,4.0,1790285444655.0,hip,,,0.3692408460972019,graded,,oss120b
hpcagent-bench-runs/gpu-llr-focus40-20260915/638687/judge/rank-3/hpcagent_bench3.db,gpu-llr-focus40-qwen38-hip-perf-playbook-amd.n0.p15.w15,tsvc_2_s152,gpu-llr-focus40-qwen38-hip-perf-playbook-amd,77.55538695919665,graded,,35.64025424146453,4.0,4.0,1790285447663.0,hip,,,36.36939579856479,graded,,qwen38
hpcagent-bench-runs/gpu-llr-focus40-20260915/639239/judge/rank-2/hpcagent_bench2.db,gpu-llr-focus40-qwen38-hip-clean.n0.p18.w18,tsvc_2_s231,gpu-llr-focus40-qwen38-hip-clean,8.252591267328716,graded,,5.391449368239804,4.0,4.0,1790285448394.0,hip,,,5.391449368239804,graded,,qwen38
hpcagent-bench-runs/gpu-llr-focus40-20260917/640642/judge/rank-2/hpcagent_bench2.db,gpu-llr-focus40-qwen38-hip.n0.p22.w22,tsvc_2_s275,gpu-llr-focus40-qwen38-hip,10.853140121277644,graded,,25.12425798652505,4.0,4.0,1790285453940.0,hip,,,23.770516985394128,graded,,qwen38
hpcagent-bench-runs/gpu-llr-focus40-20260915/639317/judge/rank-0/hpcagent_bench0.db,gpu-llr-focus40-oss120b-hip-skills-clean.n0.p36.w36,tsvc_2_vtvtv,gpu-llr-focus40-oss120b-hip-skills-clean,4.814283080927148,graded,,10.199876096114346,4.0,4.0,1790285455625.0,hip,,,10.199876096114346,graded,,oss120b
hpcagent-bench-runs/gpu-llr-focus40-20260915/639315/judge/rank-0/hpcagent_bench0.db,gpu-llr-focus40-oss120b-hip-clean.n0.p8.w8,scan_affine_decay,gpu-llr-focus40-oss120b-hip-clean,,error,no cell produced a measurement,9.719043664970926,4.0,0.0,1790285486557.0,hip,,"native call failed: native call crashed (exit -11, signal SIGSEGV)",9.719043664970926,graded,,oss120b
hpcagent-bench-runs/gpu-llr-focus40-20260918/641689/judge/rank-0/hpcagent_bench0.db,gpu-llr-focus40-oss120b-hip-skills-clean.n0.p0.w0,tsvc_2_s235,gpu-llr-focus40-oss120b-hip-skills-clean,,graded,,4.463288228375827,4.0,0.0,1790285497997.0,hip,,,5.071161763483454,graded,,oss120b
hpcagent-bench-runs/gpu-llr-focus40-20260917/640558/judge/rank-1/hpcagent_bench1.db,gpu-llr-focus40-oss120b-hip-skills.n0.p33.w33,tsvc_2_s4112,gpu-llr-focus40-oss120b-hip-skills,8.235138218169174,graded,,11.396077004698858,4.0,4.0,1790285554848.0,hip,,,11.93870353911342,graded,,oss120b
hpcagent-bench-runs/gpu-llr-focus40-20260915/638687/judge/rank-2/hpcagent_bench2.db,gpu-llr-focus40-qwen38-hip-perf-playbook-amd.n0.p6.w6,fuse_stencil_through_transient,gpu-llr-focus40-qwen38-hip-perf-playbook-amd,142.57901676018608,graded,,82.90094758537025,4.0,4.0,1790285600726.0,hip,,,,,,qwen38
hpcagent-bench-runs/gpu-llr-focus40-20260915/639321/judge/rank-1/hpcagent_bench1.db,gpu-llr-focus40-oss120b-hip-perf-playbook-amd-clean.n0.p17.w17,tsvc_2_s2275,gpu-llr-focus40-oss120b-hip-perf-playbook-amd-clean,46.80488401422195,graded,,21.465812974924663,4.0,4.0,1790285606522.0,hip,,,27.669292725823038,graded,,oss120b
hpcagent-bench-runs/gpu-llr-focus40-20260915/638687/judge/rank-2/hpcagent_bench2.db,gpu-llr-focus40-qwen38-hip-perf-playbook-amd.n0.p18.w18,tsvc_2_s231,gpu-llr-focus40-qwen38-hip-perf-playbook-amd,4.508129458443301,graded,,5.1802779014795775,4.0,4.0,1790285626236.0,hip,,,6.1024843178747,graded,,qwen38
hpcagent-bench-runs/gpu-llr-focus40-20260918/641787/judge/rank-3/hpcagent_bench3.db,gpu-llr-focus40-kimi27sglang-hip-perf-playbook-amd-clean.n0.p7.w7,wf_diff_skew,gpu-llr-focus40-kimi27sglang-hip-perf-playbook-amd-clean,3.5588391183071892,graded,,2.495072501691767,4.0,4.0,1790285629803.0,hip,,,4.559535563372202,graded,,kimi27sglang
hpcagent-bench-runs/gpu-llr-focus40-20260915/638688/judge/rank-0/hpcagent_bench0.db,gpu-llr-focus40-oss120b-hip-perf-playbook-amd.n0.p8.w8,scan_affine_decay,gpu-llr-focus40-oss120b-hip-perf-playbook-amd,25.36161967397199,graded,,10.707195771971717,4.0,4.0,1790285636342.0,hip,,,10.568814855321785,graded,,oss120b
hpcagent-bench-runs/gpu-llr-focus40-20260915/639321/judge/rank-2/hpcagent_bench2.db,gpu-llr-focus40-oss120b-hip-perf-playbook-amd-clean.n0.p22.w22,tsvc_2_s255,gpu-llr-focus40-oss120b-hip-perf-playbook-amd-clean,88.13394415075987,graded,,62.857512371291094,4.0,4.0,1790285660911.0,hip,,,70.31655021427675,graded,,oss120b
hpcagent-bench-runs/gpu-llr-focus40-20260915/639315/judge/rank-3/hpcagent_bench3.db,gpu-llr-focus40-oss120b-hip-clean.n0.p31.w31,tsvc_2_s319,gpu-llr-focus40-oss120b-hip-clean,0.8598051025236416,graded,,11.62692165577696,4.0,4.0,1790285683387.0,hip,,,11.62692165577696,graded,,oss120b
hpcagent-bench-runs/gpu-llr-focus40-20260917/640642/judge/rank-3/hpcagent_bench3.db,gpu-llr-focus40-qwen38-hip.n0.p19.w19,tsvc_2_s235,gpu-llr-focus40-qwen38-hip,12.673077223061894,graded,,27.967702957140595,4.0,4.0,1790285704121.0,hip,,,25.739626029306937,graded,,qwen38
hpcagent-bench-runs/gpu-llr-focus40-20260915/639239/judge/rank-0/hpcagent_bench0.db,gpu-llr-focus40-qwen38-hip-clean.n0.p24.w24,tsvc_2_s275,gpu-llr-focus40-qwen38-hip-clean,11.17466673042874,graded,,7.164808704780603,4.0,4.0,1790285719546.0,hip,,,7.164808704780603,graded,,qwen38
hpcagent-bench-runs/gpu-llr-focus40-20260917/640642/judge/rank-0/hpcagent_bench0.db,gpu-llr-focus40-qwen38-hip.n0.p32.w32,tsvc_2_vtvtv,gpu-llr-focus40-qwen38-hip,9.041712728173465,graded,,9.760221405912452,4.0,4.0,1790285721376.0,hip,,,9.760221405912452,graded,,qwen38
hpcagent-bench-runs/gpu-llr-focus40-20260915/639331/judge/rank-3/hpcagent_bench3.db,gpu-llr-focus40-kimi27sglang-hip-perf-playbook-amd-clean.n0.p39.w39,wf_triangular,gpu-llr-focus40-kimi27sglang-hip-perf-playbook-amd-clean,5.4917282988852,graded,,5.314803133834891,4.0,4.0,1790285743474.0,hip,,,5.613413709734316,graded,,kimi27sglang
hpcagent-bench-runs/gpu-llr-focus40-20260917/640079/judge/rank-2/hpcagent_bench2.db,gpu-llr-focus40-oss120b-hip.n0.p34.w34,tsvc_2_vag,gpu-llr-focus40-oss120b-hip,7.3473267862438085,graded,,13.088176862396297,4.0,4.0,1790285752749.0,hip,,,14.5569356446891,graded,,oss120b
hpcagent-bench-runs/gpu-llr-focus40-20260915/639317/judge/rank-1/hpcagent_bench1.db,gpu-llr-focus40-oss120b-hip-skills-clean.n0.p37.w37,versioned_distance_update,gpu-llr-focus40-oss120b-hip-skills-clean,0.4844134398545074,graded,,10.525663394594023,4.0,4.0,1790285764578.0,hip,,,0.29990316003468576,graded,,oss120b
hpcagent-bench-runs/gpu-llr-focus40-20260915/639322/judge/rank-2/hpcagent_bench2.db,gpu-llr-focus40-qwen38-hip-skills-clean.n0.p18.w18,tsvc_2_s231,gpu-llr-focus40-qwen38-hip-skills-clean,10.33619313531891,graded,,18.335997612208928,4.0,4.0,1790285805715.0,hip,,,15.506741411481418,graded,,qwen38
hpcagent-bench-runs/gpu-llr-focus40-20260915/639317/judge/rank-1/hpcagent_bench1.db,gpu-llr-focus40-oss120b-hip-skills-clean.n0.p17.w17,tsvc_2_s2275,gpu-llr-focus40-oss120b-hip-skills-clean,50.88285220486807,graded,,38.12243455694253,4.0,4.0,1790285808689.0,hip,,,38.12243455694253,graded,,oss120b
hpcagent-bench-runs/gpu-llr-focus40-20260918/641694/judge/rank-1/hpcagent_bench1.db,gpu-llr-focus40-qwen38-hip-perf-playbook-amd-clean.n0.p1.w1,scan_affine_decay,gpu-llr-focus40-qwen38-hip-perf-playbook-amd-clean,,graded,,67.16931288493733,4.0,0.0,1790285861723.0,hip,,,64.23056448600411,graded,,qwen38
hpcagent-bench-runs/gpu-llr-focus40-20260915/639322/judge/rank-2/hpcagent_bench2.db,gpu-llr-focus40-qwen38-hip-skills-clean.n0.p6.w6,fuse_stencil_through_transient,gpu-llr-focus40-qwen38-hip-skills-clean,131.18853788142084,graded,,73.67634439034907,4.0,4.0,1790285897118.0,hip,,,86.06733419978114,graded,,qwen38
hpcagent-bench-runs/gpu-llr-focus40-20260915/638687/judge/rank-0/hpcagent_bench0.db,gpu-llr-focus40-qwen38-hip-perf-playbook-amd.n0.p20.w20,tsvc_2_s235,gpu-llr-focus40-qwen38-hip-perf-playbook-amd,8.415949806031643,graded,,30.271247087630154,4.0,4.0,1790285902525.0,hip,,,31.56943808272491,graded,,qwen38
hpcagent-bench-runs/gpu-llr-focus40-20260915/639317/judge/rank-1/hpcagent_bench1.db,gpu-llr-focus40-oss120b-hip-skills-clean.n0.p33.w33,tsvc_2_s4112,gpu-llr-focus40-oss120b-hip-skills-clean,8.023457698539831,graded,,11.745721426223867,4.0,4.0,1790285933050.0,hip,,,11.745721426223867,graded,,oss120b
hpcagent-bench-runs/gpu-llr-focus40-20260917/640558/judge/rank-2/hpcagent_bench2.db,gpu-llr-focus40-oss120b-hip-skills.n0.p22.w22,tsvc_2_s255,gpu-llr-focus40-oss120b-hip-skills,123.21856609382355,graded,,73.01688368151281,4.0,4.0,1790285941367.0,hip,,,79.34437888294006,graded,,oss120b
hpcagent-bench-runs/gpu-llr-focus40-20260918/641788/judge/rank-3/hpcagent_bench3.db,gpu-llr-focus40-kimi27sglang-hip-perf-playbook-amd-clean.n0.p7.w7,wf_diff_skew,gpu-llr-focus40-kimi27sglang-hip-perf-playbook-amd-clean,3.5953818619719935,graded,,4.270118649003941,4.0,4.0,1790285941906.0,hip,,,,,,kimi27sglang
hpcagent-bench-runs/gpu-llr-focus40-20260915/638688/judge/rank-3/hpcagent_bench3.db,gpu-llr-focus40-oss120b-hip-perf-playbook-amd.n0.p31.w31,tsvc_2_s319,gpu-llr-focus40-oss120b-hip-perf-playbook-amd,0.7783528692757348,graded,,11.68270340717201,4.0,4.0,1790285977566.0,hip,,,,,,oss120b
hpcagent-bench-runs/gpu-llr-focus40-20260915/638688/judge/rank-0/hpcagent_bench0.db,gpu-llr-focus40-oss120b-hip-perf-playbook-amd.n0.p28.w28,tsvc_2_s3112,gpu-llr-focus40-oss120b-hip-perf-playbook-amd,,graded,,116.7332358334338,4.0,0.0,1790285983265.0,hip,,,,,,oss120b
hpcagent-bench-runs/gpu-llr-focus40-20260915/638687/judge/rank-0/hpcagent_bench0.db,gpu-llr-focus40-qwen38-hip-perf-playbook-amd.n0.p24.w24,tsvc_2_s275,gpu-llr-focus40-qwen38-hip-perf-playbook-amd,8.079142097131419,graded,,6.930615378460336,4.0,4.0,1790285986661.0,hip,,,6.9110262578791914,graded,,qwen38
hpcagent-bench-runs/gpu-llr-focus40-20260915/638687/judge/rank-0/hpcagent_bench0.db,gpu-llr-focus40-qwen38-hip-perf-playbook-amd.n0.p36.w36,tsvc_2_vtvtv,gpu-llr-focus40-qwen38-hip-perf-playbook-amd,8.59712887001123,graded,,9.691313318748987,4.0,4.0,1790285988416.0,hip,,,9.866300508088395,graded,,qwen38
hpcagent-bench-runs/gpu-llr-focus40-20260917/640642/judge/rank-0/hpcagent_bench0.db,gpu-llr-focus40-qwen38-hip.n0.p16.w16,tsvc_2_s2275,gpu-llr-focus40-qwen38-hip,52.56881425858409,graded,,33.4481887444623,4.0,4.0,1790286009586.0,hip,,,33.19821072688654,graded,,qwen38
hpcagent-bench-runs/gpu-llr-focus40-20260917/640079/judge/rank-3/hpcagent_bench3.db,gpu-llr-focus40-oss120b-hip.n0.p39.w39,wf_triangular,gpu-llr-focus40-oss120b-hip,1.486259300755385,graded,,1.566798141086535,4.0,4.0,1790286084547.0,hip,,,1.6323464411672437,graded,,oss120b
hpcagent-bench-runs/gpu-llr-focus40-20260917/640079/judge/rank-0/hpcagent_bench0.db,gpu-llr-focus40-oss120b-hip.n0.p32.w32,tsvc_2_s323,gpu-llr-focus40-oss120b-hip,20.49917046453458,graded,,3.6289114880868523,4.0,4.0,1790286102186.0,hip,,,2.52638444256119,graded,,oss120b
hpcagent-bench-runs/gpu-llr-focus40-20260915/638687/judge/rank-1/hpcagent_bench1.db,gpu-llr-focus40-qwen38-hip-perf-playbook-amd.n0.p37.w37,versioned_distance_update,gpu-llr-focus40-qwen38-hip-perf-playbook-amd,55.197613846914614,graded,,113.7277789398989,4.0,4.0,1790286125128.0,hip,,,,,,qwen38
hpcagent-bench-runs/gpu-llr-focus40-20260915/639315/judge/rank-2/hpcagent_bench2.db,gpu-llr-focus40-oss120b-hip-clean.n0.p34.w34,tsvc_2_vag,gpu-llr-focus40-oss120b-hip-clean,7.39174993154721,graded,,12.741962109107414,4.0,4.0,1790286133195.0,hip,,,12.741962109107414,graded,,oss120b
hpcagent-bench-runs/gpu-llr-focus40-20260918/641703/judge/rank-0/hpcagent_bench0.db,gpu-llr-focus40-kimi27sglang-hip-clean.n0.p4.w4,tsvc_2_s318,gpu-llr-focus40-kimi27sglang-hip-clean,551.0458404838168,graded,,223.8096364240804,4.0,4.0,1790286188283.0,hip,,,220.50486922007352,graded,,kimi27sglang
hpcagent-bench-runs/gpu-llr-focus40-20260915/639239/judge/rank-1/hpcagent_bench1.db,gpu-llr-focus40-qwen38-hip-clean.n0.p17.w17,tsvc_2_s2275,gpu-llr-focus40-qwen38-hip-clean,49.682164861638626,graded,,33.556281214594755,4.0,4.0,1790286211777.0,hip,,,33.556281214594755,graded,,qwen38
hpcagent-bench-runs/gpu-llr-focus40-20260915/639317/judge/rank-2/hpcagent_bench2.db,gpu-llr-focus40-oss120b-hip-skills-clean.n0.p22.w22,tsvc_2_s255,gpu-llr-focus40-oss120b-hip-skills-clean,123.15012148565212,graded,,82.03866878867954,4.0,4.0,1790286226261.0,hip,,,82.03866878867954,graded,,oss120b
hpcagent-bench-runs/gpu-llr-focus40-20260917/640079/judge/rank-2/hpcagent_bench2.db,gpu-llr-focus40-oss120b-hip.n0.p38.w38,wf_diff_skew,gpu-llr-focus40-oss120b-hip,3.529062187864849,graded,,4.799625978882613,4.0,4.0,1790286248708.0,hip,,,4.917429366218917,graded,,oss120b
hpcagent-bench-runs/gpu-llr-focus40-20260918/641692/judge/rank-2/hpcagent_bench2.db,gpu-llr-focus40-qwen38-hip-skills-clean.n0.p6.w6,tsvc_2_s275,gpu-llr-focus40-qwen38-hip-skills-clean,10.355789417972884,graded,,22.66756014576569,4.0,4.0,1790286251524.0,hip,,,19.22771028765343,graded,,qwen38
hpcagent-bench-runs/gpu-llr-focus40-20260915/639321/judge/rank-3/hpcagent_bench3.db,gpu-llr-focus40-oss120b-hip-perf-playbook-amd-clean.n0.p31.w31,tsvc_2_s319,gpu-llr-focus40-oss120b-hip-perf-playbook-amd-clean,0.7757651085087952,graded,,11.684893962838768,4.0,4.0,1790286277224.0,hip,,,11.835149753886464,graded,,oss120b
hpcagent-bench-runs/gpu-llr-focus40-20260917/640642/judge/rank-2/hpcagent_bench2.db,gpu-llr-focus40-qwen38-hip.n0.p30.w30,tsvc_2_s4112,gpu-llr-focus40-qwen38-hip,7.514210176859723,graded,,11.54255286602397,4.0,4.0,1790286309199.0,hip,,,11.650090650244632,graded,,qwen38
hpcagent-bench-runs/gpu-llr-focus40-20260915/639315/judge/rank-0/hpcagent_bench0.db,gpu-llr-focus40-oss120b-hip-clean.n0.p28.w28,tsvc_2_s3112,gpu-llr-focus40-oss120b-hip,,graded,,1.4148039356977622,4.0,0.0,1790286314611.0,hip,,,0.0,graded,,oss120b
hpcagent-bench-runs/gpu-llr-focus40-20260915/638687/judge/rank-1/hpcagent_bench1.db,gpu-llr-focus40-qwen38-hip-perf-playbook-amd.n0.p17.w17,tsvc_2_s2275,gpu-llr-focus40-qwen38-hip-perf-playbook-amd,49.16412403320403,graded,,28.30181953616654,4.0,4.0,1790286414183.0,hip,,,30.52650837518775,graded,,qwen38
hpcagent-bench-runs/gpu-llr-focus40-20260915/639315/judge/rank-3/hpcagent_bench3.db,gpu-llr-focus40-oss120b-hip-clean.n0.p39.w39,wf_triangular,gpu-llr-focus40-oss120b-hip-clean,5.39774488095429,graded,,5.679249756925907,4.0,4.0,1790286432466.0,hip,,,5.679249756925907,graded,,oss120b
hpcagent-bench-runs/gpu-llr-focus40-20260918/641787/judge/rank-3/hpcagent_bench3.db,gpu-llr-focus40-kimi27sglang-hip-perf-playbook-amd-clean.n0.p3.w3,tsvc_2_s318,gpu-llr-focus40-kimi27sglang-hip-perf-playbook-amd-clean,652.140267807811,graded,,209.4181614929159,4.0,4.0,1790286464972.0,hip,,,226.84321110703758,graded,,kimi27sglang
hpcagent-bench-runs/gpu-llr-focus40-20260917/640642/judge/rank-0/hpcagent_bench0.db,gpu-llr-focus40-qwen38-hip.n0.p20.w20,tsvc_2_s255,gpu-llr-focus40-qwen38-hip,134.0813012664516,graded,,81.5486822741425,4.0,4.0,1790286510915.0,hip,,,83.72958997647766,graded,,qwen38
hpcagent-bench-runs/gpu-llr-focus40-20260915/638688/judge/rank-2/hpcagent_bench2.db,gpu-llr-focus40-oss120b-hip-perf-playbook-amd.n0.p34.w34,tsvc_2_vag,gpu-llr-focus40-oss120b-hip-perf-playbook-amd,7.298668900740338,graded,,11.077933178897652,4.0,4.0,1790286516755.0,hip,,,,,,oss120b
hpcagent-bench-runs/gpu-llr-focus40-20260915/638688/judge/rank-2/hpcagent_bench2.db,gpu-llr-focus40-oss120b-hip-perf-playbook-amd.n0.p38.w38,wf_diff_skew,gpu-llr-focus40-oss120b-hip-perf-playbook-amd,3.574717004668984,graded,,4.293381306006278,4.0,4.0,1790286566071.0,hip,,,,,,oss120b
hpcagent-bench-runs/gpu-llr-focus40-20260915/639317/judge/rank-3/hpcagent_bench3.db,gpu-llr-focus40-oss120b-hip-skills-clean.n0.p31.w31,tsvc_2_s319,gpu-llr-focus40-oss120b-hip-skills-clean,4.339972762673095,graded,,64.78708349110892,4.0,4.0,1790286570752.0,hip,,,63.17238919380654,graded,,oss120b
hpcagent-bench-runs/gpu-llr-focus40-20260915/639322/judge/rank-1/hpcagent_bench1.db,gpu-llr-focus40-qwen38-hip-skills-clean.n0.p17.w17,tsvc_2_s2275,gpu-llr-focus40-qwen38-hip-skills-clean,51.02856925574433,graded,,32.152115166396285,4.0,4.0,1790286613085.0,hip,,,32.152115166396285,graded,,qwen38
hpcagent-bench-runs/gpu-llr-focus40-20260915/639239/judge/rank-1/hpcagent_bench1.db,gpu-llr-focus40-qwen38-hip-clean.n0.p33.w33,tsvc_2_s4112,gpu-llr-focus40-qwen38-hip-clean,8.10004600349787,graded,,10.82488390730718,4.0,4.0,1790286687863.0,hip,,,10.82488390730718,graded,,qwen38
hpcagent-bench-runs/gpu-llr-focus40-20260917/640079/judge/rank-2/hpcagent_bench2.db,gpu-llr-focus40-oss120b-hip.n0.p30.w30,tsvc_2_s318,gpu-llr-focus40-oss120b-hip,12.887414289417054,graded,,4.858033905673198,4.0,4.0,1790286738605.0,hip,,,4.874888731199196,graded,,oss120b
hpcagent-bench-runs/gpu-llr-focus40-20260915/638688/judge/rank-3/hpcagent_bench3.db,gpu-llr-focus40-oss120b-hip-perf-playbook-amd.n0.p39.w39,wf_triangular,gpu-llr-focus40-oss120b-hip-perf-playbook-amd,5.324305134468458,graded,,5.369868433182518,4.0,4.0,1790286770586.0,hip,,,,,,oss120b
hpcagent-bench-runs/gpu-llr-focus40-20260915/638687/judge/rank-2/hpcagent_bench2.db,gpu-llr-focus40-qwen38-hip-perf-playbook-amd.n0.p22.w22,tsvc_2_s255,gpu-llr-focus40-qwen38-hip-perf-playbook-amd,134.62751082481645,graded,,78.4489012814277,4.0,4.0,1790286798481.0,hip,,,100.36050666627212,graded,,qwen38
hpcagent-bench-runs/gpu-llr-focus40-20260917/640642/judge/rank-1/hpcagent_bench1.db,gpu-llr-focus40-qwen38-hip.n0.p29.w29,tsvc_2_s319,gpu-llr-focus40-qwen38-hip,,graded,,95.59474148731945,4.0,0.0,1790286859075.0,hip,,,93.76228506049141,graded,,qwen38
hpcagent-bench-runs/gpu-llr-focus40-20260915/639321/judge/rank-2/hpcagent_bench2.db,gpu-llr-focus40-oss120b-hip-perf-playbook-amd-clean.n0.p38.w38,wf_diff_skew,gpu-llr-focus40-oss120b-hip-perf-playbook-amd-clean,3.549982357299879,graded,,4.2428758437843745,4.0,4.0,1790286864038.0,hip,,,4.6523827213284,graded,,oss120b
hpcagent-bench-runs/gpu-llr-focus40-20260915/639321/judge/rank-2/hpcagent_bench2.db,gpu-llr-focus40-oss120b-hip-perf-playbook-amd-clean.n0.p34.w34,tsvc_2_vag,gpu-llr-focus40-oss120b-hip-perf-playbook-amd-clean,7.338675689984271,graded,,11.155490208694427,4.0,4.0,1790286899054.0,hip,,,14.37302028087548,graded,,oss120b
hpcagent-bench-runs/gpu-llr-focus40-20260915/639315/judge/rank-2/hpcagent_bench2.db,gpu-llr-focus40-oss120b-hip-clean.n0.p30.w30,tsvc_2_s318,gpu-llr-focus40-oss120b-hip-clean,123.36332205952671,graded,,82.94007934194605,4.0,4.0,1790287015262.0,hip,,,82.94007934194605,graded,,oss120b
hpcagent-bench-runs/gpu-llr-focus40-20260915/638687/judge/rank-1/hpcagent_bench1.db,gpu-llr-focus40-qwen38-hip-perf-playbook-amd.n0.p33.w33,tsvc_2_s4112,gpu-llr-focus40-qwen38-hip-perf-playbook-amd,7.232098032752092,graded,,10.651871387425402,4.0,4.0,1790287068392.0,hip,,,11.728630819467147,graded,,qwen38
hpcagent-bench-runs/gpu-llr-focus40-20260915/639322/judge/rank-2/hpcagent_bench2.db,gpu-llr-focus40-qwen38-hip-skills-clean.n0.p22.w22,tsvc_2_s255,gpu-llr-focus40-qwen38-hip-skills-clean,134.51667963634318,graded,,79.95643063962547,4.0,4.0,1790287080689.0,hip,,,79.95643063962547,graded,,qwen38
hpcagent-bench-runs/gpu-llr-focus40-20260915/639321/judge/rank-3/hpcagent_bench3.db,gpu-llr-focus40-oss120b-hip-perf-playbook-amd-clean.n0.p39.w39,wf_triangular,gpu-llr-focus40-oss120b-hip-perf-playbook-amd-clean,5.71172034419647,graded,,5.3227766819892155,4.0,4.0,1790287110072.0,hip,,,5.657820205506576,graded,,oss120b
hpcagent-bench-runs/gpu-llr-focus40-20260915/638687/judge/rank-3/hpcagent_bench3.db,gpu-llr-focus40-qwen38-hip-perf-playbook-amd.n0.p31.w31,tsvc_2_s319,gpu-llr-focus40-qwen38-hip-perf-playbook-amd,,graded,,108.17555167713397,4.0,0.0,1790287160359.0,hip,,,,,,qwen38
hpcagent-bench-runs/gpu-llr-focus40-20260915/639317/judge/rank-2/hpcagent_bench2.db,gpu-llr-focus40-oss120b-hip-skills-clean.n0.p38.w38,wf_diff_skew,gpu-llr-focus40-oss120b-hip-skills-clean,3.5310081409633844,graded,,4.933504582123398,4.0,4.0,1790287170595.0,hip,,,4.933504582123398,graded,,oss120b
hpcagent-bench-runs/gpu-llr-focus40-20260915/639317/judge/rank-2/hpcagent_bench2.db,gpu-llr-focus40-oss120b-hip-skills-clean.n0.p34.w34,tsvc_2_vag,gpu-llr-focus40-oss120b-hip-skills-clean,7.4454407305581665,graded,,13.128349962226196,4.0,4.0,1790287282015.0,hip,,,11.947184967072602,graded,,oss120b
hpcagent-bench-runs/gpu-llr-focus40-20260915/638688/judge/rank-2/hpcagent_bench2.db,gpu-llr-focus40-oss120b-hip-perf-playbook-amd.n0.p30.w30,tsvc_2_s318,gpu-llr-focus40-oss120b-hip-perf-playbook-amd,16.832412103447897,graded,,1.799217930462297,4.0,4.0,1790287293034.0,hip,,,,,,oss120b
hpcagent-bench-runs/gpu-llr-focus40-20260915/639322/judge/rank-1/hpcagent_bench1.db,gpu-llr-focus40-qwen38-hip-skills-clean.n0.p33.w33,tsvc_2_s4112,gpu-llr-focus40-qwen38-hip-skills-clean,7.967194887787317,graded,,11.260840127118508,4.0,4.0,1790287449450.0,hip,,,11.260840127118508,graded,,qwen38
hpcagent-bench-runs/gpu-llr-focus40-20260915/639317/judge/rank-3/hpcagent_bench3.db,gpu-llr-focus40-oss120b-hip-skills-clean.n0.p39.w39,wf_triangular,gpu-llr-focus40-oss120b-hip-skills-clean,5.6040740826198245,graded,,5.401183097626437,4.0,4.0,1790287451435.0,hip,,,5.678651857464286,graded,,oss120b
hpcagent-bench-runs/gpu-llr-focus40-20260915/639322/judge/rank-2/hpcagent_bench2.db,gpu-llr-focus40-qwen38-hip-skills-clean.n0.p38.w38,wf_diff_skew,gpu-llr-focus40-qwen38-hip-skills-clean,3.5674486300599653,graded,,4.66791327969673,4.0,4.0,1790287482404.0,hip,,,4.66791327969673,graded,,qwen38
hpcagent-bench-runs/gpu-llr-focus40-20260915/639321/judge/rank-2/hpcagent_bench2.db,gpu-llr-focus40-oss120b-hip-perf-playbook-amd-clean.n0.p30.w30,tsvc_2_s318,gpu-llr-focus40-oss120b-hip-perf-playbook-amd-clean,644.9044478717684,graded,,210.79020515187983,4.0,4.0,1790287578267.0,hip,,,224.61335234997367,graded,,oss120b
hpcagent-bench-runs/gpu-llr-focus40-20260917/640078/judge/rank-2/hpcagent_bench2.db,gpu-llr-focus40-qwen38-hip.n0.p34.w34,tsvc_2_vag,gpu-llr-focus40-qwen38-hip,7.337090602258028,graded,,11.986511850082946,4.0,4.0,1790287676042.0,hip,,,11.664425513329359,graded,,qwen38
hpcagent-bench-runs/gpu-llr-focus40-20260913/634994/judge/rank-1/hpcagent_bench1.db,gpu-llr-focus40-qwen38-hip-skills.n0.p1.w1,wf_triangular,gpu-llr-focus40-qwen38-hip-skills,23.506655187094903,graded,,17.733642465846035,4.0,4.0,1790287781969.0,hip,,,17.733642465846035,graded,,qwen38
hpcagent-bench-runs/gpu-llr-focus40-20260917/640642/judge/rank-0/hpcagent_bench0.db,gpu-llr-focus40-qwen38-hip.n0.p28.w28,tsvc_2_s318,gpu-llr-focus40-qwen38-hip,641.3933339966169,graded,,237.0984549167204,4.0,4.0,1790287851332.0,hip,,,221.29060229213022,graded,,qwen38
hpcagent-bench-runs/gpu-llr-focus40-20260915/638687/judge/rank-2/hpcagent_bench2.db,gpu-llr-focus40-qwen38-hip-perf-playbook-amd.n0.p34.w34,tsvc_2_vag,gpu-llr-focus40-qwen38-hip-perf-playbook-amd,7.325773817872798,graded,,10.804781242401598,4.0,4.0,1790288058699.0,hip,,,,,,qwen38
hpcagent-bench-runs/gpu-llr-focus40-20260915/639239/judge/rank-2/hpcagent_bench2.db,gpu-llr-focus40-qwen38-hip-clean.n0.p2.w2,ext_break_capture,gpu-llr-focus40-qwen38-hip,103.09317431733955,graded,,42.408617850236645,4.0,4.0,1790288127222.0,hip,,,0.0,error,no cell produced a measurement,qwen38
hpcagent-bench-runs/gpu-llr-focus40-20260918/641694/judge/rank-0/hpcagent_bench0.db,gpu-llr-focus40-qwen38-hip-perf-playbook-amd-clean.n0.p0.w0,ext_break_capture,gpu-llr-focus40-qwen38-hip-perf-playbook-amd,,graded,,275.8622989421196,4.0,1.0,1790288385750.0,hip,,,190.62450997590884,graded,,qwen38
hpcagent-bench-runs/gpu-llr-focus40-20260915/639322/judge/rank-2/hpcagent_bench2.db,gpu-llr-focus40-qwen38-hip-skills-clean.n0.p34.w34,tsvc_2_vag,gpu-llr-focus40-qwen38-hip-skills-clean,7.3330092002504275,graded,,15.299826359030826,4.0,4.0,1790288456379.0,hip,,,13.452887034290875,graded,,qwen38
hpcagent-bench-runs/gpu-llr-focus40-20260915/639325/judge/rank-0/hpcagent_bench0.db,gpu-llr-focus40-kimi27sglang-hip-clean.n0.p0.w0,argmax_with_index,gpu-llr-focus40-kimi27sglang-hip-clean,,not-portable,"not portable: builds on the CUDA backend only with AMD-only HIP overloads (/iopsstor/scratch/cscs/lhulsbergen/v2/llr40-daint-regrade/final_worklists/hip/translated/37f26a207187100ba73a8567cb625c7492c71c56142e6038e060ada787c835cb.device_source.cu(84): error: no instance of overloaded function ""atomicCAS"" matches the argument list)",,,,,hip,cuda,,257.1971175088253,graded,,kimi27sglang
hpcagent-bench-runs/gpu-llr-focus40-20260915/639331/judge/rank-0/hpcagent_bench0.db,gpu-llr-focus40-kimi27sglang-hip-perf-playbook-amd-clean.n0.p0.w0,argmax_with_index,gpu-llr-focus40-kimi27sglang-hip-perf-playbook-amd-clean,,not-portable,"not portable: builds on the CUDA backend only with AMD-only HIP overloads (/iopsstor/scratch/cscs/lhulsbergen/v2/llr40-daint-regrade/final_worklists/hip/translated/c06ebd39edeb7a5e1e6e704851289d9f347f601fbb7c0c091432890610b4cbe2.device_source.cu(11): error: identifier ""__shfl_down"" is undefined)",,,,,hip,cuda,,255.09400933065922,graded,,kimi27sglang
hpcagent-bench-runs/gpu-llr-focus40-20260915/639327/judge/rank-0/hpcagent_bench0.db,gpu-llr-focus40-kimi27sglang-hip-skills-clean.n0.p0.w0,argmax_with_index,gpu-llr-focus40-kimi27sglang-hip-skills-clean,,not-portable,"not portable: builds on the CUDA backend only with AMD-only HIP overloads (/iopsstor/scratch/cscs/lhulsbergen/v2/llr40-daint-regrade/final_worklists/hip/translated/2be7324a74e6dcdfd089913aeb3bb97813fd2e7bfebe00f22952c158d97c7e2e.device_source.cu(38): error: calling a constexpr __host__ function(""max"") from a __global__ function(""argmax_block_kernel"") is not allowed. The ex)",,,,,hip,cuda,,32.97674274875202,graded,,kimi27sglang
hpcagent-bench-runs/gpu-llr-focus40-20260917/640079/judge/rank-0/hpcagent_bench0.db,gpu-llr-focus40-oss120b-hip.n0.p0.w0,argmax_with_index,gpu-llr-focus40-oss120b-hip,,not-portable,"not portable: builds on the CUDA backend only with AMD-only HIP overloads (/iopsstor/scratch/cscs/lhulsbergen/v2/llr40-daint-regrade/final_worklists/hip/translated/95c3d3fea3ae280c8b79bc6103c4a7a46d2b22585531f1cdad26dc2c7f672091.device_source.cu(14): error: calling a constexpr __host__ function(""infinity"") from a __global__ function(""argmax_reduce_kernel"") is not allowed. )",,,,,hip,cuda,,107.96696037193335,graded,,oss120b
hpcagent-bench-runs/gpu-llr-focus40-20260915/638688/judge/rank-0/hpcagent_bench0.db,gpu-llr-focus40-oss120b-hip-perf-playbook-amd.n0.p0.w0,argmax_with_index,gpu-llr-focus40-oss120b-hip-perf-playbook-amd,,not-portable,"not portable: builds on the CUDA backend only with AMD-only HIP overloads (/iopsstor/scratch/cscs/lhulsbergen/v2/llr40-daint-regrade/final_worklists/hip/translated/e660729b9cb40578f7750e20fc1981b2702d787563c74264cc5f64c7d12d2268.device_source.cu(10): error: calling a constexpr __host__ function(""infinity"") from a __global__ function(""argmax_reduce_from_array"") is not allow)",,,,,hip,cuda,,,,,oss120b
hpcagent-bench-runs/gpu-llr-focus40-20260915/639321/judge/rank-0/hpcagent_bench0.db,gpu-llr-focus40-oss120b-hip-perf-playbook-amd-clean.n0.p0.w0,argmax_with_index,gpu-llr-focus40-oss120b-hip-perf-playbook-amd-clean,,not-portable,"not portable: builds on the CUDA backend only with AMD-only HIP overloads (/iopsstor/scratch/cscs/lhulsbergen/v2/llr40-daint-regrade/final_worklists/hip/translated/719db9c1359f5e8bbb04f445130682d48f366f24e01a2955c1d5417521cd9c8c.device_source.cu(14): error: calling a constexpr __host__ function(""infinity"") from a __global__ function(""argmax_reduce_kernel"") is not allowed. )",,,,,hip,cuda,,38.317022833546076,graded,,oss120b
hpcagent-bench-runs/gpu-llr-focus40-20260915/639322/judge/rank-0/hpcagent_bench0.db,gpu-llr-focus40-qwen38-hip-skills-clean.n0.p0.w0,argmax_with_index,gpu-llr-focus40-qwen38-hip-skills-clean,,not-portable,"not portable: builds on the CUDA backend only with AMD-only HIP overloads (/iopsstor/scratch/cscs/lhulsbergen/v2/llr40-daint-regrade/final_worklists/hip/translated/77225d873c46a6a663731d8b5dbf919760249d0e6c9b32bf4c8cffeb8b689072.device_source.cu(27): error: identifier ""__shfl_down"" is undefined)",,,,,hip,cuda,,217.59019845141702,graded,,qwen38
hpcagent-bench-runs/gpu-llr-focus40-20260915/639325/judge/rank-1/hpcagent_bench1.db,gpu-llr-focus40-kimi27sglang-hip-clean.n0.p1.w1,compact_threshold_pack,gpu-llr-focus40-kimi27sglang-hip-clean,,not-portable,"not portable: built on MI300A, does not build on HIP's CUDA backend (/iopsstor/scratch/cscs/lhulsbergen/v2/llr40-daint-regrade/final_worklists/hip/translated/a9faeb839a97800c982088335359f52d57da8a1d2035a81722bc8aff21c4cf8e.device_source.cu:2:10: fatal error: rocprim/block/block_reduce.hpp: No such file or directory)",,,,,hip,cuda,,4.125829534104039,graded,,kimi27sglang
hpcagent-bench-runs/gpu-llr-focus40-20260915/639331/judge/rank-1/hpcagent_bench1.db,gpu-llr-focus40-kimi27sglang-hip-perf-playbook-amd-clean.n0.p1.w1,compact_threshold_pack,gpu-llr-focus40-kimi27sglang-hip-perf-playbook-amd-clean,,not-portable,"not portable: built on MI300A, does not build on HIP's CUDA backend (/iopsstor/scratch/cscs/lhulsbergen/v2/llr40-daint-regrade/final_worklists/hip/translated/5b5832b10bd521e428cc0413fa53522c88ab7b0f149c7816f0b220f039f39fe8.source.cu:2:10: fatal error: rocprim/iterator/counting_iterator.hpp: No such file or directory)",,,,,hip,cuda,,142.05366902207467,graded,,kimi27sglang
hpcagent-bench-runs/gpu-llr-focus40-20260915/639327/judge/rank-1/hpcagent_bench1.db,gpu-llr-focus40-kimi27sglang-hip-skills-clean.n0.p1.w1,compact_threshold_pack,gpu-llr-focus40-kimi27sglang-hip-skills-clean,,not-portable,"not portable: built on MI300A, does not build on HIP's CUDA backend (/iopsstor/scratch/cscs/lhulsbergen/v2/llr40-daint-regrade/final_worklists/hip/translated/f786b4654400f1aa54f82aadc3e7e642cb025057beaea6d1d5ef77419be982ce.source.cu:5:10: fatal error: hipcub/hipcub.hpp: No such file or directory)",,,,,hip,cuda,,106.30837453171301,graded,,kimi27sglang
hpcagent-bench-runs/gpu-llr-focus40-20260917/640079/judge/rank-1/hpcagent_bench1.db,gpu-llr-focus40-oss120b-hip.n0.p1.w1,compact_threshold_pack,gpu-llr-focus40-oss120b-hip,,not-portable,"not portable: built on MI300A, does not build on HIP's CUDA backend (/iopsstor/scratch/cscs/lhulsbergen/v2/llr40-daint-regrade/final_worklists/hip/translated/721d82c7005871464ffdc6eb66dfe31eefa69569aaf20ac485962994c38ce525.source.cu:2:10: fatal error: hipcub/hipcub.hpp: No such file or directory)",,,,,hip,cuda,,2.3414928231819028,graded,,oss120b
hpcagent-bench-runs/gpu-llr-focus40-20260915/639315/judge/rank-1/hpcagent_bench1.db,gpu-llr-focus40-oss120b-hip-clean.n0.p1.w1,compact_threshold_pack,gpu-llr-focus40-oss120b-hip-clean,,not-portable,"not portable: built on MI300A, does not build on HIP's CUDA backend (/iopsstor/scratch/cscs/lhulsbergen/v2/llr40-daint-regrade/final_worklists/hip/translated/b009e8c2be7e8a31d0406810f50e428bea45fa3f825156f4944c35b940ed52ca.source.cu:2:10: fatal error: hipcub/hipcub.hpp: No such file or directory)",,,,,hip,cuda,,6.928101577160816,graded,,oss120b
hpcagent-bench-runs/gpu-llr-focus40-20260915/639321/judge/rank-1/hpcagent_bench1.db,gpu-llr-focus40-oss120b-hip-perf-playbook-amd-clean.n0.p1.w1,compact_threshold_pack,gpu-llr-focus40-oss120b-hip-perf-playbook-amd-clean,,not-portable,"not portable: built on MI300A, does not build on HIP's CUDA backend (/iopsstor/scratch/cscs/lhulsbergen/v2/llr40-daint-regrade/final_worklists/hip/translated/9b6c7c865c3359a3c5774a07d25ad1c3e5e5afc8eced19a486f7c89ded4fb7cd.source.cu(52): error: __host__ or __device__ annotation on lambda requires --extended-lambda nvcc flag)",,,,,hip,cuda,,1.6021476800075103,graded,,oss120b
hpcagent-bench-runs/gpu-llr-focus40-20260915/639317/judge/rank-1/hpcagent_bench1.db,gpu-llr-focus40-oss120b-hip-skills-clean.n0.p1.w1,compact_threshold_pack,gpu-llr-focus40-oss120b-hip-skills-clean,,not-portable,"not portable: built on MI300A, does not build on HIP's CUDA backend (/iopsstor/scratch/cscs/lhulsbergen/v2/llr40-daint-regrade/final_worklists/hip/translated/efcca212768dcbf1596b0490c0a56d1181c5bb38941abfca5ae7b2a712e6c3f1.source.cu:2:10: fatal error: hipcub/hipcub.hpp: No such file or directory)",,,,,hip,cuda,,4.253051588956457,graded,,oss120b
hpcagent-bench-runs/gpu-llr-focus40-20260918/641065/judge/rank-0/hpcagent_bench0.db,gpu-llr-focus40-qwen38-hip.n0.p0.w0,compact_threshold_pack,gpu-llr-focus40-qwen38-hip,,not-portable,"not portable: builds on the CUDA backend only with AMD-only HIP overloads (/iopsstor/scratch/cscs/lhulsbergen/v2/llr40-daint-regrade/final_worklists/hip/translated/7729d8b240a07a03527dea7b84aa28bb12b6d0b549d78540124d21779671c34f.device_source.cu(27): error: identifier ""__shfl_down"" is undefined)",,,,,hip,cuda,,142.05553033833328,graded,,qwen38
hpcagent-bench-runs/gpu-llr-focus40-20260915/638687/judge/rank-1/hpcagent_bench1.db,gpu-llr-focus40-qwen38-hip-perf-playbook-amd.n0.p1.w1,compact_threshold_pack,gpu-llr-focus40-qwen38-hip-perf-playbook-amd,,not-portable,"not portable: builds on the CUDA backend only with AMD-only HIP overloads (/iopsstor/scratch/cscs/lhulsbergen/v2/llr40-daint-regrade/final_worklists/hip/translated/246d360bed02ca15730142448efd4477cd022c5ce6fd0c35b8ac4fc43724dfc9.device_source.cu(21): error: identifier ""__shfl_up"" is undefined)",,,,,hip,cuda,,175.4154300188324,graded,,qwen38
hpcagent-bench-runs/gpu-llr-focus40-20260918/641692/judge/rank-0/hpcagent_bench0.db,gpu-llr-focus40-qwen38-hip-skills-clean.n0.p0.w0,compact_threshold_pack,gpu-llr-focus40-qwen38-hip-skills-clean,,not-portable,"not portable: built on MI300A, does not build on HIP's CUDA backend (/iopsstor/scratch/cscs/lhulsbergen/v2/llr40-daint-regrade/final_worklists/hip/translated/ebe6ae2e241b0f8ac72c9392aad8da0f37e2f9e570a6e6126727da01dabdb0ff.device_source.cu(144): error: namespace ""std"" has no member ""fprintf"")",,,,,hip,cuda,,181.10932140186216,graded,,qwen38
hpcagent-bench-runs/gpu-llr-focus40-20260915/639327/judge/rank-2/hpcagent_bench2.db,gpu-llr-focus40-kimi27sglang-hip-skills-clean.n0.p2.w2,ext_break_capture,gpu-llr-focus40-kimi27sglang-hip-skills-clean,,not-portable,"not portable: built on MI300A, does not build on HIP's CUDA backend (/iopsstor/scratch/cscs/lhulsbergen/v2/llr40-daint-regrade/final_worklists/hip/translated/a38afee9f1405989f97e7992c9b5b7c85ec70620c62465722ceb13eda0cac977.device_source.cu(51): error: identifier ""__builtin_nontemporal_load"" is undefined)",,,,,hip,cuda,,112.11487839474772,graded,,kimi27sglang
hpcagent-bench-runs/gpu-llr-focus40-20260918/641065/judge/rank-1/hpcagent_bench1.db,gpu-llr-focus40-qwen38-hip.n0.p1.w1,ext_break_capture,gpu-llr-focus40-qwen38-hip,,not-portable,"not portable: built on MI300A, does not build on HIP's CUDA backend (/iopsstor/scratch/cscs/lhulsbergen/v2/llr40-daint-regrade/final_worklists/hip/translated/6f34f465b4a02f0880ee51f8b280f3618fe0f67eee382efbd63ee24a1becf44a.device_source.cu(47): error: more than one instance of overloaded function ""min"" matches the argument list:)",,,,,hip,cuda,,158.48866569561596,graded,,qwen38
hpcagent-bench-runs/gpu-llr-focus40-20260918/641692/judge/rank-1/hpcagent_bench1.db,gpu-llr-focus40-qwen38-hip-skills-clean.n0.p1.w1,ext_break_capture,gpu-llr-focus40-qwen38-hip-skills-clean,,not-portable,"not portable: built on MI300A, does not build on HIP's CUDA backend (/iopsstor/scratch/cscs/lhulsbergen/v2/llr40-daint-regrade/final_worklists/hip/translated/e728b60aefc016009c040382d9937653a59cf544997dea2fd6c6f7c34f31aaea.device_source.cu(108): error: identifier ""__shfl_down"" is undefined)",,,,,hip,cuda,,64.10876022888941,graded,,qwen38
hpcagent-bench-runs/gpu-llr-focus40-20260915/639331/judge/rank-3/hpcagent_bench3.db,gpu-llr-focus40-kimi27sglang-hip-perf-playbook-amd-clean.n0.p3.w3,ext_war_unit,gpu-llr-focus40-kimi27sglang-hip-perf-playbook-amd-clean,,not-portable,"not portable: built on MI300A, does not build on HIP's CUDA backend (/iopsstor/scratch/cscs/lhulsbergen/v2/llr40-daint-regrade/final_worklists/hip/translated/446b13e2357507e870348509c70ad0578366e4ceabcc462139bc73adec114c47.device_source.cu(13): error: identifier ""__builtin_nontemporal_load"" is undefined)",,,,,hip,cuda,,45.06615564309332,graded,,kimi27sglang
hpcagent-bench-runs/gpu-llr-focus40-20260915/639327/judge/rank-3/hpcagent_bench3.db,gpu-llr-focus40-kimi27sglang-hip-skills-clean.n0.p3.w3,ext_war_unit,gpu-llr-focus40-kimi27sglang-hip-skills-clean,,not-portable,"not portable: built on MI300A, does not build on HIP's CUDA backend (/iopsstor/scratch/cscs/lhulsbergen/v2/llr40-daint-regrade/final_worklists/hip/translated/ec3761d0142559f7fe042a3a9a9a6d25b158a28f56442c6b89681a8f3b6c68f0.device_source.cu(15): error: identifier ""__builtin_nontemporal_load"" is undefined)",,,,,hip,cuda,,65.27767385473932,graded,,kimi27sglang
hpcagent-bench-runs/gpu-llr-focus40-20260915/639325/judge/rank-0/hpcagent_bench0.db,gpu-llr-focus40-kimi27sglang-hip-clean.n0.p4.w4,fuse_diamond,gpu-llr-focus40-kimi27sglang-hip-clean,,not-portable,"not portable: built on MI300A, does not build on HIP's CUDA backend (/iopsstor/scratch/cscs/lhulsbergen/v2/llr40-daint-regrade/final_worklists/hip/translated/ffd99efaa0fe2d791785e6c301ef0dc5173ecf33504f36c08de312223ab2827a.source.cu(2): error: identifier ""uint8_t"" is undefined)",,,,,hip,cuda,,778.5467249081663,graded,,kimi27sglang
hpcagent-bench-runs/gpu-llr-focus40-20260915/639331/judge/rank-0/hpcagent_bench0.db,gpu-llr-focus40-kimi27sglang-hip-perf-playbook-amd-clean.n0.p4.w4,fuse_diamond,gpu-llr-focus40-kimi27sglang-hip-perf-playbook-amd-clean,,not-portable,"not portable: built on MI300A, does not build on HIP's CUDA backend (/iopsstor/scratch/cscs/lhulsbergen/v2/llr40-daint-regrade/final_worklists/hip/translated/c7402d0f0b0634ba30fc9d860e058caca6f480dc6242e46d463ad1ce2c5673ab.device_source.cu(15): error: ""double2v"" (aka ""__attribute((vector_size(16))) double"") is a vector, which is not supported in device code)",,,,,hip,cuda,,701.8450718969399,graded,,kimi27sglang
hpcagent-bench-runs/gpu-llr-focus40-20260915/639327/judge/rank-0/hpcagent_bench0.db,gpu-llr-focus40-kimi27sglang-hip-skills-clean.n0.p4.w4,fuse_diamond,gpu-llr-focus40-kimi27sglang-hip-skills-clean,,not-portable,"not portable: built on MI300A, does not build on HIP's CUDA backend (/iopsstor/scratch/cscs/lhulsbergen/v2/llr40-daint-regrade/final_worklists/hip/translated/e68efe80b7a299cb3edc1790a1e660ca654ff7e2f369c486b7e5b85547889625.device_source.cu(10): error: identifier ""__builtin_nontemporal_load"" is undefined)",,,,,hip,cuda,,609.9658799867118,graded,,kimi27sglang
hpcagent-bench-runs/gpu-llr-focus40-20260917/640078/judge/rank-0/hpcagent_bench0.db,gpu-llr-focus40-qwen38-hip.n0.p4.w4,fuse_diamond,gpu-llr-focus40-qwen38-hip,,not-portable,"not portable: built on MI300A, does not build on HIP's CUDA backend (/iopsstor/scratch/cscs/lhulsbergen/v2/llr40-daint-regrade/final_worklists/hip/translated/362d2a501b8b894c427e8c9e6132c5332f8d4e974e63a25b2bcb8fc0a23fa00a.device_source.cu(9): error: unknown asm constraint letter 'v')",,,,,hip,cuda,,662.6350982755022,graded,,qwen38
hpcagent-bench-runs/gpu-llr-focus40-20260915/639325/judge/rank-1/hpcagent_bench1.db,gpu-llr-focus40-kimi27sglang-hip-clean.n0.p5.w5,fuse_move_ifs,gpu-llr-focus40-kimi27sglang-hip-clean,,not-portable,"not portable: built on MI300A, does not build on HIP's CUDA backend (/iopsstor/scratch/cscs/lhulsbergen/v2/llr40-daint-regrade/final_worklists/hip/translated/c76422d319cb2f29c6d734ad33756043efce8a098af96f08a21200754195e67f.device_source.cu(16): error: ""v2d"" (aka ""__attribute((vector_size(16))) double"") is a vector, which is not supported in device code)",,,,,hip,cuda,,30.076809302825506,graded,,kimi27sglang
hpcagent-bench-runs/gpu-llr-focus40-20260915/639331/judge/rank-1/hpcagent_bench1.db,gpu-llr-focus40-kimi27sglang-hip-perf-playbook-amd-clean.n0.p5.w5,fuse_move_ifs,gpu-llr-focus40-kimi27sglang-hip-perf-playbook-amd-clean,,not-portable,"not portable: built on MI300A, does not build on HIP's CUDA backend (/iopsstor/scratch/cscs/lhulsbergen/v2/llr40-daint-regrade/final_worklists/hip/translated/66b0bcb87e059ba868c6cf8174da0e7e6a5c41e272b8a8ca0760e0a01adbf48b.device_source.cu(17): error: identifier ""__builtin_nontemporal_store"" is undefined)",,,,,hip,cuda,,20.8195085361356,graded,,kimi27sglang
hpcagent-bench-runs/gpu-llr-focus40-20260915/639327/judge/rank-2/hpcagent_bench2.db,gpu-llr-focus40-kimi27sglang-hip-skills-clean.n0.p6.w6,fuse_stencil_through_transient,gpu-llr-focus40-kimi27sglang-hip-skills-clean,,not-portable,"not portable: built on MI300A, does not build on HIP's CUDA backend (/iopsstor/scratch/cscs/lhulsbergen/v2/llr40-daint-regrade/final_worklists/hip/translated/bf8cb1c3d408e3ff34d763b1eb817707def2c3cba40fc4ef2dbd3e14d7519f88.device_source.cu(12): error: identifier ""__builtin_nontemporal_store"" is undefined)",,,,,hip,cuda,,91.13942457678057,graded,,kimi27sglang
hpcagent-bench-runs/gpu-llr-focus40-20260915/639325/judge/rank-3/hpcagent_bench3.db,gpu-llr-focus40-kimi27sglang-hip-clean.n0.p7.w7,quasi_affine_reduce_odd,gpu-llr-focus40-kimi27sglang-hip-clean,,not-portable,"not portable: built on MI300A, does not build on HIP's CUDA backend (/iopsstor/scratch/cscs/lhulsbergen/v2/llr40-daint-regrade/final_worklists/hip/translated/004f8cc57125a5d9952bb2945e5679bb7a0c51446ce429938c382f8283d659ed.device_source.cu(10): error: identifier ""__builtin_nontemporal_load"" is undefined)",,,,,hip,cuda,,166.59417040932252,graded,,kimi27sglang
hpcagent-bench-runs/gpu-llr-focus40-20260915/639331/judge/rank-3/hpcagent_bench3.db,gpu-llr-focus40-kimi27sglang-hip-perf-playbook-amd-clean.n0.p7.w7,quasi_affine_reduce_odd,gpu-llr-focus40-kimi27sglang-hip-perf-playbook-amd-clean,,not-portable,"not portable: builds on the CUDA backend only with AMD-only HIP overloads (/iopsstor/scratch/cscs/lhulsbergen/v2/llr40-daint-regrade/final_worklists/hip/translated/59fd6fc7a2601462487efeb64a45e6127e4d75bc9486d7ac496dc3131780ebac.device_source.cu(7): error: identifier ""__shfl_down"" is undefined)",,,,,hip,cuda,,138.8573088059571,graded,,kimi27sglang
hpcagent-bench-runs/gpu-llr-focus40-20260915/639327/judge/rank-3/hpcagent_bench3.db,gpu-llr-focus40-kimi27sglang-hip-skills-clean.n0.p7.w7,quasi_affine_reduce_odd,gpu-llr-focus40-kimi27sglang-hip-skills-clean,,not-portable,"not portable: built on MI300A, does not build on HIP's CUDA backend (/iopsstor/scratch/cscs/lhulsbergen/v2/llr40-daint-regrade/final_worklists/hip/translated/3dbac03d9cba324f025ba6e9e2d8f800b1be32bfb5aed7275d2e988553fd4b3d.device_source.cu(14): error: identifier ""__builtin_nontemporal_load"" is undefined)",,,,,hip,cuda,,161.24553842549506,graded,,kimi27sglang
hpcagent-bench-runs/gpu-llr-focus40-20260915/638687/judge/rank-3/hpcagent_bench3.db,gpu-llr-focus40-qwen38-hip-perf-playbook-amd.n0.p7.w7,quasi_affine_reduce_odd,gpu-llr-focus40-qwen38-hip-perf-playbook-amd,,not-portable,"not portable: builds on the CUDA backend only with AMD-only HIP overloads (/iopsstor/scratch/cscs/lhulsbergen/v2/llr40-daint-regrade/final_worklists/hip/translated/0e47fb251295bfe4af936b32195cc921f12402cc450e2557df693d6c748f3738.device_source.cu(44): error: identifier ""__shfl_down"" is undefined)",,,,,hip,cuda,,151.73830458125826,graded,,qwen38
hpcagent-bench-runs/gpu-llr-focus40-20260915/639322/judge/rank-3/hpcagent_bench3.db,gpu-llr-focus40-qwen38-hip-skills-clean.n0.p7.w7,quasi_affine_reduce_odd,gpu-llr-focus40-qwen38-hip-skills-clean,,not-portable,"not portable: builds on the CUDA backend only with AMD-only HIP overloads (/iopsstor/scratch/cscs/lhulsbergen/v2/llr40-daint-regrade/final_worklists/hip/translated/e0cb07ad85da9fc305c573db12a7a9a73918597ee03ab50519dde6a6a65d7923.device_source.cu(33): error: identifier ""__shfl_down"" is undefined)",,,,,hip,cuda,,139.52984421555416,graded,,qwen38
hpcagent-bench-runs/gpu-llr-focus40-20260915/639327/judge/rank-0/hpcagent_bench0.db,gpu-llr-focus40-kimi27sglang-hip-skills-clean.n0.p8.w8,scan_affine_decay,gpu-llr-focus40-kimi27sglang-hip-skills-clean,,not-portable,"not portable: built on MI300A, does not build on HIP's CUDA backend (/iopsstor/scratch/cscs/lhulsbergen/v2/llr40-daint-regrade/final_worklists/hip/translated/17bc16ce005f14b2012a849ea56a1e54d51a59296db36eeef82fa45832c61eb0.device_source.cu:2:10: fatal error: hipcub/hipcub.hpp: No such file or directory)",,,,,hip,cuda,,8.53158528159928,graded,,kimi27sglang
hpcagent-bench-runs/gpu-llr-focus40-20260915/639317/judge/rank-0/hpcagent_bench0.db,gpu-llr-focus40-oss120b-hip-skills-clean.n0.p8.w8,scan_affine_decay,gpu-llr-focus40-oss120b-hip-skills-clean,,not-portable,"not portable: built on MI300A, does not build on HIP's CUDA backend (/iopsstor/scratch/cscs/lhulsbergen/v2/llr40-daint-regrade/final_worklists/hip/translated/3b7fda5d628f479c199b9e7782fe06643c32b1097dfe216a18eb12f986f80c32.source.cu:3:10: fatal error: /opt/rocm/include/hip/hip_runtime.h: No such file or directory)",,,,,hip,cuda,,2.641202923263761,graded,,oss120b
hpcagent-bench-runs/gpu-llr-focus40-20260917/640642/judge/rank-3/hpcagent_bench3.db,gpu-llr-focus40-qwen38-hip.n0.p7.w7,scan_affine_decay,gpu-llr-focus40-qwen38-hip,,not-portable,"not portable: builds on the CUDA backend only with AMD-only HIP overloads (/iopsstor/scratch/cscs/lhulsbergen/v2/llr40-daint-regrade/final_worklists/hip/translated/36f464685ec0eab5c5f0d640740642ffea82ac8536b0d050c10308e97400eae6.device_source.cu(48): error: calling a constexpr __host__ function(""min"") from a __global__ function(""k_block_totals"") is not allowed. The experim)",,,,,hip,cuda,,67.55341035246441,graded,,qwen38
hpcagent-bench-runs/gpu-llr-focus40-20260911/632995/judge/rank-0/hpcagent_bench0.db,gpu-llr-focus40-qwen38-hip-skills.n0.p0.w0,scan_affine_decay,gpu-llr-focus40-qwen38-hip-skills,,not-portable,"not portable: builds on the CUDA backend only with AMD-only HIP overloads (/iopsstor/scratch/cscs/lhulsbergen/v2/llr40-daint-regrade/final_worklists/hip/translated/9f28b9749a15ec55ef4f5739fbcd65cf049ba99b43939f0bd90b992ab064ebbb.device_source.cu(25): error: identifier ""__shfl_up"" is undefined)",,,,,hip,cuda,,81.72006237774472,graded,,qwen38
hpcagent-bench-runs/gpu-llr-focus40-20260915/639331/judge/rank-1/hpcagent_bench1.db,gpu-llr-focus40-kimi27sglang-hip-perf-playbook-amd-clean.n0.p9.w9,scatter_accum_dup,gpu-llr-focus40-kimi27sglang-hip-perf-playbook-amd-clean,,not-portable,"not portable: built on MI300A, does not build on HIP's CUDA backend (/iopsstor/scratch/cscs/lhulsbergen/v2/llr40-daint-regrade/final_worklists/hip/translated/6e75ba9aa9c1cfae606e014ec9633335d70cbb45d946e0f7594bf06930884137.device_source.cu(8): error: identifier ""__builtin_nontemporal_load"" is undefined)",,,,,hip,cuda,,215.5964414004178,graded,,kimi27sglang
hpcagent-bench-runs/gpu-llr-focus40-20260915/639325/judge/rank-2/hpcagent_bench2.db,gpu-llr-focus40-kimi27sglang-hip-clean.n0.p10.w10,segment_reduce_ragged,gpu-llr-focus40-kimi27sglang-hip-clean,,not-portable,"not portable: built on MI300A, does not build on HIP's CUDA backend (/iopsstor/scratch/cscs/lhulsbergen/v2/llr40-daint-regrade/final_worklists/hip/translated/44e52cdea771f3df390da9f37924d4af0799c94c77db13363bf801b6912e4a47.device_source.cu(46): error: no instance of overloaded function ""atomicAdd"" matches the argument list)",,,,,hip,cuda,,11.52210408241693,graded,,kimi27sglang
hpcagent-bench-runs/gpu-llr-focus40-20260915/639331/judge/rank-2/hpcagent_bench2.db,gpu-llr-focus40-kimi27sglang-hip-perf-playbook-amd-clean.n0.p10.w10,segment_reduce_ragged,gpu-llr-focus40-kimi27sglang-hip-perf-playbook-amd-clean,,not-portable,"not portable: built on MI300A, does not build on HIP's CUDA backend (/iopsstor/scratch/cscs/lhulsbergen/v2/llr40-daint-regrade/final_worklists/hip/translated/c3a655f45313bdac49a6077749c4f8f68e9eb681144c532ba426531ed4d31fad.device_source.cu(19): error: no instance of overloaded function ""atomicAdd"" matches the argument list)",,,,,hip,cuda,,71.19696888509372,graded,,kimi27sglang
hpcagent-bench-runs/gpu-llr-focus40-20260915/639327/judge/rank-2/hpcagent_bench2.db,gpu-llr-focus40-kimi27sglang-hip-skills-clean.n0.p10.w10,segment_reduce_ragged,gpu-llr-focus40-kimi27sglang-hip-skills-clean,,not-portable,"not portable: builds on the CUDA backend only with AMD-only HIP overloads (/iopsstor/scratch/cscs/lhulsbergen/v2/llr40-daint-regrade/final_worklists/hip/translated/ef7f7bf7261b49ba4ab1cec1f7e3e788cd1352e6d6118080d2d7b45df901cf28.device_source.cu(25): error: identifier ""__shfl_down"" is undefined)",,,,,hip,cuda,,103.21008851104611,graded,,kimi27sglang
hpcagent-bench-runs/gpu-llr-focus40-20260915/639321/judge/rank-2/hpcagent_bench2.db,gpu-llr-focus40-oss120b-hip-perf-playbook-amd-clean.n0.p10.w10,segment_reduce_ragged,gpu-llr-focus40-oss120b-hip-perf-playbook-amd-clean,,not-portable,not portable: AMD-only code in 128a926f8105b018f864ca247bffde1b11dade0108868c36d12d24d254fde6e0.txt,,,,,hip,hip,,70.6568263141822,graded,,oss120b
hpcagent-bench-runs/gpu-llr-focus40-20260915/639322/judge/rank-2/hpcagent_bench2.db,gpu-llr-focus40-qwen38-hip-skills-clean.n0.p10.w10,segment_reduce_ragged,gpu-llr-focus40-qwen38-hip-skills-clean,,not-portable,"not portable: builds on the CUDA backend only with AMD-only HIP overloads (/iopsstor/scratch/cscs/lhulsbergen/v2/llr40-daint-regrade/final_worklists/hip/translated/461d075eb01b0b586f393186b272434a3c75aafcd8239ebce18f9ee58cd2714f.device_source.cu(34): error: identifier ""__shfl_down"" is undefined)",,,,,hip,cuda,,78.73046420035936,graded,,qwen38
hpcagent-bench-runs/gpu-llr-focus40-20260915/639331/judge/rank-2/hpcagent_bench2.db,gpu-llr-focus40-kimi27sglang-hip-perf-playbook-amd-clean.n0.p14.w14,tsvc_2_s1244,gpu-llr-focus40-kimi27sglang-hip-perf-playbook-amd-clean,,not-portable,"not portable: built on MI300A, does not build on HIP's CUDA backend (ptxas error   : Entry function '_Z10s1244_mainPdPKdS1_S_S1_l' uses too much shared data (0xc008 bytes, 0xc000 max))",,,,,hip,cuda,,53.400021884468046,graded,,kimi27sglang
hpcagent-bench-runs/gpu-llr-focus40-20260915/639325/judge/rank-3/hpcagent_bench3.db,gpu-llr-focus40-kimi27sglang-hip-clean.n0.p15.w15,tsvc_2_s152,gpu-llr-focus40-kimi27sglang-hip-clean,,not-portable,"not portable: built on MI300A, does not build on HIP's CUDA backend (/iopsstor/scratch/cscs/lhulsbergen/v2/llr40-daint-regrade/final_worklists/hip/translated/767cfabcc23a8f513cb1b36986a17fbffb56e4cb32045b42c9148b69585f755a.device_source.cu(27): error: identifier ""__builtin_nontemporal_store"" is undefined)",,,,,hip,cuda,,36.11171169154057,graded,,kimi27sglang
hpcagent-bench-runs/gpu-llr-focus40-20260915/639331/judge/rank-3/hpcagent_bench3.db,gpu-llr-focus40-kimi27sglang-hip-perf-playbook-amd-clean.n0.p15.w15,tsvc_2_s152,gpu-llr-focus40-kimi27sglang-hip-perf-playbook-amd-clean,,not-portable,"not portable: built on MI300A, does not build on HIP's CUDA backend (/iopsstor/scratch/cscs/lhulsbergen/v2/llr40-daint-regrade/final_worklists/hip/translated/26d436ea8d57036522bff0c5cd6b01f0d3596477d0f2aa0293193a3b18fbdb88.device_source.cu(13): error: identifier ""__builtin_nontemporal_store"" is undefined)",,,,,hip,cuda,,36.01653328353376,graded,,kimi27sglang
hpcagent-bench-runs/gpu-llr-focus40-20260915/639327/judge/rank-3/hpcagent_bench3.db,gpu-llr-focus40-kimi27sglang-hip-skills-clean.n0.p15.w15,tsvc_2_s152,gpu-llr-focus40-kimi27sglang-hip-skills-clean,,not-portable,"not portable: built on MI300A, does not build on HIP's CUDA backend (/iopsstor/scratch/cscs/lhulsbergen/v2/llr40-daint-regrade/final_worklists/hip/translated/6e4c1a579c97db20e060060c4d58d589e3871a68e8362d9e00c1fd128cfdee56.device_source.cu(14): error: identifier ""__builtin_nontemporal_load"" is undefined)",,,,,hip,cuda,,40.77304714278929,graded,,kimi27sglang
hpcagent-bench-runs/gpu-llr-focus40-20260915/639321/judge/rank-3/hpcagent_bench3.db,gpu-llr-focus40-oss120b-hip-perf-playbook-amd-clean.n0.p15.w15,tsvc_2_s152,gpu-llr-focus40-oss120b-hip-perf-playbook-amd-clean,,not-portable,"not portable: built on MI300A, does not build on HIP's CUDA backend (/iopsstor/scratch/cscs/lhulsbergen/v2/llr40-daint-regrade/final_worklists/hip/translated/3263c44ec5be0728048cda0c1527b2cf285b63ecc67b41c0f8f01086a49a25a9.source.cu(4): error: type ""dim3"" has already been defined (previous definition at line 445 of /user-environment/env/default/bin/../targets/sbsa-li)",,,,,hip,cuda,,36.114305207710615,graded,,oss120b
hpcagent-bench-runs/gpu-llr-focus40-20260915/639322/judge/rank-3/hpcagent_bench3.db,gpu-llr-focus40-qwen38-hip-skills-clean.n0.p15.w15,tsvc_2_s152,gpu-llr-focus40-qwen38-hip-skills-clean,,not-portable,"not portable: built on MI300A, does not build on HIP's CUDA backend (/iopsstor/scratch/cscs/lhulsbergen/v2/llr40-daint-regrade/final_worklists/hip/translated/056381e6f6d039c79e117a101c938fa7353ae8b3709ccd4b81227c98cd7e9652.device_source.cu(11): error: identifier ""__builtin_nontemporal_load"" is undefined)",,,,,hip,cuda,,41.155265160115206,graded,,qwen38
hpcagent-bench-runs/gpu-llr-focus40-20260915/639325/judge/rank-1/hpcagent_bench1.db,gpu-llr-focus40-kimi27sglang-hip-clean.n0.p17.w17,tsvc_2_s2275,gpu-llr-focus40-kimi27sglang-hip-clean,,not-portable,"not portable: built on MI300A, does not build on HIP's CUDA backend (/iopsstor/scratch/cscs/lhulsbergen/v2/llr40-daint-regrade/final_worklists/hip/translated/c3b3c52c1bc3a554c702d98f7866802feb694b2c71139e973330409d123027de.device_source.cu(18): error: identifier ""__builtin_nontemporal_load"" is undefined)",,,,,hip,cuda,,33.301735229850685,graded,,kimi27sglang
hpcagent-bench-runs/gpu-llr-focus40-20260915/639331/judge/rank-2/hpcagent_bench2.db,gpu-llr-focus40-kimi27sglang-hip-perf-playbook-amd-clean.n0.p18.w18,tsvc_2_s231,gpu-llr-focus40-kimi27sglang-hip-perf-playbook-amd-clean,,not-portable,"not portable: built on MI300A, does not build on HIP's CUDA backend (/iopsstor/scratch/cscs/lhulsbergen/v2/llr40-daint-regrade/final_worklists/hip/translated/b9b424a3bfd3e363318a038650ecc63458cb8bdcd0bb5dc5d085392432b7da93.device_source.cu(47): error: identifier ""__builtin_nontemporal_store"" is undefined)",,,,,hip,cuda,,19.78962280883477,graded,,kimi27sglang
hpcagent-bench-runs/gpu-llr-focus40-20260915/639331/judge/rank-3/hpcagent_bench3.db,gpu-llr-focus40-kimi27sglang-hip-perf-playbook-amd-clean.n0.p19.w19,tsvc_2_s233,gpu-llr-focus40-kimi27sglang-hip-perf-playbook-amd-clean,,not-portable,"not portable: built on MI300A, does not build on HIP's CUDA backend (/iopsstor/scratch/cscs/lhulsbergen/v2/llr40-daint-regrade/final_worklists/hip/translated/8d71a6124a0d2c10d7685ff7229f0c656f1b41bd01e36cc5b576aad23d02984f.device_source.cu:4:10: fatal error: rocprim/rocprim.hpp: No such file or directory)",,,,,hip,cuda,,280.5429906367996,graded,,kimi27sglang
hpcagent-bench-runs/gpu-llr-focus40-20260911/632995/judge/rank-2/hpcagent_bench2.db,gpu-llr-focus40-qwen38-hip-skills.n0.p2.w2,tsvc_2_s233,gpu-llr-focus40-qwen38-hip-skills,,not-portable,"not portable: built on MI300A, does not build on HIP's CUDA backend (/iopsstor/scratch/cscs/lhulsbergen/v2/llr40-daint-regrade/final_worklists/hip/translated/b39f3973e56437158b33d471aff62b7e81ad57e2c0a024e7f6b6d0ea71e3a1d3.device_source.cu(78): error: identifier ""__shfl_up"" is undefined)",,,,,hip,cuda,,854.7691744749958,graded,,qwen38
hpcagent-bench-runs/gpu-llr-focus40-20260918/641788/judge/rank-0/hpcagent_bench0.db,gpu-llr-focus40-kimi27sglang-hip-perf-playbook-amd-clean.n0.p0.w0,tsvc_2_s235,gpu-llr-focus40-kimi27sglang-hip-perf-playbook-amd-clean,,not-portable,"not portable: built on MI300A, does not build on HIP's CUDA backend (/iopsstor/scratch/cscs/lhulsbergen/v2/llr40-daint-regrade/final_worklists/hip/translated/24d5d55dd0f0c40778d5ec124051d3815a0a52840e44ec97eb645c60ecf32420.device_source.cu:2:10: fatal error: rocprim/thread/thread_store.hpp: No such file or directory)",,,,,hip,cuda,,29.983743263616994,graded,,kimi27sglang
hpcagent-bench-runs/gpu-llr-focus40-20260915/639321/judge/rank-0/hpcagent_bench0.db,gpu-llr-focus40-oss120b-hip-perf-playbook-amd-clean.n0.p20.w20,tsvc_2_s235,gpu-llr-focus40-oss120b-hip-perf-playbook-amd-clean,,not-portable,"not portable: built on MI300A, does not build on HIP's CUDA backend (/iopsstor/scratch/cscs/lhulsbergen/v2/llr40-daint-regrade/final_worklists/hip/translated/21aab84aaa2a1e8665c80c8612da38986284f6f27888593e6149f970a5209d39.source.cu(5): error: type ""dim3"" has already been defined (previous definition at line 445 of /user-environment/env/default/bin/../targets/sbsa-li)",,,,,hip,cuda,,5.385550067435193,graded,,oss120b
hpcagent-bench-runs/gpu-llr-focus40-20260918/641692/judge/rank-1/hpcagent_bench1.db,gpu-llr-focus40-qwen38-hip-skills-clean.n0.p5.w5,tsvc_2_s235,gpu-llr-focus40-qwen38-hip-skills-clean,,not-portable,"not portable: builds on the CUDA backend only with AMD-only HIP overloads (/iopsstor/scratch/cscs/lhulsbergen/v2/llr40-daint-regrade/final_worklists/hip/translated/4ce54ed548174af449725627ab422a4426735011b2ae237bef076cd0937f3045.device_source.cu(90): error: identifier ""__shfl_up"" is undefined)",,,,,hip,cuda,,19.626905300853334,graded,,qwen38
hpcagent-bench-runs/gpu-llr-focus40-20260918/641788/judge/rank-1/hpcagent_bench1.db,gpu-llr-focus40-kimi27sglang-hip-perf-playbook-amd-clean.n0.p1.w1,tsvc_2_s252,gpu-llr-focus40-kimi27sglang-hip-perf-playbook-amd-clean,,not-portable,"not portable: built on MI300A, does not build on HIP's CUDA backend (/iopsstor/scratch/cscs/lhulsbergen/v2/llr40-daint-regrade/final_worklists/hip/translated/5e92b338b10628da0fe5c4d88ff769fd121455996fa9834c1811651a39054160.device_source.cu(42): error: identifier ""__builtin_nontemporal_store"" is undefined)",,,,,hip,cuda,,,,,kimi27sglang
hpcagent-bench-runs/gpu-llr-focus40-20260917/640078/judge/rank-1/hpcagent_bench1.db,gpu-llr-focus40-qwen38-hip.n0.p21.w21,tsvc_2_s252,gpu-llr-focus40-qwen38-hip,,not-portable,"not portable: built on MI300A, does not build on HIP's CUDA backend (/iopsstor/scratch/cscs/lhulsbergen/v2/llr40-daint-regrade/final_worklists/hip/translated/f270c4b902f6254401ff0e0e8c24f03b0cdffa59ed4a3a440c18d62d7b8415a4.device_source.cu(8): error: unknown asm constraint letter 'v')",,,,,hip,cuda,,60.26522406549164,graded,,qwen38
hpcagent-bench-runs/gpu-llr-focus40-20260915/639322/judge/rank-1/hpcagent_bench1.db,gpu-llr-focus40-qwen38-hip-skills-clean.n0.p21.w21,tsvc_2_s252,gpu-llr-focus40-qwen38-hip-skills-clean,,not-portable,"not portable: built on MI300A, does not build on HIP's CUDA backend (/iopsstor/scratch/cscs/lhulsbergen/v2/llr40-daint-regrade/final_worklists/hip/translated/b7dbc076632b4dd3422ea668511acce86ae3a3225fa9bc3db9c094358ac4f0b1.device_source.cu(28): error: expression must have class type but it has type ""v2d"" (aka ""double""))",,,,,hip,cuda,,60.74491252813263,graded,,qwen38
hpcagent-bench-runs/gpu-llr-focus40-20260918/641703/judge/rank-1/hpcagent_bench1.db,gpu-llr-focus40-kimi27sglang-hip-clean.n0.p1.w1,tsvc_2_s255,gpu-llr-focus40-kimi27sglang-hip-clean,,not-portable,"not portable: built on MI300A, does not build on HIP's CUDA backend (/iopsstor/scratch/cscs/lhulsbergen/v2/llr40-daint-regrade/final_worklists/hip/translated/55da58e4ebb4b9abc91ef730ba91116d4dbe12ca72efd6ceeb27cffd5aab1a56.device_source.cu(31): error: identifier ""__builtin_nontemporal_store"" is undefined)",,,,,hip,cuda,,83.27297494221632,graded,,kimi27sglang
hpcagent-bench-runs/gpu-llr-focus40-20260915/639331/judge/rank-2/hpcagent_bench2.db,gpu-llr-focus40-kimi27sglang-hip-perf-playbook-amd-clean.n0.p22.w22,tsvc_2_s255,gpu-llr-focus40-kimi27sglang-hip-perf-playbook-amd-clean,,not-portable,"not portable: built on MI300A, does not build on HIP's CUDA backend (/iopsstor/scratch/cscs/lhulsbergen/v2/llr40-daint-regrade/final_worklists/hip/translated/6f4b0351e3fce6962a2ebcb899f9198b212b8b688326b6d4f4215240eaa2a219.device_source.cu(16): error: identifier ""__builtin_nontemporal_store"" is undefined)",,,,,hip,cuda,,81.71888739494081,graded,,kimi27sglang
hpcagent-bench-runs/gpu-llr-focus40-20260915/639327/judge/rank-3/hpcagent_bench3.db,gpu-llr-focus40-kimi27sglang-hip-skills-clean.n0.p23.w23,tsvc_2_s2710,gpu-llr-focus40-kimi27sglang-hip-skills-clean,,not-portable,"not portable: built on MI300A, does not build on HIP's CUDA backend (/iopsstor/scratch/cscs/lhulsbergen/v2/llr40-daint-regrade/final_worklists/hip/translated/7d9e4bab126c0cd2ad183f31c288676bcbb5ffdcdee7b966411483394fdf3338.device_source.cu(42): error: identifier ""__builtin_nontemporal_load"" is undefined)",,,,,hip,cuda,,10.199585047219676,graded,,kimi27sglang
hpcagent-bench-runs/gpu-llr-focus40-20260917/640642/judge/rank-1/hpcagent_bench1.db,gpu-llr-focus40-qwen38-hip.n0.p21.w21,tsvc_2_s2710,gpu-llr-focus40-qwen38-hip,,not-portable,"not portable: built on MI300A, does not build on HIP's CUDA backend (/iopsstor/scratch/cscs/lhulsbergen/v2/llr40-daint-regrade/final_worklists/hip/translated/09dd0a2514e4ba24298e6b74dbd9239b866efd26a336bd9e53dfb05fc09e4896.device_source.cu(18): error: identifier ""__builtin_nontemporal_load"" is undefined)",,,,,hip,cuda,,10.36612203458536,graded,,qwen38
hpcagent-bench-runs/gpu-llr-focus40-20260915/638687/judge/rank-3/hpcagent_bench3.db,gpu-llr-focus40-qwen38-hip-perf-playbook-amd.n0.p23.w23,tsvc_2_s2710,gpu-llr-focus40-qwen38-hip-perf-playbook-amd,,not-portable,"not portable: built on MI300A, does not build on HIP's CUDA backend (/iopsstor/scratch/cscs/lhulsbergen/v2/llr40-daint-regrade/final_worklists/hip/translated/5446f505803fc598b3e08de5c5e938775e4001dda526a6436ccd48fa722a3556.device_source.cu(7): error: unknown asm constraint letter 'v')",,,,,hip,cuda,,,,,qwen38
hpcagent-bench-runs/gpu-llr-focus40-20260918/641703/judge/rank-2/hpcagent_bench2.db,gpu-llr-focus40-kimi27sglang-hip-clean.n0.p2.w2,tsvc_2_s275,gpu-llr-focus40-kimi27sglang-hip-clean,,not-portable,"not portable: built on MI300A, does not build on HIP's CUDA backend (/iopsstor/scratch/cscs/lhulsbergen/v2/llr40-daint-regrade/final_worklists/hip/translated/99f15fc89258b61eefa79e4c4f0594caecb3f19e95d8a08cbdda5575c559f9e3.device_source.cu(20): error: identifier ""__builtin_nontemporal_store"" is undefined)",,,,,hip,cuda,,25.350373453080305,graded,,kimi27sglang
hpcagent-bench-runs/gpu-llr-focus40-20260918/641703/judge/rank-3/hpcagent_bench3.db,gpu-llr-focus40-kimi27sglang-hip-clean.n0.p3.w3,tsvc_2_s311,gpu-llr-focus40-kimi27sglang-hip-clean,,not-portable,"not portable: builds on the CUDA backend only with AMD-only HIP overloads (/iopsstor/scratch/cscs/lhulsbergen/v2/llr40-daint-regrade/final_worklists/hip/translated/2187fcbeee42838212089720d9adb122f687c13d0ed0e12c1ac695a8e7818b23.device_source.cu(30): error: identifier ""__shfl_down"" is undefined)",,,,,hip,cuda,,255.96953773997322,graded,,kimi27sglang
hpcagent-bench-runs/gpu-llr-focus40-20260915/639331/judge/rank-1/hpcagent_bench1.db,gpu-llr-focus40-kimi27sglang-hip-perf-playbook-amd-clean.n0.p25.w25,tsvc_2_s311,gpu-llr-focus40-kimi27sglang-hip-perf-playbook-amd-clean,,not-portable,"not portable: builds on the CUDA backend only with AMD-only HIP overloads (/iopsstor/scratch/cscs/lhulsbergen/v2/llr40-daint-regrade/final_worklists/hip/translated/f1f1505e309f7fec23f41898db50b649d68c15c9c079bfc42304275fc9eba4c8.device_source.cu(17): error: identifier ""__shfl_xor"" is undefined)",,,,,hip,cuda,,245.68943139053226,graded,,kimi27sglang
hpcagent-bench-runs/gpu-llr-focus40-20260915/639317/judge/rank-1/hpcagent_bench1.db,gpu-llr-focus40-oss120b-hip-skills-clean.n0.p25.w25,tsvc_2_s311,gpu-llr-focus40-oss120b-hip-skills-clean,,not-portable,"not portable: built on MI300A, does not build on HIP's CUDA backend (/iopsstor/scratch/cscs/lhulsbergen/v2/llr40-daint-regrade/final_worklists/hip/translated/1d1b1a34333b11eff83a7c318a1e971b26469f9f593f9dc8c0b9919b90e7232e.device_source.cu:2:10: fatal error: hipcub/hipcub.hpp: No such file or directory)",,,,,hip,cuda,,233.6280189817226,graded,,oss120b
hpcagent-bench-runs/gpu-llr-focus40-20260915/639322/judge/rank-1/hpcagent_bench1.db,gpu-llr-focus40-qwen38-hip-skills-clean.n0.p25.w25,tsvc_2_s311,gpu-llr-focus40-qwen38-hip-skills-clean,,not-portable,"not portable: builds on the CUDA backend only with AMD-only HIP overloads (/iopsstor/scratch/cscs/lhulsbergen/v2/llr40-daint-regrade/final_worklists/hip/translated/8cda7ec2d461b8403e871eeecac4f32ed448f6b0c71c80b3bd876bf821306b66.device_source.cu(14): error: identifier ""__shfl_down"" is undefined)",,,,,hip,cuda,,233.93724155747384,graded,,qwen38
hpcagent-bench-runs/gpu-llr-focus40-20260915/639331/judge/rank-2/hpcagent_bench2.db,gpu-llr-focus40-kimi27sglang-hip-perf-playbook-amd-clean.n0.p26.w26,tsvc_2_s3110,gpu-llr-focus40-kimi27sglang-hip-perf-playbook-amd-clean,,not-portable,"not portable: builds on the CUDA backend only with AMD-only HIP overloads (/iopsstor/scratch/cscs/lhulsbergen/v2/llr40-daint-regrade/final_worklists/hip/translated/864e94021d56f88ef52f66a6fe17ae25198ef2c9d50e6eb843863c614a59495a.device_source.cu(27): error: calling a constexpr __host__ function(""infinity"") from a __global__ function(""reduce_max_stage1"") is not allowed. The)",,,,,hip,cuda,,83.34497989583629,graded,,kimi27sglang
hpcagent-bench-runs/gpu-llr-focus40-20260917/640642/judge/rank-0/hpcagent_bench0.db,gpu-llr-focus40-qwen38-hip.n0.p24.w24,tsvc_2_s3110,gpu-llr-focus40-qwen38-hip,,not-portable,"not portable: builds on the CUDA backend only with AMD-only HIP overloads (/iopsstor/scratch/cscs/lhulsbergen/v2/llr40-daint-regrade/final_worklists/hip/translated/471f0de164c13aa2d8ad58f729bd89a77ded1b4f097f547c073c3129f5fad8ee.device_source.cu(25): error: identifier ""__shfl_down"" is undefined)",,,,,hip,cuda,,223.9723735087767,graded,,qwen38
hpcagent-bench-runs/gpu-llr-focus40-20260915/638687/judge/rank-2/hpcagent_bench2.db,gpu-llr-focus40-qwen38-hip-perf-playbook-amd.n0.p26.w26,tsvc_2_s3110,gpu-llr-focus40-qwen38-hip-perf-playbook-amd,,not-portable,not portable: AMD-only code in a88792f6419f19c6d7bcc8921fd8cfc5e120d8d1624ffb8f7d6ff2162b046d3b.txt,,,,,hip,hip,,,,,qwen38
hpcagent-bench-runs/gpu-llr-focus40-20260915/639322/judge/rank-2/hpcagent_bench2.db,gpu-llr-focus40-qwen38-hip-skills-clean.n0.p26.w26,tsvc_2_s3110,gpu-llr-focus40-qwen38-hip-skills-clean,,not-portable,"not portable: builds on the CUDA backend only with AMD-only HIP overloads (/iopsstor/scratch/cscs/lhulsbergen/v2/llr40-daint-regrade/final_worklists/hip/translated/e204d4367f36f119eb5f91d4e23425b17bea30ff69634cbe17f0ad7c3931cff3.device_source.cu(35): error: identifier ""__shfl_down"" is undefined)",,,,,hip,cuda,,266.1850907191914,graded,,qwen38
hpcagent-bench-runs/gpu-llr-focus40-20260915/639325/judge/rank-3/hpcagent_bench3.db,gpu-llr-focus40-kimi27sglang-hip-clean.n0.p27.w27,tsvc_2_s3111,gpu-llr-focus40-kimi27sglang-hip-clean,,not-portable,"not portable: builds on the CUDA backend only with AMD-only HIP overloads (/iopsstor/scratch/cscs/lhulsbergen/v2/llr40-daint-regrade/final_worklists/hip/translated/e3c8866cbf503091e5e897d8ec260d205bddf011efe685b0db86bde4325f6538.device_source.cu(31): error: identifier ""__shfl_down"" is undefined)",,,,,hip,cuda,,367.45744190584065,graded,,kimi27sglang
hpcagent-bench-runs/gpu-llr-focus40-20260915/639331/judge/rank-3/hpcagent_bench3.db,gpu-llr-focus40-kimi27sglang-hip-perf-playbook-amd-clean.n0.p27.w27,tsvc_2_s3111,gpu-llr-focus40-kimi27sglang-hip-perf-playbook-amd-clean,,not-portable,"not portable: builds on the CUDA backend only with AMD-only HIP overloads (/iopsstor/scratch/cscs/lhulsbergen/v2/llr40-daint-regrade/final_worklists/hip/translated/2e9f103dde8571f5eb32cf8d4fcbb6d3babcdff9300d90247c7b24d7df0e3564.device_source.cu(23): error: identifier ""__shfl_down"" is undefined)",,,,,hip,cuda,,359.0240265709483,graded,,kimi27sglang
hpcagent-bench-runs/gpu-llr-focus40-20260917/640642/judge/rank-1/hpcagent_bench1.db,gpu-llr-focus40-qwen38-hip.n0.p25.w25,tsvc_2_s3111,gpu-llr-focus40-qwen38-hip,,not-portable,"not portable: builds on the CUDA backend only with AMD-only HIP overloads (/iopsstor/scratch/cscs/lhulsbergen/v2/llr40-daint-regrade/final_worklists/hip/translated/3fb2f4b20925e62489e269d5a52c158e56ab891c02f2a1eb369fdf5af865fcdb.device_source.cu(12): error: identifier ""__shfl_down"" is undefined)",,,,,hip,cuda,,371.5713529729608,graded,,qwen38
hpcagent-bench-runs/gpu-llr-focus40-20260915/638687/judge/rank-3/hpcagent_bench3.db,gpu-llr-focus40-qwen38-hip-perf-playbook-amd.n0.p27.w27,tsvc_2_s3111,gpu-llr-focus40-qwen38-hip-perf-playbook-amd,,not-portable,"not portable: builds on the CUDA backend only with AMD-only HIP overloads (/iopsstor/scratch/cscs/lhulsbergen/v2/llr40-daint-regrade/final_worklists/hip/translated/48609138097554a7bea939de09465b583023661d949dd89747753a4492388055.device_source.cu(38): error: identifier ""__shfl_down"" is undefined)",,,,,hip,cuda,,379.4742328769659,graded,,qwen38
hpcagent-bench-runs/gpu-llr-focus40-20260915/639322/judge/rank-3/hpcagent_bench3.db,gpu-llr-focus40-qwen38-hip-skills-clean.n0.p27.w27,tsvc_2_s3111,gpu-llr-focus40-qwen38-hip-skills-clean,,not-portable,"not portable: builds on the CUDA backend only with AMD-only HIP overloads (/iopsstor/scratch/cscs/lhulsbergen/v2/llr40-daint-regrade/final_worklists/hip/translated/897ecc6b124d23d57c71a7e9b6c504c0809522a16f979f6cb9e52b563370e8f8.device_source.cu(46): error: identifier ""__shfl_down"" is undefined)",,,,,hip,cuda,,376.5620376130179,graded,,qwen38
hpcagent-bench-runs/gpu-llr-focus40-20260915/639331/judge/rank-0/hpcagent_bench0.db,gpu-llr-focus40-kimi27sglang-hip-perf-playbook-amd-clean.n0.p28.w28,tsvc_2_s3112,gpu-llr-focus40-kimi27sglang-hip-perf-playbook-amd-clean,,not-portable,"not portable: built on MI300A, does not build on HIP's CUDA backend (/iopsstor/scratch/cscs/lhulsbergen/v2/llr40-daint-regrade/final_worklists/hip/translated/a2d569c468561a68b027cbf01099f4c365446c7176efd5be1dab41b1476cbbbc.device_source.cu:2:10: fatal error: rocprim/device/device_scan.hpp: No such file or directory)",,,,,hip,cuda,,,graded,,kimi27sglang
hpcagent-bench-runs/gpu-llr-focus40-20260915/639321/judge/rank-0/hpcagent_bench0.db,gpu-llr-focus40-oss120b-hip-perf-playbook-amd-clean.n0.p28.w28,tsvc_2_s3112,gpu-llr-focus40-oss120b-hip-perf-playbook-amd-clean,,not-portable,"not portable: built on MI300A, does not build on HIP's CUDA backend (/iopsstor/scratch/cscs/lhulsbergen/v2/llr40-daint-regrade/final_worklists/hip/translated/d8d6ee103a4dd2b115ed7876659e850e931c2e958fb845e4f27a0a95a67280ab.device_source.cu:2:10: fatal error: hipcub/hipcub.hpp: No such file or directory)",,,,,hip,cuda,,,graded,,oss120b
hpcagent-bench-runs/gpu-llr-focus40-20260915/638687/judge/rank-0/hpcagent_bench0.db,gpu-llr-focus40-qwen38-hip-perf-playbook-amd.n0.p28.w28,tsvc_2_s3112,gpu-llr-focus40-qwen38-hip-perf-playbook-amd,,not-portable,"not portable: built on MI300A, does not build on HIP's CUDA backend (/iopsstor/scratch/cscs/lhulsbergen/v2/llr40-daint-regrade/final_worklists/hip/translated/2617ff71c4ee4e061831f21230807f9574ef2e6982abc34818775a8f2bd4a2b0.device_source.cu:5:10: fatal error: rocprim/rocprim.hpp: No such file or directory)",,,,,hip,cuda,,,graded,,qwen38
hpcagent-bench-runs/gpu-llr-focus40-20260915/639325/judge/rank-1/hpcagent_bench1.db,gpu-llr-focus40-kimi27sglang-hip-clean.n0.p29.w29,tsvc_2_s316,gpu-llr-focus40-kimi27sglang-hip-clean,,not-portable,"not portable: builds on the CUDA backend only with AMD-only HIP overloads (/iopsstor/scratch/cscs/lhulsbergen/v2/llr40-daint-regrade/final_worklists/hip/translated/763aefa27a72ba0d6b945e5cb5312582581baef9dcd35fbd34557cffee9e33cb.device_source.cu(10): error: identifier ""__shfl_down"" is undefined)",,,,,hip,cuda,,176.53506124560354,graded,,kimi27sglang
hpcagent-bench-runs/gpu-llr-focus40-20260918/641787/judge/rank-2/hpcagent_bench2.db,gpu-llr-focus40-kimi27sglang-hip-perf-playbook-amd-clean.n0.p2.w2,tsvc_2_s316,gpu-llr-focus40-kimi27sglang-hip-perf-playbook-amd-clean,,not-portable,"not portable: builds on the CUDA backend only with AMD-only HIP overloads (/iopsstor/scratch/cscs/lhulsbergen/v2/llr40-daint-regrade/final_worklists/hip/translated/17d7897b015062cd1c9e5a125c7f99265e4d1db0591589aacbf002ce84afa541.device_source.cu(18): error: identifier ""__shfl_xor"" is undefined)",,,,,hip,cuda,,,,,kimi27sglang
hpcagent-bench-runs/gpu-llr-focus40-20260915/639327/judge/rank-1/hpcagent_bench1.db,gpu-llr-focus40-kimi27sglang-hip-skills-clean.n0.p29.w29,tsvc_2_s316,gpu-llr-focus40-kimi27sglang-hip-skills-clean,,not-portable,"not portable: built on MI300A, does not build on HIP's CUDA backend (/iopsstor/scratch/cscs/lhulsbergen/v2/llr40-daint-regrade/final_worklists/hip/translated/b64fc663c356ade807c092549600e84184e45e3a96aee358cb3a10bce7369109.device_source.cu:2:10: fatal error: hipcub/hipcub.hpp: No such file or directory)",,,,,hip,cuda,,173.33064834823207,graded,,kimi27sglang
hpcagent-bench-runs/gpu-llr-focus40-20260915/639321/judge/rank-1/hpcagent_bench1.db,gpu-llr-focus40-oss120b-hip-perf-playbook-amd-clean.n0.p29.w29,tsvc_2_s316,gpu-llr-focus40-oss120b-hip-perf-playbook-amd-clean,,not-portable,"not portable: builds on the CUDA backend only with AMD-only HIP overloads (/iopsstor/scratch/cscs/lhulsbergen/v2/llr40-daint-regrade/final_worklists/hip/translated/8ef42191d7c68df071fa5335f30ca9a9dc029b78370a5946a88c84e757656aa4.device_source.cu(30): error: calling a constexpr __host__ function(""max"") from a __global__ function(""min_reduce_atomic_kernel"") is not allowed. T)",,,,,hip,cuda,,8.14305938330696,graded,,oss120b
hpcagent-bench-runs/gpu-llr-focus40-20260917/640642/judge/rank-3/hpcagent_bench3.db,gpu-llr-focus40-qwen38-hip.n0.p27.w27,tsvc_2_s316,gpu-llr-focus40-qwen38-hip,,not-portable,"not portable: builds on the CUDA backend only with AMD-only HIP overloads (/iopsstor/scratch/cscs/lhulsbergen/v2/llr40-daint-regrade/final_worklists/hip/translated/5014d87d16c310830928fb672b4c588689894398cde806ac40e1bc9b649b04ab.device_source.cu(17): error: identifier ""__shfl_down"" is undefined)",,,,,hip,cuda,,181.4827770099305,graded,,qwen38
hpcagent-bench-runs/gpu-llr-focus40-20260915/639322/judge/rank-1/hpcagent_bench1.db,gpu-llr-focus40-qwen38-hip-skills-clean.n0.p29.w29,tsvc_2_s316,gpu-llr-focus40-qwen38-hip-skills-clean,,not-portable,"not portable: built on MI300A, does not build on HIP's CUDA backend (/iopsstor/scratch/cscs/lhulsbergen/v2/llr40-daint-regrade/final_worklists/hip/translated/d15ff53dcb48e5e67768c6bbbfdda1f18455b85b28be3fd6e9fd73343d1124eb.device_source.cu(13): error: calling a __device__ function(""__longlong_as_double"") from a __host__ __device__ function(""kPosInf"") is not allowed)",,,,,hip,cuda,,182.85257094889974,graded,,qwen38
hpcagent-bench-runs/gpu-llr-focus40-20260918/641689/judge/rank-1/hpcagent_bench1.db,gpu-llr-focus40-oss120b-hip-skills-clean.n0.p1.w1,tsvc_2_s318,gpu-llr-focus40-oss120b-hip-skills-clean,,not-portable,"not portable: built on MI300A, does not build on HIP's CUDA backend (/iopsstor/scratch/cscs/lhulsbergen/v2/llr40-daint-regrade/final_worklists/hip/translated/347eadfc7f9fb2ba0690189a0f929d3164df9b05ef3d55afc20b0fb09a4ecff9.device_source.cu(8): error: type ""dim3"" has already been defined (previous definition at line 445 of /user-environment/env/default/bin/../targets/)",,,,,hip,cuda,,54.36236270101075,graded,,oss120b
hpcagent-bench-runs/gpu-llr-focus40-20260915/638687/judge/rank-2/hpcagent_bench2.db,gpu-llr-focus40-qwen38-hip-perf-playbook-amd.n0.p30.w30,tsvc_2_s318,gpu-llr-focus40-qwen38-hip-perf-playbook-amd,,not-portable,"not portable: builds on the CUDA backend only with AMD-only HIP overloads (/iopsstor/scratch/cscs/lhulsbergen/v2/llr40-daint-regrade/final_worklists/hip/translated/866042f4633c3cc1ecb31df5778c1e54cb15daef3ac735ff09339c47d4ea2865.device_source.cu(18): error: identifier ""__shfl_down"" is undefined)",,,,,hip,cuda,,,,,qwen38
hpcagent-bench-runs/gpu-llr-focus40-20260915/639322/judge/rank-2/hpcagent_bench2.db,gpu-llr-focus40-qwen38-hip-skills-clean.n0.p30.w30,tsvc_2_s318,gpu-llr-focus40-qwen38-hip-skills-clean,,not-portable,"not portable: built on MI300A, does not build on HIP's CUDA backend (/iopsstor/scratch/cscs/lhulsbergen/v2/llr40-daint-regrade/final_worklists/hip/translated/c6abec5407c0fe6f7341f24be726ae5f55840f64ae85893635b1cc718dbe9419.device_source.cu(139): error: namespace ""std"" has no member ""fprintf"")",,,,,hip,cuda,,231.1056384477925,graded,,qwen38
hpcagent-bench-runs/gpu-llr-focus40-20260915/639322/judge/rank-3/hpcagent_bench3.db,gpu-llr-focus40-qwen38-hip-skills-clean.n0.p31.w31,tsvc_2_s319,gpu-llr-focus40-qwen38-hip-skills-clean,,not-portable,"not portable: builds on the CUDA backend only with AMD-only HIP overloads (/iopsstor/scratch/cscs/lhulsbergen/v2/llr40-daint-regrade/final_worklists/hip/translated/205732e190ab1f4c52a0acc62a64851bd9e091e7c3d3ff4ebeef7f646ad35c79.device_source.cu(30): error: identifier ""__shfl_down"" is undefined)",,,,,hip,cuda,,107.60254788954903,graded,,qwen38
hpcagent-bench-runs/gpu-llr-focus40-20260918/641787/judge/rank-0/hpcagent_bench0.db,gpu-llr-focus40-kimi27sglang-hip-perf-playbook-amd-clean.n0.p4.w4,tsvc_2_s323,gpu-llr-focus40-kimi27sglang-hip-perf-playbook-amd-clean,,not-portable,"not portable: built on MI300A, does not build on HIP's CUDA backend (/iopsstor/scratch/cscs/lhulsbergen/v2/llr40-daint-regrade/final_worklists/hip/translated/68e245bf22cd9f3773d7f327a680ea9524c850bfb645bf251148bcfd1771c444.device_source.cu:5:10: fatal error: rocprim/device/device_scan.hpp: No such file or directory)",,,,,hip,cuda,,,,,kimi27sglang
hpcagent-bench-runs/gpu-llr-focus40-20260918/641788/judge/rank-0/hpcagent_bench0.db,gpu-llr-focus40-kimi27sglang-hip-perf-playbook-amd-clean.n0.p4.w4,tsvc_2_s323,gpu-llr-focus40-kimi27sglang-hip-perf-playbook-amd-clean,,not-portable,"not portable: built on MI300A, does not build on HIP's CUDA backend (/iopsstor/scratch/cscs/lhulsbergen/v2/llr40-daint-regrade/final_worklists/hip/translated/22be6c0a817b285b0773f36c5d4ab30b5e50461a4a3507c86a355766c4a98d91.device_source.cu:4:10: fatal error: rocprim/rocprim.hpp: No such file or directory)",,,,,hip,cuda,,65.62201270573765,graded,,kimi27sglang
hpcagent-bench-runs/gpu-llr-focus40-20260915/639315/judge/rank-0/hpcagent_bench0.db,gpu-llr-focus40-oss120b-hip-clean.n0.p32.w32,tsvc_2_s323,gpu-llr-focus40-oss120b-hip-clean,,not-portable,"not portable: built on MI300A, does not build on HIP's CUDA backend (/iopsstor/scratch/cscs/lhulsbergen/v2/llr40-daint-regrade/final_worklists/hip/translated/2e8eeabf1f6fe254d9efa2c6ccf158fe5862651c6df286c117b950b0d75688c8.source.cu:2:10: fatal error: hipcub/hipcub.hpp: No such file or directory)",,,,,hip,cuda,,5.44752170507028,graded,,oss120b
hpcagent-bench-runs/gpu-llr-focus40-20260915/638688/judge/rank-0/hpcagent_bench0.db,gpu-llr-focus40-oss120b-hip-perf-playbook-amd.n0.p32.w32,tsvc_2_s323,gpu-llr-focus40-oss120b-hip-perf-playbook-amd,,not-portable,"not portable: built on MI300A, does not build on HIP's CUDA backend (/iopsstor/scratch/cscs/lhulsbergen/v2/llr40-daint-regrade/final_worklists/hip/translated/9d62c48c14cb0751b0acc859e73b89a842d21be5cd41ab7394e96387046b3dfc.source.cu:3:10: fatal error: hipcub/hipcub.hpp: No such file or directory)",,,,,hip,cuda,,3.6581226203336987,graded,,oss120b
hpcagent-bench-runs/gpu-llr-focus40-20260915/639317/judge/rank-0/hpcagent_bench0.db,gpu-llr-focus40-oss120b-hip-skills-clean.n0.p32.w32,tsvc_2_s323,gpu-llr-focus40-oss120b-hip-skills-clean,,not-portable,"not portable: built on MI300A, does not build on HIP's CUDA backend (/iopsstor/scratch/cscs/lhulsbergen/v2/llr40-daint-regrade/final_worklists/hip/translated/53aaa1fbafb8b0da3a68eedfad44a0816902fb7f67330f81b14635be828e0596.source.cu:2:10: fatal error: hipcub/hipcub.hpp: No such file or directory)",,,,,hip,cuda,,2.1011916928699397,graded,,oss120b
hpcagent-bench-runs/gpu-llr-focus40-20260918/641692/judge/rank-3/hpcagent_bench3.db,gpu-llr-focus40-qwen38-hip-skills-clean.n0.p7.w7,tsvc_2_s323,gpu-llr-focus40-qwen38-hip-skills-clean,,not-portable,"not portable: builds on the CUDA backend only with AMD-only HIP overloads (/iopsstor/scratch/cscs/lhulsbergen/v2/llr40-daint-regrade/final_worklists/hip/translated/ff57f1dacee2cb953fdda40b681067a2d6e4e43e048bfd65acfe5535f17a2082.device_source.cu(18): error: identifier ""__shfl_up"" is undefined)",,,,,hip,cuda,,58.14516758388847,graded,,qwen38
hpcagent-bench-runs/gpu-llr-focus40-20260915/639322/judge/rank-0/hpcagent_bench0.db,gpu-llr-focus40-qwen38-hip-skills-clean.n0.p36.w36,tsvc_2_vtvtv,gpu-llr-focus40-qwen38-hip-skills-clean,,not-portable,"not portable: built on MI300A, does not build on HIP's CUDA backend (/iopsstor/scratch/cscs/lhulsbergen/v2/llr40-daint-regrade/final_worklists/hip/translated/af18f7dd479eb931db60909570dd6375d0f27a26bbc7926b11e5cfba667c7f62.device_source.cu(76): error: namespace ""std"" has no member ""fprintf"")",,,,,hip,cuda,,9.804951347521671,graded,,qwen38
hpcagent-bench-runs/gpu-llr-focus40-20260915/638688/judge/rank-1/hpcagent_bench1.db,gpu-llr-focus40-oss120b-hip-perf-playbook-amd.n0.p37.w37,versioned_distance_update,gpu-llr-focus40-oss120b-hip-perf-playbook-amd,,not-portable,"not portable: built on MI300A, does not build on HIP's CUDA backend (/iopsstor/scratch/cscs/lhulsbergen/v2/llr40-daint-regrade/final_worklists/hip/translated/278e28cfe7a175c69571813d1d2da7e8780d6a1c2b51cf6193deb5e5bc22f21e.source.cu:2:10: fatal error: hipcub/hipcub.hpp: No such file or directory)",,,,,hip,cuda,,,,,oss120b
hpcagent-bench-runs/gpu-llr-focus40-20260911/632680/judge/rank-0/hpcagent_bench0.db,gpu-llr-focus40-qwen38-hip-skills.n0.p4.w4,versioned_distance_update,gpu-llr-focus40-qwen38-hip-skills,,not-portable,"not portable: builds on the CUDA backend only with AMD-only HIP overloads (/iopsstor/scratch/cscs/lhulsbergen/v2/llr40-daint-regrade/final_worklists/hip/translated/a516a5f4e413486116c95847c7d3c1ac46da922eba634ba619d2e5a724998cd8.device_source.cu(18): error: identifier ""__shfl_up"" is undefined)",,,,,hip,cuda,,32.42912161322093,graded,,qwen38
hpcagent-bench-runs/gpu-llr-focus40-20260915/639315/judge/rank-2/hpcagent_bench2.db,gpu-llr-focus40-oss120b-hip-clean.n0.p38.w38,wf_diff_skew,gpu-llr-focus40-oss120b-hip-clean,,not-portable,"not portable: builds on the CUDA backend only with AMD-only HIP overloads (/iopsstor/scratch/cscs/lhulsbergen/v2/llr40-daint-regrade/final_worklists/hip/translated/648035351f560b7965845ebc6a23821fc58783c2fcd5b8188321666f28e01221.device_source.cu(14): error: identifier ""__shfl_down"" is undefined)",,,,,hip,cuda,,4.664721718598323,graded,,oss120b
hpcagent-bench-runs/gpu-llr-focus40-20260917/640642/judge/rank-2/hpcagent_bench2.db,gpu-llr-focus40-qwen38-hip.n0.p34.w34,wf_diff_skew,gpu-llr-focus40-qwen38-hip,,not-portable,"not portable: built on MI300A, does not build on HIP's CUDA backend (/iopsstor/scratch/cscs/lhulsbergen/v2/llr40-daint-regrade/final_worklists/hip/translated/03568831aeb543e9b4386d8e029da86b7b4e62d066595dec1a20841cd8b973c1.device_source.cu(36): error: identifier ""__HIP_MEMORY_SCOPE_AGENT"" is undefined)",,,,,hip,cuda,,1.5195111312921055,graded,,qwen38
hpcagent-bench-runs/gpu-llr-focus40-20260915/638027/judge/rank-0/hpcagent_bench0.db,gpu-llr-focus40-qwen38-hip-skills.n0.p0.w0,wf_diff_skew,gpu-llr-focus40-qwen38-hip-skills,,not-portable,"not portable: built on MI300A, does not build on HIP's CUDA backend (/iopsstor/scratch/cscs/lhulsbergen/v2/llr40-daint-regrade/final_worklists/hip/translated/98630164559ccecdcd8d6e88054fcf5a8a498aa70a75775c833b9feec494c828.source.cu(2): error: identifier ""uint8_t"" is undefined)",,,,,hip,cuda,,0.7913977334568293,graded,,qwen38
hpcagent-bench-runs/gpu-llr-focus40-20260918/641703/judge/rank-1/hpcagent_bench1.db,gpu-llr-focus40-kimi27sglang-hip-clean.n0.p5.w5,wf_triangular,gpu-llr-focus40-kimi27sglang-hip-clean,,not-portable,"not portable: built on MI300A, does not build on HIP's CUDA backend (/iopsstor/scratch/cscs/lhulsbergen/v2/llr40-daint-regrade/final_worklists/hip/translated/67be139033f60996ea9e1c1eb717f04f2bc000fd82436bf12ae1019af3c367a0.source.cu(6): error: identifier ""uint8_t"" is undefined)",,,,,hip,cuda,,,graded,,kimi27sglang
hpcagent-bench-runs/gpu-llr-focus40-20260911/632996/judge/rank-1/hpcagent_bench1.db,gpu-llr-focus40-qwen38-hip.n0.p1.w1,wf_triangular,gpu-llr-focus40-qwen38-hip,,not-portable,"not portable: built on MI300A, does not build on HIP's CUDA backend (/iopsstor/scratch/cscs/lhulsbergen/v2/llr40-daint-regrade/final_worklists/hip/translated/f78fe33262588fe91ea10a1f1564dfed21dd2456c3eac59b5df1fc78522ce874.device_source.cu(105): error: calling a __host__ function(""__atomic_store_4"") from a __global__ function(""wf_triangular_kernel"") is not allowed)",,,,,hip,cuda,,16.396320355371678,graded,,qwen38
/capstor/scratch/cscs/ybudanaz/x86_64/hpcagent-bench-runs/gpu-llr-focus40-20260915/639325/judge/rank-0/hpcagent_bench0.db,gpu-llr-focus40-kimi27sglang-hip-clean.n0.p28.w28,tsvc_2_s3112,gpu-llr-focus40-kimi27sglang-hip,,not-portable,"not portable: built on MI300A, does not build on HIP's CUDA backend (/iopsstor/scratch/cscs/lhulsbergen/v2/llr40-daint-regrade/final_worklists/hip/translated/b03e8dffc7d1f01a6fe8916cdf5462576d6ea7e11b138ea1a9ecff3de3fafffc.device_source.cu:2:10: fatal error: hipcub/hipcub.hpp: No such file or directory)",,,,,hip,cuda,,,,,kimi27sglang
/capstor/scratch/cscs/ybudanaz/x86_64/hpcagent-bench-runs/gpu-llr-focus40-20260915/639315/judge/rank-2/hpcagent_bench2.db,gpu-llr-focus40-oss120b-hip-clean.n0.p14.w14,tsvc_2_s1244,gpu-llr-focus40-oss120b-hip,,not-portable,"not portable: built on MI300A, does not build on HIP's CUDA backend (/iopsstor/scratch/cscs/lhulsbergen/v2/llr40-daint-regrade/final_worklists/hip/translated/63c2d689099d9fb17d898afd682ce11fd56eb1573fbe571743d63d9c887ff743.source.cu:3:10: fatal error: /shared/agent-14/tsvc_2_s1244_device2.hip: No such file or directory)",,,,,hip,cuda,,,,,oss120b
/capstor/scratch/cscs/ybudanaz/x86_64/hpcagent-bench-runs/gpu-llr-focus40-20260915/639317/judge/rank-0/hpcagent_bench0.db,gpu-llr-focus40-oss120b-hip-skills-clean.n0.p28.w28,tsvc_2_s3112,gpu-llr-focus40-oss120b-hip-skills,,not-portable,"not portable: built on MI300A, does not build on HIP's CUDA backend (/iopsstor/scratch/cscs/lhulsbergen/v2/llr40-daint-regrade/final_worklists/hip/translated/126f7ab70d7b670178d7e88bb5098a0f72913745450d212ed4d1d5bbfca9bf2b.device_source.cu:2:10: fatal error: hipcub/hipcub.hpp: No such file or directory)",,,,,hip,cuda,,,,,oss120b
hpcagent-bench-runs/gpu-llr-focus40-20260921/645714/judge/rank-3/hpcagent_bench3.db,gpu-llr-focus40-kimi27sglang-triton-device-clean.n0.p15.w15,tsvc_2_s152,gpu-llr-focus40-kimi27sglang-triton-device-clean,55.54791931984533,graded,,30.16898958082909,4.0,4.0,1790281484881.0,triton,,,29.84669791510695,graded,,kimi27sglang
hpcagent-bench-runs/gpu-llr-focus40-20260921/645714/judge/rank-3/hpcagent_bench3.db,gpu-llr-focus40-kimi27sglang-triton-device-clean.n0.p11.w11,tsvc_2_s115,gpu-llr-focus40-kimi27sglang-triton-device-clean,0.9546498513213564,graded,,1.629206793331605,4.0,4.0,1790281484881.0,triton,,,1.7781906667364729,graded,,kimi27sglang
hpcagent-bench-runs/gpu-llr-focus40-20260921/645714/judge/rank-0/hpcagent_bench0.db,gpu-llr-focus40-kimi27sglang-triton-device-clean.n0.p0.w0,argmax_with_index,gpu-llr-focus40-kimi27sglang-triton-device-clean,320.6974551180746,graded,,208.1729417789896,4.0,4.0,1790281484882.0,triton,,,204.58730620307236,graded,,kimi27sglang
hpcagent-bench-runs/gpu-llr-focus40-20260921/645714/judge/rank-2/hpcagent_bench2.db,gpu-llr-focus40-kimi27sglang-triton-device-clean.n0.p30.w30,tsvc_2_s318,gpu-llr-focus40-kimi27sglang-triton-device-clean,415.94591656383625,graded,,152.3374734656356,4.0,4.0,1790281484882.0,triton,,,151.6538419472718,graded,,kimi27sglang
hpcagent-bench-runs/gpu-llr-focus40-20260921/645714/judge/rank-3/hpcagent_bench3.db,gpu-llr-focus40-kimi27sglang-triton-device-clean.n0.p7.w7,quasi_affine_reduce_odd,gpu-llr-focus40-kimi27sglang-triton-device-clean,104.69837722686587,graded,,111.62465889214421,4.0,4.0,1790281484955.0,triton,,,116.88276520162336,graded,,kimi27sglang
hpcagent-bench-runs/gpu-llr-focus40-20260921/645714/judge/rank-1/hpcagent_bench1.db,gpu-llr-focus40-kimi27sglang-triton-device-clean.n0.p1.w1,compact_threshold_pack,gpu-llr-focus40-kimi27sglang-triton-device-clean,115.37550310709025,graded,,130.42757236170382,4.0,4.0,1790281484958.0,triton,,,132.04387911211515,graded,,kimi27sglang
hpcagent-bench-runs/gpu-llr-focus40-20260921/645714/judge/rank-2/hpcagent_bench2.db,gpu-llr-focus40-kimi27sglang-triton-device-clean.n0.p6.w6,fuse_stencil_through_transient,gpu-llr-focus40-kimi27sglang-triton-device-clean,119.40935366990206,graded,,64.75991725816402,4.0,4.0,1790281484959.0,triton,,,72.92553402695863,graded,,kimi27sglang
hpcagent-bench-runs/gpu-llr-focus40-20260921/645714/judge/rank-3/hpcagent_bench3.db,gpu-llr-focus40-kimi27sglang-triton-device-clean.n0.p3.w3,ext_war_unit,gpu-llr-focus40-kimi27sglang-triton-device-clean,77.38652114744572,graded,,39.50888422818972,4.0,4.0,1790281484961.0,triton,,,36.48437932191206,graded,,kimi27sglang
hpcagent-bench-runs/gpu-llr-focus40-20260921/645714/judge/rank-2/hpcagent_bench2.db,gpu-llr-focus40-kimi27sglang-triton-device-clean.n0.p2.w2,ext_break_capture,gpu-llr-focus40-kimi27sglang-triton-device-clean,150.1459837613154,graded,,91.30209684204237,4.0,4.0,1790281485008.0,triton,,,93.06024677847483,graded,,kimi27sglang
hpcagent-bench-runs/gpu-llr-focus40-20260921/645714/judge/rank-1/hpcagent_bench1.db,gpu-llr-focus40-kimi27sglang-triton-device-clean.n0.p21.w21,tsvc_2_s252,gpu-llr-focus40-kimi27sglang-triton-device-clean,81.42044098859213,graded,,52.70754412999243,4.0,4.0,1790281485009.0,triton,,,47.66364633074894,graded,,kimi27sglang
hpcagent-bench-runs/gpu-llr-focus40-20260921/645739/judge/rank-0/hpcagent_bench0.db,gpu-llr-focus40-kimi27sglang-triton-device-skills-clean.n0.p4.w4,fuse_diamond,gpu-llr-focus40-kimi27sglang-triton-device-skills-clean,345.08275877289117,graded,,426.88365401731926,4.0,4.0,1790281485009.0,triton,,,360.10910735802884,graded,,kimi27sglang
hpcagent-bench-runs/gpu-llr-focus40-20260921/645714/judge/rank-3/hpcagent_bench3.db,gpu-llr-focus40-kimi27sglang-triton-device-clean.n0.p19.w19,tsvc_2_s233,gpu-llr-focus40-kimi27sglang-triton-device-clean,402.8538369391916,graded,,678.1842824011674,4.0,4.0,1790281485011.0,triton,,,740.1555544892344,graded,,kimi27sglang
hpcagent-bench-runs/gpu-llr-focus40-20260921/645714/judge/rank-1/hpcagent_bench1.db,gpu-llr-focus40-kimi27sglang-triton-device-clean.n0.p5.w5,fuse_move_ifs,gpu-llr-focus40-kimi27sglang-triton-device-clean,13.89191074089462,graded,,32.10801363721562,4.0,4.0,1790281485590.0,triton,,,18.170022047349594,graded,,kimi27sglang
hpcagent-bench-runs/gpu-llr-focus40-20260921/645714/judge/rank-0/hpcagent_bench0.db,gpu-llr-focus40-kimi27sglang-triton-device-clean.n0.p8.w8,scan_affine_decay,gpu-llr-focus40-kimi27sglang-triton-device-clean,,graded,,73.58839395838072,4.0,0.0,1790281485590.0,triton,,,74.6992862010394,graded,,kimi27sglang
hpcagent-bench-runs/gpu-llr-focus40-20260921/645714/judge/rank-2/hpcagent_bench2.db,gpu-llr-focus40-kimi27sglang-triton-device-clean.n0.p10.w10,segment_reduce_ragged,gpu-llr-focus40-kimi27sglang-triton-device-clean,36.95808080182454,graded,,35.954739899344425,4.0,4.0,1790281485591.0,triton,,,35.27227898196596,graded,,kimi27sglang
hpcagent-bench-runs/gpu-llr-focus40-20260921/645714/judge/rank-0/hpcagent_bench0.db,gpu-llr-focus40-kimi27sglang-triton-device-clean.n0.p16.w16,tsvc_2_s2233,gpu-llr-focus40-kimi27sglang-triton-device-clean,249.71804738008106,graded,,271.5246475093061,4.0,4.0,1790281485592.0,triton,,,297.4656920677062,graded,,kimi27sglang
hpcagent-bench-runs/gpu-llr-focus40-20260921/645739/judge/rank-2/hpcagent_bench2.db,gpu-llr-focus40-kimi27sglang-triton-device-skills-clean.n0.p10.w10,segment_reduce_ragged,gpu-llr-focus40-kimi27sglang-triton-device-skills-clean,65.05458598448075,graded,,72.67086355946532,4.0,4.0,1790281685149.0,triton,,,71.77431614545281,graded,,kimi27sglang
hpcagent-bench-runs/gpu-llr-focus40-20260921/645739/judge/rank-3/hpcagent_bench3.db,gpu-llr-focus40-kimi27sglang-triton-device-skills-clean.n0.p19.w19,tsvc_2_s233,gpu-llr-focus40-kimi27sglang-triton-device-skills-clean,289.6402304112308,graded,,656.5587400582024,4.0,4.0,1790281693494.0,triton,,,618.7767190683576,graded,,kimi27sglang
hpcagent-bench-runs/gpu-llr-focus40-20260921/645739/judge/rank-1/hpcagent_bench1.db,gpu-llr-focus40-kimi27sglang-triton-device-skills-clean.n0.p21.w21,tsvc_2_s252,gpu-llr-focus40-kimi27sglang-triton-device-skills-clean,83.74530437717014,graded,,48.932805537368516,4.0,4.0,1790281711160.0,triton,,,53.19508754821027,graded,,kimi27sglang
hpcagent-bench-runs/gpu-llr-focus40-20260921/645713/judge/rank-0/hpcagent_bench0.db,gpu-llr-focus40-oss120b-triton-device-clean.n0.p4.w4,fuse_diamond,gpu-llr-focus40-oss120b-triton-device-clean,358.02886895574676,graded,,284.22854939943517,4.0,4.0,1790281715610.0,triton,,,339.4050252431784,graded,,oss120b
hpcagent-bench-runs/gpu-llr-focus40-20260921/645739/judge/rank-0/hpcagent_bench0.db,gpu-llr-focus40-kimi27sglang-triton-device-skills-clean.n0.p8.w8,scan_affine_decay,gpu-llr-focus40-kimi27sglang-triton-device-skills-clean,43.43105766180937,graded,,33.97553737788871,4.0,4.0,1790281726992.0,triton,,,33.66902343576597,graded,,kimi27sglang
hpcagent-bench-runs/gpu-llr-focus40-20260921/645739/judge/rank-2/hpcagent_bench2.db,gpu-llr-focus40-kimi27sglang-triton-device-skills-clean.n0.p2.w2,ext_break_capture,gpu-llr-focus40-kimi27sglang-triton-device-skills-clean,115.07497963247319,graded,,81.71481545994307,4.0,4.0,1790281728718.0,triton,,,83.42702410861088,graded,,kimi27sglang
hpcagent-bench-runs/gpu-llr-focus40-20260921/645739/judge/rank-3/hpcagent_bench3.db,gpu-llr-focus40-kimi27sglang-triton-device-skills-clean.n0.p3.w3,ext_war_unit,gpu-llr-focus40-kimi27sglang-triton-device-skills-clean,77.47575043251778,graded,,38.67301685943706,4.0,4.0,1790281746512.0,triton,,,35.33900260677248,graded,,kimi27sglang
hpcagent-bench-runs/gpu-llr-focus40-20260921/645739/judge/rank-3/hpcagent_bench3.db,gpu-llr-focus40-kimi27sglang-triton-device-skills-clean.n0.p7.w7,quasi_affine_reduce_odd,gpu-llr-focus40-kimi27sglang-triton-device-skills-clean,107.74832560285842,graded,,100.54898212193783,4.0,4.0,1790281748364.0,triton,,,98.00491382638685,graded,,kimi27sglang
hpcagent-bench-runs/gpu-llr-focus40-20260921/645739/judge/rank-3/hpcagent_bench3.db,gpu-llr-focus40-kimi27sglang-triton-device-skills-clean.n0.p11.w11,tsvc_2_s115,gpu-llr-focus40-kimi27sglang-triton-device-skills-clean,0.7485324594796002,graded,,0.5499585790174457,4.0,4.0,1790281752527.0,triton,,,0.7026739458191015,graded,,kimi27sglang
hpcagent-bench-runs/gpu-llr-focus40-20260921/645739/judge/rank-1/hpcagent_bench1.db,gpu-llr-focus40-kimi27sglang-triton-device-skills-clean.n0.p5.w5,fuse_move_ifs,gpu-llr-focus40-kimi27sglang-triton-device-skills-clean,13.4138101153825,graded,,43.01860092659517,4.0,4.0,1790281754103.0,triton,,,17.365494367374833,graded,,kimi27sglang
hpcagent-bench-runs/gpu-llr-focus40-20260921/645739/judge/rank-0/hpcagent_bench0.db,gpu-llr-focus40-kimi27sglang-triton-device-skills-clean.n0.p0.w0,argmax_with_index,gpu-llr-focus40-kimi27sglang-triton-device-skills-clean,318.9102360311443,graded,,212.28707103646113,4.0,4.0,1790281760527.0,triton,,,217.10503328348565,graded,,kimi27sglang
hpcagent-bench-runs/gpu-llr-focus40-20260921/645739/judge/rank-2/hpcagent_bench2.db,gpu-llr-focus40-kimi27sglang-triton-device-skills-clean.n0.p30.w30,tsvc_2_s318,gpu-llr-focus40-kimi27sglang-triton-device-skills-clean,369.971746052765,graded,,166.81446909435127,4.0,4.0,1790281764049.0,triton,,,163.4958582137098,graded,,kimi27sglang
hpcagent-bench-runs/gpu-llr-focus40-20260921/645739/judge/rank-3/hpcagent_bench3.db,gpu-llr-focus40-kimi27sglang-triton-device-skills-clean.n0.p15.w15,tsvc_2_s152,gpu-llr-focus40-kimi27sglang-triton-device-skills-clean,64.24920168025413,graded,,35.63556433885955,4.0,4.0,1790281773650.0,triton,,,34.78729874327204,graded,,kimi27sglang
hpcagent-bench-runs/gpu-llr-focus40-20260921/645739/judge/rank-0/hpcagent_bench0.db,gpu-llr-focus40-kimi27sglang-triton-device-skills-clean.n0.p16.w16,tsvc_2_s2233,gpu-llr-focus40-kimi27sglang-triton-device-skills-clean,738.4710192446214,graded,,812.294088237971,4.0,4.0,1790281780764.0,triton,,,854.0259634660523,graded,,kimi27sglang
hpcagent-bench-runs/gpu-llr-focus40-20260921/645739/judge/rank-2/hpcagent_bench2.db,gpu-llr-focus40-kimi27sglang-triton-device-skills-clean.n0.p6.w6,fuse_stencil_through_transient,gpu-llr-focus40-kimi27sglang-triton-device-skills-clean,124.65587139615711,graded,,70.46935127068224,4.0,4.0,1790281793316.0,triton,,,76.5422004938085,graded,,kimi27sglang
hpcagent-bench-runs/gpu-llr-focus40-20260921/645739/judge/rank-1/hpcagent_bench1.db,gpu-llr-focus40-kimi27sglang-triton-device-skills-clean.n0.p1.w1,compact_threshold_pack,gpu-llr-focus40-kimi27sglang-triton-device-skills-clean,132.98766401483485,graded,,147.13841436569916,4.0,4.0,1790281796063.0,triton,,,99.49147429840508,graded,,kimi27sglang
hpcagent-bench-runs/gpu-llr-focus40-20260921/645713/judge/rank-2/hpcagent_bench2.db,gpu-llr-focus40-oss120b-triton-device-clean.n0.p10.w10,segment_reduce_ragged,gpu-llr-focus40-oss120b-triton-device-clean,31.592492185813057,graded,,15.573524241015496,4.0,4.0,1790281869933.0,triton,,,15.568337383544694,graded,,oss120b
hpcagent-bench-runs/gpu-llr-focus40-20260921/645713/judge/rank-3/hpcagent_bench3.db,gpu-llr-focus40-oss120b-triton-device-clean.n0.p19.w19,tsvc_2_s233,gpu-llr-focus40-oss120b-triton-device-clean,67.22019186486152,graded,,99.77951853499366,4.0,4.0,1790281892220.0,triton,,,115.1173463521106,graded,,oss120b
hpcagent-bench-runs/gpu-llr-focus40-20260921/645713/judge/rank-1/hpcagent_bench1.db,gpu-llr-focus40-oss120b-triton-device-clean.n0.p21.w21,tsvc_2_s252,gpu-llr-focus40-oss120b-triton-device-clean,83.64287181919794,graded,,44.17851809748477,4.0,4.0,1790281929445.0,triton,,,45.94954708194007,graded,,oss120b
hpcagent-bench-runs/gpu-llr-focus40-20260921/645738/judge/rank-0/hpcagent_bench0.db,gpu-llr-focus40-oss120b-triton-device-skills-clean.n0.p4.w4,fuse_diamond,gpu-llr-focus40-oss120b-triton-device-skills-clean,379.01555467426056,graded,,277.95711242230675,4.0,4.0,1790281938975.0,triton,,,406.61911035581795,graded,,oss120b
hpcagent-bench-runs/gpu-llr-focus40-20260921/645713/judge/rank-0/hpcagent_bench0.db,gpu-llr-focus40-oss120b-triton-device-clean.n0.p8.w8,scan_affine_decay,gpu-llr-focus40-oss120b-triton-device-clean,2.4828240314091006,graded,,1.7181670782161267,4.0,4.0,1790281955324.0,triton,,,1.7304394734537316,graded,,oss120b
hpcagent-bench-runs/gpu-llr-focus40-20260921/645713/judge/rank-2/hpcagent_bench2.db,gpu-llr-focus40-oss120b-triton-device-clean.n0.p2.w2,ext_break_capture,gpu-llr-focus40-oss120b-triton-device-clean,23.251160293589457,graded,,16.079045706195632,4.0,4.0,1790281969647.0,triton,,,12.785825160929402,graded,,oss120b
hpcagent-bench-runs/gpu-llr-focus40-20260921/645738/judge/rank-3/hpcagent_bench3.db,gpu-llr-focus40-oss120b-triton-device-skills-clean.n0.p11.w11,tsvc_2_s115,gpu-llr-focus40-oss120b-triton-device-skills-clean,6.446817907175434,graded,,13.760899258302114,4.0,4.0,1790281989174.0,triton,,,14.679036053623136,graded,,oss120b
hpcagent-bench-runs/gpu-llr-focus40-20260921/645713/judge/rank-3/hpcagent_bench3.db,gpu-llr-focus40-oss120b-triton-device-clean.n0.p3.w3,ext_war_unit,gpu-llr-focus40-oss120b-triton-device-clean,52.29143714007515,graded,,28.342121717477504,4.0,4.0,1790282000468.0,triton,,,25.057159039995557,graded,,oss120b
hpcagent-bench-runs/gpu-llr-focus40-20260921/645713/judge/rank-3/hpcagent_bench3.db,gpu-llr-focus40-oss120b-triton-device-clean.n0.p7.w7,quasi_affine_reduce_odd,gpu-llr-focus40-oss120b-triton-device-clean,123.12181163660878,graded,,95.26072772485625,4.0,4.0,1790282008790.0,triton,,,92.75219572429488,graded,,oss120b
hpcagent-bench-runs/gpu-llr-focus40-20260921/645712/judge/rank-1/hpcagent_bench1.db,gpu-llr-focus40-qwen38-triton-device-clean.n0.p5.w5,fuse_move_ifs,gpu-llr-focus40-qwen38-triton-device-clean,13.478112603002625,graded,,44.86677565810879,4.0,4.0,1790282025959.0,triton,,,22.313996003877026,graded,,qwen38
hpcagent-bench-runs/gpu-llr-focus40-20260921/645713/judge/rank-0/hpcagent_bench0.db,gpu-llr-focus40-oss120b-triton-device-clean.n0.p0.w0,argmax_with_index,gpu-llr-focus40-oss120b-triton-device-clean,264.1515522996154,graded,,168.07931193552022,4.0,4.0,1790282036139.0,triton,,,167.08040839255287,graded,,oss120b
hpcagent-bench-runs/gpu-llr-focus40-20260921/645713/judge/rank-2/hpcagent_bench2.db,gpu-llr-focus40-oss120b-triton-device-clean.n0.p30.w30,tsvc_2_s318,gpu-llr-focus40-oss120b-triton-device-clean,44.177553460863194,graded,,23.983936831431134,4.0,4.0,1790282036948.0,triton,,,23.6578344745022,graded,,oss120b
hpcagent-bench-runs/gpu-llr-focus40-20260921/645713/judge/rank-3/hpcagent_bench3.db,gpu-llr-focus40-oss120b-triton-device-clean.n0.p15.w15,tsvc_2_s152,gpu-llr-focus40-oss120b-triton-device-clean,58.680842899706064,graded,,29.48108922129853,4.0,4.0,1790282056166.0,triton,,,31.044616396152243,graded,,oss120b
hpcagent-bench-runs/gpu-llr-focus40-20260921/645738/judge/rank-2/hpcagent_bench2.db,gpu-llr-focus40-oss120b-triton-device-skills-clean.n0.p10.w10,segment_reduce_ragged,gpu-llr-focus40-oss120b-triton-device-skills-clean,12.419542157627935,graded,,10.615647601705286,4.0,4.0,1790282058345.0,triton,,,10.266979694551381,graded,,oss120b
hpcagent-bench-runs/gpu-llr-focus40-20260921/645713/judge/rank-0/hpcagent_bench0.db,gpu-llr-focus40-oss120b-triton-device-clean.n0.p16.w16,tsvc_2_s2233,gpu-llr-focus40-oss120b-triton-device-clean,105.34067872060902,graded,,98.88328144171165,4.0,4.0,1790282079200.0,triton,,,103.00454369168095,graded,,oss120b
hpcagent-bench-runs/gpu-llr-focus40-20260921/645738/judge/rank-3/hpcagent_bench3.db,gpu-llr-focus40-oss120b-triton-device-skills-clean.n0.p19.w19,tsvc_2_s233,gpu-llr-focus40-oss120b-triton-device-skills-clean,87.78561120578293,graded,,150.71751931736392,4.0,4.0,1790282089550.0,triton,,,156.62905742038944,graded,,oss120b
hpcagent-bench-runs/gpu-llr-focus40-20260921/645713/judge/rank-2/hpcagent_bench2.db,gpu-llr-focus40-oss120b-triton-device-clean.n0.p6.w6,fuse_stencil_through_transient,gpu-llr-focus40-oss120b-triton-device-clean,127.83250797508077,graded,,60.08054728980687,4.0,4.0,1790282097983.0,triton,,,63.53875870746561,graded,,oss120b
hpcagent-bench-runs/gpu-llr-focus40-20260921/645713/judge/rank-1/hpcagent_bench1.db,gpu-llr-focus40-oss120b-triton-device-clean.n0.p1.w1,compact_threshold_pack,gpu-llr-focus40-oss120b-triton-device-clean,32.987667256198314,graded,,36.13183072632707,4.0,4.0,1790282104475.0,triton,,,59.199956224613025,graded,,oss120b
hpcagent-bench-runs/gpu-llr-focus40-20260921/645738/judge/rank-1/hpcagent_bench1.db,gpu-llr-focus40-oss120b-triton-device-skills-clean.n0.p21.w21,tsvc_2_s252,gpu-llr-focus40-oss120b-triton-device-skills-clean,83.7973394924271,graded,,46.64129587541278,4.0,4.0,1790282149990.0,triton,,,46.634136542203024,graded,,oss120b
hpcagent-bench-runs/gpu-llr-focus40-20260921/645738/judge/rank-0/hpcagent_bench0.db,gpu-llr-focus40-oss120b-triton-device-skills-clean.n0.p8.w8,scan_affine_decay,gpu-llr-focus40-oss120b-triton-device-skills-clean,1.0581261610815704,graded,,1.1059739146988048,4.0,4.0,1790282173619.0,triton,,,1.106115496064899,graded,,oss120b
hpcagent-bench-runs/gpu-llr-focus40-20260921/645738/judge/rank-2/hpcagent_bench2.db,gpu-llr-focus40-oss120b-triton-device-skills-clean.n0.p2.w2,ext_break_capture,gpu-llr-focus40-oss120b-triton-device-skills-clean,66.21851536493993,graded,,33.53065089951807,4.0,4.0,1790282210592.0,triton,,,35.2440817388423,graded,,oss120b
hpcagent-bench-runs/gpu-llr-focus40-20260921/645714/judge/rank-0/hpcagent_bench0.db,gpu-llr-focus40-kimi27sglang-triton-device-clean.n0.p20.w20,tsvc_2_s235,gpu-llr-focus40-kimi27sglang-triton-device-clean,19.870023335083,graded,,17.905046838295068,4.0,4.0,1790282221930.0,triton,,,17.345873344902035,graded,,kimi27sglang
hpcagent-bench-runs/gpu-llr-focus40-20260921/645712/judge/rank-2/hpcagent_bench2.db,gpu-llr-focus40-qwen38-triton-device-clean.n0.p10.w10,segment_reduce_ragged,gpu-llr-focus40-qwen38-triton-device-clean,44.38074959593687,graded,,75.84954580551201,4.0,4.0,1790282245533.0,triton,,,76.22312697708416,graded,,qwen38
hpcagent-bench-runs/gpu-llr-focus40-20260921/645738/judge/rank-3/hpcagent_bench3.db,gpu-llr-focus40-oss120b-triton-device-skills-clean.n0.p3.w3,ext_war_unit,gpu-llr-focus40-oss120b-triton-device-skills-clean,47.32277261349298,graded,,23.320538642441527,4.0,4.0,1790282263664.0,triton,,,23.954877151898152,graded,,oss120b
hpcagent-bench-runs/gpu-llr-focus40-20260921/645738/judge/rank-3/hpcagent_bench3.db,gpu-llr-focus40-oss120b-triton-device-skills-clean.n0.p7.w7,quasi_affine_reduce_odd,gpu-llr-focus40-oss120b-triton-device-skills-clean,105.3582336066685,graded,,86.38773108590502,4.0,4.0,1790282266481.0,triton,,,87.91836353100184,graded,,oss120b
hpcagent-bench-runs/gpu-llr-focus40-20260921/645712/judge/rank-3/hpcagent_bench3.db,gpu-llr-focus40-qwen38-triton-device-clean.n0.p19.w19,tsvc_2_s233,gpu-llr-focus40-qwen38-triton-device-clean,497.3424212191327,graded,,594.1590954959158,4.0,4.0,1790282290660.0,triton,,,580.7657090392122,graded,,qwen38
hpcagent-bench-runs/gpu-llr-focus40-20260921/645714/judge/rank-2/hpcagent_bench2.db,gpu-llr-focus40-kimi27sglang-triton-device-clean.n0.p22.w22,tsvc_2_s255,gpu-llr-focus40-kimi27sglang-triton-device-clean,,not-portable,no cell produced a measurement,80.26681065984809,4.0,0.0,1790282295889.0,triton,,"
                ~~~~~~~~~~~~^^^^^^^^^
  File ""/iopsstor/scratch/cscs/lhulsbergen/v2/llr40-daint-regrade/venv/lib/python3.14/site-packages/cupy/cuda/compiler.py"", line 879, in compile
    raise CompileException(log, self.src, self.name, options,
                           'nvrtc' if not runtime.is_hip else 'hiprtc')
cupy.cuda.compiler.CompileException: nvrtc: error: unrecognized option -O3 found

",73.28287271519959,graded,,kimi27sglang
hpcagent-bench-runs/gpu-llr-focus40-20260921/645738/judge/rank-0/hpcagent_bench0.db,gpu-llr-focus40-oss120b-triton-device-skills-clean.n0.p0.w0,argmax_with_index,gpu-llr-focus40-oss120b-triton-device-skills-clean,167.90071315781742,graded,,111.41031952804022,4.0,4.0,1790282307106.0,triton,,,111.26883020769229,graded,,oss120b
hpcagent-bench-runs/gpu-llr-focus40-20260921/645738/judge/rank-2/hpcagent_bench2.db,gpu-llr-focus40-oss120b-triton-device-skills-clean.n0.p30.w30,tsvc_2_s318,gpu-llr-focus40-oss120b-triton-device-skills-clean,171.22586583765903,graded,,67.52384326318638,4.0,4.0,1790282309679.0,triton,,,66.85050383332286,graded,,oss120b
hpcagent-bench-runs/gpu-llr-focus40-20260921/645738/judge/rank-3/hpcagent_bench3.db,gpu-llr-focus40-oss120b-triton-device-skills-clean.n0.p15.w15,tsvc_2_s152,gpu-llr-focus40-oss120b-triton-device-skills-clean,59.0723697954406,graded,,28.560639113661253,4.0,4.0,1790282338464.0,triton,,,28.75682161949541,graded,,oss120b
hpcagent-bench-runs/gpu-llr-focus40-20260921/645738/judge/rank-0/hpcagent_bench0.db,gpu-llr-focus40-oss120b-triton-device-skills-clean.n0.p16.w16,tsvc_2_s2233,gpu-llr-focus40-oss120b-triton-device-skills-clean,110.29183320848209,graded,,122.0103465518737,4.0,4.0,1790282373944.0,triton,,,106.00272707779331,graded,,oss120b
hpcagent-bench-runs/gpu-llr-focus40-20260921/645714/judge/rank-1/hpcagent_bench1.db,gpu-llr-focus40-kimi27sglang-triton-device-clean.n0.p13.w13,tsvc_2_s1232,gpu-llr-focus40-kimi27sglang-triton-device-clean,29.77664857039644,graded,,368.6798532507675,4.0,4.0,1790282376312.0,triton,,,138.35015199905587,graded,,kimi27sglang
hpcagent-bench-runs/gpu-llr-focus40-20260921/645714/judge/rank-0/hpcagent_bench0.db,gpu-llr-focus40-kimi27sglang-triton-device-clean.n0.p12.w12,tsvc_2_s119,gpu-llr-focus40-kimi27sglang-triton-device-clean,17.602749016286374,graded,,20.03352712187782,4.0,4.0,1790282400263.0,triton,,,18.079896865249147,graded,,kimi27sglang
hpcagent-bench-runs/gpu-llr-focus40-20260921/645738/judge/rank-1/hpcagent_bench1.db,gpu-llr-focus40-oss120b-triton-device-skills-clean.n0.p1.w1,compact_threshold_pack,gpu-llr-focus40-oss120b-triton-device-skills-clean,20.040461159787785,graded,,15.945735394679097,4.0,4.0,1790282404533.0,triton,,,22.819406761905615,graded,,oss120b
hpcagent-bench-runs/gpu-llr-focus40-20260921/645738/judge/rank-2/hpcagent_bench2.db,gpu-llr-focus40-oss120b-triton-device-skills-clean.n0.p6.w6,fuse_stencil_through_transient,gpu-llr-focus40-oss120b-triton-device-skills-clean,129.97697996070872,graded,,61.79445365591459,4.0,4.0,1790282408678.0,triton,,,76.5823074835282,graded,,oss120b
hpcagent-bench-runs/gpu-llr-focus40-20260921/645739/judge/rank-0/hpcagent_bench0.db,gpu-llr-focus40-kimi27sglang-triton-device-skills-clean.n0.p20.w20,tsvc_2_s235,gpu-llr-focus40-kimi27sglang-triton-device-skills-clean,,graded,,4.12887181593264,4.0,0.0,1790282418941.0,triton,,,3.55987612448343,graded,,kimi27sglang
hpcagent-bench-runs/gpu-llr-focus40-20260921/645714/judge/rank-1/hpcagent_bench1.db,gpu-llr-focus40-kimi27sglang-triton-device-clean.n0.p17.w17,tsvc_2_s2275,gpu-llr-focus40-kimi27sglang-triton-device-clean,33.658346596766656,graded,,24.245020877867244,4.0,4.0,1790282430426.0,triton,,,27.351860365234042,graded,,kimi27sglang
hpcagent-bench-runs/gpu-llr-focus40-20260921/645712/judge/rank-2/hpcagent_bench2.db,gpu-llr-focus40-qwen38-triton-device-clean.n0.p2.w2,ext_break_capture,gpu-llr-focus40-qwen38-triton-device-clean,75.17861966652299,graded,,51.81736130109262,4.0,4.0,1790282449786.0,triton,,,45.58751017980303,graded,,qwen38
hpcagent-bench-runs/gpu-llr-focus40-20260921/645739/judge/rank-2/hpcagent_bench2.db,gpu-llr-focus40-kimi27sglang-triton-device-skills-clean.n0.p22.w22,tsvc_2_s255,gpu-llr-focus40-kimi27sglang-triton-device-skills-clean,90.0912354276252,graded,,57.1271350008743,4.0,4.0,1790282467343.0,triton,,,60.16800606185737,graded,,kimi27sglang
hpcagent-bench-runs/gpu-llr-focus40-20260921/645737/judge/rank-3/hpcagent_bench3.db,gpu-llr-focus40-qwen38-triton-device-skills-clean.n0.p19.w19,tsvc_2_s233,gpu-llr-focus40-qwen38-triton-device-skills-clean,396.97914457798333,graded,,526.4046307870362,4.0,4.0,1790282494478.0,triton,,,,,,qwen38
hpcagent-bench-runs/gpu-llr-focus40-20260921/645737/judge/rank-1/hpcagent_bench1.db,gpu-llr-focus40-qwen38-triton-device-skills-clean.n0.p21.w21,tsvc_2_s252,gpu-llr-focus40-qwen38-triton-device-skills-clean,83.16026490467318,graded,,53.90132879613501,4.0,4.0,1790282517958.0,triton,,,48.32420286651282,graded,,qwen38
hpcagent-bench-runs/gpu-llr-focus40-20260921/645712/judge/rank-3/hpcagent_bench3.db,gpu-llr-focus40-qwen38-triton-device-clean.n0.p7.w7,quasi_affine_reduce_odd,gpu-llr-focus40-qwen38-triton-device-clean,102.62747164809389,graded,,94.5434712023481,4.0,4.0,1790282526993.0,triton,,,98.84295888175316,graded,,qwen38
hpcagent-bench-runs/gpu-llr-focus40-20260921/645712/judge/rank-3/hpcagent_bench3.db,gpu-llr-focus40-qwen38-triton-device-clean.n0.p3.w3,ext_war_unit,gpu-llr-focus40-qwen38-triton-device-clean,77.13813353732941,graded,,31.61806100665858,4.0,4.0,1790282537073.0,triton,,,,,,qwen38
hpcagent-bench-runs/gpu-llr-focus40-20260921/645712/judge/rank-0/hpcagent_bench0.db,gpu-llr-focus40-qwen38-triton-device-clean.n0.p0.w0,argmax_with_index,gpu-llr-focus40-qwen38-triton-device-clean,297.6666532372049,graded,,198.0657010737988,4.0,4.0,1790282579136.0,triton,,,203.22784752905997,graded,,qwen38
hpcagent-bench-runs/gpu-llr-focus40-20260921/645712/judge/rank-2/hpcagent_bench2.db,gpu-llr-focus40-qwen38-triton-device-clean.n0.p30.w30,tsvc_2_s318,gpu-llr-focus40-qwen38-triton-device-clean,447.04874867371717,graded,,188.49931923404571,4.0,4.0,1790282582185.0,triton,,,,,,qwen38
hpcagent-bench-runs/gpu-llr-focus40-20260921/645739/judge/rank-1/hpcagent_bench1.db,gpu-llr-focus40-kimi27sglang-triton-device-skills-clean.n0.p13.w13,tsvc_2_s1232,gpu-llr-focus40-kimi27sglang-triton-device-skills-clean,45.744656245151745,graded,,520.5775799353986,4.0,4.0,1790282623092.0,triton,,,,graded,,kimi27sglang
hpcagent-bench-runs/gpu-llr-focus40-20260921/645713/judge/rank-0/hpcagent_bench0.db,gpu-llr-focus40-oss120b-triton-device-clean.n0.p20.w20,tsvc_2_s235,gpu-llr-focus40-oss120b-triton-device-clean,1.7568424910241214,graded,,2.4038226107057254,4.0,4.0,1790282625242.0,triton,,,2.4551773036190503,graded,,oss120b
hpcagent-bench-runs/gpu-llr-focus40-20260921/645712/judge/rank-3/hpcagent_bench3.db,gpu-llr-focus40-qwen38-triton-device-clean.n0.p15.w15,tsvc_2_s152,gpu-llr-focus40-qwen38-triton-device-clean,55.383863518382945,graded,,33.300142975143025,4.0,4.0,1790282627273.0,triton,,,33.83227945426477,graded,,qwen38
hpcagent-bench-runs/gpu-llr-focus40-20260921/645739/judge/rank-1/hpcagent_bench1.db,gpu-llr-focus40-kimi27sglang-triton-device-skills-clean.n0.p17.w17,tsvc_2_s2275,gpu-llr-focus40-kimi27sglang-triton-device-skills-clean,33.45210832113731,graded,,24.20380148610861,4.0,4.0,1790282633955.0,triton,,,24.877566110013806,graded,,kimi27sglang
hpcagent-bench-runs/gpu-llr-focus40-20260921/645739/judge/rank-0/hpcagent_bench0.db,gpu-llr-focus40-kimi27sglang-triton-device-skills-clean.n0.p12.w12,tsvc_2_s119,gpu-llr-focus40-kimi27sglang-triton-device-skills-clean,8.908273831376698,graded,,7.045398118703085,4.0,4.0,1790282644827.0,triton,,,7.303532397935528,graded,,kimi27sglang
hpcagent-bench-runs/gpu-llr-focus40-20260921/645712/judge/rank-0/hpcagent_bench0.db,gpu-llr-focus40-qwen38-triton-device-clean.n0.p16.w16,tsvc_2_s2233,gpu-llr-focus40-qwen38-triton-device-clean,689.5793792486483,graded,,871.1150388713104,4.0,4.0,1790282650507.0,triton,,,818.3036536514763,graded,,qwen38
hpcagent-bench-runs/gpu-llr-focus40-20260921/645714/judge/rank-1/hpcagent_bench1.db,gpu-llr-focus40-kimi27sglang-triton-device-clean.n0.p9.w9,scatter_accum_dup,gpu-llr-focus40-kimi27sglang-triton-device-clean,116.90621147390732,graded,,262.8263734284301,4.0,4.0,1790282689434.0,triton,,,208.44785669387343,graded,,kimi27sglang
hpcagent-bench-runs/gpu-llr-focus40-20260921/645714/judge/rank-2/hpcagent_bench2.db,gpu-llr-focus40-kimi27sglang-triton-device-clean.n0.p34.w34,tsvc_2_vag,gpu-llr-focus40-kimi27sglang-triton-device-clean,6.326995296963331,graded,,14.99293636442478,4.0,4.0,1790282696818.0,triton,,,11.480974090953087,graded,,kimi27sglang
hpcagent-bench-runs/gpu-llr-focus40-20260921/645712/judge/rank-1/hpcagent_bench1.db,gpu-llr-focus40-qwen38-triton-device-clean.n0.p1.w1,compact_threshold_pack,gpu-llr-focus40-qwen38-triton-device-clean,148.93785146031658,graded,,116.16601457854595,4.0,4.0,1790282710609.0,triton,,,,,,qwen38
hpcagent-bench-runs/gpu-llr-focus40-20260921/645714/judge/rank-0/hpcagent_bench0.db,gpu-llr-focus40-kimi27sglang-triton-device-clean.n0.p36.w36,tsvc_2_vtvtv,gpu-llr-focus40-kimi27sglang-triton-device-clean,7.65510559439313,graded,,9.337748018603817,4.0,4.0,1790282743862.0,triton,,,8.733160791774965,graded,,kimi27sglang
hpcagent-bench-runs/gpu-llr-focus40-20260921/645713/judge/rank-2/hpcagent_bench2.db,gpu-llr-focus40-oss120b-triton-device-clean.n0.p22.w22,tsvc_2_s255,gpu-llr-focus40-oss120b-triton-device-clean,99.1028984170281,graded,,60.17041494604824,4.0,4.0,1790282771316.0,triton,,,66.41687615440078,graded,,oss120b
hpcagent-bench-runs/gpu-llr-focus40-20260921/645714/judge/rank-3/hpcagent_bench3.db,gpu-llr-focus40-kimi27sglang-triton-device-clean.n0.p35.w35,tsvc_2_vpvts,gpu-llr-focus40-kimi27sglang-triton-device-clean,7.790879660041756,graded,,9.606384887055604,4.0,4.0,1790282789774.0,triton,,,8.630249256704156,graded,,kimi27sglang
hpcagent-bench-runs/gpu-llr-focus40-20260921/645737/judge/rank-3/hpcagent_bench3.db,gpu-llr-focus40-qwen38-triton-device-skills-clean.n0.p3.w3,ext_war_unit,gpu-llr-focus40-qwen38-triton-device-skills-clean,76.26534890643221,graded,,37.81955873434426,4.0,4.0,1790282792521.0,triton,,,,,,qwen38
hpcagent-bench-runs/gpu-llr-focus40-20260921/645712/judge/rank-0/hpcagent_bench0.db,gpu-llr-focus40-qwen38-triton-device-clean.n0.p20.w20,tsvc_2_s235,gpu-llr-focus40-qwen38-triton-device-clean,4.172845122321682,graded,,4.79915393902332,4.0,4.0,1790282827598.0,triton,,,,,,qwen38
hpcagent-bench-runs/gpu-llr-focus40-20260921/645713/judge/rank-1/hpcagent_bench1.db,gpu-llr-focus40-oss120b-triton-device-clean.n0.p17.w17,tsvc_2_s2275,gpu-llr-focus40-oss120b-triton-device-clean,29.17916355496143,graded,,19.128582496904077,4.0,4.0,1790282839775.0,triton,,,23.900670455992724,graded,,oss120b
hpcagent-bench-runs/gpu-llr-focus40-20260921/645737/judge/rank-0/hpcagent_bench0.db,gpu-llr-focus40-qwen38-triton-device-skills-clean.n0.p0.w0,argmax_with_index,gpu-llr-focus40-qwen38-triton-device-skills-clean,207.53081404215038,graded,,204.36599632873944,4.0,4.0,1790282847246.0,triton,,,202.3972160002736,graded,,qwen38
hpcagent-bench-runs/gpu-llr-focus40-20260921/645737/judge/rank-2/hpcagent_bench2.db,gpu-llr-focus40-qwen38-triton-device-skills-clean.n0.p30.w30,tsvc_2_s318,gpu-llr-focus40-qwen38-triton-device-skills-clean,239.57503117901294,graded,,179.98578344324014,4.0,4.0,1790282855911.0,triton,,,,,,qwen38
hpcagent-bench-runs/gpu-llr-focus40-20260921/645713/judge/rank-1/hpcagent_bench1.db,gpu-llr-focus40-oss120b-triton-device-clean.n0.p13.w13,tsvc_2_s1232,gpu-llr-focus40-oss120b-triton-device-clean,21.573229121513226,graded,,325.84139577612666,4.0,4.0,1790282864976.0,triton,,,119.95797405720353,graded,,oss120b
hpcagent-bench-runs/gpu-llr-focus40-20260921/645739/judge/rank-1/hpcagent_bench1.db,gpu-llr-focus40-kimi27sglang-triton-device-skills-clean.n0.p9.w9,scatter_accum_dup,gpu-llr-focus40-kimi27sglang-triton-device-skills-clean,115.77183436550347,graded,,189.97964335692498,4.0,4.0,1790282869092.0,triton,,,197.18196769075064,graded,,kimi27sglang
hpcagent-bench-runs/gpu-llr-focus40-20260921/645713/judge/rank-0/hpcagent_bench0.db,gpu-llr-focus40-oss120b-triton-device-clean.n0.p12.w12,tsvc_2_s119,gpu-llr-focus40-oss120b-triton-device-clean,2.459263777993836,graded,,1.7950699745131273,4.0,4.0,1790282896593.0,triton,,,1.7978562387900907,graded,,oss120b
hpcagent-bench-runs/gpu-llr-focus40-20260921/645737/judge/rank-2/hpcagent_bench2.db,gpu-llr-focus40-qwen38-triton-device-skills-clean.n0.p6.w6,fuse_stencil_through_transient,gpu-llr-focus40-qwen38-triton-device-skills-clean,123.67994646088327,graded,,63.063952057699915,4.0,4.0,1790282916452.0,triton,,,,,,qwen38
hpcagent-bench-runs/gpu-llr-focus40-20260921/645737/judge/rank-3/hpcagent_bench3.db,gpu-llr-focus40-qwen38-triton-device-skills-clean.n0.p15.w15,tsvc_2_s152,gpu-llr-focus40-qwen38-triton-device-skills-clean,67.324598730355,graded,,36.85530637756347,4.0,4.0,1790282917409.0,triton,,,,,,qwen38
hpcagent-bench-runs/gpu-llr-focus40-20260921/645737/judge/rank-0/hpcagent_bench0.db,gpu-llr-focus40-qwen38-triton-device-skills-clean.n0.p16.w16,tsvc_2_s2233,gpu-llr-focus40-qwen38-triton-device-skills-clean,614.4327658065287,graded,,764.0874769727216,4.0,4.0,1790282939053.0,triton,,,830.4211316373111,graded,,qwen38
hpcagent-bench-runs/gpu-llr-focus40-20260921/645739/judge/rank-0/hpcagent_bench0.db,gpu-llr-focus40-kimi27sglang-triton-device-skills-clean.n0.p36.w36,tsvc_2_vtvtv,gpu-llr-focus40-kimi27sglang-triton-device-skills-clean,7.4811212970910645,graded,,8.901467528299678,4.0,4.0,1790282994972.0,triton,,,8.933450730570497,graded,,kimi27sglang
hpcagent-bench-runs/gpu-llr-focus40-20260921/645714/judge/rank-1/hpcagent_bench1.db,gpu-llr-focus40-kimi27sglang-triton-device-clean.n0.p29.w29,tsvc_2_s316,gpu-llr-focus40-kimi27sglang-triton-device-clean,202.91918350115037,graded,,146.06635980836154,4.0,4.0,1790283026389.0,triton,,,139.11222818411827,graded,,kimi27sglang
hpcagent-bench-runs/gpu-llr-focus40-20260921/645737/judge/rank-1/hpcagent_bench1.db,gpu-llr-focus40-qwen38-triton-device-skills-clean.n0.p1.w1,compact_threshold_pack,gpu-llr-focus40-qwen38-triton-device-skills-clean,110.48600177324255,graded,,122.34260879003382,4.0,4.0,1790283027685.0,triton,,,113.07748867347104,graded,,qwen38
hpcagent-bench-runs/gpu-llr-focus40-20260921/645738/judge/rank-1/hpcagent_bench1.db,gpu-llr-focus40-oss120b-triton-device-skills-clean.n0.p17.w17,tsvc_2_s2275,gpu-llr-focus40-oss120b-triton-device-skills-clean,34.40762059792996,graded,,21.758127425833752,4.0,4.0,1790283044454.0,triton,,,28.357262039233795,graded,,oss120b
hpcagent-bench-runs/gpu-llr-focus40-20260921/645739/judge/rank-3/hpcagent_bench3.db,gpu-llr-focus40-qwen38-triton-device-skills-clean.n0.p3.w3,ext_war_unit,gpu-llr-focus40-qwen38-triton-device-skills-clean,52.895285939283795,graded,,29.74679265184792,4.0,4.0,1790283062767.0,triton,,,25.89263006241783,graded,,qwen38
hpcagent-bench-runs/gpu-llr-focus40-20260921/645739/judge/rank-2/hpcagent_bench2.db,gpu-llr-focus40-kimi27sglang-triton-device-skills-clean.n0.p34.w34,tsvc_2_vag,gpu-llr-focus40-kimi27sglang-triton-device-skills-clean,6.1929058727699555,graded,,10.29368773596792,4.0,4.0,1790283071806.0,triton,,,11.907587876760193,graded,,kimi27sglang
hpcagent-bench-runs/gpu-llr-focus40-20260921/645738/judge/rank-2/hpcagent_bench2.db,gpu-llr-focus40-oss120b-triton-device-skills-clean.n0.p22.w22,tsvc_2_s255,gpu-llr-focus40-oss120b-triton-device-skills-clean,98.49674346625527,graded,,59.98350755223666,4.0,4.0,1790283073796.0,triton,,,58.58023384205894,graded,,oss120b
hpcagent-bench-runs/gpu-llr-focus40-20260921/645713/judge/rank-1/hpcagent_bench1.db,gpu-llr-focus40-oss120b-triton-device-clean.n0.p9.w9,scatter_accum_dup,gpu-llr-focus40-oss120b-triton-device-clean,115.52614459185516,graded,,67.74504505671091,4.0,4.0,1790283082183.0,triton,,,68.21240883549397,graded,,oss120b
hpcagent-bench-runs/gpu-llr-focus40-20260921/645739/judge/rank-3/hpcagent_bench3.db,gpu-llr-focus40-kimi27sglang-triton-device-skills-clean.n0.p35.w35,tsvc_2_vpvts,gpu-llr-focus40-kimi27sglang-triton-device-skills-clean,7.301819576660106,graded,,8.694986915102275,4.0,4.0,1790283085931.0,triton,,,8.443313493035475,graded,,kimi27sglang
hpcagent-bench-runs/gpu-llr-focus40-20260921/645738/judge/rank-1/hpcagent_bench1.db,gpu-llr-focus40-oss120b-triton-device-skills-clean.n0.p13.w13,tsvc_2_s1232,gpu-llr-focus40-oss120b-triton-device-skills-clean,28.662877254715298,graded,,313.20021792814055,4.0,4.0,1790283108157.0,triton,,,103.56730723822288,graded,,oss120b
hpcagent-bench-runs/gpu-llr-focus40-20260921/645714/judge/rank-2/hpcagent_bench2.db,gpu-llr-focus40-kimi27sglang-triton-device-clean.n0.p14.w14,tsvc_2_s1244,gpu-llr-focus40-kimi27sglang-triton-device-clean,55.692778247910766,graded,,37.90315253591717,4.0,4.0,1790283120897.0,triton,,,38.403781006602436,graded,,kimi27sglang
hpcagent-bench-runs/gpu-llr-focus40-20260921/645714/judge/rank-3/hpcagent_bench3.db,gpu-llr-focus40-kimi27sglang-triton-device-clean.n0.p31.w31,tsvc_2_s319,gpu-llr-focus40-kimi27sglang-triton-device-clean,79.68006491417842,graded,,89.41255438039724,4.0,4.0,1790283129178.0,triton,,,85.72826355005914,graded,,kimi27sglang
hpcagent-bench-runs/gpu-llr-focus40-20260921/645738/judge/rank-0/hpcagent_bench0.db,gpu-llr-focus40-oss120b-triton-device-skills-clean.n0.p12.w12,tsvc_2_s119,gpu-llr-focus40-oss120b-triton-device-skills-clean,2.751819670080522,graded,,1.844890266985294,4.0,4.0,1790283143927.0,triton,,,1.7233216216696179,graded,,oss120b
hpcagent-bench-runs/gpu-llr-focus40-20260921/645714/judge/rank-2/hpcagent_bench2.db,gpu-llr-focus40-kimi27sglang-triton-device-clean.n0.p18.w18,tsvc_2_s231,gpu-llr-focus40-kimi27sglang-triton-device-clean,3.5514407431810273,graded,,12.59762017661492,4.0,4.0,1790283202317.0,triton,,,12.206432018569192,graded,,kimi27sglang
hpcagent-bench-runs/gpu-llr-focus40-20260921/645714/judge/rank-1/hpcagent_bench1.db,gpu-llr-focus40-kimi27sglang-triton-device-clean.n0.p33.w33,tsvc_2_s4112,gpu-llr-focus40-kimi27sglang-triton-device-clean,6.47581183830395,graded,,12.929034690321908,4.0,4.0,1790283222569.0,triton,,,9.791488298122005,graded,,kimi27sglang
hpcagent-bench-runs/gpu-llr-focus40-20260921/645714/judge/rank-3/hpcagent_bench3.db,gpu-llr-focus40-kimi27sglang-triton-device-clean.n0.p23.w23,tsvc_2_s2710,gpu-llr-focus40-kimi27sglang-triton-device-clean,6.199727697183244,graded,,8.62329598609201,4.0,4.0,1790283225596.0,triton,,,8.773200709048819,graded,,kimi27sglang
hpcagent-bench-runs/gpu-llr-focus40-20260921/645713/judge/rank-0/hpcagent_bench0.db,gpu-llr-focus40-oss120b-triton-device-clean.n0.p36.w36,tsvc_2_vtvtv,gpu-llr-focus40-oss120b-triton-device-clean,7.7128357225727235,graded,,8.483062709999297,4.0,4.0,1790283249069.0,triton,,,8.107849989417492,graded,,oss120b
hpcagent-bench-runs/gpu-llr-focus40-20260921/645738/judge/rank-1/hpcagent_bench1.db,gpu-llr-focus40-oss120b-triton-device-skills-clean.n0.p9.w9,scatter_accum_dup,gpu-llr-focus40-oss120b-triton-device-skills-clean,116.28114351019748,graded,,23.144806893765622,4.0,4.0,1790283268785.0,triton,,,25.39902084709992,graded,,oss120b
hpcagent-bench-runs/gpu-llr-focus40-20260921/645739/judge/rank-1/hpcagent_bench1.db,gpu-llr-focus40-kimi27sglang-triton-device-skills-clean.n0.p29.w29,tsvc_2_s316,gpu-llr-focus40-kimi27sglang-triton-device-skills-clean,204.96381923267887,graded,,140.66347403164679,4.0,4.0,1790283309424.0,triton,,,138.84236510407843,graded,,kimi27sglang
hpcagent-bench-runs/gpu-llr-focus40-20260921/645714/judge/rank-3/hpcagent_bench3.db,gpu-llr-focus40-kimi27sglang-triton-device-clean.n0.p27.w27,tsvc_2_s3111,gpu-llr-focus40-kimi27sglang-triton-device-clean,512.165626502014,graded,,311.93010124474574,4.0,4.0,1790283325836.0,triton,,,289.4135429176725,graded,,kimi27sglang
hpcagent-bench-runs/gpu-llr-focus40-20260921/645714/judge/rank-2/hpcagent_bench2.db,gpu-llr-focus40-kimi27sglang-triton-device-clean.n0.p26.w26,tsvc_2_s3110,gpu-llr-focus40-kimi27sglang-triton-device-clean,320.1334152785226,graded,,174.66123491617756,4.0,4.0,1790283331320.0,triton,,,174.5756241156271,graded,,kimi27sglang
hpcagent-bench-runs/gpu-llr-focus40-20260921/645712/judge/rank-1/hpcagent_bench1.db,gpu-llr-focus40-qwen38-triton-device-clean.n0.p13.w13,tsvc_2_s1232,gpu-llr-focus40-qwen38-triton-device-clean,31.375061259514734,graded,,342.42601423131856,4.0,4.0,1790283346634.0,triton,,,,,,qwen38
hpcagent-bench-runs/gpu-llr-focus40-20260921/645739/judge/rank-3/hpcagent_bench3.db,gpu-llr-focus40-kimi27sglang-triton-device-skills-clean.n0.p31.w31,tsvc_2_s319,gpu-llr-focus40-kimi27sglang-triton-device-skills-clean,74.1231674841465,graded,,79.67785051278312,4.0,4.0,1790283363926.0,triton,,,80.39476350499014,graded,,kimi27sglang
hpcagent-bench-runs/gpu-llr-focus40-20260921/645739/judge/rank-2/hpcagent_bench2.db,gpu-llr-focus40-kimi27sglang-triton-device-skills-clean.n0.p14.w14,tsvc_2_s1244,gpu-llr-focus40-kimi27sglang-triton-device-skills-clean,59.68485205228698,graded,,38.03745549405675,4.0,4.0,1790283370914.0,triton,,,33.74091066135559,graded,,kimi27sglang
hpcagent-bench-runs/gpu-llr-focus40-20260921/645712/judge/rank-2/hpcagent_bench2.db,gpu-llr-focus40-qwen38-triton-device-clean.n0.p22.w22,tsvc_2_s255,gpu-llr-focus40-qwen38-triton-device-clean,96.59278606901354,graded,,63.92253966927288,4.0,4.0,1790283377111.0,triton,,,65.76588846881252,graded,,qwen38
hpcagent-bench-runs/gpu-llr-focus40-20260921/645739/judge/rank-2/hpcagent_bench2.db,gpu-llr-focus40-kimi27sglang-triton-device-skills-clean.n0.p18.w18,tsvc_2_s231,gpu-llr-focus40-kimi27sglang-triton-device-skills-clean,14.757740758098267,graded,,19.380150128779036,4.0,4.0,1790283381580.0,triton,,,17.746582895899905,graded,,kimi27sglang
hpcagent-bench-runs/gpu-llr-focus40-20260921/645713/judge/rank-3/hpcagent_bench3.db,gpu-llr-focus40-oss120b-triton-device-clean.n0.p35.w35,tsvc_2_vpvts,gpu-llr-focus40-oss120b-triton-device-clean,7.22623042542369,graded,,8.095413362752241,4.0,4.0,1790283385030.0,triton,,,7.685583776155026,graded,,oss120b
hpcagent-bench-runs/gpu-llr-focus40-20260921/645737/judge/rank-0/hpcagent_bench0.db,gpu-llr-focus40-qwen38-triton-device-skills-clean.n0.p12.w12,tsvc_2_s119,gpu-llr-focus40-qwen38-triton-device-skills-clean,18.84499629740533,graded,,10.408321874708486,4.0,4.0,1790283394353.0,triton,,,,,,qwen38
hpcagent-bench-runs/gpu-llr-focus40-20260921/645713/judge/rank-2/hpcagent_bench2.db,gpu-llr-focus40-oss120b-triton-device-clean.n0.p34.w34,tsvc_2_vag,gpu-llr-focus40-oss120b-triton-device-clean,6.095755636467577,graded,,9.992796156179399,4.0,4.0,1790283445295.0,triton,,,11.581000031368871,graded,,oss120b
hpcagent-bench-runs/gpu-llr-focus40-20260921/645737/judge/rank-1/hpcagent_bench1.db,gpu-llr-focus40-qwen38-triton-device-skills-clean.n0.p17.w17,tsvc_2_s2275,gpu-llr-focus40-qwen38-triton-device-skills-clean,32.76728007639502,graded,,23.421380289079643,4.0,4.0,1790283463525.0,triton,,,,,,qwen38
hpcagent-bench-runs/gpu-llr-focus40-20260921/645738/judge/rank-0/hpcagent_bench0.db,gpu-llr-focus40-oss120b-triton-device-skills-clean.n0.p36.w36,tsvc_2_vtvtv,gpu-llr-focus40-oss120b-triton-device-skills-clean,7.761425367719168,graded,,8.42353542058159,4.0,4.0,1790283507770.0,triton,,,8.681137452647198,graded,,oss120b
hpcagent-bench-runs/gpu-llr-focus40-20260921/645712/judge/rank-1/hpcagent_bench1.db,gpu-llr-focus40-qwen38-triton-device-clean.n0.p9.w9,scatter_accum_dup,gpu-llr-focus40-qwen38-triton-device-clean,,not-portable,no cell produced a measurement,207.48266486619838,4.0,0.0,1790283510373.0,triton,,"as /tmp/tmpkwgew9_i.ptx, line 175; error   : Modifier '.evict_first' cannot be combined with modifier '.cg'
ptxas fatal   : Ptx assembly aborted due to errors

Repro command: /iopsstor/scratch/cscs/lhulsbergen/v2/llr40-daint-regrade/venv/lib/python3.14/site-packages/triton/backends/nvidia/bin/ptxas -lineinfo -v --regAllocOptLevel=2 --gpu-name=sm_90a /tmp/tmpkwgew9_i.ptx -o /tmp/tmpkwgew9_i.ptx.o

",210.283639446039,graded,,qwen38
hpcagent-bench-runs/gpu-llr-focus40-20260921/645739/judge/rank-3/hpcagent_bench3.db,gpu-llr-focus40-kimi27sglang-triton-device-skills-clean.n0.p23.w23,tsvc_2_s2710,gpu-llr-focus40-kimi27sglang-triton-device-skills-clean,6.646001151349459,graded,,8.028384787956487,4.0,4.0,1790283521005.0,triton,,,8.467139571532778,graded,,kimi27sglang
hpcagent-bench-runs/gpu-llr-focus40-20260921/645713/judge/rank-2/hpcagent_bench2.db,gpu-llr-focus40-oss120b-triton-device-clean.n0.p18.w18,tsvc_2_s231,gpu-llr-focus40-oss120b-triton-device-clean,4.041035955761787,graded,,4.65192861731306,4.0,4.0,1790283558329.0,triton,,,5.673822776145471,graded,,oss120b
hpcagent-bench-runs/gpu-llr-focus40-20260921/645739/judge/rank-2/hpcagent_bench2.db,gpu-llr-focus40-kimi27sglang-triton-device-skills-clean.n0.p26.w26,tsvc_2_s3110,gpu-llr-focus40-kimi27sglang-triton-device-skills-clean,306.8618852940465,graded,,190.94539399626774,4.0,4.0,1790283580964.0,triton,,,185.09458974009604,graded,,kimi27sglang
hpcagent-bench-runs/gpu-llr-focus40-20260921/645713/judge/rank-1/hpcagent_bench1.db,gpu-llr-focus40-oss120b-triton-device-clean.n0.p29.w29,tsvc_2_s316,gpu-llr-focus40-oss120b-triton-device-clean,77.6118112855156,graded,,53.85183345218452,4.0,4.0,1790283589863.0,triton,,,53.22072121152416,graded,,oss120b
hpcagent-bench-runs/gpu-llr-focus40-20260921/645739/judge/rank-1/hpcagent_bench1.db,gpu-llr-focus40-kimi27sglang-triton-device-skills-clean.n0.p33.w33,tsvc_2_s4112,gpu-llr-focus40-kimi27sglang-triton-device-skills-clean,6.483101937959478,graded,,15.23696769613553,4.0,4.0,1790283596326.0,triton,,,10.704291163439018,graded,,kimi27sglang
hpcagent-bench-runs/gpu-llr-focus40-20260921/645713/judge/rank-3/hpcagent_bench3.db,gpu-llr-focus40-oss120b-triton-device-clean.n0.p31.w31,tsvc_2_s319,gpu-llr-focus40-oss120b-triton-device-clean,67.97431651120705,graded,,67.04066854660441,4.0,4.0,1790283600566.0,triton,,,61.56645164929677,graded,,oss120b
hpcagent-bench-runs/gpu-llr-focus40-20260921/645739/judge/rank-3/hpcagent_bench3.db,gpu-llr-focus40-kimi27sglang-triton-device-skills-clean.n0.p27.w27,tsvc_2_s3111,gpu-llr-focus40-kimi27sglang-triton-device-skills-clean,498.41994377361294,graded,,281.4125682887929,4.0,4.0,1790283609004.0,triton,,,281.91333175576415,graded,,kimi27sglang
hpcagent-bench-runs/gpu-llr-focus40-20260921/645713/judge/rank-2/hpcagent_bench2.db,gpu-llr-focus40-oss120b-triton-device-clean.n0.p14.w14,tsvc_2_s1244,gpu-llr-focus40-oss120b-triton-device-clean,56.79979434660788,graded,,37.93344610620836,4.0,4.0,1790283618103.0,triton,,,34.465627382941356,graded,,oss120b
hpcagent-bench-runs/gpu-llr-focus40-20260921/645714/judge/rank-1/hpcagent_bench1.db,gpu-llr-focus40-kimi27sglang-triton-device-clean.n0.p25.w25,tsvc_2_s311,gpu-llr-focus40-kimi27sglang-triton-device-clean,167.29713573430024,graded,,180.9597065280943,4.0,4.0,1790283641637.0,triton,,,166.30856104481813,graded,,kimi27sglang
hpcagent-bench-runs/gpu-llr-focus40-20260921/645737/judge/rank-1/hpcagent_bench1.db,gpu-llr-focus40-qwen38-triton-device-skills-clean.n0.p9.w9,scatter_accum_dup,gpu-llr-focus40-qwen38-triton-device-skills-clean,119.40943444450609,graded,,196.56984043795265,4.0,4.0,1790283658327.0,triton,,,224.34848310755075,graded,,qwen38
hpcagent-bench-runs/gpu-llr-focus40-20260915/639326/judge/rank-2/hpcagent_bench2.db,gpu-llr-focus40-kimi27sglang-triton-clean.n0.p10.w10,segment_reduce_ragged,gpu-llr-focus40-kimi27sglang-triton,14.095761841479035,graded,,3.32846634907286,4.0,4.0,1790283671724.0,triton,,,,,,kimi27sglang
hpcagent-bench-runs/gpu-llr-focus40-20260921/645737/judge/rank-2/hpcagent_bench2.db,gpu-llr-focus40-qwen38-triton-device-skills-clean.n0.p22.w22,tsvc_2_s255,gpu-llr-focus40-qwen38-triton-device-skills-clean,110.40813579277138,graded,,72.44783673999977,4.0,4.0,1790283674762.0,triton,,,,,,qwen38
hpcagent-bench-runs/gpu-llr-focus40-20260921/645738/judge/rank-3/hpcagent_bench3.db,gpu-llr-focus40-oss120b-triton-device-skills-clean.n0.p35.w35,tsvc_2_vpvts,gpu-llr-focus40-oss120b-triton-device-skills-clean,7.5180421302057,graded,,7.90952112855595,4.0,4.0,1790283683579.0,triton,,,7.5761168515884725,graded,,oss120b
hpcagent-bench-runs/gpu-llr-focus40-20260921/645738/judge/rank-2/hpcagent_bench2.db,gpu-llr-focus40-oss120b-triton-device-skills-clean.n0.p18.w18,tsvc_2_s231,gpu-llr-focus40-oss120b-triton-device-skills-clean,3.3528099106415064,graded,,3.3942134744848143,4.0,4.0,1790283736144.0,triton,,,3.602393824035438,graded,,oss120b
hpcagent-bench-runs/gpu-llr-focus40-20260921/645714/judge/rank-3/hpcagent_bench3.db,gpu-llr-focus40-kimi27sglang-triton-device-clean.n0.p39.w39,wf_triangular,gpu-llr-focus40-kimi27sglang-triton-device-clean,1.3593579310696546,graded,,2.004296125640443,4.0,4.0,1790283754892.0,triton,,,2.017136909726548,graded,,kimi27sglang
hpcagent-bench-runs/gpu-llr-focus40-20260921/645712/judge/rank-0/hpcagent_bench0.db,gpu-llr-focus40-qwen38-triton-device-clean.n0.p36.w36,tsvc_2_vtvtv,gpu-llr-focus40-qwen38-triton-device-clean,7.525118297576146,graded,,8.777639750613751,4.0,4.0,1790283763973.0,triton,,,,,,qwen38
hpcagent-bench-runs/gpu-llr-focus40-20260921/645713/judge/rank-3/hpcagent_bench3.db,gpu-llr-focus40-oss120b-triton-device-clean.n0.p23.w23,tsvc_2_s2710,gpu-llr-focus40-oss120b-triton-device-clean,6.700165781767508,graded,,11.530722082801612,4.0,4.0,1790283812081.0,triton,,,8.070702634198463,graded,,oss120b
hpcagent-bench-runs/gpu-llr-focus40-20260921/645738/judge/rank-2/hpcagent_bench2.db,gpu-llr-focus40-oss120b-triton-device-skills-clean.n0.p34.w34,tsvc_2_vag,gpu-llr-focus40-oss120b-triton-device-skills-clean,6.193625468837085,graded,,9.949329067164935,4.0,4.0,1790283819921.0,triton,,,11.662020423215992,graded,,oss120b
hpcagent-bench-runs/gpu-llr-focus40-20260921/645713/judge/rank-2/hpcagent_bench2.db,gpu-llr-focus40-oss120b-triton-device-clean.n0.p26.w26,tsvc_2_s3110,gpu-llr-focus40-oss120b-triton-device-clean,240.45260640762413,graded,,152.23308169091027,4.0,4.0,1790283828504.0,triton,,,162.45720678510904,graded,,oss120b
hpcagent-bench-runs/gpu-llr-focus40-20260921/645738/judge/rank-3/hpcagent_bench3.db,gpu-llr-focus40-oss120b-triton-device-skills-clean.n0.p31.w31,tsvc_2_s319,gpu-llr-focus40-oss120b-triton-device-skills-clean,84.40224915861094,graded,,82.62373383400974,4.0,4.0,1790283839034.0,triton,,,80.95164101212511,graded,,oss120b
hpcagent-bench-runs/gpu-llr-focus40-20260915/639326/judge/rank-1/hpcagent_bench1.db,gpu-llr-focus40-kimi27sglang-triton-clean.n0.p17.w17,tsvc_2_s2275,gpu-llr-focus40-kimi27sglang-triton,3.5321673667459588,graded,,0.6136973132894562,4.0,4.0,1790283844303.0,triton,,,,,,kimi27sglang
hpcagent-bench-runs/gpu-llr-focus40-20260921/645738/judge/rank-1/hpcagent_bench1.db,gpu-llr-focus40-oss120b-triton-device-skills-clean.n0.p29.w29,tsvc_2_s316,gpu-llr-focus40-oss120b-triton-device-skills-clean,184.30075844934782,graded,,119.45908314563759,4.0,4.0,1790283865641.0,triton,,,118.46867391933266,graded,,oss120b
hpcagent-bench-runs/gpu-llr-focus40-20260921/645712/judge/rank-2/hpcagent_bench2.db,gpu-llr-focus40-qwen38-triton-device-clean.n0.p14.w14,tsvc_2_s1244,gpu-llr-focus40-qwen38-triton-device-clean,73.86424423304497,graded,,62.35154791595482,4.0,4.0,1790283868801.0,triton,,,45.79245605554575,graded,,qwen38
hpcagent-bench-runs/gpu-llr-focus40-20260921/645713/judge/rank-3/hpcagent_bench3.db,gpu-llr-focus40-oss120b-triton-device-clean.n0.p27.w27,tsvc_2_s3111,gpu-llr-focus40-oss120b-triton-device-clean,445.83233984969405,graded,,192.73130179312,4.0,4.0,1790283887867.0,triton,,,188.62236030852873,graded,,oss120b
hpcagent-bench-runs/gpu-llr-focus40-20260915/639326/judge/rank-2/hpcagent_bench2.db,gpu-llr-focus40-kimi27sglang-triton-clean.n0.p2.w2,ext_break_capture,gpu-llr-focus40-kimi27sglang-triton,9.334983011218727,graded,,1.2306515262752682,4.0,4.0,1790283904484.0,triton,,,,,,kimi27sglang
hpcagent-bench-runs/gpu-llr-focus40-20260921/645739/judge/rank-1/hpcagent_bench1.db,gpu-llr-focus40-kimi27sglang-triton-device-skills-clean.n0.p25.w25,tsvc_2_s311,gpu-llr-focus40-kimi27sglang-triton-device-skills-clean,148.6452782372208,graded,,182.4660237471152,4.0,4.0,1790283910372.0,triton,,,174.69997342974685,graded,,kimi27sglang
hpcagent-bench-runs/gpu-llr-focus40-20260921/645712/judge/rank-2/hpcagent_bench2.db,gpu-llr-focus40-qwen38-triton-device-clean.n0.p18.w18,tsvc_2_s231,gpu-llr-focus40-qwen38-triton-device-clean,16.213749137640576,graded,,18.409551960361135,4.0,4.0,1790283914574.0,triton,,,19.248218417881144,graded,,qwen38
hpcagent-bench-runs/gpu-llr-focus40-20260921/645713/judge/rank-1/hpcagent_bench1.db,gpu-llr-focus40-oss120b-triton-device-clean.n0.p33.w33,tsvc_2_s4112,gpu-llr-focus40-oss120b-triton-device-clean,6.5368949985605305,graded,,9.722991094619617,4.0,4.0,1790283966298.0,triton,,,11.829639840355014,graded,,oss120b
hpcagent-bench-runs/gpu-llr-focus40-20260921/645714/judge/rank-0/hpcagent_bench0.db,gpu-llr-focus40-kimi27sglang-triton-device-clean.n0.p32.w32,tsvc_2_s323,gpu-llr-focus40-kimi27sglang-triton-device-clean,55.91357835152285,graded,,51.72777714326284,4.0,4.0,1790283970785.0,triton,,,49.22055710534789,graded,,kimi27sglang
hpcagent-bench-runs/gpu-llr-focus40-20260921/645712/judge/rank-3/hpcagent_bench3.db,gpu-llr-focus40-qwen38-triton-device-clean.n0.p35.w35,tsvc_2_vpvts,gpu-llr-focus40-qwen38-triton-device-clean,7.5921941380940385,graded,,8.03218144875131,4.0,4.0,1790283981794.0,triton,,,,,,qwen38
hpcagent-bench-runs/gpu-llr-focus40-20260921/645737/judge/rank-0/hpcagent_bench0.db,gpu-llr-focus40-qwen38-triton-device-skills-clean.n0.p36.w36,tsvc_2_vtvtv,gpu-llr-focus40-qwen38-triton-device-skills-clean,7.348169205031859,graded,,10.959418275347202,4.0,4.0,1790284021127.0,triton,,,10.2728366149494,graded,,qwen38
hpcagent-bench-runs/gpu-llr-focus40-20260915/639328/judge/rank-2/hpcagent_bench2.db,gpu-llr-focus40-kimi27sglang-triton-skills-clean.n0.p10.w10,segment_reduce_ragged,gpu-llr-focus40-kimi27sglang-triton-skills,,graded,,11.284704141969645,4.0,2.0,1790284031643.0,triton,,,,,,kimi27sglang
hpcagent-bench-runs/gpu-llr-focus40-20260921/645712/judge/rank-3/hpcagent_bench3.db,gpu-llr-focus40-qwen38-triton-device-clean.n0.p31.w31,tsvc_2_s319,gpu-llr-focus40-qwen38-triton-device-clean,83.12684321640381,graded,,96.46427789485207,4.0,4.0,1790284073775.0,triton,,,,,,qwen38
hpcagent-bench-runs/gpu-llr-focus40-20260921/645738/judge/rank-2/hpcagent_bench2.db,gpu-llr-focus40-oss120b-triton-device-skills-clean.n0.p26.w26,tsvc_2_s3110,gpu-llr-focus40-oss120b-triton-device-skills-clean,175.10668024372052,graded,,105.85252302680009,4.0,4.0,1790284080964.0,triton,,,108.98843807046279,graded,,oss120b
hpcagent-bench-runs/gpu-llr-focus40-20260921/645714/judge/rank-2/hpcagent_bench2.db,gpu-llr-focus40-kimi27sglang-triton-device-clean.n0.p38.w38,wf_diff_skew,gpu-llr-focus40-kimi27sglang-triton-device-clean,,graded,,7.847306281899651,4.0,2.0,1790284094037.0,triton,,,8.51913723193261,graded,,kimi27sglang
hpcagent-bench-runs/gpu-llr-focus40-20260921/645738/judge/rank-3/hpcagent_bench3.db,gpu-llr-focus40-oss120b-triton-device-skills-clean.n0.p23.w23,tsvc_2_s2710,gpu-llr-focus40-oss120b-triton-device-skills-clean,6.017403753099596,graded,,6.614010433852526,4.0,4.0,1790284106215.0,triton,,,7.238317183768371,graded,,oss120b
hpcagent-bench-runs/gpu-llr-focus40-20260921/645739/judge/rank-3/hpcagent_bench3.db,gpu-llr-focus40-kimi27sglang-triton-device-skills-clean.n0.p39.w39,wf_triangular,gpu-llr-focus40-kimi27sglang-triton-device-skills-clean,8.25530455089096,graded,,6.2438402649681874,4.0,4.0,1790284121226.0,triton,,,6.496145012618344,graded,,kimi27sglang
hpcagent-bench-runs/gpu-llr-focus40-20260915/639326/judge/rank-1/hpcagent_bench1.db,gpu-llr-focus40-kimi27sglang-triton-clean.n0.p9.w9,scatter_accum_dup,gpu-llr-focus40-kimi27sglang-triton,47.14960101756803,graded,,18.530160440468894,4.0,4.0,1790284123453.0,triton,,,,,,kimi27sglang
hpcagent-bench-runs/gpu-llr-focus40-20260921/645737/judge/rank-2/hpcagent_bench2.db,gpu-llr-focus40-qwen38-triton-device-skills-clean.n0.p14.w14,tsvc_2_s1244,gpu-llr-focus40-qwen38-triton-device-skills-clean,48.95669371675709,graded,,43.288793137281225,4.0,4.0,1790284124993.0,triton,,,36.56781535863205,graded,,qwen38
hpcagent-bench-runs/gpu-llr-focus40-20260921/645712/judge/rank-1/hpcagent_bench1.db,gpu-llr-focus40-qwen38-triton-device-clean.n0.p29.w29,tsvc_2_s316,gpu-llr-focus40-qwen38-triton-device-clean,224.37797162798358,graded,,148.49795648664033,4.0,4.0,1790284141240.0,triton,,,,,,qwen38
hpcagent-bench-runs/gpu-llr-focus40-20260921/645738/judge/rank-3/hpcagent_bench3.db,gpu-llr-focus40-oss120b-triton-device-skills-clean.n0.p27.w27,tsvc_2_s3111,gpu-llr-focus40-oss120b-triton-device-skills-clean,535.2064405832635,graded,,278.1275221217392,4.0,4.0,1790284162214.0,triton,,,287.8346248585201,graded,,oss120b
hpcagent-bench-runs/gpu-llr-focus40-20260915/639328/judge/rank-1/hpcagent_bench1.db,gpu-llr-focus40-kimi27sglang-triton-skills-clean.n0.p17.w17,tsvc_2_s2275,gpu-llr-focus40-kimi27sglang-triton-skills,5.150984570011222,graded,,2.840188874476344,4.0,4.0,1790284166343.0,triton,,,,,,kimi27sglang
hpcagent-bench-runs/gpu-llr-focus40-20260921/645713/judge/rank-1/hpcagent_bench1.db,gpu-llr-focus40-oss120b-triton-device-clean.n0.p25.w25,tsvc_2_s311,gpu-llr-focus40-oss120b-triton-device-clean,150.66365062899416,graded,,171.58649182936475,4.0,4.0,1790284181110.0,triton,,,163.91272360316188,graded,,oss120b
hpcagent-bench-runs/gpu-llr-focus40-20260921/645712/judge/rank-2/hpcagent_bench2.db,gpu-llr-focus40-qwen38-triton-device-clean.n0.p34.w34,tsvc_2_vag,gpu-llr-focus40-qwen38-triton-device-clean,6.222893114651297,graded,,10.644822647311717,4.0,4.0,1790284189515.0,triton,,,10.90991120364614,graded,,qwen38
hpcagent-bench-runs/gpu-llr-focus40-20260921/645713/judge/rank-0/hpcagent_bench0.db,gpu-llr-focus40-oss120b-triton-device-clean.n0.p32.w32,tsvc_2_s323,gpu-llr-focus40-oss120b-triton-device-clean,30.757823242385232,graded,,27.662355234848302,4.0,4.0,1790284259302.0,triton,,,27.145904187989213,graded,,oss120b
hpcagent-bench-runs/gpu-llr-focus40-20260921/645737/judge/rank-3/hpcagent_bench3.db,gpu-llr-focus40-qwen38-triton-device-skills-clean.n0.p35.w35,tsvc_2_vpvts,gpu-llr-focus40-qwen38-triton-device-skills-clean,7.5385200941815675,graded,,8.044959874612466,4.0,4.0,1790284271184.0,triton,,,7.7765533099832975,graded,,qwen38
hpcagent-bench-runs/gpu-llr-focus40-20260915/639326/judge/rank-1/hpcagent_bench1.db,gpu-llr-focus40-kimi27sglang-triton-clean.n0.p21.w21,tsvc_2_s252,gpu-llr-focus40-kimi27sglang-triton,8.376830384097117,graded,,1.3215043681053182,4.0,4.0,1790284279685.0,triton,,,,,,kimi27sglang
hpcagent-bench-runs/gpu-llr-focus40-20260921/645737/judge/rank-3/hpcagent_bench3.db,gpu-llr-focus40-qwen38-triton-device-skills-clean.n0.p31.w31,tsvc_2_s319,gpu-llr-focus40-qwen38-triton-device-skills-clean,81.94567855148617,graded,,91.87097791807882,4.0,4.0,1790284310653.0,triton,,,91.04545217827804,graded,,qwen38
hpcagent-bench-runs/gpu-llr-focus40-20260915/639328/judge/rank-2/hpcagent_bench2.db,gpu-llr-focus40-kimi27sglang-triton-skills-clean.n0.p2.w2,ext_break_capture,gpu-llr-focus40-kimi27sglang-triton-skills,10.574314489641402,graded,,1.1730917677512982,4.0,4.0,1790284315752.0,triton,,,,,,kimi27sglang
hpcagent-bench-runs/gpu-llr-focus40-20260921/645712/judge/rank-2/hpcagent_bench2.db,gpu-llr-focus40-qwen38-triton-device-clean.n0.p26.w26,tsvc_2_s3110,gpu-llr-focus40-qwen38-triton-device-clean,335.36776456788266,graded,,198.80122120478205,4.0,4.0,1790284329545.0,triton,,,198.90671932471923,graded,,qwen38
hpcagent-bench-runs/gpu-llr-focus40-20260921/645738/judge/rank-1/hpcagent_bench1.db,gpu-llr-focus40-oss120b-triton-device-skills-clean.n0.p33.w33,tsvc_2_s4112,gpu-llr-focus40-oss120b-triton-device-skills-clean,6.459582109348216,graded,,11.589177769594507,4.0,4.0,1790284338275.0,triton,,,10.882674344969903,graded,,oss120b
hpcagent-bench-runs/gpu-llr-focus40-20260915/639318/judge/rank-2/hpcagent_bench2.db,gpu-llr-focus40-oss120b-triton-skills-clean.n0.p10.w10,segment_reduce_ragged,gpu-llr-focus40-oss120b-triton-skills,21.440845125248174,graded,,10.106681385681178,4.0,4.0,1790284346320.0,triton,,,,,,oss120b
hpcagent-bench-runs/gpu-llr-focus40-20260921/645714/judge/rank-0/hpcagent_bench0.db,gpu-llr-focus40-kimi27sglang-triton-device-clean.n0.p24.w24,tsvc_2_s275,gpu-llr-focus40-kimi27sglang-triton-device-clean,12.675801655104042,graded,,16.92954816688206,4.0,4.0,1790284373927.0,triton,,,16.27092860746285,graded,,kimi27sglang
hpcagent-bench-runs/gpu-llr-focus40-20260921/645712/judge/rank-3/hpcagent_bench3.db,gpu-llr-focus40-qwen38-triton-device-clean.n0.p23.w23,tsvc_2_s2710,gpu-llr-focus40-qwen38-triton-device-clean,6.2733208187364395,graded,,7.308431736921864,4.0,4.0,1790284395222.0,triton,,,7.220602833000023,graded,,qwen38
hpcagent-bench-runs/gpu-llr-focus40-20260921/645714/judge/rank-1/hpcagent_bench1.db,gpu-llr-focus40-qwen38-triton-device-clean.n0.p9.w9,tsvc_2_s316,gpu-llr-focus40-qwen38-triton-device-clean,201.15804026640714,graded,,146.2987047310593,4.0,4.0,1790284416734.0,triton,,,139.78855396973705,graded,,qwen38
hpcagent-bench-runs/gpu-llr-focus40-20260921/645739/judge/rank-2/hpcagent_bench2.db,gpu-llr-focus40-kimi27sglang-triton-device-skills-clean.n0.p38.w38,wf_diff_skew,gpu-llr-focus40-kimi27sglang-triton-device-skills-clean,4.282944893772452,graded,,2.624038889644882,4.0,4.0,1790284431261.0,triton,,,2.838521428373545,graded,,kimi27sglang
hpcagent-bench-runs/gpu-llr-focus40-20260921/645712/judge/rank-3/hpcagent_bench3.db,gpu-llr-focus40-qwen38-triton-device-clean.n0.p27.w27,tsvc_2_s3111,gpu-llr-focus40-qwen38-triton-device-clean,481.88442260902264,graded,,266.71018091328796,4.0,4.0,1790284438929.0,triton,,,286.32928897431924,graded,,qwen38
hpcagent-bench-runs/gpu-llr-focus40-20260921/645738/judge/rank-1/hpcagent_bench1.db,gpu-llr-focus40-oss120b-triton-device-skills-clean.n0.p25.w25,tsvc_2_s311,gpu-llr-focus40-oss120b-triton-device-skills-clean,136.09013832581388,graded,,141.82467498826549,4.0,4.0,1790284453025.0,triton,,,129.59777802520478,graded,,oss120b
hpcagent-bench-runs/gpu-llr-focus40-20260915/639326/judge/rank-1/hpcagent_bench1.db,gpu-llr-focus40-kimi27sglang-triton-clean.n0.p13.w13,tsvc_2_s1232,gpu-llr-focus40-kimi27sglang-triton,18.88597941833254,graded,,61.79099931217451,4.0,4.0,1790284485602.0,triton,,,,,,kimi27sglang
hpcagent-bench-runs/gpu-llr-focus40-20260915/639318/judge/rank-1/hpcagent_bench1.db,gpu-llr-focus40-oss120b-triton-skills-clean.n0.p17.w17,tsvc_2_s2275,gpu-llr-focus40-oss120b-triton-skills,1.0229264903184732,graded,,1.0239617762388256,4.0,4.0,1790284502980.0,triton,,,,,,oss120b
hpcagent-bench-runs/gpu-llr-focus40-20260918/641791/judge/rank-2/hpcagent_bench2.db,gpu-llr-focus40-kimi27sglang-triton-clean.n0.p6.w6,tsvc_2_vtvtv,gpu-llr-focus40-kimi27sglang-triton,0.9833741645608264,graded,,1.0410367375057537,4.0,4.0,1790284517190.0,triton,,,,,,kimi27sglang
hpcagent-bench-runs/gpu-llr-focus40-20260915/639328/judge/rank-0/hpcagent_bench0.db,gpu-llr-focus40-kimi27sglang-triton-skills-clean.n0.p28.w28,tsvc_2_s3112,gpu-llr-focus40-kimi27sglang-triton-skills,,graded,,1.2175344292690329,4.0,0.0,1790284533477.0,triton,,,,,,kimi27sglang
hpcagent-bench-runs/gpu-llr-focus40-20260921/645738/judge/rank-0/hpcagent_bench0.db,gpu-llr-focus40-oss120b-triton-device-skills-clean.n0.p32.w32,tsvc_2_s323,gpu-llr-focus40-oss120b-triton-device-skills-clean,23.62851063857909,graded,,19.76443995182817,4.0,4.0,1790284546211.0,triton,,,20.019799104510085,graded,,oss120b
hpcagent-bench-runs/gpu-llr-focus40-20260921/645714/judge/rank-1/hpcagent_bench1.db,gpu-llr-focus40-kimi27sglang-triton-device-clean.n0.p37.w37,versioned_distance_update,gpu-llr-focus40-kimi27sglang-triton-device-clean,,graded,,55.41835706316155,4.0,3.0,1790284549383.0,triton,,,29.46976954729113,graded,,kimi27sglang
hpcagent-bench-runs/gpu-llr-focus40-20260921/645737/judge/rank-2/hpcagent_bench2.db,gpu-llr-focus40-qwen38-triton-device-skills-clean.n0.p34.w34,tsvc_2_vag,gpu-llr-focus40-qwen38-triton-device-skills-clean,6.147367357850917,graded,,10.474457045364879,4.0,4.0,1790284560864.0,triton,,,10.431442112085858,graded,,qwen38
hpcagent-bench-runs/gpu-llr-focus40-20260915/639326/judge/rank-3/hpcagent_bench3.db,gpu-llr-focus40-kimi27sglang-triton-clean.n0.p35.w35,tsvc_2_vpvts,gpu-llr-focus40-kimi27sglang-triton,0.0973221672002538,graded,,0.9868425839158796,4.0,4.0,1790284564285.0,triton,,,,,,kimi27sglang
hpcagent-bench-runs/gpu-llr-focus40-20260921/645737/judge/rank-2/hpcagent_bench2.db,gpu-llr-focus40-qwen38-triton-device-skills-clean.n0.p26.w26,tsvc_2_s3110,gpu-llr-focus40-qwen38-triton-device-skills-clean,340.83298548333823,graded,,213.7000005134252,4.0,4.0,1790284576841.0,triton,,,209.6403889375996,graded,,qwen38
hpcagent-bench-runs/gpu-llr-focus40-20260921/645739/judge/rank-0/hpcagent_bench0.db,gpu-llr-focus40-kimi27sglang-triton-device-skills-clean.n0.p24.w24,tsvc_2_s275,gpu-llr-focus40-kimi27sglang-triton-device-skills-clean,5.9992249729396665,graded,,6.830826204706086,4.0,4.0,1790284636530.0,triton,,,7.976755513537557,graded,,kimi27sglang
hpcagent-bench-runs/gpu-llr-focus40-20260915/639240/judge/rank-2/hpcagent_bench2.db,gpu-llr-focus40-qwen38-triton-clean.n0.p10.w10,segment_reduce_ragged,gpu-llr-focus40-qwen38-triton,0.9897653042208943,graded,,12.349925558125756,4.0,4.0,1790284680446.0,triton,,,,,,qwen38
hpcagent-bench-runs/gpu-llr-focus40-20260921/645737/judge/rank-3/hpcagent_bench3.db,gpu-llr-focus40-qwen38-triton-device-skills-clean.n0.p23.w23,tsvc_2_s2710,gpu-llr-focus40-qwen38-triton-device-skills-clean,6.19097365137448,graded,,9.605541840724307,4.0,4.0,1790284684712.0,triton,,,9.853301417411377,graded,,qwen38
hpcagent-bench-runs/gpu-llr-focus40-20260915/639326/judge/rank-0/hpcagent_bench0.db,gpu-llr-focus40-kimi27sglang-triton-clean.n0.p4.w4,fuse_diamond,gpu-llr-focus40-kimi27sglang-triton,2.9282137017784504,graded,,169.90560807310186,4.0,4.0,1790284692411.0,triton,,,,,,kimi27sglang
hpcagent-bench-runs/gpu-llr-focus40-20260921/645737/judge/rank-1/hpcagent_bench1.db,gpu-llr-focus40-qwen38-triton-device-skills-clean.n0.p29.w29,tsvc_2_s316,gpu-llr-focus40-qwen38-triton-device-skills-clean,206.72123616471018,graded,,146.52051734111677,4.0,4.0,1790284692426.0,triton,,,149.31409903809705,graded,,qwen38
hpcagent-bench-runs/gpu-llr-focus40-20260921/645712/judge/rank-1/hpcagent_bench1.db,gpu-llr-focus40-qwen38-triton-device-clean.n0.p33.w33,tsvc_2_s4112,gpu-llr-focus40-qwen38-triton-device-clean,6.530107691876616,graded,,10.697158942668619,4.0,4.0,1790284709582.0,triton,,,11.069318647264039,graded,,qwen38
hpcagent-bench-runs/gpu-llr-focus40-20260921/645737/judge/rank-3/hpcagent_bench3.db,gpu-llr-focus40-qwen38-triton-device-skills-clean.n0.p27.w27,tsvc_2_s3111,gpu-llr-focus40-qwen38-triton-device-skills-clean,541.1367529478352,graded,,315.3840513951592,4.0,4.0,1790284713303.0,triton,,,,,,qwen38
hpcagent-bench-runs/gpu-llr-focus40-20260921/645737/judge/rank-1/hpcagent_bench1.db,gpu-llr-focus40-qwen38-triton-device-skills-clean.n0.p25.w25,tsvc_2_s311,gpu-llr-focus40-qwen38-triton-device-skills-clean,157.16424530905465,graded,,189.0978349564209,4.0,4.0,1790284724762.0,triton,,,172.92107951474887,graded,,qwen38
hpcagent-bench-runs/gpu-llr-focus40-20260915/639328/judge/rank-1/hpcagent_bench1.db,gpu-llr-focus40-kimi27sglang-triton-skills-clean.n0.p21.w21,tsvc_2_s252,gpu-llr-focus40-kimi27sglang-triton-skills,8.362204891533628,graded,,1.4523921932105943,4.0,4.0,1790284739232.0,triton,,,,,,kimi27sglang
hpcagent-bench-runs/gpu-llr-focus40-20260915/639328/judge/rank-1/hpcagent_bench1.db,gpu-llr-focus40-kimi27sglang-triton-skills-clean.n0.p9.w9,scatter_accum_dup,gpu-llr-focus40-kimi27sglang-triton-skills,44.57498650174478,graded,,18.49832629086574,4.0,4.0,1790284782286.0,triton,,,,,,kimi27sglang
hpcagent-bench-runs/gpu-llr-focus40-20260921/645713/judge/rank-2/hpcagent_bench2.db,gpu-llr-focus40-oss120b-triton-device-clean.n0.p38.w38,wf_diff_skew,gpu-llr-focus40-oss120b-triton-device-clean,0.9622046005543354,graded,,0.9499001874326386,4.0,4.0,1790284784135.0,triton,,,1.10536729296244,graded,,oss120b
hpcagent-bench-runs/gpu-llr-focus40-20260915/639326/judge/rank-3/hpcagent_bench3.db,gpu-llr-focus40-kimi27sglang-triton-clean.n0.p7.w7,quasi_affine_reduce_odd,gpu-llr-focus40-kimi27sglang-triton,16.53385352445292,graded,,2.865859900358028,4.0,4.0,1790284827119.0,triton,,,,,,kimi27sglang
hpcagent-bench-runs/gpu-llr-focus40-20260915/639326/judge/rank-1/hpcagent_bench1.db,gpu-llr-focus40-kimi27sglang-triton-clean.n0.p1.w1,compact_threshold_pack,gpu-llr-focus40-kimi27sglang-triton,4.169036801498585,graded,,5.926556368503878,4.0,4.0,1790284828614.0,triton,,,,,,kimi27sglang
hpcagent-bench-runs/gpu-llr-focus40-20260921/645739/judge/rank-1/hpcagent_bench1.db,gpu-llr-focus40-kimi27sglang-triton-device-skills-clean.n0.p37.w37,versioned_distance_update,gpu-llr-focus40-kimi27sglang-triton-device-skills-clean,15.850070869864378,graded,,53.829422846867644,4.0,4.0,1790284831187.0,triton,,,14.875171033039111,graded,,kimi27sglang
hpcagent-bench-runs/gpu-llr-focus40-20260921/645737/judge/rank-0/hpcagent_bench0.db,gpu-llr-focus40-qwen38-triton-device-skills-clean.n0.p32.w32,tsvc_2_s323,gpu-llr-focus40-qwen38-triton-device-skills-clean,65.84206376682634,graded,,58.76393050159128,4.0,4.0,1790284833640.0,triton,,,,,,qwen38
hpcagent-bench-runs/gpu-llr-focus40-20260915/639323/judge/rank-2/hpcagent_bench2.db,gpu-llr-focus40-qwen38-triton-skills-clean.n0.p10.w10,segment_reduce_ragged,gpu-llr-focus40-qwen38-triton-skills,0.921197168874531,graded,,10.102695159037188,4.0,4.0,1790284841516.0,triton,,,,,,qwen38
hpcagent-bench-runs/gpu-llr-focus40-20260915/639328/judge/rank-1/hpcagent_bench1.db,gpu-llr-focus40-kimi27sglang-triton-skills-clean.n0.p13.w13,tsvc_2_s1232,gpu-llr-focus40-kimi27sglang-triton-skills,0.33939030132831494,graded,,9.398524241784337,4.0,4.0,1790284897648.0,triton,,,,,,kimi27sglang
hpcagent-bench-runs/gpu-llr-focus40-20260921/645713/judge/rank-0/hpcagent_bench0.db,gpu-llr-focus40-oss120b-triton-device-clean.n0.p24.w24,tsvc_2_s275,gpu-llr-focus40-oss120b-triton-device-clean,2.9856207416484923,graded,,2.4582215874606033,4.0,4.0,1790284901530.0,triton,,,2.712574114186359,graded,,oss120b
hpcagent-bench-runs/gpu-llr-focus40-20260915/639326/judge/rank-3/hpcagent_bench3.db,gpu-llr-focus40-kimi27sglang-triton-clean.n0.p19.w19,tsvc_2_s233,gpu-llr-focus40-kimi27sglang-triton,1.1682900414887902,graded,,25.50516663738888,4.0,4.0,1790284933379.0,triton,,,,,,kimi27sglang
hpcagent-bench-runs/gpu-llr-focus40-20260915/639316/judge/rank-2/hpcagent_bench2.db,gpu-llr-focus40-oss120b-triton-clean.n0.p2.w2,ext_break_capture,gpu-llr-focus40-oss120b-triton,10.053713437251249,graded,,1.216521951547252,4.0,4.0,1790284958621.0,triton,,,,,,oss120b
hpcagent-bench-runs/gpu-llr-focus40-20260915/639326/judge/rank-1/hpcagent_bench1.db,gpu-llr-focus40-kimi27sglang-triton-clean.n0.p29.w29,tsvc_2_s316,gpu-llr-focus40-kimi27sglang-triton,1.7902010344699815,graded,,2.739531988754112,4.0,4.0,1790284969780.0,triton,,,,,,kimi27sglang
hpcagent-bench-runs/gpu-llr-focus40-20260915/639316/judge/rank-0/hpcagent_bench0.db,gpu-llr-focus40-oss120b-triton-clean.n0.p36.w36,tsvc_2_vtvtv,gpu-llr-focus40-oss120b-triton,1.0,graded,,1.0,4.0,4.0,1790284975869.0,triton,,,,,,oss120b
hpcagent-bench-runs/gpu-llr-focus40-20260915/639326/judge/rank-1/hpcagent_bench1.db,gpu-llr-focus40-kimi27sglang-triton-clean.n0.p25.w25,tsvc_2_s311,gpu-llr-focus40-kimi27sglang-triton,29.018291589028053,graded,,20.16132912975057,4.0,4.0,1790284982940.0,triton,,,,,,kimi27sglang
hpcagent-bench-runs/gpu-llr-focus40-20260918/641791/judge/rank-0/hpcagent_bench0.db,gpu-llr-focus40-kimi27sglang-triton-clean.n0.p0.w0,tsvc_2_s2710,gpu-llr-focus40-kimi27sglang-triton,1.0,graded,,1.026315445560372,4.0,4.0,1790284983381.0,triton,,,,,,kimi27sglang
hpcagent-bench-runs/gpu-llr-focus40-20260915/639326/judge/rank-3/hpcagent_bench3.db,gpu-llr-focus40-kimi27sglang-triton-clean.n0.p27.w27,tsvc_2_s3111,gpu-llr-focus40-kimi27sglang-triton,68.22128208248756,graded,,7.983185402145751,4.0,4.0,1790284988229.0,triton,,,,,,kimi27sglang
hpcagent-bench-runs/gpu-llr-focus40-20260915/639323/judge/rank-1/hpcagent_bench1.db,gpu-llr-focus40-qwen38-triton-skills-clean.n0.p17.w17,tsvc_2_s2275,gpu-llr-focus40-qwen38-triton-skills,2.427845880889848,graded,,0.5487995888513663,4.0,4.0,1790285004339.0,triton,,,,,,qwen38
hpcagent-bench-runs/gpu-llr-focus40-20260915/639328/judge/rank-3/hpcagent_bench3.db,gpu-llr-focus40-kimi27sglang-triton-skills-clean.n0.p7.w7,quasi_affine_reduce_odd,gpu-llr-focus40-kimi27sglang-triton-skills,16.380517028711377,graded,,2.8732192490823723,4.0,4.0,1790285068614.0,triton,,,,,,kimi27sglang
hpcagent-bench-runs/gpu-llr-focus40-20260918/641789/judge/rank-0/hpcagent_bench0.db,gpu-llr-focus40-kimi27sglang-triton-clean.n0.p4.w4,tsvc_2_s4112,gpu-llr-focus40-kimi27sglang-triton,1.801225727668526,graded,,0.8657914657983667,4.0,4.0,1790285079980.0,triton,,,,,,kimi27sglang
hpcagent-bench-runs/gpu-llr-focus40-20260921/645712/judge/rank-1/hpcagent_bench1.db,gpu-llr-focus40-qwen38-triton-device-clean.n0.p37.w37,versioned_distance_update,gpu-llr-focus40-qwen38-triton-device-clean,18.62654532647545,graded,,180.52910319774506,4.0,4.0,1790285107011.0,triton,,,22.72433578824909,graded,,qwen38
hpcagent-bench-runs/gpu-llr-focus40-20260915/639326/judge/rank-2/hpcagent_bench2.db,gpu-llr-focus40-kimi27sglang-triton-clean.n0.p26.w26,tsvc_2_s3110,gpu-llr-focus40-kimi27sglang-triton,43.52155768084298,graded,,5.577487527016589,4.0,4.0,1790285114964.0,triton,,,,,,kimi27sglang
hpcagent-bench-runs/gpu-llr-focus40-20260915/639328/judge/rank-0/hpcagent_bench0.db,gpu-llr-focus40-kimi27sglang-triton-skills-clean.n0.p4.w4,fuse_diamond,gpu-llr-focus40-kimi27sglang-triton-skills,34.87713636239142,graded,,137.16599895049458,4.0,4.0,1790285117703.0,triton,,,,,,kimi27sglang
hpcagent-bench-runs/gpu-llr-focus40-20260918/641791/judge/rank-1/hpcagent_bench1.db,gpu-llr-focus40-kimi27sglang-triton-clean.n0.p5.w5,tsvc_2_vag,gpu-llr-focus40-kimi27sglang-triton,1.917245456251622,graded,,1.1720066901742237,4.0,4.0,1790285126396.0,triton,,,,,,kimi27sglang
hpcagent-bench-runs/gpu-llr-focus40-20260915/639326/judge/rank-2/hpcagent_bench2.db,gpu-llr-focus40-kimi27sglang-triton-clean.n0.p22.w22,tsvc_2_s255,gpu-llr-focus40-kimi27sglang-triton,8.399237755844876,graded,,1.913366604278246,4.0,4.0,1790285128270.0,triton,,,,,,kimi27sglang
hpcagent-bench-runs/gpu-llr-focus40-20260921/645738/judge/rank-2/hpcagent_bench2.db,gpu-llr-focus40-oss120b-triton-device-skills-clean.n0.p38.w38,wf_diff_skew,gpu-llr-focus40-oss120b-triton-device-skills-clean,0.993021323553791,graded,,1.108135842613148,4.0,4.0,1790285128514.0,triton,,,1.1132600737199003,graded,,oss120b
hpcagent-bench-runs/gpu-llr-focus40-20260915/639316/judge/rank-0/hpcagent_bench0.db,gpu-llr-focus40-oss120b-triton-clean.n0.p28.w28,tsvc_2_s3112,gpu-llr-focus40-oss120b-triton,,graded,,1.225320576110578,4.0,0.0,1790285172740.0,triton,,,,,,oss120b
hpcagent-bench-runs/gpu-llr-focus40-20260921/645738/judge/rank-0/hpcagent_bench0.db,gpu-llr-focus40-oss120b-triton-device-skills-clean.n0.p24.w24,tsvc_2_s275,gpu-llr-focus40-oss120b-triton-device-skills-clean,5.798263386379363,graded,,5.898607481672084,4.0,4.0,1790285173409.0,triton,,,6.457252770103628,graded,,oss120b
hpcagent-bench-runs/gpu-llr-focus40-20260915/639318/judge/rank-1/hpcagent_bench1.db,gpu-llr-focus40-oss120b-triton-skills-clean.n0.p21.w21,tsvc_2_s252,gpu-llr-focus40-oss120b-triton-skills,2.0577075999381953,graded,,1.351915194037907,4.0,4.0,1790285201334.0,triton,,,,,,oss120b
hpcagent-bench-runs/gpu-llr-focus40-20260915/639326/judge/rank-0/hpcagent_bench0.db,gpu-llr-focus40-kimi27sglang-triton-clean.n0.p8.w8,scan_affine_decay,gpu-llr-focus40-kimi27sglang-triton,1.7370441979871516,graded,,1.8970391283676304,4.0,4.0,1790285207008.0,triton,,,,,,kimi27sglang
hpcagent-bench-runs/gpu-llr-focus40-20260915/639328/judge/rank-3/hpcagent_bench3.db,gpu-llr-focus40-kimi27sglang-triton-skills-clean.n0.p11.w11,tsvc_2_s115,gpu-llr-focus40-kimi27sglang-triton-skills,3.0515513498958535,graded,,1.1622358724118136,4.0,4.0,1790285215859.0,triton,,,,,,kimi27sglang
hpcagent-bench-runs/gpu-llr-focus40-20260915/639326/judge/rank-0/hpcagent_bench0.db,gpu-llr-focus40-kimi27sglang-triton-clean.n0.p16.w16,tsvc_2_s2233,gpu-llr-focus40-kimi27sglang-triton,1.8803703493705632,graded,,8.086157931574245,4.0,4.0,1790285241491.0,triton,,,,,,kimi27sglang
hpcagent-bench-runs/gpu-llr-focus40-20260915/639328/judge/rank-3/hpcagent_bench3.db,gpu-llr-focus40-kimi27sglang-triton-skills-clean.n0.p27.w27,tsvc_2_s3111,gpu-llr-focus40-kimi27sglang-triton-skills,69.04221079045726,graded,,7.303700901541809,4.0,4.0,1790285242090.0,triton,,,,,,kimi27sglang
hpcagent-bench-runs/gpu-llr-focus40-20260915/639316/judge/rank-3/hpcagent_bench3.db,gpu-llr-focus40-oss120b-triton-clean.n0.p35.w35,tsvc_2_vpvts,gpu-llr-focus40-oss120b-triton,0.991222233151172,graded,,0.2257343251052992,4.0,4.0,1790285308912.0,triton,,,,,,oss120b
hpcagent-bench-runs/gpu-llr-focus40-20260915/639316/judge/rank-1/hpcagent_bench1.db,gpu-llr-focus40-oss120b-triton-clean.n0.p13.w13,tsvc_2_s1232,gpu-llr-focus40-oss120b-triton,0.13975997912262317,graded,,1.358425366821829,4.0,4.0,1790285320267.0,triton,,,,,,oss120b
hpcagent-bench-runs/gpu-llr-focus40-20260915/639328/judge/rank-1/hpcagent_bench1.db,gpu-llr-focus40-kimi27sglang-triton-skills-clean.n0.p1.w1,compact_threshold_pack,gpu-llr-focus40-kimi27sglang-triton-skills,17.684100373416655,graded,,6.006677862502467,4.0,4.0,1790285342519.0,triton,,,,,,kimi27sglang
hpcagent-bench-runs/gpu-llr-focus40-20260921/645737/judge/rank-1/hpcagent_bench1.db,gpu-llr-focus40-qwen38-triton-device-skills-clean.n0.p37.w37,versioned_distance_update,gpu-llr-focus40-qwen38-triton-device-skills-clean,39.31528302475585,graded,,202.92421701483516,4.0,4.0,1790285381006.0,triton,,,45.882454332939226,graded,,qwen38
hpcagent-bench-runs/gpu-llr-focus40-20260918/641789/judge/rank-3/hpcagent_bench3.db,gpu-llr-focus40-kimi27sglang-triton-clean.n0.p3.w3,tsvc_2_s323,gpu-llr-focus40-kimi27sglang-triton,7.633823515619535,graded,,2.2620590399291234,4.0,4.0,1790285390382.0,triton,,,,,,kimi27sglang
hpcagent-bench-runs/gpu-llr-focus40-20260915/639328/judge/rank-0/hpcagent_bench0.db,gpu-llr-focus40-kimi27sglang-triton-skills-clean.n0.p12.w12,tsvc_2_s119,gpu-llr-focus40-kimi27sglang-triton-skills,6.428825623771451,graded,,1.8396493513248924,4.0,4.0,1790285407031.0,triton,,,,,,kimi27sglang
hpcagent-bench-runs/gpu-llr-focus40-20260915/639316/judge/rank-1/hpcagent_bench1.db,gpu-llr-focus40-oss120b-triton-clean.n0.p9.w9,scatter_accum_dup,gpu-llr-focus40-oss120b-triton,6.623696304522742,graded,,8.00579624019802,4.0,4.0,1790285415415.0,triton,,,,,,oss120b
hpcagent-bench-runs/gpu-llr-focus40-20260915/639328/judge/rank-0/hpcagent_bench0.db,gpu-llr-focus40-kimi27sglang-triton-skills-clean.n0.p20.w20,tsvc_2_s235,gpu-llr-focus40-kimi27sglang-triton-skills,1.113667209091487,graded,,1.0,4.0,4.0,1790285427691.0,triton,,,,,,kimi27sglang
hpcagent-bench-runs/gpu-llr-focus40-20260915/639326/judge/rank-2/hpcagent_bench2.db,gpu-llr-focus40-kimi27sglang-triton-clean.n0.p6.w6,fuse_stencil_through_transient,gpu-llr-focus40-kimi27sglang-triton,11.484128878930221,graded,,1.8089505267849229,4.0,4.0,1790285428992.0,triton,,,,,,kimi27sglang
hpcagent-bench-runs/gpu-llr-focus40-20260915/639318/judge/rank-0/hpcagent_bench0.db,gpu-llr-focus40-oss120b-triton-skills-clean.n0.p36.w36,tsvc_2_vtvtv,gpu-llr-focus40-oss120b-triton-skills,0.9886196749633206,graded,,1.0382674660304,4.0,4.0,1790285438241.0,triton,,,,,,oss120b
hpcagent-bench-runs/gpu-llr-focus40-20260915/639326/judge/rank-0/hpcagent_bench0.db,gpu-llr-focus40-kimi27sglang-triton-clean.n0.p0.w0,argmax_with_index,gpu-llr-focus40-kimi27sglang-triton,44.96567654831534,graded,,5.7062910699164,4.0,4.0,1790285439122.0,triton,,,,,,kimi27sglang
hpcagent-bench-runs/gpu-llr-focus40-20260915/639326/judge/rank-3/hpcagent_bench3.db,gpu-llr-focus40-kimi27sglang-triton-clean.n0.p15.w15,tsvc_2_s152,gpu-llr-focus40-kimi27sglang-triton,4.1665762498222385,graded,,0.8157885429155115,4.0,4.0,1790285467374.0,triton,,,,,,kimi27sglang
hpcagent-bench-runs/gpu-llr-focus40-20260915/639328/judge/rank-3/hpcagent_bench3.db,gpu-llr-focus40-kimi27sglang-triton-skills-clean.n0.p19.w19,tsvc_2_s233,gpu-llr-focus40-kimi27sglang-triton-skills,0.9587783554883862,graded,,23.162876445255304,4.0,4.0,1790285479821.0,triton,,,,,,kimi27sglang
hpcagent-bench-runs/gpu-llr-focus40-20260915/639328/judge/rank-3/hpcagent_bench3.db,gpu-llr-focus40-kimi27sglang-triton-skills-clean.n0.p3.w3,ext_war_unit,gpu-llr-focus40-kimi27sglang-triton-skills,10.35257354805428,graded,,4.389547891733762,4.0,4.0,1790285497571.0,triton,,,,,,kimi27sglang
hpcagent-bench-runs/gpu-llr-focus40-20260915/639328/judge/rank-0/hpcagent_bench0.db,gpu-llr-focus40-kimi27sglang-triton-skills-clean.n0.p16.w16,tsvc_2_s2233,gpu-llr-focus40-kimi27sglang-triton-skills,49.51740031940642,graded,,19.6050286102002,4.0,4.0,1790285527494.0,triton,,,,,,kimi27sglang
hpcagent-bench-runs/gpu-llr-focus40-20260915/639316/judge/rank-0/hpcagent_bench0.db,gpu-llr-focus40-oss120b-triton-clean.n0.p4.w4,fuse_diamond,gpu-llr-focus40-oss120b-triton,3.1330333329388256,graded,,2.194316540549865,4.0,4.0,1790285543605.0,triton,,,,,,oss120b
hpcagent-bench-runs/gpu-llr-focus40-20260915/639316/judge/rank-3/hpcagent_bench3.db,gpu-llr-focus40-oss120b-triton-clean.n0.p7.w7,quasi_affine_reduce_odd,gpu-llr-focus40-oss120b-triton,16.434714503109742,graded,,2.842033436354526,4.0,4.0,1790285566968.0,triton,,,,,,oss120b
hpcagent-bench-runs/gpu-llr-focus40-20260918/641690/judge/rank-0/hpcagent_bench0.db,gpu-llr-focus40-oss120b-triton-skills-clean.n0.p0.w0,ext_break_capture,gpu-llr-focus40-oss120b-triton-skills,8.769732941513697,graded,,1.2069047216457118,4.0,4.0,1790285577280.0,triton,,,,,,oss120b
hpcagent-bench-runs/gpu-llr-focus40-20260915/639316/judge/rank-3/hpcagent_bench3.db,gpu-llr-focus40-oss120b-triton-clean.n0.p11.w11,tsvc_2_s115,gpu-llr-focus40-oss120b-triton,0.16726154323772366,graded,,0.2637900523867046,4.0,4.0,1790285594201.0,triton,,,,,,oss120b
hpcagent-bench-runs/gpu-llr-focus40-20260915/639328/judge/rank-1/hpcagent_bench1.db,gpu-llr-focus40-kimi27sglang-triton-skills-clean.n0.p25.w25,tsvc_2_s311,gpu-llr-focus40-kimi27sglang-triton-skills,25.93898869361375,graded,,4.791060909559369,4.0,4.0,1790285619617.0,triton,,,,,,kimi27sglang
hpcagent-bench-runs/gpu-llr-focus40-20260915/639328/judge/rank-2/hpcagent_bench2.db,gpu-llr-focus40-kimi27sglang-triton-skills-clean.n0.p26.w26,tsvc_2_s3110,gpu-llr-focus40-kimi27sglang-triton-skills,42.35340387483713,graded,,5.461777077208103,4.0,4.0,1790285622747.0,triton,,,,,,kimi27sglang
hpcagent-bench-runs/gpu-llr-focus40-20260915/639240/judge/rank-1/hpcagent_bench1.db,gpu-llr-focus40-qwen38-triton-clean.n0.p21.w21,tsvc_2_s252,gpu-llr-focus40-qwen38-triton,13.166252757326088,graded,,4.351486818771591,4.0,4.0,1790285660621.0,triton,,,,,,qwen38
hpcagent-bench-runs/gpu-llr-focus40-20260915/639326/judge/rank-1/hpcagent_bench1.db,gpu-llr-focus40-kimi27sglang-triton-clean.n0.p5.w5,fuse_move_ifs,gpu-llr-focus40-kimi27sglang-triton,0.2589365669454478,graded,,4.294914161184277,4.0,4.0,1790285661567.0,triton,,,,,,kimi27sglang
hpcagent-bench-runs/gpu-llr-focus40-20260918/641791/judge/rank-2/hpcagent_bench2.db,gpu-llr-focus40-kimi27sglang-triton-clean.n0.p2.w2,tsvc_2_s319,gpu-llr-focus40-kimi27sglang-triton,7.432551464392746,graded,,2.2835538263204955,4.0,4.0,1790285675455.0,triton,,,,,,kimi27sglang
hpcagent-bench-runs/gpu-llr-focus40-20260915/639316/judge/rank-3/hpcagent_bench3.db,gpu-llr-focus40-oss120b-triton-clean.n0.p19.w19,tsvc_2_s233,gpu-llr-focus40-oss120b-triton,0.9361169689623648,graded,,9.116880789007515,4.0,4.0,1790285681124.0,triton,,,,,,oss120b
hpcagent-bench-runs/gpu-llr-focus40-20260918/641791/judge/rank-1/hpcagent_bench1.db,gpu-llr-focus40-kimi27sglang-triton-clean.n0.p1.w1,tsvc_2_s275,gpu-llr-focus40-kimi27sglang-triton,0.9951226493827228,graded,,1.0611864124553116,4.0,4.0,1790285688557.0,triton,,,,,,kimi27sglang
hpcagent-bench-runs/gpu-llr-focus40-20260915/639328/judge/rank-2/hpcagent_bench2.db,gpu-llr-focus40-kimi27sglang-triton-skills-clean.n0.p6.w6,fuse_stencil_through_transient,gpu-llr-focus40-kimi27sglang-triton-skills,,not-portable,no cell produced a measurement,49.71143104646232,4.0,0.0,1790285694697.0,triton,,"t_submission.py"", line 7, in <module>
    hip = ctypes.CDLL('libamdhip64.so')
  File ""/user-environment/linux-neoverse_v2/python-3.14.0-lfpwt3m4t6vv7d4g4bxvxrdc467ba5lg/lib/python3.14/ctypes/__init__.py"", line 462, in __init__
    self._handle = _dlopen(self._name, mode)
                   ~~~~~~~^^^^^^^^^^^^^^^^^^
OSError: libamdhip64.so: cannot open shared object file: No such file or directory
",,,,kimi27sglang
hpcagent-bench-runs/gpu-llr-focus40-20260915/639316/judge/rank-3/hpcagent_bench3.db,gpu-llr-focus40-oss120b-triton-clean.n0.p27.w27,tsvc_2_s3111,gpu-llr-focus40-oss120b-triton,68.58169441410587,graded,,7.943092727865508,4.0,4.0,1790285715065.0,triton,,,,,,oss120b
hpcagent-bench-runs/gpu-llr-focus40-20260915/639326/judge/rank-2/hpcagent_bench2.db,gpu-llr-focus40-kimi27sglang-triton-clean.n0.p18.w18,tsvc_2_s231,gpu-llr-focus40-kimi27sglang-triton,,not-portable,no cell produced a measurement,19.883056135449745,4.0,0.0,1790285729613.0,triton,,"231_submission.py"", line 110, in s231
    aa_t = _as_cuda_tensor(aa)
  File ""/tmp/agentbench_tsvc_2_s231_6ctc809l/tsvc_2_s231_submission.py"", line 68, in _as_cuda_tensor
    return torch.as_tensor(_CudaArray(arr), device=""cuda"").view(-1)
           ~~~~~~~~~~~~~~~^^^^^^^^^^^^^^^^^^^^^^^^^^^^^^^^
RuntimeError: The specified pointer resides on host memory and is not registered with any CUDA device.
",,,,kimi27sglang
hpcagent-bench-runs/gpu-llr-focus40-20260915/639318/judge/rank-1/hpcagent_bench1.db,gpu-llr-focus40-oss120b-triton-skills-clean.n0.p13.w13,tsvc_2_s1232,gpu-llr-focus40-oss120b-triton-skills,0.13400486544888887,graded,,1.2813861812795562,4.0,4.0,1790285750716.0,triton,,,,,,oss120b
hpcagent-bench-runs/gpu-llr-focus40-20260915/639316/judge/rank-0/hpcagent_bench0.db,gpu-llr-focus40-oss120b-triton-clean.n0.p16.w16,tsvc_2_s2233,gpu-llr-focus40-oss120b-triton,2.1915472839419143,graded,,6.303864577581218,4.0,4.0,1790285789684.0,triton,,,,,,oss120b
hpcagent-bench-runs/gpu-llr-focus40-20260915/639318/judge/rank-0/hpcagent_bench0.db,gpu-llr-focus40-oss120b-triton-skills-clean.n0.p28.w28,tsvc_2_s3112,gpu-llr-focus40-oss120b-triton-skills,,graded,,1.2022405132548826,4.0,1.0,1790285795911.0,triton,,,,,,oss120b
hpcagent-bench-runs/gpu-llr-focus40-20260915/639318/judge/rank-3/hpcagent_bench3.db,gpu-llr-focus40-oss120b-triton-skills-clean.n0.p35.w35,tsvc_2_vpvts,gpu-llr-focus40-oss120b-triton-skills,,error,no cell produced a measurement,1.0189735732852423,4.0,0.0,1790285807560.0,triton,,"cs/lhulsbergen/v2/llr40-daint-regrade/venv/lib/python3.14/site-packages/numba/core/config.py"", line 515, in process_environ
    raise RuntimeError(""Cannot set NUMBA_NUM_THREADS to a ""
    ...<4 lines>...
                        globals()['NUMBA_NUM_THREADS']))
RuntimeError: Cannot set NUMBA_NUM_THREADS to a different value once the threads have been launched (currently have 288, trying to set 72)
",,,,oss120b
hpcagent-bench-runs/gpu-llr-focus40-20260915/639316/judge/rank-1/hpcagent_bench1.db,gpu-llr-focus40-oss120b-triton-clean.n0.p29.w29,tsvc_2_s316,gpu-llr-focus40-oss120b-triton,27.71490952418615,graded,,3.782755471943766,4.0,4.0,1790285824013.0,triton,,,,,,oss120b
hpcagent-bench-runs/gpu-llr-focus40-20260915/639328/judge/rank-3/hpcagent_bench3.db,gpu-llr-focus40-kimi27sglang-triton-skills-clean.n0.p15.w15,tsvc_2_s152,gpu-llr-focus40-kimi27sglang-triton-skills,8.741342470838044,graded,,3.1096475539115174,4.0,4.0,1790285842461.0,triton,,,,,,kimi27sglang
hpcagent-bench-runs/gpu-llr-focus40-20260915/639328/judge/rank-0/hpcagent_bench0.db,gpu-llr-focus40-kimi27sglang-triton-skills-clean.n0.p8.w8,scan_affine_decay,gpu-llr-focus40-kimi27sglang-triton-skills,,not-portable,no cell produced a measurement,61.42665773838968,4.0,0.0,1790285848281.0,triton,,"mission.py"", line 72, in <module>
    _libhip = ctypes.CDLL('libamdhip64.so')
  File ""/user-environment/linux-neoverse_v2/python-3.14.0-lfpwt3m4t6vv7d4g4bxvxrdc467ba5lg/lib/python3.14/ctypes/__init__.py"", line 462, in __init__
    self._handle = _dlopen(self._name, mode)
                   ~~~~~~~^^^^^^^^^^^^^^^^^^
OSError: libamdhip64.so: cannot open shared object file: No such file or directory
",,,,kimi27sglang
hpcagent-bench-runs/gpu-llr-focus40-20260915/639316/judge/rank-1/hpcagent_bench1.db,gpu-llr-focus40-oss120b-triton-clean.n0.p1.w1,compact_threshold_pack,gpu-llr-focus40-oss120b-triton,0.3961166737400958,graded,,3.4706467681558446,4.0,4.0,1790285850427.0,triton,,,,,,oss120b
hpcagent-bench-runs/gpu-llr-focus40-20260915/639316/judge/rank-1/hpcagent_bench1.db,gpu-llr-focus40-oss120b-triton-clean.n0.p33.w33,tsvc_2_s4112,gpu-llr-focus40-oss120b-triton,0.9945358905205717,graded,,1.0171232527822318,4.0,4.0,1790285858717.0,triton,,,,,,oss120b
hpcagent-bench-runs/gpu-llr-focus40-20260915/639316/judge/rank-2/hpcagent_bench2.db,gpu-llr-focus40-oss120b-triton-clean.n0.p34.w34,tsvc_2_vag,gpu-llr-focus40-oss120b-triton,0.10229269148010783,graded,,0.1901129288915138,4.0,4.0,1790285869107.0,triton,,,,,,oss120b
hpcagent-bench-runs/gpu-llr-focus40-20260915/639323/judge/rank-1/hpcagent_bench1.db,gpu-llr-focus40-qwen38-triton-skills-clean.n0.p21.w21,tsvc_2_s252,gpu-llr-focus40-qwen38-triton-skills,13.11315155470326,graded,,6.638148359568227,4.0,4.0,1790285885972.0,triton,,,,,,qwen38
hpcagent-bench-runs/gpu-llr-focus40-20260915/639326/judge/rank-2/hpcagent_bench2.db,gpu-llr-focus40-kimi27sglang-triton-clean.n0.p30.w30,tsvc_2_s318,gpu-llr-focus40-kimi27sglang-triton,14.66455710139524,graded,,3.0890511394525038,4.0,4.0,1790285891368.0,triton,,,,,,kimi27sglang
hpcagent-bench-runs/gpu-llr-focus40-20260915/639328/judge/rank-2/hpcagent_bench2.db,gpu-llr-focus40-kimi27sglang-triton-skills-clean.n0.p22.w22,tsvc_2_s255,gpu-llr-focus40-kimi27sglang-triton-skills,14.60812180058119,graded,,6.17986102935241,4.0,4.0,1790285902698.0,triton,,,,,,kimi27sglang
hpcagent-bench-runs/gpu-llr-focus40-20260915/639326/judge/rank-2/hpcagent_bench2.db,gpu-llr-focus40-kimi27sglang-triton-clean.n0.p14.w14,tsvc_2_s1244,gpu-llr-focus40-kimi27sglang-triton,,not-portable,no cell produced a measurement,2.337295486433536,4.0,0.0,1790285919843.0,triton,,"_submission.py"", line 6, in <module>
    _hip = ctypes.CDLL('libamdhip64.so')
  File ""/user-environment/linux-neoverse_v2/python-3.14.0-lfpwt3m4t6vv7d4g4bxvxrdc467ba5lg/lib/python3.14/ctypes/__init__.py"", line 462, in __init__
    self._handle = _dlopen(self._name, mode)
                   ~~~~~~~^^^^^^^^^^^^^^^^^^
OSError: libamdhip64.so: cannot open shared object file: No such file or directory
",,,,kimi27sglang
hpcagent-bench-runs/gpu-llr-focus40-20260915/639316/judge/rank-1/hpcagent_bench1.db,gpu-llr-focus40-oss120b-triton-clean.n0.p25.w25,tsvc_2_s311,gpu-llr-focus40-oss120b-triton,26.80225168435609,graded,,5.713029066516985,4.0,4.0,1790285964626.0,triton,,,,,,oss120b
hpcagent-bench-runs/gpu-llr-focus40-20260915/639316/judge/rank-3/hpcagent_bench3.db,gpu-llr-focus40-oss120b-triton-clean.n0.p3.w3,ext_war_unit,gpu-llr-focus40-oss120b-triton,1.7110063676960052,graded,,1.933949669681904,4.0,4.0,1790285968174.0,triton,,,,,,oss120b
hpcagent-bench-runs/gpu-llr-focus40-20260915/639318/judge/rank-3/hpcagent_bench3.db,gpu-llr-focus40-oss120b-triton-skills-clean.n0.p7.w7,quasi_affine_reduce_odd,gpu-llr-focus40-oss120b-triton-skills,1.0354494159199537,graded,,1.4480731365633273,4.0,4.0,1790285971298.0,triton,,,,,,oss120b
hpcagent-bench-runs/gpu-llr-focus40-20260915/639318/judge/rank-0/hpcagent_bench0.db,gpu-llr-focus40-oss120b-triton-skills-clean.n0.p4.w4,fuse_diamond,gpu-llr-focus40-oss120b-triton-skills,3.0022248351315635,graded,,2.248101954586008,4.0,4.0,1790285973732.0,triton,,,,,,oss120b
hpcagent-bench-runs/gpu-llr-focus40-20260915/639318/judge/rank-1/hpcagent_bench1.db,gpu-llr-focus40-oss120b-triton-skills-clean.n0.p9.w9,scatter_accum_dup,gpu-llr-focus40-oss120b-triton-skills,6.703671084426986,graded,,10.023504514410588,4.0,4.0,1790286040847.0,triton,,,,,,oss120b
hpcagent-bench-runs/gpu-llr-focus40-20260915/639318/judge/rank-3/hpcagent_bench3.db,gpu-llr-focus40-oss120b-triton-skills-clean.n0.p11.w11,tsvc_2_s115,gpu-llr-focus40-oss120b-triton-skills,0.16102883686738473,graded,,0.36064968562927,4.0,4.0,1790286072069.0,triton,,,,,,oss120b
hpcagent-bench-runs/gpu-llr-focus40-20260915/639316/judge/rank-3/hpcagent_bench3.db,gpu-llr-focus40-oss120b-triton-clean.n0.p23.w23,tsvc_2_s2710,gpu-llr-focus40-oss120b-triton,0.976528603550289,graded,,1.0355042136303263,4.0,4.0,1790286078627.0,triton,,,,,,oss120b
hpcagent-bench-runs/gpu-llr-focus40-20260915/639328/judge/rank-0/hpcagent_bench0.db,gpu-llr-focus40-kimi27sglang-triton-skills-clean.n0.p0.w0,argmax_with_index,gpu-llr-focus40-kimi27sglang-triton-skills,41.29906765444442,graded,,5.635697724634492,4.0,4.0,1790286086960.0,triton,,,,,,kimi27sglang
hpcagent-bench-runs/gpu-llr-focus40-20260918/641668/judge/rank-0/hpcagent_bench0.db,gpu-llr-focus40-oss120b-triton-clean.n0.p0.w0,wf_diff_skew,gpu-llr-focus40-oss120b-triton,0.5843112491503674,graded,,0.9039944551236176,4.0,4.0,1790286093040.0,triton,,,,,,oss120b
hpcagent-bench-runs/gpu-llr-focus40-20260915/639316/judge/rank-2/hpcagent_bench2.db,gpu-llr-focus40-oss120b-triton-clean.n0.p26.w26,tsvc_2_s3110,gpu-llr-focus40-oss120b-triton,44.79904908093737,graded,,5.631846405710274,4.0,4.0,1790286142757.0,triton,,,,,,oss120b
hpcagent-bench-runs/gpu-llr-focus40-20260915/639328/judge/rank-3/hpcagent_bench3.db,gpu-llr-focus40-kimi27sglang-triton-skills-clean.n0.p31.w31,tsvc_2_s319,gpu-llr-focus40-kimi27sglang-triton-skills,8.147365802119488,graded,,2.292174147681841,4.0,4.0,1790286145648.0,triton,,,,,,kimi27sglang
hpcagent-bench-runs/gpu-llr-focus40-20260915/639328/judge/rank-1/hpcagent_bench1.db,gpu-llr-focus40-kimi27sglang-triton-skills-clean.n0.p5.w5,fuse_move_ifs,gpu-llr-focus40-kimi27sglang-triton-skills,,error,no cell produced a measurement,4.051926978681859,4.0,0.0,1790286152513.0,triton,,"cscs/lhulsbergen/v2/llr40-daint-regrade/venv/lib/python3.14/site-packages/numba/core/config.py"", line 515, in process_environ
    raise RuntimeError(""Cannot set NUMBA_NUM_THREADS to a ""
    ...<4 lines>...
                        globals()['NUMBA_NUM_THREADS']))
RuntimeError: Cannot set NUMBA_NUM_THREADS to a different value once the threads have been launched (currently have 1, trying to set 72)
",,,,kimi27sglang
hpcagent-bench-runs/gpu-llr-focus40-20260915/639323/judge/rank-1/hpcagent_bench1.db,gpu-llr-focus40-qwen38-triton-skills-clean.n0.p13.w13,tsvc_2_s1232,gpu-llr-focus40-qwen38-triton-skills,1.5175172424118357,graded,,59.71794540094418,4.0,4.0,1790286180156.0,triton,,,,,,qwen38
hpcagent-bench-runs/gpu-llr-focus40-20260915/639318/judge/rank-3/hpcagent_bench3.db,gpu-llr-focus40-oss120b-triton-skills-clean.n0.p27.w27,tsvc_2_s3111,gpu-llr-focus40-oss120b-triton-skills,51.40004411457696,graded,,7.528339329375213,4.0,4.0,1790286186557.0,triton,,,,,,oss120b
hpcagent-bench-runs/gpu-llr-focus40-20260915/639316/judge/rank-0/hpcagent_bench0.db,gpu-llr-focus40-oss120b-triton-clean.n0.p8.w8,scan_affine_decay,gpu-llr-focus40-oss120b-triton,0.7384547414470959,graded,,0.6805933879617674,4.0,4.0,1790286188787.0,triton,,,,,,oss120b
hpcagent-bench-runs/gpu-llr-focus40-20260915/639316/judge/rank-2/hpcagent_bench2.db,gpu-llr-focus40-oss120b-triton-clean.n0.p6.w6,fuse_stencil_through_transient,gpu-llr-focus40-oss120b-triton,3.229277841341486,graded,,1.8312999027973935,4.0,4.0,1790286200894.0,triton,,,,,,oss120b
hpcagent-bench-runs/gpu-llr-focus40-20260915/639323/judge/rank-3/hpcagent_bench3.db,gpu-llr-focus40-qwen38-triton-skills-clean.n0.p35.w35,tsvc_2_vpvts,gpu-llr-focus40-qwen38-triton-skills,1.0556324799903714,graded,,1.0124653537557855,4.0,4.0,1790286212140.0,triton,,,,,,qwen38
hpcagent-bench-runs/gpu-llr-focus40-20260915/639318/judge/rank-3/hpcagent_bench3.db,gpu-llr-focus40-oss120b-triton-skills-clean.n0.p19.w19,tsvc_2_s233,gpu-llr-focus40-oss120b-triton-skills,1.4179034302669602,graded,,9.082440044287612,4.0,4.0,1790286215085.0,triton,,,,,,oss120b
hpcagent-bench-runs/gpu-llr-focus40-20260915/639323/judge/rank-1/hpcagent_bench1.db,gpu-llr-focus40-qwen38-triton-skills-clean.n0.p9.w9,scatter_accum_dup,gpu-llr-focus40-qwen38-triton-skills,44.317608133927784,graded,,18.38171211321767,4.0,4.0,1790286275425.0,triton,,,,,,qwen38
hpcagent-bench-runs/gpu-llr-focus40-20260915/639316/judge/rank-2/hpcagent_bench2.db,gpu-llr-focus40-oss120b-triton-clean.n0.p22.w22,tsvc_2_s255,gpu-llr-focus40-oss120b-triton,0.7776621905771921,graded,,0.8619775217592155,4.0,4.0,1790286294665.0,triton,,,,,,oss120b
hpcagent-bench-runs/gpu-llr-focus40-20260915/639318/judge/rank-0/hpcagent_bench0.db,gpu-llr-focus40-oss120b-triton-skills-clean.n0.p20.w20,tsvc_2_s235,gpu-llr-focus40-oss120b-triton-skills,0.02482469343851955,graded,,0.2537481896455858,4.0,4.0,1790286302735.0,triton,,,,,,oss120b
hpcagent-bench-runs/gpu-llr-focus40-20260915/639328/judge/rank-2/hpcagent_bench2.db,gpu-llr-focus40-kimi27sglang-triton-skills-clean.n0.p14.w14,tsvc_2_s1244,gpu-llr-focus40-kimi27sglang-triton-skills,11.139726579780245,graded,,4.089386456151198,4.0,4.0,1790286335954.0,triton,,,,,,kimi27sglang
hpcagent-bench-runs/gpu-llr-focus40-20260915/639318/judge/rank-0/hpcagent_bench0.db,gpu-llr-focus40-oss120b-triton-skills-clean.n0.p16.w16,tsvc_2_s2233,gpu-llr-focus40-oss120b-triton-skills,1.0811363189751604,graded,,1.4563160240464006,4.0,4.0,1790286337197.0,triton,,,,,,oss120b
hpcagent-bench-runs/gpu-llr-focus40-20260915/639316/judge/rank-3/hpcagent_bench3.db,gpu-llr-focus40-oss120b-triton-clean.n0.p15.w15,tsvc_2_s152,gpu-llr-focus40-oss120b-triton,8.666916814296286,graded,,3.2779204766643337,4.0,4.0,1790286354451.0,triton,,,,,,oss120b
hpcagent-bench-runs/gpu-llr-focus40-20260915/639316/judge/rank-2/hpcagent_bench2.db,gpu-llr-focus40-oss120b-triton-clean.n0.p30.w30,tsvc_2_s318,gpu-llr-focus40-oss120b-triton,52.88999475373637,graded,,4.763934362569406,4.0,4.0,1790286360637.0,triton,,,,,,oss120b
hpcagent-bench-runs/gpu-llr-focus40-20260915/639318/judge/rank-1/hpcagent_bench1.db,gpu-llr-focus40-oss120b-triton-skills-clean.n0.p1.w1,compact_threshold_pack,gpu-llr-focus40-oss120b-triton-skills,0.8115320801912368,graded,,4.130596436367274,4.0,4.0,1790286370290.0,triton,,,,,,oss120b
hpcagent-bench-runs/gpu-llr-focus40-20260915/639318/judge/rank-1/hpcagent_bench1.db,gpu-llr-focus40-oss120b-triton-skills-clean.n0.p25.w25,tsvc_2_s311,gpu-llr-focus40-oss120b-triton-skills,26.85682035580231,graded,,5.734730127954436,4.0,4.0,1790286380621.0,triton,,,,,,oss120b
hpcagent-bench-runs/gpu-llr-focus40-20260915/639318/judge/rank-2/hpcagent_bench2.db,gpu-llr-focus40-oss120b-triton-skills-clean.n0.p34.w34,tsvc_2_vag,gpu-llr-focus40-oss120b-triton-skills,0.15826259355188377,graded,,0.766330100165751,4.0,4.0,1790286405994.0,triton,,,,,,oss120b
hpcagent-bench-runs/gpu-llr-focus40-20260915/639318/judge/rank-3/hpcagent_bench3.db,gpu-llr-focus40-oss120b-triton-skills-clean.n0.p3.w3,ext_war_unit,gpu-llr-focus40-oss120b-triton-skills,0.9900812034648502,graded,,0.890287996030571,4.0,4.0,1790286436997.0,triton,,,,,,oss120b
hpcagent-bench-runs/gpu-llr-focus40-20260915/639323/judge/rank-3/hpcagent_bench3.db,gpu-llr-focus40-qwen38-triton-skills-clean.n0.p7.w7,quasi_affine_reduce_odd,gpu-llr-focus40-qwen38-triton-skills,1.0626925683944815,graded,,1.0079511510356605,4.0,4.0,1790286460531.0,triton,,,,,,qwen38
hpcagent-bench-runs/gpu-llr-focus40-20260918/641690/judge/rank-1/hpcagent_bench1.db,gpu-llr-focus40-oss120b-triton-skills-clean.n0.p5.w5,tsvc_2_s4112,gpu-llr-focus40-oss120b-triton-skills,1.7290586191468764,graded,,0.8683838293538848,4.0,4.0,1790286470917.0,triton,,,,,,oss120b
hpcagent-bench-runs/gpu-llr-focus40-20260915/639318/judge/rank-1/hpcagent_bench1.db,gpu-llr-focus40-oss120b-triton-skills-clean.n0.p29.w29,tsvc_2_s316,gpu-llr-focus40-oss120b-triton-skills,26.900799286171537,graded,,3.73293116893848,4.0,4.0,1790286498822.0,triton,,,,,,oss120b
hpcagent-bench-runs/gpu-llr-focus40-20260915/639316/judge/rank-0/hpcagent_bench0.db,gpu-llr-focus40-oss120b-triton-clean.n0.p32.w32,tsvc_2_s323,gpu-llr-focus40-oss120b-triton,0.34313108643931317,graded,,0.6639396656297614,4.0,4.0,1790286557538.0,triton,,,,,,oss120b
hpcagent-bench-runs/gpu-llr-focus40-20260915/639316/judge/rank-0/hpcagent_bench0.db,gpu-llr-focus40-oss120b-triton-clean.n0.p0.w0,argmax_with_index,gpu-llr-focus40-oss120b-triton,1.0974238100845526,graded,,1.1915354441747112,4.0,4.0,1790286578584.0,triton,,,,,,oss120b
hpcagent-bench-runs/gpu-llr-focus40-20260915/639240/judge/rank-1/hpcagent_bench1.db,gpu-llr-focus40-qwen38-triton-clean.n0.p25.w25,tsvc_2_s311,gpu-llr-focus40-qwen38-triton,1.7272914852149654,graded,,2.948747839224072,4.0,4.0,1790286605043.0,triton,,,,,,qwen38
hpcagent-bench-runs/gpu-llr-focus40-20260915/639316/judge/rank-2/hpcagent_bench2.db,gpu-llr-focus40-oss120b-triton-clean.n0.p18.w18,tsvc_2_s231,gpu-llr-focus40-oss120b-triton,0.2525983893211559,graded,,0.2184237081746212,4.0,4.0,1790286606390.0,triton,,,,,,oss120b
hpcagent-bench-runs/gpu-llr-focus40-20260915/639316/judge/rank-3/hpcagent_bench3.db,gpu-llr-focus40-oss120b-triton-clean.n0.p31.w31,tsvc_2_s319,gpu-llr-focus40-oss120b-triton,0.16695550187806915,graded,,13.178483439625232,4.0,4.0,1790286609370.0,triton,,,,,,oss120b
hpcagent-bench-runs/gpu-llr-focus40-20260918/641690/judge/rank-3/hpcagent_bench3.db,gpu-llr-focus40-oss120b-triton-skills-clean.n0.p3.w3,tsvc_2_s2710,gpu-llr-focus40-oss120b-triton-skills,1.0,graded,,1.011880775372665,4.0,4.0,1790286622920.0,triton,,,,,,oss120b
hpcagent-bench-runs/gpu-llr-focus40-20260915/639323/judge/rank-3/hpcagent_bench3.db,gpu-llr-focus40-qwen38-triton-skills-clean.n0.p3.w3,ext_war_unit,gpu-llr-focus40-qwen38-triton-skills,0.6377120884196392,graded,,4.441025367863962,4.0,4.0,1790286627054.0,triton,,,,,,qwen38
hpcagent-bench-runs/gpu-llr-focus40-20260915/639323/judge/rank-1/hpcagent_bench1.db,gpu-llr-focus40-qwen38-triton-skills-clean.n0.p1.w1,compact_threshold_pack,gpu-llr-focus40-qwen38-triton-skills,16.18501240390603,graded,,5.996205237732232,4.0,4.0,1790286652820.0,triton,,,,,,qwen38
hpcagent-bench-runs/gpu-llr-focus40-20260915/639240/judge/rank-1/hpcagent_bench1.db,gpu-llr-focus40-qwen38-triton-clean.n0.p29.w29,tsvc_2_s316,gpu-llr-focus40-qwen38-triton,1.795175041400367,graded,,13.13027308118415,4.0,4.0,1790286750902.0,triton,,,,,,qwen38
hpcagent-bench-runs/gpu-llr-focus40-20260915/639323/judge/rank-3/hpcagent_bench3.db,gpu-llr-focus40-qwen38-triton-skills-clean.n0.p19.w19,tsvc_2_s233,gpu-llr-focus40-qwen38-triton-skills,78.84106932310146,graded,,76.2850888993466,4.0,4.0,1790286762690.0,triton,,,,,,qwen38
hpcagent-bench-runs/gpu-llr-focus40-20260915/639318/judge/rank-3/hpcagent_bench3.db,gpu-llr-focus40-oss120b-triton-skills-clean.n0.p15.w15,tsvc_2_s152,gpu-llr-focus40-oss120b-triton-skills,0.5105751866741285,graded,,0.3884731044979613,4.0,4.0,1790286764622.0,triton,,,,,,oss120b
hpcagent-bench-runs/gpu-llr-focus40-20260918/641693/judge/rank-0/hpcagent_bench0.db,gpu-llr-focus40-qwen38-triton-skills-clean.n0.p0.w0,scan_affine_decay,gpu-llr-focus40-qwen38-triton-skills,,graded,,72.142067578554,4.0,0.0,1790286792989.0,triton,,,,,,qwen38
hpcagent-bench-runs/gpu-llr-focus40-20260915/639318/judge/rank-2/hpcagent_bench2.db,gpu-llr-focus40-oss120b-triton-skills-clean.n0.p6.w6,fuse_stencil_through_transient,gpu-llr-focus40-oss120b-triton-skills,20.08625897170176,graded,,4.651602295794939,4.0,4.0,1790286824807.0,triton,,,,,,oss120b
hpcagent-bench-runs/gpu-llr-focus40-20260915/639316/judge/rank-1/hpcagent_bench1.db,gpu-llr-focus40-oss120b-triton-clean.n0.p5.w5,fuse_move_ifs,gpu-llr-focus40-oss120b-triton,0.06282835387484072,graded,,0.2847200598395397,4.0,4.0,1790286831899.0,triton,,,,,,oss120b
hpcagent-bench-runs/gpu-llr-focus40-20260915/639316/judge/rank-1/hpcagent_bench1.db,gpu-llr-focus40-oss120b-triton-clean.n0.p37.w37,versioned_distance_update,gpu-llr-focus40-oss120b-triton,,error,no cell produced a measurement,1.0,4.0,0.0,1790286840362.0,triton,,"ap_external>"", line 762, in exec_module
  File ""<frozen importlib._bootstrap>"", line 491, in _call_with_frames_removed
  File ""/tmp/agentbench_versioned_distance_update_117cledv/versioned_distance_update_submission.py"", line 24, in <module>
    from versioned_distance_update_numpy import versioned_distance_update as _ref_numpy
ModuleNotFoundError: No module named 'versioned_distance_update_numpy'
",,,,oss120b
hpcagent-bench-runs/gpu-llr-focus40-20260915/639316/judge/rank-2/hpcagent_bench2.db,gpu-llr-focus40-oss120b-triton-clean.n0.p14.w14,tsvc_2_s1244,gpu-llr-focus40-oss120b-triton,,graded,,1.1263081833772333,4.0,0.0,1790286841265.0,triton,,,,,,oss120b
hpcagent-bench-runs/gpu-llr-focus40-20260915/639323/judge/rank-3/hpcagent_bench3.db,gpu-llr-focus40-qwen38-triton-skills-clean.n0.p23.w23,tsvc_2_s2710,gpu-llr-focus40-qwen38-triton-skills,1.004850880516402,graded,,1.0,4.0,4.0,1790286880019.0,triton,,,,,,qwen38
hpcagent-bench-runs/gpu-llr-focus40-20260915/639323/judge/rank-2/hpcagent_bench2.db,gpu-llr-focus40-qwen38-triton-skills-clean.n0.p26.w26,tsvc_2_s3110,gpu-llr-focus40-qwen38-triton-skills,49.2436781096286,graded,,19.43734098402794,4.0,4.0,1790286935383.0,triton,,,,,,qwen38
hpcagent-bench-runs/gpu-llr-focus40-20260915/639318/judge/rank-3/hpcagent_bench3.db,gpu-llr-focus40-oss120b-triton-skills-clean.n0.p31.w31,tsvc_2_s319,gpu-llr-focus40-oss120b-triton-skills,0.21394529579683205,graded,,9.77427397763099,4.0,4.0,1790286994539.0,triton,,,,,,oss120b
hpcagent-bench-runs/gpu-llr-focus40-20260915/639323/judge/rank-0/hpcagent_bench0.db,gpu-llr-focus40-qwen38-triton-skills-clean.n0.p20.w20,tsvc_2_s235,gpu-llr-focus40-qwen38-triton-skills,2.43193446568314,graded,,0.778726063720029,4.0,4.0,1790286994742.0,triton,,,,,,qwen38
hpcagent-bench-runs/gpu-llr-focus40-20260915/639323/judge/rank-0/hpcagent_bench0.db,gpu-llr-focus40-qwen38-triton-skills-clean.n0.p12.w12,tsvc_2_s119,gpu-llr-focus40-qwen38-triton-skills,1.0043270957974615,graded,,1.2038608575364969,4.0,4.0,1790286999763.0,triton,,,,,,qwen38
hpcagent-bench-runs/gpu-llr-focus40-20260915/639318/judge/rank-2/hpcagent_bench2.db,gpu-llr-focus40-oss120b-triton-skills-clean.n0.p18.w18,tsvc_2_s231,gpu-llr-focus40-oss120b-triton-skills,0.14879412118829036,graded,,0.2798450560495166,4.0,4.0,1790287037856.0,triton,,,,,,oss120b
hpcagent-bench-runs/gpu-llr-focus40-20260918/641690/judge/rank-1/hpcagent_bench1.db,gpu-llr-focus40-oss120b-triton-skills-clean.n0.p1.w1,fuse_move_ifs,gpu-llr-focus40-oss120b-triton-skills,3.3258796114789466,graded,,3.010309055819173,4.0,4.0,1790287072482.0,triton,,,,,,oss120b
hpcagent-bench-runs/gpu-llr-focus40-20260915/639323/judge/rank-1/hpcagent_bench1.db,gpu-llr-focus40-qwen38-triton-skills-clean.n0.p33.w33,tsvc_2_s4112,gpu-llr-focus40-qwen38-triton-skills,0.025637705506307285,graded,,14.638665813616525,4.0,4.0,1790287078272.0,triton,,,,,,qwen38
hpcagent-bench-runs/gpu-llr-focus40-20260915/639316/judge/rank-0/hpcagent_bench0.db,gpu-llr-focus40-oss120b-triton-clean.n0.p24.w24,tsvc_2_s275,gpu-llr-focus40-oss120b-triton,1.0,graded,,0.9824182919563024,4.0,4.0,1790287118034.0,triton,,,,,,oss120b
hpcagent-bench-runs/gpu-llr-focus40-20260915/639323/judge/rank-1/hpcagent_bench1.db,gpu-llr-focus40-qwen38-triton-skills-clean.n0.p29.w29,tsvc_2_s316,gpu-llr-focus40-qwen38-triton-skills,30.332032516152534,graded,,12.21274845933681,4.0,4.0,1790287172008.0,triton,,,,,,qwen38
hpcagent-bench-runs/gpu-llr-focus40-20260915/639323/judge/rank-1/hpcagent_bench1.db,gpu-llr-focus40-qwen38-triton-skills-clean.n0.p25.w25,tsvc_2_s311,gpu-llr-focus40-qwen38-triton-skills,30.73621391606704,graded,,19.96862044984002,4.0,4.0,1790287176177.0,triton,,,,,,qwen38
hpcagent-bench-runs/gpu-llr-focus40-20260918/641690/judge/rank-2/hpcagent_bench2.db,gpu-llr-focus40-oss120b-triton-skills-clean.n0.p6.w6,wf_diff_skew,gpu-llr-focus40-oss120b-triton-skills,0.1433146945445628,graded,,0.1951795440619046,4.0,4.0,1790287205077.0,triton,,,,,,oss120b
hpcagent-bench-runs/gpu-llr-focus40-20260915/639318/judge/rank-1/hpcagent_bench1.db,gpu-llr-focus40-oss120b-triton-skills-clean.n0.p37.w37,versioned_distance_update,gpu-llr-focus40-oss120b-triton-skills,0.9766703818657588,graded,,0.9393210873086608,4.0,4.0,1790287219996.0,triton,,,,,,oss120b
hpcagent-bench-runs/gpu-llr-focus40-20260915/639318/judge/rank-2/hpcagent_bench2.db,gpu-llr-focus40-oss120b-triton-skills-clean.n0.p22.w22,tsvc_2_s255,gpu-llr-focus40-oss120b-triton-skills,0.9970228091164393,graded,,0.9876162697548084,4.0,4.0,1790287297146.0,triton,,,,,,oss120b
hpcagent-bench-runs/gpu-llr-focus40-20260915/639318/judge/rank-0/hpcagent_bench0.db,gpu-llr-focus40-oss120b-triton-skills-clean.n0.p0.w0,argmax_with_index,gpu-llr-focus40-oss120b-triton-skills,46.711088339020684,graded,,5.628002721594401,4.0,4.0,1790287352707.0,triton,,,,,,oss120b
hpcagent-bench-runs/gpu-llr-focus40-20260915/639323/judge/rank-2/hpcagent_bench2.db,gpu-llr-focus40-qwen38-triton-skills-clean.n0.p6.w6,fuse_stencil_through_transient,gpu-llr-focus40-qwen38-triton-skills,11.144163651071707,graded,,2.070831061572731,4.0,4.0,1790287457216.0,triton,,,,,,qwen38
hpcagent-bench-runs/gpu-llr-focus40-20260915/639240/judge/rank-3/hpcagent_bench3.db,gpu-llr-focus40-qwen38-triton-clean.n0.p31.w31,tsvc_2_s319,gpu-llr-focus40-qwen38-triton,14.725575368445565,graded,,8.2837058267303,4.0,4.0,1790287465873.0,triton,,,,,,qwen38
hpcagent-bench-runs/gpu-llr-focus40-20260918/641671/judge/rank-0/hpcagent_bench0.db,gpu-llr-focus40-qwen38-triton-clean.n0.p0.w0,wf_diff_skew,gpu-llr-focus40-qwen38-triton,0.4395414393991466,graded,,0.5682949751522964,4.0,4.0,1790287505959.0,triton,,,,,,qwen38
hpcagent-bench-runs/gpu-llr-focus40-20260918/641690/judge/rank-0/hpcagent_bench0.db,gpu-llr-focus40-oss120b-triton-skills-clean.n0.p4.w4,tsvc_2_s323,gpu-llr-focus40-oss120b-triton-skills,0.17405555878583023,graded,,1.075586073976019,4.0,4.0,1790287558052.0,triton,,,,,,oss120b
hpcagent-bench-runs/gpu-llr-focus40-20260915/639318/judge/rank-0/hpcagent_bench0.db,gpu-llr-focus40-oss120b-triton-skills-clean.n0.p24.w24,tsvc_2_s275,gpu-llr-focus40-oss120b-triton-skills,1.0083549110262893,graded,,1.0345021558218723,4.0,4.0,1790287603941.0,triton,,,,,,oss120b
hpcagent-bench-runs/gpu-llr-focus40-20260915/639323/judge/rank-3/hpcagent_bench3.db,gpu-llr-focus40-qwen38-triton-skills-clean.n0.p31.w31,tsvc_2_s319,gpu-llr-focus40-qwen38-triton-skills,15.93111952495643,graded,,12.023213556795453,4.0,4.0,1790287658806.0,triton,,,,,,qwen38
hpcagent-bench-runs/gpu-llr-focus40-20260915/639240/judge/rank-3/hpcagent_bench3.db,gpu-llr-focus40-qwen38-triton-clean.n0.p15.w15,tsvc_2_s152,gpu-llr-focus40-qwen38-triton,,error,no cell produced a measurement,3.026826060720743,4.0,0.0,1790287760851.0,triton,,"scs/lhulsbergen/v2/llr40-daint-regrade/venv/lib/python3.14/site-packages/numba/core/config.py"", line 515, in process_environ
    raise RuntimeError(""Cannot set NUMBA_NUM_THREADS to a ""
    ...<4 lines>...
                        globals()['NUMBA_NUM_THREADS']))
RuntimeError: Cannot set NUMBA_NUM_THREADS to a different value once the threads have been launched (currently have 24, trying to set 72)
",,,,qwen38
hpcagent-bench-runs/gpu-llr-focus40-20260915/639240/judge/rank-0/hpcagent_bench0.db,gpu-llr-focus40-qwen38-triton-clean.n0.p0.w0,argmax_with_index,gpu-llr-focus40-qwen38-triton,2.546963932179848,graded,,2.059493776372225,4.0,4.0,1790287833220.0,triton,,,,,,qwen38
hpcagent-bench-runs/gpu-llr-focus40-20260915/639240/judge/rank-2/hpcagent_bench2.db,gpu-llr-focus40-qwen38-triton-clean.n0.p22.w22,tsvc_2_s255,gpu-llr-focus40-qwen38-triton,,error,no cell produced a measurement,6.377374468477571,4.0,0.0,1790287833993.0,triton,,"cscs/lhulsbergen/v2/llr40-daint-regrade/venv/lib/python3.14/site-packages/numba/core/config.py"", line 515, in process_environ
    raise RuntimeError(""Cannot set NUMBA_NUM_THREADS to a ""
    ...<4 lines>...
                        globals()['NUMBA_NUM_THREADS']))
RuntimeError: Cannot set NUMBA_NUM_THREADS to a different value once the threads have been launched (currently have 1, trying to set 72)
",,,,qwen38
hpcagent-bench-runs/gpu-llr-focus40-20260915/639323/judge/rank-3/hpcagent_bench3.db,gpu-llr-focus40-qwen38-triton-skills-clean.n0.p15.w15,tsvc_2_s152,gpu-llr-focus40-qwen38-triton-skills,,error,no cell produced a measurement,3.1384343746548704,4.0,0.0,1790287918870.0,triton,,"scs/lhulsbergen/v2/llr40-daint-regrade/venv/lib/python3.14/site-packages/numba/core/config.py"", line 515, in process_environ
    raise RuntimeError(""Cannot set NUMBA_NUM_THREADS to a ""
    ...<4 lines>...
                        globals()['NUMBA_NUM_THREADS']))
RuntimeError: Cannot set NUMBA_NUM_THREADS to a different value once the threads have been launched (currently have 32, trying to set 72)
",,,,qwen38
hpcagent-bench-runs/gpu-llr-focus40-20260915/639323/judge/rank-0/hpcagent_bench0.db,gpu-llr-focus40-qwen38-triton-skills-clean.n0.p32.w32,tsvc_2_s323,gpu-llr-focus40-qwen38-triton-skills,7.626783142706171,graded,,5.322878313975139,4.0,4.0,1790287988066.0,triton,,,,,,qwen38
hpcagent-bench-runs/gpu-llr-focus40-20260915/639323/judge/rank-0/hpcagent_bench0.db,gpu-llr-focus40-qwen38-triton-skills-clean.n0.p0.w0,argmax_with_index,gpu-llr-focus40-qwen38-triton-skills,2.4650578156646947,graded,,15.158833083661122,4.0,4.0,1790288072008.0,triton,,,,,,qwen38
hpcagent-bench-runs/gpu-llr-focus40-20260915/639323/judge/rank-1/hpcagent_bench1.db,gpu-llr-focus40-qwen38-triton-skills-clean.n0.p5.w5,fuse_move_ifs,gpu-llr-focus40-qwen38-triton-skills,0.243933484829725,graded,,3.858950786056417,4.0,4.0,1790288243398.0,triton,,,,,,qwen38
hpcagent-bench-runs/gpu-llr-focus40-20260921/645712/judge/rank-0/hpcagent_bench0.db,gpu-llr-focus40-qwen38-triton-device-clean.n0.p4.w4,fuse_diamond,gpu-llr-focus40-qwen38-triton-device-clean,,not-portable,not portable: AMD-only Triton option in 6661315ba0c656cfed565517218c650ddebbb00d9114f3e799e2f86a8d8eb3ec.txt,,,,,triton,python,,359.3249522978059,graded,,qwen38
hpcagent-bench-runs/gpu-llr-focus40-20260921/645737/judge/rank-0/hpcagent_bench0.db,gpu-llr-focus40-qwen38-triton-device-skills-clean.n0.p4.w4,fuse_diamond,gpu-llr-focus40-qwen38-triton-device-skills-clean,,not-portable,not portable: AMD-only Triton option in 271295c7a21b1f1db1cc2be0bc6332d9fc75e7060afef8c17430cbf23d11ca1d.txt,,,,,triton,python,,392.299916093664,graded,,qwen38
hpcagent-bench-runs/gpu-llr-focus40-20260921/645737/judge/rank-3/hpcagent_bench3.db,gpu-llr-focus40-qwen38-triton-device-skills-clean.n0.p7.w7,quasi_affine_reduce_odd,gpu-llr-focus40-qwen38-triton-device-skills-clean,,not-portable,not portable: AMD-only Triton option in be1f9ad89012dec9a19fc2d213e65379ea47939735f7f50ffd28e6fd55b0b40b.txt,,,,,triton,python,,125.0036009018481,graded,,qwen38
hpcagent-bench-runs/gpu-llr-focus40-20260921/645712/judge/rank-1/hpcagent_bench1.db,gpu-llr-focus40-qwen38-triton-device-clean.n0.p17.w17,tsvc_2_s2275,gpu-llr-focus40-qwen38-triton-device-clean,,not-portable,not portable: AMD-only Triton option in d24f096a1598c20cdfee072d6a226b6fafc88a33779228ae81a991f5bcec8eb7.txt,,,,,triton,python,,32.60852175167174,graded,,qwen38
hpcagent-bench-runs/gpu-llr-focus40-20260921/645737/judge/rank-0/hpcagent_bench0.db,gpu-llr-focus40-qwen38-triton-device-skills-clean.n0.p20.w20,tsvc_2_s235,gpu-llr-focus40-qwen38-triton-device-skills-clean,,not-portable,not portable: AMD-only Triton option in 3c7ac08c50bdbaa2366c490ef6bb4073763459a40963db1afa3eebdc7edac3aa.txt,,,,,triton,python,,16.069589887058758,graded,,qwen38
hpcagent-bench-runs/gpu-llr-focus40-20260921/645712/judge/rank-1/hpcagent_bench1.db,gpu-llr-focus40-qwen38-triton-device-clean.n0.p21.w21,tsvc_2_s252,gpu-llr-focus40-qwen38-triton-device-clean,,not-portable,not portable: AMD-only Triton option in 06b6443b588278a0a0515882c777cd00c1cfdc4770d7020cfc5b31bc3a184a83.txt,,,,,triton,python,"h_tsvc_2_s252_7492hywl/tsvc_2_s252_submission.py"", line 89, in s252
    _launcher(0, g, 1, 1, _GRID0, _function, None, _packed, None, None, None,
    ~~~~~~~~~^^^^^^^^^^^^^^^^^^^^^^^^^^^^^^^^^^^^^^^^^^^^^^^^^^^^^^^^^^^^^^^^
              a.data.ptr, b.data.ptr, c.data.ptr, n, _BLOCK)
              ^^^^^^^^^^^^^^^^^^^^^^^^^^^^^^^^^^^^^^^^^^^^^^
TypeError: a bytes-like object is required, not 'int'
",53.89541399176597,graded,,qwen38
hpcagent-bench-runs/gpu-llr-focus40-20260921/645737/judge/rank-1/hpcagent_bench1.db,gpu-llr-focus40-qwen38-triton-device-skills-clean.n0.p33.w33,tsvc_2_s4112,gpu-llr-focus40-qwen38-triton-device-skills-clean,,not-portable,not portable: AMD-only Triton option in 9ebf3d7bab1599b97b6c57df5178c383e97c941a9c5678e165e58218154f8192.txt,,,,,triton,python,,,,,qwen38
hpcagent-bench-runs/cpf-llr-focus40-20260913/635349/judge/rank-2/hpcagent_bench2.db,cpf-llr-focus40-glm53-c-skills.n0.p14.w14,tsvc_2_s1244,cpf-llr-focus40-glm53-c-skills,11.407664207140815,graded,,4.392404663029003,4.0,4.0,1790317485837.0,c,,,5.189068882705501,graded,,
hpcagent-bench-runs/cpf-llr-focus40-20260914/636501/judge/rank-3/hpcagent_bench3.db,cpf-llr-focus40-glm53-c-skills.n0.p7.w7,tsvc_2_s233,cpf-llr-focus40-glm53-c-skills,84.44146564246903,graded,,40.91129653946485,4.0,4.0,1790317485838.0,c,,,34.7685404619703,graded,,
hpcagent-bench-runs/cpf-llr-focus40-20260914/636501/judge/rank-0/hpcagent_bench0.db,cpf-llr-focus40-glm53-c-skills.n0.p4.w4,tsvc_2_s1232,cpf-llr-focus40-glm53-c-skills,23.854983601009057,graded,,118.68389536261894,4.0,4.0,1790317485839.0,c,,,38.520856107715325,graded,,
hpcagent-bench-runs/cpf-llr-focus40-20260913/635349/judge/rank-0/hpcagent_bench0.db,cpf-llr-focus40-glm53-c-skills.n0.p16.w16,tsvc_2_s2233,cpf-llr-focus40-glm53-c-skills,96.3882734666537,graded,,62.43747915502187,4.0,4.0,1790317485839.0,c,,,56.24410664582515,graded,,
hpcagent-bench-runs/cpf-llr-focus40-20260914/636501/judge/rank-1/hpcagent_bench1.db,cpf-llr-focus40-glm53-c-skills.n0.p5.w5,tsvc_2_s2275,cpf-llr-focus40-glm53-c-skills,5.342397286515057,graded,,2.896155090983634,4.0,4.0,1790317485840.0,c,,,3.1772461776546495,graded,,
hpcagent-bench-runs/cpf-llr-focus40-20260919/643317/judge/rank-2/hpcagent_bench2.db,cpf-llr-focus40-kimi27sglang-c-cpfsrc-v2-clean.n0.p22.w22,tsvc_2_s255,cpf-llr-focus40-kimi27sglang-c-cpfsrc-v2-clean,16.6470262196924,graded,,6.383021505347855,4.0,4.0,1790317485840.0,c,,,6.383021505347855,graded,,kimi27sglang
hpcagent-bench-runs/cpf-llr-focus40-20260914/636501/judge/rank-1/hpcagent_bench1.db,cpf-llr-focus40-glm53-c-skills.n0.p17.w17,tsvc_2_s316,cpf-llr-focus40-glm53-c-skills,21.49817406102251,graded,,13.635854899847265,4.0,4.0,1790317485841.0,c,,,13.773385117273602,graded,,
hpcagent-bench-runs/cpf-llr-focus40-20260914/636501/judge/rank-0/hpcagent_bench0.db,cpf-llr-focus40-glm53-c-skills.n0.p0.w0,fuse_stencil_through_transient,cpf-llr-focus40-glm53-c-skills,16.61933908361676,graded,,6.596005990777561,4.0,4.0,1790317485841.0,c,,,7.516575165079365,graded,,
hpcagent-bench-runs/cpf-llr-focus40-20260914/636535/judge/rank-2/hpcagent_bench2.db,cpf-llr-focus40-oss120b-c.n0.p26.w26,tsvc_2_s3110,cpf-llr-focus40-oss120b-c,23.99972923184776,graded,,10.143997972626911,4.0,4.0,1790317485841.0,c,,,10.143997972626911,graded,,oss120b
hpcagent-bench-runs/cpf-llr-focus40-20260917/640583/judge/rank-2/hpcagent_bench2.db,cpf-llr-focus40-oss120b-c.n0.p2.w2,tsvc_2_s252,cpf-llr-focus40-oss120b-c,13.877160796953143,graded,,5.4235363766365365,4.0,4.0,1790317485841.0,c,,,4.491491542355411,graded,,oss120b
hpcagent-bench-runs/cpf-llr-focus40-20260913/635349/judge/rank-2/hpcagent_bench2.db,cpf-llr-focus40-glm53-c-skills.n0.p10.w10,segment_reduce_ragged,cpf-llr-focus40-glm53-c-skills,22.21683266806366,graded,,12.753230533874056,4.0,4.0,1790317485841.0,c,,,12.881685907654584,graded,,
hpcagent-bench-runs/cpf-llr-focus40-20260919/643317/judge/rank-0/hpcagent_bench0.db,cpf-llr-focus40-kimi27sglang-c-cpfsrc-v2-clean.n0.p32.w32,tsvc_2_s323,cpf-llr-focus40-kimi27sglang-c-cpfsrc-v2-clean,8.59714147879727,graded,,3.5944511324099566,4.0,4.0,1790317485842.0,c,,,2.719749169636206,graded,,kimi27sglang
hpcagent-bench-runs/cpf-llr-focus40-20260914/636535/judge/rank-3/hpcagent_bench3.db,cpf-llr-focus40-oss120b-c.n0.p15.w15,tsvc_2_s152,cpf-llr-focus40-oss120b-c,8.746531245476351,graded,,3.295585301315088,4.0,4.0,1790317485842.0,c,,,3.295585301315088,graded,,oss120b
hpcagent-bench-runs/cpf-llr-focus40-20260914/636501/judge/rank-2/hpcagent_bench2.db,cpf-llr-focus40-glm53-c-skills.n0.p18.w18,tsvc_2_s318,cpf-llr-focus40-glm53-c-skills,73.18258193126223,graded,,18.30953904886495,4.0,4.0,1790317485842.0,c,,,17.999409937363986,graded,,
hpcagent-bench-runs/cpf-llr-focus40-20260915/639214/judge/rank-1/hpcagent_bench1.db,cpf-llr-focus40-kimi27sglang-c-clean.n0.p5.w5,fuse_move_ifs,cpf-llr-focus40-kimi27sglang-c-clean,3.454935724206529,graded,,2.2022995049378995,4.0,4.0,1790317485844.0,c,,,2.0715545143442378,graded,,kimi27sglang
hpcagent-bench-runs/cpf-llr-focus40-20260914/636501/judge/rank-0/hpcagent_bench0.db,cpf-llr-focus40-glm53-c-skills.n0.p8.w8,tsvc_2_s235,cpf-llr-focus40-glm53-c-skills,2.6597972750035708,graded,,2.149260587968346,4.0,4.0,1790317485844.0,c,,,2.2033079638983164,graded,,
hpcagent-bench-runs/cpf-llr-focus40-20260914/636501/judge/rank-1/hpcagent_bench1.db,cpf-llr-focus40-glm53-c-skills.n0.p1.w1,scan_affine_decay,cpf-llr-focus40-glm53-c-skills,1.2431965447953608,graded,,19.01554624652682,4.0,4.0,1790317485852.0,c,,,18.232733588698572,graded,,
hpcagent-bench-runs/cpf-llr-focus40-20260914/636535/judge/rank-0/hpcagent_bench0.db,cpf-llr-focus40-oss120b-c.n0.p4.w4,fuse_diamond,cpf-llr-focus40-oss120b-c,67.78521953183383,graded,,41.89212374520465,4.0,4.0,1790317485852.0,c,,,41.89212374520465,graded,,oss120b
hpcagent-bench-runs/cpf-llr-focus40-20260914/636501/judge/rank-2/hpcagent_bench2.db,cpf-llr-focus40-glm53-c-skills.n0.p2.w2,scatter_accum_dup,cpf-llr-focus40-glm53-c-skills,40.38650583739167,graded,,18.544805684111815,4.0,4.0,1790317485853.0,c,,,18.734726614235147,graded,,
hpcagent-bench-runs/cpf-llr-focus40-20260914/636535/judge/rank-3/hpcagent_bench3.db,cpf-llr-focus40-oss120b-c.n0.p7.w7,quasi_affine_reduce_odd,cpf-llr-focus40-oss120b-c,19.06365683445447,graded,,10.01569320942931,4.0,4.0,1790317485853.0,c,,,10.01569320942931,graded,,oss120b
hpcagent-bench-runs/cpf-llr-focus40-20260913/635349/judge/rank-0/hpcagent_bench0.db,cpf-llr-focus40-glm53-c-skills.n0.p0.w0,argmax_with_index,cpf-llr-focus40-glm53-c-skills,51.19160451923622,graded,,20.883172847019175,4.0,4.0,1790317485860.0,c,,,,,,
hpcagent-bench-runs/cpf-llr-focus40-20260913/635349/judge/rank-2/hpcagent_bench2.db,cpf-llr-focus40-glm53-c-skills.n0.p2.w2,ext_break_capture,cpf-llr-focus40-glm53-c-skills,19.162398146833965,graded,,8.287276661926965,4.0,4.0,1790317485860.0,c,,,8.087657794149923,graded,,
hpcagent-bench-runs/cpf-llr-focus40-20260913/635349/judge/rank-1/hpcagent_bench1.db,cpf-llr-focus40-glm53-c-skills.n0.p1.w1,compact_threshold_pack,cpf-llr-focus40-glm53-c-skills,20.181915940940385,graded,,14.0278029601695,4.0,4.0,1790317485860.0,c,,,15.793656182254313,graded,,
hpcagent-bench-runs/cpf-llr-focus40-20260915/639211/judge/rank-2/hpcagent_bench2.db,cpf-llr-focus40-oss120b-c-clean.n0.p34.w34,tsvc_2_vag,cpf-llr-focus40-oss120b-c-clean,1.1302375781598948,graded,,1.1670100609838499,4.0,4.0,1790317485864.0,c,,,1.1670100609838499,graded,,oss120b
hpcagent-bench-runs/cpf-llr-focus40-20260914/636501/judge/rank-3/hpcagent_bench3.db,cpf-llr-focus40-glm53-c-skills.n0.p15.w15,tsvc_2_s3111,cpf-llr-focus40-glm53-c-skills,80.61704941003002,graded,,29.288885226361778,4.0,4.0,1790317485867.0,c,,,29.13080886632247,graded,,
hpcagent-bench-runs/cpf-llr-focus40-20260914/636501/judge/rank-3/hpcagent_bench3.db,cpf-llr-focus40-glm53-c-skills.n0.p19.w19,tsvc_2_s319,cpf-llr-focus40-glm53-c-skills,13.930568605582225,graded,,12.045662877981638,4.0,4.0,1790317485867.0,c,,,12.055463728638774,graded,,
hpcagent-bench-runs/cpf-llr-focus40-20260913/635349/judge/rank-3/hpcagent_bench3.db,cpf-llr-focus40-glm53-c-skills.n0.p3.w3,ext_war_unit,cpf-llr-focus40-glm53-c-skills,11.005453161351056,graded,,4.9271211536221236,4.0,4.0,1790317485867.0,c,,,5.314920261166175,graded,,
hpcagent-bench-runs/cpf-llr-focus40-20260914/636501/judge/rank-1/hpcagent_bench1.db,cpf-llr-focus40-glm53-c-skills.n0.p13.w13,tsvc_2_s311,cpf-llr-focus40-glm53-c-skills,30.684042917278518,graded,,20.66635574784482,4.0,4.0,1790317485868.0,c,,,19.824826965852466,graded,,
hpcagent-bench-runs/cpf-llr-focus40-20260914/636501/judge/rank-0/hpcagent_bench0.db,cpf-llr-focus40-glm53-c-skills.n0.p16.w16,tsvc_2_s3112,cpf-llr-focus40-glm53-c-skills,0.9870125503967639,graded,,8.985042927124365,4.0,4.0,1790317485943.0,c,,,,graded,,
hpcagent-bench-runs/cpf-llr-focus40-20260914/636501/judge/rank-3/hpcagent_bench3.db,cpf-llr-focus40-glm53-c-skills.n0.p11.w11,tsvc_2_s2710,cpf-llr-focus40-glm53-c-skills,1.0239069980977984,graded,,1.0596174905347595,4.0,4.0,1790317485944.0,c,,,1.0359701879215653,graded,,
hpcagent-bench-runs/cpf-llr-focus40-20260918/641699/judge/rank-2/hpcagent_bench2.db,cpf-llr-focus40-kimi27sglang-c-clean.n0.p22.w22,wf_triangular,cpf-llr-focus40-kimi27sglang-c-clean,40.396241605920835,graded,,34.28416861190774,4.0,4.0,1790317485944.0,c,,,34.28416861190774,graded,,kimi27sglang
hpcagent-bench-runs/cpf-llr-focus40-20260919/643317/judge/rank-2/hpcagent_bench2.db,cpf-llr-focus40-kimi27sglang-c-cpfsrc-v2-clean.n0.p38.w38,wf_diff_skew,cpf-llr-focus40-kimi27sglang-c-cpfsrc-v2-clean,3.8394033679517365,graded,,3.822551498064667,4.0,4.0,1790317486022.0,c,,,3.576808056079791,graded,,kimi27sglang
hpcagent-bench-runs/cpf-llr-focus40-20260914/637045/judge/rank-0/hpcagent_bench0.db,cpf-llr-focus40-glm53-c-skills.n0.p0.w0,tsvc_2_s275,cpf-llr-focus40-glm53-c-skills,2.990341968964576,graded,,1.3411798005885993,4.0,4.0,1790317486091.0,c,,,1.7547156998695856,graded,,
hpcagent-bench-runs/cpf-llr-focus40-20260914/637045/judge/rank-0/hpcagent_bench0.db,cpf-llr-focus40-glm53-c-skills.n0.p4.w4,tsvc_2_vpvts,cpf-llr-focus40-glm53-c-skills,1.0,graded,,0.08858582642020635,4.0,4.0,1790317486091.0,c,,,0.039340370382798695,graded,,
hpcagent-bench-runs/cpf-llr-focus40-20260914/637045/judge/rank-2/hpcagent_bench2.db,cpf-llr-focus40-glm53-c-skills.n0.p2.w2,tsvc_2_s4112,cpf-llr-focus40-glm53-c-skills,0.8241512351365521,graded,,3.106911106787288,4.0,4.0,1790317486092.0,c,,,0.8779619828187143,graded,,
hpcagent-bench-runs/cpf-llr-focus40-20260914/636501/judge/rank-2/hpcagent_bench2.db,cpf-llr-focus40-glm53-c-skills.n0.p6.w6,tsvc_2_s231,cpf-llr-focus40-glm53-c-skills,2.9764558823246006,graded,,3.052294898039674,4.0,4.0,1790317486093.0,c,,,2.408688565391926,graded,,
hpcagent-bench-runs/cpf-llr-focus40-20260915/638026/judge/rank-0/hpcagent_bench0.db,cpf-llr-focus40-glm53-c-skills.n0.p0.w0,tsvc_2_vtvtv,cpf-llr-focus40-glm53-c-skills,1.0054343323446049,graded,,1.0518211149957755,4.0,4.0,1790317486102.0,c,,,1.0623530742275866,graded,,
hpcagent-bench-runs/cpf-llr-focus40-20260919/643317/judge/rank-1/hpcagent_bench1.db,cpf-llr-focus40-kimi27sglang-c-cpfsrc-v2-clean.n0.p37.w37,versioned_distance_update,cpf-llr-focus40-kimi27sglang-c-cpfsrc-v2-clean,1.984191713254659,graded,,0.9582333690828672,4.0,4.0,1790317486103.0,c,,,1.0085151379247235,graded,,kimi27sglang
hpcagent-bench-runs/cpf-llr-focus40-20260913/635349/judge/rank-3/hpcagent_bench3.db,cpf-llr-focus40-glm53-c-skills.n0.p11.w11,tsvc_2_s115,cpf-llr-focus40-glm53-c-skills,15.751172325138366,graded,,7.7838342424819755,4.0,4.0,1790317486103.0,c,,,8.41569814717603,graded,,
hpcagent-bench-runs/cpf-llr-focus40-20260914/636501/judge/rank-3/hpcagent_bench3.db,cpf-llr-focus40-glm53-c-skills.n0.p3.w3,tsvc_2_s119,cpf-llr-focus40-glm53-c-skills,9.711420534727887,graded,,8.397059596314643,4.0,4.0,1790317486103.0,c,,,7.004085693477889,graded,,
hpcagent-bench-runs/cpf-llr-focus40-20260915/639214/judge/rank-2/hpcagent_bench2.db,cpf-llr-focus40-kimi27sglang-c-clean.n0.p18.w18,tsvc_2_s231,cpf-llr-focus40-kimi27sglang-c-clean,3.574855859717437,graded,,1.7637478920045737,4.0,4.0,1790317639967.0,c,,,1.5441092031207588,graded,,kimi27sglang
hpcagent-bench-runs/cpf-llr-focus40-20260915/639214/judge/rank-2/hpcagent_bench2.db,cpf-llr-focus40-kimi27sglang-c-clean.n0.p10.w10,segment_reduce_ragged,cpf-llr-focus40-kimi27sglang-c-clean,22.741383826693063,graded,,13.807726796887692,4.0,4.0,1790317645590.0,c,,,13.807726796887692,graded,,kimi27sglang
hpcagent-bench-runs/cpf-llr-focus40-20260919/643317/judge/rank-0/hpcagent_bench0.db,cpf-llr-focus40-kimi27sglang-c-cpfsrc-v2-clean.n0.p20.w20,tsvc_2_s235,cpf-llr-focus40-kimi27sglang-c-cpfsrc-v2-clean,2.9776289527337596,graded,,1.8859712640729867,4.0,4.0,1790317655275.0,c,,,1.7549321133338196,graded,,kimi27sglang
hpcagent-bench-runs/cpf-llr-focus40-20260914/636535/judge/rank-1/hpcagent_bench1.db,cpf-llr-focus40-oss120b-c.n0.p17.w17,tsvc_2_s2275,cpf-llr-focus40-oss120b-c,5.414181824482319,graded,,2.4978246460115545,4.0,4.0,1790317659301.0,c,,,2.4978246460115545,graded,,oss120b
hpcagent-bench-runs/cpf-llr-focus40-20260915/639214/judge/rank-0/hpcagent_bench0.db,cpf-llr-focus40-kimi27sglang-c-clean.n0.p8.w8,scan_affine_decay,cpf-llr-focus40-kimi27sglang-c-clean,14.91027749416471,graded,,7.601705265732102,4.0,4.0,1790317669974.0,c,,,8.091129868023604,graded,,kimi27sglang
hpcagent-bench-runs/cpf-llr-focus40-20260915/639214/judge/rank-1/hpcagent_bench1.db,cpf-llr-focus40-kimi27sglang-c-clean.n0.p9.w9,scatter_accum_dup,cpf-llr-focus40-kimi27sglang-c-clean,0.8722020998087943,graded,,10.143564680995523,4.0,4.0,1790317671245.0,c,,,10.143564680995523,graded,,kimi27sglang
hpcagent-bench-runs/cpf-llr-focus40-20260915/639214/judge/rank-3/hpcagent_bench3.db,cpf-llr-focus40-kimi27sglang-c-clean.n0.p19.w19,tsvc_2_s233,cpf-llr-focus40-kimi27sglang-c-clean,15.86770612499117,graded,,27.94974125058246,4.0,4.0,1790317673007.0,c,,,27.982363418740274,graded,,kimi27sglang
hpcagent-bench-runs/cpf-llr-focus40-20260914/636535/judge/rank-1/hpcagent_bench1.db,cpf-llr-focus40-oss120b-c.n0.p21.w21,tsvc_2_s252,cpf-llr-focus40-oss120b-c,8.376961771042282,graded,,2.539924393805006,4.0,4.0,1790317673826.0,c,,,2.539924393805006,graded,,oss120b
hpcagent-bench-runs/cpf-llr-focus40-20260915/639211/judge/rank-0/hpcagent_bench0.db,cpf-llr-focus40-oss120b-c-clean.n0.p4.w4,fuse_diamond,cpf-llr-focus40-oss120b-c-clean,67.50798907496036,graded,,37.315848602810114,4.0,4.0,1790317679340.0,c,,,37.315848602810114,graded,,oss120b
hpcagent-bench-runs/cpf-llr-focus40-20260915/639214/judge/rank-0/hpcagent_bench0.db,cpf-llr-focus40-kimi27sglang-c-clean.n0.p12.w12,tsvc_2_s119,cpf-llr-focus40-kimi27sglang-c-clean,6.982224970162658,graded,,3.286510361632963,4.0,4.0,1790317686765.0,c,,,3.286510361632963,graded,,kimi27sglang
hpcagent-bench-runs/cpf-llr-focus40-20260914/636535/judge/rank-0/hpcagent_bench0.db,cpf-llr-focus40-oss120b-c.n0.p32.w32,tsvc_2_s323,cpf-llr-focus40-oss120b-c,8.205412949779115,graded,,5.289188483409545,4.0,4.0,1790317688504.0,c,,,5.289188483409545,graded,,oss120b
hpcagent-bench-runs/cpf-llr-focus40-20260914/636535/judge/rank-3/hpcagent_bench3.db,cpf-llr-focus40-oss120b-c.n0.p31.w31,tsvc_2_s319,cpf-llr-focus40-oss120b-c,14.362642853102722,graded,,23.695258260856008,4.0,4.0,1790317688980.0,c,,,23.695258260856008,graded,,oss120b
hpcagent-bench-runs/cpf-llr-focus40-20260915/639214/judge/rank-3/hpcagent_bench3.db,cpf-llr-focus40-kimi27sglang-c-clean.n0.p11.w11,tsvc_2_s115,cpf-llr-focus40-kimi27sglang-c-clean,13.092917823148754,graded,,7.920165916333153,4.0,4.0,1790317689348.0,c,,,7.723155311276358,graded,,kimi27sglang
hpcagent-bench-runs/cpf-llr-focus40-20260915/639214/judge/rank-1/hpcagent_bench1.db,cpf-llr-focus40-kimi27sglang-c-clean.n0.p13.w13,tsvc_2_s1232,cpf-llr-focus40-kimi27sglang-c-clean,22.042111394010533,graded,,20.23178741535835,4.0,4.0,1790317693397.0,c,,,18.067974369313966,graded,,kimi27sglang
hpcagent-bench-runs/cpf-llr-focus40-20260914/636535/judge/rank-2/hpcagent_bench2.db,cpf-llr-focus40-oss120b-c.n0.p2.w2,ext_break_capture,cpf-llr-focus40-oss120b-c,11.783041996340843,graded,,3.8528270197649395,4.0,4.0,1790317696454.0,c,,,3.8528270197649395,graded,,oss120b
hpcagent-bench-runs/cpf-llr-focus40-20260917/640583/judge/rank-1/hpcagent_bench1.db,cpf-llr-focus40-oss120b-c.n0.p1.w1,tsvc_2_s1244,cpf-llr-focus40-oss120b-c,1.7849780592930586,graded,,0.9647604697552091,4.0,4.0,1790317700810.0,c,,,1.4605821550062614,graded,,oss120b
hpcagent-bench-runs/cpf-llr-focus40-20260915/639214/judge/rank-3/hpcagent_bench3.db,cpf-llr-focus40-kimi27sglang-c-clean.n0.p3.w3,ext_war_unit,cpf-llr-focus40-kimi27sglang-c-clean,11.09206326083159,graded,,5.303604001031415,4.0,4.0,1790317704778.0,c,,,5.303604001031415,graded,,kimi27sglang
hpcagent-bench-runs/cpf-llr-focus40-20260918/641699/judge/rank-0/hpcagent_bench0.db,cpf-llr-focus40-kimi27sglang-c-clean.n0.p8.w8,tsvc_2_s311,cpf-llr-focus40-kimi27sglang-c-clean,30.912554584113952,graded,,19.926644648846658,4.0,4.0,1790317705250.0,c,,,20.01377491152439,graded,,kimi27sglang
hpcagent-bench-runs/cpf-llr-focus40-20260914/636535/judge/rank-2/hpcagent_bench2.db,cpf-llr-focus40-oss120b-c.n0.p22.w22,tsvc_2_s255,cpf-llr-focus40-oss120b-c,17.22549219642885,graded,,6.115519372622442,4.0,4.0,1790317706884.0,c,,,6.115519372622442,graded,,oss120b
hpcagent-bench-runs/cpf-llr-focus40-20260917/640097/judge/rank-2/hpcagent_bench2.db,cpf-llr-focus40-oss120b-c.n0.p26.w26,tsvc_2_s3110,cpf-llr-focus40-oss120b-c,53.28620005048298,graded,,19.999136752049704,4.0,4.0,1790317707522.0,c,,,19.999136752049704,graded,,oss120b
hpcagent-bench-runs/cpf-llr-focus40-20260914/636535/judge/rank-1/hpcagent_bench1.db,cpf-llr-focus40-oss120b-c.n0.p5.w5,fuse_move_ifs,cpf-llr-focus40-oss120b-c,3.4868716603890597,graded,,2.0562471710921426,4.0,4.0,1790317708946.0,c,,,2.0562471710921426,graded,,oss120b
hpcagent-bench-runs/cpf-llr-focus40-20260914/636535/judge/rank-0/hpcagent_bench0.db,cpf-llr-focus40-oss120b-c.n0.p28.w28,tsvc_2_s3112,cpf-llr-focus40-oss120b-c,0.9825735148262998,graded,,0.9978713697275622,4.0,4.0,1790317709922.0,c,,,0.9978713697275622,graded,,oss120b
hpcagent-bench-runs/cpf-llr-focus40-20260918/641699/judge/rank-3/hpcagent_bench3.db,cpf-llr-focus40-kimi27sglang-c-clean.n0.p7.w7,tsvc_2_s275,cpf-llr-focus40-kimi27sglang-c-clean,2.2362132634901095,graded,,1.4886935122809613,4.0,4.0,1790317711071.0,c,,,1.5229745222699,graded,,kimi27sglang
hpcagent-bench-runs/cpf-llr-focus40-20260914/636535/judge/rank-0/hpcagent_bench0.db,cpf-llr-focus40-oss120b-c.n0.p36.w36,tsvc_2_vtvtv,cpf-llr-focus40-oss120b-c,1.0126604583741017,graded,,1.0,4.0,4.0,1790317713846.0,c,,,1.0,graded,,oss120b
hpcagent-bench-runs/cpf-llr-focus40-20260917/640097/judge/rank-3/hpcagent_bench3.db,cpf-llr-focus40-oss120b-c.n0.p7.w7,quasi_affine_reduce_odd,cpf-llr-focus40-oss120b-c,18.813196817513806,graded,,10.47163661083899,4.0,4.0,1790317717281.0,c,,,8.467240661870894,graded,,oss120b
hpcagent-bench-runs/cpf-llr-focus40-20260914/636535/judge/rank-0/hpcagent_bench0.db,cpf-llr-focus40-oss120b-c.n0.p0.w0,argmax_with_index,cpf-llr-focus40-oss120b-c,51.08863662877236,graded,,19.60224560437103,4.0,4.0,1790317721983.0,c,,,19.60224560437103,graded,,oss120b
hpcagent-bench-runs/cpf-llr-focus40-20260914/636535/judge/rank-2/hpcagent_bench2.db,cpf-llr-focus40-oss120b-c.n0.p30.w30,tsvc_2_s318,cpf-llr-focus40-oss120b-c,72.90066146289658,graded,,14.034443752979286,4.0,4.0,1790317729511.0,c,,,14.034443752979286,graded,,oss120b
hpcagent-bench-runs/cpf-llr-focus40-20260914/636535/judge/rank-1/hpcagent_bench1.db,cpf-llr-focus40-oss120b-c.n0.p37.w37,versioned_distance_update,cpf-llr-focus40-oss120b-c,1.7985593657488954,graded,,0.9035737482958431,4.0,4.0,1790317729632.0,c,,,0.9035737482958431,graded,,oss120b
hpcagent-bench-runs/cpf-llr-focus40-20260914/636535/judge/rank-3/hpcagent_bench3.db,cpf-llr-focus40-oss120b-c.n0.p35.w35,tsvc_2_vpvts,cpf-llr-focus40-oss120b-c,1.0,graded,,1.008277399908171,4.0,4.0,1790317731771.0,c,,,1.008277399908171,graded,,oss120b
hpcagent-bench-runs/cpf-llr-focus40-20260918/641699/judge/rank-0/hpcagent_bench0.db,cpf-llr-focus40-kimi27sglang-c-clean.n0.p12.w12,tsvc_2_s316,cpf-llr-focus40-kimi27sglang-c-clean,21.262830120297174,graded,,13.944090032308072,4.0,4.0,1790317732317.0,c,,,13.782247746660094,graded,,kimi27sglang
hpcagent-bench-runs/cpf-llr-focus40-20260918/641067/judge/rank-0/hpcagent_bench0.db,cpf-llr-focus40-oss120b-c.n0.p0.w0,wf_diff_skew,cpf-llr-focus40-oss120b-c,1.5770794732625266,graded,,3.713294877226736,4.0,4.0,1790317735630.0,c,,,3.8054425966093834,graded,,oss120b
hpcagent-bench-runs/cpf-llr-focus40-20260918/641699/judge/rank-2/hpcagent_bench2.db,cpf-llr-focus40-kimi27sglang-c-clean.n0.p10.w10,tsvc_2_s3111,cpf-llr-focus40-kimi27sglang-c-clean,75.56836572558458,graded,,29.227735870291518,4.0,4.0,1790317737902.0,c,,,28.733680782492222,graded,,kimi27sglang
hpcagent-bench-runs/cpf-llr-focus40-20260915/639214/judge/rank-0/hpcagent_bench0.db,cpf-llr-focus40-kimi27sglang-c-clean.n0.p16.w16,tsvc_2_s2233,cpf-llr-focus40-kimi27sglang-c-clean,89.6491855604149,graded,,62.296202362991515,4.0,4.0,1790317740032.0,c,,,61.72331621903994,graded,,kimi27sglang
hpcagent-bench-runs/cpf-llr-focus40-20260917/640097/judge/rank-3/hpcagent_bench3.db,cpf-llr-focus40-oss120b-c.n0.p15.w15,tsvc_2_s152,cpf-llr-focus40-oss120b-c,8.802351342725316,graded,,3.3365570252710532,4.0,4.0,1790317741175.0,c,,,3.252765811021715,graded,,oss120b
hpcagent-bench-runs/cpf-llr-focus40-20260918/641699/judge/rank-2/hpcagent_bench2.db,cpf-llr-focus40-kimi27sglang-c-clean.n0.p6.w6,tsvc_2_s2710,cpf-llr-focus40-kimi27sglang-c-clean,0.9959984698795306,graded,,1.0,4.0,4.0,1790317744303.0,c,,,1.0923838255683214,graded,,kimi27sglang
hpcagent-bench-runs/cpf-llr-focus40-20260915/639214/judge/rank-2/hpcagent_bench2.db,cpf-llr-focus40-kimi27sglang-c-clean.n0.p6.w6,fuse_stencil_through_transient,cpf-llr-focus40-kimi27sglang-c-clean,13.033002286664377,graded,,7.076159705653383,4.0,4.0,1790317744399.0,c,,,7.076159705653383,graded,,kimi27sglang
hpcagent-bench-runs/cpf-llr-focus40-20260919/643317/judge/rank-3/hpcagent_bench3.db,cpf-llr-focus40-kimi27sglang-c-cpfsrc-v2-clean.n0.p39.w39,wf_triangular,cpf-llr-focus40-kimi27sglang-c-cpfsrc-v2-clean,41.12274539909907,graded,,22.1697117433187,4.0,4.0,1790317750152.0,c,,,22.1697117433187,graded,,kimi27sglang
hpcagent-bench-runs/cpf-llr-focus40-20260915/639214/judge/rank-1/hpcagent_bench1.db,cpf-llr-focus40-kimi27sglang-c-clean.n0.p1.w1,compact_threshold_pack,cpf-llr-focus40-kimi27sglang-c-clean,20.958622184507934,graded,,11.764388309065883,4.0,4.0,1790317755098.0,c,,,11.764388309065883,graded,,kimi27sglang
hpcagent-bench-runs/cpf-llr-focus40-20260919/643317/judge/rank-2/hpcagent_bench2.db,cpf-llr-focus40-kimi27sglang-c-cpfsrc-v2-clean.n0.p18.w18,tsvc_2_s231,cpf-llr-focus40-kimi27sglang-c-cpfsrc-v2-clean,3.141470402654651,graded,,1.5254984131577982,4.0,4.0,1790317788826.0,c,,,1.5534151652609822,graded,,kimi27sglang
hpcagent-bench-runs/cpf-llr-focus40-20260919/643317/judge/rank-2/hpcagent_bench2.db,cpf-llr-focus40-kimi27sglang-c-cpfsrc-v2-clean.n0.p10.w10,segment_reduce_ragged,cpf-llr-focus40-kimi27sglang-c-cpfsrc-v2-clean,23.84572023694444,graded,,13.565219903333675,4.0,4.0,1790317801131.0,c,,,13.168888489071511,graded,,kimi27sglang
hpcagent-bench-runs/cpf-llr-focus40-20260914/636535/judge/rank-0/hpcagent_bench0.db,cpf-llr-focus40-oss120b-c.n0.p20.w20,tsvc_2_s235,cpf-llr-focus40-oss120b-c,1.0,graded,,1.0,4.0,4.0,1790317821851.0,c,,,1.0,graded,,oss120b
hpcagent-bench-runs/cpf-llr-focus40-20260917/640097/judge/rank-1/hpcagent_bench1.db,cpf-llr-focus40-oss120b-c.n0.p33.w33,tsvc_2_s4112,cpf-llr-focus40-oss120b-c,1.1553412007728,graded,,1.2249023066027367,4.0,4.0,1790317829621.0,c,,,,error,no cell produced a measurement,oss120b
hpcagent-bench-runs/cpf-llr-focus40-20260917/640097/judge/rank-1/hpcagent_bench1.db,cpf-llr-focus40-oss120b-c.n0.p17.w17,tsvc_2_s2275,cpf-llr-focus40-oss120b-c,5.420219689812925,graded,,3.361236511909518,4.0,4.0,1790317833948.0,c,,,3.410191753463405,graded,,oss120b
hpcagent-bench-runs/cpf-llr-focus40-20260914/636537/judge/rank-2/hpcagent_bench2.db,cpf-llr-focus40-oss120b-c-cpf.n0.p34.w34,tsvc_2_vag,cpf-llr-focus40-oss120b-c-cpf,1.1244944566291202,graded,,1.1619134987588537,4.0,4.0,1790317839230.0,c,,,1.1619134987588537,graded,,oss120b
hpcagent-bench-runs/cpf-llr-focus40-20260914/636535/judge/rank-0/hpcagent_bench0.db,cpf-llr-focus40-oss120b-c.n0.p8.w8,scan_affine_decay,cpf-llr-focus40-oss120b-c,11.250695040762405,graded,,6.585827300309658,4.0,4.0,1790317843732.0,c,,,6.585827300309658,graded,,oss120b
hpcagent-bench-runs/cpf-llr-focus40-20260919/643317/judge/rank-3/hpcagent_bench3.db,cpf-llr-focus40-kimi27sglang-c-cpfsrc-v2-clean.n0.p19.w19,tsvc_2_s233,cpf-llr-focus40-kimi27sglang-c-cpfsrc-v2-clean,125.04354219316858,graded,,78.18894755719771,4.0,4.0,1790317854065.0,c,,,79.259943965356,graded,,kimi27sglang
hpcagent-bench-runs/cpf-llr-focus40-20260915/639211/judge/rank-1/hpcagent_bench1.db,cpf-llr-focus40-oss120b-c-clean.n0.p21.w21,tsvc_2_s252,cpf-llr-focus40-oss120b-c-clean,8.339647843917644,graded,,2.743136331813128,4.0,4.0,1790317859153.0,c,,,2.743136331813128,graded,,oss120b
hpcagent-bench-runs/cpf-llr-focus40-20260914/636537/judge/rank-0/hpcagent_bench0.db,cpf-llr-focus40-oss120b-c-cpf.n0.p4.w4,fuse_diamond,cpf-llr-focus40-oss120b-c-cpf,68.35809864905995,graded,,40.5034290130191,4.0,4.0,1790317868513.0,c,,,40.5034290130191,graded,,oss120b
hpcagent-bench-runs/cpf-llr-focus40-20260914/636535/judge/rank-0/hpcagent_bench0.db,cpf-llr-focus40-oss120b-c.n0.p12.w12,tsvc_2_s119,cpf-llr-focus40-oss120b-c,0.9553374337499344,graded,,1.399997743161255,4.0,4.0,1790317883231.0,c,,,1.399997743161255,graded,,oss120b
hpcagent-bench-runs/cpf-llr-focus40-20260917/640097/judge/rank-0/hpcagent_bench0.db,cpf-llr-focus40-oss120b-c.n0.p32.w32,tsvc_2_s323,cpf-llr-focus40-oss120b-c,7.11811359678729,graded,,3.4931475720881706,4.0,4.0,1790317886000.0,c,,,4.294951357830276,graded,,oss120b
hpcagent-bench-runs/cpf-llr-focus40-20260917/640097/judge/rank-3/hpcagent_bench3.db,cpf-llr-focus40-oss120b-c.n0.p31.w31,tsvc_2_s319,cpf-llr-focus40-oss120b-c,13.98608961070763,graded,,8.135101492036362,4.0,4.0,1790317887164.0,c,,,8.135101492036362,graded,,oss120b
hpcagent-bench-runs/cpf-llr-focus40-20260919/643317/judge/rank-3/hpcagent_bench3.db,cpf-llr-focus40-kimi27sglang-c-cpfsrc-v2-clean.n0.p11.w11,tsvc_2_s115,cpf-llr-focus40-kimi27sglang-c-cpfsrc-v2-clean,17.40845785374918,graded,,7.783649255091521,4.0,4.0,1790317888952.0,c,,,7.783649255091521,graded,,kimi27sglang
hpcagent-bench-runs/cpf-llr-focus40-20260914/636535/judge/rank-1/hpcagent_bench1.db,cpf-llr-focus40-oss120b-c.n0.p13.w13,tsvc_2_s1232,cpf-llr-focus40-oss120b-c,21.642700499908816,graded,,19.429814668298242,4.0,4.0,1790317900209.0,c,,,19.429814668298242,graded,,oss120b
hpcagent-bench-runs/cpf-llr-focus40-20260915/639211/judge/rank-2/hpcagent_bench2.db,cpf-llr-focus40-oss120b-c-clean.n0.p2.w2,ext_break_capture,cpf-llr-focus40-oss120b-c-clean,,graded,,4.917815382389048,4.0,0.0,1790317902507.0,c,,,4.917815382389048,graded,,oss120b
hpcagent-bench-runs/cpf-llr-focus40-20260914/636535/judge/rank-2/hpcagent_bench2.db,cpf-llr-focus40-oss120b-c.n0.p14.w14,tsvc_2_s1244,cpf-llr-focus40-oss120b-c,11.75863276523439,graded,,4.934589884503451,4.0,4.0,1790317912008.0,c,,,,,,oss120b
hpcagent-bench-runs/cpf-llr-focus40-20260919/643317/judge/rank-3/hpcagent_bench3.db,cpf-llr-focus40-kimi27sglang-c-cpfsrc-v2-clean.n0.p3.w3,ext_war_unit,cpf-llr-focus40-kimi27sglang-c-cpfsrc-v2-clean,11.024200784771722,graded,,5.171960375353356,4.0,4.0,1790317920692.0,c,,,4.6555090737976546,graded,,kimi27sglang
hpcagent-bench-runs/cpf-llr-focus40-20260919/643317/judge/rank-1/hpcagent_bench1.db,cpf-llr-focus40-kimi27sglang-c-cpfsrc-v2-clean.n0.p9.w9,scatter_accum_dup,cpf-llr-focus40-kimi27sglang-c-cpfsrc-v2-clean,23.601840901885396,graded,,24.08662167155015,4.0,4.0,1790317920964.0,c,,,24.08662167155015,graded,,kimi27sglang
hpcagent-bench-runs/cpf-llr-focus40-20260914/636535/judge/rank-1/hpcagent_bench1.db,cpf-llr-focus40-oss120b-c.n0.p25.w25,tsvc_2_s311,cpf-llr-focus40-oss120b-c,25.645669214420955,graded,,20.53561404035791,4.0,4.0,1790317921208.0,c,,,20.53561404035791,graded,,oss120b
hpcagent-bench-runs/cpf-llr-focus40-20260917/640097/judge/rank-2/hpcagent_bench2.db,cpf-llr-focus40-oss120b-c.n0.p22.w22,tsvc_2_s255,cpf-llr-focus40-oss120b-c,16.855329546265835,graded,,6.287256510287259,4.0,4.0,1790317924718.0,c,,,6.152088459330413,graded,,oss120b
hpcagent-bench-runs/cpf-llr-focus40-20260915/639211/judge/rank-2/hpcagent_bench2.db,cpf-llr-focus40-oss120b-c-clean.n0.p26.w26,tsvc_2_s3110,cpf-llr-focus40-oss120b-c-clean,53.60453350756846,graded,,20.09747667152898,4.0,4.0,1790317925708.0,c,,,20.09747667152898,graded,,oss120b
hpcagent-bench-runs/cpf-llr-focus40-20260914/636538/judge/rank-0/hpcagent_bench0.db,cpf-llr-focus40-oss120b-c-perf-playbook-cpu.n0.p28.w28,tsvc_2_s3112,cpf-llr-focus40-oss120b-c-perf-playbook-cpu,,graded,,4.187588575518739,4.0,0.0,1790317930619.0,c,,,,graded,,oss120b
hpcagent-bench-runs/cpf-llr-focus40-20260917/640097/judge/rank-1/hpcagent_bench1.db,cpf-llr-focus40-oss120b-c.n0.p5.w5,fuse_move_ifs,cpf-llr-focus40-oss120b-c,3.4905817215325134,graded,,2.1688421009795533,4.0,4.0,1790317931749.0,c,,,2.1104935058864602,graded,,oss120b
hpcagent-bench-runs/cpf-llr-focus40-20260914/636535/judge/rank-2/hpcagent_bench2.db,cpf-llr-focus40-oss120b-c.n0.p18.w18,tsvc_2_s231,cpf-llr-focus40-oss120b-c,3.2066668494955666,graded,,1.5537966629466808,4.0,4.0,1790317935634.0,c,,,1.5537966629466808,graded,,oss120b
hpcagent-bench-runs/cpf-llr-focus40-20260919/643317/judge/rank-0/hpcagent_bench0.db,cpf-llr-focus40-kimi27sglang-c-cpfsrc-v2-clean.n0.p24.w24,tsvc_2_s275,cpf-llr-focus40-kimi27sglang-c-cpfsrc-v2-clean,2.8707348863676354,graded,,2.071679564450658,4.0,4.0,1790317936282.0,c,,,2.071679564450658,graded,,kimi27sglang
hpcagent-bench-runs/cpf-llr-focus40-20260917/640097/judge/rank-0/hpcagent_bench0.db,cpf-llr-focus40-oss120b-c.n0.p36.w36,tsvc_2_vtvtv,cpf-llr-focus40-oss120b-c,1.0,graded,,1.0069103765818233,4.0,4.0,1790317939399.0,c,,,1.008005784216549,graded,,oss120b
hpcagent-bench-runs/cpf-llr-focus40-20260915/639211/judge/rank-3/hpcagent_bench3.db,cpf-llr-focus40-oss120b-c-clean.n0.p7.w7,quasi_affine_reduce_odd,cpf-llr-focus40-oss120b-c-clean,18.97081130009364,graded,,10.27176650964604,4.0,4.0,1790317945844.0,c,,,10.27176650964604,graded,,oss120b
hpcagent-bench-runs/cpf-llr-focus40-20260917/640097/judge/rank-0/hpcagent_bench0.db,cpf-llr-focus40-oss120b-c.n0.p0.w0,argmax_with_index,cpf-llr-focus40-oss120b-c,50.416099887069656,graded,,15.948658188941847,4.0,4.0,1790317954339.0,c,,,15.737631334018529,graded,,oss120b
hpcagent-bench-runs/cpf-llr-focus40-20260914/636535/judge/rank-2/hpcagent_bench2.db,cpf-llr-focus40-oss120b-c.n0.p10.w10,segment_reduce_ragged,cpf-llr-focus40-oss120b-c,22.89918868935878,graded,,13.292262453640117,4.0,4.0,1790317956509.0,c,,,13.53953227687235,graded,,oss120b
hpcagent-bench-runs/cpf-llr-focus40-20260915/639211/judge/rank-2/hpcagent_bench2.db,cpf-llr-focus40-oss120b-c-clean.n0.p30.w30,tsvc_2_s318,cpf-llr-focus40-oss120b-c-clean,73.13322573278917,graded,,15.433084115924455,4.0,4.0,1790317970031.0,c,,,15.433084115924455,graded,,oss120b
hpcagent-bench-runs/cpf-llr-focus40-20260917/640097/judge/rank-1/hpcagent_bench1.db,cpf-llr-focus40-oss120b-c.n0.p37.w37,versioned_distance_update,cpf-llr-focus40-oss120b-c,1.8156780471378116,graded,,0.974165386845984,4.0,4.0,1790317970493.0,c,,,0.9079015769665034,graded,,oss120b
hpcagent-bench-runs/cpf-llr-focus40-20260914/636535/judge/rank-1/hpcagent_bench1.db,cpf-llr-focus40-oss120b-c.n0.p29.w29,tsvc_2_s316,cpf-llr-focus40-oss120b-c,24.48453981925636,graded,,12.233944298198166,4.0,4.0,1790317975664.0,c,,,12.233944298198166,graded,,oss120b
hpcagent-bench-runs/cpf-llr-focus40-20260917/640097/judge/rank-3/hpcagent_bench3.db,cpf-llr-focus40-oss120b-c.n0.p35.w35,tsvc_2_vpvts,cpf-llr-focus40-oss120b-c,1.0020739177761366,graded,,1.0,4.0,4.0,1790317976422.0,c,,,1.0154918542079938,graded,,oss120b
hpcagent-bench-runs/cpf-llr-focus40-20260920/643373/judge/rank-2/hpcagent_bench2.db,cpf-llr-focus40-oss120b-c-cpfsrc-v2-clean.n0.p38.w38,wf_diff_skew,cpf-llr-focus40-oss120b-c-cpfsrc-v2-clean,1.570639340031659,graded,,3.5855172743992068,4.0,4.0,1790317984201.0,c,,,3.580782116615865,graded,,oss120b
hpcagent-bench-runs/cpf-llr-focus40-20260919/643317/judge/rank-3/hpcagent_bench3.db,cpf-llr-focus40-kimi27sglang-c-cpfsrc-v2-clean.n0.p27.w27,tsvc_2_s3111,cpf-llr-focus40-kimi27sglang-c-cpfsrc-v2-clean,80.82964455595366,graded,,29.33695022607869,4.0,4.0,1790317987105.0,c,,,29.33695022607869,graded,,kimi27sglang
hpcagent-bench-runs/cpf-llr-focus40-20260917/640097/judge/rank-0/hpcagent_bench0.db,cpf-llr-focus40-oss120b-c.n0.p20.w20,tsvc_2_s235,cpf-llr-focus40-oss120b-c,2.9599589703457814,graded,,2.1938599270823254,4.0,4.0,1790317989719.0,c,,,2.1938599270823254,graded,,oss120b
hpcagent-bench-runs/cpf-llr-focus40-20260914/636535/judge/rank-0/hpcagent_bench0.db,cpf-llr-focus40-oss120b-c.n0.p16.w16,tsvc_2_s2233,cpf-llr-focus40-oss120b-c,23.345770753083094,graded,,23.064489567518944,4.0,4.0,1790317991387.0,c,,,23.064489567518944,graded,,oss120b
hpcagent-bench-runs/cpf-llr-focus40-20260915/639211/judge/rank-3/hpcagent_bench3.db,cpf-llr-focus40-oss120b-c-clean.n0.p15.w15,tsvc_2_s152,cpf-llr-focus40-oss120b-c-clean,8.79181398567555,graded,,3.1394468314878723,4.0,4.0,1790317994580.0,c,,,3.1394468314878723,graded,,oss120b
hpcagent-bench-runs/cpf-llr-focus40-20260919/643317/judge/rank-2/hpcagent_bench2.db,cpf-llr-focus40-kimi27sglang-c-cpfsrc-v2-clean.n0.p6.w6,fuse_stencil_through_transient,cpf-llr-focus40-kimi27sglang-c-cpfsrc-v2-clean,14.91543014931984,graded,,6.699080518920955,4.0,4.0,1790318000768.0,c,,,6.966968718373995,graded,,kimi27sglang
hpcagent-bench-runs/cpf-llr-focus40-20260919/643317/judge/rank-3/hpcagent_bench3.db,cpf-llr-focus40-kimi27sglang-c-cpfsrc-v2-clean.n0.p23.w23,tsvc_2_s2710,cpf-llr-focus40-kimi27sglang-c-cpfsrc-v2-clean,1.0051257098550024,graded,,1.0268252841072412,4.0,4.0,1790318000983.0,c,,,1.0112236052997567,graded,,kimi27sglang
hpcagent-bench-runs/cpf-llr-focus40-20260915/639211/judge/rank-1/hpcagent_bench1.db,cpf-llr-focus40-oss120b-c-clean.n0.p17.w17,tsvc_2_s2275,cpf-llr-focus40-oss120b-c-clean,5.289326604575844,graded,,3.387377581222643,4.0,4.0,1790318009953.0,c,,,3.387377581222643,graded,,oss120b
hpcagent-bench-runs/cpf-llr-focus40-20260918/641067/judge/rank-1/hpcagent_bench1.db,cpf-llr-focus40-oss120b-c.n0.p1.w1,wf_triangular,cpf-llr-focus40-oss120b-c,2.274834467265733,graded,,7.695832538530109,4.0,4.0,1790318014144.0,c,,,7.695832538530109,graded,,oss120b
hpcagent-bench-runs/cpf-llr-focus40-20260917/640097/judge/rank-0/hpcagent_bench0.db,cpf-llr-focus40-oss120b-c.n0.p8.w8,scan_affine_decay,cpf-llr-focus40-oss120b-c,15.016642498945195,graded,,7.676849736525988,4.0,4.0,1790318018273.0,c,,,7.450897743574354,graded,,oss120b
hpcagent-bench-runs/cpf-llr-focus40-20260919/643317/judge/rank-1/hpcagent_bench1.db,cpf-llr-focus40-kimi27sglang-c-cpfsrc-v2-clean.n0.p1.w1,compact_threshold_pack,cpf-llr-focus40-kimi27sglang-c-cpfsrc-v2-clean,16.906770373520764,graded,,10.568109163637923,4.0,4.0,1790318025568.0,c,,,11.073524546326611,graded,,kimi27sglang
hpcagent-bench-runs/cpf-llr-focus40-20260914/636535/judge/rank-3/hpcagent_bench3.db,cpf-llr-focus40-oss120b-c.n0.p19.w19,tsvc_2_s233,cpf-llr-focus40-oss120b-c,54.08737484859867,graded,,49.510100634409575,4.0,4.0,1790318035185.0,c,,,49.510100634409575,graded,,oss120b
hpcagent-bench-runs/cpf-llr-focus40-20260914/636537/judge/rank-1/hpcagent_bench1.db,cpf-llr-focus40-oss120b-c-cpf.n0.p21.w21,tsvc_2_s252,cpf-llr-focus40-oss120b-c-cpf,13.958896731785636,graded,,4.584895457756035,4.0,4.0,1790318044475.0,c,,,4.584895457756035,graded,,oss120b
hpcagent-bench-runs/cpf-llr-focus40-20260915/639060/judge/rank-0/hpcagent_bench0.db,cpf-llr-focus40-oss120b-c-cpf.n0.p4.w4,fuse_diamond,cpf-llr-focus40-oss120b-c-cpf,66.55983516019342,graded,,39.933628563699074,4.0,4.0,1790318059254.0,c,,,39.933628563699074,graded,,oss120b
hpcagent-bench-runs/cpf-llr-focus40-20260917/640097/judge/rank-2/hpcagent_bench2.db,cpf-llr-focus40-oss120b-c.n0.p18.w18,tsvc_2_s231,cpf-llr-focus40-oss120b-c,1.275950981974852,graded,,1.1270209800960131,4.0,4.0,1790318082856.0,c,,,1.0015507226801899,graded,,oss120b
hpcagent-bench-runs/cpf-llr-focus40-20260917/640097/judge/rank-0/hpcagent_bench0.db,cpf-llr-focus40-oss120b-c.n0.p12.w12,tsvc_2_s119,cpf-llr-focus40-oss120b-c,0.8924696797456972,graded,,1.5826801328203535,4.0,4.0,1790318083155.0,c,,,1.5826801328203535,graded,,oss120b
hpcagent-bench-runs/cpf-llr-focus40-20260915/639211/judge/rank-0/hpcagent_bench0.db,cpf-llr-focus40-oss120b-c-clean.n0.p32.w32,tsvc_2_s323,cpf-llr-focus40-oss120b-c-clean,1.025141310563371,graded,,0.9645765596054028,4.0,4.0,1790318084386.0,c,,,0.9645765596054028,graded,,oss120b
hpcagent-bench-runs/cpf-llr-focus40-20260915/639211/judge/rank-3/hpcagent_bench3.db,cpf-llr-focus40-oss120b-c-clean.n0.p31.w31,tsvc_2_s319,cpf-llr-focus40-oss120b-c-clean,15.026721520183887,graded,,8.218536991073009,4.0,4.0,1790318086036.0,c,,,8.218536991073009,graded,,oss120b
hpcagent-bench-runs/cpf-llr-focus40-20260914/636535/judge/rank-3/hpcagent_bench3.db,cpf-llr-focus40-oss120b-c.n0.p11.w11,tsvc_2_s115,cpf-llr-focus40-oss120b-c,2.0353752078412533,graded,,2.575603605037941,4.0,4.0,1790318088528.0,c,,,2.575603605037941,graded,,oss120b
hpcagent-bench-runs/cpf-llr-focus40-20260915/639211/judge/rank-1/hpcagent_bench1.db,cpf-llr-focus40-oss120b-c-clean.n0.p13.w13,tsvc_2_s1232,cpf-llr-focus40-oss120b-c-clean,22.062497103067102,graded,,19.0563017177822,4.0,4.0,1790318107175.0,c,,,18.01229812958426,graded,,oss120b
hpcagent-bench-runs/cpf-llr-focus40-20260915/639060/judge/rank-2/hpcagent_bench2.db,cpf-llr-focus40-oss120b-c-cpf.n0.p2.w2,ext_break_capture,cpf-llr-focus40-oss120b-c-cpf,11.543551333408875,graded,,4.603765607269346,4.0,4.0,1790318107741.0,c,,,4.603765607269346,graded,,oss120b
hpcagent-bench-runs/cpf-llr-focus40-20260917/640097/judge/rank-2/hpcagent_bench2.db,cpf-llr-focus40-oss120b-c.n0.p10.w10,segment_reduce_ragged,cpf-llr-focus40-oss120b-c,22.987175300052847,graded,,13.534770865239802,4.0,4.0,1790318111750.0,c,,,13.534770865239802,graded,,oss120b
hpcagent-bench-runs/cpf-llr-focus40-20260915/639211/judge/rank-2/hpcagent_bench2.db,cpf-llr-focus40-oss120b-c-clean.n0.p14.w14,tsvc_2_s1244,cpf-llr-focus40-oss120b-c-clean,8.442588783037708,graded,,2.9943688220288425,4.0,4.0,1790318121845.0,c,,,2.9943688220288425,graded,,oss120b
hpcagent-bench-runs/cpf-llr-focus40-20260914/636535/judge/rank-1/hpcagent_bench1.db,cpf-llr-focus40-oss120b-c.n0.p9.w9,scatter_accum_dup,cpf-llr-focus40-oss120b-c,19.527755859195157,graded,,9.7395697107339,4.0,4.0,1790318124680.0,c,,,9.7395697107339,graded,,oss120b
hpcagent-bench-runs/cpf-llr-focus40-20260914/636535/judge/rank-3/hpcagent_bench3.db,cpf-llr-focus40-oss120b-c.n0.p3.w3,ext_war_unit,cpf-llr-focus40-oss120b-c,1.0068306518379584,graded,,0.9409863669724686,4.0,4.0,1790318136691.0,c,,,0.9409863669724686,graded,,oss120b
hpcagent-bench-runs/cpf-llr-focus40-20260917/640097/judge/rank-1/hpcagent_bench1.db,cpf-llr-focus40-oss120b-c.n0.p25.w25,tsvc_2_s311,cpf-llr-focus40-oss120b-c,26.43429705884039,graded,,12.952702965012582,4.0,4.0,1790318137355.0,c,,,19.77143649322121,graded,,oss120b
hpcagent-bench-runs/cpf-llr-focus40-20260915/639211/judge/rank-2/hpcagent_bench2.db,cpf-llr-focus40-oss120b-c-clean.n0.p22.w22,tsvc_2_s255,cpf-llr-focus40-oss120b-c-clean,16.892603350927203,graded,,6.205848153748976,4.0,4.0,1790318142335.0,c,,,6.205848153748976,graded,,oss120b
hpcagent-bench-runs/cpf-llr-focus40-20260914/636537/judge/rank-2/hpcagent_bench2.db,cpf-llr-focus40-oss120b-c-cpf.n0.p26.w26,tsvc_2_s3110,cpf-llr-focus40-oss120b-c-cpf,43.73398658284666,graded,,11.539220484761051,4.0,4.0,1790318143667.0,c,,,11.539220484761051,graded,,oss120b
hpcagent-bench-runs/cpf-llr-focus40-20260915/639211/judge/rank-1/hpcagent_bench1.db,cpf-llr-focus40-oss120b-c-clean.n0.p5.w5,fuse_move_ifs,cpf-llr-focus40-oss120b-c-clean,3.4806923902607534,graded,,2.0406125247294926,4.0,4.0,1790318154135.0,c,,,2.0406125247294926,graded,,oss120b
hpcagent-bench-runs/cpf-llr-focus40-20260915/639211/judge/rank-0/hpcagent_bench0.db,cpf-llr-focus40-oss120b-c-clean.n0.p20.w20,tsvc_2_s235,cpf-llr-focus40-oss120b-c-clean,0.38143019839519954,graded,,0.7128440866531184,4.0,4.0,1790318156275.0,c,,,0.7128440866531184,graded,,oss120b
hpcagent-bench-runs/cpf-llr-focus40-20260914/636535/judge/rank-0/hpcagent_bench0.db,cpf-llr-focus40-oss120b-c.n0.p24.w24,tsvc_2_s275,cpf-llr-focus40-oss120b-c,1.0046529712132404,graded,,1.0398340948254887,4.0,4.0,1790318162343.0,c,,,1.0398340948254887,graded,,oss120b
hpcagent-bench-runs/cpf-llr-focus40-20260914/636543/judge/rank-0/hpcagent_bench0.db,cpf-llr-focus40-qwen38-c-perf-playbook-cpu.n0.p28.w28,tsvc_2_s3112,cpf-llr-focus40-qwen38-c-perf-playbook-cpu,,graded,,5.613904244508503,4.0,0.0,1790318164475.0,c,,,,graded,,qwen38
hpcagent-bench-runs/cpf-llr-focus40-20260915/639211/judge/rank-0/hpcagent_bench0.db,cpf-llr-focus40-oss120b-c-clean.n0.p36.w36,tsvc_2_vtvtv,cpf-llr-focus40-oss120b-c-clean,1.0,graded,,1.008217796603002,4.0,4.0,1790318165343.0,c,,,1.008217796603002,graded,,oss120b
hpcagent-bench-runs/cpf-llr-focus40-20260914/636537/judge/rank-1/hpcagent_bench1.db,cpf-llr-focus40-oss120b-c-cpf.n0.p33.w33,tsvc_2_s4112,cpf-llr-focus40-oss120b-c-cpf,1.0856102246672845,graded,,0.9963048104545377,4.0,4.0,1790318172230.0,c,,,1.0021223500363619,graded,,oss120b
hpcagent-bench-runs/cpf-llr-focus40-20260914/636537/judge/rank-3/hpcagent_bench3.db,cpf-llr-focus40-oss120b-c-cpf.n0.p7.w7,quasi_affine_reduce_odd,cpf-llr-focus40-oss120b-c-cpf,18.865023331452715,graded,,10.223811676564095,4.0,4.0,1790318177017.0,c,,,10.223811676564095,graded,,oss120b
hpcagent-bench-runs/cpf-llr-focus40-20260914/636537/judge/rank-1/hpcagent_bench1.db,cpf-llr-focus40-oss120b-c-cpf.n0.p17.w17,tsvc_2_s2275,cpf-llr-focus40-oss120b-c-cpf,5.4094505025084105,graded,,3.5751725956879143,4.0,4.0,1790318182039.0,c,,,3.5751725956879143,graded,,oss120b
hpcagent-bench-runs/cpf-llr-focus40-20260915/639211/judge/rank-0/hpcagent_bench0.db,cpf-llr-focus40-oss120b-c-clean.n0.p0.w0,argmax_with_index,cpf-llr-focus40-oss120b-c-clean,24.61268744741834,graded,,9.740908650543041,4.0,4.0,1790318186735.0,c,,,9.740908650543041,graded,,oss120b
hpcagent-bench-runs/cpf-llr-focus40-20260915/639211/judge/rank-0/hpcagent_bench0.db,cpf-llr-focus40-oss120b-c-clean.n0.p8.w8,scan_affine_decay,cpf-llr-focus40-oss120b-c-clean,15.116269135190235,graded,,8.289878196243052,4.0,4.0,1790318193990.0,c,,,8.289878196243052,graded,,oss120b
hpcagent-bench-runs/cpf-llr-focus40-20260915/639060/judge/rank-2/hpcagent_bench2.db,cpf-llr-focus40-oss120b-c-cpf.n0.p34.w34,tsvc_2_vag,cpf-llr-focus40-oss120b-c-cpf,1.1337317180835766,graded,,1.1788021532519526,4.0,4.0,1790318194994.0,c,,,,error,no cell produced a measurement,oss120b
hpcagent-bench-runs/cpf-llr-focus40-20260914/636537/judge/rank-2/hpcagent_bench2.db,cpf-llr-focus40-oss120b-c-cpf.n0.p30.w30,tsvc_2_s318,cpf-llr-focus40-oss120b-c-cpf,73.3605124421271,graded,,14.523329745054516,4.0,4.0,1790318210573.0,c,,,14.523329745054516,graded,,oss120b
hpcagent-bench-runs/cpf-llr-focus40-20260915/639211/judge/rank-1/hpcagent_bench1.db,cpf-llr-focus40-oss120b-c-clean.n0.p37.w37,versioned_distance_update,cpf-llr-focus40-oss120b-c-clean,3.3072201798623517,graded,,1.3646486830677633,4.0,4.0,1790318211319.0,c,,,1.3646486830677633,graded,,oss120b
hpcagent-bench-runs/cpf-llr-focus40-20260917/640097/judge/rank-3/hpcagent_bench3.db,cpf-llr-focus40-oss120b-c.n0.p19.w19,tsvc_2_s233,cpf-llr-focus40-oss120b-c,51.14376075651996,graded,,41.37314289080874,4.0,4.0,1790318218076.0,c,,,50.12872692960697,graded,,oss120b
hpcagent-bench-runs/cpf-llr-focus40-20260917/640097/judge/rank-1/hpcagent_bench1.db,cpf-llr-focus40-oss120b-c.n0.p29.w29,tsvc_2_s316,cpf-llr-focus40-oss120b-c,21.30058200999496,graded,,12.139614091608658,4.0,4.0,1790318218715.0,c,,,12.139614091608658,graded,,oss120b
hpcagent-bench-runs/cpf-llr-focus40-20260914/636537/judge/rank-3/hpcagent_bench3.db,cpf-llr-focus40-oss120b-c-cpf.n0.p35.w35,tsvc_2_vpvts,cpf-llr-focus40-oss120b-c-cpf,1.0,graded,,1.0013862241139726,4.0,4.0,1790318220929.0,c,,,1.0013862241139726,graded,,oss120b
hpcagent-bench-runs/cpf-llr-focus40-20260915/639060/judge/rank-1/hpcagent_bench1.db,cpf-llr-focus40-oss120b-c-cpf.n0.p21.w21,tsvc_2_s252,cpf-llr-focus40-oss120b-c-cpf,13.88349415184855,graded,,4.764513332012676,4.0,4.0,1790318229199.0,c,,,4.764513332012676,graded,,oss120b
hpcagent-bench-runs/cpf-llr-focus40-20260915/639211/judge/rank-2/hpcagent_bench2.db,cpf-llr-focus40-oss120b-c-clean.n0.p18.w18,tsvc_2_s231,cpf-llr-focus40-oss120b-c-clean,3.075764534155,graded,,1.6056050050602708,4.0,4.0,1790318230911.0,c,,,1.6056050050602708,graded,,oss120b
hpcagent-bench-runs/cpf-llr-focus40-20260918/641681/judge/rank-1/hpcagent_bench1.db,cpf-llr-focus40-oss120b-c-skills-clean.n0.p1.w1,wf_diff_skew,cpf-llr-focus40-oss120b-c-skills-clean,1.5363386849856662,graded,,3.595170145358522,4.0,4.0,1790318232372.0,c,,,3.877147131404856,graded,,oss120b
hpcagent-bench-runs/cpf-llr-focus40-20260914/636535/judge/rank-3/hpcagent_bench3.db,cpf-llr-focus40-oss120b-c.n0.p27.w27,tsvc_2_s3111,cpf-llr-focus40-oss120b-c,75.55069102080843,graded,,22.027103986930427,4.0,4.0,1790318236118.0,c,,,22.027103986930427,graded,,oss120b
hpcagent-bench-runs/cpf-llr-focus40-20260917/640097/judge/rank-0/hpcagent_bench0.db,cpf-llr-focus40-oss120b-c.n0.p16.w16,tsvc_2_s2233,cpf-llr-focus40-oss120b-c,29.337253207002334,graded,,28.558390446282345,4.0,4.0,1790318242686.0,c,,,29.01546680843695,graded,,oss120b
hpcagent-bench-runs/cpf-llr-focus40-20260914/636537/judge/rank-3/hpcagent_bench3.db,cpf-llr-focus40-oss120b-c-cpf.n0.p15.w15,tsvc_2_s152,cpf-llr-focus40-oss120b-c-cpf,8.836141120844077,graded,,3.294312623198849,4.0,4.0,1790318249080.0,c,,,3.294312623198849,graded,,oss120b
hpcagent-bench-runs/cpf-llr-focus40-20260915/639213/judge/rank-0/hpcagent_bench0.db,cpf-llr-focus40-oss120b-c-cpf-clean.n0.p4.w4,fuse_diamond,cpf-llr-focus40-oss120b-c-cpf-clean,66.52673253106511,graded,,32.66162571470608,4.0,4.0,1790318249789.0,c,,,32.66162571470608,graded,,oss120b
hpcagent-bench-runs/cpf-llr-focus40-20260914/636535/judge/rank-2/hpcagent_bench2.db,cpf-llr-focus40-oss120b-c.n0.p6.w6,fuse_stencil_through_transient,cpf-llr-focus40-oss120b-c,14.87986449950038,graded,,7.073085341346177,4.0,4.0,1790318257239.0,c,,,7.073085341346177,graded,,oss120b
hpcagent-bench-runs/cpf-llr-focus40-20260914/636535/judge/rank-3/hpcagent_bench3.db,cpf-llr-focus40-oss120b-c.n0.p23.w23,tsvc_2_s2710,cpf-llr-focus40-oss120b-c,0.11419071161544256,graded,,0.16178412011007376,4.0,4.0,1790318257321.0,c,,,0.16178412011007376,graded,,oss120b
hpcagent-bench-runs/cpf-llr-focus40-20260915/639211/judge/rank-2/hpcagent_bench2.db,cpf-llr-focus40-oss120b-c-clean.n0.p10.w10,segment_reduce_ragged,cpf-llr-focus40-oss120b-c-clean,22.866924983700347,graded,,13.602602901410382,4.0,4.0,1790318267068.0,c,,,13.602602901410382,graded,,oss120b
hpcagent-bench-runs/cpf-llr-focus40-20260917/640097/judge/rank-1/hpcagent_bench1.db,cpf-llr-focus40-oss120b-c.n0.p9.w9,scatter_accum_dup,cpf-llr-focus40-oss120b-c,18.496994213273197,graded,,10.422084188342582,4.0,4.0,1790318270504.0,c,,,,graded,,oss120b
hpcagent-bench-runs/cpf-llr-focus40-20260920/643373/judge/rank-3/hpcagent_bench3.db,cpf-llr-focus40-oss120b-c-cpfsrc-v2-clean.n0.p39.w39,wf_triangular,cpf-llr-focus40-oss120b-c-cpfsrc-v2-clean,36.11735425218698,graded,,17.323982983242168,4.0,4.0,1790318281720.0,c,,,16.8275609773952,graded,,oss120b
hpcagent-bench-runs/cpf-llr-focus40-20260915/639211/judge/rank-0/hpcagent_bench0.db,cpf-llr-focus40-oss120b-c-clean.n0.p12.w12,tsvc_2_s119,cpf-llr-focus40-oss120b-c-clean,0.9533542637900305,graded,,1.3076657253003465,4.0,4.0,1790318283937.0,c,,,1.3076657253003465,graded,,oss120b
hpcagent-bench-runs/cpf-llr-focus40-20260914/636537/judge/rank-3/hpcagent_bench3.db,cpf-llr-focus40-oss120b-c-cpf.n0.p31.w31,tsvc_2_s319,cpf-llr-focus40-oss120b-c-cpf,15.14859164074359,graded,,24.0802957243207,4.0,4.0,1790318284383.0,c,,,24.0802957243207,graded,,oss120b
hpcagent-bench-runs/cpf-llr-focus40-20260914/636537/judge/rank-0/hpcagent_bench0.db,cpf-llr-focus40-oss120b-c-cpf.n0.p32.w32,tsvc_2_s323,cpf-llr-focus40-oss120b-c-cpf,5.6465245984438415,graded,,3.55968885115947,4.0,4.0,1790318286426.0,c,,,3.55968885115947,graded,,oss120b
hpcagent-bench-runs/cpf-llr-focus40-20260915/639211/judge/rank-3/hpcagent_bench3.db,cpf-llr-focus40-oss120b-c-clean.n0.p11.w11,tsvc_2_s115,cpf-llr-focus40-oss120b-c-clean,2.033421819972526,graded,,2.547743992420391,4.0,4.0,1790318289771.0,c,,,2.5641462074557317,graded,,oss120b
hpcagent-bench-runs/cpf-llr-focus40-20260914/636535/judge/rank-1/hpcagent_bench1.db,cpf-llr-focus40-oss120b-c.n0.p1.w1,compact_threshold_pack,cpf-llr-focus40-oss120b-c,6.598375991370657,graded,,5.7284321743351425,4.0,4.0,1790318291816.0,c,,,5.7284321743351425,graded,,oss120b
hpcagent-bench-runs/cpf-llr-focus40-20260915/639213/judge/rank-2/hpcagent_bench2.db,cpf-llr-focus40-oss120b-c-cpf-clean.n0.p2.w2,ext_break_capture,cpf-llr-focus40-oss120b-c-cpf-clean,11.563331536079547,graded,,3.6279881452299563,4.0,4.0,1790318313775.0,c,,,3.6279881452299563,graded,,oss120b
hpcagent-bench-runs/cpf-llr-focus40-20260914/636537/judge/rank-1/hpcagent_bench1.db,cpf-llr-focus40-oss120b-c-cpf.n0.p13.w13,tsvc_2_s1232,cpf-llr-focus40-oss120b-c-cpf,25.049366841801536,graded,,26.816686987283447,4.0,4.0,1790318314126.0,c,,,26.816686987283447,graded,,oss120b
hpcagent-bench-runs/cpf-llr-focus40-20260914/636537/judge/rank-0/hpcagent_bench0.db,cpf-llr-focus40-oss120b-c-cpf.n0.p20.w20,tsvc_2_s235,cpf-llr-focus40-oss120b-c-cpf,1.1394803714638206,graded,,1.1467524672581546,4.0,4.0,1790318323168.0,c,,,1.1467524672581546,graded,,oss120b
hpcagent-bench-runs/cpf-llr-focus40-20260914/636537/judge/rank-2/hpcagent_bench2.db,cpf-llr-focus40-oss120b-c-cpf.n0.p14.w14,tsvc_2_s1244,cpf-llr-focus40-oss120b-c-cpf,8.489605925546984,graded,,2.966510868629015,4.0,4.0,1790318331327.0,c,,,2.9464777671688447,graded,,oss120b
hpcagent-bench-runs/cpf-llr-focus40-20260915/639211/judge/rank-1/hpcagent_bench1.db,cpf-llr-focus40-oss120b-c-clean.n0.p25.w25,tsvc_2_s311,cpf-llr-focus40-oss120b-c-clean,23.773771206777493,graded,,20.08652764188301,4.0,4.0,1790318353649.0,c,,,20.08652764188301,graded,,oss120b
hpcagent-bench-runs/cpf-llr-focus40-20260915/639211/judge/rank-3/hpcagent_bench3.db,cpf-llr-focus40-oss120b-c-clean.n0.p3.w3,ext_war_unit,cpf-llr-focus40-oss120b-c-clean,0.9915624894590483,graded,,0.9647145143246789,4.0,4.0,1790318356748.0,c,,,0.9647145143246789,graded,,oss120b
hpcagent-bench-runs/cpf-llr-focus40-20260915/639060/judge/rank-1/hpcagent_bench1.db,cpf-llr-focus40-oss120b-c-cpf.n0.p17.w17,tsvc_2_s2275,cpf-llr-focus40-oss120b-c-cpf,5.328388357359222,graded,,3.3676529385561484,4.0,4.0,1790318358105.0,c,,,3.3676529385561484,graded,,oss120b
hpcagent-bench-runs/cpf-llr-focus40-20260914/636537/judge/rank-2/hpcagent_bench2.db,cpf-llr-focus40-oss120b-c-cpf.n0.p22.w22,tsvc_2_s255,cpf-llr-focus40-oss120b-c-cpf,16.71897684822572,graded,,6.018468000854452,4.0,4.0,1790318360150.0,c,,,6.018468000854452,graded,,oss120b
hpcagent-bench-runs/cpf-llr-focus40-20260915/639060/judge/rank-2/hpcagent_bench2.db,cpf-llr-focus40-oss120b-c-cpf.n0.p26.w26,tsvc_2_s3110,cpf-llr-focus40-oss120b-c-cpf,53.45393884185289,graded,,19.426070163491413,4.0,4.0,1790318361573.0,c,,,19.426070163491413,graded,,oss120b
hpcagent-bench-runs/cpf-llr-focus40-20260914/636537/judge/rank-0/hpcagent_bench0.db,cpf-llr-focus40-oss120b-c-cpf.n0.p8.w8,scan_affine_decay,cpf-llr-focus40-oss120b-c-cpf,14.861578308891625,graded,,8.252838369638125,4.0,4.0,1790318368644.0,c,,,8.252838369638125,graded,,oss120b
hpcagent-bench-runs/cpf-llr-focus40-20260914/636537/judge/rank-1/hpcagent_bench1.db,cpf-llr-focus40-oss120b-c-cpf.n0.p5.w5,fuse_move_ifs,cpf-llr-focus40-oss120b-c-cpf,3.480781237776114,graded,,2.1242434432132584,4.0,4.0,1790318377285.0,c,,,2.1242434432132584,graded,,oss120b
hpcagent-bench-runs/cpf-llr-focus40-20260914/636537/judge/rank-2/hpcagent_bench2.db,cpf-llr-focus40-oss120b-c-cpf.n0.p18.w18,tsvc_2_s231,cpf-llr-focus40-oss120b-c-cpf,3.0714355105930564,graded,,1.8565244679842927,4.0,4.0,1790318379366.0,c,,,1.8565244679842927,graded,,oss120b
hpcagent-bench-runs/cpf-llr-focus40-20260917/640097/judge/rank-0/hpcagent_bench0.db,cpf-llr-focus40-oss120b-c.n0.p24.w24,tsvc_2_s275,cpf-llr-focus40-oss120b-c,1.0036013806451558,graded,,1.0239947482122866,4.0,4.0,1790318387640.0,c,,,1.0071816940717286,graded,,oss120b
hpcagent-bench-runs/cpf-llr-focus40-20260914/636537/judge/rank-0/hpcagent_bench0.db,cpf-llr-focus40-oss120b-c-cpf.n0.p36.w36,tsvc_2_vtvtv,cpf-llr-focus40-oss120b-c-cpf,0.9915312929001548,graded,,1.0089500148656236,4.0,4.0,1790318391204.0,c,,,1.0089500148656236,graded,,oss120b
hpcagent-bench-runs/cpf-llr-focus40-20260915/639211/judge/rank-3/hpcagent_bench3.db,cpf-llr-focus40-oss120b-c-clean.n0.p19.w19,tsvc_2_s233,cpf-llr-focus40-oss120b-c-clean,61.60330992687817,graded,,50.221764606226344,4.0,4.0,1790318396034.0,c,,,50.221764606226344,graded,,oss120b
hpcagent-bench-runs/cpf-llr-focus40-20260915/639211/judge/rank-0/hpcagent_bench0.db,cpf-llr-focus40-oss120b-c-clean.n0.p28.w28,tsvc_2_s3112,cpf-llr-focus40-oss120b-c,,graded,,6.783154696638343,4.0,1.0,1790318398804.0,c,,,,graded,,oss120b
hpcagent-bench-runs/cpf-llr-focus40-20260915/639060/judge/rank-3/hpcagent_bench3.db,cpf-llr-focus40-oss120b-c-cpf.n0.p7.w7,quasi_affine_reduce_odd,cpf-llr-focus40-oss120b-c-cpf,19.25102996054006,graded,,10.309060318485152,4.0,4.0,1790318405615.0,c,,,10.309060318485152,graded,,oss120b
hpcagent-bench-runs/cpf-llr-focus40-20260915/639213/judge/rank-1/hpcagent_bench1.db,cpf-llr-focus40-oss120b-c-cpf-clean.n0.p21.w21,tsvc_2_s252,cpf-llr-focus40-oss120b-c-cpf-clean,13.870304571602379,graded,,4.58877387169241,4.0,4.0,1790318414634.0,c,,,4.671517062461608,graded,,oss120b
hpcagent-bench-runs/cpf-llr-focus40-20260914/636537/judge/rank-0/hpcagent_bench0.db,cpf-llr-focus40-oss120b-c-cpf.n0.p0.w0,argmax_with_index,cpf-llr-focus40-oss120b-c-cpf,51.23233610835179,graded,,16.074020814834512,4.0,4.0,1790318419464.0,c,,,16.074020814834512,graded,,oss120b
hpcagent-bench-runs/cpf-llr-focus40-20260914/636537/judge/rank-2/hpcagent_bench2.db,cpf-llr-focus40-oss120b-c-cpf.n0.p10.w10,segment_reduce_ragged,cpf-llr-focus40-oss120b-c-cpf,20.170356182704946,graded,,10.500261335447108,4.0,4.0,1790318422436.0,c,,,10.500261335447108,graded,,oss120b
hpcagent-bench-runs/cpf-llr-focus40-20260920/643373/judge/rank-0/hpcagent_bench0.db,cpf-llr-focus40-oss120b-c-cpfsrc-v2-clean.n0.p4.w4,fuse_diamond,cpf-llr-focus40-oss120b-c-cpfsrc-v2-clean,66.85841329340388,graded,,36.895192729696646,4.0,4.0,1790318440214.0,c,,,42.05927204122264,graded,,oss120b
hpcagent-bench-runs/cpf-llr-focus40-20260915/639060/judge/rank-2/hpcagent_bench2.db,cpf-llr-focus40-oss120b-c-cpf.n0.p30.w30,tsvc_2_s318,cpf-llr-focus40-oss120b-c-cpf,55.71847732303281,graded,,17.12708894557773,4.0,4.0,1790318451053.0,c,,,17.12708894557773,graded,,oss120b
hpcagent-bench-runs/cpf-llr-focus40-20260914/636537/judge/rank-1/hpcagent_bench1.db,cpf-llr-focus40-oss120b-c-cpf.n0.p37.w37,versioned_distance_update,cpf-llr-focus40-oss120b-c-cpf,1.8353492252613688,graded,,0.9389593347274255,4.0,4.0,1790318451465.0,c,,,0.9389593347274255,graded,,oss120b
hpcagent-bench-runs/cpf-llr-focus40-20260915/639211/judge/rank-1/hpcagent_bench1.db,cpf-llr-focus40-oss120b-c-clean.n0.p29.w29,tsvc_2_s316,cpf-llr-focus40-oss120b-c-clean,24.383961032568394,graded,,11.752792398211293,4.0,4.0,1790318461750.0,c,,,11.752792398211293,graded,,oss120b
hpcagent-bench-runs/cpf-llr-focus40-20260915/639060/judge/rank-3/hpcagent_bench3.db,cpf-llr-focus40-oss120b-c-cpf.n0.p35.w35,tsvc_2_vpvts,cpf-llr-focus40-oss120b-c-cpf,1.0057284719832071,graded,,1.0,4.0,4.0,1790318465004.0,c,,,1.0,graded,,oss120b
hpcagent-bench-runs/cpf-llr-focus40-20260920/643372/judge/rank-2/hpcagent_bench2.db,cpf-llr-focus40-qwen38-c-cpfsrc-v2-clean.n0.p38.w38,wf_diff_skew,cpf-llr-focus40-qwen38-c-cpfsrc-v2-clean,1.5309509966826067,graded,,3.504570761924413,4.0,4.0,1790318480810.0,c,,,3.9091843370898087,graded,,qwen38
hpcagent-bench-runs/cpf-llr-focus40-20260915/639060/judge/rank-3/hpcagent_bench3.db,cpf-llr-focus40-oss120b-c-cpf.n0.p31.w31,tsvc_2_s319,cpf-llr-focus40-oss120b-c-cpf,14.305361212612162,graded,,8.069024584559388,4.0,4.0,1790318482907.0,c,,,8.069024584559388,graded,,oss120b
hpcagent-bench-runs/cpf-llr-focus40-20260914/636537/judge/rank-0/hpcagent_bench0.db,cpf-llr-focus40-oss120b-c-cpf.n0.p12.w12,tsvc_2_s119,cpf-llr-focus40-oss120b-c-cpf,0.8573305942800741,graded,,1.4764901115131417,4.0,4.0,1790318484317.0,c,,,1.4764901115131417,graded,,oss120b
hpcagent-bench-runs/cpf-llr-focus40-20260917/640097/judge/rank-3/hpcagent_bench3.db,cpf-llr-focus40-oss120b-c.n0.p27.w27,tsvc_2_s3111,cpf-llr-focus40-oss120b-c,75.46641996724298,graded,,27.50304162502214,4.0,4.0,1790318485220.0,c,,,27.50304162502214,graded,,oss120b
hpcagent-bench-runs/cpf-llr-focus40-20260915/639060/judge/rank-0/hpcagent_bench0.db,cpf-llr-focus40-oss120b-c-cpf.n0.p32.w32,tsvc_2_s323,cpf-llr-focus40-oss120b-c-cpf,9.028305142451323,graded,,4.687547266755859,4.0,4.0,1790318485848.0,c,,,4.687547266755859,graded,,oss120b
hpcagent-bench-runs/cpf-llr-focus40-20260915/639060/judge/rank-0/hpcagent_bench0.db,cpf-llr-focus40-oss120b-c-cpf.n0.p20.w20,tsvc_2_s235,cpf-llr-focus40-oss120b-c-cpf,2.8962114991630763,graded,,1.8409729305047349,4.0,4.0,1790318489024.0,c,,,1.8409729305047349,graded,,oss120b
hpcagent-bench-runs/cpf-llr-focus40-20260914/636537/judge/rank-3/hpcagent_bench3.db,cpf-llr-focus40-oss120b-c-cpf.n0.p11.w11,tsvc_2_s115,cpf-llr-focus40-oss120b-c-cpf,1.3570758597493713,graded,,3.19753292855784,4.0,4.0,1790318491116.0,c,,,3.19753292855784,graded,,oss120b
hpcagent-bench-runs/cpf-llr-focus40-20260915/639211/judge/rank-0/hpcagent_bench0.db,cpf-llr-focus40-oss120b-c-clean.n0.p16.w16,tsvc_2_s2233,cpf-llr-focus40-oss120b-c-clean,9.948199201609393,graded,,22.01712620505892,4.0,4.0,1790318497551.0,c,,,22.01712620505892,graded,,oss120b
hpcagent-bench-runs/cpf-llr-focus40-20260915/639211/judge/rank-1/hpcagent_bench1.db,cpf-llr-focus40-oss120b-c-clean.n0.p9.w9,scatter_accum_dup,cpf-llr-focus40-oss120b-c-clean,10.727543756427384,graded,,9.484134167021683,4.0,4.0,1790318500176.0,c,,,9.484134167021683,graded,,oss120b
hpcagent-bench-runs/cpf-llr-focus40-20260915/639060/judge/rank-3/hpcagent_bench3.db,cpf-llr-focus40-oss120b-c-cpf.n0.p15.w15,tsvc_2_s152,cpf-llr-focus40-oss120b-c-cpf,8.742244791348433,graded,,3.261984086190757,4.0,4.0,1790318502394.0,c,,,3.261984086190757,graded,,oss120b
hpcagent-bench-runs/cpf-llr-focus40-20260915/639213/judge/rank-1/hpcagent_bench1.db,cpf-llr-focus40-oss120b-c-cpf-clean.n0.p33.w33,tsvc_2_s4112,cpf-llr-focus40-oss120b-c-cpf-clean,1.1575318957477683,graded,,1.193623471979458,4.0,4.0,1790318514592.0,c,,,,error,no cell produced a measurement,oss120b
hpcagent-bench-runs/cpf-llr-focus40-20260917/640097/judge/rank-2/hpcagent_bench2.db,cpf-llr-focus40-oss120b-c.n0.p6.w6,fuse_stencil_through_transient,cpf-llr-focus40-oss120b-c,13.804238605444874,graded,,6.8722351197777725,4.0,4.0,1790318514594.0,c,,,6.900809305690637,graded,,oss120b
hpcagent-bench-runs/cpf-llr-focus40-20260914/636537/judge/rank-3/hpcagent_bench3.db,cpf-llr-focus40-oss120b-c-cpf.n0.p23.w23,tsvc_2_s2710,cpf-llr-focus40-oss120b-c-cpf,1.0465803690043871,graded,,1.0110627183521155,4.0,4.0,1790318518349.0,c,,,1.0110627183521155,graded,,oss120b
hpcagent-bench-runs/cpf-llr-focus40-20260920/643373/judge/rank-2/hpcagent_bench2.db,cpf-llr-focus40-oss120b-c-cpfsrc-v2-clean.n0.p2.w2,ext_break_capture,cpf-llr-focus40-oss120b-c-cpfsrc-v2-clean,11.777732968007276,graded,,4.685392527002406,4.0,4.0,1790318519657.0,c,,,4.698528094165243,graded,,oss120b
hpcagent-bench-runs/cpf-llr-focus40-20260915/639060/judge/rank-1/hpcagent_bench1.db,cpf-llr-focus40-oss120b-c-cpf.n0.p13.w13,tsvc_2_s1232,cpf-llr-focus40-oss120b-c-cpf,22.312391467346554,graded,,18.02951971569505,4.0,4.0,1790318520507.0,c,,,18.02951971569505,graded,,oss120b
hpcagent-bench-runs/cpf-llr-focus40-20260915/639060/judge/rank-2/hpcagent_bench2.db,cpf-llr-focus40-oss120b-c-cpf.n0.p18.w18,tsvc_2_s231,cpf-llr-focus40-oss120b-c-cpf,1.0511653343035126,graded,,0.8962556453831043,4.0,4.0,1790318528175.0,c,,,0.9857609254663786,graded,,oss120b
hpcagent-bench-runs/cpf-llr-focus40-20260915/639213/judge/rank-1/hpcagent_bench1.db,cpf-llr-focus40-oss120b-c-cpf-clean.n0.p17.w17,tsvc_2_s2275,cpf-llr-focus40-oss120b-c-cpf-clean,5.365493261519254,graded,,3.350889592183547,4.0,4.0,1790318532009.0,c,,,3.304953553759875,graded,,oss120b
hpcagent-bench-runs/cpf-llr-focus40-20260920/643373/judge/rank-2/hpcagent_bench2.db,cpf-llr-focus40-oss120b-c-cpfsrc-v2-clean.n0.p14.w14,tsvc_2_s1244,cpf-llr-focus40-oss120b-c-cpfsrc-v2-clean,11.72265777551528,graded,,5.121013435941563,4.0,4.0,1790318541492.0,c,,,5.125067670086528,graded,,oss120b
hpcagent-bench-runs/cpf-llr-focus40-20260918/641683/judge/rank-1/hpcagent_bench1.db,cpf-llr-focus40-oss120b-c-perf-playbook-cpu-clean.n0.p1.w1,wf_triangular,cpf-llr-focus40-oss120b-c-perf-playbook-cpu-clean,2.2876003679046284,graded,,7.584242868098458,4.0,4.0,1790318543572.0,c,,,8.756996332103636,graded,,oss120b
hpcagent-bench-runs/cpf-llr-focus40-20260915/639060/judge/rank-0/hpcagent_bench0.db,cpf-llr-focus40-oss120b-c-cpf.n0.p8.w8,scan_affine_decay,cpf-llr-focus40-oss120b-c-cpf,15.03393972096925,graded,,7.57068986373622,4.0,4.0,1790318543939.0,c,,,7.57068986373622,graded,,oss120b
hpcagent-bench-runs/cpf-llr-focus40-20260920/643373/judge/rank-2/hpcagent_bench2.db,cpf-llr-focus40-oss120b-c-cpfsrc-v2-clean.n0.p34.w34,tsvc_2_vag,cpf-llr-focus40-oss120b-c-cpfsrc-v2-clean,1.1320593099745704,graded,,1.3178593352962058,4.0,4.0,1790318548057.0,c,,,,error,no cell produced a measurement,oss120b
hpcagent-bench-runs/cpf-llr-focus40-20260917/640097/judge/rank-1/hpcagent_bench1.db,cpf-llr-focus40-oss120b-c.n0.p1.w1,compact_threshold_pack,cpf-llr-focus40-oss120b-c,16.55968036389245,graded,,9.971112956430025,4.0,4.0,1790318557708.0,c,,,9.595763163929469,graded,,oss120b
hpcagent-bench-runs/cpf-llr-focus40-20260914/636537/judge/rank-1/hpcagent_bench1.db,cpf-llr-focus40-oss120b-c-cpf.n0.p25.w25,tsvc_2_s311,cpf-llr-focus40-oss120b-c-cpf,25.817863023059207,graded,,20.78549220168969,4.0,4.0,1790318569574.0,c,,,20.78549220168969,graded,,oss120b
hpcagent-bench-runs/cpf-llr-focus40-20260915/639060/judge/rank-3/hpcagent_bench3.db,cpf-llr-focus40-oss120b-c-cpf.n0.p3.w3,ext_war_unit,cpf-llr-focus40-oss120b-c-cpf,11.038296977489543,graded,,4.475115497160088,4.0,4.0,1790318576306.0,c,,,4.475115497160088,graded,,oss120b
hpcagent-bench-runs/cpf-llr-focus40-20260915/639060/judge/rank-2/hpcagent_bench2.db,cpf-llr-focus40-oss120b-c-cpf.n0.p22.w22,tsvc_2_s255,cpf-llr-focus40-oss120b-c-cpf,16.619371242314813,graded,,5.694738051022164,4.0,4.0,1790318576838.0,c,,,5.694738051022164,graded,,oss120b
hpcagent-bench-runs/cpf-llr-focus40-20260915/639060/judge/rank-2/hpcagent_bench2.db,cpf-llr-focus40-oss120b-c-cpf.n0.p10.w10,segment_reduce_ragged,cpf-llr-focus40-oss120b-c-cpf,22.944883881078727,graded,,10.127762482488919,4.0,4.0,1790318577694.0,c,,,10.127762482488919,graded,,oss120b
hpcagent-bench-runs/cpf-llr-focus40-20260914/636537/judge/rank-3/hpcagent_bench3.db,cpf-llr-focus40-oss120b-c-cpf.n0.p19.w19,tsvc_2_s233,cpf-llr-focus40-oss120b-c-cpf,6.423856613557825,graded,,11.175317848348373,4.0,4.0,1790318578276.0,c,,,11.175317848348373,graded,,oss120b
hpcagent-bench-runs/cpf-llr-focus40-20260915/639213/judge/rank-2/hpcagent_bench2.db,cpf-llr-focus40-oss120b-c-cpf-clean.n0.p26.w26,tsvc_2_s3110,cpf-llr-focus40-oss120b-c-cpf-clean,49.186394612946856,graded,,19.453576285868582,4.0,4.0,1790318579737.0,c,,,15.437832289946066,graded,,oss120b
hpcagent-bench-runs/cpf-llr-focus40-20260920/643373/judge/rank-1/hpcagent_bench1.db,cpf-llr-focus40-oss120b-c-cpfsrc-v2-clean.n0.p5.w5,fuse_move_ifs,cpf-llr-focus40-oss120b-c-cpfsrc-v2-clean,3.476654646191715,graded,,2.1113714569469453,4.0,4.0,1790318599483.0,c,,,2.0605610225511053,graded,,oss120b
hpcagent-bench-runs/cpf-llr-focus40-20260920/643373/judge/rank-1/hpcagent_bench1.db,cpf-llr-focus40-oss120b-c-cpfsrc-v2-clean.n0.p21.w21,tsvc_2_s252,cpf-llr-focus40-oss120b-c-cpfsrc-v2-clean,13.989239661323207,graded,,4.584353934283045,4.0,4.0,1790318599491.0,c,,,4.544342896569237,graded,,oss120b
hpcagent-bench-runs/cpf-llr-focus40-20260915/639211/judge/rank-0/hpcagent_bench0.db,cpf-llr-focus40-oss120b-c-clean.n0.p24.w24,tsvc_2_s275,cpf-llr-focus40-oss120b-c-clean,0.530494089274964,graded,,0.9397204799418926,4.0,4.0,1790318611763.0,c,,,0.9397204799418926,graded,,oss120b
hpcagent-bench-runs/cpf-llr-focus40-20260920/643373/judge/rank-0/hpcagent_bench0.db,cpf-llr-focus40-oss120b-c-cpfsrc-v2-clean.n0.p36.w36,tsvc_2_vtvtv,cpf-llr-focus40-oss120b-c-cpfsrc-v2-clean,1.0077335922372699,graded,,1.0042673980494108,4.0,4.0,1790318617186.0,c,,,1.0257714415736066,graded,,oss120b
hpcagent-bench-runs/cpf-llr-focus40-20260915/639213/judge/rank-0/hpcagent_bench0.db,cpf-llr-focus40-oss120b-c-cpf-clean.n0.p28.w28,tsvc_2_s3112,cpf-llr-focus40-oss120b-c-cpf,,graded,,6.127508967036659,4.0,0.0,1790318628778.0,c,,,,graded,,oss120b
hpcagent-bench-runs/cpf-llr-focus40-20260914/636538/judge/rank-0/hpcagent_bench0.db,cpf-llr-focus40-oss120b-c-perf-playbook-cpu.n0.p4.w4,fuse_diamond,cpf-llr-focus40-oss120b-c-perf-playbook-cpu,67.20718186595755,graded,,21.033585976432274,4.0,4.0,1790318630729.0,c,,,34.830313445810916,graded,,oss120b
hpcagent-bench-runs/cpf-llr-focus40-20260915/639213/judge/rank-3/hpcagent_bench3.db,cpf-llr-focus40-oss120b-c-cpf-clean.n0.p7.w7,quasi_affine_reduce_odd,cpf-llr-focus40-oss120b-c-cpf-clean,18.878945217680386,graded,,10.616759636067957,4.0,4.0,1790318634068.0,c,,,10.616759636067957,graded,,oss120b
hpcagent-bench-runs/cpf-llr-focus40-20260915/639060/judge/rank-0/hpcagent_bench0.db,cpf-llr-focus40-oss120b-c-cpf.n0.p0.w0,argmax_with_index,cpf-llr-focus40-oss120b-c-cpf,31.53190783148653,graded,,18.506084645584917,4.0,4.0,1790318652065.0,c,,,18.506084645584917,graded,,oss120b
hpcagent-bench-runs/cpf-llr-focus40-20260915/639213/judge/rank-0/hpcagent_bench0.db,cpf-llr-focus40-oss120b-c-cpf-clean.n0.p20.w20,tsvc_2_s235,cpf-llr-focus40-oss120b-c-cpf-clean,1.1129592412366252,graded,,1.0216216910737879,4.0,4.0,1790318655639.0,c,,,1.0093219837453489,graded,,oss120b
hpcagent-bench-runs/cpf-llr-focus40-20260920/643373/judge/rank-2/hpcagent_bench2.db,cpf-llr-focus40-oss120b-c-cpfsrc-v2-clean.n0.p18.w18,tsvc_2_s231,cpf-llr-focus40-oss120b-c-cpfsrc-v2-clean,3.4392404379589347,graded,,1.523340063564223,4.0,4.0,1790318679388.0,c,,,1.546208797243764,graded,,oss120b
hpcagent-bench-runs/cpf-llr-focus40-20260915/639213/judge/rank-3/hpcagent_bench3.db,cpf-llr-focus40-oss120b-c-cpf-clean.n0.p31.w31,tsvc_2_s319,cpf-llr-focus40-oss120b-c-cpf-clean,14.008482373064638,graded,,8.103879423310564,4.0,4.0,1790318681289.0,c,,,8.103879423310564,graded,,oss120b
hpcagent-bench-runs/cpf-llr-focus40-20260915/639060/judge/rank-0/hpcagent_bench0.db,cpf-llr-focus40-oss120b-c-cpf.n0.p12.w12,tsvc_2_s119,cpf-llr-focus40-oss120b-c-cpf,3.8343097194916003,graded,,2.016542465036345,4.0,4.0,1790318685612.0,c,,,2.016542465036345,graded,,oss120b
hpcagent-bench-runs/cpf-llr-focus40-20260915/639213/judge/rank-0/hpcagent_bench0.db,cpf-llr-focus40-oss120b-c-cpf-clean.n0.p32.w32,tsvc_2_s323,cpf-llr-focus40-oss120b-c-cpf-clean,6.52264742293786,graded,,3.73267400680593,4.0,4.0,1790318685753.0,c,,,4.098926907268314,graded,,oss120b
hpcagent-bench-runs/cpf-llr-focus40-20260914/636537/judge/rank-1/hpcagent_bench1.db,cpf-llr-focus40-oss120b-c-cpf.n0.p9.w9,scatter_accum_dup,cpf-llr-focus40-oss120b-c-cpf,19.134398832381326,graded,,16.92573036432756,4.0,4.0,1790318687127.0,c,,,16.92573036432756,graded,,oss120b
hpcagent-bench-runs/cpf-llr-focus40-20260915/639213/judge/rank-2/hpcagent_bench2.db,cpf-llr-focus40-oss120b-c-cpf-clean.n0.p30.w30,tsvc_2_s318,cpf-llr-focus40-oss120b-c-cpf-clean,32.43551169846227,graded,,8.875550114205495,4.0,4.0,1790318691636.0,c,,,8.202520474435097,graded,,oss120b
hpcagent-bench-runs/cpf-llr-focus40-20260915/639060/judge/rank-1/hpcagent_bench1.db,cpf-llr-focus40-oss120b-c-cpf.n0.p37.w37,versioned_distance_update,cpf-llr-focus40-oss120b-c-cpf,2.148398640616245,graded,,0.6718435819314713,4.0,4.0,1790318691936.0,c,,,0.6718435819314713,graded,,oss120b
hpcagent-bench-runs/cpf-llr-focus40-20260915/639060/judge/rank-3/hpcagent_bench3.db,cpf-llr-focus40-oss120b-c-cpf.n0.p11.w11,tsvc_2_s115,cpf-llr-focus40-oss120b-c-cpf,1.3722861706763432,graded,,3.9630326828179236,4.0,4.0,1790318693434.0,c,,,3.9630326828179236,graded,,oss120b
hpcagent-bench-runs/cpf-llr-focus40-20260920/643373/judge/rank-1/hpcagent_bench1.db,cpf-llr-focus40-oss120b-c-cpfsrc-v2-clean.n0.p17.w17,tsvc_2_s2275,cpf-llr-focus40-oss120b-c-cpfsrc-v2-clean,5.418825551088405,graded,,3.443972659204717,4.0,4.0,1790318702870.0,c,,,3.2178638833812,graded,,oss120b
hpcagent-bench-runs/cpf-llr-focus40-20260914/636537/judge/rank-1/hpcagent_bench1.db,cpf-llr-focus40-oss120b-c-cpf.n0.p29.w29,tsvc_2_s316,cpf-llr-focus40-oss120b-c-cpf,30.72624512402382,graded,,6.504852441402452,4.0,4.0,1790318704753.0,c,,,6.504852441402452,graded,,oss120b
hpcagent-bench-runs/cpf-llr-focus40-20260915/639213/judge/rank-3/hpcagent_bench3.db,cpf-llr-focus40-oss120b-c-cpf-clean.n0.p35.w35,tsvc_2_vpvts,cpf-llr-focus40-oss120b-c-cpf-clean,0.9944886563636562,graded,,1.0045246537581605,4.0,4.0,1790318709060.0,c,,,1.014855998083176,graded,,oss120b
hpcagent-bench-runs/cpf-llr-focus40-20260915/639213/judge/rank-0/hpcagent_bench0.db,cpf-llr-focus40-oss120b-c-cpf-clean.n0.p8.w8,scan_affine_decay,cpf-llr-focus40-oss120b-c-cpf-clean,14.937944637935429,graded,,7.7358320075588045,4.0,4.0,1790318719122.0,c,,,7.7358320075588045,graded,,oss120b
hpcagent-bench-runs/cpf-llr-focus40-20260914/636538/judge/rank-2/hpcagent_bench2.db,cpf-llr-focus40-oss120b-c-perf-playbook-cpu.n0.p2.w2,ext_break_capture,cpf-llr-focus40-oss120b-c-perf-playbook-cpu,11.413130326858251,graded,,3.3113057112779343,4.0,4.0,1790318725674.0,c,,,3.91974390560862,graded,,oss120b
hpcagent-bench-runs/cpf-llr-focus40-20260915/639213/judge/rank-1/hpcagent_bench1.db,cpf-llr-focus40-oss120b-c-cpf-clean.n0.p13.w13,tsvc_2_s1232,cpf-llr-focus40-oss120b-c-cpf-clean,17.090185271149434,graded,,18.593665090772287,4.0,4.0,1790318727880.0,c,,,18.593665090772287,graded,,oss120b
hpcagent-bench-runs/cpf-llr-focus40-20260918/641682/judge/rank-3/hpcagent_bench3.db,cpf-llr-focus40-qwen38-c-skills-clean.n0.p3.w3,wf_diff_skew,cpf-llr-focus40-qwen38-c-skills-clean,1.0143279442757294,graded,,1.3726659255237865,4.0,4.0,1790318728645.0,c,,,1.4410834857073176,graded,,qwen38
hpcagent-bench-runs/cpf-llr-focus40-20260915/639213/judge/rank-2/hpcagent_bench2.db,cpf-llr-focus40-oss120b-c-cpf-clean.n0.p10.w10,segment_reduce_ragged,cpf-llr-focus40-oss120b-c-cpf-clean,22.596287059818764,graded,,12.915134254649168,4.0,4.0,1790318733151.0,c,,,12.915134254649168,graded,,oss120b
hpcagent-bench-runs/cpf-llr-focus40-20260915/639211/judge/rank-3/hpcagent_bench3.db,cpf-llr-focus40-oss120b-c-clean.n0.p27.w27,tsvc_2_s3111,cpf-llr-focus40-oss120b-c-clean,76.87254609720947,graded,,8.360530200242627,4.0,4.0,1790318734242.0,c,,,8.360530200242627,graded,,oss120b
hpcagent-bench-runs/cpf-llr-focus40-20260914/636538/judge/rank-2/hpcagent_bench2.db,cpf-llr-focus40-oss120b-c-perf-playbook-cpu.n0.p14.w14,tsvc_2_s1244,cpf-llr-focus40-oss120b-c-perf-playbook-cpu,1.004002843650635,graded,,1.004410925370798,4.0,4.0,1790318751494.0,c,,,0.987979286974443,graded,,oss120b
hpcagent-bench-runs/cpf-llr-focus40-20260914/636537/judge/rank-0/hpcagent_bench0.db,cpf-llr-focus40-oss120b-c-cpf.n0.p16.w16,tsvc_2_s2233,cpf-llr-focus40-oss120b-c-cpf,96.98516324819441,graded,,57.62242806668065,4.0,4.0,1790318755456.0,c,,,57.62242806668065,graded,,oss120b
hpcagent-bench-runs/cpf-llr-focus40-20260915/639060/judge/rank-3/hpcagent_bench3.db,cpf-llr-focus40-oss120b-c-cpf.n0.p19.w19,tsvc_2_s233,cpf-llr-focus40-oss120b-c-cpf,66.51325214505776,graded,,40.177866990681856,4.0,4.0,1790318755993.0,c,,,40.177866990681856,graded,,oss120b
hpcagent-bench-runs/cpf-llr-focus40-20260915/639213/judge/rank-3/hpcagent_bench3.db,cpf-llr-focus40-oss120b-c-cpf-clean.n0.p15.w15,tsvc_2_s152,cpf-llr-focus40-oss120b-c-cpf-clean,8.767095793607398,graded,,3.491722700669235,4.0,4.0,1790318756667.0,c,,,3.3075275047381347,graded,,oss120b
hpcagent-bench-runs/cpf-llr-focus40-20260915/639211/judge/rank-2/hpcagent_bench2.db,cpf-llr-focus40-oss120b-c-clean.n0.p6.w6,fuse_stencil_through_transient,cpf-llr-focus40-oss120b-c-clean,13.914826202817208,graded,,6.9680918769395745,4.0,4.0,1790318771682.0,c,,,6.9680918769395745,graded,,oss120b
hpcagent-bench-runs/cpf-llr-focus40-20260915/639060/judge/rank-3/hpcagent_bench3.db,cpf-llr-focus40-oss120b-c-cpf.n0.p23.w23,tsvc_2_s2710,cpf-llr-focus40-oss120b-c-cpf,1.0,graded,,1.0109792191458247,4.0,4.0,1790318775228.0,c,,,1.0109792191458247,graded,,oss120b
hpcagent-bench-runs/cpf-llr-focus40-20260914/636538/judge/rank-1/hpcagent_bench1.db,cpf-llr-focus40-oss120b-c-perf-playbook-cpu.n0.p21.w21,tsvc_2_s252,cpf-llr-focus40-oss120b-c-perf-playbook-cpu,8.307328914136047,graded,,3.219653772513118,4.0,4.0,1790318784128.0,c,,,2.711644467145618,graded,,oss120b
hpcagent-bench-runs/cpf-llr-focus40-20260915/639060/judge/rank-1/hpcagent_bench1.db,cpf-llr-focus40-oss120b-c-cpf.n0.p25.w25,tsvc_2_s311,cpf-llr-focus40-oss120b-c-cpf,23.73992742186953,graded,,12.934042892242417,4.0,4.0,1790318786044.0,c,,,12.934042892242417,graded,,oss120b
hpcagent-bench-runs/cpf-llr-focus40-20260920/643373/judge/rank-3/hpcagent_bench3.db,cpf-llr-focus40-oss120b-c-cpfsrc-v2-clean.n0.p3.w3,ext_war_unit,cpf-llr-focus40-oss120b-c-cpfsrc-v2-clean,10.977043412334105,graded,,4.48279753686805,4.0,4.0,1790318791863.0,c,,,4.658140887019215,graded,,oss120b
hpcagent-bench-runs/cpf-llr-focus40-20260915/639213/judge/rank-2/hpcagent_bench2.db,cpf-llr-focus40-oss120b-c-cpf-clean.n0.p22.w22,tsvc_2_s255,cpf-llr-focus40-oss120b-c-cpf-clean,16.89298370410927,graded,,6.25254199652609,4.0,4.0,1790318794087.0,c,,,6.153561467888786,graded,,oss120b
hpcagent-bench-runs/cpf-llr-focus40-20260920/643373/judge/rank-2/hpcagent_bench2.db,cpf-llr-focus40-oss120b-c-cpfsrc-v2-clean.n0.p26.w26,tsvc_2_s3110,cpf-llr-focus40-oss120b-c-cpfsrc-v2-clean,53.04375542793404,graded,,19.89572447380922,4.0,4.0,1790318797955.0,c,,,19.89572447380922,graded,,oss120b
hpcagent-bench-runs/cpf-llr-focus40-20260920/643372/judge/rank-3/hpcagent_bench3.db,cpf-llr-focus40-qwen38-c-cpfsrc-v2-clean.n0.p39.w39,wf_triangular,cpf-llr-focus40-qwen38-c-cpfsrc-v2-clean,37.5110754201478,graded,,16.761140480902192,4.0,4.0,1790318811430.0,c,,,16.761140480902192,graded,,qwen38
hpcagent-bench-runs/cpf-llr-focus40-20260915/639211/judge/rank-1/hpcagent_bench1.db,cpf-llr-focus40-oss120b-c-clean.n0.p1.w1,compact_threshold_pack,cpf-llr-focus40-oss120b-c-clean,19.18708603257566,graded,,11.743299314988203,4.0,4.0,1790318820590.0,c,,,11.743299314988203,graded,,oss120b
hpcagent-bench-runs/cpf-llr-focus40-20260917/640554/judge/rank-0/hpcagent_bench0.db,cpf-llr-focus40-oss120b-c-skills.n0.p4.w4,fuse_diamond,cpf-llr-focus40-oss120b-c-skills,67.47924753934086,graded,,35.96786450935749,4.0,4.0,1790318820886.0,c,,,41.6227307016768,graded,,oss120b
hpcagent-bench-runs/cpf-llr-focus40-20260920/643373/judge/rank-0/hpcagent_bench0.db,cpf-llr-focus40-oss120b-c-cpfsrc-v2-clean.n0.p20.w20,tsvc_2_s235,cpf-llr-focus40-oss120b-c-cpfsrc-v2-clean,2.981040105116664,graded,,2.1522256415253738,4.0,4.0,1790318820954.0,c,,,2.1522256415253738,graded,,oss120b
hpcagent-bench-runs/cpf-llr-focus40-20260914/636538/judge/rank-1/hpcagent_bench1.db,cpf-llr-focus40-oss120b-c-perf-playbook-cpu.n0.p5.w5,fuse_move_ifs,cpf-llr-focus40-oss120b-c-perf-playbook-cpu,3.440077345525397,graded,,4.606855412806353,4.0,4.0,1790318822211.0,c,,,2.0732726446139833,graded,,oss120b
hpcagent-bench-runs/cpf-llr-focus40-20260914/636538/judge/rank-2/hpcagent_bench2.db,cpf-llr-focus40-oss120b-c-perf-playbook-cpu.n0.p18.w18,tsvc_2_s231,cpf-llr-focus40-oss120b-c-perf-playbook-cpu,3.211340875148906,graded,,1.113865462119732,4.0,4.0,1790318830350.0,c,,,1.973814119323699,graded,,oss120b
hpcagent-bench-runs/cpf-llr-focus40-20260914/636537/judge/rank-0/hpcagent_bench0.db,cpf-llr-focus40-oss120b-c-cpf.n0.p24.w24,tsvc_2_s275,cpf-llr-focus40-oss120b-c-cpf,2.9679342204775256,graded,,1.9325265436310808,4.0,4.0,1790318838452.0,c,,,1.9325265436310808,graded,,oss120b
hpcagent-bench-runs/cpf-llr-focus40-20260914/636538/judge/rank-0/hpcagent_bench0.db,cpf-llr-focus40-oss120b-c-perf-playbook-cpu.n0.p36.w36,tsvc_2_vtvtv,cpf-llr-focus40-oss120b-c-perf-playbook-cpu,1.0,graded,,1.0042906119033816,4.0,4.0,1790318841769.0,c,,,0.9997255900195475,graded,,oss120b
hpcagent-bench-runs/cpf-llr-focus40-20260920/643373/judge/rank-1/hpcagent_bench1.db,cpf-llr-focus40-oss120b-c-cpfsrc-v2-clean.n0.p33.w33,tsvc_2_s4112,cpf-llr-focus40-oss120b-c-cpfsrc-v2-clean,1.1560768388191471,graded,,1.1985240744139611,4.0,4.0,1790318856249.0,c,,,,error,no cell produced a measurement,oss120b
hpcagent-bench-runs/cpf-llr-focus40-20260920/643373/judge/rank-3/hpcagent_bench3.db,cpf-llr-focus40-oss120b-c-cpfsrc-v2-clean.n0.p7.w7,quasi_affine_reduce_odd,cpf-llr-focus40-oss120b-c-cpfsrc-v2-clean,19.23439473120412,graded,,10.129681690027942,4.0,4.0,1790318862387.0,c,,,9.879989723736745,graded,,oss120b
hpcagent-bench-runs/cpf-llr-focus40-20260920/643373/judge/rank-0/hpcagent_bench0.db,cpf-llr-focus40-oss120b-c-cpfsrc-v2-clean.n0.p28.w28,tsvc_2_s3112,cpf-llr-focus40-oss120b-c-cpfsrc-v2,,graded,,3.88166924406404,4.0,0.0,1790318863248.0,c,,,,graded,,oss120b
hpcagent-bench-runs/cpf-llr-focus40-20260914/636538/judge/rank-1/hpcagent_bench1.db,cpf-llr-focus40-oss120b-c-perf-playbook-cpu.n0.p17.w17,tsvc_2_s2275,cpf-llr-focus40-oss120b-c-perf-playbook-cpu,5.363444007933251,graded,,1.8420299753178588,4.0,4.0,1790318877317.0,c,,,3.3788088031666885,graded,,oss120b
hpcagent-bench-runs/cpf-llr-focus40-20260920/643373/judge/rank-3/hpcagent_bench3.db,cpf-llr-focus40-oss120b-c-cpfsrc-v2-clean.n0.p31.w31,tsvc_2_s319,cpf-llr-focus40-oss120b-c-cpfsrc-v2-clean,14.806236966804251,graded,,8.245765870260358,4.0,4.0,1790318879681.0,c,,,7.964570148640399,graded,,oss120b
hpcagent-bench-runs/cpf-llr-focus40-20260915/639213/judge/rank-0/hpcagent_bench0.db,cpf-llr-focus40-oss120b-c-cpf-clean.n0.p12.w12,tsvc_2_s119,cpf-llr-focus40-oss120b-c-cpf-clean,1.6964863728590462,graded,,2.79129355054316,4.0,4.0,1790318883016.0,c,,,2.7918777046724776,graded,,oss120b
hpcagent-bench-runs/cpf-llr-focus40-20260915/639213/judge/rank-0/hpcagent_bench0.db,cpf-llr-focus40-oss120b-c-cpf-clean.n0.p0.w0,argmax_with_index,cpf-llr-focus40-oss120b-c-cpf-clean,48.43868725887457,graded,,19.024454548002055,4.0,4.0,1790318884658.0,c,,,19.024454548002055,graded,,oss120b
hpcagent-bench-runs/cpf-llr-focus40-20260920/643373/judge/rank-0/hpcagent_bench0.db,cpf-llr-focus40-oss120b-c-cpfsrc-v2-clean.n0.p32.w32,tsvc_2_s323,cpf-llr-focus40-oss120b-c-cpfsrc-v2-clean,7.290045558967539,graded,,4.51134560463624,4.0,4.0,1790318885986.0,c,,,9.002312287875712,graded,,oss120b
hpcagent-bench-runs/cpf-llr-focus40-20260920/643373/judge/rank-2/hpcagent_bench2.db,cpf-llr-focus40-oss120b-c-cpfsrc-v2-clean.n0.p10.w10,segment_reduce_ragged,cpf-llr-focus40-oss120b-c-cpfsrc-v2-clean,22.40315965446436,graded,,13.064927441323466,4.0,4.0,1790318887995.0,c,,,12.26206567843991,graded,,oss120b
hpcagent-bench-runs/cpf-llr-focus40-20260920/643373/judge/rank-0/hpcagent_bench0.db,cpf-llr-focus40-oss120b-c-cpfsrc-v2-clean.n0.p8.w8,scan_affine_decay,cpf-llr-focus40-oss120b-c-cpfsrc-v2-clean,15.038678170692151,graded,,7.558994619197205,4.0,4.0,1790318893558.0,c,,,7.446913436860206,graded,,oss120b
hpcagent-bench-runs/cpf-llr-focus40-20260915/639213/judge/rank-3/hpcagent_bench3.db,cpf-llr-focus40-oss120b-c-cpf-clean.n0.p11.w11,tsvc_2_s115,cpf-llr-focus40-oss120b-c-cpf-clean,1.725304202136604,graded,,1.4280649917480899,4.0,4.0,1790318895670.0,c,,,1.506716470633337,graded,,oss120b
hpcagent-bench-runs/cpf-llr-focus40-20260915/639060/judge/rank-1/hpcagent_bench1.db,cpf-llr-focus40-oss120b-c-cpf.n0.p9.w9,scatter_accum_dup,cpf-llr-focus40-oss120b-c-cpf,2.0688745406578106,graded,,10.181690037217907,4.0,4.0,1790318899797.0,c,,,10.181690037217907,graded,,oss120b
hpcagent-bench-runs/cpf-llr-focus40-20260916/639342/judge/rank-2/hpcagent_bench2.db,cpf-llr-focus40-qwen38-c-cpf-clean.n0.p34.w34,tsvc_2_vag,cpf-llr-focus40-qwen38-c-cpf-clean,1.1084742553509155,graded,,1.249756985473246,4.0,4.0,1790318900913.0,c,,,1.249756985473246,graded,,qwen38
hpcagent-bench-runs/cpf-llr-focus40-20260917/640554/judge/rank-2/hpcagent_bench2.db,cpf-llr-focus40-oss120b-c-skills.n0.p2.w2,ext_break_capture,cpf-llr-focus40-oss120b-c-skills,12.644147992377622,graded,,4.463923555827981,4.0,4.0,1790318931912.0,c,,,3.6822937636657724,graded,,oss120b
hpcagent-bench-runs/cpf-llr-focus40-20260920/643373/judge/rank-2/hpcagent_bench2.db,cpf-llr-focus40-oss120b-c-cpfsrc-v2-clean.n0.p30.w30,tsvc_2_s318,cpf-llr-focus40-oss120b-c-cpfsrc-v2-clean,73.42064364733011,graded,,14.431671037151089,4.0,4.0,1790318932274.0,c,,,14.741045220302246,graded,,oss120b
hpcagent-bench-runs/cpf-llr-focus40-20260915/639213/judge/rank-1/hpcagent_bench1.db,cpf-llr-focus40-oss120b-c-cpf-clean.n0.p37.w37,versioned_distance_update,cpf-llr-focus40-oss120b-c-cpf-clean,1.8633079956881617,graded,,3.7180192658551143,4.0,4.0,1790318932595.0,c,,,1.042641090707181,graded,,oss120b
hpcagent-bench-runs/cpf-llr-focus40-20260920/643373/judge/rank-1/hpcagent_bench1.db,cpf-llr-focus40-oss120b-c-cpfsrc-v2-clean.n0.p13.w13,tsvc_2_s1232,cpf-llr-focus40-oss120b-c-cpfsrc-v2-clean,19.54467663174,graded,,29.475815884024104,4.0,4.0,1790318934804.0,c,,,28.822445261882784,graded,,oss120b
hpcagent-bench-runs/cpf-llr-focus40-20260915/639213/judge/rank-3/hpcagent_bench3.db,cpf-llr-focus40-oss120b-c-cpf-clean.n0.p19.w19,tsvc_2_s233,cpf-llr-focus40-oss120b-c-cpf-clean,19.84510589517951,graded,,28.042278264101906,4.0,4.0,1790318939578.0,c,,,28.96824975434848,graded,,oss120b
hpcagent-bench-runs/cpf-llr-focus40-20260915/639060/judge/rank-1/hpcagent_bench1.db,cpf-llr-focus40-oss120b-c-cpf.n0.p29.w29,tsvc_2_s316,cpf-llr-focus40-oss120b-c-cpf,21.29095978490792,graded,,13.765885907919804,4.0,4.0,1790318947672.0,c,,,13.765885907919804,graded,,oss120b
hpcagent-bench-runs/cpf-llr-focus40-20260920/643373/judge/rank-3/hpcagent_bench3.db,cpf-llr-focus40-oss120b-c-cpfsrc-v2-clean.n0.p35.w35,tsvc_2_vpvts,cpf-llr-focus40-oss120b-c-cpfsrc-v2-clean,1.0119160449712334,graded,,1.00953245083289,4.0,4.0,1790318953750.0,c,,,1.0,graded,,oss120b
hpcagent-bench-runs/cpf-llr-focus40-20260915/639219/judge/rank-2/hpcagent_bench2.db,cpf-llr-focus40-oss120b-c-skills-clean.n0.p14.w14,tsvc_2_s1244,cpf-llr-focus40-oss120b-c-skills-clean,1.733215673913749,graded,,1.339909705265109,4.0,4.0,1790318964358.0,c,,,1.339909705265109,graded,,oss120b
hpcagent-bench-runs/cpf-llr-focus40-20260917/640554/judge/rank-1/hpcagent_bench1.db,cpf-llr-focus40-oss120b-c-skills.n0.p21.w21,tsvc_2_s252,cpf-llr-focus40-oss120b-c-skills,8.38467837408698,graded,,2.598711542208052,4.0,4.0,1790318969002.0,c,,,2.779151964295033,graded,,oss120b
hpcagent-bench-runs/cpf-llr-focus40-20260915/639219/judge/rank-2/hpcagent_bench2.db,cpf-llr-focus40-oss120b-c-skills-clean.n0.p18.w18,tsvc_2_s231,cpf-llr-focus40-oss120b-c-skills-clean,1.144228786839441,graded,,1.0055641878437305,4.0,4.0,1790318980524.0,c,,,1.0077371491005824,graded,,oss120b
hpcagent-bench-runs/cpf-llr-focus40-20260914/636537/judge/rank-3/hpcagent_bench3.db,cpf-llr-focus40-oss120b-c-cpf.n0.p27.w27,tsvc_2_s3111,cpf-llr-focus40-oss120b-c-cpf,54.21835714489348,graded,,28.330254563947015,4.0,4.0,1790318983548.0,c,,,28.330254563947015,graded,,oss120b
hpcagent-bench-runs/cpf-llr-focus40-20260914/636538/judge/rank-0/hpcagent_bench0.db,cpf-llr-focus40-oss120b-c-perf-playbook-cpu.n0.p20.w20,tsvc_2_s235,cpf-llr-focus40-oss120b-c-perf-playbook-cpu,1.163474760264417,graded,,1.0,4.0,4.0,1790318986683.0,c,,,1.1023707701952297,graded,,oss120b
hpcagent-bench-runs/cpf-llr-focus40-20260915/639213/judge/rank-1/hpcagent_bench1.db,cpf-llr-focus40-oss120b-c-cpf-clean.n0.p25.w25,tsvc_2_s311,cpf-llr-focus40-oss120b-c-cpf-clean,30.749632389560194,graded,,20.465487512292032,4.0,4.0,1790319001981.0,c,,,20.110116944851534,graded,,oss120b
hpcagent-bench-runs/cpf-llr-focus40-20260914/636538/judge/rank-3/hpcagent_bench3.db,cpf-llr-focus40-oss120b-c-perf-playbook-cpu.n0.p3.w3,ext_war_unit,cpf-llr-focus40-oss120b-c-perf-playbook-cpu,11.03680130998616,graded,,5.16224444662493,4.0,4.0,1790319007533.0,c,,,4.797228427048893,graded,,oss120b
hpcagent-bench-runs/cpf-llr-focus40-20260920/643373/judge/rank-2/hpcagent_bench2.db,cpf-llr-focus40-oss120b-c-cpfsrc-v2-clean.n0.p22.w22,tsvc_2_s255,cpf-llr-focus40-oss120b-c-cpfsrc-v2-clean,16.54744238023878,graded,,6.298282895812949,4.0,4.0,1790319011018.0,c,,,6.109322385512828,graded,,oss120b
hpcagent-bench-runs/cpf-llr-focus40-20260915/639219/judge/rank-0/hpcagent_bench0.db,cpf-llr-focus40-oss120b-c-skills-clean.n0.p4.w4,fuse_diamond,cpf-llr-focus40-oss120b-c-skills-clean,66.7337218309222,graded,,34.84563763738707,4.0,4.0,1790319011159.0,c,,,34.84563763738707,graded,,oss120b
hpcagent-bench-runs/cpf-llr-focus40-20260915/639060/judge/rank-0/hpcagent_bench0.db,cpf-llr-focus40-oss120b-c-cpf.n0.p16.w16,tsvc_2_s2233,cpf-llr-focus40-oss120b-c-cpf,85.68138499710851,graded,,61.042054669571506,4.0,4.0,1790319011803.0,c,,,61.042054669571506,graded,,oss120b
hpcagent-bench-runs/cpf-llr-focus40-20260914/636538/judge/rank-3/hpcagent_bench3.db,cpf-llr-focus40-oss120b-c-perf-playbook-cpu.n0.p15.w15,tsvc_2_s152,cpf-llr-focus40-oss120b-c-perf-playbook-cpu,8.673296094929448,graded,,3.732318463642588,4.0,4.0,1790319012102.0,c,,,3.6197552500285917,graded,,oss120b
hpcagent-bench-runs/cpf-llr-focus40-20260914/636538/judge/rank-2/hpcagent_bench2.db,cpf-llr-focus40-oss120b-c-perf-playbook-cpu.n0.p26.w26,tsvc_2_s3110,cpf-llr-focus40-oss120b-c-perf-playbook-cpu,39.704261255959935,graded,,10.542953595548067,4.0,4.0,1790319016180.0,c,,,10.72051131454049,graded,,oss120b
hpcagent-bench-runs/cpf-llr-focus40-20260914/636537/judge/rank-2/hpcagent_bench2.db,cpf-llr-focus40-oss120b-c-cpf.n0.p6.w6,fuse_stencil_through_transient,cpf-llr-focus40-oss120b-c-cpf,15.07980950052689,graded,,7.185320330818841,4.0,4.0,1790319029271.0,c,,,7.185320330818841,graded,,oss120b
hpcagent-bench-runs/cpf-llr-focus40-20260920/643373/judge/rank-3/hpcagent_bench3.db,cpf-llr-focus40-oss120b-c-cpfsrc-v2-clean.n0.p23.w23,tsvc_2_s2710,cpf-llr-focus40-oss120b-c-cpfsrc-v2-clean,1.0,graded,,1.0,4.0,4.0,1790319032277.0,c,,,1.0,graded,,oss120b
hpcagent-bench-runs/cpf-llr-focus40-20260914/636538/judge/rank-2/hpcagent_bench2.db,cpf-llr-focus40-oss120b-c-perf-playbook-cpu.n0.p10.w10,segment_reduce_ragged,cpf-llr-focus40-oss120b-c-perf-playbook-cpu,23.24325627779233,graded,,10.332970346103766,4.0,4.0,1790319043634.0,c,,,13.208406931143161,graded,,oss120b
hpcagent-bench-runs/cpf-llr-focus40-20260915/639219/judge/rank-1/hpcagent_bench1.db,cpf-llr-focus40-oss120b-c-skills-clean.n0.p5.w5,fuse_move_ifs,cpf-llr-focus40-oss120b-c-skills-clean,3.4393411644527,graded,,2.0812690062081143,4.0,4.0,1790319044262.0,c,,,2.0812690062081143,graded,,oss120b
hpcagent-bench-runs/cpf-llr-focus40-20260915/639219/judge/rank-1/hpcagent_bench1.db,cpf-llr-focus40-oss120b-c-skills-clean.n0.p17.w17,tsvc_2_s2275,cpf-llr-focus40-oss120b-c-skills-clean,5.340492899704671,graded,,3.3744537292813828,4.0,4.0,1790319050469.0,c,,,3.283227100524757,graded,,oss120b
hpcagent-bench-runs/cpf-llr-focus40-20260915/639060/judge/rank-0/hpcagent_bench0.db,cpf-llr-focus40-oss120b-c-cpf.n0.p24.w24,tsvc_2_s275,cpf-llr-focus40-oss120b-c-cpf,3.12820458157782,graded,,1.762985454246144,4.0,4.0,1790319062390.0,c,,,1.762985454246144,graded,,oss120b
hpcagent-bench-runs/cpf-llr-focus40-20260915/639219/judge/rank-0/hpcagent_bench0.db,cpf-llr-focus40-oss120b-c-skills-clean.n0.p36.w36,tsvc_2_vtvtv,cpf-llr-focus40-oss120b-c-skills-clean,1.0058225102554175,graded,,1.0044867039408187,4.0,4.0,1790319067006.0,c,,,1.0044867039408187,graded,,oss120b
hpcagent-bench-runs/cpf-llr-focus40-20260914/636538/judge/rank-0/hpcagent_bench0.db,cpf-llr-focus40-oss120b-c-perf-playbook-cpu.n0.p8.w8,scan_affine_decay,cpf-llr-focus40-oss120b-c-perf-playbook-cpu,,graded,,1.446450432694786,4.0,0.0,1790319068652.0,c,,,,graded,,oss120b
hpcagent-bench-runs/cpf-llr-focus40-20260915/639213/judge/rank-1/hpcagent_bench1.db,cpf-llr-focus40-oss120b-c-cpf-clean.n0.p9.w9,scatter_accum_dup,cpf-llr-focus40-oss120b-c-cpf-clean,18.815586483564054,graded,,5.815783615703553,4.0,4.0,1790319073979.0,c,,,5.815783615703553,graded,,oss120b
hpcagent-bench-runs/cpf-llr-focus40-20260914/636538/judge/rank-3/hpcagent_bench3.db,cpf-llr-focus40-oss120b-c-perf-playbook-cpu.n0.p31.w31,tsvc_2_s319,cpf-llr-focus40-oss120b-c-perf-playbook-cpu,13.941597265042834,graded,,5.843492574428897,4.0,4.0,1790319077500.0,c,,,7.988411715231318,graded,,oss120b
hpcagent-bench-runs/cpf-llr-focus40-20260920/643373/judge/rank-0/hpcagent_bench0.db,cpf-llr-focus40-oss120b-c-cpfsrc-v2-clean.n0.p12.w12,tsvc_2_s119,cpf-llr-focus40-oss120b-c-cpfsrc-v2-clean,1.7500997240841303,graded,,2.9152619818717818,4.0,4.0,1790319081622.0,c,,,2.954636130079697,graded,,oss120b
hpcagent-bench-runs/cpf-llr-focus40-20260914/636538/judge/rank-0/hpcagent_bench0.db,cpf-llr-focus40-oss120b-c-perf-playbook-cpu.n0.p32.w32,tsvc_2_s323,cpf-llr-focus40-oss120b-c-perf-playbook-cpu,6.530641841726601,graded,,2.7813234344671502,4.0,4.0,1790319085083.0,c,,,3.8346055546167994,graded,,oss120b
hpcagent-bench-runs/cpf-llr-focus40-20260920/643373/judge/rank-3/hpcagent_bench3.db,cpf-llr-focus40-oss120b-c-cpfsrc-v2-clean.n0.p11.w11,tsvc_2_s115,cpf-llr-focus40-oss120b-c-cpfsrc-v2-clean,1.3364106434724226,graded,,3.2382667454575005,4.0,4.0,1790319096721.0,c,,,3.337706461877289,graded,,oss120b
hpcagent-bench-runs/cpf-llr-focus40-20260918/641069/judge/rank-0/hpcagent_bench0.db,cpf-llr-focus40-qwen38-c.n0.p12.w12,tsvc_2_s231,cpf-llr-focus40-qwen38-c,3.157182549897247,graded,,1.8683666798050595,4.0,4.0,1790319128453.0,c,,,1.4763866121094709,graded,,qwen38
hpcagent-bench-runs/cpf-llr-focus40-20260917/640554/judge/rank-3/hpcagent_bench3.db,cpf-llr-focus40-oss120b-c-skills.n0.p15.w15,tsvc_2_s152,cpf-llr-focus40-oss120b-c-skills,8.713706742498132,graded,,3.2869438300433726,4.0,4.0,1790319359506.0,c,,,3.2986696288265716,graded,,oss120b
hpcagent-bench-runs/cpf-llr-focus40-20260915/639060/judge/rank-2/hpcagent_bench2.db,cpf-llr-focus40-oss120b-c-cpf.n0.p6.w6,fuse_stencil_through_transient,cpf-llr-focus40-oss120b-c-cpf,17.991461804348354,graded,,6.278831959352027,4.0,4.0,1790319359506.0,c,,,6.278831959352027,graded,,oss120b
hpcagent-bench-runs/cpf-llr-focus40-20260914/636538/judge/rank-2/hpcagent_bench2.db,cpf-llr-focus40-oss120b-c-perf-playbook-cpu.n0.p22.w22,tsvc_2_s255,cpf-llr-focus40-oss120b-c-perf-playbook-cpu,16.306069350035344,graded,,5.619917725846141,4.0,4.0,1790319359506.0,c,,,6.339255432389604,graded,,oss120b
hpcagent-bench-runs/cpf-llr-focus40-20260917/640554/judge/rank-2/hpcagent_bench2.db,cpf-llr-focus40-oss120b-c-skills.n0.p10.w10,segment_reduce_ragged,cpf-llr-focus40-oss120b-c-skills,23.70092427880877,graded,,12.829370603023985,4.0,4.0,1790319359507.0,c,,,12.42066907091949,graded,,oss120b
hpcagent-bench-runs/cpf-llr-focus40-20260915/639219/judge/rank-0/hpcagent_bench0.db,cpf-llr-focus40-oss120b-c-skills-clean.n0.p28.w28,tsvc_2_s3112,cpf-llr-focus40-oss120b-c-skills,,graded,,4.159096916774447,4.0,0.0,1790319359562.0,c,,,,graded,,oss120b
hpcagent-bench-runs/cpf-llr-focus40-20260914/636538/judge/rank-3/hpcagent_bench3.db,cpf-llr-focus40-oss120b-c-perf-playbook-cpu.n0.p23.w23,tsvc_2_s2710,cpf-llr-focus40-oss120b-c-perf-playbook-cpu,0.9972809089414592,graded,,1.0,4.0,4.0,1790319359562.0,c,,,1.0442026409970941,graded,,oss120b
hpcagent-bench-runs/cpf-llr-focus40-20260915/639219/judge/rank-3/hpcagent_bench3.db,cpf-llr-focus40-oss120b-c-skills-clean.n0.p3.w3,ext_war_unit,cpf-llr-focus40-oss120b-c-skills-clean,6.97659477069725,graded,,1.8058298368432193,4.0,4.0,1790319359581.0,c,,,1.8058298368432193,graded,,oss120b
hpcagent-bench-runs/cpf-llr-focus40-20260920/643373/judge/rank-1/hpcagent_bench1.db,cpf-llr-focus40-oss120b-c-cpfsrc-v2-clean.n0.p25.w25,tsvc_2_s311,cpf-llr-focus40-oss120b-c-cpfsrc-v2-clean,31.515940301749282,graded,,19.314351589749215,4.0,4.0,1790319359582.0,c,,,19.314351589749215,graded,,oss120b
hpcagent-bench-runs/cpf-llr-focus40-20260915/639060/judge/rank-3/hpcagent_bench3.db,cpf-llr-focus40-oss120b-c-cpf.n0.p27.w27,tsvc_2_s3111,cpf-llr-focus40-oss120b-c-cpf,74.0288864301153,graded,,28.866468633912532,4.0,4.0,1790319359582.0,c,,,28.866468633912532,graded,,oss120b
hpcagent-bench-runs/cpf-llr-focus40-20260915/639219/judge/rank-3/hpcagent_bench3.db,cpf-llr-focus40-oss120b-c-skills-clean.n0.p31.w31,tsvc_2_s319,cpf-llr-focus40-oss120b-c-skills-clean,14.30540713208816,graded,,8.603280036152062,4.0,4.0,1790319359582.0,c,,,7.988455921182604,graded,,oss120b
hpcagent-bench-runs/cpf-llr-focus40-20260914/636540/judge/rank-2/hpcagent_bench2.db,cpf-llr-focus40-qwen38-c.n0.p14.w14,tsvc_2_s1244,cpf-llr-focus40-qwen38-c,11.623777478590497,graded,,4.947364705778502,4.0,4.0,1790319359620.0,c,,,4.947364705778502,graded,,qwen38
hpcagent-bench-runs/cpf-llr-focus40-20260920/643373/judge/rank-3/hpcagent_bench3.db,cpf-llr-focus40-oss120b-c-cpfsrc-v2-clean.n0.p19.w19,tsvc_2_s233,cpf-llr-focus40-oss120b-c-cpfsrc-v2-clean,101.92933135429945,graded,,78.588383926158,4.0,4.0,1790319359620.0,c,,,75.78968020901729,graded,,oss120b
hpcagent-bench-runs/cpf-llr-focus40-20260915/639213/judge/rank-0/hpcagent_bench0.db,cpf-llr-focus40-oss120b-c-cpf-clean.n0.p16.w16,tsvc_2_s2233,cpf-llr-focus40-oss120b-c-cpf-clean,13.959479136252163,graded,,17.53470263851859,4.0,4.0,1790319359620.0,c,,,18.1543791894545,graded,,oss120b
hpcagent-bench-runs/cpf-llr-focus40-20260914/636538/judge/rank-1/hpcagent_bench1.db,cpf-llr-focus40-oss120b-c-perf-playbook-cpu.n0.p13.w13,tsvc_2_s1232,cpf-llr-focus40-oss120b-c-perf-playbook-cpu,19.091829909021186,graded,,43.26407552137944,4.0,4.0,1790319359621.0,c,,,17.98674856973132,graded,,oss120b
hpcagent-bench-runs/cpf-llr-focus40-20260914/636538/judge/rank-0/hpcagent_bench0.db,cpf-llr-focus40-oss120b-c-perf-playbook-cpu.n0.p12.w12,tsvc_2_s119,cpf-llr-focus40-oss120b-c-perf-playbook-cpu,2.436386885361019,graded,,2.6827045914147516,4.0,4.0,1790319359628.0,c,,,1.7550146647824743,graded,,oss120b
hpcagent-bench-runs/cpf-llr-focus40-20260914/636540/judge/rank-0/hpcagent_bench0.db,cpf-llr-focus40-qwen38-c.n0.p36.w36,tsvc_2_vtvtv,cpf-llr-focus40-qwen38-c,0.9485550930247373,graded,,0.8299624427177671,4.0,4.0,1790319359628.0,c,,,0.8299624427177671,graded,,qwen38
hpcagent-bench-runs/cpf-llr-focus40-20260920/643373/judge/rank-1/hpcagent_bench1.db,cpf-llr-focus40-oss120b-c-cpfsrc-v2-clean.n0.p37.w37,versioned_distance_update,cpf-llr-focus40-oss120b-c-cpfsrc-v2-clean,1.8511836765805307,graded,,0.9623084627438021,4.0,4.0,1790319359629.0,c,,,0.9772863201807727,graded,,oss120b
hpcagent-bench-runs/cpf-llr-focus40-20260914/636538/judge/rank-3/hpcagent_bench3.db,cpf-llr-focus40-oss120b-c-perf-playbook-cpu.n0.p11.w11,tsvc_2_s115,cpf-llr-focus40-oss120b-c-perf-playbook-cpu,1.3682254650516956,graded,,3.555212873195895,4.0,4.0,1790319359629.0,c,,,3.423187882302955,graded,,oss120b
hpcagent-bench-runs/cpf-llr-focus40-20260915/639219/judge/rank-2/hpcagent_bench2.db,cpf-llr-focus40-oss120b-c-skills-clean.n0.p2.w2,ext_break_capture,cpf-llr-focus40-oss120b-c-skills-clean,11.827041891542743,graded,,4.42512510387441,4.0,4.0,1790319359665.0,c,,,4.42512510387441,graded,,oss120b
hpcagent-bench-runs/cpf-llr-focus40-20260914/636537/judge/rank-1/hpcagent_bench1.db,cpf-llr-focus40-oss120b-c-cpf.n0.p1.w1,compact_threshold_pack,cpf-llr-focus40-oss120b-c-cpf,7.780594670865686,graded,,6.462561225689181,4.0,4.0,1790319359666.0,c,,,6.462561225689181,graded,,oss120b
hpcagent-bench-runs/cpf-llr-focus40-20260920/643372/judge/rank-2/hpcagent_bench2.db,cpf-llr-focus40-qwen38-c-cpfsrc-v2-clean.n0.p34.w34,tsvc_2_vag,cpf-llr-focus40-qwen38-c-cpfsrc-v2-clean,1.008491557734495,graded,,0.9895149739868975,4.0,4.0,1790319359666.0,c,,,,error,no cell produced a measurement,qwen38
hpcagent-bench-runs/cpf-llr-focus40-20260919/643314/judge/rank-0/hpcagent_bench0.db,cpf-llr-focus40-oss120b-c-cpfsrc-v2-clean.n0.p0.w0,argmax_with_index,cpf-llr-focus40-oss120b-c-cpfsrc-v2-clean,52.52509525208153,graded,,15.617674555512039,4.0,4.0,1790319359666.0,c,,,15.617674555512039,graded,,oss120b
hpcagent-bench-runs/cpf-llr-focus40-20260920/643373/judge/rank-1/hpcagent_bench1.db,cpf-llr-focus40-oss120b-c-cpfsrc-v2-clean.n0.p9.w9,scatter_accum_dup,cpf-llr-focus40-oss120b-c-cpfsrc-v2-clean,19.39144013733119,graded,,10.307746442012752,4.0,4.0,1790319359669.0,c,,,,error,no cell produced a measurement,oss120b
hpcagent-bench-runs/cpf-llr-focus40-20260914/636538/judge/rank-3/hpcagent_bench3.db,cpf-llr-focus40-oss120b-c-perf-playbook-cpu.n0.p7.w7,quasi_affine_reduce_odd,cpf-llr-focus40-oss120b-c-perf-playbook-cpu,19.136748081932375,graded,,8.237209361049745,4.0,4.0,1790319359669.0,c,,,10.537006132986628,graded,,oss120b
hpcagent-bench-runs/cpf-llr-focus40-20260915/639213/judge/rank-0/hpcagent_bench0.db,cpf-llr-focus40-oss120b-c-cpf-clean.n0.p24.w24,tsvc_2_s275,cpf-llr-focus40-oss120b-c-cpf-clean,1.000085588155419,graded,,1.0209164680422154,4.0,4.0,1790319359669.0,c,,,0.9982920994082233,graded,,oss120b
hpcagent-bench-runs/cpf-llr-focus40-20260914/636538/judge/rank-3/hpcagent_bench3.db,cpf-llr-focus40-oss120b-c-perf-playbook-cpu.n0.p35.w35,tsvc_2_vpvts,cpf-llr-focus40-oss120b-c-perf-playbook-cpu,1.0053824307517594,graded,,0.9976605470737983,4.0,4.0,1790319359669.0,c,,,1.0048941524901231,graded,,oss120b
hpcagent-bench-runs/cpf-llr-focus40-20260915/639219/judge/rank-0/hpcagent_bench0.db,cpf-llr-focus40-oss120b-c-skills-clean.n0.p8.w8,scan_affine_decay,cpf-llr-focus40-oss120b-c-skills-clean,15.171771984556148,graded,,1.4933775347170684,4.0,4.0,1790319359669.0,c,,,7.49311321289599,graded,,oss120b
hpcagent-bench-runs/cpf-llr-focus40-20260914/636541/judge/rank-2/hpcagent_bench2.db,cpf-llr-focus40-qwen38-c-cpf.n0.p18.w18,tsvc_2_s231,cpf-llr-focus40-qwen38-c-cpf,1.0316922711241978,graded,,0.9254728665988299,4.0,4.0,1790319359669.0,c,,,0.9254728665988299,graded,,qwen38
hpcagent-bench-runs/cpf-llr-focus40-20260915/639219/judge/rank-1/hpcagent_bench1.db,cpf-llr-focus40-oss120b-c-skills-clean.n0.p33.w33,tsvc_2_s4112,cpf-llr-focus40-oss120b-c-skills-clean,1.1356229986975384,graded,,1.2006400415156049,4.0,4.0,1790319359670.0,c,,,,error,no cell produced a measurement,oss120b
hpcagent-bench-runs/cpf-llr-focus40-20260914/636541/judge/rank-0/hpcagent_bench0.db,cpf-llr-focus40-qwen38-c-cpf.n0.p4.w4,fuse_diamond,cpf-llr-focus40-qwen38-c-cpf,67.27615128002792,graded,,41.706119289974986,4.0,4.0,1790319359671.0,c,,,41.706119289974986,graded,,qwen38
hpcagent-bench-runs/cpf-llr-focus40-20260914/636538/judge/rank-2/hpcagent_bench2.db,cpf-llr-focus40-oss120b-c-perf-playbook-cpu.n0.p30.w30,tsvc_2_s318,cpf-llr-focus40-oss120b-c-perf-playbook-cpu,35.29988964580704,graded,,6.891655973981195,4.0,4.0,1790319359680.0,c,,,9.124242450261155,graded,,oss120b
hpcagent-bench-runs/cpf-llr-focus40-20260917/640554/judge/rank-2/hpcagent_bench2.db,cpf-llr-focus40-oss120b-c-skills.n0.p26.w26,tsvc_2_s3110,cpf-llr-focus40-oss120b-c-skills,50.18447555164522,graded,,16.947076003627554,4.0,4.0,1790319359680.0,c,,,15.932012278517517,graded,,oss120b
hpcagent-bench-runs/cpf-llr-focus40-20260915/639213/judge/rank-1/hpcagent_bench1.db,cpf-llr-focus40-oss120b-c-cpf-clean.n0.p29.w29,tsvc_2_s316,cpf-llr-focus40-oss120b-c-cpf-clean,29.28266632403105,graded,,12.527542460070679,4.0,4.0,1790319359681.0,c,,,13.807399742571533,graded,,oss120b
hpcagent-bench-runs/cpf-llr-focus40-20260917/640076/judge/rank-1/hpcagent_bench1.db,cpf-llr-focus40-qwen38-c.n0.p17.w17,tsvc_2_s2275,cpf-llr-focus40-qwen38-c,5.858978612626825,graded,,3.673333870002209,4.0,4.0,1790319359681.0,c,,,3.3901674394654764,graded,,qwen38
hpcagent-bench-runs/cpf-llr-focus40-20260914/636540/judge/rank-1/hpcagent_bench1.db,cpf-llr-focus40-qwen38-c.n0.p5.w5,fuse_move_ifs,cpf-llr-focus40-qwen38-c,3.3840650258443055,graded,,3.857290576652902,4.0,4.0,1790319359733.0,c,,,,,,qwen38
hpcagent-bench-runs/cpf-llr-focus40-20260915/639219/judge/rank-0/hpcagent_bench0.db,cpf-llr-focus40-oss120b-c-skills-clean.n0.p20.w20,tsvc_2_s235,cpf-llr-focus40-oss120b-c-skills-clean,1.1833490886248499,graded,,1.20118326291279,4.0,4.0,1790319359734.0,c,,,1.1826640160838404,graded,,oss120b
hpcagent-bench-runs/cpf-llr-focus40-20260915/639219/judge/rank-0/hpcagent_bench0.db,cpf-llr-focus40-oss120b-c-skills-clean.n0.p32.w32,tsvc_2_s323,cpf-llr-focus40-oss120b-c-skills-clean,6.153388915844962,graded,,3.722414399350956,4.0,4.0,1790319359735.0,c,,,,graded,,oss120b
hpcagent-bench-runs/cpf-llr-focus40-20260915/639219/judge/rank-1/hpcagent_bench1.db,cpf-llr-focus40-oss120b-c-skills-clean.n0.p21.w21,tsvc_2_s252,cpf-llr-focus40-oss120b-c-skills-clean,8.551330882097758,graded,,2.404711949415861,4.0,4.0,1790319359735.0,c,,,2.404711949415861,graded,,oss120b
hpcagent-bench-runs/cpf-llr-focus40-20260916/639342/judge/rank-2/hpcagent_bench2.db,cpf-llr-focus40-qwen38-c-cpf-clean.n0.p18.w18,tsvc_2_s231,cpf-llr-focus40-qwen38-c-cpf-clean,2.395793868424485,graded,,1.806497849233931,4.0,4.0,1790319512788.0,c,,,1.5589911716487312,graded,,qwen38
hpcagent-bench-runs/cpf-llr-focus40-20260915/639219/judge/rank-2/hpcagent_bench2.db,cpf-llr-focus40-oss120b-c-skills-clean.n0.p10.w10,segment_reduce_ragged,cpf-llr-focus40-oss120b-c-skills-clean,23.578282831571137,graded,,13.711638332421751,4.0,4.0,1790319521980.0,c,,,13.711638332421751,graded,,oss120b
hpcagent-bench-runs/cpf-llr-focus40-20260915/639207/judge/rank-0/hpcagent_bench0.db,cpf-llr-focus40-qwen38-c-clean.n0.p20.w20,tsvc_2_s235,cpf-llr-focus40-qwen38-c-clean,2.8371786285202396,graded,,1.4865380136911137,4.0,4.0,1790319530526.0,c,,,1.4865380136911137,graded,,qwen38
hpcagent-bench-runs/cpf-llr-focus40-20260914/636538/judge/rank-3/hpcagent_bench3.db,cpf-llr-focus40-oss120b-c-perf-playbook-cpu.n0.p19.w19,tsvc_2_s233,cpf-llr-focus40-oss120b-c-perf-playbook-cpu,36.99550910641126,graded,,32.33908834630805,4.0,4.0,1790319535718.0,c,,,33.936280384071864,graded,,oss120b
hpcagent-bench-runs/cpf-llr-focus40-20260915/639210/judge/rank-1/hpcagent_bench1.db,cpf-llr-focus40-qwen38-c-cpf-clean.n0.p17.w17,tsvc_2_s2275,cpf-llr-focus40-qwen38-c-cpf-clean,5.945521254535642,graded,,3.2719393359300364,4.0,4.0,1790319537025.0,c,,,3.3179200917401763,graded,,qwen38
hpcagent-bench-runs/cpf-llr-focus40-20260915/639207/judge/rank-0/hpcagent_bench0.db,cpf-llr-focus40-qwen38-c-clean.n0.p8.w8,scan_affine_decay,cpf-llr-focus40-qwen38-c-clean,15.46917528817285,graded,,8.216244119263557,4.0,4.0,1790319539716.0,c,,,8.216244119263557,graded,,qwen38
hpcagent-bench-runs/cpf-llr-focus40-20260916/639343/judge/rank-0/hpcagent_bench0.db,cpf-llr-focus40-qwen38-c-skills-clean.n0.p4.w4,fuse_diamond,cpf-llr-focus40-qwen38-c-skills-clean,66.32217765174607,graded,,42.6164024443433,4.0,4.0,1790319553338.0,c,,,42.6164024443433,graded,,qwen38
hpcagent-bench-runs/cpf-llr-focus40-20260915/639219/judge/rank-3/hpcagent_bench3.db,cpf-llr-focus40-oss120b-c-skills-clean.n0.p11.w11,tsvc_2_s115,cpf-llr-focus40-oss120b-c-skills-clean,2.032160856922007,graded,,2.460232169605483,4.0,4.0,1790319564946.0,c,,,2.460232169605483,graded,,oss120b
hpcagent-bench-runs/cpf-llr-focus40-20260914/636538/judge/rank-1/hpcagent_bench1.db,cpf-llr-focus40-oss120b-c-perf-playbook-cpu.n0.p9.w9,scatter_accum_dup,cpf-llr-focus40-oss120b-c-perf-playbook-cpu,19.402931869379927,graded,,10.891343458902172,4.0,4.0,1790319565532.0,c,,,10.752974397454677,graded,,oss120b
hpcagent-bench-runs/cpf-llr-focus40-20260915/639219/judge/rank-1/hpcagent_bench1.db,cpf-llr-focus40-oss120b-c-skills-clean.n0.p13.w13,tsvc_2_s1232,cpf-llr-focus40-oss120b-c-skills-clean,22.148717287179302,graded,,18.007733589641273,4.0,4.0,1790319566598.0,c,,,18.007733589641273,graded,,oss120b
hpcagent-bench-runs/cpf-llr-focus40-20260918/641069/judge/rank-1/hpcagent_bench1.db,cpf-llr-focus40-qwen38-c.n0.p1.w1,ext_break_capture,cpf-llr-focus40-qwen38-c,12.11809332297789,graded,,4.560717484937497,4.0,4.0,1790319573127.0,c,,,4.725290604227952,graded,,qwen38
hpcagent-bench-runs/cpf-llr-focus40-20260915/639219/judge/rank-2/hpcagent_bench2.db,cpf-llr-focus40-oss120b-c-skills-clean.n0.p26.w26,tsvc_2_s3110,cpf-llr-focus40-oss120b-c-skills-clean,24.771069133583232,graded,,10.35658223565609,4.0,4.0,1790319579305.0,c,,,10.35658223565609,graded,,oss120b
hpcagent-bench-runs/cpf-llr-focus40-20260916/639338/judge/rank-0/hpcagent_bench0.db,cpf-llr-focus40-qwen38-c-clean.n0.p36.w36,tsvc_2_vtvtv,cpf-llr-focus40-qwen38-c-clean,1.0080698852606558,graded,,1.0265664197656375,4.0,4.0,1790319583207.0,c,,,1.0265664197656375,graded,,qwen38
hpcagent-bench-runs/cpf-llr-focus40-20260916/639338/judge/rank-1/hpcagent_bench1.db,cpf-llr-focus40-qwen38-c-clean.n0.p5.w5,fuse_move_ifs,cpf-llr-focus40-qwen38-c-clean,3.4374166166195854,graded,,2.038365372132165,4.0,4.0,1790319583449.0,c,,,2.038365372132165,graded,,qwen38
hpcagent-bench-runs/cpf-llr-focus40-20260920/643373/judge/rank-0/hpcagent_bench0.db,cpf-llr-focus40-oss120b-c-cpfsrc-v2-clean.n0.p24.w24,tsvc_2_s275,cpf-llr-focus40-oss120b-c-cpfsrc-v2-clean,3.03859694376529,graded,,1.7318011140366047,4.0,4.0,1790319585105.0,c,,,1.7581346776424305,graded,,oss120b
hpcagent-bench-runs/cpf-llr-focus40-20260915/639219/judge/rank-3/hpcagent_bench3.db,cpf-llr-focus40-oss120b-c-skills-clean.n0.p7.w7,quasi_affine_reduce_odd,cpf-llr-focus40-oss120b-c-skills-clean,1.0428915321325838,graded,,2.002978605497316,4.0,4.0,1790319586084.0,c,,,2.002978605497316,graded,,oss120b
hpcagent-bench-runs/cpf-llr-focus40-20260914/636541/judge/rank-1/hpcagent_bench1.db,cpf-llr-focus40-qwen38-c-cpf.n0.p21.w21,tsvc_2_s252,cpf-llr-focus40-qwen38-c-cpf,14.244966745367694,graded,,4.565739341311713,4.0,4.0,1790319586096.0,c,,,4.66548799000647,graded,,qwen38
hpcagent-bench-runs/cpf-llr-focus40-20260917/640554/judge/rank-0/hpcagent_bench0.db,cpf-llr-focus40-oss120b-c-skills.n0.p12.w12,tsvc_2_s119,cpf-llr-focus40-oss120b-c-skills,0.8994072883868639,graded,,1.529560035299609,4.0,4.0,1790319594155.0,c,,,1.5021736581883463,graded,,oss120b
hpcagent-bench-runs/cpf-llr-focus40-20260920/643373/judge/rank-0/hpcagent_bench0.db,cpf-llr-focus40-oss120b-c-cpfsrc-v2-clean.n0.p0.w0,argmax_with_index,cpf-llr-focus40-oss120b-c-cpfsrc-v2-clean,40.24786576906356,graded,,20.449308569239495,4.0,4.0,1790319599923.0,c,,,17.355153565264242,graded,,oss120b
hpcagent-bench-runs/cpf-llr-focus40-20260915/639219/judge/rank-2/hpcagent_bench2.db,cpf-llr-focus40-oss120b-c-skills-clean.n0.p30.w30,tsvc_2_s318,cpf-llr-focus40-oss120b-c-skills-clean,55.202668288304956,graded,,13.866344346430228,4.0,4.0,1790319600671.0,c,,,13.32753136915534,graded,,oss120b
hpcagent-bench-runs/cpf-llr-focus40-20260914/636538/judge/rank-1/hpcagent_bench1.db,cpf-llr-focus40-oss120b-c-perf-playbook-cpu.n0.p37.w37,versioned_distance_update,cpf-llr-focus40-oss120b-c-perf-playbook-cpu,3.395201225042832,graded,,11.410318543331893,4.0,4.0,1790319605292.0,c,,,1.4503654565449668,graded,,oss120b
hpcagent-bench-runs/cpf-llr-focus40-20260920/643373/judge/rank-1/hpcagent_bench1.db,cpf-llr-focus40-oss120b-c-cpfsrc-v2-clean.n0.p29.w29,tsvc_2_s316,cpf-llr-focus40-oss120b-c-cpfsrc-v2-clean,21.524818031269692,graded,,13.98332340146598,4.0,4.0,1790319607481.0,c,,,13.769572821238405,graded,,oss120b
hpcagent-bench-runs/cpf-llr-focus40-20260915/639219/judge/rank-3/hpcagent_bench3.db,cpf-llr-focus40-oss120b-c-skills-clean.n0.p35.w35,tsvc_2_vpvts,cpf-llr-focus40-oss120b-c-skills-clean,0.9937645954316492,graded,,1.023604348196584,4.0,4.0,1790319608321.0,c,,,1.023604348196584,graded,,oss120b
hpcagent-bench-runs/cpf-llr-focus40-20260915/639219/judge/rank-2/hpcagent_bench2.db,cpf-llr-focus40-oss120b-c-skills-clean.n0.p22.w22,tsvc_2_s255,cpf-llr-focus40-oss120b-c-skills-clean,16.64607009733852,graded,,6.245672698384061,4.0,4.0,1790319608407.0,c,,,6.245672698384061,graded,,oss120b
hpcagent-bench-runs/cpf-llr-focus40-20260914/636538/judge/rank-1/hpcagent_bench1.db,cpf-llr-focus40-oss120b-c-perf-playbook-cpu.n0.p25.w25,tsvc_2_s311,cpf-llr-focus40-oss120b-c-perf-playbook-cpu,29.130918379006665,graded,,11.748386161062873,4.0,4.0,1790319609441.0,c,,,11.847484080889576,graded,,oss120b
hpcagent-bench-runs/cpf-llr-focus40-20260915/639213/judge/rank-3/hpcagent_bench3.db,cpf-llr-focus40-oss120b-c-cpf-clean.n0.p27.w27,tsvc_2_s3111,cpf-llr-focus40-oss120b-c-cpf-clean,74.64274961038377,graded,,28.66918626518161,4.0,4.0,1790319609680.0,c,,,22.006372667319134,graded,,oss120b
hpcagent-bench-runs/cpf-llr-focus40-20260917/640076/judge/rank-3/hpcagent_bench3.db,cpf-llr-focus40-qwen38-c.n0.p3.w3,ext_war_unit,cpf-llr-focus40-qwen38-c,11.114924084455419,graded,,4.724175690392172,4.0,4.0,1790319611847.0,c,,,4.646925760614408,graded,,qwen38
hpcagent-bench-runs/cpf-llr-focus40-20260918/641069/judge/rank-3/hpcagent_bench3.db,cpf-llr-focus40-qwen38-c.n0.p23.w23,tsvc_2_s323,cpf-llr-focus40-qwen38-c,9.008306899366211,graded,,10.763542680000711,4.0,4.0,1790319612294.0,c,,,5.324405716116704,graded,,qwen38
hpcagent-bench-runs/cpf-llr-focus40-20260915/639219/judge/rank-3/hpcagent_bench3.db,cpf-llr-focus40-oss120b-c-skills-clean.n0.p15.w15,tsvc_2_s152,cpf-llr-focus40-oss120b-c-skills-clean,8.705414495549292,graded,,3.238495643926978,4.0,4.0,1790319613160.0,c,,,3.238495643926978,graded,,oss120b
hpcagent-bench-runs/cpf-llr-focus40-20260917/640076/judge/rank-3/hpcagent_bench3.db,cpf-llr-focus40-qwen38-c.n0.p31.w31,tsvc_2_s319,cpf-llr-focus40-qwen38-c,1.063188537249966,graded,,0.9711706895228813,4.0,4.0,1790319613993.0,c,,,0.9711706895228813,graded,,qwen38
hpcagent-bench-runs/cpf-llr-focus40-20260916/639338/judge/rank-2/hpcagent_bench2.db,cpf-llr-focus40-qwen38-c-clean.n0.p14.w14,tsvc_2_s1244,cpf-llr-focus40-qwen38-c-clean,11.759595114920359,graded,,5.773901977860769,4.0,4.0,1790319614427.0,c,,,5.809259381586485,graded,,qwen38
hpcagent-bench-runs/cpf-llr-focus40-20260915/639213/judge/rank-2/hpcagent_bench2.db,cpf-llr-focus40-oss120b-c-cpf-clean.n0.p6.w6,fuse_stencil_through_transient,cpf-llr-focus40-oss120b-c-cpf-clean,16.373587404540174,graded,,7.010858618901913,4.0,4.0,1790319615560.0,c,,,7.010858618901913,graded,,oss120b
hpcagent-bench-runs/cpf-llr-focus40-20260915/639219/judge/rank-3/hpcagent_bench3.db,cpf-llr-focus40-oss120b-c-skills-clean.n0.p23.w23,tsvc_2_s2710,cpf-llr-focus40-oss120b-c-skills-clean,1.0039773073729208,graded,,0.9708259452263518,4.0,4.0,1790319617176.0,c,,,0.9708259452263518,graded,,oss120b
hpcagent-bench-runs/cpf-llr-focus40-20260920/643373/judge/rank-0/hpcagent_bench0.db,cpf-llr-focus40-oss120b-c-cpfsrc-v2-clean.n0.p16.w16,tsvc_2_s2233,cpf-llr-focus40-oss120b-c-cpfsrc-v2-clean,108.87963823017746,graded,,58.06100254451588,4.0,4.0,1790319623913.0,c,,,58.06100254451588,graded,,oss120b
hpcagent-bench-runs/cpf-llr-focus40-20260915/639210/judge/rank-0/hpcagent_bench0.db,cpf-llr-focus40-qwen38-c-cpf-clean.n0.p28.w28,tsvc_2_s3112,cpf-llr-focus40-qwen38-c-cpf,,graded,,5.618856782329976,4.0,0.0,1790319627258.0,c,,,,graded,,qwen38
hpcagent-bench-runs/cpf-llr-focus40-20260915/639060/judge/rank-1/hpcagent_bench1.db,cpf-llr-focus40-oss120b-c-cpf.n0.p1.w1,compact_threshold_pack,cpf-llr-focus40-oss120b-c-cpf,10.80585749158959,graded,,6.183792657758602,4.0,4.0,1790319632593.0,c,,,6.183792657758602,graded,,oss120b
hpcagent-bench-runs/cpf-llr-focus40-20260920/643372/judge/rank-2/hpcagent_bench2.db,cpf-llr-focus40-qwen38-c-cpfsrc-v2-clean.n0.p18.w18,tsvc_2_s231,cpf-llr-focus40-qwen38-c-cpfsrc-v2-clean,2.853796441236094,graded,,1.576653028217667,4.0,4.0,1790319658990.0,c,,,1.5459611572320466,graded,,qwen38
hpcagent-bench-runs/cpf-llr-focus40-20260918/641069/judge/rank-2/hpcagent_bench2.db,cpf-llr-focus40-qwen38-c.n0.p6.w6,segment_reduce_ragged,cpf-llr-focus40-qwen38-c,22.91307555946396,graded,,12.760450751628193,4.0,4.0,1790319680777.0,c,,,12.252837648585881,graded,,qwen38
hpcagent-bench-runs/cpf-llr-focus40-20260914/636541/judge/rank-0/hpcagent_bench0.db,cpf-llr-focus40-qwen38-c-cpf.n0.p20.w20,tsvc_2_s235,cpf-llr-focus40-qwen38-c-cpf,2.9773791273929078,graded,,1.5825999432985698,4.0,4.0,1790319698775.0,c,,,1.5257190162082965,graded,,qwen38
hpcagent-bench-runs/cpf-llr-focus40-20260915/639207/judge/rank-1/hpcagent_bench1.db,cpf-llr-focus40-qwen38-c-clean.n0.p33.w33,tsvc_2_s4112,cpf-llr-focus40-qwen38-c-clean,1.072050116819159,graded,,1.052566710935919,4.0,4.0,1790319707434.0,c,,,1.052566710935919,graded,,qwen38
hpcagent-bench-runs/cpf-llr-focus40-20260915/639219/judge/rank-3/hpcagent_bench3.db,cpf-llr-focus40-oss120b-c-skills-clean.n0.p19.w19,tsvc_2_s233,cpf-llr-focus40-oss120b-c-skills-clean,17.406564176592795,graded,,38.521445619471436,4.0,4.0,1790319710646.0,c,,,38.23969653097349,graded,,oss120b
hpcagent-bench-runs/cpf-llr-focus40-20260920/643372/judge/rank-1/hpcagent_bench1.db,cpf-llr-focus40-qwen38-c-cpfsrc-v2-clean.n0.p17.w17,tsvc_2_s2275,cpf-llr-focus40-qwen38-c-cpfsrc-v2-clean,5.778336293941344,graded,,3.290246234674484,4.0,4.0,1790319713441.0,c,,,3.412911577083423,graded,,qwen38
hpcagent-bench-runs/cpf-llr-focus40-20260915/639216/judge/rank-2/hpcagent_bench2.db,cpf-llr-focus40-qwen38-c-skills-clean.n0.p34.w34,tsvc_2_vag,cpf-llr-focus40-qwen38-c-skills-clean,1.0265710205259833,graded,,1.00954093174657,4.0,4.0,1790319715409.0,c,,,1.00954093174657,graded,,qwen38
hpcagent-bench-runs/cpf-llr-focus40-20260914/636541/judge/rank-0/hpcagent_bench0.db,cpf-llr-focus40-qwen38-c-cpf.n0.p8.w8,scan_affine_decay,cpf-llr-focus40-qwen38-c-cpf,12.862302776480062,graded,,7.996528308514181,4.0,4.0,1790319715507.0,c,,,7.996528308514181,graded,,qwen38
hpcagent-bench-runs/cpf-llr-focus40-20260917/640554/judge/rank-1/hpcagent_bench1.db,cpf-llr-focus40-oss120b-c-skills.n0.p9.w9,scatter_accum_dup,cpf-llr-focus40-oss120b-c-skills,19.88517836626005,graded,,10.164696093991536,4.0,4.0,1790319755609.0,c,,,10.164696093991536,graded,,oss120b
hpcagent-bench-runs/cpf-llr-focus40-20260918/641069/judge/rank-3/hpcagent_bench3.db,cpf-llr-focus40-qwen38-c.n0.p7.w7,tsvc_2_s115,cpf-llr-focus40-qwen38-c,1.731312454886919,graded,,1.5234504300320078,4.0,4.0,1790319765774.0,c,,,1.4944464965729563,graded,,qwen38
hpcagent-bench-runs/cpf-llr-focus40-20260914/636540/judge/rank-1/hpcagent_bench1.db,cpf-llr-focus40-qwen38-c.n0.p13.w13,tsvc_2_s1232,cpf-llr-focus40-qwen38-c,25.44686739071517,graded,,87.22057822264296,4.0,4.0,1790319774874.0,c,,,,,,qwen38
hpcagent-bench-runs/cpf-llr-focus40-20260914/636541/judge/rank-2/hpcagent_bench2.db,cpf-llr-focus40-qwen38-c-cpf.n0.p2.w2,ext_break_capture,cpf-llr-focus40-qwen38-c-cpf,1.0,graded,,1.3692133358555858,4.0,4.0,1790319782064.0,c,,,1.1407563872098492,graded,,qwen38
hpcagent-bench-runs/cpf-llr-focus40-20260918/641069/judge/rank-0/hpcagent_bench0.db,cpf-llr-focus40-qwen38-c.n0.p20.w20,tsvc_2_s3110,cpf-llr-focus40-qwen38-c,2.609675398755045,graded,,3.268434568282938,4.0,4.0,1790319796203.0,c,,,3.296745005637229,graded,,qwen38
hpcagent-bench-runs/cpf-llr-focus40-20260915/639216/judge/rank-0/hpcagent_bench0.db,cpf-llr-focus40-qwen38-c-skills-clean.n0.p36.w36,tsvc_2_vtvtv,cpf-llr-focus40-qwen38-c-skills-clean,1.0057193627858003,graded,,1.0088346668115298,4.0,4.0,1790319804701.0,c,,,1.0088346668115298,graded,,qwen38
hpcagent-bench-runs/cpf-llr-focus40-20260914/636541/judge/rank-1/hpcagent_bench1.db,cpf-llr-focus40-qwen38-c-cpf.n0.p5.w5,fuse_move_ifs,cpf-llr-focus40-qwen38-c-cpf,3.427408512356296,graded,,2.070761255823617,4.0,4.0,1790319805816.0,c,,,2.070761255823617,graded,,qwen38
hpcagent-bench-runs/cpf-llr-focus40-20260918/641682/judge/rank-0/hpcagent_bench0.db,cpf-llr-focus40-qwen38-c-skills-clean.n0.p0.w0,tsvc_2_s231,cpf-llr-focus40-qwen38-c-skills-clean,2.803865737090233,graded,,1.7959000921382584,4.0,4.0,1790319806251.0,c,,,1.5280274634492799,graded,,qwen38
hpcagent-bench-runs/cpf-llr-focus40-20260914/636538/judge/rank-0/hpcagent_bench0.db,cpf-llr-focus40-oss120b-c-perf-playbook-cpu.n0.p24.w24,tsvc_2_s275,cpf-llr-focus40-oss120b-c-perf-playbook-cpu,1.0289267852397053,graded,,0.979413732122137,4.0,4.0,1790319809348.0,c,,,1.1127255960096867,graded,,oss120b
hpcagent-bench-runs/cpf-llr-focus40-20260916/639343/judge/rank-1/hpcagent_bench1.db,cpf-llr-focus40-qwen38-c-skills-clean.n0.p21.w21,tsvc_2_s252,cpf-llr-focus40-qwen38-c-skills-clean,14.18755709613144,graded,,5.437045958682865,4.0,4.0,1790319810957.0,c,,,4.486778611752578,graded,,qwen38
hpcagent-bench-runs/cpf-llr-focus40-20260914/636540/judge/rank-3/hpcagent_bench3.db,cpf-llr-focus40-qwen38-c.n0.p7.w7,quasi_affine_reduce_odd,cpf-llr-focus40-qwen38-c,1.0153016473842271,graded,,0.9989903020378055,4.0,4.0,1790319814430.0,c,,,0.9989903020378055,graded,,qwen38
hpcagent-bench-runs/cpf-llr-focus40-20260915/639219/judge/rank-0/hpcagent_bench0.db,cpf-llr-focus40-oss120b-c-skills-clean.n0.p12.w12,tsvc_2_s119,cpf-llr-focus40-oss120b-c-skills-clean,4.5368954743125585,graded,,1.3976911564529892,4.0,4.0,1790319829551.0,c,,,1.3976911564529892,graded,,oss120b
hpcagent-bench-runs/cpf-llr-focus40-20260914/636538/judge/rank-0/hpcagent_bench0.db,cpf-llr-focus40-oss120b-c-perf-playbook-cpu.n0.p0.w0,argmax_with_index,cpf-llr-focus40-oss120b-c-perf-playbook-cpu,52.33862089932637,graded,,13.899891775262532,4.0,4.0,1790319836612.0,c,,,15.734663511526094,graded,,oss120b
hpcagent-bench-runs/cpf-llr-focus40-20260914/636540/judge/rank-2/hpcagent_bench2.db,cpf-llr-focus40-qwen38-c.n0.p30.w30,tsvc_2_s318,cpf-llr-focus40-qwen38-c,57.408115680917945,graded,,17.379800248812966,4.0,4.0,1790319838143.0,c,,,3.7494087579881117,graded,,qwen38
hpcagent-bench-runs/cpf-llr-focus40-20260915/639207/judge/rank-2/hpcagent_bench2.db,cpf-llr-focus40-qwen38-c-clean.n0.p10.w10,segment_reduce_ragged,cpf-llr-focus40-qwen38-c-clean,22.677792651131057,graded,,12.159126976897255,4.0,4.0,1790319839902.0,c,,,12.159126976897255,graded,,qwen38
hpcagent-bench-runs/cpf-llr-focus40-20260915/639219/judge/rank-1/hpcagent_bench1.db,cpf-llr-focus40-oss120b-c-skills-clean.n0.p37.w37,versioned_distance_update,cpf-llr-focus40-oss120b-c-skills-clean,1.837644171662035,graded,,0.9681359718430107,4.0,4.0,1790319844910.0,c,,,0.9681359718430107,graded,,oss120b
hpcagent-bench-runs/cpf-llr-focus40-20260914/636538/judge/rank-1/hpcagent_bench1.db,cpf-llr-focus40-oss120b-c-perf-playbook-cpu.n0.p29.w29,tsvc_2_s316,cpf-llr-focus40-oss120b-c-perf-playbook-cpu,31.83181183150894,graded,,6.443571095880282,4.0,4.0,1790319851861.0,c,,,7.605096619725489,graded,,oss120b
hpcagent-bench-runs/cpf-llr-focus40-20260914/636540/judge/rank-3/hpcagent_bench3.db,cpf-llr-focus40-qwen38-c.n0.p35.w35,tsvc_2_vpvts,cpf-llr-focus40-qwen38-c,1.0,graded,,1.008398678350835,4.0,4.0,1790319856133.0,c,,,1.0074679955342216,graded,,qwen38
hpcagent-bench-runs/cpf-llr-focus40-20260920/643373/judge/rank-3/hpcagent_bench3.db,cpf-llr-focus40-oss120b-c-cpfsrc-v2-clean.n0.p27.w27,tsvc_2_s3111,cpf-llr-focus40-oss120b-c-cpfsrc-v2-clean,74.80918185592395,graded,,22.69615336351427,4.0,4.0,1790319856915.0,c,,,22.69615336351427,graded,,oss120b
hpcagent-bench-runs/cpf-llr-focus40-20260917/640554/judge/rank-1/hpcagent_bench1.db,cpf-llr-focus40-oss120b-c-skills.n0.p25.w25,tsvc_2_s311,cpf-llr-focus40-oss120b-c-skills,29.566311254861628,graded,,12.895420175704215,4.0,4.0,1790319857097.0,c,,,20.325599837129097,graded,,oss120b
hpcagent-bench-runs/cpf-llr-focus40-20260914/636540/judge/rank-2/hpcagent_bench2.db,cpf-llr-focus40-qwen38-c.n0.p22.w22,tsvc_2_s255,cpf-llr-focus40-qwen38-c,16.946166767159916,graded,,16.10355605891759,4.0,4.0,1790319857277.0,c,,,16.10355605891759,graded,,qwen38
hpcagent-bench-runs/cpf-llr-focus40-20260915/639207/judge/rank-3/hpcagent_bench3.db,cpf-llr-focus40-qwen38-c-clean.n0.p3.w3,ext_war_unit,cpf-llr-focus40-qwen38-c-clean,11.195089807140825,graded,,4.740502011204395,4.0,4.0,1790319862857.0,c,,,4.740502011204395,graded,,qwen38
hpcagent-bench-runs/cpf-llr-focus40-20260915/639207/judge/rank-0/hpcagent_bench0.db,cpf-llr-focus40-qwen38-c-clean.n0.p32.w32,tsvc_2_s323,cpf-llr-focus40-qwen38-c-clean,9.358285781638283,graded,,5.2156833693329405,4.0,4.0,1790319864923.0,c,,,5.2156833693329405,graded,,qwen38
hpcagent-bench-runs/cpf-llr-focus40-20260920/643372/judge/rank-0/hpcagent_bench0.db,cpf-llr-focus40-qwen38-c-cpfsrc-v2-clean.n0.p20.w20,tsvc_2_s235,cpf-llr-focus40-qwen38-c-cpfsrc-v2-clean,3.1446799447477143,graded,,1.613515338527313,4.0,4.0,1790319865159.0,c,,,1.613515338527313,graded,,qwen38
hpcagent-bench-runs/cpf-llr-focus40-20260918/641069/judge/rank-2/hpcagent_bench2.db,cpf-llr-focus40-qwen38-c.n0.p10.w10,tsvc_2_s152,cpf-llr-focus40-qwen38-c,8.670431968773393,graded,,3.2437434333915798,4.0,4.0,1790319867835.0,c,,,3.2508112424603812,graded,,qwen38
hpcagent-bench-runs/cpf-llr-focus40-20260920/643372/judge/rank-2/hpcagent_bench2.db,cpf-llr-focus40-qwen38-c-cpfsrc-v2-clean.n0.p14.w14,tsvc_2_s1244,cpf-llr-focus40-qwen38-c-cpfsrc-v2-clean,11.640849465193778,graded,,5.493028680371048,4.0,4.0,1790319868450.0,c,,,5.016862607781157,graded,,qwen38
hpcagent-bench-runs/cpf-llr-focus40-20260920/643373/judge/rank-2/hpcagent_bench2.db,cpf-llr-focus40-oss120b-c-cpfsrc-v2-clean.n0.p6.w6,fuse_stencil_through_transient,cpf-llr-focus40-oss120b-c-cpfsrc-v2-clean,14.422142477370866,graded,,7.076150361749971,4.0,4.0,1790319869714.0,c,,,7.076150361749971,graded,,oss120b
hpcagent-bench-runs/cpf-llr-focus40-20260916/639338/judge/rank-3/hpcagent_bench3.db,cpf-llr-focus40-qwen38-c-clean.n0.p31.w31,tsvc_2_s319,cpf-llr-focus40-qwen38-c-clean,14.661772232608604,graded,,13.805000798164201,4.0,4.0,1790319869910.0,c,,,13.805000798164201,graded,,qwen38
hpcagent-bench-runs/cpf-llr-focus40-20260914/636540/judge/rank-3/hpcagent_bench3.db,cpf-llr-focus40-qwen38-c.n0.p23.w23,tsvc_2_s2710,cpf-llr-focus40-qwen38-c,1.0079836239643631,graded,,1.0,4.0,4.0,1790319873709.0,c,,,,graded,,qwen38
hpcagent-bench-runs/cpf-llr-focus40-20260914/636538/judge/rank-0/hpcagent_bench0.db,cpf-llr-focus40-oss120b-c-perf-playbook-cpu.n0.p16.w16,tsvc_2_s2233,cpf-llr-focus40-oss120b-c-perf-playbook-cpu,9.558012747988755,graded,,8.629509764393784,4.0,4.0,1790319884137.0,c,,,11.250820765586973,graded,,oss120b
hpcagent-bench-runs/cpf-llr-focus40-20260914/636543/judge/rank-1/hpcagent_bench1.db,cpf-llr-focus40-qwen38-c-perf-playbook-cpu.n0.p17.w17,tsvc_2_s2275,cpf-llr-focus40-qwen38-c-perf-playbook-cpu,5.559070562995706,graded,,2.7634309359609186,4.0,4.0,1790319887408.0,c,,,3.272476260393417,graded,,qwen38
hpcagent-bench-runs/cpf-llr-focus40-20260918/641069/judge/rank-1/hpcagent_bench1.db,cpf-llr-focus40-qwen38-c.n0.p13.w13,tsvc_2_s233,cpf-llr-focus40-qwen38-c,113.69681035959769,graded,,78.74843632851542,4.0,4.0,1790319889706.0,c,,,82.14928263028618,graded,,qwen38
hpcagent-bench-runs/cpf-llr-focus40-20260916/639342/judge/rank-0/hpcagent_bench0.db,cpf-llr-focus40-qwen38-c-cpf-clean.n0.p8.w8,scan_affine_decay,cpf-llr-focus40-qwen38-c-cpf-clean,25.45729692867913,graded,,12.995731461143688,4.0,4.0,1790319892516.0,c,,,12.995731461143688,graded,,qwen38
hpcagent-bench-runs/cpf-llr-focus40-20260915/639213/judge/rank-1/hpcagent_bench1.db,cpf-llr-focus40-oss120b-c-cpf-clean.n0.p1.w1,compact_threshold_pack,cpf-llr-focus40-oss120b-c-cpf-clean,19.2551603420706,graded,,10.476915517335604,4.0,4.0,1790319899909.0,c,,,10.476915517335604,graded,,oss120b
hpcagent-bench-runs/cpf-llr-focus40-20260915/639219/judge/rank-1/hpcagent_bench1.db,cpf-llr-focus40-oss120b-c-skills-clean.n0.p9.w9,scatter_accum_dup,cpf-llr-focus40-oss120b-c-skills-clean,20.13937358432738,graded,,11.079612887674376,4.0,4.0,1790319927452.0,c,,,11.079612887674376,graded,,oss120b
hpcagent-bench-runs/cpf-llr-focus40-20260920/643372/judge/rank-3/hpcagent_bench3.db,cpf-llr-focus40-qwen38-c-cpfsrc-v2-clean.n0.p11.w11,tsvc_2_s115,cpf-llr-focus40-qwen38-c-cpfsrc-v2-clean,1.3450578441635148,graded,,3.315156525870485,4.0,4.0,1790319966898.0,c,,,2.995705965101174,graded,,qwen38
hpcagent-bench-runs/cpf-llr-focus40-20260918/641069/judge/rank-1/hpcagent_bench1.db,cpf-llr-focus40-qwen38-c.n0.p9.w9,tsvc_2_s1232,cpf-llr-focus40-qwen38-c,22.29315729763374,graded,,22.188726550138018,4.0,4.0,1790319983402.0,c,,,22.188726550138018,graded,,qwen38
hpcagent-bench-runs/cpf-llr-focus40-20260920/643372/judge/rank-2/hpcagent_bench2.db,cpf-llr-focus40-qwen38-c-cpfsrc-v2-clean.n0.p2.w2,ext_break_capture,cpf-llr-focus40-qwen38-c-cpfsrc-v2-clean,1.018342960679556,graded,,1.0,4.0,4.0,1790319993676.0,c,,,1.0,graded,,qwen38
hpcagent-bench-runs/cpf-llr-focus40-20260916/639338/judge/rank-2/hpcagent_bench2.db,cpf-llr-focus40-qwen38-c-clean.n0.p10.w10,segment_reduce_ragged,cpf-llr-focus40-qwen38-c-clean,21.086988576067018,graded,,10.377348494506819,4.0,4.0,1790319998872.0,c,,,10.377348494506819,graded,,qwen38
hpcagent-bench-runs/cpf-llr-focus40-20260920/643372/judge/rank-2/hpcagent_bench2.db,cpf-llr-focus40-qwen38-c-cpfsrc-v2-clean.n0.p26.w26,tsvc_2_s3110,cpf-llr-focus40-qwen38-c-cpfsrc-v2-clean,51.477822984860374,graded,,19.722745289800226,4.0,4.0,1790320017562.0,c,,,15.50143097429942,graded,,qwen38
hpcagent-bench-runs/cpf-llr-focus40-20260920/643372/judge/rank-1/hpcagent_bench1.db,cpf-llr-focus40-qwen38-c-cpfsrc-v2-clean.n0.p5.w5,fuse_move_ifs,cpf-llr-focus40-qwen38-c-cpfsrc-v2-clean,3.4218701771196995,graded,,2.1632813207074237,4.0,4.0,1790320027581.0,c,,,2.075226386295902,graded,,qwen38
hpcagent-bench-runs/cpf-llr-focus40-20260916/639343/judge/rank-0/hpcagent_bench0.db,cpf-llr-focus40-qwen38-c-skills-clean.n0.p20.w20,tsvc_2_s235,cpf-llr-focus40-qwen38-c-skills-clean,2.2710110368143694,graded,,1.6597420268690046,4.0,4.0,1790320033951.0,c,,,1.7016244979134396,graded,,qwen38
hpcagent-bench-runs/cpf-llr-focus40-20260918/641681/judge/rank-0/hpcagent_bench0.db,cpf-llr-focus40-oss120b-c-skills-clean.n0.p0.w0,tsvc_2_s275,cpf-llr-focus40-oss120b-c-skills-clean,0.9997485223633811,graded,,0.9931575659007811,4.0,4.0,1790320034007.0,c,,,0.9931575659007811,graded,,oss120b
hpcagent-bench-runs/cpf-llr-focus40-20260915/639207/judge/rank-3/hpcagent_bench3.db,cpf-llr-focus40-qwen38-c-clean.n0.p7.w7,quasi_affine_reduce_odd,cpf-llr-focus40-qwen38-c-clean,18.804597349735413,graded,,10.575826061843406,4.0,4.0,1790320042609.0,c,,,10.575826061843406,graded,,qwen38
hpcagent-bench-runs/cpf-llr-focus40-20260916/639338/judge/rank-1/hpcagent_bench1.db,cpf-llr-focus40-qwen38-c-clean.n0.p33.w33,tsvc_2_s4112,cpf-llr-focus40-qwen38-c-clean,1.233762550106206,graded,,1.2455844115340298,4.0,4.0,1790320052622.0,c,,,,error,no cell produced a measurement,qwen38
hpcagent-bench-runs/cpf-llr-focus40-20260914/636540/judge/rank-3/hpcagent_bench3.db,cpf-llr-focus40-qwen38-c.n0.p19.w19,tsvc_2_s233,cpf-llr-focus40-qwen38-c,59.8542020915891,graded,,46.426687070267704,4.0,4.0,1790320066329.0,c,,,46.426687070267704,graded,,qwen38
hpcagent-bench-runs/cpf-llr-focus40-20260915/639216/judge/rank-1/hpcagent_bench1.db,cpf-llr-focus40-qwen38-c-skills-clean.n0.p17.w17,tsvc_2_s2275,cpf-llr-focus40-qwen38-c-skills-clean,5.718962361689437,graded,,3.303790687612767,4.0,4.0,1790320068085.0,c,,,3.303790687612767,graded,,qwen38
hpcagent-bench-runs/cpf-llr-focus40-20260914/636543/judge/rank-0/hpcagent_bench0.db,cpf-llr-focus40-qwen38-c-perf-playbook-cpu.n0.p8.w8,scan_affine_decay,cpf-llr-focus40-qwen38-c-perf-playbook-cpu,15.155610192541655,graded,,7.89233945699358,4.0,4.0,1790320069115.0,c,,,8.023509389437512,graded,,qwen38
hpcagent-bench-runs/cpf-llr-focus40-20260917/640554/judge/rank-0/hpcagent_bench0.db,cpf-llr-focus40-oss120b-c-skills.n0.p0.w0,argmax_with_index,cpf-llr-focus40-oss120b-c-skills,31.46951009805903,graded,,15.072401257069675,4.0,4.0,1790320073074.0,c,,,15.219014815340277,graded,,oss120b
hpcagent-bench-runs/cpf-llr-focus40-20260914/636540/judge/rank-1/hpcagent_bench1.db,cpf-llr-focus40-qwen38-c.n0.p37.w37,versioned_distance_update,cpf-llr-focus40-qwen38-c,3.1865543219859513,graded,,28.619360703690326,4.0,4.0,1790320085832.0,c,,,1.1369582097648308,graded,,qwen38
hpcagent-bench-runs/cpf-llr-focus40-20260914/636540/judge/rank-1/hpcagent_bench1.db,cpf-llr-focus40-qwen38-c.n0.p9.w9,scatter_accum_dup,cpf-llr-focus40-qwen38-c,19.918108941015138,graded,,10.377560724971557,4.0,4.0,1790320092304.0,c,,,10.377560724971557,graded,,qwen38
hpcagent-bench-runs/cpf-llr-focus40-20260917/640554/judge/rank-1/hpcagent_bench1.db,cpf-llr-focus40-oss120b-c-skills.n0.p29.w29,tsvc_2_s316,cpf-llr-focus40-oss120b-c-skills,30.384052230761032,graded,,13.821223821650372,4.0,4.0,1790320096151.0,c,,,13.647049737890278,graded,,oss120b
hpcagent-bench-runs/cpf-llr-focus40-20260916/639338/judge/rank-3/hpcagent_bench3.db,cpf-llr-focus40-qwen38-c-clean.n0.p35.w35,tsvc_2_vpvts,cpf-llr-focus40-qwen38-c-clean,1.0068086094342388,graded,,1.0032753121677178,4.0,4.0,1790320103904.0,c,,,1.0032753121677178,graded,,qwen38
hpcagent-bench-runs/cpf-llr-focus40-20260914/636538/judge/rank-3/hpcagent_bench3.db,cpf-llr-focus40-oss120b-c-perf-playbook-cpu.n0.p27.w27,tsvc_2_s3111,cpf-llr-focus40-oss120b-c-perf-playbook-cpu,55.225471494606694,graded,,22.613687684986207,4.0,4.0,1790320104160.0,c,,,29.45074532418588,graded,,oss120b
hpcagent-bench-runs/cpf-llr-focus40-20260915/639219/judge/rank-1/hpcagent_bench1.db,cpf-llr-focus40-oss120b-c-skills-clean.n0.p25.w25,tsvc_2_s311,cpf-llr-focus40-oss120b-c-skills-clean,30.218887188868656,graded,,19.476194768360397,4.0,4.0,1790320105596.0,c,,,19.476194768360397,graded,,oss120b
hpcagent-bench-runs/cpf-llr-focus40-20260915/639207/judge/rank-2/hpcagent_bench2.db,cpf-llr-focus40-qwen38-c-clean.n0.p22.w22,tsvc_2_s255,cpf-llr-focus40-qwen38-c-clean,16.751055541589537,graded,,6.130365854795439,4.0,4.0,1790320106227.0,c,,,6.130365854795439,graded,,qwen38
hpcagent-bench-runs/cpf-llr-focus40-20260916/639338/judge/rank-2/hpcagent_bench2.db,cpf-llr-focus40-qwen38-c-clean.n0.p30.w30,tsvc_2_s318,cpf-llr-focus40-qwen38-c-clean,71.30710361118093,graded,,14.188595218688645,4.0,4.0,1790320112033.0,c,,,14.188595218688645,graded,,qwen38
hpcagent-bench-runs/cpf-llr-focus40-20260914/636541/judge/rank-3/hpcagent_bench3.db,cpf-llr-focus40-qwen38-c-cpf.n0.p3.w3,ext_war_unit,cpf-llr-focus40-qwen38-c-cpf,10.951884647233182,graded,,4.678922110068009,4.0,4.0,1790320114030.0,c,,,4.678922110068009,graded,,qwen38
hpcagent-bench-runs/cpf-llr-focus40-20260916/639338/judge/rank-0/hpcagent_bench0.db,cpf-llr-focus40-qwen38-c-clean.n0.p32.w32,tsvc_2_s323,cpf-llr-focus40-qwen38-c-clean,1.023522620226747,graded,,1.7451555188610524,4.0,4.0,1790320117439.0,c,,,1.7451555188610524,graded,,qwen38
hpcagent-bench-runs/cpf-llr-focus40-20260914/636543/judge/rank-2/hpcagent_bench2.db,cpf-llr-focus40-qwen38-c-perf-playbook-cpu.n0.p14.w14,tsvc_2_s1244,cpf-llr-focus40-qwen38-c-perf-playbook-cpu,11.653164407184828,graded,,5.12918440244895,4.0,4.0,1790320122341.0,c,,,4.9190692406105105,graded,,qwen38
hpcagent-bench-runs/cpf-llr-focus40-20260915/639207/judge/rank-3/hpcagent_bench3.db,cpf-llr-focus40-qwen38-c-clean.n0.p15.w15,tsvc_2_s152,cpf-llr-focus40-qwen38-c-clean,8.70793008732213,graded,,3.30706372889146,4.0,4.0,1790320122523.0,c,,,3.30706372889146,graded,,qwen38
hpcagent-bench-runs/cpf-llr-focus40-20260914/636541/judge/rank-3/hpcagent_bench3.db,cpf-llr-focus40-qwen38-c-cpf.n0.p31.w31,tsvc_2_s319,cpf-llr-focus40-qwen38-c-cpf,14.19179253589866,graded,,6.332727662826141,4.0,4.0,1790320124010.0,c,,,6.332727662826141,graded,,qwen38
hpcagent-bench-runs/cpf-llr-focus40-20260914/636538/judge/rank-2/hpcagent_bench2.db,cpf-llr-focus40-oss120b-c-perf-playbook-cpu.n0.p6.w6,fuse_stencil_through_transient,cpf-llr-focus40-oss120b-c-perf-playbook-cpu,19.858115071028468,graded,,6.567098965870778,4.0,4.0,1790320124716.0,c,,,8.651710177416708,graded,,oss120b
hpcagent-bench-runs/cpf-llr-focus40-20260915/639216/judge/rank-3/hpcagent_bench3.db,cpf-llr-focus40-qwen38-c-skills-clean.n0.p23.w23,tsvc_2_s2710,cpf-llr-focus40-qwen38-c-skills-clean,0.997096046814483,graded,,1.0,4.0,4.0,1790320130471.0,c,,,1.0110306611037767,graded,,qwen38
hpcagent-bench-runs/cpf-llr-focus40-20260917/640554/judge/rank-0/hpcagent_bench0.db,cpf-llr-focus40-oss120b-c-skills.n0.p16.w16,tsvc_2_s2233,cpf-llr-focus40-oss120b-c-skills,12.746332769039023,graded,,16.587707910581507,4.0,4.0,1790320150829.0,c,,,16.338119825359737,graded,,oss120b
hpcagent-bench-runs/cpf-llr-focus40-20260914/636541/judge/rank-2/hpcagent_bench2.db,cpf-llr-focus40-qwen38-c-cpf.n0.p10.w10,segment_reduce_ragged,cpf-llr-focus40-qwen38-c-cpf,1.3227938164449409,graded,,1.321850757161009,4.0,4.0,1790320157771.0,c,,,1.321850757161009,graded,,qwen38
hpcagent-bench-runs/cpf-llr-focus40-20260914/636543/judge/rank-3/hpcagent_bench3.db,cpf-llr-focus40-qwen38-c-perf-playbook-cpu.n0.p11.w11,tsvc_2_s115,cpf-llr-focus40-qwen38-c-perf-playbook-cpu,1.7248231414885995,graded,,1.4941745231727257,4.0,4.0,1790320169170.0,c,,,1.548569785496944,graded,,qwen38
hpcagent-bench-runs/cpf-llr-focus40-20260920/643373/judge/rank-1/hpcagent_bench1.db,cpf-llr-focus40-oss120b-c-cpfsrc-v2-clean.n0.p1.w1,compact_threshold_pack,cpf-llr-focus40-oss120b-c-cpfsrc-v2-clean,17.920566850962608,graded,,10.566025456642587,4.0,4.0,1790320171879.0,c,,,11.31226154868032,graded,,oss120b
hpcagent-bench-runs/cpf-llr-focus40-20260915/639207/judge/rank-1/hpcagent_bench1.db,cpf-llr-focus40-qwen38-c-clean.n0.p13.w13,tsvc_2_s1232,cpf-llr-focus40-qwen38-c-clean,20.271999006574617,graded,,18.784047545648086,4.0,4.0,1790320191722.0,c,,,18.784047545648086,graded,,qwen38
hpcagent-bench-runs/cpf-llr-focus40-20260914/636543/judge/rank-2/hpcagent_bench2.db,cpf-llr-focus40-qwen38-c-perf-playbook-cpu.n0.p2.w2,ext_break_capture,cpf-llr-focus40-qwen38-c-perf-playbook-cpu,1.0,graded,,1.3993682579304285,4.0,4.0,1790320205161.0,c,,,,,,qwen38
hpcagent-bench-runs/cpf-llr-focus40-20260916/639343/judge/rank-2/hpcagent_bench2.db,cpf-llr-focus40-qwen38-c-skills-clean.n0.p26.w26,tsvc_2_s3110,cpf-llr-focus40-qwen38-c-skills-clean,52.19472503406801,graded,,11.101963554654402,4.0,4.0,1790320234082.0,c,,,10.810280261300061,graded,,qwen38
hpcagent-bench-runs/cpf-llr-focus40-20260914/636541/judge/rank-3/hpcagent_bench3.db,cpf-llr-focus40-qwen38-c-cpf.n0.p19.w19,tsvc_2_s233,cpf-llr-focus40-qwen38-c-cpf,59.67501802886421,graded,,66.53989895872283,4.0,4.0,1790320239636.0,c,,,66.53989895872283,graded,,qwen38
hpcagent-bench-runs/cpf-llr-focus40-20260916/639343/judge/rank-1/hpcagent_bench1.db,cpf-llr-focus40-qwen38-c-skills-clean.n0.p17.w17,tsvc_2_s2275,cpf-llr-focus40-qwen38-c-skills-clean,5.837673335881681,graded,,2.993933747692479,4.0,4.0,1790320244351.0,c,,,2.993933747692479,graded,,qwen38
hpcagent-bench-runs/cpf-llr-focus40-20260915/639216/judge/rank-0/hpcagent_bench0.db,cpf-llr-focus40-qwen38-c-skills-clean.n0.p8.w8,scan_affine_decay,cpf-llr-focus40-qwen38-c-skills-clean,15.172656075499354,graded,,7.438800825928061,4.0,4.0,1790320245385.0,c,,,7.438800825928061,graded,,qwen38
hpcagent-bench-runs/cpf-llr-focus40-20260916/639343/judge/rank-1/hpcagent_bench1.db,cpf-llr-focus40-qwen38-c-skills-clean.n0.p5.w5,fuse_move_ifs,cpf-llr-focus40-qwen38-c-skills-clean,3.4034400343155697,graded,,2.1457653860862447,4.0,4.0,1790320250498.0,c,,,2.1457653860862447,graded,,qwen38
hpcagent-bench-runs/cpf-llr-focus40-20260914/636541/judge/rank-0/hpcagent_bench0.db,cpf-llr-focus40-qwen38-c-cpf.n0.p24.w24,tsvc_2_s275,cpf-llr-focus40-qwen38-c-cpf,3.036517450177602,graded,,1.5606782476195449,4.0,4.0,1790320260650.0,c,,,1.5606782476195449,graded,,qwen38
hpcagent-bench-runs/cpf-llr-focus40-20260916/639338/judge/rank-3/hpcagent_bench3.db,cpf-llr-focus40-qwen38-c-clean.n0.p7.w7,quasi_affine_reduce_odd,cpf-llr-focus40-qwen38-c-clean,19.21994692049011,graded,,10.38362821959471,4.0,4.0,1790320266350.0,c,,,10.38362821959471,graded,,qwen38
hpcagent-bench-runs/cpf-llr-focus40-20260917/640076/judge/rank-1/hpcagent_bench1.db,cpf-llr-focus40-qwen38-c.n0.p9.w9,scatter_accum_dup,cpf-llr-focus40-qwen38-c,20.825585573685327,graded,,18.159514326350813,4.0,4.0,1790320281435.0,c,,,18.49277675927665,graded,,qwen38
hpcagent-bench-runs/cpf-llr-focus40-20260915/639219/judge/rank-0/hpcagent_bench0.db,cpf-llr-focus40-oss120b-c-skills-clean.n0.p0.w0,argmax_with_index,cpf-llr-focus40-oss120b-c-skills-clean,31.550394631083773,graded,,15.104852609572928,4.0,4.0,1790320309619.0,c,,,15.104852609572928,graded,,oss120b
hpcagent-bench-runs/cpf-llr-focus40-20260916/639342/judge/rank-2/hpcagent_bench2.db,cpf-llr-focus40-qwen38-c-cpf-clean.n0.p10.w10,segment_reduce_ragged,cpf-llr-focus40-qwen38-c-cpf-clean,22.52119185764858,graded,,12.901729487503546,4.0,4.0,1790320319979.0,c,,,12.901729487503546,graded,,qwen38
hpcagent-bench-runs/cpf-llr-focus40-20260916/639338/judge/rank-1/hpcagent_bench1.db,cpf-llr-focus40-qwen38-c-clean.n0.p37.w37,versioned_distance_update,cpf-llr-focus40-qwen38-c-clean,1.09462838896909,graded,,1.693676047115464,4.0,4.0,1790320328494.0,c,,,1.693676047115464,graded,,qwen38
hpcagent-bench-runs/cpf-llr-focus40-20260915/639219/judge/rank-1/hpcagent_bench1.db,cpf-llr-focus40-oss120b-c-skills-clean.n0.p29.w29,tsvc_2_s316,cpf-llr-focus40-oss120b-c-skills-clean,30.320437683302135,graded,,11.729473658427558,4.0,4.0,1790320340454.0,c,,,11.729473658427558,graded,,oss120b
hpcagent-bench-runs/cpf-llr-focus40-20260915/639210/judge/rank-2/hpcagent_bench2.db,cpf-llr-focus40-qwen38-c-cpf-clean.n0.p30.w30,tsvc_2_s318,cpf-llr-focus40-qwen38-c-cpf-clean,68.22787932477677,graded,,14.55097341513459,4.0,4.0,1790320349398.0,c,,,14.55097341513459,graded,,qwen38
hpcagent-bench-runs/cpf-llr-focus40-20260917/640554/judge/rank-3/hpcagent_bench3.db,cpf-llr-focus40-oss120b-c-skills.n0.p27.w27,tsvc_2_s3111,cpf-llr-focus40-oss120b-c-skills,74.75594597900471,graded,,29.026301461019287,4.0,4.0,1790320351320.0,c,,,21.523294039701145,graded,,oss120b
hpcagent-bench-runs/cpf-llr-focus40-20260914/636541/judge/rank-3/hpcagent_bench3.db,cpf-llr-focus40-qwen38-c-cpf.n0.p35.w35,tsvc_2_vpvts,cpf-llr-focus40-qwen38-c-cpf,0.9883297021635605,graded,,0.9935884137237568,4.0,4.0,1790320351896.0,c,,,1.0073712494550895,graded,,qwen38
hpcagent-bench-runs/cpf-llr-focus40-20260914/636541/judge/rank-1/hpcagent_bench1.db,cpf-llr-focus40-qwen38-c-cpf.n0.p25.w25,tsvc_2_s311,cpf-llr-focus40-qwen38-c-cpf,30.841845875825882,graded,,20.86377909355538,4.0,4.0,1790320353548.0,c,,,20.86377909355538,graded,,qwen38
hpcagent-bench-runs/cpf-llr-focus40-20260916/639338/judge/rank-2/hpcagent_bench2.db,cpf-llr-focus40-qwen38-c-clean.n0.p22.w22,tsvc_2_s255,cpf-llr-focus40-qwen38-c-clean,16.969115911116006,graded,,6.400369270614397,4.0,4.0,1790320355710.0,c,,,6.400369270614397,graded,,qwen38
hpcagent-bench-runs/cpf-llr-focus40-20260916/639342/judge/rank-3/hpcagent_bench3.db,cpf-llr-focus40-qwen38-c-cpf-clean.n0.p3.w3,ext_war_unit,cpf-llr-focus40-qwen38-c-cpf-clean,11.188741099650432,graded,,5.203729461212369,4.0,4.0,1790320365088.0,c,,,5.203729461212369,graded,,qwen38
hpcagent-bench-runs/cpf-llr-focus40-20260916/639343/judge/rank-3/hpcagent_bench3.db,cpf-llr-focus40-qwen38-c-skills-clean.n0.p11.w11,tsvc_2_s115,cpf-llr-focus40-qwen38-c-skills-clean,14.311892180476447,graded,,7.575722150728538,4.0,4.0,1790320371124.0,c,,,7.764793337729649,graded,,qwen38
hpcagent-bench-runs/cpf-llr-focus40-20260916/639342/judge/rank-0/hpcagent_bench0.db,cpf-llr-focus40-qwen38-c-cpf-clean.n0.p32.w32,tsvc_2_s323,cpf-llr-focus40-qwen38-c-cpf-clean,9.191814273697883,graded,,5.2367466545002594,4.0,4.0,1790320374275.0,c,,,5.207971816843339,graded,,qwen38
hpcagent-bench-runs/cpf-llr-focus40-20260914/636541/judge/rank-3/hpcagent_bench3.db,cpf-llr-focus40-qwen38-c-cpf.n0.p15.w15,tsvc_2_s152,cpf-llr-focus40-qwen38-c-cpf,8.631649221148447,graded,,3.1035523891523007,4.0,4.0,1790320375463.0,c,,,3.1035523891523007,graded,,qwen38
hpcagent-bench-runs/cpf-llr-focus40-20260920/643372/judge/rank-3/hpcagent_bench3.db,cpf-llr-focus40-qwen38-c-cpfsrc-v2-clean.n0.p31.w31,tsvc_2_s319,cpf-llr-focus40-qwen38-c-cpfsrc-v2-clean,14.892853470270767,graded,,8.49812553768977,4.0,4.0,1790320377538.0,c,,,8.192693589658738,graded,,qwen38
hpcagent-bench-runs/cpf-llr-focus40-20260917/640554/judge/rank-2/hpcagent_bench2.db,cpf-llr-focus40-oss120b-c-skills.n0.p6.w6,fuse_stencil_through_transient,cpf-llr-focus40-oss120b-c-skills,15.508960355495798,graded,,6.965242581267186,4.0,4.0,1790320379099.0,c,,,6.978634726905546,graded,,oss120b
hpcagent-bench-runs/cpf-llr-focus40-20260916/639343/judge/rank-1/hpcagent_bench1.db,cpf-llr-focus40-qwen38-c-skills-clean.n0.p33.w33,tsvc_2_s4112,cpf-llr-focus40-qwen38-c-skills-clean,1.1740066713383943,graded,,1.3031494221091358,4.0,4.0,1790320394240.0,c,,,,error,no cell produced a measurement,qwen38
hpcagent-bench-runs/cpf-llr-focus40-20260916/639338/judge/rank-1/hpcagent_bench1.db,cpf-llr-focus40-qwen38-c-clean.n0.p13.w13,tsvc_2_s1232,cpf-llr-focus40-qwen38-c-clean,24.690342136388235,graded,,28.342662219944263,4.0,4.0,1790320398618.0,c,,,28.342662219944263,graded,,qwen38
hpcagent-bench-runs/cpf-llr-focus40-20260915/639219/judge/rank-0/hpcagent_bench0.db,cpf-llr-focus40-oss120b-c-skills-clean.n0.p16.w16,tsvc_2_s2233,cpf-llr-focus40-oss120b-c-skills-clean,11.920060903077257,graded,,18.015265529739803,4.0,4.0,1790320409665.0,c,,,18.015265529739803,graded,,oss120b
hpcagent-bench-runs/cpf-llr-focus40-20260915/639210/judge/rank-3/hpcagent_bench3.db,cpf-llr-focus40-qwen38-c-cpf-clean.n0.p19.w19,tsvc_2_s233,cpf-llr-focus40-qwen38-c-cpf-clean,55.14055960001998,graded,,62.06195665982851,4.0,4.0,1790320414890.0,c,,,65.29985550132187,graded,,qwen38
hpcagent-bench-runs/cpf-llr-focus40-20260915/639216/judge/rank-2/hpcagent_bench2.db,cpf-llr-focus40-qwen38-c-skills-clean.n0.p2.w2,ext_break_capture,cpf-llr-focus40-qwen38-c-skills-clean,4.760860172537924,graded,,3.68902175093387,4.0,4.0,1790320416619.0,c,,,3.68902175093387,graded,,qwen38
hpcagent-bench-runs/cpf-llr-focus40-20260916/639343/judge/rank-0/hpcagent_bench0.db,cpf-llr-focus40-qwen38-c-skills-clean.n0.p8.w8,scan_affine_decay,cpf-llr-focus40-qwen38-c-skills-clean,1.2481263320111282,graded,,1.405187231711247,4.0,4.0,1790320423231.0,c,,,1.405187231711247,graded,,qwen38
hpcagent-bench-runs/cpf-llr-focus40-20260914/636538/judge/rank-1/hpcagent_bench1.db,cpf-llr-focus40-oss120b-c-perf-playbook-cpu.n0.p1.w1,compact_threshold_pack,cpf-llr-focus40-oss120b-c-perf-playbook-cpu,18.59157670179193,graded,,11.107832067782427,4.0,4.0,1790320435788.0,c,,,9.8532516958484,graded,,oss120b
hpcagent-bench-runs/cpf-llr-focus40-20260916/639338/judge/rank-1/hpcagent_bench1.db,cpf-llr-focus40-qwen38-c-clean.n0.p9.w9,scatter_accum_dup,cpf-llr-focus40-qwen38-c-clean,19.495212983389994,graded,,9.87399267216552,4.0,4.0,1790320436601.0,c,,,9.87399267216552,graded,,qwen38
hpcagent-bench-runs/cpf-llr-focus40-20260920/643372/judge/rank-2/hpcagent_bench2.db,cpf-llr-focus40-qwen38-c-cpfsrc-v2-clean.n0.p10.w10,segment_reduce_ragged,cpf-llr-focus40-qwen38-c-cpfsrc-v2-clean,22.736651335255612,graded,,12.85422757669957,4.0,4.0,1790320478951.0,c,,,12.85422757669957,graded,,qwen38
hpcagent-bench-runs/cpf-llr-focus40-20260920/643372/judge/rank-0/hpcagent_bench0.db,cpf-llr-focus40-qwen38-c-cpfsrc-v2-clean.n0.p24.w24,tsvc_2_s275,cpf-llr-focus40-qwen38-c-cpfsrc-v2-clean,3.0677486949201325,graded,,1.6009936289745856,4.0,4.0,1790320485104.0,c,,,1.5927935804913465,graded,,qwen38
hpcagent-bench-runs/cpf-llr-focus40-20260914/636541/judge/rank-3/hpcagent_bench3.db,cpf-llr-focus40-qwen38-c-cpf.n0.p7.w7,quasi_affine_reduce_odd,cpf-llr-focus40-qwen38-c-cpf,19.076907796038498,graded,,10.358694446826608,4.0,4.0,1790320490312.0,c,,,10.358694446826608,graded,,qwen38
hpcagent-bench-runs/cpf-llr-focus40-20260918/641069/judge/rank-0/hpcagent_bench0.db,cpf-llr-focus40-qwen38-c.n0.p0.w0,argmax_with_index,cpf-llr-focus40-qwen38-c,52.54806217107546,graded,,20.893294205830152,4.0,4.0,1790320546060.0,c,,,20.441382856057274,graded,,qwen38
hpcagent-bench-runs/cpf-llr-focus40-20260914/636543/judge/rank-1/hpcagent_bench1.db,cpf-llr-focus40-qwen38-c-perf-playbook-cpu.n0.p37.w37,versioned_distance_update,cpf-llr-focus40-qwen38-c-perf-playbook-cpu,1.717410956275556,graded,,3.716849679473682,4.0,4.0,1790320571820.0,c,,,0.5190736108095272,graded,,qwen38
hpcagent-bench-runs/cpf-llr-focus40-20260917/640076/judge/rank-1/hpcagent_bench1.db,cpf-llr-focus40-qwen38-c.n0.p29.w29,tsvc_2_s316,cpf-llr-focus40-qwen38-c,30.41011500323896,graded,,14.336209780921667,4.0,4.0,1790320584787.0,c,,,14.336209780921667,graded,,qwen38
hpcagent-bench-runs/cpf-llr-focus40-20260920/643372/judge/rank-2/hpcagent_bench2.db,cpf-llr-focus40-qwen38-c-cpfsrc-v2-clean.n0.p30.w30,tsvc_2_s318,cpf-llr-focus40-qwen38-c-cpfsrc-v2-clean,71.52103042658726,graded,,14.399416677322401,4.0,4.0,1790320586635.0,c,,,14.399416677322401,graded,,qwen38
hpcagent-bench-runs/cpf-llr-focus40-20260920/643372/judge/rank-3/hpcagent_bench3.db,cpf-llr-focus40-qwen38-c-cpfsrc-v2-clean.n0.p19.w19,tsvc_2_s233,cpf-llr-focus40-qwen38-c-cpfsrc-v2-clean,64.56643453112811,graded,,47.91391455985215,4.0,4.0,1790320589078.0,c,,,47.91391455985215,graded,,qwen38
hpcagent-bench-runs/cpf-llr-focus40-20260915/639219/judge/rank-3/hpcagent_bench3.db,cpf-llr-focus40-oss120b-c-skills-clean.n0.p27.w27,tsvc_2_s3111,cpf-llr-focus40-oss120b-c-skills-clean,80.82449351654418,graded,,28.979738134228935,4.0,4.0,1790320598665.0,c,,,28.979738134228935,graded,,oss120b
hpcagent-bench-runs/cpf-llr-focus40-20260920/643372/judge/rank-3/hpcagent_bench3.db,cpf-llr-focus40-qwen38-c-cpfsrc-v2-clean.n0.p35.w35,tsvc_2_vpvts,cpf-llr-focus40-qwen38-c-cpfsrc-v2-clean,0.9913318519622918,graded,,1.0,4.0,4.0,1790320600317.0,c,,,1.0100046265550495,graded,,qwen38
hpcagent-bench-runs/cpf-llr-focus40-20260915/639216/judge/rank-1/hpcagent_bench1.db,cpf-llr-focus40-qwen38-c-skills-clean.n0.p25.w25,tsvc_2_s311,cpf-llr-focus40-qwen38-c-skills-clean,26.8523275991013,graded,,12.893706129067468,4.0,4.0,1790320602510.0,c,,,12.893706129067468,graded,,qwen38
hpcagent-bench-runs/cpf-llr-focus40-20260915/639210/judge/rank-2/hpcagent_bench2.db,cpf-llr-focus40-qwen38-c-cpf-clean.n0.p22.w22,tsvc_2_s255,cpf-llr-focus40-qwen38-c-cpf-clean,12.485250136341955,graded,,4.572999636245323,4.0,4.0,1790320604246.0,c,,,4.572999636245323,graded,,qwen38
hpcagent-bench-runs/cpf-llr-focus40-20260914/636541/judge/rank-1/hpcagent_bench1.db,cpf-llr-focus40-qwen38-c-cpf.n0.p13.w13,tsvc_2_s1232,cpf-llr-focus40-qwen38-c-cpf,23.347217700313255,graded,,17.77121939431251,4.0,4.0,1790320606437.0,c,,,17.77121939431251,graded,,qwen38
hpcagent-bench-runs/cpf-llr-focus40-20260914/636543/judge/rank-3/hpcagent_bench3.db,cpf-llr-focus40-qwen38-c-perf-playbook-cpu.n0.p3.w3,ext_war_unit,cpf-llr-focus40-qwen38-c-perf-playbook-cpu,11.135813685494442,graded,,4.769100553764532,4.0,4.0,1790320615821.0,c,,,,,,qwen38
hpcagent-bench-runs/cpf-llr-focus40-20260916/639343/judge/rank-2/hpcagent_bench2.db,cpf-llr-focus40-qwen38-c-skills-clean.n0.p2.w2,ext_break_capture,cpf-llr-focus40-qwen38-c-skills-clean,63.885071580019755,graded,,26.620440297624388,4.0,4.0,1790320626095.0,c,,,26.620440297624388,graded,,qwen38
hpcagent-bench-runs/cpf-llr-focus40-20260920/643372/judge/rank-0/hpcagent_bench0.db,cpf-llr-focus40-qwen38-c-cpfsrc-v2-clean.n0.p32.w32,tsvc_2_s323,cpf-llr-focus40-qwen38-c-cpfsrc-v2-clean,9.740171052977233,graded,,5.58982264086341,4.0,4.0,1790320627829.0,c,,,12.711124142507632,graded,,qwen38
hpcagent-bench-runs/cpf-llr-focus40-20260920/643372/judge/rank-3/hpcagent_bench3.db,cpf-llr-focus40-qwen38-c-cpfsrc-v2-clean.n0.p15.w15,tsvc_2_s152,cpf-llr-focus40-qwen38-c-cpfsrc-v2-clean,8.72566630733798,graded,,3.260090499096601,4.0,4.0,1790320628654.0,c,,,3.3353785137134935,graded,,qwen38
hpcagent-bench-runs/cpf-llr-focus40-20260915/639219/judge/rank-2/hpcagent_bench2.db,cpf-llr-focus40-oss120b-c-skills-clean.n0.p6.w6,fuse_stencil_through_transient,cpf-llr-focus40-oss120b-c-skills-clean,17.20043991730965,graded,,7.188390156397045,4.0,4.0,1790320634626.0,c,,,7.188390156397045,graded,,oss120b
hpcagent-bench-runs/cpf-llr-focus40-20260914/636543/judge/rank-2/hpcagent_bench2.db,cpf-llr-focus40-qwen38-c-perf-playbook-cpu.n0.p10.w10,segment_reduce_ragged,cpf-llr-focus40-qwen38-c-perf-playbook-cpu,24.588347087177983,graded,,13.615868143718663,4.0,4.0,1790320637879.0,c,,,,,,qwen38
hpcagent-bench-runs/cpf-llr-focus40-20260914/636541/judge/rank-1/hpcagent_bench1.db,cpf-llr-focus40-qwen38-c-cpf.n0.p9.w9,scatter_accum_dup,cpf-llr-focus40-qwen38-c-cpf,5.2268175252071165,graded,,13.721864049968632,4.0,4.0,1790320639722.0,c,,,13.721864049968632,graded,,qwen38
hpcagent-bench-runs/cpf-llr-focus40-20260915/639207/judge/rank-0/hpcagent_bench0.db,cpf-llr-focus40-qwen38-c-clean.n0.p16.w16,tsvc_2_s2233,cpf-llr-focus40-qwen38-c-clean,51.1031212263585,graded,,42.73612085431553,4.0,4.0,1790320666650.0,c,,,42.73612085431553,graded,,qwen38
hpcagent-bench-runs/cpf-llr-focus40-20260915/639219/judge/rank-1/hpcagent_bench1.db,cpf-llr-focus40-oss120b-c-skills-clean.n0.p1.w1,compact_threshold_pack,cpf-llr-focus40-oss120b-c-skills-clean,12.788366180301326,graded,,9.144503157050634,4.0,4.0,1790320707357.0,c,,,9.126529597335098,graded,,oss120b
hpcagent-bench-runs/cpf-llr-focus40-20260916/639343/judge/rank-0/hpcagent_bench0.db,cpf-llr-focus40-qwen38-c-skills-clean.n0.p24.w24,tsvc_2_s275,cpf-llr-focus40-qwen38-c-skills-clean,1.0,graded,,1.0449302046064846,4.0,4.0,1790320709146.0,c,,,1.0449302046064846,graded,,qwen38
hpcagent-bench-runs/cpf-llr-focus40-20260920/643372/judge/rank-3/hpcagent_bench3.db,cpf-llr-focus40-qwen38-c-cpfsrc-v2-clean.n0.p7.w7,quasi_affine_reduce_odd,cpf-llr-focus40-qwen38-c-cpfsrc-v2-clean,18.879652752004624,graded,,10.51777006298801,4.0,4.0,1790320714488.0,c,,,10.034735841474179,graded,,qwen38
hpcagent-bench-runs/cpf-llr-focus40-20260914/636543/judge/rank-3/hpcagent_bench3.db,cpf-llr-focus40-qwen38-c-perf-playbook-cpu.n0.p19.w19,tsvc_2_s233,cpf-llr-focus40-qwen38-c-perf-playbook-cpu,106.04060866792383,graded,,76.32571964197552,4.0,4.0,1790320768539.0,c,,,76.83393976651419,graded,,qwen38
hpcagent-bench-runs/cpf-llr-focus40-20260920/643372/judge/rank-0/hpcagent_bench0.db,cpf-llr-focus40-qwen38-c-cpfsrc-v2-clean.n0.p0.w0,argmax_with_index,cpf-llr-focus40-qwen38-c-cpfsrc-v2-clean,51.89626676073345,graded,,15.502775609345537,4.0,4.0,1790320782572.0,c,,,15.797611512199529,graded,,qwen38
hpcagent-bench-runs/cpf-llr-focus40-20260915/639216/judge/rank-2/hpcagent_bench2.db,cpf-llr-focus40-qwen38-c-skills-clean.n0.p10.w10,segment_reduce_ragged,cpf-llr-focus40-qwen38-c-skills-clean,22.579182933649214,graded,,13.407449753921568,4.0,4.0,1790320796702.0,c,,,13.407449753921568,graded,,qwen38
hpcagent-bench-runs/cpf-llr-focus40-20260920/643372/judge/rank-1/hpcagent_bench1.db,cpf-llr-focus40-qwen38-c-cpfsrc-v2-clean.n0.p13.w13,tsvc_2_s1232,cpf-llr-focus40-qwen38-c-cpfsrc-v2-clean,20.60938553079589,graded,,21.003963557603562,4.0,4.0,1790320814471.0,c,,,22.354622909750848,graded,,qwen38
hpcagent-bench-runs/cpf-llr-focus40-20260918/641682/judge/rank-2/hpcagent_bench2.db,cpf-llr-focus40-qwen38-c-skills-clean.n0.p2.w2,versioned_distance_update,cpf-llr-focus40-qwen38-c-skills-clean,13.785261952088447,graded,,6.55328802127696,4.0,4.0,1790320814646.0,c,,,6.673601903489689,graded,,qwen38
hpcagent-bench-runs/cpf-llr-focus40-20260916/639342/judge/rank-1/hpcagent_bench1.db,cpf-llr-focus40-qwen38-c-cpf-clean.n0.p9.w9,scatter_accum_dup,cpf-llr-focus40-qwen38-c-cpf-clean,16.758357188534685,graded,,13.76585021863263,4.0,4.0,1790320823705.0,c,,,13.76585021863263,graded,,qwen38
hpcagent-bench-runs/cpf-llr-focus40-20260916/639338/judge/rank-1/hpcagent_bench1.db,cpf-llr-focus40-qwen38-c-clean.n0.p29.w29,tsvc_2_s316,cpf-llr-focus40-qwen38-c-clean,30.514292857330062,graded,,12.477571698134932,4.0,4.0,1790320829533.0,c,,,12.477571698134932,graded,,qwen38
hpcagent-bench-runs/cpf-llr-focus40-20260916/639338/judge/rank-3/hpcagent_bench3.db,cpf-llr-focus40-qwen38-c-clean.n0.p27.w27,tsvc_2_s3111,cpf-llr-focus40-qwen38-c-clean,74.4441470016494,graded,,22.669298551601106,4.0,4.0,1790320846046.0,c,,,22.669298551601106,graded,,qwen38
hpcagent-bench-runs/cpf-llr-focus40-20260916/639343/judge/rank-1/hpcagent_bench1.db,cpf-llr-focus40-qwen38-c-skills-clean.n0.p25.w25,tsvc_2_s311,cpf-llr-focus40-qwen38-c-skills-clean,28.966206053615206,graded,,20.215036479815858,4.0,4.0,1790320850477.0,c,,,19.654746089949597,graded,,qwen38
hpcagent-bench-runs/cpf-llr-focus40-20260915/639216/judge/rank-2/hpcagent_bench2.db,cpf-llr-focus40-qwen38-c-skills-clean.n0.p22.w22,tsvc_2_s255,cpf-llr-focus40-qwen38-c-skills-clean,16.97508262916223,graded,,6.124692935151567,4.0,4.0,1790320853495.0,c,,,6.124692935151567,graded,,qwen38
hpcagent-bench-runs/cpf-llr-focus40-20260916/639343/judge/rank-3/hpcagent_bench3.db,cpf-llr-focus40-qwen38-c-skills-clean.n0.p3.w3,ext_war_unit,cpf-llr-focus40-qwen38-c-skills-clean,11.138173331515215,graded,,4.774335903689647,4.0,4.0,1790320867247.0,c,,,4.774335903689647,graded,,qwen38
hpcagent-bench-runs/cpf-llr-focus40-20260914/636543/judge/rank-0/hpcagent_bench0.db,cpf-llr-focus40-qwen38-c-perf-playbook-cpu.n0.p32.w32,tsvc_2_s323,cpf-llr-focus40-qwen38-c-perf-playbook-cpu,8.98024984651963,graded,,5.247427655962581,4.0,4.0,1790320882832.0,c,,,,,,qwen38
hpcagent-bench-runs/cpf-llr-focus40-20260916/639343/judge/rank-3/hpcagent_bench3.db,cpf-llr-focus40-qwen38-c-skills-clean.n0.p15.w15,tsvc_2_s152,cpf-llr-focus40-qwen38-c-skills-clean,8.650631054709736,graded,,3.2348741578529605,4.0,4.0,1790320883884.0,c,,,,graded,,qwen38
hpcagent-bench-runs/cpf-llr-focus40-20260914/636540/judge/rank-2/hpcagent_bench2.db,cpf-llr-focus40-qwen38-c.n0.p6.w6,fuse_stencil_through_transient,cpf-llr-focus40-qwen38-c,16.29335926871158,graded,,6.912137134051287,4.0,4.0,1790320889217.0,c,,,,,,qwen38
hpcagent-bench-runs/cpf-llr-focus40-20260918/641682/judge/rank-1/hpcagent_bench1.db,cpf-llr-focus40-qwen38-c-skills-clean.n0.p1.w1,tsvc_2_s233,cpf-llr-focus40-qwen38-c-skills-clean,50.84543200954382,graded,,61.511685913849,4.0,4.0,1790320945039.0,c,,,61.511685913849,graded,,qwen38
hpcagent-bench-runs/cpf-llr-focus40-20260914/636543/judge/rank-1/hpcagent_bench1.db,cpf-llr-focus40-qwen38-c-perf-playbook-cpu.n0.p9.w9,scatter_accum_dup,cpf-llr-focus40-qwen38-c-perf-playbook-cpu,,error,no cell produced a measurement,11.303711843357927,4.0,0.0,1790321004648.0,c,,"native call failed: native call crashed (exit -11, signal SIGSEGV) -- a 20.00 GiB RLIMIT_DATA cap was armed on top of the harness baseline; this signal is consistent with an unchecked allocation past it, not only a logic bug",,,,qwen38
hpcagent-bench-runs/cpf-llr-focus40-20260916/639342/judge/rank-1/hpcagent_bench1.db,cpf-llr-focus40-qwen38-c-cpf-clean.n0.p29.w29,tsvc_2_s316,cpf-llr-focus40-qwen38-c-cpf-clean,13.520846577928333,graded,,13.998410953865866,4.0,4.0,1790321211184.0,c,,,13.897070518621138,graded,,qwen38
hpcagent-bench-runs/cpf-llr-focus40-20260916/639343/judge/rank-0/hpcagent_bench0.db,cpf-llr-focus40-qwen38-c-skills-clean.n0.p32.w32,tsvc_2_s323,cpf-llr-focus40-qwen38-c-skills-clean,9.413011185875769,graded,,5.139913082684979,4.0,4.0,1790321211216.0,c,,,5.139913082684979,graded,,qwen38
hpcagent-bench-runs/cpf-llr-focus40-20260915/639216/judge/rank-1/hpcagent_bench1.db,cpf-llr-focus40-qwen38-c-skills-clean.n0.p9.w9,scatter_accum_dup,cpf-llr-focus40-qwen38-c-skills-clean,14.612328149432033,graded,,7.502172577447304,4.0,4.0,1790321211276.0,c,,,7.502172577447304,graded,,qwen38
hpcagent-bench-runs/cpf-llr-focus40-20260916/639338/judge/rank-0/hpcagent_bench0.db,cpf-llr-focus40-qwen38-c-clean.n0.p16.w16,tsvc_2_s2233,cpf-llr-focus40-qwen38-c-clean,81.46124407001791,graded,,28.785052651397745,4.0,4.0,1790321211336.0,c,,,28.785052651397745,graded,,qwen38
hpcagent-bench-runs/cpf-llr-focus40-20260914/636543/judge/rank-1/hpcagent_bench1.db,cpf-llr-focus40-qwen38-c-perf-playbook-cpu.n0.p13.w13,tsvc_2_s1232,cpf-llr-focus40-qwen38-c-perf-playbook-cpu,20.436397753494155,graded,,85.90422625974665,4.0,4.0,1790321211336.0,c,,,26.60985670189844,graded,,qwen38
hpcagent-bench-runs/cpf-llr-focus40-20260917/640076/judge/rank-1/hpcagent_bench1.db,cpf-llr-focus40-qwen38-c.n0.p1.w1,compact_threshold_pack,cpf-llr-focus40-qwen38-c,18.973806867752394,graded,,13.01957093597289,4.0,4.0,1790321211337.0,c,,,11.204844952363114,graded,,qwen38
hpcagent-bench-runs/cpf-llr-focus40-20260914/636541/judge/rank-3/hpcagent_bench3.db,cpf-llr-focus40-qwen38-c-cpf.n0.p27.w27,tsvc_2_s3111,cpf-llr-focus40-qwen38-c-cpf,74.17187590602646,graded,,29.55510483142324,4.0,4.0,1790321211464.0,c,,,29.55510483142324,graded,,qwen38
hpcagent-bench-runs/cpf-llr-focus40-20260915/639207/judge/rank-2/hpcagent_bench2.db,cpf-llr-focus40-qwen38-c-clean.n0.p6.w6,fuse_stencil_through_transient,cpf-llr-focus40-qwen38-c-clean,2.8763154130441584,graded,,2.2917236405523034,4.0,4.0,1790321211491.0,c,,,2.2917236405523034,graded,,qwen38
hpcagent-bench-runs/cpf-llr-focus40-20260916/639343/judge/rank-1/hpcagent_bench1.db,cpf-llr-focus40-qwen38-c-skills-clean.n0.p9.w9,scatter_accum_dup,cpf-llr-focus40-qwen38-c-skills-clean,33.10766493800092,graded,,14.950256392827145,4.0,4.0,1790321367094.0,c,,,14.950256392827145,graded,,qwen38
hpcagent-bench-runs/cpf-llr-focus40-20260915/639216/judge/rank-1/hpcagent_bench1.db,cpf-llr-focus40-qwen38-c-skills-clean.n0.p29.w29,tsvc_2_s316,cpf-llr-focus40-qwen38-c-skills-clean,30.45513769903357,graded,,14.017103627523174,4.0,4.0,1790321458719.0,c,,,14.017103627523174,graded,,qwen38
hpcagent-bench-runs/cpf-llr-focus40-20260920/643372/judge/rank-3/hpcagent_bench3.db,cpf-llr-focus40-qwen38-c-cpfsrc-v2-clean.n0.p27.w27,tsvc_2_s3111,cpf-llr-focus40-qwen38-c-cpfsrc-v2-clean,79.04755483613975,graded,,22.883797355185436,4.0,4.0,1790321462895.0,c,,,28.556486255038628,graded,,qwen38
hpcagent-bench-runs/cpf-llr-focus40-20260916/639338/judge/rank-2/hpcagent_bench2.db,cpf-llr-focus40-qwen38-c-clean.n0.p6.w6,fuse_stencil_through_transient,cpf-llr-focus40-qwen38-c-clean,17.622173046950756,graded,,7.411940416147729,4.0,4.0,1790321469560.0,c,,,7.411940416147729,graded,,qwen38
hpcagent-bench-runs/cpf-llr-focus40-20260914/636541/judge/rank-0/hpcagent_bench0.db,cpf-llr-focus40-qwen38-c-cpf.n0.p16.w16,tsvc_2_s2233,cpf-llr-focus40-qwen38-c-cpf,95.79042968403974,graded,,56.09607356644901,4.0,4.0,1790321471918.0,c,,,56.09607356644901,graded,,qwen38
hpcagent-bench-runs/cpf-llr-focus40-20260916/639338/judge/rank-1/hpcagent_bench1.db,cpf-llr-focus40-qwen38-c-clean.n0.p1.w1,compact_threshold_pack,cpf-llr-focus40-qwen38-c-clean,19.46051689480567,graded,,11.108672490554435,4.0,4.0,1790321487434.0,c,,,11.108672490554435,graded,,qwen38
hpcagent-bench-runs/cpf-llr-focus40-20260916/639343/judge/rank-3/hpcagent_bench3.db,cpf-llr-focus40-qwen38-c-skills-clean.n0.p27.w27,tsvc_2_s3111,cpf-llr-focus40-qwen38-c-skills-clean,53.980611280753806,graded,,29.110783958485367,4.0,4.0,1790321710619.0,c,,,29.088623390006262,graded,,qwen38
hpcagent-bench-runs/cpf-llr-focus40-20260916/639342/judge/rank-2/hpcagent_bench2.db,cpf-llr-focus40-qwen38-c-cpf-clean.n0.p6.w6,fuse_stencil_through_transient,cpf-llr-focus40-qwen38-c-cpf-clean,18.06954351321849,graded,,7.154008575504944,4.0,4.0,1790321724271.0,c,,,7.154008575504944,graded,,qwen38
hpcagent-bench-runs/cpf-llr-focus40-20260915/639216/judge/rank-0/hpcagent_bench0.db,cpf-llr-focus40-qwen38-c-skills-clean.n0.p16.w16,tsvc_2_s2233,cpf-llr-focus40-qwen38-c-skills-clean,,graded,,33.23270418326996,4.0,0.0,1790321727028.0,c,,,33.23270418326996,graded,,qwen38
hpcagent-bench-runs/cpf-llr-focus40-20260920/643372/judge/rank-1/hpcagent_bench1.db,cpf-llr-focus40-qwen38-c-cpfsrc-v2-clean.n0.p1.w1,compact_threshold_pack,cpf-llr-focus40-qwen38-c-cpfsrc-v2-clean,18.98189229655825,graded,,12.807555275421208,4.0,4.0,1790321758516.0,c,,,12.807555275421208,graded,,qwen38
hpcagent-bench-runs/cpf-llr-focus40-20260920/643372/judge/rank-2/hpcagent_bench2.db,cpf-llr-focus40-qwen38-c-cpfsrc-v2-clean.n0.p6.w6,fuse_stencil_through_transient,cpf-llr-focus40-qwen38-c-cpfsrc-v2-clean,17.345306141938988,graded,,7.194027166529266,4.0,4.0,1790321980429.0,c,,,6.959385098033279,graded,,qwen38
hpcagent-bench-runs/cpf-llr-focus40-20260916/639343/judge/rank-0/hpcagent_bench0.db,cpf-llr-focus40-qwen38-c-skills-clean.n0.p16.w16,tsvc_2_s2233,cpf-llr-focus40-qwen38-c-skills-clean,95.77175722666236,graded,,38.501203026114524,4.0,4.0,1790322006160.0,c,,,39.56317973539161,graded,,qwen38
hpcagent-bench-runs/cpf-llr-focus40-20260916/639343/judge/rank-1/hpcagent_bench1.db,cpf-llr-focus40-qwen38-c-skills-clean.n0.p1.w1,compact_threshold_pack,cpf-llr-focus40-qwen38-c-skills-clean,23.1427714673673,graded,,9.402410954913769,4.0,4.0,1790322027801.0,c,,,9.402410954913769,graded,,qwen38
hpcagent-bench-runs/cpf-llr-focus40-20260914/636543/judge/rank-2/hpcagent_bench2.db,cpf-llr-focus40-qwen38-c-perf-playbook-cpu.n0.p6.w6,fuse_stencil_through_transient,cpf-llr-focus40-qwen38-c-perf-playbook-cpu,16.74360890046109,graded,,6.371282053857997,4.0,4.0,1790322235627.0,c,,,7.303583490959262,graded,,qwen38
hpcagent-bench-runs/cpf-llr-focus40-20260915/639216/judge/rank-2/hpcagent_bench2.db,cpf-llr-focus40-qwen38-c-skills-clean.n0.p6.w6,fuse_stencil_through_transient,cpf-llr-focus40-qwen38-c-skills-clean,,error,no cell produced a measurement,5.970249497748777,4.0,0.0,1790322491238.0,c,,"volatile(""syscall""
      |   ^~~~~~~
In function 'pin_to',
    inlined from 'die_probe._omp_fn.0' at /tmp/agentbench_fuse_stencil_through_transient_0g9154de/fuse_stencil_through_transient_fp64.c:40:5:
/tmp/agentbench_fuse_stencil_through_transient_0g9154de/fuse_stencil_through_transient_fp64.c:16:3: error: unknown register name 'rcx' in 'asm'
   16 |   __asm__ volatile(""syscall""
      |   ^~~~~~~
",5.970249497748777,graded,,qwen38
hpcagent-bench-runs/cpf-llr-focus40-20260916/639343/judge/rank-2/hpcagent_bench2.db,cpf-llr-focus40-qwen38-c-skills-clean.n0.p6.w6,fuse_stencil_through_transient,cpf-llr-focus40-qwen38-c-skills-clean,16.02078369903506,graded,,6.808400848236568,4.0,4.0,1790322501466.0,c,,,6.808400848236568,graded,,qwen38
hpcagent-bench-runs/cpf-llr-focus40-20260915/639214/judge/rank-0/hpcagent_bench0.db,cpf-llr-focus40-kimi27sglang-c-clean.n0.p0.w0,argmax_with_index,cpf-llr-focus40-kimi27sglang-c-clean,,not-portable,not portable: x86-only code (/iopsstor/scratch/cscs/lhulsbergen/v2/llr40-daint-regrade/final_worklists/c/translated/tmp7axay7zy/probe.c:7:10: fatal error: immintrin.h: No such file or directory),,,,,c,c,,20.332405680925508,graded,,kimi27sglang
hpcagent-bench-runs/cpf-llr-focus40-20260919/643317/judge/rank-0/hpcagent_bench0.db,cpf-llr-focus40-kimi27sglang-c-cpfsrc-v2-clean.n0.p0.w0,argmax_with_index,cpf-llr-focus40-kimi27sglang-c-cpfsrc-v2-clean,,not-portable,not portable: x86-only code (/iopsstor/scratch/cscs/lhulsbergen/v2/llr40-daint-regrade/final_worklists/c/translated/tmphs3fj2g7/probe.c:10:10: fatal error: immintrin.h: No such file or directory),,,,,c,c,,20.102263536775872,graded,,kimi27sglang
hpcagent-bench-runs/cpf-llr-focus40-20260914/636540/judge/rank-0/hpcagent_bench0.db,cpf-llr-focus40-qwen38-c.n0.p0.w0,argmax_with_index,cpf-llr-focus40-qwen38-c,,not-portable,not portable: x86-only code (/iopsstor/scratch/cscs/lhulsbergen/v2/llr40-daint-regrade/final_worklists/c/translated/tmp7b1t0n2k/probe.c:8:10: fatal error: immintrin.h: No such file or directory),,,,,c,c,,20.862808439150587,graded,,qwen38
hpcagent-bench-runs/cpf-llr-focus40-20260915/638025/judge/rank-0/hpcagent_bench0.db,cpf-llr-focus40-qwen38-c-cpf.n0.p0.w0,argmax_with_index,cpf-llr-focus40-qwen38-c-cpf,,not-portable,not portable: x86-only code (/iopsstor/scratch/cscs/lhulsbergen/v2/llr40-daint-regrade/final_worklists/c/translated/tmpn9rq9yxs/probe.c:8:10: fatal error: immintrin.h: No such file or directory),,,,,c,c,,20.888183425967814,graded,,qwen38
hpcagent-bench-runs/cpf-llr-focus40-20260914/637188/judge/rank-0/hpcagent_bench0.db,cpf-llr-focus40-qwen38-c-perf-playbook-cpu.n0.p0.w0,argmax_with_index,cpf-llr-focus40-qwen38-c-perf-playbook-cpu,,not-portable,not portable: x86-only code (/iopsstor/scratch/cscs/lhulsbergen/v2/llr40-daint-regrade/final_worklists/c/translated/tmphz8p_9_g/probe.c:24:10: fatal error: immintrin.h: No such file or directory),,,,,c,c,,20.654475752673306,graded,,qwen38
hpcagent-bench-runs/cpf-llr-focus40-20260916/639343/judge/rank-0/hpcagent_bench0.db,cpf-llr-focus40-qwen38-c-skills-clean.n0.p0.w0,argmax_with_index,cpf-llr-focus40-qwen38-c-skills-clean,,not-portable,not portable: x86-only code (/iopsstor/scratch/cscs/lhulsbergen/v2/llr40-daint-regrade/final_worklists/c/translated/tmpp7c7naim/probe.c:8:10: fatal error: immintrin.h: No such file or directory),,,,,c,c,,20.569725003172508,graded,,qwen38
hpcagent-bench-runs/cpf-llr-focus40-20260914/636540/judge/rank-1/hpcagent_bench1.db,cpf-llr-focus40-qwen38-c.n0.p1.w1,compact_threshold_pack,cpf-llr-focus40-qwen38-c,,not-portable,not portable: x86-only code (/iopsstor/scratch/cscs/lhulsbergen/v2/llr40-daint-regrade/final_worklists/c/translated/tmp_7qrr7rg/probe.c:8:10: fatal error: immintrin.h: No such file or directory),,,,,c,c,,13.311047827780053,graded,,qwen38
hpcagent-bench-runs/cpf-llr-focus40-20260915/639207/judge/rank-1/hpcagent_bench1.db,cpf-llr-focus40-qwen38-c-clean.n0.p1.w1,compact_threshold_pack,cpf-llr-focus40-qwen38-c-clean,,not-portable,not portable: x86-only code (/iopsstor/scratch/cscs/lhulsbergen/v2/llr40-daint-regrade/final_worklists/c/translated/tmplj109n7q/probe.c:10:10: fatal error: immintrin.h: No such file or directory),,,,,c,c,,10.29285504829534,graded,,qwen38
hpcagent-bench-runs/cpf-llr-focus40-20260914/636541/judge/rank-1/hpcagent_bench1.db,cpf-llr-focus40-qwen38-c-cpf.n0.p1.w1,compact_threshold_pack,cpf-llr-focus40-qwen38-c-cpf,,not-portable,not portable: x86-only code (/iopsstor/scratch/cscs/lhulsbergen/v2/llr40-daint-regrade/final_worklists/c/translated/tmpse7gb39b/probe.c:18:10: fatal error: immintrin.h: No such file or directory),,,,,c,c,,12.409165628617387,graded,,qwen38
hpcagent-bench-runs/cpf-llr-focus40-20260914/636543/judge/rank-1/hpcagent_bench1.db,cpf-llr-focus40-qwen38-c-perf-playbook-cpu.n0.p1.w1,compact_threshold_pack,cpf-llr-focus40-qwen38-c-perf-playbook-cpu,,not-portable,not portable: x86-only code (/iopsstor/scratch/cscs/lhulsbergen/v2/llr40-daint-regrade/final_worklists/c/translated/tmp0powvve5/probe.c:8:10: fatal error: immintrin.h: No such file or directory),,,,,c,c,,8.009030118394598,graded,,qwen38
hpcagent-bench-runs/cpf-llr-focus40-20260918/641699/judge/rank-0/hpcagent_bench0.db,cpf-llr-focus40-kimi27sglang-c-clean.n0.p0.w0,ext_break_capture,cpf-llr-focus40-kimi27sglang-c-clean,,not-portable,not portable: x86-only code (/iopsstor/scratch/cscs/lhulsbergen/v2/llr40-daint-regrade/final_worklists/c/translated/tmpv9n46cgz/probe.c:3:10: fatal error: immintrin.h: No such file or directory),,,,,c,c,,5.994035771769936,graded,,kimi27sglang
hpcagent-bench-runs/cpf-llr-focus40-20260919/643317/judge/rank-2/hpcagent_bench2.db,cpf-llr-focus40-kimi27sglang-c-cpfsrc-v2-clean.n0.p2.w2,ext_break_capture,cpf-llr-focus40-kimi27sglang-c-cpfsrc-v2-clean,,not-portable,not portable: x86-only code (/iopsstor/scratch/cscs/lhulsbergen/v2/llr40-daint-regrade/final_worklists/c/translated/tmppib44d65/probe.c:3:10: fatal error: immintrin.h: No such file or directory),,,,,c,c,,42.956565951089225,graded,,kimi27sglang
hpcagent-bench-runs/cpf-llr-focus40-20260914/636537/judge/rank-2/hpcagent_bench2.db,cpf-llr-focus40-oss120b-c-cpf.n0.p2.w2,ext_break_capture,cpf-llr-focus40-oss120b-c-cpf,,not-portable,not portable: x86-only code (/iopsstor/scratch/cscs/lhulsbergen/v2/llr40-daint-regrade/final_worklists/c/translated/tmpc3ad1avc/probe.c:4:10: fatal error: immintrin.h: No such file or directory),,,,,c,c,,4.869147122684454,graded,,oss120b
hpcagent-bench-runs/cpf-llr-focus40-20260914/636540/judge/rank-2/hpcagent_bench2.db,cpf-llr-focus40-qwen38-c.n0.p2.w2,ext_break_capture,cpf-llr-focus40-qwen38-c,,not-portable,not portable: x86-only code (/iopsstor/scratch/cscs/lhulsbergen/v2/llr40-daint-regrade/final_worklists/c/translated/tmpmbqaydui/probe.c:8:10: fatal error: immintrin.h: No such file or directory),,,,,c,c,,6.264108152628955,graded,,qwen38
hpcagent-bench-runs/cpf-llr-focus40-20260915/639207/judge/rank-2/hpcagent_bench2.db,cpf-llr-focus40-qwen38-c-clean.n0.p2.w2,ext_break_capture,cpf-llr-focus40-qwen38-c-clean,,not-portable,not portable: x86-only code (/iopsstor/scratch/cscs/lhulsbergen/v2/llr40-daint-regrade/final_worklists/c/translated/tmpni9ya_es/probe.c:3:10: fatal error: immintrin.h: No such file or directory),,,,,c,c,,12.938176777736132,graded,,qwen38
hpcagent-bench-runs/cpf-llr-focus40-20260917/640097/judge/rank-3/hpcagent_bench3.db,cpf-llr-focus40-oss120b-c.n0.p3.w3,ext_war_unit,cpf-llr-focus40-oss120b-c,,not-portable,not portable: x86-only code (/iopsstor/scratch/cscs/lhulsbergen/v2/llr40-daint-regrade/final_worklists/c/translated/tmpf0zrkhp0/probe.c:4:10: fatal error: immintrin.h: No such file or directory),,,,,c,c,,1.0145966026313293,graded,,oss120b
hpcagent-bench-runs/cpf-llr-focus40-20260914/636537/judge/rank-3/hpcagent_bench3.db,cpf-llr-focus40-oss120b-c-cpf.n0.p3.w3,ext_war_unit,cpf-llr-focus40-oss120b-c-cpf,,not-portable,not portable: x86-only code (/iopsstor/scratch/cscs/lhulsbergen/v2/llr40-daint-regrade/final_worklists/c/translated/tmp9pol3tup/probe.c:16:10: fatal error: immintrin.h: No such file or directory),,,,,c,c,,1.0447636168548688,graded,,oss120b
hpcagent-bench-runs/cpf-llr-focus40-20260915/639213/judge/rank-3/hpcagent_bench3.db,cpf-llr-focus40-oss120b-c-cpf-clean.n0.p3.w3,ext_war_unit,cpf-llr-focus40-oss120b-c-cpf-clean,,not-portable,not portable: x86-only code (/iopsstor/scratch/cscs/lhulsbergen/v2/llr40-daint-regrade/final_worklists/c/translated/tmp70jk9b3k/probe.c:11:10: fatal error: immintrin.h: No such file or directory),,,,,c,c,,1.0737842344285715,graded,,oss120b
hpcagent-bench-runs/cpf-llr-focus40-20260914/636540/judge/rank-3/hpcagent_bench3.db,cpf-llr-focus40-qwen38-c.n0.p3.w3,ext_war_unit,cpf-llr-focus40-qwen38-c,,not-portable,not portable: x86-only code (/iopsstor/scratch/cscs/lhulsbergen/v2/llr40-daint-regrade/final_worklists/c/translated/tmpcvmsg2ur/probe.c:23:10: fatal error: immintrin.h: No such file or directory),,,,,c,c,,4.884903834596928,graded,,qwen38
hpcagent-bench-runs/cpf-llr-focus40-20260916/639338/judge/rank-3/hpcagent_bench3.db,cpf-llr-focus40-qwen38-c-clean.n0.p3.w3,ext_war_unit,cpf-llr-focus40-qwen38-c-clean,,not-portable,not portable: x86-only code (/iopsstor/scratch/cscs/lhulsbergen/v2/llr40-daint-regrade/final_worklists/c/translated/tmpz5mvw8kp/probe.c:26:10: fatal error: immintrin.h: No such file or directory),,,,,c,c,,4.62959587923698,graded,,qwen38
hpcagent-bench-runs/cpf-llr-focus40-20260915/639210/judge/rank-3/hpcagent_bench3.db,cpf-llr-focus40-qwen38-c-cpf-clean.n0.p3.w3,ext_war_unit,cpf-llr-focus40-qwen38-c-cpf-clean,,not-portable,not portable: x86-only code (/iopsstor/scratch/cscs/lhulsbergen/v2/llr40-daint-regrade/final_worklists/c/translated/tmpnvjiwyys/probe.c:16:10: fatal error: immintrin.h: No such file or directory),,,,,c,c,,4.817827579955107,graded,,qwen38
hpcagent-bench-runs/cpf-llr-focus40-20260920/643372/judge/rank-3/hpcagent_bench3.db,cpf-llr-focus40-qwen38-c-cpfsrc-v2-clean.n0.p3.w3,ext_war_unit,cpf-llr-focus40-qwen38-c-cpfsrc-v2-clean,,not-portable,not portable: x86-only code (/iopsstor/scratch/cscs/lhulsbergen/v2/llr40-daint-regrade/final_worklists/c/translated/tmpx4lx_vtd/probe.c:6:10: fatal error: immintrin.h: No such file or directory),,,,,c,c,,4.511085789257011,graded,,qwen38
hpcagent-bench-runs/cpf-llr-focus40-20260913/635349/judge/rank-0/hpcagent_bench0.db,cpf-llr-focus40-glm53-c-skills.n0.p4.w4,fuse_diamond,cpf-llr-focus40-glm53-c-skills,,not-portable,not portable: x86-only code (/iopsstor/scratch/cscs/lhulsbergen/v2/llr40-daint-regrade/final_worklists/c/translated/tmpvsbn2910/probe.c:9:10: fatal error: immintrin.h: No such file or directory),,,,,c,c,,,,,
hpcagent-bench-runs/cpf-llr-focus40-20260915/639214/judge/rank-0/hpcagent_bench0.db,cpf-llr-focus40-kimi27sglang-c-clean.n0.p4.w4,fuse_diamond,cpf-llr-focus40-kimi27sglang-c-clean,,not-portable,not portable: x86-only code (/iopsstor/scratch/cscs/lhulsbergen/v2/llr40-daint-regrade/final_worklists/c/translated/tmp38hf7kwd/probe.c:8:10: fatal error: immintrin.h: No such file or directory),,,,,c,c,,58.3575743660742,graded,,kimi27sglang
hpcagent-bench-runs/cpf-llr-focus40-20260919/643317/judge/rank-0/hpcagent_bench0.db,cpf-llr-focus40-kimi27sglang-c-cpfsrc-v2-clean.n0.p4.w4,fuse_diamond,cpf-llr-focus40-kimi27sglang-c-cpfsrc-v2-clean,,not-portable,not portable: x86-only code (/iopsstor/scratch/cscs/lhulsbergen/v2/llr40-daint-regrade/final_worklists/c/translated/tmp9w06wamk/probe.c:10:10: fatal error: immintrin.h: No such file or directory),,,,,c,c,,69.55636482470882,graded,,kimi27sglang
hpcagent-bench-runs/cpf-llr-focus40-20260918/641069/judge/rank-2/hpcagent_bench2.db,cpf-llr-focus40-qwen38-c.n0.p2.w2,fuse_diamond,cpf-llr-focus40-qwen38-c,,not-portable,not portable: x86-only code (/iopsstor/scratch/cscs/lhulsbergen/v2/llr40-daint-regrade/final_worklists/c/translated/tmp1yiyakvd/probe.c:8:10: fatal error: immintrin.h: No such file or directory),,,,,c,c,,72.65330993620921,graded,,qwen38
hpcagent-bench-runs/cpf-llr-focus40-20260914/636540/judge/rank-0/hpcagent_bench0.db,cpf-llr-focus40-qwen38-c.n0.p4.w4,fuse_diamond,cpf-llr-focus40-qwen38-c,,not-portable,not portable: x86-only code (/iopsstor/scratch/cscs/lhulsbergen/v2/llr40-daint-regrade/final_worklists/c/translated/tmpde1zdwjq/probe.c:8:10: fatal error: immintrin.h: No such file or directory),,,,,c,c,,,,,qwen38
hpcagent-bench-runs/cpf-llr-focus40-20260915/639207/judge/rank-0/hpcagent_bench0.db,cpf-llr-focus40-qwen38-c-clean.n0.p4.w4,fuse_diamond,cpf-llr-focus40-qwen38-c-clean,,not-portable,not portable: x86-only code (/iopsstor/scratch/cscs/lhulsbergen/v2/llr40-daint-regrade/final_worklists/c/translated/tmpiepees42/probe.c:8:10: fatal error: immintrin.h: No such file or directory),,,,,c,c,,55.59570567189946,graded,,qwen38
hpcagent-bench-runs/cpf-llr-focus40-20260916/639338/judge/rank-0/hpcagent_bench0.db,cpf-llr-focus40-qwen38-c-clean.n0.p4.w4,fuse_diamond,cpf-llr-focus40-qwen38-c-clean,,not-portable,not portable: x86-only code (/iopsstor/scratch/cscs/lhulsbergen/v2/llr40-daint-regrade/final_worklists/c/translated/tmpddftj85h/probe.c:8:10: fatal error: immintrin.h: No such file or directory),,,,,c,c,,56.197550474276404,graded,,qwen38
hpcagent-bench-runs/cpf-llr-focus40-20260915/639210/judge/rank-0/hpcagent_bench0.db,cpf-llr-focus40-qwen38-c-cpf-clean.n0.p4.w4,fuse_diamond,cpf-llr-focus40-qwen38-c-cpf-clean,,not-portable,not portable: x86-only code (/iopsstor/scratch/cscs/lhulsbergen/v2/llr40-daint-regrade/final_worklists/c/translated/tmpzh68gi79/probe.c:2:10: fatal error: immintrin.h: No such file or directory),,,,,c,c,,33.084756396130096,graded,,qwen38
hpcagent-bench-runs/cpf-llr-focus40-20260920/643372/judge/rank-0/hpcagent_bench0.db,cpf-llr-focus40-qwen38-c-cpfsrc-v2-clean.n0.p4.w4,fuse_diamond,cpf-llr-focus40-qwen38-c-cpfsrc-v2-clean,,not-portable,not portable: x86-only code (/iopsstor/scratch/cscs/lhulsbergen/v2/llr40-daint-regrade/final_worklists/c/translated/tmpcgaifiqw/probe.c:6:10: fatal error: immintrin.h: No such file or directory),,,,,c,c,,67.21165316551135,graded,,qwen38
hpcagent-bench-runs/cpf-llr-focus40-20260914/636543/judge/rank-0/hpcagent_bench0.db,cpf-llr-focus40-qwen38-c-perf-playbook-cpu.n0.p4.w4,fuse_diamond,cpf-llr-focus40-qwen38-c-perf-playbook-cpu,,not-portable,not portable: x86-only code (/iopsstor/scratch/cscs/lhulsbergen/v2/llr40-daint-regrade/final_worklists/c/translated/tmp6oth865w/probe.c:17:10: fatal error: immintrin.h: No such file or directory),,,,,c,c,,,,,qwen38
hpcagent-bench-runs/cpf-llr-focus40-20260915/639216/judge/rank-0/hpcagent_bench0.db,cpf-llr-focus40-qwen38-c-skills-clean.n0.p4.w4,fuse_diamond,cpf-llr-focus40-qwen38-c-skills-clean,,not-portable,not portable: x86-only code (/iopsstor/scratch/cscs/lhulsbergen/v2/llr40-daint-regrade/final_worklists/c/translated/tmpa8to81zt/probe.c:8:10: fatal error: immintrin.h: No such file or directory),,,,,c,c,,56.32772332629169,graded,,qwen38
hpcagent-bench-runs/cpf-llr-focus40-20260913/635349/judge/rank-1/hpcagent_bench1.db,cpf-llr-focus40-glm53-c-skills.n0.p5.w5,fuse_move_ifs,cpf-llr-focus40-glm53-c-skills,,not-portable,not portable: x86-only code (/iopsstor/scratch/cscs/lhulsbergen/v2/llr40-daint-regrade/final_worklists/c/translated/tmpi6sugo69/probe.c:8:10: fatal error: immintrin.h: No such file or directory),,,,,c,c,,3.317154728417602,graded,,
hpcagent-bench-runs/cpf-llr-focus40-20260919/643317/judge/rank-1/hpcagent_bench1.db,cpf-llr-focus40-kimi27sglang-c-cpfsrc-v2-clean.n0.p5.w5,fuse_move_ifs,cpf-llr-focus40-kimi27sglang-c-cpfsrc-v2-clean,,not-portable,not portable: x86-only code (/iopsstor/scratch/cscs/lhulsbergen/v2/llr40-daint-regrade/final_worklists/c/translated/tmpo1neuq96/probe.c:6:10: fatal error: immintrin.h: No such file or directory),,,,,c,c,,3.1844527231415536,graded,,kimi27sglang
hpcagent-bench-runs/cpf-llr-focus40-20260918/641069/judge/rank-3/hpcagent_bench3.db,cpf-llr-focus40-qwen38-c.n0.p3.w3,fuse_move_ifs,cpf-llr-focus40-qwen38-c,,not-portable,not portable: x86-only code (/iopsstor/scratch/cscs/lhulsbergen/v2/llr40-daint-regrade/final_worklists/c/translated/tmpkean26ht/probe.c:9:10: fatal error: immintrin.h: No such file or directory),,,,,c,c,,2.239869357563774,graded,,qwen38
hpcagent-bench-runs/cpf-llr-focus40-20260915/639207/judge/rank-1/hpcagent_bench1.db,cpf-llr-focus40-qwen38-c-clean.n0.p5.w5,fuse_move_ifs,cpf-llr-focus40-qwen38-c-clean,,not-portable,not portable: x86-only code (/iopsstor/scratch/cscs/lhulsbergen/v2/llr40-daint-regrade/final_worklists/c/translated/tmp4sh1idrc/probe.c:22:10: fatal error: immintrin.h: No such file or directory),,,,,c,c,,3.102614964181762,graded,,qwen38
hpcagent-bench-runs/cpf-llr-focus40-20260914/636543/judge/rank-1/hpcagent_bench1.db,cpf-llr-focus40-qwen38-c-perf-playbook-cpu.n0.p5.w5,fuse_move_ifs,cpf-llr-focus40-qwen38-c-perf-playbook-cpu,,not-portable,not portable: x86-only code (/iopsstor/scratch/cscs/lhulsbergen/v2/llr40-daint-regrade/final_worklists/c/translated/tmplrinh0yb/probe.c:8:10: fatal error: immintrin.h: No such file or directory),,,,,c,c,,3.4122478823789626,graded,,qwen38
hpcagent-bench-runs/cpf-llr-focus40-20260915/639216/judge/rank-1/hpcagent_bench1.db,cpf-llr-focus40-qwen38-c-skills-clean.n0.p5.w5,fuse_move_ifs,cpf-llr-focus40-qwen38-c-skills-clean,,not-portable,not portable: x86-only code (/iopsstor/scratch/cscs/lhulsbergen/v2/llr40-daint-regrade/final_worklists/c/translated/tmp0a2o7d91/probe.c:8:10: fatal error: immintrin.h: No such file or directory),,,,,c,c,,3.2485198734433514,graded,,qwen38
hpcagent-bench-runs/cpf-llr-focus40-20260918/641069/judge/rank-0/hpcagent_bench0.db,cpf-llr-focus40-qwen38-c.n0.p4.w4,fuse_stencil_through_transient,cpf-llr-focus40-qwen38-c,,not-portable,not portable: x86-only code (/iopsstor/scratch/cscs/lhulsbergen/v2/llr40-daint-regrade/final_worklists/c/translated/tmprc0qtexy/probe.c:7:10: fatal error: immintrin.h: No such file or directory),,,,,c,c,,6.92600547605367,graded,,qwen38
hpcagent-bench-runs/cpf-llr-focus40-20260914/636541/judge/rank-2/hpcagent_bench2.db,cpf-llr-focus40-qwen38-c-cpf.n0.p6.w6,fuse_stencil_through_transient,cpf-llr-focus40-qwen38-c-cpf,,not-portable,not portable: x86-only code (/iopsstor/scratch/cscs/lhulsbergen/v2/llr40-daint-regrade/final_worklists/c/translated/tmp6fppeipo/probe.c:8:10: fatal error: immintrin.h: No such file or directory),,,,,c,c,,6.899409177860698,graded,,qwen38
hpcagent-bench-runs/cpf-llr-focus40-20260913/635349/judge/rank-3/hpcagent_bench3.db,cpf-llr-focus40-glm53-c-skills.n0.p7.w7,quasi_affine_reduce_odd,cpf-llr-focus40-glm53-c-skills,,not-portable,not portable: x86-only code (/iopsstor/scratch/cscs/lhulsbergen/v2/llr40-daint-regrade/final_worklists/c/translated/tmpdjntq9xn/probe.c:8:10: fatal error: immintrin.h: No such file or directory),,,,,c,c,,10.316057688093858,graded,,
hpcagent-bench-runs/cpf-llr-focus40-20260918/641699/judge/rank-1/hpcagent_bench1.db,cpf-llr-focus40-kimi27sglang-c-clean.n0.p1.w1,quasi_affine_reduce_odd,cpf-llr-focus40-kimi27sglang-c-clean,,not-portable,not portable: x86-only code (/iopsstor/scratch/cscs/lhulsbergen/v2/llr40-daint-regrade/final_worklists/c/translated/tmpf_pnpxdk/probe.c:8:10: fatal error: immintrin.h: No such file or directory),,,,,c,c,,10.396461195258674,graded,,kimi27sglang
hpcagent-bench-runs/cpf-llr-focus40-20260919/643317/judge/rank-3/hpcagent_bench3.db,cpf-llr-focus40-kimi27sglang-c-cpfsrc-v2-clean.n0.p7.w7,quasi_affine_reduce_odd,cpf-llr-focus40-kimi27sglang-c-cpfsrc-v2-clean,,not-portable,not portable: x86-only code (/iopsstor/scratch/cscs/lhulsbergen/v2/llr40-daint-regrade/final_worklists/c/translated/tmptin700gb/probe.c:9:10: fatal error: immintrin.h: No such file or directory),,,,,c,c,,10.24753658860431,graded,,kimi27sglang
hpcagent-bench-runs/cpf-llr-focus40-20260917/640076/judge/rank-3/hpcagent_bench3.db,cpf-llr-focus40-qwen38-c.n0.p7.w7,quasi_affine_reduce_odd,cpf-llr-focus40-qwen38-c,,not-portable,not portable: x86-only code (/iopsstor/scratch/cscs/lhulsbergen/v2/llr40-daint-regrade/final_worklists/c/translated/tmpv035_2pe/probe.c:9:10: fatal error: immintrin.h: No such file or directory),,,,,c,c,,10.62317603875273,graded,,qwen38
hpcagent-bench-runs/cpf-llr-focus40-20260916/639342/judge/rank-3/hpcagent_bench3.db,cpf-llr-focus40-qwen38-c-cpf-clean.n0.p7.w7,quasi_affine_reduce_odd,cpf-llr-focus40-qwen38-c-cpf-clean,,not-portable,not portable: x86-only code (/iopsstor/scratch/cscs/lhulsbergen/v2/llr40-daint-regrade/final_worklists/c/translated/tmpbl5d0h65/probe.c:16:10: fatal error: immintrin.h: No such file or directory),,,,,c,c,,10.44945190830648,graded,,qwen38
hpcagent-bench-runs/cpf-llr-focus40-20260914/636543/judge/rank-3/hpcagent_bench3.db,cpf-llr-focus40-qwen38-c-perf-playbook-cpu.n0.p7.w7,quasi_affine_reduce_odd,cpf-llr-focus40-qwen38-c-perf-playbook-cpu,,not-portable,not portable: x86-only code (/iopsstor/scratch/cscs/lhulsbergen/v2/llr40-daint-regrade/final_worklists/c/translated/tmpbssqbjt1/probe.c:8:10: fatal error: immintrin.h: No such file or directory),,,,,c,c,,9.915979426339224,graded,,qwen38
hpcagent-bench-runs/cpf-llr-focus40-20260915/639216/judge/rank-3/hpcagent_bench3.db,cpf-llr-focus40-qwen38-c-skills-clean.n0.p7.w7,quasi_affine_reduce_odd,cpf-llr-focus40-qwen38-c-skills-clean,,not-portable,not portable: x86-only code (/iopsstor/scratch/cscs/lhulsbergen/v2/llr40-daint-regrade/final_worklists/c/translated/tmpwr3wv10o/probe.c:18:16: error: implicit declaration of function '__builtin_cpu_supports'; did you mean '__builtin_isupper'? [-Wimplicit-function-declaration]),,,,,c,c,,9.970026807919226,graded,,qwen38
hpcagent-bench-runs/cpf-llr-focus40-20260916/639343/judge/rank-3/hpcagent_bench3.db,cpf-llr-focus40-qwen38-c-skills-clean.n0.p7.w7,quasi_affine_reduce_odd,cpf-llr-focus40-qwen38-c-skills-clean,,not-portable,not portable: x86-only code (/iopsstor/scratch/cscs/lhulsbergen/v2/llr40-daint-regrade/final_worklists/c/translated/tmpw40d_3j4/probe.c:8:10: fatal error: immintrin.h: No such file or directory),,,,,c,c,,10.600939082354266,graded,,qwen38
hpcagent-bench-runs/cpf-llr-focus40-20260919/643317/judge/rank-0/hpcagent_bench0.db,cpf-llr-focus40-kimi27sglang-c-cpfsrc-v2-clean.n0.p8.w8,scan_affine_decay,cpf-llr-focus40-kimi27sglang-c-cpfsrc-v2-clean,,not-portable,not portable: x86-only code (/iopsstor/scratch/cscs/lhulsbergen/v2/llr40-daint-regrade/final_worklists/c/translated/tmp7y0h364q/probe.c:9:10: fatal error: immintrin.h: No such file or directory),,,,,c,c,,9.430896306749435,graded,,kimi27sglang
hpcagent-bench-runs/cpf-llr-focus40-20260918/641069/judge/rank-1/hpcagent_bench1.db,cpf-llr-focus40-qwen38-c.n0.p5.w5,scan_affine_decay,cpf-llr-focus40-qwen38-c,,not-portable,not portable: x86-only code (/iopsstor/scratch/cscs/lhulsbergen/v2/llr40-daint-regrade/final_worklists/c/translated/tmp0_6oxjqs/probe.c:8:10: fatal error: immintrin.h: No such file or directory),,,,,c,c,,9.774929048788911,graded,,qwen38
hpcagent-bench-runs/cpf-llr-focus40-20260914/636540/judge/rank-0/hpcagent_bench0.db,cpf-llr-focus40-qwen38-c.n0.p8.w8,scan_affine_decay,cpf-llr-focus40-qwen38-c,,not-portable,not portable: x86-only code (/iopsstor/scratch/cscs/lhulsbergen/v2/llr40-daint-regrade/final_worklists/c/translated/tmp2wdbh59_/probe.c:8:10: fatal error: emmintrin.h: No such file or directory),,,,,c,c,,8.840799155095599,graded,,qwen38
hpcagent-bench-runs/cpf-llr-focus40-20260916/639338/judge/rank-0/hpcagent_bench0.db,cpf-llr-focus40-qwen38-c-clean.n0.p8.w8,scan_affine_decay,cpf-llr-focus40-qwen38-c-clean,,not-portable,not portable: x86-only code (/iopsstor/scratch/cscs/lhulsbergen/v2/llr40-daint-regrade/final_worklists/c/translated/tmp6u_5ortj/probe.c:8:10: fatal error: x86intrin.h: No such file or directory),,,,,c,c,,11.473303349522226,graded,,qwen38
hpcagent-bench-runs/cpf-llr-focus40-20260920/643372/judge/rank-0/hpcagent_bench0.db,cpf-llr-focus40-qwen38-c-cpfsrc-v2-clean.n0.p8.w8,scan_affine_decay,cpf-llr-focus40-qwen38-c-cpfsrc-v2-clean,,not-portable,not portable: x86-only code (/iopsstor/scratch/cscs/lhulsbergen/v2/llr40-daint-regrade/final_worklists/c/translated/tmpam_hajr7/probe.c:14:10: fatal error: immintrin.h: No such file or directory),,,,,c,c,,15.746453809242771,graded,,qwen38
hpcagent-bench-runs/cpf-llr-focus40-20260920/643372/judge/rank-1/hpcagent_bench1.db,cpf-llr-focus40-qwen38-c-cpfsrc-v2-clean.n0.p9.w9,scatter_accum_dup,cpf-llr-focus40-qwen38-c-cpfsrc-v2-clean,,not-portable,not portable: x86-only code (/iopsstor/scratch/cscs/lhulsbergen/v2/llr40-daint-regrade/final_worklists/c/translated/tmpijrgc4j8/probe.c:52:13: error: implicit declaration of function '__builtin_ia32_pause'; did you mean '__builtin_isspace'? [-Wimplicit-function-declaration]),,,,,c,c,,,graded,,qwen38
hpcagent-bench-runs/cpf-llr-focus40-20260914/636540/judge/rank-2/hpcagent_bench2.db,cpf-llr-focus40-qwen38-c.n0.p10.w10,segment_reduce_ragged,cpf-llr-focus40-qwen38-c,,not-portable,not portable: x86-only code (/iopsstor/scratch/cscs/lhulsbergen/v2/llr40-daint-regrade/final_worklists/c/translated/tmpdlwek___/probe.c:8:10: fatal error: immintrin.h: No such file or directory),,,,,c,c,,12.346753072201341,graded,,qwen38
hpcagent-bench-runs/cpf-llr-focus40-20260915/639210/judge/rank-2/hpcagent_bench2.db,cpf-llr-focus40-qwen38-c-cpf-clean.n0.p10.w10,segment_reduce_ragged,cpf-llr-focus40-qwen38-c-cpf-clean,,not-portable,not portable: x86-only code (/iopsstor/scratch/cscs/lhulsbergen/v2/llr40-daint-regrade/final_worklists/c/translated/tmp3bnbd3yr/probe.c:9:10: fatal error: immintrin.h: No such file or directory),,,,,c,c,,12.341514985052326,graded,,qwen38
hpcagent-bench-runs/cpf-llr-focus40-20260914/636540/judge/rank-3/hpcagent_bench3.db,cpf-llr-focus40-qwen38-c.n0.p11.w11,tsvc_2_s115,cpf-llr-focus40-qwen38-c,,not-portable,not portable: x86-only code (/iopsstor/scratch/cscs/lhulsbergen/v2/llr40-daint-regrade/final_worklists/c/translated/tmpugoocl07/probe.c:20:10: fatal error: immintrin.h: No such file or directory),,,,,c,c,,7.610676811131022,graded,,qwen38
hpcagent-bench-runs/cpf-llr-focus40-20260916/639338/judge/rank-3/hpcagent_bench3.db,cpf-llr-focus40-qwen38-c-clean.n0.p11.w11,tsvc_2_s115,cpf-llr-focus40-qwen38-c-clean,,not-portable,not portable: x86-only code (/iopsstor/scratch/cscs/lhulsbergen/v2/llr40-daint-regrade/final_worklists/c/translated/tmpebkhbwpy/probe.c:7:10: fatal error: immintrin.h: No such file or directory),,,,,c,c,,1.5079030409120122,graded,,qwen38
hpcagent-bench-runs/cpf-llr-focus40-20260914/636541/judge/rank-3/hpcagent_bench3.db,cpf-llr-focus40-qwen38-c-cpf.n0.p11.w11,tsvc_2_s115,cpf-llr-focus40-qwen38-c-cpf,,not-portable,not portable: x86-only code (/iopsstor/scratch/cscs/lhulsbergen/v2/llr40-daint-regrade/final_worklists/c/translated/tmpug2fxclk/probe.c:7:10: fatal error: immintrin.h: No such file or directory),,,,,c,c,,5.649146768502079,graded,,qwen38
hpcagent-bench-runs/cpf-llr-focus40-20260919/643317/judge/rank-0/hpcagent_bench0.db,cpf-llr-focus40-kimi27sglang-c-cpfsrc-v2-clean.n0.p12.w12,tsvc_2_s119,cpf-llr-focus40-kimi27sglang-c-cpfsrc-v2-clean,,not-portable,not portable: x86-only code (/iopsstor/scratch/cscs/lhulsbergen/v2/llr40-daint-regrade/final_worklists/c/translated/tmp14j6ftmw/probe.c:7:10: fatal error: immintrin.h: No such file or directory),,,,,c,c,,5.087848629519367,graded,,kimi27sglang
hpcagent-bench-runs/cpf-llr-focus40-20260918/641069/judge/rank-0/hpcagent_bench0.db,cpf-llr-focus40-qwen38-c.n0.p8.w8,tsvc_2_s119,cpf-llr-focus40-qwen38-c,,not-portable,not portable: x86-only code (/iopsstor/scratch/cscs/lhulsbergen/v2/llr40-daint-regrade/final_worklists/c/translated/tmpfb9cic60/probe.c:98:11: error: implicit declaration of function '__builtin_ia32_pause'; did you mean '__builtin_isspace'? [-Wimplicit-function-declaration]),,,,,c,c,,2.9342283538205955,graded,,qwen38
hpcagent-bench-runs/cpf-llr-focus40-20260915/638025/judge/rank-1/hpcagent_bench1.db,cpf-llr-focus40-qwen38-c-cpf.n0.p1.w1,tsvc_2_s119,cpf-llr-focus40-qwen38-c-cpf,,not-portable,not portable: x86-only code (/iopsstor/scratch/cscs/lhulsbergen/v2/llr40-daint-regrade/final_worklists/c/translated/tmp1wlo4y9n/probe.c:17:10: fatal error: immintrin.h: No such file or directory),,,,,c,c,,5.283032988618736,graded,,qwen38
hpcagent-bench-runs/cpf-llr-focus40-20260920/643372/judge/rank-0/hpcagent_bench0.db,cpf-llr-focus40-qwen38-c-cpfsrc-v2-clean.n0.p12.w12,tsvc_2_s119,cpf-llr-focus40-qwen38-c-cpfsrc-v2-clean,,not-portable,not portable: x86-only code (/iopsstor/scratch/cscs/lhulsbergen/v2/llr40-daint-regrade/final_worklists/c/translated/tmp511vsv97/probe.c:7:10: fatal error: immintrin.h: No such file or directory),,,,,c,c,,4.490179713260526,graded,,qwen38
hpcagent-bench-runs/cpf-llr-focus40-20260914/636543/judge/rank-0/hpcagent_bench0.db,cpf-llr-focus40-qwen38-c-perf-playbook-cpu.n0.p12.w12,tsvc_2_s119,cpf-llr-focus40-qwen38-c-perf-playbook-cpu,,not-portable,not portable: x86-only code (/iopsstor/scratch/cscs/lhulsbergen/v2/llr40-daint-regrade/final_worklists/c/translated/tmpbgkh5xxz/probe.c:13:10: fatal error: immintrin.h: No such file or directory),,,,,c,c,,1.3355484808311173,graded,,qwen38
hpcagent-bench-runs/cpf-llr-focus40-20260916/639343/judge/rank-0/hpcagent_bench0.db,cpf-llr-focus40-qwen38-c-skills-clean.n0.p12.w12,tsvc_2_s119,cpf-llr-focus40-qwen38-c-skills-clean,,not-portable,not portable: x86-only code (/iopsstor/scratch/cscs/lhulsbergen/v2/llr40-daint-regrade/final_worklists/c/translated/tmpzaxooijx/probe.c:8:10: fatal error: immintrin.h: No such file or directory),,,,,c,c,,3.3772849326979237,graded,,qwen38
hpcagent-bench-runs/cpf-llr-focus40-20260919/643317/judge/rank-1/hpcagent_bench1.db,cpf-llr-focus40-kimi27sglang-c-cpfsrc-v2-clean.n0.p13.w13,tsvc_2_s1232,cpf-llr-focus40-kimi27sglang-c-cpfsrc-v2-clean,,not-portable,not portable: x86-only code (/iopsstor/scratch/cscs/lhulsbergen/v2/llr40-daint-regrade/final_worklists/c/translated/tmpzj3jus46/probe.c:10:10: fatal error: immintrin.h: No such file or directory),,,,,c,c,,39.493426594610476,graded,,kimi27sglang
hpcagent-bench-runs/cpf-llr-focus40-20260915/639216/judge/rank-1/hpcagent_bench1.db,cpf-llr-focus40-qwen38-c-skills-clean.n0.p13.w13,tsvc_2_s1232,cpf-llr-focus40-qwen38-c-skills-clean,,not-portable,not portable: x86-only code (/iopsstor/scratch/cscs/lhulsbergen/v2/llr40-daint-regrade/final_worklists/c/translated/tmpgw3bs58u/probe.c:8:10: fatal error: immintrin.h: No such file or directory),,,,,c,c,,30.15338576148329,graded,,qwen38
hpcagent-bench-runs/cpf-llr-focus40-20260916/639343/judge/rank-1/hpcagent_bench1.db,cpf-llr-focus40-qwen38-c-skills-clean.n0.p13.w13,tsvc_2_s1232,cpf-llr-focus40-qwen38-c-skills-clean,,not-portable,not portable: x86-only code (/iopsstor/scratch/cscs/lhulsbergen/v2/llr40-daint-regrade/final_worklists/c/translated/tmpfd3gryc9/probe.c:8:10: fatal error: immintrin.h: No such file or directory),,,,,c,c,,23.07004837598112,graded,,qwen38
hpcagent-bench-runs/cpf-llr-focus40-20260915/639214/judge/rank-2/hpcagent_bench2.db,cpf-llr-focus40-kimi27sglang-c-clean.n0.p14.w14,tsvc_2_s1244,cpf-llr-focus40-kimi27sglang-c-clean,,not-portable,not portable: x86-only code (/iopsstor/scratch/cscs/lhulsbergen/v2/llr40-daint-regrade/final_worklists/c/translated/tmpaj90w9l_/probe.c:8:10: fatal error: immintrin.h: No such file or directory),,,,,c,c,,4.069302769989617,graded,,kimi27sglang
hpcagent-bench-runs/cpf-llr-focus40-20260919/643317/judge/rank-2/hpcagent_bench2.db,cpf-llr-focus40-kimi27sglang-c-cpfsrc-v2-clean.n0.p14.w14,tsvc_2_s1244,cpf-llr-focus40-kimi27sglang-c-cpfsrc-v2-clean,,not-portable,not portable: x86-only code (/iopsstor/scratch/cscs/lhulsbergen/v2/llr40-daint-regrade/final_worklists/c/translated/tmpp46qp2h3/probe.c:3:10: fatal error: immintrin.h: No such file or directory),,,,,c,c,,6.107986245794548,graded,,kimi27sglang
hpcagent-bench-runs/cpf-llr-focus40-20260917/640076/judge/rank-2/hpcagent_bench2.db,cpf-llr-focus40-qwen38-c.n0.p14.w14,tsvc_2_s1244,cpf-llr-focus40-qwen38-c,,not-portable,not portable: x86-only code (/iopsstor/scratch/cscs/lhulsbergen/v2/llr40-daint-regrade/final_worklists/c/translated/tmpj6uie5dd/probe.c:25:10: fatal error: immintrin.h: No such file or directory),,,,,c,c,,6.149776064668141,graded,,qwen38
hpcagent-bench-runs/cpf-llr-focus40-20260914/636541/judge/rank-2/hpcagent_bench2.db,cpf-llr-focus40-qwen38-c-cpf.n0.p14.w14,tsvc_2_s1244,cpf-llr-focus40-qwen38-c-cpf,,not-portable,not portable: x86-only code (/iopsstor/scratch/cscs/lhulsbergen/v2/llr40-daint-regrade/final_worklists/c/translated/tmpe0axa7rv/probe.c:31:10: fatal error: immintrin.h: No such file or directory),,,,,c,c,,5.476287942070083,graded,,qwen38
hpcagent-bench-runs/cpf-llr-focus40-20260915/639210/judge/rank-2/hpcagent_bench2.db,cpf-llr-focus40-qwen38-c-cpf-clean.n0.p14.w14,tsvc_2_s1244,cpf-llr-focus40-qwen38-c-cpf-clean,,not-portable,not portable: x86-only code (/iopsstor/scratch/cscs/lhulsbergen/v2/llr40-daint-regrade/final_worklists/c/translated/tmp9naail99/probe.c:19:10: fatal error: immintrin.h: No such file or directory),,,,,c,c,,3.722762818845025,graded,,qwen38
hpcagent-bench-runs/cpf-llr-focus40-20260916/639342/judge/rank-2/hpcagent_bench2.db,cpf-llr-focus40-qwen38-c-cpf-clean.n0.p14.w14,tsvc_2_s1244,cpf-llr-focus40-qwen38-c-cpf-clean,,not-portable,not portable: x86-only code (/iopsstor/scratch/cscs/lhulsbergen/v2/llr40-daint-regrade/final_worklists/c/translated/tmpishad_7t/probe.c:8:10: fatal error: immintrin.h: No such file or directory),,,,,c,c,,4.916089995516287,graded,,qwen38
hpcagent-bench-runs/cpf-llr-focus40-20260915/639216/judge/rank-2/hpcagent_bench2.db,cpf-llr-focus40-qwen38-c-skills-clean.n0.p14.w14,tsvc_2_s1244,cpf-llr-focus40-qwen38-c-skills-clean,,not-portable,not portable: x86-only code (/iopsstor/scratch/cscs/lhulsbergen/v2/llr40-daint-regrade/final_worklists/c/translated/tmpld2m7z2b/probe.c:8:10: fatal error: immintrin.h: No such file or directory),,,,,c,c,,6.101331020784484,graded,,qwen38
hpcagent-bench-runs/cpf-llr-focus40-20260916/639343/judge/rank-2/hpcagent_bench2.db,cpf-llr-focus40-qwen38-c-skills-clean.n0.p14.w14,tsvc_2_s1244,cpf-llr-focus40-qwen38-c-skills-clean,,not-portable,not portable: x86-only code (/iopsstor/scratch/cscs/lhulsbergen/v2/llr40-daint-regrade/final_worklists/c/translated/tmpwrpfx_ui/probe.c:8:10: fatal error: immintrin.h: No such file or directory),,,,,c,c,,6.236021999537723,graded,,qwen38
hpcagent-bench-runs/cpf-llr-focus40-20260913/635349/judge/rank-3/hpcagent_bench3.db,cpf-llr-focus40-glm53-c-skills.n0.p15.w15,tsvc_2_s152,cpf-llr-focus40-glm53-c-skills,,not-portable,not portable: x86-only code (/iopsstor/scratch/cscs/lhulsbergen/v2/llr40-daint-regrade/final_worklists/c/translated/tmp1jn9viyc/probe.c:8:10: fatal error: immintrin.h: No such file or directory),,,,,c,c,,,,,
hpcagent-bench-runs/cpf-llr-focus40-20260915/639214/judge/rank-3/hpcagent_bench3.db,cpf-llr-focus40-kimi27sglang-c-clean.n0.p15.w15,tsvc_2_s152,cpf-llr-focus40-kimi27sglang-c-clean,,not-portable,not portable: x86-only code (/iopsstor/scratch/cscs/lhulsbergen/v2/llr40-daint-regrade/final_worklists/c/translated/tmpb0kuaz_e/probe.c:2:10: fatal error: immintrin.h: No such file or directory),,,,,c,c,,3.88407646963899,graded,,kimi27sglang
hpcagent-bench-runs/cpf-llr-focus40-20260919/643317/judge/rank-3/hpcagent_bench3.db,cpf-llr-focus40-kimi27sglang-c-cpfsrc-v2-clean.n0.p15.w15,tsvc_2_s152,cpf-llr-focus40-kimi27sglang-c-cpfsrc-v2-clean,,not-portable,not portable: x86-only code (/iopsstor/scratch/cscs/lhulsbergen/v2/llr40-daint-regrade/final_worklists/c/translated/tmpb4y70tmw/probe.c:3:10: fatal error: immintrin.h: No such file or directory),,,,,c,c,,4.18337160532472,graded,,kimi27sglang
hpcagent-bench-runs/cpf-llr-focus40-20260920/643373/judge/rank-3/hpcagent_bench3.db,cpf-llr-focus40-oss120b-c-cpfsrc-v2-clean.n0.p15.w15,tsvc_2_s152,cpf-llr-focus40-oss120b-c-cpfsrc-v2-clean,,not-portable,not portable: x86-only code (/iopsstor/scratch/cscs/lhulsbergen/v2/llr40-daint-regrade/final_worklists/c/translated/tmpi1hkhwyr/probe.c:4:10: fatal error: immintrin.h: No such file or directory),,,,,c,c,,3.2440203737750726,graded,,oss120b
hpcagent-bench-runs/cpf-llr-focus40-20260914/636540/judge/rank-3/hpcagent_bench3.db,cpf-llr-focus40-qwen38-c.n0.p15.w15,tsvc_2_s152,cpf-llr-focus40-qwen38-c,,not-portable,not portable: x86-only code (/iopsstor/scratch/cscs/lhulsbergen/v2/llr40-daint-regrade/final_worklists/c/translated/tmpfso94pp5/probe.c:18:10: fatal error: immintrin.h: No such file or directory),,,,,c,c,,3.7972746828313997,graded,,qwen38
hpcagent-bench-runs/cpf-llr-focus40-20260916/639338/judge/rank-3/hpcagent_bench3.db,cpf-llr-focus40-qwen38-c-clean.n0.p15.w15,tsvc_2_s152,cpf-llr-focus40-qwen38-c-clean,,not-portable,not portable: x86-only code (/iopsstor/scratch/cscs/lhulsbergen/v2/llr40-daint-regrade/final_worklists/c/translated/tmpiae8w8bd/probe.c:8:10: fatal error: immintrin.h: No such file or directory),,,,,c,c,,3.967023476023804,graded,,qwen38
hpcagent-bench-runs/cpf-llr-focus40-20260916/639342/judge/rank-3/hpcagent_bench3.db,cpf-llr-focus40-qwen38-c-cpf-clean.n0.p15.w15,tsvc_2_s152,cpf-llr-focus40-qwen38-c-cpf-clean,,not-portable,not portable: x86-only code (/iopsstor/scratch/cscs/lhulsbergen/v2/llr40-daint-regrade/final_worklists/c/translated/tmps73jkvhc/probe.c:10:10: fatal error: immintrin.h: No such file or directory),,,,,c,c,,3.880916719297181,graded,,qwen38
hpcagent-bench-runs/cpf-llr-focus40-20260914/636543/judge/rank-3/hpcagent_bench3.db,cpf-llr-focus40-qwen38-c-perf-playbook-cpu.n0.p15.w15,tsvc_2_s152,cpf-llr-focus40-qwen38-c-perf-playbook-cpu,,not-portable,not portable: x86-only code (/iopsstor/scratch/cscs/lhulsbergen/v2/llr40-daint-regrade/final_worklists/c/translated/tmp0_uykil2/probe.c:8:10: fatal error: immintrin.h: No such file or directory),,,,,c,c,,3.1105550540856175,graded,,qwen38
hpcagent-bench-runs/cpf-llr-focus40-20260915/639216/judge/rank-3/hpcagent_bench3.db,cpf-llr-focus40-qwen38-c-skills-clean.n0.p15.w15,tsvc_2_s152,cpf-llr-focus40-qwen38-c-skills-clean,,not-portable,not portable: x86-only code (/iopsstor/scratch/cscs/lhulsbergen/v2/llr40-daint-regrade/final_worklists/c/translated/tmpxp_k_uvj/probe.c:8:10: fatal error: immintrin.h: No such file or directory),,,,,c,c,,4.044762677335237,graded,,qwen38
hpcagent-bench-runs/cpf-llr-focus40-20260919/643317/judge/rank-0/hpcagent_bench0.db,cpf-llr-focus40-kimi27sglang-c-cpfsrc-v2-clean.n0.p16.w16,tsvc_2_s2233,cpf-llr-focus40-kimi27sglang-c-cpfsrc-v2-clean,,not-portable,not portable: x86-only code (/iopsstor/scratch/cscs/lhulsbergen/v2/llr40-daint-regrade/final_worklists/c/translated/tmpjer4aqre/probe.c:12:10: fatal error: immintrin.h: No such file or directory),,,,,c,c,,69.71137869523015,graded,,kimi27sglang
hpcagent-bench-runs/cpf-llr-focus40-20260914/636540/judge/rank-0/hpcagent_bench0.db,cpf-llr-focus40-qwen38-c.n0.p16.w16,tsvc_2_s2233,cpf-llr-focus40-qwen38-c,,not-portable,not portable: x86-only code (/iopsstor/scratch/cscs/lhulsbergen/v2/llr40-daint-regrade/final_worklists/c/translated/tmpe5ya_bs5/probe.c:3:10: fatal error: immintrin.h: No such file or directory),,,,,c,c,,18.21701130119512,graded,,qwen38
hpcagent-bench-runs/cpf-llr-focus40-20260914/636543/judge/rank-0/hpcagent_bench0.db,cpf-llr-focus40-qwen38-c-perf-playbook-cpu.n0.p16.w16,tsvc_2_s2233,cpf-llr-focus40-qwen38-c-perf-playbook-cpu,,not-portable,not portable: x86-only code (/iopsstor/scratch/cscs/lhulsbergen/v2/llr40-daint-regrade/final_worklists/c/translated/tmpke10jead/probe.c:8:10: fatal error: immintrin.h: No such file or directory),,,,,c,c,,46.23418031352544,graded,,qwen38
hpcagent-bench-runs/cpf-llr-focus40-20260918/641699/judge/rank-2/hpcagent_bench2.db,cpf-llr-focus40-kimi27sglang-c-clean.n0.p2.w2,tsvc_2_s2275,cpf-llr-focus40-kimi27sglang-c-clean,,not-portable,not portable: x86-only code (/iopsstor/scratch/cscs/lhulsbergen/v2/llr40-daint-regrade/final_worklists/c/translated/tmpp8egwzja/probe.c:2:10: fatal error: immintrin.h: No such file or directory),,,,,c,c,,3.6895669827501605,graded,,kimi27sglang
hpcagent-bench-runs/cpf-llr-focus40-20260919/643317/judge/rank-1/hpcagent_bench1.db,cpf-llr-focus40-kimi27sglang-c-cpfsrc-v2-clean.n0.p17.w17,tsvc_2_s2275,cpf-llr-focus40-kimi27sglang-c-cpfsrc-v2-clean,,not-portable,not portable: x86-only code (/iopsstor/scratch/cscs/lhulsbergen/v2/llr40-daint-regrade/final_worklists/c/translated/tmpusip2880/probe.c:5:10: fatal error: immintrin.h: No such file or directory),,,,,c,c,,3.5908481884410017,graded,,kimi27sglang
hpcagent-bench-runs/cpf-llr-focus40-20260914/636540/judge/rank-1/hpcagent_bench1.db,cpf-llr-focus40-qwen38-c.n0.p17.w17,tsvc_2_s2275,cpf-llr-focus40-qwen38-c,,not-portable,not portable: x86-only code (/iopsstor/scratch/cscs/lhulsbergen/v2/llr40-daint-regrade/final_worklists/c/translated/tmpzdwa1bo3/probe.c:7:10: fatal error: immintrin.h: No such file or directory),,,,,c,c,,3.5810153534916758,graded,,qwen38
hpcagent-bench-runs/cpf-llr-focus40-20260916/639338/judge/rank-1/hpcagent_bench1.db,cpf-llr-focus40-qwen38-c-clean.n0.p17.w17,tsvc_2_s2275,cpf-llr-focus40-qwen38-c-clean,,not-portable,not portable: x86-only code (/iopsstor/scratch/cscs/lhulsbergen/v2/llr40-daint-regrade/final_worklists/c/translated/tmp8jagaxum/probe.c:3:10: fatal error: immintrin.h: No such file or directory),,,,,c,c,,3.653260128950998,graded,,qwen38
hpcagent-bench-runs/cpf-llr-focus40-20260914/636541/judge/rank-1/hpcagent_bench1.db,cpf-llr-focus40-qwen38-c-cpf.n0.p17.w17,tsvc_2_s2275,cpf-llr-focus40-qwen38-c-cpf,,not-portable,not portable: x86-only code (/iopsstor/scratch/cscs/lhulsbergen/v2/llr40-daint-regrade/final_worklists/c/translated/tmpd6gdlcbe/probe.c:7:10: fatal error: immintrin.h: No such file or directory),,,,,c,c,,3.063354309870472,graded,,qwen38
hpcagent-bench-runs/cpf-llr-focus40-20260916/639338/judge/rank-2/hpcagent_bench2.db,cpf-llr-focus40-qwen38-c-clean.n0.p18.w18,tsvc_2_s231,cpf-llr-focus40-qwen38-c-clean,,not-portable,not portable: x86-only code (/iopsstor/scratch/cscs/lhulsbergen/v2/llr40-daint-regrade/final_worklists/c/translated/tmppoz718ch/probe.c:8:10: fatal error: immintrin.h: No such file or directory),,,,,c,c,,1.7992439432650291,graded,,qwen38
hpcagent-bench-runs/cpf-llr-focus40-20260915/639210/judge/rank-2/hpcagent_bench2.db,cpf-llr-focus40-qwen38-c-cpf-clean.n0.p18.w18,tsvc_2_s231,cpf-llr-focus40-qwen38-c-cpf-clean,,not-portable,not portable: x86-only code (/iopsstor/scratch/cscs/lhulsbergen/v2/llr40-daint-regrade/final_worklists/c/translated/tmpgsbjt9pa/probe.c:18:10: fatal error: immintrin.h: No such file or directory),,,,,c,c,,1.614662089494509,graded,,qwen38
hpcagent-bench-runs/cpf-llr-focus40-20260914/637188/judge/rank-1/hpcagent_bench1.db,cpf-llr-focus40-qwen38-c-perf-playbook-cpu.n0.p1.w1,tsvc_2_s231,cpf-llr-focus40-qwen38-c-perf-playbook-cpu,,not-portable,not portable: x86-only code (/iopsstor/scratch/cscs/lhulsbergen/v2/llr40-daint-regrade/final_worklists/c/translated/tmpk2h4cl6_/probe.c:9:10: fatal error: immintrin.h: No such file or directory),,,,,c,c,,1.3530149560270053,graded,,qwen38
hpcagent-bench-runs/cpf-llr-focus40-20260916/639338/judge/rank-3/hpcagent_bench3.db,cpf-llr-focus40-qwen38-c-clean.n0.p19.w19,tsvc_2_s233,cpf-llr-focus40-qwen38-c-clean,,not-portable,not portable: x86-only code (/iopsstor/scratch/cscs/lhulsbergen/v2/llr40-daint-regrade/final_worklists/c/translated/tmpozo1jna0/probe.c:22:10: fatal error: immintrin.h: No such file or directory),,,,,c,c,,58.95312366144242,graded,,qwen38
hpcagent-bench-runs/cpf-llr-focus40-20260918/641699/judge/rank-3/hpcagent_bench3.db,cpf-llr-focus40-kimi27sglang-c-clean.n0.p3.w3,tsvc_2_s235,cpf-llr-focus40-kimi27sglang-c-clean,,not-portable,not portable: x86-only code (/iopsstor/scratch/cscs/lhulsbergen/v2/llr40-daint-regrade/final_worklists/c/translated/tmpxr0o_485/probe.c:7:10: fatal error: immintrin.h: No such file or directory),,,,,c,c,,1.7031952187157986,graded,,kimi27sglang
hpcagent-bench-runs/cpf-llr-focus40-20260918/641069/judge/rank-2/hpcagent_bench2.db,cpf-llr-focus40-qwen38-c.n0.p14.w14,tsvc_2_s235,cpf-llr-focus40-qwen38-c,,not-portable,not portable: x86-only code (/iopsstor/scratch/cscs/lhulsbergen/v2/llr40-daint-regrade/final_worklists/c/translated/tmpai20n1l1/probe.c:8:10: fatal error: immintrin.h: No such file or directory),,,,,c,c,,2.787197553708895,graded,,qwen38
hpcagent-bench-runs/cpf-llr-focus40-20260914/636540/judge/rank-0/hpcagent_bench0.db,cpf-llr-focus40-qwen38-c.n0.p20.w20,tsvc_2_s235,cpf-llr-focus40-qwen38-c,,not-portable,not portable: x86-only code (/iopsstor/scratch/cscs/lhulsbergen/v2/llr40-daint-regrade/final_worklists/c/translated/tmpo1d05_9w/probe.c:9:10: fatal error: immintrin.h: No such file or directory),,,,,c,c,,,,,qwen38
hpcagent-bench-runs/cpf-llr-focus40-20260916/639338/judge/rank-0/hpcagent_bench0.db,cpf-llr-focus40-qwen38-c-clean.n0.p20.w20,tsvc_2_s235,cpf-llr-focus40-qwen38-c-clean,,not-portable,not portable: x86-only code (/iopsstor/scratch/cscs/lhulsbergen/v2/llr40-daint-regrade/final_worklists/c/translated/tmpmwtccast/probe.c:23:10: fatal error: immintrin.h: No such file or directory),,,,,c,c,,1.3439983104275013,graded,,qwen38
hpcagent-bench-runs/cpf-llr-focus40-20260914/636543/judge/rank-0/hpcagent_bench0.db,cpf-llr-focus40-qwen38-c-perf-playbook-cpu.n0.p20.w20,tsvc_2_s235,cpf-llr-focus40-qwen38-c-perf-playbook-cpu,,not-portable,not portable: x86-only code (/iopsstor/scratch/cscs/lhulsbergen/v2/llr40-daint-regrade/final_worklists/c/translated/tmpxskbge6m/probe.c:8:10: fatal error: immintrin.h: No such file or directory),,,,,c,c,,,,,qwen38
hpcagent-bench-runs/cpf-llr-focus40-20260914/636501/judge/rank-1/hpcagent_bench1.db,cpf-llr-focus40-glm53-c-skills.n0.p9.w9,tsvc_2_s252,cpf-llr-focus40-glm53-c-skills,,not-portable,not portable: x86-only code (/iopsstor/scratch/cscs/lhulsbergen/v2/llr40-daint-regrade/final_worklists/c/translated/tmps_t09lcu/probe.c:8:10: fatal error: immintrin.h: No such file or directory),,,,,c,c,,6.928932836555687,graded,,
hpcagent-bench-runs/cpf-llr-focus40-20260918/641699/judge/rank-0/hpcagent_bench0.db,cpf-llr-focus40-kimi27sglang-c-clean.n0.p4.w4,tsvc_2_s252,cpf-llr-focus40-kimi27sglang-c-clean,,not-portable,not portable: x86-only code (/iopsstor/scratch/cscs/lhulsbergen/v2/llr40-daint-regrade/final_worklists/c/translated/tmpwgwbur1_/probe.c:8:10: fatal error: immintrin.h: No such file or directory),,,,,c,c,,6.101784791031685,graded,,kimi27sglang
hpcagent-bench-runs/cpf-llr-focus40-20260919/643317/judge/rank-1/hpcagent_bench1.db,cpf-llr-focus40-kimi27sglang-c-cpfsrc-v2-clean.n0.p21.w21,tsvc_2_s252,cpf-llr-focus40-kimi27sglang-c-cpfsrc-v2-clean,,not-portable,not portable: x86-only code (/iopsstor/scratch/cscs/lhulsbergen/v2/llr40-daint-regrade/final_worklists/c/translated/tmp5xh834ob/probe.c:4:10: fatal error: immintrin.h: No such file or directory),,,,,c,c,,6.5560526876048195,graded,,kimi27sglang
hpcagent-bench-runs/cpf-llr-focus40-20260918/641069/judge/rank-3/hpcagent_bench3.db,cpf-llr-focus40-qwen38-c.n0.p15.w15,tsvc_2_s252,cpf-llr-focus40-qwen38-c,,not-portable,not portable: x86-only code (/iopsstor/scratch/cscs/lhulsbergen/v2/llr40-daint-regrade/final_worklists/c/translated/tmpbpsvy567/probe.c:30:10: fatal error: immintrin.h: No such file or directory),,,,,c,c,,6.1049279600666,graded,,qwen38
hpcagent-bench-runs/cpf-llr-focus40-20260914/636540/judge/rank-1/hpcagent_bench1.db,cpf-llr-focus40-qwen38-c.n0.p21.w21,tsvc_2_s252,cpf-llr-focus40-qwen38-c,,not-portable,not portable: x86-only code (/iopsstor/scratch/cscs/lhulsbergen/v2/llr40-daint-regrade/final_worklists/c/translated/tmp9a14mve8/probe.c:14:10: fatal error: immintrin.h: No such file or directory),,,,,c,c,,,,,qwen38
hpcagent-bench-runs/cpf-llr-focus40-20260920/643372/judge/rank-1/hpcagent_bench1.db,cpf-llr-focus40-qwen38-c-cpfsrc-v2-clean.n0.p21.w21,tsvc_2_s252,cpf-llr-focus40-qwen38-c-cpfsrc-v2-clean,,not-portable,not portable: x86-only code (/iopsstor/scratch/cscs/lhulsbergen/v2/llr40-daint-regrade/final_worklists/c/translated/tmptwa2wck6/probe.c:6:10: fatal error: immintrin.h: No such file or directory),,,,,c,c,,6.288188939341302,graded,,qwen38
hpcagent-bench-runs/cpf-llr-focus40-20260914/636543/judge/rank-1/hpcagent_bench1.db,cpf-llr-focus40-qwen38-c-perf-playbook-cpu.n0.p21.w21,tsvc_2_s252,cpf-llr-focus40-qwen38-c-perf-playbook-cpu,,not-portable,not portable: x86-only code (/iopsstor/scratch/cscs/lhulsbergen/v2/llr40-daint-regrade/final_worklists/c/translated/tmpbkhi4sag/probe.c:7:10: fatal error: immintrin.h: No such file or directory),,,,,c,c,,,,,qwen38
hpcagent-bench-runs/cpf-llr-focus40-20260915/639216/judge/rank-1/hpcagent_bench1.db,cpf-llr-focus40-qwen38-c-skills-clean.n0.p21.w21,tsvc_2_s252,cpf-llr-focus40-qwen38-c-skills-clean,,not-portable,not portable: x86-only code (/iopsstor/scratch/cscs/lhulsbergen/v2/llr40-daint-regrade/final_worklists/c/translated/tmptzkz1tuc/probe.c:8:10: fatal error: immintrin.h: No such file or directory),,,,,c,c,,5.533189843295924,graded,,qwen38
hpcagent-bench-runs/cpf-llr-focus40-20260914/636501/judge/rank-2/hpcagent_bench2.db,cpf-llr-focus40-glm53-c-skills.n0.p10.w10,tsvc_2_s255,cpf-llr-focus40-glm53-c-skills,,not-portable,not portable: x86-only code (/iopsstor/scratch/cscs/lhulsbergen/v2/llr40-daint-regrade/final_worklists/c/translated/tmppkz620yc/probe.c:8:10: fatal error: immintrin.h: No such file or directory),,,,,c,c,,9.635307627732717,graded,,
hpcagent-bench-runs/cpf-llr-focus40-20260918/641699/judge/rank-1/hpcagent_bench1.db,cpf-llr-focus40-kimi27sglang-c-clean.n0.p5.w5,tsvc_2_s255,cpf-llr-focus40-kimi27sglang-c-clean,,not-portable,not portable: x86-only code (/iopsstor/scratch/cscs/lhulsbergen/v2/llr40-daint-regrade/final_worklists/c/translated/tmploeo67ke/probe.c:3:10: fatal error: immintrin.h: No such file or directory),,,,,c,c,,9.68826866550709,graded,,kimi27sglang
hpcagent-bench-runs/cpf-llr-focus40-20260918/641069/judge/rank-0/hpcagent_bench0.db,cpf-llr-focus40-qwen38-c.n0.p16.w16,tsvc_2_s255,cpf-llr-focus40-qwen38-c,,not-portable,not portable: x86-only code (/iopsstor/scratch/cscs/lhulsbergen/v2/llr40-daint-regrade/final_worklists/c/translated/tmpnojhfis4/probe.c:8:10: fatal error: immintrin.h: No such file or directory),,,,,c,c,,9.595122487579363,graded,,qwen38
hpcagent-bench-runs/cpf-llr-focus40-20260914/636541/judge/rank-2/hpcagent_bench2.db,cpf-llr-focus40-qwen38-c-cpf.n0.p22.w22,tsvc_2_s255,cpf-llr-focus40-qwen38-c-cpf,,not-portable,not portable: x86-only code (/iopsstor/scratch/cscs/lhulsbergen/v2/llr40-daint-regrade/final_worklists/c/translated/tmpeq2p2f11/probe.c:3:10: fatal error: immintrin.h: No such file or directory),,,,,c,c,,9.26204123841473,graded,,qwen38
hpcagent-bench-runs/cpf-llr-focus40-20260916/639342/judge/rank-2/hpcagent_bench2.db,cpf-llr-focus40-qwen38-c-cpf-clean.n0.p22.w22,tsvc_2_s255,cpf-llr-focus40-qwen38-c-cpf-clean,,not-portable,not portable: x86-only code (/iopsstor/scratch/cscs/lhulsbergen/v2/llr40-daint-regrade/final_worklists/c/translated/tmpbym1rdtp/probe.c:3:10: fatal error: immintrin.h: No such file or directory),,,,,c,c,,6.03006925159996,graded,,qwen38
hpcagent-bench-runs/cpf-llr-focus40-20260920/643372/judge/rank-2/hpcagent_bench2.db,cpf-llr-focus40-qwen38-c-cpfsrc-v2-clean.n0.p22.w22,tsvc_2_s255,cpf-llr-focus40-qwen38-c-cpfsrc-v2-clean,,not-portable,not portable: x86-only code (/iopsstor/scratch/cscs/lhulsbergen/v2/llr40-daint-regrade/final_worklists/c/translated/tmp8xqm9smu/probe.c:8:10: fatal error: immintrin.h: No such file or directory),,,,,c,c,,5.618925194296424,graded,,qwen38
hpcagent-bench-runs/cpf-llr-focus40-20260914/636543/judge/rank-2/hpcagent_bench2.db,cpf-llr-focus40-qwen38-c-perf-playbook-cpu.n0.p22.w22,tsvc_2_s255,cpf-llr-focus40-qwen38-c-perf-playbook-cpu,,not-portable,not portable: x86-only code (/iopsstor/scratch/cscs/lhulsbergen/v2/llr40-daint-regrade/final_worklists/c/translated/tmpohim_5md/probe.c:8:10: fatal error: immintrin.h: No such file or directory),,,,,c,c,,6.010462343008782,graded,,qwen38
hpcagent-bench-runs/cpf-llr-focus40-20260916/639343/judge/rank-2/hpcagent_bench2.db,cpf-llr-focus40-qwen38-c-skills-clean.n0.p22.w22,tsvc_2_s255,cpf-llr-focus40-qwen38-c-skills-clean,,not-portable,not portable: x86-only code (/iopsstor/scratch/cscs/lhulsbergen/v2/llr40-daint-regrade/final_worklists/c/translated/tmpjzeg1scm/probe.c:8:10: fatal error: immintrin.h: No such file or directory),,,,,c,c,,9.234812441947744,graded,,qwen38
hpcagent-bench-runs/cpf-llr-focus40-20260917/640583/judge/rank-3/hpcagent_bench3.db,cpf-llr-focus40-oss120b-c.n0.p3.w3,tsvc_2_s2710,cpf-llr-focus40-oss120b-c,,not-portable,not portable: x86-only code (/iopsstor/scratch/cscs/lhulsbergen/v2/llr40-daint-regrade/final_worklists/c/translated/tmpxhwplp5x/probe.c:3:10: fatal error: immintrin.h: No such file or directory),,,,,c,c,,1.0982535068067691,graded,,oss120b
hpcagent-bench-runs/cpf-llr-focus40-20260915/639213/judge/rank-3/hpcagent_bench3.db,cpf-llr-focus40-oss120b-c-cpf-clean.n0.p23.w23,tsvc_2_s2710,cpf-llr-focus40-oss120b-c-cpf-clean,,not-portable,not portable: x86-only code (/iopsstor/scratch/cscs/lhulsbergen/v2/llr40-daint-regrade/final_worklists/c/translated/tmpx7ywi4wf/probe.c:5:10: fatal error: immintrin.h: No such file or directory),,,,,c,c,,1.0126225670660405,graded,,oss120b
hpcagent-bench-runs/cpf-llr-focus40-20260915/638025/judge/rank-2/hpcagent_bench2.db,cpf-llr-focus40-qwen38-c-cpf.n0.p2.w2,tsvc_2_s2710,cpf-llr-focus40-qwen38-c-cpf,,not-portable,not portable: x86-only code (/iopsstor/scratch/cscs/lhulsbergen/v2/llr40-daint-regrade/final_worklists/c/translated/tmp865lr5hz/probe.c:3:10: fatal error: immintrin.h: No such file or directory),,,,,c,c,,1.0037342625074357,graded,,qwen38
hpcagent-bench-runs/cpf-llr-focus40-20260920/643372/judge/rank-3/hpcagent_bench3.db,cpf-llr-focus40-qwen38-c-cpfsrc-v2-clean.n0.p23.w23,tsvc_2_s2710,cpf-llr-focus40-qwen38-c-cpfsrc-v2-clean,,not-portable,not portable: x86-only code (/iopsstor/scratch/cscs/lhulsbergen/v2/llr40-daint-regrade/final_worklists/c/translated/tmp1dqqjicg/probe.c:5:10: fatal error: immintrin.h: No such file or directory),,,,,c,c,,1.091589698943714,graded,,qwen38
hpcagent-bench-runs/cpf-llr-focus40-20260914/636543/judge/rank-3/hpcagent_bench3.db,cpf-llr-focus40-qwen38-c-perf-playbook-cpu.n0.p23.w23,tsvc_2_s2710,cpf-llr-focus40-qwen38-c-perf-playbook-cpu,,not-portable,not portable: x86-only code (/iopsstor/scratch/cscs/lhulsbergen/v2/llr40-daint-regrade/final_worklists/c/translated/tmpd69ldfv5/probe.c:8:10: fatal error: immintrin.h: No such file or directory),,,,,c,c,,0.9964888817171981,graded,,qwen38
hpcagent-bench-runs/cpf-llr-focus40-20260914/636540/judge/rank-0/hpcagent_bench0.db,cpf-llr-focus40-qwen38-c.n0.p24.w24,tsvc_2_s275,cpf-llr-focus40-qwen38-c,,not-portable,not portable: x86-only code (/iopsstor/scratch/cscs/lhulsbergen/v2/llr40-daint-regrade/final_worklists/c/translated/tmpgq9o2yto/probe.c:3:10: fatal error: immintrin.h: No such file or directory),,,,,c,c,,0.9385315424166945,graded,,qwen38
hpcagent-bench-runs/cpf-llr-focus40-20260915/639207/judge/rank-0/hpcagent_bench0.db,cpf-llr-focus40-qwen38-c-clean.n0.p24.w24,tsvc_2_s275,cpf-llr-focus40-qwen38-c-clean,,not-portable,not portable: x86-only code (/iopsstor/scratch/cscs/lhulsbergen/v2/llr40-daint-regrade/final_worklists/c/translated/tmpv5hm8iok/probe.c:8:10: fatal error: immintrin.h: No such file or directory),,,,,c,c,,0.8945094710139998,graded,,qwen38
hpcagent-bench-runs/cpf-llr-focus40-20260916/639338/judge/rank-0/hpcagent_bench0.db,cpf-llr-focus40-qwen38-c-clean.n0.p24.w24,tsvc_2_s275,cpf-llr-focus40-qwen38-c-clean,,not-portable,not portable: x86-only code (/iopsstor/scratch/cscs/lhulsbergen/v2/llr40-daint-regrade/final_worklists/c/translated/tmpz2mu6ihq/probe.c:8:10: fatal error: immintrin.h: No such file or directory),,,,,c,c,,0.9451655400390229,graded,,qwen38
hpcagent-bench-runs/cpf-llr-focus40-20260914/636543/judge/rank-0/hpcagent_bench0.db,cpf-llr-focus40-qwen38-c-perf-playbook-cpu.n0.p24.w24,tsvc_2_s275,cpf-llr-focus40-qwen38-c-perf-playbook-cpu,,not-portable,not portable: x86-only code (/iopsstor/scratch/cscs/lhulsbergen/v2/llr40-daint-regrade/final_worklists/c/translated/tmpboehpz64/probe.c:8:10: fatal error: immintrin.h: No such file or directory),,,,,c,c,,1.6869764598952341,graded,,qwen38
hpcagent-bench-runs/cpf-llr-focus40-20260919/643317/judge/rank-1/hpcagent_bench1.db,cpf-llr-focus40-kimi27sglang-c-cpfsrc-v2-clean.n0.p25.w25,tsvc_2_s311,cpf-llr-focus40-kimi27sglang-c-cpfsrc-v2-clean,,not-portable,not portable: x86-only code (/iopsstor/scratch/cscs/lhulsbergen/v2/llr40-daint-regrade/final_worklists/c/translated/tmp9b63t0s5/probe.c:6:10: fatal error: immintrin.h: No such file or directory),,,,,c,c,,21.170924524129592,graded,,kimi27sglang
hpcagent-bench-runs/cpf-llr-focus40-20260918/641069/judge/rank-3/hpcagent_bench3.db,cpf-llr-focus40-qwen38-c.n0.p19.w19,tsvc_2_s311,cpf-llr-focus40-qwen38-c,,not-portable,not portable: x86-only code (/iopsstor/scratch/cscs/lhulsbergen/v2/llr40-daint-regrade/final_worklists/c/translated/tmpv1__dyg4/probe.c:8:10: fatal error: immintrin.h: No such file or directory),,,,,c,c,,20.760431549797396,graded,,qwen38
hpcagent-bench-runs/cpf-llr-focus40-20260914/636540/judge/rank-1/hpcagent_bench1.db,cpf-llr-focus40-qwen38-c.n0.p25.w25,tsvc_2_s311,cpf-llr-focus40-qwen38-c,,not-portable,not portable: x86-only code (/iopsstor/scratch/cscs/lhulsbergen/v2/llr40-daint-regrade/final_worklists/c/translated/tmpifktial7/probe.c:3:10: fatal error: immintrin.h: No such file or directory),,,,,c,c,,20.41029562078749,graded,,qwen38
hpcagent-bench-runs/cpf-llr-focus40-20260915/639207/judge/rank-1/hpcagent_bench1.db,cpf-llr-focus40-qwen38-c-clean.n0.p25.w25,tsvc_2_s311,cpf-llr-focus40-qwen38-c-clean,,not-portable,not portable: x86-only code (/iopsstor/scratch/cscs/lhulsbergen/v2/llr40-daint-regrade/final_worklists/c/translated/tmp3vn661_a/probe.c:8:10: fatal error: immintrin.h: No such file or directory),,,,,c,c,,7.284387040802225,graded,,qwen38
hpcagent-bench-runs/cpf-llr-focus40-20260916/639338/judge/rank-1/hpcagent_bench1.db,cpf-llr-focus40-qwen38-c-clean.n0.p25.w25,tsvc_2_s311,cpf-llr-focus40-qwen38-c-clean,,not-portable,not portable: x86-only code (/iopsstor/scratch/cscs/lhulsbergen/v2/llr40-daint-regrade/final_worklists/c/translated/tmpc79lyhtr/probe.c:4:10: fatal error: immintrin.h: No such file or directory),,,,,c,c,,12.696032901060013,graded,,qwen38
hpcagent-bench-runs/cpf-llr-focus40-20260915/639210/judge/rank-1/hpcagent_bench1.db,cpf-llr-focus40-qwen38-c-cpf-clean.n0.p25.w25,tsvc_2_s311,cpf-llr-focus40-qwen38-c-cpf-clean,,not-portable,not portable: x86-only code (/iopsstor/scratch/cscs/lhulsbergen/v2/llr40-daint-regrade/final_worklists/c/translated/tmp622eq7ag/probe.c:3:10: fatal error: immintrin.h: No such file or directory),,,,,c,c,,21.178287295338677,graded,,qwen38
hpcagent-bench-runs/cpf-llr-focus40-20260920/643372/judge/rank-1/hpcagent_bench1.db,cpf-llr-focus40-qwen38-c-cpfsrc-v2-clean.n0.p25.w25,tsvc_2_s311,cpf-llr-focus40-qwen38-c-cpfsrc-v2-clean,,not-portable,not portable: x86-only code (/iopsstor/scratch/cscs/lhulsbergen/v2/llr40-daint-regrade/final_worklists/c/translated/tmpxj6yrlfb/probe.c:8:10: fatal error: immintrin.h: No such file or directory),,,,,c,c,,20.553878401274623,graded,,qwen38
hpcagent-bench-runs/cpf-llr-focus40-20260914/636543/judge/rank-1/hpcagent_bench1.db,cpf-llr-focus40-qwen38-c-perf-playbook-cpu.n0.p25.w25,tsvc_2_s311,cpf-llr-focus40-qwen38-c-perf-playbook-cpu,,not-portable,not portable: x86-only code (/iopsstor/scratch/cscs/lhulsbergen/v2/llr40-daint-regrade/final_worklists/c/translated/tmp94wf85mu/probe.c:8:10: fatal error: immintrin.h: No such file or directory),,,,,c,c,,20.404499578720927,graded,,qwen38
hpcagent-bench-runs/cpf-llr-focus40-20260914/636501/judge/rank-2/hpcagent_bench2.db,cpf-llr-focus40-glm53-c-skills.n0.p14.w14,tsvc_2_s3110,cpf-llr-focus40-glm53-c-skills,,not-portable,not portable: x86-only code (/iopsstor/scratch/cscs/lhulsbergen/v2/llr40-daint-regrade/final_worklists/c/translated/tmp_tg1bcuv/probe.c:8:10: fatal error: immintrin.h: No such file or directory),,,,,c,c,,20.61645968176539,graded,,
hpcagent-bench-runs/cpf-llr-focus40-20260918/641699/judge/rank-1/hpcagent_bench1.db,cpf-llr-focus40-kimi27sglang-c-clean.n0.p9.w9,tsvc_2_s3110,cpf-llr-focus40-kimi27sglang-c-clean,,not-portable,not portable: x86-only code (/iopsstor/scratch/cscs/lhulsbergen/v2/llr40-daint-regrade/final_worklists/c/translated/tmpucn_p2ak/probe.c:4:10: fatal error: immintrin.h: No such file or directory),,,,,c,c,,20.09068060649234,graded,,kimi27sglang
hpcagent-bench-runs/cpf-llr-focus40-20260919/643317/judge/rank-2/hpcagent_bench2.db,cpf-llr-focus40-kimi27sglang-c-cpfsrc-v2-clean.n0.p26.w26,tsvc_2_s3110,cpf-llr-focus40-kimi27sglang-c-cpfsrc-v2-clean,,not-portable,not portable: x86-only code (/iopsstor/scratch/cscs/lhulsbergen/v2/llr40-daint-regrade/final_worklists/c/translated/tmpeytsno28/probe.c:9:10: fatal error: immintrin.h: No such file or directory),,,,,c,c,,20.178845684921686,graded,,kimi27sglang
hpcagent-bench-runs/cpf-llr-focus40-20260916/639338/judge/rank-2/hpcagent_bench2.db,cpf-llr-focus40-qwen38-c-clean.n0.p26.w26,tsvc_2_s3110,cpf-llr-focus40-qwen38-c-clean,,not-portable,not portable: x86-only code (/iopsstor/scratch/cscs/lhulsbergen/v2/llr40-daint-regrade/final_worklists/c/translated/tmpd9ps_ep4/probe.c:15:10: fatal error: immintrin.h: No such file or directory),,,,,c,c,,20.867381203770822,graded,,qwen38
hpcagent-bench-runs/cpf-llr-focus40-20260914/636541/judge/rank-2/hpcagent_bench2.db,cpf-llr-focus40-qwen38-c-cpf.n0.p26.w26,tsvc_2_s3110,cpf-llr-focus40-qwen38-c-cpf,,not-portable,not portable: x86-only code (/iopsstor/scratch/cscs/lhulsbergen/v2/llr40-daint-regrade/final_worklists/c/translated/tmp6rpmbzof/probe.c:17:10: fatal error: immintrin.h: No such file or directory),,,,,c,c,,20.87260749342688,graded,,qwen38
hpcagent-bench-runs/cpf-llr-focus40-20260916/639342/judge/rank-2/hpcagent_bench2.db,cpf-llr-focus40-qwen38-c-cpf-clean.n0.p26.w26,tsvc_2_s3110,cpf-llr-focus40-qwen38-c-cpf-clean,,not-portable,not portable: x86-only code (/iopsstor/scratch/cscs/lhulsbergen/v2/llr40-daint-regrade/final_worklists/c/translated/tmpb3_kiap_/probe.c:19:10: fatal error: immintrin.h: No such file or directory),,,,,c,c,,20.16593335132407,graded,,qwen38
hpcagent-bench-runs/cpf-llr-focus40-20260914/636543/judge/rank-2/hpcagent_bench2.db,cpf-llr-focus40-qwen38-c-perf-playbook-cpu.n0.p26.w26,tsvc_2_s3110,cpf-llr-focus40-qwen38-c-perf-playbook-cpu,,not-portable,not portable: x86-only code (/iopsstor/scratch/cscs/lhulsbergen/v2/llr40-daint-regrade/final_worklists/c/translated/tmpx4n1gg71/probe.c:13:10: fatal error: immintrin.h: No such file or directory),,,,,c,c,,,,,qwen38
hpcagent-bench-runs/cpf-llr-focus40-20260915/639216/judge/rank-2/hpcagent_bench2.db,cpf-llr-focus40-qwen38-c-skills-clean.n0.p26.w26,tsvc_2_s3110,cpf-llr-focus40-qwen38-c-skills-clean,,not-portable,not portable: x86-only code (/iopsstor/scratch/cscs/lhulsbergen/v2/llr40-daint-regrade/final_worklists/c/translated/tmpve13q85u/probe.c:8:10: fatal error: immintrin.h: No such file or directory),,,,,c,c,,17.729459661679627,graded,,qwen38
hpcagent-bench-runs/cpf-llr-focus40-20260914/636540/judge/rank-3/hpcagent_bench3.db,cpf-llr-focus40-qwen38-c.n0.p27.w27,tsvc_2_s3111,cpf-llr-focus40-qwen38-c,,not-portable,not portable: x86-only code (/iopsstor/scratch/cscs/lhulsbergen/v2/llr40-daint-regrade/final_worklists/c/translated/tmp_sao_3w4/probe.c:15:10: fatal error: immintrin.h: No such file or directory),,,,,c,c,,29.225432341549045,graded,,qwen38
hpcagent-bench-runs/cpf-llr-focus40-20260917/640076/judge/rank-3/hpcagent_bench3.db,cpf-llr-focus40-qwen38-c.n0.p27.w27,tsvc_2_s3111,cpf-llr-focus40-qwen38-c,,not-portable,not portable: x86-only code (/iopsstor/scratch/cscs/lhulsbergen/v2/llr40-daint-regrade/final_worklists/c/translated/tmptb5tkqwd/probe.c:8:10: fatal error: immintrin.h: No such file or directory),,,,,c,c,,28.302218070911383,graded,,qwen38
hpcagent-bench-runs/cpf-llr-focus40-20260915/639207/judge/rank-3/hpcagent_bench3.db,cpf-llr-focus40-qwen38-c-clean.n0.p27.w27,tsvc_2_s3111,cpf-llr-focus40-qwen38-c-clean,,not-portable,not portable: x86-only code (/iopsstor/scratch/cscs/lhulsbergen/v2/llr40-daint-regrade/final_worklists/c/translated/tmpl7unmta7/probe.c:19:10: fatal error: immintrin.h: No such file or directory),,,,,c,c,,29.468677382042443,graded,,qwen38
hpcagent-bench-runs/cpf-llr-focus40-20260916/639342/judge/rank-3/hpcagent_bench3.db,cpf-llr-focus40-qwen38-c-cpf-clean.n0.p27.w27,tsvc_2_s3111,cpf-llr-focus40-qwen38-c-cpf-clean,,not-portable,not portable: x86-only code (/iopsstor/scratch/cscs/lhulsbergen/v2/llr40-daint-regrade/final_worklists/c/translated/tmp61rhck07/probe.c:8:10: fatal error: immintrin.h: No such file or directory),,,,,c,c,,29.51406254734278,graded,,qwen38
hpcagent-bench-runs/cpf-llr-focus40-20260914/636543/judge/rank-3/hpcagent_bench3.db,cpf-llr-focus40-qwen38-c-perf-playbook-cpu.n0.p27.w27,tsvc_2_s3111,cpf-llr-focus40-qwen38-c-perf-playbook-cpu,,not-portable,not portable: x86-only code (/iopsstor/scratch/cscs/lhulsbergen/v2/llr40-daint-regrade/final_worklists/c/translated/tmp2dxi_gfm/probe.c:8:10: fatal error: immintrin.h: No such file or directory),,,,,c,c,,29.234932643610755,graded,,qwen38
hpcagent-bench-runs/cpf-llr-focus40-20260915/639216/judge/rank-3/hpcagent_bench3.db,cpf-llr-focus40-qwen38-c-skills-clean.n0.p27.w27,tsvc_2_s3111,cpf-llr-focus40-qwen38-c-skills-clean,,not-portable,not portable: x86-only code (/iopsstor/scratch/cscs/lhulsbergen/v2/llr40-daint-regrade/final_worklists/c/translated/tmp8jry67y0/probe.c:8:10: fatal error: immintrin.h: No such file or directory),,,,,c,c,,29.485094814207354,graded,,qwen38
hpcagent-bench-runs/cpf-llr-focus40-20260918/641699/judge/rank-3/hpcagent_bench3.db,cpf-llr-focus40-kimi27sglang-c-clean.n0.p11.w11,tsvc_2_s3112,cpf-llr-focus40-kimi27sglang-c-clean,,not-portable,not portable: x86-only code (/iopsstor/scratch/cscs/lhulsbergen/v2/llr40-daint-regrade/final_worklists/c/translated/tmp6g190iws/probe.c:6:10: fatal error: immintrin.h: No such file or directory),,,,,c,c,,,graded,,kimi27sglang
hpcagent-bench-runs/cpf-llr-focus40-20260919/643317/judge/rank-0/hpcagent_bench0.db,cpf-llr-focus40-kimi27sglang-c-cpfsrc-v2-clean.n0.p28.w28,tsvc_2_s3112,cpf-llr-focus40-kimi27sglang-c-cpfsrc-v2-clean,,not-portable,not portable: x86-only code (/iopsstor/scratch/cscs/lhulsbergen/v2/llr40-daint-regrade/final_worklists/c/translated/tmp7fzpplbe/probe.c:9:10: fatal error: immintrin.h: No such file or directory),,,,,c,c,,,graded,,kimi27sglang
hpcagent-bench-runs/cpf-llr-focus40-20260919/643317/judge/rank-1/hpcagent_bench1.db,cpf-llr-focus40-kimi27sglang-c-cpfsrc-v2-clean.n0.p29.w29,tsvc_2_s316,cpf-llr-focus40-kimi27sglang-c-cpfsrc-v2-clean,,not-portable,not portable: x86-only code (/iopsstor/scratch/cscs/lhulsbergen/v2/llr40-daint-regrade/final_worklists/c/translated/tmpe6hia1w6/probe.c:4:10: fatal error: immintrin.h: No such file or directory),,,,,c,c,,13.975261898477445,graded,,kimi27sglang
hpcagent-bench-runs/cpf-llr-focus40-20260914/636540/judge/rank-1/hpcagent_bench1.db,cpf-llr-focus40-qwen38-c.n0.p29.w29,tsvc_2_s316,cpf-llr-focus40-qwen38-c,,not-portable,not portable: x86-only code (/iopsstor/scratch/cscs/lhulsbergen/v2/llr40-daint-regrade/final_worklists/c/translated/tmp4p48_42m/probe.c:15:10: fatal error: immintrin.h: No such file or directory),,,,,c,c,,11.826784528652642,graded,,qwen38
hpcagent-bench-runs/cpf-llr-focus40-20260914/636541/judge/rank-1/hpcagent_bench1.db,cpf-llr-focus40-qwen38-c-cpf.n0.p29.w29,tsvc_2_s316,cpf-llr-focus40-qwen38-c-cpf,,not-portable,not portable: x86-only code (/iopsstor/scratch/cscs/lhulsbergen/v2/llr40-daint-regrade/final_worklists/c/translated/tmp9rpvv7ao/probe.c:7:10: fatal error: immintrin.h: No such file or directory),,,,,c,c,,14.879864932158993,graded,,qwen38
hpcagent-bench-runs/cpf-llr-focus40-20260920/643372/judge/rank-1/hpcagent_bench1.db,cpf-llr-focus40-qwen38-c-cpfsrc-v2-clean.n0.p29.w29,tsvc_2_s316,cpf-llr-focus40-qwen38-c-cpfsrc-v2-clean,,not-portable,not portable: x86-only code (/iopsstor/scratch/cscs/lhulsbergen/v2/llr40-daint-regrade/final_worklists/c/translated/tmp8d74uxhp/probe.c:19:10: fatal error: immintrin.h: No such file or directory),,,,,c,c,,14.741047047657105,graded,,qwen38
hpcagent-bench-runs/cpf-llr-focus40-20260914/636543/judge/rank-1/hpcagent_bench1.db,cpf-llr-focus40-qwen38-c-perf-playbook-cpu.n0.p29.w29,tsvc_2_s316,cpf-llr-focus40-qwen38-c-perf-playbook-cpu,,not-portable,not portable: x86-only code (/iopsstor/scratch/cscs/lhulsbergen/v2/llr40-daint-regrade/final_worklists/c/translated/tmpr_3q2v7q/probe.c:14:10: fatal error: immintrin.h: No such file or directory),,,,,c,c,,,,,qwen38
hpcagent-bench-runs/cpf-llr-focus40-20260916/639343/judge/rank-1/hpcagent_bench1.db,cpf-llr-focus40-qwen38-c-skills-clean.n0.p29.w29,tsvc_2_s316,cpf-llr-focus40-qwen38-c-skills-clean,,not-portable,not portable: x86-only code (/iopsstor/scratch/cscs/lhulsbergen/v2/llr40-daint-regrade/final_worklists/c/translated/tmp6rd13uxb/probe.c:8:10: fatal error: immintrin.h: No such file or directory),,,,,c,c,,14.273084600358567,graded,,qwen38
hpcagent-bench-runs/cpf-llr-focus40-20260918/641699/judge/rank-1/hpcagent_bench1.db,cpf-llr-focus40-kimi27sglang-c-clean.n0.p13.w13,tsvc_2_s318,cpf-llr-focus40-kimi27sglang-c-clean,,not-portable,not portable: x86-only code (/iopsstor/scratch/cscs/lhulsbergen/v2/llr40-daint-regrade/final_worklists/c/translated/tmpvg5diakz/probe.c:5:10: fatal error: immintrin.h: No such file or directory),,,,,c,c,,17.472679551727772,graded,,kimi27sglang
hpcagent-bench-runs/cpf-llr-focus40-20260919/643317/judge/rank-2/hpcagent_bench2.db,cpf-llr-focus40-kimi27sglang-c-cpfsrc-v2-clean.n0.p30.w30,tsvc_2_s318,cpf-llr-focus40-kimi27sglang-c-cpfsrc-v2-clean,,not-portable,not portable: x86-only code (/iopsstor/scratch/cscs/lhulsbergen/v2/llr40-daint-regrade/final_worklists/c/translated/tmp3_dj3l5k/probe.c:5:10: fatal error: immintrin.h: No such file or directory),,,,,c,c,,17.997984464719256,graded,,kimi27sglang
hpcagent-bench-runs/cpf-llr-focus40-20260918/641069/judge/rank-2/hpcagent_bench2.db,cpf-llr-focus40-qwen38-c.n0.p22.w22,tsvc_2_s318,cpf-llr-focus40-qwen38-c,,not-portable,not portable: x86-only code (/iopsstor/scratch/cscs/lhulsbergen/v2/llr40-daint-regrade/final_worklists/c/translated/tmp1_obr_ij/probe.c:16:10: fatal error: immintrin.h: No such file or directory),,,,,c,c,,17.91209549328495,graded,,qwen38
hpcagent-bench-runs/cpf-llr-focus40-20260915/639207/judge/rank-2/hpcagent_bench2.db,cpf-llr-focus40-qwen38-c-clean.n0.p30.w30,tsvc_2_s318,cpf-llr-focus40-qwen38-c-clean,,not-portable,not portable: x86-only code (/iopsstor/scratch/cscs/lhulsbergen/v2/llr40-daint-regrade/final_worklists/c/translated/tmpbqfr2qdi/probe.c:6:10: fatal error: immintrin.h: No such file or directory),,,,,c,c,,17.953840572269655,graded,,qwen38
hpcagent-bench-runs/cpf-llr-focus40-20260914/636541/judge/rank-2/hpcagent_bench2.db,cpf-llr-focus40-qwen38-c-cpf.n0.p30.w30,tsvc_2_s318,cpf-llr-focus40-qwen38-c-cpf,,not-portable,not portable: x86-only code (/iopsstor/scratch/cscs/lhulsbergen/v2/llr40-daint-regrade/final_worklists/c/translated/tmp3ktvu34b/probe.c:19:10: fatal error: immintrin.h: No such file or directory),,,,,c,c,,1.946522043633927,graded,,qwen38
hpcagent-bench-runs/cpf-llr-focus40-20260916/639342/judge/rank-2/hpcagent_bench2.db,cpf-llr-focus40-qwen38-c-cpf-clean.n0.p30.w30,tsvc_2_s318,cpf-llr-focus40-qwen38-c-cpf-clean,,not-portable,not portable: x86-only code (/iopsstor/scratch/cscs/lhulsbergen/v2/llr40-daint-regrade/final_worklists/c/translated/tmpq8_ai5o3/probe.c:8:10: fatal error: immintrin.h: No such file or directory),,,,,c,c,,17.547988810070756,graded,,qwen38
hpcagent-bench-runs/cpf-llr-focus40-20260914/636543/judge/rank-2/hpcagent_bench2.db,cpf-llr-focus40-qwen38-c-perf-playbook-cpu.n0.p30.w30,tsvc_2_s318,cpf-llr-focus40-qwen38-c-perf-playbook-cpu,,not-portable,not portable: x86-only code (/iopsstor/scratch/cscs/lhulsbergen/v2/llr40-daint-regrade/final_worklists/c/translated/tmpkwvphiwn/probe.c:10:10: fatal error: immintrin.h: No such file or directory),,,,,c,c,,18.441835831198002,graded,,qwen38
hpcagent-bench-runs/cpf-llr-focus40-20260916/639343/judge/rank-2/hpcagent_bench2.db,cpf-llr-focus40-qwen38-c-skills-clean.n0.p30.w30,tsvc_2_s318,cpf-llr-focus40-qwen38-c-skills-clean,,not-portable,not portable: x86-only code (/iopsstor/scratch/cscs/lhulsbergen/v2/llr40-daint-regrade/final_worklists/c/translated/tmp1oj201kq/probe.c:23:37: error: unknown type name '__m512d'),,,,,c,c,,18.348762495796905,graded,,qwen38
hpcagent-bench-runs/cpf-llr-focus40-20260918/641699/judge/rank-2/hpcagent_bench2.db,cpf-llr-focus40-kimi27sglang-c-clean.n0.p14.w14,tsvc_2_s319,cpf-llr-focus40-kimi27sglang-c-clean,,not-portable,not portable: x86-only code (/iopsstor/scratch/cscs/lhulsbergen/v2/llr40-daint-regrade/final_worklists/c/translated/tmpns51klux/probe.c:7:10: fatal error: immintrin.h: No such file or directory),,,,,c,c,,11.125904572881241,graded,,kimi27sglang
hpcagent-bench-runs/cpf-llr-focus40-20260919/643317/judge/rank-3/hpcagent_bench3.db,cpf-llr-focus40-kimi27sglang-c-cpfsrc-v2-clean.n0.p31.w31,tsvc_2_s319,cpf-llr-focus40-kimi27sglang-c-cpfsrc-v2-clean,,not-portable,not portable: x86-only code (/iopsstor/scratch/cscs/lhulsbergen/v2/llr40-daint-regrade/final_worklists/c/translated/tmp5n5uq5b2/probe.c:9:10: fatal error: immintrin.h: No such file or directory),,,,,c,c,,11.459088073032687,graded,,kimi27sglang
hpcagent-bench-runs/cpf-llr-focus40-20260914/636540/judge/rank-3/hpcagent_bench3.db,cpf-llr-focus40-qwen38-c.n0.p31.w31,tsvc_2_s319,cpf-llr-focus40-qwen38-c,,not-portable,not portable: x86-only code (/iopsstor/scratch/cscs/lhulsbergen/v2/llr40-daint-regrade/final_worklists/c/translated/tmp9hz3td45/probe.c:4:10: fatal error: immintrin.h: No such file or directory),,,,,c,c,,12.096083973904486,graded,,qwen38
hpcagent-bench-runs/cpf-llr-focus40-20260915/639207/judge/rank-3/hpcagent_bench3.db,cpf-llr-focus40-qwen38-c-clean.n0.p31.w31,tsvc_2_s319,cpf-llr-focus40-qwen38-c-clean,,not-portable,not portable: x86-only code (/iopsstor/scratch/cscs/lhulsbergen/v2/llr40-daint-regrade/final_worklists/c/translated/tmpmqev9_sg/probe.c:8:10: fatal error: immintrin.h: No such file or directory),,,,,c,c,,12.027023574128778,graded,,qwen38
hpcagent-bench-runs/cpf-llr-focus40-20260915/639210/judge/rank-3/hpcagent_bench3.db,cpf-llr-focus40-qwen38-c-cpf-clean.n0.p31.w31,tsvc_2_s319,cpf-llr-focus40-qwen38-c-cpf-clean,,not-portable,not portable: x86-only code (/iopsstor/scratch/cscs/lhulsbergen/v2/llr40-daint-regrade/final_worklists/c/translated/tmpb5zktok3/probe.c:3:10: fatal error: immintrin.h: No such file or directory),,,,,c,c,,12.166535705727405,graded,,qwen38
hpcagent-bench-runs/cpf-llr-focus40-20260916/639342/judge/rank-3/hpcagent_bench3.db,cpf-llr-focus40-qwen38-c-cpf-clean.n0.p31.w31,tsvc_2_s319,cpf-llr-focus40-qwen38-c-cpf-clean,,not-portable,not portable: x86-only code (/iopsstor/scratch/cscs/lhulsbergen/v2/llr40-daint-regrade/final_worklists/c/translated/tmpy3lzo4dx/probe.c:4:10: fatal error: immintrin.h: No such file or directory),,,,,c,c,,11.034126454291458,graded,,qwen38
hpcagent-bench-runs/cpf-llr-focus40-20260914/636543/judge/rank-3/hpcagent_bench3.db,cpf-llr-focus40-qwen38-c-perf-playbook-cpu.n0.p31.w31,tsvc_2_s319,cpf-llr-focus40-qwen38-c-perf-playbook-cpu,,not-portable,not portable: x86-only code (/iopsstor/scratch/cscs/lhulsbergen/v2/llr40-daint-regrade/final_worklists/c/translated/tmpbnjc6ut9/probe.c:4:10: fatal error: immintrin.h: No such file or directory),,,,,c,c,,,,,qwen38
hpcagent-bench-runs/cpf-llr-focus40-20260915/639216/judge/rank-3/hpcagent_bench3.db,cpf-llr-focus40-qwen38-c-skills-clean.n0.p31.w31,tsvc_2_s319,cpf-llr-focus40-qwen38-c-skills-clean,,not-portable,not portable: x86-only code (/iopsstor/scratch/cscs/lhulsbergen/v2/llr40-daint-regrade/final_worklists/c/translated/tmply9e78tn/probe.c:8:10: fatal error: immintrin.h: No such file or directory),,,,,c,c,,7.891616930324894,graded,,qwen38
hpcagent-bench-runs/cpf-llr-focus40-20260916/639343/judge/rank-3/hpcagent_bench3.db,cpf-llr-focus40-qwen38-c-skills-clean.n0.p31.w31,tsvc_2_s319,cpf-llr-focus40-qwen38-c-skills-clean,,not-portable,not portable: x86-only code (/iopsstor/scratch/cscs/lhulsbergen/v2/llr40-daint-regrade/final_worklists/c/translated/tmp7srjhipn/probe.c:8:10: fatal error: immintrin.h: No such file or directory),,,,,c,c,,11.080593386122326,graded,,qwen38
hpcagent-bench-runs/cpf-llr-focus40-20260914/637045/judge/rank-1/hpcagent_bench1.db,cpf-llr-focus40-glm53-c-skills.n0.p1.w1,tsvc_2_s323,cpf-llr-focus40-glm53-c-skills,,not-portable,not portable: x86-only code (/iopsstor/scratch/cscs/lhulsbergen/v2/llr40-daint-regrade/final_worklists/c/translated/tmpp3wehiaf/probe.c:8:10: fatal error: immintrin.h: No such file or directory),,,,,c,c,,6.798858101535404,graded,,
hpcagent-bench-runs/cpf-llr-focus40-20260918/641699/judge/rank-3/hpcagent_bench3.db,cpf-llr-focus40-kimi27sglang-c-clean.n0.p15.w15,tsvc_2_s323,cpf-llr-focus40-kimi27sglang-c-clean,,not-portable,not portable: x86-only code (/iopsstor/scratch/cscs/lhulsbergen/v2/llr40-daint-regrade/final_worklists/c/translated/tmpnpvxwqsa/probe.c:2:10: fatal error: immintrin.h: No such file or directory),,,,,c,c,,,graded,,kimi27sglang
hpcagent-bench-runs/cpf-llr-focus40-20260915/638025/judge/rank-3/hpcagent_bench3.db,cpf-llr-focus40-qwen38-c-cpf.n0.p3.w3,tsvc_2_s323,cpf-llr-focus40-qwen38-c-cpf,,not-portable,not portable: x86-only code (/iopsstor/scratch/cscs/lhulsbergen/v2/llr40-daint-regrade/final_worklists/c/translated/tmpupuyapnu/probe.c:3:10: fatal error: immintrin.h: No such file or directory),,,,,c,c,,6.375421777125446,graded,,qwen38
hpcagent-bench-runs/cpf-llr-focus40-20260918/641699/judge/rank-0/hpcagent_bench0.db,cpf-llr-focus40-kimi27sglang-c-clean.n0.p16.w16,tsvc_2_s4112,cpf-llr-focus40-kimi27sglang-c-clean,,not-portable,not portable: x86-only code (/iopsstor/scratch/cscs/lhulsbergen/v2/llr40-daint-regrade/final_worklists/c/translated/tmpksk0z57e/probe.c:2:10: fatal error: immintrin.h: No such file or directory),,,,,c,c,,,error,no cell produced a measurement,kimi27sglang
hpcagent-bench-runs/cpf-llr-focus40-20260919/643317/judge/rank-1/hpcagent_bench1.db,cpf-llr-focus40-kimi27sglang-c-cpfsrc-v2-clean.n0.p33.w33,tsvc_2_s4112,cpf-llr-focus40-kimi27sglang-c-cpfsrc-v2-clean,,not-portable,not portable: x86-only code (/iopsstor/scratch/cscs/lhulsbergen/v2/llr40-daint-regrade/final_worklists/c/translated/tmpytlq0qor/probe.c:3:10: fatal error: immintrin.h: No such file or directory),,,,,c,c,,1.0,graded,,kimi27sglang
hpcagent-bench-runs/cpf-llr-focus40-20260914/636535/judge/rank-1/hpcagent_bench1.db,cpf-llr-focus40-oss120b-c.n0.p33.w33,tsvc_2_s4112,cpf-llr-focus40-oss120b-c,,not-portable,not portable: x86-only code (/iopsstor/scratch/cscs/lhulsbergen/v2/llr40-daint-regrade/final_worklists/c/translated/tmp3mx6gflr/probe.c:3:10: fatal error: immintrin.h: No such file or directory),,,,,c,c,,1.0759009410507718,graded,,oss120b
hpcagent-bench-runs/cpf-llr-focus40-20260915/639211/judge/rank-1/hpcagent_bench1.db,cpf-llr-focus40-oss120b-c-clean.n0.p33.w33,tsvc_2_s4112,cpf-llr-focus40-oss120b-c-clean,,not-portable,not portable: x86-only code (/iopsstor/scratch/cscs/lhulsbergen/v2/llr40-daint-regrade/final_worklists/c/translated/tmpzosu4dnb/probe.c:6:10: fatal error: immintrin.h: No such file or directory),,,,,c,c,,1.0108607115445036,graded,,oss120b
hpcagent-bench-runs/cpf-llr-focus40-20260915/639060/judge/rank-1/hpcagent_bench1.db,cpf-llr-focus40-oss120b-c-cpf.n0.p33.w33,tsvc_2_s4112,cpf-llr-focus40-oss120b-c-cpf,,not-portable,not portable: x86-only code (/iopsstor/scratch/cscs/lhulsbergen/v2/llr40-daint-regrade/final_worklists/c/translated/tmpqqxk2t3p/probe.c:3:10: fatal error: immintrin.h: No such file or directory),,,,,c,c,,1.0221296548089263,graded,,oss120b
hpcagent-bench-runs/cpf-llr-focus40-20260914/636538/judge/rank-1/hpcagent_bench1.db,cpf-llr-focus40-oss120b-c-perf-playbook-cpu.n0.p33.w33,tsvc_2_s4112,cpf-llr-focus40-oss120b-c-perf-playbook-cpu,,not-portable,not portable: x86-only code (/iopsstor/scratch/cscs/lhulsbergen/v2/llr40-daint-regrade/final_worklists/c/translated/tmpta_mu5ah/probe.c:3:10: fatal error: immintrin.h: No such file or directory),,,,,c,c,,1.0244307424510353,graded,,oss120b
hpcagent-bench-runs/cpf-llr-focus40-20260914/636540/judge/rank-1/hpcagent_bench1.db,cpf-llr-focus40-qwen38-c.n0.p33.w33,tsvc_2_s4112,cpf-llr-focus40-qwen38-c,,not-portable,not portable: x86-only code (/iopsstor/scratch/cscs/lhulsbergen/v2/llr40-daint-regrade/final_worklists/c/translated/tmpn7agh8n4/probe.c:7:10: fatal error: immintrin.h: No such file or directory),,,,,c,c,,1.0482737014106356,graded,,qwen38
hpcagent-bench-runs/cpf-llr-focus40-20260914/636541/judge/rank-1/hpcagent_bench1.db,cpf-llr-focus40-qwen38-c-cpf.n0.p33.w33,tsvc_2_s4112,cpf-llr-focus40-qwen38-c-cpf,,not-portable,not portable: x86-only code (/iopsstor/scratch/cscs/lhulsbergen/v2/llr40-daint-regrade/final_worklists/c/translated/tmpql9qxzq4/probe.c:7:10: fatal error: immintrin.h: No such file or directory),,,,,c,c,,,error,no cell produced a measurement,qwen38
hpcagent-bench-runs/cpf-llr-focus40-20260914/636543/judge/rank-1/hpcagent_bench1.db,cpf-llr-focus40-qwen38-c-perf-playbook-cpu.n0.p33.w33,tsvc_2_s4112,cpf-llr-focus40-qwen38-c-perf-playbook-cpu,,not-portable,not portable: x86-only code (/iopsstor/scratch/cscs/lhulsbergen/v2/llr40-daint-regrade/final_worklists/c/translated/tmp_v69bmm_/probe.c:4:10: fatal error: xmmintrin.h: No such file or directory),,,,,c,c,,1.3029068109359498,graded,,qwen38
hpcagent-bench-runs/cpf-llr-focus40-20260915/639216/judge/rank-1/hpcagent_bench1.db,cpf-llr-focus40-qwen38-c-skills-clean.n0.p33.w33,tsvc_2_s4112,cpf-llr-focus40-qwen38-c-skills-clean,,not-portable,not portable: x86-only code (/iopsstor/scratch/cscs/lhulsbergen/v2/llr40-daint-regrade/final_worklists/c/translated/tmps1s5q3lg/probe.c:8:10: fatal error: immintrin.h: No such file or directory),,,,,c,c,,0.04591244749601045,graded,,qwen38
hpcagent-bench-runs/cpf-llr-focus40-20260914/637045/judge/rank-3/hpcagent_bench3.db,cpf-llr-focus40-glm53-c-skills.n0.p3.w3,tsvc_2_vag,cpf-llr-focus40-glm53-c-skills,,not-portable,not portable: x86-only code (/iopsstor/scratch/cscs/lhulsbergen/v2/llr40-daint-regrade/final_worklists/c/translated/tmpxh9b7zyd/probe.c:8:10: fatal error: immintrin.h: No such file or directory),,,,,c,c,,0.749405387668094,graded,,
hpcagent-bench-runs/cpf-llr-focus40-20260918/641699/judge/rank-1/hpcagent_bench1.db,cpf-llr-focus40-kimi27sglang-c-clean.n0.p17.w17,tsvc_2_vag,cpf-llr-focus40-kimi27sglang-c-clean,,not-portable,not portable: x86-only code (/iopsstor/scratch/cscs/lhulsbergen/v2/llr40-daint-regrade/final_worklists/c/translated/tmpnv7p4t7l/probe.c:3:10: fatal error: immintrin.h: No such file or directory),,,,,c,c,,,error,no cell produced a measurement,kimi27sglang
hpcagent-bench-runs/cpf-llr-focus40-20260919/643317/judge/rank-2/hpcagent_bench2.db,cpf-llr-focus40-kimi27sglang-c-cpfsrc-v2-clean.n0.p34.w34,tsvc_2_vag,cpf-llr-focus40-kimi27sglang-c-cpfsrc-v2-clean,,not-portable,not portable: x86-only code (/iopsstor/scratch/cscs/lhulsbergen/v2/llr40-daint-regrade/final_worklists/c/translated/tmpm9o67v7y/probe.c:2:10: fatal error: immintrin.h: No such file or directory),,,,,c,c,,,error,no cell produced a measurement,kimi27sglang
hpcagent-bench-runs/cpf-llr-focus40-20260914/636535/judge/rank-2/hpcagent_bench2.db,cpf-llr-focus40-oss120b-c.n0.p34.w34,tsvc_2_vag,cpf-llr-focus40-oss120b-c,,not-portable,not portable: x86-only code (/iopsstor/scratch/cscs/lhulsbergen/v2/llr40-daint-regrade/final_worklists/c/translated/tmp4pv6j_51/probe.c:13:10: fatal error: immintrin.h: No such file or directory),,,,,c,c,,,,,oss120b
hpcagent-bench-runs/cpf-llr-focus40-20260917/640583/judge/rank-0/hpcagent_bench0.db,cpf-llr-focus40-oss120b-c.n0.p4.w4,tsvc_2_vag,cpf-llr-focus40-oss120b-c,,not-portable,not portable: x86-only code (/iopsstor/scratch/cscs/lhulsbergen/v2/llr40-daint-regrade/final_worklists/c/translated/tmpinneuaqi/probe.c:4:10: fatal error: immintrin.h: No such file or directory),,,,,c,c,,,error,no cell produced a measurement,oss120b
hpcagent-bench-runs/cpf-llr-focus40-20260915/639213/judge/rank-2/hpcagent_bench2.db,cpf-llr-focus40-oss120b-c-cpf-clean.n0.p34.w34,tsvc_2_vag,cpf-llr-focus40-oss120b-c-cpf-clean,,not-portable,not portable: x86-only code (/iopsstor/scratch/cscs/lhulsbergen/v2/llr40-daint-regrade/final_worklists/c/translated/tmp_q3z935j/probe.c:6:10: fatal error: immintrin.h: No such file or directory),,,,,c,c,,1.0298964315069676,graded,,oss120b
hpcagent-bench-runs/cpf-llr-focus40-20260914/636538/judge/rank-2/hpcagent_bench2.db,cpf-llr-focus40-oss120b-c-perf-playbook-cpu.n0.p34.w34,tsvc_2_vag,cpf-llr-focus40-oss120b-c-perf-playbook-cpu,,not-portable,not portable: x86-only code (/iopsstor/scratch/cscs/lhulsbergen/v2/llr40-daint-regrade/final_worklists/c/translated/tmp626bt0kj/probe.c:4:10: fatal error: immintrin.h: No such file or directory),,,,,c,c,,1.0218312337626019,graded,,oss120b
hpcagent-bench-runs/cpf-llr-focus40-20260915/639219/judge/rank-2/hpcagent_bench2.db,cpf-llr-focus40-oss120b-c-skills-clean.n0.p34.w34,tsvc_2_vag,cpf-llr-focus40-oss120b-c-skills-clean,,not-portable,not portable: x86-only code (/iopsstor/scratch/cscs/lhulsbergen/v2/llr40-daint-regrade/final_worklists/c/translated/tmp2m4oqeko/probe.c:7:10: fatal error: immintrin.h: No such file or directory),,,,,c,c,,,error,no cell produced a measurement,oss120b
hpcagent-bench-runs/cpf-llr-focus40-20260914/636540/judge/rank-2/hpcagent_bench2.db,cpf-llr-focus40-qwen38-c.n0.p34.w34,tsvc_2_vag,cpf-llr-focus40-qwen38-c,,not-portable,not portable: x86-only code (/iopsstor/scratch/cscs/lhulsbergen/v2/llr40-daint-regrade/final_worklists/c/translated/tmp6nme_vx8/probe.c:4:10: fatal error: immintrin.h: No such file or directory),,,,,c,c,,1.1809436816380794,graded,,qwen38
hpcagent-bench-runs/cpf-llr-focus40-20260917/640076/judge/rank-2/hpcagent_bench2.db,cpf-llr-focus40-qwen38-c.n0.p34.w34,tsvc_2_vag,cpf-llr-focus40-qwen38-c,,not-portable,not portable: x86-only code (/iopsstor/scratch/cscs/lhulsbergen/v2/llr40-daint-regrade/final_worklists/c/translated/tmpubof8nh3/probe.c:19:10: fatal error: immintrin.h: No such file or directory),,,,,c,c,,,error,no cell produced a measurement,qwen38
hpcagent-bench-runs/cpf-llr-focus40-20260916/639338/judge/rank-2/hpcagent_bench2.db,cpf-llr-focus40-qwen38-c-clean.n0.p34.w34,tsvc_2_vag,cpf-llr-focus40-qwen38-c-clean,,not-portable,not portable: x86-only code (/iopsstor/scratch/cscs/lhulsbergen/v2/llr40-daint-regrade/final_worklists/c/translated/tmp6270yhw7/probe.c:7:10: fatal error: immintrin.h: No such file or directory),,,,,c,c,,1.3116650862317256,graded,,qwen38
hpcagent-bench-runs/cpf-llr-focus40-20260914/636541/judge/rank-2/hpcagent_bench2.db,cpf-llr-focus40-qwen38-c-cpf.n0.p34.w34,tsvc_2_vag,cpf-llr-focus40-qwen38-c-cpf,,not-portable,not portable: x86-only code (/iopsstor/scratch/cscs/lhulsbergen/v2/llr40-daint-regrade/final_worklists/c/translated/tmpp7yv90cp/probe.c:15:10: fatal error: immintrin.h: No such file or directory),,,,,c,c,,1.1319860382686593,graded,,qwen38
hpcagent-bench-runs/cpf-llr-focus40-20260914/636543/judge/rank-2/hpcagent_bench2.db,cpf-llr-focus40-qwen38-c-perf-playbook-cpu.n0.p34.w34,tsvc_2_vag,cpf-llr-focus40-qwen38-c-perf-playbook-cpu,,not-portable,not portable: x86-only code (/iopsstor/scratch/cscs/lhulsbergen/v2/llr40-daint-regrade/final_worklists/c/translated/tmp8jrevmds/probe.c:8:10: fatal error: immintrin.h: No such file or directory),,,,,c,c,,1.3125036579119118,graded,,qwen38
hpcagent-bench-runs/cpf-llr-focus40-20260916/639343/judge/rank-2/hpcagent_bench2.db,cpf-llr-focus40-qwen38-c-skills-clean.n0.p34.w34,tsvc_2_vag,cpf-llr-focus40-qwen38-c-skills-clean,,not-portable,not portable: x86-only code (/iopsstor/scratch/cscs/lhulsbergen/v2/llr40-daint-regrade/final_worklists/c/translated/tmpsywkmlh4/probe.c:8:10: fatal error: immintrin.h: No such file or directory),,,,,c,c,,,error,no cell produced a measurement,qwen38
hpcagent-bench-runs/cpf-llr-focus40-20260918/641699/judge/rank-2/hpcagent_bench2.db,cpf-llr-focus40-kimi27sglang-c-clean.n0.p18.w18,tsvc_2_vpvts,cpf-llr-focus40-kimi27sglang-c-clean,,not-portable,not portable: x86-only code (/iopsstor/scratch/cscs/lhulsbergen/v2/llr40-daint-regrade/final_worklists/c/translated/tmpfwqsj317/probe.c:8:10: fatal error: immintrin.h: No such file or directory),,,,,c,c,,1.0133588096683184,graded,,kimi27sglang
hpcagent-bench-runs/cpf-llr-focus40-20260919/643317/judge/rank-3/hpcagent_bench3.db,cpf-llr-focus40-kimi27sglang-c-cpfsrc-v2-clean.n0.p35.w35,tsvc_2_vpvts,cpf-llr-focus40-kimi27sglang-c-cpfsrc-v2-clean,,not-portable,not portable: x86-only code (/iopsstor/scratch/cscs/lhulsbergen/v2/llr40-daint-regrade/final_worklists/c/translated/tmp3tzugn2k/probe.c:9:10: fatal error: immintrin.h: No such file or directory),,,,,c,c,,1.0164668534553234,graded,,kimi27sglang
hpcagent-bench-runs/cpf-llr-focus40-20260915/639211/judge/rank-3/hpcagent_bench3.db,cpf-llr-focus40-oss120b-c-clean.n0.p35.w35,tsvc_2_vpvts,cpf-llr-focus40-oss120b-c-clean,,not-portable,not portable: x86-only code (/iopsstor/scratch/cscs/lhulsbergen/v2/llr40-daint-regrade/final_worklists/c/translated/tmpmwyhixq2/probe.c:9:10: fatal error: immintrin.h: No such file or directory),,,,,c,c,,1.0028549645075737,graded,,oss120b
hpcagent-bench-runs/cpf-llr-focus40-20260918/641069/judge/rank-1/hpcagent_bench1.db,cpf-llr-focus40-qwen38-c.n0.p25.w25,tsvc_2_vpvts,cpf-llr-focus40-qwen38-c,,not-portable,not portable: x86-only code (/iopsstor/scratch/cscs/lhulsbergen/v2/llr40-daint-regrade/final_worklists/c/translated/tmptqs7d4pb/probe.c:8:10: fatal error: immintrin.h: No such file or directory),,,,,c,c,,1.0,graded,,qwen38
hpcagent-bench-runs/cpf-llr-focus40-20260914/636543/judge/rank-3/hpcagent_bench3.db,cpf-llr-focus40-qwen38-c-perf-playbook-cpu.n0.p35.w35,tsvc_2_vpvts,cpf-llr-focus40-qwen38-c-perf-playbook-cpu,,not-portable,not portable: x86-only code (/iopsstor/scratch/cscs/lhulsbergen/v2/llr40-daint-regrade/final_worklists/c/translated/tmp21go3i9k/probe.c:10:10: fatal error: immintrin.h: No such file or directory),,,,,c,c,,1.0,graded,,qwen38
hpcagent-bench-runs/cpf-llr-focus40-20260916/639343/judge/rank-3/hpcagent_bench3.db,cpf-llr-focus40-qwen38-c-skills-clean.n0.p35.w35,tsvc_2_vpvts,cpf-llr-focus40-qwen38-c-skills-clean,,not-portable,not portable: x86-only code (/iopsstor/scratch/cscs/lhulsbergen/v2/llr40-daint-regrade/final_worklists/c/translated/tmpdg1mgi1e/probe.c:8:10: fatal error: immintrin.h: No such file or directory),,,,,c,c,,1.0143975488994286,graded,,qwen38
hpcagent-bench-runs/cpf-llr-focus40-20260918/641699/judge/rank-3/hpcagent_bench3.db,cpf-llr-focus40-kimi27sglang-c-clean.n0.p19.w19,tsvc_2_vtvtv,cpf-llr-focus40-kimi27sglang-c-clean,,not-portable,not portable: x86-only code (/iopsstor/scratch/cscs/lhulsbergen/v2/llr40-daint-regrade/final_worklists/c/translated/tmpvp2d175k/probe.c:4:10: fatal error: immintrin.h: No such file or directory),,,,,c,c,,1.008702933036444,graded,,kimi27sglang
hpcagent-bench-runs/cpf-llr-focus40-20260918/641069/judge/rank-2/hpcagent_bench2.db,cpf-llr-focus40-qwen38-c.n0.p26.w26,tsvc_2_vtvtv,cpf-llr-focus40-qwen38-c,,not-portable,not portable: x86-only code (/iopsstor/scratch/cscs/lhulsbergen/v2/llr40-daint-regrade/final_worklists/c/translated/tmp3z1b37i_/probe.c:8:10: fatal error: immintrin.h: No such file or directory),,,,,c,c,,0.2181616949311907,graded,,qwen38
hpcagent-bench-runs/cpf-llr-focus40-20260914/636541/judge/rank-0/hpcagent_bench0.db,cpf-llr-focus40-qwen38-c-cpf.n0.p36.w36,tsvc_2_vtvtv,cpf-llr-focus40-qwen38-c-cpf,,not-portable,not portable: x86-only code (/iopsstor/scratch/cscs/lhulsbergen/v2/llr40-daint-regrade/final_worklists/c/translated/tmpf27f9_vo/probe.c:8:10: fatal error: immintrin.h: No such file or directory),,,,,c,c,,1.0714614335288393,graded,,qwen38
hpcagent-bench-runs/cpf-llr-focus40-20260920/643372/judge/rank-0/hpcagent_bench0.db,cpf-llr-focus40-qwen38-c-cpfsrc-v2-clean.n0.p36.w36,tsvc_2_vtvtv,cpf-llr-focus40-qwen38-c-cpfsrc-v2-clean,,not-portable,not portable: x86-only code (/iopsstor/scratch/cscs/lhulsbergen/v2/llr40-daint-regrade/final_worklists/c/translated/tmpgg495t0f/probe.c:15:10: fatal error: immintrin.h: No such file or directory),,,,,c,c,,1.0102466155612257,graded,,qwen38
hpcagent-bench-runs/cpf-llr-focus40-20260914/636543/judge/rank-0/hpcagent_bench0.db,cpf-llr-focus40-qwen38-c-perf-playbook-cpu.n0.p36.w36,tsvc_2_vtvtv,cpf-llr-focus40-qwen38-c-perf-playbook-cpu,,not-portable,not portable: x86-only code (/iopsstor/scratch/cscs/lhulsbergen/v2/llr40-daint-regrade/final_worklists/c/translated/tmp1oz8ve6x/probe.c:8:10: fatal error: immintrin.h: No such file or directory),,,,,c,c,,0.9975769084255387,graded,,qwen38
hpcagent-bench-runs/cpf-llr-focus40-20260916/639343/judge/rank-0/hpcagent_bench0.db,cpf-llr-focus40-qwen38-c-skills-clean.n0.p36.w36,tsvc_2_vtvtv,cpf-llr-focus40-qwen38-c-skills-clean,,not-portable,not portable: x86-only code (/iopsstor/scratch/cscs/lhulsbergen/v2/llr40-daint-regrade/final_worklists/c/translated/tmp4g25e2zx/probe.c:10:10: fatal error: immintrin.h: No such file or directory),,,,,c,c,,0.2129982701940032,graded,,qwen38
hpcagent-bench-runs/cpf-llr-focus40-20260914/637045/judge/rank-2/hpcagent_bench2.db,cpf-llr-focus40-glm53-c-skills.n0.p6.w6,versioned_distance_update,cpf-llr-focus40-glm53-c-skills,,not-portable,not portable: x86-only code (/iopsstor/scratch/cscs/lhulsbergen/v2/llr40-daint-regrade/final_worklists/c/translated/tmp9ca7nki9/probe.c:12:10: fatal error: immintrin.h: No such file or directory),,,,,c,c,,7.647743966780595,graded,,
hpcagent-bench-runs/cpf-llr-focus40-20260918/641699/judge/rank-0/hpcagent_bench0.db,cpf-llr-focus40-kimi27sglang-c-clean.n0.p20.w20,versioned_distance_update,cpf-llr-focus40-kimi27sglang-c-clean,,not-portable,not portable: x86-only code (/iopsstor/scratch/cscs/lhulsbergen/v2/llr40-daint-regrade/final_worklists/c/translated/tmputyw7inr/probe.c:7:10: fatal error: immintrin.h: No such file or directory),,,,,c,c,,1.6594092466529144,graded,,kimi27sglang
hpcagent-bench-runs/cpf-llr-focus40-20260918/641069/judge/rank-3/hpcagent_bench3.db,cpf-llr-focus40-qwen38-c.n0.p27.w27,versioned_distance_update,cpf-llr-focus40-qwen38-c,,not-portable,not portable: x86-only code (/iopsstor/scratch/cscs/lhulsbergen/v2/llr40-daint-regrade/final_worklists/c/translated/tmp9b8j5bn6/probe.c:8:10: fatal error: immintrin.h: No such file or directory),,,,,c,c,,1.5236509897609982,graded,,qwen38
hpcagent-bench-runs/cpf-llr-focus40-20260914/636541/judge/rank-1/hpcagent_bench1.db,cpf-llr-focus40-qwen38-c-cpf.n0.p37.w37,versioned_distance_update,cpf-llr-focus40-qwen38-c-cpf,,not-portable,not portable: x86-only code (/iopsstor/scratch/cscs/lhulsbergen/v2/llr40-daint-regrade/final_worklists/c/translated/tmp7ev9kh42/probe.c:8:10: fatal error: immintrin.h: No such file or directory),,,,,c,c,,10.20043072213907,graded,,qwen38
hpcagent-bench-runs/cpf-llr-focus40-20260918/641699/judge/rank-1/hpcagent_bench1.db,cpf-llr-focus40-kimi27sglang-c-clean.n0.p21.w21,wf_diff_skew,cpf-llr-focus40-kimi27sglang-c-clean,,not-portable,not portable: x86-only code (/iopsstor/scratch/cscs/lhulsbergen/v2/llr40-daint-regrade/final_worklists/c/translated/tmp_xfda2cw/probe.c:4:10: fatal error: immintrin.h: No such file or directory),,,,,c,c,,4.175613269075988,graded,,kimi27sglang
hpcagent-bench-runs/cpf-llr-focus40-20260918/641667/judge/rank-0/hpcagent_bench0.db,cpf-llr-focus40-qwen38-c-clean.n0.p0.w0,wf_diff_skew,cpf-llr-focus40-qwen38-c-clean,,not-portable,not portable: x86-only code (/iopsstor/scratch/cscs/lhulsbergen/v2/llr40-daint-regrade/final_worklists/c/translated/tmp26poytit/probe.c:69:25: error: implicit declaration of function '__builtin_ia32_pause'; did you mean '__builtin_isspace'? [-Wimplicit-function-declaration]),,,,,c,c,,5.854554022970772,graded,,qwen38
hpcagent-bench-runs/cpf-llr-focus40-20260918/641684/judge/rank-0/hpcagent_bench0.db,cpf-llr-focus40-qwen38-c-perf-playbook-cpu-clean.n0.p0.w0,wf_diff_skew,cpf-llr-focus40-qwen38-c-perf-playbook-cpu-clean,,not-portable,not portable: x86-only code (/iopsstor/scratch/cscs/lhulsbergen/v2/llr40-daint-regrade/final_worklists/c/translated/tmpafquuzbc/probe.c:9:10: fatal error: immintrin.h: No such file or directory),,,,,c,c,,4.2544979673523455,graded,,qwen38
hpcagent-bench-runs/cpf-llr-focus40-20260918/641667/judge/rank-1/hpcagent_bench1.db,cpf-llr-focus40-qwen38-c-clean.n0.p1.w1,wf_triangular,cpf-llr-focus40-qwen38-c-clean,,not-portable,not portable: x86-only code (/iopsstor/scratch/cscs/lhulsbergen/v2/llr40-daint-regrade/final_worklists/c/translated/tmpjvn1m8nc/probe.c:120:25: error: implicit declaration of function '__builtin_ia32_pause'; did you mean '__builtin_isspace'? [-Wimplicit-function-declaration]),,,,,c,c,,7.298537391225638,graded,,qwen38
hpcagent-bench-runs/cpf-llr-focus40-20260918/641684/judge/rank-1/hpcagent_bench1.db,cpf-llr-focus40-qwen38-c-perf-playbook-cpu-clean.n0.p1.w1,wf_triangular,cpf-llr-focus40-qwen38-c-perf-playbook-cpu-clean,,not-portable,not portable: x86-only code (/iopsstor/scratch/cscs/lhulsbergen/v2/llr40-daint-regrade/final_worklists/c/translated/tmph7bwtttd/probe.c:3:10: fatal error: immintrin.h: No such file or directory),,,,,c,c,,3.7713600274538615,graded,,qwen38
/capstor/scratch/cscs/ybudanaz/x86_64/hpcagent-bench-runs/cpf-llr-focus40-20260915/639207/judge/rank-0/hpcagent_bench0.db,cpf-llr-focus40-qwen38-c-clean.n0.p28.w28,tsvc_2_s3112,cpf-llr-focus40-qwen38-c,,not-portable,not portable: x86-only code (/iopsstor/scratch/cscs/lhulsbergen/v2/llr40-daint-regrade/final_worklists/c/translated/tmpihfu3pb0/probe.c:8:10: fatal error: immintrin.h: No such file or directory),,,,,c,c,,,,,qwen38
/capstor/scratch/cscs/ybudanaz/x86_64/hpcagent-bench-runs/cpf-llr-focus40-20260916/639343/judge/rank-0/hpcagent_bench0.db,cpf-llr-focus40-qwen38-c-skills-clean.n0.p28.w28,tsvc_2_s3112,cpf-llr-focus40-qwen38-c-skills,,not-portable,not portable: x86-only code (/iopsstor/scratch/cscs/lhulsbergen/v2/llr40-daint-regrade/final_worklists/c/translated/tmpt977wpr1/probe.c:8:10: fatal error: immintrin.h: No such file or directory),,,,,c,c,,,,,qwen38
