arm,model,language,skills,job,benchmark,route,status,correct,tokens,speedup,compiler
llr8w3-qwen38-c,qwen38,c,0,611560,tsvc_2_s233,score,incorrect,0,149049,0.0,gcc
llr8w3-qwen38-c,qwen38,c,0,611560,tsvc_2_s233,score,ok,1,279029,17.621234936041883,gcc
llr8w3-qwen38-c,qwen38,c,0,611560,ext_break_capture,score,ok,1,3706938,7.011684874242543,gcc
llr8w3-qwen38-c,qwen38,c,0,611560,ext_break_capture,score,ok,1,4634791,7.132949830227026,gcc
llr8w3-qwen38-c,qwen38,c,0,611560,ext_break_capture,score,ok,1,5134781,7.112026932584376,gcc
llr8w3-qwen38-c,qwen38,c,0,611560,ext_break_capture,score,ok,1,7539724,1.6076186413185063,gcc
llr8w3-qwen38-c,qwen38,c,0,611560,ext_break_capture,score,ok,1,9171343,7.1441772109271096,gcc
llr8w3-qwen38-c,qwen38,c,0,611560,ext_break_capture,submit,ok,1,9222974,6.960939955934635,gcc
llr8w3-qwen38-c,qwen38,c,0,611560,ext_break_capture,score,ok,1,9329584,7.106884097701012,gcc
llr8w3-qwen38-c,qwen38,c,0,611560,ext_break_capture,score,ok,1,9442084,1.0454395030083679,gcc
llr8w3-qwen38-c,qwen38,c,0,611560,ext_break_capture,score,ok,1,9695551,1.00523752743916,gcc
llr8w3-qwen38-c,qwen38,c,0,611560,ext_break_capture,score,ok,1,9832207,7.035608497888854,gcc
llr8w3-qwen38-c,qwen38,c,0,611560,ext_break_capture,submit,ok,1,9902680,6.960939955934635,gcc
llr8w3-qwen38-c,qwen38,c,0,611560,tsvc_2_s275,score,incorrect,0,389982,0.0,gcc
llr8w3-qwen38-c,qwen38,c,0,611560,tsvc_2_s275,score,ok,1,574504,1.0479947573256776,gcc
llr8w3-qwen38-c,qwen38,c,0,611560,tsvc_2_s275,submit,ok,1,621742,1.0,gcc
llr8w3-qwen38-c,qwen38,c,0,611560,ext_break_post_body,score,ok,1,1865306,2.8605086218802565,gcc
llr8w3-qwen38-c,qwen38,c,0,611560,ext_break_post_body,submit,ok,1,1941651,2.678033494476761,gcc
llr8w3-qwen38-c,qwen38,c,0,611560,ext_break_post_body,score,ok,1,2287389,3.5584228119643457,gcc
llr8w3-qwen38-c,qwen38,c,0,611560,ext_break_post_body,submit,ok,1,2376432,3.6821371900248834,gcc
llr8w3-qwen38-c,qwen38,c,0,611560,ext_break_post_body,score,ok,1,3841683,3.456635185323943,gcc
llr8w3-qwen38-c,qwen38,c,0,611560,ext_break_post_body,score,ok,1,4569338,3.5561441630054933,gcc
llr8w3-qwen38-c,qwen38,c,0,611560,ext_break_post_body,score,ok,1,5132834,3.7710420371189457,gcc
llr8w3-qwen38-c,qwen38,c,0,611560,ext_break_post_body,score,ok,1,5162603,3.779068186995692,gcc
llr8w3-qwen38-c,qwen38,c,0,611560,ext_break_post_body,score,ok,1,5195663,3.774530803088605,gcc
llr8w3-qwen38-c,qwen38,c,0,611560,ext_break_post_body,score,ok,1,5478601,3.7733861842710867,gcc
llr8w3-qwen38-c,qwen38,c,0,611560,ext_break_post_body,score,ok,1,5991164,3.775103292502727,gcc
llr8w3-qwen38-c,qwen38,c,0,611560,ext_break_post_body,score,ok,1,6396466,1.9723532243542745,gcc
llr8w3-qwen38-c,qwen38,c,0,611560,ext_break_post_body,score,ok,1,6690094,3.7408198238106842,gcc
llr8w3-qwen38-c,qwen38,c,0,611560,tsvc_2_s318,score,incorrect,0,207096,0.0,gcc
llr8w3-qwen38-c,qwen38,c,0,611560,tsvc_2_s318,score,incorrect,0,558355,18443.79774480712,gcc
llr8w3-qwen38-c,qwen38,c,0,611560,tsvc_2_s318,score,incorrect,0,695928,18869.337704918034,gcc
llr8w3-qwen38-c,qwen38,c,0,611560,quasi_affine_reduce_odd,score,ok,1,764710,0.9986130195373829,gcc
llr8w3-qwen38-c,qwen38,c,0,611560,quasi_affine_reduce_odd,submit,ok,1,1100759,1.0,gcc
llr8w3-qwen38-c,qwen38,c,0,611560,quasi_affine_reduce_odd,score,ok,1,2253388,2.2863883547873445,gcc
llr8w3-qwen38-c,qwen38,c,0,611560,quasi_affine_reduce_odd,submit,ok,1,2367647,2.238882369366201,gcc
llr8w3-qwen38-c,qwen38,c,0,611560,quasi_affine_reduce_odd,score,build_error,0,3348606,0.0,gcc
llr8w3-qwen38-c,qwen38,c,0,611560,quasi_affine_reduce_odd,score,ok,1,4035584,2.283580522802068,gcc
llr8w3-qwen38-c,qwen38,c,0,611560,tsvc_2_s318,score,ok,1,7068136,17.93771156079647,gcc
llr8w3-qwen38-c,qwen38,c,0,611560,tsvc_2_s318,submit,ok,1,7228151,17.73687164386378,gcc
llr8w3-qwen38-c,qwen38,c,0,611560,quasi_affine_reduce_odd,score,ok,1,5549147,10.612112641224682,gcc
llr8w3-qwen38-c,qwen38,c,0,611560,quasi_affine_reduce_odd,submit,ok,1,5710149,10.467529962597034,gcc
llr8w3-qwen38-c,qwen38,c,0,611560,tsvc_2_s318,score,ok,1,7893175,17.88241102352636,gcc
llr8w3-qwen38-c,qwen38,c,0,611560,tsvc_2_s318,submit,ok,1,7920999,17.73687164386378,gcc
llr8w3-qwen38-c,qwen38,c,0,611560,quasi_affine_reduce_odd,score,ok,1,5888473,10.663112502139999,gcc
llr8w3-qwen38-c,qwen38,c,0,611560,quasi_affine_reduce_odd,score,ok,1,6692020,10.65352644328964,gcc
llr8w3-qwen38-c,qwen38,c,0,611560,quasi_affine_reduce_odd,submit,ok,1,6749862,10.572205262223004,gcc
llr8w3-qwen38-c,qwen38,c,0,611560,tsvc_2_s119,score,ok,1,856660,0.9639793488727068,gcc
llr8w3-qwen38-c,qwen38,c,0,611560,tsvc_2_s119,submit,ok,1,916885,1.0615201506010001,gcc
llr8w3-qwen38-c,qwen38,c,0,611560,tsvc_2_s119,score,ok,1,1558367,3.565226774741272,gcc
llr8w3-qwen38-c,qwen38,c,0,611560,tsvc_2_s119,submit,ok,1,1637367,3.3003868945736685,gcc
llr8w3-qwen38-c,qwen38,c,0,611560,tsvc_2_s119,score,ok,1,3044667,3.649877014651604,gcc
llr8w3-qwen38-c,qwen38,c,0,611560,tsvc_2_s119,score,ok,1,4062900,3.6580187859167106,gcc
llr8w3-qwen38-c,qwen38,c,0,611560,tsvc_2_s119,score,ok,1,4670135,3.642428807141797,gcc
llr8w3-qwen38-c,qwen38,c,0,611560,tsvc_2_s119,score,incorrect,0,5938499,3.5941271848708967,gcc
llr8w3-qwen38-c,qwen38,c,0,611560,tsvc_2_s119,score,incorrect,0,6705119,3.6159397551906003,gcc
llr8w3-qwen38-c,qwen38,c,0,611560,tsvc_2_s119,score,ok,1,7266886,3.7086670423554153,gcc
llr8w3-qwen38-c,qwen38,c,0,611560,tsvc_2_s119,submit,ok,1,7287911,3.7189585619251324,gcc
llr8w3-qwen38-c,qwen38,c,0,611560,tsvc_2_s119,score,score_error,0,7355589,0.0,gcc
llr8w3-qwen38-c,qwen38,c,0,611560,tsvc_2_s119,score,ok,1,7403098,3.6077432804465004,gcc
llr8w3-qwen38-c,qwen38,c,0,611560,tsvc_2_s119,score,ok,1,7970808,3.609523781109445,gcc
llr8w3-qwen38-c,qwen38,c,0,611560,tsvc_2_s119,score,ok,1,9300175,3.7370199920400964,gcc
llr8w3-qwen38-c,qwen38,c,0,611560,tsvc_2_s119,score,ok,1,9780118,3.424599091650387,gcc
llr8w3-qwen38-c,qwen38,c,0,611560,tsvc_2_s119,score,ok,1,10310027,3.112304273819426,gcc
llr8w3-qwen38-c,qwen38,c,0,611560,tsvc_2_s119,score,ok,1,10656964,3.734313938076031,gcc
llr8w3-qwen38-c-skills,qwen38,c,1,611561,tsvc_2_s3110,score,ok,1,2510829,14.617661195500324,gcc
llr8w3-qwen38-c-skills,qwen38,c,1,611561,tsvc_2_s3110,submit,ok,1,2614661,14.536155076810935,gcc
llr8w3-qwen38-c-skills,qwen38,c,1,611561,argmax_with_index,score,ok,1,4933607,21.090144494244655,gcc
llr8w3-qwen38-c-skills,qwen38,c,1,611561,argmax_with_index,submit,ok,1,4965335,20.797876917347367,gcc
llr8w3-qwen38-c-skills,qwen38,c,1,611561,argmax_with_index,score,ok,1,5256014,21.076640295528424,gcc
llr8w3-qwen38-c-skills,qwen38,c,1,611561,argmax_with_index,submit,ok,1,5306389,20.797876917347367,gcc
llr8w3-qwen38-c-skills,qwen38,c,1,611561,wf_north_west,score,incorrect,0,367967,0.0,gcc
llr8w3-qwen38-c-skills,qwen38,c,1,611561,wf_north_west,score,ok,1,494469,0.9987687313834791,gcc
llr8w3-qwen38-c-skills,qwen38,c,1,611561,wf_north_west,submit,ok,1,537561,1.0,gcc
llr8w3-qwen38-c-skills,qwen38,c,1,611561,ext_war_unit,score,build_error,0,5545847,0.0,gcc
llr8w3-qwen38-c-skills,qwen38,c,1,611561,wf_north_west,score,incorrect,0,5835199,5.731311506500753,gcc
llr8w3-qwen38-c-skills,qwen38,c,1,611561,wf_north_west,score,ok,1,6375754,4.032254510688681,gcc
llr8w3-qwen38-c-skills,qwen38,c,1,611561,wf_north_west,submit,ok,1,6450110,3.987226947260982,gcc
llr8w3-qwen38-c-skills,qwen38,c,1,611561,wf_north_west,score,ok,1,7236229,4.0863240247212325,gcc
llr8w3-qwen38-c-skills,qwen38,c,1,611561,wf_north_west,score,ok,1,7331915,3.3870465142435946,gcc
llr8w3-qwen38-c-skills,qwen38,c,1,611561,wf_north_west,score,ok,1,7533423,5.703786405486877,gcc
llr8w3-qwen38-c-skills,qwen38,c,1,611561,wf_north_west,submit,ok,1,7639247,3.987226947260982,gcc
llr8w3-qwen38-c-skills,qwen38,c,1,611561,wf_north_west,submit,ok,1,7960188,5.374179516051848,gcc
llr8w3-qwen38-c-skills,qwen38,c,1,611561,wf_north_west,score,ok,1,8177632,4.734367129764721,gcc
llr8w3-qwen38-c-skills,qwen38,c,1,611561,wf_north_west,score,ok,1,8402306,5.757313717986192,gcc
llr8w3-qwen38-c-skills,qwen38,c,1,611561,wf_north_west,score,ok,1,8888983,4.475289572475884,gcc
llr8w3-qwen38-c-skills,qwen38,c,1,611561,wf_north_west,score,ok,1,9150696,5.456696718485575,gcc
llr8w3-qwen38-c-skills,qwen38,c,1,611561,wf_north_west,submit,ok,1,9418752,5.268286948389225,gcc
llr8w3-qwen38-c-skills,qwen38,c,1,611561,wf_north_west,submit,ok,1,10998668,5.374179516051848,gcc
llr8w3-qwen38-c-skills,qwen38,c,1,611561,wf_north_west,submit,ok,1,11152059,5.320969817873117,gcc
llr8w3-qwen38-c-skills,qwen38,c,1,611561,wf_north_west,score,ok,1,11629205,5.384906716162002,gcc
llr8w3-qwen38-c-skills,qwen38,c,1,611561,wf_north_west,score,score_error,0,11854203,0.0,gcc
llr8w3-qwen38-c-skills,qwen38,c,1,611561,wf_north_west,score,ok,1,11897419,4.115946112818047,gcc
llr8w3-qwen38-c-skills,qwen38,c,1,611561,wf_north_west,score,ok,1,11970906,5.052607916998561,gcc
llr8w3-qwen38-c-skills,qwen38,c,1,611561,wf_north_west,score,ok,1,12126345,6.455142523073107,gcc
llr8w3-qwen38-c-skills,qwen38,c,1,611561,wf_north_west,score,ok,1,12164570,6.233303131741027,gcc
llr8w3-qwen38-c-skills,qwen38,c,1,611561,wf_north_west,score,ok,1,12324862,6.436079082153425,gcc
llr8w3-qwen38-c-skills,qwen38,c,1,611561,tsvc_2_s255,score,incorrect,0,742699,0.0,gcc
llr8w3-qwen38-c-skills,qwen38,c,1,611561,tsvc_2_s255,score,ok,1,926956,5.985681873960172,gcc
llr8w3-qwen38-c-skills,qwen38,c,1,611561,tsvc_2_s255,submit,ok,1,973985,5.819466326205815,gcc
llr8w3-qwen38-c-skills,qwen38,c,1,611561,tsvc_2_s255,score,ok,1,3172610,6.029694245490878,gcc
llr8w3-qwen38-c-skills,qwen38,c,1,611561,tsvc_2_s255,submit,ok,1,3281967,6.177480771011445,gcc
llr8w3-qwen38-c-skills,qwen38,c,1,611561,tsvc_2_s255,submit,ok,1,3986857,5.877660989467873,gcc
llr8w3-qwen38-fortran,qwen38,fortran,0,611562,tsvc_2_s316,score,incorrect,0,2086635,0.0,gcc
llr8w3-qwen38-fortran,qwen38,fortran,0,611562,ext_break_find_first,score,incorrect,0,3002965,0.0,gcc
llr8w3-qwen38-fortran,qwen38,fortran,0,611562,ext_break_find_first,score,ok,1,3303246,3.967803806479861,gcc
llr8w3-qwen38-fortran,qwen38,fortran,0,611562,ext_break_find_first,submit,ok,1,3405534,4.149124350099836,gcc
llr8w3-qwen38-fortran,qwen38,fortran,0,611562,tsvc_2_s316,submit,score_error,0,3138529,0.0,gcc
llr8w3-qwen38-fortran,qwen38,fortran,0,611562,tsvc_2_s316,score,ok,1,6468759,14.032036157424987,gcc
llr8w3-qwen38-fortran,qwen38,fortran,0,611562,tsvc_2_s316,submit,ok,1,6612043,13.968959313169412,gcc
llr8w3-qwen38-fortran,qwen38,fortran,0,611562,tsvc_2_s316,score,ok,1,7993922,13.98553609981717,gcc
llr8w3-qwen38-fortran,qwen38,fortran,0,611562,ext_break_find_first,submit,ok,1,8674366,4.149124350099836,gcc
llr8w3-qwen38-fortran,qwen38,fortran,0,611562,ext_break_find_first,score,ok,1,8986670,1.3187329551605045,gcc
llr8w3-qwen38-fortran,qwen38,fortran,0,611562,ext_break_find_first,score,ok,1,13315898,2.1805870972315162,gcc
llr8w3-qwen38-fortran,qwen38,fortran,0,611562,ext_break_find_first,score,ok,1,13693060,4.602329393546109,gcc
llr8w3-qwen38-fortran,qwen38,fortran,0,611562,ext_break_find_first,score,ok,1,13822986,4.520838572447163,gcc
llr8w3-qwen38-fortran,qwen38,fortran,0,611562,fuse_move_ifs,score,incorrect,0,248183,0.0,gcc
llr8w3-qwen38-fortran,qwen38,fortran,0,611562,fuse_move_ifs,score,incorrect,0,430870,0.0,gcc
llr8w3-qwen38-fortran,qwen38,fortran,0,611562,fuse_move_ifs,score,ok,1,3938906,1.656184861628674,gcc
llr8w3-qwen38-fortran,qwen38,fortran,0,611562,fuse_move_ifs,submit,ok,1,4039697,1.7114104687843499,gcc
llr8w3-qwen38-fortran,qwen38,fortran,0,611562,fuse_move_ifs,score,ok,1,5009470,7.770967334254273,gcc
llr8w3-qwen38-fortran,qwen38,fortran,0,611562,fuse_move_ifs,submit,ok,1,5123231,7.316017851829954,gcc
llr8w3-qwen38-fortran,qwen38,fortran,0,611562,fuse_move_ifs,score,ok,1,5965462,5.239712336933329,gcc
llr8w3-qwen38-fortran,qwen38,fortran,0,611562,fuse_move_ifs,score,ok,1,6215864,6.575327156429424,gcc
llr8w3-qwen38-fortran,qwen38,fortran,0,611562,tsvc_2_s318,score,ok,1,3608753,14.269597722082715,gcc
llr8w3-qwen38-fortran,qwen38,fortran,0,611562,tsvc_2_s318,submit,ok,1,3718491,13.15939156243112,gcc
llr8w3-qwen38-fortran,qwen38,fortran,0,611562,fuse_move_ifs,score,ok,1,7538468,7.600356386175876,gcc
llr8w3-qwen38-fortran,qwen38,fortran,0,611562,fuse_move_ifs,score,ok,1,7816679,7.538337072514552,gcc
llr8w3-qwen38-fortran,qwen38,fortran,0,611562,fuse_move_ifs,score,ok,1,8239641,7.310656268499875,gcc
llr8w3-qwen38-fortran,qwen38,fortran,0,611562,fuse_move_ifs,score,ok,1,8526233,6.619768182528198,gcc
llr8w3-qwen38-fortran,qwen38,fortran,0,611562,fuse_move_ifs,score,ok,1,9416075,8.012084625320803,gcc
llr8w3-qwen38-fortran,qwen38,fortran,0,611562,fuse_move_ifs,submit,ok,1,9567550,8.001420979242296,gcc
llr8w3-qwen38-fortran,qwen38,fortran,0,611562,fuse_move_ifs,score,ok,1,10025443,7.987364665348776,gcc
llr8w3-qwen38-fortran,qwen38,fortran,0,611562,fuse_move_ifs,score,ok,1,10332910,8.083325918894529,gcc
llr8w3-qwen38-fortran,qwen38,fortran,0,611562,fuse_move_ifs,score,ok,1,10641703,8.03695259504985,gcc
llr8w3-qwen38-fortran,qwen38,fortran,0,611562,fuse_move_ifs,score,ok,1,11433006,4.943252633825065,gcc
llr8w3-qwen38-fortran,qwen38,fortran,0,611562,fuse_move_ifs,score,ok,1,11754889,6.257276808267559,gcc
llr8w3-qwen38-fortran,qwen38,fortran,0,611562,fuse_move_ifs,score,ok,1,12081147,8.091154214809062,gcc
llr8w3-qwen38-fortran,qwen38,fortran,0,611562,fuse_move_ifs,submit,ok,1,12247605,7.689208288984294,gcc
llr8w3-qwen38-fortran,qwen38,fortran,0,611562,fuse_move_ifs,score,score_error,0,12724678,0.0,gcc
llr8w3-qwen38-fortran,qwen38,fortran,0,611562,fuse_move_ifs,score,ok,1,12936426,8.102019315329473,gcc
llr8w3-qwen38-fortran,qwen38,fortran,0,611562,fuse_move_ifs,score,ok,1,13271296,6.246922087654368,gcc
llr8w3-qwen38-fortran,qwen38,fortran,0,611562,fuse_move_ifs,score,ok,1,13415539,8.092487393841447,gcc
llr8w3-qwen38-fortran,qwen38,fortran,0,611562,fuse_move_ifs,score,ok,1,13566399,8.07015531154444,gcc
llr8w3-qwen38-fortran,qwen38,fortran,0,611562,fuse_move_ifs,submit,ok,1,13669948,8.081435189034718,gcc
llr8w3-qwen38-fortran,qwen38,fortran,0,611562,fuse_move_ifs,submit,ok,1,13722714,7.843761375592878,gcc
llr8w3-qwen38-fortran,qwen38,fortran,0,611562,quasi_affine_reduce_odd,score,score_error,0,781612,0.0,gcc
llr8w3-qwen38-fortran,qwen38,fortran,0,611562,quasi_affine_reduce_odd,score,ok,1,956447,10.613539724195462,gcc
llr8w3-qwen38-fortran,qwen38,fortran,0,611562,quasi_affine_reduce_odd,submit,ok,1,1001203,10.572205262223004,gcc
llr8w3-qwen38-fortran,qwen38,fortran,0,611562,quasi_affine_reduce_odd,score,ok,1,2420745,10.293181924603346,gcc
llr8w3-qwen38-fortran,qwen38,fortran,0,611562,quasi_affine_reduce_odd,score,ok,1,3695108,10.273112081164632,gcc
llr8w3-qwen38-fortran,qwen38,fortran,0,611562,quasi_affine_reduce_odd,score,ok,1,4695303,10.602583470292645,gcc
llr8w3-qwen38-fortran,qwen38,fortran,0,611562,quasi_affine_reduce_odd,submit,ok,1,4827875,10.572205262223004,gcc
llr8w3-qwen38-fortran,qwen38,fortran,0,611562,quasi_affine_reduce_odd,score,ok,1,5378039,10.601325086180914,gcc
llr8w3-qwen38-fortran,qwen38,fortran,0,611562,quasi_affine_reduce_odd,submit,ok,1,5524704,10.572205262223004,gcc
llr8w3-qwen38-fortran,qwen38,fortran,0,611562,tsvc_2_s3111,score,incorrect,0,1968883,0.0,gcc
llr8w3-qwen38-fortran,qwen38,fortran,0,611562,tsvc_2_s3111,score,ok,1,2408053,13.062444644528162,gcc
llr8w3-qwen38-fortran,qwen38,fortran,0,611562,tsvc_2_s3111,submit,ok,1,2484366,13.15939156243112,gcc
llr8w3-qwen38-fortran,qwen38,fortran,0,611562,tsvc_2_s3111,score,ok,1,7699628,19.249720277100007,gcc
llr8w3-qwen38-fortran,qwen38,fortran,0,611562,tsvc_2_s3111,submit,ok,1,7729768,19.016327125170736,gcc
llr8w3-qwen38-fortran,qwen38,fortran,0,611562,tsvc_2_s3111,score,ok,1,7828847,19.894887329419,gcc
llr8w3-qwen38-fortran,qwen38,fortran,0,611562,tsvc_2_s3111,score,ok,1,7864460,14.734342644891415,gcc
llr8w3-qwen38-fortran,qwen38,fortran,0,611562,tsvc_2_s3111,score,ok,1,8012769,19.982477702749012,gcc
llr8w3-qwen38-fortran,qwen38,fortran,0,611562,tsvc_2_s3111,submit,ok,1,8050881,19.206490396422442,gcc
llr8w3-qwen38-fortran,qwen38,fortran,0,611562,tsvc_2_s3111,submit,ok,1,9969308,19.206490396422442,gcc
llr8w3-qwen38-fortran,qwen38,fortran,0,611562,tsvc_2_s3111,submit,ok,1,10059853,19.016327125170736,gcc
llr8w3-qwen38-fortran,qwen38,fortran,0,611562,tsvc_2_s3111,submit,ok,1,10150847,19.016327125170736,gcc
llr8w3-qwen38-fortran,qwen38,fortran,0,611562,tsvc_2_s3111,submit,ok,1,10839211,19.206490396422442,gcc
llr8w3-qwen38-fortran,qwen38,fortran,0,611562,tsvc_2_s3111,score,ok,1,11053377,19.307954913321215,gcc
llr8w3-qwen38-fortran,qwen38,fortran,0,611562,tsvc_2_s3111,submit,ok,1,11161819,19.016327125170736,gcc
llr8w3-qwen38-fortran,qwen38,fortran,0,611562,tsvc_2_s3111,submit,ok,1,11270731,19.016327125170736,gcc
llr8w3-qwen38-fortran-skills,qwen38,fortran,1,611563,argmax_with_index,score,incorrect,0,278651,0.0,gcc
llr8w3-qwen38-fortran-skills,qwen38,fortran,1,611563,argmax_with_index,score,ok,1,420208,10.596610216263484,gcc
llr8w3-qwen38-fortran-skills,qwen38,fortran,1,611563,argmax_with_index,submit,ok,1,457232,10.467529962597034,gcc
llr8w3-qwen38-fortran-skills,qwen38,fortran,1,611563,tsvc_2_s3110,score,incorrect,0,4161327,0.0,gcc
llr8w3-qwen38-fortran-skills,qwen38,fortran,1,611563,tsvc_2_s3110,score,ok,1,4672410,14.807215053600236,gcc
llr8w3-qwen38-fortran-skills,qwen38,fortran,1,611563,tsvc_2_s3110,submit,ok,1,4801895,14.681516627579045,gcc
llr8w3-qwen38-fortran-skills,qwen38,fortran,1,611563,argmax_with_index,submit,ok,1,5542825,15.430421526295836,gcc
llr8w3-qwen38-fortran-skills,qwen38,fortran,1,611563,argmax_with_index,score,ok,1,8394664,21.099427369870806,gcc
llr8w3-qwen38-fortran-skills,qwen38,fortran,1,611563,argmax_with_index,submit,ok,1,8451386,19.986350924543686,gcc
llr8w3-qwen38-fortran-skills,qwen38,fortran,1,611563,argmax_with_index,score,ok,1,9289362,20.677155387829217,gcc
llr8w3-qwen38-fortran-skills,qwen38,fortran,1,611563,ext_war_unit,score,ok,1,623336,0.9951503330420978,gcc
llr8w3-qwen38-fortran-skills,qwen38,fortran,1,611563,ext_war_unit,submit,ok,1,1724862,5.4279213112123665,gcc
llr8w3-qwen38-fortran-skills,qwen38,fortran,1,611563,ext_war_unit,score,ok,1,3861225,5.71730548920562,gcc
llr8w3-qwen38-fortran-skills,qwen38,fortran,1,611563,ext_war_unit,submit,ok,1,5284702,5.012594263858814,gcc
llr8w3-qwen38-fortran-skills,qwen38,fortran,1,611563,ext_war_unit,submit,ok,1,6154204,5.062720206497402,gcc
llr8w3-qwen38-fortran-skills,qwen38,fortran,1,611563,ext_war_unit,submit,ok,1,6182737,1.7114104687843499,gcc
llr8w3-qwen38-fortran-skills,qwen38,fortran,1,611563,ext_war_unit,submit,ok,1,6213208,4.817004562435631,gcc
llr8w3-qwen38-fortran-skills,qwen38,fortran,1,611563,ext_war_unit,submit,ok,1,6312075,5.164480882647999,gcc
llr8w3-qwen38-fortran-skills,qwen38,fortran,1,611563,ext_war_unit,submit,ok,1,6347818,5.062720206497402,gcc
llr8w3-qwen38-fortran-skills,qwen38,fortran,1,611563,ext_war_unit,submit,ok,1,6383983,5.216125691474479,gcc
llr8w3-qwen38-fortran-skills,qwen38,fortran,1,611563,ext_war_unit,submit,ok,1,6420869,5.012594263858814,gcc
llr8w3-qwen38-fortran-skills,qwen38,fortran,1,611563,ext_war_unit,submit,ok,1,6458233,4.817004562435631,gcc
llr8w3-qwen38-fortran-skills,qwen38,fortran,1,611563,ext_war_unit,submit,ok,1,6534767,5.012594263858814,gcc
llr8w3-qwen38-fortran-skills,qwen38,fortran,1,611563,ext_war_unit,submit,ok,1,6573689,5.113347408562376,gcc
llr8w3-qwen38-fortran-skills,qwen38,fortran,1,611563,ext_war_unit,submit,ok,1,6652808,5.012594263858814,gcc
llr8w3-qwen38-fortran-skills,qwen38,fortran,1,611563,ext_war_unit,submit,ok,1,6693221,4.7693114479560705,gcc
llr8w3-qwen38-fortran-skills,qwen38,fortran,1,611563,ext_war_unit,submit,ok,1,6733987,5.062720206497402,gcc
llr8w3-qwen38-fortran-skills,qwen38,fortran,1,611563,ext_war_unit,submit,ok,1,6775740,5.012594263858814,gcc
llr8w3-qwen38-fortran-skills,qwen38,fortran,1,611563,ext_war_unit,submit,ok,1,6817956,5.012594263858814,gcc
llr8w3-qwen38-fortran-skills,qwen38,fortran,1,611563,ext_war_unit,submit,ok,1,6860530,4.962964617681994,gcc
llr8w3-qwen38-fortran-skills,qwen38,fortran,1,611563,ext_war_unit,submit,ok,1,6947335,5.216125691474479,gcc
llr8w3-qwen38-fortran-skills,qwen38,fortran,1,611563,ext_war_unit,submit,ok,1,6991207,5.113347408562376,gcc
llr8w3-qwen38-fortran-skills,qwen38,fortran,1,611563,ext_war_unit,submit,ok,1,7035474,5.062720206497402,gcc
llr8w3-qwen38-fortran-skills,qwen38,fortran,1,611563,ext_war_unit,submit,ok,1,7080103,5.062720206497402,gcc
llr8w3-qwen38-fortran-skills,qwen38,fortran,1,611563,ext_war_unit,submit,ok,1,7125109,5.012594263858814,gcc
llr8w3-qwen38-fortran-skills,qwen38,fortran,1,611563,ext_war_unit,submit,ok,1,7170499,5.012594263858814,gcc
llr8w3-qwen38-fortran-skills,qwen38,fortran,1,611563,ext_war_unit,submit,ok,1,7216255,5.012594263858814,gcc
llr8w3-qwen38-fortran-skills,qwen38,fortran,1,611563,ext_war_unit,submit,ok,1,7262599,5.012594263858814,gcc
llr8w3-qwen38-fortran-skills,qwen38,fortran,1,611563,ext_war_unit,submit,ok,1,7309330,4.962964617681994,gcc
llr8w3-qwen38-fortran-skills,qwen38,fortran,1,611563,tsvc_2_s2233,score,ok,1,3261785,0.9138676155242721,gcc
llr8w3-qwen38-fortran-skills,qwen38,fortran,1,611563,tsvc_2_s2233,score,ok,1,6894803,21.39346513987357,gcc
llr8w3-qwen38-fortran-skills,qwen38,fortran,1,611563,tsvc_2_s2233,submit,timeout,0,6917735,0.0,gcc
llr8w3-qwen38-fortran-skills,qwen38,fortran,1,611563,tsvc_2_s2233,score,ok,1,7531923,12.275414227263294,gcc
llr8w3-qwen38-fortran-skills,qwen38,fortran,1,611563,tsvc_2_s2710,score,incorrect,0,435045,0.0,gcc
llr8w3-qwen38-fortran-skills,qwen38,fortran,1,611563,tsvc_2_s2710,score,ok,1,511546,19.911837954979774,gcc
llr8w3-qwen38-fortran-skills,qwen38,fortran,1,611563,tsvc_2_s2710,submit,ok,1,550623,14.536155076810935,gcc
llr8w3-qwen38-fortran-skills,qwen38,fortran,1,611563,tsvc_2_s2710,score,ok,1,1742094,40.51661205761123,gcc
llr8w3-qwen38-fortran-skills,qwen38,fortran,1,611563,tsvc_2_s2710,submit,ok,1,1809181,39.31759327837418,gcc
llr8w3-qwen38-fortran-skills,qwen38,fortran,1,611563,tsvc_2_s2710,score,build_error,0,1882012,0.0,gcc
llr8w3-qwen38-fortran-skills,qwen38,fortran,1,611563,tsvc_2_s2710,score,ok,1,2108554,40.96937188864209,gcc
llr8w3-qwen38-fortran-skills,qwen38,fortran,1,611563,tsvc_2_s2710,score,ok,1,2186478,21.853058586784027,gcc
llr8w3-qwen38-fortran-skills,qwen38,fortran,1,611563,tsvc_2_s2710,score,ok,1,3540641,41.09402681814566,gcc
llr8w3-qwen38-fortran-skills,qwen38,fortran,1,611563,tsvc_2_s2710,score,ok,1,3745713,40.91339135059142,gcc
llr8w3-qwen38-fortran-skills,qwen38,fortran,1,611563,tsvc_2_s2710,submit,ok,1,8399406,40.1078769032695,gcc
llr8w3-qwen38-fortran-skills,qwen38,fortran,1,611563,tsvc_2_s2710,score,ok,1,9419849,40.60055780761007,gcc
llr8w3-qwen38-fortran-skills,qwen38,fortran,1,611563,tsvc_2_s2710,submit,ok,1,9467864,39.710769211157924,gcc
llr8w3-qwen38-fortran-skills,qwen38,fortran,1,611563,tsvc_2_s2710,submit,ok,1,9516608,39.710769211157924,gcc
llr8w3-qwen38-fortran-skills,qwen38,fortran,1,611563,tsvc_2_s2710,submit,ok,1,9567480,39.710769211157924,gcc
llr8w3-qwen38-fortran-skills,qwen38,fortran,1,611563,tsvc_2_s2710,submit,ok,1,9731448,39.31759327837418,gcc
llr8w3-qwen38-fortran-skills,qwen38,fortran,1,611563,tsvc_2_s2710,submit,ok,1,9791976,39.710769211157924,gcc
llr8w3-oss120b-c,oss120b,c,0,611564,quasi_affine_reduce_odd,score,incorrect,0,186858,0.0,gcc
llr8w3-oss120b-c,oss120b,c,0,611564,tsvc_2_s4112,score,incorrect,0,178701,0.0,gcc
llr8w3-oss120b-c,oss120b,c,0,611564,tsvc_2_s316,score,incorrect,0,145705,0.0,gcc
llr8w3-oss120b-c,oss120b,c,0,611564,wavefront2d,score,incorrect,0,234932,0.0,gcc
llr8w3-oss120b-c,oss120b,c,0,611564,ext_war_unit,score,incorrect,0,207348,0.0,gcc
llr8w3-oss120b-c,oss120b,c,0,611564,quasi_affine_reduce_odd,score,ok,1,227310,10.523991047417912,gcc
llr8w3-oss120b-c,oss120b,c,0,611564,tsvc_2_s1244,score,incorrect,0,208901,0.0,gcc
llr8w3-oss120b-c,oss120b,c,0,611564,tsvc_2_s252,score,incorrect,0,361662,0.0,gcc
llr8w3-oss120b-c,oss120b,c,0,611564,tsvc_2_s2275,score,incorrect,0,362953,0.0,gcc
llr8w3-oss120b-c,oss120b,c,0,611564,tsvc_2_s316,score,ok,1,189029,13.353479408162585,gcc
llr8w3-oss120b-c,oss120b,c,0,611564,tsvc_2_s311,score,ok,1,325993,13.914155478700314,gcc
llr8w3-oss120b-c,oss120b,c,0,611564,argmax_with_index,score,incorrect,0,709584,0.0,gcc
llr8w3-oss120b-c,oss120b,c,0,611564,tsvc_2_s4112,score,ok,1,312974,24.239478046579606,gcc
llr8w3-oss120b-c,oss120b,c,0,611564,ext_war_unit,score,ok,1,288149,0.9293196543987343,gcc
llr8w3-oss120b-c,oss120b,c,0,611564,wavefront2d,score,incorrect,0,517450,9.358081912455795,gcc
llr8w3-oss120b-c,oss120b,c,0,611564,quasi_affine_reduce_odd,score,ok,1,307197,10.595036532219343,gcc
llr8w3-oss120b-c,oss120b,c,0,611564,tsvc_2_s1244,score,incorrect,0,292956,5.259088371441285,gcc
llr8w3-oss120b-c,oss120b,c,0,611564,tsvc_2_s252,score,ok,1,541913,4.15119603270825,gcc
llr8w3-oss120b-c,oss120b,c,0,611564,tsvc_2_s2275,score,incorrect,0,425482,0.0,gcc
llr8w3-oss120b-c,oss120b,c,0,611564,tsvc_2_s316,submit,ok,1,204233,11.913025513165806,gcc
llr8w3-oss120b-c,oss120b,c,0,611564,tsvc_2_s311,submit,ok,1,343761,12.15247732598044,gcc
llr8w3-oss120b-c,oss120b,c,0,611564,tsvc_2_s4112,submit,ok,1,333470,22.746331687604833,gcc
llr8w3-oss120b-c,oss120b,c,0,611564,argmax_with_index,score,ok,1,1005377,2.401392247997134,gcc
llr8w3-oss120b-c,oss120b,c,0,611564,ext_war_unit,score,ok,1,407147,0.9301797020582622,gcc
llr8w3-oss120b-c,oss120b,c,0,611564,quasi_affine_reduce_odd,submit,ok,1,324306,10.572205262223004,gcc
llr8w3-oss120b-c,oss120b,c,0,611564,tsvc_2_s252,submit,ok,1,569609,3.987226947260982,gcc
llr8w3-oss120b-c,oss120b,c,0,611564,tsvc_2_s2275,score,incorrect,0,471778,0.0,gcc
llr8w3-oss120b-c,oss120b,c,0,611564,wavefront2d,score,ok,1,899391,0.9997619610464444,gcc
llr8w3-oss120b-c,oss120b,c,0,611564,tsvc_2_s311,score,ok,1,361865,13.51418886542846,gcc
llr8w3-oss120b-c,oss120b,c,0,611564,argmax_with_index,submit,ok,1,1035143,2.2167152171942583,gcc
llr8w3-oss120b-c,oss120b,c,0,611564,ext_war_unit,score,ok,1,708356,1.4804437455878439,gcc
llr8w3-oss120b-c,oss120b,c,0,611564,tsvc_2_s1244,score,ok,1,372855,3.4484557349712768,gcc
llr8w3-oss120b-c,oss120b,c,0,611564,tsvc_2_s2275,score,incorrect,0,772568,0.0,gcc
llr8w3-oss120b-c,oss120b,c,0,611564,wavefront2d,score,ok,1,1093676,5.267480481632555,gcc
llr8w3-oss120b-c,oss120b,c,0,611564,tsvc_2_s311,score,ok,1,611883,1.0001898228740362,gcc
llr8w3-oss120b-c,oss120b,c,0,611564,ext_war_unit,submit,ok,1,736436,1.7285245734721935,gcc
llr8w3-oss120b-c,oss120b,c,0,611564,tsvc_2_s1244,submit,ok,1,394989,3.947749452733645,gcc
llr8w3-oss120b-c,oss120b,c,0,611564,tsvc_2_s1244,score,incorrect,0,865673,1.0136281619253753,gcc
llr8w3-oss120b-c,oss120b,c,0,611564,wavefront2d,submit,ok,1,1133346,5.216125691474479,gcc
llr8w3-oss120b-c,oss120b,c,0,611564,tsvc_2_s311,score,ok,1,756478,6.132143980271129,gcc
llr8w3-oss120b-c,oss120b,c,0,611564,tsvc_2_s311,submit,ok,1,786583,5.877660989467873,gcc
llr8w3-oss120b-c,oss120b,c,0,611564,tsvc_2_s119,score,ok,1,1441445,0.9494140757187892,gcc
llr8w3-oss120b-c,oss120b,c,0,611564,tsvc_2_s2275,score,score_error,0,1715923,0.0,gcc
llr8w3-oss120b-c,oss120b,c,0,611564,tsvc_2_s2275,score,incorrect,0,2100958,0.0,gcc
llr8w3-oss120b-c,oss120b,c,0,611564,tsvc_2_s2275,score,incorrect,0,2251113,11.588235294117647,gcc
llr8w3-oss120b-c,oss120b,c,0,611564,tsvc_2_s2275,score,incorrect,0,2460960,0.5239187527010405,gcc
llr8w3-oss120b-c,oss120b,c,0,611564,tsvc_2_s2275,score,incorrect,0,2978630,1.676595744680851,gcc
llr8w3-oss120b-c,oss120b,c,0,611564,tsvc_2_s2275,score,incorrect,0,3509229,0.0,gcc
llr8w3-oss120b-c,oss120b,c,0,611564,tsvc_2_s2275,score,incorrect,0,3696205,1.4369738339021616,gcc
llr8w3-oss120b-c,oss120b,c,0,611564,fuse_diamond,score,incorrect,0,142707,0.0,gcc
llr8w3-oss120b-c,oss120b,c,0,611564,tsvc_2_s318,score,incorrect,0,308743,0.0,gcc
llr8w3-oss120b-c,oss120b,c,0,611564,tsvc_2_vag,score,incorrect,0,317581,0.0,gcc
llr8w3-oss120b-c,oss120b,c,0,611564,fuse_diamond,score,incorrect,0,224282,61.39420633896334,gcc
llr8w3-oss120b-c,oss120b,c,0,611564,tsvc_2_s115,score,incorrect,0,260441,0.0,gcc
llr8w3-oss120b-c,oss120b,c,0,611564,tsvc_2_vag,score,ok,1,386576,23.042818875104413,gcc
llr8w3-oss120b-c,oss120b,c,0,611564,tsvc_2_s318,score,incorrect,0,621359,21343.72403846154,gcc
llr8w3-oss120b-c,oss120b,c,0,611564,tsvc_2_vag,submit,ok,1,404862,21.42807338581991,gcc
llr8w3-oss120b-c,oss120b,c,0,611564,tsvc_2_s13110,score,incorrect,0,443019,0.0,gcc
llr8w3-oss120b-c,oss120b,c,0,611564,tsvc_2_s115,score,ok,1,543072,1.924418040102659,gcc
llr8w3-oss120b-c,oss120b,c,0,611564,fuse_diamond,score,incorrect,0,588319,9.53600355381929,gcc
llr8w3-oss120b-c,oss120b,c,0,611564,wf_diff_skew,score,incorrect,0,251099,0.0,gcc
llr8w3-oss120b-c,oss120b,c,0,611564,tsvc_2_s255,score,incorrect,0,386671,0.0,gcc
llr8w3-oss120b-c,oss120b,c,0,611564,tsvc_2_s231,score,incorrect,0,362197,0.0,gcc
llr8w3-oss120b-c,oss120b,c,0,611564,tsvc_2_s13110,score,ok,1,623921,8.203722792057688,gcc
llr8w3-oss120b-c,oss120b,c,0,611564,tsvc_2_s115,score,ok,1,629855,1.8964785433825952,gcc
llr8w3-oss120b-c,oss120b,c,0,611564,tsvc_2_s3110,score,ok,1,595423,11.01017840513746,gcc
llr8w3-oss120b-c,oss120b,c,0,611564,wf_diff_skew,score,ok,1,381634,0.8922817426144182,gcc
llr8w3-oss120b-c,oss120b,c,0,611564,fuse_diamond,score,incorrect,0,800663,9.566678593145419,gcc
llr8w3-oss120b-c,oss120b,c,0,611564,tsvc_2_s255,score,ok,1,564358,1.115299566582838,gcc
llr8w3-oss120b-c,oss120b,c,0,611564,tsvc_2_s13110,submit,ok,1,647839,7.613077513845836,gcc
llr8w3-oss120b-c,oss120b,c,0,611564,tsvc_2_s231,score,ok,1,515757,17.980961046880306,gcc
llr8w3-oss120b-c,oss120b,c,0,611564,tsvc_2_s3110,submit,ok,1,620836,10.363891052076271,gcc
llr8w3-oss120b-c,oss120b,c,0,611564,tsvc_2_s115,score,ok,1,865749,1.9835253906112185,gcc
llr8w3-oss120b-c,oss120b,c,0,611564,tsvc_2_s255,submit,ok,1,588080,1.07213535210701,gcc
llr8w3-oss120b-c,oss120b,c,0,611564,wf_diff_skew,score,ok,1,584783,2.4442519338698783,gcc
llr8w3-oss120b-c,oss120b,c,0,611564,ext_break_capture,score,incorrect,0,647978,6711.61066749844,gcc
llr8w3-oss120b-c,oss120b,c,0,611564,tsvc_2_s231,submit,ok,1,539067,17.91424036030242,gcc
llr8w3-oss120b-c,oss120b,c,0,611564,tsvc_2_s115,score,ok,1,1238702,1.9738894363565682,gcc
llr8w3-oss120b-c,oss120b,c,0,611564,tsvc_2_s318,score,ok,1,1694417,0.9992234943801106,gcc
llr8w3-oss120b-c,oss120b,c,0,611564,wf_diff_skew,score,ok,1,661048,2.359374514841018,gcc
llr8w3-oss120b-c,oss120b,c,0,611564,tsvc_2_s115,score,ok,1,1305555,1.993881417196071,gcc
llr8w3-oss120b-c,oss120b,c,0,611564,wf_diff_skew,score,ok,1,713208,2.519495701766856,gcc
llr8w3-oss120b-c,oss120b,c,0,611564,tsvc_2_s115,submit,ok,1,1339635,2.238882369366201,gcc
llr8w3-oss120b-c,oss120b,c,0,611564,ext_break_capture,score,incorrect,0,1428740,5263.557681017613,gcc
llr8w3-oss120b-c,oss120b,c,0,611564,wf_diff_skew,score,ok,1,850810,2.155506627293941,gcc
llr8w3-oss120b-c,oss120b,c,0,611564,fuse_diamond,score,incorrect,0,1756066,60.89523997255251,gcc
llr8w3-oss120b-c,oss120b,c,0,611564,tsvc_2_s318,score,ok,1,2130103,14.718462766669894,gcc
llr8w3-oss120b-c,oss120b,c,0,611564,ext_break_capture,score,incorrect,0,1732787,7384.1536719286205,gcc
llr8w3-oss120b-c,oss120b,c,0,611564,wf_diff_skew,score,ok,1,994736,2.4631347917079087,gcc
llr8w3-oss120b-c,oss120b,c,0,611564,tsvc_2_s318,submit,ok,1,2180458,14.392232749317758,gcc
llr8w3-oss120b-c,oss120b,c,0,611564,ext_break_capture,score,incorrect,0,1869538,7876.070204978038,gcc
llr8w3-oss120b-c,oss120b,c,0,611564,wf_diff_skew,submit,ok,1,1024142,2.4003849374066086,gcc
llr8w3-oss120b-c,oss120b,c,0,611564,argmax_with_index,score,ok,1,1962528,2.2339500226426057,gcc
llr8w3-oss120b-c,oss120b,c,0,611564,ext_break_capture,score,ok,1,2106838,1.0235939831384182,gcc
llr8w3-oss120b-c,oss120b,c,0,611564,ext_break_capture,score,ok,1,2255557,0.9418575725091735,gcc
llr8w3-oss120b-c,oss120b,c,0,611564,ext_break_capture,score,ok,1,2623726,0.9851028030693069,gcc
llr8w3-oss120b-c,oss120b,c,0,611564,ext_break_capture,score,ok,1,2846696,0.9836566002807615,gcc
llr8w3-oss120b-c,oss120b,c,0,611564,fuse_diamond,score,incorrect,0,3096511,63.3798104720621,gcc
llr8w3-oss120b-c,oss120b,c,0,611564,ext_break_capture,score,ok,1,3075824,0.8870032984478898,gcc
llr8w3-oss120b-c,oss120b,c,0,611564,ext_break_capture,score,ok,1,3253557,1.0216228627448205,gcc
llr8w3-oss120b-c,oss120b,c,0,611564,fuse_diamond,score,incorrect,0,3192435,62.15355918266023,gcc
llr8w3-oss120b-c,oss120b,c,0,611564,ext_break_capture,submit,ok,1,3313639,1.01,gcc
llr8w3-oss120b-c,oss120b,c,0,611564,fuse_diamond,score,incorrect,0,3599373,23.577989837349744,gcc
llr8w3-oss120b-c,oss120b,c,0,611564,fuse_diamond,score,incorrect,0,4264953,23.55869540153349,gcc
llr8w3-oss120b-c,oss120b,c,0,611564,tsvc_2_s2233,score,ok,1,4308315,1.4254787675134915,gcc
llr8w3-oss120b-c,oss120b,c,0,611564,fuse_diamond,score,incorrect,0,4487552,23.597689125131183,gcc
llr8w3-oss120b-c,oss120b,c,0,611564,fuse_diamond,score,incorrect,0,4671775,23.696567154078963,gcc
llr8w3-oss120b-c,oss120b,c,0,611564,fuse_diamond,score,incorrect,0,4718583,22.961510667325282,gcc
llr8w3-oss120b-c,oss120b,c,0,611564,fuse_diamond,score,incorrect,0,5530101,23.713126741181007,gcc
llr8w3-oss120b-c,oss120b,c,0,611564,fuse_diamond,score,incorrect,0,6318167,23.651110486539196,gcc
llr8w3-oss120b-c,oss120b,c,0,611564,fuse_diamond,score,incorrect,0,7503070,23.857664972255225,gcc
llr8w3-oss120b-c,oss120b,c,0,611564,fuse_diamond,score,incorrect,0,8796835,23.686150636562033,gcc
llr8w3-oss120b-c,oss120b,c,0,611564,tsvc_2_s152,score,score_error,0,190571,0.0,gcc
llr8w3-oss120b-c,oss120b,c,0,611564,tsvc_2_s319,score,incorrect,0,171520,0.0,gcc
llr8w3-oss120b-c,oss120b,c,0,611564,wf_north_west,score,incorrect,0,147195,0.0,gcc
llr8w3-oss120b-c,oss120b,c,0,611564,tsvc_2_s152,score,incorrect,0,245330,0.0,gcc
llr8w3-oss120b-c,oss120b,c,0,611564,tsvc_2_s3111,score,incorrect,0,382938,0.0,gcc
llr8w3-oss120b-c,oss120b,c,0,611564,tsvc_2_s319,score,ok,1,214425,1.7843205959877384,gcc
llr8w3-oss120b-c,oss120b,c,0,611564,tsvc_2_vpvts,score,incorrect,0,252013,0.0,gcc
llr8w3-oss120b-c,oss120b,c,0,611564,wf_north_west,score,incorrect,0,205301,0.4992791097015572,gcc
llr8w3-oss120b-c,oss120b,c,0,611564,fuse_move_ifs,score,incorrect,0,285727,0.0,gcc
llr8w3-oss120b-c,oss120b,c,0,611564,tsvc_2_s233,score,incorrect,0,190632,0.0,gcc
llr8w3-oss120b-c,oss120b,c,0,611564,tsvc_2_s152,score,ok,1,390424,5.141027559425557,gcc
llr8w3-oss120b-c,oss120b,c,0,611564,tsvc_2_s3111,score,ok,1,468424,0.997808277051511,gcc
llr8w3-oss120b-c,oss120b,c,0,611564,tsvc_2_s319,score,ok,1,278921,8.264844858806006,gcc
llr8w3-oss120b-c,oss120b,c,0,611564,tsvc_2_s233,score,ok,1,256713,0.973124717794844,gcc
llr8w3-oss120b-c,oss120b,c,0,611564,tsvc_2_s152,submit,ok,1,412428,4.492907124990357,gcc
llr8w3-oss120b-c,oss120b,c,0,611564,fuse_move_ifs,score,incorrect,0,501183,485.0958866893797,gcc
llr8w3-oss120b-c,oss120b,c,0,611564,tsvc_2_s319,score,ok,1,331756,8.324913854112362,gcc
llr8w3-oss120b-c,oss120b,c,0,611564,tsvc_2_s3111,score,ok,1,610244,3.8451440479576964,gcc
llr8w3-oss120b-c,oss120b,c,0,611564,tsvc_2_vpvts,score,ok,1,1007849,4.7092980202418495,gcc
llr8w3-oss120b-c,oss120b,c,0,611564,tsvc_2_s2710,score,incorrect,0,478472,0.0,gcc
llr8w3-oss120b-c,oss120b,c,0,611564,tsvc_2_s233,score,ok,1,482654,1.8363718537508829,gcc
llr8w3-oss120b-c,oss120b,c,0,611564,tsvc_2_s119,score,incorrect,0,689564,2.3024594431145724,gcc
llr8w3-oss120b-c,oss120b,c,0,611564,ext_break_find_first,score,incorrect,0,712631,0.0,gcc
llr8w3-oss120b-c,oss120b,c,0,611564,tsvc_2_s319,submit,ok,1,350060,8.32631075669766,gcc
llr8w3-oss120b-c,oss120b,c,0,611564,tsvc_2_s3111,submit,ok,1,634979,3.756148147544384,gcc
llr8w3-oss120b-c,oss120b,c,0,611564,tsvc_2_vpvts,submit,ok,1,1037540,4.629046703784691,gcc
llr8w3-oss120b-c,oss120b,c,0,611564,tsvc_2_s233,submit,ok,1,508390,1.8904618694795547,gcc
llr8w3-oss120b-c,oss120b,c,0,611564,tsvc_2_s2710,score,ok,1,896817,30.084887076820262,gcc
llr8w3-oss120b-c,oss120b,c,0,611564,ext_break_find_first,score,ok,1,872896,1.8511241612146032,gcc
llr8w3-oss120b-c,oss120b,c,0,611564,tsvc_2_s119,score,ok,1,972725,1.174678202678959,gcc
llr8w3-oss120b-c,oss120b,c,0,611564,fuse_move_ifs,score,incorrect,0,1296430,0.16431451612903225,gcc
llr8w3-oss120b-c,oss120b,c,0,611564,tsvc_2_s2710,submit,ok,1,931032,21.85877766087489,gcc
llr8w3-oss120b-c,oss120b,c,0,611564,ext_break_find_first,submit,ok,1,914361,2.026831002079339,gcc
llr8w3-oss120b-c,oss120b,c,0,611564,tsvc_2_s119,submit,ok,1,1007165,1.0,gcc
llr8w3-oss120b-c,oss120b,c,0,611564,fuse_move_ifs,score,incorrect,0,1655090,0.1044804820203833,gcc
llr8w3-oss120b-c,oss120b,c,0,611564,wf_north_west,score,ok,1,579456,0.5,gcc
llr8w3-oss120b-c,oss120b,c,0,611564,fuse_move_ifs,score,incorrect,0,1917520,0.07371896341187645,gcc
llr8w3-oss120b-c,oss120b,c,0,611564,fuse_move_ifs,score,incorrect,0,2167038,482.98072637140615,gcc
llr8w3-oss120b-c,oss120b,c,0,611564,wf_north_west,score,ok,1,1747159,0.9986027569224238,gcc
llr8w3-oss120b-c,oss120b,c,0,611564,wf_north_west,score,ok,1,2223931,0.5021040689996645,gcc
llr8w3-oss120b-c,oss120b,c,0,611564,wf_north_west,score,ok,1,2579734,0.9981056021785267,gcc
llr8w3-oss120b-c,oss120b,c,0,611564,wf_north_west,score,ok,1,2960301,1.7297594212971026,gcc
llr8w3-oss120b-c,oss120b,c,0,611564,wf_north_west,submit,ok,1,3025895,1.6610781400623216,gcc
llr8w3-oss120b-c,oss120b,c,0,611564,fuse_move_ifs,score,incorrect,0,2328801,437.61526025087755,gcc
llr8w3-oss120b-c,oss120b,c,0,611564,fuse_move_ifs,score,incorrect,0,2797221,4830.847013888889,gcc
llr8w3-oss120b-c,oss120b,c,0,611564,fuse_move_ifs,score,incorrect,0,3339965,4628.356420492349,gcc
llr8w3-oss120b-c,oss120b,c,0,611564,ext_break_post_body,score,score_error,0,12668,0.0,gcc
llr8w3-oss120b-c,oss120b,c,0,611564,ext_break_post_body,score,incorrect,0,19351,0.0,gcc
llr8w3-oss120b-c,oss120b,c,0,611564,ext_break_post_body,score,ok,1,82494,0.6300442106926124,gcc
llr8w3-oss120b-c,oss120b,c,0,611564,tsvc_2_s1232,score,score_error,0,175205,0.0,gcc
llr8w3-oss120b-c,oss120b,c,0,611564,tsvc_2_s1232,score,incorrect,0,221808,0.0,gcc
llr8w3-oss120b-c,oss120b,c,0,611564,tsvc_2_s323,score,incorrect,0,272748,0.0,gcc
llr8w3-oss120b-c,oss120b,c,0,611564,tsvc_2_s2233,score,incorrect,0,271011,0.0,gcc
llr8w3-oss120b-c,oss120b,c,0,611564,tsvc_2_s275,score,incorrect,0,305918,0.0,gcc
llr8w3-oss120b-c,oss120b,c,0,611564,fuse_stencil_through_transient,score,incorrect,0,264829,0.0,gcc
llr8w3-oss120b-c,oss120b,c,0,611564,wf_triangular,score,incorrect,0,278974,0.0,gcc
llr8w3-oss120b-c,oss120b,c,0,611564,tsvc_2_s235,score,incorrect,0,398858,0.0,gcc
llr8w3-oss120b-c,oss120b,c,0,611564,tsvc_2_s3112,score,incorrect,0,395620,0.0,gcc
llr8w3-oss120b-c,oss120b,c,0,611564,ext_break_post_body,score,ok,1,123921,0.6086025357912244,gcc
llr8w3-oss120b-c,oss120b,c,0,611564,tsvc_2_s1232,score,ok,1,451718,118.6259658759774,gcc
llr8w3-oss120b-c,oss120b,c,0,611564,tsvc_2_s323,score,ok,1,504204,0.9939874554659,gcc
llr8w3-oss120b-c,oss120b,c,0,611564,tsvc_2_s2233,score,ok,1,422917,1.002494092823489,gcc
llr8w3-oss120b-c,oss120b,c,0,611564,tsvc_2_s275,score,ok,1,372102,10.600408762476045,gcc
llr8w3-oss120b-c,oss120b,c,0,611564,fuse_stencil_through_transient,score,incorrect,0,367277,22.660894152799457,gcc
llr8w3-oss120b-c,oss120b,c,0,611564,wf_triangular,score,ok,1,330109,2.1472984663730292,gcc
llr8w3-oss120b-c,oss120b,c,0,611564,tsvc_2_vtvtv,score,incorrect,0,412980,0.0,gcc
llr8w3-oss120b-c,oss120b,c,0,611564,tsvc_2_s235,score,incorrect,0,615028,34.60904374993092,gcc
llr8w3-oss120b-c,oss120b,c,0,611564,tsvc_2_s3112,score,incorrect,0,660684,6.065772394888615,gcc
llr8w3-oss120b-c,oss120b,c,0,611564,tsvc_2_s1232,submit,ok,1,473000,117.47299515100556,gcc
llr8w3-oss120b-c,oss120b,c,0,611564,ext_break_post_body,score,ok,1,177357,0.9574266956029445,gcc
llr8w3-oss120b-c,oss120b,c,0,611564,tsvc_2_s323,score,ok,1,702734,0.9987377365452224,gcc
llr8w3-oss120b-c,oss120b,c,0,611564,tsvc_2_s275,submit,ok,1,395418,10.677927314845235,gcc
llr8w3-oss120b-c,oss120b,c,0,611564,tsvc_2_s2233,score,ok,1,657289,1.3652871005549838,gcc
llr8w3-oss120b-c,oss120b,c,0,611564,fuse_stencil_through_transient,score,incorrect,0,458248,23.649112958770118,gcc
llr8w3-oss120b-c,oss120b,c,0,611564,wf_triangular,submit,ok,1,347831,1.8904618694795547,gcc
llr8w3-oss120b-c,oss120b,c,0,611564,tsvc_2_vtvtv,score,ok,1,502034,4.465933849057252,gcc
llr8w3-oss120b-c,oss120b,c,0,611564,tsvc_2_s3112,score,incorrect,0,744789,5.8346986822174856,gcc
llr8w3-oss120b-c,oss120b,c,0,611564,tsvc_2_s235,score,incorrect,0,1091433,1.6368165064627822,gcc
llr8w3-oss120b-c,oss120b,c,0,611564,ext_break_post_body,score,ok,1,323074,0.9008119119173519,gcc
llr8w3-oss120b-c,oss120b,c,0,611564,tsvc_2_s323,score,incorrect,0,825803,3.364775160924437,gcc
llr8w3-oss120b-c,oss120b,c,0,611564,tsvc_2_s2233,score,ok,1,760563,1.4170837442787585,gcc
llr8w3-oss120b-c,oss120b,c,0,611564,ext_war_unit,score,ok,1,672821,1.5846636332848583,gcc
llr8w3-oss120b-c,oss120b,c,0,611564,tsvc_2_vtvtv,submit,ok,1,525283,4.865174608059988,gcc
llr8w3-oss120b-c,oss120b,c,0,611564,tsvc_2_s3112,score,incorrect,0,842020,5.58031583296403,gcc
llr8w3-oss120b-c,oss120b,c,0,611564,ext_break_post_body,score,ok,1,648808,1.2180712624599024,gcc
llr8w3-oss120b-c,oss120b,c,0,611564,tsvc_2_s323,score,ok,1,932446,0.9977735703074937,gcc
llr8w3-oss120b-c,oss120b,c,0,611564,tsvc_2_s2233,submit,timeout,0,786896,0.0,gcc
llr8w3-oss120b-c,oss120b,c,0,611564,tsvc_2_s235,score,incorrect,0,1836547,1.5723991929841696,gcc
llr8w3-oss120b-c,oss120b,c,0,611564,fuse_stencil_through_transient,score,incorrect,0,1144512,8.975818253558643,gcc
llr8w3-oss120b-c,oss120b,c,0,611564,ext_break_post_body,submit,ok,1,683591,1.1725786449236988,gcc
llr8w3-oss120b-c,oss120b,c,0,611564,tsvc_2_s3112,score,ok,1,952993,0.9970983029283388,gcc
llr8w3-oss120b-c,oss120b,c,0,611564,tsvc_2_s323,score,ok,1,1177997,0.990727896526901,gcc
llr8w3-oss120b-c,oss120b,c,0,611564,tsvc_2_s2233,submit,timeout,0,813422,0.0,gcc
llr8w3-oss120b-c,oss120b,c,0,611564,tsvc_2_s235,score,incorrect,0,1879671,1.070928967411015,gcc
llr8w3-oss120b-c,oss120b,c,0,611564,fuse_stencil_through_transient,score,incorrect,0,1185469,8.895508447348359,gcc
llr8w3-oss120b-c,oss120b,c,0,611564,ext_break_post_body,submit,ok,1,718604,1.0828567056280802,gcc
llr8w3-oss120b-c,oss120b,c,0,611564,tsvc_2_s3112,score,ok,1,991741,1.010989010989011,gcc
llr8w3-oss120b-c,oss120b,c,0,611564,tsvc_2_s323,score,ok,1,1628871,0.9949080754017539,gcc
llr8w3-oss120b-c,oss120b,c,0,611564,tsvc_2_s2233,submit,timeout,0,868411,0.0,gcc
llr8w3-oss120b-c,oss120b,c,0,611564,tsvc_2_s235,score,incorrect,0,2057371,1.6388675638422725,gcc
llr8w3-oss120b-c,oss120b,c,0,611564,ext_break_post_body,submit,ok,1,753950,1.1046221254112045,gcc
llr8w3-oss120b-c,oss120b,c,0,611564,tsvc_2_s3112,score,score_error,0,1789107,0.0,gcc
llr8w3-oss120b-c,oss120b,c,0,611564,tsvc_2_s2233,submit,timeout,0,928478,0.0,gcc
llr8w3-oss120b-c,oss120b,c,0,611564,fuse_diamond,score,incorrect,0,1442581,9.722965001201676,gcc
llr8w3-oss120b-c,oss120b,c,0,611564,tsvc_2_s319,score,ok,1,1631863,0.11395348837209303,gcc
llr8w3-oss120b-c,oss120b,c,0,611564,ext_break_post_body,score,ok,1,1121876,1.0269248014410393,gcc
llr8w3-oss120b-c,oss120b,c,0,611564,tsvc_2_s323,score,ok,1,1727112,0.9931972789115646,gcc
llr8w3-oss120b-c,oss120b,c,0,611564,tsvc_2_s235,score,score_error,0,2507300,0.0,gcc
llr8w3-oss120b-c,oss120b,c,0,611564,tsvc_2_s2233,submit,timeout,0,959268,0.0,gcc
llr8w3-oss120b-c,oss120b,c,0,611564,quasi_affine_reduce_odd,score,ok,1,1488217,10.373008878207795,gcc
llr8w3-oss120b-c,oss120b,c,0,611564,tsvc_2_s235,score,incorrect,0,2151523,1.5686450775305554,gcc
llr8w3-oss120b-c,oss120b,c,0,611564,tsvc_2_s3112,score,incorrect,0,2002643,1.7692307692307692,gcc
llr8w3-oss120b-c,oss120b,c,0,611564,ext_break_post_body,score,ok,1,1503172,1.0312813664579024,gcc
llr8w3-oss120b-c,oss120b,c,0,611564,tsvc_2_s323,score,ok,1,2099827,0.9792110218680026,gcc
llr8w3-oss120b-c,oss120b,c,0,611564,fuse_stencil_through_transient,submit,incorrect,0,1534206,8.838546648400426,gcc
llr8w3-oss120b-c,oss120b,c,0,611564,tsvc_2_s235,score,incorrect,0,2559748,90932.92144097222,gcc
llr8w3-oss120b-c,oss120b,c,0,611564,tsvc_2_s323,score,ok,1,2378699,0.9840047669765393,gcc
llr8w3-oss120b-c,oss120b,c,0,611564,ext_break_post_body,score,ok,1,2548718,0.8549508282996676,gcc
llr8w3-oss120b-c,oss120b,c,0,611564,tsvc_2_s3112,submit,incorrect,0,2274065,1007.7545761573364,gcc
llr8w3-oss120b-c,oss120b,c,0,611564,tsvc_2_s2233,submit,score_error,0,1091720,0.0,gcc
llr8w3-oss120b-c,oss120b,c,0,611564,tsvc_2_s2233,submit,timeout,0,1024080,0.0,gcc
llr8w3-oss120b-c,oss120b,c,0,611564,tsvc_2_s235,score,incorrect,0,2612724,1.634937930231579,gcc
llr8w3-oss120b-c,oss120b,c,0,611564,fuse_stencil_through_transient,submit,incorrect,0,2292233,8.493669602907282,gcc
llr8w3-oss120b-c,oss120b,c,0,611564,tsvc_2_s323,score,ok,1,2939577,0.9914798386418452,gcc
llr8w3-oss120b-c,oss120b,c,0,611564,ext_break_post_body,score,ok,1,2581736,0.6438806575718119,gcc
llr8w3-oss120b-c,oss120b,c,0,611564,tsvc_2_s3112,submit,ok,1,2561819,1.0,gcc
llr8w3-oss120b-c-skills,oss120b,c,1,611565,argmax_with_index,score,incorrect,0,251380,0.0,gcc
llr8w3-oss120b-c-skills,oss120b,c,1,611565,quasi_affine_reduce_odd,score,incorrect,0,474632,0.0,gcc
llr8w3-oss120b-c-skills,oss120b,c,1,611565,tsvc_2_s316,score,incorrect,0,300157,0.0,gcc
llr8w3-oss120b-c-skills,oss120b,c,1,611565,wavefront2d,score,incorrect,0,370290,0.0,gcc
llr8w3-oss120b-c-skills,oss120b,c,1,611565,tsvc_2_s2275,score,incorrect,0,220807,0.0,gcc
llr8w3-oss120b-c-skills,oss120b,c,1,611565,tsvc_2_s1244,score,incorrect,0,388771,0.0,gcc
llr8w3-oss120b-c-skills,oss120b,c,1,611565,argmax_with_index,score,ok,1,310218,1.0010616941122679,gcc
llr8w3-oss120b-c-skills,oss120b,c,1,611565,quasi_affine_reduce_odd,score,ok,1,634167,10.467163817914615,gcc
llr8w3-oss120b-c-skills,oss120b,c,1,611565,tsvc_2_s252,score,incorrect,0,423910,0.0,gcc
llr8w3-oss120b-c-skills,oss120b,c,1,611565,tsvc_2_s316,score,ok,1,371887,13.02766042094764,gcc
llr8w3-oss120b-c-skills,oss120b,c,1,611565,wavefront2d,score,incorrect,0,608592,12.781197143988981,gcc
llr8w3-oss120b-c-skills,oss120b,c,1,611565,tsvc_2_s2275,score,incorrect,0,374604,0.0,gcc
llr8w3-oss120b-c-skills,oss120b,c,1,611565,tsvc_2_s311,score,incorrect,0,531579,0.0,gcc
llr8w3-oss120b-c-skills,oss120b,c,1,611565,quasi_affine_reduce_odd,submit,ok,1,674878,10.159681454834105,gcc
llr8w3-oss120b-c-skills,oss120b,c,1,611565,tsvc_2_s1244,score,incorrect,0,532468,5.392559715487114,gcc
llr8w3-oss120b-c-skills,oss120b,c,1,611565,tsvc_2_s4112,score,ok,1,803954,22.913756392716486,gcc
llr8w3-oss120b-c-skills,oss120b,c,1,611565,argmax_with_index,score,ok,1,375387,16.187966211988734,gcc
llr8w3-oss120b-c-skills,oss120b,c,1,611565,tsvc_2_s252,score,ok,1,495184,4.903594267078544,gcc
llr8w3-oss120b-c-skills,oss120b,c,1,611565,tsvc_2_s316,submit,ok,1,396626,11.678291847040295,gcc
llr8w3-oss120b-c-skills,oss120b,c,1,611565,tsvc_2_s311,score,ok,1,727743,13.548293854097183,gcc
llr8w3-oss120b-c-skills,oss120b,c,1,611565,wavefront2d,score,ok,1,922118,5.116031260678738,gcc
llr8w3-oss120b-c-skills,oss120b,c,1,611565,tsvc_2_s2275,score,incorrect,0,958300,0.0,gcc
llr8w3-oss120b-c-skills,oss120b,c,1,611565,tsvc_2_s4112,submit,ok,1,829583,22.52112048277706,gcc
llr8w3-oss120b-c-skills,oss120b,c,1,611565,argmax_with_index,submit,ok,1,421165,15.584725741558795,gcc
llr8w3-oss120b-c-skills,oss120b,c,1,611565,tsvc_2_s1244,score,incorrect,0,795153,0.0,gcc
llr8w3-oss120b-c-skills,oss120b,c,1,611565,tsvc_2_s252,submit,ok,1,519692,4.722090542530763,gcc
llr8w3-oss120b-c-skills,oss120b,c,1,611565,tsvc_2_s311,submit,ok,1,753674,11.913025513165806,gcc
llr8w3-oss120b-c-skills,oss120b,c,1,611565,wavefront2d,submit,ok,1,955667,5.320969817873117,gcc
llr8w3-oss120b-c-skills,oss120b,c,1,611565,tsvc_2_s2275,score,incorrect,0,1266362,0.0,gcc
llr8w3-oss120b-c-skills,oss120b,c,1,611565,ext_war_unit,score,ok,1,636650,0.9987902617200719,gcc
llr8w3-oss120b-c-skills,oss120b,c,1,611565,tsvc_2_s1244,score,ok,1,1361600,3.3615785815763672,gcc
llr8w3-oss120b-c-skills,oss120b,c,1,611565,tsvc_2_s1244,submit,ok,1,1400384,3.609584540755694,gcc
llr8w3-oss120b-c-skills,oss120b,c,1,611565,tsvc_2_s2275,score,incorrect,0,2312954,0.0,gcc
llr8w3-oss120b-c-skills,oss120b,c,1,611565,ext_war_unit,score,ok,1,759567,1.1535623014324043,gcc
llr8w3-oss120b-c-skills,oss120b,c,1,611565,ext_war_unit,submit,ok,1,792151,1.196147475686665,gcc
llr8w3-oss120b-c-skills,oss120b,c,1,611565,tsvc_2_s2275,score,incorrect,0,4290907,0.0,gcc
llr8w3-oss120b-c-skills,oss120b,c,1,611565,tsvc_2_s2275,score,incorrect,0,4683735,0.0,gcc
llr8w3-oss120b-c-skills,oss120b,c,1,611565,tsvc_2_s2275,score,incorrect,0,5106133,42.66428821911868,gcc
llr8w3-oss120b-c-skills,oss120b,c,1,611565,tsvc_2_s2275,score,incorrect,0,5287474,43.35373366408776,gcc
llr8w3-oss120b-c-skills,oss120b,c,1,611565,tsvc_2_s1244,score,ok,1,5355784,3.1054532592654325,gcc
llr8w3-oss120b-c-skills,oss120b,c,1,611565,tsvc_2_s231,score,ok,1,5390979,23.425964496415652,gcc
llr8w3-oss120b-c-skills,oss120b,c,1,611565,tsvc_2_s2275,score,incorrect,0,5504137,42.83939714293648,gcc
llr8w3-oss120b-c-skills,oss120b,c,1,611565,tsvc_2_s2275,score,incorrect,0,5712388,42.61395120873056,gcc
llr8w3-oss120b-c-skills,oss120b,c,1,611565,tsvc_2_s2275,score,incorrect,0,6417383,42.89549414692766,gcc
llr8w3-oss120b-c-skills,oss120b,c,1,611565,tsvc_2_s2275,score,incorrect,0,6938704,41.428241136377956,gcc
llr8w3-oss120b-c-skills,oss120b,c,1,611565,tsvc_2_vag,score,incorrect,0,304065,0.0,gcc
llr8w3-oss120b-c-skills,oss120b,c,1,611565,fuse_diamond,score,incorrect,0,413245,0.0,gcc
llr8w3-oss120b-c-skills,oss120b,c,1,611565,tsvc_2_s115,score,incorrect,0,399993,0.0,gcc
llr8w3-oss120b-c-skills,oss120b,c,1,611565,tsvc_2_vag,score,ok,1,447997,21.539833749596788,gcc
llr8w3-oss120b-c-skills,oss120b,c,1,611565,tsvc_2_s13110,score,incorrect,0,423188,0.0,gcc
llr8w3-oss120b-c-skills,oss120b,c,1,611565,tsvc_2_s255,score,incorrect,0,526181,0.0,gcc
llr8w3-oss120b-c-skills,oss120b,c,1,611565,tsvc_2_s3110,score,incorrect,0,308217,0.0,gcc
llr8w3-oss120b-c-skills,oss120b,c,1,611565,fuse_diamond,score,incorrect,0,493102,56.362974256010816,gcc
llr8w3-oss120b-c-skills,oss120b,c,1,611565,tsvc_2_s318,score,incorrect,0,495516,0.0,gcc
llr8w3-oss120b-c-skills,oss120b,c,1,611565,ext_break_capture,score,incorrect,0,496619,0.0,gcc
llr8w3-oss120b-c-skills,oss120b,c,1,611565,tsvc_2_vag,submit,ok,1,469945,21.005855686520842,gcc
llr8w3-oss120b-c-skills,oss120b,c,1,611565,tsvc_2_s115,score,ok,1,488471,1.022913184703842,gcc
llr8w3-oss120b-c-skills,oss120b,c,1,611565,wf_diff_skew,score,incorrect,0,442396,0.0,gcc
llr8w3-oss120b-c-skills,oss120b,c,1,611565,tsvc_2_s3110,score,ok,1,401208,10.425862314385256,gcc
llr8w3-oss120b-c-skills,oss120b,c,1,611565,tsvc_2_s115,submit,ok,1,511559,1.0,gcc
llr8w3-oss120b-c-skills,oss120b,c,1,611565,wf_diff_skew,score,ok,1,597211,3.186475375945941,gcc
llr8w3-oss120b-c-skills,oss120b,c,1,611565,tsvc_2_s255,submit,ok,1,644929,5.704799849236167,gcc
llr8w3-oss120b-c-skills,oss120b,c,1,611565,fuse_diamond,score,incorrect,0,854018,56.346130503268284,gcc
llr8w3-oss120b-c-skills,oss120b,c,1,611565,tsvc_2_s13110,submit,ok,1,542513,7.689208288984294,gcc
llr8w3-oss120b-c-skills,oss120b,c,1,611565,ext_break_capture,score,incorrect,0,890373,9504.954672200247,gcc
llr8w3-oss120b-c-skills,oss120b,c,1,611565,tsvc_2_s231,score,ok,1,1154298,23.226115825117475,gcc
llr8w3-oss120b-c-skills,oss120b,c,1,611565,tsvc_2_s318,score,ok,1,1637460,13.190326774408643,gcc
llr8w3-oss120b-c-skills,oss120b,c,1,611565,tsvc_2_s3110,submit,ok,1,425743,9.959495593406631,gcc
llr8w3-oss120b-c-skills,oss120b,c,1,611565,wf_diff_skew,submit,ok,1,624628,3.0176751731082003,gcc
llr8w3-oss120b-c-skills,oss120b,c,1,611565,tsvc_2_s231,submit,ok,1,1205305,23.669923966911657,gcc
llr8w3-oss120b-c-skills,oss120b,c,1,611565,tsvc_2_s318,submit,ok,1,1677072,13.558134286164345,gcc
llr8w3-oss120b-c-skills,oss120b,c,1,611565,ext_break_capture,score,incorrect,0,1566334,1074.0443464179202,gcc
llr8w3-oss120b-c-skills,oss120b,c,1,611565,fuse_diamond,score,ok,1,2446320,71.26347147357666,gcc
llr8w3-oss120b-c-skills,oss120b,c,1,611565,fuse_diamond,submit,ok,1,2506399,59.123924111384774,gcc
llr8w3-oss120b-c-skills,oss120b,c,1,611565,ext_break_capture,score,incorrect,0,1938643,7979.091235710397,gcc
llr8w3-oss120b-c-skills,oss120b,c,1,611565,ext_break_capture,score,ok,1,2765683,8.20471968719766,gcc
llr8w3-oss120b-c-skills,oss120b,c,1,611565,ext_break_capture,submit,ok,1,2820663,7.316017851829954,gcc
llr8w3-oss120b-c-skills,oss120b,c,1,611565,tsvc_2_s319,score,incorrect,0,217036,0.0,gcc
llr8w3-oss120b-c-skills,oss120b,c,1,611565,tsvc_2_s233,score,incorrect,0,320203,0.0,gcc
llr8w3-oss120b-c-skills,oss120b,c,1,611565,tsvc_2_vpvts,score,incorrect,0,307313,0.0,gcc
llr8w3-oss120b-c-skills,oss120b,c,1,611565,tsvc_2_s152,score,incorrect,0,400052,0.0,gcc
llr8w3-oss120b-c-skills,oss120b,c,1,611565,tsvc_2_s233,score,ok,1,381378,0.9987136104292742,gcc
llr8w3-oss120b-c-skills,oss120b,c,1,611565,tsvc_2_s152,score,ok,1,485223,1.003986219134143,gcc
llr8w3-oss120b-c-skills,oss120b,c,1,611565,fuse_move_ifs,score,incorrect,0,636479,587.6517686618342,gcc
llr8w3-oss120b-c-skills,oss120b,c,1,611565,tsvc_2_s119,score,build_error,0,601785,0.0,gcc
llr8w3-oss120b-c-skills,oss120b,c,1,611565,tsvc_2_s3111,score,incorrect,0,1043220,0.0,gcc
llr8w3-oss120b-c-skills,oss120b,c,1,611565,fuse_move_ifs,score,incorrect,0,872991,559.5133362821296,gcc
llr8w3-oss120b-c-skills,oss120b,c,1,611565,tsvc_2_s2710,submit,ok,1,681426,22.746331687604833,gcc
llr8w3-oss120b-c-skills,oss120b,c,1,611565,tsvc_2_s233,submit,ok,1,499952,28.881805470751278,gcc
llr8w3-oss120b-c-skills,oss120b,c,1,611565,wf_north_west,score,ok,1,488253,1.811083188027274,gcc
llr8w3-oss120b-c-skills,oss120b,c,1,611565,tsvc_2_s152,submit,ok,1,629931,5.592392754863413,gcc
llr8w3-oss120b-c-skills,oss120b,c,1,611565,tsvc_2_s3111,score,ok,1,1142825,16.627817056792253,gcc
llr8w3-oss120b-c-skills,oss120b,c,1,611565,tsvc_2_s319,submit,ok,1,498372,7.316017851829954,gcc
llr8w3-oss120b-c-skills,oss120b,c,1,611565,ext_break_find_first,score,ok,1,1159455,5.522802658917803,gcc
llr8w3-oss120b-c-skills,oss120b,c,1,611565,tsvc_2_vpvts,score,incorrect,0,999059,5.515164741485154,gcc
llr8w3-oss120b-c-skills,oss120b,c,1,611565,tsvc_2_s119,score,ok,1,1143594,0.4676094804319175,gcc
llr8w3-oss120b-c-skills,oss120b,c,1,611565,fuse_move_ifs,score,incorrect,0,1144172,650.1704644654935,gcc
llr8w3-oss120b-c-skills,oss120b,c,1,611565,wf_north_west,submit,ok,1,514726,1.8904618694795547,gcc
llr8w3-oss120b-c-skills,oss120b,c,1,611565,tsvc_2_s3111,submit,ok,1,1176909,15.740572998974383,gcc
llr8w3-oss120b-c-skills,oss120b,c,1,611565,ext_break_find_first,submit,ok,1,1203253,5.268286948389225,gcc
llr8w3-oss120b-c-skills,oss120b,c,1,611565,tsvc_2_vpvts,score,ok,1,1143129,5.470099218740948,gcc
llr8w3-oss120b-c-skills,oss120b,c,1,611565,tsvc_2_s119,score,incorrect,0,1360925,2.146091143163765,gcc
llr8w3-oss120b-c-skills,oss120b,c,1,611565,fuse_move_ifs,score,incorrect,0,2334045,588.0420303864346,gcc
llr8w3-oss120b-c-skills,oss120b,c,1,611565,tsvc_2_vpvts,submit,ok,1,1172817,5.4279213112123665,gcc
llr8w3-oss120b-c-skills,oss120b,c,1,611565,tsvc_2_s119,score,build_error,0,1505141,0.0,gcc
llr8w3-oss120b-c-skills,oss120b,c,1,611565,fuse_move_ifs,score,incorrect,0,2618251,8275.393977154725,gcc
llr8w3-oss120b-c-skills,oss120b,c,1,611565,tsvc_2_s119,score,ok,1,1762764,1.5185290082508727,gcc
llr8w3-oss120b-c-skills,oss120b,c,1,611565,tsvc_2_s119,submit,ok,1,1816061,1.2824319950172338,gcc
llr8w3-oss120b-c-skills,oss120b,c,1,611565,fuse_move_ifs,score,incorrect,0,3294341,1.2129894766082372,gcc
llr8w3-oss120b-c-skills,oss120b,c,1,611565,fuse_move_ifs,score,incorrect,0,3835961,540.98342671818,gcc
llr8w3-oss120b-c-skills,oss120b,c,1,611565,fuse_move_ifs,score,incorrect,0,4150571,614.0607602880738,gcc
llr8w3-oss120b-c-skills,oss120b,c,1,611565,fuse_move_ifs,score,incorrect,0,4441214,7.0275273706316845,gcc
llr8w3-oss120b-c-skills,oss120b,c,1,611565,fuse_move_ifs,score,score_error,0,4964672,0.0,gcc
llr8w3-oss120b-c-skills,oss120b,c,1,611565,fuse_move_ifs,score,incorrect,0,5004974,7.0488776095779375,gcc
llr8w3-oss120b-c-skills,oss120b,c,1,611565,fuse_stencil_through_transient,score,incorrect,0,429652,0.0,gcc
llr8w3-oss120b-c-skills,oss120b,c,1,611565,tsvc_2_vtvtv,score,incorrect,0,418490,0.0,gcc
llr8w3-oss120b-c-skills,oss120b,c,1,611565,tsvc_2_s3112,score,incorrect,0,377736,0.0,gcc
llr8w3-oss120b-c-skills,oss120b,c,1,611565,ext_break_post_body,score,incorrect,0,375367,0.0,gcc
llr8w3-oss120b-c-skills,oss120b,c,1,611565,fuse_stencil_through_transient,score,incorrect,0,560556,24.234632854694983,gcc
llr8w3-oss120b-c-skills,oss120b,c,1,611565,wf_triangular,score,incorrect,0,560358,0.0,gcc
llr8w3-oss120b-c-skills,oss120b,c,1,611565,tsvc_2_vtvtv,score,ok,1,545688,5.429767212047526,gcc
llr8w3-oss120b-c-skills,oss120b,c,1,611565,tsvc_2_s3112,score,incorrect,0,470909,3.9112488144990594,gcc
llr8w3-oss120b-c-skills,oss120b,c,1,611565,tsvc_2_s1232,score,incorrect,0,646506,0.0,gcc
llr8w3-oss120b-c-skills,oss120b,c,1,611565,tsvc_2_s235,score,incorrect,0,536478,0.0,gcc
llr8w3-oss120b-c-skills,oss120b,c,1,611565,tsvc_2_s323,score,incorrect,0,779705,0.0,gcc
llr8w3-oss120b-c-skills,oss120b,c,1,611565,ext_break_post_body,score,ok,1,535569,0.9863466113543193,gcc
llr8w3-oss120b-c-skills,oss120b,c,1,611565,fuse_stencil_through_transient,score,incorrect,0,645074,24.40484409095713,gcc
llr8w3-oss120b-c-skills,oss120b,c,1,611565,wf_triangular,score,ok,1,630705,0.5243455403764975,gcc
llr8w3-oss120b-c-skills,oss120b,c,1,611565,tsvc_2_s275,score,incorrect,0,298829,0.0,gcc
llr8w3-oss120b-c-skills,oss120b,c,1,611565,tsvc_2_s1232,score,ok,1,728214,118.17235809680815,gcc
llr8w3-oss120b-c-skills,oss120b,c,1,611565,tsvc_2_s235,score,incorrect,0,738365,32.38744749897211,gcc
llr8w3-oss120b-c-skills,oss120b,c,1,611565,tsvc_2_s152,score,ok,1,808527,6.22337073789174,gcc
llr8w3-oss120b-c-skills,oss120b,c,1,611565,ext_break_post_body,score,ok,1,696064,0.5807644837270062,gcc
llr8w3-oss120b-c-skills,oss120b,c,1,611565,tsvc_2_s3112,score,incorrect,0,987009,5.797952017531006,gcc
llr8w3-oss120b-c-skills,oss120b,c,1,611565,fuse_stencil_through_transient,score,incorrect,0,1086043,24.59386704355718,gcc
llr8w3-oss120b-c-skills,oss120b,c,1,611565,tsvc_2_s1232,submit,ok,1,756313,116.30989618911443,gcc
llr8w3-oss120b-c-skills,oss120b,c,1,611565,tsvc_2_s275,score,incorrect,0,594205,0.0,gcc
llr8w3-oss120b-c-skills,oss120b,c,1,611565,wf_triangular,score,build_error,0,853918,0.0,gcc
llr8w3-oss120b-c-skills,oss120b,c,1,611565,tsvc_2_s323,score,incorrect,0,929162,4.166281302700175,gcc
llr8w3-oss120b-c-skills,oss120b,c,1,611565,ext_break_post_body,score,ok,1,847630,1.0668638385363454,gcc
llr8w3-oss120b-c-skills,oss120b,c,1,611565,tsvc_2_s3112,score,incorrect,0,1270098,5.838247966549148,gcc
llr8w3-oss120b-c-skills,oss120b,c,1,611565,tsvc_2_s235,score,incorrect,0,1774688,32.5413794754097,gcc
llr8w3-oss120b-c-skills,oss120b,c,1,611565,tsvc_2_s275,score,ok,1,887487,9.462323974685003,gcc
llr8w3-oss120b-c-skills,oss120b,c,1,611565,wf_triangular,score,ok,1,955319,2.2116718537713242,gcc
llr8w3-oss120b-c-skills,oss120b,c,1,611565,ext_break_post_body,submit,ok,1,879214,1.07213535210701,gcc
llr8w3-oss120b-c-skills,oss120b,c,1,611565,tsvc_2_s323,score,incorrect,0,1297108,4.28867136487359,gcc
llr8w3-oss120b-c-skills,oss120b,c,1,611565,tsvc_2_s235,score,incorrect,0,2001501,1.5112800905733843,gcc
llr8w3-oss120b-c-skills,oss120b,c,1,611565,tsvc_2_s275,submit,ok,1,921880,9.382295369303986,gcc
llr8w3-oss120b-c-skills,oss120b,c,1,611565,wf_triangular,submit,ok,1,990195,1.9868944241538464,gcc
llr8w3-oss120b-c-skills,oss120b,c,1,611565,tsvc_2_s3112,score,incorrect,0,2310032,6.05369304723757,gcc
llr8w3-oss120b-c-skills,oss120b,c,1,611565,tsvc_2_s323,score,incorrect,0,1482801,0.0,gcc
llr8w3-oss120b-c-skills,oss120b,c,1,611565,tsvc_2_s235,score,incorrect,0,2753634,33.4658830268885,gcc
llr8w3-oss120b-c-skills,oss120b,c,1,611565,tsvc_2_s323,score,incorrect,0,1531730,0.8048925972311171,gcc
llr8w3-oss120b-c-skills,oss120b,c,1,611565,tsvc_2_s235,score,incorrect,0,3017941,33.77928277233996,gcc
llr8w3-oss120b-c-skills,oss120b,c,1,611565,tsvc_2_s323,score,ok,1,1687731,0.8693920248698981,gcc
llr8w3-oss120b-c-skills,oss120b,c,1,611565,tsvc_2_s323,score,incorrect,0,2031455,2.9151435708610136,gcc
llr8w3-oss120b-c-skills,oss120b,c,1,611565,tsvc_2_s235,score,incorrect,0,3362861,0.5792778649921507,gcc
llr8w3-oss120b-c-skills,oss120b,c,1,611565,tsvc_2_s323,score,ok,1,2279803,1.0028438446086738,gcc
llr8w3-oss120b-c-skills,oss120b,c,1,611565,fuse_stencil_through_transient,score,incorrect,0,3653655,9.008272093585608,gcc
llr8w3-oss120b-c-skills,oss120b,c,1,611565,tsvc_2_s323,submit,ok,1,2343614,1.01,gcc
llr8w3-oss120b-c-skills,oss120b,c,1,611565,tsvc_2_s235,submit,incorrect,0,4398459,34.89236769418358,gcc
llr8w3-oss120b-c-skills,oss120b,c,1,611565,fuse_stencil_through_transient,score,incorrect,0,3826106,9.020238221572988,gcc
llr8w3-oss120b-c-skills,oss120b,c,1,611565,fuse_stencil_through_transient,score,incorrect,0,4306449,8.938024800748442,gcc
llr8w3-oss120b-c-skills,oss120b,c,1,611565,fuse_stencil_through_transient,score,incorrect,0,4699264,8.938946372121737,gcc
llr8w3-oss120b-c-skills,oss120b,c,1,611565,fuse_stencil_through_transient,score,incorrect,0,5738678,9.034921513097112,gcc
llr8w3-oss120b-c-skills,oss120b,c,1,611565,fuse_stencil_through_transient,score,incorrect,0,6949622,8.982907296038427,gcc
llr8w3-oss120b-c-skills,oss120b,c,1,611565,fuse_stencil_through_transient,score,incorrect,0,7438492,8.991870594603276,gcc
llr8w3-oss120b-c-skills,oss120b,c,1,611565,wf_triangular,score,ok,1,7511603,2.1764817690772125,gcc
llr8w3-oss120b-c-skills,oss120b,c,1,611565,fuse_stencil_through_transient,score,incorrect,0,8770317,9.002392210760346,gcc
llr8w3-oss120b-c-skills,oss120b,c,1,611565,fuse_stencil_through_transient,score,incorrect,0,9049476,8.946114599966583,gcc
llr8w3-oss120b-c-skills,oss120b,c,1,611565,fuse_stencil_through_transient,score,incorrect,0,9347238,0.03080872913992298,gcc
llr8w3-kimi27sglang-c,kimi27sglang,c,0,611566,argmax_with_index,score,incorrect,0,50225,0.0,gcc
llr8w3-kimi27sglang-c,kimi27sglang,c,0,611566,argmax_with_index,score,ok,1,68382,1.0069775396289327,gcc
llr8w3-kimi27sglang-c,kimi27sglang,c,0,611566,ext_war_unit,score,incorrect,0,95598,0.0,gcc
llr8w3-kimi27sglang-c,kimi27sglang,c,0,611566,ext_war_unit,score,ok,1,124724,0.9829301868604746,gcc
llr8w3-kimi27sglang-c,kimi27sglang,c,0,611566,quasi_affine_reduce_odd,score,incorrect,0,79530,0.0,gcc
llr8w3-kimi27sglang-c,kimi27sglang,c,0,611566,ext_war_unit,submit,ok,1,139718,1.0,gcc
llr8w3-kimi27sglang-c,kimi27sglang,c,0,611566,quasi_affine_reduce_odd,score,ok,1,101472,10.498216435061055,gcc
llr8w3-kimi27sglang-c,kimi27sglang,c,0,611566,quasi_affine_reduce_odd,submit,ok,1,112914,10.261278269382446,gcc
llr8w3-kimi27sglang-c,kimi27sglang,c,0,611566,ext_war_unit,score,incorrect,0,171778,4.723423672493324,gcc
llr8w3-kimi27sglang-c,kimi27sglang,c,0,611566,argmax_with_index,score,ok,1,118048,3.1983001529547814,gcc
llr8w3-kimi27sglang-c,kimi27sglang,c,0,611566,argmax_with_index,submit,incorrect,0,133649,3.333390763519405,gcc
llr8w3-kimi27sglang-c,kimi27sglang,c,0,611566,ext_war_unit,score,ok,1,206232,0.9883380837542949,gcc
llr8w3-kimi27sglang-c,kimi27sglang,c,0,611566,argmax_with_index,score,ok,1,167449,3.1094128535322043,gcc
llr8w3-kimi27sglang-c,kimi27sglang,c,0,611566,quasi_affine_reduce_odd,score,ok,1,152513,5.441401659037612,gcc
llr8w3-kimi27sglang-c,kimi27sglang,c,0,611566,quasi_affine_reduce_odd,score,score_error,0,184553,0.0,gcc
llr8w3-kimi27sglang-c,kimi27sglang,c,0,611566,quasi_affine_reduce_odd,score,ok,1,201089,10.25417823754109,gcc
llr8w3-kimi27sglang-c,kimi27sglang,c,0,611566,quasi_affine_reduce_odd,score,incorrect,0,237087,13.034562812474725,gcc
llr8w3-kimi27sglang-c,kimi27sglang,c,0,611566,ext_war_unit,score,ok,1,338435,0.9816572224612221,gcc
llr8w3-kimi27sglang-c,kimi27sglang,c,0,611566,argmax_with_index,score,ok,1,209471,3.302853849865856,gcc
llr8w3-kimi27sglang-c,kimi27sglang,c,0,611566,argmax_with_index,submit,ok,1,233676,3.235356234264943,gcc
llr8w3-kimi27sglang-c,kimi27sglang,c,0,611566,ext_war_unit,score,ok,1,392549,0.9739394728092902,gcc
llr8w3-kimi27sglang-c,kimi27sglang,c,0,611566,ext_war_unit,score,ok,1,449973,0.9388587725005484,gcc
llr8w3-kimi27sglang-c,kimi27sglang,c,0,611566,argmax_with_index,score,ok,1,285621,3.3872804450204623,gcc
llr8w3-kimi27sglang-c,kimi27sglang,c,0,611566,quasi_affine_reduce_odd,score,ok,1,326243,10.647563321708185,gcc
llr8w3-kimi27sglang-c,kimi27sglang,c,0,611566,quasi_affine_reduce_odd,submit,ok,1,352121,10.467529962597034,gcc
llr8w3-kimi27sglang-c,kimi27sglang,c,0,611566,ext_war_unit,score,ok,1,509866,0.9678982340087631,gcc
llr8w3-kimi27sglang-c,kimi27sglang,c,0,611566,quasi_affine_reduce_odd,score,ok,1,379315,0.06239364719228588,gcc
llr8w3-kimi27sglang-c,kimi27sglang,c,0,611566,quasi_affine_reduce_odd,score,ok,1,406805,10.632485889779838,gcc
llr8w3-kimi27sglang-c,kimi27sglang,c,0,611566,ext_war_unit,score,ok,1,571305,1.0042860823421467,gcc
llr8w3-kimi27sglang-c,kimi27sglang,c,0,611566,ext_war_unit,submit,ok,1,602514,1.0828567056280802,gcc
llr8w3-kimi27sglang-c,kimi27sglang,c,0,611566,argmax_with_index,score,ok,1,346045,3.6696149632864214,gcc
llr8w3-kimi27sglang-c,kimi27sglang,c,0,611566,argmax_with_index,submit,ok,1,379117,3.609584540755694,gcc
llr8w3-kimi27sglang-c,kimi27sglang,c,0,611566,quasi_affine_reduce_odd,score,ok,1,464499,10.636805633846429,gcc
llr8w3-kimi27sglang-c,kimi27sglang,c,0,611566,ext_war_unit,score,ok,1,705591,0.9837083425117714,gcc
llr8w3-kimi27sglang-c,kimi27sglang,c,0,611566,ext_war_unit,score,ok,1,779399,0.9824039031273066,gcc
llr8w3-kimi27sglang-c,kimi27sglang,c,0,611566,argmax_with_index,score,ok,1,483282,3.63438518934417,gcc
llr8w3-kimi27sglang-c,kimi27sglang,c,0,611566,quasi_affine_reduce_odd,score,ok,1,558202,10.66593359852339,gcc
llr8w3-kimi27sglang-c,kimi27sglang,c,0,611566,argmax_with_index,score,ok,1,560716,2.8341684789557,gcc
llr8w3-kimi27sglang-c,kimi27sglang,c,0,611566,quasi_affine_reduce_odd,score,ok,1,625088,9.440019756700428,gcc
llr8w3-kimi27sglang-c,kimi27sglang,c,0,611566,ext_war_unit,score,ok,1,1134794,0.9872146940307398,gcc
llr8w3-kimi27sglang-c,kimi27sglang,c,0,611566,quasi_affine_reduce_odd,score,ok,1,783362,10.639153129778778,gcc
llr8w3-kimi27sglang-c,kimi27sglang,c,0,611566,ext_war_unit,score,ok,1,1218700,1.0312635546605733,gcc
llr8w3-kimi27sglang-c,kimi27sglang,c,0,611566,ext_war_unit,submit,ok,1,1261292,1.0,gcc
llr8w3-kimi27sglang-c,kimi27sglang,c,0,611566,ext_war_unit,score,ok,1,1350651,0.9935137768046449,gcc
llr8w3-kimi27sglang-c,kimi27sglang,c,0,611566,ext_war_unit,score,ok,1,1444917,0.9894088875987441,gcc
llr8w3-kimi27sglang-c,kimi27sglang,c,0,611566,ext_war_unit,score,ok,1,1542431,1.0261304393545185,gcc
llr8w3-kimi27sglang-c,kimi27sglang,c,0,611566,ext_war_unit,score,ok,1,1644464,0.9839358666267352,gcc
llr8w3-kimi27sglang-c,kimi27sglang,c,0,611566,ext_war_unit,score,ok,1,1751000,0.9748207802020215,gcc
llr8w3-kimi27sglang-c,kimi27sglang,c,0,611566,tsvc_2_s2275,score,incorrect,0,141460,0.0,gcc
llr8w3-kimi27sglang-c,kimi27sglang,c,0,611566,ext_war_unit,score,ok,1,1860568,0.8871160423066126,gcc
llr8w3-kimi27sglang-c,kimi27sglang,c,0,611566,ext_war_unit,score,ok,1,1972581,0.9828069381571162,gcc
llr8w3-kimi27sglang-c,kimi27sglang,c,0,611566,tsvc_2_s2275,score,incorrect,0,232923,0.0,gcc
llr8w3-kimi27sglang-c,kimi27sglang,c,0,611566,ext_war_unit,score,ok,1,2086404,0.9706081005975293,gcc
llr8w3-kimi27sglang-c,kimi27sglang,c,0,611566,tsvc_2_s2275,score,incorrect,0,285893,0.0,gcc
llr8w3-kimi27sglang-c,kimi27sglang,c,0,611566,ext_war_unit,score,ok,1,2266197,1.018129917280858,gcc
llr8w3-kimi27sglang-c,kimi27sglang,c,0,611566,tsvc_2_s2275,score,incorrect,0,323527,0.0,gcc
llr8w3-kimi27sglang-c,kimi27sglang,c,0,611566,ext_war_unit,submit,ok,1,2329176,1.0,gcc
llr8w3-kimi27sglang-c,kimi27sglang,c,0,611566,tsvc_2_s2275,score,incorrect,0,362835,121991.85683453237,gcc
llr8w3-kimi27sglang-c,kimi27sglang,c,0,611566,ext_war_unit,score,ok,1,2459642,0.9942430229452618,gcc
llr8w3-kimi27sglang-c,kimi27sglang,c,0,611566,ext_war_unit,score,ok,1,2591603,0.9837480504451162,gcc
llr8w3-kimi27sglang-c,kimi27sglang,c,0,611566,ext_war_unit,score,ok,1,2726024,0.9844193197279161,gcc
llr8w3-kimi27sglang-c,kimi27sglang,c,0,611566,tsvc_2_s2275,score,incorrect,0,406902,55391.97419354838,gcc
llr8w3-kimi27sglang-c,kimi27sglang,c,0,611566,tsvc_2_s2275,score,incorrect,0,452667,0.0,gcc
llr8w3-kimi27sglang-c,kimi27sglang,c,0,611566,ext_war_unit,score,ok,1,2935383,0.9411417399004071,gcc
llr8w3-kimi27sglang-c,kimi27sglang,c,0,611566,tsvc_2_s2275,score,incorrect,0,526106,103553.39297709924,gcc
llr8w3-kimi27sglang-c,kimi27sglang,c,0,611566,tsvc_2_s252,score,ok,1,105983,0.99676446911993,gcc
llr8w3-kimi27sglang-c,kimi27sglang,c,0,611566,tsvc_2_s2275,score,incorrect,0,578695,0.0,gcc
llr8w3-kimi27sglang-c,kimi27sglang,c,0,611566,ext_war_unit,score,ok,1,3079676,0.9388915633235577,gcc
llr8w3-kimi27sglang-c,kimi27sglang,c,0,611566,ext_break_capture,score,incorrect,0,118554,0.0,gcc
llr8w3-kimi27sglang-c,kimi27sglang,c,0,611566,ext_break_capture,score,incorrect,0,145929,3083.9780046246688,gcc
llr8w3-kimi27sglang-c,kimi27sglang,c,0,611566,fuse_diamond,score,incorrect,0,113089,0.0,gcc
llr8w3-kimi27sglang-c,kimi27sglang,c,0,611566,fuse_diamond,score,incorrect,0,149977,14.00352303876188,gcc
llr8w3-kimi27sglang-c,kimi27sglang,c,0,611566,tsvc_2_s115,score,ok,1,921608,1.0081582073408564,gcc
llr8w3-kimi27sglang-c,kimi27sglang,c,0,611566,tsvc_2_s115,submit,ok,1,966605,1.0,gcc
llr8w3-kimi27sglang-c,kimi27sglang,c,0,611566,fuse_diamond,score,incorrect,0,314619,13.080432264711435,gcc
llr8w3-kimi27sglang-c,kimi27sglang,c,0,611566,tsvc_2_s115,score,ok,1,1109820,0.9510085817161535,gcc
llr8w3-kimi27sglang-c,kimi27sglang,c,0,611566,fuse_diamond,score,incorrect,0,500264,2.864570460629674,gcc
llr8w3-kimi27sglang-c,kimi27sglang,c,0,611566,ext_break_capture,score,ok,1,840423,1.1007205548973216,gcc
llr8w3-kimi27sglang-c,kimi27sglang,c,0,611566,ext_break_capture,score,ok,1,943389,1.0801991886635889,gcc
llr8w3-kimi27sglang-c,kimi27sglang,c,0,611566,fuse_diamond,score,incorrect,0,1003071,2.6480501462797936,gcc
llr8w3-kimi27sglang-c,kimi27sglang,c,0,611566,fuse_diamond,score,incorrect,0,1310521,1.0540097688830277,gcc
llr8w3-kimi27sglang-c,kimi27sglang,c,0,611566,tsvc_2_s13110,score,ok,1,148036,0.7027271795372961,gcc
llr8w3-kimi27sglang-c,kimi27sglang,c,0,611566,tsvc_2_s13110,score,ok,1,188304,10.91945534954977,gcc
llr8w3-kimi27sglang-c,kimi27sglang,c,0,611566,fuse_diamond,score,incorrect,0,1507911,1.030385499521554,gcc
llr8w3-kimi27sglang-c,kimi27sglang,c,0,611566,tsvc_2_s13110,score,ok,1,235081,10.831746164319506,gcc
llr8w3-kimi27sglang-c,kimi27sglang,c,0,611566,tsvc_2_s13110,submit,ok,1,251749,10.467529962597034,gcc
llr8w3-kimi27sglang-c,kimi27sglang,c,0,611566,tsvc_2_s231,score,ok,1,155202,1.004065529973614,gcc
llr8w3-kimi27sglang-c,kimi27sglang,c,0,611566,tsvc_2_s13110,score,incorrect,0,349518,3.7377182061479415,gcc
llr8w3-kimi27sglang-c,kimi27sglang,c,0,611566,tsvc_2_s231,score,ok,1,229355,23.87532802783085,gcc
llr8w3-kimi27sglang-c,kimi27sglang,c,0,611566,tsvc_2_s231,score,ok,1,282219,91.65271827947,gcc
llr8w3-kimi27sglang-c,kimi27sglang,c,0,611566,tsvc_2_s231,submit,ok,1,300770,87.15590732362674,gcc
llr8w3-kimi27sglang-c,kimi27sglang,c,0,611566,tsvc_2_s231,score,ok,1,393310,39.8835507362782,gcc
llr8w3-kimi27sglang-c,kimi27sglang,c,0,611566,tsvc_2_s231,score,ok,1,478846,90.0719429311781,gcc
llr8w3-kimi27sglang-c,kimi27sglang,c,0,611566,tsvc_2_s255,score,ok,1,78804,1.0303087410476073,gcc
llr8w3-kimi27sglang-c,kimi27sglang,c,0,611566,ext_break_find_first,score,ok,1,41476,0.9558316245252375,gcc
llr8w3-kimi27sglang-c,kimi27sglang,c,0,611566,tsvc_2_s119,score,incorrect,0,63956,0.0,gcc
llr8w3-kimi27sglang-c,kimi27sglang,c,0,611566,tsvc_2_s119,score,ok,1,101622,1.0336753605408489,gcc
llr8w3-kimi27sglang-c,kimi27sglang,c,0,611566,ext_break_find_first,score,ok,1,89772,0.9848044137172977,gcc
llr8w3-kimi27sglang-c,kimi27sglang,c,0,611566,fuse_move_ifs,score,incorrect,0,83129,0.0,gcc
llr8w3-kimi27sglang-c,kimi27sglang,c,0,611566,tsvc_2_s119,score,ok,1,172883,0.9993690108352153,gcc
llr8w3-kimi27sglang-c,kimi27sglang,c,0,611566,fuse_move_ifs,score,incorrect,0,120961,7383.540820734342,gcc
llr8w3-kimi27sglang-c,kimi27sglang,c,0,611566,ext_break_find_first,score,ok,1,317318,0.9890699095074923,gcc
llr8w3-kimi27sglang-c,kimi27sglang,c,0,611566,fuse_move_ifs,score,ok,1,287285,8.035883927093177,gcc
llr8w3-kimi27sglang-c,kimi27sglang,c,0,611566,fuse_move_ifs,submit,ok,1,312740,8.081435189034718,gcc
llr8w3-kimi27sglang-c,kimi27sglang,c,0,611566,ext_break_find_first,score,ok,1,396010,2.2575084223563984,gcc
llr8w3-kimi27sglang-c,kimi27sglang,c,0,611566,ext_break_find_first,submit,ok,1,423145,2.32978997148077,gcc
llr8w3-kimi27sglang-c,kimi27sglang,c,0,611566,tsvc_2_s119,score,incorrect,0,361265,5.253756166879789,gcc
llr8w3-kimi27sglang-c,kimi27sglang,c,0,611566,tsvc_2_s119,score,ok,1,417378,3.0199094463748963,gcc
llr8w3-kimi27sglang-c,kimi27sglang,c,0,611566,tsvc_2_s119,submit,ok,1,445980,2.678033494476761,gcc
llr8w3-kimi27sglang-c,kimi27sglang,c,0,611566,ext_break_find_first,score,ok,1,540781,2.258974152457961,gcc
llr8w3-kimi27sglang-c,kimi27sglang,c,0,611566,fuse_move_ifs,score,ok,1,565281,8.151199550845995,gcc
llr8w3-kimi27sglang-c,kimi27sglang,c,0,611566,tsvc_2_s119,score,ok,1,506375,2.7522540452936575,gcc
llr8w3-kimi27sglang-c,kimi27sglang,c,0,611566,ext_break_find_first,score,ok,1,635209,2.221537878181372,gcc
llr8w3-kimi27sglang-c,kimi27sglang,c,0,611566,fuse_move_ifs,score,ok,1,604317,0.15009560229445507,gcc
llr8w3-kimi27sglang-c,kimi27sglang,c,0,611566,fuse_move_ifs,score,ok,1,643961,8.144815318004504,gcc
llr8w3-kimi27sglang-c,kimi27sglang,c,0,611566,fuse_move_ifs,score,ok,1,683823,6.977358662092489,gcc
llr8w3-kimi27sglang-c,kimi27sglang,c,0,611566,tsvc_2_s119,score,ok,1,605500,2.690890171439481,gcc
llr8w3-kimi27sglang-c,kimi27sglang,c,0,611566,ext_break_find_first,score,ok,1,768483,2.2241317671364267,gcc
llr8w3-kimi27sglang-c,kimi27sglang,c,0,611566,tsvc_2_s119,score,ok,1,675887,1.7854577433132315,gcc
llr8w3-kimi27sglang-c,kimi27sglang,c,0,611566,ext_break_find_first,score,ok,1,874016,3.2455535394761417,gcc
llr8w3-kimi27sglang-c,kimi27sglang,c,0,611566,fuse_move_ifs,score,ok,1,806809,0.3783132530120482,gcc
llr8w3-kimi27sglang-c,kimi27sglang,c,0,611566,ext_break_find_first,submit,ok,1,910060,3.869963192563126,gcc
llr8w3-kimi27sglang-c,kimi27sglang,c,0,611566,tsvc_2_s119,score,ok,1,749261,0.13093022546717664,gcc
llr8w3-kimi27sglang-c,kimi27sglang,c,0,611566,fuse_move_ifs,score,ok,1,892441,0.35044642857142855,gcc
llr8w3-kimi27sglang-c,kimi27sglang,c,0,611566,tsvc_2_s119,score,ok,1,824076,2.896386359318749,gcc
llr8w3-kimi27sglang-c,kimi27sglang,c,0,611566,ext_break_find_first,score,incorrect,0,1033909,9.252015337464602,gcc
llr8w3-kimi27sglang-c,kimi27sglang,c,0,611566,tsvc_2_s119,score,ok,1,900492,1.778909087555966,gcc
llr8w3-kimi27sglang-c,kimi27sglang,c,0,611566,fuse_move_ifs,score,ok,1,981832,1.0397350993377483,gcc
llr8w3-kimi27sglang-c,kimi27sglang,c,0,611566,fuse_move_ifs,score,ok,1,1074695,0.35201793721973096,gcc
llr8w3-kimi27sglang-c,kimi27sglang,c,0,611566,tsvc_2_s119,score,ok,1,978837,2.692734282843326,gcc
llr8w3-kimi27sglang-c,kimi27sglang,c,0,611566,fuse_move_ifs,score,ok,1,1222227,0.8870056497175142,gcc
llr8w3-kimi27sglang-c,kimi27sglang,c,0,611566,tsvc_2_s119,score,ok,1,1058072,0.341417788402286,gcc
llr8w3-kimi27sglang-c,kimi27sglang,c,0,611566,fuse_move_ifs,score,ok,1,1273454,8.193159474520707,gcc
llr8w3-kimi27sglang-c,kimi27sglang,c,0,611566,tsvc_2_s119,score,ok,1,1138820,2.7984776242581284,gcc
llr8w3-kimi27sglang-c,kimi27sglang,c,0,611566,tsvc_2_s119,score,ok,1,1221397,2.8697123521231065,gcc
llr8w3-kimi27sglang-c,kimi27sglang,c,0,611566,tsvc_2_s152,score,ok,1,38341,1.008340576324355,gcc
llr8w3-kimi27sglang-c,kimi27sglang,c,0,611566,tsvc_2_s152,score,ok,1,58730,6.458942946191331,gcc
llr8w3-kimi27sglang-c,kimi27sglang,c,0,611566,tsvc_2_s119,score,ok,1,1307073,2.3303467575499255,gcc
llr8w3-kimi27sglang-c,kimi27sglang,c,0,611566,fuse_move_ifs,score,ok,1,1324954,6.98334422372411,gcc
llr8w3-kimi27sglang-c,kimi27sglang,c,0,611566,tsvc_2_s152,submit,ok,1,69501,5.936437599362551,gcc
llr8w3-kimi27sglang-c,kimi27sglang,c,0,611566,fuse_move_ifs,score,ok,1,1376671,6.5055431792842064,gcc
llr8w3-kimi27sglang-c,kimi27sglang,c,0,611566,tsvc_2_s152,score,ok,1,104917,6.47227465070019,gcc
llr8w3-kimi27sglang-c,kimi27sglang,c,0,611566,tsvc_2_s152,submit,ok,1,117400,6.055759995109739,gcc
llr8w3-kimi27sglang-c,kimi27sglang,c,0,611566,tsvc_2_s119,score,ok,1,1397610,2.800766593219426,gcc
llr8w3-kimi27sglang-c,kimi27sglang,c,0,611566,tsvc_2_s119,score,ok,1,1489011,2.844820553954692,gcc
llr8w3-kimi27sglang-c,kimi27sglang,c,0,611566,tsvc_2_s152,score,ok,1,207450,0.9973186744843445,gcc
llr8w3-kimi27sglang-c,kimi27sglang,c,0,611566,fuse_move_ifs,score,ok,1,1729836,11.685086380175802,gcc
llr8w3-kimi27sglang-c,kimi27sglang,c,0,611566,fuse_move_ifs,score,ok,1,1795797,12.59590726482928,gcc
llr8w3-kimi27sglang-c,kimi27sglang,c,0,611566,tsvc_2_s152,score,ok,1,259645,7.793088773508722,gcc
llr8w3-kimi27sglang-c,kimi27sglang,c,0,611566,fuse_move_ifs,score,ok,1,1862108,14.727154022821951,gcc
llr8w3-kimi27sglang-c,kimi27sglang,c,0,611566,tsvc_2_s152,submit,ok,1,286922,7.389178030348253,gcc
llr8w3-kimi27sglang-c,kimi27sglang,c,0,611566,tsvc_2_s233,score,incorrect,0,111356,0.0,gcc
llr8w3-kimi27sglang-c,kimi27sglang,c,0,611566,fuse_move_ifs,score,ok,1,1928771,0.3405639913232104,gcc
llr8w3-kimi27sglang-c,kimi27sglang,c,0,611566,tsvc_2_s119,score,incorrect,0,1589230,2.2066838296669395,gcc
llr8w3-kimi27sglang-c,kimi27sglang,c,0,611566,tsvc_2_s152,score,ok,1,343776,7.800068043178165,gcc
llr8w3-kimi27sglang-c,kimi27sglang,c,0,611566,tsvc_2_s233,score,ok,1,144887,1.000246042466573,gcc
llr8w3-kimi27sglang-c,kimi27sglang,c,0,611566,tsvc_2_s119,score,ok,1,1699445,2.7326524798494036,gcc
llr8w3-kimi27sglang-c,kimi27sglang,c,0,611566,tsvc_2_s152,score,ok,1,403957,1.4686083672098336,gcc
llr8w3-kimi27sglang-c,kimi27sglang,c,0,611566,fuse_move_ifs,score,ok,1,2136170,0.3435448577680525,gcc
llr8w3-kimi27sglang-c,kimi27sglang,c,0,611566,tsvc_2_s119,score,ok,1,1811954,2.6736503297368985,gcc
llr8w3-kimi27sglang-c,kimi27sglang,c,0,611566,tsvc_2_s119,score,ok,1,1868706,2.7375467423991897,gcc
llr8w3-kimi27sglang-c,kimi27sglang,c,0,611566,tsvc_2_s119,score,ok,1,1925919,2.797636817594535,gcc
llr8w3-kimi27sglang-c,kimi27sglang,c,0,611566,tsvc_2_s152,score,ok,1,467970,7.808828096672084,gcc
llr8w3-kimi27sglang-c,kimi27sglang,c,0,611566,tsvc_2_s119,score,ok,1,2042286,2.9003475152806715,gcc
llr8w3-kimi27sglang-c,kimi27sglang,c,0,611566,tsvc_2_s233,score,ok,1,251923,10.05457926993486,gcc
llr8w3-kimi27sglang-c,kimi27sglang,c,0,611566,fuse_move_ifs,score,ok,1,2356078,0.36682242990654207,gcc
llr8w3-kimi27sglang-c,kimi27sglang,c,0,611566,tsvc_2_s233,submit,ok,1,279058,11.913025513165806,gcc
llr8w3-kimi27sglang-c,kimi27sglang,c,0,611566,tsvc_2_s119,score,ok,1,2161149,2.989453228304016,gcc
llr8w3-kimi27sglang-c,kimi27sglang,c,0,611566,tsvc_2_s119,score,ok,1,2281770,2.5760638370100453,gcc
llr8w3-kimi27sglang-c,kimi27sglang,c,0,611566,tsvc_2_s152,score,ok,1,673317,7.814094805942816,gcc
llr8w3-kimi27sglang-c,kimi27sglang,c,0,611566,tsvc_2_s152,score,ok,1,775989,7.768371927765216,gcc
llr8w3-kimi27sglang-c,kimi27sglang,c,0,611566,tsvc_2_s119,score,ok,1,2404480,2.940697276584979,gcc
llr8w3-kimi27sglang-c,kimi27sglang,c,0,611566,tsvc_2_s233,score,ok,1,306670,13.341045728441234,gcc
llr8w3-kimi27sglang-c,kimi27sglang,c,0,611566,tsvc_2_s233,score,ok,1,306670,11.346055244468909,gcc
llr8w3-kimi27sglang-c,kimi27sglang,c,0,611566,fuse_move_ifs,score,ok,1,2605199,0.37203791469194314,gcc
llr8w3-kimi27sglang-c,kimi27sglang,c,0,611566,tsvc_2_s152,score,ok,1,881314,7.787783705889022,gcc
llr8w3-kimi27sglang-c,kimi27sglang,c,0,611566,tsvc_2_s119,score,ok,1,2528297,0.3942035764157659,gcc
llr8w3-kimi27sglang-c,kimi27sglang,c,0,611566,fuse_move_ifs,score,ok,1,2779116,0.98125,gcc
llr8w3-kimi27sglang-c,kimi27sglang,c,0,611566,tsvc_2_s152,submit,ok,1,989741,7.766100371874137,gcc
llr8w3-kimi27sglang-c,kimi27sglang,c,0,611566,tsvc_2_s119,score,ok,1,2654518,3.00308200418783,gcc
llr8w3-kimi27sglang-c,kimi27sglang,c,0,611566,tsvc_2_s119,score,ok,1,2781951,2.8199086071963766,gcc
llr8w3-kimi27sglang-c,kimi27sglang,c,0,611566,fuse_move_ifs,score,ok,1,3082066,11.859072217138847,gcc
llr8w3-kimi27sglang-c,kimi27sglang,c,0,611566,fuse_move_ifs,score,ok,1,3190161,14.757534617855528,gcc
llr8w3-kimi27sglang-c,kimi27sglang,c,0,611566,tsvc_2_s119,score,ok,1,2910283,2.8612285945762483,gcc
llr8w3-kimi27sglang-c,kimi27sglang,c,0,611566,tsvc_2_s152,score,ok,1,1102152,6.846262262166416,gcc
llr8w3-kimi27sglang-c,kimi27sglang,c,0,611566,fuse_move_ifs,score,ok,1,3298868,12.738792779198807,gcc
llr8w3-kimi27sglang-c,kimi27sglang,c,0,611566,tsvc_2_s119,score,ok,1,3039850,0.4239351062070243,gcc
llr8w3-kimi27sglang-c,kimi27sglang,c,0,611566,fuse_move_ifs,score,ok,1,3407876,0.3108910891089109,gcc
llr8w3-kimi27sglang-c,kimi27sglang,c,0,611566,ext_break_post_body,score,incorrect,0,64046,0.0,gcc
llr8w3-kimi27sglang-c,kimi27sglang,c,0,611566,ext_break_post_body,score,ok,1,96053,0.957941338514418,gcc
llr8w3-kimi27sglang-c,kimi27sglang,c,0,611566,fuse_stencil_through_transient,score,incorrect,0,61508,0.0,gcc
llr8w3-kimi27sglang-c,kimi27sglang,c,0,611566,fuse_stencil_through_transient,score,incorrect,0,93520,3.101321665238302,gcc
llr8w3-kimi27sglang-c,kimi27sglang,c,0,611566,ext_break_post_body,score,ok,1,134400,0.5734190821919245,gcc
llr8w3-kimi27sglang-c,kimi27sglang,c,0,611566,tsvc_2_s1232,score,ok,1,252595,109.63837654121814,gcc
llr8w3-kimi27sglang-c,kimi27sglang,c,0,611566,ext_break_post_body,score,ok,1,197685,0.9363087186319012,gcc
llr8w3-kimi27sglang-c,kimi27sglang,c,0,611566,tsvc_2_s1232,submit,ok,1,275310,108.48434011669966,gcc
llr8w3-kimi27sglang-c,kimi27sglang,c,0,611566,fuse_stencil_through_transient,score,incorrect,0,146287,3.216647229224093,gcc
llr8w3-kimi27sglang-c,kimi27sglang,c,0,611566,tsvc_2_s1232,score,ok,1,298387,83.7081037293759,gcc
llr8w3-kimi27sglang-c,kimi27sglang,c,0,611566,tsvc_2_s1232,score,ok,1,322887,125.0128205198291,gcc
llr8w3-kimi27sglang-c,kimi27sglang,c,0,611566,tsvc_2_s1232,submit,ok,1,398826,124.69995150424597,gcc
llr8w3-kimi27sglang-c,kimi27sglang,c,0,611566,tsvc_2_s1232,score,ok,1,424635,122.37231514946546,gcc
llr8w3-kimi27sglang-c,kimi27sglang,c,0,611566,tsvc_2_s1232,score,ok,1,451526,120.55558765493147,gcc
llr8w3-kimi27sglang-c,kimi27sglang,c,0,611566,ext_break_post_body,score,ok,1,261838,0.9338550580367136,gcc
llr8w3-kimi27sglang-c,kimi27sglang,c,0,611566,tsvc_2_s1232,score,ok,1,478923,123.5564891377641,gcc
llr8w3-kimi27sglang-c,kimi27sglang,c,0,611566,tsvc_2_s1232,score,ok,1,507013,123.98925532814707,gcc
llr8w3-kimi27sglang-c,kimi27sglang,c,0,611566,tsvc_2_s1232,score,ok,1,535632,125.6522594626434,gcc
llr8w3-kimi27sglang-c,kimi27sglang,c,0,611566,fuse_stencil_through_transient,score,ok,1,458837,3.2042706796942575,gcc
llr8w3-kimi27sglang-c,kimi27sglang,c,0,611566,tsvc_2_s1232,score,ok,1,564960,126.22800107084997,gcc
llr8w3-kimi27sglang-c,kimi27sglang,c,0,611566,tsvc_2_s1232,score,build_error,0,594804,0.0,gcc
llr8w3-kimi27sglang-c,kimi27sglang,c,0,611566,ext_break_post_body,score,ok,1,341161,0.9290427797151731,gcc
llr8w3-kimi27sglang-c,kimi27sglang,c,0,611566,tsvc_2_s1232,score,ok,1,625443,121.32895390270353,gcc
llr8w3-kimi27sglang-c,kimi27sglang,c,0,611566,fuse_stencil_through_transient,score,ok,1,547951,18.69591867728225,gcc
llr8w3-kimi27sglang-c,kimi27sglang,c,0,611566,fuse_stencil_through_transient,submit,ok,1,578296,19.016327125170736,gcc
llr8w3-kimi27sglang-c,kimi27sglang,c,0,611566,tsvc_2_s1232,score,ok,1,690316,165.74292995218627,gcc
llr8w3-kimi27sglang-c,kimi27sglang,c,0,611566,tsvc_2_s1232,score,ok,1,726014,172.1176484313141,gcc
llr8w3-kimi27sglang-c,kimi27sglang,c,0,611566,fuse_stencil_through_transient,score,ok,1,706928,18.706439026083896,gcc
llr8w3-kimi27sglang-c,kimi27sglang,c,0,611566,ext_break_post_body,score,ok,1,501655,0.9826994585387122,gcc
llr8w3-kimi27sglang-c,kimi27sglang,c,0,611566,fuse_stencil_through_transient,score,ok,1,776090,18.583212758714097,gcc
llr8w3-kimi27sglang-c,kimi27sglang,c,0,611566,tsvc_2_s1232,submit,ok,1,840451,173.16958629338333,gcc
llr8w3-kimi27sglang-c,kimi27sglang,c,0,611566,ext_break_post_body,score,ok,1,650218,0.9789789046118322,gcc
llr8w3-kimi27sglang-c,kimi27sglang,c,0,611566,tsvc_2_s1232,score,ok,1,879235,167.54745473741437,gcc
llr8w3-kimi27sglang-c,kimi27sglang,c,0,611566,tsvc_2_s1232,score,ok,1,919084,171.68089606068432,gcc
llr8w3-kimi27sglang-c,kimi27sglang,c,0,611566,fuse_stencil_through_transient,score,ok,1,884246,18.735589575252682,gcc
llr8w3-kimi27sglang-c,kimi27sglang,c,0,611566,tsvc_2_s1232,score,ok,1,959983,136.401463384956,gcc
llr8w3-kimi27sglang-c,kimi27sglang,c,0,611566,fuse_stencil_through_transient,score,ok,1,959355,18.701643174274345,gcc
llr8w3-kimi27sglang-c,kimi27sglang,c,0,611566,tsvc_2_s1232,score,ok,1,1001713,145.30530527541123,gcc
llr8w3-kimi27sglang-c,kimi27sglang,c,0,611566,fuse_stencil_through_transient,score,ok,1,1036337,18.343615115314982,gcc
llr8w3-kimi27sglang-c,kimi27sglang,c,0,611566,tsvc_2_s1232,score,ok,1,1048244,169.66945887331866,gcc
llr8w3-kimi27sglang-c,kimi27sglang,c,0,611566,tsvc_2_s1232,score,ok,1,1094999,163.8957706666552,gcc
llr8w3-kimi27sglang-c,kimi27sglang,c,0,611566,tsvc_2_s1232,score,ok,1,1143230,173.15229172045804,gcc
llr8w3-kimi27sglang-c,kimi27sglang,c,0,611566,fuse_stencil_through_transient,score,ok,1,1116241,18.71788809808906,gcc
llr8w3-kimi27sglang-c,kimi27sglang,c,0,611566,tsvc_2_s1232,score,build_error,0,1192873,0.0,gcc
llr8w3-kimi27sglang-c,kimi27sglang,c,0,611566,ext_break_post_body,score,ok,1,1079959,4.292538783998813,gcc
llr8w3-kimi27sglang-c,kimi27sglang,c,0,611566,tsvc_2_s1232,score,ok,1,1244796,171.26418143731993,gcc
llr8w3-kimi27sglang-c,kimi27sglang,c,0,611566,fuse_stencil_through_transient,score,ok,1,1197555,18.566734167509075,gcc
llr8w3-kimi27sglang-c,kimi27sglang,c,0,611566,tsvc_2_s1232,score,ok,1,1298190,172.2264057015083,gcc
llr8w3-kimi27sglang-c,kimi27sglang,c,0,611566,ext_break_post_body,submit,ok,1,1165309,3.609584540755694,gcc
llr8w3-kimi27sglang-c,kimi27sglang,c,0,611566,tsvc_2_s1232,score,ok,1,1352655,170.73098634557223,gcc
llr8w3-kimi27sglang-c,kimi27sglang,c,0,611566,fuse_stencil_through_transient,submit,ok,1,1238905,18.274316591544498,gcc
llr8w3-kimi27sglang-c,kimi27sglang,c,0,611566,tsvc_2_s1232,score,ok,1,1409402,172.8396413514547,gcc
llr8w3-kimi27sglang-c,kimi27sglang,c,0,611566,fuse_stencil_through_transient,score,ok,1,1373570,18.55942998027514,gcc
llr8w3-kimi27sglang-c,kimi27sglang,c,0,611566,fuse_stencil_through_transient,score,ok,1,1467751,6.231664741890792,gcc
llr8w3-kimi27sglang-c,kimi27sglang,c,0,611566,fuse_stencil_through_transient,score,ok,1,1564060,6.264695758367702,gcc
llr8w3-kimi27sglang-c,kimi27sglang,c,0,611566,tsvc_2_s1232,score,ok,1,1707546,0.06521384707352862,gcc
llr8w3-kimi27sglang-c,kimi27sglang,c,0,611566,fuse_stencil_through_transient,score,ok,1,1818846,18.655749159157388,gcc
llr8w3-kimi27sglang-c,kimi27sglang,c,0,611566,tsvc_2_s1232,score,ok,1,1892843,0.7741935483870968,gcc
llr8w3-kimi27sglang-c,kimi27sglang,c,0,611566,fuse_stencil_through_transient,submit,ok,1,1871852,19.016327125170736,gcc
llr8w3-kimi27sglang-c,kimi27sglang,c,0,611566,tsvc_2_s1232,score,ok,1,1955599,0.29925187032418954,gcc
llr8w3-kimi27sglang-c,kimi27sglang,c,0,611566,tsvc_2_s2233,score,incorrect,0,150531,55778.91929460581,gcc
llr8w3-kimi27sglang-c,kimi27sglang,c,0,611566,tsvc_2_s1232,score,ok,1,2019903,0.297029702970297,gcc
llr8w3-kimi27sglang-c,kimi27sglang,c,0,611566,tsvc_2_s1232,score,ok,1,2086422,170.19223404152393,gcc
llr8w3-kimi27sglang-c,kimi27sglang,c,0,611566,tsvc_2_s1232,score,ok,1,2154897,44.73180416396437,gcc
llr8w3-kimi27sglang-c,kimi27sglang,c,0,611566,tsvc_2_s2233,score,ok,1,199385,16.085949982337755,gcc
llr8w3-kimi27sglang-c,kimi27sglang,c,0,611566,tsvc_2_s2233,submit,timeout,0,216833,0.0,gcc
llr8w3-kimi27sglang-c,kimi27sglang,c,0,611566,tsvc_2_s1232,score,ok,1,2224930,39.0284320539477,gcc
llr8w3-kimi27sglang-c,kimi27sglang,c,0,611566,tsvc_2_s1232,score,ok,1,2295187,37.97691088996092,gcc
llr8w3-kimi27sglang-c,kimi27sglang,c,0,611566,tsvc_2_s1232,score,ok,1,2512172,171.0554942186198,gcc
llr8w3-kimi27sglang-c,kimi27sglang,c,0,611566,tsvc_2_s1232,score,ok,1,2585743,0.3287671232876712,gcc
llr8w3-kimi27sglang-c,kimi27sglang,c,0,611566,tsvc_2_s235,score,incorrect,0,178447,1.6395579239581608,gcc
llr8w3-kimi27sglang-c,kimi27sglang,c,0,611566,tsvc_2_s235,score,incorrect,0,203189,10.58031123364304,gcc
llr8w3-kimi27sglang-c,kimi27sglang,c,0,611566,tsvc_2_s1232,score,ok,1,2811877,0.31413612565445026,gcc
llr8w3-kimi27sglang-c,kimi27sglang,c,0,611566,tsvc_2_s235,score,ok,1,329706,23.124107830039968,gcc
llr8w3-kimi27sglang-c,kimi27sglang,c,0,611566,tsvc_2_s235,submit,ok,1,349897,22.97379500448088,gcc
llr8w3-kimi27sglang-c,kimi27sglang,c,0,611566,tsvc_2_s1232,score,ok,1,3052523,173.0173561853919,gcc
llr8w3-kimi27sglang-c,kimi27sglang,c,0,611566,tsvc_2_s235,score,ok,1,417143,26.742901056048336,gcc
llr8w3-kimi27sglang-c,kimi27sglang,c,0,611566,tsvc_2_s235,submit,ok,1,441304,27.480046901552722,gcc
llr8w3-kimi27sglang-c-skills,kimi27sglang,c,1,611567,argmax_with_index,score,incorrect,0,89528,0.0,gcc
llr8w3-kimi27sglang-c-skills,kimi27sglang,c,1,611567,quasi_affine_reduce_odd,score,ok,1,62501,0.05274725274725275,gcc
llr8w3-kimi27sglang-c-skills,kimi27sglang,c,1,611567,argmax_with_index,score,ok,1,137091,16.10171287348859,gcc
llr8w3-kimi27sglang-c-skills,kimi27sglang,c,1,611567,argmax_with_index,submit,ok,1,153617,14.828331793854836,gcc
llr8w3-kimi27sglang-c-skills,kimi27sglang,c,1,611567,quasi_affine_reduce_odd,score,ok,1,93050,1.0,gcc
llr8w3-kimi27sglang-c-skills,kimi27sglang,c,1,611567,ext_war_unit,score,incorrect,0,129557,0.0,gcc
llr8w3-kimi27sglang-c-skills,kimi27sglang,c,1,611567,quasi_affine_reduce_odd,score,ok,1,109147,1.0072307849773647,gcc
llr8w3-kimi27sglang-c-skills,kimi27sglang,c,1,611567,quasi_affine_reduce_odd,score,ok,1,125627,0.9990048759633494,gcc
llr8w3-kimi27sglang-c-skills,kimi27sglang,c,1,611567,quasi_affine_reduce_odd,score,ok,1,159648,10.675915363211434,gcc
llr8w3-kimi27sglang-c-skills,kimi27sglang,c,1,611567,quasi_affine_reduce_odd,score,ok,1,177194,10.703573767053188,gcc
llr8w3-kimi27sglang-c-skills,kimi27sglang,c,1,611567,quasi_affine_reduce_odd,score,ok,1,195051,10.611383380930073,gcc
llr8w3-kimi27sglang-c-skills,kimi27sglang,c,1,611567,argmax_with_index,score,ok,1,210563,16.094912267908754,gcc
llr8w3-kimi27sglang-c-skills,kimi27sglang,c,1,611567,quasi_affine_reduce_odd,score,ok,1,255692,0.20454545454545456,gcc
llr8w3-kimi27sglang-c-skills,kimi27sglang,c,1,611567,ext_war_unit,score,ok,1,208720,2.2072897219193752,gcc
llr8w3-kimi27sglang-c-skills,kimi27sglang,c,1,611567,ext_war_unit,submit,ok,1,230104,2.3067227440403664,gcc
llr8w3-kimi27sglang-c-skills,kimi27sglang,c,1,611567,quasi_affine_reduce_odd,score,ok,1,300366,0.3582089552238806,gcc
llr8w3-kimi27sglang-c-skills,kimi27sglang,c,1,611567,quasi_affine_reduce_odd,score,ok,1,347621,0.8275862068965517,gcc
llr8w3-kimi27sglang-c-skills,kimi27sglang,c,1,611567,quasi_affine_reduce_odd,score,ok,1,372237,10.700931907044621,gcc
llr8w3-kimi27sglang-c-skills,kimi27sglang,c,1,611567,argmax_with_index,score,ok,1,306975,20.993229703110895,gcc
llr8w3-kimi27sglang-c-skills,kimi27sglang,c,1,611567,argmax_with_index,submit,ok,1,335524,20.388076578127013,gcc
llr8w3-kimi27sglang-c-skills,kimi27sglang,c,1,611567,quasi_affine_reduce_odd,score,ok,1,423120,0.3444976076555024,gcc
llr8w3-kimi27sglang-c-skills,kimi27sglang,c,1,611567,argmax_with_index,score,ok,1,396533,20.877755891747267,gcc
llr8w3-kimi27sglang-c-skills,kimi27sglang,c,1,611567,argmax_with_index,score,ok,1,464285,21.24478609110638,gcc
llr8w3-kimi27sglang-c-skills,kimi27sglang,c,1,611567,quasi_affine_reduce_odd,score,ok,1,477195,0.3444976076555024,gcc
llr8w3-kimi27sglang-c-skills,kimi27sglang,c,1,611567,ext_war_unit,score,ok,1,444279,2.1978976417429426,gcc
llr8w3-kimi27sglang-c-skills,kimi27sglang,c,1,611567,argmax_with_index,submit,ok,1,499904,20.591957343908284,gcc
llr8w3-kimi27sglang-c-skills,kimi27sglang,c,1,611567,quasi_affine_reduce_odd,score,ok,1,535269,10.565890887496538,gcc
llr8w3-kimi27sglang-c-skills,kimi27sglang,c,1,611567,quasi_affine_reduce_odd,score,ok,1,565388,0.35121951219512193,gcc
llr8w3-kimi27sglang-c-skills,kimi27sglang,c,1,611567,argmax_with_index,score,ok,1,574899,21.026337301163196,gcc
llr8w3-kimi27sglang-c-skills,kimi27sglang,c,1,611567,ext_war_unit,score,ok,1,624707,2.583556711776484,gcc
llr8w3-kimi27sglang-c-skills,kimi27sglang,c,1,611567,argmax_with_index,score,ok,1,654518,0.10698198198198199,gcc
llr8w3-kimi27sglang-c-skills,kimi27sglang,c,1,611567,argmax_with_index,score,ok,1,654518,20.927455218543336,gcc
llr8w3-kimi27sglang-c-skills,kimi27sglang,c,1,611567,ext_war_unit,submit,ok,1,663523,2.573537550058798,gcc
llr8w3-kimi27sglang-c-skills,kimi27sglang,c,1,611567,argmax_with_index,score,ok,1,695642,20.19982752792588,gcc
llr8w3-kimi27sglang-c-skills,kimi27sglang,c,1,611567,quasi_affine_reduce_odd,score,ok,1,695967,0.43373493975903615,gcc
llr8w3-kimi27sglang-c-skills,kimi27sglang,c,1,611567,argmax_with_index,score,ok,1,695642,21.080533198970656,gcc
llr8w3-kimi27sglang-c-skills,kimi27sglang,c,1,611567,quasi_affine_reduce_odd,score,ok,1,767514,0.1951219512195122,gcc
llr8w3-kimi27sglang-c-skills,kimi27sglang,c,1,611567,argmax_with_index,score,ok,1,781889,0.34050179211469533,gcc
llr8w3-kimi27sglang-c-skills,kimi27sglang,c,1,611567,argmax_with_index,score,ok,1,781889,20.53438725762963,gcc
llr8w3-kimi27sglang-c-skills,kimi27sglang,c,1,611567,argmax_with_index,score,ok,1,781889,20.938687494371667,gcc
llr8w3-kimi27sglang-c-skills,kimi27sglang,c,1,611567,argmax_with_index,score,ok,1,781889,21.035102544156043,gcc
llr8w3-kimi27sglang-c-skills,kimi27sglang,c,1,611567,quasi_affine_reduce_odd,score,ok,1,842978,0.3870967741935484,gcc
llr8w3-kimi27sglang-c-skills,kimi27sglang,c,1,611567,ext_war_unit,score,timeout,0,846755,0.0,gcc
llr8w3-kimi27sglang-c-skills,kimi27sglang,c,1,611567,ext_war_unit,score,ok,1,1047240,2.4372174913037004,gcc
llr8w3-kimi27sglang-c-skills,kimi27sglang,c,1,611567,quasi_affine_reduce_odd,score,ok,1,921170,10.617337097576417,gcc
llr8w3-kimi27sglang-c-skills,kimi27sglang,c,1,611567,quasi_affine_reduce_odd,score,ok,1,1000759,0.32142857142857145,gcc
llr8w3-kimi27sglang-c-skills,kimi27sglang,c,1,611567,quasi_affine_reduce_odd,score,ok,1,1174811,0.44171779141104295,gcc
llr8w3-kimi27sglang-c-skills,kimi27sglang,c,1,611567,tsvc_2_s1244,score,incorrect,0,96818,0.0,gcc
llr8w3-kimi27sglang-c-skills,kimi27sglang,c,1,611567,ext_war_unit,score,ok,1,1451210,2.582509805585216,gcc
llr8w3-kimi27sglang-c-skills,kimi27sglang,c,1,611567,tsvc_2_s1244,score,ok,1,131456,1.004551549882883,gcc
llr8w3-kimi27sglang-c-skills,kimi27sglang,c,1,611567,tsvc_2_s1244,score,incorrect,0,173444,0.0,gcc
llr8w3-kimi27sglang-c-skills,kimi27sglang,c,1,611567,tsvc_2_s1244,score,ok,1,195628,4.512748488868817,gcc
llr8w3-kimi27sglang-c-skills,kimi27sglang,c,1,611567,tsvc_2_s1244,submit,ok,1,218204,4.3175954367025335,gcc
llr8w3-kimi27sglang-c-skills,kimi27sglang,c,1,611567,quasi_affine_reduce_odd,score,ok,1,1423831,0.33962264150943394,gcc
llr8w3-kimi27sglang-c-skills,kimi27sglang,c,1,611567,tsvc_2_s1244,score,ok,1,292841,1.6049606493415915,gcc
llr8w3-kimi27sglang-c-skills,kimi27sglang,c,1,611567,quasi_affine_reduce_odd,score,ok,1,1586482,0.4022346368715084,gcc
llr8w3-kimi27sglang-c-skills,kimi27sglang,c,1,611567,quasi_affine_reduce_odd,score,ok,1,1756253,0.4,gcc
llr8w3-kimi27sglang-c-skills,kimi27sglang,c,1,611567,quasi_affine_reduce_odd,score,ok,1,1815379,10.691645259750546,gcc
llr8w3-kimi27sglang-c-skills,kimi27sglang,c,1,611567,quasi_affine_reduce_odd,score,ok,1,1935126,0.391304347826087,gcc
llr8w3-kimi27sglang-c-skills,kimi27sglang,c,1,611567,tsvc_2_s2275,score,incorrect,0,204775,0.0,gcc
llr8w3-kimi27sglang-c-skills,kimi27sglang,c,1,611567,tsvc_2_s2275,score,incorrect,0,259069,0.0,gcc
llr8w3-kimi27sglang-c-skills,kimi27sglang,c,1,611567,fuse_diamond,score,incorrect,0,139654,0.0,gcc
llr8w3-kimi27sglang-c-skills,kimi27sglang,c,1,611567,fuse_diamond,score,incorrect,0,201352,58.71323470638695,gcc
llr8w3-kimi27sglang-c-skills,kimi27sglang,c,1,611567,tsvc_2_s115,score,incorrect,0,249506,0.0,gcc
llr8w3-kimi27sglang-c-skills,kimi27sglang,c,1,611567,fuse_diamond,score,incorrect,0,253468,58.61302285659036,gcc
llr8w3-kimi27sglang-c-skills,kimi27sglang,c,1,611567,tsvc_2_s115,score,ok,1,289518,2.222732224820147,gcc
llr8w3-kimi27sglang-c-skills,kimi27sglang,c,1,611567,ext_break_capture,score,incorrect,0,177498,0.0,gcc
llr8w3-kimi27sglang-c-skills,kimi27sglang,c,1,611567,fuse_diamond,score,ok,1,291053,58.340350947930666,gcc
llr8w3-kimi27sglang-c-skills,kimi27sglang,c,1,611567,tsvc_2_s115,submit,ok,1,310006,2.1302197530396394,gcc
llr8w3-kimi27sglang-c-skills,kimi27sglang,c,1,611567,fuse_diamond,submit,ok,1,310473,58.538538724143336,gcc
llr8w3-kimi27sglang-c-skills,kimi27sglang,c,1,611567,ext_break_capture,score,incorrect,0,246725,844.3168824090476,gcc
llr8w3-kimi27sglang-c-skills,kimi27sglang,c,1,611567,ext_break_capture,score,ok,1,349958,5.541210869496301,gcc
llr8w3-kimi27sglang-c-skills,kimi27sglang,c,1,611567,ext_break_capture,submit,ok,1,377256,5.48220052432449,gcc
llr8w3-kimi27sglang-c-skills,kimi27sglang,c,1,611567,fuse_diamond,score,score_error,0,427181,0.0,gcc
llr8w3-kimi27sglang-c-skills,kimi27sglang,c,1,611567,fuse_diamond,score,ok,1,479159,89.34296775516434,gcc
llr8w3-kimi27sglang-c-skills,kimi27sglang,c,1,611567,fuse_diamond,submit,ok,1,505479,91.60173452271589,gcc
llr8w3-kimi27sglang-c-skills,kimi27sglang,c,1,611567,tsvc_2_s115,score,ok,1,448048,0.5130354118262991,gcc
llr8w3-kimi27sglang-c-skills,kimi27sglang,c,1,611567,fuse_diamond,score,ok,1,589028,88.31571020411877,gcc
llr8w3-kimi27sglang-c-skills,kimi27sglang,c,1,611567,tsvc_2_s115,score,ok,1,526818,3.1189309333631208,gcc
llr8w3-kimi27sglang-c-skills,kimi27sglang,c,1,611567,fuse_diamond,score,ok,1,646804,89.5782002955314,gcc
llr8w3-kimi27sglang-c-skills,kimi27sglang,c,1,611567,tsvc_2_s115,score,ok,1,611811,3.0140057332332084,gcc
llr8w3-kimi27sglang-c-skills,kimi27sglang,c,1,611567,ext_break_capture,score,ok,1,500715,7.050479989572951,gcc
llr8w3-kimi27sglang-c-skills,kimi27sglang,c,1,611567,fuse_diamond,score,ok,1,706714,89.82508984083998,gcc
llr8w3-kimi27sglang-c-skills,kimi27sglang,c,1,611567,tsvc_2_s115,score,ok,1,701752,3.0857342082770445,gcc
llr8w3-kimi27sglang-c-skills,kimi27sglang,c,1,611567,ext_break_capture,submit,ok,1,533943,6.960939955934635,gcc
llr8w3-kimi27sglang-c-skills,kimi27sglang,c,1,611567,fuse_diamond,score,ok,1,768865,17.104928206658958,gcc
llr8w3-kimi27sglang-c-skills,kimi27sglang,c,1,611567,tsvc_2_s115,score,ok,1,793886,3.203939115099587,gcc
llr8w3-kimi27sglang-c-skills,kimi27sglang,c,1,611567,tsvc_2_s115,submit,ok,1,840775,3.333390763519405,gcc
llr8w3-kimi27sglang-c-skills,kimi27sglang,c,1,611567,fuse_diamond,submit,ok,1,832784,88.90774106083163,gcc
llr8w3-kimi27sglang-c-skills,kimi27sglang,c,1,611567,fuse_diamond,score,ok,1,902411,89.38701877573095,gcc
llr8w3-kimi27sglang-c-skills,kimi27sglang,c,1,611567,fuse_diamond,submit,ok,1,978233,91.60173452271589,gcc
llr8w3-kimi27sglang-c-skills,kimi27sglang,c,1,611567,fuse_diamond,score,ok,1,1056699,89.082985535126,gcc
llr8w3-kimi27sglang-c-skills,kimi27sglang,c,1,611567,fuse_diamond,submit,ok,1,1096713,88.90774106083163,gcc
llr8w3-kimi27sglang-c-skills,kimi27sglang,c,1,611567,tsvc_2_s115,score,ok,1,936858,4.788564366851017,gcc
llr8w3-kimi27sglang-c-skills,kimi27sglang,c,1,611567,tsvc_2_s115,submit,overfit,0,985161,4.962964617681994,gcc
llr8w3-kimi27sglang-c-skills,kimi27sglang,c,1,611567,tsvc_2_s115,score,ok,1,1084759,3.2202931391247867,gcc
llr8w3-kimi27sglang-c-skills,kimi27sglang,c,1,611567,tsvc_2_s115,score,ok,1,1188822,3.1774534372714127,gcc
llr8w3-kimi27sglang-c-skills,kimi27sglang,c,1,611567,tsvc_2_s115,score,ok,1,1242000,0.2993973555170588,gcc
llr8w3-kimi27sglang-c-skills,kimi27sglang,c,1,611567,tsvc_2_s115,score,ok,1,1353534,3.571456622108124,gcc
llr8w3-kimi27sglang-c-skills,kimi27sglang,c,1,611567,tsvc_2_s115,submit,ok,1,1409668,3.756148147544384,gcc
llr8w3-kimi27sglang-c-skills,kimi27sglang,c,1,611567,tsvc_2_s115,score,ok,1,1523078,2.6374863111338067,gcc
llr8w3-kimi27sglang-c-skills,kimi27sglang,c,1,611567,tsvc_2_s115,score,ok,1,1638312,1.3989374492083755,gcc
llr8w3-kimi27sglang-c-skills,kimi27sglang,c,1,611567,tsvc_2_s115,score,ok,1,1755489,0.9059743438171481,gcc
llr8w3-kimi27sglang-c-skills,kimi27sglang,c,1,611567,tsvc_2_s115,score,ok,1,1875501,3.504831414385015,gcc
llr8w3-kimi27sglang-c-skills,kimi27sglang,c,1,611567,tsvc_2_s115,score,ok,1,1997287,3.6274530878385267,gcc
llr8w3-kimi27sglang-c-skills,kimi27sglang,c,1,611567,tsvc_2_s115,score,ok,1,2120403,3.6091182047765824,gcc
llr8w3-kimi27sglang-c-skills,kimi27sglang,c,1,611567,tsvc_2_s115,score,ok,1,2245555,3.5226397767982913,gcc
llr8w3-kimi27sglang-c-skills,kimi27sglang,c,1,611567,tsvc_2_s231,score,incorrect,0,201941,0.0,gcc
llr8w3-kimi27sglang-c-skills,kimi27sglang,c,1,611567,fuse_move_ifs,score,incorrect,0,85069,0.0,gcc
llr8w3-kimi27sglang-c-skills,kimi27sglang,c,1,611567,tsvc_2_s119,score,incorrect,0,160575,0.0,gcc
llr8w3-kimi27sglang-c-skills,kimi27sglang,c,1,611567,fuse_move_ifs,score,incorrect,0,130057,567.4263435067919,gcc
llr8w3-kimi27sglang-c-skills,kimi27sglang,c,1,611567,tsvc_2_s119,score,ok,1,236654,0.7561080569124232,gcc
llr8w3-kimi27sglang-c-skills,kimi27sglang,c,1,611567,fuse_move_ifs,score,incorrect,0,201700,562.7666890831653,gcc
llr8w3-kimi27sglang-c-skills,kimi27sglang,c,1,611567,tsvc_2_s119,score,ok,1,352102,0.8857311061844158,gcc
llr8w3-kimi27sglang-c-skills,kimi27sglang,c,1,611567,ext_break_find_first,score,ok,1,588519,5.135110607078853,gcc
llr8w3-kimi27sglang-c-skills,kimi27sglang,c,1,611567,ext_break_find_first,submit,ok,1,631729,4.537836196240262,gcc
llr8w3-kimi27sglang-c-skills,kimi27sglang,c,1,611567,tsvc_2_s119,score,ok,1,435543,3.4042761517853,gcc
llr8w3-kimi27sglang-c-skills,kimi27sglang,c,1,611567,tsvc_2_s119,score,ok,1,465551,0.8151898734177215,gcc
llr8w3-kimi27sglang-c-skills,kimi27sglang,c,1,611567,tsvc_2_s119,score,ok,1,465551,3.3841863286899327,gcc
llr8w3-kimi27sglang-c-skills,kimi27sglang,c,1,611567,tsvc_2_s119,score,ok,1,632015,0.8821917808219178,gcc
llr8w3-kimi27sglang-c-skills,kimi27sglang,c,1,611567,ext_break_find_first,score,score_error,0,1132791,0.0,gcc
llr8w3-kimi27sglang-c-skills,kimi27sglang,c,1,611567,ext_break_find_first,score,ok,1,1192732,5.125809169539012,gcc
llr8w3-kimi27sglang-c-skills,kimi27sglang,c,1,611567,fuse_move_ifs,score,ok,1,1074695,8.176811575006804,gcc
llr8w3-kimi27sglang-c-skills,kimi27sglang,c,1,611567,tsvc_2_s119,submit,ok,1,703459,3.333390763519405,gcc
llr8w3-kimi27sglang-c-skills,kimi27sglang,c,1,611567,ext_break_find_first,score,ok,1,1253647,5.141020938498292,gcc
llr8w3-kimi27sglang-c-skills,kimi27sglang,c,1,611567,fuse_move_ifs,submit,ok,1,1127274,8.081435189034718,gcc
llr8w3-kimi27sglang-c-skills,kimi27sglang,c,1,611567,tsvc_2_s119,score,ok,1,1014937,0.9070422535211268,gcc
llr8w3-kimi27sglang-c-skills,kimi27sglang,c,1,611567,ext_break_find_first,score,ok,1,1315028,5.145414980639151,gcc
llr8w3-kimi27sglang-c-skills,kimi27sglang,c,1,611567,ext_break_find_first,score,ok,1,1376627,5.667305016628435,gcc
llr8w3-kimi27sglang-c-skills,kimi27sglang,c,1,611567,tsvc_2_s119,score,ok,1,1056430,3.3976845168559215,gcc
llr8w3-kimi27sglang-c-skills,kimi27sglang,c,1,611567,tsvc_2_s119,score,ok,1,1056430,3.3513897547364957,gcc
llr8w3-kimi27sglang-c-skills,kimi27sglang,c,1,611567,ext_break_find_first,submit,ok,1,1569817,5.704799849236167,gcc
llr8w3-kimi27sglang-c-skills,kimi27sglang,c,1,611567,tsvc_2_s119,score,ok,1,1279831,3.199142097061659,gcc
llr8w3-kimi27sglang-c-skills,kimi27sglang,c,1,611567,tsvc_2_s119,score,ok,1,1376211,3.178363705059601,gcc
llr8w3-kimi27sglang-c-skills,kimi27sglang,c,1,611567,ext_break_find_first,score,ok,1,1636059,5.633016797954698,gcc
llr8w3-kimi27sglang-c-skills,kimi27sglang,c,1,611567,fuse_move_ifs,score,ok,1,1760596,7.7013010345594495,gcc
llr8w3-kimi27sglang-c-skills,kimi27sglang,c,1,611567,ext_break_find_first,score,build_error,0,1702519,0.0,gcc
llr8w3-kimi27sglang-c-skills,kimi27sglang,c,1,611567,ext_break_find_first,score,build_error,0,1772991,0.0,gcc
llr8w3-kimi27sglang-c-skills,kimi27sglang,c,1,611567,ext_break_find_first,score,ok,1,1844287,5.834222377050614,gcc
llr8w3-kimi27sglang-c-skills,kimi27sglang,c,1,611567,tsvc_2_s152,score,incorrect,0,121561,0.0,gcc
llr8w3-kimi27sglang-c-skills,kimi27sglang,c,1,611567,fuse_move_ifs,score,ok,1,1892183,8.103236966780793,gcc
llr8w3-kimi27sglang-c-skills,kimi27sglang,c,1,611567,tsvc_2_s119,score,ok,1,1522770,3.3217754328343236,gcc
llr8w3-kimi27sglang-c-skills,kimi27sglang,c,1,611567,tsvc_2_s152,score,ok,1,179533,5.958441608375843,gcc
llr8w3-kimi27sglang-c-skills,kimi27sglang,c,1,611567,tsvc_2_s119,score,ok,1,1621841,3.3522941596176907,gcc
llr8w3-kimi27sglang-c-skills,kimi27sglang,c,1,611567,ext_break_find_first,submit,ok,1,2003113,5.592392754863413,gcc
llr8w3-kimi27sglang-c-skills,kimi27sglang,c,1,611567,tsvc_2_s152,submit,ok,1,195005,4.913826354140587,gcc
llr8w3-kimi27sglang-c-skills,kimi27sglang,c,1,611567,ext_break_find_first,score,ok,1,2083070,5.206149650322095,gcc
llr8w3-kimi27sglang-c-skills,kimi27sglang,c,1,611567,ext_break_find_first,score,ok,1,2163245,5.855335948035633,gcc
llr8w3-kimi27sglang-c-skills,kimi27sglang,c,1,611567,ext_break_find_first,score,ok,1,2249141,5.828022166084188,gcc
llr8w3-kimi27sglang-c-skills,kimi27sglang,c,1,611567,tsvc_2_s119,score,ok,1,1825042,3.5587947472704964,gcc
llr8w3-kimi27sglang-c-skills,kimi27sglang,c,1,611567,tsvc_2_s119,score,ok,1,1876533,1.00625,gcc
llr8w3-kimi27sglang-c-skills,kimi27sglang,c,1,611567,tsvc_2_s119,score,ok,1,1876533,3.299244565552474,gcc
llr8w3-kimi27sglang-c-skills,kimi27sglang,c,1,611567,ext_break_find_first,submit,ok,1,2423326,5.592392754863413,gcc
llr8w3-kimi27sglang-c-skills,kimi27sglang,c,1,611567,tsvc_2_s119,submit,ok,1,1928600,3.235356234264943,gcc
llr8w3-kimi27sglang-c-skills,kimi27sglang,c,1,611567,tsvc_2_s152,score,score_error,0,229484,0.0,gcc
llr8w3-kimi27sglang-c-skills,kimi27sglang,c,1,611567,ext_break_find_first,score,ok,1,2607201,0.8059303707891797,gcc
llr8w3-kimi27sglang-c-skills,kimi27sglang,c,1,611567,tsvc_2_s119,score,ok,1,2034167,3.488643519937973,gcc
llr8w3-kimi27sglang-c-skills,kimi27sglang,c,1,611567,tsvc_2_s119,score,ok,1,2034167,3.4360354988954187,gcc
llr8w3-kimi27sglang-c-skills,kimi27sglang,c,1,611567,ext_break_find_first,score,ok,1,2704058,0.04680581910183428,gcc
llr8w3-kimi27sglang-c-skills,kimi27sglang,c,1,611567,tsvc_2_s119,score,ok,1,2087880,2.3333333333333335,gcc
llr8w3-kimi27sglang-c-skills,kimi27sglang,c,1,611567,tsvc_2_s119,score,ok,1,2142077,0.9147727272727273,gcc
llr8w3-kimi27sglang-c-skills,kimi27sglang,c,1,611567,ext_break_find_first,score,ok,1,2910230,0.33183856502242154,gcc
llr8w3-kimi27sglang-c-skills,kimi27sglang,c,1,611567,tsvc_2_s119,score,ok,1,2251626,3.4146100050283175,gcc
llr8w3-kimi27sglang-c-skills,kimi27sglang,c,1,611567,ext_break_find_first,score,ok,1,3118343,0.32599118942731276,gcc
llr8w3-kimi27sglang-c-skills,kimi27sglang,c,1,611567,tsvc_2_s119,score,ok,1,2362613,3.871896281016642,gcc
llr8w3-kimi27sglang-c-skills,kimi27sglang,c,1,611567,tsvc_2_s119,score,ok,1,2418560,3.574986486996569,gcc
llr8w3-kimi27sglang-c-skills,kimi27sglang,c,1,611567,ext_break_find_first,score,ok,1,3224413,5.837728804915806,gcc
llr8w3-kimi27sglang-c-skills,kimi27sglang,c,1,611567,ext_break_find_first,score,ok,1,3330703,1.817915177591574,gcc
llr8w3-kimi27sglang-c-skills,kimi27sglang,c,1,611567,tsvc_2_s119,score,ok,1,2531194,3.541858213793307,gcc
llr8w3-kimi27sglang-c-skills,kimi27sglang,c,1,611567,tsvc_2_s119,score,ok,1,2531194,3.466395827635967,gcc
llr8w3-kimi27sglang-c-skills,kimi27sglang,c,1,611567,tsvc_2_s152,score,ok,1,357236,6.058134397903673,gcc
llr8w3-kimi27sglang-c-skills,kimi27sglang,c,1,611567,ext_break_post_body,score,incorrect,0,153642,0.0,gcc
llr8w3-kimi27sglang-c-skills,kimi27sglang,c,1,611567,ext_break_post_body,score,ok,1,191929,1.0205882702728808,gcc
llr8w3-kimi27sglang-c-skills,kimi27sglang,c,1,611567,tsvc_2_s1232,score,incorrect,0,142626,0.0,gcc
llr8w3-kimi27sglang-c-skills,kimi27sglang,c,1,611567,ext_break_post_body,score,ok,1,232293,3.0961219180515425,gcc
llr8w3-kimi27sglang-c-skills,kimi27sglang,c,1,611567,tsvc_2_s1232,score,ok,1,197354,115.63383452033614,gcc
llr8w3-kimi27sglang-c-skills,kimi27sglang,c,1,611567,ext_break_post_body,submit,ok,1,253272,2.759180587392901,gcc
llr8w3-kimi27sglang-c-skills,kimi27sglang,c,1,611567,fuse_stencil_through_transient,score,incorrect,0,396974,23.580620483182436,gcc
llr8w3-kimi27sglang-c-skills,kimi27sglang,c,1,611567,tsvc_2_s1232,submit,ok,1,216107,105.29383172170041,gcc
llr8w3-kimi27sglang-c-skills,kimi27sglang,c,1,611567,tsvc_2_s1232,score,ok,1,276955,175.04995652214413,gcc
llr8w3-kimi27sglang-c-skills,kimi27sglang,c,1,611567,tsvc_2_s1232,submit,ok,1,297728,171.4550359340429,gcc
llr8w3-kimi27sglang-c-skills,kimi27sglang,c,1,611567,fuse_stencil_through_transient,score,incorrect,0,581866,11.927215170120112,gcc
llr8w3-kimi27sglang-c-skills,kimi27sglang,c,1,611567,tsvc_2_s1232,score,ok,1,366807,157.72192269165774,gcc
llr8w3-kimi27sglang-c-skills,kimi27sglang,c,1,611567,ext_break_post_body,score,ok,1,491154,3.111560173516212,gcc
llr8w3-kimi27sglang-c-skills,kimi27sglang,c,1,611567,ext_break_post_body,score,incorrect,0,652829,1.0194018776348999,gcc
llr8w3-kimi27sglang-c-skills,kimi27sglang,c,1,611567,tsvc_2_s1232,score,ok,1,575979,170.25146682184868,gcc
llr8w3-kimi27sglang-c-skills,kimi27sglang,c,1,611567,tsvc_2_s1232,score,ok,1,664871,164.57193347021996,gcc
llr8w3-kimi27sglang-c-skills,kimi27sglang,c,1,611567,tsvc_2_s1232,score,ok,1,759313,175.53769293998448,gcc
llr8w3-kimi27sglang-c-skills,kimi27sglang,c,1,611567,ext_break_post_body,score,ok,1,922987,1.0882600465798193,gcc
llr8w3-kimi27sglang-c-skills,kimi27sglang,c,1,611567,tsvc_2_s1232,score,ok,1,856890,176.6128014718199,gcc
llr8w3-kimi27sglang-c-skills,kimi27sglang,c,1,611567,tsvc_2_s1232,submit,ok,1,889799,171.4550359340429,gcc
llr8w3-kimi27sglang-c-skills,kimi27sglang,c,1,611567,ext_break_post_body,score,ok,1,1235370,5.117465583474355,gcc
llr8w3-kimi27sglang-c-skills,kimi27sglang,c,1,611567,tsvc_2_s1232,score,ok,1,1030489,175.18347502516895,gcc
llr8w3-kimi27sglang-c-skills,kimi27sglang,c,1,611567,ext_break_post_body,submit,ok,1,1284496,2.088246008273345,gcc
llr8w3-kimi27sglang-c-skills,kimi27sglang,c,1,611567,fuse_stencil_through_transient,score,incorrect,0,1256944,23.565253064257504,gcc
llr8w3-kimi27sglang-c-skills,kimi27sglang,c,1,611567,fuse_stencil_through_transient,score,incorrect,0,1307288,23.5898370783049,gcc
llr8w3-kimi27sglang-c-skills,kimi27sglang,c,1,611567,tsvc_2_s1232,score,ok,1,1143466,117.11156830752729,gcc
llr8w3-kimi27sglang-c-skills,kimi27sglang,c,1,611567,ext_break_post_body,score,ok,1,1435407,5.171970679957638,gcc
llr8w3-kimi27sglang-c-skills,kimi27sglang,c,1,611567,ext_break_post_body,score,ok,1,1719993,3.129160536229799,gcc
llr8w3-kimi27sglang-c-skills,kimi27sglang,c,1,611567,tsvc_2_s1232,score,ok,1,1259626,174.48884013422642,gcc
llr8w3-kimi27sglang-c-skills,kimi27sglang,c,1,611567,tsvc_2_s1232,score,ok,1,1380484,175.8003314849635,gcc
llr8w3-kimi27sglang-c-skills,kimi27sglang,c,1,611567,tsvc_2_s1232,score,ok,1,1550345,15.882632808156028,gcc
llr8w3-kimi27sglang-c-skills,kimi27sglang,c,1,611567,tsvc_2_s2233,score,incorrect,0,280125,0.0,gcc
llr8w3-kimi27sglang-c-skills,kimi27sglang,c,1,611567,tsvc_2_s1232,score,ok,1,1686132,172.77705134888993,gcc
llr8w3-kimi27sglang-c-skills,kimi27sglang,c,1,611567,tsvc_2_s2233,score,ok,1,325703,11.123209506097309,gcc
llr8w3-kimi27sglang-c-skills,kimi27sglang,c,1,611567,tsvc_2_s1232,score,ok,1,1829757,171.53295512935125,gcc
llr8w3-kimi27sglang-c-skills,kimi27sglang,c,1,611567,tsvc_2_s2233,submit,timeout,0,349019,0.0,gcc
llr8w3-kimi27sglang-c-skills,kimi27sglang,c,1,611567,tsvc_2_s1232,score,ok,1,1977947,176.43236208744693,gcc
llr8w3-kimi27sglang-c-skills,kimi27sglang,c,1,611567,tsvc_2_s1232,score,ok,1,2133173,177.0522714412941,gcc
llr8w3-kimi27sglang-c-skills,kimi27sglang,c,1,611567,tsvc_2_s2233,score,ok,1,403431,31.521166369275104,gcc
